order_id;item_code;item_name;quantity;created_at;price_per_piece;sales;_order_id;_item_code;_quantity;_created_at;_minimum_inventory_ceiling;_exceeds_inventory_threshold
DO_0000383290;14010072001;可樂果原味超值分享包;1;15/08/2021 17:04;52.0;52.0;DO_0000383290;14010072001;1;2021-08-15 17:04:00;30;False
DO_0000383290;14131022001;義美夾心酥(黑可可);1;15/08/2021 17:04;94.0;94.0;DO_0000383290;14131022001;1;2021-08-15 17:04:00;32;False
DO_0000383290;14230034001;義美葡萄QQ巧克球量販盒;1;15/08/2021 17:04;92.0;92.0;DO_0000383290;14230034001;1;2021-08-15 17:04:00;27;False
DO_0000383290;14301031001;天仁茗賞-高山烏龍茶;1;15/08/2021 17:04;999.0;999.0;DO_0000383290;14301031001;1;2021-08-15 17:04:00;8;False
DO_0000383290;14611010001;得意的一天100％葵花油3.5L;1;15/08/2021 17:04;371.0;371.0;DO_0000383290;14611010001;1;2021-08-15 17:04:00;111;False
DO_0000383290;14613918001;福壽100％純芥花油2L;2;15/08/2021 17:04;209.0;418.0;DO_0000383290;14613918001;2;2021-08-15 17:04:00;1;True
DO_0000339547;12103016001;獅王牙周抗敏感牙刷;4;15/08/2021 17:40;59.5;238.0;DO_0000339547;12103016001;4;2021-08-15 17:40:00;2;True
DO_0000339547;12103016001;獅王牙周抗敏感牙刷;2;15/08/2021 17:40;59.5;119.0;DO_0000339547;12103016001;2;2021-08-15 17:40:00;2;False
DO_0000339547;14023129001;品客比薩口味洋芋片;2;15/08/2021 17:40;58.0;116.0;DO_0000339547;14023129001;2;2021-08-15 17:40:00;11;False
DO_0000339547;14502018001;日清咚兵衛油豆腐烏龍麵(碗);1;15/08/2021 17:40;95.0;95.0;DO_0000339547;14502018001;1;2021-08-15 17:40:00;6;False
DO_0000339547;14603004001;佛蒙特咖哩塊-中辣 230g;1;15/08/2021 17:40;115.0;115.0;DO_0000339547;14603004001;1;2021-08-15 17:40:00;9;False
DO_0000339547;14603005001;佛蒙特咖哩塊-辣味 230g;2;15/08/2021 17:40;115.0;230.0;DO_0000339547;14603005001;2;2021-08-15 17:40:00;15;False
DO_0000385211;11103176001;家福超值抗菌濃縮洗衣精;2;15/08/2021 20:50;110.0;220.0;DO_0000385211;11103176001;2;2021-08-15 20:50:00;10;False
DO_0000385211;11110007001;妙管家衣物柔軟精補充包淡雅;4;15/08/2021 20:50;44.5;178.0;DO_0000385211;11110007001;4;2021-08-15 20:50:00;16;False
DO_0000385211;12020005003;雪芙蘭淨肌礦物泥洗面乳;4;15/08/2021 20:50;119.0;476.0;DO_0000385211;12020005003;4;2021-08-15 20:50:00;2;True
DO_0000385211;12100039001;黑人超氟強化琺瑯質+亮白牙膏2+1超值組;1;15/08/2021 20:50;189.0;189.0;DO_0000385211;12100039001;1;2021-08-15 20:50:00;25;False
DO_0000385211;12201153001;五月花舒敏厚棒抽取式衛生紙86抽4包;1;15/08/2021 20:50;19.7;19.7;DO_0000385211;12201153001;1;2021-08-15 20:50:00;203;False
DO_0000385211;14020015001;Lay s 樂事美國經典原味;1;15/08/2021 20:50;108.0;108.0;DO_0000385211;14020015001;1;2021-08-15 20:50:00;26;False
DO_0000385211;14020951001;SIMPLY GOOD 樂事海鹽味洋芋片;1;15/08/2021 20:50;108.0;108.0;DO_0000385211;14020951001;1;2021-08-15 20:50:00;17;False
DO_0000385211;14111034001;原味巡禮淡水魚酥;1;15/08/2021 20:50;69.0;69.0;DO_0000385211;14111034001;1;2021-08-15 20:50:00;8;False
DO_0000385211;14113013001;家樂福香蔥脆餅100g;1;15/08/2021 20:50;26.0;26.0;DO_0000385211;14113013001;1;2021-08-15 20:50:00;4;False
DO_0000385211;14130001001;家福檸檬夾心酥;1;15/08/2021 20:50;80.0;80.0;DO_0000385211;14130001001;1;2021-08-15 20:50:00;21;False
DO_0000385211;14132038001;家福巧克力捲;1;15/08/2021 20:50;69.0;69.0;DO_0000385211;14132038001;1;2021-08-15 20:50:00;11;False
DO_0000385211;14506087001;農心辛拉麵超值包120g x5;1;15/08/2021 20:50;33.6;33.6;DO_0000385211;14506087001;1;2021-08-15 20:50:00;30;False
DO_0000385211;14506089001;不倒翁起司拉麵(袋)111g;4;15/08/2021 20:50;39.0;156.0;DO_0000385211;14506089001;4;2021-08-15 20:50:00;-1;False
DO_0000385211;14522048001;康寶濃湯-自然原味干貝雪菜43.1g;2;15/08/2021 20:50;50.0;100.0;DO_0000385211;14522048001;2;2021-08-15 20:50:00;20;False
DO_0000385211;14820028001;大茂三寶組合罐 170g;3;15/08/2021 20:50;26.33333333333333;79.0;DO_0000385211;14820028001;3;2021-08-15 20:50:00;213;False
DO_0000384987;12000241001;瑪宣妮蜜桃珍珠洗髮精-絲潤感;6;15/08/2021 21:51;199.0;1194.0;DO_0000384987;12000241001;6;2021-08-15 21:51:00;2;True
DO_0000384987;12002948001;瑪宣妮莓果珍珠潤髮乳-蓬鬆感;2;15/08/2021 21:51;199.0;398.0;DO_0000384987;12002948001;2;2021-08-15 21:51:00;-1;False
DO_0000385609;10021026001;黑松FIN健康補給飲料Pet1460ml;1;15/08/2021 22:07;29.0;29.0;DO_0000385609;10021026001;1;2021-08-15 22:07:00;254;False
DO_0000385609;14000018001;旺旺起司米餅;2;15/08/2021 22:07;66.0;132.0;DO_0000385609;14000018001;2;2021-08-15 22:07:00;19;False
DO_0000385609;14000073001;無聊派大仙貝酥;2;15/08/2021 22:07;59.0;118.0;DO_0000385609;14000073001;2;2021-08-15 22:07:00;97;False
DO_0000385609;14010031001;鹹酥餅歡樂包;2;15/08/2021 22:07;55.0;110.0;DO_0000385609;14010031001;2;2021-08-15 22:07:00;52;False
DO_0000385609;14010149001;KAKA醬燒蝦餅-炙烤原味;2;15/08/2021 22:07;99.0;198.0;DO_0000385609;14010149001;2;2021-08-15 22:07:00;18;False
DO_0000385609;14011003001;奇多隨口脆-家常起司;2;15/08/2021 22:07;120.0;240.0;DO_0000385609;14011003001;2;2021-08-15 22:07:00;96;False
DO_0000385609;14102258001;義美榛果巧克力酥片(黑可可);2;15/08/2021 22:07;104.0;208.0;DO_0000385609;14102258001;2;2021-08-15 22:07:00;38;False
DO_0000385609;14104017001;小林煎餅超值包;2;15/08/2021 22:07;79.0;158.0;DO_0000385609;14104017001;2;2021-08-15 22:07:00;40;False
DO_0000385609;14110015001;樂天蛋黃派;2;15/08/2021 22:07;114.0;228.0;DO_0000385609;14110015001;2;2021-08-15 22:07:00;81;False
DO_0000385609;14111050001;古道鳳梨酥;2;15/08/2021 22:07;60.0;120.0;DO_0000385609;14111050001;2;2021-08-15 22:07:00;12;False
DO_0000385609;14131027001;義美牛奶夾心酥經濟包;2;15/08/2021 22:07;91.0;182.0;DO_0000385609;14131027001;2;2021-08-15 22:07:00;56;False
DO_0000385609;14131033001;77新貴派迷你巧克力;2;15/08/2021 22:07;88.0;176.0;DO_0000385609;14131033001;2;2021-08-15 22:07:00;80;False
DO_0000385609;14223094001;一百份綜合水果味QQ軟糖;2;15/08/2021 22:07;70.0;140.0;DO_0000385609;14223094001;2;2021-08-15 22:07:00;22;False
DO_0000385609;14303026001;3點1刻沖繩黑糖奶茶;2;15/08/2021 22:07;9.933333333333334;19.866667;DO_0000385609;14303026001;2;2021-08-15 22:07:00;1;True
DO_0000385609;14311135001;西雅圖大地原始拿鐵50 入;2;15/08/2021 22:07;6.18;12.36;DO_0000385609;14311135001;2;2021-08-15 22:07:00;12;False
DO_0000385609;14370020001;台糖貳號砂糖500克;1;15/08/2021 22:07;18.0;18.0;DO_0000385609;14370020001;1;2021-08-15 22:07:00;112;False
DO_0000385609;14500013001;味味A小排骨雞麵(碗) 90g;3;15/08/2021 22:07;19.0;57.0;DO_0000385609;14500013001;3;2021-08-15 22:07:00;489;False
DO_0000385609;14501942001;味丹 老北京炸醬麵84g;8;15/08/2021 22:07;29.5;236.0;DO_0000385609;14501942001;8;2021-08-15 22:07:00;104;False
DO_0000385609;14502077001;統一肉燥碗麵 85g;3;15/08/2021 22:07;19.0;57.0;DO_0000385609;14502077001;3;2021-08-15 22:07:00;279;False
DO_0000385609;14503013001;統一鮮蝦碗麵83g;3;15/08/2021 22:07;19.0;57.0;DO_0000385609;14503013001;3;2021-08-15 22:07:00;342;False
DO_0000385609;14510007001;家樂福花蓮富里芋香米(圓二);1;15/08/2021 22:07;119.0;119.0;DO_0000385609;14510007001;1;2021-08-15 22:07:00;67;False
DO_0000385609;14600023001;台鹽特級碘鹽 1Kg;1;15/08/2021 22:07;23.0;23.0;DO_0000385609;14600023001;1;2021-08-15 22:07:00;64;False
DO_0000385609;14613900001;泰山健康好理由純芥花油;1;15/08/2021 22:07;142.0;142.0;DO_0000385609;14613900001;1;2021-08-15 22:07:00;21;False
DO_0000385609;14620119001;萬家香薄鹽醬油 300ml;1;15/08/2021 22:07;43.0;43.0;DO_0000385609;14620119001;1;2021-08-15 22:07:00;8;False
DO_0000385609;14804007001;泰山八寶粥 375g;12;15/08/2021 22:07;27.5;330.0;DO_0000385609;14804007001;12;2021-08-15 22:07:00;1200;False
DO_0000385609;14805017001;愛之味妞妞紅豆粉粿260g;12;15/08/2021 22:07;19.83333333333333;238.0;DO_0000385609;14805017001;12;2021-08-15 22:07:00;66;False
DO_0000369661;11111017001;超值漂白水5000克;3;15/08/2021 23:00;86.0;258.0;DO_0000369661;11111017001;3;2021-08-15 23:00:00;28;False
DO_0000369661;11111033001;妙管家超強漂白水4L;3;15/08/2021 23:00;85.0;255.0;DO_0000369661;11111033001;3;2021-08-15 23:00:00;20;False
DO_0000369661;31244001001;萬用PE手套;5;15/08/2021 23:00;49.0;245.0;DO_0000369661;31244001001;5;2021-08-15 23:00:00;2;True
DO_0000370133;11103196001;水晶肥皂洗衣用液體(清爽型);5;15/08/2021 23:00;165.0;825.0;DO_0000370133;11103196001;5;2021-08-15 23:00:00;3;True
DO_0000370133;11103196001;水晶肥皂洗衣用液體(清爽型);1;15/08/2021 23:00;165.0;165.0;DO_0000370133;11103196001;1;2021-08-15 23:00:00;3;False
DO_0000370133;12010234001;美琪抗菌洗手乳-玫瑰果萃 1加侖;2;15/08/2021 23:00;399.0;798.0;DO_0000370133;12010234001;2;2021-08-15 23:00:00;8;False
DO_0000370133;12103027001;刷樂纖柔護齦牙刷;24;15/08/2021 23:00;13.166666666666666;316.0;DO_0000370133;12103027001;24;2021-08-15 23:00:00;54;False
DO_0000372543;11100017001;白蘭含熊寶貝大自然馨香洗衣粉;6;15/08/2021 23:01;199.0;1194.0;DO_0000372543;11100017001;6;2021-08-15 23:01:00;4;True
DO_0000372543;11110007001;妙管家衣物柔軟精補充包淡雅;1;15/08/2021 23:01;44.5;44.5;DO_0000372543;11110007001;1;2021-08-15 23:01:00;16;False
DO_0000372543;11110007001;妙管家衣物柔軟精補充包淡雅;3;15/08/2021 23:01;44.5;133.5;DO_0000372543;11110007001;3;2021-08-15 23:01:00;16;False
DO_0000372543;11110007001;妙管家衣物柔軟精補充包淡雅;2;15/08/2021 23:01;44.5;89.0;DO_0000372543;11110007001;2;2021-08-15 23:01:00;16;False
DO_0000372543;14203002001;珍珍沖繩黑糖魷魚;2;15/08/2021 23:01;100.0;200.0;DO_0000372543;14203002001;2;2021-08-15 23:01:00;5;False
DO_0000379149;11021028001;毛寶小蘇打廚房清潔劑噴槍瓶;5;15/08/2021 23:10;75.0;375.0;DO_0000379149;11021028001;5;2021-08-15 23:10:00;1;True
DO_0000379149;11111033001;妙管家超強漂白水4L;2;15/08/2021 23:10;85.0;170.0;DO_0000379149;11111033001;2;2021-08-15 23:10:00;20;False
DO_0000379149;12210018001;家福超值盒裝面紙;10;15/08/2021 23:10;9.375;93.75;DO_0000379149;12210018001;10;2021-08-15 23:10:00;190;False
DO_0000372432;10021025001;黑松FIN健康補給飲料TP300ml;6;15/08/2021 23:14;7.0;42.0;DO_0000372432;10021025001;6;2021-08-15 23:14:00;3990;False
DO_0000372432;10033068001;波蜜靠茶初茗綠茶 250ml;6;15/08/2021 23:14;6.458333333333333;38.75;DO_0000372432;10033068001;6;2021-08-15 23:14:00;654;False
DO_0000372432;14001001001;義美健康取向原味蘇打;2;15/08/2021 23:14;43.0;86.0;DO_0000372432;14001001001;2;2021-08-15 23:14:00;3;False
DO_0000372432;14010040001;科學麵20合1 Min 家庭號;1;15/08/2021 23:14;54.0;54.0;DO_0000372432;14010040001;1;2021-08-15 23:14:00;245;False
DO_0000372432;14011029001;多力多滋起士組合包;1;15/08/2021 23:14;79.0;79.0;DO_0000372432;14011029001;1;2021-08-15 23:14:00;168;False
DO_0000372432;14023056001;樂事意合組合包;2;15/08/2021 23:14;93.0;186.0;DO_0000372432;14023056001;2;2021-08-15 23:14:00;299;False
DO_0000372432;14113066001;樂天巧克力派;1;15/08/2021 23:14;94.0;94.0;DO_0000372432;14113066001;1;2021-08-15 23:14:00;65;False
DO_0000372432;14204062001;小老板海苔棒棒捲-辣味3.0g*9;1;15/08/2021 23:14;12.11111111111111;12.111111;DO_0000372432;14204062001;1;2021-08-15 23:14:00;9;False
DO_0000372432;14241033001;盛香珍麻辣花生;4;15/08/2021 23:14;69.0;276.0;DO_0000372432;14241033001;4;2021-08-15 23:14:00;9;False
DO_0000372432;14244003001;盛香珍小魚干花生;3;15/08/2021 23:14;69.0;207.0;DO_0000372432;14244003001;3;2021-08-15 23:14:00;42;False
DO_0000372432;14244003001;盛香珍小魚干花生;1;15/08/2021 23:14;69.0;69.0;DO_0000372432;14244003001;1;2021-08-15 23:14:00;42;False
DO_0000372432;14244046001;Fungo無調味綜合堅果;2;15/08/2021 23:14;249.0;498.0;DO_0000372432;14244046001;2;2021-08-15 23:14:00;1;True
DO_0000372432;14500042001;韓式小雞麵(香辣味)28gx24;1;15/08/2021 23:14;10.375;10.375;DO_0000372432;14500042001;1;2021-08-15 23:14:00;38;False
DO_0000372434;10000010001;可口可樂 Zero 2L;1;15/08/2021 23:14;38.333333333333336;38.333333;DO_0000372434;10000010001;1;2021-08-15 23:14:00;238;False
DO_0000372434;11050077001;家福超值洗潔精5000克;1;15/08/2021 23:14;125.0;125.0;DO_0000372434;11050077001;1;2021-08-15 23:14:00;35;False
DO_0000372434;11103094001;清淨海環保洗衣精;2;15/08/2021 23:14;190.0;380.0;DO_0000372434;11103094001;2;2021-08-15 23:14:00;46;False
DO_0000372434;14601073001;味全高鮮香菇鮮味調味料 320g;5;15/08/2021 23:14;81.0;405.0;DO_0000372434;14601073001;5;2021-08-15 23:14:00;2;True
DO_0000372434;14810004001;台糖玉米粒(特級)340g;3;15/08/2021 23:14;33.0;99.0;DO_0000372434;14810004001;3;2021-08-15 23:14:00;165;False
DO_0000372434;30450010001;6入-OPP膠帶48mm*35M;2;15/08/2021 23:14;79.0;158.0;DO_0000372434;30450010001;2;2021-08-15 23:14:00;24;False
DO_0000372516;14121104001;麗滋起士夾心餅乾;1;15/08/2021 23:14;65.0;65.0;DO_0000372516;14121104001;1;2021-08-15 23:14:00;18;False
DO_0000372516;14204107001;橘平屋岩燒三切海苔;3;15/08/2021 23:14;15.0;45.0;DO_0000372516;14204107001;3;2021-08-15 23:14:00;2;True
DO_0000372516;14501045001;來一客川辣牛肉 67g;3;15/08/2021 23:14;21.666666666666668;65.0;DO_0000372516;14501045001;3;2021-08-15 23:14:00;249;False
DO_0000372516;14501063001;統一蔥燒牛肉碗麵 90g;3;15/08/2021 23:14;19.0;57.0;DO_0000372516;14501063001;3;2021-08-15 23:14:00;363;False
DO_0000372516;14502077001;統一肉燥碗麵 85g;3;15/08/2021 23:14;19.0;57.0;DO_0000372516;14502077001;3;2021-08-15 23:14:00;279;False
DO_0000372516;14503013001;統一鮮蝦碗麵83g;3;15/08/2021 23:14;19.0;57.0;DO_0000372516;14503013001;3;2021-08-15 23:14:00;342;False
DO_0000372516;14505016001;來一客-韓式泡菜 67g;3;15/08/2021 23:14;21.666666666666668;65.0;DO_0000372516;14505016001;3;2021-08-15 23:14:00;282;False
DO_0000375325;11050004001;泡舒洗潔精-綠茶2.8L;1;15/08/2021 23:14;185.0;185.0;DO_0000375325;11050004001;1;2021-08-15 23:14:00;21;False
DO_0000375325;11111033001;妙管家超強漂白水4L;1;15/08/2021 23:14;85.0;85.0;DO_0000375325;11111033001;1;2021-08-15 23:14:00;20;False
DO_0000375325;12001029001;飛柔去頭皮屑熱油洗髮乳;1;15/08/2021 23:14;139.0;139.0;DO_0000375325;12001029001;1;2021-08-15 23:14:00;1;False
DO_0000375325;14331022001;桂格高鈣脫脂奶粉順暢配方1.5Kg;1;15/08/2021 23:14;599.0;599.0;DO_0000375325;14331022001;1;2021-08-15 23:14:00;4;False
DO_0000375325;14333006001;貝氏羊奶粉 700g;1;15/08/2021 23:14;699.0;699.0;DO_0000375325;14333006001;1;2021-08-15 23:14:00;5;False
DO_0000375325;14353025001;台糖燕麥片;8;15/08/2021 23:14;68.0;544.0;DO_0000375325;14353025001;8;2021-08-15 23:14:00;5;True
DO_0000368762;10052004001;百家珍鳳梨醋600ml;2;15/08/2021 23:30;129.0;258.0;DO_0000368762;10052004001;2;2021-08-15 23:30:00;2;False
DO_0000368762;10052015001;百家珍梅子醋600ml;4;15/08/2021 23:30;105.0;420.0;DO_0000368762;10052015001;4;2021-08-15 23:30:00;2;True
DO_0000368762;10052019001;百家珍蘋果醋600ml;2;15/08/2021 23:30;129.0;258.0;DO_0000368762;10052019001;2;2021-08-15 23:30:00;3;False
DO_0000369698;11073002001;雷達液電無味2器2液超值組;4;15/08/2021 23:30;164.5;658.0;DO_0000369698;11073002001;4;2021-08-15 23:30:00;1;True
DO_0000369698;11073902001;雷達液體電蚊香無味重裝4入;2;15/08/2021 23:30;93.5;187.0;DO_0000369698;11073902001;2;2021-08-15 23:30:00;10;False
DO_0000370610;14500064001;台酒麵攤三杯雞風味乾麵105g;5;15/08/2021 23:30;21.6;108.0;DO_0000370610;14500064001;5;2021-08-15 23:30:00;60;False
DO_0000370610;14510005001;大倉池農香米(圓ㄧ)1.5Kg;5;15/08/2021 23:30;189.0;945.0;DO_0000370610;14510005001;5;2021-08-15 23:30:00;4;True
DO_0000371653;31501901003;驅塵氏香氛清潔袋(中);3;15/08/2021 23:30;55.0;165.0;DO_0000371653;31501901003;3;2021-08-15 23:30:00;7;False
DO_0000371653;31567004001;驅塵氏靜電紙20張+5張;5;15/08/2021 23:30;65.0;325.0;DO_0000371653;31567004001;5;2021-08-15 23:30:00;6;False
DO_0000371653;31568011001;驅塵氏濕拖巾超值組合包;3;15/08/2021 23:30;159.0;477.0;DO_0000371653;31568011001;3;2021-08-15 23:30:00;2;True
DO_0000379251;10002046001;金車麥根沙士can330ml;12;15/08/2021 23:30;15.0;180.0;DO_0000379251;10002046001;12;2021-08-15 23:30:00;354;False
DO_0000379251;10002071001;金車奧利多水Pet585ml;4;15/08/2021 23:30;22.5;90.0;DO_0000379251;10002071001;4;2021-08-15 23:30:00;84;False
DO_0000379251;12120063001;靠得住健康抑菌護墊標準型;8;15/08/2021 23:30;49.5;396.0;DO_0000379251;12120063001;8;2021-08-15 23:30:00;28;False
DO_0000379251;12121111001;靠得住草本抑菌衛生棉23cm;3;15/08/2021 23:30;46.333333333333336;139.0;DO_0000379251;12121111001;3;2021-08-15 23:30:00;1;True
DO_0000379251;12123111001;靠得住完美封漏夜用棉柔28;3;15/08/2021 23:30;46.333333333333336;139.0;DO_0000379251;12123111001;3;2021-08-15 23:30:00;9;False
DO_0000379251;12123902001;靠得住完美封漏細緻綿柔夜用35;2;15/08/2021 23:30;46.333333333333336;92.666667;DO_0000379251;12123902001;2;2021-08-15 23:30:00;12;False
DO_0000379251;14000060001;旺旺厚燒海苔170g;1;15/08/2021 23:30;59.0;59.0;DO_0000379251;14000060001;1;2021-08-15 23:30:00;23;False
DO_0000379251;14010170001;可樂果古早味量販包;1;15/08/2021 23:30;63.0;63.0;DO_0000379251;14010170001;1;2021-08-15 23:30:00;41;False
DO_0000379251;14204892001;橘平屋韓味海苔量販包;1;15/08/2021 23:30;11.583333333333334;11.583333;DO_0000379251;14204892001;1;2021-08-15 23:30:00;27;False
DO_0000379251;14805010001;泰山台灣花生湯330g;6;15/08/2021 23:30;28.0;168.0;DO_0000379251;14805010001;6;2021-08-15 23:30:00;48;False
DO_0000379251;14810001001;綠巨人珍珠玉米粒易開罐340g;3;15/08/2021 23:30;60.0;180.0;DO_0000379251;14810001001;3;2021-08-15 23:30:00;99;False
DO_0000379251;14820012001;愛之味鮮味脆瓜180g;3;15/08/2021 23:30;33.0;99.0;DO_0000379251;14820012001;3;2021-08-15 23:30:00;177;False
DO_0000379251;14840006001;愛之味土豆麵筋170g;3;15/08/2021 23:30;33.0;99.0;DO_0000379251;14840006001;3;2021-08-15 23:30:00;288;False
DO_0000379297;12021028001;雪芙蘭保濕化妝水;3;15/08/2021 23:30;99.0;297.0;DO_0000379297;12021028001;3;2021-08-15 23:30:00;1;True
DO_0000379297;14244016001;萬歲牌麻辣小魚花生綜合果;3;15/08/2021 23:30;198.0;594.0;DO_0000379297;14244016001;3;2021-08-15 23:30:00;29;False
DO_0000379297;14621069001;萬家香香菇素蠔油600g;1;15/08/2021 23:30;49.0;49.0;DO_0000379297;14621069001;1;2021-08-15 23:30:00;46;False
DO_0000379342;14512015001;家福十榖米;1;15/08/2021 23:30;134.0;134.0;DO_0000379342;14512015001;1;2021-08-15 23:30:00;2;False
DO_0000379342;14512123001;中興養生十榖米1.2Kg;2;15/08/2021 23:30;134.0;268.0;DO_0000379342;14512123001;2;2021-08-15 23:30:00;1;True
DO_0000379353;12013034001;我的心機．玫瑰亮白身體去角質霜 我的心機玫瑰亮;2;15/08/2021 23:30;100.0;200.0;DO_0000379353;12013034001;2;2021-08-15 23:30:00;-1;False
DO_0000379353;12121111001;靠得住草本抑菌衛生棉23cm;2;15/08/2021 23:30;46.333333333333336;92.666667;DO_0000379353;12121111001;2;2021-08-15 23:30:00;1;True
DO_0000379353;12201153001;五月花舒敏厚棒抽取式衛生紙86抽4包;1;15/08/2021 23:30;19.7;19.7;DO_0000379353;12201153001;1;2021-08-15 23:30:00;203;False
DO_0000379409;12201153001;五月花舒敏厚棒抽取式衛生紙86抽4包;1;15/08/2021 23:30;19.7;19.7;DO_0000379409;12201153001;1;2021-08-15 23:30:00;203;False
DO_0000379409;12212059001;滿意寶寶濕毛巾柔棉型補充包;6;15/08/2021 23:30;49.0;294.0;DO_0000379409;12212059001;6;2021-08-15 23:30:00;12;False
DO_0000379409;14804012001;泰山八寶粥禮盒375g*12;1;15/08/2021 23:30;26.33333333333333;26.333333;DO_0000379409;14804012001;1;2021-08-15 23:30:00;24;False
DO_0000379409;31568011001;驅塵氏濕拖巾超值組合包;3;15/08/2021 23:30;159.0;477.0;DO_0000379409;31568011001;3;2021-08-15 23:30:00;2;True
DO_0000379417;11112001001;毛寶衣領精補充包;2;15/08/2021 23:30;64.0;128.0;DO_0000379417;11112001001;2;2021-08-15 23:30:00;1;True
DO_0000379417;12100091001;台鹽鹹淨潔效牙膏;2;15/08/2021 23:30;68.0;136.0;DO_0000379417;12100091001;2;2021-08-15 23:30:00;1;True
DO_0000379417;12201153001;五月花舒敏厚棒抽取式衛生紙86抽4包;1;15/08/2021 23:30;19.7;19.7;DO_0000379417;12201153001;1;2021-08-15 23:30:00;203;False
DO_0000379417;14510127001;三好履歷台梗九號米(圓三)2.2kg;2;15/08/2021 23:30;199.0;398.0;DO_0000379417;14510127001;2;2021-08-15 23:30:00;10;False
DO_0000379417;14832037001;味島香鬆3合1-瀨戶.鰹節.海苔;3;15/08/2021 23:30;66.0;198.0;DO_0000379417;14832037001;3;2021-08-15 23:30:00;6;False
DO_0000379431;12101010001;黑人兒童牙膏;12;15/08/2021 23:30;74.5;894.0;DO_0000379431;12101010001;12;2021-08-15 23:30:00;3;True
DO_0000379431;14501086001;一度贊-紅燒牛肉(袋) 200g;6;15/08/2021 23:30;44.0;264.0;DO_0000379431;14501086001;6;2021-08-15 23:30:00;72;False
DO_0000379431;14611010001;得意的一天100％葵花油3.5L;1;15/08/2021 23:30;371.0;371.0;DO_0000379431;14611010001;1;2021-08-15 23:30:00;111;False
DO_0000379431;14620014001;龜甲萬甘醇醬油 1600ml;1;15/08/2021 23:30;112.0;112.0;DO_0000379431;14620014001;1;2021-08-15 23:30:00;31;False
DO_0000379435;14010170001;可樂果古早味量販包;1;15/08/2021 23:30;63.0;63.0;DO_0000379435;14010170001;1;2021-08-15 23:30:00;41;False
DO_0000379435;14023083001;卡迪那95台灣地瓜條原味;2;15/08/2021 23:30;65.0;130.0;DO_0000379435;14023083001;2;2021-08-15 23:30:00;29;False
DO_0000379435;14243094001;萬歲牌無調味珍珠開心果160g;7;15/08/2021 23:30;129.0;903.0;DO_0000379435;14243094001;7;2021-08-15 23:30:00;6;True
DO_0000379435;14243094001;萬歲牌無調味珍珠開心果160g;1;15/08/2021 23:30;129.0;129.0;DO_0000379435;14243094001;1;2021-08-15 23:30:00;6;False
DO_0000379435;14370077001;優-台灣紅冰糖;1;15/08/2021 23:30;90.0;90.0;DO_0000379435;14370077001;1;2021-08-15 23:30:00;2;False
DO_0000379473;12011182001;MENS Biore 髮顏體潔淨露-草本 爽勁草本;5;15/08/2021 23:30;199.0;995.0;DO_0000379473;12011182001;5;2021-08-15 23:30:00;1;True
DO_0000381340;11050093001;橘子工坊淨味碗盤洗滌液補充包;3;15/08/2021 23:30;119.0;357.0;DO_0000381340;11050093001;3;2021-08-15 23:30:00;5;False
DO_0000381340;11103133001;橘子工坊天然制菌力洗衣精補充包;3;15/08/2021 23:30;199.0;597.0;DO_0000381340;11103133001;3;2021-08-15 23:30:00;9;False
DO_0000381340;12020249001;妮維雅男性清爽控油洗面乳 男性;5;15/08/2021 23:30;129.0;645.0;DO_0000381340;12020249001;5;2021-08-15 23:30:00;1;True
DO_0000381340;12100028001;黑人雙重功效含氟牙膏;2;15/08/2021 23:30;74.5;149.0;DO_0000381340;12100028001;2;2021-08-15 23:30:00;12;False
DO_0000381340;12100039001;黑人超氟強化琺瑯質+亮白牙膏2+1超值組;1;15/08/2021 23:30;189.0;189.0;DO_0000381340;12100039001;1;2021-08-15 23:30:00;25;False
DO_0000381340;12201153001;五月花舒敏厚棒抽取式衛生紙86抽4包;1;15/08/2021 23:30;19.7;19.7;DO_0000381340;12201153001;1;2021-08-15 23:30:00;203;False
DO_0000381340;31421038001;OP生物分解抗菌密封袋 L;3;15/08/2021 23:30;49.0;147.0;DO_0000381340;31421038001;3;2021-08-15 23:30:00;6;False
DO_0000381340;31421039001;OP生物分解抗菌密封袋 M;3;15/08/2021 23:30;49.0;147.0;DO_0000381340;31421039001;3;2021-08-15 23:30:00;8;False
DO_0000381340;31530108001;OP舒適手套耐用強化 L;2;15/08/2021 23:30;75.0;150.0;DO_0000381340;31530108001;2;2021-08-15 23:30:00;5;False
DO_0000381356;11032026001;家樂福吊掛式集水袋-活性碳 活性碳;9;15/08/2021 23:30;34.5;310.5;DO_0000381356;11032026001;9;2021-08-15 23:30:00;4;True
DO_0000381356;11032037001;家樂福備長炭集水袋除濕盒補充包;6;15/08/2021 23:30;16.0;96.0;DO_0000381356;11032037001;6;2021-08-15 23:30:00;13;False
DO_0000381377;14204127001;家樂福無調味半切海苔;12;15/08/2021 23:30;75.0;900.0;DO_0000381377;14204127001;12;2021-08-15 23:30:00;8;True
DO_0000381377;14243166001;家樂福無調味烘烤雙果;1;15/08/2021 23:30;239.0;239.0;DO_0000381377;14243166001;1;2021-08-15 23:30:00;7;False
DO_0000369235;11050010001;毛寶洗碗精;3;15/08/2021 23:31;139.0;417.0;DO_0000369235;11050010001;3;2021-08-15 23:31:00;1;True
DO_0000369235;31531056001;3M魔布廚房擦拭布(2片裝);1;15/08/2021 23:31;159.0;159.0;DO_0000369235;31531056001;1;2021-08-15 23:31:00;2;False
DO_0000369235;31531056001;3M魔布廚房擦拭布(2片裝);3;15/08/2021 23:31;159.0;477.0;DO_0000369235;31531056001;3;2021-08-15 23:31:00;2;True
DO_0000371682;12123029001;康乃馨御守棉涼感極長40cm6片;2;15/08/2021 23:31;49.0;98.0;DO_0000371682;12123029001;2;2021-08-15 23:31:00;12;False
DO_0000371682;12123127001;康乃馨清涼棉夜用加長8片2入;4;15/08/2021 23:31;59.0;236.0;DO_0000371682;12123127001;4;2021-08-15 23:31:00;2;True
DO_0000371682;12212056001;沙威隆清爽潔膚抗菌濕巾;1;15/08/2021 23:31;24.75;24.75;DO_0000371682;12212056001;1;2021-08-15 23:31:00;3;False
DO_0000371682;12220002001;春風超吸收廚房紙巾;2;15/08/2021 23:31;16.5;33.0;DO_0000371682;12220002001;2;2021-08-15 23:31:00;31;False
DO_0000372329;10033010001;黑松茶花綠茶 1230ml;3;15/08/2021 23:31;25.0;75.0;DO_0000372329;10033010001;3;2021-08-15 23:31:00;196;False
DO_0000372329;10033057001;每朝健康雙纖綠茶650ml;8;15/08/2021 23:31;28.75;230.0;DO_0000372329;10033057001;8;2021-08-15 23:31:00;672;False
DO_0000372329;14022032001;波的多洋芋片(蚵仔煎口味);1;15/08/2021 23:31;35.0;35.0;DO_0000372329;14022032001;1;2021-08-15 23:31:00;27;False
DO_0000372329;14200087001;原味巡禮老滷豆干-大沙茶;1;15/08/2021 23:31;39.0;39.0;DO_0000372329;14200087001;1;2021-08-15 23:31:00;10;False
DO_0000372329;14200091001;原味巡禮老滷豆干-滷肉珍味;1;15/08/2021 23:31;39.0;39.0;DO_0000372329;14200091001;1;2021-08-15 23:31:00;6;False
DO_0000372329;14501037001;味味一品原汁珍味牛肉(袋)185g;6;15/08/2021 23:31;42.333333333333336;254.0;DO_0000372329;14501037001;6;2021-08-15 23:31:00;27;False
DO_0000372329;14501899001;味味一品紅燒牛肉袋麵181g;6;15/08/2021 23:31;42.333333333333336;254.0;DO_0000372329;14501899001;6;2021-08-15 23:31:00;27;False
DO_0000372329;14502006001;拉麵道-日式豚骨(袋) 94g;8;15/08/2021 23:31;17.5;140.0;DO_0000372329;14502006001;8;2021-08-15 23:31:00;132;False
DO_0000372329;14503003001;來一客-鮮蝦魚板 63g;6;15/08/2021 23:31;21.666666666666668;130.0;DO_0000372329;14503003001;6;2021-08-15 23:31:00;960;False
DO_0000372329;14505011001;拉麵道-日式味噌(袋)101g;8;15/08/2021 23:31;17.5;140.0;DO_0000372329;14505011001;8;2021-08-15 23:31:00;80;False
DO_0000372329;14505138001;拉麵道-日式豚骨(杯)73G;6;15/08/2021 23:31;28.0;168.0;DO_0000372329;14505138001;6;2021-08-15 23:31:00;108;False
DO_0000372329;14506314001;五木麵大師蘭州拉麵300g;2;15/08/2021 23:31;26.0;52.0;DO_0000372329;14506314001;2;2021-08-15 23:31:00;80;False
DO_0000372329;14615002001;日正特級香油;1;15/08/2021 23:31;118.0;118.0;DO_0000372329;14615002001;1;2021-08-15 23:31:00;7;False
DO_0000372329;14620012001;雀巢美極鮮味露200ml;1;15/08/2021 23:31;72.0;72.0;DO_0000372329;14620012001;1;2021-08-15 23:31:00;7;False
DO_0000372329;14620178001;萬家香零添加純釀醬油;3;15/08/2021 23:31;89.0;267.0;DO_0000372329;14620178001;3;2021-08-15 23:31:00;1;True
DO_0000372329;14620894001;萬家香壺底油1L;1;15/08/2021 23:31;75.0;75.0;DO_0000372329;14620894001;1;2021-08-15 23:31:00;26;False
DO_0000372329;14620909001;四季高純釀(釀造醬油)870ml;1;15/08/2021 23:31;95.0;95.0;DO_0000372329;14620909001;1;2021-08-15 23:31:00;5;False
DO_0000372329;14833040001;維力炸醬罐 800g;1;15/08/2021 23:31;175.0;175.0;DO_0000372329;14833040001;1;2021-08-15 23:31:00;2;False
DO_0000379243;10001006001;雪碧汽水330ml;6;15/08/2021 23:31;13.833333333333334;83.0;DO_0000379243;10001006001;6;2021-08-15 23:31:00;630;False
DO_0000379243;10002018001;黑松沙士330ml;6;15/08/2021 23:31;13.833333333333334;83.0;DO_0000379243;10002018001;6;2021-08-15 23:31:00;1104;False
DO_0000379243;10035015001;泰山仙草蜜Can330ml;6;15/08/2021 23:31;13.166666666666666;79.0;DO_0000379243;10035015001;6;2021-08-15 23:31:00;408;False
DO_0000379243;12000129001;麗仕柔亮修護洗髮乳 麗仕修護洗髮乳;1;15/08/2021 23:31;189.0;189.0;DO_0000379243;12000129001;1;2021-08-15 23:31:00;1;False
DO_0000379243;12000377001;蒂沐蝶茶樹清爽植萃洗髮精;1;15/08/2021 23:31;263.0;263.0;DO_0000379243;12000377001;1;2021-08-15 23:31:00;2;False
DO_0000379243;12002107001;麗仕柔亮修護潤髮乳;2;15/08/2021 23:31;189.0;378.0;DO_0000379243;12002107001;2;2021-08-15 23:31:00;1;True
DO_0000379243;12102057001;高露潔全效專業抗敏感牙膏;2;15/08/2021 23:31;218.0;436.0;DO_0000379243;12102057001;2;2021-08-15 23:31:00;6;False
DO_0000379243;12103027001;刷樂纖柔護齦牙刷;6;15/08/2021 23:31;13.166666666666666;79.0;DO_0000379243;12103027001;6;2021-08-15 23:31:00;54;False
DO_0000379243;12201043001;春風抽取衛生紙;10;15/08/2021 23:31;12.458333333333334;124.583333;DO_0000379243;12201043001;10;2021-08-15 23:31:00;810;False
DO_0000379243;14023056001;樂事意合組合包;1;15/08/2021 23:31;93.0;93.0;DO_0000379243;14023056001;1;2021-08-15 23:31:00;299;False
DO_0000379243;14204129001;橘平屋岩燒海苔禮盒;1;15/08/2021 23:31;15.0;15.0;DO_0000379243;14204129001;1;2021-08-15 23:31:00;15;False
DO_0000379243;14500000001;味味A排骨雞麵(袋) 90g;5;15/08/2021 23:31;15.0;75.0;DO_0000379243;14500000001;5;2021-08-15 23:31:00;1175;False
DO_0000379243;14503002001;維力媽媽麵-蛤蜊海鮮(包)80g;5;15/08/2021 23:31;11.8;59.0;DO_0000379243;14503002001;5;2021-08-15 23:31:00;65;False
DO_0000379243;14506015001;農心 安城湯麵超值包125g x5;1;15/08/2021 23:31;33.8;33.8;DO_0000379243;14506015001;1;2021-08-15 23:31:00;9;False
DO_0000379243;14805012001;愛之味牛奶花生340g;6;15/08/2021 23:31;26.5;159.0;DO_0000379243;14805012001;6;2021-08-15 23:31:00;2100;False
DO_0000379316;14510103001;池上壹等特賞米6kg;5;15/08/2021 23:31;438.0;2190.0;DO_0000379316;14510103001;5;2021-08-15 23:31:00;15;False
DO_0000379316;14740018001;日正高筋麵粉1kg;4;15/08/2021 23:31;75.0;300.0;DO_0000379316;14740018001;4;2021-08-15 23:31:00;1;True
DO_0000381995;12112002001;舒適牌刮鬍泡--敏感膚質;1;15/08/2021 23:42;105.0;105.0;DO_0000381995;12112002001;1;2021-08-15 23:42:00;3;False
DO_0000381995;14243013001;盛香珍腰果-蜜汁口味;3;15/08/2021 23:42;99.0;297.0;DO_0000381995;14243013001;3;2021-08-15 23:42:00;5;False
DO_0000381995;14243053001;盛香珍開心果(內附隨手包);3;15/08/2021 23:42;99.0;297.0;DO_0000381995;14243053001;3;2021-08-15 23:42:00;1;True
DO_0000383198;11032027001;克潮靈集水袋補充包 -檜木香;3;15/08/2021 23:42;18.33333333333333;55.0;DO_0000383198;11032027001;3;2021-08-15 23:42:00;10;False
DO_0000383198;12012168001;妮維雅水潤清透潤膚乳液;1;15/08/2021 23:42;229.0;229.0;DO_0000383198;12012168001;1;2021-08-15 23:42:00;1;False
DO_0000383198;12106086001;刷樂齒縫牙間刷SSSS;3;15/08/2021 23:42;115.0;345.0;DO_0000383198;12106086001;3;2021-08-15 23:42:00;2;True
DO_0000383198;12121004001;蘇菲彈力貼身量少潔翼;8;15/08/2021 23:42;31.666666666666668;253.333333;DO_0000383198;12121004001;8;2021-08-15 23:42:00;36;False
DO_0000383198;12121004001;蘇菲彈力貼身量少潔翼;4;15/08/2021 23:42;31.666666666666668;126.666667;DO_0000383198;12121004001;4;2021-08-15 23:42:00;36;False
DO_0000379485;10020034001;午后時光重乳咖啡拿鐵TP330ml;6;16/08/2021 03:03;18.166666666666668;109.0;DO_0000379485;10020034001;6;2021-08-16 03:03:00;66;False
DO_0000379485;10035006001;義美桂圓紅棗茶TP250ml;6;16/08/2021 03:03;13.0;78.0;DO_0000379485;10035006001;6;2021-08-16 03:03:00;114;False
DO_0000379485;14023019001;胖老爹雞腿造型洋芋球;3;16/08/2021 03:03;39.0;117.0;DO_0000379485;14023019001;3;2021-08-16 03:03:00;2;True
DO_0000379485;14023028001;樂事組合包;2;16/08/2021 03:03;79.0;158.0;DO_0000379485;14023028001;2;2021-08-16 03:03:00;143;False
DO_0000379485;14023056001;樂事意合組合包;2;16/08/2021 03:03;93.0;186.0;DO_0000379485;14023056001;2;2021-08-16 03:03:00;299;False
DO_0000379485;14103009001;孔雀餅乾;1;16/08/2021 03:03;105.0;105.0;DO_0000379485;14103009001;1;2021-08-16 03:03:00;50;False
DO_0000379485;14103018001;盛香珍經典奶酥;1;16/08/2021 03:03;69.0;69.0;DO_0000379485;14103018001;1;2021-08-16 03:03:00;25;False
DO_0000379485;14104101001;義美鮮乳薄餅量販盒;1;16/08/2021 03:03;72.0;72.0;DO_0000379485;14104101001;1;2021-08-16 03:03:00;24;False
DO_0000379485;14104193001;蜜蜂工坊-蜂蜜檸檬餅;1;16/08/2021 03:03;99.0;99.0;DO_0000379485;14104193001;1;2021-08-16 03:03:00;2;False
DO_0000379485;14370017001;台糖本土甘蔗糖;1;16/08/2021 03:03;39.0;39.0;DO_0000379485;14370017001;1;2021-08-16 03:03:00;12;False
DO_0000379485;14501010001;來一客-牛肉蔬菜 65g;3;16/08/2021 03:03;21.666666666666668;65.0;DO_0000379485;14501010001;3;2021-08-16 03:03:00;270;False
DO_0000379485;14501045001;來一客川辣牛肉 67g;3;16/08/2021 03:03;21.666666666666668;65.0;DO_0000379485;14501045001;3;2021-08-16 03:03:00;249;False
DO_0000379485;14502014001;來一客-肉燥菠菜 67g;3;16/08/2021 03:03;21.666666666666668;65.0;DO_0000379485;14502014001;3;2021-08-16 03:03:00;249;False
DO_0000379485;14503019001;統一阿Q桶麵生猛海鮮(碗) 98g;3;16/08/2021 03:03;29.666666666666668;89.0;DO_0000379485;14503019001;3;2021-08-16 03:03:00;243;False
DO_0000379485;14503024001;日清合味道香辣海鮮味杯麵;2;16/08/2021 03:03;37.0;74.0;DO_0000379485;14503024001;2;2021-08-16 03:03:00;28;False
DO_0000379485;14503047001;日清合味道XO醬海鮮味杯麵;2;16/08/2021 03:03;37.0;74.0;DO_0000379485;14503047001;2;2021-08-16 03:03:00;3;False
DO_0000379485;14505016001;來一客-韓式泡菜 67g;3;16/08/2021 03:03;21.666666666666668;65.0;DO_0000379485;14505016001;3;2021-08-16 03:03:00;282;False
DO_0000379485;14600013001;台鹽減鈉含碘鹽300g;1;16/08/2021 03:03;50.0;50.0;DO_0000379485;14600013001;1;2021-08-16 03:03:00;14;False
DO_0000379485;14804004001;泰山黑八寶 340g;6;16/08/2021 03:03;24.666666666666668;148.0;DO_0000379485;14804004001;6;2021-08-16 03:03:00;114;False
DO_0000379485;14804007001;泰山八寶粥 375g;6;16/08/2021 03:03;27.5;165.0;DO_0000379485;14804007001;6;2021-08-16 03:03:00;1200;False
DO_0000379485;14805016001;泰山花生仁湯 320g;12;16/08/2021 03:03;24.666666666666668;296.0;DO_0000379485;14805016001;12;2021-08-16 03:03:00;438;False
DO_0000379485;14820028001;大茂三寶組合罐 170g;3;16/08/2021 03:03;26.33333333333333;79.0;DO_0000379485;14820028001;3;2021-08-16 03:03:00;213;False
DO_0000379485;14820045001;愛之味醬菜三寶組合包;1;16/08/2021 03:03;105.0;105.0;DO_0000379485;14820045001;1;2021-08-16 03:03:00;25;False
DO_0000379485;14821003001;愛之味珍保玉筍120g;3;16/08/2021 03:03;33.0;99.0;DO_0000379485;14821003001;3;2021-08-16 03:03:00;249;False
DO_0000379485;14822063001;大茂金三寶(組合) 170g;3;16/08/2021 03:03;26.33333333333333;79.0;DO_0000379485;14822063001;3;2021-08-16 03:03:00;105;False
DO_0000379485;14830012001;同榮香筍鮪魚 170g;6;16/08/2021 03:03;37.66666666666666;226.0;DO_0000379485;14830012001;6;2021-08-16 03:03:00;24;False
DO_0000379485;14830026001;遠洋牌玉米鮪魚三明治110g;3;16/08/2021 03:03;35.666666666666664;107.0;DO_0000379485;14830026001;3;2021-08-16 03:03:00;15;False
DO_0000379485;14831021001;遠洋牌紅燒鰻100g;3;16/08/2021 03:03;36.66666666666666;110.0;DO_0000379485;14831021001;3;2021-08-16 03:03:00;96;False
DO_0000379485;14833035001;味全辣味肉醬150g;3;16/08/2021 03:03;38.0;114.0;DO_0000379485;14833035001;3;2021-08-16 03:03:00;15;False
DO_0000389221;10013007001;光泉果汁時刻100葡萄綜合果汁 200ml;48;16/08/2021 06:55;13.708333333333334;658.0;DO_0000389221;10013007001;48;2021-08-16 06:55:00;12;True
DO_0000389223;10013007001;光泉果汁時刻100葡萄綜合果汁 200ml;48;16/08/2021 06:55;13.708333333333334;658.0;DO_0000389223;10013007001;48;2021-08-16 06:55:00;12;True
DO_0000386708;11103005001;白蘭含熊寶貝純淨溫和洗衣精補充包;2;16/08/2021 12:54;85.0;170.0;DO_0000386708;11103005001;2;2021-08-16 12:54:00;9;False
DO_0000386708;12011005001;澎澎元氣炭控油沐浴乳補充包;1;16/08/2021 12:54;99.0;99.0;DO_0000386708;12011005001;1;2021-08-16 12:54:00;6;False
DO_0000386708;12020372001;UNO新潤洗顏 UNO新潤洗顏;2;16/08/2021 12:54;109.0;218.0;DO_0000386708;12020372001;2;2021-08-16 12:54:00;1;True
DO_0000386708;12201129001;家福抽取式衛生紙-PEFC;1;16/08/2021 12:54;17.041666666666668;17.041667;DO_0000386708;12201129001;1;2021-08-16 12:54:00;4;False
DO_0000391401;11050011001;沙拉脫;1;16/08/2021 12:54;58.0;58.0;DO_0000391401;11050011001;1;2021-08-16 12:54:00;47;False
DO_0000391401;11111025001;公道先生漂白水;2;16/08/2021 12:54;85.0;170.0;DO_0000391401;11111025001;2;2021-08-16 12:54:00;13;False
DO_0000391401;14023028001;樂事組合包;1;16/08/2021 12:54;79.0;79.0;DO_0000391401;14023028001;1;2021-08-16 12:54:00;143;False
DO_0000391401;14600011001;台鹽美味含碘鹽300g;1;16/08/2021 12:54;50.0;50.0;DO_0000391401;14600011001;1;2021-08-16 12:54:00;5;False
DO_0000391401;14602050001;秘密味蕾-黑胡椒粗粒50g;10;16/08/2021 12:54;39.0;390.0;DO_0000391401;14602050001;10;2021-08-16 12:54:00;5;True
DO_0000391401;14632030001;味全台灣搵醬-蒜蓉醬200g;1;16/08/2021 12:54;38.0;38.0;DO_0000391401;14632030001;1;2021-08-16 12:54:00;17;False
DO_0000391401;14820008001;大茂黑瓜 170g;6;16/08/2021 12:54;26.33333333333333;158.0;DO_0000391401;14820008001;6;2021-08-16 12:54:00;1566;False
DO_0000391401;14830073001;東和好媽媽無添加油漬鮪魚;12;16/08/2021 12:54;66.0;792.0;DO_0000391401;14830073001;12;2021-08-16 12:54:00;54;False
DO_0000393564;14132071001;旺旺夾心酥捲(香草味);3;16/08/2021 16:04;58.0;174.0;DO_0000393564;14132071001;3;2021-08-16 16:04:00;12;False
DO_0000393564;14132116001;旺旺夾心捲-草莓口味;3;16/08/2021 16:04;58.0;174.0;DO_0000393564;14132116001;3;2021-08-16 16:04:00;6;False
DO_0000393564;14804014001;愛之味沖繩黑八寶禮盒340g*12;1;16/08/2021 16:04;28.166666666666668;28.166667;DO_0000393564;14804014001;1;2021-08-16 16:04:00;10;False
DO_0000393564;14822926001;福松特級樹子390g;4;16/08/2021 16:04;119.0;476.0;DO_0000393564;14822926001;4;2021-08-16 16:04:00;1;True
DO_0000368086;14312999001;雀巢金牌微研磨咖啡(罐裝)120g;1;16/08/2021 16:10;289.0;289.0;DO_0000368086;14312999001;1;2021-08-16 16:10:00;13;False
DO_0000368086;14510139001;台東關山好米(圓二)9kg;1;16/08/2021 16:10;549.0;549.0;DO_0000368086;14510139001;1;2021-08-16 16:10:00;26;False
DO_0000368086;14613902001;萊瑞100％玄米油1L;2;16/08/2021 16:10;398.0;796.0;DO_0000368086;14613902001;2;2021-08-16 16:10:00;26;False
DO_0000368086;14740038001;家福高筋麵粉;8;16/08/2021 16:10;43.0;344.0;DO_0000368086;14740038001;8;2021-08-16 16:10:00;5;True
DO_0000370166;11040035001;潔霜芳香浴廁清潔劑-清新皂香;2;16/08/2021 16:10;35.0;70.0;DO_0000370166;11040035001;2;2021-08-16 16:10:00;32;False
DO_0000370166;11100008001;白蘭強效潔淨洗衣粉;1;16/08/2021 16:10;169.0;169.0;DO_0000370166;11100008001;1;2021-08-16 16:10:00;15;False
DO_0000370166;14615057001;源順嚴選低溫胡麻油 570ml/;2;16/08/2021 16:10;278.0;556.0;DO_0000370166;14615057001;2;2021-08-16 16:10:00;1;True
DO_0000383524;11032035001;家樂福備長炭集水袋除濕盒;6;16/08/2021 16:12;16.0;96.0;DO_0000383524;11032035001;6;2021-08-16 16:12:00;4;True
DO_0000383524;11032037001;家樂福備長炭集水袋除濕盒補充包;6;16/08/2021 16:12;16.0;96.0;DO_0000383524;11032037001;6;2021-08-16 16:12:00;13;False
DO_0000383524;12010172001;蜂王黑砂糖香皂4+1蘆薈皂;1;16/08/2021 16:12;84.0;84.0;DO_0000383524;12010172001;1;2021-08-16 16:12:00;2;False
DO_0000383524;12103039001;刷樂彈力牙刷;1;16/08/2021 16:12;103.0;103.0;DO_0000383524;12103039001;1;2021-08-16 16:12:00;2;False
DO_0000383719;14010210001;好運平安箱;2;16/08/2021 16:12;191.0;382.0;DO_0000383719;14010210001;2;2021-08-16 16:12:00;34;False
DO_0000383719;14510206001;富里農會有機白米1.5kg;3;16/08/2021 16:12;219.0;657.0;DO_0000383719;14510206001;3;2021-08-16 16:12:00;2;True
DO_0000383719;14511021001;富里農會有機糙米1.5kg;1;16/08/2021 16:12;219.0;219.0;DO_0000383719;14511021001;1;2021-08-16 16:12:00;2;False
DO_0000386434;11032027001;克潮靈集水袋補充包 -檜木香;2;16/08/2021 16:12;18.33333333333333;36.666667;DO_0000386434;11032027001;2;2021-08-16 16:12:00;10;False
DO_0000386434;11032220001;克潮靈集水代替換包-去霉味;1;16/08/2021 16:12;220.0;220.0;DO_0000386434;11032220001;1;2021-08-16 16:12:00;13;False
DO_0000386434;12011199001;澡享白茶沐浴乳;1;16/08/2021 16:12;175.0;175.0;DO_0000386434;12011199001;1;2021-08-16 16:12:00;4;False
DO_0000386434;12011291001;美琪抗菌沐浴乳(茶樹) 美琪沐浴乳茶樹;2;16/08/2021 16:12;129.0;258.0;DO_0000386434;12011291001;2;2021-08-16 16:12:00;1;True
DO_0000386434;12121034001;康乃馨一般流量促銷包;1;16/08/2021 16:12;138.0;138.0;DO_0000386434;12121034001;1;2021-08-16 16:12:00;21;False
DO_0000386434;12123016002;康乃馨御守棉超薄衛生棉夜加長;3;16/08/2021 16:12;63.0;189.0;DO_0000386434;12123016002;3;2021-08-16 16:12:00;24;False
DO_0000386533;14615898001;維義活力能量健康調和油 2L;8;16/08/2021 16:12;169.0;1352.0;DO_0000386533;14615898001;8;2021-08-16 16:12:00;6;True
DO_0000327915;10001004001;雪碧汽水2L;3;16/08/2021 16:17;39.0;117.0;DO_0000327915;10001004001;3;2021-08-16 16:17:00;191;False
DO_0000327915;10002074001;蘋果西打1250ml;3;16/08/2021 16:17;42.0;126.0;DO_0000327915;10002074001;3;2021-08-16 16:17:00;46;False
DO_0000327915;10014092001;美粒果白葡萄加蘆薈Pet1250ml;3;16/08/2021 16:17;39.0;117.0;DO_0000327915;10014092001;3;2021-08-16 16:17:00;47;False
DO_0000327915;14011029001;多力多滋起士組合包;2;16/08/2021 16:17;79.0;158.0;DO_0000327915;14011029001;2;2021-08-16 16:17:00;168;False
DO_0000327915;14014005001;奇多綜合起司組合包;2;16/08/2021 16:17;79.0;158.0;DO_0000327915;14014005001;2;2021-08-16 16:17:00;79;False
DO_0000327915;14111029001;葡萄芝麻沙琪瑪;1;16/08/2021 16:17;99.0;99.0;DO_0000327915;14111029001;1;2021-08-16 16:17:00;12;False
DO_0000327915;14504006001;維力炸醬麵(包)-素食 90g;10;16/08/2021 16:17;15.0;150.0;DO_0000327915;14504006001;10;2021-08-16 16:17:00;290;False
DO_0000327915;14504008001;維力素飄香-素排骨雞 90g;5;16/08/2021 16:17;13.8;69.0;DO_0000327915;14504008001;5;2021-08-16 16:17:00;125;False
DO_0000327915;14504015001;隨緣素肉骨茶麵(袋) 90g;5;16/08/2021 16:17;15.4;77.0;DO_0000327915;14504015001;5;2021-08-16 16:17:00;155;False
DO_0000327915;14504028001;維力素飄香-素紅燒牛肉 85g;10;16/08/2021 16:17;13.8;138.0;DO_0000327915;14504028001;10;2021-08-16 16:17:00;145;False
DO_0000327915;14633937001;新康寶香菇湯塊100g;6;16/08/2021 16:17;60.0;360.0;DO_0000327915;14633937001;6;2021-08-16 16:17:00;1;True
DO_0000327915;14810016001;牛頭牌金鑽玉米粒340g;6;16/08/2021 16:17;33.0;198.0;DO_0000327915;14810016001;6;2021-08-16 16:17:00;201;False
DO_0000327915;14850001001;家樂福狗乾糧-牛肉口味;2;16/08/2021 16:17;499.0;998.0;DO_0000327915;14850001001;2;2021-08-16 16:17:00;51;False
DO_0000370284;11042001001;通樂-馬桶疏通劑;1;16/08/2021 16:17;158.0;158.0;DO_0000370284;11042001001;1;2021-08-16 16:17:00;2;False
DO_0000370284;11042017001;快速通樂;1;16/08/2021 16:17;158.0;158.0;DO_0000370284;11042017001;1;2021-08-16 16:17:00;3;False
DO_0000370284;11111050001;新奇漂白水;1;16/08/2021 16:17;65.0;65.0;DO_0000370284;11111050001;1;2021-08-16 16:17:00;18;False
DO_0000370284;31564003001;神膚奇肌魔術拖把替換頭;3;16/08/2021 16:17;99.0;297.0;DO_0000370284;31564003001;3;2021-08-16 16:17:00;6;False
DO_0000370284;31564007001;驅塵氏- 吸水膠棉拖補充頭;5;16/08/2021 16:17;99.0;495.0;DO_0000370284;31564007001;5;2021-08-16 16:17:00;4;True
DO_0000386622;14001092001;天然屋燕麥芝麻蘇打餅;2;16/08/2021 16:19;179.0;358.0;DO_0000386622;14001092001;2;2021-08-16 16:19:00;12;False
DO_0000386622;14133029001;義美小蛋捲-原味;1;16/08/2021 16:19;50.0;50.0;DO_0000386622;14133029001;1;2021-08-16 16:19:00;20;False
DO_0000386622;14133030001;義美小蛋捲-芝麻;2;16/08/2021 16:19;50.0;100.0;DO_0000386622;14133030001;2;2021-08-16 16:19:00;20;False
DO_0000386622;14204041001;橘平屋36束海苔經濟包;4;16/08/2021 16:19;220.0;880.0;DO_0000386622;14204041001;4;2021-08-16 16:19:00;53;False
DO_0000386622;14204125001;雋品HiBs三切岩燒海苔-戀之梅口味;2;16/08/2021 16:19;119.0;238.0;DO_0000386622;14204125001;2;2021-08-16 16:19:00;23;False
DO_0000386622;14204197001;良澔日式無調味海苔;10;16/08/2021 16:19;75.0;750.0;DO_0000386622;14204197001;10;2021-08-16 16:19:00;2;True
DO_0000386634;12016099001;妮維雅男止汗爽身噴霧-無印乾爽海洋 無印乾爽海洋;2;16/08/2021 16:19;159.0;318.0;DO_0000386634;12016099001;2;2021-08-16 16:19:00;1;True
DO_0000386634;12016139001;妮維雅男止汗爽身噴霧-無印乾爽 男士無印乾爽;2;16/08/2021 16:19;159.0;318.0;DO_0000386634;12016139001;2;2021-08-16 16:19:00;-1;False
DO_0000386693;14353017001;桂格神奇高鈣燕麥片;7;16/08/2021 17:01;129.0;903.0;DO_0000386693;14353017001;7;2021-08-16 17:01:00;4;True
DO_0000391556;14243094001;萬歲牌無調味珍珠開心果160g;10;16/08/2021 17:01;129.0;1290.0;DO_0000391556;14243094001;10;2021-08-16 17:01:00;6;True
DO_0000393446;32500008001;11孔透明文件套100入;15;16/08/2021 17:01;85.0;1275.0;DO_0000393446;32500008001;15;2021-08-16 17:01:00;3;True
DO_0000372652;14502007001;味王香菇肉羹湯碗麵 88g;6;16/08/2021 17:07;20.0;120.0;DO_0000372652;14502007001;6;2021-08-16 17:07:00;108;False
DO_0000372652;14615048001;源順初榨花生風味調合油;1;16/08/2021 17:07;328.0;328.0;DO_0000372652;14615048001;1;2021-08-16 17:07:00;1;False
DO_0000372652;14615048001;源順初榨花生風味調合油;2;16/08/2021 17:07;328.0;656.0;DO_0000372652;14615048001;2;2021-08-16 17:07:00;1;True
DO_0000372667;33550920001;妙管家不鏽鋼瓦斯爐附不沾烤盤2.9kW;2;16/08/2021 17:07;1068.0;2136.0;DO_0000372667;33550920001;2;2021-08-16 17:07:00;1;True
DO_0000372670;10010002001;波蜜果菜汁TP250ml;6;16/08/2021 17:07;6.625;39.75;DO_0000372670;10010002001;6;2021-08-16 17:07:00;1326;False
DO_0000372670;10032006001;立頓奶茶TP250ml;6;16/08/2021 17:07;7.0;42.0;DO_0000372670;10032006001;6;2021-08-16 17:07:00;1326;False
DO_0000372670;11050033001;家福洗碗精-蘋果香 2.8L;1;16/08/2021 17:07;129.0;129.0;DO_0000372670;11050033001;1;2021-08-16 17:07:00;4;False
DO_0000372670;12105066001;刷樂專業護理漱口水買超值組-綠茶口味;1;16/08/2021 17:07;219.0;219.0;DO_0000372670;12105066001;1;2021-08-16 17:07:00;4;False
DO_0000372670;12123064001;蘇菲超熟睡夜用35-細緻棉柔;3;16/08/2021 17:07;46.0;138.0;DO_0000372670;12123064001;3;2021-08-16 17:07:00;45;False
DO_0000372670;12123096001;蘇菲超熟睡草本抑菌棉柔28cm;6;16/08/2021 17:07;145.0;870.0;DO_0000372670;12123096001;6;2021-08-16 17:07:00;4;True
DO_0000372670;14001093001;中祥鮮奶油起士酥餅;1;16/08/2021 17:07;74.0;74.0;DO_0000372670;14001093001;1;2021-08-16 17:07:00;50;False
DO_0000372670;14010002001;可樂果辣味量販包;1;16/08/2021 17:07;63.0;63.0;DO_0000372670;14010002001;1;2021-08-16 17:07:00;48;False
DO_0000372670;14010040001;科學麵20合1 Min 家庭號;1;16/08/2021 17:07;54.0;54.0;DO_0000372670;14010040001;1;2021-08-16 17:07:00;245;False
DO_0000372670;14011029001;多力多滋起士組合包;1;16/08/2021 17:07;79.0;79.0;DO_0000372670;14011029001;1;2021-08-16 17:07:00;168;False
DO_0000372670;14023027001;卡辣姆久勁辣唐辛子洋芋片派對分享包;1;16/08/2021 17:07;65.0;65.0;DO_0000372670;14023027001;1;2021-08-16 17:07:00;21;False
DO_0000372670;14023029001;樂事波樂組合包;1;16/08/2021 17:07;79.0;79.0;DO_0000372670;14023029001;1;2021-08-16 17:07:00;90;False
DO_0000372670;14023056001;樂事意合組合包;1;16/08/2021 17:07;93.0;93.0;DO_0000372670;14023056001;1;2021-08-16 17:07:00;299;False
DO_0000372670;14104067001;義美紅麴養生薄餅;1;16/08/2021 17:07;72.0;72.0;DO_0000372670;14104067001;1;2021-08-16 17:07:00;52;False
DO_0000372670;14131033001;77新貴派迷你巧克力;1;16/08/2021 17:07;88.0;88.0;DO_0000372670;14131033001;1;2021-08-16 17:07:00;80;False
DO_0000372670;14131105001;新貴派大格酥陽光檸檬324g;1;16/08/2021 17:07;107.0;107.0;DO_0000372670;14131105001;1;2021-08-16 17:07:00;24;False
DO_0000376356;10000002001;可口可樂2L;1;16/08/2021 17:07;38.333333333333336;38.333333;DO_0000376356;10000002001;1;2021-08-16 17:07:00;1438;False
DO_0000376356;10010002001;波蜜果菜汁TP250ml;6;16/08/2021 17:07;6.625;39.75;DO_0000376356;10010002001;6;2021-08-16 17:07:00;1326;False
DO_0000376356;10021025001;黑松FIN健康補給飲料TP300ml;12;16/08/2021 17:07;7.0;84.0;DO_0000376356;10021025001;12;2021-08-16 17:07:00;3990;False
DO_0000376356;10021026001;黑松FIN健康補給飲料Pet1460ml;1;16/08/2021 17:07;29.0;29.0;DO_0000376356;10021026001;1;2021-08-16 17:07:00;254;False
DO_0000376356;10022020001;魔爪能量碳酸飲料Can355ml;4;16/08/2021 17:07;47.25;189.0;DO_0000376356;10022020001;4;2021-08-16 17:07:00;24;False
DO_0000376356;10031001001;泰山冰鎮檸檬紅茶250ml;6;16/08/2021 17:07;6.625;39.75;DO_0000376356;10031001001;6;2021-08-16 17:07:00;1092;False
DO_0000376356;10032020001;紅茶花伝皇家奶茶Pet 470ml;4;16/08/2021 17:07;19.5;78.0;DO_0000376356;10032020001;4;2021-08-16 17:07:00;100;False
DO_0000376356;10032048001;立頓英式奶茶535ml;4;16/08/2021 17:07;19.75;79.0;DO_0000376356;10032048001;4;2021-08-16 17:07:00;52;False
DO_0000376356;10033057001;每朝健康雙纖綠茶650ml;8;16/08/2021 17:07;28.75;230.0;DO_0000376356;10033057001;8;2021-08-16 17:07:00;672;False
DO_0000376356;12005019006;美吾髮快速護髮染髮霜 80g 7號-自然黑褐;2;16/08/2021 17:07;169.0;338.0;DO_0000376356;12005019006;2;2021-08-16 17:07:00;1;True
DO_0000376356;14501045001;來一客川辣牛肉 67g;6;16/08/2021 17:07;21.666666666666668;130.0;DO_0000376356;14501045001;6;2021-08-16 17:07:00;249;False
DO_0000376356;14502080001;味王香菇肉羹麵(包) 87g;5;16/08/2021 17:07;12.8;64.0;DO_0000376356;14502080001;5;2021-08-16 17:07:00;50;False
DO_0000376356;14503003001;來一客-鮮蝦魚板 63g;6;16/08/2021 17:07;21.666666666666668;130.0;DO_0000376356;14503003001;6;2021-08-16 17:07:00;960;False
DO_0000376356;14820013001;愛之味壺底蔭瓜140g;3;16/08/2021 17:07;33.0;99.0;DO_0000376356;14820013001;3;2021-08-16 17:07:00;129;False
DO_0000376356;14830010001;愛之味鮪魚片185g;3;16/08/2021 17:07;53.0;159.0;DO_0000376356;14830010001;3;2021-08-16 17:07:00;585;False
DO_0000376356;14840006001;愛之味土豆麵筋170g;3;16/08/2021 17:07;33.0;99.0;DO_0000376356;14840006001;3;2021-08-16 17:07:00;288;False
DO_0000394971;11102013001;皂福肥皂-三入裝;2;16/08/2021 17:16;26.33333333333333;52.666667;DO_0000394971;11102013001;2;2021-08-16 17:16:00;1;True
DO_0000394971;12010020001;花王香皂禮盒- 優雅花香;3;16/08/2021 17:16;11.083333333333334;33.25;DO_0000394971;12010020001;3;2021-08-16 17:16:00;16;False
DO_0000394971;14500007001;維力元祖雞汁麵70g;10;16/08/2021 17:16;9.0;90.0;DO_0000394971;14500007001;10;2021-08-16 17:16:00;120;False
DO_0000394971;14510204001;天生好米履歷鷺巡一等白米2.2kg;2;16/08/2021 17:16;199.0;398.0;DO_0000394971;14510204001;2;2021-08-16 17:16:00;32;False
DO_0000394170;31544042001;好神拖輕巧腳踩旋轉拖把組;4;16/08/2021 17:58;899.0;3596.0;DO_0000394170;31544042001;4;2021-08-16 17:58:00;3;True
DO_0000395206;14312068001;星巴克特選系列-焦糖風味拿鐵咖啡;3;16/08/2021 21:01;27.5;82.5;DO_0000395206;14312068001;3;2021-08-16 21:01:00;2;True
DO_0000395206;14501905001;雙響泡爆香牛肉湯麵(桶)109g;1;16/08/2021 21:01;29.33333333333333;29.333333;DO_0000395206;14501905001;1;2021-08-16 21:01:00;-1;False
DO_0000395206;14603005001;佛蒙特咖哩塊-辣味 230g;1;16/08/2021 21:01;115.0;115.0;DO_0000395206;14603005001;1;2021-08-16 21:01:00;15;False
DO_0000396227;14001045001;義美天然取向蘇打餅乾(紫菜);1;16/08/2021 22:13;63.0;63.0;DO_0000396227;14001045001;1;2021-08-16 22:13:00;53;False
DO_0000396227;14014006001;華元大吉利超值包;2;16/08/2021 22:13;55.0;110.0;DO_0000396227;14014006001;2;2021-08-16 22:13:00;312;False
DO_0000396227;14014014001;百事享樂包;3;16/08/2021 22:13;66.0;198.0;DO_0000396227;14014014001;3;2021-08-16 22:13:00;182;False
DO_0000396227;14222019001;義美噗啾益生菌果凍(葡萄)247g;2;16/08/2021 22:13;78.0;156.0;DO_0000396227;14222019001;2;2021-08-16 22:13:00;4;False
DO_0000396227;14222025001;義美噗啾益生菌果凍(蘋果)247g;3;16/08/2021 22:13;78.0;234.0;DO_0000396227;14222025001;3;2021-08-16 22:13:00;2;True
DO_0000396227;14222053001;KAARO乳酸風味果凍條 600g/包;1;16/08/2021 22:13;110.0;110.0;DO_0000396227;14222053001;1;2021-08-16 22:13:00;8;False
DO_0000396227;14361015001;廣吉赤阪濃湯-納豆野菜南瓜;3;16/08/2021 22:13;11.9;35.7;DO_0000396227;14361015001;3;2021-08-16 22:13:00;13;False
DO_0000396227;14361114001;馬玉山高纖蔬菜胚芽;2;16/08/2021 22:13;9.9;19.8;DO_0000396227;14361114001;2;2021-08-16 22:13:00;36;False
DO_0000383999;11050029001;家福洗碗精-蘋果香;2;17/08/2021 01:08;129.0;258.0;DO_0000383999;11050029001;2;2021-08-17 01:08:00;3;False
DO_0000383999;11050029001;家福洗碗精-蘋果香;4;17/08/2021 01:08;129.0;516.0;DO_0000383999;11050029001;4;2021-08-17 01:08:00;3;True
DO_0000383999;12201120001;家樂福環保抽取式衛生紙 100抽X12包;2;17/08/2021 01:08;9.583333333333334;19.166667;DO_0000383999;12201120001;2;2021-08-17 01:08:00;72;False
DO_0000383999;14001010001;家福蔬菜蘇打;3;17/08/2021 01:08;74.0;222.0;DO_0000383999;14001010001;3;2021-08-17 01:08:00;18;False
DO_0000383999;14001045001;義美天然取向蘇打餅乾(紫菜);3;17/08/2021 01:08;63.0;189.0;DO_0000383999;14001045001;3;2021-08-17 01:08:00;53;False
DO_0000383999;14111008001;純黑糖沙琪瑪;1;17/08/2021 01:08;99.0;99.0;DO_0000383999;14111008001;1;2021-08-17 01:08:00;11;False
DO_0000383999;14600013001;台鹽減鈉含碘鹽300g;2;17/08/2021 01:08;50.0;100.0;DO_0000383999;14600013001;2;2021-08-17 01:08:00;14;False
DO_0000391133;12011050001;嚕啦啦玫瑰香氛沐浴乳;2;17/08/2021 01:21;169.0;338.0;DO_0000391133;12011050001;2;2021-08-17 01:21:00;1;True
DO_0000391133;12011050001;嚕啦啦玫瑰香氛沐浴乳;4;17/08/2021 01:21;169.0;676.0;DO_0000391133;12011050001;4;2021-08-17 01:21:00;1;True
DO_0000327748;12201042001;可麗舒除臭抽取衛生紙;24;17/08/2021 02:11;10.375;249.0;DO_0000327748;12201042001;24;2021-08-17 02:11:00;612;False
DO_0000327748;12201051001;春風經濟包抽取衛生紙;20;17/08/2021 02:11;9.5;190.0;DO_0000327748;12201051001;20;2021-08-17 02:11:00;60;False
DO_0000327748;12212033001;超值潔膚濕巾;2;17/08/2021 02:11;29.0;58.0;DO_0000327748;12212033001;2;2021-08-17 02:11:00;35;False
DO_0000327748;31236026001;家福9盎司紙杯50入;3;17/08/2021 02:11;50.0;150.0;DO_0000327748;31236026001;3;2021-08-17 02:11:00;2;True
DO_0000327918;14343028001;家樂福龍眼蜂蜜1200g;3;17/08/2021 02:11;589.0;1767.0;DO_0000327918;14343028001;3;2021-08-17 02:11:00;2;True
DO_0000337507;10016015001;波蜜紅蕃茄汁TP250ml;12;17/08/2021 02:11;6.625;79.5;DO_0000337507;10016015001;12;2021-08-17 02:11:00;264;False
DO_0000337507;12005015002;566 美色護髮染髮霜 110g 3-自然亮黑;4;17/08/2021 02:11;79.5;318.0;DO_0000337507;12005015002;4;2021-08-17 02:11:00;1;True
DO_0000337507;12201153001;五月花舒敏厚棒抽取式衛生紙86抽4包;1;17/08/2021 02:11;19.7;19.7;DO_0000337507;12201153001;1;2021-08-17 02:11:00;203;False
DO_0000370232;11100008001;白蘭強效潔淨洗衣粉;1;17/08/2021 02:51;169.0;169.0;DO_0000370232;11100008001;1;2021-08-17 02:51:00;15;False
DO_0000370232;14301030001;天仁茗賞-茶王;2;17/08/2021 02:51;999.0;1998.0;DO_0000370232;14301030001;2;2021-08-17 02:51:00;1;True
DO_0000372632;12106088001;刷樂超細滑潔舌牙線棒-單支量販包 單支量販包;2;17/08/2021 02:52;31.666666666666668;63.333333;DO_0000372632;12106088001;2;2021-08-17 02:52:00;1;True
DO_0000372632;14000002001;厚燒鹽味;1;17/08/2021 02:52;59.0;59.0;DO_0000372632;14000002001;1;2021-08-17 02:52:00;21;False
DO_0000372632;14000006001;雪餅;1;17/08/2021 02:52;27.0;27.0;DO_0000372632;14000006001;1;2021-08-17 02:52:00;60;False
DO_0000372632;14000196001;萬歲牌米果綜合果鹽味;2;17/08/2021 02:52;198.0;396.0;DO_0000372632;14000196001;2;2021-08-17 02:52:00;70;False
DO_0000372632;14001052001;茱莉絲蘇打餅-奶油;1;17/08/2021 02:52;55.0;55.0;DO_0000372632;14001052001;1;2021-08-17 02:52:00;60;False
DO_0000372632;14003019001;海太加鈣營養餅-起士口味;1;17/08/2021 02:52;61.0;61.0;DO_0000372632;14003019001;1;2021-08-17 02:52:00;29;False
DO_0000372632;14003029001;海太加鈣營養餅乾;1;17/08/2021 02:52;61.0;61.0;DO_0000372632;14003029001;1;2021-08-17 02:52:00;71;False
DO_0000372632;14010036001;味王小王子麵-岩燒海苔;1;17/08/2021 02:52;45.0;45.0;DO_0000372632;14010036001;1;2021-08-17 02:52:00;28;False
DO_0000372632;14010040001;科學麵20合1 Min 家庭號;1;17/08/2021 02:52;54.0;54.0;DO_0000372632;14010040001;1;2021-08-17 02:52:00;245;False
DO_0000372632;14011003001;奇多隨口脆-家常起司;1;17/08/2021 02:52;120.0;120.0;DO_0000372632;14011003001;1;2021-08-17 02:52:00;96;False
DO_0000372632;14011024001;多力多滋黃金起司迷你脆;1;17/08/2021 02:52;79.0;79.0;DO_0000372632;14011024001;1;2021-08-17 02:52:00;33;False
DO_0000372632;14011032001;神氣包--玉黍叔;1;17/08/2021 02:52;55.0;55.0;DO_0000372632;14011032001;1;2021-08-17 02:52:00;97;False
DO_0000372632;14011034001;鴻津玉米濃湯捲;1;17/08/2021 02:52;85.0;85.0;DO_0000372632;14011034001;1;2021-08-17 02:52:00;57;False
DO_0000372632;14014011001;上好佳歡樂小點心-原味薯條;1;17/08/2021 02:52;59.0;59.0;DO_0000372632;14014011001;1;2021-08-17 02:52:00;14;False
DO_0000372636;11050047001;水晶肥皂食器洗滌液体-補充包;2;17/08/2021 02:52;129.0;258.0;DO_0000372636;11050047001;2;2021-08-17 02:52:00;5;False
DO_0000372636;11051002001;加倍潔小蘇打去汙粉;2;17/08/2021 02:52;98.0;196.0;DO_0000372636;11051002001;2;2021-08-17 02:52:00;21;False
DO_0000372636;12000375001;蒂沐蝶玫瑰保濕植萃洗髮精;1;17/08/2021 02:52;263.0;263.0;DO_0000372636;12000375001;1;2021-08-17 02:52:00;2;False
DO_0000372636;12011433001;蒂沐蝶植萃保濕沐浴露-玫瑰 玫瑰;2;17/08/2021 02:52;349.0;698.0;DO_0000372636;12011433001;2;2021-08-17 02:52:00;1;True
DO_0000372636;12212061001;滿意寶寶濕毛巾棉柔厚型補充包;3;17/08/2021 02:52;49.0;147.0;DO_0000372636;12212061001;3;2021-08-17 02:52:00;48;False
DO_0000372636;14502006001;拉麵道-日式豚骨(袋) 94g;4;17/08/2021 02:52;17.5;70.0;DO_0000372636;14502006001;4;2021-08-17 02:52:00;132;False
DO_0000372636;14503003001;來一客-鮮蝦魚板 63g;3;17/08/2021 02:52;21.666666666666668;65.0;DO_0000372636;14503003001;3;2021-08-17 02:52:00;960;False
DO_0000327849;14313019001;星巴克家常美式咖啡膠囊;2;17/08/2021 02:54;290.0;580.0;DO_0000327849;14313019001;2;2021-08-17 02:54:00;2;False
DO_0000327849;14313021001;星巴克那堤咖啡膠囊;3;17/08/2021 02:54;320.0;960.0;DO_0000327849;14313021001;3;2021-08-17 02:54:00;2;True
DO_0000327849;14313021001;星巴克那堤咖啡膠囊;1;17/08/2021 02:54;320.0;320.0;DO_0000327849;14313021001;1;2021-08-17 02:54:00;2;False
DO_0000372644;10021026001;黑松FIN健康補給飲料Pet1460ml;1;17/08/2021 03:04;29.0;29.0;DO_0000372644;10021026001;1;2021-08-17 03:04:00;254;False
DO_0000372644;11051037001;天工去汙粉;9;17/08/2021 03:04;47.0;423.0;DO_0000372644;11051037001;9;2021-08-17 03:04:00;6;True
DO_0000376949;11040008001;潔霜免刷洗馬桶清潔劑百花清香;2;17/08/2021 03:07;50.0;100.0;DO_0000376949;11040008001;2;2021-08-17 03:07:00;7;False
DO_0000376949;11042010001;家福馬桶疏通劑;4;17/08/2021 03:07;79.0;316.0;DO_0000376949;11042010001;4;2021-08-17 03:07:00;2;True
DO_0000376949;11111017001;超值漂白水5000克;3;17/08/2021 03:07;86.0;258.0;DO_0000376949;11111017001;3;2021-08-17 03:07:00;28;False
DO_0000376949;12201120001;家樂福環保抽取式衛生紙 100抽X12包;6;17/08/2021 03:07;9.583333333333334;57.5;DO_0000376949;12201120001;6;2021-08-17 03:07:00;72;False
DO_0000376949;12202039001;家樂福環保捲筒衛生紙;12;17/08/2021 03:07;7.5;90.0;DO_0000376949;12202039001;12;2021-08-17 03:07:00;18;False
DO_0000376949;12221012001;家樂福環保擦手紙200抽X5包;8;17/08/2021 03:07;98.4;787.2;DO_0000376949;12221012001;8;2021-08-17 03:07:00;44;False
DO_0000377475;14243020001;萬歲牌珍味雙果;1;17/08/2021 03:07;129.0;129.0;DO_0000377475;14243020001;1;2021-08-17 03:07:00;3;False
DO_0000377475;14632103001;黑豆桑醇釀極品香豆瓣醬-300g;3;17/08/2021 03:07;215.0;645.0;DO_0000377475;14632103001;3;2021-08-17 03:07:00;1;True
DO_0000377778;14000071001;無聊派米豆;1;17/08/2021 03:07;59.0;59.0;DO_0000377778;14000071001;1;2021-08-17 03:07:00;22;False
DO_0000377778;14000073001;無聊派大仙貝酥;1;17/08/2021 03:07;59.0;59.0;DO_0000377778;14000073001;1;2021-08-17 03:07:00;97;False
DO_0000377778;14000197001;萬歲牌米果綜合果辣味;2;17/08/2021 03:07;198.0;396.0;DO_0000377778;14000197001;2;2021-08-17 03:07:00;81;False
DO_0000377778;14010036001;味王小王子麵-岩燒海苔;1;17/08/2021 03:07;45.0;45.0;DO_0000377778;14010036001;1;2021-08-17 03:07:00;28;False
DO_0000377778;14010040001;科學麵20合1 Min 家庭號;2;17/08/2021 03:07;54.0;108.0;DO_0000377778;14010040001;2;2021-08-17 03:07:00;245;False
DO_0000377778;14011031001;多力多滋超濃起司迷你脆;1;17/08/2021 03:07;79.0;79.0;DO_0000377778;14011031001;1;2021-08-17 03:07:00;46;False
DO_0000377778;14023056001;樂事意合組合包;1;17/08/2021 03:07;93.0;93.0;DO_0000377778;14023056001;1;2021-08-17 03:07:00;299;False
DO_0000377778;14102249001;義美杏仁巧克力酥片（黑可可）;1;17/08/2021 03:07;104.0;104.0;DO_0000377778;14102249001;1;2021-08-17 03:07:00;134;False
DO_0000377778;14110081001;盛香珍蝴蝶派;2;17/08/2021 03:07;69.0;138.0;DO_0000377778;14110081001;2;2021-08-17 03:07:00;22;False
DO_0000377778;14121014001;義美草莓法蘭酥;1;17/08/2021 03:07;70.0;70.0;DO_0000377778;14121014001;1;2021-08-17 03:07:00;49;False
DO_0000377778;14121017001;義美牛奶法蘭酥;1;17/08/2021 03:07;70.0;70.0;DO_0000377778;14121017001;1;2021-08-17 03:07:00;32;False
DO_0000377778;14242151001;義美芥末風味青豆;1;17/08/2021 03:07;59.0;59.0;DO_0000377778;14242151001;1;2021-08-17 03:07:00;12;False
DO_0000377778;14244034001;天天BITE綜合堅果;2;17/08/2021 03:07;16.772727272727273;33.545455;DO_0000377778;14244034001;2;2021-08-17 03:07:00;1;True
DO_0000377778;14500023001;統一大補帖當歸鴨細麵(碗)102g;2;17/08/2021 03:07;26.0;52.0;DO_0000377778;14500023001;2;2021-08-17 03:07:00;198;False
DO_0000377778;14501011001;滿漢大餐珍味牛肉麵(碗)187g;2;17/08/2021 03:07;50.0;100.0;DO_0000377778;14501011001;2;2021-08-17 03:07:00;68;False
DO_0000377778;14501065001;一度贊-老甕牛肉麵(碗) 185g;2;17/08/2021 03:07;43.0;86.0;DO_0000377778;14501065001;2;2021-08-17 03:07:00;82;False
DO_0000377778;14502026001;滿漢大餐蔥燒豬肉麵(大碗)193g;2;17/08/2021 03:07;50.0;100.0;DO_0000377778;14502026001;2;2021-08-17 03:07:00;68;False
DO_0000377778;14502054001;味味一品原汁珍味爌肉(碗)190g;2;17/08/2021 03:07;46.0;92.0;DO_0000377778;14502054001;2;2021-08-17 03:07:00;70;False
DO_0000377778;14502054001;味味一品原汁珍味爌肉(碗)190g;6;17/08/2021 03:07;46.0;276.0;DO_0000377778;14502054001;6;2021-08-17 03:07:00;70;False
DO_0000377778;31563004001;好神拖專用抗油汙布盤;1;17/08/2021 03:07;488.0;488.0;DO_0000377778;31563004001;1;2021-08-17 03:07:00;2;False
DO_0000378978;12100018001;高露潔特涼薄荷牙膏;2;17/08/2021 03:15;10.0;20.0;DO_0000378978;12100018001;2;2021-08-17 03:15:00;10;False
DO_0000378978;12102080001;高露潔抗敏感抗敏護齦2+1超值組 抗敏護齦;1;17/08/2021 03:15;238.0;238.0;DO_0000378978;12102080001;1;2021-08-17 03:15:00;10;False
DO_0000378978;14001007001;家福迷你蔬菜蘇打餅乾;1;17/08/2021 03:15;32.0;32.0;DO_0000378978;14001007001;1;2021-08-17 03:15:00;48;False
DO_0000378978;14500003001;味王麻油雞湯麵(包) 90g;10;17/08/2021 03:15;12.8;128.0;DO_0000378978;14500003001;10;2021-08-17 03:15:00;255;False
DO_0000378978;14501004001;味王原汁牛肉麵(袋) 82g;10;17/08/2021 03:15;12.8;128.0;DO_0000378978;14501004001;10;2021-08-17 03:15:00;215;False
DO_0000378978;14501047001;味味A香辣牛肉麵(袋) 83g;10;17/08/2021 03:15;15.0;150.0;DO_0000378978;14501047001;10;2021-08-17 03:15:00;150;False
DO_0000378978;14851009001;加好寶經典乾貓糧 - 海鮮7Kg;2;17/08/2021 03:15;559.0;1118.0;DO_0000378978;14851009001;2;2021-08-17 03:15:00;1;True
DO_0000378978;30011002001;永備碳鋅3號電池16入量販包;1;17/08/2021 03:15;157.0;157.0;DO_0000378978;30011002001;1;2021-08-17 03:15:00;11;False
DO_0000383560;10051034001;紅花牌檸檬果露960ml;2;17/08/2021 03:22;160.0;320.0;DO_0000383560;10051034001;2;2021-08-17 03:22:00;6;False
DO_0000383560;11070011001;雷達雙效殺蟲劑;6;17/08/2021 03:22;69.0;414.0;DO_0000383560;11070011001;6;2021-08-17 03:22:00;12;False
DO_0000383560;31502012001;可家芬平底清潔袋(大);6;17/08/2021 03:22;69.0;414.0;DO_0000383560;31502012001;6;2021-08-17 03:22:00;4;True
DO_0000383722;14010031001;鹹酥餅歡樂包;1;17/08/2021 03:22;55.0;55.0;DO_0000383722;14010031001;1;2021-08-17 03:22:00;52;False
DO_0000383722;14370029001;台糖晶冰糖;5;17/08/2021 03:22;75.0;375.0;DO_0000383722;14370029001;5;2021-08-17 03:22:00;4;True
DO_0000383722;14503034001;不倒翁海鮮烏龍拉麵(袋)120g;5;17/08/2021 03:22;32.0;160.0;DO_0000383722;14503034001;5;2021-08-17 03:22:00;40;False
DO_0000383722;14616009001;正高金門高粱醋 600cc;7;17/08/2021 03:22;99.0;693.0;DO_0000383722;14616009001;7;2021-08-17 03:22:00;12;False
DO_0000383722;14616009001;正高金門高粱醋 600cc;3;17/08/2021 03:22;99.0;297.0;DO_0000383722;14616009001;3;2021-08-17 03:22:00;12;False
DO_0000384061;12327040001;桂格機能燕麥片700g;6;17/08/2021 03:28;199.0;1194.0;DO_0000384061;12327040001;6;2021-08-17 03:28:00;3;True
DO_0000394154;12122052001;蕾妮亞零觸感特薄量多日用加長25cm;4;17/08/2021 03:37;69.5;278.0;DO_0000394154;12122052001;4;2021-08-17 03:37:00;16;False
DO_0000394154;14244059001;萬歲牌杏仁小魚;4;17/08/2021 03:37;129.0;516.0;DO_0000394154;14244059001;4;2021-08-17 03:37:00;32;False
DO_0000394154;14350011001;雀巢蜂蜜脆片220g;3;17/08/2021 03:37;72.0;216.0;DO_0000394154;14350011001;3;2021-08-17 03:37:00;2;True
DO_0000394154;14505041001;科學麵-原味(包)40g;5;17/08/2021 03:37;10.0;50.0;DO_0000394154;14505041001;5;2021-08-17 03:37:00;800;False
DO_0000394154;31567053001;無塵氏 十字壓紋除塵紙4入組;2;17/08/2021 03:37;159.0;318.0;DO_0000394154;31567053001;2;2021-08-17 03:37:00;30;False
DO_0000386446;12010110001;依必朗抗菌洗手露;2;17/08/2021 03:47;119.0;238.0;DO_0000386446;12010110001;2;2021-08-17 03:47:00;11;False
DO_0000386446;12100008001;黑人專業亮白牙膏;2;17/08/2021 03:47;74.5;149.0;DO_0000386446;12100008001;2;2021-08-17 03:47:00;1;True
DO_0000386452;12103031001;舒酸定深層潔淨-抗敏纖柔毛牙刷3入 舒酸定抗敏牙刷;2;17/08/2021 03:47;129.0;258.0;DO_0000386452;12103031001;2;2021-08-17 03:47:00;3;False
DO_0000386452;12120082001;靠得住草本瞬吸護墊17.5;8;17/08/2021 03:47;59.5;476.0;DO_0000386452;12120082001;8;2021-08-17 03:47:00;16;False
DO_0000386452;12121111001;靠得住草本抑菌衛生棉23cm;4;17/08/2021 03:47;46.333333333333336;185.333333;DO_0000386452;12121111001;4;2021-08-17 03:47:00;1;True
DO_0000386452;12122055001;靠得住草本抑菌衛生棉28cm;4;17/08/2021 03:47;46.333333333333336;185.333333;DO_0000386452;12122055001;4;2021-08-17 03:47:00;6;False
DO_0000386470;14804007001;泰山八寶粥 375g;12;17/08/2021 03:47;27.5;330.0;DO_0000386470;14804007001;12;2021-08-17 03:47:00;1200;False
DO_0000386470;14805066001;親親冰凍燒仙草 320g;24;17/08/2021 03:47;26.33333333333333;632.0;DO_0000386470;14805066001;24;2021-08-17 03:47:00;18;True
DO_0000386480;10002046001;金車麥根沙士can330ml;12;17/08/2021 03:52;15.0;180.0;DO_0000386480;10002046001;12;2021-08-17 03:52:00;354;False
DO_0000386480;10040037001;家福竹炭水6000ml;2;17/08/2021 03:52;43.0;86.0;DO_0000386480;10040037001;2;2021-08-17 03:52:00;30;False
DO_0000386480;14510050001;三好履歷契作有身分證米(圓一)3Kg;1;17/08/2021 03:52;199.0;199.0;DO_0000386480;14510050001;1;2021-08-17 03:52:00;56;False
DO_0000386480;14833078001;青葉嚕肉飯料150G;9;17/08/2021 03:52;48.0;432.0;DO_0000386480;14833078001;9;2021-08-17 03:52:00;3;True
DO_0000386526;14000075001;旺旺小小酥綜合包;1;17/08/2021 03:52;59.0;59.0;DO_0000386526;14000075001;1;2021-08-17 03:52:00;29;False
DO_0000386526;14001096001;家樂福亞麻蕎麥糙米餅160g;1;17/08/2021 03:52;55.0;55.0;DO_0000386526;14001096001;1;2021-08-17 03:52:00;4;False
DO_0000386526;14001635001;義美多穀物蘇打餅乾-芝麻燕麥;1;17/08/2021 03:52;53.0;53.0;DO_0000386526;14001635001;1;2021-08-17 03:52:00;18;False
DO_0000386526;14010072001;可樂果原味超值分享包;1;17/08/2021 03:52;52.0;52.0;DO_0000386526;14010072001;1;2021-08-17 03:52:00;30;False
DO_0000386526;14023257001;薯片先生(紫薯味);1;17/08/2021 03:52;9.375;9.375;DO_0000386526;14023257001;1;2021-08-17 03:52:00;9;False
DO_0000386526;14104067001;義美紅麴養生薄餅;1;17/08/2021 03:52;72.0;72.0;DO_0000386526;14104067001;1;2021-08-17 03:52:00;52;False
DO_0000386526;14203017001;北海鱈魚香絲;1;17/08/2021 03:52;72.0;72.0;DO_0000386526;14203017001;1;2021-08-17 03:52:00;115;False
DO_0000386526;14242151001;義美芥末風味青豆;1;17/08/2021 03:52;59.0;59.0;DO_0000386526;14242151001;1;2021-08-17 03:52:00;12;False
DO_0000386526;14312003001;UCC 117 即溶咖啡;4;17/08/2021 03:52;300.0;1200.0;DO_0000386526;14312003001;4;2021-08-17 03:52:00;2;True
DO_0000386526;14505041001;科學麵-原味(包)40g;5;17/08/2021 03:52;10.0;50.0;DO_0000386526;14505041001;5;2021-08-17 03:52:00;800;False
DO_0000386535;10021007001;寶礦力水得Pet1460ml;1;17/08/2021 03:58;35.0;35.0;DO_0000386535;10021007001;1;2021-08-17 03:58:00;134;False
DO_0000386535;12110059001;吉列鋒速3刮鬍刀 1刀頭1刀架;2;17/08/2021 03:58;74.875;149.75;DO_0000386535;12110059001;2;2021-08-17 03:58:00;1;True
DO_0000386535;14010078001;可樂果酷辣;1;17/08/2021 03:58;63.0;63.0;DO_0000386535;14010078001;1;2021-08-17 03:58:00;31;False
DO_0000386535;14200006001;利全五香豆乾 210g;2;17/08/2021 03:58;69.0;138.0;DO_0000386535;14200006001;2;2021-08-17 03:58:00;19;False
DO_0000386535;30450039001;OPP透明膠帶-1入;1;17/08/2021 03:58;19.0;19.0;DO_0000386535;30450039001;1;2021-08-17 03:58:00;-1;False
DO_0000386536;14412023001;桂格敏兒HA麥精纖果順暢配方;6;17/08/2021 03:58;299.0;1794.0;DO_0000386536;14412023001;6;2021-08-17 03:58:00;3;True
DO_0000386594;12111030001;舒適水次元5刮鬍刀片;2;17/08/2021 03:58;509.0;1018.0;DO_0000386594;12111030001;2;2021-08-17 03:58:00;1;True
DO_0000386606;11032027001;克潮靈集水袋補充包 -檜木香;2;17/08/2021 04:00;18.33333333333333;36.666667;DO_0000386606;11032027001;2;2021-08-17 04:00:00;10;False
DO_0000386606;11040003001;潔霜免刷洗馬桶清潔劑青檸芳香;1;17/08/2021 04:00;50.0;50.0;DO_0000386606;11040003001;1;2021-08-17 04:00:00;6;False
DO_0000386606;11040008001;潔霜免刷洗馬桶清潔劑百花清香;1;17/08/2021 04:00;50.0;50.0;DO_0000386606;11040008001;1;2021-08-17 04:00:00;7;False
DO_0000386606;12012022001;凡士林深層修護潤膚露;2;17/08/2021 04:00;169.0;338.0;DO_0000386606;12012022001;2;2021-08-17 04:00:00;1;True
DO_0000386606;14203078001;北海鱈魚香絲(寬條);1;17/08/2021 04:00;116.0;116.0;DO_0000386606;14203078001;1;2021-08-17 04:00:00;19;False
DO_0000386609;14510210001;三好一等皇家香米2.2kg(長一);5;17/08/2021 04:25;199.0;995.0;DO_0000386609;14510210001;5;2021-08-17 04:25:00;3;True
DO_0000386701;10022910001;魔爪芒果狂歡能量碳酸飲料can355ml;8;17/08/2021 05:18;39.5;316.0;DO_0000386701;10022910001;8;2021-08-17 05:18:00;4;True
DO_0000386701;10031011001;麥香阿薩姆紅茶1250ml;2;17/08/2021 05:18;30.0;60.0;DO_0000386701;10031011001;2;2021-08-17 05:18:00;93;False
DO_0000386701;14222142001;盛香珍 零卡果凍-綜合口味;1;17/08/2021 05:18;95.0;95.0;DO_0000386701;14222142001;1;2021-08-17 05:18:00;24;False
DO_0000386701;14244003001;盛香珍小魚干花生;1;17/08/2021 05:18;69.0;69.0;DO_0000386701;14244003001;1;2021-08-17 05:18:00;42;False
DO_0000386701;14611022001;得意的一天100％葵花油2.4L;1;17/08/2021 05:18;258.0;258.0;DO_0000386701;14611022001;1;2021-08-17 05:18:00;63;False
DO_0000386701;31532099001;順林_百研菜瓜布杯刷;2;17/08/2021 05:18;89.0;178.0;DO_0000386701;31532099001;2;2021-08-17 05:18:00;6;False
DO_0000386701;31567031001;無塵氏茶樹抗菌擦拭拖地兩用布;2;17/08/2021 05:18;69.0;138.0;DO_0000386701;31567031001;2;2021-08-17 05:18:00;52;False
DO_0000386701;31821065001;美背二層空櫥;1;17/08/2021 05:18;255.0;255.0;DO_0000386701;31821065001;1;2021-08-17 05:18:00;2;False
DO_0000386701;32503035001;A4-40頁學習檔案;1;17/08/2021 05:18;59.0;59.0;DO_0000386701;32503035001;1;2021-08-17 05:18:00;-1;False
DO_0000386704;12130113001;康乃馨成人紙尿褲經濟L;10;17/08/2021 05:18;109.0;1090.0;DO_0000386704;12130113001;10;2021-08-17 05:18:00;1;True
DO_0000386748;10000998001;可樂雪碧350ml*12入組;1;17/08/2021 05:20;16.583333333333332;16.583333;DO_0000386748;10000998001;1;2021-08-17 05:20:00;48;False
DO_0000386748;14000006001;雪餅;1;17/08/2021 05:20;27.0;27.0;DO_0000386748;14000006001;1;2021-08-17 05:20:00;60;False
DO_0000386748;14000073001;無聊派大仙貝酥;1;17/08/2021 05:20;59.0;59.0;DO_0000386748;14000073001;1;2021-08-17 05:20:00;97;False
DO_0000386748;14001030001;家樂福蔬菜蘇打;2;17/08/2021 05:20;65.0;130.0;DO_0000386748;14001030001;2;2021-08-17 05:20:00;15;False
DO_0000386748;14001128001;家樂福奇亞籽黑胡椒蘇打餅乾;1;17/08/2021 05:20;79.0;79.0;DO_0000386748;14001128001;1;2021-08-17 05:20:00;4;False
DO_0000386748;14003029001;海太加鈣營養餅乾;1;17/08/2021 05:20;61.0;61.0;DO_0000386748;14003029001;1;2021-08-17 05:20:00;71;False
DO_0000386748;14010040001;科學麵20合1 Min 家庭號;3;17/08/2021 05:20;54.0;162.0;DO_0000386748;14010040001;3;2021-08-17 05:20:00;245;False
DO_0000386748;14010173001;蝦味先-原味115g;2;17/08/2021 05:20;33.0;66.0;DO_0000386748;14010173001;2;2021-08-17 05:20:00;28;False
DO_0000386748;14011014001;多力多滋派對分享包超濃起司;1;17/08/2021 05:20;56.0;56.0;DO_0000386748;14011014001;1;2021-08-17 05:20:00;21;False
DO_0000386748;14011029001;多力多滋起士組合包;1;17/08/2021 05:20;79.0;79.0;DO_0000386748;14011029001;1;2021-08-17 05:20:00;168;False
DO_0000386748;14013022001;家樂福焦糖玫瑰鹽爆米花;2;17/08/2021 05:20;42.0;84.0;DO_0000386748;14013022001;2;2021-08-17 05:20:00;12;False
DO_0000386748;14014014001;百事享樂包;1;17/08/2021 05:20;66.0;66.0;DO_0000386748;14014014001;1;2021-08-17 05:20:00;182;False
DO_0000386748;14014015001;可樂果原味量販包;1;17/08/2021 05:20;63.0;63.0;DO_0000386748;14014015001;1;2021-08-17 05:20:00;234;False
DO_0000386748;14110010001;家福杏仁派;1;17/08/2021 05:20;52.0;52.0;DO_0000386748;14110010001;1;2021-08-17 05:20:00;10;False
DO_0000386748;14110015001;樂天蛋黃派;1;17/08/2021 05:20;114.0;114.0;DO_0000386748;14110015001;1;2021-08-17 05:20:00;81;False
DO_0000386748;14110019001;家福奶油派;1;17/08/2021 05:20;69.0;69.0;DO_0000386748;14110019001;1;2021-08-17 05:20:00;16;False
DO_0000386748;14110106001;Custard Cake-蛋黃派(卡士達口味蛋糕);3;17/08/2021 05:20;99.0;297.0;DO_0000386748;14110106001;3;2021-08-17 05:20:00;66;False
DO_0000386748;14110145001;家樂福雙餡麻糬-紅豆奶香風味;1;17/08/2021 05:20;9.166666666666666;9.166667;DO_0000386748;14110145001;1;2021-08-17 05:20:00;2;False
DO_0000386748;14111010001;家福蜂蜜蜜麻花;1;17/08/2021 05:20;159.0;159.0;DO_0000386748;14111010001;1;2021-08-17 05:20:00;12;False
DO_0000386748;14111020001;原味巡禮原味地瓜酥;1;17/08/2021 05:20;59.0;59.0;DO_0000386748;14111020001;1;2021-08-17 05:20:00;16;False
DO_0000386748;14502012001;統一肉骨茶(包) 93g;5;17/08/2021 05:20;15.6;78.0;DO_0000386748;14502012001;5;2021-08-17 05:20:00;250;False
DO_0000386748;14502014001;來一客-肉燥菠菜 67g;3;17/08/2021 05:20;21.666666666666668;65.0;DO_0000386748;14502014001;3;2021-08-17 05:20:00;249;False
DO_0000386748;14502081001;味味麵精燉肉燥湯麵(包) 78g;5;17/08/2021 05:20;13.0;65.0;DO_0000386748;14502081001;5;2021-08-17 05:20:00;380;False
DO_0000386748;14510148001;三好履歷芋香米2.2kg(圓一);1;17/08/2021 05:20;199.0;199.0;DO_0000386748;14510148001;1;2021-08-17 05:20:00;9;False
DO_0000386748;14510205001;花蓮越光米1.5kg;1;17/08/2021 05:20;198.0;198.0;DO_0000386748;14510205001;1;2021-08-17 05:20:00;5;False
DO_0000386748;14613918001;福壽100％純芥花油2L;2;17/08/2021 05:20;209.0;418.0;DO_0000386748;14613918001;2;2021-08-17 05:20:00;1;True
DO_0000386748;14810016001;牛頭牌金鑽玉米粒340g;6;17/08/2021 05:20;33.0;198.0;DO_0000386748;14810016001;6;2021-08-17 05:20:00;201;False
DO_0000386748;14820008001;大茂黑瓜 170g;3;17/08/2021 05:20;26.33333333333333;79.0;DO_0000386748;14820008001;3;2021-08-17 05:20:00;1566;False
DO_0000386748;14820014001;愛之味青脆菜心180g;3;17/08/2021 05:20;33.0;99.0;DO_0000386748;14820014001;3;2021-08-17 05:20:00;177;False
DO_0000386748;14821003001;愛之味珍保玉筍120g;3;17/08/2021 05:20;33.0;99.0;DO_0000386748;14821003001;3;2021-08-17 05:20:00;249;False
DO_0000386748;14822010001;飯友#4草菇;3;17/08/2021 05:20;47.0;141.0;DO_0000386748;14822010001;3;2021-08-17 05:20:00;4;False
DO_0000386748;14822014001;愛之味 韓式泡菜190g;3;17/08/2021 05:20;34.666666666666664;104.0;DO_0000386748;14822014001;3;2021-08-17 05:20:00;72;False
DO_0000387378;12011347001;沙威隆抗菌潔淨沐浴乳茶樹精油;6;17/08/2021 05:23;139.0;834.0;DO_0000387378;12011347001;6;2021-08-17 05:23:00;4;True
DO_0000387378;14022118001;卡那洋芋片牛排口味175g;1;17/08/2021 05:23;36.0;36.0;DO_0000387378;14022118001;1;2021-08-17 05:23:00;8;False
DO_0000390881;12103105001;獅王細潔抗敏牙刷;24;17/08/2021 05:23;54.5;1308.0;DO_0000390881;12103105001;24;2021-08-17 05:23:00;12;True
DO_0000391331;11050038001;水晶肥皂無添加食器洗滌液體;1;17/08/2021 05:24;129.0;129.0;DO_0000391331;11050038001;1;2021-08-17 05:24:00;6;False
DO_0000391331;11050047001;水晶肥皂食器洗滌液体-補充包;2;17/08/2021 05:24;129.0;258.0;DO_0000391331;11050047001;2;2021-08-17 05:24:00;5;False
DO_0000391331;11102012001;水晶肥皂粉体;3;17/08/2021 05:24;160.0;480.0;DO_0000391331;11102012001;3;2021-08-17 05:24:00;1;True
DO_0000391331;14353024001;桂格即沖即食大燕麥片1700g;3;17/08/2021 05:24;219.0;657.0;DO_0000391331;14353024001;3;2021-08-17 05:24:00;37;False
DO_0000391347;10012004001;美粒果柳橙汁Pet1250ml;6;17/08/2021 05:24;39.0;234.0;DO_0000391347;10012004001;6;2021-08-17 05:24:00;440;False
DO_0000391347;14010040001;科學麵20合1 Min 家庭號;1;17/08/2021 05:24;54.0;54.0;DO_0000391347;14010040001;1;2021-08-17 05:24:00;245;False
DO_0000391347;14353025001;台糖燕麥片;6;17/08/2021 05:24;68.0;408.0;DO_0000391347;14353025001;6;2021-08-17 05:24:00;5;True
DO_0000391347;14370072001;台糖黑糖300克;1;17/08/2021 05:24;46.0;46.0;DO_0000391347;14370072001;1;2021-08-17 05:24:00;13;False
DO_0000391347;14505115001;維力炸醬麵重量包(袋) 123g;8;17/08/2021 05:24;20.75;166.0;DO_0000391347;14505115001;8;2021-08-17 05:24:00;196;False
DO_0000391449;11030018001;Farcent香水擴香補小蒼蘭英國梨;5;17/08/2021 05:24;119.0;595.0;DO_0000391449;11030018001;5;2021-08-17 05:24:00;5;False
DO_0000391449;11032015001;克潮靈備長炭消臭除濕量販包;5;17/08/2021 05:24;17.25;86.25;DO_0000391449;11032015001;5;2021-08-17 05:24:00;4;True
DO_0000392221;14620092001;黑豆桑全能缸底醬油-550ml;8;17/08/2021 05:28;420.0;3360.0;DO_0000392221;14620092001;8;2021-08-17 05:28:00;2;True
DO_0000393486;11022011001;新威猛先生浴室噴槍;4;17/08/2021 06:54;66.0;264.0;DO_0000393486;11022011001;4;2021-08-17 06:54:00;6;False
DO_0000393486;11050061001;白蘭新動力配方洗碗精鮮柚1kg;2;17/08/2021 06:54;79.0;158.0;DO_0000393486;11050061001;2;2021-08-17 06:54:00;1;True
DO_0000393486;12201153001;五月花舒敏厚棒抽取式衛生紙86抽4包;1;17/08/2021 06:54;19.7;19.7;DO_0000393486;12201153001;1;2021-08-17 06:54:00;203;False
DO_0000393486;31422019001;妙潔耐熱袋六兩345入;4;17/08/2021 06:54;66.0;264.0;DO_0000393486;31422019001;4;2021-08-17 06:54:00;1;True
DO_0000393486;31422023001;楓康耐熱袋大140入;4;17/08/2021 06:54;59.0;236.0;DO_0000393486;31422023001;4;2021-08-17 06:54:00;6;False
DO_0000394022;12130012001;安安看護墊XXL;2;17/08/2021 06:55;99.0;198.0;DO_0000394022;12130012001;2;2021-08-17 06:55:00;6;False
DO_0000394022;12130012001;安安看護墊XXL;10;17/08/2021 06:55;99.0;990.0;DO_0000394022;12130012001;10;2021-08-17 06:55:00;6;True
DO_0000368782;14000057001;鴻津太國捲(蛋奶素);1;17/08/2021 15:24;85.0;85.0;DO_0000368782;14000057001;1;2021-08-17 15:24:00;99;False
DO_0000368782;14011003001;奇多隨口脆-家常起司;1;17/08/2021 15:24;120.0;120.0;DO_0000368782;14011003001;1;2021-08-17 15:24:00;96;False
DO_0000368782;14014005001;奇多綜合起司組合包;1;17/08/2021 15:24;79.0;79.0;DO_0000368782;14014005001;1;2021-08-17 15:24:00;79;False
DO_0000368782;14014014001;百事享樂包;1;17/08/2021 15:24;66.0;66.0;DO_0000368782;14014014001;1;2021-08-17 15:24:00;182;False
DO_0000368782;14014031001;百事綜合歡樂包;1;17/08/2021 15:24;66.0;66.0;DO_0000368782;14014031001;1;2021-08-17 15:24:00;54;False
DO_0000368782;14023056001;樂事意合組合包;1;17/08/2021 15:24;93.0;93.0;DO_0000368782;14023056001;1;2021-08-17 15:24:00;299;False
DO_0000368782;14104101001;義美鮮乳薄餅量販盒;1;17/08/2021 15:24;72.0;72.0;DO_0000368782;14104101001;1;2021-08-17 15:24:00;24;False
DO_0000368782;14130054001;義美清香檸檬夾心酥(檸檬風味)400g;1;17/08/2021 15:24;91.0;91.0;DO_0000368782;14130054001;1;2021-08-17 15:24:00;26;False
DO_0000368782;14500037001;韓式小雞麵(雞汁味)30g x24;2;17/08/2021 15:24;10.375;20.75;DO_0000368782;14500037001;2;2021-08-17 15:24:00;42;False
DO_0000368782;14500042001;韓式小雞麵(香辣味)28gx24;1;17/08/2021 15:24;10.375;10.375;DO_0000368782;14500042001;1;2021-08-17 15:24:00;38;False
DO_0000368782;14501022001;滿漢大餐蔥燒牛肉(袋) 187g;3;17/08/2021 15:24;44.66666666666666;134.0;DO_0000368782;14501022001;3;2021-08-17 15:24:00;186;False
DO_0000368782;14501045001;來一客川辣牛肉 67g;6;17/08/2021 15:24;21.666666666666668;130.0;DO_0000368782;14501045001;6;2021-08-17 15:24:00;249;False
DO_0000368782;14501047001;味味A香辣牛肉麵(袋) 83g;5;17/08/2021 15:24;15.0;75.0;DO_0000368782;14501047001;5;2021-08-17 15:24:00;150;False
DO_0000368782;14613918001;福壽100％純芥花油2L;2;17/08/2021 15:24;209.0;418.0;DO_0000368782;14613918001;2;2021-08-17 15:24:00;1;True
DO_0000368782;14810002001;台鳳非基因改造玉米粒 340g;9;17/08/2021 15:24;33.0;297.0;DO_0000368782;14810002001;9;2021-08-17 15:24:00;30;False
DO_0000396796;10013003001;黑松葡萄C/TP300ml;6;17/08/2021 15:28;7.875;47.25;DO_0000396796;10013003001;6;2021-08-17 15:28:00;300;False
DO_0000396796;12005056002;美吾髮快速護髮染髮霜補充包 5號-深栗;2;17/08/2021 15:28;152.0;304.0;DO_0000396796;12005056002;2;2021-08-17 15:28:00;1;True
DO_0000396796;12104003001;刷樂小胖子兒童牙刷;8;17/08/2021 15:28;19.75;158.0;DO_0000396796;12104003001;8;2021-08-17 15:28:00;72;False
DO_0000396796;12120027001;靠得住蘆薈高透氧護墊;6;17/08/2021 15:28;39.75;238.5;DO_0000396796;12120027001;6;2021-08-17 15:28:00;24;False
DO_0000396796;14113066001;樂天巧克力派;1;17/08/2021 15:28;94.0;94.0;DO_0000396796;14113066001;1;2021-08-17 15:28:00;65;False
DO_0000396796;14506049001;好勁道-寬版大麵300g;2;17/08/2021 15:28;26.0;52.0;DO_0000396796;14506049001;2;2021-08-17 15:28:00;10;False
DO_0000396796;14506065001;好勁道-家常麵條 300g;2;17/08/2021 15:28;24.0;48.0;DO_0000396796;14506065001;2;2021-08-17 15:28:00;20;False
DO_0000396796;14506072001;好勁道-月見雞蛋麵300g;2;17/08/2021 15:28;26.0;52.0;DO_0000396796;14506072001;2;2021-08-17 15:28:00;33;False
DO_0000396796;14600898001;統一生機海鹽-立袋450g;2;17/08/2021 15:28;53.0;106.0;DO_0000396796;14600898001;2;2021-08-17 15:28:00;6;False
DO_0000402191;14412023001;桂格敏兒HA麥精纖果順暢配方;6;17/08/2021 15:28;299.0;1794.0;DO_0000402191;14412023001;6;2021-08-17 15:28:00;3;True
DO_0000404229;14001017001;正哲礦鹽蘇打餅-胡椒蕎麥風味;1;17/08/2021 15:28;109.0;109.0;DO_0000404229;14001017001;1;2021-08-17 15:28:00;42;False
DO_0000404229;14003005001;Binggrae螃蟹餅乾(芥末口味);2;17/08/2021 15:28;49.0;98.0;DO_0000404229;14003005001;2;2021-08-17 15:28:00;1;True
DO_0000404229;14010002001;可樂果辣味量販包;2;17/08/2021 15:28;63.0;126.0;DO_0000404229;14010002001;2;2021-08-17 15:28:00;48;False
DO_0000404229;14121136001;麗滋起司餅乾隨手包243g;1;17/08/2021 15:28;79.0;79.0;DO_0000404229;14121136001;1;2021-08-17 15:28:00;21;False
DO_0000404229;14505016001;來一客-韓式泡菜 67g;6;17/08/2021 15:28;21.666666666666668;130.0;DO_0000404229;14505016001;6;2021-08-17 15:28:00;282;False
DO_0000404229;14505899001;統一脆麵(包)55g;10;17/08/2021 15:28;10.0;100.0;DO_0000404229;14505899001;10;2021-08-17 15:28:00;670;False
DO_0000404229;14521156001;康寶濃湯-自然原味川式酸辣50.2g;2;17/08/2021 15:28;50.0;100.0;DO_0000404229;14521156001;2;2021-08-17 15:28:00;18;False
DO_0000394704;14611013001;得意的一天三益葵花油1.58L;9;17/08/2021 15:34;238.0;2142.0;DO_0000394704;14611013001;9;2021-08-17 15:34:00;8;True
DO_0000402741;10014116001;VICO 100 椰子水 1000ml;1;17/08/2021 16:21;66.5;66.5;DO_0000402741;10014116001;1;2021-08-17 16:21:00;12;False
DO_0000402741;12201051001;春風經濟包抽取衛生紙;20;17/08/2021 16:21;9.5;190.0;DO_0000402741;12201051001;20;2021-08-17 16:21:00;60;False
DO_0000402741;14244039001;Sunny Ranch 精選無調味綜合桶;1;17/08/2021 16:21;369.0;369.0;DO_0000402741;14244039001;1;2021-08-17 16:21:00;7;False
DO_0000402741;14361022001;馬玉山黑芝麻粉300g;4;17/08/2021 16:21;99.0;396.0;DO_0000402741;14361022001;4;2021-08-17 16:21:00;3;True
DO_0000373049;10001004001;雪碧汽水2L;2;17/08/2021 16:22;39.0;78.0;DO_0000373049;10001004001;2;2021-08-17 16:22:00;191;False
DO_0000373049;12201153001;五月花舒敏厚棒抽取式衛生紙86抽4包;1;17/08/2021 16:22;19.7;19.7;DO_0000373049;12201153001;1;2021-08-17 16:22:00;203;False
DO_0000373049;14000003001;旺旺仙貝經濟包;1;17/08/2021 16:22;107.0;107.0;DO_0000373049;14000003001;1;2021-08-17 16:22:00;17;False
DO_0000373049;14023056001;樂事意合組合包;1;17/08/2021 16:22;93.0;93.0;DO_0000373049;14023056001;1;2021-08-17 16:22:00;299;False
DO_0000373049;14370004001;台糖貳號砂糖;6;17/08/2021 16:22;36.0;216.0;DO_0000373049;14370004001;6;2021-08-17 16:22:00;72;False
DO_0000373049;14611010001;得意的一天100％葵花油3.5L;2;17/08/2021 16:22;371.0;742.0;DO_0000373049;14611010001;2;2021-08-17 16:22:00;111;False
DO_0000373049;14620907001;四季釀造醬油1600ml;1;17/08/2021 16:22;102.0;102.0;DO_0000373049;14620907001;1;2021-08-17 16:22:00;56;False
DO_0000373049;14804007001;泰山八寶粥 375g;12;17/08/2021 16:22;27.5;330.0;DO_0000373049;14804007001;12;2021-08-17 16:22:00;1200;False
DO_0000373049;14831027001;新東陽海捕豆豉香酥鰻100g;3;17/08/2021 16:22;49.66666666666666;149.0;DO_0000373049;14831027001;3;2021-08-17 16:22:00;6;False
DO_0000373049;14831027001;新東陽海捕豆豉香酥鰻100g;9;17/08/2021 16:22;49.66666666666666;447.0;DO_0000373049;14831027001;9;2021-08-17 16:22:00;6;True
DO_0000373049;14840003001;大茂大土豆麵筋170g;6;17/08/2021 16:22;26.33333333333333;158.0;DO_0000373049;14840003001;6;2021-08-17 16:22:00;774;False
DO_0000379551;14300046001;台灣農林原片紅玉紅茶;10;17/08/2021 16:22;169.0;1690.0;DO_0000379551;14300046001;10;2021-08-17 16:22:00;3;True
DO_0000397772;31827020001;波浪四層架輕型;2;17/08/2021 16:22;749.0;1498.0;DO_0000397772;31827020001;2;2021-08-17 16:22:00;1;True
DO_0000402457;10023998001;天地合補金盞花葉黃素濃縮飲15mlx16入;1;17/08/2021 16:22;49.9375;49.9375;DO_0000402457;10023998001;1;2021-08-17 16:22:00;1;False
DO_0000402457;10023998001;天地合補金盞花葉黃素濃縮飲15mlx16入;2;17/08/2021 16:22;49.9375;99.875;DO_0000402457;10023998001;2;2021-08-17 16:22:00;1;True
DO_0000403768;12011111001;施巴5.5橄欖潔膚露 橄欖潔膚露;1;17/08/2021 16:22;739.0;739.0;DO_0000403768;12011111001;1;2021-08-17 16:22:00;1;False
DO_0000403768;12106030001;歐樂B50M牙線無蠟;4;17/08/2021 16:22;32.0;128.0;DO_0000403768;12106030001;4;2021-08-17 16:22:00;42;False
DO_0000403768;12106107001;歐樂B 舒適深潔牙線;2;17/08/2021 16:22;64.0;128.0;DO_0000403768;12106107001;2;2021-08-17 16:22:00;6;False
DO_0000403768;12121051001;蘇菲極淨肌原生棉量少型17.5cm;16;17/08/2021 16:22;34.5;552.0;DO_0000403768;12121051001;16;2021-08-17 16:22:00;4;True
DO_0000403768;14616002001;工研白醋 600ml;1;17/08/2021 16:22;37.0;37.0;DO_0000403768;14616002001;1;2021-08-17 16:22:00;94;False
DO_0000394477;31827020001;波浪四層架輕型;2;17/08/2021 16:23;749.0;1498.0;DO_0000394477;31827020001;2;2021-08-17 16:23:00;1;True
DO_0000394477;31827023001;波浪四層架中型;2;17/08/2021 16:23;1199.0;2398.0;DO_0000394477;31827023001;2;2021-08-17 16:23:00;4;False
DO_0000376273;14243040001;萬歲牌夏威夷果;1;17/08/2021 17:48;129.0;129.0;DO_0000376273;14243040001;1;2021-08-17 17:48:00;19;False
DO_0000376273;14244022001;萬歲牌核桃小魚125G;1;17/08/2021 17:48;129.0;129.0;DO_0000376273;14244022001;1;2021-08-17 17:48:00;-1;False
DO_0000376273;14244059001;萬歲牌杏仁小魚;1;17/08/2021 17:48;129.0;129.0;DO_0000376273;14244059001;1;2021-08-17 17:48:00;32;False
DO_0000376273;31677021002;OPEN整理收納盒_RTS;6;17/08/2021 17:48;199.0;1194.0;DO_0000376273;31677021002;6;2021-08-17 17:48:00;1;True
DO_0000405889;11021006001;威猛先生廚房超強效;1;17/08/2021 19:45;42.5;42.5;DO_0000405889;11021006001;1;2021-08-17 19:45:00;2;False
DO_0000405889;11050077001;家福超值洗潔精5000克;1;17/08/2021 19:45;125.0;125.0;DO_0000405889;11050077001;1;2021-08-17 19:45:00;35;False
DO_0000405889;12201153001;五月花舒敏厚棒抽取式衛生紙86抽4包;1;17/08/2021 19:45;19.7;19.7;DO_0000405889;12201153001;1;2021-08-17 19:45:00;203;False
DO_0000405889;12220013001;五月花妙用廚房紙巾;1;17/08/2021 19:45;16.5;16.5;DO_0000405889;12220013001;1;2021-08-17 19:45:00;22;False
DO_0000405889;14023307001;湖池屋卡辣姆久厚切洋芋片-勁辣唐辛子;2;17/08/2021 19:45;65.0;130.0;DO_0000405889;14023307001;2;2021-08-17 19:45:00;7;False
DO_0000405889;14242131001;盛香珍豐葵香瓜子(焦糖口味);2;17/08/2021 19:45;47.0;94.0;DO_0000405889;14242131001;2;2021-08-17 19:45:00;11;False
DO_0000405889;14620006001;龜甲萬甘醇薄鹽醬油1600ml;1;17/08/2021 19:45;115.0;115.0;DO_0000405889;14620006001;1;2021-08-17 19:45:00;28;False
DO_0000405889;14621069001;萬家香香菇素蠔油600g;2;17/08/2021 19:45;49.0;98.0;DO_0000405889;14621069001;2;2021-08-17 19:45:00;46;False
DO_0000405889;31501021001;家樂福香氛清潔袋(中);3;17/08/2021 19:45;16.0;48.0;DO_0000405889;31501021001;3;2021-08-17 19:45:00;26;False
DO_0000405889;31501901003;驅塵氏香氛清潔袋(中);1;17/08/2021 19:45;55.0;55.0;DO_0000405889;31501901003;1;2021-08-17 19:45:00;7;False
DO_0000405889;31502025001;家樂福香氛清潔袋(大);3;17/08/2021 19:45;34.5;103.5;DO_0000405889;31502025001;3;2021-08-17 19:45:00;19;False
DO_0000405889;31628003001;兒童衣架;2;17/08/2021 19:45;37.0;74.0;DO_0000405889;31628003001;2;2021-08-17 19:45:00;1;True
DO_0000352577;11051002001;加倍潔小蘇打去汙粉;2;17/08/2021 20:25;98.0;196.0;DO_0000352577;11051002001;2;2021-08-17 20:25:00;21;False
DO_0000352577;12120001001;康乃馨超薄透氣護墊;2;17/08/2021 20:25;24.5;49.0;DO_0000352577;12120001001;2;2021-08-17 20:25:00;34;False
DO_0000352577;12120053001;蘇菲瞬吸加長護墊17.5cm花香;2;17/08/2021 20:25;34.5;69.0;DO_0000352577;12120053001;2;2021-08-17 20:25:00;32;False
DO_0000352577;12120086001;康乃韾清涼護墊加長17cm;10;17/08/2021 20:25;47.5;475.0;DO_0000352577;12120086001;10;2021-08-17 20:25:00;8;True
DO_0000352577;12120898001;蘇菲瞬吸加長護墊15.5cm無香;2;17/08/2021 20:25;33.5;67.0;DO_0000352577;12120898001;2;2021-08-17 20:25:00;16;False
DO_0000352577;12201153001;五月花舒敏厚棒抽取式衛生紙86抽4包;1;17/08/2021 20:25;19.7;19.7;DO_0000352577;12201153001;1;2021-08-17 20:25:00;203;False
DO_0000352577;14001009001;中祥自然之顏紫菜蘇打;1;17/08/2021 20:25;74.0;74.0;DO_0000352577;14001009001;1;2021-08-17 20:25:00;37;False
DO_0000355927;10002071001;金車奧利多水Pet585ml;4;17/08/2021 20:25;22.5;90.0;DO_0000355927;10002071001;4;2021-08-17 20:25:00;84;False
DO_0000355927;11103211001;白蘭4X酵素極淨洗衣球除菌淨味補充包 除菌淨味;2;17/08/2021 20:25;7.633333333333334;15.266667;DO_0000355927;11103211001;2;2021-08-17 20:25:00;1;True
DO_0000355927;14010029001;可樂果九層塔;1;17/08/2021 20:25;89.0;89.0;DO_0000355927;14010029001;1;2021-08-17 20:25:00;18;False
DO_0000355927;14010040001;科學麵20合1 Min 家庭號;1;17/08/2021 20:25;54.0;54.0;DO_0000355927;14010040001;1;2021-08-17 20:25:00;245;False
DO_0000355927;14023056001;樂事意合組合包;1;17/08/2021 20:25;93.0;93.0;DO_0000355927;14023056001;1;2021-08-17 20:25:00;299;False
DO_0000355927;14102250001;義美杏仁巧克力酥片（牛奶巧克力）;1;17/08/2021 20:25;104.0;104.0;DO_0000355927;14102250001;1;2021-08-17 20:25:00;89;False
DO_0000355927;14104098001;雪之戀雪花餅;1;17/08/2021 20:25;79.0;79.0;DO_0000355927;14104098001;1;2021-08-17 20:25:00;4;False
DO_0000355927;14110081001;盛香珍蝴蝶派;1;17/08/2021 20:25;69.0;69.0;DO_0000355927;14110081001;1;2021-08-17 20:25:00;22;False
DO_0000355927;14112016001;樂天小熊餅-巧克力風味(家庭號);1;17/08/2021 20:25;119.0;119.0;DO_0000355927;14112016001;1;2021-08-17 20:25:00;45;False
DO_0000355927;14131047001;77新貴派18片盒裝-花生;1;17/08/2021 20:25;88.0;88.0;DO_0000355927;14131047001;1;2021-08-17 20:25:00;63;False
DO_0000355927;14133003001;義美蛋捲量販盒-原味;1;17/08/2021 20:25;1125.0;1125.0;DO_0000355927;14133003001;1;2021-08-17 20:25:00;57;False
DO_0000355927;14200119001;良澔大溪名產豆丁(辣味);2;17/08/2021 20:25;89.0;178.0;DO_0000355927;14200119001;2;2021-08-17 20:25:00;15;False
DO_0000355927;14203027001;北海鱈魚香絲- 麻辣;1;17/08/2021 20:25;118.0;118.0;DO_0000355927;14203027001;1;2021-08-17 20:25:00;15;False
DO_0000355927;14203078001;北海鱈魚香絲(寬條);1;17/08/2021 20:25;116.0;116.0;DO_0000355927;14203078001;1;2021-08-17 20:25:00;19;False
DO_0000355927;14203083001;珍珍- 芝麻鱈絲;1;17/08/2021 20:25;55.0;55.0;DO_0000355927;14203083001;1;2021-08-17 20:25:00;9;False
DO_0000355927;14510298001;三好花蓮新米6Kg;1;17/08/2021 20:25;399.0;399.0;DO_0000355927;14510298001;1;2021-08-17 20:25:00;16;False
DO_0000355927;32403025003;雄獅NO.230白板筆3入;3;17/08/2021 20:25;57.0;171.0;DO_0000355927;32403025003;3;2021-08-17 20:25:00;2;True
DO_0000392238;11050103001;楓康一滴淨洗碗精補充包柑橘;1;17/08/2021 20:25;129.0;129.0;DO_0000392238;11050103001;1;2021-08-17 20:25:00;2;False
DO_0000392238;12201153001;五月花舒敏厚棒抽取式衛生紙86抽4包;1;17/08/2021 20:25;19.7;19.7;DO_0000392238;12201153001;1;2021-08-17 20:25:00;203;False
DO_0000392238;14850093001;寶多福美食犬餐雞肉口味15kg;1;17/08/2021 20:25;649.0;649.0;DO_0000392238;14850093001;1;2021-08-17 20:25:00;8;False
DO_0000392238;14852064001;葛莉思犬罐-牛肉口味 400g;9;17/08/2021 20:25;37.0;333.0;DO_0000392238;14852064001;9;2021-08-17 20:25:00;3;True
DO_0000395101;12000101001;超值薄荷洗髮乳;5;17/08/2021 20:25;215.0;1075.0;DO_0000395101;12000101001;5;2021-08-17 20:25:00;1;True
DO_0000397793;12017009001;婦潔私密沐浴露-日常潔淨 日常潔淨;1;17/08/2021 20:25;599.0;599.0;DO_0000397793;12017009001;1;2021-08-17 20:25:00;2;False
DO_0000397793;14370077001;優-台灣紅冰糖;2;17/08/2021 20:25;90.0;180.0;DO_0000397793;14370077001;2;2021-08-17 20:25:00;2;False
DO_0000397793;14507042001;QQ義大利麵500g;1;17/08/2021 20:25;51.0;51.0;DO_0000397793;14507042001;1;2021-08-17 20:25:00;6;False
DO_0000397793;14507061001;百味來義大利直麵#5 500g;1;17/08/2021 20:25;108.0;108.0;DO_0000397793;14507061001;1;2021-08-17 20:25:00;-1;False
DO_0000397793;14510204001;天生好米履歷鷺巡一等白米2.2kg;2;17/08/2021 20:25;199.0;398.0;DO_0000397793;14510204001;2;2021-08-17 20:25:00;32;False
DO_0000397793;14600013001;台鹽減鈉含碘鹽300g;1;17/08/2021 20:25;50.0;50.0;DO_0000397793;14600013001;1;2021-08-17 20:25:00;14;False
DO_0000397793;14740016001;日正中筋麵粉1kg;3;17/08/2021 20:25;75.0;225.0;DO_0000397793;14740016001;3;2021-08-17 20:25:00;1;True
DO_0000397793;14740018001;日正高筋麵粉1kg;1;17/08/2021 20:25;75.0;75.0;DO_0000397793;14740018001;1;2021-08-17 20:25:00;1;False
DO_0000403080;12327040001;桂格機能燕麥片700g;5;17/08/2021 20:25;199.0;995.0;DO_0000403080;12327040001;5;2021-08-17 20:25:00;3;True
DO_0000406504;14000040001;有田製果雪屋 (原味);1;17/08/2021 20:25;67.0;67.0;DO_0000406504;14000040001;1;2021-08-17 20:25:00;23;False
DO_0000406504;14010012001;可樂果山葵(哇沙米)口味;1;17/08/2021 20:25;36.0;36.0;DO_0000406504;14010012001;1;2021-08-17 20:25:00;14;False
DO_0000406504;14014006001;華元大吉利超值包;1;17/08/2021 20:25;55.0;55.0;DO_0000406504;14014006001;1;2021-08-17 20:25:00;312;False
DO_0000406504;14023056001;樂事意合組合包;1;17/08/2021 20:25;93.0;93.0;DO_0000406504;14023056001;1;2021-08-17 20:25:00;299;False
DO_0000406504;14104118001;77蜜蘭諾千層鬆塔;1;17/08/2021 20:25;66.0;66.0;DO_0000406504;14104118001;1;2021-08-17 20:25:00;56;False
DO_0000406504;14132074001;義美威化卷 (桶) 巧克力;1;17/08/2021 20:25;137.0;137.0;DO_0000406504;14132074001;1;2021-08-17 20:25:00;14;False
DO_0000406504;14200018001;家福沙茶風味豆乾(非基改);1;17/08/2021 20:25;59.0;59.0;DO_0000406504;14200018001;1;2021-08-17 20:25:00;5;False
DO_0000406504;14202001001;新東陽蜜汁豬肉乾;1;17/08/2021 20:25;119.0;119.0;DO_0000406504;14202001001;1;2021-08-17 20:25:00;18;False
DO_0000406504;14203083001;珍珍- 芝麻鱈絲;1;17/08/2021 20:25;55.0;55.0;DO_0000406504;14203083001;1;2021-08-17 20:25:00;9;False
DO_0000406504;14204070001;泰國小老板厚片海苔-辣味;2;17/08/2021 20:25;62.0;124.0;DO_0000406504;14204070001;2;2021-08-17 20:25:00;21;False
DO_0000406504;14204083001;家福麻油風味朝鮮海苔50g;1;17/08/2021 20:25;79.0;79.0;DO_0000406504;14204083001;1;2021-08-17 20:25:00;13;False
DO_0000406504;14210110001;華陀御品堂 陳皮梅;1;17/08/2021 20:25;149.0;149.0;DO_0000406504;14210110001;1;2021-08-17 20:25:00;3;False
DO_0000406504;14243054001;家樂福無調味腰果155g;1;17/08/2021 20:25;125.0;125.0;DO_0000406504;14243054001;1;2021-08-17 20:25:00;2;False
DO_0000406504;14353016001;馬玉山高纖大黑麥燕麥片800G;2;17/08/2021 20:25;99.0;198.0;DO_0000406504;14353016001;2;2021-08-17 20:25:00;1;True
DO_0000372882;12106012001;家福牙線棒補充包;1;17/08/2021 20:26;429.0;429.0;DO_0000372882;12106012001;1;2021-08-17 20:26:00;2;False
DO_0000372882;12120088001;康乃韾超薄透氣護墊加長無香;2;17/08/2021 20:26;37.5;75.0;DO_0000372882;12120088001;2;2021-08-17 20:26:00;22;False
DO_0000372882;31500014001;妙潔新防漏大師清潔袋--特小;4;17/08/2021 20:26;105.0;420.0;DO_0000372882;31500014001;4;2021-08-17 20:26:00;12;False
DO_0000372882;61064105002;Victoryh 100棉針織平口褲;4;17/08/2021 20:26;99.0;396.0;DO_0000372882;61064105002;4;2021-08-17 20:26:00;2;True
DO_0000372882;61064105002;Victoryh 100棉針織平口褲;2;17/08/2021 20:26;99.0;198.0;DO_0000372882;61064105002;2;2021-08-17 20:26:00;2;False
DO_0000396699;10000002001;可口可樂2L;2;17/08/2021 20:26;38.333333333333336;76.666667;DO_0000396699;10000002001;2;2021-08-17 20:26:00;1438;False
DO_0000396699;10001004001;雪碧汽水2L;2;17/08/2021 20:26;39.0;78.0;DO_0000396699;10001004001;2;2021-08-17 20:26:00;191;False
DO_0000396699;10002046001;金車麥根沙士can330ml;12;17/08/2021 20:26;15.0;180.0;DO_0000396699;10002046001;12;2021-08-17 20:26:00;354;False
DO_0000396699;10034050001;波爾茶葡萄柚口味320ml;12;17/08/2021 20:26;18.0;216.0;DO_0000396699;10034050001;12;2021-08-17 20:26:00;204;False
DO_0000396699;10035015001;泰山仙草蜜Can330ml;12;17/08/2021 20:26;13.166666666666666;158.0;DO_0000396699;10035015001;12;2021-08-17 20:26:00;408;False
DO_0000396699;10035035001;愛之味麥仔茶 TP250ml;10;17/08/2021 20:26;6.625;66.25;DO_0000396699;10035035001;10;2021-08-17 20:26:00;1236;False
DO_0000396699;10035035001;愛之味麥仔茶 TP250ml;14;17/08/2021 20:26;6.625;92.75;DO_0000396699;10035035001;14;2021-08-17 20:26:00;1236;False
DO_0000396699;14010149001;KAKA醬燒蝦餅-炙烤原味;2;17/08/2021 20:26;99.0;198.0;DO_0000396699;14010149001;2;2021-08-17 20:26:00;18;False
DO_0000396699;14020008001;滿天星原味40g;5;17/08/2021 20:26;19.0;95.0;DO_0000396699;14020008001;5;2021-08-17 20:26:00;21;False
DO_0000396699;14021010001;卡迪那95度C 北海道薯條-海苔;3;17/08/2021 20:26;64.0;192.0;DO_0000396699;14021010001;3;2021-08-17 20:26:00;83;False
DO_0000396699;14022019001;華元蚵仔煎洋芋片;3;17/08/2021 20:26;99.0;297.0;DO_0000396699;14022019001;3;2021-08-17 20:26:00;45;False
DO_0000396699;14023029001;樂事波樂組合包;3;17/08/2021 20:26;79.0;237.0;DO_0000396699;14023029001;3;2021-08-17 20:26:00;90;False
DO_0000396699;14023056001;樂事意合組合包;2;17/08/2021 20:26;93.0;186.0;DO_0000396699;14023056001;2;2021-08-17 20:26:00;299;False
DO_0000396699;14370020001;台糖貳號砂糖500克;2;17/08/2021 20:26;18.0;36.0;DO_0000396699;14370020001;2;2021-08-17 20:26:00;112;False
DO_0000396699;14370025001;家福結晶冰糖;1;17/08/2021 20:26;68.0;68.0;DO_0000396699;14370025001;1;2021-08-17 20:26:00;15;False
DO_0000396699;14620103001;高慶泉泰安醬油410ml;4;17/08/2021 20:26;102.0;408.0;DO_0000396699;14620103001;4;2021-08-17 20:26:00;2;True
DO_0000396699;14633039001;牛頭牌沙茶醬(小) 127g;2;17/08/2021 20:26;53.0;106.0;DO_0000396699;14633039001;2;2021-08-17 20:26:00;15;False
DO_0000396699;14810006001;綠巨人天然特甜玉米粒;9;17/08/2021 20:26;56.333333333333336;507.0;DO_0000396699;14810006001;9;2021-08-17 20:26:00;474;False
DO_0000396699;14820013001;愛之味壺底蔭瓜140g;6;17/08/2021 20:26;33.0;198.0;DO_0000396699;14820013001;6;2021-08-17 20:26:00;129;False
DO_0000396699;14832037001;味島香鬆3合1-瀨戶.鰹節.海苔;3;17/08/2021 20:26;66.0;198.0;DO_0000396699;14832037001;3;2021-08-17 20:26:00;6;False
DO_0000396699;14833078001;青葉嚕肉飯料150G;6;17/08/2021 20:26;48.0;288.0;DO_0000396699;14833078001;6;2021-08-17 20:26:00;3;True
DO_0000396699;14840017001;青葉Q彈麵筋170G;9;17/08/2021 20:26;26.0;234.0;DO_0000396699;14840017001;9;2021-08-17 20:26:00;123;False
DO_0000396748;12106039001;刷樂扁線牙線棒經濟包;1;17/08/2021 20:26;229.0;229.0;DO_0000396748;12106039001;1;2021-08-17 20:26:00;1;False
DO_0000396748;12106039001;刷樂扁線牙線棒經濟包;2;17/08/2021 20:26;229.0;458.0;DO_0000396748;12106039001;2;2021-08-17 20:26:00;1;True
DO_0000396748;12201153001;五月花舒敏厚棒抽取式衛生紙86抽4包;1;17/08/2021 20:26;19.7;19.7;DO_0000396748;12201153001;1;2021-08-17 20:26:00;203;False
DO_0000396763;10032013001;統一麥香奶茶TP375ml;6;17/08/2021 20:26;11.5;69.0;DO_0000396763;10032013001;6;2021-08-17 20:26:00;816;False
DO_0000396763;14353013001;桂格濃湯燕麥-洋蔥起司風味;1;17/08/2021 20:26;99.0;99.0;DO_0000396763;14353013001;1;2021-08-17 20:26:00;11;False
DO_0000396763;14505011001;拉麵道-日式味噌(袋)101g;4;17/08/2021 20:26;17.5;70.0;DO_0000396763;14505011001;4;2021-08-17 20:26:00;80;False
DO_0000396763;14506072001;好勁道-月見雞蛋麵300g;2;17/08/2021 20:26;26.0;52.0;DO_0000396763;14506072001;2;2021-08-17 20:26:00;33;False
DO_0000396763;14506264001;不倒翁金拉麵-辛辣120g;10;17/08/2021 20:26;33.0;330.0;DO_0000396763;14506264001;10;2021-08-17 20:26:00;5;True
DO_0000396763;14510150001;天生好米嚴選月之米6kg;1;17/08/2021 20:26;389.0;389.0;DO_0000396763;14510150001;1;2021-08-17 20:26:00;33;False
DO_0000396763;14612018002;得意的一天橄欖油 1000ml;1;17/08/2021 20:26;495.0;495.0;DO_0000396763;14612018002;1;2021-08-17 20:26:00;41;False
DO_0000396763;14821003001;愛之味珍保玉筍120g;3;17/08/2021 20:26;33.0;99.0;DO_0000396763;14821003001;3;2021-08-17 20:26:00;249;False
DO_0000396763;14832021001;同榮茄汁鯖魚罐(黃) 230g;3;17/08/2021 20:26;33.0;99.0;DO_0000396763;14832021001;3;2021-08-17 20:26:00;285;False
DO_0000396956;14615031001;嘉義東石余園苦茶油550ml;2;17/08/2021 20:26;680.0;1360.0;DO_0000396956;14615031001;2;2021-08-17 20:26:00;1;True
DO_0000397441;14021017001;卡迪那德州薯條量販包;1;17/08/2021 20:26;18.5;18.5;DO_0000397441;14021017001;1;2021-08-17 20:26:00;65;False
DO_0000397441;14133003001;義美蛋捲量販盒-原味;1;17/08/2021 20:26;1125.0;1125.0;DO_0000397441;14133003001;1;2021-08-17 20:26:00;57;False
DO_0000397441;14303034001;摩卡現在最好三合一奶茶隨身包;2;17/08/2021 20:26;4.541666666666667;9.083333;DO_0000397441;14303034001;2;2021-08-17 20:26:00;1;True
DO_0000397441;14520065001;康寶濃湯自然原味火腿玉米49.7g;4;17/08/2021 20:26;50.0;200.0;DO_0000397441;14520065001;4;2021-08-17 20:26:00;46;False
DO_0000397441;14520068001;康寶濃湯-自然原味雞蓉玉米54.1G;4;17/08/2021 20:26;50.0;200.0;DO_0000397441;14520068001;4;2021-08-17 20:26:00;48;False
DO_0000397441;14805016001;泰山花生仁湯 320g;12;17/08/2021 20:26;24.666666666666668;296.0;DO_0000397441;14805016001;12;2021-08-17 20:26:00;438;False
DO_0000397441;14810001001;綠巨人珍珠玉米粒易開罐340g;3;17/08/2021 20:26;60.0;180.0;DO_0000397441;14810001001;3;2021-08-17 20:26:00;99;False
DO_0000406732;10013007001;光泉果汁時刻100葡萄綜合果汁 200ml;24;17/08/2021 20:31;13.708333333333334;329.0;DO_0000406732;10013007001;24;2021-08-17 20:31:00;12;True
DO_0000394755;10000012001;可口可樂Pet 600ml;4;17/08/2021 21:36;22.25;89.0;DO_0000394755;10000012001;4;2021-08-17 21:36:00;188;False
DO_0000394755;10021026001;黑松FIN健康補給飲料Pet1460ml;1;17/08/2021 21:36;29.0;29.0;DO_0000394755;10021026001;1;2021-08-17 21:36:00;254;False
DO_0000394755;14500010001;統一阿Q排骨雞汁(碗) 107g;6;17/08/2021 21:36;29.666666666666668;178.0;DO_0000394755;14500010001;6;2021-08-17 21:36:00;216;False
DO_0000394755;14502006001;拉麵道-日式豚骨(袋) 94g;4;17/08/2021 21:36;17.5;70.0;DO_0000394755;14502006001;4;2021-08-17 21:36:00;132;False
DO_0000394755;14502011001;來一客-京燉肉骨 71g;6;17/08/2021 21:36;21.666666666666668;130.0;DO_0000394755;14502011001;6;2021-08-17 21:36:00;408;False
DO_0000394755;14503003001;來一客-鮮蝦魚板 63g;6;17/08/2021 21:36;21.666666666666668;130.0;DO_0000394755;14503003001;6;2021-08-17 21:36:00;960;False
DO_0000394755;14615048001;源順初榨花生風味調合油;2;17/08/2021 21:36;328.0;656.0;DO_0000394755;14615048001;2;2021-08-17 21:36:00;1;True
MV_0000020109_1;12327027001;桂格完膳營養素雙效營養配方;2;17/08/2021 23:46;650.0;1300.0;MV_0000020109_1;12327027001;2;2021-08-17 23:46:00;1;True
DO_0000356001;12016106001;妮維雅男止汗爽身乳液-無印乾爽 男土無印乾爽;6;18/08/2021 04:24;159.0;954.0;DO_0000356001;12016106001;6;2021-08-18 04:24:00;4;True
DO_0000356001;14001053001;中祥自然之顏蔬菜餅乾量販包;2;18/08/2021 04:24;74.0;148.0;DO_0000356001;14001053001;2;2021-08-18 04:24:00;49;False
DO_0000356001;14010170001;可樂果古早味量販包;2;18/08/2021 04:24;63.0;126.0;DO_0000356001;14010170001;2;2021-08-18 04:24:00;41;False
DO_0000356001;14014006001;華元大吉利超值包;2;18/08/2021 04:24;55.0;110.0;DO_0000356001;14014006001;2;2021-08-18 04:24:00;312;False
DO_0000356001;14102250001;義美杏仁巧克力酥片（牛奶巧克力）;2;18/08/2021 04:24;104.0;208.0;DO_0000356001;14102250001;2;2021-08-18 04:24:00;89;False
DO_0000356001;14120019001;義美巧克力法蘭酥;2;18/08/2021 04:24;70.0;140.0;DO_0000356001;14120019001;2;2021-08-18 04:24:00;35;False
DO_0000356001;14120024001;明治貓熊巧克力夾心餅家庭號;2;18/08/2021 04:24;139.0;278.0;DO_0000356001;14120024001;2;2021-08-18 04:24:00;3;False
DO_0000356001;14131047001;77新貴派18片盒裝-花生;2;18/08/2021 04:24;88.0;176.0;DO_0000356001;14131047001;2;2021-08-18 04:24:00;63;False
DO_0000356001;14132015001;可口脆笛酥巧克力量販包;2;18/08/2021 04:24;79.0;158.0;DO_0000356001;14132015001;2;2021-08-18 04:24:00;49;False
DO_0000356001;14500058001;上智雞絲麵冬菜口味280g;1;18/08/2021 04:24;89.0;89.0;DO_0000356001;14500058001;1;2021-08-18 04:24:00;6;False
DO_0000356001;14500059001;上智雞絲麵當歸口味280g;1;18/08/2021 04:24;89.0;89.0;DO_0000356001;14500059001;1;2021-08-18 04:24:00;4;False
DO_0000356001;14506109001;福成關廟麵 1200g;2;18/08/2021 04:24;132.0;264.0;DO_0000356001;14506109001;2;2021-08-18 04:24:00;6;False
DO_0000356001;14509001001;龍口口味粉絲 300g;2;18/08/2021 04:24;72.0;144.0;DO_0000356001;14509001001;2;2021-08-18 04:24:00;47;False
DO_0000356001;14509008001;虎牌綠豆粉絲 450g;2;18/08/2021 04:24;95.0;190.0;DO_0000356001;14509008001;2;2021-08-18 04:24:00;19;False
DO_0000356001;14520065001;康寶濃湯自然原味火腿玉米49.7g;4;18/08/2021 04:24;50.0;200.0;DO_0000356001;14520065001;4;2021-08-18 04:24:00;46;False
DO_0000356001;14520068001;康寶濃湯-自然原味雞蓉玉米54.1G;4;18/08/2021 04:24;50.0;200.0;DO_0000356001;14520068001;4;2021-08-18 04:24:00;48;False
DO_0000356001;14521157001;康寶濃湯-自然原味金黃玉米56.3G;4;18/08/2021 04:24;50.0;200.0;DO_0000356001;14521157001;4;2021-08-18 04:24:00;126;False
DO_0000356001;14521158001;康寶濃湯-自然原味港式酸辣46.6G;4;18/08/2021 04:24;50.0;200.0;DO_0000356001;14521158001;4;2021-08-18 04:24:00;36;False
DO_0000356001;14631026001;東泉辣椒醬;2;18/08/2021 04:24;59.0;118.0;DO_0000356001;14631026001;2;2021-08-18 04:24:00;7;False
DO_0000356001;14805016001;泰山花生仁湯 320g;12;18/08/2021 04:24;24.666666666666668;296.0;DO_0000356001;14805016001;12;2021-08-18 04:24:00;438;False
DO_0000356001;14810006001;綠巨人天然特甜玉米粒;6;18/08/2021 04:24;56.333333333333336;338.0;DO_0000356001;14810006001;6;2021-08-18 04:24:00;474;False
DO_0000356001;14820028001;大茂三寶組合罐 170g;12;18/08/2021 04:24;26.33333333333333;316.0;DO_0000356001;14820028001;12;2021-08-18 04:24:00;213;False
DO_0000356001;14833024001;廣達香肉醬 150g;6;18/08/2021 04:24;38.0;228.0;DO_0000356001;14833024001;6;2021-08-18 04:24:00;105;False
DO_0000356001;14840017001;青葉Q彈麵筋170G;6;18/08/2021 04:24;26.0;156.0;DO_0000356001;14840017001;6;2021-08-18 04:24:00;123;False
DO_0000370162;14000014001;米豆;4;18/08/2021 04:26;109.0;436.0;DO_0000370162;14000014001;4;2021-08-18 04:26:00;28;False
DO_0000370162;14010011001;真魷味歡樂包--紅燒口味;4;18/08/2021 04:26;55.0;220.0;DO_0000370162;14010011001;4;2021-08-18 04:26:00;78;False
DO_0000370162;14010040001;科學麵20合1 Min 家庭號;4;18/08/2021 04:26;54.0;216.0;DO_0000370162;14010040001;4;2021-08-18 04:26:00;245;False
DO_0000370162;14011003001;奇多隨口脆-家常起司;2;18/08/2021 04:26;120.0;240.0;DO_0000370162;14011003001;2;2021-08-18 04:26:00;96;False
DO_0000370162;14011028001;奇多隨口脆- 雞汁;2;18/08/2021 04:26;120.0;240.0;DO_0000370162;14011028001;2;2021-08-18 04:26:00;44;False
DO_0000370162;14011032001;神氣包--玉黍叔;3;18/08/2021 04:26;55.0;165.0;DO_0000370162;14011032001;3;2021-08-18 04:26:00;97;False
DO_0000370162;14011034001;鴻津玉米濃湯捲;3;18/08/2021 04:26;85.0;255.0;DO_0000370162;14011034001;3;2021-08-18 04:26:00;57;False
DO_0000370162;14011059001;奇多玉米濃湯口味隨口脆;2;18/08/2021 04:26;120.0;240.0;DO_0000370162;14011059001;2;2021-08-18 04:26:00;40;False
DO_0000370162;14011095001;奇多隨口脆-海苔;2;18/08/2021 04:26;120.0;240.0;DO_0000370162;14011095001;2;2021-08-18 04:26:00;42;False
DO_0000370162;14014011001;上好佳歡樂小點心-原味薯條;5;18/08/2021 04:26;59.0;295.0;DO_0000370162;14014011001;5;2021-08-18 04:26:00;14;False
DO_0000370162;14104012001;77蜜蘭諾杏仁鬆塔12入盒裝;2;18/08/2021 04:26;66.0;132.0;DO_0000370162;14104012001;2;2021-08-18 04:26:00;65;False
DO_0000370162;14104118001;77蜜蘭諾千層鬆塔;2;18/08/2021 04:26;66.0;132.0;DO_0000370162;14104118001;2;2021-08-18 04:26:00;56;False
DO_0000370162;14110084001;77蜜蘭諾楓糖葡萄鬆塔;2;18/08/2021 04:26;66.0;132.0;DO_0000370162;14110084001;2;2021-08-18 04:26:00;25;False
DO_0000370162;14120017001;茱蒂絲雷蒙德巧克力夾心餅;3;18/08/2021 04:26;55.0;165.0;DO_0000370162;14120017001;3;2021-08-18 04:26:00;15;False
DO_0000370162;14121019001;茱蒂絲雷蒙德夾心餅-檸檬味;3;18/08/2021 04:26;55.0;165.0;DO_0000370162;14121019001;3;2021-08-18 04:26:00;61;False
DO_0000370162;14121062001;茱蒂絲雷蒙德乳酪夾心餅;2;18/08/2021 04:26;55.0;110.0;DO_0000370162;14121062001;2;2021-08-18 04:26:00;27;False
DO_0000370162;14131075001;77巧菲斯夾心酥(牛奶口味)300G;3;18/08/2021 04:26;92.0;276.0;DO_0000370162;14131075001;3;2021-08-18 04:26:00;49;False
DO_0000370162;14220005001;加倍佳Mini棒棒糖;3;18/08/2021 04:26;87.0;261.0;DO_0000370162;14220005001;3;2021-08-18 04:26:00;6;False
DO_0000370162;14222053001;KAARO乳酸風味果凍條 600g/包;3;18/08/2021 04:26;110.0;330.0;DO_0000370162;14222053001;3;2021-08-18 04:26:00;8;False
DO_0000370162;14223048001;一百份酸 Q糖;3;18/08/2021 04:26;26.0;78.0;DO_0000370162;14223048001;3;2021-08-18 04:26:00;2;True
DO_0000370162;14223215001;森永嗨啾軟糖家庭包(好多多)300g;3;18/08/2021 04:26;95.0;285.0;DO_0000370162;14223215001;3;2021-08-18 04:26:00;23;False
DO_0000370162;14230431001;77牛奶杏仁乳加;1;18/08/2021 04:26;90.0;90.0;DO_0000370162;14230431001;1;2021-08-18 04:26:00;18;False
DO_0000370162;14361086001;馬玉山燕麥薏仁漿;2;18/08/2021 04:26;8.25;16.5;DO_0000370162;14361086001;2;2021-08-18 04:26:00;4;False
DO_0000370162;14361086001;馬玉山燕麥薏仁漿;1;18/08/2021 04:26;8.25;8.25;DO_0000370162;14361086001;1;2021-08-18 04:26:00;4;False
DO_0000370162;14361129001;馬玉山山藥黑芝麻糊;3;18/08/2021 04:26;8.25;24.75;DO_0000370162;14361129001;3;2021-08-18 04:26:00;10;False
DO_0000370311;10013004001;囍瑞100純天然紅葡萄原汁1L;3;18/08/2021 04:27;89.0;267.0;DO_0000370311;10013004001;3;2021-08-18 04:27:00;12;False
DO_0000370311;10014020001;崇德發天然黑麥汁Can330ml;12;18/08/2021 04:27;28.166666666666668;338.0;DO_0000370311;10014020001;12;2021-08-18 04:27:00;138;False
DO_0000370311;11050047001;水晶肥皂食器洗滌液体-補充包;4;18/08/2021 04:27;129.0;516.0;DO_0000370311;11050047001;4;2021-08-18 04:27:00;5;False
DO_0000370311;11103313001;一匙靈抗菌EX 3倍濃縮洗衣瓶;4;18/08/2021 04:27;105.0;420.0;DO_0000370311;11103313001;4;2021-08-18 04:27:00;1;True
DO_0000370311;14830010001;愛之味鮪魚片185g;3;18/08/2021 04:27;53.0;159.0;DO_0000370311;14830010001;3;2021-08-18 04:27:00;585;False
DO_0000370311;31502025001;家樂福香氛清潔袋(大);2;18/08/2021 04:27;34.5;69.0;DO_0000370311;31502025001;2;2021-08-18 04:27:00;19;False
DO_0000370333;11111017001;超值漂白水5000克;3;18/08/2021 04:27;86.0;258.0;DO_0000370333;11111017001;3;2021-08-18 04:27:00;28;False
DO_0000370333;11111025001;公道先生漂白水;3;18/08/2021 04:27;85.0;255.0;DO_0000370333;11111025001;3;2021-08-18 04:27:00;13;False
DO_0000370333;11111033001;妙管家超強漂白水4L;3;18/08/2021 04:27;85.0;255.0;DO_0000370333;11111033001;3;2021-08-18 04:27:00;20;False
DO_0000370333;31530003001;妙潔防霉耐用絨裡手套M;6;18/08/2021 04:27;35.0;210.0;DO_0000370333;31530003001;6;2021-08-18 04:27:00;3;True
DO_0000370333;31530005001;妙潔防霉耐用絨裡手套L;6;18/08/2021 04:27;35.0;210.0;DO_0000370333;31530005001;6;2021-08-18 04:27:00;-1;False
DO_0000370364;12102016001;保麗淨假牙清潔錠;7;18/08/2021 04:27;482.0;3374.0;DO_0000370364;12102016001;7;2021-08-18 04:27:00;6;True
DO_0000373082;11072001001;滅飛新蚊香經濟包60卷;1;18/08/2021 04:29;85.0;85.0;DO_0000373082;11072001001;1;2021-08-18 04:29:00;30;False
DO_0000373082;12120001001;康乃馨超薄透氣護墊;2;18/08/2021 04:29;24.5;49.0;DO_0000373082;12120001001;2;2021-08-18 04:29:00;34;False
DO_0000373082;12121034001;康乃馨一般流量促銷包;1;18/08/2021 04:29;138.0;138.0;DO_0000373082;12121034001;1;2021-08-18 04:29:00;21;False
DO_0000373082;14852064001;葛莉思犬罐-牛肉口味 400g;5;18/08/2021 04:29;37.0;185.0;DO_0000373082;14852064001;5;2021-08-18 04:29:00;3;True
DO_0000377847;14000057001;鴻津太國捲(蛋奶素);2;18/08/2021 04:32;85.0;170.0;DO_0000377847;14000057001;2;2021-08-18 04:32:00;99;False
DO_0000377847;14000071001;無聊派米豆;2;18/08/2021 04:32;59.0;118.0;DO_0000377847;14000071001;2;2021-08-18 04:32:00;22;False
DO_0000377847;14010011001;真魷味歡樂包--紅燒口味;2;18/08/2021 04:32;55.0;110.0;DO_0000377847;14010011001;2;2021-08-18 04:32:00;78;False
DO_0000377847;14010025001;味王小王子麵--海苔;2;18/08/2021 04:32;45.0;90.0;DO_0000377847;14010025001;2;2021-08-18 04:32:00;27;False
DO_0000377847;14010040001;科學麵20合1 Min 家庭號;4;18/08/2021 04:32;54.0;216.0;DO_0000377847;14010040001;4;2021-08-18 04:32:00;245;False
DO_0000377847;14010071001;寶卡卡量販包;2;18/08/2021 04:32;63.0;126.0;DO_0000377847;14010071001;2;2021-08-18 04:32:00;52;False
DO_0000377847;14010247001;小王子麵-原味(減鹽);2;18/08/2021 04:32;45.0;90.0;DO_0000377847;14010247001;2;2021-08-18 04:32:00;43;False
DO_0000377847;14011003001;奇多隨口脆-家常起司;2;18/08/2021 04:32;120.0;240.0;DO_0000377847;14011003001;2;2021-08-18 04:32:00;96;False
DO_0000377847;14011029001;多力多滋起士組合包;2;18/08/2021 04:32;79.0;158.0;DO_0000377847;14011029001;2;2021-08-18 04:32:00;168;False
DO_0000377847;14011031001;多力多滋超濃起司迷你脆;2;18/08/2021 04:32;79.0;158.0;DO_0000377847;14011031001;2;2021-08-18 04:32:00;46;False
DO_0000377847;14014005001;奇多綜合起司組合包;2;18/08/2021 04:32;79.0;158.0;DO_0000377847;14014005001;2;2021-08-18 04:32:00;79;False
DO_0000377847;14014014001;百事享樂包;2;18/08/2021 04:32;66.0;132.0;DO_0000377847;14014014001;2;2021-08-18 04:32:00;182;False
DO_0000377847;14014015001;可樂果原味量販包;1;18/08/2021 04:32;63.0;63.0;DO_0000377847;14014015001;1;2021-08-18 04:32:00;234;False
DO_0000377847;14023056001;樂事意合組合包;2;18/08/2021 04:32;93.0;186.0;DO_0000377847;14023056001;2;2021-08-18 04:32:00;299;False
DO_0000377847;14103084001;長松鮮奶棒;2;18/08/2021 04:32;139.0;278.0;DO_0000377847;14103084001;2;2021-08-18 04:32:00;2;False
DO_0000377847;14111024001;家福沙琪瑪500g;2;18/08/2021 04:32;139.0;278.0;DO_0000377847;14111024001;2;2021-08-18 04:32:00;15;False
DO_0000377847;14113066001;樂天巧克力派;2;18/08/2021 04:32;94.0;188.0;DO_0000377847;14113066001;2;2021-08-18 04:32:00;65;False
DO_0000377847;14121143001;義美美味草莓薄餅夾心餅;1;18/08/2021 04:32;56.0;56.0;DO_0000377847;14121143001;1;2021-08-18 04:32:00;29;False
DO_0000377847;14132031001;孔雀咖啡捲心餅;1;18/08/2021 04:32;23.0;23.0;DO_0000377847;14132031001;1;2021-08-18 04:32:00;46;False
DO_0000377847;14213008001;口福不淺水果脆片;2;18/08/2021 04:32;65.0;130.0;DO_0000377847;14213008001;2;2021-08-18 04:32:00;1;True
DO_0000377847;14213010001;口福不淺蔬菜脆片;1;18/08/2021 04:32;65.0;65.0;DO_0000377847;14213010001;1;2021-08-18 04:32:00;1;False
DO_0000384063;14615107001;義美100％純黑麻油;5;18/08/2021 04:34;275.0;1375.0;DO_0000384063;14615107001;5;2021-08-18 04:34:00;3;True
DO_0000384063;14615108001;義美100％純芝麻香油;2;18/08/2021 04:34;132.0;264.0;DO_0000384063;14615108001;2;2021-08-18 04:34:00;25;False
DO_0000384063;14620062001;萬家香大吟釀醬油1L;1;18/08/2021 04:34;89.0;89.0;DO_0000384063;14620062001;1;2021-08-18 04:34:00;32;False
DO_0000384063;14632058001;KEWPIE深煎胡麻醬;1;18/08/2021 04:34;270.0;270.0;DO_0000384063;14632058001;1;2021-08-18 04:34:00;6;False
DO_0000386752;12005056001;美吾髮快速護髮染髮霜補充包 4號-自然栗;6;18/08/2021 04:35;152.0;912.0;DO_0000386752;12005056001;6;2021-08-18 04:35:00;3;True
DO_0000386879;12130113001;康乃馨成人紙尿褲經濟L;6;18/08/2021 04:35;109.0;654.0;DO_0000386879;12130113001;6;2021-08-18 04:35:00;1;True
DO_0000386930;14313011001;星巴克哥倫比亞義式濃縮咖啡膠囊;1;18/08/2021 04:36;290.0;290.0;DO_0000386930;14313011001;1;2021-08-18 04:36:00;1;False
DO_0000386930;14313019001;星巴克家常美式咖啡膠囊;3;18/08/2021 04:36;290.0;870.0;DO_0000386930;14313019001;3;2021-08-18 04:36:00;2;True
DO_0000391197;12011386001;舒特膚全效潔膚乳;2;18/08/2021 04:36;419.0;838.0;DO_0000391197;12011386001;2;2021-08-18 04:36:00;1;True
DO_0000394685;11103096001;全效強淨洗衣精 (補充包);5;18/08/2021 04:53;59.0;295.0;DO_0000394685;11103096001;5;2021-08-18 04:53:00;20;False
DO_0000394685;11103098001;全效抗菌洗衣精 (補充包);5;18/08/2021 04:53;69.0;345.0;DO_0000394685;11103098001;5;2021-08-18 04:53:00;13;False
DO_0000394685;12123055001;康乃馨夜用特長超薄蝶型;5;18/08/2021 04:53;138.0;690.0;DO_0000394685;12123055001;5;2021-08-18 04:53:00;3;True
DO_0000394685;12130032001;利清爽成人替換式尿片;12;18/08/2021 04:53;349.0;4188.0;DO_0000394685;12130032001;12;2021-08-18 04:53:00;13;False
DO_0000396721;10012006001;義美寶吉純果汁柳橙TP125ml;12;18/08/2021 04:55;12.666666666666666;152.0;DO_0000396721;10012006001;12;2021-08-18 04:55:00;84;False
DO_0000396721;14201022001;新東陽辣味牛肉乾;2;18/08/2021 04:55;119.0;238.0;DO_0000396721;14201022001;2;2021-08-18 04:55:00;6;False
DO_0000396721;14202001001;新東陽蜜汁豬肉乾;2;18/08/2021 04:55;119.0;238.0;DO_0000396721;14202001001;2;2021-08-18 04:55:00;18;False
DO_0000396721;14222068001;Dr.Q葡萄蒟蒻;1;18/08/2021 04:55;49.0;49.0;DO_0000396721;14222068001;1;2021-08-18 04:55:00;19;False
DO_0000396721;14222072001;Dr.Q荔枝蒟蒻;1;18/08/2021 04:55;49.0;49.0;DO_0000396721;14222072001;1;2021-08-18 04:55:00;24;False
DO_0000396721;14222095001;Dr.Q檸檬鹽蒟蒻;1;18/08/2021 04:55;49.0;49.0;DO_0000396721;14222095001;1;2021-08-18 04:55:00;9;False
DO_0000396721;14222114001;Dr.Q百香果蒟蒻265g;1;18/08/2021 04:55;49.0;49.0;DO_0000396721;14222114001;1;2021-08-18 04:55:00;13;False
DO_0000396721;14222142001;盛香珍 零卡果凍-綜合口味;1;18/08/2021 04:55;95.0;95.0;DO_0000396721;14222142001;1;2021-08-18 04:55:00;24;False
DO_0000396721;14225014001;樺達喉糖-超涼薄荷;2;18/08/2021 04:55;159.0;318.0;DO_0000396721;14225014001;2;2021-08-18 04:55:00;1;True
DO_0000396840;30073017001;BOSS 7開6插2P高溫斷電延長線-1.8米;4;18/08/2021 04:57;499.0;1996.0;DO_0000396840;30073017001;4;2021-08-18 04:57:00;1;True
DO_0000396850;14332005001;安怡長青高鈣奶粉2Kg;1;18/08/2021 04:57;799.0;799.0;DO_0000396850;14332005001;1;2021-08-18 04:57:00;1;False
DO_0000396850;14332005001;安怡長青高鈣奶粉2Kg;3;18/08/2021 04:57;799.0;2397.0;DO_0000396850;14332005001;3;2021-08-18 04:57:00;1;True
DO_0000396853;12011347001;沙威隆抗菌潔淨沐浴乳茶樹精油;8;18/08/2021 04:57;139.0;1112.0;DO_0000396853;12011347001;8;2021-08-18 04:57:00;4;True
DO_0000396912;12020165001;蜜妮溫和水嫩洗面乳;1;18/08/2021 04:58;79.0;79.0;DO_0000396912;12020165001;1;2021-08-18 04:58:00;4;False
DO_0000396912;12020271001;澎澎激酷控油抗痘洗面乳;2;18/08/2021 04:58;79.0;158.0;DO_0000396912;12020271001;2;2021-08-18 04:58:00;1;True
DO_0000396912;12020473001;Biore 清透極淨洗面乳;1;18/08/2021 04:58;79.0;79.0;DO_0000396912;12020473001;1;2021-08-18 04:58:00;4;False
DO_0000396912;14510139001;台東關山好米(圓二)9kg;1;18/08/2021 04:58;549.0;549.0;DO_0000396912;14510139001;1;2021-08-18 04:58:00;26;False
DO_0000397000;12220003001;家福超值廚房紙抹布;1;18/08/2021 05:01;13.666666666666666;13.666667;DO_0000397000;12220003001;1;2021-08-18 05:01:00;48;False
DO_0000397000;30011002001;永備碳鋅3號電池16入量販包;1;18/08/2021 05:01;157.0;157.0;DO_0000397000;30011002001;1;2021-08-18 05:01:00;11;False
DO_0000397000;30450013001;3M Scotch 超透明封箱膠帶40Yd;4;18/08/2021 05:01;119.0;476.0;DO_0000397000;30450013001;4;2021-08-18 05:01:00;2;True
DO_0000397784;12010200001;台鹽蓓舒美海鹽淨膚皂三入裝;7;18/08/2021 05:03;55.0;385.0;DO_0000397784;12010200001;7;2021-08-18 05:03:00;1;True
DO_0000399580;11050004001;泡舒洗潔精-綠茶2.8L;4;18/08/2021 05:05;185.0;740.0;DO_0000399580;11050004001;4;2021-08-18 05:05:00;21;False
DO_0000399580;11103115001;白蘭濃縮洗衣精陽光馨香2.7kg;4;18/08/2021 05:05;139.0;556.0;DO_0000399580;11103115001;4;2021-08-18 05:05:00;2;True
DO_0000402193;14000032001;北田蒟蒻糙米捲(綜合口味);3;18/08/2021 05:08;77.0;231.0;DO_0000402193;14000032001;3;2021-08-18 05:08:00;46;False
DO_0000402193;14104108001;比利時蓮花薄脆餅(家庭號);3;18/08/2021 05:08;215.0;645.0;DO_0000402193;14104108001;3;2021-08-18 05:08:00;14;False
DO_0000402193;14502068001;日清拉王辣豚骨味非油炸速食麵;3;18/08/2021 05:08;149.0;447.0;DO_0000402193;14502068001;3;2021-08-18 05:08:00;2;True
DO_0000402193;14503034001;不倒翁海鮮烏龍拉麵(袋)120g;5;18/08/2021 05:08;32.0;160.0;DO_0000402193;14503034001;5;2021-08-18 05:08:00;40;False
DO_0000402193;14504012001;不倒翁泡菜拉麵(袋)120g;5;18/08/2021 05:08;32.0;160.0;DO_0000402193;14504012001;5;2021-08-18 05:08:00;75;False
DO_0000402193;14504076001;日清拉王醬油味非油炸速食麵;3;18/08/2021 05:08;149.0;447.0;DO_0000402193;14504076001;3;2021-08-18 05:08:00;1;True
DO_0000402193;14506002001;農心爽口海鮮烏龍麵超值包120g x5;1;18/08/2021 05:08;33.6;33.6;DO_0000402193;14506002001;1;2021-08-18 05:08:00;13;False
DO_0000402193;14506015001;農心 安城湯麵超值包125g x5;1;18/08/2021 05:08;33.8;33.8;DO_0000402193;14506015001;1;2021-08-18 05:08:00;9;False
DO_0000402193;14506036001;Paldo起司拉麵(包)111g;4;18/08/2021 05:08;38.0;152.0;DO_0000402193;14506036001;4;2021-08-18 05:08:00;8;False
DO_0000402193;14506400001;不倒翁金螃蟹海鮮風味拉麵130g*4;1;18/08/2021 05:08;239.0;239.0;DO_0000402193;14506400001;1;2021-08-18 05:08:00;4;False
DO_0000402688;14312003001;UCC 117 即溶咖啡;6;18/08/2021 05:08;300.0;1800.0;DO_0000402688;14312003001;6;2021-08-18 05:08:00;2;True
DO_0000402929;11041005001;威猛先生潔廁清香凍清新;1;18/08/2021 05:08;69.5;69.5;DO_0000402929;11041005001;1;2021-08-18 05:08:00;3;False
DO_0000402929;11041007001;威猛先生潔廁清香凍補充管;3;18/08/2021 05:08;69.5;208.5;DO_0000402929;11041007001;3;2021-08-18 05:08:00;2;True
DO_0000402929;11073902001;雷達液體電蚊香無味重裝4入;1;18/08/2021 05:08;93.5;93.5;DO_0000402929;11073902001;1;2021-08-18 05:08:00;10;False
DO_0000403369;14620063001;豆油伯缸底醬油500ml;4;18/08/2021 05:08;319.0;1276.0;DO_0000403369;14620063001;4;2021-08-18 05:08:00;2;True
DO_0000403574;12130045001;來復易柔適安心紙尿片;2;18/08/2021 05:10;209.0;418.0;DO_0000403574;12130045001;2;2021-08-18 05:10:00;7;False
DO_0000403574;14370077001;優-台灣紅冰糖;3;18/08/2021 05:10;90.0;270.0;DO_0000403574;14370077001;3;2021-08-18 05:10:00;2;True
DO_0000402469;10012004001;美粒果柳橙汁Pet1250ml;1;18/08/2021 05:14;39.0;39.0;DO_0000402469;10012004001;1;2021-08-18 05:14:00;440;False
DO_0000402469;10014092001;美粒果白葡萄加蘆薈Pet1250ml;1;18/08/2021 05:14;39.0;39.0;DO_0000402469;10014092001;1;2021-08-18 05:14:00;47;False
DO_0000402469;10031013001;統一麥香紅茶TP375ml;12;18/08/2021 05:14;11.5;138.0;DO_0000402469;10031013001;12;2021-08-18 05:14:00;864;False
DO_0000402469;10032013001;統一麥香奶茶TP375ml;6;18/08/2021 05:14;11.5;69.0;DO_0000402469;10032013001;6;2021-08-18 05:14:00;816;False
DO_0000402469;11061071001;百利細緻餐具海綿菜瓜布6片裝;1;18/08/2021 05:14;92.0;92.0;DO_0000402469;11061071001;1;2021-08-18 05:14:00;12;False
DO_0000402469;31236033001;沛旺9盎司冷熱飲紙杯60入;2;18/08/2021 05:14;90.0;180.0;DO_0000402469;31236033001;2;2021-08-18 05:14:00;1;True
DO_0000402469;31532100001;順林_百研海綿杯刷;2;18/08/2021 05:14;89.0;178.0;DO_0000402469;31532100001;2;2021-08-18 05:14:00;8;False
DO_0000386416;10002019001;維大力加鹽沙士Can330 ml;12;18/08/2021 07:52;19.83333333333333;238.0;DO_0000386416;10002019001;12;2021-08-18 07:52:00;804;False
DO_0000386416;12020324001;肌研皮脂對策洗顏乳;4;18/08/2021 07:52;149.0;596.0;DO_0000386416;12020324001;4;2021-08-18 07:52:00;3;True
DO_0000386416;65031011001;英倫風抗菌可水洗枕;2;18/08/2021 07:52;398.0;796.0;DO_0000386416;65031011001;2;2021-08-18 07:52:00;8;False
DO_0000401335;10034050001;波爾茶葡萄柚口味320ml;12;18/08/2021 07:52;18.0;216.0;DO_0000401335;10034050001;12;2021-08-18 07:52:00;204;False
DO_0000401335;12202002001;舒潔捲筒衛生紙;1;18/08/2021 07:52;14.333333333333334;14.333333;DO_0000401335;12202002001;1;2021-08-18 07:52:00;40;False
DO_0000401335;14300057001;帝瑪錫蘭紅茶;3;18/08/2021 07:52;3.1;9.3;DO_0000401335;14300057001;3;2021-08-18 07:52:00;2;True
DO_0000401335;14351041001;家樂氏COCO可可球330g;1;18/08/2021 07:52;139.0;139.0;DO_0000401335;14351041001;1;2021-08-18 07:52:00;3;False
DO_0000411455;14020977001;韓國好麗友預感香烤洋芋片(原味);1;18/08/2021 10:42;129.0;129.0;DO_0000411455;14020977001;1;2021-08-18 10:42:00;7;False
DO_0000411455;32514096001;利百代發票複寫紙;2;18/08/2021 10:42;115.0;230.0;DO_0000411455;32514096001;2;2021-08-18 10:42:00;1;True
DO_0000405889_1;11021006001;威猛先生廚房超強效;1;18/08/2021 12:39;42.5;42.5;DO_0000405889_1;11021006001;1;2021-08-18 12:39:00;2;False
DO_0000405889_1;11050077001;家福超值洗潔精5000克;1;18/08/2021 12:39;125.0;125.0;DO_0000405889_1;11050077001;1;2021-08-18 12:39:00;35;False
DO_0000405889_1;12201153001;五月花舒敏厚棒抽取式衛生紙86抽4包;1;18/08/2021 12:39;19.7;19.7;DO_0000405889_1;12201153001;1;2021-08-18 12:39:00;203;False
DO_0000405889_1;12220013001;五月花妙用廚房紙巾;1;18/08/2021 12:39;16.5;16.5;DO_0000405889_1;12220013001;1;2021-08-18 12:39:00;22;False
DO_0000405889_1;14023307001;湖池屋卡辣姆久厚切洋芋片-勁辣唐辛子;2;18/08/2021 12:39;65.0;130.0;DO_0000405889_1;14023307001;2;2021-08-18 12:39:00;7;False
DO_0000405889_1;14242131001;盛香珍豐葵香瓜子(焦糖口味);2;18/08/2021 12:39;47.0;94.0;DO_0000405889_1;14242131001;2;2021-08-18 12:39:00;11;False
DO_0000405889_1;14620006001;龜甲萬甘醇薄鹽醬油1600ml;1;18/08/2021 12:39;115.0;115.0;DO_0000405889_1;14620006001;1;2021-08-18 12:39:00;28;False
DO_0000405889_1;14621069001;萬家香香菇素蠔油600g;2;18/08/2021 12:39;49.0;98.0;DO_0000405889_1;14621069001;2;2021-08-18 12:39:00;46;False
DO_0000405889_1;31501021001;家樂福香氛清潔袋(中);3;18/08/2021 12:39;16.0;48.0;DO_0000405889_1;31501021001;3;2021-08-18 12:39:00;26;False
DO_0000405889_1;31501901003;驅塵氏香氛清潔袋(中);1;18/08/2021 12:39;55.0;55.0;DO_0000405889_1;31501901003;1;2021-08-18 12:39:00;7;False
DO_0000405889_1;31502025001;家樂福香氛清潔袋(大);3;18/08/2021 12:39;34.5;103.5;DO_0000405889_1;31502025001;3;2021-08-18 12:39:00;19;False
DO_0000405889_1;31628003001;兒童衣架;2;18/08/2021 12:39;37.0;74.0;DO_0000405889_1;31628003001;2;2021-08-18 12:39:00;1;True
DO_0000407460;31422023001;楓康耐熱袋大140入;4;18/08/2021 15:54;59.0;236.0;DO_0000407460;31422023001;4;2021-08-18 15:54:00;6;False
DO_0000407460;31422898001;妙潔 PE 袋-中;8;18/08/2021 15:54;39.0;312.0;DO_0000407460;31422898001;8;2021-08-18 15:54:00;6;True
DO_0000408065;11071008001;優品別慌蟑捕蟑屋;18;18/08/2021 15:54;89.0;1602.0;DO_0000408065;11071008001;18;2021-08-18 15:54:00;10;True
DO_0000397746;10034999001;光泉正庄蜂蜜菊花茶250ml;6;18/08/2021 16:06;7.166666666666667;43.0;DO_0000397746;10034999001;6;2021-08-18 16:06:00;540;False
DO_0000397746;11050064001;白蘭新動力配方洗碗精柚2.8kg;1;18/08/2021 16:06;169.0;169.0;DO_0000397746;11050064001;1;2021-08-18 16:06:00;9;False
DO_0000397746;12221012001;家樂福環保擦手紙200抽X5包;2;18/08/2021 16:06;98.4;196.8;DO_0000397746;12221012001;2;2021-08-18 16:06:00;44;False
DO_0000397746;31502012001;可家芬平底清潔袋(大);6;18/08/2021 16:06;69.0;414.0;DO_0000397746;31502012001;6;2021-08-18 16:06:00;4;True
DO_0000401235;10032013001;統一麥香奶茶TP375ml;6;18/08/2021 16:06;11.5;69.0;DO_0000401235;10032013001;6;2021-08-18 16:06:00;816;False
DO_0000401235;14011052001;乖乖-椰子;8;18/08/2021 16:06;32.0;256.0;DO_0000401235;14011052001;8;2021-08-18 16:06:00;896;False
DO_0000401235;14014015001;可樂果原味量販包;1;18/08/2021 16:06;63.0;63.0;DO_0000401235;14014015001;1;2021-08-18 16:06:00;234;False
DO_0000401235;14021068001;品客洋芋片(原味);10;18/08/2021 16:06;58.0;580.0;DO_0000401235;14021068001;10;2021-08-18 16:06:00;8;True
DO_0000401235;14501011001;滿漢大餐珍味牛肉麵(碗)187g;4;18/08/2021 16:06;50.0;200.0;DO_0000401235;14501011001;4;2021-08-18 16:06:00;68;False
DO_0000401235;14503003001;來一客-鮮蝦魚板 63g;6;18/08/2021 16:06;21.666666666666668;130.0;DO_0000401235;14503003001;6;2021-08-18 16:06:00;960;False
DO_0000401235;14505016001;來一客-韓式泡菜 67g;6;18/08/2021 16:06;21.666666666666668;130.0;DO_0000401235;14505016001;6;2021-08-18 16:06:00;282;False
DO_0000408130;14500000001;味味A排骨雞麵(袋) 90g;10;18/08/2021 16:06;15.0;150.0;DO_0000408130;14500000001;10;2021-08-18 16:06:00;1175;False
DO_0000408130;14502006001;拉麵道-日式豚骨(袋) 94g;8;18/08/2021 16:06;17.5;140.0;DO_0000408130;14502006001;8;2021-08-18 16:06:00;132;False
DO_0000408130;14820008001;大茂黑瓜 170g;6;18/08/2021 16:06;26.33333333333333;158.0;DO_0000408130;14820008001;6;2021-08-18 16:06:00;1566;False
DO_0000408130;14831007001;同榮特選燒鰻(易開罐)100g;9;18/08/2021 16:06;39.66666666666666;357.0;DO_0000408130;14831007001;9;2021-08-18 16:06:00;750;False
DO_0000408130;14833078001;青葉嚕肉飯料150G;6;18/08/2021 16:06;48.0;288.0;DO_0000408130;14833078001;6;2021-08-18 16:06:00;3;True
DO_0000408130;14840003001;大茂大土豆麵筋170g;6;18/08/2021 16:06;26.33333333333333;158.0;DO_0000408130;14840003001;6;2021-08-18 16:06:00;774;False
DO_0000404426;12201105001;家樂福抽取式衛生紙-FSC 110x24;1;18/08/2021 16:07;10.375;10.375;DO_0000404426;12201105001;1;2021-08-18 16:07:00;77;False
DO_0000404426;14001001001;義美健康取向原味蘇打;5;18/08/2021 16:07;43.0;215.0;DO_0000404426;14001001001;5;2021-08-18 16:07:00;3;True
DO_0000405002;10021026001;黑松FIN健康補給飲料Pet1460ml;1;18/08/2021 16:07;29.0;29.0;DO_0000405002;10021026001;1;2021-08-18 16:07:00;254;False
DO_0000405002;11070007001;噴效新油性噴霧殺蟲劑;2;18/08/2021 16:07;60.0;120.0;DO_0000405002;11070007001;2;2021-08-18 16:07:00;422;False
DO_0000405002;11070062001;速必效蚊子蒼蠅跳蚤水性氣霧寶;1;18/08/2021 16:07;82.0;82.0;DO_0000405002;11070062001;1;2021-08-18 16:07:00;-1;False
DO_0000405002;11075013001;家福黏蠅板 5入;5;18/08/2021 16:07;498.0;2490.0;DO_0000405002;11075013001;5;2021-08-18 16:07:00;4;True
DO_0000405002;12010107001;家福蘆薈香氛精油皂;6;18/08/2021 16:07;250.0;1500.0;DO_0000405002;12010107001;6;2021-08-18 16:07:00;6;False
DO_0000405002;12201153001;五月花舒敏厚棒抽取式衛生紙86抽4包;1;18/08/2021 16:07;19.7;19.7;DO_0000405002;12201153001;1;2021-08-18 16:07:00;203;False
DO_0000408155;10053904001;十全葡萄醋飲料(即飲品)140ml;12;18/08/2021 16:07;30.0;360.0;DO_0000408155;10053904001;12;2021-08-18 16:07:00;6;True
DO_0000408155;14001019001;正哲礦鹽蘇打餅 -香辣百匯風味;1;18/08/2021 16:07;109.0;109.0;DO_0000408155;14001019001;1;2021-08-18 16:07:00;11;False
DO_0000408155;14003037001;可口美酥;1;18/08/2021 16:07;89.0;89.0;DO_0000408155;14003037001;1;2021-08-18 16:07:00;30;False
DO_0000408155;14020976001;樂事SIMPLY GOOD海鹽口味夾鏈包;1;18/08/2021 16:07;108.0;108.0;DO_0000408155;14020976001;1;2021-08-18 16:07:00;9;False
DO_0000408155;14112007001;義美牛奶小泡芙(三入);1;18/08/2021 16:07;87.0;87.0;DO_0000408155;14112007001;1;2021-08-18 16:07:00;177;False
DO_0000408155;14121112001;麗滋檸檬夾心餅乾;1;18/08/2021 16:07;65.0;65.0;DO_0000408155;14121112001;1;2021-08-18 16:07:00;9;False
DO_0000408155;14132015001;可口脆笛酥巧克力量販包;2;18/08/2021 16:07;79.0;158.0;DO_0000408155;14132015001;2;2021-08-18 16:07:00;49;False
DO_0000408155;14222046001;森永牛奶糖家庭號;1;18/08/2021 16:07;79.0;79.0;DO_0000408155;14222046001;1;2021-08-18 16:07:00;10;False
DO_0000408155;14222141001;盛香珍纖維果凍-葡萄果汁口味;1;18/08/2021 16:07;115.0;115.0;DO_0000408155;14222141001;1;2021-08-18 16:07:00;6;False
DO_0000408155;14501010001;來一客-牛肉蔬菜 65g;3;18/08/2021 16:07;21.666666666666668;65.0;DO_0000408155;14501010001;3;2021-08-18 16:07:00;270;False
DO_0000408155;14509008001;虎牌綠豆粉絲 450g;1;18/08/2021 16:07;95.0;95.0;DO_0000408155;14509008001;1;2021-08-18 16:07:00;19;False
DO_0000408155;14620907001;四季釀造醬油1600ml;1;18/08/2021 16:07;102.0;102.0;DO_0000408155;14620907001;1;2021-08-18 16:07:00;56;False
DO_0000407689;12121111001;靠得住草本抑菌衛生棉23cm;2;18/08/2021 16:57;46.333333333333336;92.666667;DO_0000407689;12121111001;2;2021-08-18 16:57:00;1;True
DO_0000407689;12123114001;靠得住草本抑菌衛生棉35cm;1;18/08/2021 16:57;46.333333333333336;46.333333;DO_0000407689;12123114001;1;2021-08-18 16:57:00;2;False
DO_0000407689;14014005001;奇多綜合起司組合包;2;18/08/2021 16:57;79.0;158.0;DO_0000407689;14014005001;2;2021-08-18 16:57:00;79;False
DO_0000407689;14014014001;百事享樂包;2;18/08/2021 16:57;66.0;132.0;DO_0000407689;14014014001;2;2021-08-18 16:57:00;182;False
DO_0000407689;14021010001;卡迪那95度C 北海道薯條-海苔;1;18/08/2021 16:57;64.0;64.0;DO_0000407689;14021010001;1;2021-08-18 16:57:00;83;False
DO_0000407689;14021017001;卡迪那德州薯條量販包;1;18/08/2021 16:57;18.5;18.5;DO_0000407689;14021017001;1;2021-08-18 16:57:00;65;False
DO_0000407689;14022003001;樂事波樂香烤肋排洋芋片;4;18/08/2021 16:57;40.0;160.0;DO_0000407689;14022003001;4;2021-08-18 16:57:00;19;False
DO_0000407689;14022019001;華元蚵仔煎洋芋片;2;18/08/2021 16:57;99.0;198.0;DO_0000407689;14022019001;2;2021-08-18 16:57:00;45;False
DO_0000407689;14022032001;波的多洋芋片(蚵仔煎口味);1;18/08/2021 16:57;35.0;35.0;DO_0000407689;14022032001;1;2021-08-18 16:57:00;27;False
DO_0000407689;14023003001;Lay s 樂事瑞士香濃起司;1;18/08/2021 16:57;108.0;108.0;DO_0000407689;14023003001;1;2021-08-18 16:57:00;13;False
DO_0000407689;14023029001;樂事波樂組合包;2;18/08/2021 16:57;79.0;158.0;DO_0000407689;14023029001;2;2021-08-18 16:57:00;90;False
DO_0000407689;14023083001;卡迪那95台灣地瓜條原味;2;18/08/2021 16:57;65.0;130.0;DO_0000407689;14023083001;2;2021-08-18 16:57:00;29;False
DO_0000407689;14102249001;義美杏仁巧克力酥片（黑可可）;2;18/08/2021 16:57;104.0;208.0;DO_0000407689;14102249001;2;2021-08-18 16:57:00;134;False
DO_0000407689;14204061001;小老板海苔棒棒捲-原味3.0g*9;4;18/08/2021 16:57;12.11111111111111;48.444444;DO_0000407689;14204061001;4;2021-08-18 16:57:00;26;False
DO_0000407689;14615070001;得意的一天五珍寶健康油2L;2;18/08/2021 16:57;215.0;430.0;DO_0000407689;14615070001;2;2021-08-18 16:57:00;94;False
DO_0000409111;10033031001;古道梅子綠茶1500ml;5;18/08/2021 16:59;42.0;210.0;DO_0000409111;10033031001;5;2021-08-18 16:59:00;12;False
DO_0000409111;10034007001;泰山冰鎮水果茶 535ml;4;18/08/2021 16:59;22.25;89.0;DO_0000409111;10034007001;4;2021-08-18 16:59:00;44;False
DO_0000409111;10034057001;古道百香綠茶 Pet 2000ml;2;18/08/2021 16:59;53.0;106.0;DO_0000409111;10034057001;2;2021-08-18 16:59:00;-1;False
DO_0000409111;14000075001;旺旺小小酥綜合包;2;18/08/2021 16:59;59.0;118.0;DO_0000409111;14000075001;2;2021-08-18 16:59:00;29;False
DO_0000409111;14010036001;味王小王子麵-岩燒海苔;1;18/08/2021 16:59;45.0;45.0;DO_0000409111;14010036001;1;2021-08-18 16:59:00;28;False
DO_0000409111;14010040001;科學麵20合1 Min 家庭號;1;18/08/2021 16:59;54.0;54.0;DO_0000409111;14010040001;1;2021-08-18 16:59:00;245;False
DO_0000409111;14010194001;大同玉米濃湯點心餅;2;18/08/2021 16:59;39.0;78.0;DO_0000409111;14010194001;2;2021-08-18 16:59:00;7;False
DO_0000409111;14010194001;大同玉米濃湯點心餅;1;18/08/2021 16:59;39.0;39.0;DO_0000409111;14010194001;1;2021-08-18 16:59:00;7;False
DO_0000409111;14010247001;小王子麵-原味(減鹽);1;18/08/2021 16:59;45.0;45.0;DO_0000409111;14010247001;1;2021-08-18 16:59:00;43;False
DO_0000409111;14011034001;鴻津玉米濃湯捲;1;18/08/2021 16:59;85.0;85.0;DO_0000409111;14011034001;1;2021-08-18 16:59:00;57;False
DO_0000409111;14011052001;乖乖-椰子;8;18/08/2021 16:59;32.0;256.0;DO_0000409111;14011052001;8;2021-08-18 16:59:00;896;False
DO_0000409111;14011053001;乖乖-五香;8;18/08/2021 16:59;69.0;552.0;DO_0000409111;14011053001;8;2021-08-18 16:59:00;256;False
DO_0000409111;14022003001;樂事波樂香烤肋排洋芋片;1;18/08/2021 16:59;40.0;40.0;DO_0000409111;14022003001;1;2021-08-18 16:59:00;19;False
DO_0000409111;14022086001;樂事波樂東京照燒烤雞串;1;18/08/2021 16:59;40.0;40.0;DO_0000409111;14022086001;1;2021-08-18 16:59:00;14;False
DO_0000409111;14102025001;琣伯莉巧克力布朗尼軟餅乾;1;18/08/2021 16:59;193.0;193.0;DO_0000409111;14102025001;1;2021-08-18 16:59:00;3;False
DO_0000409111;14132015001;可口脆笛酥巧克力量販包;1;18/08/2021 16:59;79.0;79.0;DO_0000409111;14132015001;1;2021-08-18 16:59:00;49;False
DO_0000409111;14204078001;泰國小老板超大海苔-經典味;1;18/08/2021 16:59;109.0;109.0;DO_0000409111;14204078001;1;2021-08-18 16:59:00;13;False
DO_0000409111;14501005001;台酒花雕酸菜牛肉麵(包)200g;3;18/08/2021 16:59;45.66666666666666;137.0;DO_0000409111;14501005001;3;2021-08-18 16:59:00;87;False
DO_0000409111;14503002001;維力媽媽麵-蛤蜊海鮮(包)80g;5;18/08/2021 16:59;11.8;59.0;DO_0000409111;14503002001;5;2021-08-18 16:59:00;65;False
DO_0000409111;14506127001;上智鍋燒意麵海鮮口味280g;1;18/08/2021 16:59;89.0;89.0;DO_0000409111;14506127001;1;2021-08-18 16:59:00;-1;False
DO_0000409111;14633935001;新康寶雞湯塊100g;1;18/08/2021 16:59;42.0;42.0;DO_0000409111;14633935001;1;2021-08-18 16:59:00;12;False
DO_0000409111;14810006001;綠巨人天然特甜玉米粒;3;18/08/2021 16:59;56.333333333333336;169.0;DO_0000409111;14810006001;3;2021-08-18 16:59:00;474;False
DO_0000409111;14822899001;味島海苔香鬆52g;3;18/08/2021 16:59;73.0;219.0;DO_0000409111;14822899001;3;2021-08-18 16:59:00;2;True
DO_0000409111;14830069001;愛之味珍寶三明治鮪魚 110g;6;18/08/2021 16:59;41.66666666666666;250.0;DO_0000409111;14830069001;6;2021-08-18 16:59:00;174;False
DO_0000408035;12150016001;依必朗兒童抗菌洗髮乳;4;18/08/2021 17:17;125.0;500.0;DO_0000408035;12150016001;4;2021-08-18 17:17:00;6;False
DO_0000408035;12151015001;依必朗兒童抗菌沐浴乳;3;18/08/2021 17:17;125.0;375.0;DO_0000408035;12151015001;3;2021-08-18 17:17:00;2;True
DO_0000408035;14501902001;維力大炒一番-鐵板牛肉(包)85g;8;18/08/2021 17:17;13.75;110.0;DO_0000408035;14501902001;8;2021-08-18 17:17:00;244;False
DO_0000408035;14505003001;不倒翁辛辣拉麵(袋)120g;10;18/08/2021 17:17;32.0;320.0;DO_0000408035;14505003001;10;2021-08-18 17:17:00;25;False
DO_0000408035;14741015001;日正-卡啦脆酥粉;1;18/08/2021 17:17;63.0;63.0;DO_0000408035;14741015001;1;2021-08-18 17:17:00;1;False
DO_0000408035;14832021001;同榮茄汁鯖魚罐(黃) 230g;3;18/08/2021 17:17;33.0;99.0;DO_0000408035;14832021001;3;2021-08-18 17:17:00;285;False
DO_0000416115;14621021001;金蘭油膏 590ml;10;18/08/2021 18:22;63.0;630.0;DO_0000416115;14621021001;10;2021-08-18 18:22:00;12;False
DO_0000416115;14621021001;金蘭油膏 590ml;24;18/08/2021 18:22;63.0;1512.0;DO_0000416115;14621021001;24;2021-08-18 18:22:00;12;True
DO_0000416115;14621021001;金蘭油膏 590ml;2;18/08/2021 18:22;63.0;126.0;DO_0000416115;14621021001;2;2021-08-18 18:22:00;12;False
DO_0000416142;14621021001;金蘭油膏 590ml;10;18/08/2021 18:22;63.0;630.0;DO_0000416142;14621021001;10;2021-08-18 18:22:00;12;False
DO_0000416142;14621021001;金蘭油膏 590ml;24;18/08/2021 18:22;63.0;1512.0;DO_0000416142;14621021001;24;2021-08-18 18:22:00;12;True
DO_0000416142;14621021001;金蘭油膏 590ml;2;18/08/2021 18:22;63.0;126.0;DO_0000416142;14621021001;2;2021-08-18 18:22:00;12;False
DO_0000416144;14621021001;金蘭油膏 590ml;10;18/08/2021 18:22;63.0;630.0;DO_0000416144;14621021001;10;2021-08-18 18:22:00;12;False
DO_0000416144;14621021001;金蘭油膏 590ml;24;18/08/2021 18:22;63.0;1512.0;DO_0000416144;14621021001;24;2021-08-18 18:22:00;12;True
DO_0000416144;14621021001;金蘭油膏 590ml;2;18/08/2021 18:22;63.0;126.0;DO_0000416144;14621021001;2;2021-08-18 18:22:00;12;False
DO_0000407197;11074018001;威滅衣櫃除蟲片spa舒緩香氛10入;4;18/08/2021 18:30;147.0;588.0;DO_0000407197;11074018001;4;2021-08-18 18:30:00;3;True
DO_0000407197;11074020001;威滅衣櫃除蟲片spa舒緩香氛2入;2;18/08/2021 18:30;147.0;294.0;DO_0000407197;11074020001;2;2021-08-18 18:30:00;5;False
DO_0000407197;12005084006;美源花果香染髮霜 自然亮棕色;1;18/08/2021 18:30;84.5;84.5;DO_0000407197;12005084006;1;2021-08-18 18:30:00;1;False
DO_0000407478;12124001001;靠得住產褥墊;12;18/08/2021 18:30;79.0;948.0;DO_0000407478;12124001001;12;2021-08-18 18:30:00;11;True
DO_0000416119;14621021001;金蘭油膏 590ml;24;18/08/2021 18:30;63.0;1512.0;DO_0000416119;14621021001;24;2021-08-18 18:30:00;12;True
DO_0000416119;14621021001;金蘭油膏 590ml;12;18/08/2021 18:30;63.0;756.0;DO_0000416119;14621021001;12;2021-08-18 18:30:00;12;False
DO_0000416120;14621021001;金蘭油膏 590ml;24;18/08/2021 18:30;63.0;1512.0;DO_0000416120;14621021001;24;2021-08-18 18:30:00;12;True
DO_0000416120;14621021001;金蘭油膏 590ml;12;18/08/2021 18:30;63.0;756.0;DO_0000416120;14621021001;12;2021-08-18 18:30:00;12;False
DO_0000416121;14621021001;金蘭油膏 590ml;24;18/08/2021 18:30;63.0;1512.0;DO_0000416121;14621021001;24;2021-08-18 18:30:00;12;True
DO_0000416121;14621021001;金蘭油膏 590ml;12;18/08/2021 18:30;63.0;756.0;DO_0000416121;14621021001;12;2021-08-18 18:30:00;12;False
DO_0000386933;10012002001;囍瑞100純天然柳橙原汁1L;24;18/08/2021 18:32;89.0;2136.0;DO_0000386933;10012002001;24;2021-08-18 18:32:00;7;True
DO_0000386933;14110106001;Custard Cake-蛋黃派(卡士達口味蛋糕);2;18/08/2021 18:32;99.0;198.0;DO_0000386933;14110106001;2;2021-08-18 18:32:00;66;False
DO_0000408270;12001055001;Alpecin 雙動力咖啡因洗髮露;3;18/08/2021 18:32;299.0;897.0;DO_0000408270;12001055001;3;2021-08-18 18:32:00;1;True
DO_0000408273;12001070001;Alpecin咖啡因洗髮露;4;18/08/2021 18:32;299.0;1196.0;DO_0000408273;12001070001;4;2021-08-18 18:32:00;1;True
DO_0000407597;14201013001;新東陽麻辣牛肉乾;4;18/08/2021 21:29;109.0;436.0;DO_0000407597;14201013001;4;2021-08-18 21:29:00;10;False
DO_0000407597;14304003001;天仁菊花普洱茶;3;18/08/2021 21:29;1.59;4.77;DO_0000407597;14304003001;3;2021-08-18 21:29:00;1;True
DO_0000415121;14010041001;可樂果古早味超值分享包;2;18/08/2021 21:29;52.0;104.0;DO_0000415121;14010041001;2;2021-08-18 21:29:00;10;False
DO_0000415121;14010247001;小王子麵-原味(減鹽);1;18/08/2021 21:29;45.0;45.0;DO_0000415121;14010247001;1;2021-08-18 21:29:00;43;False
DO_0000415121;14020053001;品客原味洋芋片;1;18/08/2021 21:29;58.0;58.0;DO_0000415121;14020053001;1;2021-08-18 21:29:00;63;False
DO_0000415121;14021005001;品客洋蔥口味洋芋片;2;18/08/2021 21:29;58.0;116.0;DO_0000415121;14021005001;2;2021-08-18 21:29:00;49;False
DO_0000415121;14023056001;樂事意合組合包;1;18/08/2021 21:29;93.0;93.0;DO_0000415121;14023056001;1;2021-08-18 21:29:00;299;False
DO_0000415121;14110078001;法國好媽媽檸檬塔;3;18/08/2021 21:29;99.0;297.0;DO_0000415121;14110078001;3;2021-08-18 21:29:00;2;True
DO_0000415121;14111011001;卡賀沙琪瑪;1;18/08/2021 21:29;159.0;159.0;DO_0000415121;14111011001;1;2021-08-18 21:29:00;10;False
DO_0000415121;14111119001;日香豌豆蒜香餅;1;18/08/2021 21:29;99.0;99.0;DO_0000415121;14111119001;1;2021-08-18 21:29:00;2;False
DO_0000415121;14112013001;義美巧克力小泡芙 (三入);1;18/08/2021 21:29;87.0;87.0;DO_0000415121;14112013001;1;2021-08-18 21:29:00;187;False
DO_0000415121;14200006001;利全五香豆乾 210g;2;18/08/2021 21:29;69.0;138.0;DO_0000415121;14200006001;2;2021-08-18 21:29:00;19;False
DO_0000415121;14503003001;來一客-鮮蝦魚板 63g;6;18/08/2021 21:29;21.666666666666668;130.0;DO_0000415121;14503003001;6;2021-08-18 21:29:00;960;False
DO_0000415121;14830009001;紅鷹牌海底雞170g;3;18/08/2021 21:29;62.66666666666666;188.0;DO_0000415121;14830009001;3;2021-08-18 21:29:00;129;False
DO_0000415121;14832018001;同榮茄汁鯖魚罐(紅) 230g;3;18/08/2021 21:29;33.0;99.0;DO_0000415121;14832018001;3;2021-08-18 21:29:00;270;False
DO_0000370785;12202039001;家樂福環保捲筒衛生紙;12;18/08/2021 21:30;7.5;90.0;DO_0000370785;12202039001;12;2021-08-18 21:30:00;18;False
DO_0000370785;12221012001;家樂福環保擦手紙200抽X5包;4;18/08/2021 21:30;98.4;393.6;DO_0000370785;12221012001;4;2021-08-18 21:30:00;44;False
DO_0000370785;31533096001;百研/柔軟菜瓜布;6;18/08/2021 21:30;69.0;414.0;DO_0000370785;31533096001;6;2021-08-18 21:30:00;4;True
DO_0000370804;11051002001;加倍潔小蘇打去汙粉;2;18/08/2021 21:30;98.0;196.0;DO_0000370804;11051002001;2;2021-08-18 21:30:00;21;False
DO_0000370804;14506042001;家福營養麵條 300g;2;18/08/2021 21:30;24.0;48.0;DO_0000370804;14506042001;2;2021-08-18 21:30:00;12;False
DO_0000370804;14506049001;好勁道-寬版大麵300g;2;18/08/2021 21:30;26.0;52.0;DO_0000370804;14506049001;2;2021-08-18 21:30:00;10;False
DO_0000370804;14506057001;家福油麵 300g;2;18/08/2021 21:30;59.0;118.0;DO_0000370804;14506057001;2;2021-08-18 21:30:00;10;False
DO_0000370804;14506065001;好勁道-家常麵條 300g;2;18/08/2021 21:30;24.0;48.0;DO_0000370804;14506065001;2;2021-08-18 21:30:00;20;False
DO_0000370804;14506072001;好勁道-月見雞蛋麵300g;2;18/08/2021 21:30;26.0;52.0;DO_0000370804;14506072001;2;2021-08-18 21:30:00;33;False
DO_0000370804;14506082001;家福關東麵;2;18/08/2021 21:30;101.0;202.0;DO_0000370804;14506082001;2;2021-08-18 21:30:00;1;True
DO_0000370804;14610010001;泰山沙拉油600ml;2;18/08/2021 21:30;59.0;118.0;DO_0000370804;14610010001;2;2021-08-18 21:30:00;24;False
DO_0000370804;14613900001;泰山健康好理由純芥花油;2;18/08/2021 21:30;142.0;284.0;DO_0000370804;14613900001;2;2021-08-18 21:30:00;21;False
DO_0000370804;14616019001;家福超值白醋;1;18/08/2021 21:30;109.0;109.0;DO_0000370804;14616019001;1;2021-08-18 21:30:00;6;False
DO_0000408133;14226067001;Airwaves Super重量包冰炫薄荷;10;18/08/2021 21:30;73.0;730.0;DO_0000408133;14226067001;10;2021-08-18 21:30:00;6;True
DO_0000408133;14370029001;台糖晶冰糖;1;18/08/2021 21:30;75.0;75.0;DO_0000408133;14370029001;1;2021-08-18 21:30:00;4;False
DO_0000408133;14600007001;減鈉含碘鹽 600g;1;18/08/2021 21:30;100.0;100.0;DO_0000408133;14600007001;1;2021-08-18 21:30:00;12;False
DO_0000408133;14820008001;大茂黑瓜 170g;3;18/08/2021 21:30;26.33333333333333;79.0;DO_0000408133;14820008001;3;2021-08-18 21:30:00;1566;False
DO_0000408133;14820012001;愛之味鮮味脆瓜180g;3;18/08/2021 21:30;33.0;99.0;DO_0000408133;14820012001;3;2021-08-18 21:30:00;177;False
DO_0000408133;14831013001;紅鷹牌日式蒲燒鰻100g;3;18/08/2021 21:30;43.0;129.0;DO_0000408133;14831013001;3;2021-08-18 21:30:00;156;False
DO_0000408133;14831020001;同榮易開豆鼓鰻;3;18/08/2021 21:30;39.66666666666666;119.0;DO_0000408133;14831020001;3;2021-08-18 21:30:00;348;False
DO_0000408133;14840003001;大茂大土豆麵筋170g;3;18/08/2021 21:30;26.33333333333333;79.0;DO_0000408133;14840003001;3;2021-08-18 21:30:00;774;False
DO_0000411567;12102016001;保麗淨假牙清潔錠;4;18/08/2021 21:30;482.0;1928.0;DO_0000411567;12102016001;4;2021-08-18 21:30:00;6;False
DO_0000411567;12102041001;牙周適牙齦護理牙膏-深層潔淨;2;18/08/2021 21:30;139.66666666666666;279.333333;DO_0000411567;12102041001;2;2021-08-18 21:30:00;1;True
DO_0000411567;12102056001;牙周適牙齦護理牙膏;6;18/08/2021 21:30;143.0;858.0;DO_0000411567;12102056001;6;2021-08-18 21:30:00;3;True
DO_0000411567;12102067001;牙周適固齒護齦高效清新牙膏80g;1;18/08/2021 21:30;179.0;179.0;DO_0000411567;12102067001;1;2021-08-18 21:30:00;1;False
DO_0000412448;12201153001;五月花舒敏厚棒抽取式衛生紙86抽4包;1;18/08/2021 21:30;19.7;19.7;DO_0000412448;12201153001;1;2021-08-18 21:30:00;203;False
DO_0000412448;14602085001;真好家白胡椒粉(罐)290g;1;18/08/2021 21:30;362.0;362.0;DO_0000412448;14602085001;1;2021-08-18 21:30:00;-1;False
DO_0000412448;14602091001;真好家椒鹽粉(罐)400g;2;18/08/2021 21:30;199.0;398.0;DO_0000412448;14602091001;2;2021-08-18 21:30:00;1;True
DO_0000418386;11010043001;毛寶香滿室檀木地板清潔補充包;6;19/08/2021 00:35;85.0;510.0;DO_0000418386;11010043001;6;2021-08-19 00:35:00;5;True
DO_0000419889;12210021001;柔情200盒裝面紙;50;19/08/2021 01:50;27.6;1380.0;DO_0000419889;12210021001;50;2021-08-19 01:50:00;5;True
DO_0000356126;10021026001;黑松FIN健康補給飲料Pet1460ml;1;19/08/2021 04:23;29.0;29.0;DO_0000356126;10021026001;1;2021-08-19 04:23:00;254;False
DO_0000356126;10030001001;開喜凍頂烏龍茶無糖1.5L;24;19/08/2021 04:23;38.0;912.0;DO_0000356126;10030001001;24;2021-08-19 04:23:00;12;True
DO_0000356126;10033010001;黑松茶花綠茶 1230ml;24;19/08/2021 04:23;25.0;600.0;DO_0000356126;10033010001;24;2021-08-19 04:23:00;196;False
DO_0000370729;12005015007;566 美色護髮染髮霜 110g 6-栗褐色;5;19/08/2021 04:24;79.5;397.5;DO_0000370729;12005015007;5;2021-08-19 04:24:00;1;True
DO_0000370729;12102016001;保麗淨假牙清潔錠;1;19/08/2021 04:24;482.0;482.0;DO_0000370729;12102016001;1;2021-08-19 04:24:00;6;False
DO_0000370769;11042008001;通樂超濃疏通膠;4;19/08/2021 04:24;158.0;632.0;DO_0000370769;11042008001;4;2021-08-19 04:24:00;6;False
DO_0000370769;11042022001;浴室通樂;2;19/08/2021 04:24;158.0;316.0;DO_0000370769;11042022001;2;2021-08-19 04:24:00;1;True
DO_0000370769;11111019001;家福超值增豔雙氧漂白水;3;19/08/2021 04:24;72.0;216.0;DO_0000370769;11111019001;3;2021-08-19 04:24:00;9;False
DO_0000370769;11111033001;妙管家超強漂白水4L;3;19/08/2021 04:24;85.0;255.0;DO_0000370769;11111033001;3;2021-08-19 04:24:00;20;False
DO_0000372995;12120052001;蘇菲瞬吸加長護墊17.5cm無香;4;19/08/2021 04:25;34.5;138.0;DO_0000372995;12120052001;4;2021-08-19 04:25:00;60;False
DO_0000372995;12122015001;蘇菲彈力貼身日用潔翼;8;19/08/2021 04:25;32.25;258.0;DO_0000372995;12122015001;8;2021-08-19 04:25:00;4;True
DO_0000372995;12220005001;舒潔威象大尺寸家用紙巾;2;19/08/2021 04:25;21.33333333333333;42.666667;DO_0000372995;12220005001;2;2021-08-19 04:25:00;27;False
DO_0000372995;31500015001;妙潔新防漏大師清潔袋--小;2;19/08/2021 04:25;105.0;210.0;DO_0000372995;31500015001;2;2021-08-19 04:25:00;18;False
DO_0000379181;12234915001;幫寶適超薄乾爽拉拉褲XL號;2;19/08/2021 04:39;399.0;798.0;DO_0000379181;12234915001;2;2021-08-19 04:39:00;1;True
DO_0000379181;12234916001;幫寶適超薄乾爽拉拉褲XXL號;2;19/08/2021 04:39;399.0;798.0;DO_0000379181;12234916001;2;2021-08-19 04:39:00;-1;False
DO_0000386834;12020927001;露得清深層淨化抗痘洗面乳 露得清抗痘;4;19/08/2021 04:41;109.0;436.0;DO_0000386834;12020927001;4;2021-08-19 04:41:00;2;True
DO_0000386834;14520065001;康寶濃湯自然原味火腿玉米49.7g;4;19/08/2021 04:41;50.0;200.0;DO_0000386834;14520065001;4;2021-08-19 04:41:00;46;False
DO_0000386834;14520068001;康寶濃湯-自然原味雞蓉玉米54.1G;4;19/08/2021 04:41;50.0;200.0;DO_0000386834;14520068001;4;2021-08-19 04:41:00;48;False
DO_0000386834;14521157001;康寶濃湯-自然原味金黃玉米56.3G;2;19/08/2021 04:41;50.0;100.0;DO_0000386834;14521157001;2;2021-08-19 04:41:00;126;False
DO_0000386834;14521158001;康寶濃湯-自然原味港式酸辣46.6G;4;19/08/2021 04:41;50.0;200.0;DO_0000386834;14521158001;4;2021-08-19 04:41:00;36;False
DO_0000386834;14522050001;康寶濃湯-自然原味海鮮總匯38.3G;4;19/08/2021 04:41;50.0;200.0;DO_0000386834;14522050001;4;2021-08-19 04:41:00;10;False
DO_0000386834;14613899001;家福芥花油;2;19/08/2021 04:41;232.0;464.0;DO_0000386834;14613899001;2;2021-08-19 04:41:00;3;False
DO_0000386834;14620907001;四季釀造醬油1600ml;2;19/08/2021 04:41;102.0;204.0;DO_0000386834;14620907001;2;2021-08-19 04:41:00;56;False
DO_0000386834;14810006001;綠巨人天然特甜玉米粒;6;19/08/2021 04:41;56.333333333333336;338.0;DO_0000386834;14810006001;6;2021-08-19 04:41:00;474;False
DO_0000389356;12211016001;舒潔迪士尼袖珍包面紙;2;19/08/2021 04:42;3.2666666666666666;6.533333;DO_0000389356;12211016001;2;2021-08-19 04:42:00;1;True
DO_0000389356;31567052001;無塵氏 酒精抗菌擦拭巾80抽;1;19/08/2021 04:42;99.0;99.0;DO_0000389356;31567052001;1;2021-08-19 04:42:00;14;False
DO_0000394489;10033015001;茶裏王日式綠茶無糖600ml;12;19/08/2021 04:49;17.0;204.0;DO_0000394489;10033015001;12;2021-08-19 04:49:00;332;False
DO_0000394489;14021017001;卡迪那德州薯條量販包;1;19/08/2021 04:49;18.5;18.5;DO_0000394489;14021017001;1;2021-08-19 04:49:00;65;False
DO_0000394489;14023019001;胖老爹雞腿造型洋芋球;3;19/08/2021 04:49;39.0;117.0;DO_0000394489;14023019001;3;2021-08-19 04:49:00;2;True
DO_0000394489;14023056001;樂事意合組合包;1;19/08/2021 04:49;93.0;93.0;DO_0000394489;14023056001;1;2021-08-19 04:49:00;299;False
DO_0000394489;14103009001;孔雀餅乾;1;19/08/2021 04:49;105.0;105.0;DO_0000394489;14103009001;1;2021-08-19 04:49:00;50;False
DO_0000394489;14121063001;茱蒂絲純花生醬三明治餅乾;1;19/08/2021 04:49;55.0;55.0;DO_0000394489;14121063001;1;2021-08-19 04:49:00;39;False
DO_0000394489;14203048001;台灣ㄚ環妹大豬公(魚干);1;19/08/2021 04:49;69.0;69.0;DO_0000394489;14203048001;1;2021-08-19 04:49:00;5;False
DO_0000394489;14502026001;滿漢大餐蔥燒豬肉麵(大碗)193g;4;19/08/2021 04:49;50.0;200.0;DO_0000394489;14502026001;4;2021-08-19 04:49:00;68;False
DO_0000394489;14505115001;維力炸醬麵重量包(袋) 123g;4;19/08/2021 04:49;20.75;83.0;DO_0000394489;14505115001;4;2021-08-19 04:49:00;196;False
DO_0000394489;14611002001;得意的一天100％葵花油1L;1;19/08/2021 04:49;143.0;143.0;DO_0000394489;14611002001;1;2021-08-19 04:49:00;29;False
DO_0000394489;14805012001;愛之味牛奶花生340g;6;19/08/2021 04:49;26.5;159.0;DO_0000394489;14805012001;6;2021-08-19 04:49:00;2100;False
DO_0000394489;14840003001;大茂大土豆麵筋170g;3;19/08/2021 04:49;26.33333333333333;79.0;DO_0000394489;14840003001;3;2021-08-19 04:49:00;774;False
DO_0000397060;11040060001;家福尤加利馬桶清潔劑 家福尤加利浴廁;2;19/08/2021 04:49;249.0;498.0;DO_0000397060;11040060001;2;2021-08-19 04:49:00;1;True
DO_0000397060;11061011001;OP茶樹抗菌海綿菜瓜布;1;19/08/2021 04:49;55.0;55.0;DO_0000397060;11061011001;1;2021-08-19 04:49:00;3;False
DO_0000397060;11061031001;百利衛浴專用海綿菜瓜布2片裝;1;19/08/2021 04:49;65.0;65.0;DO_0000397060;11061031001;1;2021-08-19 04:49:00;3;False
DO_0000397060;11103021001;一匙靈Attack抗菌EX洗衣精補充;4;19/08/2021 04:49;79.0;316.0;DO_0000397060;11103021001;4;2021-08-19 04:49:00;82;False
DO_0000397060;11111017001;超值漂白水5000克;3;19/08/2021 04:49;86.0;258.0;DO_0000397060;11111017001;3;2021-08-19 04:49:00;28;False
DO_0000397060;31502025001;家樂福香氛清潔袋(大);2;19/08/2021 04:49;34.5;69.0;DO_0000397060;31502025001;2;2021-08-19 04:49:00;19;False
DO_0000397080;14503003001;來一客-鮮蝦魚板 63g;3;19/08/2021 04:49;21.666666666666668;65.0;DO_0000397080;14503003001;3;2021-08-19 04:49:00;960;False
DO_0000397080;14620103001;高慶泉泰安醬油410ml;4;19/08/2021 04:49;102.0;408.0;DO_0000397080;14620103001;4;2021-08-19 04:49:00;2;True
DO_0000397080;31502022001;家簡塵除香氛清潔袋 大;1;19/08/2021 04:49;59.0;59.0;DO_0000397080;31502022001;1;2021-08-19 04:49:00;8;False
DO_0000397080;31502023001;家簡塵除防漏環保清潔袋-大;1;19/08/2021 04:49;59.0;59.0;DO_0000397080;31502023001;1;2021-08-19 04:49:00;14;False
DO_0000397521;11101038001;一匙靈淨柔超濃縮洗衣粉;2;19/08/2021 04:50;108.0;216.0;DO_0000397521;11101038001;2;2021-08-19 04:50:00;6;False
DO_0000397521;12000178001;花王洗髮精清新沁涼型;1;19/08/2021 04:50;109.0;109.0;DO_0000397521;12000178001;1;2021-08-19 04:50:00;20;False
DO_0000397521;12121111001;靠得住草本抑菌衛生棉23cm;2;19/08/2021 04:50;46.333333333333336;92.666667;DO_0000397521;12121111001;2;2021-08-19 04:50:00;1;True
DO_0000397521;12122055001;靠得住草本抑菌衛生棉28cm;2;19/08/2021 04:50;46.333333333333336;92.666667;DO_0000397521;12122055001;2;2021-08-19 04:50:00;6;False
DO_0000397521;12123114001;靠得住草本抑菌衛生棉35cm;1;19/08/2021 04:50;46.333333333333336;46.333333;DO_0000397521;12123114001;1;2021-08-19 04:50:00;2;False
DO_0000397701;10041033001;舒味思氣泡水萊姆口味Pet500ml;8;19/08/2021 04:50;30.0;240.0;DO_0000397701;10041033001;8;2021-08-19 04:50:00;64;False
DO_0000397701;10041039001;味丹多喝水MORE氣泡水Pet560ml;8;19/08/2021 04:50;17.0;136.0;DO_0000397701;10041039001;8;2021-08-19 04:50:00;128;False
DO_0000397701;12201153001;五月花舒敏厚棒抽取式衛生紙86抽4包;1;19/08/2021 04:50;19.7;19.7;DO_0000397701;12201153001;1;2021-08-19 04:50:00;203;False
DO_0000397701;14001012001;義美健康取向純麥蘇打餅乾410g;4;19/08/2021 04:50;63.0;252.0;DO_0000397701;14001012001;4;2021-08-19 04:50:00;31;False
DO_0000397701;14010142001;七小喜多包;2;19/08/2021 04:50;63.0;126.0;DO_0000397701;14010142001;2;2021-08-19 04:50:00;171;False
DO_0000397701;14010170001;可樂果古早味量販包;2;19/08/2021 04:50;63.0;126.0;DO_0000397701;14010170001;2;2021-08-19 04:50:00;41;False
DO_0000397701;14011029001;多力多滋起士組合包;2;19/08/2021 04:50;79.0;158.0;DO_0000397701;14011029001;2;2021-08-19 04:50:00;168;False
DO_0000397701;14100009001;義美狀元煎餅杏仁;4;19/08/2021 04:50;69.0;276.0;DO_0000397701;14100009001;4;2021-08-19 04:50:00;10;False
DO_0000397701;14104002001;義美煎餅-海苔;4;19/08/2021 04:50;69.0;276.0;DO_0000397701;14104002001;4;2021-08-19 04:50:00;53;False
DO_0000397701;14302005001;天仁綠茶;2;19/08/2021 04:50;1.59;3.18;DO_0000397701;14302005001;2;2021-08-19 04:50:00;7;False
DO_0000397701;14302060001;家福茉莉綠茶袋茶;2;19/08/2021 04:50;0.97;1.94;DO_0000397701;14302060001;2;2021-08-19 04:50:00;1;True
DO_0000397701;14302079001;立頓茗閒情100％台灣茶-活綠茶90g;2;19/08/2021 04:50;149.0;298.0;DO_0000397701;14302079001;2;2021-08-19 04:50:00;6;False
DO_0000397701;14303048001;3點1刻經典原味奶茶;2;19/08/2021 04:50;9.933333333333334;19.866667;DO_0000397701;14303048001;2;2021-08-19 04:50:00;6;False
DO_0000397701;14303897001;義美薑母茶;1;19/08/2021 04:50;10.333333333333334;10.333333;DO_0000397701;14303897001;1;2021-08-19 04:50:00;7;False
DO_0000397701;14304013001;家樂福洋甘菊茶;1;19/08/2021 04:50;4.65625;4.65625;DO_0000397701;14304013001;1;2021-08-19 04:50:00;1;False
DO_0000397701;14500000001;味味A排骨雞麵(袋) 90g;10;19/08/2021 04:50;15.0;150.0;DO_0000397701;14500000001;10;2021-08-19 04:50:00;1175;False
DO_0000397701;14500003001;味王麻油雞湯麵(包) 90g;10;19/08/2021 04:50;12.8;128.0;DO_0000397701;14500003001;10;2021-08-19 04:50:00;255;False
DO_0000397701;14504001001;隨緣鮮蔬百匯麵(袋) 80g;10;19/08/2021 04:50;15.4;154.0;DO_0000397701;14504001001;10;2021-08-19 04:50:00;135;False
DO_0000397701;14520065001;康寶濃湯自然原味火腿玉米49.7g;8;19/08/2021 04:50;50.0;400.0;DO_0000397701;14520065001;8;2021-08-19 04:50:00;46;False
DO_0000397701;14520068001;康寶濃湯-自然原味雞蓉玉米54.1G;8;19/08/2021 04:50;50.0;400.0;DO_0000397701;14520068001;8;2021-08-19 04:50:00;48;False
DO_0000397701;14521157001;康寶濃湯-自然原味金黃玉米56.3G;8;19/08/2021 04:50;50.0;400.0;DO_0000397701;14521157001;8;2021-08-19 04:50:00;126;False
DO_0000397701;14633937001;新康寶香菇湯塊100g;2;19/08/2021 04:50;60.0;120.0;DO_0000397701;14633937001;2;2021-08-19 04:50:00;1;True
DO_0000397701;14804007001;泰山八寶粥 375g;18;19/08/2021 04:50;27.5;495.0;DO_0000397701;14804007001;18;2021-08-19 04:50:00;1200;False
DO_0000397701;14810006001;綠巨人天然特甜玉米粒;12;19/08/2021 04:50;56.333333333333336;676.0;DO_0000397701;14810006001;12;2021-08-19 04:50:00;474;False
DO_0000397701;14833024001;廣達香肉醬 150g;12;19/08/2021 04:50;38.0;456.0;DO_0000397701;14833024001;12;2021-08-19 04:50:00;105;False
DO_0000404329;12011221001;美吾髮琥珀檀香雪松精油沐浴露 琥珀檀香沐浴露;1;19/08/2021 05:02;139.0;139.0;DO_0000404329;12011221001;1;2021-08-19 05:02:00;4;False
DO_0000404329;12011338001;美吾髮晨霧玫瑰奢香沐浴露;2;19/08/2021 05:02;139.0;278.0;DO_0000404329;12011338001;2;2021-08-19 05:02:00;1;True
DO_0000404329;12123077001;蘇菲超熟睡薄棉柔41.5cm;1;19/08/2021 05:02;103.0;103.0;DO_0000404329;12123077001;1;2021-08-19 05:02:00;25;False
DO_0000404769;12020249001;妮維雅男性清爽控油洗面乳 男性;2;19/08/2021 05:03;129.0;258.0;DO_0000404769;12020249001;2;2021-08-19 05:03:00;1;True
DO_0000405250;35302003001;中油9000SM車用機油10W/40;6;19/08/2021 05:03;259.0;1554.0;DO_0000405250;35302003001;6;2021-08-19 05:03:00;4;True
DO_0000407302;35302003001;中油9000SM車用機油10W/40;6;19/08/2021 05:04;259.0;1554.0;DO_0000407302;35302003001;6;2021-08-19 05:04:00;4;True
DO_0000407484;12110074001;舒適舒芙仕女除毛刀把-敏感肌 敏感肌-1刀2頭;1;19/08/2021 05:05;287.0;287.0;DO_0000407484;12110074001;1;2021-08-19 05:05:00;1;False
DO_0000407484;12120082001;靠得住草本瞬吸護墊17.5;20;19/08/2021 05:05;59.5;1190.0;DO_0000407484;12120082001;20;2021-08-19 05:05:00;16;True
DO_0000407590;14313019001;星巴克家常美式咖啡膠囊;3;19/08/2021 05:05;290.0;870.0;DO_0000407590;14313019001;3;2021-08-19 05:05:00;2;True
DO_0000407983;10024007001;開心成長可爾必思160ml;18;19/08/2021 05:20;10.5;189.0;DO_0000407983;10024007001;18;2021-08-19 05:20:00;222;False
DO_0000407983;10024007001;開心成長可爾必思160ml;6;19/08/2021 05:20;10.5;63.0;DO_0000407983;10024007001;6;2021-08-19 05:20:00;222;False
DO_0000407983;12020068001;蜜妮柔珠深層洗面乳;1;19/08/2021 05:20;79.0;79.0;DO_0000407983;12020068001;1;2021-08-19 05:20:00;5;False
DO_0000407983;12020249001;妮維雅男性清爽控油洗面乳 男性;2;19/08/2021 05:20;129.0;258.0;DO_0000407983;12020249001;2;2021-08-19 05:20:00;1;True
DO_0000407983;12020473001;Biore 清透極淨洗面乳;1;19/08/2021 05:20;79.0;79.0;DO_0000407983;12020473001;1;2021-08-19 05:20:00;4;False
DO_0000407983;14121017001;義美牛奶法蘭酥;1;19/08/2021 05:20;70.0;70.0;DO_0000407983;14121017001;1;2021-08-19 05:20:00;32;False
DO_0000407983;14501086001;一度贊-紅燒牛肉(袋) 200g;6;19/08/2021 05:20;44.0;264.0;DO_0000407983;14501086001;6;2021-08-19 05:20:00;72;False
DO_0000407983;14502111001;一度贊-爌肉(袋) 200g;6;19/08/2021 05:20;44.0;264.0;DO_0000407983;14502111001;6;2021-08-19 05:20:00;75;False
DO_0000402218;10000002001;可口可樂2L;3;19/08/2021 05:23;38.333333333333336;115.0;DO_0000402218;10000002001;3;2021-08-19 05:23:00;1438;False
DO_0000402218;11041017001;妙管家馬桶自動清潔劑;1;19/08/2021 05:23;15.8;15.8;DO_0000402218;11041017001;1;2021-08-19 05:23:00;4;False
DO_0000402218;11041027001;妙管家馬桶自動清潔劑-薰衣草;1;19/08/2021 05:23;15.8;15.8;DO_0000402218;11041027001;1;2021-08-19 05:23:00;6;False
DO_0000402218;11073006001;鱷魚液體電蚊香;5;19/08/2021 05:23;85.0;425.0;DO_0000402218;11073006001;5;2021-08-19 05:23:00;7;False
DO_0000402218;12105009001;白人漱口水促銷包;1;19/08/2021 05:23;80.5;80.5;DO_0000402218;12105009001;1;2021-08-19 05:23:00;9;False
DO_0000402218;14020008001;滿天星原味40g;2;19/08/2021 05:23;19.0;38.0;DO_0000402218;14020008001;2;2021-08-19 05:23:00;21;False
DO_0000402218;14021055001;樂事青檸享清新;1;19/08/2021 05:23;40.0;40.0;DO_0000402218;14021055001;1;2021-08-19 05:23:00;15;False
DO_0000402218;14022019001;華元蚵仔煎洋芋片;1;19/08/2021 05:23;99.0;99.0;DO_0000402218;14022019001;1;2021-08-19 05:23:00;45;False
DO_0000402218;14222068001;Dr.Q葡萄蒟蒻;1;19/08/2021 05:23;49.0;49.0;DO_0000402218;14222068001;1;2021-08-19 05:23:00;19;False
DO_0000402218;14820012001;愛之味鮮味脆瓜180g;3;19/08/2021 05:23;33.0;99.0;DO_0000402218;14820012001;3;2021-08-19 05:23:00;177;False
DO_0000402218;14820014001;愛之味青脆菜心180g;3;19/08/2021 05:23;33.0;99.0;DO_0000402218;14820014001;3;2021-08-19 05:23:00;177;False
DO_0000402218;14840006001;愛之味土豆麵筋170g;6;19/08/2021 05:23;33.0;198.0;DO_0000402218;14840006001;6;2021-08-19 05:23:00;288;False
DO_0000402218;31564007001;驅塵氏- 吸水膠棉拖補充頭;5;19/08/2021 05:23;99.0;495.0;DO_0000402218;31564007001;5;2021-08-19 05:23:00;4;True
DO_0000404712;10031013001;統一麥香紅茶TP375ml;6;19/08/2021 05:24;11.5;69.0;DO_0000404712;10031013001;6;2021-08-19 05:24:00;864;False
DO_0000404712;14502004001;一度贊-爌肉(碗) 200g;2;19/08/2021 05:24;43.0;86.0;DO_0000404712;14502004001;2;2021-08-19 05:24:00;518;False
DO_0000404712;14810004001;台糖玉米粒(特級)340g;3;19/08/2021 05:24;33.0;99.0;DO_0000404712;14810004001;3;2021-08-19 05:24:00;165;False
DO_0000404712;14820008001;大茂黑瓜 170g;3;19/08/2021 05:24;26.33333333333333;79.0;DO_0000404712;14820008001;3;2021-08-19 05:24:00;1566;False
DO_0000404712;14832021001;同榮茄汁鯖魚罐(黃) 230g;3;19/08/2021 05:24;33.0;99.0;DO_0000404712;14832021001;3;2021-08-19 05:24:00;285;False
DO_0000404712;14840003001;大茂大土豆麵筋170g;6;19/08/2021 05:24;26.33333333333333;158.0;DO_0000404712;14840003001;6;2021-08-19 05:24:00;774;False
DO_0000404712;31556012001;威拂魔撢本體握把(藍);2;19/08/2021 05:24;56.0;112.0;DO_0000404712;31556012001;2;2021-08-19 05:24:00;1;True
DO_0000404712;31567010001;威拂魔撢補充包(藍)4片*3入;2;19/08/2021 05:24;159.0;318.0;DO_0000404712;31567010001;2;2021-08-19 05:24:00;2;False
DO_0000407438;11100001001;妙管家活氧洗衣粉4.5Kg;2;19/08/2021 05:26;119.0;238.0;DO_0000407438;11100001001;2;2021-08-19 05:26:00;31;False
DO_0000407438;14131041001;義美巧克力夾心酥經濟包;1;19/08/2021 05:26;91.0;91.0;DO_0000407438;14131041001;1;2021-08-19 05:26:00;70;False
DO_0000407438;14204132001;家樂福辣味半切海苔;1;19/08/2021 05:26;75.0;75.0;DO_0000407438;14204132001;1;2021-08-19 05:26:00;21;False
DO_0000407438;14501045001;來一客川辣牛肉 67g;3;19/08/2021 05:26;21.666666666666668;65.0;DO_0000407438;14501045001;3;2021-08-19 05:26:00;249;False
DO_0000407438;14502011001;來一客-京燉肉骨 71g;3;19/08/2021 05:26;21.666666666666668;65.0;DO_0000407438;14502011001;3;2021-08-19 05:26:00;408;False
DO_0000407438;14600023001;台鹽特級碘鹽 1Kg;4;19/08/2021 05:26;23.0;92.0;DO_0000407438;14600023001;4;2021-08-19 05:26:00;64;False
DO_0000407438;14613918001;福壽100％純芥花油2L;2;19/08/2021 05:26;209.0;418.0;DO_0000407438;14613918001;2;2021-08-19 05:26:00;1;True
DO_0000407438;14615002001;日正特級香油;1;19/08/2021 05:26;118.0;118.0;DO_0000407438;14615002001;1;2021-08-19 05:26:00;7;False
DO_0000407608;12130113001;康乃馨成人紙尿褲經濟L;6;19/08/2021 05:29;109.0;654.0;DO_0000407608;12130113001;6;2021-08-19 05:29:00;1;True
DO_0000407964;12130012001;安安看護墊XXL;7;19/08/2021 05:30;99.0;693.0;DO_0000407964;12130012001;7;2021-08-19 05:30:00;6;True
DO_0000407964;12130012001;安安看護墊XXL;5;19/08/2021 05:30;99.0;495.0;DO_0000407964;12130012001;5;2021-08-19 05:30:00;6;False
DO_0000407978;10041033001;舒味思氣泡水萊姆口味Pet500ml;4;19/08/2021 05:30;30.0;120.0;DO_0000407978;10041033001;4;2021-08-19 05:30:00;64;False
DO_0000407978;10053901001;十全蘋果醋飲料(即飲品)140ml;30;19/08/2021 05:30;30.0;900.0;DO_0000407978;10053901001;30;2021-08-19 05:30:00;18;True
DO_0000407978;14001002001;ACE原味蘇打餅乾;1;19/08/2021 05:30;62.0;62.0;DO_0000407978;14001002001;1;2021-08-19 05:30:00;22;False
DO_0000407978;14010040001;科學麵20合1 Min 家庭號;1;19/08/2021 05:30;54.0;54.0;DO_0000407978;14010040001;1;2021-08-19 05:30:00;245;False
DO_0000407978;14130042001;77新貴派18片盒裝-清爽檸檬 252g;1;19/08/2021 05:30;88.0;88.0;DO_0000407978;14130042001;1;2021-08-19 05:30:00;22;False
DO_0000407979;14310209001;星巴克派克市場烘焙咖啡豆200g;4;19/08/2021 05:30;265.0;1060.0;DO_0000407979;14310209001;4;2021-08-19 05:30:00;1;True
DO_0000408154;14361149001;義美杏仁粉（無添加蔗糖）420g;7;19/08/2021 05:31;256.0;1792.0;DO_0000408154;14361149001;7;2021-08-19 05:31:00;6;True
DO_0000410794;14243042001;萬歲牌綜合纖果;2;19/08/2021 05:45;31.8;63.6;DO_0000410794;14243042001;2;2021-08-19 05:45:00;24;False
DO_0000410794;14244022001;萬歲牌核桃小魚125G;2;19/08/2021 05:45;129.0;258.0;DO_0000410794;14244022001;2;2021-08-19 05:45:00;-1;False
DO_0000410794;14244059001;萬歲牌杏仁小魚;2;19/08/2021 05:45;129.0;258.0;DO_0000410794;14244059001;2;2021-08-19 05:45:00;32;False
DO_0000410794;14361004001;萬歲牌燕麥堅果-核桃紅豆;2;19/08/2021 05:45;9.9;19.8;DO_0000410794;14361004001;2;2021-08-19 05:45:00;4;False
DO_0000410794;14361008001;萬歲牌元氣什穀堅果飲-杏仁;2;19/08/2021 05:45;8.25;16.5;DO_0000410794;14361008001;2;2021-08-19 05:45:00;4;False
DO_0000410794;14361070001;萬歲牌燕麥堅果-杏仁蓮子;2;19/08/2021 05:45;9.9;19.8;DO_0000410794;14361070001;2;2021-08-19 05:45:00;1;True
DO_0000410794;14361899001;萬歲牌燕麥堅果-堅果纖蔬;2;19/08/2021 05:45;9.9;19.8;DO_0000410794;14361899001;2;2021-08-19 05:45:00;3;False
DO_0000412201;12023227001;曼秀雷敦Acnes抗痘筆 Acnes抗痘筆;3;19/08/2021 05:45;185.0;555.0;DO_0000412201;12023227001;3;2021-08-19 05:45:00;1;True
DO_0000412201;12201068001;舒潔絲柔乳液抽取衛生紙超值包;1;19/08/2021 05:45;13.3;13.3;DO_0000412201;12201068001;1;2021-08-19 05:45:00;28;False
DO_0000412201;14615030001;泰山均衡369健康調合油 2L;1;19/08/2021 05:45;183.0;183.0;DO_0000412201;14615030001;1;2021-08-19 05:45:00;3;False
DO_0000413636;11103099001;易洗樂抗菌防洗衣精;2;19/08/2021 05:46;175.0;350.0;DO_0000413636;11103099001;2;2021-08-19 05:46:00;1;True
DO_0000408127;12201153001;五月花舒敏厚棒抽取式衛生紙86抽4包;1;19/08/2021 05:55;19.7;19.7;DO_0000408127;12201153001;1;2021-08-19 05:55:00;203;False
DO_0000408127;14613908001;維義純芥花油2.6L;1;19/08/2021 05:55;239.0;239.0;DO_0000408127;14613908001;1;2021-08-19 05:55:00;16;False
DO_0000408127;14632103001;黑豆桑醇釀極品香豆瓣醬-300g;3;19/08/2021 05:55;215.0;645.0;DO_0000408127;14632103001;3;2021-08-19 05:55:00;1;True
DO_0000408127;14740003001;家福低筋麵粉;1;19/08/2021 05:55;43.0;43.0;DO_0000408127;14740003001;1;2021-08-19 05:55:00;1;False
DO_0000408127;14740074001;駱駝牌高筋麵粉(無添加)1000g;1;19/08/2021 05:55;64.0;64.0;DO_0000408127;14740074001;1;2021-08-19 05:55:00;2;False
DO_0000410030;14001002001;ACE原味蘇打餅乾;2;19/08/2021 06:13;62.0;124.0;DO_0000410030;14001002001;2;2021-08-19 06:13:00;22;False
DO_0000410030;14620042001;金蘭醬油2L;3;19/08/2021 06:13;115.0;345.0;DO_0000410030;14620042001;3;2021-08-19 06:13:00;110;False
DO_0000410030;14631082001;寧記金鉤辣椒245g;3;19/08/2021 06:13;85.0;255.0;DO_0000410030;14631082001;3;2021-08-19 06:13:00;1;True
DO_0000410030;14740017001;駱駝牌中筋麵粉1000g;2;19/08/2021 06:13;64.0;128.0;DO_0000410030;14740017001;2;2021-08-19 06:13:00;2;False
DO_0000410030;14804007001;泰山八寶粥 375g;6;19/08/2021 06:13;27.5;165.0;DO_0000410030;14804007001;6;2021-08-19 06:13:00;1200;False
DO_0000410183;12020927001;露得清深層淨化抗痘洗面乳 露得清抗痘;3;19/08/2021 06:14;109.0;327.0;DO_0000410183;12020927001;3;2021-08-19 06:14:00;2;True
DO_0000412506;14611022001;得意的一天100％葵花油2.4L;1;19/08/2021 06:14;258.0;258.0;DO_0000412506;14611022001;1;2021-08-19 06:14:00;63;False
DO_0000412506;14613017001;奧利塔葡萄籽油1L;1;19/08/2021 06:14;415.0;415.0;DO_0000412506;14613017001;1;2021-08-19 06:14:00;2;False
DO_0000412506;14613017001;奧利塔葡萄籽油1L;3;19/08/2021 06:14;415.0;1245.0;DO_0000412506;14613017001;3;2021-08-19 06:14:00;2;True
DO_0000412506;14805012001;愛之味牛奶花生340g;12;19/08/2021 06:14;26.5;318.0;DO_0000412506;14805012001;12;2021-08-19 06:14:00;2100;False
DO_0000412506;14840006001;愛之味土豆麵筋170g;9;19/08/2021 06:14;33.0;297.0;DO_0000412506;14840006001;9;2021-08-19 06:14:00;288;False
DO_0000416183;10001022001;黑松CC檸檬氣泡飲PET 500ml;4;19/08/2021 07:17;21.25;85.0;DO_0000416183;10001022001;4;2021-08-19 07:17:00;120;False
DO_0000416183;10001035001;黑松CC氣泡飲葡萄 500ml;4;19/08/2021 07:17;21.25;85.0;DO_0000416183;10001035001;4;2021-08-19 07:17:00;96;False
DO_0000416183;10033004001;原萃日式綠茶580ml;4;19/08/2021 07:17;19.5;78.0;DO_0000416183;10033004001;4;2021-08-19 07:17:00;920;False
DO_0000416183;14021017001;卡迪那德州薯條量販包;1;19/08/2021 07:17;18.5;18.5;DO_0000416183;14021017001;1;2021-08-19 07:17:00;65;False
DO_0000416183;14022012001;波樂香烤肋排好康夾鏈包;1;19/08/2021 07:17;108.0;108.0;DO_0000416183;14022012001;1;2021-08-19 07:17:00;6;False
DO_0000416183;14110054001;樂天巧克力派-6入;1;19/08/2021 07:17;53.0;53.0;DO_0000416183;14110054001;1;2021-08-19 07:17:00;28;False
DO_0000416183;14130054001;義美清香檸檬夾心酥(檸檬風味)400g;1;19/08/2021 07:17;91.0;91.0;DO_0000416183;14130054001;1;2021-08-19 07:17:00;26;False
DO_0000416183;14204061001;小老板海苔棒棒捲-原味3.0g*9;1;19/08/2021 07:17;12.11111111111111;12.111111;DO_0000416183;14204061001;1;2021-08-19 07:17:00;26;False
DO_0000416183;14204061001;小老板海苔棒棒捲-原味3.0g*9;2;19/08/2021 07:17;12.11111111111111;24.222222;DO_0000416183;14204061001;2;2021-08-19 07:17:00;26;False
DO_0000416183;14370044001;綠之宣言-黑糖粉;2;19/08/2021 07:17;40.0;80.0;DO_0000416183;14370044001;2;2021-08-19 07:17:00;1;True
DO_0000416183;14611010001;得意的一天100％葵花油3.5L;1;19/08/2021 07:17;371.0;371.0;DO_0000416183;14611010001;1;2021-08-19 07:17:00;111;False
DO_0000416183;14616006001;工研烏醋 600g;2;19/08/2021 07:17;37.0;74.0;DO_0000416183;14616006001;2;2021-08-19 07:17:00;63;False
DO_0000416183;14620014001;龜甲萬甘醇醬油 1600ml;1;19/08/2021 07:17;112.0;112.0;DO_0000416183;14620014001;1;2021-08-19 07:17:00;31;False
DO_0000416183;14741050001;真好家炸排粉110g;1;19/08/2021 07:17;29.0;29.0;DO_0000416183;14741050001;1;2021-08-19 07:17:00;-1;False
DO_0000416183;14741051001;真好家炸雞粉120g;1;19/08/2021 07:17;29.0;29.0;DO_0000416183;14741051001;1;2021-08-19 07:17:00;-1;False
DO_0000416183;14810006001;綠巨人天然特甜玉米粒;3;19/08/2021 07:17;56.333333333333336;169.0;DO_0000416183;14810006001;3;2021-08-19 07:17:00;474;False
DO_0000420961;14013014001;JOLLY TIME 微波爆米花-奶油味;8;19/08/2021 09:28;45.0;360.0;DO_0000420961;14013014001;8;2021-08-19 09:28:00;7;True
DO_0000420961;14244896001;萬歲牌綜合纖果盒裝;10;19/08/2021 09:28;31.8;318.0;DO_0000420961;14244896001;10;2021-08-19 09:28:00;65;False
DO_0000420961;14244896001;萬歲牌綜合纖果盒裝;5;19/08/2021 09:28;31.8;159.0;DO_0000420961;14244896001;5;2021-08-19 09:28:00;65;False
DO_0000420961;14820013001;愛之味壺底蔭瓜140g;3;19/08/2021 09:28;33.0;99.0;DO_0000420961;14820013001;3;2021-08-19 09:28:00;129;False
DO_0000420961;14820017001;大茂三合一;3;19/08/2021 09:28;26.33333333333333;79.0;DO_0000420961;14820017001;3;2021-08-19 09:28:00;180;False
DO_0000420963;12123005001;康乃馨量多超薄蝶型;4;19/08/2021 09:28;138.0;552.0;DO_0000420963;12123005001;4;2021-08-19 09:28:00;3;True
DO_0000420963;12123057001;蘇菲彈力超熟睡夜用潔翼衛生棉;2;19/08/2021 09:28;128.0;256.0;DO_0000420963;12123057001;2;2021-08-19 09:28:00;28;False
DO_0000420963;14000006001;雪餅;1;19/08/2021 09:28;27.0;27.0;DO_0000420963;14000006001;1;2021-08-19 09:28:00;60;False
DO_0000420963;14132015001;可口脆笛酥巧克力量販包;2;19/08/2021 09:28;79.0;158.0;DO_0000420963;14132015001;2;2021-08-19 09:28:00;49;False
DO_0000421007;11032021001;克潮靈重複使用型除濕桶;1;19/08/2021 09:28;55.0;55.0;DO_0000421007;11032021001;1;2021-08-19 09:28:00;9;False
DO_0000421007;11070027001;必安住白蟻蟑螂跳蚤藥600ml;4;19/08/2021 09:28;87.0;348.0;DO_0000421007;11070027001;4;2021-08-19 09:28:00;1;True
DO_0000421007;11071001001;威滅滅蟑隊;1;19/08/2021 09:28;17.333333333333332;17.333333;DO_0000421007;11071001001;1;2021-08-19 09:28:00;12;False
DO_0000421007;14370003001;台糖精製特砂;2;19/08/2021 09:28;36.0;72.0;DO_0000421007;14370003001;2;2021-08-19 09:28:00;15;False
DO_0000421007;14610002001;台糖大豆沙拉油2L;1;19/08/2021 09:28;128.0;128.0;DO_0000421007;14610002001;1;2021-08-19 09:28:00;42;False
DO_0000420905;10022910001;魔爪芒果狂歡能量碳酸飲料can355ml;24;19/08/2021 09:41;39.5;948.0;DO_0000420905;10022910001;24;2021-08-19 09:41:00;4;True
DO_0000407459;10014028001;光泉果汁時刻芭芒柳汁TP250ml;6;19/08/2021 10:40;7.041666666666667;42.25;DO_0000407459;10014028001;6;2021-08-19 10:40:00;522;False
DO_0000407459;10030013001;開喜凍頂烏龍茶微糖TP 250ml;6;19/08/2021 10:40;6.625;39.75;DO_0000407459;10030013001;6;2021-08-19 10:40:00;726;False
DO_0000407459;11021017001;橘子工坊廚房爐具專用清潔劑;2;19/08/2021 10:40;109.0;218.0;DO_0000407459;11021017001;2;2021-08-19 10:40:00;3;False
DO_0000407459;11023012001;優品輕鬆打傢俱噴腊-檜木450ml 傢俱臘-檜木;3;19/08/2021 10:40;85.0;255.0;DO_0000407459;11023012001;3;2021-08-19 10:40:00;1;True
DO_0000407459;14011052001;乖乖-椰子;4;19/08/2021 10:40;32.0;128.0;DO_0000407459;14011052001;4;2021-08-19 10:40:00;896;False
DO_0000407459;14500013001;味味A小排骨雞麵(碗) 90g;3;19/08/2021 10:40;19.0;57.0;DO_0000407459;14500013001;3;2021-08-19 10:40:00;489;False
DO_0000407459;14502004001;一度贊-爌肉(碗) 200g;4;19/08/2021 10:40;43.0;172.0;DO_0000407459;14502004001;4;2021-08-19 10:40:00;518;False
DO_0000407459;14810016001;牛頭牌金鑽玉米粒340g;3;19/08/2021 10:40;33.0;99.0;DO_0000407459;14810016001;3;2021-08-19 10:40:00;201;False
DO_0000407459;14830001001;遠洋牌鮪魚片(水煮)185g;3;19/08/2021 10:40;49.66666666666666;149.0;DO_0000407459;14830001001;3;2021-08-19 10:40:00;30;False
DO_0000415216;10002003001;黑松加鹽沙士600 ml;8;19/08/2021 15:55;22.25;178.0;DO_0000415216;10002003001;8;2021-08-19 15:55:00;200;False
DO_0000415216;10021025001;黑松FIN健康補給飲料TP300ml;12;19/08/2021 15:55;7.0;84.0;DO_0000415216;10021025001;12;2021-08-19 15:55:00;3990;False
DO_0000415216;10021026001;黑松FIN健康補給飲料Pet1460ml;1;19/08/2021 15:55;29.0;29.0;DO_0000415216;10021026001;1;2021-08-19 15:55:00;254;False
DO_0000415216;12201104001;優活抽取式衛生紙;72;19/08/2021 15:55;17.041666666666668;1227.0;DO_0000415216;12201104001;72;2021-08-19 15:55:00;1200;False
DO_0000415216;14226019001;Airwaves無糖口香糖-超涼薄荷;6;19/08/2021 15:55;150.0;900.0;DO_0000415216;14226019001;6;2021-08-19 15:55:00;1;True
DO_0000418485;11040026001;威猛先生潔廁劑加崙裝;2;19/08/2021 15:55;155.0;310.0;DO_0000418485;11040026001;2;2021-08-19 15:55:00;8;False
DO_0000418485;11042005001;莊臣馬桶通樂（圓瓶）;4;19/08/2021 15:55;99.0;396.0;DO_0000418485;11042005001;4;2021-08-19 15:55:00;6;False
DO_0000418485;11070007001;噴效新油性噴霧殺蟲劑;6;19/08/2021 15:55;60.0;360.0;DO_0000418485;11070007001;6;2021-08-19 15:55:00;422;False
DO_0000418485;31762007001;長柄刷;3;19/08/2021 15:55;49.0;147.0;DO_0000418485;31762007001;3;2021-08-19 15:55:00;2;True
DO_0000391110;11021013001;魔術靈廚房清潔劑--桶裝;1;19/08/2021 16:04;199.0;199.0;DO_0000391110;11021013001;1;2021-08-19 16:04:00;2;False
DO_0000391110;11021013001;魔術靈廚房清潔劑--桶裝;5;19/08/2021 16:04;199.0;995.0;DO_0000391110;11021013001;5;2021-08-19 16:04:00;2;True
DO_0000415686;11103065001;毛寶低泡沫小蘇打洗衣液體皂;1;19/08/2021 16:04;149.0;149.0;DO_0000415686;11103065001;1;2021-08-19 16:04:00;2;False
DO_0000415686;12011174001;牛乳石鹼美肌保濕沐浴乳-花香 優雅花香;2;19/08/2021 16:04;99.0;198.0;DO_0000415686;12011174001;2;2021-08-19 16:04:00;1;True
DO_0000415686;12103089001;高露潔纖柔備長炭牙刷;3;19/08/2021 16:04;33.0;99.0;DO_0000415686;12103089001;3;2021-08-19 16:04:00;3;False
DO_0000415686;12110015001;吉列長柄潤滑輕便刀;1;19/08/2021 16:04;9.9;9.9;DO_0000415686;12110015001;1;2021-08-19 16:04:00;3;False
DO_0000418584;12000178001;花王洗髮精清新沁涼型;2;19/08/2021 16:04;109.0;218.0;DO_0000418584;12000178001;2;2021-08-19 16:04:00;20;False
DO_0000418584;12123007001;靠得住晚安好眠褲 L;6;19/08/2021 16:04;55.0;330.0;DO_0000418584;12123007001;6;2021-08-19 16:04:00;12;False
DO_0000418584;31530108001;OP舒適手套耐用強化 L;1;19/08/2021 16:04;75.0;75.0;DO_0000418584;31530108001;1;2021-08-19 16:04:00;5;False
DO_0000418584;31628003001;兒童衣架;2;19/08/2021 16:04;37.0;74.0;DO_0000418584;31628003001;2;2021-08-19 16:04:00;1;True
DO_0000418745;10023017001;桂格滴雞精52mlx9;2;19/08/2021 16:04;1269.0;2538.0;DO_0000418745;10023017001;2;2021-08-19 16:04:00;1;True
DO_0000418808;32503040003;高級60頁資料冊;1;19/08/2021 16:04;69.0;69.0;DO_0000418808;32503040003;1;2021-08-19 16:04:00;-1;False
DO_0000418808;32504024001;同春加寬兩孔拱型檔案夾;10;19/08/2021 16:04;115.0;1150.0;DO_0000418808;32504024001;10;2021-08-19 16:04:00;2;True
DO_0000419069;12005082007;宣若EX染髮霜;3;19/08/2021 18:19;149.0;447.0;DO_0000419069;12005082007;3;2021-08-19 18:19:00;2;True
DO_0000419034;32500008001;11孔透明文件套100入;15;19/08/2021 18:24;85.0;1275.0;DO_0000419034;32500008001;15;2021-08-19 18:24:00;3;True
DO_0000419198;14331004001;桂格維他命高鈣奶粉1650g;4;19/08/2021 18:24;499.0;1996.0;DO_0000419198;14331004001;4;2021-08-19 18:24:00;3;True
DO_0000419221;14001017001;正哲礦鹽蘇打餅-胡椒蕎麥風味;1;19/08/2021 18:24;109.0;109.0;DO_0000419221;14001017001;1;2021-08-19 18:24:00;42;False
DO_0000419221;14120019001;義美巧克力法蘭酥;1;19/08/2021 18:24;70.0;70.0;DO_0000419221;14120019001;1;2021-08-19 18:24:00;35;False
DO_0000419221;15020007001;倍瑞100％全脂牛奶1000ml;2;19/08/2021 18:24;99.0;198.0;DO_0000419221;15020007001;2;2021-08-19 18:24:00;2;False
DO_0000419221;15020007001;倍瑞100％全脂牛奶1000ml;10;19/08/2021 18:24;99.0;990.0;DO_0000419221;15020007001;10;2021-08-19 18:24:00;2;True
DO_0000428854;10014116001;VICO 100 椰子水 1000ml;11;19/08/2021 21:05;66.5;731.5;DO_0000428854;10014116001;11;2021-08-19 21:05:00;12;False
DO_0000428854;10014116001;VICO 100 椰子水 1000ml;13;19/08/2021 21:05;66.5;864.5;DO_0000428854;10014116001;13;2021-08-19 21:05:00;12;True
DO_0000428855;10014116001;VICO 100 椰子水 1000ml;11;19/08/2021 21:05;66.5;731.5;DO_0000428855;10014116001;11;2021-08-19 21:05:00;12;False
DO_0000428855;10014116001;VICO 100 椰子水 1000ml;13;19/08/2021 21:05;66.5;864.5;DO_0000428855;10014116001;13;2021-08-19 21:05:00;12;True
DO_0000428860;10014116001;VICO 100 椰子水 1000ml;11;19/08/2021 21:05;66.5;731.5;DO_0000428860;10014116001;11;2021-08-19 21:05:00;12;False
DO_0000428860;10014116001;VICO 100 椰子水 1000ml;13;19/08/2021 21:05;66.5;864.5;DO_0000428860;10014116001;13;2021-08-19 21:05:00;12;True
DO_0000428861;10014116001;VICO 100 椰子水 1000ml;11;19/08/2021 21:05;66.5;731.5;DO_0000428861;10014116001;11;2021-08-19 21:05:00;12;False
DO_0000428861;10014116001;VICO 100 椰子水 1000ml;13;19/08/2021 21:05;66.5;864.5;DO_0000428861;10014116001;13;2021-08-19 21:05:00;12;True
DO_0000370850;12011133001;Farcent香水胺基酸沐浴露-絲滑白麝香;5;19/08/2021 22:15;349.0;1745.0;DO_0000370850;12011133001;5;2021-08-19 22:15:00;1;True
DO_0000419275;12130113001;康乃馨成人紙尿褲經濟L;6;19/08/2021 22:18;109.0;654.0;DO_0000419275;12130113001;6;2021-08-19 22:18:00;1;True
DO_0000419281;12130113001;康乃馨成人紙尿褲經濟L;6;19/08/2021 22:18;109.0;654.0;DO_0000419281;12130113001;6;2021-08-19 22:18:00;1;True
DO_0000399289;10031013001;統一麥香紅茶TP375ml;6;19/08/2021 22:23;11.5;69.0;DO_0000399289;10031013001;6;2021-08-19 22:23:00;864;False
DO_0000399289;12201153001;五月花舒敏厚棒抽取式衛生紙86抽4包;1;19/08/2021 22:23;19.7;19.7;DO_0000399289;12201153001;1;2021-08-19 22:23:00;203;False
DO_0000399289;14011029001;多力多滋起士組合包;1;19/08/2021 22:23;79.0;79.0;DO_0000399289;14011029001;1;2021-08-19 22:23:00;168;False
DO_0000399289;14011051001;好麗友烏龜玉米脆片;1;19/08/2021 22:23;59.0;59.0;DO_0000399289;14011051001;1;2021-08-19 22:23:00;22;False
DO_0000399289;14104162001;樂天小熊-牛奶風味37g;7;19/08/2021 22:23;31.0;217.0;DO_0000399289;14104162001;7;2021-08-19 22:23:00;4;True
DO_0000399289;14121014001;義美草莓法蘭酥;1;19/08/2021 22:23;70.0;70.0;DO_0000399289;14121014001;1;2021-08-19 22:23:00;49;False
DO_0000399289;14121136001;麗滋起司餅乾隨手包243g;1;19/08/2021 22:23;79.0;79.0;DO_0000399289;14121136001;1;2021-08-19 22:23:00;21;False
DO_0000399289;14361104001;馬玉山山藥五穀粥;1;19/08/2021 22:23;9.9;9.9;DO_0000399289;14361104001;1;2021-08-19 22:23:00;10;False
DO_0000399289;14500026001;味味A冬菜鴨肉冬粉(碗) 60g;3;19/08/2021 22:23;24.0;72.0;DO_0000399289;14500026001;3;2021-08-19 22:23:00;159;False
DO_0000399289;14501005001;台酒花雕酸菜牛肉麵(包)200g;3;19/08/2021 22:23;45.66666666666666;137.0;DO_0000399289;14501005001;3;2021-08-19 22:23:00;87;False
DO_0000399289;14501029001;味味一品皇朝牛筋麵(包)177g;3;19/08/2021 22:23;42.333333333333336;127.0;DO_0000399289;14501029001;3;2021-08-19 22:23:00;12;False
DO_0000399289;14509008001;虎牌綠豆粉絲 450g;2;19/08/2021 22:23;95.0;190.0;DO_0000399289;14509008001;2;2021-08-19 22:23:00;19;False
DO_0000399289;14603003001;佛蒙特咖哩塊-甜味 230g;1;19/08/2021 22:23;115.0;115.0;DO_0000399289;14603003001;1;2021-08-19 22:23:00;12;False
DO_0000399289;14632103001;黑豆桑醇釀極品香豆瓣醬-300g;1;19/08/2021 22:23;215.0;215.0;DO_0000399289;14632103001;1;2021-08-19 22:23:00;1;False
DO_0000399289;14810031001;綠巨人生機玉米粒150gx3入;1;19/08/2021 22:23;49.66666666666666;49.666667;DO_0000399289;14810031001;1;2021-08-19 22:23:00;2;False
DO_0000399289;14821003001;愛之味珍保玉筍120g;3;19/08/2021 22:23;33.0;99.0;DO_0000399289;14821003001;3;2021-08-19 22:23:00;249;False
DO_0000399289;14840006001;愛之味土豆麵筋170g;6;19/08/2021 22:23;33.0;198.0;DO_0000399289;14840006001;6;2021-08-19 22:23:00;288;False
DO_0000399289;15020047001;光泉全脂保久牛乳;6;19/08/2021 22:23;19.166666666666668;115.0;DO_0000399289;15020047001;6;2021-08-19 22:23:00;1152;False
DO_0000399289;15024004001;義美糙米奶;6;19/08/2021 22:23;11.166666666666666;67.0;DO_0000399289;15024004001;6;2021-08-19 22:23:00;348;False
DO_0000415453;14620178001;萬家香零添加純釀醬油;2;19/08/2021 22:23;89.0;178.0;DO_0000415453;14620178001;2;2021-08-19 22:23:00;1;True
DO_0000415453;14620920001;萬家香丸大豆醬油450ml;2;19/08/2021 22:23;109.0;218.0;DO_0000415453;14620920001;2;2021-08-19 22:23:00;4;False
DO_0000415511;14505115001;維力炸醬麵重量包(袋) 123g;4;19/08/2021 22:23;20.75;83.0;DO_0000415511;14505115001;4;2021-08-19 22:23:00;196;False
DO_0000415511;14821003001;愛之味珍保玉筍120g;6;19/08/2021 22:23;33.0;198.0;DO_0000415511;14821003001;6;2021-08-19 22:23:00;249;False
DO_0000415511;14833040001;維力炸醬罐 800g;4;19/08/2021 22:23;175.0;700.0;DO_0000415511;14833040001;4;2021-08-19 22:23:00;2;True
DO_0000419177;14502014001;來一客-肉燥菠菜 67g;3;19/08/2021 22:26;21.666666666666668;65.0;DO_0000419177;14502014001;3;2021-08-19 22:26:00;249;False
DO_0000419177;14830018001;紅鷹牌鮪魚醬(辣味);6;19/08/2021 22:26;35.0;210.0;DO_0000419177;14830018001;6;2021-08-19 22:26:00;3;True
DO_0000418546;14505913001;起司火辣雞肉風味鐵板炒麵;2;19/08/2021 22:34;49.0;98.0;DO_0000418546;14505913001;2;2021-08-19 22:34:00;1;True
DO_0000418546;14506087001;農心辛拉麵超值包120g x5;2;19/08/2021 22:34;33.6;67.2;DO_0000418546;14506087001;2;2021-08-19 22:34:00;30;False
DO_0000418546;14506089001;不倒翁起司拉麵(袋)111g;8;19/08/2021 22:34;39.0;312.0;DO_0000418546;14506089001;8;2021-08-19 22:34:00;-1;False
DO_0000418546;14615013001;不倒翁100％純芝麻油 160ml;1;19/08/2021 22:34;156.0;156.0;DO_0000418546;14615013001;1;2021-08-19 22:34:00;4;False
DO_0000418652;12000101001;超值薄荷洗髮乳;2;19/08/2021 22:34;215.0;430.0;DO_0000418652;12000101001;2;2021-08-19 22:34:00;1;True
DO_0000418652;12002037001;飛柔熱油滋潤潤髮乳;1;19/08/2021 22:34;139.0;139.0;DO_0000418652;12002037001;1;2021-08-19 22:34:00;-1;False
DO_0000418652;14001047001;義美天然取向蘇打餅乾(鮮蔥);2;19/08/2021 22:34;63.0;126.0;DO_0000418652;14001047001;2;2021-08-19 22:34:00;87;False
DO_0000418652;14501053001;味味一品原汁珍味牛肉(碗)185g;2;19/08/2021 22:34;42.333333333333336;84.666667;DO_0000418652;14501053001;2;2021-08-19 22:34:00;86;False
DO_0000418652;14502054001;味味一品原汁珍味爌肉(碗)190g;4;19/08/2021 22:34;46.0;184.0;DO_0000418652;14502054001;4;2021-08-19 22:34:00;70;False
DO_0000418652;14505031001;統一阿Q桶麵韓式泡菜麵 102g;6;19/08/2021 22:34;29.666666666666668;178.0;DO_0000418652;14505031001;6;2021-08-19 22:34:00;87;False
DO_0000418827;12106073001;刷樂雙線超細滑牙線棒散裝量販包;3;19/08/2021 22:34;31.666666666666668;95.0;DO_0000418827;12106073001;3;2021-08-19 22:34:00;1;True
DO_0000426971;14313019001;星巴克家常美式咖啡膠囊;6;19/08/2021 22:57;290.0;1740.0;DO_0000426971;14313019001;6;2021-08-19 22:57:00;2;True
DO_0000426973;14313891001;Dolce Gusto 卡布奇諾咖啡;3;19/08/2021 22:57;280.0;840.0;DO_0000426973;14313891001;3;2021-08-19 22:57:00;1;True
DO_0000426975;14313019001;星巴克家常美式咖啡膠囊;6;19/08/2021 22:57;290.0;1740.0;DO_0000426975;14313019001;6;2021-08-19 22:57:00;2;True
DO_0000370837;14620022001;味榮極釀級有機黑豆蔭油露320ml;3;19/08/2021 23:38;195.0;585.0;DO_0000370837;14620022001;3;2021-08-19 23:38:00;-1;False
DO_0000370837;14620022001;味榮極釀級有機黑豆蔭油露320ml;1;19/08/2021 23:38;195.0;195.0;DO_0000370837;14620022001;1;2021-08-19 23:38:00;-1;False
DO_0000370837;14621018001;味榮極釀級有機黑豆蔭油膏320ml;2;19/08/2021 23:38;195.0;390.0;DO_0000370837;14621018001;2;2021-08-19 23:38:00;-1;False
DO_0000370837;14822044001;有機濕豆豉;2;19/08/2021 23:38;165.0;330.0;DO_0000370837;14822044001;2;2021-08-19 23:38:00;1;True
DO_0000408461;14331029001;桂格雙認證高鈣脫脂奶粉750g;6;19/08/2021 23:40;315.0;1890.0;DO_0000408461;14331029001;6;2021-08-19 23:40:00;2;True
DO_0000414802;12001087001;海倫仙度絲去屑洗髮乳檸檬清爽1.2L;2;19/08/2021 23:40;899.0;1798.0;DO_0000414802;12001087001;2;2021-08-19 23:40:00;1;True
DO_0000414802;12020003001;滋卿愛牛乳石鹼青春調理洗面乳;1;19/08/2021 23:40;123.0;123.0;DO_0000414802;12020003001;1;2021-08-19 23:40:00;9;False
DO_0000414802;12020093001;Biore抗痘調理洗面乳;1;19/08/2021 23:40;109.0;109.0;DO_0000414802;12020093001;1;2021-08-19 23:40:00;7;False
DO_0000418459;31620010001;Q30204米蘭琪裙掛架3入;3;19/08/2021 23:41;109.0;327.0;DO_0000418459;31620010001;3;2021-08-19 23:41:00;1;True
DO_0000418755;14620072001;瑞春原味醬油420ml;6;19/08/2021 23:43;165.0;990.0;DO_0000418755;14620072001;6;2021-08-19 23:43:00;2;True
DO_0000418924;14000073001;無聊派大仙貝酥;1;19/08/2021 23:46;59.0;59.0;DO_0000418924;14000073001;1;2021-08-19 23:46:00;97;False
DO_0000418924;14010170001;可樂果古早味量販包;1;19/08/2021 23:46;63.0;63.0;DO_0000418924;14010170001;1;2021-08-19 23:46:00;41;False
DO_0000418924;14832024001;鱈魚肝110g;3;19/08/2021 23:46;128.0;384.0;DO_0000418924;14832024001;3;2021-08-19 23:46:00;1;True
DO_0000418924;15020047001;光泉全脂保久牛乳;12;19/08/2021 23:46;19.166666666666668;230.0;DO_0000418924;15020047001;12;2021-08-19 23:46:00;1152;False
DO_0000418941;14000014001;米豆;1;19/08/2021 23:46;109.0;109.0;DO_0000418941;14000014001;1;2021-08-19 23:46:00;28;False
DO_0000418941;14010897001;一口脆黑胡椒鬆餅;1;19/08/2021 23:46;104.0;104.0;DO_0000418941;14010897001;1;2021-08-19 23:46:00;1;False
DO_0000418941;14110028001;好麗友巧克力派;1;19/08/2021 23:46;95.0;95.0;DO_0000418941;14110028001;1;2021-08-19 23:46:00;4;False
DO_0000418941;14121019001;茱蒂絲雷蒙德夾心餅-檸檬味;1;19/08/2021 23:46;55.0;55.0;DO_0000418941;14121019001;1;2021-08-19 23:46:00;61;False
DO_0000418941;14131074001;Gery捲心酥(黑巧克力味);1;19/08/2021 23:46;99.0;99.0;DO_0000418941;14131074001;1;2021-08-19 23:46:00;11;False
DO_0000418941;14204052001;橘平屋岩燒海苔-原味;2;19/08/2021 23:46;15.0;30.0;DO_0000418941;14204052001;2;2021-08-19 23:46:00;6;False
DO_0000418941;14833005001;廣達香辣紅燒牛肉;4;19/08/2021 23:46;107.0;428.0;DO_0000418941;14833005001;4;2021-08-19 23:46:00;3;True
DO_0000418951;11040006001;潔霜芳香浴廁清潔劑--檸檬;2;19/08/2021 23:46;35.0;70.0;DO_0000418951;11040006001;2;2021-08-19 23:46:00;23;False
DO_0000418951;11103035001;白鴿天然濃縮防蹣洗衣精;1;19/08/2021 23:46;97.0;97.0;DO_0000418951;11103035001;1;2021-08-19 23:46:00;6;False
DO_0000418951;11103321002;毛寶PM2.5洗衣精 毛寶PM2.5制臭;2;19/08/2021 23:46;85.0;170.0;DO_0000418951;11103321002;2;2021-08-19 23:46:00;1;True
DO_0000418951;31500006001;可家芬抗蟑驅蠅清潔袋(小);2;19/08/2021 23:46;69.0;138.0;DO_0000418951;31500006001;2;2021-08-19 23:46:00;33;False
DO_0000419018;14301030001;天仁茗賞-茶王;2;20/08/2021 00:10;999.0;1998.0;DO_0000419018;14301030001;2;2021-08-20 00:10:00;1;True
DO_0000419031;12106019001;刷樂扁線牙線棒400支;4;20/08/2021 00:10;95.0;380.0;DO_0000419031;12106019001;4;2021-08-20 00:10:00;1;True
DO_0000419031;14615013001;不倒翁100％純芝麻油 160ml;1;20/08/2021 00:10;156.0;156.0;DO_0000419031;14615013001;1;2021-08-20 00:10:00;4;False
DO_0000418993;10001022001;黑松CC檸檬氣泡飲PET 500ml;4;20/08/2021 00:19;21.25;85.0;DO_0000418993;10001022001;4;2021-08-20 00:19:00;120;False
DO_0000418993;11050025001;泡舒洗潔精-綠茶;1;20/08/2021 00:19;185.0;185.0;DO_0000418993;11050025001;1;2021-08-20 00:19:00;17;False
DO_0000418993;14010040001;科學麵20合1 Min 家庭號;1;20/08/2021 00:19;54.0;54.0;DO_0000418993;14010040001;1;2021-08-20 00:19:00;245;False
DO_0000418993;14023056001;樂事意合組合包;1;20/08/2021 00:19;93.0;93.0;DO_0000418993;14023056001;1;2021-08-20 00:19:00;299;False
DO_0000418993;14130007001;義美草莓夾心酥經濟包;1;20/08/2021 00:19;91.0;91.0;DO_0000418993;14130007001;1;2021-08-20 00:19:00;44;False
DO_0000418993;14130054001;義美清香檸檬夾心酥(檸檬風味)400g;1;20/08/2021 00:19;91.0;91.0;DO_0000418993;14130054001;1;2021-08-20 00:19:00;26;False
DO_0000418993;14132031001;孔雀咖啡捲心餅;2;20/08/2021 00:19;23.0;46.0;DO_0000418993;14132031001;2;2021-08-20 00:19:00;46;False
DO_0000418993;14203001001;珍珍魷魚絲;1;20/08/2021 00:19;100.0;100.0;DO_0000418993;14203001001;1;2021-08-20 00:19:00;15;False
DO_0000418993;14203017001;北海鱈魚香絲;1;20/08/2021 00:19;72.0;72.0;DO_0000418993;14203017001;1;2021-08-20 00:19:00;115;False
DO_0000418993;14224003001;良澔黃之梅;1;20/08/2021 00:19;69.0;69.0;DO_0000418993;14224003001;1;2021-08-20 00:19:00;8;False
DO_0000418993;14231003001;77迷你乳加372G;1;20/08/2021 00:19;145.0;145.0;DO_0000418993;14231003001;1;2021-08-20 00:19:00;40;False
DO_0000418993;14244003001;盛香珍小魚干花生;1;20/08/2021 00:19;69.0;69.0;DO_0000418993;14244003001;1;2021-08-20 00:19:00;42;False
DO_0000418993;14340027001;自由牌草莓果醬400g;2;20/08/2021 00:19;89.0;178.0;DO_0000418993;14340027001;2;2021-08-20 00:19:00;1;True
DO_0000418993;14505008001;王子麵-火鍋/滷味專用50g;5;20/08/2021 00:19;8.0;40.0;DO_0000418993;14505008001;5;2021-08-20 00:19:00;30;False
DO_0000418993;14620908001;四季釀造醬油870ml;1;20/08/2021 00:19;60.0;60.0;DO_0000418993;14620908001;1;2021-08-20 00:19:00;37;False
DO_0000418993;14830072001;東和好媽媽無添加水煮鮪魚;3;20/08/2021 00:19;66.0;198.0;DO_0000418993;14830072001;3;2021-08-20 00:19:00;72;False
DO_0000419051;10052020001;百家珍蔓越莓醋600ml;2;20/08/2021 00:19;219.0;438.0;DO_0000419051;10052020001;2;2021-08-20 00:19:00;22;False
DO_0000419051;14010002001;可樂果辣味量販包;1;20/08/2021 00:19;63.0;63.0;DO_0000419051;14010002001;1;2021-08-20 00:19:00;48;False
DO_0000419051;14010142001;七小喜多包;1;20/08/2021 00:19;63.0;63.0;DO_0000419051;14010142001;1;2021-08-20 00:19:00;171;False
DO_0000419051;14014006001;華元大吉利超值包;1;20/08/2021 00:19;55.0;55.0;DO_0000419051;14014006001;1;2021-08-20 00:19:00;312;False
DO_0000419051;14023056001;樂事意合組合包;1;20/08/2021 00:19;93.0;93.0;DO_0000419051;14023056001;1;2021-08-20 00:19:00;299;False
DO_0000419051;14121014001;義美草莓法蘭酥;1;20/08/2021 00:19;70.0;70.0;DO_0000419051;14121014001;1;2021-08-20 00:19:00;49;False
DO_0000419051;14121017001;義美牛奶法蘭酥;1;20/08/2021 00:19;70.0;70.0;DO_0000419051;14121017001;1;2021-08-20 00:19:00;32;False
DO_0000419051;14200012001;五香方乾;2;20/08/2021 00:19;75.0;150.0;DO_0000419051;14200012001;2;2021-08-20 00:19:00;10;False
DO_0000419051;14304003001;天仁菊花普洱茶;2;20/08/2021 00:19;1.59;3.18;DO_0000419051;14304003001;2;2021-08-20 00:19:00;1;True
DO_0000419051;14501013001;統一阿Q紅椒牛肉(碗) 101g;3;20/08/2021 00:19;29.666666666666668;89.0;DO_0000419051;14501013001;3;2021-08-20 00:19:00;261;False
DO_0000419051;14501045001;來一客川辣牛肉 67g;3;20/08/2021 00:19;21.666666666666668;65.0;DO_0000419051;14501045001;3;2021-08-20 00:19:00;249;False
DO_0000419051;14502014001;來一客-肉燥菠菜 67g;3;20/08/2021 00:19;21.666666666666668;65.0;DO_0000419051;14502014001;3;2021-08-20 00:19:00;249;False
DO_0000419051;14505016001;來一客-韓式泡菜 67g;3;20/08/2021 00:19;21.666666666666668;65.0;DO_0000419051;14505016001;3;2021-08-20 00:19:00;282;False
DO_0000419051;14601001001;味王味精 500g;1;20/08/2021 00:19;62.0;62.0;DO_0000419051;14601001001;1;2021-08-20 00:19:00;27;False
DO_0000419051;31501010001;可家芬抗蟑驅蠅清潔袋(中);2;20/08/2021 00:19;69.0;138.0;DO_0000419051;31501010001;2;2021-08-20 00:19:00;47;False
DO_0000419291;10000005001;可口可樂330ml;12;20/08/2021 00:24;13.833333333333334;166.0;DO_0000419291;10000005001;12;2021-08-20 00:24:00;1506;False
DO_0000419291;10001006001;雪碧汽水330ml;12;20/08/2021 00:24;13.833333333333334;166.0;DO_0000419291;10001006001;12;2021-08-20 00:24:00;630;False
DO_0000419291;14001044001;中祥麥穗蘇打;1;20/08/2021 00:24;31.0;31.0;DO_0000419291;14001044001;1;2021-08-20 00:24:00;3;False
DO_0000419291;14001044001;中祥麥穗蘇打;6;20/08/2021 00:24;31.0;186.0;DO_0000419291;14001044001;6;2021-08-20 00:24:00;3;True
DO_0000419291;14506352001;五木營養麵條300g;6;20/08/2021 00:24;26.0;156.0;DO_0000419291;14506352001;6;2021-08-20 00:24:00;44;False
DO_0000419291;14840003001;大茂大土豆麵筋170g;6;20/08/2021 00:24;26.33333333333333;158.0;DO_0000419291;14840003001;6;2021-08-20 00:24:00;774;False
DO_0000419291;14841001001;大茂香菇麵筋 170g;6;20/08/2021 00:24;26.33333333333333;158.0;DO_0000419291;14841001001;6;2021-08-20 00:24:00;57;False
DO_0000419303;31421040001;OP生物分解抗菌立體密封袋 M;3;20/08/2021 00:26;55.0;165.0;DO_0000419303;31421040001;3;2021-08-20 00:26:00;2;True
DO_0000419303;31421041001;OP生物分解抗菌立體密封袋 L;1;20/08/2021 00:26;55.0;55.0;DO_0000419303;31421041001;1;2021-08-20 00:26:00;6;False
DO_0000428872;10033004001;原萃日式綠茶580ml;8;20/08/2021 00:26;19.5;156.0;DO_0000428872;10033004001;8;2021-08-20 00:26:00;920;False
DO_0000428872;12201105001;家樂福抽取式衛生紙-FSC 110x24;1;20/08/2021 00:26;10.375;10.375;DO_0000428872;12201105001;1;2021-08-20 00:26:00;77;False
DO_0000428872;12220002001;春風超吸收廚房紙巾;1;20/08/2021 00:26;16.5;16.5;DO_0000428872;12220002001;1;2021-08-20 00:26:00;31;False
DO_0000428872;14225018001;Airwaves薄荷糖-超涼薄荷3入裝;12;20/08/2021 00:26;95.0;1140.0;DO_0000428872;14225018001;12;2021-08-20 00:26:00;9;True
DO_0000428872;31531124001;家簡塵除極超細纖維抹布30*32;3;20/08/2021 00:26;29.0;87.0;DO_0000428872;31531124001;3;2021-08-20 00:26:00;20;False
DO_0000428872;31762034001;Q3-0253歐雅貼壁馬桶刷;1;20/08/2021 00:26;99.0;99.0;DO_0000428872;31762034001;1;2021-08-20 00:26:00;6;False
DO_0000428891;14000020001;厚燒海苔經濟包;1;20/08/2021 00:28;109.0;109.0;DO_0000428891;14000020001;1;2021-08-20 00:28:00;-1;False
DO_0000428891;14001143001;自然之顏安地斯山藜麥蘇打餅;2;20/08/2021 00:28;43.0;86.0;DO_0000428891;14001143001;2;2021-08-20 00:28:00;-1;False
DO_0000428891;14013964001;家樂福巧達起司爆米花;2;20/08/2021 00:28;42.0;84.0;DO_0000428891;14013964001;2;2021-08-20 00:28:00;1;True
DO_0000428891;14013964001;家樂福巧達起司爆米花;1;20/08/2021 00:28;42.0;42.0;DO_0000428891;14013964001;1;2021-08-20 00:28:00;1;False
DO_0000428891;14020977001;韓國好麗友預感香烤洋芋片(原味);2;20/08/2021 00:28;129.0;258.0;DO_0000428891;14020977001;2;2021-08-20 00:28:00;7;False
DO_0000428891;14021090001;連城記原味地瓜酥;2;20/08/2021 00:28;79.0;158.0;DO_0000428891;14021090001;2;2021-08-20 00:28:00;4;False
DO_0000428891;14021109001;韓國好麗友預感香烤洋芋片(洋蔥);2;20/08/2021 00:28;129.0;258.0;DO_0000428891;14021109001;2;2021-08-20 00:28:00;5;False
DO_0000428891;14111005001;原味巡禮雞蛋沙琪瑪;1;20/08/2021 00:28;79.0;79.0;DO_0000428891;14111005001;1;2021-08-20 00:28:00;7;False
DO_0000428891;14111005001;原味巡禮雞蛋沙琪瑪;3;20/08/2021 00:28;79.0;237.0;DO_0000428891;14111005001;3;2021-08-20 00:28:00;7;False
DO_0000428891;14111050001;古道鳳梨酥;1;20/08/2021 00:28;60.0;60.0;DO_0000428891;14111050001;1;2021-08-20 00:28:00;12;False
DO_0000428891;14226032001;Extra木糖醇超值包-香濃密瓜;3;20/08/2021 00:28;73.0;219.0;DO_0000428891;14226032001;3;2021-08-20 00:28:00;2;True
DO_0000428891;14244051001;萬歲牌蔓莓纖果;1;20/08/2021 00:28;109.0;109.0;DO_0000428891;14244051001;1;2021-08-20 00:28:00;4;False
DO_0000428891;15020925001;極品限定高鈣牛乳200ml;6;20/08/2021 00:28;11.5;69.0;DO_0000428891;15020925001;6;2021-08-20 00:28:00;24;False
DO_0000428922;11061071001;百利細緻餐具海綿菜瓜布6片裝;1;20/08/2021 00:28;92.0;92.0;DO_0000428922;11061071001;1;2021-08-20 00:28:00;12;False
DO_0000428922;11111017001;超值漂白水5000克;2;20/08/2021 00:28;86.0;172.0;DO_0000428922;11111017001;2;2021-08-20 00:28:00;28;False
DO_0000428922;14001066001;掬水軒奇福餅乾;4;20/08/2021 00:28;89.0;356.0;DO_0000428922;14001066001;4;2021-08-20 00:28:00;15;False
DO_0000428922;14110002001;家福葡萄派;6;20/08/2021 00:28;52.0;312.0;DO_0000428922;14110002001;6;2021-08-20 00:28:00;5;True
DO_0000428922;14111001001;家福沙琪瑪;2;20/08/2021 00:28;139.0;278.0;DO_0000428922;14111001001;2;2021-08-20 00:28:00;26;False
DO_0000428922;14111010001;家福蜂蜜蜜麻花;4;20/08/2021 00:28;159.0;636.0;DO_0000428922;14111010001;4;2021-08-20 00:28:00;12;False
DO_0000402994;11021028001;毛寶小蘇打廚房清潔劑噴槍瓶;2;20/08/2021 01:01;75.0;150.0;DO_0000402994;11021028001;2;2021-08-20 01:01:00;1;True
DO_0000402994;12010074001;牛乳石鹼牛乳香皂(藍盒);1;20/08/2021 01:01;34.0;34.0;DO_0000402994;12010074001;1;2021-08-20 01:01:00;14;False
DO_0000402994;12010163001;多芬滋養柔嫩潔膚塊;1;20/08/2021 01:01;39.5;39.5;DO_0000402994;12010163001;1;2021-08-20 01:01:00;4;False
DO_0000402994;12020141001;多芬3合1潤澤卸妝潔面慕絲;2;20/08/2021 01:01;298.0;596.0;DO_0000402994;12020141001;2;2021-08-20 01:01:00;6;False
DO_0000402994;12220010001;五月花超強韌廚房紙巾;1;20/08/2021 01:01;17.5;17.5;DO_0000402994;12220010001;1;2021-08-20 01:01:00;22;False
DO_0000402994;14810006001;綠巨人天然特甜玉米粒;3;20/08/2021 01:01;56.333333333333336;169.0;DO_0000402994;14810006001;3;2021-08-20 01:01:00;474;False
DO_0000402994;31670002001;TLR-05 你可5號收納盒;1;20/08/2021 01:01;85.0;85.0;DO_0000402994;31670002001;1;2021-08-20 01:01:00;-1;False
DO_0000429263;10013007001;光泉果汁時刻100葡萄綜合果汁 200ml;24;20/08/2021 02:21;13.708333333333334;329.0;DO_0000429263;10013007001;24;2021-08-20 02:21:00;12;True
DO_0000429452;14313024001;雀巢咖啡美式醇郁濃滑咖啡膠囊;9;20/08/2021 02:24;290.0;2610.0;DO_0000429452;14313024001;9;2021-08-20 02:24:00;1;True
DO_0000429491;14200018001;家福沙茶風味豆乾(非基改);3;20/08/2021 02:24;59.0;177.0;DO_0000429491;14200018001;3;2021-08-20 02:24:00;5;False
DO_0000429491;14200018001;家福沙茶風味豆乾(非基改);7;20/08/2021 02:24;59.0;413.0;DO_0000429491;14200018001;7;2021-08-20 02:24:00;5;True
DO_0000429499;14313024001;雀巢咖啡美式醇郁濃滑咖啡膠囊;9;20/08/2021 02:24;290.0;2610.0;DO_0000429499;14313024001;9;2021-08-20 02:24:00;1;True
DO_0000429510;14313024001;雀巢咖啡美式醇郁濃滑咖啡膠囊;9;20/08/2021 02:24;290.0;2610.0;DO_0000429510;14313024001;9;2021-08-20 02:24:00;1;True
DO_0000429218;14312003001;UCC 117 即溶咖啡;12;20/08/2021 02:25;300.0;3600.0;DO_0000429218;14312003001;12;2021-08-20 02:25:00;2;True
DO_0000429556;10035046001;愛之味麥仔茶590ml;12;20/08/2021 02:31;17.25;207.0;DO_0000429556;10035046001;12;2021-08-20 02:31:00;4;True
DO_0000429838;14204010001;元本山(6束)海苔;30;20/08/2021 02:33;299.0;8970.0;DO_0000429838;14204010001;30;2021-08-20 02:33:00;25;True
DO_0000429838;14204010001;元本山(6束)海苔;15;20/08/2021 02:33;299.0;4485.0;DO_0000429838;14204010001;15;2021-08-20 02:33:00;25;False
DO_0000429846;14204010001;元本山(6束)海苔;30;20/08/2021 02:33;299.0;8970.0;DO_0000429846;14204010001;30;2021-08-20 02:33:00;25;True
DO_0000429846;14204010001;元本山(6束)海苔;15;20/08/2021 02:33;299.0;4485.0;DO_0000429846;14204010001;15;2021-08-20 02:33:00;25;False
DO_0000429878;14204010001;元本山(6束)海苔;30;20/08/2021 02:33;299.0;8970.0;DO_0000429878;14204010001;30;2021-08-20 02:33:00;25;True
DO_0000429878;14204010001;元本山(6束)海苔;15;20/08/2021 02:33;299.0;4485.0;DO_0000429878;14204010001;15;2021-08-20 02:33:00;25;False
DO_0000431353;12130113001;康乃馨成人紙尿褲經濟L;6;20/08/2021 04:00;109.0;654.0;DO_0000431353;12130113001;6;2021-08-20 04:00:00;1;True
DO_0000401966;32410016001;輕鬆按修正帶附內帶6mm*6M CT;6;20/08/2021 04:29;50.0;300.0;DO_0000401966;32410016001;6;2021-08-20 04:29:00;1;True
DO_0000401966;32410019001;輕鬆按修正帶附內帶5mm*6M;6;20/08/2021 04:29;50.0;300.0;DO_0000401966;32410019001;6;2021-08-20 04:29:00;2;True
DO_0000401966;32410035001;輕鬆按修正帶內帶5mm*6M;6;20/08/2021 04:29;37.0;222.0;DO_0000401966;32410035001;6;2021-08-20 04:29:00;6;False
DO_0000431855;10013007001;光泉果汁時刻100葡萄綜合果汁 200ml;24;20/08/2021 04:50;13.708333333333334;329.0;DO_0000431855;10013007001;24;2021-08-20 04:50:00;12;True
DO_0000419188;10021026001;黑松FIN健康補給飲料Pet1460ml;1;20/08/2021 04:51;29.0;29.0;DO_0000419188;10021026001;1;2021-08-20 04:51:00;254;False
DO_0000419188;10034023001;飛想茶檸檬紅茶580ml;8;20/08/2021 04:51;19.5;156.0;DO_0000419188;10034023001;8;2021-08-20 04:51:00;80;False
DO_0000419188;11102013001;皂福肥皂-三入裝;1;20/08/2021 04:51;26.33333333333333;26.333333;DO_0000419188;11102013001;1;2021-08-20 04:51:00;1;False
DO_0000419188;14100012001;義美狀元煎餅花生;1;20/08/2021 04:51;69.0;69.0;DO_0000419188;14100012001;1;2021-08-20 04:51:00;19;False
DO_0000419188;14104002001;義美煎餅-海苔;1;20/08/2021 04:51;69.0;69.0;DO_0000419188;14104002001;1;2021-08-20 04:51:00;53;False
DO_0000419188;14506488001;金雞牌鹽水意麵600g;2;20/08/2021 04:51;89.0;178.0;DO_0000419188;14506488001;2;2021-08-20 04:51:00;1;True
DO_0000419188;14510034001;金農西螺王壽司米6kg;1;20/08/2021 04:51;359.0;359.0;DO_0000419188;14510034001;1;2021-08-20 04:51:00;58;False
DO_0000419188;14810025001;飯友牌KA玉米粒340g;2;20/08/2021 04:51;25.0;50.0;DO_0000419188;14810025001;2;2021-08-20 04:51:00;27;False
DO_0000419188;14810025001;飯友牌KA玉米粒340g;4;20/08/2021 04:51;25.0;100.0;DO_0000419188;14810025001;4;2021-08-20 04:51:00;27;False
DO_0000418510;10014090001;波蜜多果汁TP250ml;18;20/08/2021 05:42;6.625;119.25;DO_0000418510;10014090001;18;2021-08-20 05:42:00;792;False
DO_0000418510;10014090001;波蜜多果汁TP250ml;6;20/08/2021 05:42;6.625;39.75;DO_0000418510;10014090001;6;2021-08-20 05:42:00;792;False
DO_0000418510;10020002001;貝納頌榛果拿鐵咖啡TP375;3;20/08/2021 05:42;20.666666666666668;62.0;DO_0000418510;10020002001;3;2021-08-20 05:42:00;99;False
DO_0000418510;10021026001;黑松FIN健康補給飲料Pet1460ml;1;20/08/2021 05:42;29.0;29.0;DO_0000418510;10021026001;1;2021-08-20 05:42:00;254;False
DO_0000418510;10032055001;光泉午后時光重乳奶茶330ml;6;20/08/2021 05:42;18.666666666666668;112.0;DO_0000418510;10032055001;6;2021-08-20 05:42:00;204;False
DO_0000418510;11061071001;百利細緻餐具海綿菜瓜布6片裝;1;20/08/2021 05:42;92.0;92.0;DO_0000418510;11061071001;1;2021-08-20 05:42:00;12;False
DO_0000418510;14000039001;北田蒟蒻糙米捲-蛋黃;1;20/08/2021 05:42;77.0;77.0;DO_0000418510;14000039001;1;2021-08-20 05:42:00;72;False
DO_0000418510;14011034001;鴻津玉米濃湯捲;1;20/08/2021 05:42;85.0;85.0;DO_0000418510;14011034001;1;2021-08-20 05:42:00;57;False
DO_0000418510;14011053001;乖乖-五香;4;20/08/2021 05:42;69.0;276.0;DO_0000418510;14011053001;4;2021-08-20 05:42:00;256;False
DO_0000418510;14104012001;77蜜蘭諾杏仁鬆塔12入盒裝;1;20/08/2021 05:42;66.0;66.0;DO_0000418510;14104012001;1;2021-08-20 05:42:00;65;False
DO_0000418510;14110015001;樂天蛋黃派;1;20/08/2021 05:42;114.0;114.0;DO_0000418510;14110015001;1;2021-08-20 05:42:00;81;False
DO_0000418510;14110054001;樂天巧克力派-6入;1;20/08/2021 05:42;53.0;53.0;DO_0000418510;14110054001;1;2021-08-20 05:42:00;28;False
DO_0000418510;14112013001;義美巧克力小泡芙 (三入);1;20/08/2021 05:42;87.0;87.0;DO_0000418510;14112013001;1;2021-08-20 05:42:00;187;False
DO_0000418510;14121017001;義美牛奶法蘭酥;1;20/08/2021 05:42;70.0;70.0;DO_0000418510;14121017001;1;2021-08-20 05:42:00;32;False
DO_0000418510;14130017001;77新貴派18片盒裝-草莓;1;20/08/2021 05:42;88.0;88.0;DO_0000418510;14130017001;1;2021-08-20 05:42:00;25;False
DO_0000418510;14130042001;77新貴派18片盒裝-清爽檸檬 252g;1;20/08/2021 05:42;88.0;88.0;DO_0000418510;14130042001;1;2021-08-20 05:42:00;22;False
DO_0000418510;14131027001;義美牛奶夾心酥經濟包;1;20/08/2021 05:42;91.0;91.0;DO_0000418510;14131027001;1;2021-08-20 05:42:00;56;False
DO_0000418510;14131105001;新貴派大格酥陽光檸檬324g;1;20/08/2021 05:42;107.0;107.0;DO_0000418510;14131105001;1;2021-08-20 05:42:00;24;False
DO_0000418510;14201021001;新東陽原味牛肉乾;1;20/08/2021 05:42;119.0;119.0;DO_0000418510;14201021001;1;2021-08-20 05:42:00;12;False
DO_0000418510;14241042001;盛香珍蔥蒜花生100g;1;20/08/2021 05:42;69.0;69.0;DO_0000418510;14241042001;1;2021-08-20 05:42:00;16;False
DO_0000418510;14500037001;韓式小雞麵(雞汁味)30g x24;1;20/08/2021 05:42;10.375;10.375;DO_0000418510;14500037001;1;2021-08-20 05:42:00;42;False
DO_0000418510;14501053001;味味一品原汁珍味牛肉(碗)185g;2;20/08/2021 05:42;42.333333333333336;84.666667;DO_0000418510;14501053001;2;2021-08-20 05:42:00;86;False
DO_0000418510;14501053001;味味一品原汁珍味牛肉(碗)185g;4;20/08/2021 05:42;42.333333333333336;169.333333;DO_0000418510;14501053001;4;2021-08-20 05:42:00;86;False
DO_0000418510;14502015001;統一阿Q蒜香珍肉(碗)106g;3;20/08/2021 05:42;29.666666666666668;89.0;DO_0000418510;14502015001;3;2021-08-20 05:42:00;159;False
DO_0000418510;14502015001;統一阿Q蒜香珍肉(碗)106g;9;20/08/2021 05:42;29.666666666666668;267.0;DO_0000418510;14502015001;9;2021-08-20 05:42:00;159;False
DO_0000418510;14510204001;天生好米履歷鷺巡一等白米2.2kg;2;20/08/2021 05:42;199.0;398.0;DO_0000418510;14510204001;2;2021-08-20 05:42:00;32;False
DO_0000418510;31523019001;晶漾臉盆 330mm;3;20/08/2021 05:42;29.0;87.0;DO_0000418510;31523019001;3;2021-08-20 05:42:00;1;True
DO_0000433522;12130113001;康乃馨成人紙尿褲經濟L;6;20/08/2021 08:21;109.0;654.0;DO_0000433522;12130113001;6;2021-08-20 08:21:00;1;True
DO_0000430000;14620046001;雅媽吉日式香菇醬油500ml;1;20/08/2021 08:33;116.0;116.0;DO_0000430000;14620046001;1;2021-08-20 08:33:00;2;False
DO_0000430000;14620046001;雅媽吉日式香菇醬油500ml;5;20/08/2021 08:33;116.0;580.0;DO_0000430000;14620046001;5;2021-08-20 08:33:00;2;True
DO_0000418464;11061071001;百利細緻餐具海綿菜瓜布6片裝;1;20/08/2021 08:34;92.0;92.0;DO_0000418464;11061071001;1;2021-08-20 08:34:00;12;False
DO_0000418464;12120044001;靠得住安全瞬吸無香護墊加長型;20;20/08/2021 08:34;59.5;1190.0;DO_0000418464;12120044001;20;2021-08-20 08:34:00;16;True
DO_0000418464;12201153001;五月花舒敏厚棒抽取式衛生紙86抽4包;1;20/08/2021 08:34;19.7;19.7;DO_0000418464;12201153001;1;2021-08-20 08:34:00;203;False
DO_0000418464;14500007001;維力元祖雞汁麵70g;10;20/08/2021 08:34;9.0;90.0;DO_0000418464;14500007001;10;2021-08-20 08:34:00;120;False
DO_0000418464;14504001001;隨緣鮮蔬百匯麵(袋) 80g;5;20/08/2021 08:34;15.4;77.0;DO_0000418464;14504001001;5;2021-08-20 08:34:00;135;False
DO_0000418464;14504008001;維力素飄香-素排骨雞 90g;5;20/08/2021 08:34;13.8;69.0;DO_0000418464;14504008001;5;2021-08-20 08:34:00;125;False
DO_0000418464;14740024001;家福中筋麵粉;3;20/08/2021 08:34;43.0;129.0;DO_0000418464;14740024001;3;2021-08-20 08:34:00;4;False
DO_0000418464;14833040001;維力炸醬罐 800g;1;20/08/2021 08:34;175.0;175.0;DO_0000418464;14833040001;1;2021-08-20 08:34:00;2;False
DO_0000419473;11111033001;妙管家超強漂白水4L;1;20/08/2021 08:34;85.0;85.0;DO_0000419473;11111033001;1;2021-08-20 08:34:00;20;False
DO_0000419473;14502014001;來一客-肉燥菠菜 67g;3;20/08/2021 08:34;21.666666666666668;65.0;DO_0000419473;14502014001;3;2021-08-20 08:34:00;249;False
DO_0000419473;14613918001;福壽100％純芥花油2L;2;20/08/2021 08:34;209.0;418.0;DO_0000419473;14613918001;2;2021-08-20 08:34:00;1;True
DO_0000420556;11032031001;克潮靈集水袋除濕盒;10;20/08/2021 08:34;18.33333333333333;183.333333;DO_0000420556;11032031001;10;2021-08-20 08:34:00;2;True
DO_0000420556;11040018001;威猛先生潔廁劑-柑橘;2;20/08/2021 08:34;49.0;98.0;DO_0000420556;11040018001;2;2021-08-20 08:34:00;6;False
DO_0000420556;11071018001;威滅滅蟑隊居家裝潢;1;20/08/2021 08:34;23.166666666666668;23.166667;DO_0000420556;11071018001;1;2021-08-20 08:34:00;2;False
DO_0000423006;10000012001;可口可樂Pet 600ml;16;20/08/2021 08:36;22.25;356.0;DO_0000423006;10000012001;16;2021-08-20 08:36:00;188;False
DO_0000423006;10052019001;百家珍蘋果醋600ml;6;20/08/2021 08:36;129.0;774.0;DO_0000423006;10052019001;6;2021-08-20 08:36:00;3;True
DO_0000423006;14131026001;新貴派大格酥經典巧克力口味324g;1;20/08/2021 08:36;107.0;107.0;DO_0000423006;14131026001;1;2021-08-20 08:36:00;8;False
DO_0000423006;14353010001;桂格濃湯燕麥-奶油玉米風味;4;20/08/2021 08:36;99.0;396.0;DO_0000423006;14353010001;4;2021-08-20 08:36:00;15;False
DO_0000424913;12101020001;獅王兒童牙膏;15;20/08/2021 08:36;22.666666666666668;340.0;DO_0000424913;12101020001;15;2021-08-20 08:36:00;12;True
DO_0000424913;12104003001;刷樂小胖子兒童牙刷;8;20/08/2021 08:36;19.75;158.0;DO_0000424913;12104003001;8;2021-08-20 08:36:00;72;False
DO_0000424913;12104027002;美國原裝進口卡通兒童牙刷 AVENGERS;5;20/08/2021 08:36;99.0;495.0;DO_0000424913;12104027002;5;2021-08-20 08:36:00;-1;False
DO_0000424913;12201153001;五月花舒敏厚棒抽取式衛生紙86抽4包;1;20/08/2021 08:36;19.7;19.7;DO_0000424913;12201153001;1;2021-08-20 08:36:00;203;False
DO_0000430182;11040026001;威猛先生潔廁劑加崙裝;1;20/08/2021 08:37;155.0;155.0;DO_0000430182;11040026001;1;2021-08-20 08:37:00;8;False
DO_0000430182;11040060001;家福尤加利馬桶清潔劑 家福尤加利浴廁;2;20/08/2021 08:37;249.0;498.0;DO_0000430182;11040060001;2;2021-08-20 08:37:00;1;True
DO_0000430344;12201153001;五月花舒敏厚棒抽取式衛生紙86抽4包;1;20/08/2021 08:37;19.7;19.7;DO_0000430344;12201153001;1;2021-08-20 08:37:00;203;False
DO_0000430344;12212038001;好奇厚型嬰兒濕巾;6;20/08/2021 08:37;38.5;231.0;DO_0000430344;12212038001;6;2021-08-20 08:37:00;3;True
DO_0000430377;10002072001;金車奧利多水Pet2000ml;2;20/08/2021 08:37;45.0;90.0;DO_0000430377;10002072001;2;2021-08-20 08:37:00;22;False
DO_0000430377;11103035001;白鴿天然濃縮防蹣洗衣精;1;20/08/2021 08:37;97.0;97.0;DO_0000430377;11103035001;1;2021-08-20 08:37:00;6;False
DO_0000430377;11103270002;白蘭4X酵素極淨洗衣精補充包;3;20/08/2021 08:37;129.0;387.0;DO_0000430377;11103270002;3;2021-08-20 08:37:00;11;False
DO_0000430377;12000011001;美吾髮琥珀檀香雪松精油洗髮露;1;20/08/2021 08:37;139.0;139.0;DO_0000430377;12000011001;1;2021-08-20 08:37:00;5;False
DO_0000430377;12011100001;澎澎香浴乳煥膚亮白型補充包;4;20/08/2021 08:37;99.0;396.0;DO_0000430377;12011100001;4;2021-08-20 08:37:00;1;True
DO_0000430377;12201035001;五月花聰明萬用紙巾;10;20/08/2021 08:37;9.5;95.0;DO_0000430377;12201035001;10;2021-08-20 08:37:00;830;False
DO_0000430377;12201043001;春風抽取衛生紙;10;20/08/2021 08:37;12.458333333333334;124.583333;DO_0000430377;12201043001;10;2021-08-20 08:37:00;810;False
DO_0000430377;12220003001;家福超值廚房紙抹布;1;20/08/2021 08:37;13.666666666666666;13.666667;DO_0000430377;12220003001;1;2021-08-20 08:37:00;48;False
DO_0000430377;14204132001;家樂福辣味半切海苔;3;20/08/2021 08:37;75.0;225.0;DO_0000430377;14204132001;3;2021-08-20 08:37:00;21;False
DO_0000430481;12123127001;康乃馨清涼棉夜用加長8片2入;4;20/08/2021 08:37;59.0;236.0;DO_0000430481;12123127001;4;2021-08-20 08:37:00;2;True
DO_0000430481;14200069001;良澔大溪名產豆丁;1;20/08/2021 08:37;89.0;89.0;DO_0000430481;14200069001;1;2021-08-20 08:37:00;32;False
DO_0000430481;14244003001;盛香珍小魚干花生;1;20/08/2021 08:37;69.0;69.0;DO_0000430481;14244003001;1;2021-08-20 08:37:00;42;False
DO_0000430481;14510212001;中興履歷無洗米1.5Kg;2;20/08/2021 08:37;119.0;238.0;DO_0000430481;14510212001;2;2021-08-20 08:37:00;26;False
DO_0000430481;14831022001;遠洋牌香辣燒鰻100g;3;20/08/2021 08:37;36.66666666666666;110.0;DO_0000430481;14831022001;3;2021-08-20 08:37:00;63;False
DO_0000430481;14832021001;同榮茄汁鯖魚罐(黃) 230g;3;20/08/2021 08:37;33.0;99.0;DO_0000430481;14832021001;3;2021-08-20 08:37:00;285;False
DO_0000430684;14353039001;桂格即食大燕麥片2600g;1;20/08/2021 08:37;329.0;329.0;DO_0000430684;14353039001;1;2021-08-20 08:37:00;35;False
DO_0000430684;14370004001;台糖貳號砂糖;1;20/08/2021 08:37;36.0;36.0;DO_0000430684;14370004001;1;2021-08-20 08:37:00;72;False
DO_0000430684;14633043001;牛頭牌蛤蜊湯塊 11g*6;1;20/08/2021 08:37;4.333333333333333;4.333333;DO_0000430684;14633043001;1;2021-08-20 08:37:00;-1;False
DO_0000430684;14852064001;葛莉思犬罐-牛肉口味 400g;9;20/08/2021 08:37;37.0;333.0;DO_0000430684;14852064001;9;2021-08-20 08:37:00;3;True
DO_0000419166;14104139001;本味誠現穀香燕麥餅200g;2;20/08/2021 09:13;90.0;180.0;DO_0000419166;14104139001;2;2021-08-20 09:13:00;1;True
DO_0000419166;14506001001;五木拉麵-海鮮321g;2;20/08/2021 09:13;65.0;130.0;DO_0000419166;14506001001;2;2021-08-20 09:13:00;114;False
DO_0000419166;14510346001;花東產銷履歷生態米;4;20/08/2021 09:13;159.0;636.0;DO_0000419166;14510346001;4;2021-08-20 09:13:00;26;False
DO_0000419166;14511051001;皇家榖堡莊園黑米1kg;2;20/08/2021 09:13;198.0;396.0;DO_0000419166;14511051001;2;2021-08-20 09:13:00;36;False
DO_0000419213;12123005001;康乃馨量多超薄蝶型;4;20/08/2021 09:13;138.0;552.0;DO_0000419213;12123005001;4;2021-08-20 09:13:00;3;True
DO_0000430133;15020007001;倍瑞100％全脂牛奶1000ml;12;20/08/2021 09:53;99.0;1188.0;DO_0000430133;15020007001;12;2021-08-20 09:53:00;2;True
DO_0000430493;12011163001;嬌生PH 5.5沐浴乳;1;20/08/2021 09:56;149.0;149.0;DO_0000430493;12011163001;1;2021-08-20 09:56:00;10;False
DO_0000430493;14312003001;UCC 117 即溶咖啡;4;20/08/2021 09:56;300.0;1200.0;DO_0000430493;14312003001;4;2021-08-20 09:56:00;2;True
DO_0000419426;12020078001;Biore抗痘保濕洗顏慕絲更替瓶 更替瓶;2;20/08/2021 12:42;129.0;258.0;DO_0000419426;12020078001;2;2021-08-20 12:42:00;1;True
DO_0000419426;12020093001;Biore抗痘調理洗面乳;2;20/08/2021 12:42;109.0;218.0;DO_0000419426;12020093001;2;2021-08-20 12:42:00;7;False
DO_0000419426;12220018001;柔情廚房紙巾;2;20/08/2021 12:42;12.5;25.0;DO_0000419426;12220018001;2;2021-08-20 12:42:00;19;False
DO_0000419426;31466156001;OP無雙酚A萬用烘焙紙8M;4;20/08/2021 12:42;85.0;340.0;DO_0000419426;31466156001;4;2021-08-20 12:42:00;10;False
DO_0000420295;12005056001;美吾髮快速護髮染髮霜補充包 4號-自然栗;4;20/08/2021 12:44;152.0;608.0;DO_0000420295;12005056001;4;2021-08-20 12:44:00;3;True
DO_0000420295;12005093001;莉婕泡沫染髮劑 棉花糖棕色;2;20/08/2021 12:44;299.0;598.0;DO_0000420295;12005093001;2;2021-08-20 12:44:00;10;False
DO_0000420295;12005093005;莉婕泡沫染髮劑 巧克力棕色;2;20/08/2021 12:44;299.0;598.0;DO_0000420295;12005093005;2;2021-08-20 12:44:00;4;False
DO_0000420295;12201024001;家樂福超值連續抽取式花紋衛生紙輕巧包;20;20/08/2021 12:44;9.75;195.0;DO_0000420295;12201024001;20;2021-08-20 12:44:00;560;False
DO_0000420295;12201105001;家樂福抽取式衛生紙-FSC 110x24;1;20/08/2021 12:44;10.375;10.375;DO_0000420295;12201105001;1;2021-08-20 12:44:00;77;False
DO_0000420295;30010002001;永備碳鋅4號電池16入量販包;1;20/08/2021 12:44;157.0;157.0;DO_0000420295;30010002001;1;2021-08-20 12:44:00;12;False
DO_0000425569;12201069001;春風柔膚感抽取式衛生紙;24;20/08/2021 12:44;12.458333333333334;299.0;DO_0000425569;12201069001;24;2021-08-20 12:44:00;648;False
DO_0000425569;61080007004;精品繽紛中腰免洗褲淑女型;6;20/08/2021 12:44;104.0;624.0;DO_0000425569;61080007004;6;2021-08-20 12:44:00;4;True
DO_0000430490;12011254001;淨嫩沐浴乳浪漫保濕補充包;6;20/08/2021 13:13;89.0;534.0;DO_0000430490;12011254001;6;2021-08-20 13:13:00;5;True
DO_0000430495;14352028001;Mestemacher什錦水果穀片;5;20/08/2021 13:15;289.0;1445.0;DO_0000430495;14352028001;5;2021-08-20 13:15:00;4;True
DO_0000431017;10021005001;寶礦力水得Can340ml;6;20/08/2021 13:15;15.0;90.0;DO_0000431017;10021005001;6;2021-08-20 13:15:00;120;False
DO_0000431017;11050031001;毛寶小蘇打洗碗精按壓瓶無香精;2;20/08/2021 13:15;65.0;130.0;DO_0000431017;11050031001;2;2021-08-20 13:15:00;11;False
DO_0000431017;12010147001;臺灣茶摳-鳶尾花潤澤滋養皂 鳶尾花潤澤;2;20/08/2021 13:15;38.333333333333336;76.666667;DO_0000431017;12010147001;2;2021-08-20 13:15:00;-1;False
DO_0000431017;12010149001;臺灣茶摳-桃花嫩白滋養皂 桃花嫩白;2;20/08/2021 13:15;38.333333333333336;76.666667;DO_0000431017;12010149001;2;2021-08-20 13:15:00;1;True
DO_0000431017;14102246001;義美臻果巧克力酥片 (牛奶巧克力);1;20/08/2021 13:15;104.0;104.0;DO_0000431017;14102246001;1;2021-08-20 13:15:00;40;False
DO_0000431017;14102250001;義美杏仁巧克力酥片（牛奶巧克力）;1;20/08/2021 13:15;104.0;104.0;DO_0000431017;14102250001;1;2021-08-20 13:15:00;89;False
DO_0000431017;14370020001;台糖貳號砂糖500克;1;20/08/2021 13:15;18.0;18.0;DO_0000431017;14370020001;1;2021-08-20 13:15:00;112;False
DO_0000431017;14501926001;維力大乾麵蔥燒牛肉風味麵95g;5;20/08/2021 13:15;16.6;83.0;DO_0000431017;14501926001;5;2021-08-20 13:15:00;10;False
DO_0000431017;14503003001;來一客-鮮蝦魚板 63g;6;20/08/2021 13:15;21.666666666666668;130.0;DO_0000431017;14503003001;6;2021-08-20 13:15:00;960;False
DO_0000431017;14600023001;台鹽特級碘鹽 1Kg;1;20/08/2021 13:15;23.0;23.0;DO_0000431017;14600023001;1;2021-08-20 13:15:00;64;False
DO_0000419272;11103256001;艾克博士酵素濃縮洗衣膏 艾克酵素洗衣膏;2;20/08/2021 14:05;278.0;556.0;DO_0000419272;11103256001;2;2021-08-20 14:05:00;1;True
DO_0000419272;31533005001;小蘇打粉1000g;6;20/08/2021 14:05;99.0;594.0;DO_0000419272;31533005001;6;2021-08-20 14:05:00;18;False
DO_0000420721;11103134001;一匙靈制菌超濃縮洗衣精;1;20/08/2021 14:05;69.0;69.0;DO_0000420721;11103134001;1;2021-08-20 14:05:00;20;False
DO_0000420721;11103134001;一匙靈制菌超濃縮洗衣精;2;20/08/2021 14:05;69.0;138.0;DO_0000420721;11103134001;2;2021-08-20 14:05:00;20;False
DO_0000420721;14110106001;Custard Cake-蛋黃派(卡士達口味蛋糕);6;20/08/2021 14:05;99.0;594.0;DO_0000420721;14110106001;6;2021-08-20 14:05:00;66;False
DO_0000420721;14110154001;盛香珍法式奶油千層酥;1;20/08/2021 14:05;99.0;99.0;DO_0000420721;14110154001;1;2021-08-20 14:05:00;16;False
DO_0000420721;14110154001;盛香珍法式奶油千層酥;5;20/08/2021 14:05;99.0;495.0;DO_0000420721;14110154001;5;2021-08-20 14:05:00;16;False
DO_0000420721;14332017001;安怡高鈣奶粉 750g;3;20/08/2021 14:05;299.0;897.0;DO_0000420721;14332017001;3;2021-08-20 14:05:00;1;True
DO_0000420721;14502006001;拉麵道-日式豚骨(袋) 94g;8;20/08/2021 14:05;17.5;140.0;DO_0000420721;14502006001;8;2021-08-20 14:05:00;132;False
DO_0000420721;14502009001;統一肉燥(包) 85g;10;20/08/2021 14:05;15.6;156.0;DO_0000420721;14502009001;10;2021-08-20 14:05:00;975;False
DO_0000419305;15020007001;倍瑞100％全脂牛奶1000ml;12;20/08/2021 14:17;99.0;1188.0;DO_0000419305;15020007001;12;2021-08-20 14:17:00;2;True
DO_0000430159;14312003001;UCC 117 即溶咖啡;12;20/08/2021 14:17;300.0;3600.0;DO_0000430159;14312003001;12;2021-08-20 14:17:00;2;True
DO_0000433337;14620046001;雅媽吉日式香菇醬油500ml;5;20/08/2021 14:17;116.0;580.0;DO_0000433337;14620046001;5;2021-08-20 14:17:00;2;True
DO_0000433337;14620046001;雅媽吉日式香菇醬油500ml;7;20/08/2021 14:17;116.0;812.0;DO_0000433337;14620046001;7;2021-08-20 14:17:00;2;True
DO_0000419445;12105034001;李施德霖漱口水組-綠茶+薄荷;1;20/08/2021 14:30;149.5;149.5;DO_0000419445;12105034001;1;2021-08-20 14:30:00;6;False
DO_0000419445;14312001001;UCC 114 即溶咖啡;6;20/08/2021 14:30;130.0;780.0;DO_0000419445;14312001001;6;2021-08-20 14:30:00;2;True
DO_0000419445;14312003001;UCC 117 即溶咖啡;6;20/08/2021 14:30;300.0;1800.0;DO_0000419445;14312003001;6;2021-08-20 14:30:00;2;True
DO_0000419445;14501004001;味王原汁牛肉麵(袋) 82g;5;20/08/2021 14:30;12.8;64.0;DO_0000419445;14501004001;5;2021-08-20 14:30:00;215;False
DO_0000419445;14502081001;味味麵精燉肉燥湯麵(包) 78g;5;20/08/2021 14:30;13.0;65.0;DO_0000419445;14502081001;5;2021-08-20 14:30:00;380;False
DO_0000419445;14504055001;維力素飄香麻辣燙風味麵90g;10;20/08/2021 14:30;13.8;138.0;DO_0000419445;14504055001;10;2021-08-20 14:30:00;205;False
DO_0000419500;11070007001;噴效新油性噴霧殺蟲劑;6;20/08/2021 14:30;60.0;360.0;DO_0000419500;11070007001;6;2021-08-20 14:30:00;422;False
DO_0000419500;11071008001;優品別慌蟑捕蟑屋;11;20/08/2021 14:30;89.0;979.0;DO_0000419500;11071008001;11;2021-08-20 14:30:00;10;True
DO_0000419500;14501004001;味王原汁牛肉麵(袋) 82g;5;20/08/2021 14:30;12.8;64.0;DO_0000419500;14501004001;5;2021-08-20 14:30:00;215;False
DO_0000420172;12121087001;蕾妮亞零觸感特薄量多日用22.5cm;6;20/08/2021 16:43;69.5;417.0;DO_0000420172;12121087001;6;2021-08-20 16:43:00;4;True
DO_0000421018;14615048001;源順初榨花生風味調合油;2;20/08/2021 16:58;328.0;656.0;DO_0000421018;14615048001;2;2021-08-20 16:58:00;1;True
DO_0000430410;10002012001;維他露P 330 ml;12;20/08/2021 16:58;12.833333333333334;154.0;DO_0000430410;10002012001;12;2021-08-20 16:58:00;378;False
DO_0000430410;11040006001;潔霜芳香浴廁清潔劑--檸檬;2;20/08/2021 16:58;35.0;70.0;DO_0000430410;11040006001;2;2021-08-20 16:58:00;23;False
DO_0000430410;11040009001;潔霜芳香浴廁清潔劑綠茶馨香;2;20/08/2021 16:58;35.0;70.0;DO_0000430410;11040009001;2;2021-08-20 16:58:00;24;False
DO_0000430410;11041014001;優品馬桶自動清潔劑;6;20/08/2021 16:58;50.0;300.0;DO_0000430410;11041014001;6;2021-08-20 16:58:00;4;True
DO_0000430410;11050053001;楓康一滴淨洗潔精橘子;2;20/08/2021 16:58;179.0;358.0;DO_0000430410;11050053001;2;2021-08-20 16:58:00;2;False
DO_0000430410;11103070001;白鴿防蹣洗衣精補充包;2;20/08/2021 16:58;97.0;194.0;DO_0000430410;11103070001;2;2021-08-20 16:58:00;43;False
DO_0000430410;11110085001;新熊寶貝沁藍海洋香柔軟護衣精補充包;2;20/08/2021 16:58;83.0;166.0;DO_0000430410;11110085001;2;2021-08-20 16:58:00;14;False
DO_0000430410;14370029001;台糖晶冰糖;1;20/08/2021 16:58;75.0;75.0;DO_0000430410;14370029001;1;2021-08-20 16:58:00;4;False
DO_0000430410;14501038001;滿漢大餐麻辣鍋牛肉麵(袋)200g;3;20/08/2021 16:58;44.66666666666666;134.0;DO_0000430410;14501038001;3;2021-08-20 16:58:00;84;False
DO_0000430410;14521158001;康寶濃湯-自然原味港式酸辣46.6G;2;20/08/2021 16:58;50.0;100.0;DO_0000430410;14521158001;2;2021-08-20 16:58:00;36;False
DO_0000430410;14600023001;台鹽特級碘鹽 1Kg;2;20/08/2021 16:58;23.0;46.0;DO_0000430410;14600023001;2;2021-08-20 16:58:00;64;False
DO_0000430410;14616002001;工研白醋 600ml;2;20/08/2021 16:58;37.0;74.0;DO_0000430410;14616002001;2;2021-08-20 16:58:00;94;False
DO_0000430410;14633935001;新康寶雞湯塊100g;2;20/08/2021 16:58;42.0;84.0;DO_0000430410;14633935001;2;2021-08-20 16:58:00;12;False
DO_0000430410;14741003001;日正寶島地瓜粉 (木薯粉);2;20/08/2021 16:58;87.0;174.0;DO_0000430410;14741003001;2;2021-08-20 16:58:00;4;False
DO_0000430410;14810031001;綠巨人生機玉米粒150gx3入;1;20/08/2021 16:58;49.66666666666666;49.666667;DO_0000430410;14810031001;1;2021-08-20 16:58:00;2;False
DO_0000425850;11022012001;威猛先生浴室全效噴槍+重裝;1;20/08/2021 16:59;47.5;47.5;DO_0000425850;11022012001;1;2021-08-20 16:59:00;5;False
DO_0000425850;12201084001;家樂福優質抽取式衛生紙;2;20/08/2021 16:59;12.833333333333334;25.666667;DO_0000425850;12201084001;2;2021-08-20 16:59:00;67;False
DO_0000425850;14104139001;本味誠現穀香燕麥餅200g;2;20/08/2021 16:59;90.0;180.0;DO_0000425850;14104139001;2;2021-08-20 16:59:00;1;True
DO_0000430395;14343028001;家樂福龍眼蜂蜜1200g;2;20/08/2021 16:59;589.0;1178.0;DO_0000430395;14343028001;2;2021-08-20 16:59:00;2;False
DO_0000430395;35751018001;FGK 5W/50 機車全合成機油;6;20/08/2021 16:59;198.0;1188.0;DO_0000430395;35751018001;6;2021-08-20 16:59:00;3;True
DO_0000399083;12005082007;宣若EX染髮霜;3;20/08/2021 17:01;149.0;447.0;DO_0000399083;12005082007;3;2021-08-20 17:01:00;2;True
DO_0000399083;12020225001;森田藥炭深層控油洗面乳;2;20/08/2021 17:01;148.0;296.0;DO_0000399083;12020225001;2;2021-08-20 17:01:00;6;False
DO_0000418504;12011254001;淨嫩沐浴乳浪漫保濕補充包;5;20/08/2021 17:01;89.0;445.0;DO_0000418504;12011254001;5;2021-08-20 17:01:00;5;False
DO_0000418504;12020051001;Biore毛孔淨透洗面乳 毛孔淨透洗面乳;2;20/08/2021 17:01;99.0;198.0;DO_0000418504;12020051001;2;2021-08-20 17:01:00;1;True
DO_0000418508;11103088001;妙管家濃縮有酵洗衣精-抗菌;1;20/08/2021 17:01;119.0;119.0;DO_0000418508;11103088001;1;2021-08-20 17:01:00;5;False
DO_0000418508;12000350001;美吾髮檀香精油洗髮精;1;20/08/2021 17:01;139.0;139.0;DO_0000418508;12000350001;1;2021-08-20 17:01:00;11;False
DO_0000418508;12122013001;靠得住柔棉超薄護翼日用23;4;20/08/2021 17:01;39.0;156.0;DO_0000418508;12122013001;4;2021-08-20 17:01:00;80;False
DO_0000418508;12201031001;得意優質抽取式衛生紙;24;20/08/2021 17:01;9.958333333333334;239.0;DO_0000418508;12201031001;24;2021-08-20 17:01:00;2040;False
DO_0000418508;14701045001;日正特選豆豉40g;4;20/08/2021 17:01;14.0;56.0;DO_0000418508;14701045001;4;2021-08-20 17:01:00;1;True
DO_0000431343;12327027001;桂格完膳營養素雙效營養配方;2;20/08/2021 17:04;650.0;1300.0;DO_0000431343;12327027001;2;2021-08-20 17:04:00;1;True
DO_0000434149;11050020001;泡舒檸檬抗菌精油洗潔精補充包;1;20/08/2021 17:04;59.0;59.0;DO_0000434149;11050020001;1;2021-08-20 17:04:00;18;False
DO_0000434149;14331007001;金克寧銀養奶粉高鈣雙效配方-1.5kg;1;20/08/2021 17:04;699.0;699.0;DO_0000434149;14331007001;1;2021-08-20 17:04:00;4;False
DO_0000434149;14353025001;台糖燕麥片;10;20/08/2021 17:04;68.0;680.0;DO_0000434149;14353025001;10;2021-08-20 17:04:00;5;True
DO_0000434777;10041085001;奇而思 Cheers EX 強氣泡水 500ml;8;20/08/2021 17:04;18.0;144.0;DO_0000434777;10041085001;8;2021-08-20 17:04:00;204;False
DO_0000434777;14243110001;萬歲牌香蒜杏仁果;4;20/08/2021 17:04;129.0;516.0;DO_0000434777;14243110001;4;2021-08-20 17:04:00;2;True
DO_0000422268;11103021001;一匙靈Attack抗菌EX洗衣精補充;2;20/08/2021 17:26;79.0;158.0;DO_0000422268;11103021001;2;2021-08-20 17:26:00;82;False
DO_0000422268;12200017001;情人平版衛生紙;12;20/08/2021 17:26;15.5;186.0;DO_0000422268;12200017001;12;2021-08-20 17:26:00;258;False
DO_0000422268;12220018001;柔情廚房紙巾;2;20/08/2021 17:26;12.5;25.0;DO_0000422268;12220018001;2;2021-08-20 17:26:00;19;False
DO_0000422268;31532100001;順林_百研海綿杯刷;2;20/08/2021 17:26;89.0;178.0;DO_0000422268;31532100001;2;2021-08-20 17:26:00;8;False
DO_0000422268;31607015001;喜刷洗衣刷;2;20/08/2021 17:26;23.0;46.0;DO_0000422268;31607015001;2;2021-08-20 17:26:00;1;True
DO_0000425810;14000196001;萬歲牌米果綜合果鹽味;2;20/08/2021 17:26;198.0;396.0;DO_0000425810;14000196001;2;2021-08-20 17:26:00;70;False
DO_0000425810;14210046001;森之果物嚴選特大葡萄乾蔓越莓;2;20/08/2021 17:26;105.0;210.0;DO_0000425810;14210046001;2;2021-08-20 17:26:00;4;False
DO_0000425810;14210047001;森之果物嚴選蜜棗乾;3;20/08/2021 17:26;120.0;360.0;DO_0000425810;14210047001;3;2021-08-20 17:26:00;1;True
DO_0000425810;14210114001;森之果物嚴選特大葡萄乾;2;20/08/2021 17:26;105.0;210.0;DO_0000425810;14210114001;2;2021-08-20 17:26:00;1;True
DO_0000427162;11110085001;新熊寶貝沁藍海洋香柔軟護衣精補充包;2;20/08/2021 17:26;83.0;166.0;DO_0000427162;11110085001;2;2021-08-20 17:26:00;14;False
DO_0000427162;11110085001;新熊寶貝沁藍海洋香柔軟護衣精補充包;3;20/08/2021 17:26;83.0;249.0;DO_0000427162;11110085001;3;2021-08-20 17:26:00;14;False
DO_0000427162;12011402001;美吾髮檀香精油沐浴精;5;20/08/2021 17:26;139.0;695.0;DO_0000427162;12011402001;5;2021-08-20 17:26:00;1;True
DO_0000427162;12130006001;安安床墊型看護墊-超大尺寸 安安床墊型;1;20/08/2021 17:26;99.0;99.0;DO_0000427162;12130006001;1;2021-08-20 17:26:00;-1;False
DO_0000430128;10023017001;桂格滴雞精52mlx9;2;20/08/2021 17:26;1269.0;2538.0;DO_0000430128;10023017001;2;2021-08-20 17:26:00;1;True
DO_0000430165;14331004001;桂格維他命高鈣奶粉1650g;4;20/08/2021 17:26;499.0;1996.0;DO_0000430165;14331004001;4;2021-08-20 17:26:00;3;True
DO_0000430208;12327027001;桂格完膳營養素雙效營養配方;2;20/08/2021 17:26;650.0;1300.0;DO_0000430208;12327027001;2;2021-08-20 17:26:00;1;True
DO_0000430293;14503034001;不倒翁海鮮烏龍拉麵(袋)120g;10;20/08/2021 17:26;32.0;320.0;DO_0000430293;14503034001;10;2021-08-20 17:26:00;40;False
DO_0000430293;14505913001;起司火辣雞肉風味鐵板炒麵;1;20/08/2021 17:26;49.0;49.0;DO_0000430293;14505913001;1;2021-08-20 17:26:00;1;False
DO_0000430293;14611002001;得意的一天100％葵花油1L;2;20/08/2021 17:26;143.0;286.0;DO_0000430293;14611002001;2;2021-08-20 17:26:00;29;False
DO_0000430293;14850135001;寶多福健康犬餐熟齡犬專用配方包3.5K;4;20/08/2021 17:26;209.0;836.0;DO_0000430293;14850135001;4;2021-08-20 17:26:00;2;True
DO_0000430359;12112002001;舒適牌刮鬍泡--敏感膚質;4;20/08/2021 17:26;105.0;420.0;DO_0000430359;12112002001;4;2021-08-20 17:26:00;3;True
DO_0000430420;14102040001;77蜜蘭諾黑巧酥;2;20/08/2021 17:26;66.0;132.0;DO_0000430420;14102040001;2;2021-08-20 17:26:00;30;False
DO_0000430420;14102087001;義美巧克力消化餅;2;20/08/2021 17:26;47.0;94.0;DO_0000430420;14102087001;2;2021-08-20 17:26:00;5;False
DO_0000430420;14505003001;不倒翁辛辣拉麵(袋)120g;5;20/08/2021 17:26;32.0;160.0;DO_0000430420;14505003001;5;2021-08-20 17:26:00;25;False
DO_0000430420;35751018001;FGK 5W/50 機車全合成機油;5;20/08/2021 17:26;198.0;990.0;DO_0000430420;35751018001;5;2021-08-20 17:26:00;3;True
DO_0000430435;12123114001;靠得住草本抑菌衛生棉35cm;3;20/08/2021 17:26;46.333333333333336;139.0;DO_0000430435;12123114001;3;2021-08-20 17:26:00;2;True
DO_0000430479;11041007001;威猛先生潔廁清香凍補充管;1;20/08/2021 17:26;69.5;69.5;DO_0000430479;11041007001;1;2021-08-20 17:26:00;2;False
DO_0000430479;11104005001;白鴿貼心衣物手洗精;1;20/08/2021 17:26;99.0;99.0;DO_0000430479;11104005001;1;2021-08-20 17:26:00;3;False
DO_0000430479;12010176001;滴露滋潤倍護香皂 滋潤倍護;2;20/08/2021 17:26;33.0;66.0;DO_0000430479;12010176001;2;2021-08-20 17:26:00;1;True
DO_0000430479;12121004001;蘇菲彈力貼身量少潔翼;8;20/08/2021 17:26;31.666666666666668;253.333333;DO_0000430479;12121004001;8;2021-08-20 17:26:00;36;False
DO_0000430479;12201105001;家樂福抽取式衛生紙-FSC 110x24;1;20/08/2021 17:26;10.375;10.375;DO_0000430479;12201105001;1;2021-08-20 17:26:00;77;False
DO_0000430479;14303898001;義美經典原味奶茶;1;20/08/2021 17:26;6.222222222222222;6.222222;DO_0000430479;14303898001;1;2021-08-20 17:26:00;2;False
DO_0000430479;14501016001;滿漢大餐珍味牛肉(袋) 173g;3;20/08/2021 17:26;44.66666666666666;134.0;DO_0000430479;14501016001;3;2021-08-20 17:26:00;111;False
DO_0000430479;14501022001;滿漢大餐蔥燒牛肉(袋) 187g;3;20/08/2021 17:26;44.66666666666666;134.0;DO_0000430479;14501022001;3;2021-08-20 17:26:00;186;False
DO_0000430479;14504027001;隨緣韓式泡菜湯麵(包)75g;5;20/08/2021 17:26;15.2;76.0;DO_0000430479;14504027001;5;2021-08-20 17:26:00;170;False
DO_0000430479;14506036001;Paldo起司拉麵(包)111g;4;20/08/2021 17:26;38.0;152.0;DO_0000430479;14506036001;4;2021-08-20 17:26:00;8;False
DO_0000430494;14504055001;維力素飄香麻辣燙風味麵90g;10;20/08/2021 17:26;13.8;138.0;DO_0000430494;14504055001;10;2021-08-20 17:26:00;205;False
DO_0000430494;14506087001;農心辛拉麵超值包120g x5;2;20/08/2021 17:26;33.6;67.2;DO_0000430494;14506087001;2;2021-08-20 17:26:00;30;False
DO_0000430494;14506199001;維力蒸煮麵65g 維力蒸煮麵65g;10;20/08/2021 17:26;8.2;82.0;DO_0000430494;14506199001;10;2021-08-20 17:26:00;20;False
DO_0000430494;14506264001;不倒翁金拉麵-辛辣120g;10;20/08/2021 17:26;33.0;330.0;DO_0000430494;14506264001;10;2021-08-20 17:26:00;5;True
DO_0000430494;14506490001;農心辛辣白菜風味拉麵超值包120g x5;2;20/08/2021 17:26;33.8;67.6;DO_0000430494;14506490001;2;2021-08-20 17:26:00;12;False
DO_0000430494;14830001001;遠洋牌鮪魚片(水煮)185g;12;20/08/2021 17:26;49.66666666666666;596.0;DO_0000430494;14830001001;12;2021-08-20 17:26:00;30;False
DO_0000430494;14830072001;東和好媽媽無添加水煮鮪魚;12;20/08/2021 17:26;66.0;792.0;DO_0000430494;14830072001;12;2021-08-20 17:26:00;72;False
DO_0000430494;14831022001;遠洋牌香辣燒鰻100g;12;20/08/2021 17:26;36.66666666666666;440.0;DO_0000430494;14831022001;12;2021-08-20 17:26:00;63;False
DO_0000430494;14831027001;新東陽海捕豆豉香酥鰻100g;9;20/08/2021 17:26;49.66666666666666;447.0;DO_0000430494;14831027001;9;2021-08-20 17:26:00;6;True
DO_0000430494;14832012001;紅鷹牌蕃茄汁鯖魚(紅罐) 220g;12;20/08/2021 17:26;39.333333333333336;472.0;DO_0000430494;14832012001;12;2021-08-20 17:26:00;48;False
DO_0000430494;14832018001;同榮茄汁鯖魚罐(紅) 230g;12;20/08/2021 17:26;33.0;396.0;DO_0000430494;14832018001;12;2021-08-20 17:26:00;270;False
DO_0000430494;14832021001;同榮茄汁鯖魚罐(黃) 230g;12;20/08/2021 17:26;33.0;396.0;DO_0000430494;14832021001;12;2021-08-20 17:26:00;285;False
DO_0000438268;11032008001;家福除濕桶補充包- 紫羅蘭香;72;20/08/2021 17:48;14.0;1008.0;DO_0000438268;11032008001;72;2021-08-20 17:48:00;30;True
DO_0000438278;14600010001;小磨坊自調式研磨器玫瑰鹽78g;6;20/08/2021 17:48;109.0;654.0;DO_0000438278;14600010001;6;2021-08-20 17:48:00;2;True
DO_0000438280;11032008001;家福除濕桶補充包- 紫羅蘭香;72;20/08/2021 17:48;14.0;1008.0;DO_0000438280;11032008001;72;2021-08-20 17:48:00;30;True
DO_0000437685;15020007001;倍瑞100％全脂牛奶1000ml;12;20/08/2021 17:52;99.0;1188.0;DO_0000437685;15020007001;12;2021-08-20 17:52:00;2;True
DO_0000437959;15020007001;倍瑞100％全脂牛奶1000ml;12;20/08/2021 17:57;99.0;1188.0;DO_0000437959;15020007001;12;2021-08-20 17:57:00;2;True
DO_0000437702;15020007001;倍瑞100％全脂牛奶1000ml;12;20/08/2021 18:13;99.0;1188.0;DO_0000437702;15020007001;12;2021-08-20 18:13:00;2;True
DO_0000438647;15020007001;倍瑞100％全脂牛奶1000ml;12;20/08/2021 21:13;99.0;1188.0;DO_0000438647;15020007001;12;2021-08-20 21:13:00;2;True
DO_0000438713;10014116001;VICO 100 椰子水 1000ml;16;20/08/2021 21:14;66.5;1064.0;DO_0000438713;10014116001;16;2021-08-20 21:14:00;12;True
DO_0000438713;10014116001;VICO 100 椰子水 1000ml;8;20/08/2021 21:14;66.5;532.0;DO_0000438713;10014116001;8;2021-08-20 21:14:00;12;False
DO_0000438717;10014116001;VICO 100 椰子水 1000ml;16;20/08/2021 21:14;66.5;1064.0;DO_0000438717;10014116001;16;2021-08-20 21:14:00;12;True
DO_0000438717;10014116001;VICO 100 椰子水 1000ml;8;20/08/2021 21:14;66.5;532.0;DO_0000438717;10014116001;8;2021-08-20 21:14:00;12;False
DO_0000438718;10014116001;VICO 100 椰子水 1000ml;16;20/08/2021 21:14;66.5;1064.0;DO_0000438718;10014116001;16;2021-08-20 21:14:00;12;True
DO_0000438718;10014116001;VICO 100 椰子水 1000ml;8;20/08/2021 21:14;66.5;532.0;DO_0000438718;10014116001;8;2021-08-20 21:14:00;12;False
DO_0000438721;10014116001;VICO 100 椰子水 1000ml;16;20/08/2021 21:14;66.5;1064.0;DO_0000438721;10014116001;16;2021-08-20 21:14:00;12;True
DO_0000438721;10014116001;VICO 100 椰子水 1000ml;8;20/08/2021 21:14;66.5;532.0;DO_0000438721;10014116001;8;2021-08-20 21:14:00;12;False
DO_0000438622;15020007001;倍瑞100％全脂牛奶1000ml;12;20/08/2021 21:15;99.0;1188.0;DO_0000438622;15020007001;12;2021-08-20 21:15:00;2;True
DO_0000430202;12201153001;五月花舒敏厚棒抽取式衛生紙86抽4包;1;20/08/2021 23:26;19.7;19.7;DO_0000430202;12201153001;1;2021-08-20 23:26:00;203;False
DO_0000430202;14244062001;Sunny Ranch 精選鹽味淡鹽綜合桶;3;20/08/2021 23:26;369.0;1107.0;DO_0000430202;14244062001;3;2021-08-20 23:26:00;2;True
DO_0000439993;11070030001;花仙子防蚊香膏-香茅薄荷;2;20/08/2021 23:26;69.0;138.0;DO_0000439993;11070030001;2;2021-08-20 23:26:00;1;True
DO_0000439993;12200001001;家樂福超值平版式花紋衛生紙;6;20/08/2021 23:26;15.833333333333334;95.0;DO_0000439993;12200001001;6;2021-08-20 23:26:00;582;False
DO_0000439993;12212035001;家福嬰兒潔膚濕巾量販包-粉藍;1;20/08/2021 23:26;37.25;37.25;DO_0000439993;12212035001;1;2021-08-20 23:26:00;6;False
DO_0000439993;14353019001;桂格即沖即食大燕麥片1100g;1;20/08/2021 23:26;151.0;151.0;DO_0000439993;14353019001;1;2021-08-20 23:26:00;62;False
DO_0000439993;14502012001;統一肉骨茶(包) 93g;5;20/08/2021 23:26;15.6;78.0;DO_0000439993;14502012001;5;2021-08-20 23:26:00;250;False
DO_0000439993;14510218001;三好花蓮優質米(圓二)2Kg;2;20/08/2021 23:26;149.0;298.0;DO_0000439993;14510218001;2;2021-08-20 23:26:00;75;False
DO_0000439993;14610002001;台糖大豆沙拉油2L;1;20/08/2021 23:26;128.0;128.0;DO_0000439993;14610002001;1;2021-08-20 23:26:00;42;False
DO_0000419119;12201153001;五月花舒敏厚棒抽取式衛生紙86抽4包;1;20/08/2021 23:32;19.7;19.7;DO_0000419119;12201153001;1;2021-08-20 23:32:00;203;False
DO_0000419119;14351034001;雀巢美祿可可球早餐脆片;1;20/08/2021 23:32;119.0;119.0;DO_0000419119;14351034001;1;2021-08-20 23:32:00;27;False
DO_0000419119;14351059001;雀巢蜂蜜星星穀類早餐脆片;2;20/08/2021 23:32;72.0;144.0;DO_0000419119;14351059001;2;2021-08-20 23:32:00;1;True
DO_0000419119;14615083001;真好家芝麻香油130ml;1;20/08/2021 23:32;78.0;78.0;DO_0000419119;14615083001;1;2021-08-20 23:32:00;-1;False
DO_0000419119;14615114001;泰山玄米油600ml;1;20/08/2021 23:32;99.0;99.0;DO_0000419119;14615114001;1;2021-08-20 23:32:00;2;False
DO_0000419119;14830012001;同榮香筍鮪魚 170g;3;20/08/2021 23:32;37.66666666666666;113.0;DO_0000419119;14830012001;3;2021-08-20 23:32:00;24;False
DO_0000419119;14830017001;同榮鮪魚罐;3;20/08/2021 23:32;36.333333333333336;109.0;DO_0000419119;14830017001;3;2021-08-20 23:32:00;12;False
DO_0000419119;14831007001;同榮特選燒鰻(易開罐)100g;3;20/08/2021 23:32;39.66666666666666;119.0;DO_0000419119;14831007001;3;2021-08-20 23:32:00;750;False
DO_0000440167;14615048001;源順初榨花生風味調合油;3;20/08/2021 23:42;328.0;984.0;DO_0000440167;14615048001;3;2021-08-20 23:42:00;1;True
DO_0000440337;14610008001;福壽不飽和大豆沙拉油2L;6;20/08/2021 23:43;126.0;756.0;DO_0000440337;14610008001;6;2021-08-20 23:43:00;2;True
DO_0000440343;14610008001;福壽不飽和大豆沙拉油2L;6;20/08/2021 23:45;126.0;756.0;DO_0000440343;14610008001;6;2021-08-20 23:45:00;2;True
DO_0000440738;14312003001;UCC 117 即溶咖啡;11;20/08/2021 23:46;300.0;3300.0;DO_0000440738;14312003001;11;2021-08-20 23:46:00;2;True
DO_0000440738;14312003001;UCC 117 即溶咖啡;1;20/08/2021 23:46;300.0;300.0;DO_0000440738;14312003001;1;2021-08-20 23:46:00;2;False
DO_0000440344;14610008001;福壽不飽和大豆沙拉油2L;3;20/08/2021 23:48;126.0;378.0;DO_0000440344;14610008001;3;2021-08-20 23:48:00;2;True
DO_0000440276;10033023001;KIRIN生茶 525ml;48;20/08/2021 23:50;33.0;1584.0;DO_0000440276;10033023001;48;2021-08-20 23:50:00;24;True
DO_0000440282;10033023001;KIRIN生茶 525ml;48;20/08/2021 23:50;33.0;1584.0;DO_0000440282;10033023001;48;2021-08-20 23:50:00;24;True
DO_0000441655;11010021001;魔術靈地板清潔劑補充包;1;21/08/2021 00:05;89.0;89.0;DO_0000441655;11010021001;1;2021-08-21 00:05:00;4;False
DO_0000441655;11111050001;新奇漂白水;2;21/08/2021 00:05;65.0;130.0;DO_0000441655;11111050001;2;2021-08-21 00:05:00;18;False
DO_0000441655;12011152001;綠的潔膚劑;2;21/08/2021 00:05;139.0;278.0;DO_0000441655;12011152001;2;2021-08-21 00:05:00;1;True
DO_0000441655;14302006001;天仁綠茶粉;1;21/08/2021 00:05;200.0;200.0;DO_0000441655;14302006001;1;2021-08-21 00:05:00;12;False
DO_0000441655;14621069001;萬家香香菇素蠔油600g;1;21/08/2021 00:05;49.0;49.0;DO_0000441655;14621069001;1;2021-08-21 00:05:00;46;False
DO_0000441655;14832909001;新宜興五香黃花魚100g;3;21/08/2021 00:05;41.0;123.0;DO_0000441655;14832909001;3;2021-08-21 00:05:00;6;False
DO_0000441924;14011004001;多力多滋派對分享包黃金起司;12;21/08/2021 00:50;56.0;672.0;DO_0000441924;14011004001;12;2021-08-21 00:50:00;9;True
DO_0000441656;14001014001;家福麥味蘇打140g;1;21/08/2021 02:01;29.0;29.0;DO_0000441656;14001014001;1;2021-08-21 02:01:00;-1;False
DO_0000441656;14110010001;家福杏仁派;1;21/08/2021 02:01;52.0;52.0;DO_0000441656;14110010001;1;2021-08-21 02:01:00;10;False
DO_0000441656;14110145001;家樂福雙餡麻糬-紅豆奶香風味;2;21/08/2021 02:01;9.166666666666666;18.333333;DO_0000441656;14110145001;2;2021-08-21 02:01:00;2;False
DO_0000441656;14130001001;家福檸檬夾心酥;1;21/08/2021 02:01;80.0;80.0;DO_0000441656;14130001001;1;2021-08-21 02:01:00;21;False
DO_0000441656;14131040001;家福香芋夾心酥;1;21/08/2021 02:01;80.0;80.0;DO_0000441656;14131040001;1;2021-08-21 02:01:00;15;False
DO_0000441656;14830048001;遠洋牌鮪魚抹醬 110g;6;21/08/2021 02:01;35.666666666666664;214.0;DO_0000441656;14830048001;6;2021-08-21 02:01:00;15;False
DO_0000441656;14833078001;青葉嚕肉飯料150G;6;21/08/2021 02:01;48.0;288.0;DO_0000441656;14833078001;6;2021-08-21 02:01:00;3;True
DO_0000441656;14840018001;青葉Q彈花生麵筋 170G;6;21/08/2021 02:01;26.0;156.0;DO_0000441656;14840018001;6;2021-08-21 02:01:00;54;False
DO_0000429986;14203078001;北海鱈魚香絲(寬條);1;21/08/2021 03:08;116.0;116.0;DO_0000429986;14203078001;1;2021-08-21 03:08:00;19;False
DO_0000429986;14244050001;萬歲牌杏仁小魚罐裝270g;4;21/08/2021 03:08;129.0;516.0;DO_0000429986;14244050001;4;2021-08-21 03:08:00;6;False
DO_0000429986;14302006001;天仁綠茶粉;1;21/08/2021 03:08;200.0;200.0;DO_0000429986;14302006001;1;2021-08-21 03:08:00;12;False
DO_0000429986;14303021001;摩卡厚實茶道抹茶拿鐵;3;21/08/2021 03:08;11.2;33.6;DO_0000429986;14303021001;3;2021-08-21 03:08:00;1;True
DO_0000429986;14510139001;台東關山好米(圓二)9kg;2;21/08/2021 03:08;549.0;1098.0;DO_0000429986;14510139001;2;2021-08-21 03:08:00;26;False
DO_0000420753;11103027001;水晶肥皂液体補充包;3;21/08/2021 03:20;129.0;387.0;DO_0000420753;11103027001;3;2021-08-21 03:20:00;13;False
DO_0000420753;12201024001;家樂福超值連續抽取式花紋衛生紙輕巧包;20;21/08/2021 03:20;9.75;195.0;DO_0000420753;12201024001;20;2021-08-21 03:20:00;560;False
DO_0000420753;12201105001;家樂福抽取式衛生紙-FSC 110x24;1;21/08/2021 03:20;10.375;10.375;DO_0000420753;12201105001;1;2021-08-21 03:20:00;77;False
DO_0000420753;12201153001;五月花舒敏厚棒抽取式衛生紙86抽4包;1;21/08/2021 03:20;19.7;19.7;DO_0000420753;12201153001;1;2021-08-21 03:20:00;203;False
DO_0000420753;12202039001;家樂福環保捲筒衛生紙;4;21/08/2021 03:20;7.5;30.0;DO_0000420753;12202039001;4;2021-08-21 03:20:00;18;False
DO_0000420753;12202039001;家樂福環保捲筒衛生紙;2;21/08/2021 03:20;7.5;15.0;DO_0000420753;12202039001;2;2021-08-21 03:20:00;18;False
DO_0000420753;14223065001;良澔-白棉棉特大棉花糖;2;21/08/2021 03:20;59.0;118.0;DO_0000420753;14223065001;2;2021-08-21 03:20:00;1;True
DO_0000442454;11021013001;魔術靈廚房清潔劑--桶裝;3;21/08/2021 04:10;199.0;597.0;DO_0000442454;11021013001;3;2021-08-21 04:10:00;2;True
DO_0000437199;12234901001;幫寶適超薄乾爽紙尿褲XL;1;21/08/2021 04:23;324.75;324.75;DO_0000437199;12234901001;1;2021-08-21 04:23:00;5;False
DO_0000437199;12234915001;幫寶適超薄乾爽拉拉褲XL號;2;21/08/2021 04:23;399.0;798.0;DO_0000437199;12234915001;2;2021-08-21 04:23:00;1;True
DO_0000437199;12234934001;幫寶適一級幫拉拉褲XL;1;21/08/2021 04:23;1299.0;1299.0;DO_0000437199;12234934001;1;2021-08-21 04:23:00;-1;False
DO_0000430644;14510139001;台東關山好米(圓二)9kg;2;21/08/2021 07:54;549.0;1098.0;DO_0000430644;14510139001;2;2021-08-21 07:54:00;26;False
DO_0000430644;14512916001;馬玉山五榖米 3Kg;5;21/08/2021 07:54;284.0;1420.0;DO_0000430644;14512916001;5;2021-08-21 07:54:00;3;True
DO_0000436320;12111030001;舒適水次元5刮鬍刀片;2;21/08/2021 07:55;509.0;1018.0;DO_0000436320;12111030001;2;2021-08-21 07:55:00;1;True
DO_0000436320;12212056001;沙威隆清爽潔膚抗菌濕巾;1;21/08/2021 07:55;24.75;24.75;DO_0000436320;12212056001;1;2021-08-21 07:55:00;3;False
DO_0000436320;12220013001;五月花妙用廚房紙巾;1;21/08/2021 07:55;16.5;16.5;DO_0000436320;12220013001;1;2021-08-21 07:55:00;22;False
DO_0000436320;14131092001;新貴派大格酥焙烤花生324g;1;21/08/2021 07:55;107.0;107.0;DO_0000436320;14131092001;1;2021-08-21 07:55:00;24;False
DO_0000438076;12120085001;愛康超透氣衛生棉護墊4入組;2;21/08/2021 07:56;189.0;378.0;DO_0000438076;12120085001;2;2021-08-21 07:56:00;1;True
DO_0000391313;11100005001;妙管家強效洗衣粉;1;21/08/2021 08:21;119.0;119.0;DO_0000391313;11100005001;1;2021-08-21 08:21:00;4;False
DO_0000391313;11111017001;超值漂白水5000克;2;21/08/2021 08:21;86.0;172.0;DO_0000391313;11111017001;2;2021-08-21 08:21:00;28;False
DO_0000391313;12000059001;超值玫瑰洗髮乳;1;21/08/2021 08:21;560.0;560.0;DO_0000391313;12000059001;1;2021-08-21 08:21:00;27;False
DO_0000391313;12000101001;超值薄荷洗髮乳;2;21/08/2021 08:21;215.0;430.0;DO_0000391313;12000101001;2;2021-08-21 08:21:00;1;True
DO_0000391313;12011033001;超值薰衣草沐浴乳;2;21/08/2021 08:21;24.75;49.5;DO_0000391313;12011033001;2;2021-08-21 08:21:00;54;False
DO_0000391313;12011168001;超值玫瑰沐浴乳;2;21/08/2021 08:21;24.666666666666668;49.333333;DO_0000391313;12011168001;2;2021-08-21 08:21:00;19;False
DO_0000430571;12121066001;康乃韾清涼棉一般流量14片2入;12;21/08/2021 08:23;59.0;708.0;DO_0000430571;12121066001;12;2021-08-21 08:23:00;2;True
DO_0000430571;12123015001;蘇菲超熟睡褲型衛生棉L2片;6;21/08/2021 08:23;99.0;594.0;DO_0000430571;12123015001;6;2021-08-21 08:23:00;12;False
DO_0000435008;11110029001;白鴿衣物柔軟精花香補充包;1;21/08/2021 08:23;65.0;65.0;DO_0000435008;11110029001;1;2021-08-21 08:23:00;4;False
DO_0000435008;12011291001;美琪抗菌沐浴乳(茶樹) 美琪沐浴乳茶樹;2;21/08/2021 08:23;129.0;258.0;DO_0000435008;12011291001;2;2021-08-21 08:23:00;1;True
DO_0000435502;11073902001;雷達液體電蚊香無味重裝4入;2;21/08/2021 08:24;93.5;187.0;DO_0000435502;11073902001;2;2021-08-21 08:24:00;10;False
DO_0000435502;14226035001;Airwaves Super口香糖極酷薄荷;12;21/08/2021 08:24;73.0;876.0;DO_0000435502;14226035001;12;2021-08-21 08:24:00;5;True
DO_0000436429;12101016001;三詩達巧虎兒童牙膏-草莓 巧虎兒童牙膏;2;21/08/2021 08:25;118.0;236.0;DO_0000436429;12101016001;2;2021-08-21 08:25:00;1;True
DO_0000436429;12201068001;舒潔絲柔乳液抽取衛生紙超值包;1;21/08/2021 08:25;13.3;13.3;DO_0000436429;12201068001;1;2021-08-21 08:25:00;28;False
DO_0000436429;12212035001;家福嬰兒潔膚濕巾量販包-粉藍;2;21/08/2021 08:25;37.25;74.5;DO_0000436429;12212035001;2;2021-08-21 08:25:00;6;False
DO_0000436429;12212037001;家福嬰兒潔膚濕巾(便利包);3;21/08/2021 08:25;9.666666666666666;29.0;DO_0000436429;12212037001;3;2021-08-21 08:25:00;6;False
DO_0000436429;14003029001;海太加鈣營養餅乾;2;21/08/2021 08:25;61.0;122.0;DO_0000436429;14003029001;2;2021-08-21 08:25:00;71;False
DO_0000436429;14020053001;品客原味洋芋片;1;21/08/2021 08:25;58.0;58.0;DO_0000436429;14020053001;1;2021-08-21 08:25:00;63;False
DO_0000436429;14620070001;金蘭陳年醬油 500ml;1;21/08/2021 08:25;65.0;65.0;DO_0000436429;14620070001;1;2021-08-21 08:25:00;13;False
DO_0000441752;11021018001;新-廚房魔術靈噴槍;1;21/08/2021 08:28;69.0;69.0;DO_0000441752;11021018001;1;2021-08-21 08:28:00;1;False
DO_0000441752;11021018001;新-廚房魔術靈噴槍;7;21/08/2021 08:28;69.0;483.0;DO_0000441752;11021018001;7;2021-08-21 08:28:00;1;True
DO_0000441752;11021029001;新-廚房魔術靈經濟瓶2入裝;7;21/08/2021 08:28;47.5;332.5;DO_0000441752;11021029001;7;2021-08-21 08:28:00;6;True
DO_0000441752;11022007001;魔術靈浴室經濟瓶舒適檸檬2入;5;21/08/2021 08:28;47.5;237.5;DO_0000441752;11022007001;5;2021-08-21 08:28:00;8;False
DO_0000441752;11023010001;碧麗珠-檸檬;5;21/08/2021 08:28;99.0;495.0;DO_0000441752;11023010001;5;2021-08-21 08:28:00;18;False
DO_0000441752;11023015001;碧麗珠-百花清香;3;21/08/2021 08:28;99.0;297.0;DO_0000441752;11023015001;3;2021-08-21 08:28:00;-1;False
DO_0000441752;11032028001;克潮靈櫥櫃專用除濕劑-玫瑰;1;21/08/2021 08:28;24.5;24.5;DO_0000441752;11032028001;1;2021-08-21 08:28:00;6;False
DO_0000441752;11032028001;克潮靈櫥櫃專用除濕劑-玫瑰;2;21/08/2021 08:28;24.5;49.0;DO_0000441752;11032028001;2;2021-08-21 08:28:00;6;False
DO_0000441752;11040006001;潔霜芳香浴廁清潔劑--檸檬;6;21/08/2021 08:28;35.0;210.0;DO_0000441752;11040006001;6;2021-08-21 08:28:00;23;False
DO_0000441752;11050011001;沙拉脫;6;21/08/2021 08:28;58.0;348.0;DO_0000441752;11050011001;6;2021-08-21 08:28:00;47;False
DO_0000441752;11050025001;泡舒洗潔精-綠茶;10;21/08/2021 08:28;185.0;1850.0;DO_0000441752;11050025001;10;2021-08-21 08:28:00;17;False
DO_0000441752;11070011001;雷達雙效殺蟲劑;6;21/08/2021 08:28;69.0;414.0;DO_0000441752;11070011001;6;2021-08-21 08:28:00;12;False
DO_0000441752;11071001001;威滅滅蟑隊;5;21/08/2021 08:28;17.333333333333332;86.666667;DO_0000441752;11071001001;5;2021-08-21 08:28:00;12;False
DO_0000441752;11071004001;威滅滅蟻隊;5;21/08/2021 08:28;17.333333333333332;86.666667;DO_0000441752;11071004001;5;2021-08-21 08:28:00;16;False
DO_0000441752;11072001001;滅飛新蚊香經濟包60卷;10;21/08/2021 08:28;85.0;850.0;DO_0000441752;11072001001;10;2021-08-21 08:28:00;30;False
DO_0000441752;11072011001;新鱷魚蚊香-優30卷鐵罐;5;21/08/2021 08:28;69.0;345.0;DO_0000441752;11072011001;5;2021-08-21 08:28:00;-1;False
DO_0000441752;11100001001;妙管家活氧洗衣粉4.5Kg;2;21/08/2021 08:28;119.0;238.0;DO_0000441752;11100001001;2;2021-08-21 08:28:00;31;False
DO_0000441752;11103015001;白鴿防霉洗衣精補充包;3;21/08/2021 08:28;99.0;297.0;DO_0000441752;11103015001;3;2021-08-21 08:28:00;26;False
DO_0000441752;11103070001;白鴿防蹣洗衣精補充包;3;21/08/2021 08:28;97.0;291.0;DO_0000441752;11103070001;3;2021-08-21 08:28:00;43;False
DO_0000441752;11103375001;白鴿迷人小蒼蘭香氛抗菌洗衣精補充包;3;21/08/2021 08:28;97.0;291.0;DO_0000441752;11103375001;3;2021-08-21 08:28:00;16;False
DO_0000441752;31425009001;楓康吳羽保鮮膜量販包30cm*60m;6;21/08/2021 08:28;154.0;924.0;DO_0000441752;31425009001;6;2021-08-21 08:28:00;34;False
DO_0000441752;31567018001;無塵氏檸檬柑橘擦拭拖地兩用布;6;21/08/2021 08:28;69.0;414.0;DO_0000441752;31567018001;6;2021-08-21 08:28:00;34;False
DO_0000441752;31567025001;無塵氏薰衣草擦拭拖地兩用布;6;21/08/2021 08:28;69.0;414.0;DO_0000441752;31567025001;6;2021-08-21 08:28:00;26;False
DO_0000441752;31567031001;無塵氏茶樹抗菌擦拭拖地兩用布;6;21/08/2021 08:28;69.0;414.0;DO_0000441752;31567031001;6;2021-08-21 08:28:00;52;False
DO_0000441815;12000129001;麗仕柔亮修護洗髮乳 麗仕修護洗髮乳;2;21/08/2021 08:29;189.0;378.0;DO_0000441815;12000129001;2;2021-08-21 08:29:00;1;True
DO_0000441815;12002105001;麗仕柔亮直順潤髮乳 麗仕直順潤髮乳;2;21/08/2021 08:29;189.0;378.0;DO_0000441815;12002105001;2;2021-08-21 08:29:00;1;True
DO_0000441815;12210021001;柔情200盒裝面紙;5;21/08/2021 08:29;27.6;138.0;DO_0000441815;12210021001;5;2021-08-21 08:29:00;5;False
DO_0000441815;12212035001;家福嬰兒潔膚濕巾量販包-粉藍;1;21/08/2021 08:29;37.25;37.25;DO_0000441815;12212035001;1;2021-08-21 08:29:00;6;False
DO_0000441815;12220003001;家福超值廚房紙抹布;1;21/08/2021 08:29;13.666666666666666;13.666667;DO_0000441815;12220003001;1;2021-08-21 08:29:00;48;False
DO_0000441851;10030048001;原萃木柵鐵觀音 580ml;4;21/08/2021 08:30;19.5;78.0;DO_0000441851;10030048001;4;2021-08-21 08:30:00;484;False
DO_0000441851;10031033001;原萃錫蘭無糖紅茶580ml;4;21/08/2021 08:30;19.5;78.0;DO_0000441851;10031033001;4;2021-08-21 08:30:00;400;False
DO_0000441851;14001003001;海太天然酵母蘇打餅;4;21/08/2021 08:30;79.0;316.0;DO_0000441851;14001003001;4;2021-08-21 08:30:00;8;False
DO_0000441851;14014006001;華元大吉利超值包;4;21/08/2021 08:30;55.0;220.0;DO_0000441851;14014006001;4;2021-08-21 08:30:00;312;False
DO_0000441851;14133003001;義美蛋捲量販盒-原味;4;21/08/2021 08:30;1125.0;4500.0;DO_0000441851;14133003001;4;2021-08-21 08:30:00;57;False
DO_0000441851;14204118001;元本山朝鮮海苔湖鹽風味;4;21/08/2021 08:30;89.0;356.0;DO_0000441851;14204118001;4;2021-08-21 08:30:00;3;True
DO_0000441851;14360022001;阿華田營養麥芽飲品 1150g;1;21/08/2021 08:30;349.0;349.0;DO_0000441851;14360022001;1;2021-08-21 08:30:00;8;False
DO_0000441851;14360045001;雀巢美祿經典原味袋裝;4;21/08/2021 08:30;8.642857142857142;34.571429;DO_0000441851;14360045001;4;2021-08-21 08:30:00;21;False
DO_0000441851;14501928001;真爽蔥辣牛肉風味麵75g;5;21/08/2021 08:30;13.8;69.0;DO_0000441851;14501928001;5;2021-08-21 08:30:00;100;False
DO_0000441851;14503000001;統一鮮蝦麵(包) 83g;5;21/08/2021 08:30;15.6;78.0;DO_0000441851;14503000001;5;2021-08-21 08:30:00;415;False
DO_0000441851;14504001001;隨緣鮮蔬百匯麵(袋) 80g;5;21/08/2021 08:30;15.4;77.0;DO_0000441851;14504001001;5;2021-08-21 08:30:00;135;False
DO_0000441851;14506002001;農心爽口海鮮烏龍麵超值包120g x5;1;21/08/2021 08:30;33.6;33.6;DO_0000441851;14506002001;1;2021-08-21 08:30:00;13;False
DO_0000441851;14820001001;金蘭脆瓜396g;4;21/08/2021 08:30;56.0;224.0;DO_0000441851;14820001001;4;2021-08-21 08:30:00;4;False
DO_0000441851;14822021001;御膳食堂剝皮辣椒 380g;4;21/08/2021 08:30;75.0;300.0;DO_0000441851;14822021001;4;2021-08-21 08:30:00;5;False
DO_0000441851;14830009001;紅鷹牌海底雞170g;3;21/08/2021 08:30;62.66666666666666;188.0;DO_0000441851;14830009001;3;2021-08-21 08:30:00;129;False
DO_0000441851;14830011001;遠洋鮪魚片 185g;3;21/08/2021 08:30;49.66666666666666;149.0;DO_0000441851;14830011001;3;2021-08-21 08:30:00;24;False
DO_0000441851;14831021001;遠洋牌紅燒鰻100g;3;21/08/2021 08:30;36.66666666666666;110.0;DO_0000441851;14831021001;3;2021-08-21 08:30:00;96;False
DO_0000441845;10033004001;原萃日式綠茶580ml;4;21/08/2021 08:35;19.5;78.0;DO_0000441845;10033004001;4;2021-08-21 08:35:00;920;False
DO_0000441845;12121103001;蘇菲極淨肌原生棉極薄0.1潔翼23cm;6;21/08/2021 08:35;46.0;276.0;DO_0000441845;12121103001;6;2021-08-21 08:35:00;3;True
DO_0000441845;12123042001;蘇菲超熟睡超薄乾爽瞬吸28公分;6;21/08/2021 08:35;145.0;870.0;DO_0000441845;12123042001;6;2021-08-21 08:35:00;21;False
DO_0000442781;14304001001;天仁麥茶(免濾包);6;21/08/2021 09:43;6.166666666666667;37.0;DO_0000442781;14304001001;6;2021-08-21 09:43:00;3;True
DO_0000442781;14510101001;天生好米花蓮富里特級米(圓二)9Kg;2;21/08/2021 09:43;539.0;1078.0;DO_0000442781;14510101001;2;2021-08-21 09:43:00;8;False
DO_0000442781;14511051001;皇家榖堡莊園黑米1kg;2;21/08/2021 09:43;198.0;396.0;DO_0000442781;14511051001;2;2021-08-21 09:43:00;36;False
DO_0000442781;14511052001;皇家榖堡莊園紫米1kg;2;21/08/2021 09:43;198.0;396.0;DO_0000442781;14511052001;2;2021-08-21 09:43:00;26;False
DO_0000442781;14602087001;真好家黑胡椒粗粒(罐)275g;1;21/08/2021 09:43;233.0;233.0;DO_0000442781;14602087001;1;2021-08-21 09:43:00;-1;False
DO_0000443227;14615011001;福壽香油 2400ml;6;21/08/2021 10:16;336.0;2016.0;DO_0000443227;14615011001;6;2021-08-21 10:16:00;3;True
DO_0000444502;10033013001;每朝健康綠茶無糖650ml;12;21/08/2021 10:25;28.75;345.0;DO_0000444502;10033013001;12;2021-08-21 10:25:00;508;False
DO_0000444502;15022019001;台農牛乳麥芽保久乳飲品200ml;12;21/08/2021 10:25;11.166666666666666;134.0;DO_0000444502;15022019001;12;2021-08-21 10:25:00;6;True
DO_0000444931;11103086002;毛寶天然植萃PM2.5洗衣精-補充包;2;21/08/2021 10:37;99.0;198.0;DO_0000444931;11103086002;2;2021-08-21 10:37:00;1;True
DO_0000444931;11103086002;毛寶天然植萃PM2.5洗衣精-補充包;4;21/08/2021 10:37;99.0;396.0;DO_0000444931;11103086002;4;2021-08-21 10:37:00;1;True
DO_0000444931;12001004001;海倫仙度絲去屑止癢呵護洗髮乳;1;21/08/2021 10:37;249.0;249.0;DO_0000444931;12001004001;1;2021-08-21 10:37:00;4;False
DO_0000444931;12020437001;露得清深層淨化保濕洗面乳;5;21/08/2021 10:37;109.0;545.0;DO_0000444931;12020437001;5;2021-08-21 10:37:00;2;True
DO_0000444931;12020920001;Biore深層卸油 深層卸油;3;21/08/2021 10:37;199.0;597.0;DO_0000444931;12020920001;3;2021-08-21 10:37:00;4;False
DO_0000445318;14021017001;卡迪那德州薯條量販包;1;21/08/2021 11:28;18.5;18.5;DO_0000445318;14021017001;1;2021-08-21 11:28:00;65;False
DO_0000445318;14100027001;原味巡禮煎餅捲-海苔;1;21/08/2021 11:28;59.0;59.0;DO_0000445318;14100027001;1;2021-08-21 11:28:00;6;False
DO_0000445318;14204054001;元本山味付對切海苔;2;21/08/2021 11:28;89.0;178.0;DO_0000445318;14204054001;2;2021-08-21 11:28:00;21;False
DO_0000445318;14204126001;橘平海苔三明治-芝麻杏仁;1;21/08/2021 11:28;89.0;89.0;DO_0000445318;14204126001;1;2021-08-21 11:28:00;16;False
DO_0000445318;14506067001;好勁道-千羽拉麵320g;2;21/08/2021 11:28;27.0;54.0;DO_0000445318;14506067001;2;2021-08-21 11:28:00;49;False
DO_0000445318;32470025001;3M利貼可再貼便條紙3*3混色;2;21/08/2021 11:28;119.0;238.0;DO_0000445318;32470025001;2;2021-08-21 11:28:00;1;True
DO_0000445472;11050078001;Pril淨麗小蘇打洗碗精補充草本;1;21/08/2021 15:12;149.0;149.0;DO_0000445472;11050078001;1;2021-08-21 15:12:00;3;False
DO_0000445472;12201153001;五月花舒敏厚棒抽取式衛生紙86抽4包;1;21/08/2021 15:12;19.7;19.7;DO_0000445472;12201153001;1;2021-08-21 15:12:00;203;False
DO_0000445472;12211016001;舒潔迪士尼袖珍包面紙;2;21/08/2021 15:12;3.2666666666666666;6.533333;DO_0000445472;12211016001;2;2021-08-21 15:12:00;1;True
DO_0000445472;14850036001;寶多福美食犬餐-牛肉口味3.5kg;1;21/08/2021 15:12;209.0;209.0;DO_0000445472;14850036001;1;2021-08-21 15:12:00;-1;False
DO_0000446304;12301027001;家樂福塑軸棉花棒;24;21/08/2021 15:12;29.0;696.0;DO_0000446304;12301027001;24;2021-08-21 15:12:00;18;True
DO_0000446304;31466156001;OP無雙酚A萬用烘焙紙8M;2;21/08/2021 15:12;85.0;170.0;DO_0000446304;31466156001;2;2021-08-21 15:12:00;10;False
DO_0000445487;12011088001;蜜妮高彈潤沐浴慕絲-優雅花香 優雅花香;1;21/08/2021 15:14;219.0;219.0;DO_0000445487;12011088001;1;2021-08-21 15:14:00;1;False
DO_0000445487;12011373001;上山採藥冷泉玉露清新沐浴露;2;21/08/2021 15:14;175.0;350.0;DO_0000445487;12011373001;2;2021-08-21 15:14:00;1;True
DO_0000445487;12201065001;蒲公英環保抽取衛生紙;12;21/08/2021 15:14;10.416666666666666;125.0;DO_0000445487;12201065001;12;2021-08-21 15:14:00;564;False
DO_0000445700;11100007001;妙管家活氧洗衣粉;6;21/08/2021 15:25;119.0;714.0;DO_0000445700;11100007001;6;2021-08-21 15:25:00;1;True
DO_0000445346;10000023001;百事可樂 - 600ml;20;21/08/2021 15:30;24.75;495.0;DO_0000445346;10000023001;20;2021-08-21 15:30:00;12;True
DO_0000445346;10000023001;百事可樂 - 600ml;4;21/08/2021 15:30;24.75;99.0;DO_0000445346;10000023001;4;2021-08-21 15:30:00;12;False
DO_0000446080;11032008001;家福除濕桶補充包- 紫羅蘭香;36;21/08/2021 15:31;14.0;504.0;DO_0000446080;11032008001;36;2021-08-21 15:31:00;30;True
DO_0000445658;11100007001;妙管家活氧洗衣粉;6;21/08/2021 15:32;119.0;714.0;DO_0000445658;11100007001;6;2021-08-21 15:32:00;1;True
DO_0000445450;11100007001;妙管家活氧洗衣粉;6;21/08/2021 15:35;119.0;714.0;DO_0000445450;11100007001;6;2021-08-21 15:35:00;1;True
DO_0000445443;11100007001;妙管家活氧洗衣粉;6;21/08/2021 15:37;119.0;714.0;DO_0000445443;11100007001;6;2021-08-21 15:37:00;1;True
DO_0000430618;10001006001;雪碧汽水330ml;12;21/08/2021 16:23;13.833333333333334;166.0;DO_0000430618;10001006001;12;2021-08-21 16:23:00;630;False
DO_0000430618;10002005001;蘋果西打330ml;12;21/08/2021 16:23;15.833333333333334;190.0;DO_0000430618;10002005001;12;2021-08-21 16:23:00;498;False
DO_0000430618;10002018001;黑松沙士330ml;12;21/08/2021 16:23;13.833333333333334;166.0;DO_0000430618;10002018001;12;2021-08-21 16:23:00;1104;False
DO_0000430618;12021028001;雪芙蘭保濕化妝水;2;21/08/2021 16:23;99.0;198.0;DO_0000430618;12021028001;2;2021-08-21 16:23:00;1;True
DO_0000430618;12022062001;雪芙蘭保濕水乳液 雪芙蘭保濕乳液;1;21/08/2021 16:23;129.0;129.0;DO_0000430618;12022062001;1;2021-08-21 16:23:00;-1;False
DO_0000430618;12201084001;家樂福優質抽取式衛生紙;2;21/08/2021 16:23;12.833333333333334;25.666667;DO_0000430618;12201084001;2;2021-08-21 16:23:00;67;False
DO_0000430618;14610002001;台糖大豆沙拉油2L;1;21/08/2021 16:23;128.0;128.0;DO_0000430618;14610002001;1;2021-08-21 16:23:00;42;False
DO_0000444023;12002106001;麗仕柔亮絲滑潤髮乳 麗仕絲滑潤髮乳;3;21/08/2021 16:23;189.0;567.0;DO_0000444023;12002106001;3;2021-08-21 16:23:00;1;True
DO_0000444023;12201105001;家樂福抽取式衛生紙-FSC 110x24;2;21/08/2021 16:23;10.375;20.75;DO_0000444023;12201105001;2;2021-08-21 16:23:00;77;False
DO_0000444023;12210018001;家福超值盒裝面紙;10;21/08/2021 16:23;9.375;93.75;DO_0000444023;12210018001;10;2021-08-21 16:23:00;190;False
DO_0000441954;10052015001;百家珍梅子醋600ml;1;21/08/2021 16:24;105.0;105.0;DO_0000441954;10052015001;1;2021-08-21 16:24:00;2;False
DO_0000441954;14511051001;皇家榖堡莊園黑米1kg;4;21/08/2021 16:24;198.0;792.0;DO_0000441954;14511051001;4;2021-08-21 16:24:00;36;False
DO_0000441954;14620178001;萬家香零添加純釀醬油;2;21/08/2021 16:24;89.0;178.0;DO_0000441954;14620178001;2;2021-08-21 16:24:00;1;True
DO_0000441954;14632058001;KEWPIE深煎胡麻醬;1;21/08/2021 16:24;270.0;270.0;DO_0000441954;14632058001;1;2021-08-21 16:24:00;6;False
DO_0000441887;31675052001;純白牛奶附蓋收納盒-圓角4號;4;21/08/2021 17:38;99.0;396.0;DO_0000441887;31675052001;4;2021-08-21 17:38:00;2;True
DO_0000446955;14616038001;工研陳年醋 600ml;12;21/08/2021 17:46;60.0;720.0;DO_0000446955;14616038001;12;2021-08-21 17:46:00;8;True
DO_0000446970;15020007001;倍瑞100％全脂牛奶1000ml;10;21/08/2021 17:46;99.0;990.0;DO_0000446970;15020007001;10;2021-08-21 17:46:00;2;True
DO_0000446970;15020007001;倍瑞100％全脂牛奶1000ml;2;21/08/2021 17:46;99.0;198.0;DO_0000446970;15020007001;2;2021-08-21 17:46:00;2;False
DO_0000443009;31822063001;美背三層空櫥;4;21/08/2021 17:47;335.0;1340.0;DO_0000443009;31822063001;4;2021-08-21 17:47:00;2;True
DO_0000443025;31822063001;美背三層空櫥;4;21/08/2021 17:47;335.0;1340.0;DO_0000443025;31822063001;4;2021-08-21 17:47:00;2;True
DO_0000443126;31822063001;美背三層空櫥;4;21/08/2021 17:47;335.0;1340.0;DO_0000443126;31822063001;4;2021-08-21 17:47:00;2;True
DO_0000443134;31822063001;美背三層空櫥;4;21/08/2021 17:47;335.0;1340.0;DO_0000443134;31822063001;4;2021-08-21 17:47:00;2;True
DO_0000446896;14615114001;泰山玄米油600ml;12;21/08/2021 19:21;99.0;1188.0;DO_0000446896;14615114001;12;2021-08-21 19:21:00;2;True
DO_0000436243;14110106001;Custard Cake-蛋黃派(卡士達口味蛋糕);6;21/08/2021 21:51;99.0;594.0;DO_0000436243;14110106001;6;2021-08-21 21:51:00;66;False
DO_0000436243;14110154001;盛香珍法式奶油千層酥;6;21/08/2021 21:51;99.0;594.0;DO_0000436243;14110154001;6;2021-08-21 21:51:00;16;False
DO_0000436243;14111134001;福味手工麻花捲(原味);6;21/08/2021 21:51;75.0;450.0;DO_0000436243;14111134001;6;2021-08-21 21:51:00;34;False
DO_0000436243;14370020001;台糖貳號砂糖500克;6;21/08/2021 21:51;18.0;108.0;DO_0000436243;14370020001;6;2021-08-21 21:51:00;112;False
DO_0000436243;14506049001;好勁道-寬版大麵300g;2;21/08/2021 21:51;26.0;52.0;DO_0000436243;14506049001;2;2021-08-21 21:51:00;10;False
DO_0000436243;14506067001;好勁道-千羽拉麵320g;2;21/08/2021 21:51;27.0;54.0;DO_0000436243;14506067001;2;2021-08-21 21:51:00;49;False
DO_0000436243;14506072001;好勁道-月見雞蛋麵300g;2;21/08/2021 21:51;26.0;52.0;DO_0000436243;14506072001;2;2021-08-21 21:51:00;33;False
DO_0000436243;14506150001;譽方媽媽 關廟麵1200g;2;21/08/2021 21:51;105.0;210.0;DO_0000436243;14506150001;2;2021-08-21 21:51:00;6;False
DO_0000436243;14506164001;譽方媽媽 關廟細麵1200g;2;21/08/2021 21:51;129.0;258.0;DO_0000436243;14506164001;2;2021-08-21 21:51:00;5;False
DO_0000436243;14506173001;金雞牌關廟麵 1200g;2;21/08/2021 21:51;125.0;250.0;DO_0000436243;14506173001;2;2021-08-21 21:51:00;3;False
DO_0000436243;14601073001;味全高鮮香菇鮮味調味料 320g;6;21/08/2021 21:51;81.0;486.0;DO_0000436243;14601073001;6;2021-08-21 21:51:00;2;True
DO_0000436243;14613899001;家福芥花油;2;21/08/2021 21:51;232.0;464.0;DO_0000436243;14613899001;2;2021-08-21 21:51:00;3;False
DO_0000436243;14820028001;大茂三寶組合罐 170g;9;21/08/2021 21:51;26.33333333333333;237.0;DO_0000436243;14820028001;9;2021-08-21 21:51:00;213;False
DO_0000436243;14822063001;大茂金三寶(組合) 170g;9;21/08/2021 21:51;26.33333333333333;237.0;DO_0000436243;14822063001;9;2021-08-21 21:51:00;105;False
DO_0000438002;31500008001;環保生活家清潔袋(小);2;21/08/2021 21:51;49.0;98.0;DO_0000438002;31500008001;2;2021-08-21 21:51:00;1;True
DO_0000442000;10010009001;波蜜BCE果菜汁Pet580ml;8;21/08/2021 21:51;21.25;170.0;DO_0000442000;10010009001;8;2021-08-21 21:51:00;36;False
DO_0000442000;10021010001;寶礦力水得(低卡)Pet 580ml;8;21/08/2021 21:51;19.75;158.0;DO_0000442000;10021010001;8;2021-08-21 21:51:00;80;False
DO_0000442000;10032015001;麥香阿薩姆奶茶Pet600ml;4;21/08/2021 21:51;19.5;78.0;DO_0000442000;10032015001;4;2021-08-21 21:51:00;132;False
DO_0000442000;14014014001;百事享樂包;1;21/08/2021 21:51;66.0;66.0;DO_0000442000;14014014001;1;2021-08-21 21:51:00;182;False
DO_0000442000;14210019001;台灣愛文芒果乾;2;21/08/2021 21:51;160.0;320.0;DO_0000442000;14210019001;2;2021-08-21 21:51:00;1;True
DO_0000442000;14805016001;泰山花生仁湯 320g;6;21/08/2021 21:51;24.666666666666668;148.0;DO_0000442000;14805016001;6;2021-08-21 21:51:00;438;False
DO_0000442052;11040009001;潔霜芳香浴廁清潔劑綠茶馨香;4;21/08/2021 21:51;35.0;140.0;DO_0000442052;11040009001;4;2021-08-21 21:51:00;24;False
DO_0000442052;11050002001;毛寶洗碗精-擠壓瓶;2;21/08/2021 21:51;72.0;144.0;DO_0000442052;11050002001;2;2021-08-21 21:51:00;4;False
DO_0000442052;11070029001;雷達快速蟑螂螞蟻藥柑橘精油;1;21/08/2021 21:51;99.0;99.0;DO_0000442052;11070029001;1;2021-08-21 21:51:00;6;False
DO_0000442052;12152004001;嬌生嬰兒潤膚油 (清爽配方) 嬌生嬰兒潤膚油;2;21/08/2021 21:51;239.0;478.0;DO_0000442052;12152004001;2;2021-08-21 21:51:00;1;True
DO_0000442052;12201043001;春風抽取衛生紙;20;21/08/2021 21:51;12.458333333333334;249.166667;DO_0000442052;12201043001;20;2021-08-21 21:51:00;810;False
DO_0000442052;30001907001;金頂3號 AA 18粒裝;1;21/08/2021 21:51;289.0;289.0;DO_0000442052;30001907001;1;2021-08-21 21:51:00;9;False
DO_0000442150;12120063001;靠得住健康抑菌護墊標準型;8;21/08/2021 21:51;49.5;396.0;DO_0000442150;12120063001;8;2021-08-21 21:51:00;28;False
DO_0000442150;14620103001;高慶泉泰安醬油410ml;6;21/08/2021 21:51;102.0;612.0;DO_0000442150;14620103001;6;2021-08-21 21:51:00;2;True
DO_0000442150;14621005001;高慶泉泰安醬油膏410ml;2;21/08/2021 21:51;102.0;204.0;DO_0000442150;14621005001;2;2021-08-21 21:51:00;16;False
DO_0000442150;31533008001;檸檬酸500g;4;21/08/2021 21:51;99.0;396.0;DO_0000442150;31533008001;4;2021-08-21 21:51:00;22;False
DO_0000430768;12201098001;倍潔雅柔軟舒適抽取衛生紙;28;21/08/2021 23:51;13.714285714285714;384.0;DO_0000430768;12201098001;28;2021-08-21 23:51:00;154;False
DO_0000430768;14301030001;天仁茗賞-茶王;2;21/08/2021 23:51;999.0;1998.0;DO_0000430768;14301030001;2;2021-08-21 23:51:00;1;True
DO_0000423439;11022058001;妙管家中性浴廁清潔劑玫瑰花香;2;21/08/2021 23:53;39.0;78.0;DO_0000423439;11022058001;2;2021-08-21 23:53:00;1;True
DO_0000423439;11022059001;妙管家中性浴廁清潔劑香水百合;2;21/08/2021 23:53;39.0;78.0;DO_0000423439;11022059001;2;2021-08-21 23:53:00;3;False
DO_0000423439;11111008001;妙管家超強漂白水;3;21/08/2021 23:53;85.0;255.0;DO_0000423439;11111008001;3;2021-08-21 23:53:00;3;False
DO_0000423439;11111033001;妙管家超強漂白水4L;3;21/08/2021 23:53;85.0;255.0;DO_0000423439;11111033001;3;2021-08-21 23:53:00;20;False
DO_0000423439;12201153001;五月花舒敏厚棒抽取式衛生紙86抽4包;1;21/08/2021 23:53;19.7;19.7;DO_0000423439;12201153001;1;2021-08-21 23:53:00;203;False
DO_0000423439;14203017001;北海鱈魚香絲;3;21/08/2021 23:53;72.0;216.0;DO_0000423439;14203017001;3;2021-08-21 23:53:00;115;False
DO_0000437170;11103021001;一匙靈Attack抗菌EX洗衣精補充;4;21/08/2021 23:53;79.0;316.0;DO_0000437170;11103021001;4;2021-08-21 23:53:00;82;False
DO_0000437170;12000241001;瑪宣妮蜜桃珍珠洗髮精-絲潤感;4;21/08/2021 23:53;199.0;796.0;DO_0000437170;12000241001;4;2021-08-21 23:53:00;2;True
DO_0000437170;12000504001;美吾髮草本主義金盞花保水柔順洗髮精;2;21/08/2021 23:53;259.0;518.0;DO_0000437170;12000504001;2;2021-08-21 23:53:00;2;False
DO_0000437170;12011042001;澡享甘橙花梨木沐浴乳;1;21/08/2021 23:53;175.0;175.0;DO_0000437170;12011042001;1;2021-08-21 23:53:00;3;False
DO_0000437170;12011230001;美琪抗菌沐浴乳(白麝香);1;21/08/2021 23:53;88.0;88.0;DO_0000437170;12011230001;1;2021-08-21 23:53:00;3;False
DO_0000437170;12011244001;沙威隆抗菌潔淨沐浴乳-琥珀雪松 琥珀雪松;1;21/08/2021 23:53;139.0;139.0;DO_0000437170;12011244001;1;2021-08-21 23:53:00;2;False
DO_0000437170;12011277001;依必朗香氛沐浴乳-經典白麝香 沐浴乳白麝香;1;21/08/2021 23:53;149.0;149.0;DO_0000437170;12011277001;1;2021-08-21 23:53:00;16;False
DO_0000437170;14353019001;桂格即沖即食大燕麥片1100g;1;21/08/2021 23:53;151.0;151.0;DO_0000437170;14353019001;1;2021-08-21 23:53:00;62;False
DO_0000437170;14361007001;馬玉山32綜合穀類粉;1;21/08/2021 23:53;8.25;8.25;DO_0000437170;14361007001;1;2021-08-21 23:53:00;5;False
DO_0000437170;14361014001;台糖黑五寶30gx15;1;21/08/2021 23:53;125.0;125.0;DO_0000437170;14361014001;1;2021-08-21 23:53:00;8;False
DO_0000437170;14361129001;馬玉山山藥黑芝麻糊;1;21/08/2021 23:53;8.25;8.25;DO_0000437170;14361129001;1;2021-08-21 23:53:00;10;False
DO_0000437170;14362902001;桂格奇亞籽麥片-特濃鮮奶;3;21/08/2021 23:53;99.0;297.0;DO_0000437170;14362902001;3;2021-08-21 23:53:00;5;False
DO_0000444995;14243053001;盛香珍開心果(內附隨手包);1;21/08/2021 23:53;99.0;99.0;DO_0000444995;14243053001;1;2021-08-21 23:53:00;1;False
DO_0000444995;14360001001;阿華田營養麥芽飲品 400g;2;21/08/2021 23:53;285.0;570.0;DO_0000444995;14360001001;2;2021-08-21 23:53:00;1;True
DO_0000444995;14510212001;中興履歷無洗米1.5Kg;6;21/08/2021 23:53;119.0;714.0;DO_0000444995;14510212001;6;2021-08-21 23:53:00;26;False
DO_0000444995;15024014001;義美低糖糙米奶250ml;6;21/08/2021 23:53;11.833333333333334;71.0;DO_0000444995;15024014001;6;2021-08-21 23:53:00;114;False
