pod,slot,item,quantity_in_that_slot
1,1,11010018001,2
1,2,11040029001,11
1,3,11040029001,11
1,4,11040029001,11
1,5,11040029001,11
1,6,11040029001,9
1,7,11100021001,2
1,8,11103065001,2
1,9,12103072001,2
1,10,14000220001,6
1,11,14000220001,1
1,12,14001009001,4
1,13,14001009001,4
1,14,14001009001,4
1,15,14001009001,4
1,16,14001009001,4
1,17,14001009001,4
1,18,14001009001,4
1,19,14001009001,4
1,20,14001009001,4
1,21,14001009001,1
1,22,14244031001,4
1,23,14302018001,2
1,24,14302018001,2
1,25,14302018001,2
1,26,14302018001,2
1,27,14302018001,2
1,28,14312008001,16
1,29,14312008001,16
1,30,14312008001,16
1,31,14312008001,5
2,1,12201099001,2
2,2,12201099001,2
2,3,12201099001,2
2,4,12201099001,2
2,5,12201099001,2
2,6,12201099001,2
2,7,12201099001,2
2,8,12201099001,2
2,9,12201099001,2
2,10,12201099001,2
2,11,12201099001,2
2,12,12201099001,2
2,13,12201099001,2
2,14,12201099001,2
2,15,12201099001,2
2,16,12201099001,2
2,17,12201099001,2
2,18,12201099001,2
2,19,12201099001,2
2,20,12201099001,2
2,21,12201104001,1
2,22,12201104001,1
2,23,12201104001,1
2,24,12201104001,1
2,25,12201104001,1
2,26,12201104001,1
2,27,12201104001,1
2,28,12201104001,1
2,29,12201104001,1
2,30,12201104001,1
2,31,12201104001,1
2,32,12201104001,1
2,33,12201104001,1
2,34,12201104001,1
2,35,12201104001,1
2,36,12201104001,1
2,37,12201104001,1
2,38,12201104001,1
2,39,12201104001,1
2,40,12201104001,1
3,1,12201099001,2
3,2,12201099001,2
3,3,12201099001,2
3,4,12201099001,2
3,5,12201099001,2
3,6,12201099001,2
3,7,12201099001,2
3,8,12201099001,2
3,9,12201099001,2
3,10,12201099001,2
3,11,12201099001,2
3,12,12201099001,2
3,13,12201099001,2
3,14,12201099001,2
3,15,12201099001,2
3,16,12201099001,2
3,17,12201099001,2
3,18,12201099001,2
3,19,12201099001,2
3,20,12201099001,2
3,21,12201104001,1
3,22,12201104001,1
3,23,12201104001,1
3,24,12201104001,1
3,25,12201104001,1
3,26,12201104001,1
3,27,12201104001,1
3,28,12201104001,1
3,29,12201104001,1
3,30,12201104001,1
3,31,12201104001,1
3,32,12201104001,1
3,33,12201104001,1
3,34,12201104001,1
3,35,12201104001,1
3,36,12201104001,1
3,37,12201104001,1
3,38,12201104001,1
3,39,12201104001,1
3,40,12201104001,1
4,1,12201103001,1
4,2,12201103001,1
4,3,12201103001,1
4,4,12201103001,1
4,5,12201103001,1
4,6,12201103001,1
4,7,12201103001,1
4,8,12201103001,1
4,9,12201103001,1
4,10,12201103001,1
4,11,12201103001,1
4,12,12201103001,1
4,13,12201103001,1
4,14,12201103001,1
4,15,12201103001,1
4,16,12201103001,1
4,17,12201103001,1
4,18,12201103001,1
4,19,12201103001,1
4,20,12201103001,1
4,21,12201103001,1
4,22,12201103001,1
4,23,12201103001,1
4,24,12201103001,1
4,25,12201103001,1
4,26,12201103001,1
4,27,12201103001,1
4,28,12201103001,1
4,29,12201103001,1
4,30,12201103001,1
4,31,12201103001,1
4,32,12201103001,1
4,33,12201103001,1
4,34,12201103001,1
4,35,12201103001,1
4,36,12201103001,1
4,37,12201103001,1
4,38,12201103001,1
4,39,12201103001,1
4,40,12201103001,1
5,1,10041067001,5
5,2,10041067001,5
5,3,10041067001,5
5,4,10041067001,5
5,5,10041067001,5
5,6,10041067001,5
5,7,10041067001,5
5,8,10041067001,5
5,9,10041067001,5
5,10,10041067001,5
5,11,10041067001,5
5,12,10041067001,5
5,13,10041067001,5
5,14,10041067001,5
5,15,10041067001,5
5,16,10041067001,5
5,17,10041067001,5
5,18,10041067001,5
5,19,10041067001,5
5,20,10041067001,5
5,21,10041067001,5
5,22,10041067001,5
5,23,10041067001,5
5,24,10041067001,5
5,25,10041067001,5
5,26,10041067001,5
5,27,10041067001,5
5,28,10041067001,5
5,29,10041067001,5
5,30,10041067001,5
5,31,10041067001,5
5,32,10041067001,5
5,33,10041067001,5
5,34,10041067001,5
5,35,10041067001,5
5,36,10041067001,5
5,37,10041067001,5
5,38,10041067001,5
5,39,10041067001,5
5,40,10041067001,5
6,1,14011052001,3
6,2,14011052001,3
6,3,14011052001,3
6,4,14011052001,3
6,5,14011052001,3
6,6,14011052001,3
6,7,14011052001,3
6,8,14011052001,3
6,9,14011052001,3
6,10,14011052001,3
6,11,14011052001,3
6,12,14011052001,3
6,13,14011052001,3
6,14,14011052001,3
6,15,14011052001,3
6,16,14011052001,3
6,17,14011052001,3
6,18,14011052001,3
6,19,14011052001,3
6,20,14011052001,3
6,21,14011052001,3
6,22,14011052001,3
6,23,14011052001,3
6,24,14011052001,3
6,25,14011052001,3
6,26,14011052001,3
6,27,14011052001,3
6,28,14011052001,3
6,29,14011052001,3
6,30,14011052001,3
6,31,14011052001,3
6,32,14011052001,3
6,33,14011052001,3
6,34,14011052001,3
6,35,14011052001,3
6,36,14011052001,3
6,37,14011052001,3
6,38,14011052001,3
6,39,14011052001,3
6,40,14011052001,3
7,1,10041067001,5
7,2,10041067001,5
7,3,10041067001,5
7,4,10041067001,5
7,5,10041067001,5
7,6,10041067001,5
7,7,10041067001,5
7,8,10041067001,5
7,9,10041067001,5
7,10,10041067001,5
7,11,10041067001,5
7,12,10041067001,5
7,13,10041067001,5
7,14,10041067001,5
7,15,10041067001,5
7,16,10041067001,5
7,17,10041067001,5
7,18,10041067001,5
7,19,10041067001,5
7,20,10041067001,5
7,21,10041067001,5
7,22,10041067001,5
7,23,10041067001,5
7,24,10041067001,5
7,25,10041067001,5
7,26,10041067001,5
7,27,10041067001,5
7,28,10041067001,5
7,29,10041067001,5
7,30,10041067001,5
7,31,10041067001,5
7,32,10041067001,5
7,33,10041067001,5
7,34,10041067001,5
7,35,10041067001,5
7,36,10041067001,5
7,37,10041067001,5
7,38,10041067001,5
7,39,10041067001,5
7,40,10041067001,5
8,1,12201103001,1
8,2,12201103001,1
8,3,12201103001,1
8,4,12201103001,1
8,5,12201103001,1
8,6,12201103001,1
8,7,12201103001,1
8,8,12201103001,1
8,9,12201103001,1
8,10,12201103001,1
8,11,12201103001,1
8,12,12201103001,1
8,13,12201103001,1
8,14,12201103001,1
8,15,12201103001,1
8,16,12201103001,1
8,17,12201103001,1
8,18,12201103001,1
8,19,12201103001,1
8,20,12201103001,1
8,21,12201103001,1
8,22,12201103001,1
8,23,12201103001,1
8,24,12201103001,1
8,25,12201103001,1
8,26,12201103001,1
8,27,12201103001,1
8,28,12201103001,1
8,29,12201103001,1
8,30,12201103001,1
8,31,12201103001,1
8,32,12201103001,1
8,33,12201103001,1
8,34,12201103001,1
8,35,12201103001,1
8,36,12201103001,1
8,37,12201103001,1
8,38,12201103001,1
8,39,12201103001,1
8,40,12201103001,1
9,1,12201099001,2
9,2,12201099001,2
9,3,12201099001,2
9,4,12201099001,2
9,5,12201099001,2
9,6,12201099001,2
9,7,12201099001,2
9,8,12201099001,2
9,9,12201099001,2
9,10,12201099001,2
9,11,12201099001,2
9,12,12201099001,2
9,13,12201099001,2
9,14,12201099001,2
9,15,12201099001,2
9,16,12201099001,2
9,17,12201099001,2
9,18,12201099001,2
9,19,12201099001,2
9,20,12201099001,2
9,21,12201104001,1
9,22,12201104001,1
9,23,12201104001,1
9,24,12201104001,1
9,25,12201104001,1
9,26,12201104001,1
9,27,12201104001,1
9,28,12201104001,1
9,29,12201104001,1
9,30,12201104001,1
9,31,12201104001,1
9,32,12201104001,1
9,33,12201104001,1
9,34,12201104001,1
9,35,12201104001,1
9,36,12201104001,1
9,37,12201104001,1
9,38,12201104001,1
9,39,12201104001,1
9,40,12201104001,1
10,1,12201103001,1
10,2,12201103001,1
10,3,12201103001,1
10,4,12201103001,1
10,5,12201103001,1
10,6,12201103001,1
10,7,12201103001,1
10,8,12201103001,1
10,9,12201103001,1
10,10,12201103001,1
10,11,12201103001,1
10,12,12201103001,1
10,13,12201103001,1
10,14,12201103001,1
10,15,12201103001,1
10,16,12201103001,1
10,17,12201103001,1
10,18,12201103001,1
10,19,12201103001,1
10,20,12201103001,1
10,21,12201103001,1
10,22,12201103001,1
10,23,12201103001,1
10,24,12201103001,1
10,25,12201103001,1
10,26,12201103001,1
10,27,12201103001,1
10,28,12201103001,1
10,29,12201103001,1
10,30,12201103001,1
10,31,12201103001,1
10,32,12201103001,1
10,33,12201103001,1
10,34,12201103001,1
10,35,12201103001,1
10,36,12201103001,1
10,37,12201103001,1
10,38,12201103001,1
10,39,12201103001,1
10,40,12201103001,1
11,1,12201103001,1
11,2,12201103001,1
11,3,12201103001,1
11,4,12201103001,1
11,5,12201103001,1
11,6,12201103001,1
11,7,12201103001,1
11,8,12201103001,1
11,9,12201103001,1
11,10,12201103001,1
11,11,12201103001,1
11,12,12201103001,1
11,13,12201103001,1
11,14,12201103001,1
11,15,12201103001,1
11,16,12201103001,1
11,17,12201103001,1
11,18,12201103001,1
11,19,12201103001,1
11,20,12201103001,1
11,21,12201103001,1
11,22,12201103001,1
11,23,12201103001,1
11,24,12201103001,1
11,25,12201103001,1
11,26,12201103001,1
11,27,12201103001,1
11,28,12201103001,1
11,29,12201103001,1
11,30,12201103001,1
11,31,12201103001,1
11,32,12201103001,1
11,33,12201103001,1
11,34,12201103001,1
11,35,12201103001,1
11,36,12201103001,1
11,37,12201103001,1
11,38,12201103001,1
11,39,12201103001,1
11,40,12201103001,1
12,1,12201099001,2
12,2,12201099001,2
12,3,12201099001,2
12,4,12201099001,2
12,5,12201099001,2
12,6,12201099001,2
12,7,12201099001,2
12,8,12201099001,2
12,9,12201099001,2
12,10,12201099001,2
12,11,12201099001,2
12,12,12201099001,2
12,13,12201099001,2
12,14,12201099001,2
12,15,12201099001,2
12,16,12201099001,2
12,17,12201099001,2
12,18,12201099001,2
12,19,12201099001,2
12,20,12201099001,2
12,21,12201104001,1
12,22,12201104001,1
12,23,12201104001,1
12,24,12201104001,1
12,25,12201104001,1
12,26,12201104001,1
12,27,12201104001,1
12,28,12201104001,1
12,29,12201104001,1
12,30,12201104001,1
12,31,12201104001,1
12,32,12201104001,1
12,33,12201104001,1
12,34,12201104001,1
12,35,12201104001,1
12,36,12201104001,1
12,37,12201104001,1
12,38,12201104001,1
12,39,12201104001,1
12,40,12201104001,1
13,1,11021028001,1
13,2,11022021001,1
13,3,11030097001,1
13,4,11073001001,5
13,5,11073907001,5
13,6,11100108001,4
13,7,11112001001,1
13,8,12103089001,3
13,9,14103053001,2
13,10,14103053001,2
13,11,14103053001,2
13,12,14103053001,2
13,13,14103053001,1
13,14,14110106001,4
13,15,14110106001,4
13,16,14110106001,4
13,17,14110106001,4
13,18,14110106001,4
13,19,14110106001,4
13,20,14110106001,4
13,21,14110106001,4
13,22,14110106001,4
13,23,14110106001,4
13,24,14110106001,4
13,25,14110106001,4
13,26,14110106001,4
13,27,14110106001,4
13,28,14110106001,4
13,29,14110106001,4
13,30,14110106001,4
13,31,14243076001,7
13,32,14243076001,7
13,33,14243076001,7
13,34,14243076001,7
13,35,14243076001,7
13,36,14243076001,7
13,37,14243076001,7
13,38,14243076001,4
13,39,14244051001,4
14,1,12201103001,1
14,2,12201103001,1
14,3,12201103001,1
14,4,12201103001,1
14,5,12201103001,1
14,6,12201103001,1
14,7,12201103001,1
14,8,12201103001,1
14,9,12201103001,1
14,10,12201103001,1
14,11,12201103001,1
14,12,12201103001,1
14,13,12201103001,1
14,14,12201103001,1
14,15,12201103001,1
14,16,12201103001,1
14,17,12201103001,1
14,18,12201103001,1
14,19,12201103001,1
14,20,12201103001,1
14,21,12201103001,1
14,22,12201103001,1
14,23,12201103001,1
14,24,12201103001,1
14,25,12201103001,1
14,26,12201103001,1
14,27,12201103001,1
14,28,12201103001,1
14,29,12201103001,1
14,30,12201103001,1
14,31,12201103001,1
14,32,12201103001,1
14,33,12201103001,1
14,34,12201103001,1
14,35,12201103001,1
14,36,12201103001,1
14,37,12201103001,1
14,38,12201103001,1
14,39,12201103001,1
14,40,12201103001,1
15,1,10041067001,5
15,2,10041067001,5
15,3,10041067001,5
15,4,10041067001,5
15,5,10041067001,5
15,6,10041067001,5
15,7,10041067001,5
15,8,10041067001,5
15,9,10041067001,5
15,10,10041067001,5
15,11,10041067001,5
15,12,10041067001,5
15,13,10041067001,5
15,14,10041067001,5
15,15,10041067001,5
15,16,10041067001,5
15,17,10041067001,5
15,18,10041067001,5
15,19,10041067001,5
15,20,10041067001,5
15,21,10041067001,5
15,22,10041067001,5
15,23,10041067001,5
15,24,10041067001,5
15,25,10041067001,5
15,26,10041067001,5
15,27,10041067001,5
15,28,10041067001,5
15,29,10041067001,5
15,30,10041067001,5
15,31,10041067001,5
15,32,10041067001,5
15,33,10041067001,5
15,34,10041067001,5
15,35,10041067001,5
15,36,10041067001,5
15,37,10041067001,5
15,38,10041067001,5
15,39,10041067001,5
15,40,10041067001,5
16,1,11030079001,4
16,2,11040039001,4
16,3,11050006001,4
16,4,11100112001,5
16,5,12000125001,3
16,6,12000494001,3
16,7,12000497001,3
16,8,12022008001,53
16,9,12104001001,5
16,10,14110056001,5
16,11,14110056001,5
16,12,14110056001,5
16,13,14110056001,5
16,14,14110056001,1
16,15,14244039001,7
16,16,14353019001,4
16,17,14353019001,4
16,18,14353019001,4
16,19,14353019001,4
16,20,14353019001,4
16,21,14353019001,4
16,22,14353019001,4
16,23,14353019001,4
16,24,14353019001,4
16,25,14353019001,4
16,26,14353019001,4
16,27,14353019001,4
16,28,14353019001,4
16,29,14353019001,4
16,30,14353019001,4
16,31,14353019001,4
16,32,14353019001,1
17,1,12201099001,2
17,2,12201099001,2
17,3,12201099001,2
17,4,12201099001,2
17,5,12201099001,2
17,6,12201099001,2
17,7,12201099001,2
17,8,12201099001,2
17,9,12201099001,2
17,10,12201099001,2
17,11,12201099001,2
17,12,12201099001,2
17,13,12201099001,2
17,14,12201099001,2
17,15,12201099001,2
17,16,12201099001,2
17,17,12201099001,2
17,18,12201099001,2
17,19,12201099001,2
17,20,12201099001,2
17,21,12201104001,1
17,22,12201104001,1
17,23,12201104001,1
17,24,12201104001,1
17,25,12201104001,1
17,26,12201104001,1
17,27,12201104001,1
17,28,12201104001,1
17,29,12201104001,1
17,30,12201104001,1
17,31,12201104001,1
17,32,12201104001,1
17,33,12201104001,1
17,34,12201104001,1
17,35,12201104001,1
17,36,12201104001,1
17,37,12201104001,1
17,38,12201104001,1
17,39,12201104001,1
17,40,12201104001,1
18,1,14014006001,1
18,2,14014006001,1
18,3,14014006001,1
18,4,14014006001,1
18,5,14014006001,1
18,6,14014006001,1
18,7,14014006001,1
18,8,14014006001,1
18,9,14014006001,1
18,10,14014006001,1
18,11,14014006001,1
18,12,14014006001,1
18,13,14014006001,1
18,14,14014006001,1
18,15,14014006001,1
18,16,14014006001,1
18,17,14014006001,1
18,18,14014006001,1
18,19,14014006001,1
18,20,14014006001,1
18,21,14014006001,1
18,22,14014006001,1
18,23,14014006001,1
18,24,14014006001,1
18,25,14014006001,1
18,26,14014006001,1
18,27,14014006001,1
18,28,14014006001,1
18,29,14014006001,1
18,30,14014006001,1
18,31,14014006001,1
18,32,14014006001,1
18,33,14014006001,1
18,34,14014006001,1
18,35,14014006001,1
18,36,14014006001,1
18,37,14014006001,1
18,38,14014006001,1
18,39,14014006001,1
18,40,14014006001,1
19,1,11030095001,5
19,2,11050078001,3
19,3,11050104001,3
19,4,11101021001,6
19,5,12000275001,1
19,6,12002026001,1
19,7,12011433001,1
19,8,12034063001,22
19,9,12034063001,22
19,10,12034063001,9
19,11,12103031001,3
19,12,14104113001,3
19,13,14104113001,3
19,14,14104113001,3
19,15,14104113001,3
19,16,14104113001,2
19,17,14244056001,4
19,18,14505115001,12
19,19,14505115001,12
19,20,14505115001,12
19,21,14505115001,12
19,22,14505115001,12
19,23,14505115001,12
19,24,14505115001,12
19,25,14505115001,12
19,26,14505115001,12
19,27,14505115001,12
19,28,14505115001,12
19,29,14505115001,12
19,30,14505115001,12
19,31,14505115001,12
19,32,14505115001,12
19,33,14505115001,12
19,34,14505115001,4
20,1,10041067001,5
20,2,10041067001,5
20,3,10041067001,5
20,4,10041067001,5
20,5,10041067001,5
20,6,10041067001,5
20,7,10041067001,5
20,8,10041067001,5
20,9,10041067001,5
20,10,10041067001,5
20,11,10041067001,5
20,12,10041067001,5
20,13,10041067001,5
20,14,10041067001,5
20,15,10041067001,5
20,16,10041067001,5
20,17,10041067001,5
20,18,10041067001,5
20,19,10041067001,5
20,20,10041067001,5
20,21,10041067001,5
20,22,10041067001,5
20,23,10041067001,5
20,24,10041067001,5
20,25,10041067001,5
20,26,10041067001,5
20,27,10041067001,5
20,28,10041067001,5
20,29,10041067001,5
20,30,10041067001,5
20,31,10041067001,5
20,32,10041067001,5
20,33,10041067001,5
20,34,10041067001,5
20,35,10041067001,5
20,36,10041067001,5
20,37,10041067001,5
20,38,10041067001,5
20,39,10041067001,5
20,40,10041067001,5
21,1,12201103001,1
21,2,12201103001,1
21,3,12201103001,1
21,4,12201103001,1
21,5,12201103001,1
21,6,12201103001,1
21,7,12201103001,1
21,8,12201103001,1
21,9,12201103001,1
21,10,12201103001,1
21,11,12201103001,1
21,12,12201103001,1
21,13,12201103001,1
21,14,12201103001,1
21,15,12201103001,1
21,16,12201103001,1
21,17,12201103001,1
21,18,12201103001,1
21,19,12201103001,1
21,20,12201103001,1
21,21,12201103001,1
21,22,12201103001,1
21,23,12201103001,1
21,24,12201103001,1
21,25,12201103001,1
21,26,12201103001,1
21,27,12201103001,1
21,28,12201103001,1
21,29,12201103001,1
21,30,12201103001,1
21,31,12201103001,1
21,32,12201103001,1
21,33,12201103001,1
21,34,12201103001,1
21,35,12201103001,1
21,36,12201103001,1
21,37,12201103001,1
21,38,12201103001,1
21,39,12201103001,1
21,40,12201103001,1
22,1,12201099001,2
22,2,12201099001,2
22,3,12201099001,2
22,4,12201099001,2
22,5,12201099001,2
22,6,12201099001,2
22,7,12201099001,2
22,8,12201099001,2
22,9,12201099001,2
22,10,12201099001,2
22,11,12201099001,2
22,12,12201099001,2
22,13,12201099001,2
22,14,12201099001,2
22,15,12201099001,2
22,16,12201099001,2
22,17,12201099001,2
22,18,12201099001,2
22,19,12201099001,2
22,20,12201099001,2
22,21,12201104001,1
22,22,12201104001,1
22,23,12201104001,1
22,24,12201104001,1
22,25,12201104001,1
22,26,12201104001,1
22,27,12201104001,1
22,28,12201104001,1
22,29,12201104001,1
22,30,12201104001,1
22,31,12201104001,1
22,32,12201104001,1
22,33,12201104001,1
22,34,12201104001,1
22,35,12201104001,1
22,36,12201104001,1
22,37,12201104001,1
22,38,12201104001,1
22,39,12201104001,1
22,40,12201104001,1
23,1,12201103001,1
23,2,12201103001,1
23,3,12201103001,1
23,4,12201103001,1
23,5,12201103001,1
23,6,12201103001,1
23,7,12201103001,1
23,8,12201103001,1
23,9,12201103001,1
23,10,12201103001,1
23,11,12201103001,1
23,12,12201103001,1
23,13,12201103001,1
23,14,12201103001,1
23,15,12201103001,1
23,16,12201103001,1
23,17,12201103001,1
23,18,12201103001,1
23,19,12201103001,1
23,20,12201103001,1
23,21,12201103001,1
23,22,12201103001,1
23,23,12201103001,1
23,24,12201103001,1
23,25,12201103001,1
23,26,12201103001,1
23,27,12201103001,1
23,28,12201103001,1
23,29,12201103001,1
23,30,12201103001,1
23,31,12201103001,1
23,32,12201103001,1
23,33,12201103001,1
23,34,12201103001,1
23,35,12201103001,1
23,36,12201103001,1
23,37,12201103001,1
23,38,12201103001,1
23,39,12201103001,1
23,40,12201103001,1
24,1,14014006001,1
24,2,14014006001,1
24,3,14014006001,1
24,4,14014006001,1
24,5,14014006001,1
24,6,14014006001,1
24,7,14014006001,1
24,8,14014006001,1
24,9,14014006001,1
24,10,14014006001,1
24,11,14014006001,1
24,12,14014006001,1
24,13,14014006001,1
24,14,14014006001,1
24,15,14014006001,1
24,16,14014006001,1
24,17,14014006001,1
24,18,14014006001,1
24,19,14014006001,1
24,20,14014006001,1
24,21,14014006001,1
24,22,14014006001,1
24,23,14014006001,1
24,24,14014006001,1
24,25,14014006001,1
24,26,14014006001,1
24,27,14014006001,1
24,28,14014006001,1
24,29,14014006001,1
24,30,14014006001,1
24,31,14014006001,1
24,32,14014006001,1
24,33,14014006001,1
24,34,14014006001,1
24,35,14014006001,1
24,36,14014006001,1
24,37,14014006001,1
24,38,14014006001,1
24,39,14014006001,1
24,40,14014006001,1
25,1,11022077001,2
25,2,11031011001,3
25,3,11050053001,2
25,4,11051016001,2
25,5,11100015001,6
25,6,11103047001,6
25,7,11103110001,6
25,8,12022005001,53
25,9,12103004001,3
25,10,14111036001,6
25,11,14111036001,6
25,12,14111036001,6
25,13,14111036001,6
25,14,14111036001,2
25,15,14244999001,12
25,16,14501047001,9
25,17,14501047001,9
25,18,14501047001,9
25,19,14501047001,9
25,20,14501047001,9
25,21,14501047001,9
25,22,14501047001,9
25,23,14501047001,9
25,24,14501047001,9
25,25,14501047001,9
25,26,14501047001,9
25,27,14501047001,9
25,28,14501047001,9
25,29,14501047001,9
25,30,14501047001,9
25,31,14501047001,9
25,32,14501047001,6
26,1,10041067001,5
26,2,10041067001,5
26,3,10041067001,5
26,4,10041067001,5
26,5,10041067001,5
26,6,10041067001,5
26,7,10041067001,5
26,8,10041067001,5
26,9,10041067001,5
26,10,10041067001,5
26,11,10041067001,5
26,12,10041067001,5
26,13,10041067001,5
26,14,10041067001,5
26,15,10041067001,5
26,16,10041067001,5
26,17,10041067001,5
26,18,10041067001,5
26,19,10041067001,5
26,20,10041067001,5
26,21,10041067001,5
26,22,10041067001,5
26,23,10041067001,5
26,24,10041067001,5
26,25,10041067001,5
26,26,10041067001,5
26,27,10041067001,5
26,28,10041067001,5
26,29,10041067001,5
26,30,10041067001,5
26,31,10041067001,5
26,32,10041067001,5
26,33,10041067001,5
26,34,10041067001,5
26,35,10041067001,5
26,36,10041067001,5
26,37,10041067001,5
26,38,10041067001,5
26,39,10041067001,5
26,40,10041067001,5
27,1,14014006001,1
27,2,14014006001,1
27,3,14014006001,1
27,4,14014006001,1
27,5,14014006001,1
27,6,14014006001,1
27,7,14014006001,1
27,8,14014006001,1
27,9,14014006001,1
27,10,14014006001,1
27,11,14014006001,1
27,12,14014006001,1
27,13,14014006001,1
27,14,14014006001,1
27,15,14014006001,1
27,16,14014006001,1
27,17,14014006001,1
27,18,14014006001,1
27,19,14014006001,1
27,20,14014006001,1
27,21,14014006001,1
27,22,14014006001,1
27,23,14014006001,1
27,24,14014006001,1
27,25,14014006001,1
27,26,14014006001,1
27,27,14014006001,1
27,28,14014006001,1
27,29,14014006001,1
27,30,14014006001,1
27,31,14014006001,1
27,32,14014006001,1
27,33,14014006001,1
27,34,14014006001,1
27,35,14014006001,1
27,36,14014006001,1
27,37,14014006001,1
27,38,14014006001,1
27,39,14014006001,1
27,40,14014006001,1
28,1,12201099001,2
28,2,12201099001,2
28,3,12201099001,2
28,4,12201099001,2
28,5,12201099001,2
28,6,12201099001,2
28,7,12201099001,2
28,8,12201099001,2
28,9,12201099001,2
28,10,12201099001,2
28,11,12201099001,2
28,12,12201099001,2
28,13,12201099001,2
28,14,12201099001,2
28,15,12201099001,2
28,16,12201099001,2
28,17,12201099001,2
28,18,12201099001,2
28,19,12201099001,2
28,20,12201099001,2
28,21,12201104001,1
28,22,12201104001,1
28,23,12201104001,1
28,24,12201104001,1
28,25,12201104001,1
28,26,12201104001,1
28,27,12201104001,1
28,28,12201104001,1
28,29,12201104001,1
28,30,12201104001,1
28,31,12201104001,1
28,32,12201104001,1
28,33,12201104001,1
28,34,12201104001,1
28,35,12201104001,1
28,36,12201104001,1
28,37,12201104001,1
28,38,12201104001,1
28,39,12201104001,1
28,40,12201104001,1
29,1,12201103001,1
29,2,12201103001,1
29,3,12201103001,1
29,4,12201103001,1
29,5,12201103001,1
29,6,12201103001,1
29,7,12201103001,1
29,8,12201103001,1
29,9,12201103001,1
29,10,12201103001,1
29,11,12201103001,1
29,12,12201103001,1
29,13,12201103001,1
29,14,12201103001,1
29,15,12201103001,1
29,16,12201103001,1
29,17,12201103001,1
29,18,12201103001,1
29,19,12201103001,1
29,20,12201103001,1
29,21,12201103001,1
29,22,12201103001,1
29,23,12201103001,1
29,24,12201103001,1
29,25,12201103001,1
29,26,12201103001,1
29,27,12201103001,1
29,28,12201103001,1
29,29,12201103001,1
29,30,12201103001,1
29,31,12201103001,1
29,32,12201103001,1
29,33,12201103001,1
29,34,12201103001,1
29,35,12201103001,1
29,36,12201103001,1
29,37,12201103001,1
29,38,12201103001,1
29,39,12201103001,1
29,40,12201103001,1
30,1,14011052001,3
30,2,14011052001,3
30,3,14011052001,3
30,4,14011052001,3
30,5,14011052001,3
30,6,14011052001,3
30,7,14011052001,3
30,8,14011052001,3
30,9,14011052001,3
30,10,14011052001,3
30,11,14011052001,3
30,12,14011052001,3
30,13,14011052001,3
30,14,14011052001,3
30,15,14011052001,3
30,16,14011052001,3
30,17,14011052001,3
30,18,14011052001,3
30,19,14011052001,3
30,20,14011052001,3
30,21,14011052001,3
30,22,14011052001,3
30,23,14011052001,3
30,24,14011052001,3
30,25,14011052001,3
30,26,14011052001,3
30,27,14011052001,3
30,28,14011052001,3
30,29,14011052001,3
30,30,14011052001,3
30,31,14011052001,3
30,32,14011052001,3
30,33,14011052001,3
30,34,14011052001,3
30,35,14011052001,3
30,36,14011052001,3
30,37,14011052001,3
30,38,14011052001,3
30,39,14011052001,3
30,40,14011052001,3
31,1,12201103001,1
31,2,12201103001,1
31,3,12201103001,1
31,4,12201103001,1
31,5,12201103001,1
31,6,12201103001,1
31,7,12201103001,1
31,8,12201103001,1
31,9,12201103001,1
31,10,12201103001,1
31,11,12201103001,1
31,12,12201103001,1
31,13,12201103001,1
31,14,12201103001,1
31,15,12201103001,1
31,16,12201103001,1
31,17,12201103001,1
31,18,12201103001,1
31,19,12201103001,1
31,20,12201103001,1
31,21,12201103001,1
31,22,12201103001,1
31,23,12201103001,1
31,24,12201103001,1
31,25,12201103001,1
31,26,12201103001,1
31,27,12201103001,1
31,28,12201103001,1
31,29,12201103001,1
31,30,12201103001,1
31,31,12201103001,1
31,32,12201103001,1
31,33,12201103001,1
31,34,12201103001,1
31,35,12201103001,1
31,36,12201103001,1
31,37,12201103001,1
31,38,12201103001,1
31,39,12201103001,1
31,40,12201103001,1
32,1,10041067001,5
32,2,10041067001,5
32,3,10041067001,5
32,4,10041067001,5
32,5,10041067001,5
32,6,10041067001,5
32,7,10041067001,5
32,8,10041067001,5
32,9,10041067001,5
32,10,10041067001,5
32,11,10041067001,5
32,12,10041067001,5
32,13,10041067001,5
32,14,10041067001,5
32,15,10041067001,5
32,16,10041067001,5
32,17,10041067001,5
32,18,10041067001,5
32,19,10041067001,5
32,20,10041067001,5
32,21,10041067001,5
32,22,10041067001,5
32,23,10041067001,5
32,24,10041067001,5
32,25,10041067001,5
32,26,10041067001,5
32,27,10041067001,5
32,28,10041067001,5
32,29,10041067001,5
32,30,10041067001,5
32,31,10041067001,5
32,32,10041067001,5
32,33,10041067001,5
32,34,10041067001,5
32,35,10041067001,5
32,36,10041067001,5
32,37,10041067001,5
32,38,10041067001,5
32,39,10041067001,5
32,40,10041067001,5
33,1,12201099001,2
33,2,12201099001,2
33,3,12201099001,2
33,4,12201099001,2
33,5,12201099001,2
33,6,12201099001,2
33,7,12201099001,2
33,8,12201099001,2
33,9,12201099001,2
33,10,12201099001,2
33,11,12201099001,2
33,12,12201099001,2
33,13,12201099001,2
33,14,12201099001,2
33,15,12201099001,2
33,16,12201099001,2
33,17,12201099001,2
33,18,12201099001,2
33,19,12201099001,2
33,20,12201099001,2
33,21,12201104001,1
33,22,12201104001,1
33,23,12201104001,1
33,24,12201104001,1
33,25,12201104001,1
33,26,12201104001,1
33,27,12201104001,1
33,28,12201104001,1
33,29,12201104001,1
33,30,12201104001,1
33,31,12201104001,1
33,32,12201104001,1
33,33,12201104001,1
33,34,12201104001,1
33,35,12201104001,1
33,36,12201104001,1
33,37,12201104001,1
33,38,12201104001,1
33,39,12201104001,1
33,40,12201104001,1
34,1,10021006001,5
34,2,10021006001,5
34,3,10021006001,5
34,4,10021006001,5
34,5,10021006001,5
34,6,10021006001,5
34,7,10021006001,5
34,8,10021006001,5
34,9,10021006001,5
34,10,10021006001,5
34,11,10021006001,5
34,12,10021006001,5
34,13,10021006001,5
34,14,10021006001,5
34,15,10021006001,5
34,16,10021006001,5
34,17,10021006001,5
34,18,10021006001,5
34,19,10021006001,5
34,20,10021006001,5
34,21,10021006001,5
34,22,10021006001,5
34,23,10021006001,5
34,24,10021006001,5
34,25,10021006001,5
34,26,10021006001,5
34,27,10021006001,5
34,28,10021006001,5
34,29,10021006001,5
34,30,10021006001,5
34,31,10021006001,5
34,32,10021006001,5
34,33,10021006001,5
34,34,10021006001,5
34,35,10021006001,5
34,36,10021006001,5
34,37,10021006001,5
34,38,10021006001,5
34,39,10021006001,5
34,40,10021006001,5
35,1,12201099001,2
35,2,12201099001,2
35,3,12201099001,2
35,4,12201099001,2
35,5,12201099001,2
35,6,12201099001,2
35,7,12201099001,2
35,8,12201099001,2
35,9,12201099001,2
35,10,12201099001,2
35,11,12201099001,2
35,12,12201099001,2
35,13,12201099001,2
35,14,12201099001,2
35,15,12201099001,2
35,16,12201099001,2
35,17,12201099001,2
35,18,12201099001,2
35,19,12201099001,2
35,20,12201099001,2
35,21,12201104001,1
35,22,12201104001,1
35,23,12201104001,1
35,24,12201104001,1
35,25,12201104001,1
35,26,12201104001,1
35,27,12201104001,1
35,28,12201104001,1
35,29,12201104001,1
35,30,12201104001,1
35,31,12201104001,1
35,32,12201104001,1
35,33,12201104001,1
35,34,12201104001,1
35,35,12201104001,1
35,36,12201104001,1
35,37,12201104001,1
35,38,12201104001,1
35,39,12201104001,1
35,40,12201104001,1
36,1,12201099001,2
36,2,12201099001,2
36,3,12201099001,2
36,4,12201099001,2
36,5,12201099001,2
36,6,12201099001,2
36,7,12201099001,2
36,8,12201099001,2
36,9,12201099001,2
36,10,12201099001,2
36,11,12201099001,2
36,12,12201099001,2
36,13,12201099001,2
36,14,12201099001,2
36,15,12201099001,2
36,16,12201099001,2
36,17,12201099001,2
36,18,12201099001,2
36,19,12201099001,2
36,20,12201099001,2
36,21,12201104001,1
36,22,12201104001,1
36,23,12201104001,1
36,24,12201104001,1
36,25,12201104001,1
36,26,12201104001,1
36,27,12201104001,1
36,28,12201104001,1
36,29,12201104001,1
36,30,12201104001,1
36,31,12201104001,1
36,32,12201104001,1
36,33,12201104001,1
36,34,12201104001,1
36,35,12201104001,1
36,36,12201104001,1
36,37,12201104001,1
36,38,12201104001,1
36,39,12201104001,1
36,40,12201104001,1
37,1,12201103001,1
37,2,12201103001,1
37,3,12201103001,1
37,4,12201103001,1
37,5,12201103001,1
37,6,12201103001,1
37,7,12201103001,1
37,8,12201103001,1
37,9,12201103001,1
37,10,12201103001,1
37,11,12201103001,1
37,12,12201103001,1
37,13,12201103001,1
37,14,12201103001,1
37,15,12201103001,1
37,16,12201103001,1
37,17,12201103001,1
37,18,12201103001,1
37,19,12201103001,1
37,20,12201103001,1
37,21,12201103001,1
37,22,12201103001,1
37,23,12201103001,1
37,24,12201103001,1
37,25,12201103001,1
37,26,12201103001,1
37,27,12201103001,1
37,28,12201103001,1
37,29,12201103001,1
37,30,12201103001,1
37,31,12201103001,1
37,32,12201103001,1
37,33,12201103001,1
37,34,12201103001,1
37,35,12201103001,1
37,36,12201103001,1
37,37,12201103001,1
37,38,12201103001,1
37,39,12201103001,1
37,40,12201103001,1
38,1,10021006001,5
38,2,10021006001,5
38,3,10021006001,5
38,4,10021006001,5
38,5,10021006001,5
38,6,10021006001,5
38,7,10021006001,5
38,8,10021006001,5
38,9,10021006001,5
38,10,10021006001,5
38,11,10021006001,5
38,12,10021006001,5
38,13,10021006001,5
38,14,10021006001,5
38,15,10021006001,5
38,16,10021006001,5
38,17,10021006001,5
38,18,10021006001,5
38,19,10021006001,5
38,20,10021006001,5
38,21,10021006001,5
38,22,10021006001,5
38,23,10021006001,5
38,24,10021006001,5
38,25,10021006001,5
38,26,10021006001,5
38,27,10021006001,5
38,28,10021006001,5
38,29,10021006001,5
38,30,10021006001,5
38,31,10021006001,5
38,32,10021006001,5
38,33,10021006001,5
38,34,10021006001,5
38,35,10021006001,5
38,36,10021006001,5
38,37,10021006001,5
38,38,10021006001,5
38,39,10021006001,5
38,40,10021006001,5
39,1,14011052001,3
39,2,14011052001,3
39,3,14011052001,3
39,4,14011052001,3
39,5,14011052001,3
39,6,14011052001,3
39,7,14011052001,3
39,8,14011052001,3
39,9,14011052001,3
39,10,14011052001,3
39,11,14011052001,3
39,12,14011052001,3
39,13,14011052001,3
39,14,14011052001,3
39,15,14011052001,3
39,16,14011052001,3
39,17,14011052001,3
39,18,14011052001,3
39,19,14011052001,3
39,20,14011052001,3
39,21,14011052001,3
39,22,14011052001,3
39,23,14011052001,3
39,24,14011052001,3
39,25,14011052001,3
39,26,14011052001,3
39,27,14011052001,3
39,28,14011052001,3
39,29,14011052001,3
39,30,14011052001,3
39,31,14011052001,3
39,32,14011052001,3
39,33,14011052001,3
39,34,14011052001,3
39,35,14011052001,3
39,36,14011052001,3
39,37,14011052001,3
39,38,14011052001,3
39,39,14011052001,3
39,40,14011052001,3
40,1,12201103001,1
40,2,12201103001,1
40,3,12201103001,1
40,4,12201103001,1
40,5,12201103001,1
40,6,12201103001,1
40,7,12201103001,1
40,8,12201103001,1
40,9,12201103001,1
40,10,12201103001,1
40,11,12201103001,1
40,12,12201103001,1
40,13,12201103001,1
40,14,12201103001,1
40,15,12201103001,1
40,16,12201103001,1
40,17,12201103001,1
40,18,12201103001,1
40,19,12201103001,1
40,20,12201103001,1
40,21,12201103001,1
40,22,12201103001,1
40,23,12201103001,1
40,24,12201103001,1
40,25,12201103001,1
40,26,12201103001,1
40,27,12201103001,1
40,28,12201103001,1
40,29,12201103001,1
40,30,12201103001,1
40,31,12201103001,1
40,32,12201103001,1
40,33,12201103001,1
40,34,12201103001,1
40,35,12201103001,1
40,36,12201103001,1
40,37,12201103001,1
40,38,12201103001,1
40,39,12201103001,1
40,40,12201103001,1
41,1,10021006001,5
41,2,10021006001,5
41,3,10021006001,5
41,4,10021006001,5
41,5,10021006001,5
41,6,10021006001,5
41,7,10021006001,5
41,8,10021006001,5
41,9,10021006001,5
41,10,10021006001,5
41,11,10021006001,5
41,12,10021006001,5
41,13,10021006001,5
41,14,10021006001,5
41,15,10021006001,5
41,16,10021006001,5
41,17,10021006001,5
41,18,10021006001,5
41,19,10021006001,5
41,20,10021006001,5
41,21,10021006001,5
41,22,10021006001,5
41,23,10021006001,5
41,24,10021006001,5
41,25,10021006001,5
41,26,10021006001,5
41,27,10021006001,5
41,28,10021006001,5
41,29,10021006001,5
41,30,10021006001,5
41,31,10021006001,5
41,32,10021006001,5
41,33,10021006001,5
41,34,10021006001,5
41,35,10021006001,5
41,36,10021006001,5
41,37,10021006001,5
41,38,10021006001,5
41,39,10021006001,5
41,40,10021006001,5
42,1,14014015001,1
42,2,14014015001,1
42,3,14014015001,1
42,4,14014015001,1
42,5,14014015001,1
42,6,14014015001,1
42,7,14014015001,1
42,8,14014015001,1
42,9,14014015001,1
42,10,14014015001,1
42,11,14014015001,1
42,12,14014015001,1
42,13,14014015001,1
42,14,14014015001,1
42,15,14014015001,1
42,16,14014015001,1
42,17,14014015001,1
42,18,14014015001,1
42,19,14014015001,1
42,20,14014015001,1
42,21,14014015001,1
42,22,14014015001,1
42,23,14014015001,1
42,24,14014015001,1
42,25,14014015001,1
42,26,14014015001,1
42,27,14014015001,1
42,28,14014015001,1
42,29,14014015001,1
42,30,14014015001,1
42,31,14014015001,1
42,32,14014015001,1
42,33,14014015001,1
42,34,14014015001,1
42,35,14014015001,1
42,36,14014015001,1
42,37,14014015001,1
42,38,14014015001,1
42,39,14014015001,1
42,40,14014015001,1
43,1,12201099001,2
43,2,12201099001,2
43,3,12201099001,2
43,4,12201099001,2
43,5,12201099001,2
43,6,12201099001,2
43,7,12201099001,2
43,8,12201099001,2
43,9,12201099001,2
43,10,12201099001,2
43,11,12201099001,2
43,12,12201099001,2
43,13,12201099001,2
43,14,12201099001,2
43,15,12201099001,2
43,16,12201099001,2
43,17,12201099001,2
43,18,12201099001,2
43,19,12201099001,2
43,20,12201099001,2
43,21,12201104001,1
43,22,12201104001,1
43,23,12201104001,1
43,24,12201104001,1
43,25,12201104001,1
43,26,12201104001,1
43,27,12201104001,1
43,28,12201104001,1
43,29,12201104001,1
43,30,12201104001,1
43,31,12201104001,1
43,32,12201104001,1
43,33,12201104001,1
43,34,12201104001,1
43,35,12201104001,1
43,36,12201104001,1
43,37,12201104001,1
43,38,12201104001,1
43,39,12201104001,1
43,40,12201104001,1
44,1,12201099001,2
44,2,12201099001,2
44,3,12201099001,2
44,4,12201099001,2
44,5,12201099001,2
44,6,12201099001,2
44,7,12201099001,2
44,8,12201099001,2
44,9,12201099001,2
44,10,12201099001,2
44,11,12201099001,2
44,12,12201099001,2
44,13,12201099001,2
44,14,12201099001,2
44,15,12201099001,2
44,16,12201099001,2
44,17,12201099001,2
44,18,12201099001,2
44,19,12201099001,2
44,20,12201099001,2
44,21,12201104001,1
44,22,12201104001,1
44,23,12201104001,1
44,24,12201104001,1
44,25,12201104001,1
44,26,12201104001,1
44,27,12201104001,1
44,28,12201104001,1
44,29,12201104001,1
44,30,12201104001,1
44,31,12201104001,1
44,32,12201104001,1
44,33,12201104001,1
44,34,12201104001,1
44,35,12201104001,1
44,36,12201104001,1
44,37,12201104001,1
44,38,12201104001,1
44,39,12201104001,1
44,40,12201104001,1
45,1,10041067001,5
45,2,10041067001,5
45,3,10041067001,5
45,4,10041067001,5
45,5,10041067001,5
45,6,10041067001,5
45,7,10041067001,5
45,8,10041067001,5
45,9,10041067001,5
45,10,10041067001,5
45,11,10041067001,5
45,12,10041067001,5
45,13,10041067001,5
45,14,10041067001,5
45,15,10041067001,5
45,16,10041067001,5
45,17,10041067001,5
45,18,10041067001,5
45,19,10041067001,5
45,20,10041067001,5
45,21,10041067001,5
45,22,10041067001,5
45,23,10041067001,5
45,24,10041067001,5
45,25,10041067001,5
45,26,10041067001,5
45,27,10041067001,5
45,28,10041067001,5
45,29,10041067001,5
45,30,10041067001,5
45,31,10041067001,5
45,32,10041067001,5
45,33,10041067001,5
45,34,10041067001,5
45,35,10041067001,5
45,36,10041067001,5
45,37,10041067001,5
45,38,10041067001,5
45,39,10041067001,5
45,40,10041067001,5
46,1,12201099001,2
46,2,12201099001,2
46,3,12201099001,2
46,4,12201099001,2
46,5,12201099001,2
46,6,12201099001,2
46,7,12201099001,2
46,8,12201099001,2
46,9,12201099001,2
46,10,12201099001,2
46,11,12201099001,2
46,12,12201099001,2
46,13,12201099001,2
46,14,12201099001,2
46,15,12201099001,2
46,16,12201099001,2
46,17,12201099001,2
46,18,12201099001,2
46,19,12201099001,2
46,20,12201099001,2
46,21,12201104001,1
46,22,12201104001,1
46,23,12201104001,1
46,24,12201104001,1
46,25,12201104001,1
46,26,12201104001,1
46,27,12201104001,1
46,28,12201104001,1
46,29,12201104001,1
46,30,12201104001,1
46,31,12201104001,1
46,32,12201104001,1
46,33,12201104001,1
46,34,12201104001,1
46,35,12201104001,1
46,36,12201104001,1
46,37,12201104001,1
46,38,12201104001,1
46,39,12201104001,1
46,40,12201104001,1
47,1,10041067001,5
47,2,10041067001,5
47,3,10041067001,5
47,4,10041067001,5
47,5,10041067001,5
47,6,10041067001,5
47,7,10041067001,5
47,8,10041067001,5
47,9,10041067001,5
47,10,10041067001,5
47,11,10041067001,5
47,12,10041067001,5
47,13,10041067001,5
47,14,10041067001,5
47,15,10041067001,5
47,16,10041067001,5
47,17,10041067001,5
47,18,10041067001,5
47,19,10041067001,5
47,20,10041067001,5
47,21,10041067001,5
47,22,10041067001,5
47,23,10041067001,5
47,24,10041067001,5
47,25,10041067001,5
47,26,10041067001,5
47,27,10041067001,5
47,28,10041067001,5
47,29,10041067001,5
47,30,10041067001,5
47,31,10041067001,5
47,32,10041067001,5
47,33,10041067001,5
47,34,10041067001,5
47,35,10041067001,5
47,36,10041067001,5
47,37,10041067001,5
47,38,10041067001,5
47,39,10041067001,5
47,40,10041067001,5
48,1,11071013001,1
48,2,11101038001,7
48,3,11103211001,1
48,4,12005015001,1
48,5,12005015002,1
48,6,12005015004,1
48,7,12005015006,1
48,8,12005015007,1
48,9,12005015008,1
48,10,12005019002,1
48,11,12005019003,1
48,12,12005019005,1
48,13,12005019006,1
48,14,12010080001,9
48,15,12010080001,9
48,16,12010080001,9
48,17,12010080001,9
48,18,12020249001,1
48,19,12022275001,15
48,20,12022275001,15
48,21,12022275001,15
48,22,12022275001,8
48,23,12103080001,6
48,24,14002003001,5
48,25,14002003001,1
48,26,14300029001,5
48,27,14631042001,53
49,1,14014006001,1
49,2,14014006001,1
49,3,14014006001,1
49,4,14014006001,1
49,5,14014006001,1
49,6,14014006001,1
49,7,14014006001,1
49,8,14014006001,1
49,9,14014006001,1
49,10,14014006001,1
49,11,14014006001,1
49,12,14014006001,1
49,13,14014006001,1
49,14,14014006001,1
49,15,14014006001,1
49,16,14014006001,1
49,17,14014006001,1
49,18,14014006001,1
49,19,14014006001,1
49,20,14014006001,1
49,21,14014006001,1
49,22,14014006001,1
49,23,14014006001,1
49,24,14014006001,1
49,25,14014006001,1
49,26,14014006001,1
49,27,14014006001,1
49,28,14014006001,1
49,29,14014006001,1
49,30,14014006001,1
49,31,14014006001,1
49,32,14014006001,1
49,33,14014006001,1
49,34,14014006001,1
49,35,14014006001,1
49,36,14014006001,1
49,37,14014006001,1
49,38,14014006001,1
49,39,14014006001,1
49,40,14014006001,1
50,1,11102003001,7
50,2,12000169001,2
50,3,12000207001,2
50,4,12011131001,4
50,5,12011131001,4
50,6,12011131001,4
50,7,12011131001,4
50,8,12011131001,4
50,9,12011131001,4
50,10,12011131001,4
50,11,12011131001,4
50,12,12011131001,4
50,13,12103125001,3
50,14,14000322001,6
50,15,14000322001,2
50,16,14010027001,11
50,17,14010027001,11
50,18,14010027001,11
50,19,14010027001,11
50,20,14010027001,11
50,21,14010027001,11
50,22,14010027001,11
50,23,14010027001,11
50,24,14010027001,11
50,25,14010027001,9
50,26,14300003001,3
50,27,14351034001,6
50,28,14351034001,6
50,29,14351034001,6
50,30,14351034001,6
50,31,14351034001,3
50,32,14600010001,53
51,1,11030108001,1
51,2,11061001001,1
51,3,11061027001,1
51,4,11061050001,1
51,5,11070046001,10
51,6,11070046001,10
51,7,11070046001,10
51,8,11070046001,10
51,9,11070046001,10
51,10,11070046001,3
51,11,11074001001,1
51,12,11074046001,1
51,13,11102012001,2
51,14,12104011001,12
51,15,14000003001,1
51,16,14000003001,1
51,17,14000003001,1
51,18,14000003001,1
51,19,14000003001,1
51,20,14000003001,1
51,21,14000003001,1
51,22,14000003001,1
51,23,14000003001,1
51,24,14000003001,1
51,25,14000003001,1
51,26,14000003001,1
51,27,14000003001,1
51,28,14000003001,1
51,29,14000003001,1
51,30,14000003001,1
51,31,14000003001,1
51,32,14100020001,2
51,33,14100020001,2
51,34,14100020001,2
51,35,14100020001,2
51,36,14100020001,2
51,37,14244906001,4
52,1,14503003001,4
52,2,14503003001,4
52,3,14503003001,4
52,4,14503003001,4
52,5,14503003001,4
52,6,14503003001,4
52,7,14503003001,4
52,8,14503003001,4
52,9,14503003001,4
52,10,14503003001,4
52,11,14503003001,4
52,12,14503003001,4
52,13,14503003001,4
52,14,14503003001,4
52,15,14503003001,4
52,16,14503003001,4
52,17,14503003001,4
52,18,14503003001,4
52,19,14503003001,4
52,20,14503003001,4
52,21,14503003001,4
52,22,14503003001,4
52,23,14503003001,4
52,24,14503003001,4
52,25,14503003001,4
52,26,14503003001,4
52,27,14503003001,4
52,28,14503003001,4
52,29,14503003001,4
52,30,14503003001,4
52,31,14503003001,4
52,32,14503003001,4
52,33,14503003001,4
52,34,14503003001,4
52,35,14503003001,4
52,36,14503003001,4
52,37,14503003001,4
52,38,14503003001,4
52,39,14503003001,4
52,40,14503003001,4
53,1,12201099001,2
53,2,12201099001,2
53,3,12201099001,2
53,4,12201099001,2
53,5,12201099001,2
53,6,12201099001,2
53,7,12201099001,2
53,8,12201099001,2
53,9,12201099001,2
53,10,12201099001,2
53,11,12201099001,2
53,12,12201099001,2
53,13,12201099001,2
53,14,12201099001,2
53,15,12201099001,2
53,16,12201099001,2
53,17,12201099001,2
53,18,12201099001,2
53,19,12201099001,2
53,20,12201099001,2
53,21,12201104001,1
53,22,12201104001,1
53,23,12201104001,1
53,24,12201104001,1
53,25,12201104001,1
53,26,12201104001,1
53,27,12201104001,1
53,28,12201104001,1
53,29,12201104001,1
53,30,12201104001,1
53,31,12201104001,1
53,32,12201104001,1
53,33,12201104001,1
53,34,12201104001,1
53,35,12201104001,1
53,36,12201104001,1
53,37,12201104001,1
53,38,12201104001,1
53,39,12201104001,1
53,40,12201104001,1
54,1,12201103001,1
54,2,12201103001,1
54,3,12201103001,1
54,4,12201103001,1
54,5,12201103001,1
54,6,12201103001,1
54,7,12201103001,1
54,8,12201103001,1
54,9,12201103001,1
54,10,12201103001,1
54,11,12201103001,1
54,12,12201103001,1
54,13,12201103001,1
54,14,12201103001,1
54,15,12201103001,1
54,16,12201103001,1
54,17,12201103001,1
54,18,12201103001,1
54,19,12201103001,1
54,20,12201103001,1
54,21,12201103001,1
54,22,12201103001,1
54,23,12201103001,1
54,24,12201103001,1
54,25,12201103001,1
54,26,12201103001,1
54,27,12201103001,1
54,28,12201103001,1
54,29,12201103001,1
54,30,12201103001,1
54,31,12201103001,1
54,32,12201103001,1
54,33,12201103001,1
54,34,12201103001,1
54,35,12201103001,1
54,36,12201103001,1
54,37,12201103001,1
54,38,12201103001,1
54,39,12201103001,1
54,40,12201103001,1
55,1,10041067001,5
55,2,10041067001,5
55,3,10041067001,5
55,4,10041067001,5
55,5,10041067001,5
55,6,10041067001,5
55,7,10041067001,5
55,8,10041067001,5
55,9,10041067001,5
55,10,10041067001,5
55,11,10041067001,5
55,12,10041067001,5
55,13,10041067001,5
55,14,10041067001,5
55,15,10041067001,5
55,16,10041067001,5
55,17,10041067001,5
55,18,10041067001,5
55,19,10041067001,5
55,20,10041067001,5
55,21,10041067001,5
55,22,10041067001,5
55,23,10041067001,5
55,24,10041067001,5
55,25,10041067001,5
55,26,10041067001,5
55,27,10041067001,5
55,28,10041067001,5
55,29,10041067001,5
55,30,10041067001,5
55,31,10041067001,5
55,32,10041067001,5
55,33,10041067001,5
55,34,10041067001,5
55,35,10041067001,5
55,36,10041067001,5
55,37,10041067001,5
55,38,10041067001,5
55,39,10041067001,5
55,40,10041067001,5
56,1,11031022001,4
56,2,11102014001,1
56,3,12000206001,3
56,4,12000246001,3
56,5,12005082002,1
56,6,12005082008,1
56,7,12005083002,1
56,8,12023227001,53
56,9,12103144001,6
56,10,14111055001,1
56,11,14111055001,1
56,12,14111055001,1
56,13,14111055001,1
56,14,14111055001,1
56,15,14302072001,2
56,16,14501065001,5
56,17,14501065001,5
56,18,14501065001,5
56,19,14501065001,5
56,20,14501065001,5
56,21,14501065001,5
56,22,14501065001,5
56,23,14501065001,5
56,24,14501065001,5
56,25,14501065001,5
56,26,14501065001,5
56,27,14501065001,5
56,28,14501065001,5
56,29,14501065001,5
56,30,14501065001,5
56,31,14501065001,5
56,32,14501065001,2
57,1,10041067001,5
57,2,10041067001,5
57,3,10041067001,5
57,4,10041067001,5
57,5,10041067001,5
57,6,10041067001,5
57,7,10041067001,5
57,8,10041067001,5
57,9,10041067001,5
57,10,10041067001,5
57,11,10041067001,5
57,12,10041067001,5
57,13,10041067001,5
57,14,10041067001,5
57,15,10041067001,5
57,16,10041067001,5
57,17,10041067001,5
57,18,10041067001,5
57,19,10041067001,5
57,20,10041067001,5
57,21,10041067001,5
57,22,10041067001,5
57,23,10041067001,5
57,24,10041067001,5
57,25,10041067001,5
57,26,10041067001,5
57,27,10041067001,5
57,28,10041067001,5
57,29,10041067001,4
57,30,11102043001,1
57,31,12000241001,2
57,32,12011168001,6
57,33,12011168001,6
57,34,12011168001,6
57,35,12011168001,1
57,36,12021969001,2
57,37,12103183001,6
57,38,14001089001,4
57,39,14001089001,1
57,40,14300016001,2
58,1,11031040001,1
58,2,11032024001,3
58,3,11032024001,3
58,4,11032024001,3
58,5,11032024001,3
58,6,11032024001,3
58,7,11032024001,3
58,8,11032024001,3
58,9,11032024001,1
58,10,11070019001,15
58,11,11070019001,15
58,12,11070019001,15
58,13,11070019001,8
58,14,11074022001,11
58,15,11074022001,11
58,16,11102004001,2
58,17,12000080001,2
58,18,12000319001,2
58,19,12006048001,1
58,20,12006067001,1
58,21,12006135001,1
58,22,12023195001,12
58,23,12023202001,12
58,24,12104002001,3
58,25,12123015001,6
58,26,12123015001,6
58,27,14244062001,2
59,1,12201099001,2
59,2,12201099001,2
59,3,12201099001,2
59,4,12201099001,2
59,5,12201099001,2
59,6,12201099001,2
59,7,12201099001,2
59,8,12201099001,2
59,9,12201099001,2
59,10,12201099001,2
59,11,12201099001,2
59,12,12201099001,2
59,13,12201099001,2
59,14,12201099001,2
59,15,12201099001,2
59,16,12201099001,2
59,17,12201099001,2
59,18,12201099001,2
59,19,12201099001,2
59,20,12201099001,2
59,21,12201104001,1
59,22,12201104001,1
59,23,12201104001,1
59,24,12201104001,1
59,25,12201104001,1
59,26,12201104001,1
59,27,12201104001,1
59,28,12201104001,1
59,29,12201104001,1
59,30,12201104001,1
59,31,12201104001,1
59,32,12201104001,1
59,33,12201104001,1
59,34,12201104001,1
59,35,12201104001,1
59,36,12201104001,1
59,37,12201104001,1
59,38,12201104001,1
59,39,12201104001,1
59,40,12201104001,1
60,1,10035011001,7
60,2,10035011001,7
60,3,10035011001,7
60,4,10035011001,7
60,5,10035011001,4
60,6,11102007001,2
60,7,12000425001,1
60,8,12010056001,1
60,9,12010149001,1
60,10,12020070001,45
60,11,12020070001,8
60,12,12020282001,1
60,13,12020283001,1
60,14,12034154001,72
60,15,12104003001,10
60,16,12104003001,10
60,17,12104003001,10
60,18,12104003001,10
60,19,12104003001,10
60,20,12104003001,10
60,21,12104003001,10
60,22,12104003001,2
60,23,12105005001,4
60,24,14001086001,4
60,25,14001086001,2
60,26,14300057001,2
61,1,12201103001,1
61,2,12201103001,1
61,3,12201103001,1
61,4,12201103001,1
61,5,12201103001,1
61,6,12201103001,1
61,7,12201103001,1
61,8,12201103001,1
61,9,12201103001,1
61,10,12201103001,1
61,11,12201103001,1
61,12,12201103001,1
61,13,12201103001,1
61,14,12201103001,1
61,15,12201103001,1
61,16,12201103001,1
61,17,12201103001,1
61,18,12201103001,1
61,19,12201103001,1
61,20,12201103001,1
61,21,12201103001,1
61,22,12201103001,1
61,23,12201103001,1
61,24,12201103001,1
61,25,12201103001,1
61,26,12201103001,1
61,27,12201103001,1
61,28,12201103001,1
61,29,12201103001,1
61,30,12201103001,1
61,31,12201103001,1
61,32,12201103001,1
61,33,12201103001,1
61,34,12201103001,1
61,35,12201103001,1
61,36,12201103001,1
61,37,12201103001,1
61,38,12201103001,1
61,39,12201103001,1
61,40,12201103001,1
62,1,12201099001,2
62,2,12201099001,2
62,3,12201099001,2
62,4,12201099001,2
62,5,12201099001,2
62,6,12201099001,2
62,7,12201099001,2
62,8,12201099001,2
62,9,12201099001,2
62,10,12201099001,2
62,11,12201099001,2
62,12,12201099001,2
62,13,12201099001,2
62,14,12201099001,2
62,15,12201099001,2
62,16,12201099001,2
62,17,12201099001,2
62,18,12201099001,2
62,19,12201099001,2
62,20,12201099001,2
62,21,12201104001,1
62,22,12201104001,1
62,23,12201104001,1
62,24,12201104001,1
62,25,12201104001,1
62,26,12201104001,1
62,27,12201104001,1
62,28,12201104001,1
62,29,12201104001,1
62,30,12201104001,1
62,31,12201104001,1
62,32,12201104001,1
62,33,12201104001,1
62,34,12201104001,1
62,35,12201104001,1
62,36,12201104001,1
62,37,12201104001,1
62,38,12201104001,1
62,39,12201104001,1
62,40,12201104001,1
63,1,12201099001,2
63,2,12201099001,2
63,3,12201099001,2
63,4,12201099001,2
63,5,12201099001,2
63,6,12201099001,2
63,7,12201099001,2
63,8,12201099001,2
63,9,12201099001,2
63,10,12201099001,2
63,11,12201099001,2
63,12,12201099001,2
63,13,12201099001,2
63,14,12201099001,2
63,15,12201099001,2
63,16,12201099001,2
63,17,12201099001,2
63,18,12201099001,2
63,19,12201099001,2
63,20,12201099001,2
63,21,12201104001,1
63,22,12201104001,1
63,23,12201104001,1
63,24,12201104001,1
63,25,12201104001,1
63,26,12201104001,1
63,27,12201104001,1
63,28,12201104001,1
63,29,12201104001,1
63,30,12201104001,1
63,31,12201104001,1
63,32,12201104001,1
63,33,12201104001,1
63,34,12201104001,1
63,35,12201104001,1
63,36,12201104001,1
63,37,12201104001,1
63,38,12201104001,1
63,39,12201104001,1
63,40,12201104001,1
64,1,14014006001,1
64,2,14014006001,1
64,3,14014006001,1
64,4,14014006001,1
64,5,14014006001,1
64,6,14014006001,1
64,7,14014006001,1
64,8,14014006001,1
64,9,14014006001,1
64,10,14014006001,1
64,11,14014006001,1
64,12,14014006001,1
64,13,14014006001,1
64,14,14014006001,1
64,15,14014006001,1
64,16,14014006001,1
64,17,14014006001,1
64,18,14014006001,1
64,19,14014006001,1
64,20,14014006001,1
64,21,14014006001,1
64,22,14014006001,1
64,23,14014006001,1
64,24,14014006001,1
64,25,14014006001,1
64,26,14014006001,1
64,27,14014006001,1
64,28,14014006001,1
64,29,14014006001,1
64,30,14014006001,1
64,31,14014006001,1
64,32,14014006001,1
64,33,14014006001,1
64,34,14014006001,1
64,35,14014006001,1
64,36,14014006001,1
64,37,14014006001,1
64,38,14014006001,1
64,39,14014006001,1
64,40,14014006001,1
65,1,10021006001,5
65,2,10021006001,5
65,3,10021006001,5
65,4,10021006001,5
65,5,10021006001,5
65,6,10021006001,5
65,7,10021006001,5
65,8,10021006001,5
65,9,10021006001,5
65,10,10021006001,5
65,11,10021006001,5
65,12,10021006001,5
65,13,10021006001,5
65,14,10021006001,5
65,15,10021006001,5
65,16,10021006001,5
65,17,10021006001,5
65,18,10021006001,5
65,19,10021006001,5
65,20,10021006001,5
65,21,10021006001,5
65,22,10021006001,5
65,23,10021006001,5
65,24,10021006001,5
65,25,10021006001,5
65,26,10021006001,5
65,27,10021006001,5
65,28,10021006001,5
65,29,10021006001,5
65,30,10021006001,5
65,31,10021006001,5
65,32,10021006001,5
65,33,10021006001,5
65,34,10021006001,5
65,35,10021006001,5
65,36,10021006001,5
65,37,10021006001,5
65,38,10021006001,5
65,39,10021006001,5
65,40,10021006001,5
66,1,14014006001,1
66,2,14014006001,1
66,3,14014006001,1
66,4,14014006001,1
66,5,14014006001,1
66,6,14014006001,1
66,7,14014006001,1
66,8,14014006001,1
66,9,14014006001,1
66,10,14014006001,1
66,11,14014006001,1
66,12,14014006001,1
66,13,14014006001,1
66,14,14014006001,1
66,15,14014006001,1
66,16,14014006001,1
66,17,14014006001,1
66,18,14014006001,1
66,19,14014006001,1
66,20,14014006001,1
66,21,14014006001,1
66,22,14014006001,1
66,23,14014006001,1
66,24,14014006001,1
66,25,14014006001,1
66,26,14014006001,1
66,27,14014006001,1
66,28,14014006001,1
66,29,14014006001,1
66,30,14014006001,1
66,31,14014006001,1
66,32,14014006001,1
66,33,14014006001,1
66,34,14014006001,1
66,35,14014006001,1
66,36,14014006001,1
66,37,14014006001,1
66,38,14014006001,1
66,39,14014006001,1
66,40,14014006001,1
67,1,12201099001,2
67,2,12201099001,2
67,3,12201099001,2
67,4,12201099001,2
67,5,12201099001,2
67,6,12201099001,2
67,7,12201099001,2
67,8,12201099001,2
67,9,12201099001,2
67,10,12201099001,2
67,11,12201099001,2
67,12,12201099001,2
67,13,12201099001,2
67,14,12201099001,2
67,15,12201099001,2
67,16,12201099001,2
67,17,12201099001,2
67,18,12201099001,2
67,19,12201099001,2
67,20,12201099001,2
67,21,12201104001,1
67,22,12201104001,1
67,23,12201104001,1
67,24,12201104001,1
67,25,12201104001,1
67,26,12201104001,1
67,27,12201104001,1
67,28,12201104001,1
67,29,12201104001,1
67,30,12201104001,1
67,31,12201104001,1
67,32,12201104001,1
67,33,12201104001,1
67,34,12201104001,1
67,35,12201104001,1
67,36,12201104001,1
67,37,12201104001,1
67,38,12201104001,1
67,39,12201104001,1
67,40,12201104001,1
68,1,12201099001,2
68,2,12201099001,2
68,3,12201099001,2
68,4,12201099001,2
68,5,12201099001,2
68,6,12201099001,2
68,7,12201099001,2
68,8,12201099001,2
68,9,12201099001,2
68,10,12201099001,2
68,11,12201099001,2
68,12,12201099001,2
68,13,12201099001,2
68,14,12201099001,2
68,15,12201099001,2
68,16,12201099001,2
68,17,12201099001,2
68,18,12201099001,2
68,19,12201099001,2
68,20,12201099001,2
68,21,12201104001,1
68,22,12201104001,1
68,23,12201104001,1
68,24,12201104001,1
68,25,12201104001,1
68,26,12201104001,1
68,27,12201104001,1
68,28,12201104001,1
68,29,12201104001,1
68,30,12201104001,1
68,31,12201104001,1
68,32,12201104001,1
68,33,12201104001,1
68,34,12201104001,1
68,35,12201104001,1
68,36,12201104001,1
68,37,12201104001,1
68,38,12201104001,1
68,39,12201104001,1
68,40,12201104001,1
69,1,12201099001,2
69,2,12201099001,2
69,3,12201099001,2
69,4,12201099001,2
69,5,12201099001,2
69,6,12201099001,2
69,7,12201099001,2
69,8,12201099001,2
69,9,12201099001,2
69,10,12201099001,2
69,11,12201099001,2
69,12,12201099001,2
69,13,12201099001,2
69,14,12201099001,2
69,15,12201099001,2
69,16,12201099001,2
69,17,12201099001,2
69,18,12201099001,2
69,19,12201099001,2
69,20,12201099001,2
69,21,12201104001,1
69,22,12201104001,1
69,23,12201104001,1
69,24,12201104001,1
69,25,12201104001,1
69,26,12201104001,1
69,27,12201104001,1
69,28,12201104001,1
69,29,12201104001,1
69,30,12201104001,1
69,31,12201104001,1
69,32,12201104001,1
69,33,12201104001,1
69,34,12201104001,1
69,35,12201104001,1
69,36,12201104001,1
69,37,12201104001,1
69,38,12201104001,1
69,39,12201104001,1
69,40,12201104001,1
70,1,12201099001,2
70,2,12201099001,2
70,3,12201099001,2
70,4,12201099001,2
70,5,12201099001,2
70,6,12201099001,2
70,7,12201099001,2
70,8,12201099001,2
70,9,12201099001,2
70,10,12201099001,2
70,11,12201099001,2
70,12,12201099001,2
70,13,12201099001,2
70,14,12201099001,2
70,15,12201099001,2
70,16,12201099001,2
70,17,12201099001,2
70,18,12201099001,2
70,19,12201099001,2
70,20,12201099001,2
70,21,12201104001,1
70,22,12201104001,1
70,23,12201104001,1
70,24,12201104001,1
70,25,12201104001,1
70,26,12201104001,1
70,27,12201104001,1
70,28,12201104001,1
70,29,12201104001,1
70,30,12201104001,1
70,31,12201104001,1
70,32,12201104001,1
70,33,12201104001,1
70,34,12201104001,1
70,35,12201104001,1
70,36,12201104001,1
70,37,12201104001,1
70,38,12201104001,1
70,39,12201104001,1
70,40,12201104001,1
71,1,12201103001,1
71,2,12201103001,1
71,3,12201103001,1
71,4,12201103001,1
71,5,12201103001,1
71,6,12201103001,1
71,7,12201103001,1
71,8,12201103001,1
71,9,12201103001,1
71,10,12201103001,1
71,11,12201103001,1
71,12,12201103001,1
71,13,12201103001,1
71,14,12201103001,1
71,15,12201103001,1
71,16,12201103001,1
71,17,12201103001,1
71,18,12201103001,1
71,19,12201103001,1
71,20,12201103001,1
71,21,12201103001,1
71,22,12201103001,1
71,23,12201103001,1
71,24,12201103001,1
71,25,12201103001,1
71,26,12201103001,1
71,27,12201103001,1
71,28,12201103001,1
71,29,12201103001,1
71,30,12201103001,1
71,31,12201103001,1
71,32,12201103001,1
71,33,12201103001,1
71,34,12201103001,1
71,35,12201103001,1
71,36,12201103001,1
71,37,12201103001,1
71,38,12201103001,1
71,39,12201103001,1
71,40,12201103001,1
72,1,12201099001,2
72,2,12201099001,2
72,3,12201099001,2
72,4,12201099001,2
72,5,12201099001,2
72,6,12201099001,2
72,7,12201099001,2
72,8,12201099001,2
72,9,12201099001,2
72,10,12201099001,2
72,11,12201099001,2
72,12,12201099001,2
72,13,12201099001,2
72,14,12201099001,2
72,15,12201099001,2
72,16,12201099001,2
72,17,12201099001,2
72,18,12201099001,2
72,19,12201099001,2
72,20,12201099001,2
72,21,12201104001,1
72,22,12201104001,1
72,23,12201104001,1
72,24,12201104001,1
72,25,12201104001,1
72,26,12201104001,1
72,27,12201104001,1
72,28,12201104001,1
72,29,12201104001,1
72,30,12201104001,1
72,31,12201104001,1
72,32,12201104001,1
72,33,12201104001,1
72,34,12201104001,1
72,35,12201104001,1
72,36,12201104001,1
72,37,12201104001,1
72,38,12201104001,1
72,39,12201104001,1
72,40,12201104001,1
73,1,10021010001,5
73,2,10021010001,5
73,3,10021010001,5
73,4,10021010001,5
73,5,10021010001,5
73,6,10021010001,5
73,7,10021010001,5
73,8,10021010001,5
73,9,10021010001,5
73,10,10021010001,5
73,11,10021010001,5
73,12,10021010001,5
73,13,10021010001,5
73,14,10021010001,5
73,15,10021010001,5
73,16,10021010001,5
73,17,10035006001,28
73,18,10035006001,28
73,19,10035006001,28
73,20,10035006001,28
73,21,10035006001,2
73,22,11103118001,2
73,23,12000372001,2
73,24,12000485001,12
73,25,12000485001,12
73,26,12000485001,12
73,27,12000485001,12
73,28,12000485001,5
73,29,12003104001,2
73,30,12103039001,3
73,31,12103101001,3
73,32,12105021001,3
73,33,12106066001,3
73,34,14001150001,3
73,35,14001150001,2
73,36,14300096001,2
74,1,12201099001,2
74,2,12201099001,2
74,3,12201099001,2
74,4,12201099001,2
74,5,12201099001,2
74,6,12201099001,2
74,7,12201099001,2
74,8,12201099001,2
74,9,12201099001,2
74,10,12201099001,2
74,11,12201099001,2
74,12,12201099001,2
74,13,12201099001,2
74,14,12201099001,2
74,15,12201099001,2
74,16,12201099001,2
74,17,12201099001,2
74,18,12201099001,2
74,19,12201099001,2
74,20,12201099001,2
74,21,12201104001,1
74,22,12201104001,1
74,23,12201104001,1
74,24,12201104001,1
74,25,12201104001,1
74,26,12201104001,1
74,27,12201104001,1
74,28,12201104001,1
74,29,12201104001,1
74,30,12201104001,1
74,31,12201104001,1
74,32,12201104001,1
74,33,12201104001,1
74,34,12201104001,1
74,35,12201104001,1
74,36,12201104001,1
74,37,12201104001,1
74,38,12201104001,1
74,39,12201104001,1
74,40,12201104001,1
75,1,12201103001,1
75,2,12201103001,1
75,3,12201103001,1
75,4,12201103001,1
75,5,12201103001,1
75,6,12201103001,1
75,7,12201103001,1
75,8,12201103001,1
75,9,12201103001,1
75,10,12201103001,1
75,11,12201103001,1
75,12,12201103001,1
75,13,12201103001,1
75,14,12201103001,1
75,15,12201103001,1
75,16,12201103001,1
75,17,12201103001,1
75,18,12201103001,1
75,19,12201103001,1
75,20,12201103001,1
75,21,12201103001,1
75,22,12201103001,1
75,23,12201103001,1
75,24,12201103001,1
75,25,12201103001,1
75,26,12201103001,1
75,27,12201103001,1
75,28,12201103001,1
75,29,12201103001,1
75,30,12201103001,1
75,31,12201103001,1
75,32,12201103001,1
75,33,12201103001,1
75,34,12201103001,1
75,35,12201103001,1
75,36,12201103001,1
75,37,12201103001,1
75,38,12201103001,1
75,39,12201103001,1
75,40,12201103001,1
76,1,12201099001,2
76,2,12201099001,2
76,3,12201099001,2
76,4,12201099001,2
76,5,12201099001,2
76,6,12201099001,2
76,7,12201099001,2
76,8,12201099001,2
76,9,12201099001,2
76,10,12201099001,2
76,11,12201099001,2
76,12,12201099001,2
76,13,12201099001,2
76,14,12201099001,2
76,15,12201099001,2
76,16,12201099001,2
76,17,12201099001,2
76,18,12201099001,2
76,19,12201099001,2
76,20,12201099001,2
76,21,12201104001,1
76,22,12201104001,1
76,23,12201104001,1
76,24,12201104001,1
76,25,12201104001,1
76,26,12201104001,1
76,27,12201104001,1
76,28,12201104001,1
76,29,12201104001,1
76,30,12201104001,1
76,31,12201104001,1
76,32,12201104001,1
76,33,12201104001,1
76,34,12201104001,1
76,35,12201104001,1
76,36,12201104001,1
76,37,12201104001,1
76,38,12201104001,1
76,39,12201104001,1
76,40,12201104001,1
77,1,12201103001,1
77,2,12201103001,1
77,3,12201103001,1
77,4,12201103001,1
77,5,12201103001,1
77,6,12201103001,1
77,7,12201103001,1
77,8,12201103001,1
77,9,12201103001,1
77,10,12201103001,1
77,11,12201103001,1
77,12,12201103001,1
77,13,12201103001,1
77,14,12201103001,1
77,15,12201103001,1
77,16,12201103001,1
77,17,12201103001,1
77,18,12201103001,1
77,19,12201103001,1
77,20,12201103001,1
77,21,12201103001,1
77,22,12201103001,1
77,23,12201103001,1
77,24,12201103001,1
77,25,12201103001,1
77,26,12201103001,1
77,27,12201103001,1
77,28,12201103001,1
77,29,12201103001,1
77,30,12201103001,1
77,31,12201103001,1
77,32,12201103001,1
77,33,12201103001,1
77,34,12201103001,1
77,35,12201103001,1
77,36,12201103001,1
77,37,12201103001,1
77,38,12201103001,1
77,39,12201103001,1
77,40,12201103001,1
78,1,10040063001,5
78,2,10040063001,5
78,3,10040063001,5
78,4,10040063001,5
78,5,10040063001,5
78,6,10040063001,5
78,7,10040063001,5
78,8,10040063001,5
78,9,10040063001,5
78,10,10040063001,5
78,11,10040063001,5
78,12,10040063001,5
78,13,10040063001,5
78,14,10040063001,5
78,15,10040063001,5
78,16,10040063001,5
78,17,10040063001,5
78,18,10040063001,5
78,19,10040063001,5
78,20,10040063001,5
78,21,10040063001,5
78,22,10040063001,5
78,23,10040063001,5
78,24,10040063001,5
78,25,10040063001,5
78,26,10040063001,5
78,27,10040063001,5
78,28,10040063001,5
78,29,10040063001,5
78,30,10040063001,5
78,31,10040063001,5
78,32,10040063001,5
78,33,10040063001,5
78,34,10040063001,5
78,35,10040063001,5
78,36,10040063001,5
78,37,10040063001,5
78,38,10040063001,5
78,39,10040063001,5
78,40,10040063001,5
79,1,14014006001,1
79,2,14014006001,1
79,3,14014006001,1
79,4,14014006001,1
79,5,14014006001,1
79,6,14014006001,1
79,7,14014006001,1
79,8,14014006001,1
79,9,14014006001,1
79,10,14014006001,1
79,11,14014006001,1
79,12,14014006001,1
79,13,14014006001,1
79,14,14014006001,1
79,15,14014006001,1
79,16,14014006001,1
79,17,14014006001,1
79,18,14014006001,1
79,19,14014006001,1
79,20,14014006001,1
79,21,14014006001,1
79,22,14014006001,1
79,23,14014006001,1
79,24,14014006001,1
79,25,14014006001,1
79,26,14014006001,1
79,27,14014006001,1
79,28,14014006001,1
79,29,14014006001,1
79,30,14014006001,1
79,31,14014006001,1
79,32,14014006001,1
79,33,14014006001,1
79,34,14014006001,1
79,35,14014006001,1
79,36,14014006001,1
79,37,14014006001,1
79,38,14014006001,1
79,39,14014006001,1
79,40,14014006001,1
80,1,14503003001,4
80,2,14503003001,4
80,3,14503003001,4
80,4,14503003001,4
80,5,14503003001,4
80,6,14503003001,4
80,7,14503003001,4
80,8,14503003001,4
80,9,14503003001,4
80,10,14503003001,4
80,11,14503003001,4
80,12,14503003001,4
80,13,14503003001,4
80,14,14503003001,4
80,15,14503003001,4
80,16,14503003001,4
80,17,14503003001,4
80,18,14503003001,4
80,19,14503003001,4
80,20,14503003001,4
80,21,14503003001,4
80,22,14503003001,4
80,23,14503003001,4
80,24,14503003001,4
80,25,14503003001,4
80,26,14503003001,4
80,27,14503003001,4
80,28,14503003001,4
80,29,14503003001,4
80,30,14503003001,4
80,31,14503003001,4
80,32,14503003001,4
80,33,14503003001,4
80,34,14503003001,4
80,35,14503003001,4
80,36,14503003001,4
80,37,14503003001,4
80,38,14503003001,4
80,39,14503003001,4
80,40,14503003001,4
81,1,12201099001,2
81,2,12201099001,2
81,3,12201099001,2
81,4,12201099001,2
81,5,12201099001,2
81,6,12201099001,2
81,7,12201099001,2
81,8,12201099001,2
81,9,12201099001,2
81,10,12201099001,2
81,11,12201099001,2
81,12,12201099001,2
81,13,12201099001,2
81,14,12201099001,2
81,15,12201099001,2
81,16,12201099001,2
81,17,12201099001,2
81,18,12201099001,2
81,19,12201099001,2
81,20,12201099001,2
81,21,12201104001,1
81,22,12201104001,1
81,23,12201104001,1
81,24,12201104001,1
81,25,12201104001,1
81,26,12201104001,1
81,27,12201104001,1
81,28,12201104001,1
81,29,12201104001,1
81,30,12201104001,1
81,31,12201104001,1
81,32,12201104001,1
81,33,12201104001,1
81,34,12201104001,1
81,35,12201104001,1
81,36,12201104001,1
81,37,12201104001,1
81,38,12201104001,1
81,39,12201104001,1
81,40,12201104001,1
82,1,12201103001,1
82,2,12201103001,1
82,3,12201103001,1
82,4,12201103001,1
82,5,12201103001,1
82,6,12201103001,1
82,7,12201103001,1
82,8,12201103001,1
82,9,12201103001,1
82,10,12201103001,1
82,11,12201103001,1
82,12,12201103001,1
82,13,12201103001,1
82,14,12201103001,1
82,15,12201103001,1
82,16,12201103001,1
82,17,12201103001,1
82,18,12201103001,1
82,19,12201103001,1
82,20,12201103001,1
82,21,12201103001,1
82,22,12201103001,1
82,23,12201103001,1
82,24,12201103001,1
82,25,12201103001,1
82,26,12201103001,1
82,27,12201103001,1
82,28,12201103001,1
82,29,12201103001,1
82,30,12201103001,1
82,31,12201103001,1
82,32,12201103001,1
82,33,12201103001,1
82,34,12201103001,1
82,35,12201103001,1
82,36,12201103001,1
82,37,12201103001,1
82,38,12201103001,1
82,39,12201103001,1
82,40,12201103001,1
83,1,12201099001,2
83,2,12201099001,2
83,3,12201099001,2
83,4,12201099001,2
83,5,12201099001,2
83,6,12201099001,2
83,7,12201099001,2
83,8,12201099001,2
83,9,12201099001,2
83,10,12201099001,2
83,11,12201099001,2
83,12,12201099001,2
83,13,12201099001,2
83,14,12201099001,2
83,15,12201099001,2
83,16,12201099001,2
83,17,12201099001,2
83,18,12201099001,2
83,19,12201099001,2
83,20,12201099001,2
83,21,12201104001,1
83,22,12201104001,1
83,23,12201104001,1
83,24,12201104001,1
83,25,12201104001,1
83,26,12201104001,1
83,27,12201104001,1
83,28,12201104001,1
83,29,12201104001,1
83,30,12201104001,1
83,31,12201104001,1
83,32,12201104001,1
83,33,12201104001,1
83,34,12201104001,1
83,35,12201104001,1
83,36,12201104001,1
83,37,12201104001,1
83,38,12201104001,1
83,39,12201104001,1
83,40,12201104001,1
84,1,10031011001,6
84,2,10031011001,6
84,3,10031011001,6
84,4,10031011001,6
84,5,10031011001,6
84,6,10031011001,6
84,7,10031011001,6
84,8,10031011001,6
84,9,10031011001,6
84,10,10031011001,6
84,11,10031011001,6
84,12,10031011001,6
84,13,10031011001,6
84,14,10031011001,6
84,15,10031011001,6
84,16,10031011001,3
84,17,11030183002,4
84,18,11103188001,2
84,19,12000495001,2
84,20,12002084001,2
84,21,12005072003,1
84,22,12022184001,1
84,23,12023263001,1
84,24,12105009001,9
84,25,14133899001,5
84,26,14133899001,5
84,27,14133899001,5
84,28,14133899001,5
84,29,14133899001,5
84,30,14133899001,5
84,31,14133899001,5
84,32,14133899001,5
84,33,14133899001,5
84,34,14302079001,6
84,35,14616009001,7
84,36,14616009001,5
84,37,14616038001,9
84,38,14616038001,3
84,39,14616053001,9
84,40,14616053001,3
85,1,14014015001,1
85,2,14014015001,1
85,3,14014015001,1
85,4,14014015001,1
85,5,14014015001,1
85,6,14014015001,1
85,7,14014015001,1
85,8,14014015001,1
85,9,14014015001,1
85,10,14014015001,1
85,11,14014015001,1
85,12,14014015001,1
85,13,14014015001,1
85,14,14014015001,1
85,15,14014015001,1
85,16,14014015001,1
85,17,14014015001,1
85,18,14014015001,1
85,19,14014015001,1
85,20,14014015001,1
85,21,14014015001,1
85,22,14014015001,1
85,23,14014015001,1
85,24,14014015001,1
85,25,14014015001,1
85,26,14014015001,1
85,27,14014015001,1
85,28,14014015001,1
85,29,14014015001,1
85,30,14014015001,1
85,31,14014015001,1
85,32,14014015001,1
85,33,14014015001,1
85,34,14014015001,1
85,35,14014015001,1
85,36,14014015001,1
85,37,14014015001,1
85,38,14014015001,1
85,39,14014015001,1
85,40,14014015001,1
86,1,12201099001,2
86,2,12201099001,2
86,3,12201099001,2
86,4,12201099001,2
86,5,12201099001,2
86,6,12201099001,2
86,7,12201099001,2
86,8,12201099001,2
86,9,12201099001,2
86,10,12201099001,2
86,11,12201099001,2
86,12,12201099001,2
86,13,12201099001,2
86,14,12201099001,2
86,15,12201099001,2
86,16,12201099001,2
86,17,12201099001,2
86,18,12201099001,2
86,19,12201099001,2
86,20,12201099001,2
86,21,12201104001,1
86,22,12201104001,1
86,23,12201104001,1
86,24,12201104001,1
86,25,12201104001,1
86,26,12201104001,1
86,27,12201104001,1
86,28,12201104001,1
86,29,12201104001,1
86,30,12201104001,1
86,31,12201104001,1
86,32,12201104001,1
86,33,12201104001,1
86,34,12201104001,1
86,35,12201104001,1
86,36,12201104001,1
86,37,12201104001,1
86,38,12201104001,1
86,39,12201104001,1
86,40,12201104001,1
87,1,10010012001,5
87,2,10010012001,5
87,3,10010012001,5
87,4,10010012001,5
87,5,10010012001,5
87,6,10010012001,5
87,7,10010012001,5
87,8,10010012001,5
87,9,10010012001,5
87,10,10010012001,5
87,11,10010012001,5
87,12,10010012001,5
87,13,10010012001,5
87,14,10010012001,5
87,15,10010012001,5
87,16,10010012001,1
87,17,10040019001,10
87,18,10040019001,10
87,19,10040019001,10
87,20,10040019001,10
87,21,10040019001,4
87,22,11103039001,1
87,23,12000381001,1
87,24,12010119001,1
87,25,12011142001,1
87,26,12011358001,1
87,27,12012170001,1
87,28,12105012001,2
87,29,14001029001,2
87,30,14001029001,1
87,31,14301109001,3
87,32,14602013001,27
87,33,14602013001,26
88,1,12201103001,1
88,2,12201103001,1
88,3,12201103001,1
88,4,12201103001,1
88,5,12201103001,1
88,6,12201103001,1
88,7,12201103001,1
88,8,12201103001,1
88,9,12201103001,1
88,10,12201103001,1
88,11,12201103001,1
88,12,12201103001,1
88,13,12201103001,1
88,14,12201103001,1
88,15,12201103001,1
88,16,12201103001,1
88,17,12201103001,1
88,18,12201103001,1
88,19,12201103001,1
88,20,12201103001,1
88,21,12201103001,1
88,22,12201103001,1
88,23,12201103001,1
88,24,12201103001,1
88,25,12201103001,1
88,26,12201103001,1
88,27,12201103001,1
88,28,12201103001,1
88,29,12201103001,1
88,30,12201103001,1
88,31,12201103001,1
88,32,12201103001,1
88,33,12201103001,1
88,34,12201103001,1
88,35,12201103001,1
88,36,12201103001,1
88,37,12201103001,1
88,38,12201103001,1
88,39,12201103001,1
88,40,12201103001,1
89,1,12201099001,2
89,2,12201099001,2
89,3,12201099001,2
89,4,12201099001,2
89,5,12201099001,2
89,6,12201099001,2
89,7,12201099001,2
89,8,12201099001,2
89,9,12201099001,2
89,10,12201099001,2
89,11,12201099001,2
89,12,12201099001,2
89,13,12201099001,2
89,14,12201099001,2
89,15,12201099001,2
89,16,12201099001,2
89,17,12201099001,2
89,18,12201099001,2
89,19,12201099001,2
89,20,12201099001,2
89,21,12201104001,1
89,22,12201104001,1
89,23,12201104001,1
89,24,12201104001,1
89,25,12201104001,1
89,26,12201104001,1
89,27,12201104001,1
89,28,12201104001,1
89,29,12201104001,1
89,30,12201104001,1
89,31,12201104001,1
89,32,12201104001,1
89,33,12201104001,1
89,34,12201104001,1
89,35,12201104001,1
89,36,12201104001,1
89,37,12201104001,1
89,38,12201104001,1
89,39,12201104001,1
89,40,12201104001,1
90,1,12201103001,1
90,2,12201103001,1
90,3,12201103001,1
90,4,12201103001,1
90,5,12201103001,1
90,6,12201103001,1
90,7,12201103001,1
90,8,12201103001,1
90,9,12201103001,1
90,10,12201103001,1
90,11,12201103001,1
90,12,12201103001,1
90,13,12201103001,1
90,14,12201103001,1
90,15,12201103001,1
90,16,12201103001,1
90,17,12201103001,1
90,18,12201103001,1
90,19,12201103001,1
90,20,12201103001,1
90,21,12201103001,1
90,22,12201103001,1
90,23,12201103001,1
90,24,12201103001,1
90,25,12201103001,1
90,26,12201103001,1
90,27,12201103001,1
90,28,12201103001,1
90,29,12201103001,1
90,30,12201103001,1
90,31,12201103001,1
90,32,12201103001,1
90,33,12201103001,1
90,34,12201103001,1
90,35,12201103001,1
90,36,12201103001,1
90,37,12201103001,1
90,38,12201103001,1
90,39,12201103001,1
90,40,12201103001,1
91,1,12201103001,1
91,2,12201103001,1
91,3,12201103001,1
91,4,12201103001,1
91,5,12201103001,1
91,6,12201103001,1
91,7,12201103001,1
91,8,12201103001,1
91,9,12201103001,1
91,10,12201103001,1
91,11,12201103001,1
91,12,12201103001,1
91,13,12201103001,1
91,14,12201103001,1
91,15,12201103001,1
91,16,12201103001,1
91,17,12201103001,1
91,18,12201103001,1
91,19,12201103001,1
91,20,12201103001,1
91,21,12201103001,1
91,22,12201103001,1
91,23,12201103001,1
91,24,12201103001,1
91,25,12201103001,1
91,26,12201103001,1
91,27,12201103001,1
91,28,12201103001,1
91,29,12201103001,1
91,30,12201103001,1
91,31,12201103001,1
91,32,12201103001,1
91,33,12201103001,1
91,34,12201103001,1
91,35,12201103001,1
91,36,12201103001,1
91,37,12201103001,1
91,38,12201103001,1
91,39,12201103001,1
91,40,12201103001,1
92,1,12201099001,2
92,2,12201099001,2
92,3,12201099001,2
92,4,12201099001,2
92,5,12201099001,2
92,6,12201099001,2
92,7,12201099001,2
92,8,12201099001,2
92,9,12201099001,2
92,10,12201099001,2
92,11,12201099001,2
92,12,12201099001,2
92,13,12201099001,2
92,14,12201099001,2
92,15,12201099001,2
92,16,12201099001,2
92,17,12201099001,2
92,18,12201099001,2
92,19,12201099001,2
92,20,12201099001,2
92,21,12201104001,1
92,22,12201104001,1
92,23,12201104001,1
92,24,12201104001,1
92,25,12201104001,1
92,26,12201104001,1
92,27,12201104001,1
92,28,12201104001,1
92,29,12201104001,1
92,30,12201104001,1
92,31,12201104001,1
92,32,12201104001,1
92,33,12201104001,1
92,34,12201104001,1
92,35,12201104001,1
92,36,12201104001,1
92,37,12201104001,1
92,38,12201104001,1
92,39,12201104001,1
92,40,12201104001,1
93,1,10034023001,5
93,2,10034023001,5
93,3,10034023001,5
93,4,10034023001,5
93,5,10034023001,5
93,6,10034023001,5
93,7,10034023001,5
93,8,10034023001,5
93,9,10034023001,5
93,10,10034023001,5
93,11,10034023001,5
93,12,10034023001,5
93,13,10034023001,5
93,14,10034023001,5
93,15,10034023001,5
93,16,10034023001,5
93,17,11103067001,3
93,18,12000309001,1
93,19,12001027001,1
93,20,12001055001,6
93,21,12001087001,6
93,22,12020141001,6
93,23,12022153001,6
93,24,12023022001,41
93,25,12023022001,12
93,26,12031016001,2
93,27,12105013001,2
93,28,12106036002,6
93,29,12110068001,2
93,30,12110074001,2
93,31,14002022001,12
93,32,14002022001,12
93,33,14301030001,1
94,1,10031017001,20
94,2,10031017001,20
94,3,10031017001,20
94,4,10031017001,20
94,5,10031017001,20
94,6,10031017001,20
94,7,10031017001,20
94,8,10031017001,20
94,9,10031017001,20
94,10,10031017001,20
94,11,10031017001,20
94,12,10031017001,20
94,13,10031017001,20
94,14,10031017001,20
94,15,10031017001,20
94,16,10031017001,12
94,17,10040035001,6
94,18,10040035001,6
94,19,10040035001,6
94,20,10040035001,6
94,21,10040035001,6
94,22,10052046001,15
94,23,10052046001,15
94,24,10052046001,15
94,25,10052046001,8
94,26,11103155001,1
94,27,12000366001,2
94,28,12003113001,2
94,29,12014025001,2
94,30,12014032001,2
94,31,12014035001,2
94,32,12105025001,2
94,33,14010019001,11
94,34,14010019001,1
94,35,14301110001,2
95,1,10040038001,8
95,2,10040038001,8
95,3,10040038001,8
95,4,10040038001,8
95,5,10040038001,8
95,6,11103092001,6
95,7,12002104001,1
95,8,12002105001,1
95,9,12103005001,3
95,10,12103040001,3
95,11,12104027001,3
95,12,12105034001,6
95,13,12326090001,39
95,14,12326090001,14
95,15,14000032001,3
95,16,14000032001,3
95,17,14000032001,3
95,18,14000032001,3
95,19,14000032001,3
95,20,14000032001,3
95,21,14000032001,3
95,22,14000032001,3
95,23,14000032001,3
95,24,14000032001,3
95,25,14000032001,3
95,26,14000032001,3
95,27,14000032001,3
95,28,14000032001,3
95,29,14000032001,3
95,30,14000032001,2
95,31,14010079001,11
95,32,14010079001,7
95,33,14301018001,3
96,1,10014055001,9
96,2,10014055001,9
96,3,10014055001,9
96,4,10014055001,9
96,5,10014055001,9
96,6,10014055001,8
96,7,11103040001,1
96,8,12011178001,1
96,9,12011264001,1
96,10,12105059001,1
96,11,14001085001,5
96,12,14001085001,2
96,13,14012019001,3
96,14,14012019001,3
96,15,14012019001,3
96,16,14012019001,3
96,17,14012019001,3
96,18,14012019001,3
96,19,14012019001,3
96,20,14012019001,3
96,21,14012019001,3
96,22,14012019001,1
96,23,14303021001,1
96,24,14501002001,12
96,25,14501002001,12
96,26,14501002001,12
96,27,14501002001,12
96,28,14501002001,2
96,29,14620035001,21
96,30,14620035001,21
96,31,14620035001,11
97,1,12201099001,2
97,2,12201099001,2
97,3,12201099001,2
97,4,12201099001,2
97,5,12201099001,2
97,6,12201099001,2
97,7,12201099001,2
97,8,12201099001,2
97,9,12201099001,2
97,10,12201099001,2
97,11,12201099001,2
97,12,12201099001,2
97,13,12201099001,2
97,14,12201099001,2
97,15,12201099001,2
97,16,12201099001,2
97,17,12201099001,2
97,18,12201099001,2
97,19,12201099001,2
97,20,12201099001,2
97,21,12201104001,1
97,22,12201104001,1
97,23,12201104001,1
97,24,12201104001,1
97,25,12201104001,1
97,26,12201104001,1
97,27,12201104001,1
97,28,12201104001,1
97,29,12201104001,1
97,30,12201104001,1
97,31,12201104001,1
97,32,12201104001,1
97,33,12201104001,1
97,34,12201104001,1
97,35,12201104001,1
97,36,12201104001,1
97,37,12201104001,1
97,38,12201104001,1
97,39,12201104001,1
97,40,12201104001,1
98,1,10034022001,5
98,2,10034022001,5
98,3,10034022001,5
98,4,10034022001,5
98,5,10034022001,4
98,6,10040037001,10
98,7,10040037001,10
98,8,10040037001,10
98,9,11103115001,2
98,10,12001064001,3
98,11,12003069001,3
98,12,12011174001,12
98,13,12011174001,12
98,14,12011174001,12
98,15,12011174001,12
98,16,12011174001,5
98,17,12105043002,3
98,18,14002002001,3
98,19,14002002001,3
98,20,14002002001,3
98,21,14002002001,3
98,22,14002002001,3
98,23,14002002001,3
98,24,14002002001,3
98,25,14002002001,3
98,26,14002002001,3
98,27,14002002001,3
98,28,14002002001,3
98,29,14002002001,3
98,30,14002002001,3
98,31,14002002001,3
98,32,14002002001,3
98,33,14002002001,1
98,34,14010048001,5
98,35,14010048001,1
98,36,14303022001,1
99,1,12201103001,1
99,2,12201103001,1
99,3,12201103001,1
99,4,12201103001,1
99,5,12201103001,1
99,6,12201103001,1
99,7,12201103001,1
99,8,12201103001,1
99,9,12201103001,1
99,10,12201103001,1
99,11,12201103001,1
99,12,12201103001,1
99,13,12201103001,1
99,14,12201103001,1
99,15,12201103001,1
99,16,12201103001,1
99,17,12201103001,1
99,18,12201103001,1
99,19,12201103001,1
99,20,12201103001,1
99,21,12201103001,1
99,22,12201103001,1
99,23,12201103001,1
99,24,12201103001,1
99,25,12201103001,1
99,26,12201103001,1
99,27,12201103001,1
99,28,12201103001,1
99,29,12201103001,1
99,30,12201103001,1
99,31,12201103001,1
99,32,12201103001,1
99,33,12201103001,1
99,34,12201103001,1
99,35,12201103001,1
99,36,12201103001,1
99,37,12201103001,1
99,38,12201103001,1
99,39,12201103001,1
99,40,12201103001,1
100,1,12201104001,1
100,2,12201104001,1
100,3,12201104001,1
100,4,12201104001,1
100,5,12201104001,1
100,6,12201104001,1
100,7,12201104001,1
100,8,12201104001,1
100,9,12201104001,1
100,10,12201104001,1
100,11,12201104001,1
100,12,12201104001,1
100,13,12201104001,1
100,14,12201104001,1
100,15,12201104001,1
100,16,12201104001,1
100,17,12201104001,1
100,18,12201104001,1
100,19,12201104001,1
100,20,12201104001,1
101,1,10022016001,18
101,2,10022016001,18
101,3,10022016001,12
101,4,10100132001,11
101,5,10100132001,11
101,6,10100132001,11
101,7,10100132001,11
101,8,10100132001,4
101,9,11103191001,1
101,10,12010009001,4
101,11,12020272001,4
101,12,12034172001,53
101,13,12105051001,4
101,14,14010219001,5
101,15,14010219001,1
101,16,14102040001,2
101,17,14102040001,2
101,18,14102040001,2
101,19,14102040001,2
101,20,14102040001,2
101,21,14102040001,2
101,22,14102040001,2
101,23,14102040001,2
101,24,14102040001,2
101,25,14102040001,2
101,26,14102040001,2
101,27,14102040001,2
101,28,14102040001,2
101,29,14102040001,2
101,30,14102040001,2
101,31,14102040001,1
101,32,14302080001,3
102,1,12201104001,1
102,2,12201104001,1
102,3,12201104001,1
102,4,12201104001,1
102,5,12201104001,1
102,6,12201104001,1
102,7,12201104001,1
102,8,12201104001,1
102,9,12201104001,1
102,10,12201104001,1
102,11,12201104001,1
102,12,12201104001,1
102,13,12201104001,1
102,14,12201104001,1
102,15,12201104001,1
102,16,12201104001,1
102,17,12201104001,1
102,18,12201104001,1
102,19,12201104001,1
102,20,12201104001,1
103,1,12201103001,1
103,2,12201103001,1
103,3,12201103001,1
103,4,12201103001,1
103,5,12201103001,1
103,6,12201103001,1
103,7,12201103001,1
103,8,12201103001,1
103,9,12201103001,1
103,10,12201103001,1
103,11,12201103001,1
103,12,12201103001,1
103,13,12201103001,1
103,14,12201103001,1
103,15,12201103001,1
103,16,12201103001,1
103,17,12201103001,1
103,18,12201103001,1
103,19,12201103001,1
103,20,12201103001,1
103,21,12201103001,1
103,22,12201103001,1
103,23,12201103001,1
103,24,12201103001,1
103,25,12201103001,1
103,26,12201103001,1
103,27,12201103001,1
103,28,12201103001,1
103,29,12201103001,1
103,30,12201103001,1
103,31,12201103001,1
103,32,12201103001,1
103,33,12201103001,1
103,34,12201103001,1
103,35,12201103001,1
103,36,12201103001,1
103,37,12201103001,1
103,38,12201103001,1
103,39,12201103001,1
103,40,12201103001,1
104,1,12201103001,1
104,2,12201103001,1
104,3,12201103001,1
104,4,12201103001,1
104,5,12201103001,1
104,6,12201103001,1
104,7,12201103001,1
104,8,12201103001,1
104,9,12201103001,1
104,10,12201103001,1
104,11,12201103001,1
104,12,12201103001,1
104,13,12201103001,1
104,14,12201103001,1
104,15,12201103001,1
104,16,12201103001,1
104,17,12201103001,1
104,18,12201103001,1
104,19,12201103001,1
104,20,12201103001,1
104,21,12201103001,1
104,22,12201103001,1
104,23,12201103001,1
104,24,12201103001,1
104,25,12201103001,1
104,26,12201103001,1
104,27,12201103001,1
104,28,12201103001,1
104,29,12201103001,1
104,30,12201103001,1
104,31,12201103001,1
104,32,12201103001,1
104,33,12201103001,1
104,34,12201103001,1
104,35,12201103001,1
104,36,12201103001,1
104,37,12201103001,1
104,38,12201103001,1
104,39,12201103001,1
104,40,12201103001,1
105,1,14011052001,3
105,2,14011052001,3
105,3,14011052001,3
105,4,14011052001,3
105,5,14011052001,3
105,6,14011052001,3
105,7,14011052001,3
105,8,14011052001,3
105,9,14011052001,3
105,10,14011052001,3
105,11,14011052001,3
105,12,14011052001,3
105,13,14011052001,3
105,14,14011052001,3
105,15,14011052001,3
105,16,14011052001,3
105,17,14011052001,3
105,18,14011052001,3
105,19,14011052001,3
105,20,14011052001,3
105,21,14011052001,3
105,22,14011052001,3
105,23,14011052001,3
105,24,14011052001,3
105,25,14011052001,3
105,26,14011052001,3
105,27,14011052001,3
105,28,14011052001,3
105,29,14011052001,3
105,30,14011052001,3
105,31,14011052001,3
105,32,14011052001,3
105,33,14011052001,3
105,34,14011052001,3
105,35,14011052001,3
105,36,14011052001,3
105,37,14011052001,3
105,38,14011052001,3
105,39,14011052001,3
105,40,14011052001,3
106,1,10021018001,12
106,2,10021018001,12
106,3,10021018001,12
106,4,11072001001,6
106,5,11072001001,6
106,6,11072001001,6
106,7,11072001001,6
106,8,11072001001,6
106,9,11103113001,4
106,10,12003086001,9
106,11,12022100001,9
106,12,12105058001,2
106,13,14010194001,7
106,14,14010194001,1
106,15,14121019001,4
106,16,14121019001,4
106,17,14121019001,4
106,18,14121019001,4
106,19,14121019001,4
106,20,14121019001,4
106,21,14121019001,4
106,22,14121019001,4
106,23,14121019001,4
106,24,14121019001,4
106,25,14121019001,4
106,26,14121019001,4
106,27,14121019001,4
106,28,14121019001,4
106,29,14121019001,4
106,30,14121019001,1
106,31,14303026001,1
106,32,14602091001,42
106,33,14602091001,11
107,1,12201104001,1
107,2,12201104001,1
107,3,12201104001,1
107,4,12201104001,1
107,5,12201104001,1
107,6,12201104001,1
107,7,12201104001,1
107,8,12201104001,1
107,9,12201104001,1
107,10,12201104001,1
107,11,12201104001,1
107,12,12201104001,1
107,13,12201104001,1
107,14,12201104001,1
107,15,12201104001,1
107,16,12201104001,1
107,17,12201104001,1
107,18,12201104001,1
107,19,12201104001,1
107,20,12201104001,1
108,1,10040063001,5
108,2,10040063001,5
108,3,10040063001,5
108,4,10040063001,5
108,5,10040063001,5
108,6,10040063001,5
108,7,10040063001,5
108,8,10040063001,5
108,9,10040063001,5
108,10,10040063001,5
108,11,10040063001,5
108,12,10040063001,5
108,13,10040063001,5
108,14,10040063001,5
108,15,10040063001,5
108,16,10040063001,5
108,17,10040063001,5
108,18,10040063001,5
108,19,10040063001,5
108,20,10040063001,5
108,21,10040063001,5
108,22,10040063001,5
108,23,10040063001,5
108,24,10040063001,5
108,25,10040063001,5
108,26,10040063001,5
108,27,10040063001,5
108,28,10040063001,5
108,29,10040063001,5
108,30,10040063001,5
108,31,10040063001,5
108,32,10040063001,5
108,33,10040063001,5
108,34,10040063001,5
108,35,10040063001,5
108,36,10040063001,5
108,37,10040063001,5
108,38,10040063001,5
108,39,10040063001,5
108,40,10040063001,5
109,1,10001005001,11
109,2,10001005001,11
109,3,10001005001,11
109,4,10001005001,11
109,5,10001005001,11
109,6,10001005001,11
109,7,10001005001,11
109,8,10001005001,11
109,9,10001005001,11
109,10,10001005001,11
109,11,10001005001,11
109,12,10001005001,11
109,13,10001005001,11
109,14,10001005001,11
109,15,10001005001,2
109,16,10014027001,18
109,17,10014027001,6
109,18,10014073001,10
109,19,10014073001,10
109,20,10014073001,4
109,21,10052020001,9
109,22,10052020001,9
109,23,10052020001,4
109,24,11103156001,6
109,25,12000276001,3
109,26,12011018001,3
109,27,12105066001,4
109,28,14013001001,4
109,29,14013001001,3
109,30,14303034001,1
109,31,14613017001,9
109,32,14613017001,9
109,33,14613017001,9
109,34,14613017001,9
109,35,14613017001,9
109,36,14613017001,8
110,1,12201104001,1
110,2,12201104001,1
110,3,12201104001,1
110,4,12201104001,1
110,5,12201104001,1
110,6,12201104001,1
110,7,12201104001,1
110,8,12201104001,1
110,9,12201104001,1
110,10,12201104001,1
110,11,12201104001,1
110,12,12201104001,1
110,13,12201104001,1
110,14,12201104001,1
110,15,12201104001,1
110,16,12201104001,1
110,17,12201104001,1
110,18,12201104001,1
110,19,12201104001,1
110,20,12201104001,1
111,1,12201103001,1
111,2,12201103001,1
111,3,12201103001,1
111,4,12201103001,1
111,5,12201103001,1
111,6,12201103001,1
111,7,12201103001,1
111,8,12201103001,1
111,9,12201103001,1
111,10,12201103001,1
111,11,12201103001,1
111,12,12201103001,1
111,13,12201103001,1
111,14,12201103001,1
111,15,12201103001,1
111,16,12201103001,1
111,17,12201103001,1
111,18,12201103001,1
111,19,12201103001,1
111,20,12201103001,1
111,21,12201103001,1
111,22,12201103001,1
111,23,12201103001,1
111,24,12201103001,1
111,25,12201103001,1
111,26,12201103001,1
111,27,12201103001,1
111,28,12201103001,1
111,29,12201103001,1
111,30,12201103001,1
111,31,12201103001,1
111,32,12201103001,1
111,33,12201103001,1
111,34,12201103001,1
111,35,12201103001,1
111,36,12201103001,1
111,37,12201103001,1
111,38,12201103001,1
111,39,12201103001,1
111,40,12201103001,1
112,1,12201104001,1
112,2,12201104001,1
112,3,12201104001,1
112,4,12201104001,1
112,5,12201104001,1
112,6,12201104001,1
112,7,12201104001,1
112,8,12201104001,1
112,9,12201104001,1
112,10,12201104001,1
112,11,12201104001,1
112,12,12201104001,1
112,13,12201104001,1
112,14,12201104001,1
112,15,12201104001,1
112,16,12201104001,1
112,17,12201104001,1
112,18,12201104001,1
112,19,12201104001,1
112,20,12201104001,1
113,1,14011052001,3
113,2,14011052001,3
113,3,14011052001,3
113,4,14011052001,3
113,5,14011052001,3
113,6,14011052001,3
113,7,14011052001,3
113,8,14011052001,3
113,9,14011052001,3
113,10,14011052001,3
113,11,14011052001,3
113,12,14011052001,3
113,13,14011052001,3
113,14,14011052001,3
113,15,14011052001,3
113,16,14011052001,3
113,17,14011052001,3
113,18,14011052001,3
113,19,14011052001,3
113,20,14011052001,3
113,21,14011052001,3
113,22,14011052001,3
113,23,14011052001,3
113,24,14011052001,3
113,25,14011052001,3
113,26,14011052001,3
113,27,14011052001,3
113,28,14011052001,3
113,29,14011052001,3
113,30,14011052001,3
113,31,14011052001,3
113,32,14011052001,3
113,33,14011052001,3
113,34,14011052001,3
113,35,14011052001,3
113,36,14011052001,3
113,37,14011052001,3
113,38,14011052001,3
113,39,14011052001,3
113,40,14011052001,3
114,1,10053901001,7
114,2,10053901001,7
114,3,10053901001,4
114,4,11070015001,5
114,5,11070015001,5
114,6,11070015001,5
114,7,11070015001,5
114,8,11070015001,4
114,9,11103157001,2
114,10,12010206001,15
114,11,12010206001,15
114,12,12010206001,15
114,13,12010206001,8
114,14,12011345001,1
114,15,12011489001,1
114,16,12105068001,3
114,17,14011005001,5
114,18,14011005001,4
114,19,14303039001,1
114,20,14505099001,6
114,21,14505099001,6
114,22,14505099001,6
114,23,14505099001,6
114,24,14505099001,6
114,25,14505099001,6
114,26,14505099001,6
114,27,14505099001,6
114,28,14505099001,6
114,29,14505099001,6
114,30,14505099001,6
114,31,14505099001,6
114,32,14505099001,6
114,33,14505099001,6
114,34,14505099001,6
114,35,14505099001,6
115,1,12201104001,1
115,2,12201104001,1
115,3,12201104001,1
115,4,12201104001,1
115,5,12201104001,1
115,6,12201104001,1
115,7,12201104001,1
115,8,12201104001,1
115,9,12201104001,1
115,10,12201104001,1
115,11,12201104001,1
115,12,12201104001,1
115,13,12201104001,1
115,14,12201104001,1
115,15,12201104001,1
115,16,12201104001,1
115,17,12201104001,1
115,18,12201104001,1
115,19,12201104001,1
115,20,12201104001,1
116,1,10040017001,7
116,2,10040017001,7
116,3,10040017001,1
116,4,11061071001,3
116,5,11061071001,3
116,6,11061071001,3
116,7,11061071001,3
116,8,11061071001,3
116,9,11103188002,1
116,10,12011088001,1
116,11,12011362001,1
116,12,12105071001,2
116,13,14010094001,11
116,14,14010094001,6
116,15,14303033001,4
116,16,14311115001,5
116,17,14311115001,5
116,18,14311115001,5
116,19,14311115001,5
116,20,14311115001,5
116,21,14311115001,5
116,22,14311115001,5
116,23,14311115001,5
116,24,14311115001,5
116,25,14502007001,7
116,26,14502007001,7
116,27,14502007001,7
116,28,14502007001,7
116,29,14502007001,7
116,30,14502007001,7
116,31,14502007001,7
116,32,14502007001,7
116,33,14502007001,7
116,34,14502007001,7
116,35,14502007001,7
116,36,14502007001,7
116,37,14502007001,7
116,38,14502007001,7
116,39,14502007001,7
116,40,14502007001,3
117,1,11103224001,6
117,2,12000270001,4
117,3,12010198001,4
117,4,12105070001,2
117,5,14010050001,11
117,6,14010050001,11
117,7,14010050001,11
117,8,14010050001,11
117,9,14010050001,11
117,10,14010050001,11
117,11,14010050001,11
117,12,14010050001,11
117,13,14010050001,11
117,14,14010050001,6
117,15,14013007001,4
117,16,14013007001,1
117,17,14204022001,2
117,18,14204022001,2
117,19,14204022001,2
117,20,14204022001,2
117,21,14204022001,2
117,22,14204022001,2
117,23,14204022001,2
117,24,14204022001,2
117,25,14204022001,2
117,26,14303024001,3
117,27,14312012001,23
117,28,14312012001,23
117,29,14312012001,7
117,30,14353003001,1
117,31,14353003001,1
117,32,14353003001,1
117,33,14353003001,1
117,34,14353003001,1
118,1,12201104001,1
118,2,12201104001,1
118,3,12201104001,1
118,4,12201104001,1
118,5,12201104001,1
118,6,12201104001,1
118,7,12201104001,1
118,8,12201104001,1
118,9,12201104001,1
118,10,12201104001,1
118,11,12201104001,1
118,12,12201104001,1
118,13,12201104001,1
118,14,12201104001,1
118,15,12201104001,1
118,16,12201104001,1
118,17,12201104001,1
118,18,12201104001,1
118,19,12201104001,1
118,20,12201104001,1
119,1,12201104001,1
119,2,12201104001,1
119,3,12201104001,1
119,4,12201104001,1
119,5,12201104001,1
119,6,12201104001,1
119,7,12201104001,1
119,8,12201104001,1
119,9,12201104001,1
119,10,12201104001,1
119,11,12201104001,1
119,12,12201104001,1
119,13,12201104001,1
119,14,12201104001,1
119,15,12201104001,1
119,16,12201104001,1
119,17,12201104001,1
119,18,12201104001,1
119,19,12201104001,1
119,20,12201104001,1
120,1,12201103001,1
120,2,12201103001,1
120,3,12201103001,1
120,4,12201103001,1
120,5,12201103001,1
120,6,12201103001,1
120,7,12201103001,1
120,8,12201103001,1
120,9,12201103001,1
120,10,12201103001,1
120,11,12201103001,1
120,12,12201103001,1
120,13,12201103001,1
120,14,12201103001,1
120,15,12201103001,1
120,16,12201103001,1
120,17,12201103001,1
120,18,12201103001,1
120,19,12201103001,1
120,20,12201103001,1
120,21,12201103001,1
120,22,12201103001,1
120,23,12201103001,1
120,24,12201103001,1
120,25,12201103001,1
120,26,12201103001,1
120,27,12201103001,1
120,28,12201103001,1
120,29,12201103001,1
120,30,12201103001,1
120,31,12201103001,1
120,32,12201103001,1
120,33,12201103001,1
120,34,12201103001,1
120,35,12201103001,1
120,36,12201103001,1
120,37,12201103001,1
120,38,12201103001,1
120,39,12201103001,1
120,40,12201103001,1
121,1,12201103001,1
121,2,12201103001,1
121,3,12201103001,1
121,4,12201103001,1
121,5,12201103001,1
121,6,12201103001,1
121,7,12201103001,1
121,8,12201103001,1
121,9,12201103001,1
121,10,12201103001,1
121,11,12201103001,1
121,12,12201103001,1
121,13,12201103001,1
121,14,12201103001,1
121,15,12201103001,1
121,16,12201103001,1
121,17,12201103001,1
121,18,12201103001,1
121,19,12201103001,1
121,20,12201103001,1
121,21,12201103001,1
121,22,12201103001,1
121,23,12201103001,1
121,24,12201103001,1
121,25,12201103001,1
121,26,12201103001,1
121,27,12201103001,1
121,28,12201103001,1
121,29,12201103001,1
121,30,12201103001,1
121,31,12201103001,1
121,32,12201103001,1
121,33,12201103001,1
121,34,12201103001,1
121,35,12201103001,1
121,36,12201103001,1
121,37,12201103001,1
121,38,12201103001,1
121,39,12201103001,1
121,40,12201103001,1
122,1,10021006001,5
122,2,10021006001,5
122,3,10021006001,5
122,4,10021006001,5
122,5,10021006001,5
122,6,10021006001,5
122,7,10021006001,5
122,8,10021006001,5
122,9,10021006001,5
122,10,10021006001,5
122,11,10021006001,5
122,12,10021006001,5
122,13,10021006001,5
122,14,10021006001,5
122,15,10021006001,5
122,16,10021006001,5
122,17,10021006001,5
122,18,10021006001,5
122,19,10021006001,5
122,20,10021006001,5
122,21,10021006001,5
122,22,10021006001,5
122,23,10021006001,5
122,24,10021006001,5
122,25,10021006001,5
122,26,10021006001,5
122,27,10021006001,5
122,28,10021006001,5
122,29,10021006001,5
122,30,10021006001,5
122,31,10021006001,5
122,32,10021006001,5
122,33,10021006001,5
122,34,10021006001,5
122,35,10021006001,5
122,36,10021006001,5
122,37,10021006001,5
122,38,10021006001,5
122,39,10021006001,5
122,40,10021006001,5
123,1,12201104001,1
123,2,12201104001,1
123,3,12201104001,1
123,4,12201104001,1
123,5,12201104001,1
123,6,12201104001,1
123,7,12201104001,1
123,8,12201104001,1
123,9,12201104001,1
123,10,12201104001,1
123,11,12201104001,1
123,12,12201104001,1
123,13,12201104001,1
123,14,12201104001,1
123,15,12201104001,1
123,16,12201104001,1
123,17,12201104001,1
123,18,12201104001,1
123,19,12201104001,1
123,20,12201104001,1
124,1,12201104001,1
124,2,12201104001,1
124,3,12201104001,1
124,4,12201104001,1
124,5,12201104001,1
124,6,12201104001,1
124,7,12201104001,1
124,8,12201104001,1
124,9,12201104001,1
124,10,12201104001,1
124,11,12201104001,1
124,12,12201104001,1
124,13,12201104001,1
124,14,12201104001,1
124,15,12201104001,1
124,16,12201104001,1
124,17,12201104001,1
124,18,12201104001,1
124,19,12201104001,1
124,20,12201104001,1
125,1,14014006001,1
125,2,14014006001,1
125,3,14014006001,1
125,4,14014006001,1
125,5,14014006001,1
125,6,14014006001,1
125,7,14014006001,1
125,8,14014006001,1
125,9,14014006001,1
125,10,14014006001,1
125,11,14014006001,1
125,12,14014006001,1
125,13,14014006001,1
125,14,14014006001,1
125,15,14014006001,1
125,16,14014006001,1
125,17,14014006001,1
125,18,14014006001,1
125,19,14014006001,1
125,20,14014006001,1
125,21,14014006001,1
125,22,14014006001,1
125,23,14014006001,1
125,24,14014006001,1
125,25,14014006001,1
125,26,14014006001,1
125,27,14014006001,1
125,28,14014006001,1
125,29,14014006001,1
125,30,14014006001,1
125,31,14014006001,1
125,32,14014006001,1
125,33,14014006001,1
125,34,14014006001,1
125,35,14014006001,1
125,36,14014006001,1
125,37,14014006001,1
125,38,14014006001,1
125,39,14014006001,1
125,40,14014006001,1
126,1,12201104001,1
126,2,12201104001,1
126,3,12201104001,1
126,4,12201104001,1
126,5,12201104001,1
126,6,12201104001,1
126,7,12201104001,1
126,8,12201104001,1
126,9,12201104001,1
126,10,12201104001,1
126,11,12201104001,1
126,12,12201104001,1
126,13,12201104001,1
126,14,12201104001,1
126,15,12201104001,1
126,16,12201104001,1
126,17,12201104001,1
126,18,12201104001,1
126,19,12201104001,1
126,20,12201104001,1
127,1,10040082001,6
127,2,10040082001,6
127,3,10040082001,6
127,4,10040082001,6
127,5,10040082001,6
127,6,10040082001,6
127,7,10040082001,6
127,8,10040082001,6
127,9,10040082001,6
127,10,10040082001,6
127,11,11032028001,2
127,12,11032028001,2
127,13,11032028001,2
127,14,11103015001,6
127,15,11103015001,6
127,16,11103015001,6
127,17,11103015001,6
127,18,11103015001,2
127,19,11103233001,2
127,20,12010200001,1
127,21,12020050001,1
127,22,12105072001,5
127,23,14014006001,1
127,24,14014006001,1
127,25,14014006001,1
127,26,14014006001,1
127,27,14014006001,1
127,28,14014006001,1
127,29,14014006001,1
127,30,14014006001,1
127,31,14014006001,1
127,32,14014006001,1
127,33,14014006001,1
127,34,14014006001,1
127,35,14014006001,1
127,36,14014006001,1
127,37,14014006001,1
127,38,14021006001,5
127,39,14021006001,3
127,40,14303038001,2
128,1,12201104001,1
128,2,12201104001,1
128,3,12201104001,1
128,4,12201104001,1
128,5,12201104001,1
128,6,12201104001,1
128,7,12201104001,1
128,8,12201104001,1
128,9,12201104001,1
128,10,12201104001,1
128,11,12201104001,1
128,12,12201104001,1
128,13,12201104001,1
128,14,12201104001,1
128,15,12201104001,1
128,16,12201104001,1
128,17,12201104001,1
128,18,12201104001,1
128,19,12201104001,1
128,20,12201104001,1
129,1,12201104001,1
129,2,12201104001,1
129,3,12201104001,1
129,4,12201104001,1
129,5,12201104001,1
129,6,12201104001,1
129,7,12201104001,1
129,8,12201104001,1
129,9,12201104001,1
129,10,12201104001,1
129,11,12201104001,1
129,12,12201104001,1
129,13,12201104001,1
129,14,12201104001,1
129,15,12201104001,1
129,16,12201104001,1
129,17,12201104001,1
129,18,12201104001,1
129,19,12201104001,1
129,20,12201104001,1
130,1,10021006001,5
130,2,10021006001,5
130,3,10021006001,5
130,4,10021006001,5
130,5,10021006001,5
130,6,10021006001,5
130,7,10021006001,5
130,8,10021006001,5
130,9,10021006001,5
130,10,10021006001,5
130,11,10021006001,5
130,12,10021006001,5
130,13,10021006001,5
130,14,10021006001,5
130,15,10021006001,5
130,16,10021006001,5
130,17,10021006001,5
130,18,10021006001,5
130,19,10021006001,5
130,20,10021006001,5
130,21,10021006001,5
130,22,10021006001,5
130,23,10021006001,5
130,24,10021006001,5
130,25,10021006001,5
130,26,10021006001,5
130,27,10021006001,5
130,28,10021006001,5
130,29,10021006001,5
130,30,10021006001,5
130,31,10021006001,5
130,32,10021006001,5
130,33,10021006001,5
130,34,10021006001,5
130,35,10021006001,5
130,36,10021006001,5
130,37,10021006001,5
130,38,10021006001,5
130,39,10021006001,5
130,40,10021006001,5
131,1,12201104001,1
131,2,12201104001,1
131,3,12201104001,1
131,4,12201104001,1
131,5,12201104001,1
131,6,12201104001,1
131,7,12201104001,1
131,8,12201104001,1
131,9,12201104001,1
131,10,12201104001,1
131,11,12201104001,1
131,12,12201104001,1
131,13,12201104001,1
131,14,12201104001,1
131,15,12201104001,1
131,16,12201104001,1
131,17,12201104001,1
131,18,12201104001,1
131,19,12201104001,1
131,20,12201104001,1
132,1,12201104001,1
132,2,12201104001,1
132,3,12201104001,1
132,4,12201104001,1
132,5,12201104001,1
132,6,12201104001,1
132,7,12201104001,1
132,8,12201104001,1
132,9,12201104001,1
132,10,12201104001,1
132,11,12201104001,1
132,12,12201104001,1
132,13,12201104001,1
132,14,12201104001,1
132,15,12201104001,1
132,16,12201104001,1
132,17,12201104001,1
132,18,12201104001,1
132,19,12201104001,1
132,20,12201104001,1
133,1,10021006001,5
133,2,10021006001,5
133,3,10021006001,5
133,4,10021006001,5
133,5,10021006001,5
133,6,10021006001,5
133,7,10021006001,5
133,8,10021006001,5
133,9,10021006001,5
133,10,10021006001,5
133,11,10021006001,5
133,12,10021006001,5
133,13,10021006001,5
133,14,10021006001,5
133,15,10021006001,5
133,16,10021006001,5
133,17,10021006001,5
133,18,10021006001,5
133,19,10021006001,5
133,20,10021006001,5
133,21,10021006001,5
133,22,10021006001,5
133,23,10021006001,5
133,24,10021006001,5
133,25,10021006001,5
133,26,10021006001,5
133,27,10021006001,5
133,28,10021006001,5
133,29,10021006001,5
133,30,10021006001,5
133,31,10021006001,5
133,32,10021006001,5
133,33,10021006001,5
133,34,10021006001,5
133,35,10021006001,5
133,36,10021006001,5
133,37,10021006001,5
133,38,10021006001,5
133,39,10021006001,5
133,40,10021006001,5
134,1,11032220001,6
134,2,11032220001,6
134,3,11032220001,1
134,4,11103289001,6
134,5,11111017001,6
134,6,11111017001,6
134,7,11111017001,6
134,8,11111017001,6
134,9,11111017001,4
134,10,12000295001,1
134,11,12002009001,21
134,12,12002009001,21
134,13,12002009001,11
134,14,12012168001,1
134,15,12106004001,5
134,16,14020960001,3
134,17,14020960001,3
134,18,14303036001,4
134,19,14504015001,10
134,20,14504015001,10
134,21,14504015001,10
134,22,14504015001,10
134,23,14504015001,10
134,24,14504015001,10
134,25,14504015001,10
134,26,14504015001,10
134,27,14504015001,10
134,28,14504015001,10
134,29,14504015001,10
134,30,14504015001,10
134,31,14504015001,10
134,32,14504015001,10
134,33,14504015001,10
134,34,14504015001,5
135,1,12201104001,1
135,2,12201104001,1
135,3,12201104001,1
135,4,12201104001,1
135,5,12201104001,1
135,6,12201104001,1
135,7,12201104001,1
135,8,12201104001,1
135,9,12201104001,1
135,10,12201104001,1
135,11,12201104001,1
135,12,12201104001,1
135,13,12201104001,1
135,14,12201104001,1
135,15,12201104001,1
135,16,12201104001,1
135,17,12201104001,1
135,18,12201104001,1
135,19,12201104001,1
135,20,12201104001,1
136,1,12201104001,1
136,2,12201104001,1
136,3,12201104001,1
136,4,12201104001,1
136,5,12201104001,1
136,6,12201104001,1
136,7,12201104001,1
136,8,12201104001,1
136,9,12201104001,1
136,10,12201104001,1
136,11,12201104001,1
136,12,12201104001,1
136,13,12201104001,1
136,14,12201104001,1
136,15,12201104001,1
136,16,12201104001,1
136,17,12201104001,1
136,18,12201104001,1
136,19,12201104001,1
136,20,12201104001,1
137,1,12201104001,1
137,2,12201104001,1
137,3,12201104001,1
137,4,12201104001,1
137,5,12201104001,1
137,6,12201104001,1
137,7,12201104001,1
137,8,12201104001,1
137,9,12201104001,1
137,10,12201104001,1
137,11,12201104001,1
137,12,12201104001,1
137,13,12201104001,1
137,14,12201104001,1
137,15,12201104001,1
137,16,12201104001,1
137,17,12201104001,1
137,18,12201104001,1
137,19,12201104001,1
137,20,12201104001,1
138,1,10052025001,9
138,2,10052025001,9
138,3,10052025001,2
138,4,11103283001,2
138,5,12000179001,8
138,6,12000179001,8
138,7,12000179001,8
138,8,12000179001,8
138,9,12000179001,5
138,10,12005107006,9
138,11,12005107006,9
138,12,12005107006,9
138,13,12005107006,9
138,14,12005107006,9
138,15,12005107006,8
138,16,12010214001,2
138,17,12012969001,2
138,18,12106007001,2
138,19,14021015001,5
138,20,14021015001,1
138,21,14303037001,2
138,22,14509001001,3
138,23,14509001001,3
138,24,14509001001,3
138,25,14509001001,3
138,26,14509001001,3
138,27,14509001001,3
138,28,14509001001,3
138,29,14509001001,3
138,30,14509001001,3
138,31,14509001001,3
138,32,14509001001,3
138,33,14509001001,3
138,34,14509001001,3
138,35,14509001001,3
138,36,14509001001,3
138,37,14509001001,2
139,1,12201104001,1
139,2,12201104001,1
139,3,12201104001,1
139,4,12201104001,1
139,5,12201104001,1
139,6,12201104001,1
139,7,12201104001,1
139,8,12201104001,1
139,9,12201104001,1
139,10,12201104001,1
139,11,12201104001,1
139,12,12201104001,1
139,13,12201104001,1
139,14,12201104001,1
139,15,12201104001,1
139,16,12201104001,1
139,17,12201104001,1
139,18,12201104001,1
139,19,12201104001,1
139,20,12201104001,1
140,1,11050020001,6
140,2,11050020001,6
140,3,11050020001,6
140,4,11070006001,10
140,5,11070006001,10
140,6,11070006001,10
140,7,11070006001,10
140,8,11070006001,10
140,9,11070006001,3
140,10,11103244001,2
140,11,12005093002,1
140,12,12010059001,7
140,13,12010059001,7
140,14,12010059001,7
140,15,12010059001,7
140,16,12010059001,2
140,17,12017018001,1
140,18,12106012001,2
140,19,14021036001,4
140,20,14021036001,3
140,21,14303040001,2
140,22,14620042001,7
140,23,14620042001,7
140,24,14620042001,7
140,25,14620042001,7
140,26,14620042001,7
140,27,14620042001,7
140,28,14620042001,7
140,29,14620042001,7
140,30,14620042001,7
140,31,14620042001,7
140,32,14620042001,7
140,33,14620042001,7
140,34,14620042001,7
140,35,14620042001,7
140,36,14620042001,7
140,37,14620042001,5
141,1,11050076001,7
141,2,11050076001,7
141,3,11050076001,1
141,4,11103323001,1
141,5,12000059001,6
141,6,12000059001,6
141,7,12000059001,6
141,8,12000059001,6
141,9,12000059001,3
141,10,12001067001,53
141,11,12011357001,10
141,12,12011357001,10
141,13,12011357001,7
141,14,12012171001,20
141,15,12012171001,7
141,16,12014022001,2
141,17,12020026001,2
141,18,12106014001,1
141,19,14022027001,11
141,20,14022027001,2
141,21,14304009001,7
141,22,14502044001,12
141,23,14502044001,12
141,24,14502044001,1
141,25,14506887001,12
141,26,14506887001,12
141,27,14506887001,1
142,1,12201104001,1
142,2,12201104001,1
142,3,12201104001,1
142,4,12201104001,1
142,5,12201104001,1
142,6,12201104001,1
142,7,12201104001,1
142,8,12201104001,1
142,9,12201104001,1
142,10,12201104001,1
142,11,12201104001,1
142,12,12201104001,1
142,13,12201104001,1
142,14,12201104001,1
142,15,12201104001,1
142,16,12201104001,1
142,17,12201104001,1
142,18,12201104001,1
142,19,12201104001,1
142,20,12201104001,1
143,1,12201104001,1
143,2,12201104001,1
143,3,12201104001,1
143,4,12201104001,1
143,5,12201104001,1
143,6,12201104001,1
143,7,12201104001,1
143,8,12201104001,1
143,9,12201104001,1
143,10,12201104001,1
143,11,12201104001,1
143,12,12201104001,1
143,13,12201104001,1
143,14,12201104001,1
143,15,12201104001,1
143,16,12201104001,1
143,17,12201104001,1
143,18,12201104001,1
143,19,12201104001,1
143,20,12201104001,1
144,1,12201104001,1
144,2,12201104001,1
144,3,12201104001,1
144,4,12201104001,1
144,5,12201104001,1
144,6,12201104001,1
144,7,12201104001,1
144,8,12201104001,1
144,9,12201104001,1
144,10,12201104001,1
144,11,12201104001,1
144,12,12201104001,1
144,13,12201104001,1
144,14,12201104001,1
144,15,12201104001,1
144,16,12201104001,1
144,17,12201104001,1
144,18,12201104001,1
144,19,12201104001,1
144,20,12201104001,1
145,1,12201103001,1
145,2,12201103001,1
145,3,12201103001,1
145,4,12201103001,1
145,5,12201103001,1
145,6,12201103001,1
145,7,12201103001,1
145,8,12201103001,1
145,9,12201103001,1
145,10,12201103001,1
145,11,12201103001,1
145,12,12201103001,1
145,13,12201103001,1
145,14,12201103001,1
145,15,12201103001,1
145,16,12201103001,1
145,17,12201103001,1
145,18,12201103001,1
145,19,12201103001,1
145,20,12201103001,1
145,21,12201103001,1
145,22,12201103001,1
145,23,12201103001,1
145,24,12201103001,1
145,25,12201103001,1
145,26,12201103001,1
145,27,12201103001,1
145,28,12201103001,1
145,29,12201103001,1
145,30,12201103001,1
145,31,12201103001,1
145,32,12201103001,1
145,33,12201103001,1
145,34,12201103001,1
145,35,12201103001,1
145,36,12201103001,1
145,37,12201103001,1
145,38,12201103001,1
145,39,12201103001,1
145,40,12201103001,1
146,1,14011052001,3
146,2,14011052001,3
146,3,14011052001,3
146,4,14011052001,3
146,5,14011052001,3
146,6,14011052001,3
146,7,14011052001,3
146,8,14011052001,3
146,9,14011052001,3
146,10,14011052001,3
146,11,14011052001,3
146,12,14011052001,3
146,13,14011052001,3
146,14,14011052001,3
146,15,14011052001,3
146,16,14011052001,3
146,17,14011052001,3
146,18,14011052001,3
146,19,14011052001,3
146,20,14011052001,3
146,21,14011052001,3
146,22,14011052001,3
146,23,14011052001,3
146,24,14011052001,3
146,25,14011052001,3
146,26,14011052001,3
146,27,14011052001,3
146,28,14011052001,3
146,29,14011052001,3
146,30,14011052001,3
146,31,14011052001,3
146,32,14011052001,3
146,33,14011052001,3
146,34,14011052001,3
146,35,14011052001,3
146,36,14011052001,3
146,37,14011052001,3
146,38,14011052001,3
146,39,14011052001,3
146,40,14011052001,3
147,1,12201104001,1
147,2,12201104001,1
147,3,12201104001,1
147,4,12201104001,1
147,5,12201104001,1
147,6,12201104001,1
147,7,12201104001,1
147,8,12201104001,1
147,9,12201104001,1
147,10,12201104001,1
147,11,12201104001,1
147,12,12201104001,1
147,13,12201104001,1
147,14,12201104001,1
147,15,12201104001,1
147,16,12201104001,1
147,17,12201104001,1
147,18,12201104001,1
147,19,12201104001,1
147,20,12201104001,1
148,1,12201103001,1
148,2,12201103001,1
148,3,12201103001,1
148,4,12201103001,1
148,5,12201103001,1
148,6,12201103001,1
148,7,12201103001,1
148,8,12201103001,1
148,9,12201103001,1
148,10,12201103001,1
148,11,12201103001,1
148,12,12201103001,1
148,13,12201103001,1
148,14,12201103001,1
148,15,12201103001,1
148,16,12201103001,1
148,17,12201103001,1
148,18,12201103001,1
148,19,12201103001,1
148,20,12201103001,1
148,21,12201103001,1
148,22,12201103001,1
148,23,12201103001,1
148,24,12201103001,1
148,25,12201103001,1
148,26,12201103001,1
148,27,12201103001,1
148,28,12201103001,1
148,29,12201103001,1
148,30,12201103001,1
148,31,12201103001,1
148,32,12201103001,1
148,33,12201103001,1
148,34,12201103001,1
148,35,12201103001,1
148,36,12201103001,1
148,37,12201103001,1
148,38,12201103001,1
148,39,12201103001,1
148,40,12201103001,1
149,1,12201104001,1
149,2,12201104001,1
149,3,12201104001,1
149,4,12201104001,1
149,5,12201104001,1
149,6,12201104001,1
149,7,12201104001,1
149,8,12201104001,1
149,9,12201104001,1
149,10,12201104001,1
149,11,12201104001,1
149,12,12201104001,1
149,13,12201104001,1
149,14,12201104001,1
149,15,12201104001,1
149,16,12201104001,1
149,17,12201104001,1
149,18,12201104001,1
149,19,12201104001,1
149,20,12201104001,1
150,1,12201104001,1
150,2,12201104001,1
150,3,12201104001,1
150,4,12201104001,1
150,5,12201104001,1
150,6,12201104001,1
150,7,12201104001,1
150,8,12201104001,1
150,9,12201104001,1
150,10,12201104001,1
150,11,12201104001,1
150,12,12201104001,1
150,13,12201104001,1
150,14,12201104001,1
150,15,12201104001,1
150,16,12201104001,1
150,17,12201104001,1
150,18,12201104001,1
150,19,12201104001,1
150,20,12201104001,1
151,1,14011052001,3
151,2,14011052001,3
151,3,14011052001,3
151,4,14011052001,3
151,5,14011052001,3
151,6,14011052001,3
151,7,14011052001,3
151,8,14011052001,3
151,9,14011052001,3
151,10,14011052001,3
151,11,14011052001,3
151,12,14011052001,3
151,13,14011052001,3
151,14,14011052001,3
151,15,14011052001,3
151,16,14011052001,3
151,17,14011052001,3
151,18,14011052001,3
151,19,14011052001,3
151,20,14011052001,3
151,21,14011052001,3
151,22,14011052001,3
151,23,14011052001,3
151,24,14011052001,3
151,25,14011052001,3
151,26,14011052001,3
151,27,14011052001,3
151,28,14011052001,3
151,29,14011052001,3
151,30,14011052001,3
151,31,14011052001,3
151,32,14011052001,3
151,33,14011052001,3
151,34,14011052001,3
151,35,14011052001,3
151,36,14011052001,3
151,37,14011052001,3
151,38,14011052001,3
151,39,14011052001,3
151,40,14011052001,3
152,1,12201103001,1
152,2,12201103001,1
152,3,12201103001,1
152,4,12201103001,1
152,5,12201103001,1
152,6,12201103001,1
152,7,12201103001,1
152,8,12201103001,1
152,9,12201103001,1
152,10,12201103001,1
152,11,12201103001,1
152,12,12201103001,1
152,13,12201103001,1
152,14,12201103001,1
152,15,12201103001,1
152,16,12201103001,1
152,17,12201103001,1
152,18,12201103001,1
152,19,12201103001,1
152,20,12201103001,1
152,21,12201103001,1
152,22,12201103001,1
152,23,12201103001,1
152,24,12201103001,1
152,25,12201103001,1
152,26,12201103001,1
152,27,12201103001,1
152,28,12201103001,1
152,29,12201103001,1
152,30,12201103001,1
152,31,12201103001,1
152,32,12201103001,1
152,33,12201103001,1
152,34,12201103001,1
152,35,12201103001,1
152,36,12201103001,1
152,37,12201103001,1
152,38,12201103001,1
152,39,12201103001,1
152,40,12201103001,1
153,1,10021006001,5
153,2,10021006001,5
153,3,10021006001,2
153,4,10033012001,5
153,5,10033012001,5
153,6,10033012001,5
153,7,10033012001,5
153,8,10033012001,5
153,9,10033012001,5
153,10,10033012001,5
153,11,10033012001,5
153,12,10033012001,5
153,13,10033012001,5
153,14,10033012001,5
153,15,10033012001,5
153,16,10033012001,5
153,17,10033012001,5
153,18,10033012001,5
153,19,10033012001,5
153,20,10033012001,5
153,21,10033012001,5
153,22,10033012001,2
153,23,11103884003,1
153,24,12016099001,1
153,25,12016106001,1
153,26,12100012001,3
153,27,12100012001,3
153,28,12100012001,3
153,29,12100012001,1
153,30,12106026001,4
153,31,14022012001,4
153,32,14022012001,2
153,33,14022032001,4
153,34,14022032001,4
153,35,14022032001,4
153,36,14022032001,4
153,37,14022032001,4
153,38,14022032001,4
153,39,14022032001,3
153,40,14303899001,5
154,1,14014015001,1
154,2,14014015001,1
154,3,14014015001,1
154,4,14014015001,1
154,5,14014015001,1
154,6,14014015001,1
154,7,14014015001,1
154,8,14014015001,1
154,9,14014015001,1
154,10,14014015001,1
154,11,14014015001,1
154,12,14014015001,1
154,13,14014015001,1
154,14,14014015001,1
154,15,14014015001,1
154,16,14014015001,1
154,17,14014015001,1
154,18,14014015001,1
154,19,14014015001,1
154,20,14014015001,1
154,21,14014015001,1
154,22,14014015001,1
154,23,14014015001,1
154,24,14014015001,1
154,25,14014015001,1
154,26,14014015001,1
154,27,14014015001,1
154,28,14014015001,1
154,29,14014015001,1
154,30,14014015001,1
154,31,14014015001,1
154,32,14014015001,1
154,33,14014015001,1
154,34,14014015001,1
154,35,14014015001,1
154,36,14014015001,1
154,37,14014015001,1
154,38,14014015001,1
154,39,14014015001,1
154,40,14014015001,1
155,1,12201104001,1
155,2,12201104001,1
155,3,12201104001,1
155,4,12201104001,1
155,5,12201104001,1
155,6,12201104001,1
155,7,12201104001,1
155,8,12201104001,1
155,9,12201104001,1
155,10,12201104001,1
155,11,12201104001,1
155,12,12201104001,1
155,13,12201104001,1
155,14,12201104001,1
155,15,12201104001,1
155,16,12201104001,1
155,17,12201104001,1
155,18,12201104001,1
155,19,12201104001,1
155,20,12201104001,1
156,1,12201103001,1
156,2,12201103001,1
156,3,12201103001,1
156,4,12201103001,1
156,5,12201103001,1
156,6,12201103001,1
156,7,12201103001,1
156,8,12201103001,1
156,9,12201103001,1
156,10,12201103001,1
156,11,12201103001,1
156,12,12201103001,1
156,13,12201103001,1
156,14,12201103001,1
156,15,12201103001,1
156,16,12201103001,1
156,17,12201103001,1
156,18,12201103001,1
156,19,12201103001,1
156,20,12201103001,1
156,21,12201103001,1
156,22,12201103001,1
156,23,12201103001,1
156,24,12201103001,1
156,25,12201103001,1
156,26,12201103001,1
156,27,12201103001,1
156,28,12201103001,1
156,29,12201103001,1
156,30,12201103001,1
156,31,12201103001,1
156,32,12201103001,1
156,33,12201103001,1
156,34,12201103001,1
156,35,12201103001,1
156,36,12201103001,1
156,37,12201103001,1
156,38,12201103001,1
156,39,12201103001,1
156,40,12201103001,1
157,1,12201104001,1
157,2,12201104001,1
157,3,12201104001,1
157,4,12201104001,1
157,5,12201104001,1
157,6,12201104001,1
157,7,12201104001,1
157,8,12201104001,1
157,9,12201104001,1
157,10,12201104001,1
157,11,12201104001,1
157,12,12201104001,1
157,13,12201104001,1
157,14,12201104001,1
157,15,12201104001,1
157,16,12201104001,1
157,17,12201104001,1
157,18,12201104001,1
157,19,12201104001,1
157,20,12201104001,1
158,1,14014015001,1
158,2,14014015001,1
158,3,14014015001,1
158,4,14014015001,1
158,5,14014015001,1
158,6,14014015001,1
158,7,14014015001,1
158,8,14014015001,1
158,9,14014015001,1
158,10,14014015001,1
158,11,14014015001,1
158,12,14014015001,1
158,13,14014015001,1
158,14,14014015001,1
158,15,14014015001,1
158,16,14014015001,1
158,17,14014015001,1
158,18,14014015001,1
158,19,14014015001,1
158,20,14014015001,1
158,21,14014015001,1
158,22,14014015001,1
158,23,14014015001,1
158,24,14014015001,1
158,25,14014015001,1
158,26,14014015001,1
158,27,14014015001,1
158,28,14014015001,1
158,29,14014015001,1
158,30,14014015001,1
158,31,14014015001,1
158,32,14014015001,1
158,33,14014015001,1
158,34,14014015001,1
158,35,14014015001,1
158,36,14014015001,1
158,37,14014015001,1
158,38,14014015001,1
158,39,14014015001,1
158,40,14014015001,1
159,1,10001008001,8
159,2,10001008001,8
159,3,10001008001,8
159,4,10001008001,8
159,5,10001008001,8
159,6,10001008001,8
159,7,10001008001,8
159,8,10001008001,8
159,9,10001008001,2
159,10,11103354001,6
159,11,12020078001,1
159,12,12022027001,1
159,13,12106016002,7
159,14,14011052001,3
159,15,14011052001,3
159,16,14011052001,3
159,17,14011052001,3
159,18,14011052001,3
159,19,14011052001,3
159,20,14011052001,3
159,21,14011052001,3
159,22,14011052001,3
159,23,14011052001,3
159,24,14011052001,3
159,25,14011052001,3
159,26,14011052001,3
159,27,14011052001,3
159,28,14011052001,3
159,29,14011052001,3
159,30,14011052001,3
159,31,14011052001,3
159,32,14011052001,2
159,33,14023310001,9
159,34,14023310001,2
159,35,14303898001,2
159,36,14506314001,18
159,37,14506314001,18
159,38,14506314001,18
159,39,14506314001,18
159,40,14506314001,8
160,1,10002040001,7
160,2,10002040001,7
160,3,10002040001,7
160,4,10002040001,7
160,5,10002040001,7
160,6,10002040001,7
160,7,10002040001,7
160,8,10002040001,7
160,9,10002040001,7
160,10,10002040001,7
160,11,10002040001,7
160,12,10002040001,7
160,13,10002040001,7
160,14,10002040001,7
160,15,10002040001,7
160,16,11010051001,9
160,17,11010051001,9
160,18,11010051001,9
160,19,11010051001,9
160,20,11010051001,9
160,21,11010051001,8
160,22,11040026001,3
160,23,11040026001,3
160,24,11040026001,2
160,25,11103346001,5
160,26,12017039001,3
160,27,12017040001,3
160,28,12100017001,5
160,29,12100017001,3
160,30,12100023001,3
160,31,12100023001,3
160,32,12100023001,2
160,33,12106019001,1
160,34,14022001001,5
160,35,14022001001,2
160,36,14304064001,1
161,1,12201103001,1
161,2,12201103001,1
161,3,12201103001,1
161,4,12201103001,1
161,5,12201103001,1
161,6,12201103001,1
161,7,12201103001,1
161,8,12201103001,1
161,9,12201103001,1
161,10,12201103001,1
161,11,12201103001,1
161,12,12201103001,1
161,13,12201103001,1
161,14,12201103001,1
161,15,12201103001,1
161,16,12201103001,1
161,17,12201103001,1
161,18,12201103001,1
161,19,12201103001,1
161,20,12201103001,1
161,21,12201103001,1
161,22,12201103001,1
161,23,12201103001,1
161,24,12201103001,1
161,25,12201103001,1
161,26,12201103001,1
161,27,12201103001,1
161,28,12201103001,1
161,29,12201103001,1
161,30,12201103001,1
161,31,12201103001,1
161,32,12201103001,1
161,33,12201103001,1
161,34,12201103001,1
161,35,12201103001,1
161,36,12201103001,1
161,37,12201103001,1
161,38,12201103001,1
161,39,12201103001,1
161,40,12201103001,1
162,1,10016014001,10
162,2,10016014001,10
162,3,10016014001,10
162,4,10016014001,10
162,5,10016014001,10
162,6,10016014001,10
162,7,10016014001,10
162,8,10016014001,10
162,9,10016014001,10
162,10,10016014001,10
162,11,10016014001,10
162,12,10016014001,10
162,13,10016014001,10
162,14,10016014001,10
162,15,10016014001,4
162,16,11050004001,8
162,17,11050004001,8
162,18,11050004001,5
162,19,11103365001,2
162,20,12020165001,4
162,21,12020271001,4
162,22,12032072001,53
162,23,12106027001,10
162,24,14022059001,2
162,25,14022059001,1
162,26,14110054001,5
162,27,14110054001,5
162,28,14110054001,5
162,29,14110054001,5
162,30,14110054001,5
162,31,14110054001,3
162,32,14304013001,1
163,1,12201103001,1
163,2,12201103001,1
163,3,12201103001,1
163,4,12201103001,1
163,5,12201103001,1
163,6,12201103001,1
163,7,12201103001,1
163,8,12201103001,1
163,9,12201103001,1
163,10,12201103001,1
163,11,12201103001,1
163,12,12201103001,1
163,13,12201103001,1
163,14,12201103001,1
163,15,12201103001,1
163,16,12201103001,1
163,17,12201103001,1
163,18,12201103001,1
163,19,12201103001,1
163,20,12201103001,1
163,21,12201103001,1
163,22,12201103001,1
163,23,12201103001,1
163,24,12201103001,1
163,25,12201103001,1
163,26,12201103001,1
163,27,12201103001,1
163,28,12201103001,1
163,29,12201103001,1
163,30,12201103001,1
163,31,12201103001,1
163,32,12201103001,1
163,33,12201103001,1
163,34,12201103001,1
163,35,12201103001,1
163,36,12201103001,1
163,37,12201103001,1
163,38,12201103001,1
163,39,12201103001,1
163,40,12201103001,1
164,1,10020041001,20
164,2,10020041001,20
164,3,10020041001,20
164,4,10020041001,20
164,5,10020041001,20
164,6,10020041001,20
164,7,10020041001,20
164,8,10020041001,20
164,9,10020041001,20
164,10,10020041001,20
164,11,10020041001,20
164,12,10020041001,20
164,13,10020041001,20
164,14,10020041001,20
164,15,10020041001,2
164,16,11051006001,5
164,17,11051006001,5
164,18,11051006001,1
164,19,11103370001,3
164,20,12017017001,22
164,21,12017017001,22
164,22,12017017001,9
164,23,12020326001,6
164,24,12102141001,6
164,25,12106029001,2
164,26,14023132001,7
164,27,14023132001,6
164,28,14310015001,3
164,29,14506264001,6
164,30,14506264001,6
164,31,14506490001,4
164,32,14506490001,4
164,33,14506490001,4
165,1,12201103001,1
165,2,12201103001,1
165,3,12201103001,1
165,4,12201103001,1
165,5,12201103001,1
165,6,12201103001,1
165,7,12201103001,1
165,8,12201103001,1
165,9,12201103001,1
165,10,12201103001,1
165,11,12201103001,1
165,12,12201103001,1
165,13,12201103001,1
165,14,12201103001,1
165,15,12201103001,1
165,16,12201103001,1
165,17,12201103001,1
165,18,12201103001,1
165,19,12201103001,1
165,20,12201103001,1
165,21,12201103001,1
165,22,12201103001,1
165,23,12201103001,1
165,24,12201103001,1
165,25,12201103001,1
165,26,12201103001,1
165,27,12201103001,1
165,28,12201103001,1
165,29,12201103001,1
165,30,12201103001,1
165,31,12201103001,1
165,32,12201103001,1
165,33,12201103001,1
165,34,12201103001,1
165,35,12201103001,1
165,36,12201103001,1
165,37,12201103001,1
165,38,12201103001,1
165,39,12201103001,1
165,40,12201103001,1
166,1,12201104001,1
166,2,12201104001,1
166,3,12201104001,1
166,4,12201104001,1
166,5,12201104001,1
166,6,12201104001,1
166,7,12201104001,1
166,8,12201104001,1
166,9,12201104001,1
166,10,12201104001,1
166,11,12201104001,1
166,12,12201104001,1
166,13,12201104001,1
166,14,12201104001,1
166,15,12201104001,1
166,16,12201104001,1
166,17,12201104001,1
166,18,12201104001,1
166,19,12201104001,1
166,20,12201104001,1
167,1,14503003001,4
167,2,14503003001,4
167,3,14503003001,4
167,4,14503003001,4
167,5,14503003001,4
167,6,14503003001,4
167,7,14503003001,4
167,8,14503003001,4
167,9,14503003001,4
167,10,14503003001,4
167,11,14503003001,4
167,12,14503003001,4
167,13,14503003001,4
167,14,14503003001,4
167,15,14503003001,4
167,16,14503003001,4
167,17,14503003001,4
167,18,14503003001,4
167,19,14503003001,4
167,20,14503003001,4
167,21,14503003001,4
167,22,14503003001,4
167,23,14503003001,4
167,24,14503003001,4
167,25,14503003001,4
167,26,14503003001,4
167,27,14503003001,4
167,28,14503003001,4
167,29,14503003001,4
167,30,14503003001,4
167,31,14503003001,4
167,32,14503003001,4
167,33,14503003001,4
167,34,14503003001,4
167,35,14503003001,4
167,36,14503003001,4
167,37,14503003001,4
167,38,14503003001,4
167,39,14503003001,4
167,40,14503003001,4
168,1,14014015001,1
168,2,14014015001,1
168,3,14014015001,1
168,4,14014015001,1
168,5,14014015001,1
168,6,14014015001,1
168,7,14014015001,1
168,8,14014015001,1
168,9,14014015001,1
168,10,14014015001,1
168,11,14014015001,1
168,12,14014015001,1
168,13,14014015001,1
168,14,14014015001,1
168,15,14014015001,1
168,16,14014015001,1
168,17,14014015001,1
168,18,14014015001,1
168,19,14014015001,1
168,20,14014015001,1
168,21,14014015001,1
168,22,14014015001,1
168,23,14014015001,1
168,24,14014015001,1
168,25,14014015001,1
168,26,14014015001,1
168,27,14014015001,1
168,28,14014015001,1
168,29,14014015001,1
168,30,14014015001,1
168,31,14014015001,1
168,32,14014015001,1
168,33,14014015001,1
168,34,14014015001,1
168,35,14014015001,1
168,36,14014015001,1
168,37,14014015001,1
168,38,14014015001,1
168,39,14014015001,1
168,40,14014015001,1
169,1,12201104001,1
169,2,12201104001,1
169,3,12201104001,1
169,4,12201104001,1
169,5,12201104001,1
169,6,12201104001,1
169,7,12201104001,1
169,8,12201104001,1
169,9,12201104001,1
169,10,12201104001,1
169,11,12201104001,1
169,12,12201104001,1
169,13,12201104001,1
169,14,12201104001,1
169,15,12201104001,1
169,16,12201104001,1
169,17,12201104001,1
169,18,12201104001,1
169,19,12201104001,1
169,20,12201104001,1
170,1,12201103001,1
170,2,12201103001,1
170,3,12201103001,1
170,4,12201103001,1
170,5,12201103001,1
170,6,12201103001,1
170,7,12201103001,1
170,8,12201103001,1
170,9,12201103001,1
170,10,12201103001,1
170,11,12201103001,1
170,12,12201103001,1
170,13,12201103001,1
170,14,12201103001,1
170,15,12201103001,1
170,16,12201103001,1
170,17,12201103001,1
170,18,12201103001,1
170,19,12201103001,1
170,20,12201103001,1
170,21,12201103001,1
170,22,12201103001,1
170,23,12201103001,1
170,24,12201103001,1
170,25,12201103001,1
170,26,12201103001,1
170,27,12201103001,1
170,28,12201103001,1
170,29,12201103001,1
170,30,12201103001,1
170,31,12201103001,1
170,32,12201103001,1
170,33,12201103001,1
170,34,12201103001,1
170,35,12201103001,1
170,36,12201103001,1
170,37,12201103001,1
170,38,12201103001,1
170,39,12201103001,1
170,40,12201103001,1
171,1,12201104001,1
171,2,12201104001,1
171,3,12201104001,1
171,4,12201104001,1
171,5,12201104001,1
171,6,12201104001,1
171,7,12201104001,1
171,8,12201104001,1
171,9,12201104001,1
171,10,12201104001,1
171,11,12201104001,1
171,12,12201104001,1
171,13,12201104001,1
171,14,12201104001,1
171,15,12201104001,1
171,16,12201104001,1
171,17,12201104001,1
171,18,12201104001,1
171,19,12201104001,1
171,20,12201104001,1
172,1,12201103001,1
172,2,12201103001,1
172,3,12201103001,1
172,4,12201103001,1
172,5,12201103001,1
172,6,12201103001,1
172,7,12201103001,1
172,8,12201103001,1
172,9,12201103001,1
172,10,12201103001,1
172,11,12201103001,1
172,12,12201103001,1
172,13,12201103001,1
172,14,12201103001,1
172,15,12201103001,1
172,16,12201103001,1
172,17,12201103001,1
172,18,12201103001,1
172,19,12201103001,1
172,20,12201103001,1
172,21,12201103001,1
172,22,12201103001,1
172,23,12201103001,1
172,24,12201103001,1
172,25,12201103001,1
172,26,12201103001,1
172,27,12201103001,1
172,28,12201103001,1
172,29,12201103001,1
172,30,12201103001,1
172,31,12201103001,1
172,32,12201103001,1
172,33,12201103001,1
172,34,12201103001,1
172,35,12201103001,1
172,36,12201103001,1
172,37,12201103001,1
172,38,12201103001,1
172,39,12201103001,1
172,40,12201103001,1
173,1,12201103001,1
173,2,12201103001,1
173,3,12201103001,1
173,4,12201103001,1
173,5,12201103001,1
173,6,12201103001,1
173,7,12201103001,1
173,8,12201103001,1
173,9,12201103001,1
173,10,12201103001,1
173,11,12201103001,1
173,12,12201103001,1
173,13,12201103001,1
173,14,12201103001,1
173,15,12201103001,1
173,16,12201103001,1
173,17,12201103001,1
173,18,12201103001,1
173,19,12201103001,1
173,20,12201103001,1
173,21,12201103001,1
173,22,12201103001,1
173,23,12201103001,1
173,24,12201103001,1
173,25,12201103001,1
173,26,12201103001,1
173,27,12201103001,1
173,28,12201103001,1
173,29,12201103001,1
173,30,12201103001,1
173,31,12201103001,1
173,32,12201103001,1
173,33,12201103001,1
173,34,12201103001,1
173,35,12201103001,1
173,36,12201103001,1
173,37,12201103001,1
173,38,12201103001,1
173,39,12201103001,1
173,40,12201103001,1
174,1,12201103001,1
174,2,12201103001,1
174,3,12201103001,1
174,4,12201103001,1
174,5,12201103001,1
174,6,12201103001,1
174,7,12201103001,1
174,8,12201103001,1
174,9,12201103001,1
174,10,12201103001,1
174,11,12201103001,1
174,12,12201103001,1
174,13,12201103001,1
174,14,12201103001,1
174,15,12201103001,1
174,16,12201103001,1
174,17,12201103001,1
174,18,12201103001,1
174,19,12201103001,1
174,20,12201103001,1
174,21,12201103001,1
174,22,12201103001,1
174,23,12201103001,1
174,24,12201103001,1
174,25,12201103001,1
174,26,12201103001,1
174,27,12201103001,1
174,28,12201103001,1
174,29,12201103001,1
174,30,12201103001,1
174,31,12201103001,1
174,32,12201103001,1
174,33,12201103001,1
174,34,12201103001,1
174,35,12201103001,1
174,36,12201103001,1
174,37,12201103001,1
174,38,12201103001,1
174,39,12201103001,1
174,40,12201103001,1
175,1,12201103001,1
175,2,12201103001,1
175,3,12201103001,1
175,4,12201103001,1
175,5,12201103001,1
175,6,12201103001,1
175,7,12201103001,1
175,8,12201103001,1
175,9,12201103001,1
175,10,12201103001,1
175,11,12201103001,1
175,12,12201103001,1
175,13,12201103001,1
175,14,12201103001,1
175,15,12201103001,1
175,16,12201103001,1
175,17,12201103001,1
175,18,12201103001,1
175,19,12201103001,1
175,20,12201103001,1
175,21,12201103001,1
175,22,12201103001,1
175,23,12201103001,1
175,24,12201103001,1
175,25,12201103001,1
175,26,12201103001,1
175,27,12201103001,1
175,28,12201103001,1
175,29,12201103001,1
175,30,12201103001,1
175,31,12201103001,1
175,32,12201103001,1
175,33,12201103001,1
175,34,12201103001,1
175,35,12201103001,1
175,36,12201103001,1
175,37,12201103001,1
175,38,12201103001,1
175,39,12201103001,1
175,40,12201103001,1
176,1,11022051001,4
176,2,11022051001,4
176,3,11022051001,4
176,4,11022051001,4
176,5,11022051001,4
176,6,11022051001,4
176,7,11022051001,4
176,8,11022051001,4
176,9,11022051001,4
176,10,11022051001,2
176,11,11031901001,1
176,12,11103377001,1
176,13,12020242001,1
176,14,12020260001,1
176,15,12106035001,1
176,16,12201103001,1
176,17,12201103001,1
176,18,12201103001,1
176,19,12201103001,1
176,20,12201103001,1
176,21,12201103001,1
176,22,12201103001,1
176,23,12201103001,1
176,24,12201103001,1
176,25,12201103001,1
176,26,12201103001,1
176,27,12201103001,1
176,28,12201103001,1
176,29,12201103001,1
176,30,12201103001,1
176,31,12201103001,1
176,32,14003013001,5
176,33,14003013001,5
176,34,14003013001,1
176,35,14104150001,3
176,36,14104150001,3
176,37,14104150001,3
176,38,14104150001,3
176,39,14104150001,3
176,40,14303058001,2
177,1,11031907001,4
177,2,11104001001,1
177,3,12032224001,1
177,4,12101020001,1
177,5,12106039001,1
177,6,14014015001,1
177,7,14014015001,1
177,8,14014015001,1
177,9,14014015001,1
177,10,14014015001,1
177,11,14014015001,1
177,12,14014015001,1
177,13,14014015001,1
177,14,14014015001,1
177,15,14014015001,1
177,16,14014015001,1
177,17,14014015001,1
177,18,14014015001,1
177,19,14014015001,1
177,20,14014015001,1
177,21,14014015001,1
177,22,14014015001,1
177,23,14014015001,1
177,24,14014015001,1
177,25,14014015001,1
177,26,14014015001,1
177,27,14014015001,1
177,28,14014015001,1
177,29,14014015001,1
177,30,14014015001,1
177,31,14014015001,1
177,32,14014015001,1
177,33,14014015001,1
177,34,14014015001,1
177,35,14014015001,1
177,36,14014015001,1
177,37,14014015001,1
177,38,14014015001,1
177,39,14014015001,1
177,40,14304062001,2
178,1,14503003001,4
178,2,14503003001,4
178,3,14503003001,4
178,4,14503003001,4
178,5,14503003001,4
178,6,14503003001,4
178,7,14503003001,4
178,8,14503003001,4
178,9,14503003001,4
178,10,14503003001,4
178,11,14503003001,4
178,12,14503003001,4
178,13,14503003001,4
178,14,14503003001,4
178,15,14503003001,4
178,16,14503003001,4
178,17,14503003001,4
178,18,14503003001,4
178,19,14503003001,4
178,20,14503003001,4
178,21,14503003001,4
178,22,14503003001,4
178,23,14503003001,4
178,24,14503003001,4
178,25,14503003001,4
178,26,14503003001,4
178,27,14503003001,4
178,28,14503003001,4
178,29,14503003001,4
178,30,14503003001,4
178,31,14503003001,4
178,32,14503003001,4
178,33,14503003001,4
178,34,14503003001,4
178,35,14503003001,4
178,36,14503003001,4
178,37,14503003001,4
178,38,14503003001,4
178,39,14503003001,4
178,40,14503003001,4
179,1,10000002001,7
179,2,10000002001,7
179,3,10000002001,7
179,4,10000002001,7
179,5,10000002001,7
179,6,10000002001,7
179,7,10000002001,7
179,8,10000002001,7
179,9,10000002001,7
179,10,10000002001,7
179,11,10000002001,7
179,12,10000002001,7
179,13,10000002001,7
179,14,10000002001,7
179,15,10000002001,7
179,16,10000002001,7
179,17,10000002001,7
179,18,10000002001,7
179,19,10000002001,7
179,20,10000002001,7
179,21,10000002001,7
179,22,10000002001,7
179,23,10000002001,7
179,24,10000002001,7
179,25,10000002001,7
179,26,10000002001,7
179,27,10000002001,7
179,28,10000002001,7
179,29,10000002001,7
179,30,10000002001,7
179,31,10000002001,7
179,32,10000002001,7
179,33,10000002001,7
179,34,10000002001,7
179,35,10000002001,7
179,36,10000002001,7
179,37,10000002001,7
179,38,10000002001,7
179,39,10000002001,7
179,40,10000002001,7
180,1,11061053001,3
180,2,11061053001,3
180,3,11061053001,3
180,4,11072906001,3
180,5,11072906001,3
180,6,11072906001,3
180,7,11072906001,3
180,8,11072906001,3
180,9,11072906001,3
180,10,11072906001,3
180,11,11072906001,3
180,12,11072906001,3
180,13,11103019001,5
180,14,11103019001,5
180,15,11103019001,5
180,16,11103019001,5
180,17,11103019001,5
180,18,11103019001,5
180,19,11103019001,5
180,20,11103019001,5
180,21,11103019001,5
180,22,11103019001,5
180,23,11103019001,5
180,24,11103019001,5
180,25,11103019001,5
180,26,11103019001,5
180,27,11103019001,4
180,28,11110016001,3
180,29,12032540001,2
180,30,12032541001,2
180,31,12106067001,4
180,32,12130035001,2
180,33,12130035001,2
180,34,12130035001,2
180,35,12234921001,3
180,36,12234921001,3
180,37,14023129001,7
180,38,14023129001,4
180,39,14304047001,3
181,1,10040063001,5
181,2,10040063001,5
181,3,10040063001,5
181,4,10040063001,5
181,5,10040063001,5
181,6,10040063001,5
181,7,10040063001,5
181,8,10040063001,5
181,9,10040063001,5
181,10,10040063001,5
181,11,10040063001,5
181,12,10040063001,5
181,13,10040063001,5
181,14,10040063001,5
181,15,10040063001,5
181,16,10040063001,5
181,17,10040063001,5
181,18,10040063001,5
181,19,10040063001,5
181,20,10040063001,5
181,21,10040063001,5
181,22,10040063001,5
181,23,10040063001,5
181,24,10040063001,5
181,25,10040063001,5
181,26,10040063001,5
181,27,10040063001,5
181,28,10040063001,5
181,29,10040063001,5
181,30,10040063001,5
181,31,10040063001,5
181,32,10040063001,5
181,33,10040063001,5
181,34,10040063001,5
181,35,10040063001,5
181,36,10040063001,5
181,37,10040063001,5
181,38,10040063001,5
181,39,10040063001,5
181,40,10040063001,5
182,1,10033038001,6
182,2,10033038001,6
182,3,10033038001,6
182,4,10033038001,6
182,5,10033038001,6
182,6,10033038001,6
182,7,10033038001,6
182,8,10033038001,6
182,9,10033038001,6
182,10,10033038001,6
182,11,10033038001,6
182,12,10033038001,6
182,13,10033038001,6
182,14,10033038001,6
182,15,10033038001,4
182,16,11070012001,4
182,17,11070012001,4
182,18,11070012001,4
182,19,11110026001,4
182,20,12034053001,2
182,21,12106031001,1
182,22,12106034001,2
182,23,14001044001,6
182,24,14001044001,6
182,25,14001044001,6
182,26,14001044001,6
182,27,14001044001,6
182,28,14001044001,6
182,29,14001044001,6
182,30,14001044001,6
182,31,14001044001,5
182,32,14023034001,5
182,33,14023034001,5
182,34,14103057001,3
182,35,14103057001,3
182,36,14103057001,3
182,37,14103057001,3
182,38,14103057001,3
182,39,14103057001,2
182,40,14310071001,6
183,1,14503003001,4
183,2,14503003001,4
183,3,14503003001,4
183,4,14503003001,4
183,5,14503003001,4
183,6,14503003001,4
183,7,14503003001,4
183,8,14503003001,4
183,9,14503003001,4
183,10,14503003001,4
183,11,14503003001,4
183,12,14503003001,4
183,13,14503003001,4
183,14,14503003001,4
183,15,14503003001,4
183,16,14503003001,4
183,17,14503003001,4
183,18,14503003001,4
183,19,14503003001,4
183,20,14503003001,4
183,21,14503003001,4
183,22,14503003001,4
183,23,14503003001,4
183,24,14503003001,4
183,25,14503003001,4
183,26,14503003001,4
183,27,14503003001,4
183,28,14503003001,4
183,29,14503003001,4
183,30,14503003001,4
183,31,14503003001,4
183,32,14503003001,4
183,33,14503003001,4
183,34,14503003001,4
183,35,14503003001,4
183,36,14503003001,4
183,37,14503003001,4
183,38,14503003001,4
183,39,14503003001,4
183,40,14503003001,4
184,1,10040063001,5
184,2,10040063001,5
184,3,10040063001,5
184,4,10040063001,5
184,5,10040063001,5
184,6,10040063001,5
184,7,10040063001,5
184,8,10040063001,5
184,9,10040063001,5
184,10,10040063001,5
184,11,10040063001,5
184,12,10040063001,5
184,13,10040063001,5
184,14,10040063001,5
184,15,10040063001,5
184,16,10040063001,5
184,17,10040063001,5
184,18,10040063001,5
184,19,10040063001,5
184,20,10040063001,5
184,21,10040063001,5
184,22,10040063001,5
184,23,10040063001,5
184,24,10040063001,5
184,25,10040063001,5
184,26,10040063001,5
184,27,10040063001,5
184,28,10040063001,5
184,29,10040063001,5
184,30,10040063001,5
184,31,10040063001,5
184,32,10040063001,5
184,33,10040063001,5
184,34,10040063001,5
184,35,10040063001,5
184,36,10040063001,5
184,37,10040063001,5
184,38,10040063001,5
184,39,10040063001,5
184,40,10040063001,5
185,1,10023102001,4
185,2,10023102001,4
185,3,10023102001,1
185,4,10040011001,7
185,5,10040011001,7
185,6,10040011001,7
185,7,10040011001,7
185,8,10040011001,7
185,9,10040011001,7
185,10,10040011001,7
185,11,10040011001,7
185,12,10040011001,7
185,13,10040011001,7
185,14,10040011001,7
185,15,10040011001,7
185,16,10040011001,7
185,17,10040011001,7
185,18,10040011001,2
185,19,11022036001,5
185,20,11022036001,5
185,21,11022036001,2
185,22,11104005001,3
185,23,12005108003,12
185,24,12005108003,12
185,25,12005108003,12
185,26,12005108003,12
185,27,12005108003,5
185,28,12010156001,10
185,29,12100009001,10
185,30,12106055001,2
185,31,14101007001,10
185,32,14101007001,9
185,33,14225030001,9
185,34,14304135001,1
186,1,14503003001,4
186,2,14503003001,4
186,3,14503003001,4
186,4,14503003001,4
186,5,14503003001,4
186,6,14503003001,4
186,7,14503003001,4
186,8,14503003001,4
186,9,14503003001,4
186,10,14503003001,4
186,11,14503003001,4
186,12,14503003001,4
186,13,14503003001,4
186,14,14503003001,4
186,15,14503003001,4
186,16,14503003001,4
186,17,14503003001,4
186,18,14503003001,4
186,19,14503003001,4
186,20,14503003001,4
186,21,14503003001,4
186,22,14503003001,4
186,23,14503003001,4
186,24,14503003001,4
186,25,14503003001,4
186,26,14503003001,4
186,27,14503003001,4
186,28,14503003001,4
186,29,14503003001,4
186,30,14503003001,4
186,31,14503003001,4
186,32,14503003001,4
186,33,14503003001,4
186,34,14503003001,4
186,35,14503003001,4
186,36,14503003001,4
186,37,14503003001,4
186,38,14503003001,4
186,39,14503003001,4
186,40,14503003001,4
187,1,10041038001,5
187,2,10041038001,5
187,3,10041038001,5
187,4,10041038001,5
187,5,10041038001,5
187,6,10041038001,5
187,7,10041038001,5
187,8,10041038001,5
187,9,10041038001,5
187,10,10041038001,5
187,11,10041038001,5
187,12,10041038001,5
187,13,10041038001,5
187,14,10041038001,5
187,15,10041038001,2
187,16,11072012002,5
187,17,11072012002,5
187,18,11072012002,3
187,19,11110082001,7
187,20,12004063001,4
187,21,12102042001,4
187,22,12106056001,2
187,23,14100007001,7
187,24,14100007001,4
187,25,14111040001,2
187,26,14111040001,2
187,27,14111040001,2
187,28,14111040001,2
187,29,14111040001,2
187,30,14111040001,1
187,31,14304230001,1
187,32,14505913001,4
187,33,14505913001,4
187,34,14505913001,4
187,35,14505913001,4
187,36,14505913001,4
187,37,14505913001,4
187,38,14505913001,4
187,39,14505913001,4
187,40,14505913001,4
188,1,14014014001,1
188,2,14014014001,1
188,3,14014014001,1
188,4,14014014001,1
188,5,14014014001,1
188,6,14014014001,1
188,7,14014014001,1
188,8,14014014001,1
188,9,14014014001,1
188,10,14014014001,1
188,11,14014014001,1
188,12,14014014001,1
188,13,14014014001,1
188,14,14014014001,1
188,15,14014014001,1
188,16,14014014001,1
188,17,14014014001,1
188,18,14014014001,1
188,19,14014014001,1
188,20,14014014001,1
188,21,14014014001,1
188,22,14014014001,1
188,23,14014014001,1
188,24,14014014001,1
188,25,14014014001,1
188,26,14014014001,1
188,27,14014014001,1
188,28,14014014001,1
188,29,14014014001,1
188,30,14014014001,1
188,31,14014014001,1
188,32,14014014001,1
188,33,14014014001,1
188,34,14014014001,1
188,35,14014014001,1
188,36,14014014001,1
188,37,14014014001,1
188,38,14014014001,1
188,39,14014014001,1
188,40,14014014001,1
189,1,10040034001,5
189,2,10040034001,5
189,3,10040034001,5
189,4,10040034001,5
189,5,10040034001,5
189,6,10040034001,5
189,7,10040034001,5
189,8,10040034001,5
189,9,10040034001,5
189,10,10040034001,5
189,11,10040034001,5
189,12,10040034001,5
189,13,10040034001,5
189,14,10040034001,5
189,15,10040034001,5
189,16,10040034001,5
189,17,10040034001,5
189,18,10040034001,5
189,19,10040034001,5
189,20,10040034001,1
189,21,11032016002,3
189,22,11032016002,3
189,23,11032016002,3
189,24,11032016002,3
189,25,11032016002,3
189,26,11032016002,3
189,27,11032016002,3
189,28,11032016002,3
189,29,11110028001,2
189,30,12020005001,4
189,31,12100028001,3
189,32,12100028001,3
189,33,12100028001,3
189,34,12100028001,3
189,35,12102021001,4
189,36,12106063001,3
189,37,14104090001,6
189,38,14104090001,5
189,39,14310016001,7
189,40,14503003001,3
190,1,10040063001,5
190,2,10040063001,5
190,3,10040063001,5
190,4,10040063001,5
190,5,10040063001,5
190,6,10040063001,5
190,7,10040063001,5
190,8,10040063001,5
190,9,10040063001,5
190,10,10040063001,5
190,11,10040063001,5
190,12,10040063001,5
190,13,10040063001,5
190,14,10040063001,5
190,15,10040063001,5
190,16,10040063001,5
190,17,10040063001,5
190,18,10040063001,5
190,19,10040063001,5
190,20,10040063001,5
190,21,10040063001,5
190,22,10040063001,5
190,23,10040063001,5
190,24,10040063001,5
190,25,10040063001,5
190,26,10040063001,5
190,27,10040063001,5
190,28,10040063001,5
190,29,10040063001,5
190,30,10040063001,5
190,31,10040063001,5
190,32,10040063001,5
190,33,10040063001,5
190,34,10040063001,5
190,35,10040063001,5
190,36,10040063001,5
190,37,10040063001,5
190,38,10040063001,5
190,39,10040063001,5
190,40,10040063001,5
191,1,10040063001,5
191,2,10040063001,5
191,3,10040063001,5
191,4,10040063001,5
191,5,10040063001,5
191,6,10040063001,5
191,7,10040063001,5
191,8,10040063001,5
191,9,10040063001,5
191,10,10040063001,5
191,11,10040063001,5
191,12,10040063001,5
191,13,10040063001,5
191,14,10040063001,5
191,15,10040063001,5
191,16,10040063001,5
191,17,10040063001,5
191,18,10040063001,5
191,19,10040063001,5
191,20,10040063001,5
191,21,10040063001,4
191,22,11103070001,6
191,23,11103070001,6
191,24,11103070001,6
191,25,11103070001,6
191,26,11103070001,6
191,27,11103070001,6
191,28,11103070001,6
191,29,11103070001,1
191,30,11110083001,4
191,31,12106070001,1
191,32,12120001001,11
191,33,12120001001,11
191,34,12120001001,11
191,35,12120001001,1
191,36,12130071001,4
191,37,12326002001,4
191,38,14104200001,6
191,39,14104200001,2
191,40,14310028001,2
192,1,10000002001,7
192,2,10000002001,7
192,3,10000002001,7
192,4,10000002001,7
192,5,10000002001,7
192,6,10000002001,7
192,7,10000002001,7
192,8,10000002001,7
192,9,10000002001,7
192,10,10000002001,7
192,11,10000002001,7
192,12,10000002001,7
192,13,10000002001,7
192,14,10000002001,7
192,15,10000002001,7
192,16,10000002001,7
192,17,10000002001,7
192,18,10000002001,7
192,19,10000002001,7
192,20,10000002001,7
192,21,10000002001,7
192,22,10000002001,7
192,23,10000002001,7
192,24,10000002001,7
192,25,10000002001,7
192,26,10000002001,7
192,27,10000002001,7
192,28,10000002001,7
192,29,10000002001,7
192,30,10000002001,7
192,31,10000002001,7
192,32,10000002001,7
192,33,10000002001,7
192,34,10000002001,7
192,35,10000002001,7
192,36,10000002001,7
192,37,10000002001,7
192,38,10000002001,7
192,39,10000002001,7
192,40,10000002001,7
193,1,10035021001,5
193,2,10035021001,5
193,3,10035021001,5
193,4,10035021001,5
193,5,10035021001,5
193,6,10035021001,5
193,7,10035021001,5
193,8,10035021001,5
193,9,10035021001,5
193,10,10035021001,5
193,11,10035021001,5
193,12,10035021001,5
193,13,10035021001,5
193,14,10035021001,5
193,15,10035021001,5
193,16,10035021001,5
193,17,10035021001,5
193,18,10035021001,5
193,19,10035021001,5
193,20,10035021001,5
193,21,10035021001,5
193,22,10035021001,5
193,23,10035021001,5
193,24,10035021001,5
193,25,10035021001,5
193,26,10035021001,5
193,27,10035021001,5
193,28,10035021001,5
193,29,10035021001,5
193,30,10035021001,5
193,31,10035021001,5
193,32,10035021001,5
193,33,10035021001,5
193,34,10035021001,5
193,35,10035021001,5
193,36,10035021001,5
193,37,10035021001,5
193,38,10035021001,5
193,39,10035021001,5
193,40,10035021001,5
194,1,10035021001,5
194,2,10035021001,5
194,3,10035021001,5
194,4,10035021001,5
194,5,10035021001,5
194,6,10035021001,5
194,7,10035021001,5
194,8,10035021001,5
194,9,10035021001,5
194,10,10035021001,5
194,11,10035021001,5
194,12,10035021001,5
194,13,10035021001,5
194,14,10035021001,5
194,15,10035021001,5
194,16,10035021001,5
194,17,10035021001,5
194,18,10035021001,5
194,19,10035021001,5
194,20,10035021001,5
194,21,10035021001,5
194,22,10035021001,5
194,23,10035021001,5
194,24,10035021001,5
194,25,10035021001,5
194,26,10035021001,5
194,27,10035021001,5
194,28,10035021001,5
194,29,10035021001,5
194,30,10035021001,5
194,31,10035021001,5
194,32,10035021001,5
194,33,10035021001,5
194,34,10035021001,5
194,35,10035021001,5
194,36,10035021001,5
194,37,10035021001,5
194,38,10035021001,5
194,39,10035021001,5
194,40,10035021001,5
195,1,10000002001,7
195,2,10000002001,7
195,3,10000002001,7
195,4,10000002001,7
195,5,10000002001,7
195,6,10000002001,7
195,7,10000002001,7
195,8,10000002001,7
195,9,10000002001,7
195,10,10000002001,7
195,11,10000002001,7
195,12,10000002001,7
195,13,10000002001,7
195,14,10000002001,7
195,15,10000002001,7
195,16,10000002001,7
195,17,10000002001,7
195,18,10000002001,7
195,19,10000002001,7
195,20,10000002001,7
195,21,10000002001,7
195,22,10000002001,7
195,23,10000002001,7
195,24,10000002001,7
195,25,10000002001,7
195,26,10000002001,7
195,27,10000002001,7
195,28,10000002001,7
195,29,10000002001,7
195,30,10000002001,7
195,31,10000002001,7
195,32,10000002001,7
195,33,10000002001,7
195,34,10000002001,7
195,35,10000002001,7
195,36,10000002001,7
195,37,10000002001,7
195,38,10000002001,7
195,39,10000002001,7
195,40,10000002001,7
196,1,11101028001,9
196,2,11101028001,9
196,3,11101028001,1
196,4,11110029001,4
196,5,12110016001,2
196,6,12130084001,2
196,7,12130089001,2
196,8,14010072001,2
196,9,14010072001,2
196,10,14010072001,2
196,11,14010072001,2
196,12,14010072001,2
196,13,14010072001,2
196,14,14010072001,2
196,15,14010072001,2
196,16,14010072001,2
196,17,14010072001,2
196,18,14010072001,2
196,19,14010072001,2
196,20,14010072001,2
196,21,14010072001,2
196,22,14010072001,2
196,23,14010187001,3
196,24,14010187001,3
196,25,14010187001,3
196,26,14010187001,3
196,27,14010187001,3
196,28,14010187001,1
196,29,14105129001,10
196,30,14105129001,7
196,31,14310111001,7
196,32,14333004001,5
196,33,14333004001,5
196,34,14333004001,5
196,35,14333004001,5
196,36,14333004001,5
196,37,14333004001,5
196,38,14333004001,5
196,39,14333004001,5
196,40,14333004001,5
197,1,10000002001,7
197,2,10000002001,7
197,3,10000002001,7
197,4,10000002001,7
197,5,10000002001,7
197,6,10000002001,7
197,7,10000002001,7
197,8,10000002001,7
197,9,10000002001,7
197,10,10000002001,7
197,11,10000002001,7
197,12,10000002001,7
197,13,10000002001,7
197,14,10000002001,7
197,15,10000002001,7
197,16,10000002001,7
197,17,10000002001,7
197,18,10000002001,7
197,19,10000002001,7
197,20,10000002001,7
197,21,10000002001,7
197,22,10000002001,7
197,23,10000002001,7
197,24,10000002001,7
197,25,10000002001,7
197,26,10000002001,7
197,27,10000002001,7
197,28,10000002001,7
197,29,10000002001,7
197,30,10000002001,7
197,31,10000002001,7
197,32,10000002001,7
197,33,10000002001,7
197,34,10000002001,7
197,35,10000002001,7
197,36,10000002001,7
197,37,10000002001,7
197,38,10000002001,7
197,39,10000002001,7
197,40,10000002001,7
198,1,10000002001,7
198,2,10000002001,7
198,3,10000002001,7
198,4,10000002001,7
198,5,10000002001,7
198,6,10000002001,7
198,7,10000002001,7
198,8,10000002001,7
198,9,10000002001,7
198,10,10000002001,7
198,11,10000002001,7
198,12,10000002001,7
198,13,10000002001,7
198,14,10000002001,7
198,15,10000002001,7
198,16,10000002001,7
198,17,10000002001,7
198,18,10000002001,7
198,19,10000002001,7
198,20,10000002001,7
198,21,10000002001,7
198,22,10000002001,7
198,23,10000002001,7
198,24,10000002001,7
198,25,10000002001,7
198,26,10000002001,7
198,27,10000002001,7
198,28,10000002001,7
198,29,10000002001,7
198,30,10000002001,7
198,31,10000002001,7
198,32,10000002001,7
198,33,10000002001,7
198,34,10000002001,7
198,35,10000002001,7
198,36,10000002001,7
198,37,10000002001,7
198,38,10000002001,7
198,39,10000002001,7
198,40,10000002001,7
199,1,11101029001,9
199,2,11101029001,9
199,3,11101029001,4
199,4,11110077003,12
199,5,12102002001,3
199,6,12102046001,3
199,7,12106098001,1
199,8,12120072001,8
199,9,12120072001,8
199,10,12120072001,8
199,11,12120072001,8
199,12,12120072001,8
199,13,12120072001,8
199,14,12120072001,5
199,15,14000075001,2
199,16,14000075001,2
199,17,14000075001,2
199,18,14000075001,2
199,19,14000075001,2
199,20,14000075001,2
199,21,14000075001,2
199,22,14000075001,2
199,23,14000075001,2
199,24,14000075001,2
199,25,14000075001,2
199,26,14000075001,2
199,27,14000075001,2
199,28,14000075001,2
199,29,14000075001,2
199,30,14104101001,7
199,31,14104101001,7
199,32,14104101001,7
199,33,14104101001,7
199,34,14104101001,7
199,35,14104101001,1
199,36,14105130001,10
199,37,14105130001,6
199,38,14310127001,1
200,1,10000002001,7
200,2,10000002001,7
200,3,10000002001,7
200,4,10000002001,7
200,5,10000002001,7
200,6,10000002001,3
200,7,11102002001,8
200,8,11102002001,8
200,9,11102002001,2
200,10,11110086001,2
200,11,12106086001,2
200,12,12327015001,1
200,13,12327027001,1
200,14,14104017001,3
200,15,14104017001,3
200,16,14104017001,3
200,17,14104017001,3
200,18,14104017001,3
200,19,14104017001,3
200,20,14104017001,3
200,21,14104017001,3
200,22,14104017001,3
200,23,14104017001,3
200,24,14104017001,3
200,25,14104017001,3
200,26,14104017001,3
200,27,14104017001,3
200,28,14104017001,3
200,29,14104017001,3
200,30,14104017001,3
200,31,14104017001,3
200,32,14110003001,5
200,33,14110003001,4
200,34,14121017001,6
200,35,14121017001,6
200,36,14121017001,6
200,37,14121017001,6
200,38,14121017001,6
200,39,14121017001,3
200,40,14311086001,8
201,1,10035021001,5
201,2,10035021001,5
201,3,10035021001,5
201,4,10035021001,5
201,5,10035021001,5
201,6,10035021001,5
201,7,10035021001,5
201,8,10035021001,5
201,9,10035021001,5
201,10,10035021001,5
201,11,10035021001,5
201,12,10035021001,5
201,13,10035021001,5
201,14,10035021001,5
201,15,10035021001,5
201,16,10035021001,5
201,17,10035021001,5
201,18,10035021001,5
201,19,10035021001,5
201,20,10035021001,5
201,21,10035021001,5
201,22,10035021001,5
201,23,10035021001,5
201,24,10035021001,5
201,25,10035021001,5
201,26,10035021001,5
201,27,10035021001,5
201,28,10035021001,5
201,29,10035021001,5
201,30,10035021001,5
201,31,10035021001,5
201,32,10035021001,5
201,33,10035021001,5
201,34,10035021001,5
201,35,10035021001,5
201,36,10035021001,5
201,37,10035021001,5
201,38,10035021001,5
201,39,10035021001,5
201,40,10035021001,5
202,1,11103023001,3
202,2,11103023001,3
202,3,11103023001,2
202,4,11110091001,6
202,5,12010193001,10
202,6,12010193001,10
202,7,12010193001,10
202,8,12010193001,10
202,9,12010193001,10
202,10,12010193001,3
202,11,12011182001,5
202,12,12105006001,5
202,13,12106113001,3
202,14,14011034001,4
202,15,14011034001,4
202,16,14011034001,4
202,17,14011034001,4
202,18,14011034001,4
202,19,14011034001,4
202,20,14011034001,4
202,21,14011034001,4
202,22,14011034001,4
202,23,14011034001,4
202,24,14011034001,4
202,25,14011034001,4
202,26,14011034001,4
202,27,14011034001,4
202,28,14011034001,1
202,29,14110010001,6
202,30,14110010001,4
202,31,14131105001,4
202,32,14131105001,4
202,33,14131105001,4
202,34,14131105001,4
202,35,14131105001,4
202,36,14131105001,4
202,37,14311220001,2
203,1,11103027001,5
203,2,11103027001,5
203,3,11103027001,3
203,4,11110087001,3
203,5,12012012001,15
203,6,12012012001,15
203,7,12012012001,15
203,8,12012012001,8
203,9,12103066001,6
203,10,12103099001,6
203,11,12106087001,2
203,12,14111004001,12
203,13,14111004001,2
203,14,14130001001,4
203,15,14130001001,4
203,16,14130001001,4
203,17,14130001001,4
203,18,14130001001,4
203,19,14130001001,1
203,20,14244016001,2
203,21,14244016001,2
203,22,14244016001,2
203,23,14244016001,2
203,24,14244016001,2
203,25,14244016001,2
203,26,14244016001,2
203,27,14244016001,2
203,28,14244016001,2
203,29,14244016001,2
203,30,14244016001,2
203,31,14244016001,2
203,32,14244016001,2
203,33,14244016001,2
203,34,14244016001,2
203,35,14311036001,1
204,1,14014014001,1
204,2,14014014001,1
204,3,14014014001,1
204,4,14014014001,1
204,5,14014014001,1
204,6,14014014001,1
204,7,14014014001,1
204,8,14014014001,1
204,9,14014014001,1
204,10,14014014001,1
204,11,14014014001,1
204,12,14014014001,1
204,13,14014014001,1
204,14,14014014001,1
204,15,14014014001,1
204,16,14014014001,1
204,17,14014014001,1
204,18,14014014001,1
204,19,14014014001,1
204,20,14014014001,1
204,21,14014014001,1
204,22,14014014001,1
204,23,14014014001,1
204,24,14014014001,1
204,25,14014014001,1
204,26,14014014001,1
204,27,14014014001,1
204,28,14014014001,1
204,29,14014014001,1
204,30,14014014001,1
204,31,14014014001,1
204,32,14014014001,1
204,33,14014014001,1
204,34,14014014001,1
204,35,14014014001,1
204,36,14014014001,1
204,37,14014014001,1
204,38,14014014001,1
204,39,14014014001,1
204,40,14014014001,1
205,1,10040003001,6
205,2,10040003001,6
205,3,10040003001,6
205,4,10040003001,6
205,5,10040003001,6
205,6,10040003001,6
205,7,10040003001,6
205,8,10040003001,6
205,9,10040003001,6
205,10,10040003001,6
205,11,10040003001,6
205,12,10040003001,6
205,13,10040003001,6
205,14,10040003001,6
205,15,10040003001,6
205,16,10040003001,6
205,17,10040003001,6
205,18,10040003001,6
205,19,10040003001,6
205,20,10040003001,6
205,21,10040003001,6
205,22,10040003001,6
205,23,10040003001,6
205,24,10040003001,6
205,25,10040003001,6
205,26,10040003001,6
205,27,10040003001,6
205,28,10040003001,6
205,29,10040003001,6
205,30,10040003001,6
205,31,10040003001,6
205,32,10040003001,6
205,33,10040003001,6
205,34,10040003001,6
205,35,10040003001,6
205,36,10040003001,6
205,37,10040003001,6
205,38,10040003001,6
205,39,10040003001,6
205,40,10040003001,6
206,1,14014014001,1
206,2,14014014001,1
206,3,14014014001,1
206,4,14014014001,1
206,5,14014014001,1
206,6,14014014001,1
206,7,14014014001,1
206,8,14014014001,1
206,9,14014014001,1
206,10,14014014001,1
206,11,14014014001,1
206,12,14014014001,1
206,13,14014014001,1
206,14,14014014001,1
206,15,14014014001,1
206,16,14014014001,1
206,17,14014014001,1
206,18,14014014001,1
206,19,14014014001,1
206,20,14014014001,1
206,21,14014014001,1
206,22,14014014001,1
206,23,14014014001,1
206,24,14014014001,1
206,25,14014014001,1
206,26,14014014001,1
206,27,14014014001,1
206,28,14014014001,1
206,29,14014014001,1
206,30,14014014001,1
206,31,14014014001,1
206,32,14014014001,1
206,33,14014014001,1
206,34,14014014001,1
206,35,14014014001,1
206,36,14014014001,1
206,37,14014014001,1
206,38,14014014001,1
206,39,14014014001,1
206,40,14014014001,1
207,1,10035021001,5
207,2,10035021001,5
207,3,10035021001,5
207,4,10035021001,5
207,5,10035021001,5
207,6,10035021001,5
207,7,10035021001,5
207,8,10035021001,5
207,9,10035021001,5
207,10,10035021001,5
207,11,10035021001,5
207,12,10035021001,5
207,13,10035021001,5
207,14,10035021001,5
207,15,10035021001,5
207,16,10035021001,5
207,17,10035021001,5
207,18,10035021001,5
207,19,10035021001,5
207,20,10035021001,5
207,21,10035021001,5
207,22,10035021001,5
207,23,10035021001,5
207,24,10035021001,5
207,25,10035021001,5
207,26,10035021001,5
207,27,10035021001,5
207,28,10035021001,5
207,29,10035021001,5
207,30,10035021001,5
207,31,10035021001,5
207,32,10035021001,5
207,33,10035021001,5
207,34,10035021001,5
207,35,10035021001,5
207,36,10035021001,5
207,37,10035021001,5
207,38,10035021001,5
207,39,10035021001,5
207,40,10035021001,5
208,1,10040003001,6
208,2,10040003001,6
208,3,10040003001,6
208,4,10040003001,6
208,5,10040003001,6
208,6,10040003001,6
208,7,10040003001,6
208,8,10040003001,6
208,9,10040003001,6
208,10,10040003001,6
208,11,10040003001,6
208,12,10040003001,6
208,13,10040003001,6
208,14,10040003001,6
208,15,10040003001,6
208,16,10040003001,6
208,17,10040003001,6
208,18,10040003001,6
208,19,10040003001,6
208,20,10040003001,6
208,21,10040003001,6
208,22,10040003001,6
208,23,10040003001,6
208,24,10040003001,6
208,25,10040003001,6
208,26,10040003001,6
208,27,10040003001,6
208,28,10040003001,6
208,29,10040003001,6
208,30,10040003001,6
208,31,10040003001,6
208,32,10040003001,6
208,33,10040003001,6
208,34,10040003001,6
208,35,10040003001,6
208,36,10040003001,6
208,37,10040003001,6
208,38,10040003001,6
208,39,10040003001,6
208,40,10040003001,6
209,1,14014014001,1
209,2,14014014001,1
209,3,14014014001,1
209,4,14014014001,1
209,5,14014014001,1
209,6,14014014001,1
209,7,14014014001,1
209,8,14014014001,1
209,9,14014014001,1
209,10,14014014001,1
209,11,14014014001,1
209,12,14014014001,1
209,13,14014014001,1
209,14,14014014001,1
209,15,14014014001,1
209,16,14014014001,1
209,17,14014014001,1
209,18,14014014001,1
209,19,14014014001,1
209,20,14014014001,1
209,21,14014014001,1
209,22,14014014001,1
209,23,14014014001,1
209,24,14014014001,1
209,25,14014014001,1
209,26,14014014001,1
209,27,14014014001,1
209,28,14014014001,1
209,29,14014014001,1
209,30,14014014001,1
209,31,14014014001,1
209,32,14014014001,1
209,33,14014014001,1
209,34,14014014001,1
209,35,14014014001,1
209,36,14014014001,1
209,37,14014014001,1
209,38,14014014001,1
209,39,14014014001,1
209,40,14014014001,1
210,1,10035021001,5
210,2,10035021001,5
210,3,10035021001,5
210,4,10035021001,5
210,5,10035021001,5
210,6,10035021001,5
210,7,10035021001,5
210,8,10035021001,5
210,9,10035021001,5
210,10,10035021001,5
210,11,10035021001,5
210,12,10035021001,5
210,13,10035021001,5
210,14,10035021001,5
210,15,10035021001,5
210,16,10035021001,5
210,17,10035021001,5
210,18,10035021001,5
210,19,10035021001,5
210,20,10035021001,5
210,21,10035021001,5
210,22,10035021001,5
210,23,10035021001,5
210,24,10035021001,5
210,25,10035021001,5
210,26,10035021001,5
210,27,10035021001,5
210,28,10035021001,5
210,29,10035021001,5
210,30,10035021001,5
210,31,10035021001,5
210,32,10035021001,5
210,33,10035021001,5
210,34,10035021001,5
210,35,10035021001,5
210,36,10035021001,5
210,37,10035021001,5
210,38,10035021001,5
210,39,10035021001,5
210,40,10035021001,5
211,1,10001007001,5
211,2,10001007001,5
211,3,10001007001,5
211,4,10001007001,5
211,5,10001007001,5
211,6,10001007001,3
211,7,10035021001,5
211,8,10035021001,5
211,9,10035021001,5
211,10,10035021001,1
211,11,11110095001,7
211,12,12106107001,6
211,13,12120038001,11
211,14,12120038001,11
211,15,12120038001,11
211,16,12120038001,9
211,17,12233034001,2
211,18,12234005001,2
211,19,14111050001,8
211,20,14111050001,4
211,21,14311043001,13
211,22,14500042001,2
211,23,14500042001,2
211,24,14500042001,2
211,25,14500042001,2
211,26,14500042001,2
211,27,14500042001,2
211,28,14500042001,2
211,29,14500042001,2
211,30,14500042001,2
211,31,14500042001,2
211,32,14500042001,2
211,33,14500042001,2
211,34,14500042001,2
211,35,14500042001,2
211,36,14500042001,2
211,37,14500042001,2
211,38,14500042001,2
211,39,14500042001,2
211,40,14500042001,2
212,1,10040003001,6
212,2,10040003001,6
212,3,10040003001,6
212,4,10040003001,6
212,5,10040003001,6
212,6,10040003001,6
212,7,10040003001,6
212,8,10040003001,6
212,9,10040003001,6
212,10,10040003001,6
212,11,10040003001,6
212,12,10040003001,6
212,13,10040003001,6
212,14,10040003001,6
212,15,10040003001,6
212,16,10040003001,6
212,17,10040003001,6
212,18,10040003001,6
212,19,10040003001,6
212,20,10040003001,6
212,21,10040003001,6
212,22,10040003001,6
212,23,10040003001,6
212,24,10040003001,6
212,25,10040003001,6
212,26,10040003001,6
212,27,10040003001,6
212,28,10040003001,6
212,29,10040003001,6
212,30,10040003001,6
212,31,10040003001,6
212,32,10040003001,6
212,33,10040003001,6
212,34,10040003001,6
212,35,10040003001,6
212,36,10040003001,6
212,37,10040003001,6
212,38,10040003001,6
212,39,10040003001,6
212,40,10040003001,6
213,1,11103001001,5
213,2,11103001001,5
213,3,11103001001,3
213,4,11110093001,9
213,5,12106999001,2
213,6,14011018001,2
213,7,14011045001,2
213,8,14014014001,1
213,9,14014014001,1
213,10,14014014001,1
213,11,14014014001,1
213,12,14014014001,1
213,13,14014014001,1
213,14,14014014001,1
213,15,14014014001,1
213,16,14014014001,1
213,17,14014014001,1
213,18,14014014001,1
213,19,14014014001,1
213,20,14014014001,1
213,21,14014014001,1
213,22,14014014001,1
213,23,14014014001,1
213,24,14014014001,1
213,25,14014014001,1
213,26,14014014001,1
213,27,14014014001,1
213,28,14014014001,1
213,29,14014014001,1
213,30,14014014001,1
213,31,14014014001,1
213,32,14014014001,1
213,33,14014014001,1
213,34,14014014001,1
213,35,14014014001,1
213,36,14014014001,1
213,37,14014014001,1
213,38,14111008001,6
213,39,14111008001,5
213,40,14311256001,1
214,1,10040003001,6
214,2,10040003001,6
214,3,10040003001,6
214,4,10040003001,6
214,5,10040003001,6
214,6,10040003001,6
214,7,10040003001,6
214,8,10040003001,6
214,9,10040003001,6
214,10,10040003001,6
214,11,10040003001,6
214,12,10040003001,6
214,13,10040003001,6
214,14,10040003001,6
214,15,10040003001,6
214,16,10040003001,6
214,17,10040003001,6
214,18,10040003001,6
214,19,10040003001,6
214,20,10040003001,6
214,21,10040003001,6
214,22,10040003001,6
214,23,10040003001,6
214,24,10040003001,6
214,25,10040003001,6
214,26,10040003001,6
214,27,10040003001,6
214,28,10040003001,6
214,29,10040003001,6
214,30,10040003001,6
214,31,10040003001,6
214,32,10040003001,6
214,33,10040003001,6
214,34,10040003001,6
214,35,10040003001,6
214,36,10040003001,6
214,37,10040003001,6
214,38,10040003001,6
214,39,10040003001,6
214,40,10040003001,6
215,1,14010142001,1
215,2,14010142001,1
215,3,14010142001,1
215,4,14010142001,1
215,5,14010142001,1
215,6,14010142001,1
215,7,14010142001,1
215,8,14010142001,1
215,9,14010142001,1
215,10,14010142001,1
215,11,14010142001,1
215,12,14010142001,1
215,13,14010142001,1
215,14,14010142001,1
215,15,14010142001,1
215,16,14010142001,1
215,17,14010142001,1
215,18,14010142001,1
215,19,14010142001,1
215,20,14010142001,1
215,21,14010142001,1
215,22,14010142001,1
215,23,14010142001,1
215,24,14010142001,1
215,25,14010142001,1
215,26,14010142001,1
215,27,14010142001,1
215,28,14010142001,1
215,29,14010142001,1
215,30,14010142001,1
215,31,14010142001,1
215,32,14010142001,1
215,33,14010142001,1
215,34,14010142001,1
215,35,14010142001,1
215,36,14010142001,1
215,37,14010142001,1
215,38,14010142001,1
215,39,14010142001,1
215,40,14010142001,1
216,1,14010142001,1
216,2,14010142001,1
216,3,14010142001,1
216,4,14010142001,1
216,5,14010142001,1
216,6,14010142001,1
216,7,14010142001,1
216,8,14010142001,1
216,9,14010142001,1
216,10,14010142001,1
216,11,14010142001,1
216,12,14010142001,1
216,13,14010142001,1
216,14,14010142001,1
216,15,14010142001,1
216,16,14010142001,1
216,17,14010142001,1
216,18,14010142001,1
216,19,14010142001,1
216,20,14010142001,1
216,21,14010142001,1
216,22,14010142001,1
216,23,14010142001,1
216,24,14010142001,1
216,25,14010142001,1
216,26,14010142001,1
216,27,14010142001,1
216,28,14010142001,1
216,29,14010142001,1
216,30,14010142001,1
216,31,14010142001,1
216,32,14010142001,1
216,33,14010142001,1
216,34,14010142001,1
216,35,14010142001,1
216,36,14010142001,1
216,37,14010142001,1
216,38,14010142001,1
216,39,14010142001,1
216,40,14010142001,1
217,1,14010142001,1
217,2,14010142001,1
217,3,14010142001,1
217,4,14010142001,1
217,5,14010142001,1
217,6,14010142001,1
217,7,14010142001,1
217,8,14010142001,1
217,9,14010142001,1
217,10,14010142001,1
217,11,14010142001,1
217,12,14010142001,1
217,13,14010142001,1
217,14,14010142001,1
217,15,14010142001,1
217,16,14010142001,1
217,17,14010142001,1
217,18,14010142001,1
217,19,14010142001,1
217,20,14010142001,1
217,21,14010142001,1
217,22,14010142001,1
217,23,14010142001,1
217,24,14010142001,1
217,25,14010142001,1
217,26,14010142001,1
217,27,14010142001,1
217,28,14010142001,1
217,29,14010142001,1
217,30,14010142001,1
217,31,14010142001,1
217,32,14010142001,1
217,33,14010142001,1
217,34,14010142001,1
217,35,14010142001,1
217,36,14010142001,1
217,37,14010142001,1
217,38,14010142001,1
217,39,14010142001,1
217,40,14010142001,1
218,1,10040003001,6
218,2,10040003001,6
218,3,10040003001,6
218,4,10040003001,6
218,5,10040003001,6
218,6,10040003001,6
218,7,10040003001,6
218,8,10040003001,6
218,9,10040003001,6
218,10,10040003001,6
218,11,10040003001,6
218,12,10040003001,6
218,13,10040003001,6
218,14,10040003001,6
218,15,10040003001,6
218,16,10040003001,6
218,17,10040003001,6
218,18,10040003001,6
218,19,10040003001,6
218,20,10040003001,6
218,21,10040003001,6
218,22,10040003001,6
218,23,10040003001,6
218,24,10040003001,6
218,25,10040003001,6
218,26,10040003001,6
218,27,10040003001,6
218,28,10040003001,6
218,29,10040003001,6
218,30,10040003001,6
218,31,10040003001,6
218,32,10040003001,6
218,33,10040003001,6
218,34,10040003001,6
218,35,10040003001,6
218,36,10040003001,6
218,37,10040003001,6
218,38,10040003001,6
218,39,10040003001,6
218,40,10040003001,6
219,1,10040005001,5
219,2,10040005001,5
219,3,10040005001,5
219,4,10040005001,5
219,5,10040005001,5
219,6,10040005001,5
219,7,10040005001,5
219,8,10040005001,5
219,9,10040005001,5
219,10,10040005001,5
219,11,10040005001,5
219,12,10040005001,5
219,13,10040005001,5
219,14,10040005001,5
219,15,10040005001,5
219,16,10040005001,5
219,17,10040005001,5
219,18,10040005001,5
219,19,10040005001,5
219,20,10040005001,5
219,21,10040005001,5
219,22,10040005001,5
219,23,10040005001,5
219,24,10040005001,5
219,25,10040005001,5
219,26,10040005001,5
219,27,10040005001,5
219,28,10040005001,5
219,29,10040005001,5
219,30,10040005001,5
219,31,10040005001,5
219,32,10040005001,5
219,33,10040005001,5
219,34,10040005001,5
219,35,10040005001,5
219,36,10040005001,5
219,37,10040005001,5
219,38,10040005001,5
219,39,10040005001,5
219,40,10040005001,5
220,1,14010142001,1
220,2,14010142001,1
220,3,14010142001,1
220,4,14010142001,1
220,5,14010142001,1
220,6,14010142001,1
220,7,14010142001,1
220,8,14010142001,1
220,9,14010142001,1
220,10,14010142001,1
220,11,14010142001,1
220,12,14010142001,1
220,13,14010142001,1
220,14,14010142001,1
220,15,14010142001,1
220,16,14010142001,1
220,17,14010142001,1
220,18,14010142001,1
220,19,14010142001,1
220,20,14010142001,1
220,21,14010142001,1
220,22,14010142001,1
220,23,14010142001,1
220,24,14010142001,1
220,25,14010142001,1
220,26,14010142001,1
220,27,14010142001,1
220,28,14010142001,1
220,29,14010142001,1
220,30,14010142001,1
220,31,14010142001,1
220,32,14010142001,1
220,33,14010142001,1
220,34,14010142001,1
220,35,14010142001,1
220,36,14010142001,1
220,37,14010142001,1
220,38,14010142001,1
220,39,14010142001,1
220,40,14010142001,1
221,1,11100008001,6
221,2,11100008001,6
221,3,11100008001,3
221,4,12000016001,3
221,5,12000285001,17
221,6,12000285001,17
221,7,12000285001,17
221,8,12000285001,2
221,9,12111030001,1
221,10,12130026001,2
221,11,12130026001,2
221,12,12130026001,2
221,13,12130026001,2
221,14,12130026001,2
221,15,12130026001,2
221,16,12130026001,2
221,17,12130026001,2
221,18,12130026001,2
221,19,12130026001,2
221,20,12130026001,2
221,21,12130026001,2
221,22,12130026001,2
221,23,12130026001,2
221,24,12130026001,2
221,25,12327052001,2
221,26,12343304001,2
221,27,14121064001,8
221,28,14121064001,6
221,29,14131043001,4
221,30,14131043001,4
221,31,14131043001,4
221,32,14131043001,4
221,33,14131043001,4
221,34,14131043001,4
221,35,14311112001,25
222,1,12201064001,1
222,2,12201064001,1
222,3,12201064001,1
222,4,12201064001,1
222,5,12201064001,1
222,6,12201064001,1
222,7,12201064001,1
222,8,12201064001,1
222,9,12201064001,1
222,10,12201064001,1
222,11,12201064001,1
222,12,12201064001,1
222,13,12201064001,1
222,14,12201064001,1
222,15,12201064001,1
222,16,12201064001,1
222,17,12201064001,1
222,18,12201064001,1
222,19,12201064001,1
222,20,12201064001,1
222,21,12201064001,1
222,22,12201064001,1
222,23,12201064001,1
222,24,12201064001,1
222,25,12201064001,1
222,26,12201064001,1
222,27,12201064001,1
222,28,12201064001,1
222,29,12201064001,1
222,30,12201064001,1
222,31,12201064001,1
222,32,12201064001,1
222,33,12201064001,1
222,34,12201064001,1
222,35,12201064001,1
222,36,12201064001,1
222,37,12201064001,1
222,38,12201064001,1
222,39,12201064001,1
222,40,12201064001,1
223,1,10021025001,24
223,2,10021025001,24
223,3,10021025001,24
223,4,10021025001,24
223,5,10021025001,24
223,6,10021025001,24
223,7,10021025001,24
223,8,10021025001,24
223,9,10021025001,24
223,10,10021025001,24
223,11,10021025001,24
223,12,10021025001,24
223,13,10021025001,24
223,14,10021025001,24
223,15,10021025001,24
223,16,10021025001,24
223,17,10021025001,24
223,18,10021025001,24
223,19,10021025001,24
223,20,10021025001,24
223,21,10021025001,24
223,22,10021025001,24
223,23,10021025001,24
223,24,10021025001,24
223,25,10021025001,24
223,26,10021025001,24
223,27,10021025001,24
223,28,10021025001,24
223,29,10021025001,24
223,30,10021025001,24
223,31,10021025001,24
223,32,10021025001,24
223,33,10021025001,24
223,34,10021025001,24
223,35,10021025001,24
223,36,10021025001,24
223,37,10021025001,24
223,38,10021025001,24
223,39,10021025001,24
223,40,10021025001,24
224,1,10014092001,8
224,2,10014092001,8
224,3,10014092001,8
224,4,10014092001,8
224,5,10014092001,8
224,6,10014092001,7
224,7,10032055001,22
224,8,10032055001,22
224,9,10032055001,22
224,10,10032055001,22
224,11,10032055001,22
224,12,10032055001,22
224,13,10032055001,22
224,14,10032055001,22
224,15,10032055001,22
224,16,10032055001,6
224,17,11112004001,3
224,18,12110015001,3
224,19,12121034001,6
224,20,12121034001,6
224,21,12121034001,6
224,22,12121034001,3
224,23,14010142001,1
224,24,14010142001,1
224,25,14010142001,1
224,26,14010142001,1
224,27,14010142001,1
224,28,14010142001,1
224,29,14010142001,1
224,30,14010142001,1
224,31,14010142001,1
224,32,14010142001,1
224,33,14010142001,1
224,34,14010142001,1
224,35,14010142001,1
224,36,14111011001,6
224,37,14111011001,4
224,38,14311095001,2
224,39,14361051001,1
224,40,14361070001,1
225,1,12201067001,1
225,2,12201067001,1
225,3,12201067001,1
225,4,12201067001,1
225,5,12201067001,1
225,6,12201067001,1
225,7,12201067001,1
225,8,12201067001,1
225,9,12201067001,1
225,10,12201067001,1
225,11,12201067001,1
225,12,12201067001,1
225,13,12201067001,1
225,14,12201067001,1
225,15,12201067001,1
225,16,12201067001,1
225,17,12201067001,1
225,18,12201067001,1
225,19,12201067001,1
225,20,12201067001,1
225,21,12201067001,1
225,22,12201067001,1
225,23,12201067001,1
225,24,12201067001,1
225,25,12201067001,1
225,26,12201067001,1
225,27,12201067001,1
225,28,12201067001,1
225,29,12201067001,1
225,30,12201067001,1
225,31,12201067001,1
225,32,12201067001,1
225,33,12201067001,1
225,34,12201067001,1
225,35,12201067001,1
225,36,12201067001,1
225,37,12201067001,1
225,38,12201067001,1
225,39,12201067001,1
225,40,12201067001,1
226,1,10023075001,9
226,2,10023075001,9
226,3,10023075001,9
226,4,10023075001,9
226,5,10023075001,9
226,6,10023075001,8
226,7,11073039001,30
226,8,11073039001,23
226,9,12000042001,1
226,10,12110022001,3
226,11,12327014001,2
226,12,14014018001,3
226,13,14014018001,3
226,14,14014018001,3
226,15,14014018001,3
226,16,14014018001,3
226,17,14014018001,3
226,18,14014018001,3
226,19,14014018001,3
226,20,14014018001,3
226,21,14014018001,1
226,22,14111023001,2
226,23,14111023001,1
226,24,14312011001,3
226,25,14411016001,2
226,26,14505003001,6
226,27,14505003001,6
226,28,14505003001,6
226,29,14505003001,6
226,30,14505003001,1
227,1,11070027001,5
227,2,11070027001,5
227,3,11070027001,5
227,4,11070027001,5
227,5,11070027001,5
227,6,11070027001,5
227,7,11070027001,5
227,8,11070027001,5
227,9,11070027001,5
227,10,11103076001,6
227,11,11103076001,6
227,12,11103076001,2
227,13,11111030001,3
227,14,12111014001,1
227,15,12323109001,3
227,16,14110163001,6
227,17,14110163001,2
227,18,14120019001,6
227,19,14120019001,6
227,20,14120019001,6
227,21,14120019001,6
227,22,14120019001,6
227,23,14120019001,5
227,24,14311261001,1
227,25,14412023001,3
227,26,14505031001,6
227,27,14505031001,6
227,28,14505031001,6
227,29,14505031001,6
227,30,14505031001,6
227,31,14505031001,6
227,32,14505031001,6
227,33,14505031001,6
227,34,14505031001,6
227,35,14505031001,6
227,36,14505031001,6
227,37,14505031001,6
227,38,14505031001,6
227,39,14505031001,6
227,40,14505031001,3
228,1,10000011001,13
228,2,10000011001,13
228,3,10000011001,13
228,4,10000011001,13
228,5,10000011001,13
228,6,10000011001,13
228,7,10000011001,13
228,8,10000011001,13
228,9,10000011001,13
228,10,10000011001,13
228,11,10000011001,13
228,12,10000011001,13
228,13,10000011001,13
228,14,10000011001,13
228,15,10000011001,13
228,16,10000011001,13
228,17,10000011001,13
228,18,10000011001,13
228,19,10000011001,13
228,20,10000011001,13
228,21,10000011001,13
228,22,10000011001,13
228,23,10000011001,13
228,24,10000011001,13
228,25,10000011001,13
228,26,10000011001,13
228,27,10000011001,13
228,28,10000011001,13
228,29,10000011001,13
228,30,10000011001,13
228,31,10000011001,13
228,32,10000011001,13
228,33,10000011001,13
228,34,10000011001,13
228,35,10000011001,13
228,36,10000011001,13
228,37,10000011001,13
228,38,10000011001,13
228,39,10000011001,13
228,40,10000011001,13
229,1,11103375001,6
229,2,11103375001,6
229,3,11103375001,4
229,4,11111007001,4
229,5,12110037001,1
229,6,12231005001,2
229,7,12231005001,2
229,8,12231005001,2
229,9,12231005001,2
229,10,12231005001,2
229,11,12231005001,2
229,12,12231005001,2
229,13,12231005001,2
229,14,12231005001,2
229,15,14112009001,5
229,16,14112009001,3
229,17,14131121001,1
229,18,14131121001,1
229,19,14131121001,1
229,20,14131121001,1
229,21,14131121001,1
229,22,14131121001,1
229,23,14131121001,1
229,24,14131121001,1
229,25,14131121001,1
229,26,14131121001,1
229,27,14131121001,1
229,28,14131121001,1
229,29,14131121001,1
229,30,14131121001,1
229,31,14131121001,1
229,32,14204041001,10
229,33,14204041001,10
229,34,14204041001,10
229,35,14204041001,10
229,36,14204041001,10
229,37,14204041001,3
229,38,14311234001,1
229,39,14501926001,6
229,40,14502018001,6
230,1,12201067001,1
230,2,12201067001,1
230,3,12201067001,1
230,4,12201067001,1
230,5,12201067001,1
230,6,12201067001,1
230,7,12201067001,1
230,8,12201067001,1
230,9,12201067001,1
230,10,12201067001,1
230,11,12201067001,1
230,12,12201067001,1
230,13,12201067001,1
230,14,12201067001,1
230,15,12201067001,1
230,16,12201067001,1
230,17,12201067001,1
230,18,12201067001,1
230,19,12201067001,1
230,20,12201067001,1
230,21,12201067001,1
230,22,12201067001,1
230,23,12201067001,1
230,24,12201067001,1
230,25,12201067001,1
230,26,12201067001,1
230,27,12201067001,1
230,28,12201067001,1
230,29,12201067001,1
230,30,12201067001,1
230,31,12201067001,1
230,32,12201067001,1
230,33,12201067001,1
230,34,12201067001,1
230,35,12201067001,1
230,36,12201067001,1
230,37,12201067001,1
230,38,12201067001,1
230,39,12201067001,1
230,40,12201067001,1
231,1,12201067001,1
231,2,12201067001,1
231,3,12201067001,1
231,4,12201067001,1
231,5,12201067001,1
231,6,12201067001,1
231,7,12201067001,1
231,8,12201067001,1
231,9,12201067001,1
231,10,12201067001,1
231,11,12201067001,1
231,12,12201067001,1
231,13,12201067001,1
231,14,12201067001,1
231,15,12201067001,1
231,16,12201067001,1
231,17,12201067001,1
231,18,12201067001,1
231,19,12201067001,1
231,20,12201067001,1
231,21,12201067001,1
231,22,12201067001,1
231,23,12201067001,1
231,24,12201067001,1
231,25,12201067001,1
231,26,12201067001,1
231,27,12201067001,1
231,28,12201067001,1
231,29,12201067001,1
231,30,12201067001,1
231,31,12201067001,1
231,32,12201067001,1
231,33,12201067001,1
231,34,12201067001,1
231,35,12201067001,1
231,36,12201067001,1
231,37,12201067001,1
231,38,12201067001,1
231,39,12201067001,1
231,40,12201067001,1
232,1,12201064001,1
232,2,12201064001,1
232,3,12201064001,1
232,4,12201064001,1
232,5,12201064001,1
232,6,12201064001,1
232,7,12201064001,1
232,8,12201064001,1
232,9,12201064001,1
232,10,12201064001,1
232,11,12201064001,1
232,12,12201064001,1
232,13,12201064001,1
232,14,12201064001,1
232,15,12201064001,1
232,16,12201064001,1
232,17,12201064001,1
232,18,12201064001,1
232,19,12201064001,1
232,20,12201064001,1
232,21,12201064001,1
232,22,12201064001,1
232,23,12201064001,1
232,24,12201064001,1
232,25,12201064001,1
232,26,12201064001,1
232,27,12201064001,1
232,28,12201064001,1
232,29,12201064001,1
232,30,12201064001,1
232,31,12201064001,1
232,32,12201064001,1
232,33,12201064001,1
232,34,12201064001,1
232,35,12201064001,1
232,36,12201064001,1
232,37,12201064001,1
232,38,12201064001,1
232,39,12201064001,1
232,40,12201064001,1
233,1,11111011001,8
233,2,11111011001,8
233,3,11111011001,4
233,4,12000057001,2
233,5,12112002001,3
233,6,12201067001,1
233,7,12201067001,1
233,8,12201067001,1
233,9,12201067001,1
233,10,12201067001,1
233,11,12201067001,1
233,12,12201067001,1
233,13,12201067001,1
233,14,12201067001,1
233,15,12201067001,1
233,16,12201067001,1
233,17,12201067001,1
233,18,12201067001,1
233,19,12201067001,1
233,20,12201067001,1
233,21,12201067001,1
233,22,12201067001,1
233,23,12201067001,1
233,24,12201067001,1
233,25,12201067001,1
233,26,12201067001,1
233,27,12201067001,1
233,28,12201067001,1
233,29,12201067001,1
233,30,12201067001,1
233,31,12201067001,1
233,32,12201067001,1
233,33,12201067001,1
233,34,12201067001,1
233,35,12201067001,1
233,36,14111119001,1
233,37,14111119001,1
233,38,14312001001,2
233,39,14506033001,3
233,40,14506357001,3
234,1,10021025001,24
234,2,10021025001,24
234,3,10021025001,24
234,4,10021025001,24
234,5,10021025001,24
234,6,10021025001,24
234,7,10021025001,24
234,8,10021025001,24
234,9,10021025001,24
234,10,10021025001,24
234,11,10021025001,24
234,12,10021025001,24
234,13,10021025001,24
234,14,10021025001,24
234,15,10021025001,24
234,16,10021025001,24
234,17,10021025001,24
234,18,10021025001,24
234,19,10021025001,24
234,20,10021025001,24
234,21,10021025001,24
234,22,10021025001,24
234,23,10021025001,24
234,24,10021025001,24
234,25,10021025001,24
234,26,10021025001,24
234,27,10021025001,24
234,28,10021025001,24
234,29,10021025001,24
234,30,10021025001,24
234,31,10021025001,24
234,32,10021025001,24
234,33,10021025001,24
234,34,10021025001,24
234,35,10021025001,24
234,36,10021025001,24
234,37,10021025001,24
234,38,10021025001,24
234,39,10021025001,24
234,40,10021025001,24
235,1,10021025001,24
235,2,10021025001,24
235,3,10021025001,24
235,4,10021025001,24
235,5,10021025001,24
235,6,10021025001,24
235,7,10021025001,24
235,8,10021025001,24
235,9,10021025001,24
235,10,10021025001,24
235,11,10021025001,24
235,12,10021025001,24
235,13,10021025001,24
235,14,10021025001,24
235,15,10021025001,24
235,16,10021025001,24
235,17,10021025001,24
235,18,10021025001,24
235,19,10021025001,24
235,20,10021025001,24
235,21,10021025001,24
235,22,10021025001,24
235,23,10021025001,24
235,24,10021025001,24
235,25,10021025001,24
235,26,10021025001,24
235,27,10021025001,24
235,28,10021025001,24
235,29,10021025001,24
235,30,10021025001,24
235,31,10021025001,24
235,32,10021025001,24
235,33,10021025001,24
235,34,10021025001,24
235,35,10021025001,24
235,36,10021025001,24
235,37,10021025001,24
235,38,10021025001,24
235,39,10021025001,24
235,40,10021025001,24
236,1,10021025001,24
236,2,10021025001,24
236,3,10021025001,24
236,4,10021025001,24
236,5,10021025001,24
236,6,10021025001,24
236,7,10021025001,24
236,8,10021025001,24
236,9,10021025001,24
236,10,10021025001,24
236,11,10021025001,24
236,12,10021025001,24
236,13,10021025001,24
236,14,10021025001,24
236,15,10021025001,24
236,16,10021025001,24
236,17,10021025001,24
236,18,10021025001,24
236,19,10021025001,24
236,20,10021025001,24
236,21,10021025001,24
236,22,10021025001,24
236,23,10021025001,24
236,24,10021025001,24
236,25,10021025001,24
236,26,10021025001,24
236,27,10021025001,24
236,28,10021025001,24
236,29,10021025001,24
236,30,10021025001,24
236,31,10021025001,24
236,32,10021025001,24
236,33,10021025001,24
236,34,10021025001,24
236,35,10021025001,24
236,36,10021025001,24
236,37,10021025001,24
236,38,10021025001,24
236,39,10021025001,24
236,40,10021025001,24
237,1,10000005001,11
237,2,10000005001,11
237,3,10000005001,11
237,4,10000005001,11
237,5,10000005001,11
237,6,10000005001,11
237,7,10000005001,11
237,8,10000005001,11
237,9,10000005001,11
237,10,10000005001,11
237,11,10000005001,11
237,12,10000005001,11
237,13,10000005001,11
237,14,10000005001,11
237,15,10000005001,11
237,16,10000005001,11
237,17,10000005001,11
237,18,10000005001,11
237,19,10000005001,11
237,20,10000005001,11
237,21,10000005001,11
237,22,10000005001,11
237,23,10000005001,11
237,24,10000005001,11
237,25,10000005001,11
237,26,10000005001,11
237,27,10000005001,11
237,28,10000005001,11
237,29,10000005001,11
237,30,10000005001,11
237,31,10000005001,11
237,32,10000005001,11
237,33,10000005001,11
237,34,10000005001,11
237,35,10000005001,11
237,36,10000005001,11
237,37,10000005001,11
237,38,10000005001,11
237,39,10000005001,11
237,40,10000005001,11
238,1,10021025001,24
238,2,10021025001,24
238,3,10021025001,24
238,4,10021025001,24
238,5,10021025001,24
238,6,10021025001,24
238,7,10021025001,24
238,8,10021025001,24
238,9,10021025001,6
238,10,11111012001,3
238,11,11111013001,3
238,12,11111013001,3
238,13,11111013001,2
238,14,12112009001,1
238,15,14112038001,5
238,16,14112038001,4
238,17,14204061001,5
238,18,14204061001,5
238,19,14204061001,5
238,20,14204061001,5
238,21,14204061001,5
238,22,14204061001,1
238,23,14312016001,4
238,24,14506041001,3
238,25,14506366001,3
238,26,14610002001,4
238,27,14610002001,4
238,28,14610002001,4
238,29,14610002001,4
238,30,14610002001,4
238,31,14610002001,4
238,32,14610002001,4
238,33,14610002001,4
238,34,14610002001,4
238,35,14610002001,4
238,36,14610002001,4
238,37,14610002001,4
238,38,14610002001,4
238,39,14610002001,4
238,40,14610002001,2
239,1,10000005001,11
239,2,10000005001,11
239,3,10000005001,11
239,4,10000005001,11
239,5,10000005001,11
239,6,10000005001,11
239,7,10000005001,11
239,8,10000005001,11
239,9,10000005001,11
239,10,10000005001,11
239,11,10000005001,11
239,12,10000005001,11
239,13,10000005001,11
239,14,10000005001,11
239,15,10000005001,11
239,16,10000005001,11
239,17,10000005001,11
239,18,10000005001,11
239,19,10000005001,11
239,20,10000005001,11
239,21,10000005001,11
239,22,10000005001,11
239,23,10000005001,11
239,24,10000005001,11
239,25,10000005001,11
239,26,10000005001,11
239,27,10000005001,11
239,28,10000005001,11
239,29,10000005001,11
239,30,10000005001,11
239,31,10000005001,11
239,32,10000005001,11
239,33,10000005001,11
239,34,10000005001,11
239,35,10000005001,11
239,36,10000005001,11
239,37,10000005001,11
239,38,10000005001,11
239,39,10000005001,11
239,40,10000005001,11
240,1,10002074001,8
240,2,10002074001,8
240,3,10002074001,8
240,4,10002074001,8
240,5,10002074001,8
240,6,10002074001,6
240,7,11112007001,10
240,8,12120024001,6
240,9,12123075001,3
240,10,12123075001,3
240,11,12123075001,3
240,12,12123075001,2
240,13,14121104001,11
240,14,14121104001,7
240,15,14301013001,2
240,16,14301013001,2
240,17,14301013001,2
240,18,14301013001,2
240,19,14301013001,2
240,20,14301013001,2
240,21,14301013001,2
240,22,14304003001,2
240,23,14304003001,2
240,24,14304003001,2
240,25,14304003001,2
240,26,14304003001,2
240,27,14304003001,2
240,28,14304003001,2
240,29,14312018001,8
240,30,14509021001,17
240,31,14509021001,17
240,32,14509021001,17
240,33,14509021001,2
240,34,14615114001,2
240,35,14620046001,2
241,1,10040005001,5
241,2,10040005001,5
241,3,10040005001,5
241,4,10040005001,5
241,5,10040005001,5
241,6,10040005001,5
241,7,10040005001,5
241,8,10040005001,5
241,9,10040005001,5
241,10,10040005001,5
241,11,10040005001,5
241,12,10040005001,5
241,13,10040005001,5
241,14,10040005001,5
241,15,10040005001,5
241,16,10040005001,5
241,17,10040005001,5
241,18,10040005001,5
241,19,10040005001,5
241,20,10040005001,5
241,21,10040005001,5
241,22,10040005001,5
241,23,10040005001,5
241,24,10040005001,5
241,25,10040005001,5
241,26,10040005001,5
241,27,10040005001,5
241,28,10040005001,5
241,29,10040005001,5
241,30,10040005001,5
241,31,10040005001,5
241,32,10040005001,5
241,33,10040005001,5
241,34,10040005001,5
241,35,10040005001,5
241,36,10040005001,5
241,37,10040005001,5
241,38,10040005001,5
241,39,10040005001,5
241,40,10040005001,5
242,1,12201064001,1
242,2,12201064001,1
242,3,12201064001,1
242,4,12201064001,1
242,5,12201064001,1
242,6,12201064001,1
242,7,12201064001,1
242,8,12201064001,1
242,9,12201064001,1
242,10,12201064001,1
242,11,12201064001,1
242,12,12201064001,1
242,13,12201064001,1
242,14,12201064001,1
242,15,12201064001,1
242,16,12201064001,1
242,17,12201064001,1
242,18,12201064001,1
242,19,12201064001,1
242,20,12201064001,1
242,21,12201064001,1
242,22,12201064001,1
242,23,12201064001,1
242,24,12201064001,1
242,25,12201064001,1
242,26,12201064001,1
242,27,12201064001,1
242,28,12201064001,1
242,29,12201064001,1
242,30,12201064001,1
242,31,12201064001,1
242,32,12201064001,1
242,33,12201064001,1
242,34,12201064001,1
242,35,12201064001,1
242,36,12201064001,1
242,37,12201064001,1
242,38,12201064001,1
242,39,12201064001,1
242,40,12201064001,1
243,1,10040005001,5
243,2,10040005001,5
243,3,10040005001,5
243,4,10040005001,5
243,5,10040005001,5
243,6,10040005001,5
243,7,10040005001,5
243,8,10040005001,5
243,9,10040005001,5
243,10,10040005001,5
243,11,10040005001,5
243,12,10040005001,5
243,13,10040005001,5
243,14,10040005001,5
243,15,10040005001,5
243,16,10040005001,5
243,17,10040005001,5
243,18,10040005001,5
243,19,10040005001,5
243,20,10040005001,5
243,21,10040005001,5
243,22,10040005001,5
243,23,10040005001,5
243,24,10040005001,5
243,25,10040005001,5
243,26,10040005001,5
243,27,10040005001,5
243,28,10040005001,5
243,29,10040005001,5
243,30,10040005001,5
243,31,10040005001,5
243,32,10040005001,5
243,33,10040005001,5
243,34,10040005001,5
243,35,10040005001,5
243,36,10040005001,5
243,37,10040005001,5
243,38,10040005001,5
243,39,10040005001,5
243,40,10040005001,5
244,1,12000076001,3
244,2,12021052001,14
244,3,12021052001,14
244,4,12021052001,14
244,5,12021052001,11
244,6,12121027001,5
244,7,14102246001,4
244,8,14102246001,4
244,9,14102246001,4
244,10,14102246001,4
244,11,14102246001,4
244,12,14102246001,4
244,13,14102246001,4
244,14,14102246001,4
244,15,14102246001,4
244,16,14102246001,4
244,17,14111053001,6
244,18,14111053001,6
244,19,14111053001,6
244,20,14111053001,6
244,21,14111053001,6
244,22,14111053001,6
244,23,14111053001,6
244,24,14111053001,6
244,25,14111053001,5
244,26,14131026001,4
244,27,14131026001,4
244,28,14312055001,7
244,29,14500064001,12
244,30,14500064001,12
244,31,14500064001,12
244,32,14500064001,12
244,33,14500064001,12
244,34,14506012001,4
244,35,14506038001,4
245,1,12201064001,1
245,2,12201064001,1
245,3,12201064001,1
245,4,12201064001,1
245,5,12201064001,1
245,6,12201064001,1
245,7,12201064001,1
245,8,12201064001,1
245,9,12201064001,1
245,10,12201064001,1
245,11,12201064001,1
245,12,12201064001,1
245,13,12201064001,1
245,14,12201064001,1
245,15,12201064001,1
245,16,12201064001,1
245,17,12201064001,1
245,18,12201064001,1
245,19,12201064001,1
245,20,12201064001,1
245,21,12201064001,1
245,22,12201064001,1
245,23,12201064001,1
245,24,12201064001,1
245,25,12201064001,1
245,26,12201064001,1
245,27,12201064001,1
245,28,12201064001,1
245,29,12201064001,1
245,30,12201064001,1
245,31,12201064001,1
245,32,12201064001,1
245,33,12201064001,1
245,34,12201064001,1
245,35,12201064001,1
245,36,12201064001,1
245,37,12201064001,1
245,38,12201064001,1
245,39,12201064001,1
245,40,12201064001,1
246,1,10040005001,5
246,2,10040005001,5
246,3,10040005001,5
246,4,10040005001,5
246,5,10040005001,5
246,6,10040005001,5
246,7,10040005001,5
246,8,10040005001,5
246,9,10040005001,5
246,10,10040005001,5
246,11,10040005001,5
246,12,10040005001,5
246,13,10040005001,5
246,14,10040005001,5
246,15,10040005001,5
246,16,10040005001,5
246,17,10040005001,5
246,18,10040005001,5
246,19,10040005001,5
246,20,10040005001,5
246,21,10040005001,5
246,22,10040005001,5
246,23,10040005001,5
246,24,10040005001,5
246,25,10040005001,5
246,26,10040005001,5
246,27,10040005001,5
246,28,10040005001,5
246,29,10040005001,5
246,30,10040005001,5
246,31,10040005001,5
246,32,10040005001,5
246,33,10040005001,5
246,34,10040005001,5
246,35,10040005001,5
246,36,10040005001,5
246,37,10040005001,5
246,38,10040005001,5
246,39,10040005001,2
246,40,14312042001,1
247,1,10033070001,5
247,2,10033070001,5
247,3,10033070001,5
247,4,10033070001,5
247,5,10033070001,5
247,6,10033070001,5
247,7,10033070001,5
247,8,10033070001,5
247,9,10033070001,5
247,10,10033070001,5
247,11,10033070001,5
247,12,10033070001,5
247,13,10033070001,5
247,14,10033070001,5
247,15,10033070001,5
247,16,10033070001,5
247,17,10033070001,5
247,18,10033070001,5
247,19,10033070001,5
247,20,10033070001,5
247,21,10033070001,5
247,22,10033070001,5
247,23,10033070001,5
247,24,10033070001,5
247,25,10033070001,5
247,26,10033070001,5
247,27,10033070001,5
247,28,10033070001,5
247,29,10033070001,5
247,30,10033070001,5
247,31,10033070001,5
247,32,10033070001,5
247,33,10033070001,5
247,34,10033070001,5
247,35,10033070001,5
247,36,10033070001,5
247,37,10033070001,5
247,38,10033070001,5
247,39,10033070001,5
247,40,10033070001,5
248,1,10014111001,11
248,2,10014111001,11
248,3,10014111001,11
248,4,10014111001,11
248,5,10014111001,11
248,6,10014111001,5
248,7,10030017001,6
248,8,10030017001,6
248,9,10030017001,6
248,10,10030017001,6
248,11,10030017001,6
248,12,10030017001,6
248,13,10030017001,6
248,14,10030017001,6
248,15,10030017001,6
248,16,10030017001,6
248,17,10030017001,6
248,18,10030017001,6
248,19,10030017001,6
248,20,10030017001,1
248,21,11110065001,5
248,22,11110065001,5
248,23,11110065001,5
248,24,11110065001,5
248,25,11110065001,5
248,26,11110065001,5
248,27,11110065001,5
248,28,11110065001,5
248,29,11110065001,5
248,30,11111037001,4
248,31,12112026001,1
248,32,12122007001,3
248,33,12122007001,3
248,34,12122007001,3
248,35,12122007001,3
248,36,14132074001,7
248,37,14132074001,7
248,38,14312045001,8
248,39,14603038001,5
248,40,14615076001,5
249,1,10033057001,5
249,2,10033057001,5
249,3,10033057001,5
249,4,10033057001,5
249,5,10033057001,5
249,6,10033057001,5
249,7,10033057001,5
249,8,10033057001,5
249,9,10033057001,5
249,10,10033057001,5
249,11,10033057001,5
249,12,10033057001,5
249,13,10033057001,5
249,14,10033057001,5
249,15,10033057001,5
249,16,10033057001,5
249,17,10033057001,5
249,18,10033057001,5
249,19,10033057001,5
249,20,10033057001,5
249,21,10033057001,5
249,22,10033057001,5
249,23,10033057001,5
249,24,10033057001,5
249,25,10033057001,5
249,26,10033057001,5
249,27,10033057001,5
249,28,10033057001,5
249,29,10033057001,5
249,30,10033057001,5
249,31,10033057001,5
249,32,10033057001,5
249,33,10033057001,5
249,34,10033057001,5
249,35,10033057001,5
249,36,10033057001,5
249,37,10033057001,5
249,38,10033057001,5
249,39,10033057001,5
249,40,10033057001,5
250,1,10000005001,11
250,2,10000005001,11
250,3,10000005001,11
250,4,10000005001,11
250,5,10000005001,11
250,6,10000005001,11
250,7,10000005001,11
250,8,10000005001,11
250,9,10000005001,11
250,10,10000005001,11
250,11,10000005001,11
250,12,10000005001,11
250,13,10000005001,11
250,14,10000005001,11
250,15,10000005001,11
250,16,10000005001,11
250,17,10000005001,11
250,18,10000005001,11
250,19,10000005001,11
250,20,10000005001,11
250,21,10000005001,11
250,22,10000005001,11
250,23,10000005001,11
250,24,10000005001,11
250,25,10000005001,11
250,26,10000005001,11
250,27,10000005001,11
250,28,10000005001,11
250,29,10000005001,11
250,30,10000005001,11
250,31,10000005001,11
250,32,10000005001,11
250,33,10000005001,11
250,34,10000005001,11
250,35,10000005001,11
250,36,10000005001,11
250,37,10000005001,11
250,38,10000005001,11
250,39,10000005001,11
250,40,10000005001,11
251,1,10024007001,40
251,2,10024007001,40
251,3,10024007001,40
251,4,10024007001,40
251,5,10024007001,40
251,6,10024007001,22
251,7,12000045001,3
251,8,12120004001,6
251,9,12130001001,3
251,10,12130001001,3
251,11,12130001001,3
251,12,12130001001,3
251,13,12130052001,2
251,14,12130052001,2
251,15,12130052001,2
251,16,12130052001,2
251,17,12130052001,2
251,18,12130052001,2
251,19,12130052001,2
251,20,12130052001,2
251,21,12130052001,2
251,22,14132038001,6
251,23,14132038001,5
251,24,14315008001,5
251,25,14508022001,2
251,26,14620124001,9
251,27,14620124001,9
251,28,14620124001,9
251,29,14620124001,9
251,30,14620124001,1
251,31,14620908001,6
251,32,14620908001,6
251,33,14620908001,6
251,34,14620908001,6
251,35,14620908001,6
251,36,14620908001,6
251,37,14620908001,1
251,38,14631022001,2
252,1,10000011001,13
252,2,10000011001,13
252,3,10000011001,13
252,4,10000011001,13
252,5,10000011001,13
252,6,10000011001,13
252,7,10000011001,13
252,8,10000011001,13
252,9,10000011001,13
252,10,10000011001,13
252,11,10000011001,13
252,12,10000011001,13
252,13,10000011001,13
252,14,10000011001,13
252,15,10000011001,13
252,16,10000011001,13
252,17,10000011001,13
252,18,10000011001,13
252,19,10000011001,13
252,20,10000011001,13
252,21,10000011001,13
252,22,10000011001,13
252,23,10000011001,13
252,24,10000011001,13
252,25,10000011001,13
252,26,10000011001,13
252,27,10000011001,13
252,28,10000011001,13
252,29,10000011001,13
252,30,10000011001,13
252,31,10000011001,13
252,32,10000011001,13
252,33,10000011001,13
252,34,10000011001,13
252,35,10000011001,13
252,36,10000011001,13
252,37,10000011001,13
252,38,10000011001,13
252,39,10000011001,13
252,40,10000011001,13
253,1,10040062001,6
253,2,10040062001,6
253,3,10040062001,6
253,4,10040062001,6
253,5,10040062001,6
253,6,10040062001,6
253,7,10040062001,6
253,8,10040062001,6
253,9,10040062001,6
253,10,10040062001,6
253,11,10040062001,6
253,12,10040062001,6
253,13,10040062001,6
253,14,10040062001,6
253,15,10040062001,6
253,16,10040062001,6
253,17,10040062001,6
253,18,10040062001,6
253,19,10040062001,6
253,20,10040062001,6
253,21,10040062001,6
253,22,10040062001,6
253,23,10040062001,6
253,24,10040062001,6
253,25,10040062001,6
253,26,10040062001,6
253,27,10040062001,6
253,28,10040062001,6
253,29,10040062001,6
253,30,10040062001,6
253,31,10040062001,6
253,32,10040062001,6
253,33,10040062001,6
253,34,10040062001,6
253,35,10040062001,6
253,36,10040062001,6
253,37,10040062001,6
253,38,10040062001,6
253,39,10040062001,6
253,40,10040062001,6
254,1,10000011001,13
254,2,10000011001,13
254,3,10000011001,13
254,4,10000011001,13
254,5,10000011001,13
254,6,10000011001,13
254,7,10000011001,13
254,8,10000011001,13
254,9,10000011001,13
254,10,10000011001,13
254,11,10000011001,13
254,12,10000011001,13
254,13,10000011001,13
254,14,10000011001,13
254,15,10000011001,13
254,16,10000011001,13
254,17,10000011001,13
254,18,10000011001,13
254,19,10000011001,13
254,20,10000011001,13
254,21,10000011001,13
254,22,10000011001,13
254,23,10000011001,13
254,24,10000011001,13
254,25,10000011001,13
254,26,10000011001,13
254,27,10000011001,13
254,28,10000011001,13
254,29,10000011001,13
254,30,10000011001,13
254,31,10000011001,13
254,32,10000011001,13
254,33,10000011001,13
254,34,10000011001,13
254,35,10000011001,13
254,36,10000011001,13
254,37,10000011001,13
254,38,10000011001,13
254,39,10000011001,13
254,40,10000011001,13
255,1,10000005001,11
255,2,10000005001,11
255,3,10000005001,11
255,4,10000005001,11
255,5,10000005001,11
255,6,10000005001,11
255,7,10000005001,11
255,8,10000005001,11
255,9,10000005001,11
255,10,10000005001,11
255,11,10000005001,11
255,12,10000005001,11
255,13,10000005001,11
255,14,10000005001,11
255,15,10000005001,11
255,16,10000005001,11
255,17,10000005001,11
255,18,10000005001,11
255,19,10000005001,11
255,20,10000005001,1
255,21,10002013001,24
255,22,10002013001,24
255,23,10020015001,13
255,24,10020015001,13
255,25,10020015001,13
255,26,10020015001,13
255,27,10020015001,13
255,28,10020015001,13
255,29,10020015001,13
255,30,10020015001,13
255,31,10020015001,10
255,32,12000089001,2
255,33,12120039001,6
255,34,12123898001,3
255,35,12123898001,3
255,36,12123898001,3
255,37,12123898001,1
255,38,14132116001,5
255,39,14132116001,1
255,40,14312068001,2
256,1,10000011001,13
256,2,10000011001,13
256,3,10000011001,13
256,4,10000011001,13
256,5,10000011001,13
256,6,10000011001,13
256,7,10000011001,13
256,8,10000011001,13
256,9,10000011001,13
256,10,10000011001,13
256,11,10000011001,13
256,12,10000011001,13
256,13,10000011001,13
256,14,10000011001,13
256,15,10000011001,13
256,16,10000011001,13
256,17,10000011001,13
256,18,10000011001,13
256,19,10000011001,13
256,20,10000011001,13
256,21,10000011001,13
256,22,10000011001,13
256,23,10000011001,13
256,24,10000011001,13
256,25,10002037001,6
256,26,10002037001,2
256,27,12000081001,6
256,28,12000405001,16
256,29,12000405001,16
256,30,12000405001,11
256,31,12120085001,1
256,32,14132130001,4
256,33,14132130001,1
256,34,14321008001,6
256,35,14353899001,2
256,36,14353899001,2
256,37,14353899001,2
256,38,14353899001,2
256,39,14353899001,2
256,40,14353899001,1
257,1,10011007001,15
257,2,10011007001,10
257,3,10014113001,11
257,4,10014113001,11
257,5,10014113001,11
257,6,10014113001,11
257,7,10014113001,11
257,8,10014113001,11
257,9,10014113001,11
257,10,10014113001,11
257,11,10014113001,11
257,12,10014113001,11
257,13,10014113001,11
257,14,10014113001,11
257,15,10014113001,11
257,16,10014113001,7
257,17,10032059001,9
257,18,10032059001,9
257,19,10032059001,9
257,20,10032059001,9
257,21,10032059001,9
257,22,10032059001,3
257,23,12000011001,5
257,24,12012165001,14
257,25,12012165001,14
257,26,12012165001,14
257,27,12012165001,11
257,28,12100040001,3
257,29,12100040001,3
257,30,12100040001,3
257,31,12100040001,1
257,32,12121059001,4
257,33,14133007001,5
257,34,14133007001,2
257,35,14320899001,1
258,1,10033070001,5
258,2,10033070001,5
258,3,10033070001,5
258,4,10033070001,5
258,5,10033070001,5
258,6,10033070001,5
258,7,10033070001,5
258,8,10033070001,5
258,9,10033070001,5
258,10,10033070001,5
258,11,10033070001,5
258,12,10033070001,5
258,13,10033070001,5
258,14,10033070001,5
258,15,10033070001,5
258,16,10033070001,5
258,17,10033070001,5
258,18,10033070001,5
258,19,10033070001,5
258,20,10033070001,5
258,21,10033070001,5
258,22,10033070001,5
258,23,10033070001,5
258,24,10033070001,5
258,25,10033070001,5
258,26,10033070001,5
258,27,10033070001,5
258,28,10033070001,5
258,29,10033070001,5
258,30,10033070001,5
258,31,10033070001,5
258,32,10033070001,5
258,33,10033070001,5
258,34,10033070001,5
258,35,10033070001,5
258,36,10033070001,5
258,37,10033070001,5
258,38,10033070001,5
258,39,10033070001,5
258,40,10033070001,5
259,1,10033057001,5
259,2,10033057001,5
259,3,10033057001,5
259,4,10033057001,5
259,5,10033057001,5
259,6,10033057001,5
259,7,10033057001,5
259,8,10033057001,5
259,9,10033057001,5
259,10,10033057001,5
259,11,10033057001,5
259,12,10033057001,5
259,13,10033057001,5
259,14,10033057001,5
259,15,10033057001,5
259,16,10033057001,5
259,17,10033057001,5
259,18,10033057001,5
259,19,10033057001,5
259,20,10033057001,5
259,21,10033057001,5
259,22,10033057001,5
259,23,10033057001,5
259,24,10033057001,5
259,25,10033057001,5
259,26,10033057001,5
259,27,10033057001,5
259,28,10033057001,5
259,29,10033057001,5
259,30,10033057001,5
259,31,10033057001,5
259,32,10033057001,5
259,33,10033057001,5
259,34,10033057001,5
259,35,10033057001,5
259,36,10033057001,5
259,37,10033057001,5
259,38,10033057001,5
259,39,10033057001,5
259,40,10033057001,5
260,1,10033057001,5
260,2,10033057001,5
260,3,10033057001,5
260,4,10033057001,5
260,5,10033057001,5
260,6,10033057001,5
260,7,10033057001,5
260,8,10033057001,5
260,9,10033057001,5
260,10,10033057001,5
260,11,10033057001,5
260,12,10033057001,5
260,13,10033057001,5
260,14,10033057001,5
260,15,10033057001,5
260,16,10033057001,5
260,17,10033057001,5
260,18,10033057001,5
260,19,10033057001,5
260,20,10033057001,5
260,21,10033057001,5
260,22,10033057001,5
260,23,10033057001,5
260,24,10033057001,5
260,25,10033057001,5
260,26,10033057001,5
260,27,10033057001,5
260,28,10033057001,5
260,29,10033057001,5
260,30,10033057001,5
260,31,10033057001,5
260,32,10033057001,5
260,33,10033057001,5
260,34,10033057001,5
260,35,10033057001,5
260,36,10033057001,5
260,37,10033057001,5
260,38,10033057001,5
260,39,10033057001,5
260,40,10033057001,5
261,1,10014037001,10
261,2,10014037001,5
261,3,10033022001,6
261,4,10033022001,6
261,5,10033022001,6
261,6,10033022001,6
261,7,10033022001,6
261,8,10033022001,6
261,9,10033022001,6
261,10,10033022001,6
261,11,10033022001,6
261,12,10033022001,6
261,13,10033022001,6
261,14,10033022001,6
261,15,10033022001,6
261,16,10033022001,6
261,17,10040014001,9
261,18,10040014001,9
261,19,10040014001,9
261,20,10040014001,9
261,21,10040014001,9
261,22,10040014001,9
261,23,12000097001,3
261,24,12011038001,22
261,25,12011038001,22
261,26,12011038001,9
261,27,12121078001,3
261,28,12130049001,2
261,29,12130049001,2
261,30,12130049001,2
261,31,12130049001,2
261,32,14200012001,9
261,33,14200012001,1
261,34,14321009001,2
262,1,10033070001,5
262,2,10033070001,5
262,3,10033070001,5
262,4,10033070001,5
262,5,10033070001,5
262,6,10033070001,5
262,7,10033070001,5
262,8,10033070001,5
262,9,10033070001,5
262,10,10033070001,5
262,11,10033070001,5
262,12,10033070001,5
262,13,10033070001,5
262,14,10033070001,5
262,15,10033070001,5
262,16,10033070001,5
262,17,10033070001,5
262,18,10033070001,5
262,19,10033070001,5
262,20,10033070001,5
262,21,10033070001,5
262,22,10033070001,5
262,23,10033070001,5
262,24,10033070001,5
262,25,10033070001,5
262,26,10033070001,5
262,27,10033070001,5
262,28,10033070001,5
262,29,10033070001,5
262,30,10033070001,5
262,31,10033070001,5
262,32,10033070001,5
262,33,10033070001,5
262,34,10033070001,5
262,35,10033070001,5
262,36,10033070001,5
262,37,10033070001,5
262,38,10033070001,5
262,39,10033070001,5
262,40,10033070001,5
263,1,10020019001,20
263,2,10020019001,4
263,3,10021034001,12
263,4,10021034001,12
263,5,10021034001,12
263,6,10021034001,12
263,7,10021034001,12
263,8,10021034001,12
263,9,10021034001,12
263,10,10021034001,12
263,11,10021034001,8
263,12,10033070001,5
263,13,10033070001,5
263,14,10033070001,5
263,15,10033070001,5
263,16,10033070001,5
263,17,10033070001,5
263,18,10033070001,5
263,19,10033070001,5
263,20,10033070001,5
263,21,10033070001,5
263,22,10033070001,5
263,23,10033070001,5
263,24,10033070001,5
263,25,10033070001,5
263,26,10033070001,5
263,27,10033070001,5
263,28,10033070001,5
263,29,10033070001,5
263,30,10033070001,5
263,31,10033070001,1
263,32,12000101001,1
263,33,12121066001,2
263,34,12301001001,2
263,35,12301001001,2
263,36,12301001001,2
263,37,12301001001,1
263,38,14200011001,10
263,39,14200011001,7
263,40,14321011001,12
264,1,10002102001,11
264,2,10002102001,11
264,3,10002102001,11
264,4,10002102001,11
264,5,10002102001,11
264,6,10002102001,11
264,7,10002102001,11
264,8,10002102001,11
264,9,10002102001,11
264,10,10002102001,11
264,11,10002102001,11
264,12,10002102001,11
264,13,10002102001,11
264,14,10002102001,11
264,15,10002102001,11
264,16,10002102001,11
264,17,10002102001,11
264,18,10002102001,11
264,19,10002102001,11
264,20,10002102001,11
264,21,10002102001,11
264,22,10002102001,11
264,23,10002102001,11
264,24,10002102001,11
264,25,10002102001,11
264,26,10002102001,11
264,27,10002102001,11
264,28,10002102001,11
264,29,10002102001,11
264,30,10002102001,11
264,31,10002102001,11
264,32,10002102001,11
264,33,10002102001,11
264,34,10002102001,11
264,35,10002102001,11
264,36,10002102001,11
264,37,10002102001,11
264,38,10002102001,11
264,39,10002102001,11
264,40,10002102001,11
265,1,10014029001,7
265,2,10014029001,7
265,3,10014029001,7
265,4,10014029001,7
265,5,10014029001,7
265,6,10014029001,7
265,7,10014029001,7
265,8,10014029001,7
265,9,10014029001,7
265,10,10014029001,7
265,11,10014029001,7
265,12,10014029001,7
265,13,10014029001,7
265,14,10014029001,5
265,15,10022020001,15
265,16,10022020001,9
265,17,10031023001,5
265,18,10031023001,5
265,19,10031023001,5
265,20,10031023001,5
265,21,10031023001,5
265,22,10031023001,3
265,23,12000108001,4
265,24,12110003001,53
265,25,12121037001,6
265,26,14000010001,5
265,27,14000010001,5
265,28,14000010001,5
265,29,14000010001,2
265,30,14133914001,3
265,31,14133914001,2
265,32,14331037001,2
266,1,10022024001,19
266,2,10022024001,5
266,3,10032046001,22
266,4,10032046001,22
266,5,10032046001,22
266,6,10032046001,22
266,7,10032046001,22
266,8,10032046001,22
266,9,10032046001,22
266,10,10032046001,22
266,11,10032046001,22
266,12,10032046001,18
266,13,10033057001,5
266,14,10033057001,5
266,15,10033057001,5
266,16,10033057001,5
266,17,10033057001,5
266,18,10033057001,5
266,19,10033057001,5
266,20,10033057001,5
266,21,10033057001,5
266,22,10033057001,5
266,23,10033057001,5
266,24,10033057001,5
266,25,10033057001,5
266,26,10033057001,5
266,27,10033057001,2
266,28,11103098001,5
266,29,11103098001,5
266,30,11103098001,3
266,31,12000129001,2
266,32,12121103001,3
266,33,12212061001,10
266,34,12212061001,10
266,35,12212061001,10
266,36,12212061001,10
266,37,12212061001,8
266,38,14200047001,10
266,39,14200047001,3
266,40,14330015001,2
267,1,10040062001,6
267,2,10040062001,6
267,3,10040062001,6
267,4,10040062001,6
267,5,10040062001,6
267,6,10040062001,6
267,7,10040062001,6
267,8,10040062001,6
267,9,10040062001,6
267,10,10040062001,6
267,11,10040062001,6
267,12,10040062001,6
267,13,10040062001,6
267,14,10040062001,6
267,15,10040062001,6
267,16,10040062001,6
267,17,10040062001,6
267,18,10040062001,6
267,19,10040062001,6
267,20,10040062001,6
267,21,10040062001,6
267,22,10040062001,6
267,23,10040062001,6
267,24,10040062001,6
267,25,10040062001,6
267,26,10040062001,6
267,27,10040062001,6
267,28,10040062001,6
267,29,10040062001,6
267,30,10040062001,6
267,31,10040062001,6
267,32,10040062001,6
267,33,10040062001,6
267,34,10040062001,6
267,35,10040062001,6
267,36,10040062001,6
267,37,10040062001,6
267,38,10040062001,6
267,39,10040062001,6
267,40,10040062001,6
268,1,10012006001,60
268,2,10012006001,24
268,3,10040021001,10
268,4,10040021001,10
268,5,10040021001,10
268,6,10040021001,10
268,7,10040021001,10
268,8,10040021001,10
268,9,12000163001,2
268,10,12020246001,41
268,11,12020246001,12
268,12,12121087001,4
268,13,12130075001,1
268,14,12130075001,1
268,15,12130075001,1
268,16,12130075001,1
268,17,14110015001,6
268,18,14110015001,6
268,19,14110015001,6
268,20,14110015001,6
268,21,14110015001,6
268,22,14110015001,6
268,23,14110015001,6
268,24,14110015001,6
268,25,14110015001,6
268,26,14110015001,6
268,27,14110015001,6
268,28,14110015001,6
268,29,14110015001,6
268,30,14110015001,3
268,31,14203032001,5
268,32,14203032001,3
268,33,14330006001,1
269,1,10022015001,5
269,2,10022015001,1
269,3,10034020001,31
269,4,10034020001,31
269,5,10034020001,31
269,6,10034020001,31
269,7,10034020001,31
269,8,10034020001,25
269,9,12000128001,1
269,10,12121056001,8
269,11,14000033001,9
269,12,14000033001,9
269,13,14000033001,9
269,14,14000033001,1
269,15,14113066001,5
269,16,14113066001,5
269,17,14113066001,5
269,18,14113066001,5
269,19,14113066001,5
269,20,14113066001,5
269,21,14113066001,5
269,22,14113066001,5
269,23,14113066001,5
269,24,14113066001,5
269,25,14113066001,5
269,26,14113066001,5
269,27,14113066001,5
269,28,14113066001,1
269,29,14200060001,10
269,30,14200060001,3
269,31,14210047001,10
269,32,14210047001,10
269,33,14210047001,10
269,34,14210047001,10
269,35,14210047001,10
269,36,14210047001,3
269,37,14331026001,3
270,1,10040062001,6
270,2,10040062001,6
270,3,10040062001,6
270,4,10040062001,6
270,5,10040062001,6
270,6,10040062001,6
270,7,10040062001,6
270,8,10040062001,6
270,9,10040062001,6
270,10,10040062001,6
270,11,10040062001,6
270,12,10040062001,6
270,13,10040062001,6
270,14,10040062001,6
270,15,10040062001,6
270,16,10040062001,6
270,17,10040062001,6
270,18,10040062001,6
270,19,10040062001,6
270,20,10040062001,6
270,21,10040062001,6
270,22,10040062001,6
270,23,10040062001,6
270,24,10040062001,6
270,25,10040062001,6
270,26,10040062001,6
270,27,10040062001,6
270,28,10040062001,6
270,29,10040062001,6
270,30,10040062001,6
270,31,10040062001,6
270,32,10040062001,6
270,33,10040062001,6
270,34,10040062001,6
270,35,10040062001,6
270,36,10040062001,6
270,37,10040062001,6
270,38,10040062001,6
270,39,10040062001,6
270,40,10040062001,6
271,1,10023055001,4
271,2,10023055001,1
271,3,10040031001,7
271,4,10040031001,7
271,5,10040031001,7
271,6,10040031001,7
271,7,10040031001,7
271,8,10040031001,1
271,9,11103090001,4
271,10,11103090001,4
271,11,11103090001,4
271,12,11103090001,4
271,13,11103090001,4
271,14,11103090001,4
271,15,11103090001,4
271,16,11103090001,4
271,17,11103090001,4
271,18,11103090001,4
271,19,11103090001,4
271,20,11103090001,4
271,21,11103090001,4
271,22,11103090001,2
271,23,12000067001,6
271,24,12122008001,2
271,25,12123016002,6
271,26,12123016002,6
271,27,12123016002,6
271,28,12123016002,6
271,29,14132153001,5
271,30,14132153001,2
271,31,14304128001,8
271,32,14304128001,8
271,33,14304128001,8
271,34,14304128001,8
271,35,14304128001,8
271,36,14304128001,8
271,37,14304128001,5
271,38,14331020001,3
272,1,10002102001,11
272,2,10002102001,11
272,3,10002102001,11
272,4,10002102001,11
272,5,10002102001,11
272,6,10002102001,11
272,7,10002102001,11
272,8,10002102001,11
272,9,10002102001,11
272,10,10002102001,11
272,11,10002102001,11
272,12,10002102001,11
272,13,10002102001,11
272,14,10002102001,11
272,15,10002102001,11
272,16,10002102001,11
272,17,10002102001,11
272,18,10002102001,11
272,19,10002102001,11
272,20,10002102001,11
272,21,10002102001,11
272,22,10002102001,11
272,23,10002102001,11
272,24,10002102001,11
272,25,10002102001,11
272,26,10002102001,11
272,27,10002102001,11
272,28,10002102001,11
272,29,10002102001,11
272,30,10002102001,11
272,31,10002102001,11
272,32,10002102001,11
272,33,10002102001,11
272,34,10002102001,11
272,35,10002102001,11
272,36,10002102001,11
272,37,10002102001,11
272,38,10002102001,11
272,39,10002102001,11
272,40,10002102001,11
273,1,10023005001,4
273,2,10023005001,2
273,3,10040062001,6
273,4,10040062001,6
273,5,10040062001,6
273,6,10040062001,6
273,7,10040062001,6
273,8,10040062001,6
273,9,10040062001,6
273,10,10040062001,6
273,11,10040062001,6
273,12,10040062001,6
273,13,10040062001,6
273,14,10040062001,6
273,15,10040062001,6
273,16,10040062001,6
273,17,12000205001,6
273,18,12011056001,6
273,19,12011056001,6
273,20,12011056001,2
273,21,12123031001,4
273,22,12130016001,3
273,23,12130016001,3
273,24,12130016001,3
273,25,12130016001,3
273,26,12130016001,3
273,27,14200092001,9
273,28,14200092001,2
273,29,14331005001,2
273,30,14611022001,6
273,31,14611022001,6
273,32,14611022001,6
273,33,14611022001,6
273,34,14611022001,6
273,35,14611022001,6
273,36,14611022001,6
273,37,14611022001,6
273,38,14611022001,6
273,39,14611022001,6
273,40,14611022001,3
274,1,10002102001,11
274,2,10002102001,11
274,3,10002102001,11
274,4,10002102001,11
274,5,10002102001,11
274,6,10002102001,11
274,7,10002102001,11
274,8,10002102001,11
274,9,10002102001,11
274,10,10002102001,11
274,11,10002102001,11
274,12,10002102001,11
274,13,10002102001,11
274,14,10002102001,11
274,15,10002102001,11
274,16,10002102001,11
274,17,10002102001,11
274,18,10002102001,11
274,19,10002102001,11
274,20,10002102001,11
274,21,10002102001,11
274,22,10002102001,11
274,23,10002102001,11
274,24,10002102001,11
274,25,10002102001,11
274,26,10002102001,11
274,27,10002102001,11
274,28,10002102001,11
274,29,10002102001,11
274,30,10002102001,11
274,31,10002102001,11
274,32,10002102001,11
274,33,10002102001,11
274,34,10002102001,11
274,35,10002102001,11
274,36,10002102001,11
274,37,10002102001,11
274,38,10002102001,11
274,39,10002102001,11
274,40,10002102001,11
275,1,10002102001,11
275,2,10002102001,11
275,3,10002102001,11
275,4,10002102001,3
275,5,10023058001,6
275,6,10023058001,2
275,7,10033026001,6
275,8,10033026001,6
275,9,10033026001,6
275,10,10033026001,6
275,11,10033026001,6
275,12,10033026001,6
275,13,10033026001,6
275,14,10033026001,6
275,15,10033026001,6
275,16,10033026001,6
275,17,10033026001,6
275,18,10033026001,6
275,19,10033026001,6
275,20,10033026001,6
275,21,10033026001,6
275,22,10033026001,6
275,23,10033026001,6
275,24,10033026001,6
275,25,10033026001,6
275,26,10033026001,1
275,27,12000165001,1
275,28,12011400001,3
275,29,12011400001,3
275,30,12011400001,2
275,31,12122030001,6
275,32,14200087001,9
275,33,14200087001,1
275,34,14300070001,2
275,35,14300070001,2
275,36,14300070001,2
275,37,14300070001,2
275,38,14300070001,2
275,39,14300070001,1
275,40,14331004001,3
276,1,10021040001,6
276,2,10021040001,6
276,3,10021040001,6
276,4,10021040001,6
276,5,10021040001,6
276,6,10021040001,6
276,7,10030001001,6
276,8,10030001001,6
276,9,12000135001,2
276,10,12123005001,3
276,11,14000002001,6
276,12,14000002001,6
276,13,14000002001,6
276,14,14000002001,3
276,15,14201020001,4
276,16,14201020001,1
276,17,14244021001,2
276,18,14244021001,2
276,19,14244021001,2
276,20,14244021001,2
276,21,14244021001,2
276,22,14244021001,2
276,23,14244021001,2
276,24,14244021001,2
276,25,14244021001,2
276,26,14244021001,2
276,27,14244021001,2
276,28,14244021001,2
276,29,14244021001,2
276,30,14244021001,2
276,31,14312003001,15
276,32,14312003001,15
276,33,14312003001,15
276,34,14312003001,8
276,35,14330897001,2
277,1,10021001001,13
277,2,10021001001,13
277,3,10021001001,13
277,4,10021001001,13
277,5,10021001001,13
277,6,10021001001,13
277,7,10021001001,13
277,8,10021001001,13
277,9,10021001001,13
277,10,10021001001,13
277,11,10021001001,13
277,12,10021001001,13
277,13,10021001001,13
277,14,10021001001,13
277,15,10021001001,13
277,16,10021001001,13
277,17,10021001001,13
277,18,10021001001,13
277,19,10021001001,13
277,20,10021001001,13
277,21,10021001001,13
277,22,10021001001,13
277,23,10021001001,13
277,24,10021001001,13
277,25,10021001001,13
277,26,10021001001,13
277,27,10021001001,13
277,28,10021001001,13
277,29,10021001001,13
277,30,10021001001,13
277,31,10021001001,13
277,32,10021001001,13
277,33,10021001001,13
277,34,10021001001,13
277,35,10021001001,13
277,36,10021001001,13
277,37,10021001001,13
277,38,10021001001,13
277,39,10021001001,13
277,40,10021001001,13
278,1,10040023001,6
278,2,10040023001,6
278,3,10040023001,6
278,4,10040023001,6
278,5,10040023001,6
278,6,10040023001,6
278,7,10040023001,6
278,8,10040023001,6
278,9,10040023001,6
278,10,10040023001,6
278,11,10040023001,6
278,12,10040023001,6
278,13,10040023001,6
278,14,10040023001,6
278,15,10040023001,6
278,16,10040023001,6
278,17,10040023001,6
278,18,10040023001,6
278,19,10040023001,6
278,20,10040023001,6
278,21,10040078001,7
278,22,10040078001,7
278,23,10040078001,7
278,24,10040078001,7
278,25,10040078001,7
278,26,10040078001,7
278,27,10040078001,7
278,28,10040078001,7
278,29,10040078001,7
278,30,10040078001,7
278,31,10040078001,7
278,32,10040078001,7
278,33,10040078001,7
278,34,10040078001,7
278,35,10040078001,7
278,36,10040078001,7
278,37,10040078001,7
278,38,10040078001,7
278,39,10040078001,7
278,40,10040078001,7
279,1,12000182001,3
279,2,12011386001,27
279,3,12011386001,26
279,4,12021028001,31
279,5,12021028001,22
279,6,12122034001,7
279,7,12320030001,42
279,8,12320030001,11
279,9,14112021001,5
279,10,14112021001,5
279,11,14112021001,1
279,12,14131040001,4
279,13,14131040001,4
279,14,14131040001,4
279,15,14131040001,4
279,16,14131040001,1
279,17,14201022001,4
279,18,14201022001,2
279,19,14332004001,1
280,1,10040023001,6
280,2,10040023001,6
280,3,10040023001,6
280,4,10040023001,6
280,5,10040023001,6
280,6,10040023001,6
280,7,10040023001,6
280,8,10040023001,6
280,9,10040023001,6
280,10,10040023001,6
280,11,10040023001,6
280,12,10040023001,6
280,13,10040023001,6
280,14,10040023001,6
280,15,10040023001,6
280,16,10040023001,6
280,17,10040023001,6
280,18,10040023001,6
280,19,10040023001,6
280,20,10040023001,6
280,21,10040078001,7
280,22,10040078001,7
280,23,10040078001,7
280,24,10040078001,7
280,25,10040078001,7
280,26,10040078001,7
280,27,10040078001,7
280,28,10040078001,7
280,29,10040078001,7
280,30,10040078001,7
280,31,10040078001,7
280,32,10040078001,7
280,33,10040078001,7
280,34,10040078001,7
280,35,10040078001,7
280,36,10040078001,7
280,37,10040078001,7
280,38,10040078001,7
280,39,10040078001,7
280,40,10040078001,7
281,1,10040023001,6
281,2,10040023001,6
281,3,10040023001,6
281,4,10040023001,6
281,5,10040023001,6
281,6,10040023001,6
281,7,10040023001,6
281,8,10040023001,6
281,9,10040023001,6
281,10,10040023001,6
281,11,10040023001,6
281,12,10040023001,6
281,13,10040023001,6
281,14,10040023001,6
281,15,10040023001,6
281,16,10040023001,6
281,17,10040023001,6
281,18,10040023001,6
281,19,10040023001,6
281,20,10040023001,6
281,21,10040078001,7
281,22,10040078001,7
281,23,10040078001,7
281,24,10040078001,7
281,25,10040078001,7
281,26,10040078001,7
281,27,10040078001,7
281,28,10040078001,7
281,29,10040078001,7
281,30,10040078001,7
281,31,10040078001,7
281,32,10040078001,3
282,1,10021001001,13
282,2,10021001001,13
282,3,10021001001,13
282,4,10021001001,13
282,5,10021001001,13
282,6,10021001001,13
282,7,10021001001,13
282,8,10021001001,13
282,9,10021001001,13
282,10,10021001001,13
282,11,10021001001,13
282,12,10021001001,13
282,13,10021001001,13
282,14,10021001001,13
282,15,10021001001,13
282,16,10021001001,13
282,17,10021001001,13
282,18,10021001001,13
282,19,10021001001,13
282,20,10021001001,13
282,21,10021001001,13
282,22,10021001001,13
282,23,10021001001,13
282,24,10021001001,13
282,25,10021001001,13
282,26,10021001001,13
282,27,10021001001,13
282,28,10021001001,13
282,29,10021001001,13
282,30,10021001001,13
282,31,10021001001,13
282,32,10021001001,13
282,33,10021001001,13
282,34,10021001001,13
282,35,10021001001,13
282,36,10021001001,13
282,37,10021001001,13
282,38,10021001001,13
282,39,10021001001,13
282,40,10021001001,13
283,1,10024003001,6
283,2,10024003001,5
283,3,10040026001,12
283,4,10040026001,12
283,5,10040026001,12
283,6,10040026001,12
283,7,10040026001,12
283,8,10040026001,10
283,9,12000193001,1
283,10,12012003001,15
283,11,12012003001,15
283,12,12012003001,15
283,13,12012003001,8
283,14,12123057001,2
283,15,12123057001,2
283,16,12123057001,2
283,17,12123057001,2
283,18,12123057001,2
283,19,12123057001,2
283,20,12123057001,2
283,21,12123057001,2
283,22,12123057001,2
283,23,12123057001,2
283,24,12123057001,2
283,25,12123057001,2
283,26,12123057001,2
283,27,12123057001,2
283,28,12123102001,4
283,29,14000060001,6
283,30,14000060001,6
283,31,14000060001,6
283,32,14000060001,5
283,33,14203004001,4
283,34,14203004001,2
283,35,14331997001,3
284,1,10021001001,13
284,2,10021001001,13
284,3,10021001001,13
284,4,10021001001,13
284,5,10021001001,13
284,6,10021001001,13
284,7,10021001001,13
284,8,10021001001,13
284,9,10021001001,13
284,10,10021001001,13
284,11,10021001001,13
284,12,10021001001,13
284,13,10021001001,13
284,14,10021001001,13
284,15,10021001001,13
284,16,10021001001,13
284,17,10021001001,13
284,18,10021001001,13
284,19,10021001001,13
284,20,10021001001,13
284,21,10021001001,13
284,22,10021001001,13
284,23,10021001001,13
284,24,10021001001,13
284,25,10021001001,13
284,26,10021001001,13
284,27,10021001001,13
284,28,10021001001,13
284,29,10021001001,13
284,30,10021001001,13
284,31,10021001001,13
284,32,10021001001,13
284,33,10021001001,13
284,34,10021001001,13
284,35,10021001001,13
284,36,10021001001,13
284,37,10021001001,13
284,38,10021001001,13
284,39,10021001001,2
284,40,14331022001,4
285,1,14500000001,10
285,2,14500000001,10
285,3,14500000001,10
285,4,14500000001,10
285,5,14500000001,10
285,6,14500000001,10
285,7,14500000001,10
285,8,14500000001,10
285,9,14500000001,10
285,10,14500000001,10
285,11,14500000001,10
285,12,14500000001,10
285,13,14500000001,10
285,14,14500000001,10
285,15,14500000001,10
285,16,14500000001,10
285,17,14500000001,10
285,18,14500000001,10
285,19,14500000001,10
285,20,14500000001,10
285,21,14500000001,10
285,22,14500000001,10
285,23,14500000001,10
285,24,14500000001,10
285,25,14500000001,10
285,26,14500000001,10
285,27,14500000001,10
285,28,14500000001,10
285,29,14500000001,10
285,30,14500000001,10
285,31,14500000001,10
285,32,14500000001,10
285,33,14500000001,10
285,34,14500000001,10
285,35,14500000001,10
285,36,14500000001,10
285,37,14500000001,10
285,38,14500000001,10
285,39,14500000001,10
285,40,14500000001,10
286,1,11070004001,4
286,2,11070004001,4
286,3,11070004001,4
286,4,11070004001,4
286,5,11070004001,4
286,6,11070004001,4
286,7,11070004001,4
286,8,11070004001,4
286,9,11070004001,4
286,10,11070004001,4
286,11,11070004001,4
286,12,11070004001,4
286,13,11070004001,4
286,14,11070004001,4
286,15,11070004001,4
286,16,11070004001,4
286,17,11070004001,4
286,18,11070004001,4
286,19,11070004001,4
286,20,11070004001,4
286,21,11070004001,4
286,22,11070004001,4
286,23,11070004001,4
286,24,11070004001,4
286,25,11070004001,4
286,26,11070004001,4
286,27,11070004001,4
286,28,11070004001,4
286,29,11070004001,4
286,30,11070004001,4
286,31,11070004001,4
286,32,11070004001,4
286,33,11070004001,4
286,34,11070004001,4
286,35,11070004001,4
286,36,11070004001,4
286,37,11070004001,4
286,38,11070004001,4
286,39,11070004001,4
286,40,11070004001,4
287,1,11070004001,4
287,2,11070004001,4
287,3,11070004001,4
287,4,11070004001,4
287,5,11070004001,4
287,6,11070004001,4
287,7,11070004001,4
287,8,11070004001,4
287,9,11070004001,4
287,10,11070004001,4
287,11,11070004001,4
287,12,11070004001,4
287,13,11070004001,4
287,14,11070004001,4
287,15,11070004001,4
287,16,11070004001,4
287,17,11070004001,4
287,18,11070004001,4
287,19,11070004001,4
287,20,11070004001,4
287,21,11070004001,4
287,22,11070004001,4
287,23,11070004001,4
287,24,11070004001,4
287,25,11070004001,4
287,26,11070004001,4
287,27,11070004001,4
287,28,11070004001,4
287,29,11070004001,4
287,30,11070004001,4
287,31,11070004001,4
287,32,11070004001,4
287,33,11070004001,4
287,34,11070004001,4
287,35,11070004001,4
287,36,11070004001,4
287,37,11070004001,4
287,38,11070004001,4
287,39,11070004001,4
287,40,11070004001,4
288,1,10024006001,10
288,2,10024006001,2
288,3,10040042001,9
288,4,10040042001,9
288,5,10040042001,9
288,6,10040042001,9
288,7,10040042001,9
288,8,10040042001,9
288,9,12000170001,4
288,10,12123055001,3
288,11,14001034001,9
288,12,14001034001,9
288,13,14001034001,9
288,14,14001034001,1
288,15,14204052001,6
288,16,14204052001,2
288,17,14331029001,2
288,18,14505911001,7
288,19,14505911001,7
288,20,14505911001,7
288,21,14505911001,7
288,22,14505911001,7
288,23,14505911001,7
288,24,14505911001,7
288,25,14505911001,7
288,26,14505911001,7
288,27,14505911001,7
288,28,14505911001,7
288,29,14505911001,7
288,30,14505911001,7
288,31,14505911001,5
288,32,14506488001,3
288,33,14506488001,3
288,34,14506488001,3
288,35,14506488001,3
288,36,14506488001,3
288,37,14506488001,3
288,38,14506488001,3
288,39,14506488001,3
288,40,14506488001,3
289,1,10023073001,16
289,2,10023073001,2
289,3,11050011001,9
289,4,11050011001,9
289,5,11050011001,9
289,6,11050011001,9
289,7,11050011001,9
289,8,11050011001,2
289,9,12000220001,2
289,10,12123056001,9
289,11,14001007001,13
289,12,14001007001,13
289,13,14001007001,13
289,14,14001007001,9
289,15,14103058001,25
289,16,14103058001,25
289,17,14103058001,3
289,18,14131041001,5
289,19,14131041001,5
289,20,14131041001,5
289,21,14131041001,5
289,22,14131041001,5
289,23,14131041001,5
289,24,14131041001,5
289,25,14131041001,5
289,26,14131041001,5
289,27,14131041001,5
289,28,14131041001,5
289,29,14131041001,5
289,30,14131041001,5
289,31,14131041001,5
289,32,14203080001,4
289,33,14203080001,4
289,34,14331039001,2
290,1,14011030001,2
290,2,14011030001,2
290,3,14011030001,2
290,4,14011030001,2
290,5,14011030001,2
290,6,14011030001,2
290,7,14011030001,2
290,8,14011030001,2
290,9,14011030001,2
290,10,14011030001,2
290,11,14011030001,2
290,12,14011030001,2
290,13,14011030001,2
290,14,14011030001,2
290,15,14011030001,2
290,16,14011030001,2
290,17,14011030001,2
290,18,14011030001,2
290,19,14011030001,2
290,20,14011030001,2
290,21,14011030001,2
290,22,14011030001,2
290,23,14011030001,2
290,24,14011030001,2
290,25,14011030001,2
290,26,14011030001,2
290,27,14011030001,2
290,28,14011030001,2
290,29,14011030001,2
290,30,14011030001,2
290,31,14011030001,2
290,32,14011030001,2
290,33,14011030001,2
290,34,14011030001,2
290,35,14011030001,2
290,36,14011030001,2
290,37,14011030001,2
290,38,14011030001,2
290,39,14011030001,2
290,40,14011030001,2
291,1,14500000001,10
291,2,14500000001,10
291,3,14500000001,10
291,4,14500000001,10
291,5,14500000001,10
291,6,14500000001,10
291,7,14500000001,10
291,8,14500000001,10
291,9,14500000001,10
291,10,14500000001,10
291,11,14500000001,10
291,12,14500000001,10
291,13,14500000001,10
291,14,14500000001,10
291,15,14500000001,10
291,16,14500000001,10
291,17,14500000001,10
291,18,14500000001,10
291,19,14500000001,10
291,20,14500000001,10
291,21,14500000001,10
291,22,14500000001,10
291,23,14500000001,10
291,24,14500000001,10
291,25,14500000001,10
291,26,14500000001,10
291,27,14500000001,10
291,28,14500000001,10
291,29,14500000001,10
291,30,14500000001,10
291,31,14500000001,10
291,32,14500000001,10
291,33,14500000001,10
291,34,14500000001,10
291,35,14500000001,10
291,36,14500000001,10
291,37,14500000001,10
291,38,14500000001,10
291,39,14500000001,10
291,40,14500000001,10
292,1,11070004001,4
292,2,11070004001,4
292,3,11070004001,4
292,4,11070004001,4
292,5,11070004001,4
292,6,11070004001,4
292,7,11070004001,4
292,8,11070004001,4
292,9,11070004001,4
292,10,11070004001,4
292,11,11070004001,4
292,12,11070004001,4
292,13,11070004001,4
292,14,11070004001,4
292,15,11070004001,4
292,16,11070004001,4
292,17,11070004001,4
292,18,11070004001,4
292,19,11070004001,4
292,20,11070004001,4
292,21,11070004001,4
292,22,11070004001,4
292,23,11070004001,4
292,24,11070004001,4
292,25,11070004001,4
292,26,11070004001,4
292,27,11070004001,4
292,28,11070004001,4
292,29,11070004001,4
292,30,11070004001,4
292,31,11070004001,4
292,32,11070004001,4
292,33,11070004001,4
292,34,11070004001,4
292,35,11070004001,1
292,36,12000217001,1
292,37,12123038001,5
292,38,14204025001,6
292,39,14204025001,4
292,40,14331898001,2
293,1,12125001001,4
293,2,14332007001,4
293,3,14500000001,10
293,4,14500000001,10
293,5,14500000001,10
293,6,14500000001,10
293,7,14500000001,10
293,8,14500000001,10
293,9,14500000001,10
293,10,14500000001,10
293,11,14500000001,10
293,12,14500000001,10
293,13,14500000001,10
293,14,14500000001,10
293,15,14500000001,10
293,16,14500000001,10
293,17,14500000001,10
293,18,14500000001,10
293,19,14500000001,10
293,20,14500000001,10
293,21,14500000001,10
293,22,14500000001,10
293,23,14500000001,10
293,24,14500000001,10
293,25,14500000001,10
293,26,14500000001,10
293,27,14500000001,10
293,28,14500000001,10
293,29,14500000001,10
293,30,14500000001,10
293,31,14500000001,10
293,32,14500000001,10
293,33,14500000001,10
293,34,14500000001,10
293,35,14500000001,10
293,36,14500000001,10
293,37,14500000001,10
293,38,14500000001,10
293,39,14500000001,10
293,40,14500000001,5
294,1,14011030001,2
294,2,14011030001,2
294,3,14011030001,2
294,4,14011030001,2
294,5,14011030001,2
294,6,14011030001,2
294,7,14011030001,2
294,8,14011030001,2
294,9,14011030001,2
294,10,14011030001,2
294,11,14011030001,2
294,12,14011030001,2
294,13,14011030001,2
294,14,14011030001,2
294,15,14011030001,2
294,16,14011030001,2
294,17,14011030001,2
294,18,14011030001,2
294,19,14011030001,2
294,20,14011030001,2
294,21,14011030001,2
294,22,14011030001,2
294,23,14011030001,2
294,24,14011030001,2
294,25,14011030001,2
294,26,14011030001,2
294,27,14011030001,2
294,28,14011030001,2
294,29,14011030001,2
294,30,14011030001,2
294,31,14011030001,2
294,32,14011030001,2
294,33,14011030001,2
294,34,14011030001,2
294,35,14011030001,2
294,36,14011030001,2
294,37,14011030001,2
294,38,14011030001,2
294,39,14011030001,2
294,40,14011030001,2
295,1,10032007001,5
295,2,10032007001,3
295,3,12000223001,6
295,4,12123127001,2
295,5,14011030001,2
295,6,14011030001,2
295,7,14011030001,2
295,8,14011030001,2
295,9,14011030001,2
295,10,14011030001,2
295,11,14011030001,2
295,12,14011030001,2
295,13,14011030001,2
295,14,14011030001,2
295,15,14011030001,2
295,16,14011030001,2
295,17,14011030001,2
295,18,14011030001,2
295,19,14011030001,2
295,20,14011030001,2
295,21,14011030001,2
295,22,14011030001,2
295,23,14011030001,2
295,24,14011030001,2
295,25,14011030001,2
295,26,14011030001,2
295,27,14011030001,2
295,28,14011030001,2
295,29,14011030001,2
295,30,14011030001,2
295,31,14011030001,2
295,32,14011030001,2
295,33,14011030001,2
295,34,14011030001,2
295,35,14011030001,2
295,36,14011030001,2
295,37,14011030001,1
295,38,14204083001,11
295,39,14204083001,2
295,40,14332010001,2
296,1,14502009001,9
296,2,14502009001,9
296,3,14502009001,9
296,4,14502009001,9
296,5,14502009001,9
296,6,14502009001,9
296,7,14502009001,9
296,8,14502009001,9
296,9,14502009001,9
296,10,14502009001,9
296,11,14502009001,9
296,12,14502009001,9
296,13,14502009001,9
296,14,14502009001,9
296,15,14502009001,9
296,16,14502009001,9
296,17,14502009001,9
296,18,14502009001,9
296,19,14502009001,9
296,20,14502009001,9
296,21,14502009001,9
296,22,14502009001,9
296,23,14502009001,9
296,24,14502009001,9
296,25,14502009001,9
296,26,14502009001,9
296,27,14502009001,9
296,28,14502009001,9
296,29,14502009001,9
296,30,14502009001,9
296,31,14502009001,9
296,32,14502009001,9
296,33,14502009001,9
296,34,14502009001,9
296,35,14502009001,9
296,36,14502009001,9
296,37,14502009001,9
296,38,14502009001,9
296,39,14502009001,9
296,40,14502009001,9
297,1,14502009001,9
297,2,14502009001,9
297,3,14502009001,9
297,4,14502009001,9
297,5,14502009001,9
297,6,14502009001,9
297,7,14502009001,9
297,8,14502009001,9
297,9,14502009001,9
297,10,14502009001,9
297,11,14502009001,9
297,12,14502009001,9
297,13,14502009001,9
297,14,14502009001,9
297,15,14502009001,9
297,16,14502009001,9
297,17,14502009001,9
297,18,14502009001,9
297,19,14502009001,9
297,20,14502009001,9
297,21,14502009001,9
297,22,14502009001,9
297,23,14502009001,9
297,24,14502009001,9
297,25,14502009001,9
297,26,14502009001,9
297,27,14502009001,9
297,28,14502009001,9
297,29,14502009001,9
297,30,14502009001,9
297,31,14502009001,9
297,32,14502009001,9
297,33,14502009001,9
297,34,14502009001,9
297,35,14502009001,9
297,36,14502009001,9
297,37,14502009001,9
297,38,14502009001,9
297,39,14502009001,9
297,40,14502009001,9
298,1,10033031001,6
298,2,10033031001,6
298,3,12000214001,3
298,4,12125006001,6
298,5,14001002001,6
298,6,14001002001,6
298,7,14001002001,6
298,8,14001002001,4
298,9,14204053001,7
298,10,14204053001,4
298,11,14332005001,1
298,12,14502009001,9
298,13,14502009001,9
298,14,14502009001,9
298,15,14502009001,9
298,16,14502009001,9
298,17,14502009001,9
298,18,14502009001,9
298,19,14502009001,9
298,20,14502009001,9
298,21,14502009001,9
298,22,14502009001,9
298,23,14502009001,9
298,24,14502009001,9
298,25,14502009001,9
298,26,14502009001,9
298,27,14502009001,9
298,28,14502009001,9
298,29,14502009001,9
298,30,14502009001,9
298,31,14502009001,9
298,32,14502009001,9
298,33,14502009001,9
298,34,14502009001,9
298,35,14502009001,9
298,36,14502009001,9
298,37,14502009001,9
298,38,14502009001,9
298,39,14502009001,9
298,40,14502009001,3
299,1,10021016001,5
299,2,10021016001,5
299,3,10021016001,5
299,4,10021016001,5
299,5,10021016001,5
299,6,10021016001,5
299,7,10021016001,5
299,8,10021016001,5
299,9,10021016001,5
299,10,10021016001,5
299,11,10021016001,5
299,12,10021016001,5
299,13,10021016001,5
299,14,10021016001,5
299,15,10021016001,5
299,16,10021016001,5
299,17,10021016001,5
299,18,10021016001,5
299,19,10021016001,5
299,20,10021016001,5
299,21,10021016001,5
299,22,10021016001,5
299,23,10021016001,5
299,24,10021016001,5
299,25,10021016001,5
299,26,10021016001,5
299,27,10021016001,5
299,28,10021016001,5
299,29,10021016001,5
299,30,10021016001,5
299,31,10021016001,5
299,32,10021016001,5
299,33,10021016001,5
299,34,10021016001,5
299,35,10021016001,5
299,36,10021016001,5
299,37,10021016001,5
299,38,10021016001,5
299,39,10021016001,5
299,40,10021016001,5
300,1,10013003001,24
300,2,10013003001,24
300,3,10013003001,24
300,4,10013003001,24
300,5,10013003001,24
300,6,10013003001,24
300,7,10013003001,24
300,8,10013003001,24
300,9,10013003001,24
300,10,10013003001,24
300,11,10013003001,24
300,12,10013003001,24
300,13,10013003001,12
300,14,10032023001,20
300,15,10032023001,10
300,16,12000226001,2
300,17,12005003005,18
300,18,12005003005,18
300,19,12005003005,17
300,20,12125004001,3
300,21,14002013001,3
300,22,14002013001,3
300,23,14002013001,3
300,24,14002013001,2
300,25,14023044001,5
300,26,14023044001,5
300,27,14023044001,5
300,28,14023044001,5
300,29,14023044001,5
300,30,14023044001,5
300,31,14023044001,3
300,32,14204086001,11
300,33,14204086001,4
300,34,14332018001,3
301,1,14001074001,5
301,2,14001074001,5
301,3,14001074001,5
301,4,14001074001,5
301,5,14001074001,5
301,6,14001074001,5
301,7,14001074001,5
301,8,14001074001,5
301,9,14001074001,5
301,10,14001074001,5
301,11,14001074001,2
301,12,14010897001,1
301,13,14010897001,1
301,14,14010897001,1
301,15,14010897001,1
301,16,14010897001,1
301,17,14010897001,1
301,18,14010897001,1
301,19,14010897001,1
301,20,14010897001,1
301,21,14010897001,1
301,22,14010897001,1
301,23,14010897001,1
301,24,14010897001,1
301,25,14010897001,1
301,26,14010897001,1
301,27,14010897001,1
301,28,14010897001,1
301,29,14010897001,1
301,30,14010897001,1
301,31,14010897001,1
302,1,14010897001,1
302,2,14010897001,1
302,3,14010897001,1
302,4,14010897001,1
302,5,14010897001,1
302,6,14010897001,1
302,7,14010897001,1
302,8,14010897001,1
302,9,14010897001,1
302,10,14010897001,1
302,11,14010897001,1
302,12,14010897001,1
302,13,14010897001,1
302,14,14010897001,1
302,15,14010897001,1
302,16,14010897001,1
302,17,14010897001,1
302,18,14010897001,1
302,19,14010897001,1
302,20,14010897001,1
303,1,10014116001,19
303,2,10014116001,19
303,3,10014116001,15
303,4,10031916001,20
303,5,10031916001,6
303,6,12000221001,2
303,7,12102067001,23
303,8,12102067001,23
303,9,12102067001,7
303,10,12123079001,11
303,11,14102258001,4
303,12,14102258001,4
303,13,14102258001,4
303,14,14102258001,4
303,15,14102258001,4
303,16,14102258001,4
303,17,14102258001,4
303,18,14102258001,4
303,19,14102258001,4
303,20,14102258001,2
303,21,14210048001,9
303,22,14210048001,3
303,23,14340008001,2
303,24,14613007001,7
303,25,14613007001,7
303,26,14613007001,7
303,27,14613007001,7
303,28,14613007001,5
304,1,10021016001,5
304,2,10021016001,5
304,3,10021016001,5
304,4,10021016001,5
304,5,10021016001,5
304,6,10021016001,5
304,7,10021016001,5
304,8,10021016001,5
304,9,10021016001,5
304,10,10021016001,5
304,11,10021016001,5
304,12,10021016001,5
304,13,10021016001,5
304,14,10021016001,5
304,15,10021016001,5
304,16,10021016001,5
304,17,10021016001,5
304,18,10021016001,5
304,19,10021016001,5
304,20,10021016001,5
304,21,10021016001,5
304,22,10021016001,5
304,23,10021016001,5
304,24,10021016001,5
304,25,10021016001,5
304,26,10021016001,5
304,27,10021016001,5
304,28,10021016001,5
304,29,10021016001,5
304,30,10021016001,5
304,31,10021016001,5
304,32,10021016001,5
304,33,10021016001,5
304,34,10021016001,5
304,35,10021016001,5
304,36,10021016001,5
304,37,10021016001,5
304,38,10021016001,5
304,39,10021016001,5
304,40,10021016001,5
305,1,10021016001,5
305,2,10021016001,5
305,3,10021016001,5
305,4,10021016001,5
305,5,10021016001,5
305,6,10021016001,5
305,7,10021016001,5
305,8,10021016001,5
305,9,10021016001,5
305,10,10021016001,5
305,11,10021016001,5
305,12,10021016001,5
305,13,10021016001,5
305,14,10021016001,5
305,15,10021016001,5
305,16,10021016001,5
305,17,10021016001,5
305,18,10021016001,5
305,19,10021016001,5
305,20,10021016001,5
305,21,10021016001,5
305,22,10021016001,5
305,23,10021016001,5
305,24,10021016001,1
305,25,10033033001,6
305,26,10033033001,4
305,27,11110006001,4
305,28,11110006001,4
305,29,11110006001,4
305,30,12000225001,1
305,31,12150005001,2
305,32,14204148001,2
305,33,14204148001,2
305,34,14333006001,5
305,35,14500058001,1
305,36,14500058001,1
305,37,14500058001,1
305,38,14500058001,1
305,39,14500058001,1
305,40,14500058001,1
306,1,14502011001,4
306,2,14502011001,4
306,3,14502011001,4
306,4,14502011001,4
306,5,14502011001,4
306,6,14502011001,4
306,7,14502011001,4
306,8,14502011001,4
306,9,14502011001,4
306,10,14502011001,4
306,11,14502011001,4
306,12,14502011001,4
306,13,14502011001,4
306,14,14502011001,4
306,15,14502011001,4
306,16,14502011001,4
306,17,14502011001,4
306,18,14502011001,4
306,19,14502011001,4
306,20,14502011001,4
306,21,14502011001,4
306,22,14502011001,4
306,23,14502011001,4
306,24,14502011001,4
306,25,14502011001,4
306,26,14502011001,4
306,27,14502011001,4
306,28,14502011001,4
306,29,14502011001,4
306,30,14502011001,4
306,31,14502011001,4
306,32,14502011001,4
306,33,14502011001,4
306,34,14502011001,4
306,35,14502011001,4
306,36,14502011001,4
306,37,14502011001,4
306,38,14502011001,4
306,39,14502011001,4
306,40,14502011001,4
307,1,10023124001,4
307,2,10023124001,1
307,3,10035036001,9
307,4,10035036001,9
307,5,10035036001,9
307,6,10035036001,9
307,7,10035036001,9
307,8,10035036001,9
307,9,12000261001,4
307,10,12151092001,2
307,11,14010097001,3
307,12,14010097001,3
307,13,14010097001,3
307,14,14010097001,3
307,15,14220140001,6
307,16,14220140001,6
307,17,14340026001,2
307,18,14361124001,2
307,19,14361124001,2
307,20,14361124001,2
307,21,14361124001,2
307,22,14361124001,2
307,23,14361124001,2
307,24,14361124001,2
307,25,14361124001,2
307,26,14361124001,2
307,27,14501031001,6
307,28,14501031001,6
307,29,14501031001,6
307,30,14501031001,6
307,31,14501031001,6
307,32,14501031001,6
307,33,14501031001,6
307,34,14501031001,6
307,35,14501031001,6
307,36,14501031001,6
307,37,14501031001,6
307,38,14501031001,6
307,39,14501031001,6
307,40,14501031001,6
308,1,10030020001,8
308,2,10030020001,4
308,3,12000288001,1
308,4,12103011001,8
308,5,12103011001,8
308,6,12103011001,2
308,7,12130088001,2
308,8,14010897001,1
308,9,14010897001,1
308,10,14010897001,1
308,11,14010897001,1
308,12,14010897001,1
308,13,14010897001,1
308,14,14010897001,1
308,15,14010897001,1
308,16,14010897001,1
308,17,14010897001,1
308,18,14010897001,1
308,19,14010897001,1
308,20,14221113001,7
308,21,14221113001,1
308,22,14341019001,5
308,23,14501038001,15
308,24,14501038001,15
308,25,14501038001,15
308,26,14501038001,15
308,27,14501038001,15
308,28,14501038001,9
309,1,14502004001,5
309,2,14502004001,5
309,3,14502004001,5
309,4,14502004001,5
309,5,14502004001,5
309,6,14502004001,5
309,7,14502004001,5
309,8,14502004001,5
309,9,14502004001,5
309,10,14502004001,5
309,11,14502004001,5
309,12,14502004001,5
309,13,14502004001,5
309,14,14502004001,5
309,15,14502004001,5
309,16,14502004001,5
309,17,14502004001,5
309,18,14502004001,5
309,19,14502004001,5
309,20,14502004001,5
309,21,14502004001,5
309,22,14502004001,5
309,23,14502004001,5
309,24,14502004001,5
309,25,14502004001,5
309,26,14502004001,5
309,27,14502004001,5
309,28,14502004001,5
309,29,14502004001,5
309,30,14502004001,5
309,31,14502004001,5
309,32,14502004001,5
309,33,14502004001,5
309,34,14502004001,5
309,35,14502004001,5
309,36,14502004001,5
309,37,14502004001,5
309,38,14502004001,5
309,39,14502004001,5
309,40,14502004001,5
310,1,14502004001,5
310,2,14502004001,5
310,3,14502004001,5
310,4,14502004001,5
310,5,14502004001,5
310,6,14502004001,5
310,7,14502004001,5
310,8,14502004001,5
310,9,14502004001,5
310,10,14502004001,5
310,11,14502004001,5
310,12,14502004001,5
310,13,14502004001,5
310,14,14502004001,5
310,15,14502004001,5
310,16,14502004001,5
310,17,14502004001,5
310,18,14502004001,5
310,19,14502004001,5
310,20,14502004001,5
310,21,14502004001,5
310,22,14502004001,5
310,23,14502004001,5
310,24,14502004001,5
310,25,14502004001,5
310,26,14502004001,5
310,27,14502004001,5
310,28,14502004001,5
310,29,14502004001,5
310,30,14502004001,5
310,31,14502004001,5
310,32,14502004001,5
310,33,14502004001,5
310,34,14502004001,5
310,35,14502004001,5
310,36,14502004001,5
310,37,14502004001,5
310,38,14502004001,5
310,39,14502004001,5
310,40,14502004001,5
311,1,10040028001,10
311,2,10040028001,2
311,3,11010038001,4
311,4,11010038001,4
311,5,11010038001,4
311,6,11010038001,4
311,7,11010038001,4
311,8,11010038001,4
311,9,11010038001,4
311,10,11010038001,4
311,11,11010038001,4
311,12,11050077001,6
311,13,11050077001,6
311,14,11050077001,6
311,15,11050077001,6
311,16,11050077001,6
311,17,11050077001,5
311,18,12000232001,1
311,19,12150016001,6
311,20,14001046001,11
311,21,14001046001,11
311,22,14001046001,11
311,23,14001046001,9
311,24,14204062001,5
311,25,14204062001,4
311,26,14341068001,3
311,27,14504001001,10
311,28,14504001001,10
311,29,14504001001,10
311,30,14504001001,10
311,31,14504001001,10
311,32,14504001001,10
311,33,14504001001,10
311,34,14504001001,10
311,35,14504001001,10
311,36,14504001001,10
311,37,14504001001,10
311,38,14504001001,10
311,39,14504001001,10
311,40,14504001001,5
312,1,10033013001,5
312,2,10033013001,5
312,3,10033013001,5
312,4,10033013001,5
312,5,10033013001,5
312,6,10033013001,5
312,7,10033013001,5
312,8,10033013001,5
312,9,10033013001,5
312,10,10033013001,5
312,11,10033013001,5
312,12,10033013001,5
312,13,10033013001,5
312,14,10033013001,5
312,15,10033013001,5
312,16,10033013001,5
312,17,10033013001,5
312,18,10033013001,5
312,19,10033013001,5
312,20,10033013001,5
312,21,10033013001,5
312,22,10033013001,5
312,23,10033013001,5
312,24,10033013001,5
312,25,10033013001,5
312,26,10033013001,5
312,27,10033013001,5
312,28,10033013001,5
312,29,10033013001,5
312,30,10033013001,5
312,31,10033013001,5
312,32,10033013001,5
312,33,10033013001,5
312,34,10033013001,5
312,35,10033013001,5
312,36,10033013001,5
312,37,10033013001,5
312,38,10033013001,5
312,39,10033013001,5
312,40,10033013001,5
313,1,10033004001,9
313,2,10033004001,9
313,3,10033004001,9
313,4,10033004001,9
313,5,10033004001,9
313,6,10033004001,9
313,7,10033004001,9
313,8,10033004001,9
313,9,10033004001,9
313,10,10033004001,9
313,11,10033004001,9
313,12,10033004001,9
313,13,10033004001,9
313,14,10033004001,9
313,15,10033004001,9
313,16,10033004001,9
313,17,10033004001,9
313,18,10033004001,9
313,19,10033004001,9
313,20,10033004001,9
313,21,10033004001,9
313,22,10033004001,9
313,23,10033004001,9
313,24,10033004001,9
313,25,10033004001,9
313,26,10033004001,9
313,27,10033004001,9
313,28,10033004001,9
313,29,10033004001,9
313,30,10033004001,9
313,31,10033004001,9
313,32,10033004001,9
313,33,10033004001,9
313,34,10033004001,9
313,35,10033004001,9
313,36,10033004001,9
313,37,10033004001,9
313,38,10033004001,9
313,39,10033004001,9
313,40,10033004001,9
314,1,10034013001,19
314,2,10034013001,11
314,3,10035046001,9
314,4,10035046001,9
314,5,10035046001,9
314,6,10035046001,9
314,7,10035046001,9
314,8,10035046001,8
314,9,12000320001,1
314,10,12003046001,18
314,11,12003046001,18
314,12,12003046001,17
314,13,12151096001,4
314,14,14111001001,3
314,15,14111001001,3
314,16,14111001001,3
314,17,14111001001,3
314,18,14111001001,3
314,19,14111001001,3
314,20,14111001001,3
314,21,14111001001,3
314,22,14111001001,3
314,23,14111001001,1
314,24,14210034001,15
314,25,14210034001,1
314,26,14340006001,9
314,27,14505105001,12
314,28,14505105001,12
314,29,14505105001,12
314,30,14505105001,12
314,31,14505105001,12
315,1,14502011001,4
315,2,14502011001,4
315,3,14502011001,4
315,4,14502011001,4
315,5,14502011001,4
315,6,14502011001,4
315,7,14502011001,4
315,8,14502011001,4
315,9,14502011001,4
315,10,14502011001,4
315,11,14502011001,4
315,12,14502011001,4
315,13,14502011001,4
315,14,14502011001,4
315,15,14502011001,4
315,16,14502011001,4
315,17,14502011001,4
315,18,14502011001,4
315,19,14502011001,4
315,20,14502011001,4
315,21,14502011001,4
315,22,14502011001,4
315,23,14502011001,4
315,24,14502011001,4
315,25,14502011001,4
315,26,14502011001,4
315,27,14502011001,4
315,28,14502011001,4
315,29,14502011001,4
315,30,14502011001,4
315,31,14502011001,4
315,32,14502011001,4
315,33,14502011001,4
315,34,14502011001,4
315,35,14502011001,4
315,36,14502011001,4
315,37,14502011001,4
315,38,14502011001,4
315,39,14502011001,4
315,40,14502011001,4
316,1,10033004001,9
316,2,10033004001,9
316,3,10033004001,9
316,4,10033004001,9
316,5,10033004001,9
316,6,10033004001,9
316,7,10033004001,9
316,8,10033004001,9
316,9,10033004001,9
316,10,10033004001,9
316,11,10033004001,9
316,12,10033004001,9
316,13,10033004001,9
316,14,10033004001,9
316,15,10033004001,9
316,16,10033004001,9
316,17,10033004001,9
316,18,10033004001,9
316,19,10033004001,9
316,20,10033004001,9
316,21,10033004001,9
316,22,10033004001,9
316,23,10033004001,9
316,24,10033004001,9
316,25,10033004001,9
316,26,10033004001,9
316,27,10033004001,9
316,28,10033004001,9
316,29,10033004001,9
316,30,10033004001,9
316,31,10033004001,9
316,32,10033004001,9
316,33,10033004001,9
316,34,10033004001,9
316,35,10033004001,9
316,36,10033004001,9
316,37,10033004001,9
316,38,10033004001,9
316,39,10033004001,9
316,40,10033004001,9
317,1,10052035001,7
317,2,10052035001,3
317,3,12000178001,8
317,4,12000178001,8
317,5,12000178001,4
317,6,12000314001,2
317,7,12151110001,2
317,8,14222046001,7
317,9,14222046001,3
317,10,14343026001,2
317,11,14502003001,12
317,12,14502003001,12
317,13,14502003001,12
317,14,14502003001,12
317,15,14502003001,12
317,16,14502003001,10
317,17,14502004001,5
317,18,14502004001,5
317,19,14502004001,5
317,20,14502004001,5
317,21,14502004001,5
317,22,14502004001,5
317,23,14502004001,5
317,24,14502004001,5
317,25,14502004001,5
317,26,14502004001,5
317,27,14502004001,5
317,28,14502004001,5
317,29,14502004001,5
317,30,14502004001,5
317,31,14502004001,5
317,32,14502004001,5
317,33,14502004001,5
317,34,14502004001,5
317,35,14502004001,5
317,36,14502004001,5
317,37,14502004001,5
317,38,14502004001,5
317,39,14502004001,5
317,40,14502004001,3
318,1,10002018001,11
318,2,10002018001,11
318,3,10002018001,11
318,4,10002018001,11
318,5,10002018001,11
318,6,10002018001,11
318,7,10002018001,11
318,8,10002018001,11
318,9,10002018001,11
318,10,10002018001,11
318,11,10002018001,11
318,12,10002018001,11
318,13,10002018001,11
318,14,10002018001,11
318,15,10002018001,11
318,16,10002018001,11
318,17,10002018001,11
318,18,10002018001,11
318,19,10002018001,11
318,20,10002018001,11
318,21,10002018001,11
318,22,10002018001,11
318,23,10002018001,11
318,24,10002018001,11
318,25,10002018001,11
318,26,10002018001,11
318,27,10002018001,11
318,28,10002018001,11
318,29,10002018001,11
318,30,10002018001,11
318,31,10002018001,11
318,32,10002018001,11
318,33,10002018001,11
318,34,10002018001,11
318,35,10002018001,11
318,36,10002018001,11
318,37,10002018001,11
318,38,10002018001,11
318,39,10002018001,11
318,40,10002018001,11
319,1,10033004001,9
319,2,10033004001,9
319,3,10033004001,9
319,4,10033004001,9
319,5,10033004001,9
319,6,10033004001,9
319,7,10033004001,9
319,8,10033004001,9
319,9,10033004001,9
319,10,10033004001,9
319,11,10033004001,9
319,12,10033004001,9
319,13,10033004001,9
319,14,10033004001,9
319,15,10033004001,9
319,16,10033004001,9
319,17,10033004001,9
319,18,10033004001,9
319,19,10033004001,9
319,20,10033004001,9
319,21,10033004001,9
319,22,10033004001,9
319,23,10033004001,2
319,24,10040049001,10
319,25,10040049001,10
319,26,10040049001,10
319,27,10040049001,10
319,28,10040049001,10
319,29,10040049001,4
319,30,10052014001,9
319,31,10052014001,3
319,32,12000504001,2
319,33,12152005001,1
319,34,14003009001,9
319,35,14003009001,9
319,36,14003009001,9
319,37,14003009001,4
319,38,14222042001,5
319,39,14222042001,4
319,40,14342007001,2
320,1,10033013001,5
320,2,10033013001,5
320,3,10033013001,5
320,4,10033013001,5
320,5,10033013001,5
320,6,10033013001,5
320,7,10033013001,5
320,8,10033013001,5
320,9,10033013001,5
320,10,10033013001,5
320,11,10033013001,5
320,12,10033013001,5
320,13,10033013001,5
320,14,10033013001,5
320,15,10033013001,5
320,16,10033013001,5
320,17,10033013001,5
320,18,10033013001,5
320,19,10033013001,5
320,20,10033013001,5
320,21,10033013001,5
320,22,10033013001,5
320,23,10033013001,5
320,24,10033013001,5
320,25,10033013001,5
320,26,10033013001,5
320,27,10033013001,5
320,28,10033013001,5
320,29,10033013001,5
320,30,10033013001,5
320,31,10033013001,5
320,32,10033013001,5
320,33,10033013001,5
320,34,10033013001,5
320,35,10033013001,5
320,36,10033013001,5
320,37,10033013001,5
320,38,10033013001,5
320,39,10033013001,5
320,40,10033013001,5
321,1,10033013001,5
321,2,10033013001,5
321,3,10033013001,5
321,4,10033013001,5
321,5,10033013001,5
321,6,10033013001,5
321,7,10033013001,5
321,8,10033013001,5
321,9,10033013001,5
321,10,10033013001,5
321,11,10033013001,5
321,12,10033013001,5
321,13,10033013001,5
321,14,10033013001,5
321,15,10033013001,5
321,16,10033013001,5
321,17,10033013001,5
321,18,10033013001,5
321,19,10033013001,5
321,20,10033013001,5
321,21,10033013001,5
321,22,10033013001,3
321,23,10053903001,7
321,24,10053903001,5
321,25,12000374001,3
321,26,12152062001,12
321,27,14001104001,4
321,28,14001104001,4
321,29,14001104001,4
321,30,14001104001,2
321,31,14111015001,1
321,32,14111015001,1
321,33,14111015001,1
321,34,14111015001,1
321,35,14111015001,1
321,36,14111015001,1
321,37,14111015001,1
321,38,14213004001,5
321,39,14213004001,5
321,40,14340002001,2
322,1,10002018001,11
322,2,10002018001,11
322,3,10002018001,11
322,4,10002018001,11
322,5,10002018001,11
322,6,10002018001,11
322,7,10002018001,11
322,8,10002018001,11
322,9,10002018001,11
322,10,10002018001,11
322,11,10002018001,11
322,12,10002018001,11
322,13,10002018001,11
322,14,10002018001,11
322,15,10002018001,11
322,16,10002018001,11
322,17,10002018001,11
322,18,10002018001,11
322,19,10002018001,11
322,20,10002018001,11
322,21,10002018001,11
322,22,10002018001,11
322,23,10002018001,11
322,24,10002018001,11
322,25,10002018001,11
322,26,10002018001,11
322,27,10002018001,11
322,28,10002018001,11
322,29,10002018001,11
322,30,10002018001,11
322,31,10002018001,11
322,32,10002018001,11
322,33,10002018001,11
322,34,10002018001,11
322,35,10002018001,11
322,36,10002018001,11
322,37,10002018001,11
322,38,10002018001,11
322,39,10002018001,11
322,40,10002018001,11
323,1,10052017001,7
323,2,10052017001,5
323,3,12000469001,1
323,4,12130041001,2
323,5,14002008001,3
323,6,14002008001,3
323,7,14002008001,3
323,8,14002008001,3
323,9,14023027001,3
323,10,14023027001,3
323,11,14023027001,3
323,12,14023027001,3
323,13,14023027001,3
323,14,14023027001,3
323,15,14023027001,3
323,16,14223008001,6
323,17,14223008001,5
323,18,14343027001,1
323,19,14502011001,4
323,20,14502011001,4
323,21,14502011001,4
323,22,14502011001,4
323,23,14502011001,4
323,24,14502011001,4
323,25,14502011001,4
323,26,14502011001,4
323,27,14502011001,4
323,28,14502011001,4
323,29,14502011001,4
323,30,14502011001,4
323,31,14502011001,4
323,32,14502011001,4
323,33,14502011001,4
323,34,14502011001,4
323,35,14502011001,4
323,36,14502011001,4
323,37,14502011001,4
323,38,14502011001,4
323,39,14502011001,4
323,40,14502011001,4
324,1,14011053001,3
324,2,14011053001,3
324,3,14011053001,3
324,4,14011053001,3
324,5,14011053001,3
324,6,14011053001,3
324,7,14011053001,3
324,8,14011053001,3
324,9,14011053001,3
324,10,14011053001,3
324,11,14011053001,3
324,12,14011053001,3
324,13,14011053001,3
324,14,14011053001,3
324,15,14011053001,3
324,16,14011053001,3
324,17,14011053001,3
324,18,14011053001,3
324,19,14011053001,3
324,20,14011053001,3
324,21,14011053001,3
324,22,14011053001,3
324,23,14011053001,3
324,24,14011053001,3
324,25,14011053001,3
324,26,14011053001,3
324,27,14011053001,3
324,28,14011053001,3
324,29,14011053001,3
324,30,14011053001,3
324,31,14011053001,3
324,32,14011053001,3
324,33,14011053001,3
324,34,14011053001,3
324,35,14011053001,3
324,36,14011053001,3
324,37,14011053001,3
324,38,14011053001,3
324,39,14011053001,3
324,40,14011053001,3
325,1,11010001001,7
325,2,11010001001,1
325,3,12000375001,2
325,4,12201111001,6
325,5,12344037001,53
325,6,14222068001,18
325,7,14222068001,1
325,8,14223046001,11
325,9,14223046001,11
325,10,14223046001,11
325,11,14223046001,11
325,12,14223046001,9
325,13,14342010001,3
325,14,14500007001,12
325,15,14500007001,12
325,16,14500007001,12
325,17,14500007001,12
325,18,14500007001,12
325,19,14500007001,12
325,20,14500007001,12
325,21,14500007001,12
325,22,14500007001,12
325,23,14500007001,12
325,24,14505106001,12
325,25,14505106001,12
325,26,14505106001,12
325,27,14505106001,12
325,28,14505106001,4
326,1,10002018001,11
326,2,10002018001,11
326,3,10002018001,11
326,4,10002018001,11
326,5,10002018001,11
326,6,10002018001,11
326,7,10002018001,11
326,8,10002018001,11
326,9,10002018001,11
326,10,10002018001,11
326,11,10002018001,11
326,12,10002018001,11
326,13,10002018001,11
326,14,10002018001,11
326,15,10002018001,11
326,16,10002018001,11
326,17,10002018001,11
326,18,10002018001,11
326,19,10002018001,11
326,20,10002018001,11
326,21,10002018001,4
326,22,10034007001,6
326,23,10034007001,6
326,24,10034007001,6
326,25,10034007001,6
326,26,10034007001,6
326,27,10034007001,6
326,28,10034007001,6
326,29,10034007001,6
326,30,11021071001,5
326,31,11021071001,5
326,32,12001019001,3
326,33,12152004001,1
326,34,14010145001,3
326,35,14010145001,3
326,36,14010145001,3
326,37,14010145001,1
326,38,14222053001,6
326,39,14222053001,2
326,40,14342020001,11
327,1,10001009001,13
327,2,10001009001,13
327,3,10001009001,13
327,4,10001009001,13
327,5,10001009001,13
327,6,10001009001,13
327,7,10001009001,13
327,8,10001009001,13
327,9,10001009001,13
327,10,10001009001,13
327,11,10001009001,13
327,12,10001009001,13
327,13,10001009001,13
327,14,10001009001,13
327,15,10001009001,13
327,16,10001009001,13
327,17,10001009001,13
327,18,10001009001,13
327,19,10001009001,13
327,20,10001009001,13
327,21,10001009001,13
327,22,10001009001,13
327,23,10001009001,13
327,24,10001009001,13
327,25,10001009001,13
327,26,10001009001,13
327,27,10001009001,13
327,28,10001009001,13
327,29,10001009001,13
327,30,10001009001,13
327,31,10001009001,13
327,32,10001009001,13
327,33,10001009001,13
327,34,10001009001,13
327,35,10001009001,13
327,36,10001009001,13
327,37,10001009001,13
327,38,10001009001,13
327,39,10001009001,13
327,40,10001009001,13
328,1,10021008001,28
328,2,10021008001,28
328,3,10021008001,28
328,4,10021008001,28
328,5,10021008001,28
328,6,10021008001,28
328,7,10021008001,28
328,8,10021008001,28
328,9,10021008001,28
328,10,10021008001,28
328,11,10021008001,28
328,12,10021008001,28
328,13,10021008001,28
328,14,10021008001,28
328,15,10021008001,28
328,16,10021008001,28
328,17,10021008001,28
328,18,10021008001,28
328,19,10021008001,28
328,20,10021008001,28
328,21,10021008001,28
328,22,10021008001,28
328,23,10021008001,28
328,24,10021008001,28
328,25,10021008001,28
328,26,10021008001,28
328,27,10021008001,28
328,28,10021008001,28
328,29,10021008001,28
328,30,10021008001,28
328,31,10021008001,28
328,32,10021008001,28
328,33,10021008001,28
328,34,10021008001,28
328,35,10021008001,28
328,36,10021008001,28
328,37,10021008001,28
328,38,10021008001,28
328,39,10021008001,28
328,40,10021008001,28
329,1,10021008001,28
329,2,10021008001,28
329,3,10021008001,28
329,4,10021008001,28
329,5,10021008001,28
329,6,10021008001,28
329,7,10021008001,28
329,8,10021008001,28
329,9,10021008001,28
329,10,10021008001,28
329,11,10021008001,28
329,12,10021008001,28
329,13,10021008001,28
329,14,10021008001,28
329,15,10021008001,28
329,16,10021008001,28
329,17,10021008001,28
329,18,10021008001,28
329,19,10021008001,28
329,20,10021008001,28
329,21,10021008001,28
329,22,10021008001,28
329,23,10021008001,28
329,24,10021008001,28
329,25,10021008001,28
329,26,10021008001,28
329,27,10021008001,28
329,28,10021008001,28
329,29,10021008001,28
329,30,10021008001,28
329,31,10021008001,28
329,32,10021008001,28
329,33,10021008001,28
329,34,10021008001,28
329,35,10021008001,28
329,36,10021008001,28
329,37,10021008001,28
329,38,10021008001,28
329,39,10021008001,28
329,40,10021008001,28
330,1,10021008001,28
330,2,10021008001,28
330,3,10021008001,28
330,4,10021008001,28
330,5,10021008001,28
330,6,10021008001,28
330,7,10021008001,28
330,8,10021008001,28
330,9,10021008001,28
330,10,10021008001,28
330,11,10021008001,18
330,12,11010019001,6
330,13,11010019001,1
330,14,12000505001,2
330,15,12212006001,12
330,16,14011042001,5
330,17,14011042001,5
330,18,14011042001,5
330,19,14011042001,2
330,20,14131020001,4
330,21,14131020001,4
330,22,14131020001,4
330,23,14131020001,4
330,24,14131020001,4
330,25,14131020001,4
330,26,14131020001,3
330,27,14213055001,6
330,28,14213055001,6
330,29,14343028001,2
330,30,14504009001,12
330,31,14504009001,12
330,32,14504009001,12
330,33,14504009001,12
330,34,14504009001,12
330,35,14504009001,12
330,36,14504009001,12
330,37,14504009001,12
330,38,14504009001,12
330,39,14504009001,12
330,40,14504009001,10
331,1,14011053001,3
331,2,14011053001,3
331,3,14011053001,3
331,4,14011053001,3
331,5,14011053001,3
331,6,14011053001,3
331,7,14011053001,3
331,8,14011053001,3
331,9,14011053001,3
331,10,14011053001,3
331,11,14011053001,3
331,12,14011053001,3
331,13,14011053001,3
331,14,14011053001,3
331,15,14011053001,3
331,16,14011053001,3
331,17,14011053001,3
331,18,14011053001,3
331,19,14011053001,3
331,20,14011053001,3
331,21,14011053001,3
331,22,14011053001,3
331,23,14011053001,3
331,24,14011053001,3
331,25,14011053001,3
331,26,14011053001,3
331,27,14011053001,3
331,28,14011053001,3
331,29,14011053001,3
331,30,14011053001,3
331,31,14011053001,3
331,32,14011053001,3
331,33,14011053001,3
331,34,14011053001,3
331,35,14011053001,3
331,36,14011053001,3
331,37,14011053001,3
331,38,14011053001,3
331,39,14011053001,3
331,40,14011053001,3
332,1,14011029001,2
332,2,14011029001,2
332,3,14011029001,2
332,4,14011029001,2
332,5,14011029001,2
332,6,14011029001,2
332,7,14011029001,2
332,8,14011029001,2
332,9,14011029001,2
332,10,14011029001,2
332,11,14011029001,2
332,12,14011029001,2
332,13,14011029001,2
332,14,14011029001,2
332,15,14011029001,2
332,16,14011029001,2
332,17,14011029001,2
332,18,14011029001,2
332,19,14011029001,2
332,20,14011029001,2
332,21,14011029001,2
332,22,14011029001,2
332,23,14011029001,2
332,24,14011029001,2
332,25,14011029001,2
332,26,14011029001,2
332,27,14011029001,2
332,28,14011029001,2
332,29,14011029001,2
332,30,14011029001,2
332,31,14011029001,2
332,32,14011029001,2
332,33,14011029001,2
332,34,14011029001,2
332,35,14011029001,2
332,36,14011029001,2
332,37,14011029001,2
332,38,14011029001,2
332,39,14011029001,2
332,40,14011029001,2
333,1,14000073001,2
333,2,14000073001,2
333,3,14000073001,2
333,4,14000073001,2
333,5,14000073001,2
333,6,14000073001,2
333,7,14000073001,2
333,8,14000073001,2
333,9,14000073001,2
333,10,14000073001,2
333,11,14000073001,2
333,12,14000073001,2
333,13,14000073001,2
333,14,14000073001,2
333,15,14000073001,2
333,16,14000073001,2
333,17,14000073001,2
333,18,14000073001,2
333,19,14000073001,2
333,20,14000073001,2
333,21,14000073001,2
333,22,14000073001,2
333,23,14000073001,2
333,24,14000073001,2
333,25,14000073001,2
333,26,14000073001,2
333,27,14000073001,2
333,28,14000073001,2
333,29,14000073001,2
333,30,14000073001,2
333,31,14000073001,2
333,32,14000073001,2
333,33,14000073001,2
333,34,14000073001,2
333,35,14000073001,2
333,36,14000073001,2
333,37,14000073001,2
333,38,14000073001,2
333,39,14000073001,2
333,40,14000073001,2
334,1,10001009001,13
334,2,10001009001,13
334,3,10001009001,13
334,4,10001009001,13
334,5,10001009001,13
334,6,10001009001,13
334,7,10001009001,13
334,8,10001009001,13
334,9,10001009001,13
334,10,10001009001,13
334,11,10001009001,13
334,12,10001009001,13
334,13,10001009001,13
334,14,10001009001,13
334,15,10001009001,13
334,16,10001009001,13
334,17,10001009001,13
334,18,10001009001,13
334,19,10001009001,13
334,20,10001009001,13
334,21,10001009001,13
334,22,10001009001,13
334,23,10001009001,13
334,24,10001009001,13
334,25,10001009001,13
334,26,10001009001,13
334,27,10001009001,13
334,28,10001009001,13
334,29,10001009001,13
334,30,10001009001,13
334,31,10001009001,13
334,32,10001009001,13
334,33,10001009001,13
334,34,10001009001,13
334,35,10001009001,13
334,36,10001009001,13
334,37,10001009001,13
334,38,10001009001,13
334,39,10001009001,13
334,40,10001009001,13
335,1,10024001001,10
335,2,10024001001,10
335,3,10024001001,10
335,4,10024001001,10
335,5,10024001001,10
335,6,10024001001,10
335,7,10024001001,10
335,8,10024001001,10
335,9,10024001001,10
335,10,10024001001,10
335,11,10024001001,10
335,12,10024001001,10
335,13,10024001001,6
335,14,11010020001,4
335,15,11010020001,1
335,16,12001004001,4
335,17,12002036001,12
335,18,12002036001,12
335,19,12002036001,12
335,20,12002036001,12
335,21,12002036001,5
335,22,12212020001,2
335,23,14003011001,2
335,24,14003011001,2
335,25,14003011001,2
335,26,14003011001,2
335,27,14111037001,2
335,28,14111037001,2
335,29,14111037001,2
335,30,14111037001,2
335,31,14111037001,2
335,32,14111037001,2
335,33,14111037001,2
335,34,14223179001,12
335,35,14223179001,9
335,36,14344005001,2
336,1,11021030001,3
336,2,11021030001,3
336,3,12001026001,5
336,4,12102080001,4
336,5,12102080001,4
336,6,12102080001,2
336,7,12212035001,6
336,8,14011053001,3
336,9,14011053001,3
336,10,14011053001,3
336,11,14011053001,3
336,12,14011053001,3
336,13,14011053001,1
336,14,14223080001,7
336,15,14223080001,2
336,16,14350007001,3
336,17,14502080001,9
336,18,14502080001,9
336,19,14502080001,9
336,20,14502080001,9
336,21,14502080001,9
336,22,14502080001,5
336,23,14504027001,10
336,24,14504027001,10
336,25,14504027001,10
336,26,14504027001,10
336,27,14504027001,10
336,28,14504027001,10
336,29,14504027001,10
336,30,14504027001,10
336,31,14504027001,10
336,32,14504027001,10
336,33,14504027001,10
336,34,14504027001,10
336,35,14504027001,10
336,36,14504027001,10
336,37,14504027001,10
336,38,14504027001,10
336,39,14504027001,10
336,40,14504027001,5
337,1,11070007001,5
337,2,11070007001,5
337,3,11070007001,5
337,4,11070007001,5
337,5,11070007001,5
337,6,11070007001,5
337,7,11070007001,5
337,8,11070007001,5
337,9,11070007001,5
337,10,11070007001,5
337,11,11070007001,5
337,12,11070007001,5
337,13,11070007001,5
337,14,11070007001,5
337,15,11070007001,5
337,16,11070007001,5
337,17,11070007001,5
337,18,11070007001,5
337,19,11070007001,5
337,20,11070007001,5
337,21,11070007001,5
337,22,11070007001,5
337,23,11070007001,5
337,24,11070007001,5
337,25,11070007001,5
337,26,11070007001,5
337,27,11070007001,5
337,28,11070007001,5
337,29,11070007001,5
337,30,11070007001,5
337,31,11070007001,5
337,32,11070007001,5
337,33,11070007001,5
337,34,11070007001,5
337,35,11070007001,5
337,36,11070007001,5
337,37,11070007001,5
337,38,11070007001,5
337,39,11070007001,5
337,40,11070007001,5
338,1,10001009001,13
338,2,10001009001,13
338,3,10001009001,13
338,4,10001009001,13
338,5,10001009001,13
338,6,10001009001,13
338,7,10001009001,13
338,8,10001009001,13
338,9,10001009001,13
338,10,10001009001,13
338,11,10001009001,6
338,12,10034015001,19
338,13,10034015001,11
338,14,12001038001,5
338,15,12212040001,2
338,16,14010210001,10
338,17,14010210001,10
338,18,14010210001,10
338,19,14010210001,4
338,20,14133029001,3
338,21,14133029001,3
338,22,14133029001,3
338,23,14133029001,3
338,24,14133029001,3
338,25,14133029001,3
338,26,14133029001,2
338,27,14242042001,5
338,28,14242042001,1
338,29,14343012001,1
338,30,14616002001,9
338,31,14616002001,9
338,32,14616002001,9
338,33,14616002001,9
338,34,14616002001,9
338,35,14616002001,9
338,36,14616002001,9
338,37,14616002001,9
338,38,14616002001,9
338,39,14616002001,9
338,40,14616002001,4
339,1,14000073001,2
339,2,14000073001,2
339,3,14000073001,2
339,4,14000073001,2
339,5,14000073001,2
339,6,14000073001,2
339,7,14000073001,2
339,8,14000073001,2
339,9,14000073001,2
339,10,14000073001,2
339,11,14000073001,2
339,12,14000073001,2
339,13,14000073001,2
339,14,14000073001,2
339,15,14000073001,2
339,16,14000073001,2
339,17,14000073001,2
339,18,14000073001,2
339,19,14000073001,2
339,20,14000073001,2
339,21,14000073001,2
339,22,14000073001,2
339,23,14000073001,2
339,24,14000073001,2
339,25,14000073001,2
339,26,14000073001,2
339,27,14000073001,2
339,28,14000073001,2
339,29,14000073001,2
339,30,14000073001,2
339,31,14000073001,2
339,32,14000073001,2
339,33,14000073001,2
339,34,14000073001,2
339,35,14000073001,2
339,36,14000073001,2
339,37,14000073001,2
339,38,14000073001,2
339,39,14000073001,2
339,40,14000073001,2
340,1,10002071001,5
340,2,10002071001,5
340,3,10002071001,5
340,4,10002071001,5
340,5,10002071001,5
340,6,10002071001,5
340,7,10002071001,5
340,8,10002071001,5
340,9,10002071001,5
340,10,10002071001,5
340,11,10002071001,5
340,12,10002071001,5
340,13,10002071001,5
340,14,10002071001,5
340,15,10002071001,5
340,16,10002071001,5
340,17,10002071001,4
340,18,11020002001,3
340,19,11020002001,3
340,20,12000377001,2
340,21,12100003001,5
340,22,12100003001,5
340,23,12100003001,4
340,24,12212036001,6
340,25,12212069001,7
340,26,12212069001,7
340,27,12212069001,7
340,28,12212069001,7
340,29,12212069001,4
340,30,14000073001,2
340,31,14000073001,2
340,32,14000073001,2
340,33,14000073001,2
340,34,14000073001,2
340,35,14000073001,2
340,36,14000073001,2
340,37,14000073001,1
340,38,14227005001,4
340,39,14227005001,3
340,40,14350011001,2
341,1,11070007001,5
341,2,11070007001,5
341,3,11070007001,5
341,4,11070007001,5
341,5,11070007001,5
341,6,11070007001,5
341,7,11070007001,5
341,8,11070007001,5
341,9,11070007001,5
341,10,11070007001,5
341,11,11070007001,5
341,12,11070007001,5
341,13,11070007001,5
341,14,11070007001,5
341,15,11070007001,5
341,16,11070007001,5
341,17,11070007001,5
341,18,11070007001,5
341,19,11070007001,5
341,20,11070007001,5
341,21,11070007001,5
341,22,11070007001,5
341,23,11070007001,5
341,24,11070007001,5
341,25,11070007001,5
341,26,11070007001,5
341,27,11070007001,5
341,28,11070007001,5
341,29,11070007001,5
341,30,11070007001,5
341,31,11070007001,5
341,32,11070007001,5
341,33,11070007001,5
341,34,11070007001,5
341,35,11070007001,5
341,36,11070007001,5
341,37,11070007001,5
341,38,11070007001,5
341,39,11070007001,5
341,40,11070007001,5
342,1,11010022001,4
342,2,11010022001,2
342,3,11070007001,5
342,4,11070007001,5
342,5,11070007001,5
342,6,11070007001,5
342,7,11070007001,2
342,8,12000498001,2
342,9,12011409001,3
342,10,12011409001,3
342,11,12011409001,2
342,12,12212037001,6
342,13,14224003001,5
342,14,14224003001,3
342,15,14343036001,3
342,16,14502029001,13
342,17,14502029001,13
342,18,14502029001,13
342,19,14502029001,13
342,20,14502029001,13
342,21,14502029001,1
342,22,14505021001,6
342,23,14505021001,6
342,24,14505021001,6
342,25,14505021001,6
342,26,14505021001,6
342,27,14505021001,6
342,28,14505021001,6
342,29,14505021001,6
342,30,14505021001,6
342,31,14505021001,6
342,32,14505021001,6
342,33,14505021001,6
342,34,14505021001,6
342,35,14505021001,6
342,36,14505021001,6
342,37,14505021001,6
342,38,14505021001,6
342,39,14505021001,6
342,40,14505021001,2
343,1,10001012001,13
343,2,10001012001,13
343,3,10001012001,13
343,4,10001012001,13
343,5,10001012001,13
343,6,10001012001,13
343,7,10001012001,13
343,8,10001012001,13
343,9,10001012001,13
343,10,10001012001,13
343,11,10001012001,13
343,12,10001012001,13
343,13,10001012001,13
343,14,10001012001,13
343,15,10001012001,13
343,16,10001012001,13
343,17,10001012001,13
343,18,10001012001,13
343,19,10001012001,13
343,20,10001012001,13
343,21,10001012001,13
343,22,10001012001,13
343,23,10001012001,13
343,24,10001012001,13
343,25,10001012001,13
343,26,10001012001,13
343,27,10001012001,13
343,28,10001012001,13
343,29,10001012001,13
343,30,10001012001,13
343,31,10001012001,13
343,32,10001012001,13
343,33,10001012001,13
343,34,10001012001,13
343,35,10001012001,13
343,36,10001012001,13
343,37,10001012001,13
343,38,10001012001,13
343,39,10001012001,13
343,40,10001012001,13
344,1,14023028001,2
344,2,14023028001,2
344,3,14023028001,2
344,4,14023028001,2
344,5,14023028001,2
344,6,14023028001,2
344,7,14023028001,2
344,8,14023028001,2
344,9,14023028001,2
344,10,14023028001,2
344,11,14023028001,2
344,12,14023028001,2
344,13,14023028001,2
344,14,14023028001,2
344,15,14023028001,2
344,16,14023028001,2
344,17,14023028001,2
344,18,14023028001,2
344,19,14023028001,2
344,20,14023028001,2
344,21,14023028001,2
344,22,14023028001,2
344,23,14023028001,2
344,24,14023028001,2
344,25,14023028001,2
344,26,14023028001,2
344,27,14023028001,2
344,28,14023028001,2
344,29,14023028001,2
344,30,14023028001,2
344,31,14023028001,2
344,32,14023028001,2
344,33,14023028001,2
344,34,14023028001,2
344,35,14023028001,2
344,36,14023028001,2
344,37,14023028001,2
344,38,14023028001,2
344,39,14023028001,2
344,40,14023028001,2
345,1,10016020001,5
345,2,10016020001,5
345,3,10016020001,5
345,4,10016020001,5
345,5,10016020001,5
345,6,10016020001,5
345,7,10016020001,5
345,8,10016020001,5
345,9,10016020001,5
345,10,10016020001,5
345,11,10016020001,5
345,12,10016020001,5
345,13,10016020001,4
345,14,11010023001,4
345,15,11010023001,2
345,16,11051030001,3
345,17,11051030001,3
345,18,11051030001,3
345,19,11051030001,3
345,20,11051030001,3
345,21,11051030001,3
345,22,11051030001,3
345,23,11051030001,3
345,24,11051030001,3
345,25,12001049001,6
345,26,12212057001,2
345,27,14010247001,11
345,28,14010247001,11
345,29,14010247001,11
345,30,14010247001,10
345,31,14111134001,5
345,32,14111134001,5
345,33,14111134001,5
345,34,14111134001,5
345,35,14111134001,5
345,36,14111134001,5
345,37,14111134001,4
345,38,14222072001,18
345,39,14222072001,6
345,40,14351017001,2
346,1,10040056001,6
346,2,10040056001,6
346,3,10040056001,6
346,4,10040056001,6
346,5,10040056001,6
346,6,10040056001,6
346,7,11020003001,3
346,8,11020003001,2
346,9,12001112001,5
346,10,12301004001,3
346,11,14020013001,9
346,12,14020013001,9
346,13,14020013001,9
346,14,14020013001,8
346,15,14241042001,12
346,16,14241042001,4
346,17,14351041001,3
346,18,14612922001,9
346,19,14612922001,9
346,20,14612922001,9
346,21,14612922001,9
346,22,14612922001,9
346,23,14612922001,8
346,24,14615070001,7
346,25,14615070001,7
346,26,14615070001,7
346,27,14615070001,7
346,28,14615070001,7
346,29,14615070001,7
346,30,14615070001,7
346,31,14615070001,7
346,32,14615070001,7
346,33,14615070001,7
346,34,14615070001,7
346,35,14615070001,7
346,36,14615070001,7
346,37,14615070001,3
347,1,14011029001,2
347,2,14011029001,2
347,3,14011029001,2
347,4,14011029001,2
347,5,14011029001,2
347,6,14011029001,2
347,7,14011029001,2
347,8,14011029001,2
347,9,14011029001,2
347,10,14011029001,2
347,11,14011029001,2
347,12,14011029001,2
347,13,14011029001,2
347,14,14011029001,2
347,15,14011029001,2
347,16,14011029001,2
347,17,14011029001,2
347,18,14011029001,2
347,19,14011029001,2
347,20,14011029001,2
347,21,14011029001,2
347,22,14011029001,2
347,23,14011029001,2
347,24,14011029001,2
347,25,14011029001,2
347,26,14011029001,2
347,27,14011029001,2
347,28,14011029001,2
347,29,14011029001,2
347,30,14011029001,2
347,31,14011029001,2
347,32,14011029001,2
347,33,14011029001,2
347,34,14011029001,2
347,35,14011029001,2
347,36,14011029001,2
347,37,14011029001,2
347,38,14011029001,2
347,39,14011029001,2
347,40,14011029001,2
348,1,10001012001,13
348,2,10001012001,13
348,3,10001012001,13
348,4,10001012001,13
348,5,10001012001,13
348,6,10001012001,13
348,7,10001012001,13
348,8,10001012001,13
348,9,10001012001,13
348,10,10001012001,13
348,11,10001012001,13
348,12,10001012001,13
348,13,10001012001,13
348,14,10001012001,13
348,15,10001012001,13
348,16,10001012001,13
348,17,10001012001,13
348,18,10001012001,13
348,19,10001012001,13
348,20,10001012001,13
348,21,10001012001,13
348,22,10001012001,13
348,23,10001012001,13
348,24,10001012001,13
348,25,10001012001,13
348,26,10001012001,13
348,27,10001012001,13
348,28,10001012001,13
348,29,10001012001,13
348,30,10001012001,13
348,31,10001012001,13
348,32,10001012001,13
348,33,10001012001,13
348,34,10001012001,13
348,35,10001012001,13
348,36,10001012001,9
348,37,11031917001,2
348,38,12003006001,1
348,39,12212056001,3
348,40,14351038001,4
349,1,10002019001,10
349,2,10002019001,10
349,3,10002019001,10
349,4,10002019001,10
349,5,10002019001,10
349,6,10002019001,10
349,7,10002019001,10
349,8,10002019001,10
349,9,10002019001,10
349,10,10002019001,10
349,11,10002019001,10
349,12,10002019001,10
349,13,10002019001,10
349,14,10002019001,10
349,15,10002019001,10
349,16,10002019001,10
349,17,10002019001,10
349,18,10002019001,10
349,19,10002019001,10
349,20,10002019001,10
349,21,10002019001,10
349,22,10002019001,10
349,23,10002019001,10
349,24,10002019001,10
349,25,10002019001,10
349,26,10002019001,10
349,27,10002019001,10
349,28,10002019001,10
349,29,10002019001,10
349,30,10002019001,10
349,31,10002019001,10
349,32,10002019001,10
349,33,10002019001,10
349,34,10002019001,10
349,35,10002019001,10
349,36,10002019001,10
349,37,10002019001,10
349,38,10002019001,10
349,39,10002019001,10
349,40,10002019001,10
350,1,10041033001,5
350,2,10041033001,5
350,3,10041033001,5
350,4,10041033001,5
350,5,10041033001,5
350,6,10041033001,5
350,7,10041033001,5
350,8,10041033001,5
350,9,10041033001,5
350,10,10041033001,5
350,11,10041033001,5
350,12,10041033001,5
350,13,10041033001,4
350,14,11022087001,6
350,15,11022087001,4
350,16,12001999001,1
350,17,12023125001,53
350,18,12233035001,2
350,19,14011009001,5
350,20,14011009001,5
350,21,14011009001,5
350,22,14011009001,4
350,23,14100012001,3
350,24,14100012001,3
350,25,14100012001,3
350,26,14100012001,3
350,27,14100012001,3
350,28,14100012001,3
350,29,14100012001,1
350,30,14242151001,9
350,31,14242151001,3
350,32,14352027001,6
351,1,10021035001,28
351,2,10021035001,28
351,3,10021035001,28
351,4,10021035001,28
351,5,10021035001,28
351,6,10021035001,28
351,7,10021035001,28
351,8,10021035001,28
351,9,10021035001,28
351,10,10021035001,28
351,11,10021035001,28
351,12,10021035001,28
351,13,10021035001,6
351,14,11032017001,2
351,15,11032017001,1
351,16,12002013001,2
351,17,12234038001,1
351,18,14011010001,5
351,19,14011010001,5
351,20,14011010001,5
351,21,14011010001,1
351,22,14133030001,3
351,23,14133030001,3
351,24,14133030001,3
351,25,14133030001,3
351,26,14133030001,3
351,27,14133030001,3
351,28,14133030001,2
351,29,14204066001,2
351,30,14204066001,2
351,31,14204066001,2
351,32,14204066001,2
351,33,14204066001,2
351,34,14204066001,2
351,35,14204066001,2
351,36,14204066001,2
351,37,14204066001,2
351,38,14230034001,19
351,39,14230034001,8
351,40,14352031001,3
352,1,10002019001,10
352,2,10002019001,10
352,3,10002019001,10
352,4,10002019001,10
352,5,10002019001,10
352,6,10002019001,10
352,7,10002019001,10
352,8,10002019001,10
352,9,10002019001,10
352,10,10002019001,10
352,11,10002019001,10
352,12,10002019001,10
352,13,10002019001,10
352,14,10002019001,10
352,15,10002019001,10
352,16,10002019001,10
352,17,10002019001,10
352,18,10002019001,10
352,19,10002019001,10
352,20,10002019001,10
352,21,10002019001,10
352,22,10002019001,10
352,23,10002019001,10
352,24,10002019001,10
352,25,10002019001,10
352,26,10002019001,10
352,27,10002019001,10
352,28,10002019001,10
352,29,10002019001,10
352,30,10002019001,10
352,31,10002019001,10
352,32,10002019001,10
352,33,10002019001,10
352,34,10002019001,10
352,35,10002019001,10
352,36,10002019001,10
352,37,10002019001,10
352,38,10002019001,10
352,39,10002019001,10
352,40,10002019001,10
353,1,10041034001,5
353,2,10041034001,5
353,3,10041034001,5
353,4,10041034001,5
353,5,10041034001,5
353,6,10041034001,5
353,7,10041034001,5
353,8,10041034001,5
353,9,10041034001,5
353,10,10041034001,5
353,11,10041034001,5
353,12,10041034001,5
353,13,10041034001,5
353,14,10041034001,5
353,15,10041034001,5
353,16,10041034001,5
353,17,10041034001,5
353,18,10041034001,3
353,19,11032027001,6
353,20,11032027001,4
353,21,12002018001,1
353,22,12234915001,1
353,23,14011029001,2
353,24,14011029001,2
353,25,14011029001,2
353,26,14011029001,2
353,27,14022029001,5
353,28,14022029001,5
353,29,14022029001,5
353,30,14022029001,2
353,31,14204892001,4
353,32,14204892001,4
353,33,14204892001,4
353,34,14204892001,4
353,35,14204892001,4
353,36,14204892001,4
353,37,14204892001,3
353,38,14243045001,20
353,39,14243045001,5
353,40,14352058001,4
354,1,11022007001,7
354,2,11022007001,1
354,3,11041014001,20
354,4,11041014001,20
354,5,11041014001,13
354,6,12002107001,1
354,7,12212058001,6
354,8,14020951001,5
354,9,14020951001,5
354,10,14020951001,5
354,11,14020951001,4
354,12,14231003001,6
354,13,14231003001,6
354,14,14231003001,6
354,15,14231003001,6
354,16,14231003001,6
354,17,14231003001,6
354,18,14231003001,4
354,19,14242056001,7
354,20,14242056001,5
354,21,14351059001,2
354,22,14502026001,6
354,23,14502026001,6
354,24,14502026001,6
354,25,14502026001,6
354,26,14502026001,6
354,27,14502026001,6
354,28,14502026001,6
354,29,14502026001,6
354,30,14502026001,6
354,31,14502026001,6
354,32,14502026001,6
354,33,14502026001,6
354,34,14502026001,2
355,1,11032026001,3
355,2,11032026001,1
355,3,12002159001,2
355,4,12327025001,3
355,5,14011051001,7
355,6,14011051001,7
355,7,14011051001,7
355,8,14011051001,1
355,9,14243012001,11
355,10,14243012001,1
355,11,14310209001,28
355,12,14310209001,25
355,13,14352076001,2
355,14,14353024001,3
355,15,14353024001,3
355,16,14353024001,3
355,17,14353024001,3
355,18,14353024001,3
355,19,14353024001,3
355,20,14353024001,3
355,21,14353024001,3
355,22,14353024001,3
355,23,14353024001,3
355,24,14353024001,3
355,25,14353024001,3
355,26,14353024001,1
355,27,14353036001,3
355,28,14353036001,3
355,29,14353036001,3
355,30,14353036001,3
355,31,14353036001,3
355,32,14353036001,3
355,33,14353036001,1
356,1,10033018001,9
356,2,10033018001,9
356,3,10033018001,9
356,4,10033018001,9
356,5,10033018001,9
356,6,10033018001,9
356,7,10033018001,9
356,8,10033018001,9
356,9,10033018001,9
356,10,10033018001,9
356,11,10033018001,9
356,12,10033018001,9
356,13,10033018001,9
356,14,10033018001,9
356,15,10033018001,9
356,16,10033018001,9
356,17,10033018001,9
356,18,10033018001,9
356,19,10033018001,9
356,20,10033018001,9
356,21,10033018001,9
356,22,10033018001,9
356,23,10033018001,9
356,24,10033018001,9
356,25,10033018001,9
356,26,10033018001,9
356,27,10033018001,9
356,28,10033018001,9
356,29,10033018001,9
356,30,10033018001,9
356,31,10033018001,9
356,32,10033018001,9
356,33,10033018001,9
356,34,10033018001,9
356,35,10033018001,9
356,36,10033018001,9
356,37,10033018001,9
356,38,10033018001,9
356,39,10033018001,9
356,40,10033018001,9
357,1,10002019001,4
357,2,12003090001,2
357,3,12120040001,5
357,4,12120040001,5
357,5,12120040001,2
357,6,12130012001,2
357,7,12130012001,2
357,8,12130012001,2
357,9,12130012001,2
357,10,12130012001,2
357,11,12130012001,2
357,12,12130112001,1
357,13,12130112001,1
357,14,12130112001,1
357,15,12130112001,1
357,16,12130112001,1
357,17,12130112001,1
357,18,12130112001,1
357,19,12130112001,1
357,20,12130112001,1
357,21,12130112001,1
357,22,12130112001,1
357,23,12130112001,1
357,24,12301010001,8
357,25,14353016001,1
358,1,11022012001,4
358,2,11022012001,1
358,3,11103296001,3
358,4,11103296001,3
358,5,11103296001,3
358,6,11103296001,3
358,7,11103296001,3
358,8,11103296001,3
358,9,11103296001,3
358,10,11103296001,3
358,11,11103296001,3
358,12,12002052001,2
358,13,12323010001,1
358,14,14010060001,3
358,15,14010060001,3
358,16,14010060001,3
358,17,14010060001,3
358,18,14010060001,3
358,19,14010060001,3
358,20,14010060001,3
358,21,14010060001,3
358,22,14010060001,3
358,23,14010060001,3
358,24,14010060001,3
358,25,14010060001,3
358,26,14010060001,2
358,27,14020008001,6
358,28,14020008001,6
358,29,14020008001,6
358,30,14020008001,3
358,31,14243042001,20
358,32,14243042001,4
358,33,14311005001,4
358,34,14311005001,4
358,35,14311005001,4
358,36,14311005001,4
358,37,14311005001,4
358,38,14311005001,4
358,39,14311005001,4
358,40,14353023001,3
359,1,10033018001,9
359,2,10033018001,9
359,3,10033018001,9
359,4,10033018001,9
359,5,10033018001,9
359,6,10033018001,9
359,7,10033018001,9
359,8,10033018001,9
359,9,10033018001,9
359,10,10033018001,9
359,11,10033018001,9
359,12,10033018001,9
359,13,10033018001,9
359,14,10033018001,9
359,15,10033018001,9
359,16,10033018001,9
359,17,10033018001,9
359,18,10033018001,9
359,19,10033018001,9
359,20,10033018001,9
359,21,10033018001,9
359,22,10033018001,9
359,23,10033018001,9
359,24,10033018001,9
359,25,10033018001,9
359,26,10033018001,9
359,27,10033018001,9
359,28,10033018001,9
359,29,10033018001,9
359,30,10033018001,9
359,31,10033018001,9
359,32,10033018001,9
359,33,10033018001,9
359,34,10033018001,9
359,35,10033018001,9
359,36,10033018001,9
359,37,10033018001,9
359,38,10033018001,3
359,39,12324139001,1
359,40,14353001001,2
360,1,10021009001,6
360,2,10021009001,6
360,3,10021009001,6
360,4,10021009001,6
360,5,10021009001,6
360,6,10021009001,6
360,7,10021009001,6
360,8,10021009001,6
360,9,10021009001,6
360,10,10021009001,6
360,11,10021009001,6
360,12,10021009001,6
360,13,10021009001,6
360,14,10021009001,6
360,15,10021009001,6
360,16,10021009001,6
360,17,10021009001,6
360,18,10021009001,6
360,19,10021009001,6
360,20,10021009001,6
360,21,10021009001,6
360,22,10021009001,6
360,23,10021009001,6
360,24,10021009001,6
360,25,10021009001,6
360,26,10021009001,6
360,27,10021009001,6
360,28,10021009001,6
360,29,10021009001,6
360,30,10021009001,6
360,31,10021009001,6
360,32,10021009001,6
360,33,10021009001,6
360,34,10021009001,6
360,35,10021009001,6
360,36,10021009001,6
360,37,10021009001,6
360,38,10021009001,6
360,39,10021009001,6
360,40,10021009001,6
361,1,10031013001,12
361,2,10031013001,12
361,3,10031013001,12
361,4,10031013001,12
361,5,10031013001,12
361,6,10031013001,12
361,7,10031013001,12
361,8,10031013001,12
361,9,10031013001,12
361,10,10031013001,12
361,11,10031013001,12
361,12,10031013001,12
361,13,10031013001,12
361,14,10031013001,12
361,15,10031013001,12
361,16,10031013001,12
361,17,10031013001,12
361,18,10031013001,12
361,19,10031013001,12
361,20,10031013001,12
361,21,10031013001,12
361,22,10031013001,12
361,23,10031013001,12
361,24,10031013001,12
361,25,10031013001,12
361,26,10031013001,12
361,27,10031013001,12
361,28,10031013001,12
361,29,10031013001,12
361,30,10031013001,12
361,31,10031013001,12
361,32,10031013001,12
361,33,10031013001,12
361,34,10031013001,12
361,35,10031013001,12
361,36,10031013001,12
361,37,10031013001,12
361,38,10031013001,12
361,39,10031013001,12
361,40,10031013001,12
362,1,10021009001,6
362,2,10021009001,6
362,3,10021009001,6
362,4,10021009001,6
362,5,10021009001,6
362,6,10021009001,6
362,7,10021009001,6
362,8,10021009001,6
362,9,10021009001,6
362,10,10021009001,6
362,11,10021009001,6
362,12,10021009001,6
362,13,10021009001,6
362,14,10021009001,6
362,15,10021009001,6
362,16,10021009001,6
362,17,10021009001,6
362,18,10021009001,6
362,19,10021009001,6
362,20,10021009001,6
362,21,10021009001,6
362,22,10021009001,6
362,23,10021009001,6
362,24,10021009001,6
362,25,10021009001,6
362,26,10021009001,6
362,27,10021009001,6
362,28,10021009001,6
362,29,10021009001,6
362,30,10021009001,6
362,31,10021009001,6
362,32,10021009001,6
362,33,10021009001,6
362,34,10021009001,6
362,35,10021009001,6
362,36,10021009001,6
362,37,11032003001,4
362,38,12002114001,1
362,39,12325047001,1
362,40,14353025001,5
363,1,10012004001,6
363,2,10012004001,6
363,3,10012004001,6
363,4,10012004001,6
363,5,10012004001,6
363,6,10012004001,6
363,7,10012004001,6
363,8,10012004001,6
363,9,10012004001,6
363,10,10012004001,6
363,11,10012004001,6
363,12,10012004001,6
363,13,10012004001,6
363,14,10012004001,6
363,15,10012004001,6
363,16,10012004001,6
363,17,10012004001,6
363,18,10012004001,6
363,19,10012004001,6
363,20,10012004001,6
363,21,10012004001,6
363,22,10012004001,6
363,23,10012004001,6
363,24,10012004001,6
363,25,10012004001,6
363,26,10012004001,6
363,27,10012004001,6
363,28,10012004001,6
363,29,10012004001,6
363,30,10012004001,6
363,31,10012004001,6
363,32,10012004001,6
363,33,10012004001,6
363,34,10012004001,6
363,35,10012004001,6
363,36,10012004001,6
363,37,10012004001,6
363,38,10012004001,6
363,39,10012004001,6
363,40,10012004001,6
364,1,10012004001,6
364,2,10012004001,6
364,3,10012004001,6
364,4,10012004001,6
364,5,10012004001,6
364,6,10012004001,6
364,7,10012004001,6
364,8,10012004001,6
364,9,10012004001,6
364,10,10012004001,6
364,11,10012004001,6
364,12,10012004001,6
364,13,10012004001,6
364,14,10012004001,6
364,15,10012004001,6
364,16,10012004001,6
364,17,10012004001,6
364,18,10012004001,6
364,19,10012004001,6
364,20,10012004001,6
364,21,10012004001,6
364,22,10012004001,6
364,23,10012004001,6
364,24,10012004001,6
364,25,10012004001,6
364,26,10012004001,6
364,27,10012004001,6
364,28,10012004001,6
364,29,10012004001,6
364,30,10012004001,6
364,31,10012004001,6
364,32,10012004001,6
364,33,10012004001,6
364,34,10012004001,2
364,35,11032021001,9
364,36,12003084001,2
364,37,12123034001,7
364,38,12123034001,2
364,39,12327002001,2
364,40,14353045001,4
365,1,10031013001,12
365,2,10031013001,12
365,3,10031013001,12
365,4,10031013001,12
365,5,10031013001,12
365,6,10031013001,12
365,7,10031013001,12
365,8,10031013001,12
365,9,10031013001,12
365,10,10031013001,12
365,11,10031013001,12
365,12,10031013001,12
365,13,10031013001,12
365,14,10031013001,12
365,15,10031013001,12
365,16,10031013001,12
365,17,10031013001,12
365,18,10031013001,12
365,19,10031013001,12
365,20,10031013001,12
365,21,10031013001,12
365,22,10031013001,12
365,23,10031013001,12
365,24,10031013001,12
365,25,10031013001,12
365,26,10031013001,12
365,27,10031013001,12
365,28,10031013001,12
365,29,10031013001,12
365,30,10031013001,12
365,31,10031013001,12
365,32,10031013001,12
365,33,10031013001,12
365,34,11032036001,4
365,35,11032036001,1
365,36,12003134001,2
365,37,12326152001,4
365,38,14243166001,5
365,39,14243166001,2
365,40,14360019001,1
366,1,11032015001,4
366,2,12004016001,17
366,3,12123066001,6
366,4,12123066001,2
366,5,12327040001,3
366,6,14023028001,2
366,7,14023028001,2
366,8,14023028001,2
366,9,14023028001,2
366,10,14023028001,2
366,11,14023028001,2
366,12,14023028001,2
366,13,14023028001,2
366,14,14023028001,2
366,15,14023028001,2
366,16,14023028001,2
366,17,14023028001,2
366,18,14023028001,2
366,19,14023028001,2
366,20,14023028001,2
366,21,14023028001,2
366,22,14023028001,2
366,23,14023028001,2
366,24,14023028001,2
366,25,14023028001,2
366,26,14023028001,2
366,27,14023028001,2
366,28,14023028001,2
366,29,14023028001,2
366,30,14023028001,2
366,31,14023028001,2
366,32,14023028001,2
366,33,14023028001,2
366,34,14023028001,2
366,35,14023028001,2
366,36,14023028001,2
366,37,14023028001,2
366,38,14023028001,2
366,39,14023028001,2
366,40,14353017001,4
367,1,10033044001,7
367,2,10033044001,7
367,3,10033044001,7
367,4,10033044001,7
367,5,10033044001,7
367,6,10033044001,7
367,7,10033044001,7
367,8,10033044001,7
367,9,10033044001,7
367,10,10033044001,7
367,11,10033044001,7
367,12,10033044001,7
367,13,10033044001,7
367,14,11022067001,9
367,15,11022067001,1
367,16,12003911001,1
367,17,12102100001,53
367,18,12327050001,3
367,19,14020956001,2
367,20,14020956001,2
367,21,14020956001,2
367,22,14020956001,2
367,23,14300008001,3
367,24,14300008001,1
367,25,14353047001,1
367,26,14360008001,2
367,27,14360008001,2
367,28,14360008001,2
367,29,14360008001,2
367,30,14360008001,2
367,31,14360008001,2
367,32,14360008001,1
368,1,14104146001,1
368,2,14104146001,1
368,3,14104146001,1
368,4,14104146001,1
368,5,14104146001,1
368,6,14104146001,1
368,7,14104146001,1
368,8,14104146001,1
368,9,14104146001,1
368,10,14104146001,1
368,11,14104146001,1
368,12,14104146001,1
368,13,14104146001,1
368,14,14104146001,1
368,15,14104146001,1
368,16,14104146001,1
368,17,14104146001,1
368,18,14104146001,1
368,19,14104146001,1
368,20,14104146001,1
368,21,14104146001,1
368,22,14104146001,1
368,23,14104146001,1
368,24,14104146001,1
368,25,14104146001,1
368,26,14104146001,1
368,27,14104146001,1
368,28,14104146001,1
368,29,14104146001,1
368,30,14104146001,1
368,31,14104146001,1
368,32,14104146001,1
368,33,14104146001,1
368,34,14104146001,1
368,35,14104146001,1
368,36,14104146001,1
368,37,14104146001,1
368,38,14104146001,1
368,39,14104146001,1
368,40,14104146001,1
369,1,11040001001,12
369,2,11040001001,9
369,3,12005003002,6
369,4,12327048001,2
369,5,14104146001,1
369,6,14104146001,1
369,7,14104146001,1
369,8,14104146001,1
369,9,14104146001,1
369,10,14104146001,1
369,11,14104146001,1
369,12,14104146001,1
369,13,14104146001,1
369,14,14104146001,1
369,15,14104146001,1
369,16,14104146001,1
369,17,14104146001,1
369,18,14104146001,1
369,19,14104146001,1
369,20,14104146001,1
369,21,14104146001,1
369,22,14104146001,1
369,23,14104146001,1
369,24,14104146001,1
369,25,14104146001,1
369,26,14104146001,1
369,27,14104146001,1
369,28,14104146001,1
369,29,14104146001,1
369,30,14104146001,1
369,31,14104146001,1
369,32,14104146001,1
369,33,14104146001,1
369,34,14104146001,1
369,35,14104146001,1
369,36,14104146001,1
369,37,14104146001,1
369,38,14243046001,20
369,39,14243046001,9
369,40,14360001001,1
370,1,14505899001,10
370,2,14505899001,10
370,3,14505899001,10
370,4,14505899001,10
370,5,14505899001,10
370,6,14505899001,10
370,7,14505899001,10
370,8,14505899001,10
370,9,14505899001,10
370,10,14505899001,10
370,11,14505899001,10
370,12,14505899001,10
370,13,14505899001,10
370,14,14505899001,10
370,15,14505899001,10
370,16,14505899001,10
370,17,14505899001,10
370,18,14505899001,10
370,19,14505899001,10
370,20,14505899001,10
370,21,14505899001,10
370,22,14505899001,10
370,23,14505899001,10
370,24,14505899001,10
370,25,14505899001,10
370,26,14505899001,10
370,27,14505899001,10
370,28,14505899001,10
370,29,14505899001,10
370,30,14505899001,10
370,31,14505899001,10
370,32,14505899001,10
370,33,14505899001,10
370,34,14505899001,10
370,35,14505899001,10
370,36,14505899001,10
370,37,14505899001,10
370,38,14505899001,10
370,39,14505899001,10
370,40,14505899001,10
371,1,14505016001,4
371,2,14505016001,4
371,3,14505016001,4
371,4,14505016001,4
371,5,14505016001,4
371,6,14505016001,4
371,7,14505016001,4
371,8,14505016001,4
371,9,14505016001,4
371,10,14505016001,4
371,11,14505016001,4
371,12,14505016001,4
371,13,14505016001,4
371,14,14505016001,4
371,15,14505016001,4
371,16,14505016001,4
371,17,14505016001,4
371,18,14505016001,4
371,19,14505016001,4
371,20,14505016001,4
371,21,14505016001,4
371,22,14505016001,4
371,23,14505016001,4
371,24,14505016001,4
371,25,14505016001,4
371,26,14505016001,4
371,27,14505016001,4
371,28,14505016001,4
371,29,14505016001,4
371,30,14505016001,4
371,31,14505016001,4
371,32,14505016001,4
371,33,14505016001,4
371,34,14505016001,4
371,35,14505016001,4
371,36,14505016001,4
371,37,14505016001,4
371,38,14505016001,4
371,39,14505016001,4
371,40,14505016001,4
372,1,12003111001,2
372,2,12327054001,3
372,3,14023503001,10
372,4,14023503001,10
372,5,14023503001,5
372,6,14244053001,9
372,7,14244053001,6
372,8,14360044001,2
372,9,14505016001,4
372,10,14505016001,4
372,11,14505016001,4
372,12,14505016001,4
372,13,14505016001,4
372,14,14505016001,4
372,15,14505016001,4
372,16,14505016001,4
372,17,14505016001,4
372,18,14505016001,4
372,19,14505016001,4
372,20,14505016001,4
372,21,14505016001,4
372,22,14505016001,4
372,23,14505016001,4
372,24,14505016001,4
372,25,14505016001,4
372,26,14505016001,4
372,27,14505016001,4
372,28,14505016001,4
372,29,14505016001,4
372,30,14505016001,4
372,31,14505016001,4
372,32,14505016001,4
372,33,14505016001,4
372,34,14505016001,4
372,35,14505016001,4
372,36,14505016001,4
372,37,14505016001,4
372,38,14505016001,4
372,39,14505016001,4
372,40,14505016001,1
373,1,11022082001,9
373,2,11022082001,3
373,3,12005015010,1
373,4,12230008001,3
373,5,12230008001,3
373,6,12230008001,3
373,7,12230008001,3
373,8,12230008001,3
373,9,12230008001,3
373,10,12230008001,3
373,11,12230008001,3
373,12,12230008001,3
373,13,14000061001,6
373,14,14020949001,3
373,15,14020949001,3
373,16,14020949001,3
373,17,14020949001,2
373,18,14244059001,20
373,19,14244059001,12
373,20,14353035001,2
373,21,14501086001,12
373,22,14501086001,12
373,23,14501086001,12
373,24,14501086001,12
373,25,14501086001,12
373,26,14501086001,12
373,27,14501086001,3
373,28,14504028001,12
373,29,14504028001,12
373,30,14504028001,12
373,31,14504028001,12
373,32,14504028001,12
373,33,14504028001,12
373,34,14504028001,12
373,35,14504028001,12
373,36,14504028001,12
373,37,14504028001,12
373,38,14504028001,12
373,39,14504028001,12
373,40,14504028001,1
374,1,14500013001,7
374,2,14500013001,7
374,3,14500013001,7
374,4,14500013001,7
374,5,14500013001,7
374,6,14500013001,7
374,7,14500013001,7
374,8,14500013001,7
374,9,14500013001,7
374,10,14500013001,7
374,11,14500013001,7
374,12,14500013001,7
374,13,14500013001,7
374,14,14500013001,7
374,15,14500013001,7
374,16,14500013001,7
374,17,14500013001,7
374,18,14500013001,7
374,19,14500013001,7
374,20,14500013001,7
374,21,14500013001,7
374,22,14500013001,7
374,23,14500013001,7
374,24,14500013001,7
374,25,14500013001,7
374,26,14500013001,7
374,27,14500013001,7
374,28,14500013001,7
374,29,14500013001,7
374,30,14500013001,7
374,31,14500013001,7
374,32,14500013001,7
374,33,14500013001,7
374,34,14500013001,7
374,35,14500013001,7
374,36,14500013001,7
374,37,14500013001,7
374,38,14500013001,7
374,39,14500013001,7
374,40,14500013001,7
375,1,11040030001,6
375,2,11040030001,4
375,3,12004020001,9
375,4,12103025001,8
375,5,12103025001,8
375,6,12103025001,8
375,7,12327059001,2
375,8,14300046001,2
375,9,14300046001,1
375,10,14361004001,4
375,11,14500013001,7
375,12,14500013001,7
375,13,14500013001,7
375,14,14500013001,7
375,15,14500013001,7
375,16,14500013001,7
375,17,14500013001,7
375,18,14500013001,7
375,19,14500013001,7
375,20,14500013001,7
375,21,14500013001,7
375,22,14500013001,7
375,23,14500013001,7
375,24,14500013001,7
375,25,14500013001,7
375,26,14500013001,7
375,27,14500013001,7
375,28,14500013001,7
375,29,14500013001,7
375,30,14500013001,7
375,31,14500013001,7
375,32,14500013001,7
375,33,14500013001,7
375,34,14500013001,7
375,35,14500013001,7
375,36,14500013001,7
375,37,14500013001,7
375,38,14500013001,7
375,39,14500013001,7
375,40,14500013001,6
376,1,10032013001,12
376,2,10032013001,12
376,3,10032013001,12
376,4,10032013001,12
376,5,10032013001,12
376,6,10032013001,12
376,7,10032013001,12
376,8,10032013001,12
376,9,10032013001,12
376,10,10032013001,12
376,11,10032013001,12
376,12,10032013001,12
376,13,10032013001,12
376,14,10032013001,12
376,15,10032013001,12
376,16,10032013001,12
376,17,10032013001,12
376,18,10032013001,12
376,19,10032013001,12
376,20,10032013001,12
376,21,10032013001,12
376,22,10032013001,12
376,23,10032013001,12
376,24,10032013001,12
376,25,10032013001,12
376,26,10032013001,12
376,27,10032013001,12
376,28,10032013001,12
376,29,10032013001,12
376,30,10032013001,12
376,31,10032013001,12
376,32,10032013001,12
376,33,10032013001,12
376,34,10032013001,12
376,35,10032013001,12
376,36,10032013001,12
376,37,10032013001,12
376,38,10032013001,12
376,39,10032013001,12
376,40,10032013001,12
377,1,10032013001,12
377,2,10032013001,12
377,3,10032013001,12
377,4,10032013001,12
377,5,10032013001,12
377,6,10032013001,12
377,7,10032013001,12
377,8,10032013001,12
377,9,10032013001,12
377,10,10032013001,12
377,11,10032013001,12
377,12,10032013001,12
377,13,10032013001,12
377,14,10032013001,12
377,15,10032013001,12
377,16,10032013001,12
377,17,10032013001,12
377,18,10032013001,12
377,19,10032013001,12
377,20,10032013001,12
377,21,10032013001,12
377,22,10032013001,12
377,23,10032013001,12
377,24,10032013001,12
377,25,10032013001,12
377,26,10032013001,12
377,27,10032013001,12
377,28,10032013001,12
377,29,11040044001,6
377,30,11040044001,1
377,31,12005003001,7
377,32,12327064001,2
377,33,14303048001,5
377,34,14303048001,1
377,35,14353040001,3
377,36,14612018002,9
377,37,14612018002,9
377,38,14612018002,9
377,39,14612018002,9
377,40,14612018002,5
378,1,11040046001,6
378,2,11040046001,4
378,3,12005009007,1
378,4,12103030001,9
378,5,12103030001,9
378,6,12103030001,2
378,7,14000036001,4
378,8,14301108001,6
378,9,14301108001,2
378,10,14353052001,4
378,11,14505899001,10
378,12,14505899001,10
378,13,14505899001,10
378,14,14505899001,10
378,15,14505899001,10
378,16,14505899001,10
378,17,14505899001,10
378,18,14505899001,10
378,19,14505899001,10
378,20,14505899001,10
378,21,14505899001,10
378,22,14505899001,10
378,23,14505899001,10
378,24,14505899001,10
378,25,14505899001,10
378,26,14505899001,10
378,27,14505899001,10
378,28,14505899001,10
378,29,14505899001,10
378,30,14505899001,10
378,31,14505899001,10
378,32,14505899001,10
378,33,14505899001,10
378,34,14505899001,10
378,35,14505899001,10
378,36,14505899001,10
378,37,14505899001,10
378,38,14505899001,10
378,39,14505899001,10
378,40,14505899001,5
379,1,14501010001,4
379,2,14501010001,4
379,3,14501010001,4
379,4,14501010001,4
379,5,14501010001,4
379,6,14501010001,4
379,7,14501010001,4
379,8,14501010001,4
379,9,14501010001,4
379,10,14501010001,4
379,11,14501010001,4
379,12,14501010001,4
379,13,14501010001,4
379,14,14501010001,4
379,15,14501010001,4
379,16,14501010001,4
379,17,14501010001,4
379,18,14501010001,4
379,19,14501010001,4
379,20,14501010001,4
379,21,14501010001,4
379,22,14501010001,4
379,23,14501010001,4
379,24,14501010001,4
379,25,14501010001,4
379,26,14501010001,4
379,27,14501010001,4
379,28,14501010001,4
379,29,14501010001,4
379,30,14501010001,4
379,31,14501010001,4
379,32,14501010001,4
379,33,14501010001,4
379,34,14501010001,4
379,35,14501010001,4
379,36,14501010001,4
379,37,14501010001,4
379,38,14501010001,4
379,39,14501010001,4
379,40,14501010001,4
380,1,10033015001,5
380,2,10033015001,5
380,3,10033015001,5
380,4,10033015001,5
380,5,10033015001,5
380,6,10033015001,5
380,7,10033015001,5
380,8,10033015001,5
380,9,10033015001,5
380,10,10033015001,5
380,11,10033015001,5
380,12,10033015001,5
380,13,10033015001,5
380,14,10033015001,5
380,15,10033015001,5
380,16,10033015001,5
380,17,10033015001,5
380,18,10033015001,5
380,19,10033015001,5
380,20,10033015001,5
380,21,10033015001,5
380,22,10033015001,5
380,23,10033015001,5
380,24,10033015001,5
380,25,10033015001,5
380,26,10033015001,5
380,27,10033015001,5
380,28,10033015001,5
380,29,10033015001,5
380,30,10033015001,5
380,31,10033015001,5
380,32,10033015001,5
380,33,10033015001,5
380,34,10033015001,5
380,35,10033015001,5
380,36,10033015001,5
380,37,10033015001,5
380,38,10033015001,5
380,39,10033015001,5
380,40,10033015001,5
381,1,11040062001,6
381,2,11040062001,2
381,3,12005019008,2
381,4,14000131001,5
381,5,14303897001,6
381,6,14303897001,1
381,7,14361009001,3
381,8,14501010001,4
381,9,14501010001,4
381,10,14501010001,4
381,11,14501010001,4
381,12,14501010001,4
381,13,14501010001,4
381,14,14501010001,4
381,15,14501010001,4
381,16,14501010001,4
381,17,14501010001,4
381,18,14501010001,4
381,19,14501010001,4
381,20,14501010001,4
381,21,14501010001,4
381,22,14501010001,4
381,23,14501010001,4
381,24,14501010001,4
381,25,14501010001,4
381,26,14501010001,4
381,27,14501010001,4
381,28,14501010001,4
381,29,14501010001,4
381,30,14501010001,4
381,31,14501010001,4
381,32,14501010001,4
381,33,14501010001,4
381,34,14501010001,4
381,35,14501010001,2
381,36,14601001001,6
381,37,14601001001,6
381,38,14601001001,6
381,39,14601001001,6
381,40,14601001001,3
382,1,10033015001,5
382,2,10033015001,5
382,3,10033015001,5
382,4,10033015001,5
382,5,10033015001,5
382,6,10033015001,5
382,7,10033015001,5
382,8,10033015001,5
382,9,10033015001,5
382,10,10033015001,5
382,11,10033015001,5
382,12,10033015001,5
382,13,10033015001,5
382,14,10033015001,5
382,15,10033015001,5
382,16,10033015001,5
382,17,10033015001,5
382,18,10033015001,5
382,19,10033015001,5
382,20,10033015001,5
382,21,10033015001,5
382,22,10033015001,5
382,23,10033015001,5
382,24,10033015001,5
382,25,10033015001,5
382,26,10033015001,5
382,27,10033015001,2
382,28,12005003003,3
382,29,12327088001,2
382,30,14101004001,6
382,31,14101004001,6
382,32,14101004001,2
382,33,14132003001,6
382,34,14132003001,6
382,35,14132003001,6
382,36,14132003001,6
382,37,14132003001,4
382,38,14304001001,2
382,39,14304001001,1
382,40,14361002001,3
383,1,14104012001,1
383,2,14104012001,1
383,3,14104012001,1
383,4,14104012001,1
383,5,14104012001,1
383,6,14104012001,1
383,7,14104012001,1
383,8,14104012001,1
383,9,14104012001,1
383,10,14104012001,1
383,11,14104012001,1
383,12,14104012001,1
383,13,14104012001,1
383,14,14104012001,1
383,15,14104012001,1
383,16,14104012001,1
383,17,14104012001,1
383,18,14104012001,1
383,19,14104012001,1
383,20,14104012001,1
383,21,14104012001,1
383,22,14104012001,1
383,23,14104012001,1
383,24,14104012001,1
383,25,14104012001,1
383,26,14104012001,1
383,27,14104012001,1
383,28,14104012001,1
383,29,14104012001,1
383,30,14104012001,1
383,31,14104012001,1
383,32,14104012001,1
383,33,14104012001,1
383,34,14104012001,1
383,35,14104012001,1
383,36,14104012001,1
383,37,14104012001,1
383,38,14104012001,1
383,39,14104012001,1
383,40,14104012001,1
384,1,10032047001,16
384,2,10032047001,16
384,3,10032047001,16
384,4,10032047001,16
384,5,10032047001,16
384,6,10032047001,16
384,7,10032047001,16
384,8,10032047001,16
384,9,10032047001,16
384,10,10032047001,16
384,11,10032047001,16
384,12,10032047001,16
384,13,10032047001,16
384,14,10032047001,16
384,15,10032047001,16
384,16,10032047001,16
384,17,10032047001,16
384,18,10032047001,16
384,19,10032047001,16
384,20,10032047001,16
384,21,10032047001,16
384,22,10032047001,16
384,23,10032047001,16
384,24,10032047001,16
384,25,10032047001,16
384,26,10032047001,16
384,27,10032047001,16
384,28,10032047001,16
384,29,10032047001,16
384,30,10032047001,16
384,31,10032047001,16
384,32,10032047001,16
384,33,10032047001,16
384,34,10032047001,16
384,35,10032047001,16
384,36,10032047001,16
384,37,10032047001,16
384,38,10032047001,16
384,39,10032047001,16
384,40,10032047001,16
385,1,10032047001,16
385,2,10032047001,16
385,3,10032047001,16
385,4,10032047001,16
385,5,10032047001,16
385,6,10032047001,16
385,7,10032047001,16
385,8,10032047001,16
385,9,10032047001,16
385,10,10032047001,16
385,11,10032047001,16
385,12,10032047001,16
385,13,10032047001,16
385,14,10032047001,16
385,15,10032047001,16
385,16,10032047001,16
385,17,10032047001,16
385,18,10032047001,16
385,19,10032047001,16
385,20,10032047001,16
385,21,10032047001,16
385,22,10032047001,16
385,23,10032047001,16
385,24,10032047001,16
385,25,10032047001,16
385,26,10032047001,4
385,27,11032031001,2
385,28,12005082003,2
385,29,12123133001,2
385,30,12123133001,2
385,31,14000098001,4
385,32,14010038001,12
385,33,14010038001,12
385,34,14010038001,6
385,35,14112054001,5
385,36,14112054001,5
385,37,14112054001,5
385,38,14112054001,5
385,39,14112054001,2
385,40,14361008001,4
386,1,11050017001,8
386,2,11050017001,4
386,3,11073032001,9
386,4,11073032001,9
386,5,11073032001,9
386,6,11073032001,9
386,7,11073032001,9
386,8,11073032001,8
386,9,12005056002,1
386,10,14000099001,3
386,11,14022002001,5
386,12,14022002001,5
386,13,14022002001,5
386,14,14022002001,1
386,15,14303934001,5
386,16,14303934001,2
386,17,14361011001,2
386,18,14370002001,4
386,19,14370002001,4
386,20,14370002001,4
386,21,14370002001,4
386,22,14370002001,4
386,23,14370002001,4
386,24,14370002001,2
386,25,14501022001,15
386,26,14501022001,15
386,27,14501022001,15
386,28,14501022001,15
386,29,14501022001,15
386,30,14501022001,15
386,31,14501022001,15
386,32,14501022001,15
386,33,14501022001,15
386,34,14501022001,15
386,35,14501022001,15
386,36,14501022001,15
386,37,14501022001,6
387,1,10031901001,6
387,2,10031901001,6
387,3,10031901001,6
387,4,10031901001,6
387,5,10031901001,6
387,6,10031901001,6
387,7,10031901001,6
387,8,10031901001,6
387,9,10031901001,6
387,10,10031901001,6
387,11,10031901001,6
387,12,10031901001,6
387,13,10031901001,6
387,14,10031901001,6
387,15,10031901001,6
387,16,10031901001,6
387,17,10031901001,6
387,18,10031901001,6
387,19,10031901001,6
387,20,10031901001,6
387,21,10031901001,6
387,22,10031901001,6
387,23,10031901001,6
387,24,10031901001,6
387,25,10031901001,6
387,26,10031901001,6
387,27,10031901001,6
387,28,10031901001,6
387,29,10031901001,6
387,30,10031901001,6
387,31,10031901001,6
387,32,10031901001,6
387,33,10031901001,6
387,34,10031901001,6
387,35,10031901001,6
387,36,10031901001,6
387,37,10031901001,6
387,38,10031901001,6
387,39,10031901001,6
387,40,10031901001,6
388,1,10040032001,14
388,2,10040032001,14
388,3,10040032001,14
388,4,10040032001,14
388,5,10040032001,14
388,6,10040032001,14
388,7,10040032001,14
388,8,10040032001,14
388,9,10040032001,14
388,10,10040032001,14
388,11,10040032001,14
388,12,10040032001,14
388,13,10040032001,14
388,14,10040032001,14
388,15,10040032001,14
388,16,10040032001,14
388,17,10040032001,14
388,18,10040032001,14
388,19,10040032001,14
388,20,10040032001,14
388,21,10040032001,14
388,22,10040032001,14
388,23,10040032001,14
388,24,10040032001,14
388,25,10040032001,14
388,26,10040032001,14
388,27,10040032001,14
388,28,10040032001,14
388,29,10040032001,14
388,30,10040032001,14
388,31,10040032001,14
388,32,10040032001,14
388,33,10040032001,14
388,34,10040032001,14
388,35,10040032001,14
388,36,10040032001,14
388,37,10040032001,14
388,38,10040032001,14
388,39,10040032001,14
388,40,10040032001,14
389,1,11050031001,6
389,2,11050031001,5
389,3,12005056001,3
389,4,12120034001,7
389,5,12120034001,7
389,6,12120034001,1
389,7,14000008001,4
389,8,14000008001,4
389,9,14000008001,4
389,10,14000008001,4
389,11,14000008001,4
389,12,14000067001,6
389,13,14104012001,1
389,14,14104012001,1
389,15,14104012001,1
389,16,14104012001,1
389,17,14104012001,1
389,18,14104012001,1
389,19,14104012001,1
389,20,14104012001,1
389,21,14104012001,1
389,22,14104012001,1
389,23,14104012001,1
389,24,14104012001,1
389,25,14104012001,1
389,26,14104012001,1
389,27,14104012001,1
389,28,14104012001,1
389,29,14104012001,1
389,30,14104012001,1
389,31,14104012001,1
389,32,14104012001,1
389,33,14104012001,1
389,34,14104012001,1
389,35,14104012001,1
389,36,14104012001,1
389,37,14104012001,1
389,38,14304028001,2
389,39,14304028001,1
389,40,14361081001,4
390,1,10040010001,5
390,2,10040010001,5
390,3,10040010001,5
390,4,10040010001,5
390,5,10040010001,5
390,6,10040010001,5
390,7,10040010001,5
390,8,10040010001,5
390,9,10040010001,5
390,10,10040010001,5
390,11,10040010001,5
390,12,10040010001,5
390,13,10040010001,5
390,14,10040010001,5
390,15,10040010001,5
390,16,10040010001,5
390,17,10040010001,5
390,18,10040010001,5
390,19,10040010001,5
390,20,10040010001,5
390,21,10040010001,5
390,22,10040010001,5
390,23,10040010001,5
390,24,10040010001,5
390,25,10040010001,5
390,26,10040010001,5
390,27,10040010001,5
390,28,10040010001,5
390,29,10040010001,5
390,30,10040010001,5
390,31,10040010001,5
390,32,10040010001,5
390,33,10040010001,5
390,34,10040010001,5
390,35,10040010001,5
390,36,10040010001,5
390,37,10040010001,5
390,38,10040010001,5
390,39,10040010001,5
390,40,10040010001,5
391,1,14021017001,1
391,2,14021017001,1
391,3,14021017001,1
391,4,14021017001,1
391,5,14021017001,1
391,6,14021017001,1
391,7,14021017001,1
391,8,14021017001,1
391,9,14021017001,1
391,10,14021017001,1
391,11,14021017001,1
391,12,14021017001,1
391,13,14021017001,1
391,14,14021017001,1
391,15,14021017001,1
391,16,14021017001,1
391,17,14021017001,1
391,18,14021017001,1
391,19,14021017001,1
391,20,14021017001,1
391,21,14021017001,1
391,22,14021017001,1
391,23,14021017001,1
391,24,14021017001,1
391,25,14021017001,1
391,26,14021017001,1
391,27,14021017001,1
391,28,14021017001,1
391,29,14021017001,1
391,30,14021017001,1
391,31,14021017001,1
391,32,14021017001,1
391,33,14021017001,1
391,34,14021017001,1
391,35,14021017001,1
391,36,14021017001,1
391,37,14021017001,1
391,38,14021017001,1
391,39,14021017001,1
391,40,14021017001,1
392,1,10040032001,14
392,2,10040032001,14
392,3,10040032001,14
392,4,10040032001,14
392,5,10040032001,14
392,6,10040032001,14
392,7,10040032001,14
392,8,10040032001,14
392,9,10040032001,14
392,10,10040032001,14
392,11,10040032001,14
392,12,10040032001,14
392,13,10040032001,14
392,14,10040032001,14
392,15,10040032001,14
392,16,10040032001,14
392,17,10040032001,14
392,18,10040032001,14
392,19,10040032001,14
392,20,10040032001,14
392,21,10040032001,14
392,22,10040032001,14
392,23,10040032001,14
392,24,10040032001,14
392,25,10040032001,14
392,26,10040032001,8
392,27,11040007001,4
392,28,12005056003,2
392,29,12130011001,2
392,30,12130011001,2
392,31,14001096001,4
392,32,14010285001,3
392,33,14010285001,3
392,34,14010285001,2
392,35,14121063001,8
392,36,14121063001,8
392,37,14121063001,8
392,38,14121063001,8
392,39,14121063001,7
392,40,14361034001,3
393,1,10040010001,5
393,2,10040010001,5
393,3,10040010001,5
393,4,10040010001,5
393,5,10040010001,5
393,6,10040010001,5
393,7,10040010001,5
393,8,10040010001,5
393,9,10040010001,5
393,10,10040010001,5
393,11,10040010001,5
393,12,10040010001,5
393,13,10040010001,5
393,14,10040010001,5
393,15,10040010001,5
393,16,10040010001,5
393,17,10040010001,5
393,18,10040010001,5
393,19,10040010001,5
393,20,10040010001,5
393,21,10040010001,5
393,22,10040010001,5
393,23,10040010001,5
393,24,10040010001,3
393,25,11050064001,8
393,26,11050064001,1
393,27,12005082004,1
393,28,12103060001,5
393,29,12103060001,5
393,30,12103060001,5
393,31,14001136001,5
393,32,14303933001,5
393,33,14303933001,2
393,34,14361102001,3
393,35,14502054001,12
393,36,14502054001,12
393,37,14502054001,12
393,38,14502054001,12
393,39,14502054001,12
393,40,14502054001,10
394,1,10040066001,7
394,2,10040066001,7
394,3,10040066001,7
394,4,10040066001,7
394,5,10040066001,7
394,6,10040066001,7
394,7,10040066001,7
394,8,10040066001,7
394,9,10040066001,7
394,10,10040066001,7
394,11,10040066001,7
394,12,10040066001,7
394,13,10040066001,7
394,14,10040066001,7
394,15,10040066001,7
394,16,10040066001,7
394,17,10040066001,7
394,18,10040066001,7
394,19,10040066001,7
394,20,10040066001,7
394,21,10040066001,7
394,22,10040066001,7
394,23,10040066001,7
394,24,10040066001,7
394,25,10040066001,7
394,26,10040066001,7
394,27,10040066001,7
394,28,10040066001,7
394,29,10040066001,7
394,30,10040066001,7
394,31,10040066001,7
394,32,10040066001,7
394,33,10040066001,7
394,34,10040066001,7
394,35,10040066001,7
394,36,10040066001,7
394,37,10040066001,7
394,38,10040066001,7
394,39,10040066001,7
394,40,10040066001,7
395,1,10031901001,6
395,2,10031901001,6
395,3,10031901001,6
395,4,10031901001,6
395,5,10031901001,6
395,6,10031901001,6
395,7,10031901001,6
395,8,10031901001,6
395,9,10031901001,6
395,10,10031901001,6
395,11,10031901001,6
395,12,10031901001,6
395,13,10031901001,6
395,14,10031901001,6
395,15,10031901001,6
395,16,10031901001,6
395,17,10031901001,6
395,18,10031901001,6
395,19,10031901001,6
395,20,10031901001,6
395,21,10031901001,6
395,22,10031901001,6
395,23,10031901001,6
395,24,10031901001,3
395,25,11062023001,4
395,26,11062023001,1
395,27,12005082011,3
395,28,12104021001,9
395,29,12104021001,9
395,30,12104021001,6
395,31,14001080001,3
395,32,14304194001,5
395,33,14304194001,1
395,34,14361109001,3
395,35,14503010001,12
395,36,14503010001,12
395,37,14503010001,12
395,38,14503010001,12
395,39,14503010001,12
395,40,14503010001,10
396,1,10040066001,7
396,2,10040066001,7
396,3,10040066001,7
396,4,10040066001,7
396,5,10040066001,7
396,6,10040066001,7
396,7,10040066001,7
396,8,10040066001,7
396,9,10040066001,7
396,10,10040066001,7
396,11,10040066001,7
396,12,10040066001,7
396,13,10040066001,7
396,14,10040066001,7
396,15,10040066001,7
396,16,10040066001,7
396,17,10040066001,7
396,18,10040066001,7
396,19,10040066001,7
396,20,10040066001,7
396,21,10040066001,7
396,22,10040066001,7
396,23,10040066001,7
396,24,10040066001,7
396,25,11050046001,3
396,26,11050046001,3
396,27,12005093008,10
396,28,12120064001,11
396,29,12120064001,11
396,30,12120064001,2
396,31,14001149001,2
396,32,14310128001,5
396,33,14310128001,1
396,34,14361022001,3
396,35,14503002001,12
396,36,14503002001,12
396,37,14503002001,12
396,38,14503002001,12
396,39,14503002001,12
396,40,14503002001,5
397,1,14502014001,4
397,2,14502014001,4
397,3,14502014001,4
397,4,14502014001,4
397,5,14502014001,4
397,6,14502014001,4
397,7,14502014001,4
397,8,14502014001,4
397,9,14502014001,4
397,10,14502014001,4
397,11,14502014001,4
397,12,14502014001,4
397,13,14502014001,4
397,14,14502014001,4
397,15,14502014001,4
397,16,14502014001,4
397,17,14502014001,4
397,18,14502014001,4
397,19,14502014001,4
397,20,14502014001,4
397,21,14502014001,4
397,22,14502014001,4
397,23,14502014001,4
397,24,14502014001,4
397,25,14502014001,4
397,26,14502014001,4
397,27,14502014001,4
397,28,14502014001,4
397,29,14502014001,4
397,30,14502014001,4
397,31,14502014001,4
397,32,14502014001,4
397,33,14502014001,4
397,34,14502014001,4
397,35,14502014001,4
397,36,14502014001,4
397,37,14502014001,4
397,38,14502014001,4
397,39,14502014001,4
397,40,14502014001,4
398,1,10033041001,9
398,2,10033041001,9
398,3,10033041001,9
398,4,10033041001,9
398,5,10033041001,9
398,6,10033041001,9
398,7,10033041001,9
398,8,10033041001,9
398,9,10033041001,9
398,10,10033041001,9
398,11,10033041001,9
398,12,10033041001,9
398,13,10033041001,9
398,14,10033041001,9
398,15,10033041001,9
398,16,10033041001,9
398,17,10033041001,9
398,18,10033041001,9
398,19,10033041001,9
398,20,10033041001,9
398,21,10033041001,9
398,22,10033041001,9
398,23,10033041001,9
398,24,10033041001,9
398,25,10033041001,9
398,26,10033041001,9
398,27,10033041001,9
398,28,10033041001,9
398,29,10033041001,9
398,30,10033041001,9
398,31,10033041001,9
398,32,10033041001,9
398,33,10033041001,9
398,34,10033041001,9
398,35,10033041001,9
398,36,10033041001,9
398,37,10033041001,9
398,38,10033041001,9
398,39,10033041001,9
398,40,10033041001,9
399,1,11061023001,3
399,2,11061023001,2
399,3,12005093001,10
399,4,12122005001,2
399,5,12122005001,2
399,6,12122005001,2
399,7,12232999001,2
399,8,12232999001,2
399,9,12232999001,2
399,10,12232999001,2
399,11,12232999001,1
399,12,14002021001,5
399,13,14021017001,1
399,14,14021017001,1
399,15,14021017001,1
399,16,14021017001,1
399,17,14021017001,1
399,18,14021017001,1
399,19,14021017001,1
399,20,14021017001,1
399,21,14021017001,1
399,22,14021017001,1
399,23,14021017001,1
399,24,14021017001,1
399,25,14021017001,1
399,26,14021017001,1
399,27,14021017001,1
399,28,14021017001,1
399,29,14021017001,1
399,30,14021017001,1
399,31,14021017001,1
399,32,14021017001,1
399,33,14021017001,1
399,34,14021017001,1
399,35,14021017001,1
399,36,14021017001,1
399,37,14021017001,1
399,38,14311071001,3
399,39,14311071001,1
399,40,14361086001,4
400,1,10033041001,9
400,2,10033041001,9
400,3,10033041001,9
400,4,10033041001,9
400,5,10033041001,9
400,6,10033041001,9
400,7,10033041001,9
400,8,10033041001,9
400,9,10033041001,9
400,10,10033041001,9
400,11,10033041001,9
400,12,10033041001,9
400,13,10033041001,9
400,14,10033041001,9
400,15,10033041001,9
400,16,10033041001,9
400,17,10033041001,9
400,18,10033041001,9
400,19,10033041001,9
400,20,10033041001,9
400,21,10033041001,9
400,22,10033041001,9
400,23,10033041001,6
400,24,10040044001,9
400,25,10040044001,9
400,26,10040044001,9
400,27,10040044001,9
400,28,10040044001,9
400,29,10040044001,6
400,30,11050123001,6
400,31,11050123001,4
400,32,12010052001,3
400,33,14002024001,1
400,34,14022003001,5
400,35,14022003001,5
400,36,14022003001,5
400,37,14022003001,4
400,38,14310134001,6
400,39,14310134001,4
400,40,14361118001,4
401,1,11051044001,4
401,2,11051044001,3
401,3,12005093005,4
401,4,12100027001,5
401,5,12100027001,5
401,6,12100027001,5
401,7,12100027001,5
401,8,12100027001,5
401,9,12100027001,2
401,10,14002040001,4
401,11,14104151001,3
401,12,14104151001,3
401,13,14104151001,3
401,14,14104151001,3
401,15,14311118001,3
401,16,14311118001,3
401,17,14364197001,1
401,18,14502014001,4
401,19,14502014001,4
401,20,14502014001,4
401,21,14502014001,4
401,22,14502014001,4
401,23,14502014001,4
401,24,14502014001,4
401,25,14502014001,4
401,26,14502014001,4
401,27,14502014001,4
401,28,14502014001,4
401,29,14502014001,4
401,30,14502014001,4
401,31,14502014001,4
401,32,14502014001,4
401,33,14502014001,4
401,34,14502014001,4
401,35,14502014001,4
401,36,14502014001,4
401,37,14502014001,4
401,38,14502014001,4
401,39,14502014001,4
401,40,14502014001,1
402,1,11061049001,4
402,2,11061049001,2
402,3,12005082010,2
402,4,14000023001,5
402,5,14000023001,5
402,6,14000023001,5
402,7,14000023001,5
402,8,14000023001,5
402,9,14000023001,5
402,10,14000023001,5
402,11,14000023001,5
402,12,14000023001,5
402,13,14003005001,1
402,14,14102026001,5
402,15,14102026001,5
402,16,14102026001,5
402,17,14102026001,1
402,18,14310020001,5
402,19,14310020001,2
402,20,14361115001,3
402,21,14500005001,9
402,22,14500005001,9
402,23,14500005001,9
402,24,14500005001,9
402,25,14500005001,9
402,26,14500005001,9
402,27,14500005001,6
402,28,14615133001,7
402,29,14615133001,7
402,30,14615133001,7
402,31,14615133001,7
402,32,14615133001,7
402,33,14615133001,7
402,34,14615133001,7
402,35,14615133001,7
402,36,14615133001,7
402,37,14615133001,7
402,38,14615133001,7
402,39,14615133001,7
402,40,14615133001,2
403,1,14505014001,7
403,2,14505014001,7
403,3,14505014001,7
403,4,14505014001,7
403,5,14505014001,7
403,6,14505014001,7
403,7,14505014001,7
403,8,14505014001,7
403,9,14505014001,7
403,10,14505014001,7
403,11,14505014001,7
403,12,14505014001,7
403,13,14505014001,7
403,14,14505014001,7
403,15,14505014001,7
403,16,14505014001,7
403,17,14505014001,7
403,18,14505014001,7
403,19,14505014001,7
403,20,14505014001,7
403,21,14505014001,7
403,22,14505014001,7
403,23,14505014001,7
403,24,14505014001,7
403,25,14505014001,7
403,26,14505014001,7
403,27,14505014001,7
403,28,14505014001,7
403,29,14505014001,7
403,30,14505014001,7
403,31,14505014001,7
403,32,14505014001,7
403,33,14505014001,7
403,34,14505014001,7
403,35,14505014001,7
403,36,14505014001,7
403,37,14505014001,7
403,38,14505014001,7
403,39,14505014001,7
403,40,14505014001,7
404,1,11050131001,5
404,2,11050131001,3
404,3,12010034001,11
404,4,14010140001,7
404,5,14110081001,6
404,6,14110081001,6
404,7,14110081001,6
404,8,14110081001,4
404,9,14311041001,7
404,10,14311041001,6
404,11,14311262001,9
404,12,14311262001,9
404,13,14311262001,9
404,14,14311262001,9
404,15,14311262001,9
404,16,14311262001,8
404,17,14361157001,3
404,18,14501005001,13
404,19,14501005001,13
404,20,14501005001,13
404,21,14501005001,13
404,22,14501005001,13
404,23,14501005001,13
404,24,14501005001,9
404,25,14504012001,6
404,26,14504012001,6
404,27,14504012001,6
404,28,14504012001,6
404,29,14504012001,6
404,30,14504012001,6
404,31,14504012001,6
404,32,14504012001,6
404,33,14504012001,6
404,34,14504012001,6
404,35,14504012001,6
404,36,14504012001,6
404,37,14504012001,3
405,1,14501045001,4
405,2,14501045001,4
405,3,14501045001,4
405,4,14501045001,4
405,5,14501045001,4
405,6,14501045001,4
405,7,14501045001,4
405,8,14501045001,4
405,9,14501045001,4
405,10,14501045001,4
405,11,14501045001,4
405,12,14501045001,4
405,13,14501045001,4
405,14,14501045001,4
405,15,14501045001,4
405,16,14501045001,4
405,17,14501045001,4
405,18,14501045001,4
405,19,14501045001,4
405,20,14501045001,4
405,21,14501045001,4
405,22,14501045001,4
405,23,14501045001,4
405,24,14501045001,4
405,25,14501045001,4
405,26,14501045001,4
405,27,14501045001,4
405,28,14501045001,4
405,29,14501045001,4
405,30,14501045001,4
405,31,14501045001,4
405,32,14501045001,4
405,33,14501045001,4
405,34,14501045001,4
405,35,14501045001,4
405,36,14501045001,4
405,37,14501045001,4
405,38,14501045001,4
405,39,14501045001,4
405,40,14501045001,4
406,1,11062015001,6
406,2,11062015001,4
406,3,12010040001,6
406,4,14002026001,2
406,5,14022118001,2
406,6,14022118001,2
406,7,14022118001,2
406,8,14022118001,2
406,9,14311134001,2
406,10,14311134001,2
406,11,14361899001,3
406,12,14502111001,12
406,13,14502111001,12
406,14,14502111001,12
406,15,14502111001,12
406,16,14502111001,12
406,17,14502111001,12
406,18,14502111001,3
406,19,14505014001,7
406,20,14505014001,7
406,21,14505014001,7
406,22,14505014001,7
406,23,14505014001,7
406,24,14505014001,7
406,25,14505014001,7
406,26,14505014001,7
406,27,14505014001,7
406,28,14505014001,7
406,29,14505014001,7
406,30,14505014001,7
406,31,14505014001,7
406,32,14505014001,7
406,33,14505014001,7
406,34,14505014001,7
406,35,14505014001,7
406,36,14505014001,7
406,37,14505014001,7
406,38,14505014001,7
406,39,14505014001,7
406,40,14505014001,2
407,1,11070050001,6
407,2,11070050001,4
407,3,12010023001,6
407,4,12100039001,5
407,5,12100039001,5
407,6,12100039001,5
407,7,12100039001,5
407,8,12100039001,5
407,9,12100039001,1
407,10,14010047001,5
407,11,14023127001,7
407,12,14023127001,7
407,13,14023127001,7
407,14,14023127001,7
407,15,14311898001,9
407,16,14311898001,1
407,17,14361146001,2
407,18,14501045001,4
407,19,14501045001,4
407,20,14501045001,4
407,21,14501045001,4
407,22,14501045001,4
407,23,14501045001,4
407,24,14501045001,4
407,25,14501045001,4
407,26,14501045001,4
407,27,14501045001,4
407,28,14501045001,4
407,29,14501045001,4
407,30,14501045001,4
407,31,14501045001,4
407,32,14501045001,4
407,33,14501045001,4
407,34,14501045001,4
407,35,14501045001,4
407,36,14501045001,4
407,37,14501045001,4
407,38,14501045001,4
407,39,14501045001,4
407,40,14501045001,1
408,1,10002008001,13
408,2,10002008001,13
408,3,10002008001,13
408,4,10002008001,13
408,5,10002008001,13
408,6,10002008001,13
408,7,10002008001,13
408,8,10002008001,13
408,9,10002008001,13
408,10,10002008001,13
408,11,10002008001,13
408,12,10002008001,13
408,13,10002008001,13
408,14,10002008001,13
408,15,10002008001,13
408,16,10002008001,13
408,17,10002008001,13
408,18,10002008001,13
408,19,10002008001,13
408,20,10002008001,13
408,21,10002008001,13
408,22,10002008001,13
408,23,10002008001,13
408,24,10002008001,13
408,25,10002008001,13
408,26,10002008001,13
408,27,10002008001,13
408,28,10002008001,13
408,29,10002008001,13
408,30,10002008001,13
408,31,10002008001,13
408,32,10002008001,13
408,33,10002008001,13
408,34,10002008001,13
408,35,10002008001,13
408,36,10002008001,13
408,37,10002008001,13
408,38,10002008001,13
408,39,10002008001,13
408,40,10002008001,13
409,1,10030007001,9
409,2,10030007001,9
409,3,10030007001,9
409,4,10030007001,9
409,5,10030007001,9
409,6,10030007001,9
409,7,10030007001,9
409,8,10030007001,9
409,9,10030007001,9
409,10,10030007001,9
409,11,10030007001,9
409,12,10030007001,9
409,13,10030007001,9
409,14,10030007001,9
409,15,10030007001,9
409,16,10030007001,9
409,17,10030007001,9
409,18,10030007001,9
409,19,10030007001,9
409,20,10030007001,9
409,21,10030007001,9
409,22,10030007001,9
409,23,10030007001,9
409,24,10030007001,9
409,25,10030007001,9
409,26,10030007001,9
409,27,10030007001,9
409,28,10030007001,9
409,29,10030007001,9
409,30,10030007001,9
409,31,10030007001,9
409,32,10030007001,9
409,33,10030007001,9
409,34,10030007001,9
409,35,10030007001,9
409,36,10030007001,9
409,37,10030007001,9
409,38,10030007001,9
409,39,10030007001,9
409,40,10030007001,9
410,1,14020926001,1
410,2,14020926001,1
410,3,14020926001,1
410,4,14020926001,1
410,5,14020926001,1
410,6,14020926001,1
410,7,14020926001,1
410,8,14020926001,1
410,9,14020926001,1
410,10,14020926001,1
410,11,14020926001,1
410,12,14020926001,1
410,13,14020926001,1
410,14,14020926001,1
410,15,14020926001,1
410,16,14020926001,1
410,17,14020926001,1
410,18,14020926001,1
410,19,14020926001,1
410,20,14020926001,1
410,21,14020926001,1
410,22,14020926001,1
410,23,14020926001,1
410,24,14020926001,1
410,25,14020926001,1
410,26,14020926001,1
410,27,14020926001,1
410,28,14020926001,1
410,29,14020926001,1
410,30,14020926001,1
410,31,14020926001,1
410,32,14020926001,1
410,33,14020926001,1
410,34,14020926001,1
410,35,14020926001,1
410,36,14020926001,1
410,37,14020926001,1
410,38,14020926001,1
410,39,14020926001,1
410,40,14020926001,1
411,1,11103256001,4
411,2,11103256001,4
411,3,11103256001,4
411,4,11103256001,4
411,5,11103256001,4
411,6,11103256001,4
411,7,11103256001,4
411,8,11103256001,4
411,9,11103256001,4
411,10,12001029001,1
411,11,12001071001,1
411,12,12001076001,1
411,13,12001077001,1
411,14,12010041001,13
411,15,14002027001,5
411,16,14100027001,2
411,17,14100027001,2
411,18,14100027001,2
411,19,14112016001,5
411,20,14112016001,5
411,21,14112016001,5
411,22,14112016001,5
411,23,14112016001,5
411,24,14112016001,5
411,25,14112016001,5
411,26,14112016001,5
411,27,14112016001,5
411,28,14112016001,1
411,29,14310139001,6
411,30,14310139001,6
411,31,14310139001,6
411,32,14310139001,6
411,33,14310139001,6
411,34,14310139001,6
411,35,14310139001,6
411,36,14310139001,6
411,37,14310139001,5
411,38,14311054001,3
411,39,14311054001,2
411,40,14364198001,1
412,1,10030007001,9
412,2,10030007001,9
412,3,10030007001,9
412,4,10030007001,9
412,5,10030007001,9
412,6,10030007001,9
412,7,10030007001,9
412,8,10030007001,9
412,9,10030007001,9
412,10,10030007001,9
412,11,10030007001,9
412,12,10030007001,9
412,13,10030007001,9
412,14,10030007001,9
412,15,10030007001,9
412,16,10030007001,9
412,17,10030007001,9
412,18,10030007001,9
412,19,10030007001,9
412,20,10030007001,9
412,21,10030007001,4
412,22,10034026001,6
412,23,10034026001,6
412,24,10034026001,6
412,25,10034026001,6
412,26,10034026001,6
412,27,10034026001,6
412,28,10034026001,6
412,29,10034026001,6
412,30,11070029001,5
412,31,11070029001,1
412,32,12010054001,3
412,33,14002046001,4
412,34,14100009001,3
412,35,14100009001,3
412,36,14100009001,3
412,37,14100009001,1
412,38,14311235001,6
412,39,14311235001,1
412,40,14370029001,4
413,1,14505013001,12
413,2,14505013001,12
413,3,14505013001,12
413,4,14505013001,12
413,5,14505013001,12
413,6,14505013001,12
413,7,14505013001,12
413,8,14505013001,12
413,9,14505013001,12
413,10,14505013001,12
413,11,14505013001,12
413,12,14505013001,12
413,13,14505013001,12
413,14,14505013001,12
413,15,14505013001,12
413,16,14505013001,12
413,17,14505013001,12
413,18,14505013001,12
413,19,14505013001,12
413,20,14505013001,12
413,21,14505013001,12
413,22,14505013001,12
413,23,14505013001,12
413,24,14505013001,12
413,25,14505013001,12
413,26,14505013001,12
413,27,14505013001,12
413,28,14505013001,12
413,29,14505013001,12
413,30,14505013001,12
413,31,14505013001,12
413,32,14505013001,12
413,33,14505013001,12
413,34,14505013001,12
413,35,14505013001,12
413,36,14505013001,12
413,37,14505013001,12
413,38,14505013001,12
413,39,14505013001,12
413,40,14505013001,12
414,1,10033053001,8
414,2,10033053001,8
414,3,10033053001,8
414,4,10033053001,8
414,5,10033053001,8
414,6,10033053001,8
414,7,10033053001,8
414,8,10033053001,8
414,9,11071001001,11
414,10,11071001001,1
414,11,12010055001,2
414,12,14010283001,3
414,13,14020926001,1
414,14,14020926001,1
414,15,14020926001,1
414,16,14020926001,1
414,17,14020926001,1
414,18,14020926001,1
414,19,14020926001,1
414,20,14020926001,1
414,21,14020926001,1
414,22,14020926001,1
414,23,14020926001,1
414,24,14020926001,1
414,25,14020926001,1
414,26,14020926001,1
414,27,14020926001,1
414,28,14020926001,1
414,29,14020926001,1
414,30,14020926001,1
414,31,14020926001,1
414,32,14020926001,1
414,33,14020926001,1
414,34,14111034001,2
414,35,14111034001,2
414,36,14111034001,2
414,37,14111034001,2
414,38,14311258001,3
414,39,14311258001,2
414,40,14361902001,2
415,1,10040020001,5
415,2,10040020001,5
415,3,10040020001,5
415,4,10040020001,5
415,5,10040020001,5
415,6,10040020001,5
415,7,10040020001,5
415,8,10040020001,5
415,9,10040020001,5
415,10,10040020001,5
415,11,10040020001,5
415,12,10040020001,5
415,13,10040020001,5
415,14,10040020001,5
415,15,10040020001,5
415,16,10040020001,5
415,17,10040020001,5
415,18,10040020001,5
415,19,10040020001,5
415,20,10040020001,5
415,21,10040020001,5
415,22,10040020001,5
415,23,10040020001,5
415,24,10040020001,5
415,25,10040020001,5
415,26,10040020001,5
415,27,10040020001,5
415,28,10040020001,5
415,29,10040020001,5
415,30,10040020001,5
415,31,10040020001,5
415,32,10040020001,5
415,33,10040020001,5
415,34,10040020001,5
415,35,10040020001,5
415,36,10040020001,5
415,37,10040020001,5
415,38,10040020001,5
415,39,10040020001,5
415,40,10040020001,5
416,1,11071035001,4
416,2,11071035001,2
416,3,12010067001,4
416,4,12123131001,1
416,5,12123131001,1
416,6,12123131001,1
416,7,12123131001,1
416,8,12123131001,1
416,9,12123131001,1
416,10,12123131001,1
416,11,12123131001,1
416,12,12123131001,1
416,13,14021109001,5
416,14,14111038001,3
416,15,14111038001,3
416,16,14111038001,3
416,17,14111038001,3
416,18,14312032001,7
416,19,14312032001,7
416,20,14370077001,2
416,21,14505013001,12
416,22,14505013001,12
416,23,14505013001,12
416,24,14505013001,12
416,25,14505013001,12
416,26,14505013001,12
416,27,14505013001,12
416,28,14505013001,12
416,29,14505013001,12
416,30,14505013001,12
416,31,14505013001,12
416,32,14505013001,12
416,33,14505013001,12
416,34,14505013001,12
416,35,14505013001,12
416,36,14505013001,12
416,37,14505013001,12
416,38,14505013001,12
416,39,14505013001,12
416,40,14505013001,12
417,1,10040001001,6
417,2,10040001001,6
417,3,10040001001,6
417,4,10040001001,6
417,5,10040001001,6
417,6,10040001001,6
417,7,10040001001,6
417,8,10040001001,6
417,9,11072036001,9
417,10,11072036001,1
417,11,12010068001,4
417,12,14010284001,4
417,13,14133028001,5
417,14,14133028001,5
417,15,14133028001,5
417,16,14133028001,3
417,17,14204070001,4
417,18,14204070001,4
417,19,14204070001,4
417,20,14204070001,4
417,21,14204070001,4
417,22,14204070001,1
417,23,14204073001,4
417,24,14204073001,4
417,25,14204073001,4
417,26,14204073001,4
417,27,14204073001,4
417,28,14204073001,1
417,29,14311270001,2
417,30,14311270001,1
417,31,14370044001,14
417,32,14370044001,14
417,33,14370044001,14
417,34,14370044001,11
417,35,14370045001,5
418,1,10031909001,9
418,2,10031909001,9
418,3,10031909001,9
418,4,10031909001,9
418,5,10031909001,9
418,6,10031909001,3
418,7,10034031001,10
418,8,10034031001,10
418,9,10034031001,10
418,10,10034031001,10
418,11,10034031001,8
418,12,11100011001,6
418,13,11100011001,2
418,14,11103011003,9
418,15,11103011003,9
418,16,11103011003,9
418,17,11103011003,9
418,18,11103011003,9
418,19,11103011003,8
418,20,12010053001,3
418,21,12122012001,3
418,22,12122012001,3
418,23,12122012001,3
418,24,12122012001,3
418,25,12122012001,3
418,26,12122012001,3
418,27,12122012001,3
418,28,12122012001,3
418,29,14010898001,1
418,30,14203003001,2
418,31,14203003001,2
418,32,14203003001,2
418,33,14203003001,2
418,34,14312999001,9
418,35,14312999001,4
418,36,14370048001,3
419,1,10012899001,6
419,2,10012899001,6
419,3,10012899001,6
419,4,10012899001,6
419,5,10012899001,6
419,6,10012899001,6
419,7,10012899001,6
419,8,10012899001,6
419,9,10012899001,6
419,10,10012899001,6
419,11,10012899001,6
419,12,10012899001,6
419,13,10012899001,6
419,14,10012899001,6
419,15,10012899001,6
419,16,10012899001,6
419,17,10012899001,6
419,18,10012899001,6
419,19,10012899001,6
419,20,10012899001,6
419,21,10012899001,6
419,22,10012899001,6
419,23,10012899001,6
419,24,10012899001,6
419,25,10012899001,6
419,26,10012899001,6
419,27,10012899001,6
419,28,10012899001,6
419,29,10012899001,6
419,30,10012899001,6
419,31,10012899001,6
419,32,10012899001,6
419,33,10012899001,6
419,34,10012899001,6
419,35,10012899001,6
419,36,10012899001,6
419,37,10012899001,6
419,38,10012899001,6
419,39,10012899001,6
419,40,10012899001,6
420,1,10002008001,13
420,2,10002008001,13
420,3,10002008001,13
420,4,10002008001,13
420,5,10002008001,13
420,6,10002008001,13
420,7,10002008001,13
420,8,10002008001,13
420,9,10002008001,13
420,10,10002008001,13
420,11,10002008001,13
420,12,10002008001,13
420,13,10002008001,13
420,14,10002008001,13
420,15,10002008001,13
420,16,10002008001,13
420,17,10002008001,13
420,18,10002008001,13
420,19,10002008001,13
420,20,10002008001,1
420,21,10020016001,6
420,22,10020016001,6
420,23,10020016001,6
420,24,10020016001,6
420,25,10020016001,6
420,26,10020016001,6
420,27,10020016001,6
420,28,10020016001,6
420,29,10020016001,4
420,30,11071034001,4
420,31,11071034001,3
420,32,12010065001,2
420,33,14011063001,2
420,34,14121059001,9
420,35,14121059001,9
420,36,14121059001,9
420,37,14121059001,9
420,38,14312070001,4
420,39,14312070001,4
420,40,14370076001,13
421,1,10041016001,7
421,2,10041016001,7
421,3,10041016001,7
421,4,10041016001,7
421,5,10041016001,7
421,6,10041016001,7
421,7,10041016001,7
421,8,10041016001,4
421,9,11100018001,6
421,10,11100018001,1
421,11,12010071001,3
421,12,12234029001,2
421,13,12234029001,2
421,14,12234029001,2
421,15,12234029001,2
421,16,12234029001,2
421,17,12234029001,2
421,18,12234029001,2
421,19,12234029001,1
421,20,14011065001,5
421,21,14121143001,9
421,22,14121143001,9
421,23,14121143001,9
421,24,14121143001,2
421,25,14315016001,6
421,26,14315016001,6
421,27,14412037001,6
421,28,14521158001,6
421,29,14521158001,6
421,30,14521158001,6
421,31,14521158001,6
421,32,14521158001,6
421,33,14521158001,6
421,34,14602120001,36
422,1,10021027001,13
422,2,10021027001,13
422,3,10021027001,13
422,4,10021027001,13
422,5,10021027001,13
422,6,10021027001,13
422,7,10021027001,13
422,8,10021027001,13
422,9,10021027001,13
422,10,10021027001,13
422,11,10021027001,13
422,12,10021027001,13
422,13,10021027001,13
422,14,10021027001,13
422,15,10021027001,13
422,16,10021027001,13
422,17,10021027001,13
422,18,10021027001,13
422,19,10021027001,13
422,20,10021027001,13
422,21,10021027001,13
422,22,10021027001,13
422,23,10021027001,13
422,24,10021027001,13
422,25,10021027001,13
422,26,10021027001,13
422,27,10021027001,13
422,28,10021027001,13
422,29,10021027001,13
422,30,10021027001,13
422,31,10021027001,13
422,32,10021027001,13
422,33,10021027001,13
422,34,10021027001,13
422,35,10021027001,13
422,36,10021027001,13
422,37,10021027001,13
422,38,10021027001,13
422,39,10021027001,13
422,40,10021027001,13
423,1,10012899001,6
423,2,10012899001,6
423,3,10012899001,6
423,4,10012899001,6
423,5,10012899001,6
423,6,10012899001,6
423,7,10012899001,6
423,8,10012899001,6
423,9,10012899001,6
423,10,10012899001,6
423,11,10012899001,6
423,12,10012899001,6
423,13,10012899001,6
423,14,10012899001,6
423,15,10012899001,6
423,16,10012899001,6
423,17,10012899001,6
423,18,10012899001,6
423,19,10012899001,6
423,20,10012899001,2
423,21,10040018001,8
423,22,10040018001,8
423,23,10040018001,8
423,24,10040018001,8
423,25,10040018001,8
423,26,10040018001,8
423,27,10040018001,8
423,28,10040018001,8
423,29,10040018001,8
423,30,11101055001,9
423,31,11101055001,3
423,32,12010079001,5
423,33,14013014001,7
423,34,14121164001,8
423,35,14121164001,8
423,36,14121164001,8
423,37,14121164001,6
423,38,14320008001,4
423,39,14320008001,2
423,40,14411001001,3
424,1,10002035001,7
424,2,10002035001,7
424,3,10002035001,7
424,4,10002035001,7
424,5,10002035001,7
424,6,10002035001,7
424,7,10002035001,7
424,8,10002035001,7
424,9,10002035001,7
424,10,10002035001,7
424,11,10002035001,7
424,12,10002035001,7
424,13,11103018001,5
424,14,11103018001,4
424,15,12010077001,6
424,16,12123085001,5
424,17,12123085001,5
424,18,12123085001,5
424,19,12123085001,5
424,20,12123085001,5
424,21,12123085001,5
424,22,12123085001,5
424,23,12123085001,4
424,24,14013006001,4
424,25,14013006001,4
424,26,14013006001,4
424,27,14013006001,4
424,28,14013006001,4
424,29,14013006001,4
424,30,14013006001,4
424,31,14013006001,4
424,32,14013006001,4
424,33,14013964001,1
424,34,14130042001,6
424,35,14130042001,6
424,36,14130042001,6
424,37,14130042001,4
424,38,14332013001,5
424,39,14332013001,1
424,40,14412060001,2
425,1,10001025001,13
425,2,10001025001,13
425,3,10001025001,13
425,4,10001025001,13
425,5,10001025001,13
425,6,10001025001,13
425,7,10001025001,13
425,8,10001025001,13
425,9,10001025001,13
425,10,10001025001,13
425,11,10001025001,13
425,12,10001025001,13
425,13,10001025001,13
425,14,10001025001,13
425,15,10001025001,13
425,16,10001025001,13
425,17,10001025001,13
425,18,10001025001,13
425,19,10001025001,13
425,20,10001025001,13
425,21,10001025001,13
425,22,10001025001,13
425,23,10001025001,13
425,24,10001025001,13
425,25,10001025001,13
425,26,10001025001,13
425,27,10001025001,13
425,28,10001025001,13
425,29,10001025001,13
425,30,10001025001,13
425,31,10001025001,13
425,32,10001025001,13
425,33,10001025001,13
425,34,10001025001,13
425,35,10001025001,13
425,36,10001025001,13
425,37,10001025001,13
425,38,10001025001,13
425,39,10001025001,13
425,40,10001025001,13
426,1,10021005001,10
426,2,10021005001,10
426,3,10021005001,10
426,4,10021005001,10
426,5,10021005001,10
426,6,10021005001,10
426,7,10021005001,10
426,8,10021005001,10
426,9,10021005001,10
426,10,10021005001,10
426,11,10021005001,10
426,12,10021005001,10
426,13,11100107001,6
426,14,11100107001,1
426,15,11103099001,5
426,16,11103099001,5
426,17,11103099001,5
426,18,11103099001,5
426,19,11103099001,5
426,20,11103099001,5
426,21,11103099001,5
426,22,11103099001,5
426,23,11103099001,5
426,24,12010084001,5
426,25,14001019001,2
426,26,14001019001,2
426,27,14001019001,2
426,28,14001019001,2
426,29,14001019001,2
426,30,14001019001,2
426,31,14001019001,2
426,32,14001019001,2
426,33,14020977001,7
426,34,14204054001,6
426,35,14204054001,6
426,36,14204054001,6
426,37,14204054001,3
426,38,14330003001,4
426,39,14330003001,1
426,40,14500051001,8
427,1,10021027001,13
427,2,10021027001,13
427,3,10021027001,13
427,4,10021027001,13
427,5,10021027001,13
427,6,10021027001,13
427,7,10021027001,13
427,8,10021027001,13
427,9,10021027001,13
427,10,10021027001,13
427,11,10021027001,13
427,12,10021027001,13
427,13,10021027001,13
427,14,10021027001,13
427,15,10021027001,13
427,16,10021027001,13
427,17,10021027001,13
427,18,10021027001,13
427,19,10021027001,13
427,20,10021027001,1
427,21,10035028001,28
427,22,10035028001,28
427,23,10035028001,28
427,24,10035028001,28
427,25,10035028001,28
427,26,10035028001,28
427,27,10035028001,28
427,28,10035028001,28
427,29,10035028001,22
427,30,11103008001,3
427,31,11103008001,1
427,32,12010107001,6
427,33,14022020001,4
427,34,14200006001,6
427,35,14200006001,6
427,36,14200006001,6
427,37,14200006001,1
427,38,14330004001,3
427,39,14330004001,2
427,40,14411015001,3
428,1,10001006001,11
428,2,10001006001,11
428,3,10001006001,11
428,4,10001006001,11
428,5,10001006001,11
428,6,10001006001,11
428,7,10001006001,11
428,8,10001006001,11
428,9,10001006001,11
428,10,10001006001,11
428,11,10001006001,11
428,12,10001006001,11
428,13,10001006001,11
428,14,10001006001,11
428,15,10001006001,11
428,16,10001006001,11
428,17,10001006001,11
428,18,10001006001,11
428,19,10001006001,11
428,20,10001006001,11
428,21,10001006001,11
428,22,10001006001,11
428,23,10001006001,11
428,24,10001006001,11
428,25,10001006001,11
428,26,10001006001,11
428,27,10001006001,11
428,28,10001006001,11
428,29,10001006001,11
428,30,10001006001,11
428,31,10001006001,11
428,32,10001006001,11
428,33,10001006001,11
428,34,10001006001,11
428,35,10001006001,11
428,36,10001006001,11
428,37,10001006001,11
428,38,10001006001,11
428,39,10001006001,11
428,40,10001006001,11
429,1,10020003001,13
429,2,10020003001,13
429,3,10020003001,13
429,4,10020003001,13
429,5,10020003001,13
429,6,10020003001,7
429,7,10020006001,13
429,8,10020006001,13
429,9,10020006001,13
429,10,10020006001,13
429,11,10020006001,13
429,12,10020006001,7
429,13,11103005001,7
429,14,11103005001,5
429,15,12010113001,2
429,16,12130010001,2
429,17,12130010001,2
429,18,12130010001,2
429,19,12130010001,2
429,20,12130010001,2
429,21,12130010001,2
429,22,12130010001,2
429,23,12130010001,2
429,24,14023019001,2
429,25,14200119001,4
429,26,14200119001,4
429,27,14200119001,4
429,28,14200119001,3
429,29,14310101001,5
429,30,14310101001,5
429,31,14310101001,5
429,32,14310101001,5
429,33,14310101001,5
429,34,14310101001,5
429,35,14310101001,5
429,36,14310101001,5
429,37,14310101001,5
429,38,14332014001,4
429,39,14332014001,4
429,40,14501007001,12
430,1,10002001001,13
430,2,10002001001,13
430,3,10002001001,13
430,4,10002001001,13
430,5,10002001001,13
430,6,10002001001,13
430,7,10002001001,13
430,8,10002001001,13
430,9,10002001001,13
430,10,10002001001,13
430,11,10002001001,13
430,12,10002001001,13
430,13,10002001001,13
430,14,10002001001,13
430,15,10002001001,13
430,16,10002001001,13
430,17,10002001001,13
430,18,10002001001,13
430,19,10002001001,13
430,20,10002001001,13
430,21,10002001001,13
430,22,10002001001,13
430,23,10002001001,13
430,24,10002001001,13
430,25,10002001001,13
430,26,10002001001,13
430,27,10002001001,13
430,28,10002001001,13
430,29,10002001001,13
430,30,10002001001,13
430,31,10002001001,13
430,32,10002001001,13
430,33,10002001001,13
430,34,10002001001,13
430,35,10002001001,13
430,36,10002001001,13
430,37,10002001001,13
430,38,10002001001,13
430,39,10002001001,13
430,40,10002001001,13
431,1,10002001001,13
431,2,10002001001,13
431,3,10002001001,13
431,4,10002001001,13
431,5,10002001001,13
431,6,10002001001,13
431,7,10002001001,13
431,8,10002001001,13
431,9,10002001001,13
431,10,10002001001,13
431,11,10002001001,13
431,12,10002001001,13
431,13,10002001001,13
431,14,10002001001,13
431,15,10002001001,13
431,16,10002001001,13
431,17,10002001001,13
431,18,10002001001,3
431,19,10010043001,36
431,20,10020037001,20
431,21,10020037001,16
431,22,12010123001,3
431,23,14023140001,2
431,24,14104030001,7
431,25,14104030001,7
431,26,14104030001,6
431,27,14132015001,5
431,28,14132015001,5
431,29,14132015001,5
431,30,14132015001,5
431,31,14132015001,5
431,32,14132015001,5
431,33,14132015001,5
431,34,14132015001,5
431,35,14132015001,5
431,36,14132015001,4
431,37,14331044001,3
431,38,14331044001,1
431,39,14413010001,2
432,1,10011016001,24
432,2,10011016001,24
432,3,10011016001,24
432,4,10011016001,24
432,5,10011016001,24
432,6,10011016001,24
432,7,10011016001,24
432,8,10011016001,24
432,9,10011016001,24
432,10,10011016001,24
432,11,10011016001,24
432,12,10011016001,18
432,13,11072019001,8
432,14,11072019001,8
432,15,11072019001,8
432,16,11072019001,8
432,17,11072019001,8
432,18,11072019001,8
432,19,11072019001,5
432,20,11103046001,6
432,21,11103046001,5
432,22,12010110001,11
432,23,14000040001,3
432,24,14000040001,3
432,25,14000040001,3
432,26,14000040001,3
432,27,14000040001,3
432,28,14000040001,3
432,29,14000040001,3
432,30,14000040001,2
432,31,14023212001,5
432,32,14204065001,6
432,33,14204065001,6
432,34,14204065001,6
432,35,14204065001,3
432,36,14351033001,3
432,37,14351033001,1
432,38,14501029001,12
433,1,10001006001,11
433,2,10001006001,11
433,3,10001006001,11
433,4,10001006001,11
433,5,10001006001,11
433,6,10001006001,11
433,7,10001006001,11
433,8,10001006001,11
433,9,10001006001,11
433,10,10001006001,11
433,11,10001006001,11
433,12,10001006001,11
433,13,10001006001,11
433,14,10001006001,11
433,15,10001006001,11
433,16,10001006001,11
433,17,10001006001,11
433,18,10001006001,3
433,19,11010035001,5
433,20,11103086002,5
433,21,11103321002,5
433,22,11112005001,5
433,23,12010153001,2
433,24,14101016001,6
433,25,14104193001,1
433,26,14104193001,1
433,27,14104193001,1
433,28,14203078001,2
433,29,14203078001,2
433,30,14203078001,2
433,31,14203078001,2
433,32,14203078001,2
433,33,14203078001,2
433,34,14203078001,2
433,35,14203078001,2
433,36,14203078001,2
433,37,14203078001,1
433,38,14353002001,7
433,39,14353002001,1
433,40,14502068001,2
434,1,10040020001,5
434,2,10040020001,5
434,3,10040020001,5
434,4,10040020001,5
434,5,10040020001,5
434,6,10040020001,5
434,7,10040020001,5
434,8,10040020001,5
434,9,10040020001,5
434,10,10040020001,5
434,11,10040020001,5
434,12,10040020001,5
434,13,10040020001,5
434,14,10040020001,5
434,15,10040020001,5
434,16,10040020001,1
434,17,11040011001,1
434,18,12010118001,2
434,19,12123128001,6
434,20,12123128001,6
434,21,14000014001,3
434,22,14000014001,3
434,23,14000014001,3
434,24,14000014001,3
434,25,14000014001,3
434,26,14000014001,3
434,27,14000014001,3
434,28,14000014001,3
434,29,14000014001,3
434,30,14000014001,1
434,31,14013002001,4
434,32,14013002001,4
434,33,14013002001,2
434,34,14023210001,8
434,35,14130015001,4
434,36,14130015001,4
434,37,14130015001,4
434,38,14130015001,4
434,39,14130015001,1
434,40,14503047001,3
435,1,14001090001,1
435,2,14001090001,1
435,3,14001090001,1
435,4,14001090001,1
435,5,14001090001,1
435,6,14001090001,1
435,7,14001090001,1
435,8,14001090001,1
435,9,14001090001,1
435,10,14001090001,1
435,11,14001090001,1
435,12,14001090001,1
435,13,14001090001,1
435,14,14001090001,1
435,15,14001090001,1
435,16,14001090001,1
435,17,14001090001,1
435,18,14001090001,1
435,19,14001090001,1
435,20,14001090001,1
435,21,14001090001,1
435,22,14001090001,1
435,23,14001090001,1
435,24,14001090001,1
435,25,14001090001,1
435,26,14001090001,1
435,27,14001090001,1
435,28,14001090001,1
435,29,14001090001,1
435,30,14001090001,1
435,31,14001090001,1
435,32,14001090001,1
435,33,14001090001,1
435,34,14001090001,1
435,35,14001090001,1
435,36,14001090001,1
435,37,14001090001,1
435,38,14001090001,1
435,39,14001090001,1
435,40,14001090001,1
436,1,10001025001,13
436,2,10001025001,13
436,3,10001025001,13
436,4,10001025001,13
436,5,10001025001,13
436,6,10001025001,13
436,7,10001025001,13
436,8,10001025001,13
436,9,10001025001,13
436,10,10001025001,13
436,11,10001025001,13
436,12,10001025001,13
436,13,10001025001,13
436,14,10001025001,13
436,15,10001025001,13
436,16,10001025001,5
436,17,11040023001,2
436,18,12010001001,5
436,19,12010001001,5
436,20,12010001001,5
436,21,12010001001,5
436,22,12010001001,5
436,23,12010001001,5
436,24,12010001001,5
436,25,12010001001,5
436,26,12010001001,5
436,27,12010001001,3
436,28,12010163001,4
436,29,12130111001,2
436,30,12130111001,1
436,31,14010151001,3
436,32,14010151001,3
436,33,14010151001,2
436,34,14100005001,5
436,35,14121074001,11
436,36,14121074001,11
436,37,14121074001,11
436,38,14121074001,11
436,39,14121074001,3
436,40,14505053001,2
437,1,14203017001,2
437,2,14203017001,2
437,3,14203017001,2
437,4,14203017001,2
437,5,14203017001,2
437,6,14203017001,2
437,7,14203017001,2
437,8,14203017001,2
437,9,14203017001,2
437,10,14203017001,2
437,11,14203017001,2
437,12,14203017001,2
437,13,14203017001,2
437,14,14203017001,2
437,15,14203017001,2
437,16,14203017001,2
437,17,14203017001,2
437,18,14203017001,2
437,19,14203017001,2
437,20,14203017001,2
437,21,14203017001,2
437,22,14203017001,2
437,23,14203017001,2
437,24,14203017001,2
437,25,14203017001,2
437,26,14203017001,2
437,27,14203017001,2
437,28,14203017001,2
437,29,14203017001,2
437,30,14203017001,2
437,31,14203017001,2
437,32,14203017001,2
437,33,14203017001,2
437,34,14203017001,2
437,35,14203017001,2
437,36,14203017001,2
437,37,14203017001,2
437,38,14203017001,2
437,39,14203017001,2
437,40,14203017001,2
438,1,10041004001,6
438,2,10041004001,6
438,3,10041004001,6
438,4,10041004001,6
438,5,10041004001,6
438,6,10041004001,6
438,7,10041004001,6
438,8,10041004001,6
438,9,10041004001,6
438,10,10041004001,6
438,11,10041004001,6
438,12,10041004001,6
438,13,10041004001,6
438,14,10041004001,6
438,15,10041004001,6
438,16,10041004001,6
438,17,10041004001,6
438,18,10041004001,6
438,19,10041004001,6
438,20,10041004001,6
438,21,10041004001,6
438,22,10041004001,6
438,23,10041004001,6
438,24,10041004001,6
438,25,10041004001,6
438,26,10041004001,6
438,27,10041004001,6
438,28,10041004001,6
438,29,10041004001,6
438,30,10041004001,6
438,31,10041004001,6
438,32,10041004001,6
438,33,10041004001,6
438,34,10041004001,6
438,35,10041004001,6
438,36,10041004001,6
438,37,10041004001,6
438,38,10041004001,6
438,39,10041004001,6
438,40,10041004001,6
439,1,10021021001,11
439,2,10021021001,11
439,3,10021021001,11
439,4,10021021001,11
439,5,10021021001,11
439,6,10021021001,11
439,7,10021021001,11
439,8,10021021001,11
439,9,10021021001,11
439,10,10021021001,11
439,11,10021021001,11
439,12,10021021001,7
439,13,11103052001,2
439,14,11103052001,2
439,15,12000149001,5
439,16,12000149001,5
439,17,12000149001,5
439,18,12000149001,5
439,19,12000149001,5
439,20,12000149001,5
439,21,12000149001,5
439,22,12000149001,5
439,23,12000149001,5
439,24,12010173001,2
439,25,14001066001,2
439,26,14001066001,2
439,27,14001066001,2
439,28,14001066001,2
439,29,14001066001,2
439,30,14001066001,2
439,31,14001066001,2
439,32,14001066001,2
439,33,14101017001,6
439,34,14222142001,6
439,35,14222142001,6
439,36,14222142001,6
439,37,14222142001,6
439,38,14332016001,4
439,39,14332016001,2
439,40,14501944001,4
440,1,11103054001,7
440,2,11103054001,3
440,3,12010145001,3
440,4,12106006001,3
440,5,12106006001,3
440,6,12106006001,2
440,7,12121023001,3
440,8,12121023001,3
440,9,12121023001,3
440,10,12121023001,3
440,11,12121023001,3
440,12,12121023001,3
440,13,12121023001,3
440,14,12121023001,3
440,15,12121023001,3
440,16,12121023001,3
440,17,14000123001,2
440,18,14000123001,2
440,19,14000123001,2
440,20,14000123001,2
440,21,14000123001,1
440,22,14001090001,1
440,23,14001090001,1
440,24,14001090001,1
440,25,14001090001,1
440,26,14001090001,1
440,27,14001090001,1
440,28,14001090001,1
440,29,14001090001,1
440,30,14001090001,1
440,31,14001090001,1
440,32,14001090001,1
440,33,14001090001,1
440,34,14001090001,1
440,35,14001090001,1
440,36,14001090001,1
440,37,14101021001,14
440,38,14344010001,6
440,39,14344010001,2
440,40,14502008001,12
441,1,11071909001,18
441,2,11074015001,13
441,3,11074015001,5
441,4,12010161001,3
441,5,14102007001,7
441,6,14104042001,9
441,7,14104042001,9
441,8,14104042001,6
441,9,14203017001,2
441,10,14203017001,2
441,11,14203017001,2
441,12,14203017001,2
441,13,14203017001,2
441,14,14203017001,2
441,15,14203017001,2
441,16,14203017001,2
441,17,14203017001,2
441,18,14203017001,2
441,19,14203017001,2
441,20,14203017001,2
441,21,14203017001,2
441,22,14203017001,2
441,23,14203017001,2
441,24,14203017001,2
441,25,14203017001,2
441,26,14203017001,1
441,27,14353013001,6
441,28,14353013001,5
441,29,14504056001,5
441,30,14600023001,7
441,31,14600023001,7
441,32,14600023001,7
441,33,14600023001,7
441,34,14600023001,7
441,35,14600023001,7
441,36,14600023001,7
441,37,14600023001,7
441,38,14600023001,7
441,39,14600023001,1
442,1,10014030001,5
442,2,10014030001,5
442,3,10014030001,5
442,4,10014030001,5
442,5,10014030001,5
442,6,10014030001,5
442,7,10014030001,5
442,8,10014030001,5
442,9,10014030001,5
442,10,10014030001,5
442,11,10014030001,5
442,12,10014030001,1
442,13,11102013001,11
442,14,11102013001,11
442,15,11102013001,11
442,16,11102013001,11
442,17,11102013001,9
442,18,11103058001,10
442,19,11103058001,2
442,20,12010171001,1
442,21,14101002001,2
442,22,14111020001,2
442,23,14111020001,2
442,24,14111020001,2
442,25,14111020001,2
442,26,14111020001,2
442,27,14111020001,2
442,28,14111020001,2
442,29,14111020001,2
442,30,14204071001,4
442,31,14204071001,4
442,32,14204071001,4
442,33,14204071001,4
442,34,14351024001,3
442,35,14351024001,2
442,36,14504076001,1
443,1,11022058001,11
443,2,11022058001,11
443,3,11022058001,10
443,4,11040035001,6
443,5,11040035001,6
443,6,11040035001,6
443,7,11040035001,6
443,8,11040035001,6
443,9,11040035001,2
443,10,11073899001,7
443,11,11073899001,7
443,12,11073899001,7
443,13,11073899001,7
443,14,11073899001,7
443,15,11073899001,7
443,16,11073899001,7
443,17,11073899001,4
443,18,11103035001,6
443,19,11103035001,2
443,20,12010172001,2
443,21,14011031001,6
443,22,14011031001,6
443,23,14011031001,6
443,24,14011031001,6
443,25,14011031001,6
443,26,14011031001,6
443,27,14011031001,6
443,28,14011031001,4
443,29,14102008001,4
443,30,14204126001,4
443,31,14204126001,4
443,32,14204126001,4
443,33,14204126001,4
443,34,14352069001,5
443,35,14352069001,3
443,36,14505043001,5
444,1,10030048001,9
444,2,10030048001,9
444,3,10030048001,9
444,4,10030048001,9
444,5,10030048001,9
444,6,10030048001,9
444,7,10030048001,9
444,8,10030048001,9
444,9,10030048001,9
444,10,10030048001,9
444,11,10030048001,9
444,12,10030048001,9
444,13,10030048001,9
444,14,10030048001,9
444,15,10030048001,9
444,16,10030048001,9
444,17,10030048001,9
444,18,10030048001,9
444,19,10030048001,9
444,20,10030048001,9
444,21,10030048001,9
444,22,10030048001,9
444,23,10030048001,9
444,24,10030048001,9
444,25,10030048001,9
444,26,10030048001,9
444,27,10030048001,9
444,28,10030048001,9
444,29,10030048001,9
444,30,10030048001,9
444,31,10030048001,9
444,32,10030048001,9
444,33,10030048001,9
444,34,10030048001,9
444,35,10030048001,9
444,36,10030048001,9
444,37,10030048001,9
444,38,10030048001,9
444,39,10030048001,9
444,40,10030048001,9
445,1,14023050001,1
445,2,14023050001,1
445,3,14023050001,1
445,4,14023050001,1
445,5,14023050001,1
445,6,14023050001,1
445,7,14023050001,1
445,8,14023050001,1
445,9,14023050001,1
445,10,14023050001,1
445,11,14023050001,1
445,12,14023050001,1
445,13,14023050001,1
445,14,14023050001,1
445,15,14023050001,1
445,16,14023050001,1
445,17,14023050001,1
445,18,14023050001,1
445,19,14023050001,1
445,20,14023050001,1
445,21,14023050001,1
445,22,14023050001,1
445,23,14023050001,1
445,24,14023050001,1
445,25,14023050001,1
445,26,14023050001,1
445,27,14023050001,1
445,28,14023050001,1
445,29,14023050001,1
445,30,14023050001,1
445,31,14023050001,1
445,32,14023050001,1
445,33,14023050001,1
445,34,14023050001,1
445,35,14023050001,1
445,36,14023050001,1
445,37,14023050001,1
445,38,14023050001,1
445,39,14023050001,1
445,40,14023050001,1
446,1,10030048001,9
446,2,10030048001,9
446,3,10030048001,9
446,4,10030048001,9
446,5,10030048001,9
446,6,10030048001,9
446,7,10030048001,9
446,8,10030048001,9
446,9,10030048001,9
446,10,10030048001,9
446,11,10030048001,9
446,12,10030048001,9
446,13,10030048001,9
446,14,10030048001,7
446,15,10040025001,10
446,16,10040025001,10
446,17,10040025001,10
446,18,10040025001,10
446,19,10040025001,10
446,20,10040025001,10
446,21,10040025001,10
446,22,10040025001,10
446,23,10040025001,10
446,24,10040025001,8
446,25,11103069001,6
446,26,11103069001,1
446,27,12010228001,4
446,28,12123068001,3
446,29,12123068001,3
446,30,12123068001,2
446,31,14102025001,3
446,32,14360007001,3
446,33,14360007001,2
446,34,14505035001,2
446,35,14601004001,4
446,36,14601004001,4
446,37,14601004001,4
446,38,14601004001,4
446,39,14601004001,4
446,40,14601004001,4
447,1,11103068001,2
447,2,11103068001,2
447,3,12010243001,1
447,4,12130031001,2
447,5,12130031001,2
447,6,12130031001,1
447,7,14000027001,6
447,8,14000027001,6
447,9,14000027001,6
447,10,14000027001,6
447,11,14000027001,2
447,12,14001052001,6
447,13,14001052001,6
447,14,14001052001,6
447,15,14001052001,6
447,16,14001052001,6
447,17,14001052001,6
447,18,14001052001,6
447,19,14001052001,6
447,20,14001052001,6
447,21,14001052001,6
447,22,14023050001,1
447,23,14023050001,1
447,24,14023050001,1
447,25,14023050001,1
447,26,14023050001,1
447,27,14023050001,1
447,28,14023050001,1
447,29,14023050001,1
447,30,14023050001,1
447,31,14023050001,1
447,32,14023050001,1
447,33,14023050001,1
447,34,14023050001,1
447,35,14023050001,1
447,36,14023050001,1
447,37,14103084001,2
447,38,14353900001,5
447,39,14353900001,1
447,40,14505039001,3
448,1,10033028001,5
448,2,10033028001,5
448,3,10033028001,5
448,4,10033028001,5
448,5,10033028001,5
448,6,10033028001,5
448,7,10033028001,5
448,8,10033028001,5
448,9,10033028001,5
448,10,10033028001,5
448,11,10033028001,5
448,12,10033028001,5
448,13,10033028001,5
448,14,10033028001,5
448,15,10033028001,5
448,16,10033028001,5
448,17,10033028001,5
448,18,10033028001,5
448,19,10033028001,5
448,20,10033028001,5
448,21,10033028001,5
448,22,10033028001,5
448,23,10033028001,5
448,24,10033028001,5
448,25,10033028001,5
448,26,10033028001,5
448,27,10033028001,5
448,28,10033028001,5
448,29,10033028001,5
448,30,10033028001,5
448,31,10033028001,5
448,32,10033028001,5
448,33,10033028001,5
448,34,10033028001,5
448,35,10033028001,5
448,36,10033028001,5
448,37,10033028001,5
448,38,10033028001,5
448,39,10033028001,5
448,40,10033028001,5
449,1,10041004001,6
449,2,10041004001,6
449,3,10041004001,6
449,4,10041004001,6
449,5,10041004001,6
449,6,10041004001,6
449,7,10041004001,6
449,8,10041004001,6
449,9,10041004001,6
449,10,10041004001,6
449,11,10041004001,6
449,12,10041004001,6
449,13,10041004001,6
449,14,10041004001,6
449,15,10041004001,6
449,16,10041004001,6
449,17,10041004001,6
449,18,10041004001,6
449,19,11030128001,12
449,20,11103002001,9
449,21,11103002001,3
449,22,12011044001,2
449,23,14104088001,2
449,24,14110006001,6
449,25,14110006001,6
449,26,14110006001,3
449,27,14360022001,7
449,28,14360022001,1
449,29,14505046001,12
449,30,14506171001,2
449,31,14506171001,2
449,32,14506171001,2
449,33,14506171001,2
449,34,14506171001,2
449,35,14506171001,2
449,36,14506171001,2
449,37,14506171001,2
449,38,14506171001,2
449,39,14506171001,2
450,1,10011003001,31
450,2,10011003001,31
450,3,10011003001,31
450,4,10011003001,31
450,5,10011003001,31
450,6,10011003001,31
450,7,10011003001,31
450,8,10011003001,31
450,9,10011003001,31
450,10,10011003001,27
450,11,10033028001,5
450,12,10033028001,5
450,13,10033028001,5
450,14,10033028001,5
450,15,10033028001,5
450,16,10033028001,5
450,17,10033028001,5
450,18,10033028001,5
450,19,10033028001,5
450,20,10033028001,5
450,21,10033028001,5
450,22,10033028001,1
450,23,11103074001,5
450,24,11103074001,1
450,25,12010192001,4
450,26,14102223001,12
450,27,14223039001,5
450,28,14223039001,5
450,29,14223039001,5
450,30,14223039001,3
450,31,14361041001,4
450,32,14361041001,4
450,33,14502022001,15
450,34,14502022001,15
450,35,14502022001,15
450,36,14502022001,15
450,37,14502022001,15
450,38,14502022001,15
450,39,14502022001,9
450,40,14506049001,10
451,1,14501063001,7
451,2,14501063001,7
451,3,14501063001,7
451,4,14501063001,7
451,5,14501063001,7
451,6,14501063001,7
451,7,14501063001,7
451,8,14501063001,7
451,9,14501063001,7
451,10,14501063001,7
451,11,14501063001,7
451,12,14501063001,7
451,13,14501063001,7
451,14,14501063001,7
451,15,14501063001,7
451,16,14501063001,7
451,17,14501063001,7
451,18,14501063001,7
451,19,14501063001,7
451,20,14501063001,7
451,21,14501063001,7
451,22,14501063001,7
451,23,14501063001,7
451,24,14501063001,7
451,25,14501063001,7
451,26,14501063001,7
451,27,14501063001,7
451,28,14501063001,7
451,29,14501063001,7
451,30,14501063001,7
451,31,14501063001,7
451,32,14501063001,7
451,33,14501063001,7
451,34,14501063001,7
451,35,14501063001,7
451,36,14501063001,7
451,37,14501063001,7
451,38,14501063001,7
451,39,14501063001,7
451,40,14501063001,7
452,1,10021017001,5
452,2,10021017001,5
452,3,10021017001,5
452,4,10021017001,5
452,5,10021017001,5
452,6,10021017001,5
452,7,10021017001,5
452,8,10021017001,5
452,9,10021017001,5
452,10,10021017001,5
452,11,10021017001,5
452,12,10021017001,5
452,13,10021017001,5
452,14,10021017001,5
452,15,10021017001,5
452,16,10021017001,5
452,17,10021017001,5
452,18,10021017001,5
452,19,10021017001,5
452,20,10021017001,5
452,21,10021017001,5
452,22,10021017001,5
452,23,10021017001,5
452,24,10021017001,5
452,25,10021017001,5
452,26,10021017001,5
452,27,10021017001,5
452,28,10021017001,5
452,29,10021017001,5
452,30,10021017001,5
452,31,10021017001,5
452,32,10021017001,5
452,33,10021017001,5
452,34,10021017001,5
452,35,10021017001,5
452,36,10021017001,5
452,37,10021017001,5
452,38,10021017001,5
452,39,10021017001,5
452,40,10021017001,5
453,1,10032006001,28
453,2,10032006001,28
453,3,10032006001,28
453,4,10032006001,28
453,5,10032006001,28
453,6,10032006001,28
453,7,10032006001,28
453,8,10032006001,28
453,9,10032006001,28
453,10,10032006001,28
453,11,10032006001,28
453,12,10032006001,28
453,13,10032006001,28
453,14,10032006001,28
453,15,10032006001,28
453,16,10032006001,28
453,17,10032006001,28
453,18,10032006001,28
453,19,10032006001,28
453,20,10032006001,28
453,21,10032006001,28
453,22,10032006001,28
453,23,10032006001,28
453,24,10032006001,28
453,25,10032006001,28
453,26,10032006001,28
453,27,10032006001,28
453,28,10032006001,28
453,29,10032006001,28
453,30,10032006001,28
453,31,10032006001,28
453,32,10032006001,28
453,33,10032006001,28
453,34,10032006001,28
453,35,10032006001,28
453,36,10032006001,28
453,37,10032006001,28
453,38,10032006001,28
453,39,10032006001,28
453,40,10032006001,28
454,1,10010004001,28
454,2,10010004001,28
454,3,10010004001,28
454,4,10010004001,28
454,5,10010004001,28
454,6,10010004001,28
454,7,10010004001,28
454,8,10010004001,28
454,9,10010004001,28
454,10,10010004001,28
454,11,10010004001,28
454,12,10010004001,28
454,13,10010004001,28
454,14,10010004001,28
454,15,10010004001,28
454,16,10010004001,28
454,17,10010004001,28
454,18,10010004001,28
454,19,10010004001,28
454,20,10010004001,28
454,21,10010004001,28
454,22,10010004001,28
454,23,10010004001,28
454,24,10010004001,28
454,25,10010004001,28
454,26,10010004001,28
454,27,10010004001,28
454,28,10010004001,28
454,29,10010004001,28
454,30,10010004001,28
454,31,10010004001,28
454,32,10010004001,28
454,33,10010004001,28
454,34,10010004001,28
454,35,10010004001,28
454,36,10010004001,28
454,37,10010004001,28
454,38,10010004001,28
454,39,10010004001,28
454,40,10010004001,28
455,1,10010004001,28
455,2,10010004001,28
455,3,10010004001,28
455,4,10010004001,28
455,5,10010004001,28
455,6,10010004001,28
455,7,10010004001,28
455,8,10010004001,28
455,9,10010004001,28
455,10,10010004001,28
455,11,10010004001,28
455,12,10010004001,28
455,13,10010004001,26
455,14,10016015001,28
455,15,10016015001,28
455,16,10016015001,28
455,17,10016015001,28
455,18,10016015001,28
455,19,10016015001,28
455,20,10016015001,28
455,21,10016015001,28
455,22,10016015001,28
455,23,10016015001,12
455,24,11103088001,3
455,25,11103088001,2
455,26,12011022001,7
455,27,14001030001,3
455,28,14001030001,3
455,29,14001030001,3
455,30,14001030001,3
455,31,14001030001,3
455,32,14001030001,3
455,33,14104148001,7
455,34,14226005001,7
455,35,14226005001,7
455,36,14226005001,7
455,37,14226005001,2
455,38,14361007001,4
455,39,14361007001,1
455,40,14506065001,21
456,1,14505041001,15
456,2,14505041001,15
456,3,14505041001,15
456,4,14505041001,15
456,5,14505041001,15
456,6,14505041001,15
456,7,14505041001,15
456,8,14505041001,15
456,9,14505041001,15
456,10,14505041001,15
456,11,14505041001,15
456,12,14505041001,15
456,13,14505041001,15
456,14,14505041001,15
456,15,14505041001,15
456,16,14505041001,15
456,17,14505041001,15
456,18,14505041001,15
456,19,14505041001,15
456,20,14505041001,15
456,21,14505041001,15
456,22,14505041001,15
456,23,14505041001,15
456,24,14505041001,15
456,25,14505041001,15
456,26,14505041001,15
456,27,14505041001,15
456,28,14505041001,15
456,29,14505041001,15
456,30,14505041001,15
456,31,14505041001,15
456,32,14505041001,15
456,33,14505041001,15
456,34,14505041001,15
456,35,14505041001,15
456,36,14505041001,15
456,37,14505041001,15
456,38,14505041001,15
456,39,14505041001,15
456,40,14505041001,15
457,1,10031911001,22
457,2,10031911001,22
457,3,10031911001,22
457,4,10031911001,22
457,5,10031911001,22
457,6,10031911001,22
457,7,10031911001,22
457,8,10031911001,22
457,9,10031911001,22
457,10,10031911001,18
457,11,11103106001,7
457,12,11103106001,2
457,13,12011068001,5
457,14,12201112001,5
457,15,12201112001,5
457,16,12201112001,2
457,17,14104060001,4
457,18,14361014001,4
457,19,14361014001,4
457,20,14505041001,15
457,21,14505041001,15
457,22,14505041001,15
457,23,14505041001,15
457,24,14505041001,15
457,25,14505041001,15
457,26,14505041001,15
457,27,14505041001,15
457,28,14505041001,15
457,29,14505041001,15
457,30,14505041001,15
457,31,14505041001,15
457,32,14505041001,15
457,33,14505041001,5
457,34,14506057001,10
457,35,14613904001,5
457,36,14613904001,5
457,37,14613904001,5
457,38,14613904001,5
457,39,14613904001,5
457,40,14613904001,4
458,1,10020007001,13
458,2,10020007001,13
458,3,10020007001,13
458,4,10020007001,13
458,5,10020007001,13
458,6,10020007001,13
458,7,10020007001,13
458,8,10020007001,13
458,9,10020007001,13
458,10,10020007001,13
458,11,10020007001,13
458,12,10020007001,13
458,13,10020007001,13
458,14,10020007001,13
458,15,10020007001,13
458,16,10020007001,13
458,17,10020007001,13
458,18,10020007001,13
458,19,10020007001,13
458,20,10020007001,13
458,21,10020007001,13
458,22,10020007001,13
458,23,10020007001,13
458,24,10020007001,13
458,25,10020007001,13
458,26,10020007001,13
458,27,10020007001,13
458,28,10020007001,13
458,29,10020007001,13
458,30,10020007001,13
458,31,10020007001,13
458,32,10020007001,13
458,33,10020007001,13
458,34,10020007001,13
458,35,10020007001,13
458,36,10020007001,13
458,37,10020007001,13
458,38,10020007001,13
458,39,10020007001,13
458,40,10020007001,13
459,1,11103100001,5
459,2,11103100001,3
459,3,12010037001,9
459,4,12010037001,9
459,5,12010037001,9
459,6,12010037001,9
459,7,12010037001,9
459,8,12010037001,3
459,9,12011051001,4
459,10,12102107001,37
459,11,12102107001,11
459,12,12344036001,53
459,13,14014013001,3
459,14,14014013001,3
459,15,14014013001,3
459,16,14014013001,3
459,17,14014013001,3
459,18,14014013001,3
459,19,14014013001,3
459,20,14014013001,3
459,21,14104108001,14
459,22,14300025001,2
459,23,14300025001,2
459,24,14300025001,2
459,25,14300025001,1
459,26,14361083001,5
459,27,14361083001,2
459,28,14506159001,4
460,1,10021017001,5
460,2,10021017001,5
460,3,10021017001,5
460,4,10021017001,5
460,5,10021017001,5
460,6,10021017001,5
460,7,10021017001,5
460,8,10021017001,5
460,9,10021017001,5
460,10,10021017001,5
460,11,10021017001,5
460,12,10021017001,1
460,13,11103322001,6
460,14,11103322001,2
460,15,12011042001,3
460,16,12123013001,3
460,17,12123013001,3
460,18,12123013001,3
460,19,12123013001,3
460,20,12123013001,3
460,21,12123013001,3
460,22,14104162001,4
460,23,14223094001,7
460,24,14223094001,7
460,25,14223094001,7
460,26,14223094001,7
460,27,14361120001,4
460,28,14361120001,3
460,29,14504008001,12
460,30,14504008001,12
460,31,14504008001,12
460,32,14504008001,12
460,33,14504008001,12
460,34,14504008001,12
460,35,14504008001,12
460,36,14504008001,12
460,37,14504008001,12
460,38,14504008001,12
460,39,14504008001,5
460,40,14506074001,4
461,1,10020011001,26
461,2,10020011001,26
461,3,10020011001,26
461,4,10020011001,26
461,5,10020011001,26
461,6,10020011001,26
461,7,10020011001,26
461,8,10020011001,26
461,9,10020011001,26
461,10,10020011001,6
461,11,11103112001,4
461,12,11103112001,4
461,13,12011005001,6
461,14,14104117001,3
461,15,14226020001,3
461,16,14226020001,3
461,17,14226020001,3
461,18,14226020001,1
461,19,14361074001,4
461,20,14361074001,1
461,21,14501063001,7
461,22,14501063001,7
461,23,14501063001,7
461,24,14501063001,7
461,25,14501063001,7
461,26,14501063001,7
461,27,14501063001,7
461,28,14501063001,7
461,29,14501063001,7
461,30,14501063001,7
461,31,14501063001,7
461,32,14501063001,6
461,33,14505048001,12
461,34,14505048001,12
461,35,14505048001,12
461,36,14505048001,12
461,37,14505048001,12
461,38,14505048001,12
461,39,14505048001,8
461,40,14506103001,7
462,1,10020007001,13
462,2,10020007001,13
462,3,10020007001,13
462,4,10020007001,13
462,5,10020007001,13
462,6,10020007001,13
462,7,10020007001,13
462,8,10020007001,13
462,9,10020007001,13
462,10,10020007001,13
462,11,10020007001,13
462,12,10020007001,9
462,13,10022030001,19
462,14,10022030001,19
462,15,10022030001,19
462,16,10022030001,19
462,17,10022030001,19
462,18,10022030001,19
462,19,10022030001,19
462,20,10022030001,19
462,21,10022030001,19
462,22,10022030001,3
462,23,11110013001,5
462,24,11110013001,1
462,25,12011061001,1
462,26,14104098001,4
462,27,14302006001,3
462,28,14302006001,3
462,29,14302006001,3
462,30,14302006001,3
462,31,14361054001,4
462,32,14361054001,1
462,33,14502020001,13
462,34,14502020001,13
462,35,14502020001,13
462,36,14502020001,13
462,37,14502020001,13
462,38,14502020001,13
462,39,14502020001,12
462,40,14506066001,7
463,1,14503019001,5
463,2,14503019001,5
463,3,14503019001,5
463,4,14503019001,5
463,5,14503019001,5
463,6,14503019001,5
463,7,14503019001,5
463,8,14503019001,5
463,9,14503019001,5
463,10,14503019001,5
463,11,14503019001,5
463,12,14503019001,5
463,13,14503019001,5
463,14,14503019001,5
463,15,14503019001,5
463,16,14503019001,5
463,17,14503019001,5
463,18,14503019001,5
463,19,14503019001,5
463,20,14503019001,5
463,21,14503019001,5
463,22,14503019001,5
463,23,14503019001,5
463,24,14503019001,5
463,25,14503019001,5
463,26,14503019001,5
463,27,14503019001,5
463,28,14503019001,5
463,29,14503019001,5
463,30,14503019001,5
463,31,14503019001,5
463,32,14503019001,5
463,33,14503019001,5
463,34,14503019001,5
463,35,14503019001,5
463,36,14503019001,5
463,37,14503019001,5
463,38,14503019001,5
463,39,14503019001,5
463,40,14503019001,5
464,1,10014051001,20
464,2,10014051001,20
464,3,10014051001,20
464,4,10014051001,20
464,5,10014051001,20
464,6,10014051001,20
464,7,10014051001,20
464,8,10014051001,20
464,9,10014051001,20
464,10,10014051001,20
464,11,10014051001,20
464,12,10014051001,20
464,13,11103132001,5
464,14,11103132001,1
464,15,12011062001,2
464,16,12020166001,16
464,17,12020166001,16
464,18,12020166001,16
464,19,12020166001,5
464,20,14021005001,7
464,21,14021005001,7
464,22,14021005001,7
464,23,14021005001,7
464,24,14021005001,7
464,25,14021005001,7
464,26,14021005001,7
464,27,14021005001,2
464,28,14110011001,4
464,29,14301023001,2
464,30,14301023001,2
464,31,14301023001,2
464,32,14301023001,1
464,33,14361093001,5
464,34,14361093001,2
464,35,14506111001,2
465,1,14010071001,1
465,2,14010071001,1
465,3,14010071001,1
465,4,14010071001,1
465,5,14010071001,1
465,6,14010071001,1
465,7,14010071001,1
465,8,14010071001,1
465,9,14010071001,1
465,10,14010071001,1
465,11,14010071001,1
465,12,14010071001,1
465,13,14010071001,1
465,14,14010071001,1
465,15,14010071001,1
465,16,14010071001,1
465,17,14010071001,1
465,18,14010071001,1
465,19,14010071001,1
465,20,14010071001,1
465,21,14010071001,1
465,22,14010071001,1
465,23,14010071001,1
465,24,14010071001,1
465,25,14010071001,1
465,26,14010071001,1
465,27,14010071001,1
465,28,14010071001,1
465,29,14010071001,1
465,30,14010071001,1
465,31,14010071001,1
465,32,14010071001,1
465,33,14010071001,1
465,34,14010071001,1
465,35,14010071001,1
465,36,14010071001,1
465,37,14010071001,1
465,38,14010071001,1
465,39,14010071001,1
465,40,14010071001,1
466,1,10030015001,5
466,2,10030015001,5
466,3,10030015001,5
466,4,10030015001,5
466,5,10030015001,5
466,6,10030015001,5
466,7,10030015001,5
466,8,10030015001,5
466,9,10030015001,5
466,10,10030015001,5
466,11,10030015001,5
466,12,10030015001,5
466,13,11103135001,5
466,14,11103135001,3
466,15,12011069001,5
466,16,12023199001,41
466,17,12023199001,12
466,18,14110002001,5
466,19,14121062001,4
466,20,14121062001,4
466,21,14121062001,4
466,22,14121062001,4
466,23,14121062001,4
466,24,14121062001,4
466,25,14121062001,4
466,26,14121062001,4
466,27,14311059001,2
466,28,14311059001,2
466,29,14311059001,2
466,30,14311059001,2
466,31,14361065001,5
466,32,14361065001,1
466,33,14506131001,3
467,1,10002942001,11
467,2,10002942001,11
467,3,10002942001,11
467,4,10002942001,11
467,5,10002942001,11
467,6,10002942001,11
467,7,10002942001,6
467,8,10023020001,1
467,9,10023020001,1
467,10,10023020001,1
467,11,10023020001,1
467,12,10023020001,1
467,13,10023020001,1
467,14,10023020001,1
467,15,10023020001,1
467,16,10023020001,1
467,17,10023020001,1
467,18,10023020001,1
467,19,10023020001,1
467,20,12010020001,9
467,21,12010020001,7
467,22,12011050001,1
467,23,12101001002,16
467,24,12326005001,8
467,25,12326005001,8
467,26,12326005001,8
467,27,12326005001,8
467,28,12326005001,8
467,29,12326005001,8
467,30,12326005001,5
467,31,14110028001,4
467,32,14120017001,6
467,33,14120017001,6
467,34,14120017001,4
467,35,14361055001,5
467,36,14361055001,1
467,37,14506072001,33
468,1,10040039001,10
468,2,10040039001,10
468,3,10040039001,10
468,4,10040039001,10
468,5,10040039001,10
468,6,10040039001,10
468,7,10040039001,10
468,8,10040039001,10
468,9,10040039001,10
468,10,10040039001,10
468,11,10040039001,10
468,12,10040039001,6
468,13,11110090001,9
468,14,11110090001,5
468,15,11112017001,48
468,16,11112017001,5
468,17,12011074001,3
468,18,14010088001,6
468,19,14010088001,6
468,20,14010088001,6
468,21,14010088001,6
468,22,14010088001,6
468,23,14010088001,6
468,24,14010088001,6
468,25,14010088001,2
468,26,14104139001,1
468,27,14315017001,6
468,28,14315017001,6
468,29,14315017001,6
468,30,14315017001,3
468,31,14361129001,5
468,32,14361129001,5
468,33,14506222001,2
469,1,11110085001,9
469,2,11110085001,5
469,3,12011100001,1
469,4,12123147001,3
469,5,12123147001,3
469,6,12123147001,3
469,7,12123147001,3
469,8,12123147001,1
469,9,12123151001,3
469,10,12123151001,3
469,11,12123151001,3
469,12,12123151001,3
469,13,12123151001,1
469,14,14010071001,1
469,15,14010071001,1
469,16,14010071001,1
469,17,14010071001,1
469,18,14010071001,1
469,19,14010071001,1
469,20,14010071001,1
469,21,14010071001,1
469,22,14010071001,1
469,23,14010071001,1
469,24,14010071001,1
469,25,14010071001,1
469,26,14111005001,7
469,27,14311065001,3
469,28,14311065001,3
469,29,14311065001,3
469,30,14311065001,1
469,31,14361160001,5
469,32,14361160001,3
469,33,14503034001,6
469,34,14503034001,6
469,35,14503034001,6
469,36,14503034001,6
469,37,14503034001,6
469,38,14503034001,6
469,39,14503034001,4
469,40,14506248001,2
470,1,14503013001,7
470,2,14503013001,7
470,3,14503013001,7
470,4,14503013001,7
470,5,14503013001,7
470,6,14503013001,7
470,7,14503013001,7
470,8,14503013001,7
470,9,14503013001,7
470,10,14503013001,7
470,11,14503013001,7
470,12,14503013001,7
470,13,14503013001,7
470,14,14503013001,7
470,15,14503013001,7
470,16,14503013001,7
470,17,14503013001,7
470,18,14503013001,7
470,19,14503013001,7
470,20,14503013001,7
470,21,14503013001,7
470,22,14503013001,7
470,23,14503013001,7
470,24,14503013001,7
470,25,14503013001,7
470,26,14503013001,7
470,27,14503013001,7
470,28,14503013001,7
470,29,14503013001,7
470,30,14503013001,7
470,31,14503013001,7
470,32,14503013001,7
470,33,14503013001,7
470,34,14503013001,7
470,35,14503013001,7
470,36,14503013001,7
470,37,14503013001,7
470,38,14503013001,7
470,39,14503013001,7
470,40,14503013001,7
471,1,10034033001,5
471,2,10034033001,5
471,3,10034033001,5
471,4,10034033001,5
471,5,10034033001,5
471,6,10034033001,5
471,7,10034033001,5
471,8,10034033001,5
471,9,10034033001,5
471,10,10034033001,5
471,11,10034033001,5
471,12,10034033001,5
471,13,11031918001,9
471,14,11031918001,9
471,15,11031918001,9
471,16,11031918001,9
471,17,11031918001,9
471,18,11031918001,8
471,19,11111019001,7
471,20,11111019001,2
471,21,12011084001,5
471,22,14111006001,7
471,23,14200069001,4
471,24,14200069001,4
471,25,14200069001,4
471,26,14200069001,4
471,27,14200069001,4
471,28,14200069001,4
471,29,14200069001,4
471,30,14200069001,4
471,31,14303015001,1
471,32,14303015001,1
471,33,14303015001,1
471,34,14303015001,1
471,35,14361149001,5
471,36,14361149001,1
471,37,14506262001,2
472,1,12000152001,5
472,2,12000152001,2
472,3,12011117001,8
472,4,14110145001,2
472,5,14203027001,2
472,6,14203027001,2
472,7,14203027001,2
472,8,14203027001,2
472,9,14203027001,2
472,10,14203027001,2
472,11,14203027001,2
472,12,14203027001,1
472,13,14360045001,2
472,14,14360045001,2
472,15,14360045001,2
472,16,14360045001,2
472,17,14360045001,2
472,18,14360045001,2
472,19,14360045001,2
472,20,14360045001,2
472,21,14360045001,2
472,22,14360045001,2
472,23,14360045001,1
472,24,14361010001,4
472,25,14361010001,4
472,26,14361010001,4
472,27,14361010001,4
472,28,14361162001,5
472,29,14361162001,5
472,30,14503013001,7
472,31,14503013001,7
472,32,14503013001,7
472,33,14503013001,7
472,34,14503013001,7
472,35,14503013001,7
472,36,14503013001,7
472,37,14503013001,7
472,38,14503013001,7
472,39,14503013001,5
472,40,14506165001,3
473,1,10023035001,5
473,2,10023035001,5
473,3,10023035001,5
473,4,10023035001,5
473,5,10023035001,5
473,6,10023035001,5
473,7,10023035001,5
473,8,10023035001,5
473,9,10023035001,5
473,10,10023035001,5
473,11,10023035001,5
473,12,10023035001,5
473,13,11050111001,5
473,14,11050111001,5
473,15,11050111001,5
473,16,11050111001,5
473,17,11050111001,5
473,18,11050111001,5
473,19,11050111001,5
473,20,11050111001,5
473,21,11050111001,5
473,22,12002062001,8
473,23,12002062001,4
473,24,12011109001,5
473,25,14110078001,2
473,26,14243006001,5
473,27,14243006001,5
473,28,14243006001,5
473,29,14243006001,5
473,30,14243006001,5
473,31,14243006001,5
473,32,14243006001,5
473,33,14243006001,1
473,34,14361082001,5
473,35,14361082001,5
473,36,14361082001,5
473,37,14361082001,1
473,38,14370007001,6
473,39,14370007001,4
473,40,14506315001,12
474,1,14504006001,6
474,2,14504006001,6
474,3,14504006001,6
474,4,14504006001,6
474,5,14504006001,6
474,6,14504006001,6
474,7,14504006001,6
474,8,14504006001,6
474,9,14504006001,6
474,10,14504006001,6
474,11,14504006001,6
474,12,14504006001,6
474,13,14504006001,6
474,14,14504006001,6
474,15,14504006001,6
474,16,14504006001,6
474,17,14504006001,6
474,18,14504006001,6
474,19,14504006001,6
474,20,14504006001,6
474,21,14504006001,6
474,22,14504006001,6
474,23,14504006001,6
474,24,14504006001,6
474,25,14504006001,6
474,26,14504006001,6
474,27,14504006001,6
474,28,14504006001,6
474,29,14504006001,6
474,30,14504006001,6
474,31,14504006001,6
474,32,14504006001,6
474,33,14504006001,6
474,34,14504006001,6
474,35,14504006001,6
474,36,14504006001,6
474,37,14504006001,6
474,38,14504006001,6
474,39,14504006001,6
474,40,14504006001,6
475,1,10040050001,6
475,2,10040050001,6
475,3,10040050001,6
475,4,10040050001,6
475,5,10040050001,6
475,6,10040050001,6
475,7,10040050001,6
475,8,10040050001,6
475,9,10040050001,6
475,10,10040050001,6
475,11,10040050001,6
475,12,10040050001,6
475,13,11111021001,7
475,14,11111021001,3
475,15,12011103001,2
475,16,14111012001,2
475,17,14243129001,3
475,18,14243129001,3
475,19,14243129001,3
475,20,14243129001,3
475,21,14243129001,3
475,22,14243129001,3
475,23,14243129001,3
475,24,14243129001,1
475,25,14302005001,2
475,26,14302005001,2
475,27,14302005001,2
475,28,14302005001,1
475,29,14411023001,4
475,30,14411023001,3
475,31,14503019001,5
475,32,14503019001,5
475,33,14503019001,5
475,34,14503019001,5
475,35,14503019001,5
475,36,14503019001,5
475,37,14503019001,5
475,38,14503019001,5
475,39,14503019001,3
475,40,14506358001,5
476,1,14010002001,1
476,2,14010002001,1
476,3,14010002001,1
476,4,14010002001,1
476,5,14010002001,1
476,6,14010002001,1
476,7,14010002001,1
476,8,14010002001,1
476,9,14010002001,1
476,10,14010002001,1
476,11,14010002001,1
476,12,14010002001,1
476,13,14010002001,1
476,14,14010002001,1
476,15,14010002001,1
476,16,14010002001,1
476,17,14010002001,1
476,18,14010002001,1
476,19,14010002001,1
476,20,14010002001,1
476,21,14010002001,1
476,22,14010002001,1
476,23,14010002001,1
476,24,14010002001,1
476,25,14010002001,1
476,26,14010002001,1
476,27,14010002001,1
476,28,14010002001,1
476,29,14010002001,1
476,30,14010002001,1
476,31,14010002001,1
476,32,14010002001,1
476,33,14010002001,1
476,34,14010002001,1
476,35,14010002001,1
476,36,14010002001,1
476,37,14010002001,1
476,38,14010002001,1
476,39,14010002001,1
476,40,14010002001,1
477,1,12201110001,1
477,2,12201110001,1
477,3,12201110001,1
477,4,12201110001,1
477,5,12201110001,1
477,6,12201110001,1
477,7,12201110001,1
477,8,12201110001,1
477,9,12201110001,1
477,10,12201110001,1
477,11,12201110001,1
477,12,12201110001,1
477,13,12201110001,1
477,14,12201110001,1
477,15,12201110001,1
477,16,12201110001,1
477,17,12201110001,1
477,18,12201110001,1
477,19,12201110001,1
477,20,12201110001,1
477,21,12201110001,1
477,22,12201110001,1
477,23,12201110001,1
477,24,12201110001,1
477,25,12201110001,1
477,26,12201110001,1
477,27,12201110001,1
477,28,12201110001,1
477,29,12201110001,1
477,30,12201110001,1
477,31,12201110001,1
477,32,12201110001,1
477,33,12201110001,1
477,34,12201110001,1
477,35,12201110001,1
477,36,12201110001,1
477,37,12201110001,1
477,38,12201110001,1
477,39,12201110001,1
477,40,12201110001,1
478,1,10002005001,10
478,2,10002005001,10
478,3,10002005001,10
478,4,10002005001,10
478,5,10002005001,10
478,6,10002005001,10
478,7,10002005001,10
478,8,10002005001,10
478,9,10002005001,10
478,10,10002005001,10
478,11,10002005001,10
478,12,10002005001,10
478,13,10002005001,10
478,14,10002005001,10
478,15,10002005001,10
478,16,10002005001,10
478,17,10002005001,10
478,18,10002005001,10
478,19,10002005001,10
478,20,10002005001,10
478,21,10002005001,10
478,22,10002005001,10
478,23,10002005001,10
478,24,10002005001,10
478,25,10002005001,10
478,26,10002005001,10
478,27,10002005001,10
478,28,10002005001,10
478,29,10002005001,10
478,30,10002005001,10
478,31,10002005001,10
478,32,10002005001,10
478,33,10002005001,10
478,34,10002005001,10
478,35,10002005001,10
478,36,10002005001,10
478,37,10002005001,10
478,38,10002005001,10
478,39,10002005001,10
478,40,10002005001,10
479,1,10002005001,10
479,2,10002005001,10
479,3,10002005001,10
479,4,10002005001,10
479,5,10002005001,10
479,6,10002005001,10
479,7,10002005001,10
479,8,10002005001,10
479,9,10002005001,10
479,10,10002005001,8
479,11,12000317001,5
479,12,12000317001,3
479,13,12011111001,1
479,14,14111018001,13
479,15,14350005001,2
479,16,14350005001,2
479,17,14350005001,2
479,18,14350005001,2
479,19,14350005001,2
479,20,14350005001,2
479,21,14350005001,2
479,22,14350005001,2
479,23,14351007001,3
479,24,14351007001,3
479,25,14351007001,3
479,26,14351007001,2
479,27,14361159001,5
479,28,14361159001,3
479,29,14502006001,12
479,30,14502006001,12
479,31,14502006001,12
479,32,14502006001,12
479,33,14502006001,12
479,34,14502006001,12
479,35,14502006001,12
479,36,14502006001,12
479,37,14502006001,12
479,38,14502006001,12
479,39,14502006001,12
479,40,14506334001,4
480,1,11103094001,4
480,2,11103094001,4
480,3,11103094001,4
480,4,11103094001,4
480,5,11103094001,4
480,6,11103094001,4
480,7,11103094001,4
480,8,11103094001,4
480,9,11103094001,4
480,10,11103094001,4
480,11,11103094001,4
480,12,11103094001,2
480,13,11111022001,6
480,14,11111022001,6
480,15,12011102001,2
480,16,14111090001,2
480,17,14370003001,4
480,18,14370003001,4
480,19,14370003001,4
480,20,14370003001,3
480,21,14370017001,6
480,22,14370017001,6
480,23,14501016001,15
480,24,14501016001,15
480,25,14501016001,15
480,26,14501016001,15
480,27,14501016001,15
480,28,14501016001,15
480,29,14501016001,15
480,30,14501016001,6
480,31,14504006001,6
480,32,14504006001,6
480,33,14504006001,6
480,34,14504006001,6
480,35,14504006001,6
480,36,14504006001,6
480,37,14504006001,6
480,38,14504006001,6
480,39,14504006001,2
480,40,14506329001,2
481,1,10002906001,6
481,2,10002906001,6
481,3,10002906001,6
481,4,10002906001,6
481,5,10002906001,6
481,6,10002906001,6
481,7,10002906001,6
481,8,10002906001,6
481,9,10002906001,6
481,10,10002906001,6
481,11,10002906001,6
481,12,10002906001,6
481,13,10002906001,6
481,14,10002906001,6
481,15,10002906001,6
481,16,10002906001,6
481,17,10002906001,4
481,18,10032006001,28
481,19,10032006001,28
481,20,10032006001,28
481,21,10032006001,28
481,22,10032006001,28
481,23,10032006001,28
481,24,10032006001,28
481,25,10032006001,10
481,26,12005093004,11
481,27,12005093004,7
481,28,12011120001,3
481,29,12123110001,3
481,30,12123110001,3
481,31,12123110001,2
481,32,14001050001,2
481,33,14001050001,2
481,34,14001050001,2
481,35,14001050001,2
481,36,14001050001,2
481,37,14111017001,5
481,38,14500012001,7
481,39,14500012001,1
481,40,14506328001,1
482,1,10041003001,8
482,2,10041003001,8
482,3,10041003001,8
482,4,10041003001,8
482,5,10041003001,8
482,6,10041003001,8
482,7,10041003001,8
482,8,10041003001,8
482,9,10041003001,8
482,10,10041003001,8
482,11,10041003001,8
482,12,10041003001,8
482,13,12000196001,10
482,14,12000196001,10
482,15,12000196001,10
482,16,12000196001,10
482,17,12000196001,10
482,18,12000196001,3
482,19,12010234001,7
482,20,12010234001,1
482,21,12011136001,5
482,22,14111098001,4
482,23,14370069001,5
482,24,14370069001,2
482,25,14500059001,1
482,26,14500059001,1
482,27,14500059001,1
482,28,14500059001,1
482,29,14507042001,6
482,30,14520068001,6
482,31,14520068001,6
482,32,14520068001,6
482,33,14520068001,6
482,34,14520068001,6
482,35,14520068001,6
482,36,14520068001,6
482,37,14520068001,6
483,1,10034011001,28
483,2,10034011001,28
483,3,10034011001,28
483,4,10034011001,28
483,5,10034011001,28
483,6,10034011001,28
483,7,10034011001,28
483,8,10034011001,28
483,9,10034011001,28
483,10,10034011001,28
483,11,10034011001,28
483,12,10034011001,28
483,13,10034011001,28
483,14,10034011001,28
483,15,10034011001,28
483,16,10034011001,28
483,17,10034011001,8
483,18,12010010001,7
483,19,12010010001,1
483,20,12011144001,4
483,21,12123080001,9
483,22,12123080001,9
483,23,12123080001,6
483,24,14001012001,7
483,25,14001012001,7
483,26,14001012001,7
483,27,14001012001,7
483,28,14001012001,3
483,29,14010002001,1
483,30,14010002001,1
483,31,14010002001,1
483,32,14010002001,1
483,33,14010002001,1
483,34,14010002001,1
483,35,14010002001,1
483,36,14010002001,1
483,37,14113013001,4
483,38,14500066001,5
483,39,14500066001,1
483,40,14507083001,2
484,1,10000004001,7
484,2,10000004001,7
484,3,10000004001,7
484,4,10000004001,7
484,5,10000004001,7
484,6,10000004001,7
484,7,10000004001,7
484,8,10000004001,7
484,9,10000004001,7
484,10,10000004001,7
484,11,10000004001,7
484,12,10000004001,7
484,13,10000004001,7
484,14,10000004001,7
484,15,10000004001,7
484,16,10000004001,7
484,17,10000004001,7
484,18,10000004001,7
484,19,10000004001,7
484,20,10000004001,7
484,21,10000004001,7
484,22,10000004001,7
484,23,10000004001,7
484,24,10000004001,7
484,25,10000004001,7
484,26,10000004001,7
484,27,10000004001,7
484,28,10000004001,7
484,29,10000004001,7
484,30,10000004001,7
484,31,10000004001,7
484,32,10000004001,7
484,33,10000004001,7
484,34,10000004001,7
484,35,10000004001,7
484,36,10000004001,7
484,37,10000004001,7
484,38,10000004001,7
484,39,10000004001,7
484,40,10000004001,7
485,1,12002023001,8
485,2,12002023001,5
485,3,12011139001,2
485,4,12023079001,53
485,5,12100026001,3
485,6,12100026001,3
485,7,12100026001,3
485,8,12100026001,3
485,9,12100026001,3
485,10,12100026001,3
485,11,12100026001,3
485,12,12100026001,3
485,13,12100026001,3
485,14,12100026001,3
485,15,12100026001,3
485,16,12100026001,3
485,17,14111102001,3
485,18,14361015001,4
485,19,14361015001,4
485,20,14361015001,4
485,21,14361015001,1
485,22,14500017001,12
485,23,14500017001,12
485,24,14506087001,4
485,25,14506087001,4
485,26,14506087001,4
485,27,14506087001,4
485,28,14506087001,4
485,29,14506087001,4
485,30,14506087001,4
485,31,14506087001,3
485,32,14506400001,4
486,1,10030049001,6
486,2,10030049001,6
486,3,10030049001,6
486,4,10030049001,6
486,5,10030049001,6
486,6,10030049001,6
486,7,10030049001,6
486,8,10030049001,6
486,9,10030049001,6
486,10,10030049001,6
486,11,10030049001,6
486,12,10030049001,6
486,13,10030049001,6
486,14,10030049001,6
486,15,10030049001,6
486,16,10030049001,6
486,17,10030049001,5
486,18,12010106001,17
486,19,12010106001,7
486,20,12011133001,1
486,21,12123897001,5
486,22,12123897001,5
486,23,12123897001,3
486,24,12201110001,1
486,25,12201110001,1
486,26,12201110001,1
486,27,12201110001,1
486,28,12201110001,1
486,29,12201110001,1
486,30,12201110001,1
486,31,12201110001,1
486,32,14010006001,11
486,33,14010006001,11
486,34,14010006001,11
486,35,14010006001,11
486,36,14010006001,1
486,37,14120002001,3
486,38,14506014001,6
486,39,14506014001,1
486,40,14507202001,2
487,1,10000004001,7
487,2,10000004001,7
487,3,10000004001,7
487,4,10000004001,7
487,5,10000004001,7
487,6,10000004001,7
487,7,10000004001,2
487,8,12010144001,5
487,9,12010144001,4
487,10,12011150001,4
487,11,14000018001,7
487,12,14000018001,7
487,13,14000018001,5
487,14,14010178001,5
487,15,14010178001,5
487,16,14010178001,5
487,17,14010178001,5
487,18,14010178001,1
487,19,14121075001,7
487,20,14370004001,4
487,21,14370004001,4
487,22,14370004001,4
487,23,14370004001,4
487,24,14370004001,4
487,25,14370004001,4
487,26,14370004001,4
487,27,14370004001,4
487,28,14370004001,4
487,29,14370004001,4
487,30,14370004001,4
487,31,14370004001,4
487,32,14370004001,4
487,33,14370004001,4
487,34,14370004001,4
487,35,14370004001,4
487,36,14370004001,4
487,37,14370004001,4
487,38,14506015001,6
487,39,14506015001,3
487,40,14507087001,2
488,1,14503000001,9
488,2,14503000001,9
488,3,14503000001,9
488,4,14503000001,9
488,5,14503000001,9
488,6,14503000001,9
488,7,14503000001,9
488,8,14503000001,9
488,9,14503000001,9
488,10,14503000001,9
488,11,14503000001,9
488,12,14503000001,9
488,13,14503000001,9
488,14,14503000001,9
488,15,14503000001,9
488,16,14503000001,9
488,17,14503000001,9
488,18,14503000001,9
488,19,14503000001,9
488,20,14503000001,9
488,21,14503000001,9
488,22,14503000001,9
488,23,14503000001,9
488,24,14503000001,9
488,25,14503000001,9
488,26,14503000001,9
488,27,14503000001,9
488,28,14503000001,9
488,29,14503000001,9
488,30,14503000001,9
488,31,14503000001,9
488,32,14503000001,9
488,33,14503000001,9
488,34,14503000001,9
488,35,14503000001,9
488,36,14503000001,9
488,37,14503000001,9
488,38,14503000001,9
488,39,14503000001,9
488,40,14503000001,9
489,1,14112013001,4
489,2,14112013001,4
489,3,14112013001,4
489,4,14112013001,4
489,5,14112013001,4
489,6,14112013001,4
489,7,14112013001,4
489,8,14112013001,4
489,9,14112013001,4
489,10,14112013001,4
489,11,14112013001,4
489,12,14112013001,4
489,13,14112013001,4
489,14,14112013001,4
489,15,14112013001,4
489,16,14112013001,4
489,17,14112013001,4
489,18,14112013001,4
489,19,14112013001,4
489,20,14112013001,4
489,21,14112013001,4
489,22,14112013001,4
489,23,14112013001,4
489,24,14112013001,4
489,25,14112013001,4
489,26,14112013001,4
489,27,14112013001,4
489,28,14112013001,4
489,29,14112013001,4
489,30,14112013001,4
489,31,14112013001,4
489,32,14112013001,4
489,33,14112013001,4
489,34,14112013001,4
489,35,14112013001,4
489,36,14112013001,4
489,37,14112013001,4
489,38,14112013001,4
489,39,14112013001,4
489,40,14112013001,4
490,1,12011065001,5
490,2,12011065001,4
490,3,12011152001,1
490,4,12212005001,9
490,5,12212005001,9
490,6,12212005001,6
490,7,14003019001,7
490,8,14003019001,7
490,9,14003019001,7
490,10,14003019001,7
490,11,14003019001,1
490,12,14111107001,1
490,13,14112013001,4
490,14,14112013001,4
490,15,14112013001,4
490,16,14112013001,4
490,17,14112013001,4
490,18,14112013001,4
490,19,14112013001,4
490,20,14503048001,10
490,21,14503048001,5
490,22,14505005001,12
490,23,14505005001,12
490,24,14505005001,12
490,25,14505005001,12
490,26,14505005001,12
490,27,14505005001,12
490,28,14505005001,12
490,29,14505005001,12
490,30,14505005001,12
490,31,14505005001,12
490,32,14505005001,12
490,33,14505005001,12
490,34,14505005001,12
490,35,14505005001,12
490,36,14505005001,12
490,37,14505005001,12
490,38,14505005001,12
490,39,14505005001,6
490,40,14507047001,5
491,1,12011003001,8
491,2,12011003001,4
491,3,12011159001,6
491,4,14000015001,3
491,5,14000015001,3
491,6,14000015001,3
491,7,14011004001,2
491,8,14011004001,2
491,9,14011004001,2
491,10,14011004001,2
491,11,14011004001,1
491,12,14120024001,3
491,13,14501004001,12
491,14,14501004001,12
491,15,14501004001,12
491,16,14501004001,12
491,17,14501004001,12
491,18,14501004001,12
491,19,14501004001,12
491,20,14501004001,12
491,21,14501004001,12
491,22,14501004001,12
491,23,14501004001,12
491,24,14501004001,12
491,25,14501004001,12
491,26,14501004001,12
491,27,14501004001,12
491,28,14501004001,12
491,29,14501004001,12
491,30,14501004001,11
491,31,14503000001,9
491,32,14503000001,9
491,33,14503000001,9
491,34,14503000001,9
491,35,14503000001,9
491,36,14503000001,9
491,37,14503000001,1
491,38,14506036001,6
491,39,14506036001,2
491,40,14509015001,4
492,1,12123064001,1
492,2,12123064001,1
492,3,12123064001,1
492,4,12123064001,1
492,5,12123064001,1
492,6,12123064001,1
492,7,12123064001,1
492,8,12123064001,1
492,9,12123064001,1
492,10,12123064001,1
492,11,12123064001,1
492,12,12123064001,1
492,13,12123064001,1
492,14,12123064001,1
492,15,12123064001,1
492,16,12123064001,1
492,17,12123064001,1
492,18,12123064001,1
492,19,12123064001,1
492,20,12123064001,1
492,21,12123064001,1
492,22,12123064001,1
492,23,12123064001,1
492,24,12123064001,1
492,25,12123064001,1
492,26,12123064001,1
492,27,12123064001,1
492,28,12123064001,1
492,29,12123064001,1
492,30,12123064001,1
492,31,12123064001,1
492,32,12123064001,1
492,33,12123064001,1
492,34,12123064001,1
492,35,12123064001,1
492,36,12123064001,1
492,37,12123064001,1
492,38,12123064001,1
492,39,12123064001,1
492,40,12123064001,1
493,1,14023029001,2
493,2,14023029001,2
493,3,14023029001,2
493,4,14023029001,2
493,5,14023029001,2
493,6,14023029001,2
493,7,14023029001,2
493,8,14023029001,2
493,9,14023029001,2
493,10,14023029001,2
493,11,14023029001,2
493,12,14023029001,2
493,13,14023029001,2
493,14,14023029001,2
493,15,14023029001,2
493,16,14023029001,2
493,17,14023029001,2
493,18,14023029001,2
493,19,14023029001,2
493,20,14023029001,2
493,21,14023029001,2
493,22,14023029001,2
493,23,14023029001,2
493,24,14023029001,2
493,25,14023029001,2
493,26,14023029001,2
493,27,14023029001,2
493,28,14023029001,2
493,29,14023029001,2
493,30,14023029001,2
493,31,14023029001,2
493,32,14023029001,2
493,33,14023029001,2
493,34,14023029001,2
493,35,14023029001,2
493,36,14023029001,2
493,37,14023029001,2
493,38,14023029001,2
493,39,14023029001,2
493,40,14023029001,2
494,1,10031033001,9
494,2,10031033001,9
494,3,10031033001,9
494,4,10031033001,9
494,5,10031033001,9
494,6,10031033001,9
494,7,10031033001,9
494,8,10031033001,9
494,9,10031033001,9
494,10,10031033001,9
494,11,10031033001,9
494,12,10031033001,9
494,13,10031033001,9
494,14,10031033001,9
494,15,10031033001,9
494,16,10031033001,9
494,17,10031033001,9
494,18,10031033001,9
494,19,10031033001,9
494,20,10031033001,9
494,21,10031033001,9
494,22,10031033001,9
494,23,10031033001,9
494,24,10031033001,9
494,25,10031033001,9
494,26,10031033001,9
494,27,10031033001,9
494,28,10031033001,9
494,29,10031033001,9
494,30,10031033001,9
494,31,10031033001,9
494,32,10031033001,9
494,33,10031033001,9
494,34,10031033001,9
494,35,10031033001,9
494,36,10031033001,9
494,37,10031033001,9
494,38,10031033001,9
494,39,10031033001,9
494,40,10031033001,9
495,1,14506001001,5
495,2,14506001001,5
495,3,14506001001,5
495,4,14506001001,5
495,5,14506001001,5
495,6,14506001001,5
495,7,14506001001,5
495,8,14506001001,5
495,9,14506001001,5
495,10,14506001001,5
495,11,14506001001,5
495,12,14506001001,5
495,13,14506001001,5
495,14,14506001001,5
495,15,14506001001,5
495,16,14506001001,5
495,17,14506001001,5
495,18,14506001001,5
495,19,14506001001,5
495,20,14506001001,5
495,21,14506006001,5
495,22,14506006001,5
495,23,14506006001,5
495,24,14506006001,5
495,25,14506006001,5
495,26,14506006001,5
495,27,14506006001,5
495,28,14506006001,5
495,29,14506006001,5
495,30,14506006001,5
495,31,14506006001,5
495,32,14506006001,5
495,33,14506006001,5
495,34,14506006001,5
495,35,14506006001,5
495,36,14506006001,5
495,37,14506006001,5
495,38,14506006001,5
495,39,14506006001,5
495,40,14506006001,5
496,1,12003073001,28
496,2,12003073001,25
496,3,12011075001,5
496,4,12011075001,5
496,5,12011154001,2
496,6,12120052001,5
496,7,12120052001,5
496,8,12120052001,5
496,9,12120052001,5
496,10,12120052001,5
496,11,12120052001,5
496,12,12120052001,5
496,13,12120052001,5
496,14,12120052001,5
496,15,12120052001,5
496,16,12120052001,5
496,17,12120052001,5
496,18,14130013001,7
496,19,14501026001,11
496,20,14501026001,11
496,21,14501026001,11
496,22,14501026001,11
496,23,14506060001,3
496,24,14506060001,3
496,25,14507085001,4
496,26,14615084001,6
496,27,14615084001,6
496,28,14615084001,6
496,29,14615084001,6
496,30,14615084001,6
496,31,14615084001,6
496,32,14615084001,6
496,33,14615084001,4
497,1,10002026001,12
497,2,10002026001,12
497,3,10002026001,12
497,4,10002026001,12
497,5,10002026001,12
497,6,12011096001,5
497,7,12011096001,1
497,8,12011158002,3
497,9,14132131001,1
497,10,14500024001,6
497,11,14500024001,6
497,12,14500024001,6
497,13,14500024001,6
497,14,14500024001,6
497,15,14500024001,6
497,16,14500024001,6
497,17,14500024001,6
497,18,14500024001,6
497,19,14500024001,6
497,20,14500024001,6
497,21,14500024001,6
497,22,14500024001,6
497,23,14500024001,6
497,24,14500024001,6
497,25,14500024001,6
497,26,14500024001,6
497,27,14500024001,6
497,28,14501058001,11
497,29,14501058001,11
497,30,14501058001,11
497,31,14501058001,9
497,32,14506001001,5
497,33,14506001001,5
497,34,14506001001,4
497,35,14506006001,5
497,36,14506006001,5
497,37,14506006001,4
497,38,14506044001,3
497,39,14506044001,1
497,40,14512015001,2
498,1,10031033001,9
498,2,10031033001,9
498,3,10031033001,9
498,4,10031033001,9
498,5,10031033001,4
498,6,10040048001,8
498,7,10040048001,8
498,8,10040048001,8
498,9,10040048001,8
498,10,10040048001,8
498,11,10040048001,8
498,12,10040048001,8
498,13,10040048001,8
498,14,10040048001,8
498,15,10040048001,8
498,16,10040048001,8
498,17,10040048001,8
498,18,10040048001,8
498,19,10040048001,8
498,20,10040048001,8
498,21,10040048001,8
498,22,10040048001,8
498,23,10040048001,8
498,24,12011153001,2
498,25,12011169001,5
498,26,12011169001,3
498,27,14001018001,4
498,28,14001018001,4
498,29,14001018001,4
498,30,14001018001,4
498,31,14001018001,4
498,32,14001018001,4
498,33,14121061001,6
498,34,14501929001,12
498,35,14501929001,12
498,36,14501929001,12
498,37,14501929001,9
498,38,14506112001,1
498,39,14506112001,1
498,40,14509026001,1
499,1,10035035001,28
499,2,10035035001,28
499,3,10035035001,28
499,4,10035035001,28
499,5,10035035001,28
499,6,10035035001,28
499,7,10035035001,28
499,8,10035035001,28
499,9,10035035001,28
499,10,10035035001,28
499,11,10035035001,28
499,12,10035035001,28
499,13,10035035001,28
499,14,10035035001,28
499,15,10035035001,28
499,16,10035035001,28
499,17,10035035001,28
499,18,10035035001,28
499,19,10035035001,28
499,20,10035035001,28
499,21,10035035001,28
499,22,10035035001,28
499,23,10035035001,28
499,24,10035035001,28
499,25,10035035001,28
499,26,10035035001,28
499,27,10035035001,28
499,28,10035035001,28
499,29,10035035001,28
499,30,10035035001,28
499,31,10035035001,28
499,32,10035035001,28
499,33,10035035001,28
499,34,10035035001,28
499,35,10035035001,28
499,36,10035035001,28
499,37,10035035001,28
499,38,10035035001,28
499,39,10035035001,28
499,40,10035035001,28
500,1,10031007001,5
500,2,10031007001,5
500,3,10031007001,5
500,4,10031007001,5
500,5,10031007001,5
500,6,10031007001,5
500,7,10031007001,5
500,8,10031007001,5
500,9,10031007001,5
500,10,10031007001,5
500,11,10031007001,5
500,12,10031007001,5
500,13,10031007001,5
500,14,10031007001,5
500,15,10031007001,5
500,16,10031007001,5
500,17,10031007001,5
500,18,10031007001,3
500,19,10035035001,28
500,20,10035035001,28
500,21,10035035001,28
500,22,10035035001,28
500,23,10035035001,4
500,24,12011189001,4
500,25,12011189001,2
500,26,12011213001,2
500,27,14000066001,1
500,28,14000066001,1
500,29,14000066001,1
500,30,14000066001,1
500,31,14000066001,1
500,32,14000066001,1
500,33,14121112001,9
500,34,14501084001,12
500,35,14501084001,12
500,36,14501084001,12
500,37,14501084001,4
500,38,14506067001,36
500,39,14506067001,13
500,40,14507076001,3
501,1,12011173001,6
501,2,12011173001,6
501,3,12011173001,6
501,4,12011173001,6
501,5,12011173001,6
501,6,12011173001,6
501,7,12011173001,6
501,8,12011173001,6
501,9,12011173001,5
501,10,12011179001,4
501,11,12011184001,6
501,12,12011184001,1
501,13,14001092001,1
501,14,14001092001,1
501,15,14001092001,1
501,16,14001092001,1
501,17,14001092001,1
501,18,14001092001,1
501,19,14001092001,1
501,20,14001092001,1
501,21,14001092001,1
501,22,14001092001,1
501,23,14001092001,1
501,24,14001092001,1
501,25,14133013001,2
501,26,14505059001,10
501,27,14505059001,10
501,28,14505059001,10
501,29,14505059001,10
501,30,14506099001,6
501,31,14506099001,6
501,32,14509024001,2
501,33,14520065001,6
501,34,14520065001,6
501,35,14520065001,6
501,36,14520065001,6
501,37,14520065001,6
501,38,14520065001,6
501,39,14520065001,6
501,40,14520065001,4
502,1,12011171001,5
502,2,12011171001,1
502,3,12011210001,5
502,4,12121004001,6
502,5,12121004001,6
502,6,12121004001,6
502,7,12121004001,6
502,8,12121004001,6
502,9,12121004001,6
502,10,14000196001,4
502,11,14000196001,4
502,12,14000196001,4
502,13,14000196001,4
502,14,14000196001,4
502,15,14000196001,4
502,16,14000196001,4
502,17,14000196001,4
502,18,14000196001,4
502,19,14000196001,4
502,20,14000196001,4
502,21,14000196001,4
502,22,14000196001,4
502,23,14000196001,4
502,24,14000196001,4
502,25,14000196001,4
502,26,14000196001,4
502,27,14000196001,2
502,28,14023029001,2
502,29,14023029001,2
502,30,14023029001,2
502,31,14023029001,2
502,32,14023029001,2
502,33,14131044001,6
502,34,14506069001,5
502,35,14506069001,5
502,36,14506070001,3
502,37,14506070001,3
502,38,14506070001,3
502,39,14506070001,2
502,40,14521148001,2
503,1,14112007001,4
503,2,14112007001,4
503,3,14112007001,4
503,4,14112007001,4
503,5,14112007001,4
503,6,14112007001,4
503,7,14112007001,4
503,8,14112007001,4
503,9,14112007001,4
503,10,14112007001,4
503,11,14112007001,4
503,12,14112007001,4
503,13,14112007001,4
503,14,14112007001,4
503,15,14112007001,4
503,16,14112007001,4
503,17,14112007001,4
503,18,14112007001,4
503,19,14112007001,4
503,20,14112007001,4
503,21,14112007001,4
503,22,14112007001,4
503,23,14112007001,4
503,24,14112007001,4
503,25,14112007001,4
503,26,14112007001,4
503,27,14112007001,4
503,28,14112007001,4
503,29,14112007001,4
503,30,14112007001,4
503,31,14112007001,4
503,32,14112007001,4
503,33,14112007001,4
503,34,14112007001,4
503,35,14112007001,4
503,36,14112007001,4
503,37,14112007001,4
503,38,14112007001,4
503,39,14112007001,4
503,40,14112007001,4
504,1,10020004001,20
504,2,10020004001,20
504,3,10020004001,20
504,4,10020004001,20
504,5,10020004001,20
504,6,10020004001,20
504,7,10020004001,18
504,8,11040003001,6
504,9,11070051001,3
504,10,11070051001,3
504,11,12011186001,1
504,12,12123029001,1
504,13,12123029001,1
504,14,12123029001,1
504,15,12123029001,1
504,16,12123029001,1
504,17,12123029001,1
504,18,12123029001,1
504,19,12123029001,1
504,20,12123029001,1
504,21,12123029001,1
504,22,12123029001,1
504,23,12123029001,1
504,24,12150004001,16
504,25,12150004001,16
504,26,12150004001,16
504,27,12150004001,5
504,28,14104114001,5
504,29,14104114001,5
504,30,14104114001,3
504,31,14132149001,5
504,32,14506141001,3
504,33,14506141001,3
504,34,14521178001,6
505,1,10002073001,11
505,2,10002073001,11
505,3,10002073001,11
505,4,10002073001,11
505,5,10002073001,11
505,6,10002073001,11
505,7,10002073001,6
505,8,11103206001,6
505,9,11103206001,4
505,10,11103220001,5
505,11,11103220001,5
505,12,12011199001,4
505,13,14104129001,4
505,14,14104129001,4
505,15,14104129001,4
505,16,14104129001,4
505,17,14104129001,4
505,18,14104129001,4
505,19,14104129001,4
505,20,14104129001,4
505,21,14104129001,4
505,22,14104129001,4
505,23,14104129001,4
505,24,14104129001,1
505,25,14110019001,6
505,26,14110019001,6
505,27,14110019001,4
505,28,14200002001,2
505,29,14310096001,28
505,30,14310096001,25
505,31,14506109001,3
505,32,14506109001,3
505,33,14520044001,2
506,1,12011221001,4
506,2,12011237001,5
506,3,12011237001,3
506,4,12123064001,1
506,5,12123064001,1
506,6,12123064001,1
506,7,12123064001,1
506,8,12123064001,1
506,9,12123086001,3
506,10,12123086001,3
506,11,12123086001,3
506,12,12123086001,3
506,13,12123086001,3
506,14,12123086001,3
506,15,12123132001,2
506,16,12123132001,2
506,17,12123132001,2
506,18,12123132001,2
506,19,12123132001,2
506,20,12123132001,2
506,21,12123132001,2
506,22,12123132001,2
506,23,12123132001,2
506,24,12123132001,2
506,25,12123132001,2
506,26,12123132001,2
506,27,12123132001,2
506,28,12123132001,2
506,29,12123132001,2
506,30,12123132001,2
506,31,12123132001,2
506,32,12123132001,2
506,33,14133027001,4
506,34,14506130001,3
506,35,14506130001,2
506,36,14521179001,4
506,37,14522048001,6
506,38,14522048001,6
506,39,14522048001,6
506,40,14522048001,2
507,1,14501014001,9
507,2,14501014001,9
507,3,14501014001,9
507,4,14501014001,9
507,5,14501014001,9
507,6,14501014001,9
507,7,14501014001,9
507,8,14501014001,9
507,9,14501014001,9
507,10,14501014001,9
507,11,14501014001,9
507,12,14501014001,9
507,13,14501014001,9
507,14,14501014001,9
507,15,14501014001,9
507,16,14501014001,9
507,17,14501014001,9
507,18,14501014001,9
507,19,14501014001,9
507,20,14501014001,9
507,21,14501014001,9
507,22,14501014001,9
507,23,14501014001,9
507,24,14501014001,9
507,25,14501014001,9
507,26,14501014001,9
507,27,14501014001,9
507,28,14501014001,9
507,29,14501014001,9
507,30,14501014001,9
507,31,14501014001,9
507,32,14501014001,9
507,33,14501014001,9
507,34,14501014001,9
507,35,14501014001,9
507,36,14501014001,9
507,37,14501014001,9
507,38,14501014001,9
507,39,14501014001,9
507,40,14501014001,9
508,1,14500010001,5
508,2,14500010001,5
508,3,14500010001,5
508,4,14500010001,5
508,5,14500010001,5
508,6,14500010001,5
508,7,14500010001,5
508,8,14500010001,5
508,9,14500010001,5
508,10,14500010001,5
508,11,14500010001,5
508,12,14500010001,5
508,13,14500010001,5
508,14,14500010001,5
508,15,14500010001,5
508,16,14500010001,5
508,17,14500010001,5
508,18,14500010001,5
508,19,14500010001,5
508,20,14500010001,5
508,21,14500010001,5
508,22,14500010001,5
508,23,14500010001,5
508,24,14500010001,5
508,25,14500010001,5
508,26,14500010001,5
508,27,14500010001,5
508,28,14500010001,5
508,29,14500010001,5
508,30,14500010001,5
508,31,14500010001,5
508,32,14500010001,5
508,33,14500010001,5
508,34,14500010001,5
508,35,14500010001,5
508,36,14500010001,5
508,37,14500010001,5
508,38,14500010001,5
508,39,14500010001,5
508,40,14500010001,5
509,1,12011220001,2
509,2,12011268001,4
509,3,12011268001,1
509,4,12023278001,31
509,5,12023278001,22
509,6,14200019001,4
509,7,14204129001,2
509,8,14204129001,2
509,9,14204129001,2
509,10,14204129001,2
509,11,14204129001,2
509,12,14204129001,2
509,13,14204129001,2
509,14,14204129001,2
509,15,14204129001,2
509,16,14204129001,2
509,17,14204129001,2
509,18,14204129001,2
509,19,14506124001,2
509,20,14506124001,2
509,21,14506313001,22
509,22,14506313001,22
509,23,14506313001,22
509,24,14506313001,16
509,25,14512916001,3
509,26,14620030001,9
509,27,14620030001,9
509,28,14620030001,9
509,29,14620030001,9
509,30,14620030001,9
509,31,14620030001,9
509,32,14620030001,9
509,33,14620030001,9
510,1,14501013001,6
510,2,14501013001,6
510,3,14501013001,6
510,4,14501013001,6
510,5,14501013001,6
510,6,14501013001,6
510,7,14501013001,6
510,8,14501013001,6
510,9,14501013001,6
510,10,14501013001,6
510,11,14501013001,6
510,12,14501013001,6
510,13,14501013001,6
510,14,14501013001,6
510,15,14501013001,6
510,16,14501013001,6
510,17,14501013001,6
510,18,14501013001,6
510,19,14501013001,6
510,20,14501013001,6
510,21,14501013001,6
510,22,14501013001,6
510,23,14501013001,6
510,24,14501013001,6
510,25,14501013001,6
510,26,14501013001,6
510,27,14501013001,6
510,28,14501013001,6
510,29,14501013001,6
510,30,14501013001,6
510,31,14501013001,6
510,32,14501013001,6
510,33,14501013001,6
510,34,14501013001,6
510,35,14501013001,6
510,36,14501013001,6
510,37,14501013001,6
510,38,14501013001,6
510,39,14501013001,6
510,40,14501013001,6
511,1,12011172001,6
511,2,12011172001,1
511,3,12011215001,8
511,4,12130085001,2
511,5,12130085001,2
511,6,12130085001,2
511,7,12130085001,2
511,8,12130085001,2
511,9,12130085001,2
511,10,14104002001,3
511,11,14104002001,3
511,12,14104002001,3
511,13,14104002001,3
511,14,14104002001,3
511,15,14104002001,3
511,16,14104002001,3
511,17,14104002001,3
511,18,14104002001,3
511,19,14104002001,3
511,20,14104002001,3
511,21,14104002001,3
511,22,14104002001,3
511,23,14104002001,3
511,24,14104002001,3
511,25,14104002001,3
511,26,14104002001,3
511,27,14104002001,2
511,28,14112007001,4
511,29,14112007001,4
511,30,14112007001,4
511,31,14112007001,4
511,32,14112007001,1
511,33,14200018001,5
511,34,14505125001,11
511,35,14505125001,11
511,36,14505125001,11
511,37,14505125001,2
511,38,14506164001,3
511,39,14506164001,2
511,40,14521180001,6
512,1,10020036001,5
512,2,10020036001,5
512,3,10020036001,5
512,4,10020036001,5
512,5,10020036001,5
512,6,10020036001,5
512,7,10020036001,5
512,8,10020036001,5
512,9,10020036001,5
512,10,10020036001,5
512,11,10020036001,5
512,12,10020036001,5
512,13,10020036001,5
512,14,10020036001,5
512,15,10020036001,5
512,16,10020036001,5
512,17,10020036001,5
512,18,10020036001,3
512,19,12011226001,4
512,20,12011334001,5
512,21,12011334001,1
512,22,14200033001,11
512,23,14501013001,6
512,24,14501013001,6
512,25,14501013001,6
512,26,14501013001,3
512,27,14506090001,3
512,28,14506090001,3
512,29,14506090001,3
512,30,14506090001,3
512,31,14506090001,3
512,32,14506090001,3
512,33,14506090001,1
512,34,14506145001,3
512,35,14506145001,3
512,36,14508013001,3
512,37,14508013001,3
512,38,14508013001,3
512,39,14508013001,2
512,40,14521181001,5
513,1,10014130001,7
513,2,10014130001,7
513,3,10014130001,7
513,4,10014130001,7
513,5,10014130001,7
513,6,10014130001,7
513,7,10014130001,7
513,8,10014130001,7
513,9,10014130001,7
513,10,10014130001,7
513,11,10014130001,7
513,12,10014130001,7
513,13,10014130001,7
513,14,10014130001,7
513,15,10014130001,7
513,16,10014130001,7
513,17,10014130001,7
513,18,10014130001,7
513,19,12011240001,2
513,20,12011354001,5
513,21,12011354001,3
513,22,14200046001,6
513,23,14500010001,5
513,24,14500010001,5
513,25,14500010001,5
513,26,14500010001,1
513,27,14502023001,13
513,28,14502023001,13
513,29,14502023001,13
513,30,14502023001,9
513,31,14505011001,12
513,32,14505011001,12
513,33,14505011001,12
513,34,14505011001,12
513,35,14505011001,12
513,36,14505011001,12
513,37,14505011001,8
513,38,14506190001,7
513,39,14506190001,3
513,40,14600007001,12
514,1,12011244001,2
514,2,12011252001,4
514,3,12011252001,1
514,4,14001010001,3
514,5,14001010001,3
514,6,14001010001,3
514,7,14001010001,3
514,8,14001010001,3
514,9,14001010001,3
514,10,14010031001,3
514,11,14010031001,3
514,12,14010031001,3
514,13,14010031001,3
514,14,14010031001,3
514,15,14010031001,3
514,16,14010031001,3
514,17,14010031001,3
514,18,14010031001,3
514,19,14010031001,3
514,20,14010031001,3
514,21,14010031001,3
514,22,14010031001,3
514,23,14010031001,3
514,24,14010031001,3
514,25,14010031001,3
514,26,14010031001,3
514,27,14010031001,1
514,28,14200049001,8
514,29,14501014001,9
514,30,14501014001,9
514,31,14501014001,9
514,32,14501014001,9
514,33,14501014001,9
514,34,14506199001,5
514,35,14506199001,5
514,36,14506199001,5
514,37,14506199001,5
514,38,14506204001,9
514,39,14506204001,7
514,40,14524015001,2
515,1,10021026001,6
515,2,10021026001,6
515,3,10021026001,6
515,4,10021026001,6
515,5,10021026001,6
515,6,10021026001,6
515,7,10021026001,6
515,8,10021026001,6
515,9,10021026001,6
515,10,10021026001,6
515,11,10021026001,6
515,12,10021026001,6
515,13,10021026001,6
515,14,10021026001,6
515,15,10021026001,6
515,16,10021026001,6
515,17,10021026001,6
515,18,10021026001,6
515,19,10021026001,6
515,20,10021026001,6
515,21,10021026001,6
515,22,10021026001,6
515,23,10021026001,6
515,24,10021026001,6
515,25,10021026001,6
515,26,10021026001,6
515,27,10021026001,6
515,28,10021026001,6
515,29,10021026001,6
515,30,10021026001,6
515,31,10021026001,6
515,32,10021026001,6
515,33,10021026001,6
515,34,10021026001,6
515,35,10021026001,6
515,36,10021026001,6
515,37,10021026001,6
515,38,10021026001,6
515,39,10021026001,6
515,40,10021026001,6
516,1,10002944001,11
516,2,10002944001,11
516,3,10002944001,11
516,4,10002944001,11
516,5,10002944001,11
516,6,10002944001,11
516,7,10002944001,11
516,8,10002944001,11
516,9,10002944001,11
516,10,10002944001,11
516,11,10002944001,11
516,12,10002944001,11
516,13,10002944001,11
516,14,10002944001,11
516,15,10002944001,11
516,16,10002944001,11
516,17,10002944001,11
516,18,10002944001,11
516,19,10002944001,11
516,20,10002944001,11
516,21,10002944001,11
516,22,10002944001,11
516,23,10002944001,11
516,24,10002944001,11
516,25,10002944001,11
516,26,10002944001,11
516,27,10002944001,11
516,28,10002944001,11
516,29,10002944001,11
516,30,10002944001,11
516,31,10002944001,11
516,32,10002944001,11
516,33,10002944001,11
516,34,10002944001,11
516,35,10002944001,11
516,36,10002944001,11
516,37,10002944001,11
516,38,10002944001,11
516,39,10002944001,11
516,40,10002944001,11
517,1,10002944001,11
517,2,10002944001,11
517,3,10002944001,6
517,4,10034050001,11
517,5,10034050001,11
517,6,10034050001,11
517,7,10034050001,11
517,8,10034050001,11
517,9,10034050001,11
517,10,10034050001,11
517,11,10034050001,11
517,12,10034050001,11
517,13,10034050001,11
517,14,10034050001,11
517,15,10034050001,11
517,16,10034050001,11
517,17,10034050001,11
517,18,10034050001,11
517,19,10034050001,11
517,20,10034050001,11
517,21,10034050001,11
517,22,10034050001,6
517,23,12011230001,3
517,24,12034104001,5
517,25,12034104001,5
517,26,14200088001,3
517,27,14506002001,4
517,28,14506002001,4
517,29,14506002001,4
517,30,14506002001,1
517,31,14506174001,6
517,32,14506174001,6
517,33,14506174001,6
517,34,14506174001,6
517,35,14506174001,6
517,36,14506174001,6
517,37,14506174001,4
517,38,14506225001,12
517,39,14506225001,8
517,40,14600020001,3
518,1,10021026001,6
518,2,10021026001,6
518,3,10021026001,2
518,4,10035001001,6
518,5,10035001001,6
518,6,10035001001,6
518,7,10035001001,6
518,8,10035001001,6
518,9,10035001001,6
518,10,10035001001,6
518,11,10035001001,6
518,12,10035001001,6
518,13,10035001001,6
518,14,10035001001,6
518,15,10035001001,6
518,16,10035001001,6
518,17,10035001001,6
518,18,10035001001,6
518,19,10035001001,6
518,20,10035001001,6
518,21,10035001001,6
518,22,10035001001,4
518,23,12011275001,4
518,24,12011365001,4
518,25,12011365001,1
518,26,14200070001,5
518,27,14507045001,3
518,28,14507045001,1
518,29,14509016001,3
518,30,14509016001,3
518,31,14509016001,3
518,32,14509016001,1
518,33,14600999001,1
518,34,14616006001,9
518,35,14616006001,9
518,36,14616006001,9
518,37,14616006001,9
518,38,14616006001,9
518,39,14616006001,9
518,40,14616006001,9
519,1,10000007001,11
519,2,10000007001,11
519,3,10000007001,11
519,4,10000007001,11
519,5,10000007001,11
519,6,10000007001,11
519,7,10000007001,11
519,8,10000007001,11
519,9,10000007001,11
519,10,10000007001,11
519,11,10000007001,11
519,12,10000007001,11
519,13,10000007001,11
519,14,10000007001,11
519,15,10000007001,11
519,16,10000007001,11
519,17,10000007001,11
519,18,10000007001,11
519,19,10000007001,11
519,20,10000007001,11
519,21,10000007001,11
519,22,10000007001,11
519,23,10000007001,11
519,24,10000007001,11
519,25,10000007001,11
519,26,10000007001,11
519,27,10000007001,11
519,28,10000007001,11
519,29,10000007001,11
519,30,10000007001,11
519,31,10000007001,11
519,32,10000007001,11
519,33,10000007001,11
519,34,10000007001,11
519,35,10000007001,11
519,36,10000007001,11
519,37,10000007001,11
519,38,10000007001,11
519,39,10000007001,11
519,40,10000007001,11
520,1,10002012001,10
520,2,10002012001,10
520,3,10002012001,10
520,4,10002012001,10
520,5,10002012001,10
520,6,10002012001,10
520,7,10002012001,10
520,8,10002012001,10
520,9,10002012001,10
520,10,10002012001,10
520,11,10002012001,10
520,12,10002012001,10
520,13,10002012001,10
520,14,10002012001,10
520,15,10002012001,10
520,16,10002012001,10
520,17,10002012001,10
520,18,10002012001,10
520,19,10002012001,10
520,20,10002012001,10
520,21,10002012001,10
520,22,10002012001,10
520,23,10002012001,10
520,24,10002012001,10
520,25,10002012001,10
520,26,10002012001,10
520,27,10002012001,10
520,28,10002012001,10
520,29,10002012001,10
520,30,10002012001,10
520,31,10002012001,10
520,32,10002012001,10
520,33,10002012001,10
520,34,10002012001,10
520,35,10002012001,10
520,36,10002012001,10
520,37,10002012001,10
520,38,10002012001,10
520,39,10002012001,10
520,40,10002012001,10
521,1,14311158001,1
521,2,14311158001,1
521,3,14311158001,1
521,4,14311158001,1
521,5,14311158001,1
521,6,14311158001,1
521,7,14311158001,1
521,8,14311158001,1
521,9,14311158001,1
521,10,14311158001,1
521,11,14311158001,1
521,12,14311158001,1
521,13,14311158001,1
521,14,14311158001,1
521,15,14311158001,1
521,16,14311158001,1
521,17,14311158001,1
521,18,14311158001,1
521,19,14311158001,1
521,20,14311158001,1
521,21,14311158001,1
521,22,14311158001,1
521,23,14311158001,1
521,24,14311158001,1
521,25,14311158001,1
521,26,14311158001,1
521,27,14311158001,1
521,28,14311158001,1
521,29,14311158001,1
521,30,14311158001,1
521,31,14311158001,1
521,32,14311158001,1
521,33,14311158001,1
521,34,14311158001,1
521,35,14311158001,1
521,36,14311158001,1
521,37,14311158001,1
521,38,14311158001,1
521,39,14311158001,1
521,40,14311158001,1
522,1,10015011001,28
522,2,10015011001,28
522,3,10015011001,28
522,4,10015011001,28
522,5,10015011001,28
522,6,10015011001,28
522,7,10015011001,24
522,8,11051013001,6
522,9,11072902001,5
522,10,11072902001,1
522,11,11103011004,9
522,12,11103011004,9
522,13,11103011004,9
522,14,11103011004,9
522,15,11103011004,9
522,16,11103011004,8
522,17,12011243001,2
522,18,14001075001,3
522,19,14001075001,3
522,20,14001075001,3
522,21,14001075001,3
522,22,14001075001,3
522,23,14001075001,3
522,24,14001075001,3
522,25,14001075001,3
522,26,14001075001,3
522,27,14001075001,3
522,28,14001075001,3
522,29,14001075001,3
522,30,14111041001,3
522,31,14111041001,3
522,32,14111041001,1
522,33,14200061001,4
522,34,14509005001,3
522,35,14509005001,3
522,36,14522065001,4
523,1,14014005001,2
523,2,14014005001,2
523,3,14014005001,2
523,4,14014005001,2
523,5,14014005001,2
523,6,14014005001,2
523,7,14014005001,2
523,8,14014005001,2
523,9,14014005001,2
523,10,14014005001,2
523,11,14014005001,2
523,12,14014005001,2
523,13,14014005001,2
523,14,14014005001,2
523,15,14014005001,2
523,16,14014005001,2
523,17,14014005001,2
523,18,14014005001,2
523,19,14014005001,2
523,20,14014005001,2
523,21,14014005001,2
523,22,14014005001,2
523,23,14014005001,2
523,24,14014005001,2
523,25,14014005001,2
523,26,14014005001,2
523,27,14014005001,2
523,28,14014005001,2
523,29,14014005001,2
523,30,14014005001,2
523,31,14014005001,2
523,32,14014005001,2
523,33,14014005001,2
523,34,14014005001,2
523,35,14014005001,2
523,36,14014005001,2
523,37,14014005001,2
523,38,14014005001,2
523,39,14014005001,2
523,40,14014005001,2
524,1,10000007001,10
524,2,10014898001,6
524,3,10014898001,6
524,4,10014898001,6
524,5,10014898001,6
524,6,10014898001,6
524,7,10014898001,6
524,8,10014898001,4
524,9,10031012001,5
524,10,10031012001,5
524,11,10031012001,5
524,12,10031012001,5
524,13,10031012001,5
524,14,10031012001,5
524,15,10031012001,5
524,16,10031012001,5
524,17,10031012001,5
524,18,10031012001,5
524,19,10031012001,5
524,20,10031012001,5
524,21,10031012001,5
524,22,10031012001,5
524,23,10031012001,5
524,24,10031012001,5
524,25,10031012001,5
524,26,10031012001,5
524,27,10031012001,5
524,28,10031012001,5
524,29,11050061001,5
524,30,11050061001,2
524,31,11104006001,6
524,32,11104006001,1
524,33,12011251001,2
524,34,14110154001,7
524,35,14110154001,7
524,36,14110154001,2
524,37,14200086001,5
524,38,14506352001,22
524,39,14506352001,22
524,40,14600899001,5
525,1,10032064001,28
525,2,10032064001,28
525,3,10032064001,28
525,4,10032064001,28
525,5,10032064001,28
525,6,10032064001,28
525,7,10032064001,28
525,8,10032064001,28
525,9,10032064001,4
525,10,12002118001,5
525,11,12002118001,5
525,12,12002118001,5
525,13,12002118001,5
525,14,12002118001,5
525,15,12002118001,5
525,16,12002118001,5
525,17,12002118001,5
525,18,12002118001,5
525,19,12011254001,5
525,20,12105036001,17
525,21,12105036001,17
525,22,12105036001,17
525,23,12105036001,2
525,24,14131074001,5
525,25,14131074001,5
525,26,14131074001,1
525,27,14200089001,5
525,28,14222897001,8
525,29,14222897001,8
525,30,14222897001,8
525,31,14222897001,8
525,32,14222897001,4
525,33,14506286001,3
525,34,14506286001,3
525,35,14600013001,14
526,1,10001020001,11
526,2,10001020001,11
526,3,10001020001,11
526,4,10001020001,11
526,5,10001020001,11
526,6,10001020001,11
526,7,10001020001,11
526,8,10001020001,11
526,9,10001020001,11
526,10,10001020001,11
526,11,10001020001,11
526,12,10001020001,11
526,13,10001020001,11
526,14,10001020001,11
526,15,10001020001,11
526,16,10001020001,11
526,17,10001020001,11
526,18,10001020001,11
526,19,10001020001,6
526,20,10002012001,2
526,21,12011033001,6
526,22,12011033001,6
526,23,12011033001,6
526,24,12011033001,6
526,25,12011033001,6
526,26,12011033001,6
526,27,12011033001,6
526,28,12011033001,6
526,29,12011033001,6
526,30,12011263001,4
526,31,12100011001,8
526,32,12100011001,8
526,33,14200059001,6
526,34,14511005001,6
526,35,14511005001,1
526,36,14600907001,5
526,37,14613026001,6
526,38,14613026001,6
526,39,14613026001,6
526,40,14613026001,4
527,1,10020002001,16
527,2,10020002001,16
527,3,10020002001,16
527,4,10020002001,16
527,5,10020002001,16
527,6,10020002001,16
527,7,10020002001,3
527,8,12011262001,4
527,9,12120091001,6
527,10,12121024001,3
527,11,12121024001,3
527,12,14014005001,2
527,13,14014005001,1
527,14,14131008001,6
527,15,14131008001,6
527,16,14131008001,5
527,17,14200093001,7
527,18,14505138001,6
527,19,14505138001,6
527,20,14505138001,6
527,21,14505138001,6
527,22,14505138001,6
527,23,14505138001,6
527,24,14505138001,6
527,25,14505138001,6
527,26,14505138001,6
527,27,14505138001,6
527,28,14505138001,6
527,29,14505138001,6
527,30,14505138001,6
527,31,14505138001,6
527,32,14505138001,6
527,33,14505138001,6
527,34,14505138001,6
527,35,14505138001,6
527,36,14505138001,6
527,37,14507044001,2
527,38,14507044001,2
527,39,14600022001,2
528,1,10035003001,6
528,2,10035003001,6
528,3,10035003001,6
528,4,10035003001,6
528,5,10035003001,6
528,6,10035003001,6
528,7,10035003001,6
528,8,11050008001,4
528,9,11050008001,4
528,10,11101039001,8
528,11,12011267001,2
528,12,12104015001,13
528,13,12104015001,13
528,14,12104015001,13
528,15,12104015001,13
528,16,12104015001,1
528,17,14111010001,1
528,18,14111010001,1
528,19,14111010001,1
528,20,14111010001,1
528,21,14111010001,1
528,22,14111010001,1
528,23,14111010001,1
528,24,14111010001,1
528,25,14111010001,1
528,26,14111010001,1
528,27,14111010001,1
528,28,14111010001,1
528,29,14132071001,5
528,30,14132071001,5
528,31,14132071001,2
528,32,14200090001,7
528,33,14509007001,3
528,34,14509007001,1
528,35,14600898001,6
529,1,10030046001,5
529,2,10030046001,5
529,3,10030046001,5
529,4,10030046001,5
529,5,10030046001,5
529,6,10030046001,5
529,7,10030046001,5
529,8,10030046001,5
529,9,10030046001,5
529,10,10030046001,5
529,11,10030046001,5
529,12,10030046001,5
529,13,10030046001,5
529,14,10030046001,5
529,15,10030046001,5
529,16,10030046001,5
529,17,10030046001,5
529,18,10030046001,5
529,19,10030046001,5
529,20,10030046001,5
529,21,10030046001,5
529,22,10030046001,5
529,23,10030046001,5
529,24,10030046001,5
529,25,10030046001,5
529,26,10030046001,5
529,27,10030046001,5
529,28,10030046001,5
529,29,10030046001,5
529,30,10030046001,5
529,31,10030046001,5
529,32,10030046001,5
529,33,10030046001,5
529,34,10030046001,5
529,35,10030046001,5
529,36,10030046001,5
529,37,10030046001,5
529,38,10030046001,5
529,39,10030046001,5
529,40,10030046001,5
530,1,10030046001,4
530,2,10034046001,8
530,3,10034046001,8
530,4,10034046001,8
530,5,10034046001,8
530,6,10034046001,8
530,7,10034046001,8
530,8,10034046001,4
530,9,12011304001,2
530,10,14200096001,5
530,11,14204125001,9
530,12,14204125001,9
530,13,14204125001,5
530,14,14361170001,4
530,15,14361170001,1
530,16,14503005001,12
530,17,14503005001,12
530,18,14503005001,12
530,19,14503005001,12
530,20,14503005001,12
530,21,14503005001,12
530,22,14503005001,12
530,23,14503005001,12
530,24,14503005001,12
530,25,14503005001,12
530,26,14503005001,12
530,27,14503005001,12
530,28,14503005001,12
530,29,14503005001,12
530,30,14503005001,12
530,31,14503005001,12
530,32,14503005001,12
530,33,14503005001,12
530,34,14503005001,12
530,35,14503005001,4
530,36,14506122001,5
530,37,14509036001,3
530,38,14509036001,2
530,39,14600912001,11
531,1,11070001001,5
531,2,11070001001,5
531,3,11070001001,5
531,4,11070001001,5
531,5,11070001001,5
531,6,11070001001,5
531,7,11070001001,1
531,8,12003064001,26
531,9,12003064001,26
531,10,12003064001,1
531,11,12011276001,2
531,12,12106088001,7
531,13,12106088001,1
531,14,12120086001,8
531,15,14121136001,8
531,16,14121136001,8
531,17,14121136001,7
531,18,14202017001,9
531,19,14204131001,10
531,20,14204131001,10
531,21,14204131001,10
531,22,14204131001,10
531,23,14204131001,10
531,24,14204131001,10
531,25,14204131001,10
531,26,14204131001,10
531,27,14204131001,10
531,28,14204131001,10
531,29,14204131001,10
531,30,14204131001,2
531,31,14522050001,6
531,32,14522050001,4
531,33,14600032001,4
532,1,10041085001,5
532,2,10041085001,5
532,3,10041085001,5
532,4,10041085001,5
532,5,10041085001,5
532,6,10041085001,5
532,7,10041085001,5
532,8,10041085001,5
532,9,10041085001,5
532,10,10041085001,5
532,11,10041085001,5
532,12,10041085001,5
532,13,10041085001,5
532,14,10041085001,5
532,15,10041085001,5
532,16,10041085001,5
532,17,10041085001,5
532,18,10041085001,5
532,19,10041085001,5
532,20,10041085001,5
532,21,10041085001,5
532,22,10041085001,5
532,23,10041085001,5
532,24,10041085001,5
532,25,10041085001,5
532,26,10041085001,5
532,27,10041085001,5
532,28,10041085001,5
532,29,10041085001,5
532,30,10041085001,5
532,31,10041085001,5
532,32,10041085001,5
532,33,10041085001,5
532,34,10041085001,5
532,35,10041085001,5
532,36,10041085001,5
532,37,10041085001,5
532,38,10041085001,5
532,39,10041085001,5
532,40,10041085001,5
533,1,10034042001,28
533,2,10034042001,28
533,3,10034042001,28
533,4,10034042001,28
533,5,10034042001,28
533,6,10034042001,28
533,7,10034042001,28
533,8,10034042001,28
533,9,10034042001,28
533,10,10034042001,28
533,11,10034042001,28
533,12,10034042001,28
533,13,10034042001,28
533,14,10034042001,28
533,15,10034042001,28
533,16,10034042001,28
533,17,10034042001,28
533,18,10034042001,28
533,19,10034042001,28
533,20,10034042001,28
533,21,10034042001,28
533,22,10034042001,28
533,23,10034042001,28
533,24,10034042001,28
533,25,10034042001,28
533,26,10034042001,28
533,27,10034042001,28
533,28,10034042001,28
533,29,10034042001,28
533,30,10034042001,28
533,31,10034042001,28
533,32,10034042001,28
533,33,10034042001,28
533,34,10034042001,28
533,35,10034042001,28
533,36,10034042001,28
533,37,10034042001,28
533,38,10034042001,28
533,39,10034042001,28
533,40,10034042001,28
534,1,10014028001,28
534,2,10014028001,28
534,3,10014028001,28
534,4,10014028001,28
534,5,10014028001,28
534,6,10014028001,28
534,7,10014028001,28
534,8,10014028001,28
534,9,10014028001,28
534,10,10014028001,28
534,11,10014028001,28
534,12,10014028001,28
534,13,10014028001,28
534,14,10014028001,28
534,15,10014028001,28
534,16,10014028001,28
534,17,10014028001,28
534,18,10014028001,28
534,19,10014028001,18
534,20,10034042001,20
534,21,12011291001,1
534,22,12100036001,7
534,23,12100036001,3
534,24,14020053001,7
534,25,14020053001,7
534,26,14020053001,7
534,27,14020053001,7
534,28,14020053001,7
534,29,14020053001,7
534,30,14020053001,7
534,31,14020053001,7
534,32,14020053001,7
534,33,14202023001,3
534,34,14601009001,2
534,35,14610009001,13
534,36,14610009001,8
534,37,14610011001,5
534,38,14610011001,5
534,39,14610011001,5
534,40,14610011001,3
535,1,10041085001,4
535,2,12011338001,1
535,3,12105001001,5
535,4,12105001001,3
535,5,14013004001,1
535,6,14013004001,1
535,7,14013004001,1
535,8,14013004001,1
535,9,14013004001,1
535,10,14013004001,1
535,11,14013004001,1
535,12,14013004001,1
535,13,14013004001,1
535,14,14013004001,1
535,15,14013004001,1
535,16,14013004001,1
535,17,14013004001,1
535,18,14013004001,1
535,19,14013004001,1
535,20,14013004001,1
535,21,14013004001,1
535,22,14013004001,1
535,23,14013004001,1
535,24,14021010001,10
535,25,14021010001,10
535,26,14021010001,10
535,27,14021010001,10
535,28,14021010001,10
535,29,14021010001,10
535,30,14021010001,10
535,31,14021010001,10
535,32,14021010001,3
535,33,14202011001,3
535,34,14509008001,5
535,35,14509008001,5
535,36,14509008001,5
535,37,14509008001,5
535,38,14522051001,6
535,39,14522051001,4
535,40,14601016001,1
536,1,14500023001,7
536,2,14500023001,7
536,3,14500023001,7
536,4,14500023001,7
536,5,14500023001,7
536,6,14500023001,7
536,7,14500023001,7
536,8,14500023001,7
536,9,14500023001,7
536,10,14500023001,7
536,11,14500023001,7
536,12,14500023001,7
536,13,14500023001,7
536,14,14500023001,7
536,15,14500023001,7
536,16,14500023001,7
536,17,14500023001,7
536,18,14500023001,7
536,19,14500023001,7
536,20,14500023001,7
536,21,14500023001,7
536,22,14500023001,7
536,23,14500023001,7
536,24,14500023001,7
536,25,14500023001,7
536,26,14500023001,7
536,27,14500023001,7
536,28,14500023001,7
536,29,14500023001,7
536,30,14500023001,7
536,31,14500023001,7
536,32,14500023001,7
536,33,14500023001,7
536,34,14500023001,7
536,35,14500023001,7
536,36,14500023001,7
536,37,14500023001,7
536,38,14500023001,7
536,39,14500023001,7
536,40,14500023001,7
537,1,10002003001,5
537,2,10002003001,5
537,3,10002003001,5
537,4,10002003001,5
537,5,10002003001,5
537,6,10002003001,5
537,7,10002003001,5
537,8,10002003001,5
537,9,10002003001,5
537,10,10002003001,5
537,11,10002003001,5
537,12,10002003001,5
537,13,10002003001,5
537,14,10002003001,5
537,15,10002003001,5
537,16,10002003001,5
537,17,10002003001,5
537,18,10002003001,5
537,19,10002003001,5
537,20,10002003001,5
537,21,10002003001,5
537,22,10002003001,5
537,23,10002003001,5
537,24,10002003001,5
537,25,10002003001,5
537,26,10002003001,5
537,27,10002003001,5
537,28,10002003001,5
537,29,10002003001,5
537,30,10002003001,5
537,31,10002003001,5
537,32,10002003001,5
537,33,10002003001,5
537,34,10002003001,5
537,35,10002003001,5
537,36,10002003001,5
537,37,10002003001,5
537,38,10002003001,5
537,39,10002003001,5
537,40,10002003001,5
538,1,10041008001,5
538,2,10041008001,5
538,3,10041008001,5
538,4,10041008001,5
538,5,10041008001,5
538,6,10041008001,5
538,7,10041008001,2
538,8,12010049001,13
538,9,12010049001,3
538,10,12010051001,13
538,11,12010051001,3
538,12,12011333001,4
538,13,14201003001,5
538,14,14201013001,4
538,15,14201013001,4
538,16,14201013001,2
538,17,14244014001,2
538,18,14244014001,2
538,19,14244014001,2
538,20,14244014001,2
538,21,14244014001,2
538,22,14244014001,2
538,23,14244014001,2
538,24,14244014001,2
538,25,14244014001,2
538,26,14244014001,2
538,27,14244014001,2
538,28,14244014001,2
538,29,14509037001,17
538,30,14509037001,17
538,31,14509037001,17
538,32,14509037001,2
538,33,14601015001,3
538,34,14603012001,5
538,35,14603012001,5
539,1,10024014001,9
539,2,10024014001,9
539,3,10024014001,9
539,4,10024014001,9
539,5,10024014001,9
539,6,10024014001,9
539,7,10024014001,9
539,8,10024014001,9
539,9,10024014001,9
539,10,10024014001,9
539,11,10024014001,9
539,12,10024014001,9
539,13,10024014001,9
539,14,10024014001,9
539,15,10024014001,9
539,16,10024014001,9
539,17,10024014001,9
539,18,10024014001,9
539,19,10024014001,2
539,20,12011310001,3
539,21,12102024001,4
539,22,12102024001,2
539,23,14022019001,5
539,24,14022019001,5
539,25,14022019001,5
539,26,14022019001,5
539,27,14022019001,5
539,28,14022019001,5
539,29,14022019001,5
539,30,14022019001,5
539,31,14022019001,5
539,32,14202018001,8
539,33,14500023001,6
539,34,14601028001,3
539,35,14611007001,6
539,36,14611007001,1
539,37,14620014001,9
539,38,14620014001,9
539,39,14620014001,9
539,40,14620014001,4
540,1,10020012001,13
540,2,10020012001,13
540,3,10020012001,13
540,4,10020012001,13
540,5,10020012001,13
540,6,10020012001,13
540,7,10020012001,12
540,8,12011308001,1
540,9,12234920001,2
540,10,12234920001,2
540,11,12234920001,2
540,12,12234920001,2
540,13,12234920001,2
540,14,12234920001,2
540,15,12234920001,2
540,16,12234920001,2
540,17,12234920001,2
540,18,14120020001,7
540,19,14120020001,7
540,20,14120020001,4
540,21,14203048001,5
540,22,14244052001,2
540,23,14244052001,2
540,24,14244052001,2
540,25,14244052001,2
540,26,14244052001,2
540,27,14244052001,2
540,28,14244052001,2
540,29,14244052001,2
540,30,14244052001,2
540,31,14244052001,2
540,32,14244052001,2
540,33,14244052001,2
540,34,14600011001,5
540,35,14600017001,8
540,36,14600017001,1
540,37,14601027001,3
540,38,14602033001,4
540,39,14602033001,1
541,1,10034016001,5
541,2,10034016001,5
541,3,10034016001,5
541,4,10034016001,5
541,5,10034016001,5
541,6,10034016001,5
541,7,10034016001,5
541,8,10034016001,5
541,9,10034016001,5
541,10,10034016001,5
541,11,10034016001,5
541,12,10034016001,5
541,13,10034016001,5
541,14,10034016001,5
541,15,10034016001,5
541,16,10034016001,5
541,17,10034016001,5
541,18,10034016001,5
541,19,10034016001,5
541,20,10034016001,5
541,21,10034016001,5
541,22,10034016001,5
541,23,10034016001,5
541,24,10034016001,5
541,25,10034016001,5
541,26,10034016001,5
541,27,10034016001,5
541,28,10034016001,5
541,29,10034016001,5
541,30,10034016001,5
541,31,10034016001,5
541,32,10034016001,5
541,33,10034016001,5
541,34,10034016001,5
541,35,10034016001,5
541,36,10034016001,5
541,37,10034016001,5
541,38,10034016001,5
541,39,10034016001,5
541,40,10034016001,5
542,1,10031001001,28
542,2,10031001001,28
542,3,10031001001,28
542,4,10031001001,28
542,5,10031001001,28
542,6,10031001001,28
542,7,10031001001,28
542,8,10031001001,28
542,9,10031001001,28
542,10,10031001001,28
542,11,10031001001,28
542,12,10031001001,28
542,13,10031001001,28
542,14,10031001001,28
542,15,10031001001,28
542,16,10031001001,28
542,17,10031001001,28
542,18,10031001001,28
542,19,10031001001,28
542,20,10031001001,28
542,21,10031001001,28
542,22,10031001001,28
542,23,10031001001,28
542,24,10031001001,28
542,25,10031001001,28
542,26,10031001001,28
542,27,10031001001,28
542,28,10031001001,28
542,29,10031001001,28
542,30,10031001001,28
542,31,10031001001,28
542,32,10031001001,28
542,33,10031001001,28
542,34,10031001001,28
542,35,10031001001,28
542,36,10031001001,28
542,37,10031001001,28
542,38,10031001001,28
542,39,10031001001,28
542,40,14601051001,3
543,1,10000012001,5
543,2,10000012001,5
543,3,10000012001,5
543,4,10000012001,5
543,5,10000012001,5
543,6,10000012001,5
543,7,10000012001,5
543,8,10000012001,5
543,9,10000012001,5
543,10,10000012001,5
543,11,10000012001,5
543,12,10000012001,5
543,13,10000012001,5
543,14,10000012001,5
543,15,10000012001,5
543,16,10000012001,5
543,17,10000012001,5
543,18,10000012001,5
543,19,10000012001,5
543,20,10000012001,5
543,21,10000012001,5
543,22,10000012001,5
543,23,10000012001,5
543,24,10000012001,5
543,25,10000012001,5
543,26,10000012001,5
543,27,10000012001,5
543,28,10000012001,5
543,29,10000012001,5
543,30,10000012001,5
543,31,10000012001,5
543,32,10000012001,5
543,33,10000012001,5
543,34,10000012001,5
543,35,10000012001,5
543,36,10000012001,5
543,37,10000012001,5
543,38,10000012001,3
543,39,14203016001,3
543,40,14601047001,6
544,1,14502077001,7
544,2,14502077001,7
544,3,14502077001,7
544,4,14502077001,7
544,5,14502077001,7
544,6,14502077001,7
544,7,14502077001,7
544,8,14502077001,7
544,9,14502077001,7
544,10,14502077001,7
544,11,14502077001,7
544,12,14502077001,7
544,13,14502077001,7
544,14,14502077001,7
544,15,14502077001,7
544,16,14502077001,7
544,17,14502077001,7
544,18,14502077001,7
544,19,14502077001,7
544,20,14502077001,7
544,21,14502077001,7
544,22,14502077001,7
544,23,14502077001,7
544,24,14502077001,7
544,25,14502077001,7
544,26,14502077001,7
544,27,14502077001,7
544,28,14502077001,7
544,29,14502077001,7
544,30,14502077001,7
544,31,14502077001,7
544,32,14502077001,7
544,33,14502077001,7
544,34,14502077001,7
544,35,14502077001,7
544,36,14502077001,7
544,37,14502077001,7
544,38,14502077001,7
544,39,14502077001,7
544,40,14502077001,6
545,1,10033064001,12
545,2,10033064001,12
545,3,10033064001,12
545,4,10033064001,12
545,5,10033064001,12
545,6,10033064001,12
545,7,10033064001,12
545,8,10033064001,12
545,9,10033064001,12
545,10,10033064001,12
545,11,10033064001,12
545,12,10033064001,12
545,13,10033064001,12
545,14,10033064001,12
545,15,10033064001,12
545,16,10033064001,12
545,17,10033064001,12
545,18,10033064001,12
545,19,10033064001,12
545,20,10033064001,12
545,21,10033064001,12
545,22,10033064001,12
545,23,10033064001,12
545,24,10033064001,12
545,25,10033064001,12
545,26,10033064001,12
545,27,10033064001,12
545,28,10033064001,12
545,29,10033064001,12
545,30,10033064001,12
545,31,10033064001,12
545,32,10033064001,12
545,33,10033064001,12
545,34,10033064001,12
545,35,10033064001,12
545,36,10033064001,12
545,37,10033064001,12
545,38,10033064001,6
545,39,14202013001,4
545,40,14601063001,3
546,1,11100001001,6
546,2,11100001001,6
546,3,11100001001,6
546,4,11100001001,6
546,5,11100001001,6
546,6,11100001001,6
546,7,11100001001,3
546,8,12011347001,4
546,9,12020312001,53
546,10,14201019001,4
546,11,14201019001,4
546,12,14201019001,2
546,13,14203053001,2
546,14,14353039001,3
546,15,14353039001,3
546,16,14353039001,3
546,17,14353039001,3
546,18,14353039001,3
546,19,14353039001,3
546,20,14353039001,3
546,21,14353039001,3
546,22,14353039001,3
546,23,14353039001,3
546,24,14353039001,3
546,25,14353039001,2
546,26,14362033001,6
546,27,14362033001,1
546,28,14601067001,3
546,29,14603019001,5
546,30,14603019001,2
546,31,14612088001,8
546,32,14612088001,8
547,1,10030005001,6
547,2,10030005001,6
547,3,10030005001,6
547,4,10030005001,6
547,5,10030005001,6
547,6,10030005001,6
547,7,10030005001,6
547,8,10030005001,6
547,9,10030005001,6
547,10,10030005001,6
547,11,10030005001,3
547,12,12011374001,2
547,13,12103029001,6
547,14,12103029001,3
547,15,12106005001,25
547,16,12106005001,25
547,17,12106005001,3
547,18,12301027001,2
547,19,12301027001,2
547,20,12301027001,2
547,21,12301027001,2
547,22,12301027001,2
547,23,12301027001,2
547,24,12301027001,2
547,25,12301027001,2
547,26,12301027001,2
547,27,14200091001,6
547,28,14601999001,9
547,29,14613024001,9
547,30,14613024001,2
547,31,14613902001,7
547,32,14613902001,7
547,33,14613902001,7
547,34,14613902001,6
548,1,10033065001,6
548,2,10033065001,6
548,3,10033065001,6
548,4,10033065001,6
548,5,10033065001,6
548,6,10033065001,6
548,7,10033065001,6
548,8,10033065001,6
548,9,10033065001,6
548,10,10033065001,6
548,11,10033065001,6
548,12,10033065001,6
548,13,10033065001,6
548,14,10033065001,6
548,15,10033065001,6
548,16,10033065001,6
548,17,10033065001,6
548,18,10033065001,6
548,19,10033065001,6
548,20,10033065001,6
548,21,10033065001,6
548,22,10033065001,6
548,23,10033065001,6
548,24,10033065001,6
548,25,10033065001,6
548,26,10033065001,6
548,27,10033065001,6
548,28,10033065001,6
548,29,10033065001,6
548,30,10033065001,6
548,31,10033065001,6
548,32,10033065001,6
548,33,10033065001,6
548,34,10033065001,6
548,35,10033065001,6
548,36,10033065001,6
548,37,10033065001,6
548,38,10033065001,4
548,39,14203055001,6
548,40,14602035001,10
549,1,10034025001,28
549,2,10034025001,28
549,3,10034025001,28
549,4,10034025001,28
549,5,10034025001,28
549,6,10034025001,28
549,7,10034025001,28
549,8,10034025001,28
549,9,10034025001,28
549,10,10034025001,28
549,11,10034025001,28
549,12,10034025001,28
549,13,10034025001,28
549,14,10034025001,28
549,15,10034025001,28
549,16,10034025001,28
549,17,10034025001,28
549,18,10034025001,28
549,19,10034025001,28
549,20,10034025001,28
549,21,10034025001,28
549,22,10034025001,28
549,23,10034025001,28
549,24,10034025001,28
549,25,10034025001,28
549,26,10034025001,28
549,27,10034025001,28
549,28,10034025001,28
549,29,10034025001,28
549,30,10034025001,28
549,31,10034025001,28
549,32,10034025001,28
549,33,10034025001,28
549,34,10034025001,28
549,35,10034025001,28
549,36,10034025001,28
549,37,10034025001,28
549,38,10034025001,28
549,39,10034025001,10
549,40,14601065001,4
550,1,12011349001,3
550,2,14203061001,4
550,3,14602050001,5
550,4,14611010001,3
550,5,14611010001,3
550,6,14611010001,3
550,7,14611010001,3
550,8,14611010001,3
550,9,14611010001,3
550,10,14611010001,3
550,11,14611010001,3
550,12,14611010001,3
550,13,14611010001,3
550,14,14611010001,3
550,15,14611010001,3
550,16,14611010001,3
550,17,14611010001,3
550,18,14611010001,3
550,19,14611010001,3
550,20,14611010001,3
550,21,14611010001,3
550,22,14611010001,3
550,23,14611010001,3
550,24,14611010001,3
550,25,14611010001,3
550,26,14611010001,3
550,27,14611010001,3
550,28,14611010001,3
550,29,14611010001,3
550,30,14611010001,3
550,31,14611010001,3
550,32,14611010001,3
550,33,14611010001,3
550,34,14611010001,3
550,35,14611010001,3
550,36,14611010001,3
550,37,14611010001,3
550,38,14611010001,3
550,39,14611010001,3
550,40,14611010001,3
551,1,10002017001,8
551,2,10002017001,8
551,3,10002017001,8
551,4,10002017001,8
551,5,10002017001,8
551,6,10002017001,8
551,7,10002017001,8
551,8,10002017001,8
551,9,10002017001,8
551,10,10002017001,8
551,11,10002017001,8
551,12,10002017001,8
551,13,10002017001,8
551,14,10002017001,8
551,15,10002017001,8
551,16,10002017001,8
551,17,10002017001,8
551,18,10002017001,8
551,19,10002017001,8
551,20,10002017001,8
551,21,10002017001,8
551,22,10002017001,8
551,23,10002017001,8
551,24,10002017001,8
551,25,10002017001,8
551,26,10002017001,8
551,27,10002017001,8
551,28,10002017001,8
551,29,10002017001,8
551,30,10002017001,8
551,31,10002017001,8
551,32,10002017001,8
551,33,10002017001,8
551,34,10002017001,8
551,35,10002017001,8
551,36,10002017001,8
551,37,10002017001,7
551,38,12011351001,1
551,39,14203058001,3
551,40,14602022001,3
552,1,10021022001,9
552,2,10021022001,9
552,3,10021022001,9
552,4,10021022001,9
552,5,10021022001,9
552,6,10021022001,9
552,7,10021022001,9
552,8,10021022001,9
552,9,10021022001,9
552,10,10021022001,9
552,11,10021022001,6
552,12,12011360001,6
552,13,12103041001,7
552,14,12103041001,2
552,15,14010064001,2
552,16,14010064001,2
552,17,14010064001,2
552,18,14010064001,2
552,19,14010064001,2
552,20,14010064001,2
552,21,14010064001,2
552,22,14010064001,2
552,23,14010064001,1
552,24,14104028001,24
552,25,14104028001,24
552,26,14104028001,5
552,27,14203064001,4
552,28,14602034001,3
552,29,14612075001,9
552,30,14612075001,9
552,31,14612075001,9
552,32,14612075001,5
552,33,14613900001,12
552,34,14613900001,9
553,1,10035015001,11
553,2,10035015001,11
553,3,10035015001,11
553,4,10035015001,11
553,5,10035015001,11
553,6,10035015001,11
553,7,10035015001,11
553,8,10035015001,11
553,9,10035015001,11
553,10,10035015001,11
553,11,10035015001,11
553,12,10035015001,11
553,13,10035015001,11
553,14,10035015001,11
553,15,10035015001,11
553,16,10035015001,11
553,17,10035015001,11
553,18,10035015001,11
553,19,10035015001,11
553,20,10035015001,11
553,21,10035015001,11
553,22,10035015001,11
553,23,10035015001,11
553,24,10035015001,11
553,25,10035015001,11
553,26,10035015001,11
553,27,10035015001,11
553,28,10035015001,11
553,29,10035015001,11
553,30,10035015001,11
553,31,10035015001,11
553,32,10035015001,11
553,33,10035015001,11
553,34,10035015001,11
553,35,10035015001,11
553,36,10035015001,11
553,37,10035015001,11
553,38,10035015001,1
553,39,14203062001,6
553,40,14602037001,1
554,1,10014009001,7
554,2,10014009001,7
554,3,10014009001,7
554,4,10014009001,7
554,5,10014009001,7
554,6,10014009001,7
554,7,10014009001,7
554,8,10014009001,7
554,9,10014009001,7
554,10,10014009001,7
554,11,10014009001,7
554,12,10014009001,7
554,13,10014009001,7
554,14,10014009001,7
554,15,10014009001,7
554,16,10014009001,7
554,17,10014009001,7
554,18,10014009001,7
554,19,10014009001,7
554,20,10014009001,7
554,21,10014009001,7
554,22,10014009001,7
554,23,10014009001,7
554,24,10014009001,7
554,25,10014009001,7
554,26,10014009001,7
554,27,10014009001,7
554,28,10014009001,7
554,29,10014009001,7
554,30,10014009001,7
554,31,10014009001,7
554,32,10014009001,7
554,33,10014009001,7
554,34,10014009001,7
554,35,10014009001,7
554,36,10014009001,7
554,37,10014009001,6
554,38,12011355001,3
554,39,14204077001,3
554,40,14602052001,1
555,1,10031004001,5
555,2,10031004001,5
555,3,10031004001,5
555,4,10031004001,5
555,5,10031004001,5
555,6,10031004001,5
555,7,10031004001,5
555,8,10031004001,5
555,9,10031004001,5
555,10,10031004001,5
555,11,10031004001,5
555,12,10031004001,5
555,13,10031004001,5
555,14,10031004001,5
555,15,10031004001,5
555,16,10031004001,5
555,17,10031004001,5
555,18,10031004001,5
555,19,10031004001,5
555,20,10031004001,5
555,21,10031004001,5
555,22,10031004001,5
555,23,10031004001,5
555,24,10031004001,5
555,25,10031004001,5
555,26,10031004001,5
555,27,10031004001,5
555,28,10031004001,5
555,29,10031004001,5
555,30,10031004001,5
555,31,10031004001,5
555,32,10031004001,5
555,33,10031004001,5
555,34,10031004001,5
555,35,10031004001,5
555,36,10031004001,5
555,37,11040047001,6
555,38,12011373001,1
555,39,14203065001,2
555,40,14601073001,2
556,1,11021095001,11
556,2,11021095001,11
556,3,11021095001,11
556,4,11021095001,11
556,5,11021095001,9
556,6,11050035001,3
556,7,11050035001,3
556,8,11050035001,3
556,9,11050035001,3
556,10,11050035001,3
556,11,11050035001,3
556,12,11050035001,2
556,13,12011466001,1
556,14,14201021001,4
556,15,14201021001,4
556,16,14201021001,4
556,17,14204044001,5
556,18,14501011001,6
556,19,14501011001,6
556,20,14501011001,6
556,21,14501011001,6
556,22,14501011001,6
556,23,14501011001,6
556,24,14501011001,6
556,25,14501011001,6
556,26,14501011001,6
556,27,14501011001,6
556,28,14501011001,6
556,29,14501011001,2
556,30,14602058001,2
556,31,14612900001,18
556,32,14612900001,2
556,33,14615059001,11
556,34,14615059001,9
556,35,14615108001,16
556,36,14615108001,9
557,1,10030014001,5
557,2,10030014001,5
557,3,10030014001,5
557,4,10030014001,5
557,5,10030014001,5
557,6,10030014001,5
557,7,10030014001,5
557,8,10030014001,5
557,9,10030014001,5
557,10,10030014001,5
557,11,10030014001,5
557,12,10030014001,5
557,13,10030014001,5
557,14,10030014001,5
557,15,10030014001,5
557,16,10030014001,5
557,17,10030014001,5
557,18,10030014001,5
557,19,10030014001,5
557,20,10030014001,5
557,21,10030014001,5
557,22,10030014001,5
557,23,10030014001,5
557,24,10030014001,5
557,25,10030014001,5
557,26,10030014001,5
557,27,10030014001,5
557,28,10030014001,5
557,29,10030014001,5
557,30,10030014001,5
557,31,10030014001,5
557,32,10030014001,5
557,33,10030014001,5
557,34,10030014001,5
557,35,10030014001,5
557,36,10030014001,5
557,37,11032035001,4
557,38,12011376001,2
557,39,14204051001,4
557,40,14602063001,8
558,1,11040008001,7
558,2,12011367001,4
558,3,14204055001,8
558,4,14504055001,6
558,5,14504055001,6
558,6,14504055001,6
558,7,14504055001,6
558,8,14504055001,6
558,9,14504055001,6
558,10,14504055001,6
558,11,14504055001,6
558,12,14504055001,6
558,13,14504055001,6
558,14,14504055001,6
558,15,14504055001,6
558,16,14504055001,6
558,17,14504055001,6
558,18,14504055001,6
558,19,14504055001,6
558,20,14504055001,6
558,21,14504055001,6
558,22,14504055001,6
558,23,14504055001,6
558,24,14504055001,6
558,25,14504055001,6
558,26,14504055001,6
558,27,14504055001,6
558,28,14504055001,6
558,29,14504055001,6
558,30,14504055001,6
558,31,14504055001,6
558,32,14504055001,6
558,33,14504055001,6
558,34,14504055001,6
558,35,14504055001,6
558,36,14504055001,6
558,37,14504055001,6
558,38,14504055001,6
558,39,14504055001,5
558,40,14602049001,2
559,1,10035034001,28
559,2,10035034001,28
559,3,10035034001,28
559,4,10035034001,28
559,5,10035034001,28
559,6,10035034001,28
559,7,10035034001,28
559,8,10035034001,28
559,9,10035034001,28
559,10,10035034001,28
559,11,10035034001,28
559,12,10035034001,28
559,13,10035034001,28
559,14,10035034001,28
559,15,10035034001,28
559,16,10035034001,28
559,17,10035034001,28
559,18,10035034001,28
559,19,10035034001,28
559,20,10035034001,28
559,21,10035034001,28
559,22,10035034001,28
559,23,10035034001,28
559,24,10035034001,28
559,25,10035034001,28
559,26,10035034001,28
559,27,10035034001,28
559,28,10035034001,28
559,29,10035034001,28
559,30,10035034001,28
559,31,10035034001,28
559,32,10035034001,28
559,33,10035034001,28
559,34,10035034001,28
559,35,10035034001,28
559,36,10035034001,28
559,37,11032043001,2
559,38,12011417001,2
559,39,14204197001,2
559,40,14602074001,2
560,1,10040041001,12
560,2,10040041001,12
560,3,10040041001,12
560,4,10040041001,12
560,5,10040041001,12
560,6,10040041001,12
560,7,10040041001,12
560,8,10040041001,12
560,9,10040041001,12
560,10,10040041001,12
560,11,10040041001,12
560,12,10040041001,12
560,13,10040041001,12
560,14,10040041001,12
560,15,10040041001,12
560,16,10040041001,12
560,17,10040041001,12
560,18,10040041001,12
560,19,10040041001,12
560,20,10040041001,12
560,21,10040041001,12
560,22,10040041001,12
560,23,10040041001,12
560,24,10040041001,12
560,25,10040041001,12
560,26,10040041001,12
560,27,10040041001,12
560,28,10040041001,12
560,29,10040041001,12
560,30,10040041001,12
560,31,10040041001,12
560,32,10040041001,12
560,33,10040041001,12
560,34,10040041001,12
560,35,10040041001,12
560,36,10040041001,12
560,37,11040027001,6
560,38,12011473001,3
560,39,14204118001,3
560,40,14603026001,3
561,1,10030018001,8
561,2,10030018001,8
561,3,10030018001,8
561,4,10030018001,8
561,5,10030018001,8
561,6,10030018001,8
561,7,10030018001,8
561,8,10030018001,8
561,9,10030018001,8
561,10,10030018001,8
561,11,10030018001,4
561,12,12011403001,3
561,13,12022224001,50
561,14,12022224001,3
561,15,12100018001,5
561,16,12100018001,5
561,17,14101074001,3
561,18,14101074001,3
561,19,14101074001,3
561,20,14101074001,3
561,21,14101074001,3
561,22,14101074001,3
561,23,14101074001,3
561,24,14101074001,3
561,25,14101074001,1
561,26,14204127001,8
561,27,14602116001,4
561,28,14616019001,5
561,29,14616019001,1
561,30,14620062001,8
561,31,14620062001,8
561,32,14620062001,8
561,33,14620062001,8
562,1,10031019001,5
562,2,10031019001,5
562,3,10031019001,5
562,4,10031019001,5
562,5,10031019001,5
562,6,10031019001,5
562,7,10031019001,5
562,8,10031019001,5
562,9,10031019001,5
562,10,10031019001,5
562,11,10031019001,5
562,12,10031019001,5
562,13,10031019001,5
562,14,10031019001,5
562,15,10031019001,5
562,16,10031019001,5
562,17,10031019001,5
562,18,10031019001,5
562,19,10031019001,5
562,20,10031019001,5
562,21,10031019001,5
562,22,10031019001,5
562,23,10031019001,5
562,24,10031019001,5
562,25,10031019001,5
562,26,10031019001,5
562,27,10031019001,5
562,28,10031019001,5
562,29,10031019001,5
562,30,10031019001,5
562,31,10031019001,5
562,32,10031019001,5
562,33,10031019001,5
562,34,10031019001,5
562,35,10031019001,2
562,36,12011477001,2
562,37,14204135001,12
562,38,14602060001,3
562,39,14616060001,9
562,40,14616060001,6
563,1,10030019001,5
563,2,10030019001,5
563,3,10030019001,5
563,4,10030019001,5
563,5,10030019001,5
563,6,10030019001,5
563,7,10030019001,5
563,8,10030019001,5
563,9,10030019001,5
563,10,10030019001,5
563,11,10030019001,5
563,12,10030019001,5
563,13,10030019001,5
563,14,10030019001,5
563,15,10030019001,5
563,16,10030019001,5
563,17,10030019001,5
563,18,10030019001,5
563,19,10030019001,5
563,20,10030019001,5
563,21,10030019001,5
563,22,10030019001,5
563,23,10030019001,5
563,24,10030019001,5
563,25,10030019001,5
563,26,10030019001,5
563,27,10030019001,5
563,28,10030019001,5
563,29,10030019001,5
563,30,10030019001,5
563,31,10030019001,5
563,32,10030019001,5
563,33,10030019001,5
563,34,10030019001,3
563,35,11040018001,6
563,36,12011439001,2
563,37,12211017001,2
563,38,12211017001,2
563,39,14204136001,4
563,40,14602061001,2
564,1,12012014001,3
564,2,12130086001,1
564,3,12130086001,1
564,4,12130086001,1
564,5,12130086001,1
564,6,12130086001,1
564,7,12130086001,1
564,8,12130086001,1
564,9,12130086001,1
564,10,12130086001,1
564,11,12130086001,1
564,12,12130086001,1
564,13,12130086001,1
564,14,12130086001,1
564,15,12130086001,1
564,16,12130086001,1
564,17,12130086001,1
564,18,12130086001,1
564,19,12130086001,1
564,20,12130086001,1
564,21,12130086001,1
564,22,12130086001,1
564,23,12130086001,1
564,24,12130086001,1
564,25,12130086001,1
564,26,12130086001,1
564,27,12130086001,1
564,28,12130086001,1
564,29,12130086001,1
564,30,12130086001,1
564,31,12130086001,1
564,32,12130086001,1
564,33,12130086001,1
564,34,12130086001,1
564,35,12130086001,1
564,36,12130086001,1
564,37,14210019001,1
564,38,14604001001,1
564,39,14620158001,9
564,40,14620158001,4
565,1,10035002001,7
565,2,10035002001,7
565,3,10035002001,7
565,4,10035002001,7
565,5,10035002001,7
565,6,10035002001,7
565,7,10035002001,7
565,8,10035002001,7
565,9,10035002001,7
565,10,10035002001,7
565,11,10035002001,2
565,12,12010180001,30
565,13,12010180001,23
565,14,12012022001,1
565,15,12106001001,28
565,16,12106001001,4
565,17,14103018001,3
565,18,14103018001,3
565,19,14103018001,3
565,20,14103018001,3
565,21,14103018001,3
565,22,14103018001,3
565,23,14103018001,3
565,24,14103018001,3
565,25,14103018001,1
565,26,14204198001,2
565,27,14604042001,3
565,28,14613908001,6
565,29,14613908001,6
565,30,14613908001,6
565,31,14613908001,1
565,32,14620001001,9
565,33,14620001001,3
566,1,10040002001,5
566,2,10040002001,5
566,3,10040002001,5
566,4,10040002001,5
566,5,10040002001,5
566,6,10040002001,5
566,7,10040002001,5
566,8,10040002001,5
566,9,10040002001,5
566,10,10040002001,5
566,11,10040002001,5
566,12,10040002001,5
566,13,10040002001,5
566,14,10040002001,5
566,15,10040002001,5
566,16,10040002001,5
566,17,10040002001,5
566,18,10040002001,5
566,19,10040002001,5
566,20,10040002001,5
566,21,10040002001,5
566,22,10040002001,5
566,23,10040002001,5
566,24,10040002001,5
566,25,10040002001,5
566,26,10040002001,5
566,27,10040002001,5
566,28,10040002001,5
566,29,10040002001,5
566,30,10040002001,5
566,31,10040002001,5
566,32,10040002001,5
566,33,10040002001,5
566,34,10040002001,5
566,35,10040002001,4
566,36,12012072001,9
566,37,14204150001,4
566,38,14611013001,8
566,39,14620070001,9
566,40,14620070001,4
567,1,10033034001,6
567,2,10033034001,6
567,3,10033034001,6
567,4,10033034001,6
567,5,10033034001,6
567,6,10033034001,6
567,7,10033034001,6
567,8,10033034001,6
567,9,10033034001,6
567,10,10033034001,6
567,11,10033034001,6
567,12,10033034001,6
567,13,10033034001,6
567,14,10033034001,6
567,15,10033034001,6
567,16,10033034001,6
567,17,10033034001,6
567,18,10033034001,6
567,19,10033034001,6
567,20,10033034001,6
567,21,10033034001,6
567,22,10033034001,6
567,23,10033034001,6
567,24,10033034001,6
567,25,10033034001,6
567,26,10033034001,6
567,27,10033034001,6
567,28,10033034001,6
567,29,10033034001,6
567,30,10033034001,6
567,31,10033034001,6
567,32,10033034001,6
567,33,10033034001,6
567,34,10033034001,6
567,35,10033034001,6
567,36,12012098001,2
567,37,14210015001,2
567,38,14611020001,5
567,39,14616054001,9
567,40,14616054001,5
568,1,10010035001,28
568,2,10010035001,28
568,3,10010035001,28
568,4,10010035001,28
568,5,10010035001,28
568,6,10010035001,28
568,7,10010035001,28
568,8,10010035001,28
568,9,10010035001,28
568,10,10010035001,28
568,11,10010035001,28
568,12,10010035001,28
568,13,10010035001,28
568,14,10010035001,28
568,15,10010035001,28
568,16,10010035001,28
568,17,10010035001,28
568,18,10010035001,28
568,19,10010035001,28
568,20,10010035001,28
568,21,10010035001,28
568,22,10010035001,28
568,23,10010035001,28
568,24,10010035001,28
568,25,10010035001,28
568,26,10010035001,28
568,27,10010035001,28
568,28,10010035001,28
568,29,10010035001,28
568,30,10010035001,28
568,31,10010035001,28
568,32,10010035001,28
568,33,10010035001,28
568,34,10010035001,18
568,35,11040060001,1
568,36,12012045001,5
568,37,12150009001,8
568,38,12150009001,2
568,39,14210021001,4
568,40,14611901001,3
569,1,10000010001,7
569,2,10000010001,7
569,3,10000010001,7
569,4,10000010001,7
569,5,10000010001,7
569,6,10000010001,7
569,7,10000010001,7
569,8,10000010001,7
569,9,10000010001,7
569,10,10000010001,7
569,11,10000010001,7
569,12,10000010001,7
569,13,10000010001,7
569,14,10000010001,7
569,15,10000010001,7
569,16,10000010001,7
569,17,10000010001,7
569,18,10000010001,7
569,19,10000010001,7
569,20,10000010001,7
569,21,10000010001,7
569,22,10000010001,7
569,23,10000010001,7
569,24,10000010001,7
569,25,10000010001,7
569,26,10000010001,7
569,27,10000010001,7
569,28,10000010001,7
569,29,10000010001,7
569,30,10000010001,7
569,31,10000010001,7
569,32,10000010001,7
569,33,10000010001,7
569,34,10000010001,7
569,35,11041005001,3
569,36,12011999001,1
569,37,12212010001,14
569,38,12212010001,6
569,39,14210025001,4
569,40,14610008001,2
570,1,10032048001,5
570,2,10032048001,5
570,3,10032048001,5
570,4,10032048001,5
570,5,10032048001,5
570,6,10032048001,5
570,7,10032048001,5
570,8,10032048001,5
570,9,10032048001,5
570,10,10032048001,5
570,11,10032048001,2
570,12,10041087001,5
570,13,10041087001,5
570,14,10041087001,5
570,15,10041087001,5
570,16,10041087001,5
570,17,10041087001,5
570,18,10041087001,5
570,19,10041087001,5
570,20,10041087001,5
570,21,12012196001,12
570,22,12106097001,3
570,23,12106097001,2
570,24,14102238001,3
570,25,14102238001,3
570,26,14102238001,3
570,27,14102238001,3
570,28,14102238001,3
570,29,14102238001,3
570,30,14102238001,3
570,31,14102238001,3
570,32,14102238001,2
570,33,14210026001,4
570,34,14612012001,10
570,35,14620019001,9
570,36,14620019001,9
570,37,14620019001,9
570,38,14620019001,9
570,39,14620081001,8
570,40,14620081001,4
571,1,11032002001,7
571,2,11032002001,7
571,3,11032002001,7
571,4,11032002001,7
571,5,11032002001,7
571,6,11032002001,7
571,7,11032002001,7
571,8,11032002001,7
571,9,11032002001,7
571,10,11032002001,7
571,11,11032002001,2
571,12,12012928001,1
571,13,12106030001,28
571,14,12106030001,14
571,15,14103009001,6
571,16,14103009001,6
571,17,14103009001,6
571,18,14103009001,6
571,19,14103009001,6
571,20,14103009001,6
571,21,14103009001,6
571,22,14103009001,6
571,23,14103009001,2
571,24,14210046001,4
571,25,14243053001,7
571,26,14243053001,7
571,27,14243053001,7
571,28,14243053001,7
571,29,14243053001,7
571,30,14243053001,7
571,31,14243053001,7
571,32,14243053001,4
571,33,14612031001,1
571,34,14620021001,9
571,35,14620021001,8
571,36,14620894001,8
571,37,14620894001,8
571,38,14620894001,8
571,39,14620894001,2
572,1,11040020001,3
572,2,12012169001,2
572,3,12212011001,9
572,4,12212011001,2
572,5,14210029001,2
572,6,14505917001,15
572,7,14505917001,15
572,8,14505917001,15
572,9,14505917001,15
572,10,14505917001,15
572,11,14505917001,15
572,12,14505917001,15
572,13,14505917001,15
572,14,14505917001,15
572,15,14505917001,15
572,16,14505917001,15
572,17,14505917001,15
572,18,14505917001,15
572,19,14505917001,15
572,20,14505917001,15
572,21,14505917001,15
572,22,14505917001,15
572,23,14505917001,15
572,24,14505917001,15
572,25,14505917001,15
572,26,14505917001,15
572,27,14505917001,15
572,28,14505917001,15
572,29,14505917001,15
572,30,14505917001,15
572,31,14505917001,15
572,32,14505917001,15
572,33,14505917001,15
572,34,14505917001,15
572,35,14505917001,15
572,36,14505917001,15
572,37,14505917001,15
572,38,14505917001,15
572,39,14505917001,10
572,40,14612059001,8
573,1,10032019001,28
573,2,10032019001,28
573,3,10032019001,28
573,4,10032019001,28
573,5,10032019001,28
573,6,10032019001,28
573,7,10032019001,28
573,8,10032019001,28
573,9,10032019001,28
573,10,10032019001,28
573,11,10032019001,28
573,12,10032019001,28
573,13,10032019001,28
573,14,10032019001,28
573,15,10032019001,28
573,16,10032019001,28
573,17,10032019001,28
573,18,10032019001,28
573,19,10032019001,28
573,20,10032019001,28
573,21,10032019001,28
573,22,10032019001,28
573,23,10032019001,28
573,24,10032019001,28
573,25,10032019001,28
573,26,10032019001,28
573,27,10032019001,28
573,28,10032019001,28
573,29,10032019001,28
573,30,10032019001,28
573,31,10032019001,28
573,32,10032019001,28
573,33,10032019001,28
573,34,10032019001,18
573,35,11041019001,10
573,36,12012984001,1
573,37,12212030001,12
573,38,12212030001,12
573,39,14210068001,4
573,40,14612946001,2
574,1,10002046001,11
574,2,10002046001,11
574,3,10002046001,11
574,4,10002046001,11
574,5,10002046001,11
574,6,10002046001,11
574,7,10002046001,11
574,8,10002046001,11
574,9,10002046001,11
574,10,10002046001,11
574,11,10002046001,11
574,12,10002046001,11
574,13,10002046001,11
574,14,10002046001,11
574,15,10002046001,11
574,16,10002046001,11
574,17,10002046001,11
574,18,10002046001,11
574,19,10002046001,11
574,20,10002046001,11
574,21,10002046001,11
574,22,10002046001,11
574,23,10002046001,11
574,24,10002046001,11
574,25,10002046001,11
574,26,10002046001,11
574,27,10002046001,11
574,28,10002046001,11
574,29,10002046001,11
574,30,10002046001,11
574,31,10002046001,11
574,32,10002046001,11
574,33,10002046001,2
574,34,12014004001,2
574,35,12120007001,9
574,36,12120007001,3
574,37,14210035001,2
574,38,14612005001,5
574,39,14620012001,6
574,40,14620012001,1
575,1,12016079001,1
575,2,12120015001,19
575,3,12120015001,5
575,4,14010084001,1
575,5,14010084001,1
575,6,14010084001,1
575,7,14010084001,1
575,8,14010084001,1
575,9,14010084001,1
575,10,14010084001,1
575,11,14010084001,1
575,12,14010084001,1
575,13,14010084001,1
575,14,14010084001,1
575,15,14010084001,1
575,16,14010084001,1
575,17,14010084001,1
575,18,14010084001,1
575,19,14010084001,1
575,20,14010084001,1
575,21,14010084001,1
575,22,14010084001,1
575,23,14010084001,1
575,24,14010084001,1
575,25,14010084001,1
575,26,14010084001,1
575,27,14010084001,1
575,28,14010084001,1
575,29,14010084001,1
575,30,14010084001,1
575,31,14010084001,1
575,32,14010084001,1
575,33,14010084001,1
575,34,14010084001,1
575,35,14010084001,1
575,36,14010084001,1
575,37,14210031001,1
575,38,14612034001,10
575,39,14620084001,7
575,40,14620084001,5
576,1,10020018001,13
576,2,10020018001,13
576,3,10020018001,13
576,4,10020018001,13
576,5,10020018001,13
576,6,10020018001,13
576,7,10020018001,13
576,8,10020018001,13
576,9,10020018001,13
576,10,10020018001,13
576,11,10020018001,13
576,12,10020018001,13
576,13,10020018001,13
576,14,10020018001,13
576,15,10020018001,13
576,16,10020018001,13
576,17,10020018001,13
576,18,10020018001,13
576,19,10020018001,13
576,20,10020018001,13
576,21,10020018001,13
576,22,10020018001,13
576,23,10020018001,13
576,24,10020018001,13
576,25,10020018001,13
576,26,10020018001,13
576,27,10020018001,13
576,28,10020018001,13
576,29,10020018001,13
576,30,10020018001,13
576,31,10020018001,13
576,32,10020018001,13
576,33,10020018001,4
576,34,12016077001,2
576,35,12120088001,11
576,36,12120088001,11
576,37,14210045001,1
576,38,14612035001,6
576,39,14621005001,10
576,40,14621005001,6
577,1,10015007001,19
577,2,10015007001,19
577,3,10015007001,19
577,4,10015007001,19
577,5,10015007001,19
577,6,10015007001,19
577,7,10015007001,19
577,8,10015007001,19
577,9,10015007001,19
577,10,10015007001,19
577,11,10015007001,19
577,12,10015007001,19
577,13,10015007001,19
577,14,10015007001,19
577,15,10015007001,19
577,16,10015007001,19
577,17,10015007001,19
577,18,10015007001,19
577,19,10015007001,19
577,20,10015007001,19
577,21,10015007001,19
577,22,10015007001,19
577,23,10015007001,19
577,24,10015007001,19
577,25,10015007001,19
577,26,10015007001,19
577,27,10015007001,19
577,28,10015007001,19
577,29,10015007001,19
577,30,10015007001,19
577,31,10015007001,19
577,32,10015007001,11
577,33,12017009001,2
577,34,14203001001,5
577,35,14203001001,5
577,36,14203001001,5
577,37,14210051001,12
577,38,14613018001,3
577,39,14620114001,9
577,40,14620114001,4
578,1,10000008001,8
578,2,10000008001,8
578,3,10000008001,8
578,4,10013005001,28
578,5,10013005001,28
578,6,10013005001,28
578,7,10013005001,28
578,8,10013005001,28
578,9,10013005001,28
578,10,10013005001,28
578,11,10013005001,28
578,12,10013005001,28
578,13,10013005001,28
578,14,10013005001,26
578,15,12016005001,2
578,16,14121014001,6
578,17,14121014001,6
578,18,14121014001,6
578,19,14121014001,6
578,20,14121014001,6
578,21,14121014001,6
578,22,14121014001,6
578,23,14121014001,6
578,24,14121014001,1
578,25,14204010001,12
578,26,14204010001,12
578,27,14204010001,1
578,28,14210108001,8
578,29,14311076001,11
578,30,14311076001,11
578,31,14311076001,11
578,32,14311076001,11
578,33,14311076001,9
578,34,14613899001,3
578,35,14621045001,9
578,36,14621045001,8
579,1,12016078001,1
579,2,12032035001,53
579,3,12103027001,5
579,4,12103027001,5
579,5,12103027001,5
579,6,12103027001,5
579,7,12103027001,5
579,8,12103027001,5
579,9,12103027001,5
579,10,12103027001,5
579,11,12103027001,5
579,12,12103027001,5
579,13,12103027001,4
579,14,12121038001,7
579,15,12121038001,5
579,16,14130007001,5
579,17,14130007001,5
579,18,14130007001,5
579,19,14130007001,5
579,20,14130007001,5
579,21,14130007001,5
579,22,14130007001,5
579,23,14130007001,5
579,24,14130007001,4
579,25,14210084001,3
579,26,14613918001,1
579,27,14621013001,8
579,28,14621013001,8
579,29,14621013001,8
579,30,14621013001,2
579,31,14621021001,10
579,32,14621021001,2
580,1,10033010001,6
580,2,10033010001,6
580,3,10033010001,6
580,4,10033010001,6
580,5,10033010001,6
580,6,10033010001,6
580,7,10033010001,6
580,8,10033010001,6
580,9,10033010001,6
580,10,10033010001,6
580,11,10033010001,6
580,12,10033010001,6
580,13,10033010001,6
580,14,10033010001,6
580,15,10033010001,6
580,16,10033010001,6
580,17,10033010001,6
580,18,10033010001,6
580,19,10033010001,6
580,20,10033010001,6
580,21,10033010001,6
580,22,10033010001,6
580,23,10033010001,6
580,24,10033010001,6
580,25,10033010001,6
580,26,10033010001,6
580,27,10033010001,6
580,28,10033010001,6
580,29,10033010001,6
580,30,10033010001,6
580,31,10033010001,6
580,32,10033010001,6
580,33,10033010001,4
580,34,12020003001,9
580,35,12121048001,6
580,36,12121048001,3
580,37,14213008001,1
580,38,14613907001,14
580,39,14621048001,6
580,40,14621048001,1
581,1,10010042001,48
581,2,10035013001,5
581,3,10035013001,5
581,4,10035013001,5
581,5,10035013001,5
581,6,10035013001,5
581,7,10035013001,5
581,8,10035013001,5
581,9,10035013001,5
581,10,10035013001,5
581,11,10035013001,5
581,12,10035013001,5
581,13,10035013001,5
581,14,10035013001,5
581,15,10035013001,5
581,16,10035013001,5
581,17,10035013001,5
581,18,10035013001,5
581,19,10035013001,5
581,20,10035013001,5
581,21,10035013001,5
581,22,10035013001,5
581,23,10035013001,5
581,24,10035013001,5
581,25,10035013001,5
581,26,10035013001,5
581,27,10035013001,5
581,28,10035013001,5
581,29,10035013001,5
581,30,10035013001,5
581,31,10035013001,5
581,32,10035013001,5
581,33,10035013001,5
581,34,11042001001,2
581,35,12020028001,6
581,36,14203089001,4
581,37,14203089001,4
581,38,14203089001,1
581,39,14211055001,4
581,40,14615019001,6
582,1,10013004001,12
582,2,11041002001,5
582,3,12017016001,2
582,4,12120006001,9
582,5,12120006001,1
582,6,14220005001,6
582,7,14508004001,2
582,8,14508004001,2
582,9,14508004001,2
582,10,14508004001,2
582,11,14508004001,2
582,12,14508004001,2
582,13,14508004001,2
582,14,14508004001,2
582,15,14508004001,2
582,16,14508004001,2
582,17,14508004001,2
582,18,14508004001,2
582,19,14508004001,2
582,20,14508004001,2
582,21,14508004001,2
582,22,14508004001,2
582,23,14508004001,2
582,24,14508004001,2
582,25,14508004001,2
582,26,14508004001,2
582,27,14508004001,2
582,28,14508004001,2
582,29,14508004001,2
582,30,14508004001,2
582,31,14508004001,2
582,32,14508004001,2
582,33,14508004001,2
582,34,14508004001,2
582,35,14508004001,2
582,36,14508004001,2
582,37,14508004001,2
582,38,14508004001,2
582,39,14508004001,2
582,40,14615002001,7
583,1,10002014001,10
583,2,10002014001,10
583,3,10002014001,10
583,4,10002014001,10
583,5,10002014001,10
583,6,10002014001,10
583,7,10002014001,10
583,8,10002014001,10
583,9,10002014001,10
583,10,10002014001,10
583,11,10002014001,10
583,12,10002014001,10
583,13,10002014001,10
583,14,10002014001,10
583,15,10002014001,10
583,16,10002014001,10
583,17,10002014001,10
583,18,10002014001,10
583,19,10002014001,10
583,20,10002014001,10
583,21,10002014001,10
583,22,10002014001,10
583,23,10002014001,10
583,24,10002014001,10
583,25,10002014001,10
583,26,10002014001,10
583,27,10002014001,10
583,28,10002014001,10
583,29,10002014001,10
583,30,10002014001,10
583,31,10002014001,10
583,32,10002014001,2
583,33,10012002001,7
583,34,11041007001,2
583,35,12020020001,4
583,36,14204132001,9
583,37,14204132001,9
583,38,14204132001,3
583,39,14210127001,5
583,40,14615012001,4
584,1,10001001001,7
584,2,10001001001,7
584,3,10001001001,7
584,4,10001001001,7
584,5,10001001001,7
584,6,10001001001,7
584,7,10001001001,7
584,8,10001001001,7
584,9,10001001001,7
584,10,10001001001,7
584,11,10001001001,7
584,12,10001001001,7
584,13,10001001001,7
584,14,10001001001,7
584,15,10001001001,7
584,16,10001001001,7
584,17,10001001001,7
584,18,10001001001,7
584,19,10001001001,7
584,20,10001001001,7
584,21,10001001001,7
584,22,10001001001,7
584,23,10001001001,7
584,24,10001001001,7
584,25,10001001001,7
584,26,10001001001,7
584,27,10001001001,7
584,28,10001001001,7
584,29,10001001001,7
584,30,10001001001,7
584,31,10001001001,7
584,32,10001001001,5
584,33,10002038001,6
584,34,11041017001,4
584,35,12020032003,6
584,36,14210110001,3
584,37,14213092001,4
584,38,14213092001,4
584,39,14213092001,2
584,40,14614001001,2
585,1,10002918001,6
585,2,10031910001,28
585,3,10031910001,28
585,4,10031910001,28
585,5,10031910001,28
585,6,10031910001,28
585,7,10031910001,28
585,8,10031910001,28
585,9,10031910001,28
585,10,10031910001,28
585,11,10031910001,28
585,12,10031910001,28
585,13,10031910001,28
585,14,10031910001,28
585,15,10031910001,28
585,16,10031910001,28
585,17,10031910001,28
585,18,10031910001,28
585,19,10031910001,28
585,20,10031910001,28
585,21,10031910001,28
585,22,10031910001,28
585,23,10031910001,28
585,24,10031910001,28
585,25,10031910001,28
585,26,10031910001,28
585,27,10031910001,28
585,28,10031910001,28
585,29,10031910001,28
585,30,10031910001,28
585,31,10031910001,28
585,32,10031910001,28
585,33,10031910001,14
585,34,11041024001,20
585,35,12020035001,2
585,36,14220141001,6
585,37,14220141001,6
585,38,14220141001,4
585,39,14222005001,4
585,40,14615013001,4
586,1,10000023001,5
586,2,10000023001,5
586,3,10000023001,2
586,4,10013007001,12
586,5,10040004001,10
586,6,10040004001,10
586,7,10040004001,10
586,8,10040004001,10
586,9,10040004001,10
586,10,10040004001,10
586,11,10040004001,10
586,12,10040004001,10
586,13,10040004001,10
586,14,10040004001,10
586,15,10040004001,6
586,16,11041031001,3
586,17,12020057001,3
586,18,12020956001,6
586,19,12020956001,6
586,20,12020956001,6
586,21,12020956001,6
586,22,12020956001,6
586,23,12020956001,6
586,24,12020956001,6
586,25,12020956001,6
586,26,12020956001,5
586,27,14220085001,3
586,28,14242072001,5
586,29,14242072001,5
586,30,14242072001,1
586,31,14500048001,3
586,32,14500048001,3
586,33,14500048001,3
586,34,14500048001,3
586,35,14500048001,3
586,36,14500048001,3
586,37,14500048001,3
586,38,14500048001,3
586,39,14500048001,1
586,40,14615011001,3
587,1,10012009001,2
587,2,11042002001,2
587,3,12020068001,5
587,4,14010040001,8
587,5,14010040001,8
587,6,14010040001,8
587,7,14010040001,8
587,8,14010040001,8
587,9,14010040001,8
587,10,14010040001,8
587,11,14010040001,8
587,12,14010040001,8
587,13,14010040001,8
587,14,14010040001,8
587,15,14010040001,8
587,16,14010040001,8
587,17,14010040001,8
587,18,14010040001,8
587,19,14010040001,8
587,20,14010040001,8
587,21,14010040001,8
587,22,14010040001,8
587,23,14010040001,8
587,24,14010040001,8
587,25,14010040001,8
587,26,14010040001,8
587,27,14010040001,8
587,28,14010040001,8
587,29,14010040001,8
587,30,14010040001,8
587,31,14010040001,8
587,32,14010040001,8
587,33,14010040001,8
587,34,14010040001,8
587,35,14010040001,6
587,36,14222019001,4
587,37,14222896001,8
587,38,14222896001,8
587,39,14222896001,2
587,40,14615021001,1
588,1,10002899001,11
588,2,10002899001,11
588,3,10002899001,2
588,4,10023002001,4
588,5,11042003001,6
588,6,12020046001,1
588,7,12233023001,2
588,8,12233023001,2
588,9,12233023001,2
588,10,12233023001,2
588,11,12233023001,2
588,12,12233023001,2
588,13,12233023001,2
588,14,12233023001,2
588,15,12233023001,2
588,16,12233023001,2
588,17,12233023001,1
588,18,14220002001,6
588,19,14222043001,5
588,20,14222043001,5
588,21,14222043001,1
588,22,14361114001,4
588,23,14361114001,4
588,24,14361114001,4
588,25,14361114001,4
588,26,14361114001,4
588,27,14361114001,4
588,28,14361114001,4
588,29,14361114001,4
588,30,14361114001,4
588,31,14361122001,5
588,32,14361122001,5
588,33,14361122001,5
588,34,14361122001,5
588,35,14361122001,5
588,36,14361122001,5
588,37,14361122001,5
588,38,14361122001,5
588,39,14361122001,5
588,40,14615030001,3
589,1,10014062001,12
589,2,11042005001,6
589,3,12020036001,3
589,4,14222001001,3
589,5,14224002001,5
589,6,14224002001,5
589,7,14224002001,3
589,8,14244017001,2
589,9,14244017001,2
589,10,14244017001,2
589,11,14244017001,2
589,12,14244017001,2
589,13,14244017001,2
589,14,14244017001,2
589,15,14244017001,2
589,16,14244017001,2
589,17,14244017001,2
589,18,14244017001,2
589,19,14244017001,2
589,20,14244017001,2
589,21,14244017001,2
589,22,14244017001,2
589,23,14244017001,2
589,24,14244017001,2
589,25,14244017001,2
589,26,14244017001,2
589,27,14244017001,2
589,28,14244017001,2
589,29,14244017001,2
589,30,14244017001,2
589,31,14244017001,2
589,32,14244017001,2
589,33,14244017001,2
589,34,14244017001,2
589,35,14244017001,2
589,36,14244017001,2
589,37,14244017001,2
589,38,14244017001,2
589,39,14244017001,2
589,40,14615035001,3
590,1,10014110001,6
590,2,11042006001,3
590,3,12020090001,6
590,4,14220155001,3
590,5,14226059001,6
590,6,14226059001,6
590,7,14226059001,4
590,8,14504002001,10
590,9,14504002001,10
590,10,14504002001,10
590,11,14504002001,10
590,12,14504002001,10
590,13,14504002001,10
590,14,14504002001,10
590,15,14504002001,10
590,16,14504002001,10
590,17,14504002001,10
590,18,14504002001,10
590,19,14504002001,10
590,20,14504002001,10
590,21,14504002001,10
590,22,14504002001,10
590,23,14504002001,10
590,24,14504002001,10
590,25,14504002001,10
590,26,14504002001,10
590,27,14504002001,10
590,28,14504002001,10
590,29,14504002001,10
590,30,14504002001,10
590,31,14504002001,10
590,32,14504002001,10
590,33,14504002001,10
590,34,14504002001,10
590,35,14504002001,10
590,36,14504002001,10
590,37,14504002001,10
590,38,14504002001,10
590,39,14504002001,5
590,40,14615041001,16
591,1,10000998001,21
591,2,10000998001,21
591,3,10000998001,6
591,4,10020017001,6
591,5,11042007001,4
591,6,12020089001,1
591,7,12121051001,5
591,8,12121051001,5
591,9,12121051001,5
591,10,12121051001,5
591,11,12121051001,5
591,12,12121051001,5
591,13,12121051001,5
591,14,12121051001,5
591,15,12121051001,5
591,16,14003029001,7
591,17,14003029001,7
591,18,14003029001,7
591,19,14003029001,7
591,20,14003029001,7
591,21,14003029001,7
591,22,14003029001,7
591,23,14003029001,7
591,24,14003029001,7
591,25,14003029001,7
591,26,14003029001,1
591,27,14220086001,8
591,28,14222898001,8
591,29,14222898001,8
591,30,14222898001,8
591,31,14501928001,12
591,32,14501928001,12
591,33,14501928001,12
591,34,14501928001,12
591,35,14501928001,12
591,36,14501928001,12
591,37,14501928001,12
591,38,14501928001,12
591,39,14501928001,4
591,40,14615048001,1
592,1,10022011001,15
592,2,11042015001,4
592,3,12020164001,10
592,4,14222025001,2
592,5,14243007001,5
592,6,14243007001,5
592,7,14243007001,2
592,8,14502015001,5
592,9,14502015001,5
592,10,14502015001,5
592,11,14502015001,5
592,12,14502015001,5
592,13,14502015001,5
592,14,14502015001,5
592,15,14502015001,5
592,16,14502015001,5
592,17,14502015001,5
592,18,14502015001,5
592,19,14502015001,5
592,20,14502015001,5
592,21,14502015001,5
592,22,14502015001,5
592,23,14502015001,5
592,24,14502015001,5
592,25,14502015001,5
592,26,14502015001,5
592,27,14502015001,5
592,28,14502015001,5
592,29,14502015001,5
592,30,14502015001,5
592,31,14502015001,5
592,32,14502015001,5
592,33,14502015001,5
592,34,14502015001,5
592,35,14502015001,5
592,36,14502015001,5
592,37,14502015001,5
592,38,14502015001,5
592,39,14502015001,4
592,40,14615061001,3
593,1,10014023001,24
593,2,10014023001,24
593,3,10014023001,24
593,4,10014023001,24
593,5,10014023001,24
593,6,10014023001,24
593,7,10014023001,24
593,8,10014023001,24
593,9,10014023001,24
593,10,10014023001,24
593,11,10014023001,24
593,12,10014023001,24
593,13,10014023001,24
593,14,10014023001,24
593,15,10014023001,24
593,16,10014023001,24
593,17,10014023001,24
593,18,10014023001,24
593,19,10014023001,24
593,20,10014023001,24
593,21,10014023001,24
593,22,10014023001,24
593,23,10014023001,24
593,24,10014023001,24
593,25,10014023001,24
593,26,10014023001,24
593,27,10014023001,24
593,28,10014023001,24
593,29,10014023001,24
593,30,10014023001,24
593,31,10014023001,18
593,32,11042008001,6
593,33,12020093001,7
593,34,12212062001,8
593,35,12212062001,1
593,36,14011929001,5
593,37,14011929001,5
593,38,14011929001,4
593,39,14222045001,6
593,40,14615052001,3
594,1,10024011001,6
594,2,10024011001,6
594,3,10024011001,6
594,4,10024011001,6
594,5,10024011001,6
594,6,10024011001,6
594,7,10024011001,6
594,8,10024011001,6
594,9,10024011001,6
594,10,10024011001,6
594,11,10024011001,6
594,12,10024011001,6
594,13,10024011001,6
594,14,10024011001,6
594,15,10024011001,6
594,16,10024011001,6
594,17,10024011001,6
594,18,10024011001,6
594,19,10024011001,6
594,20,10024011001,6
594,21,10024011001,6
594,22,10024011001,6
594,23,10024011001,6
594,24,10024011001,6
594,25,10024011001,6
594,26,10024011001,6
594,27,10024011001,6
594,28,10024011001,6
594,29,10024011001,6
594,30,10024011001,6
594,31,10024011001,4
594,32,11042009001,5
594,33,12020163001,2
594,34,12327007001,3
594,35,12327007001,3
594,36,14013022001,5
594,37,14013022001,5
594,38,14013022001,2
594,39,14222114001,13
594,40,14615063001,2
595,1,10002011001,5
595,2,10002011001,5
595,3,10002011001,2
595,4,10022915001,6
595,5,11042028001,1
595,6,12020203001,4
595,7,12034171001,53
595,8,14010034001,5
595,9,14010034001,5
595,10,14010034001,5
595,11,14010034001,5
595,12,14010034001,5
595,13,14010034001,5
595,14,14010034001,5
595,15,14010034001,5
595,16,14010034001,5
595,17,14010034001,5
595,18,14010034001,5
595,19,14222049001,2
595,20,14226007001,3
595,21,14226007001,3
595,22,14226007001,3
595,23,14501942001,12
595,24,14501942001,12
595,25,14501942001,12
595,26,14501942001,12
595,27,14501942001,12
595,28,14501942001,12
595,29,14501942001,12
595,30,14501942001,12
595,31,14501942001,8
595,32,14615057001,1
596,1,10023008001,4
596,2,10040027001,9
596,3,10040027001,9
596,4,10040027001,9
596,5,10040027001,9
596,6,10040027001,9
596,7,10040027001,9
596,8,10040027001,9
596,9,10040027001,9
596,10,10040027001,9
596,11,10040027001,9
596,12,10040027001,9
596,13,10040027001,9
596,14,10040027001,9
596,15,10040027001,9
596,16,10040027001,9
596,17,10040027001,9
596,18,10040027001,9
596,19,10040027001,9
596,20,10040027001,9
596,21,10040027001,9
596,22,10040027001,9
596,23,10040027001,9
596,24,10040027001,9
596,25,10040027001,9
596,26,10040027001,9
596,27,10040027001,9
596,28,10040027001,9
596,29,10040027001,9
596,30,10040027001,9
596,31,10040027001,9
596,32,11042010001,2
596,33,12020217001,6
596,34,12120898001,9
596,35,12120898001,7
596,36,14000055001,6
596,37,14000055001,6
596,38,14000055001,1
596,39,14222048001,12
596,40,14615072001,4
597,1,10033056001,5
597,2,10033056001,5
597,3,10033056001,5
597,4,10033056001,5
597,5,10033056001,5
597,6,10033056001,5
597,7,10033056001,5
597,8,10033056001,5
597,9,10033056001,5
597,10,10033056001,5
597,11,10033056001,5
597,12,10033056001,5
597,13,10033056001,5
597,14,10033056001,5
597,15,10033056001,5
597,16,10033056001,5
597,17,10033056001,5
597,18,10033056001,5
597,19,10033056001,5
597,20,10033056001,5
597,21,10033056001,5
597,22,10033056001,5
597,23,10033056001,5
597,24,10033056001,5
597,25,10033056001,5
597,26,10033056001,5
597,27,10033056001,5
597,28,10033056001,5
597,29,10033056001,5
597,30,10033056001,5
597,31,10033056001,2
597,32,11042022001,1
597,33,12020222001,22
597,34,12327057001,15
597,35,12327057001,2
597,36,14021055001,5
597,37,14021055001,5
597,38,14021055001,5
597,39,14222087001,6
597,40,14615107001,3
598,1,10023031001,5
598,2,10904899001,3
598,3,11042020001,3
598,4,11073901001,7
598,5,11073901001,7
598,6,11073901001,7
598,7,11073901001,7
598,8,11073901001,7
598,9,11073901001,7
598,10,11073901001,7
598,11,11073901001,4
598,12,11075003001,3
598,13,11075003001,3
598,14,11075003001,1
598,15,11075039001,2
598,16,11075039001,2
598,17,11075039001,2
598,18,11075039001,1
598,19,12020240001,3
598,20,14011059001,4
598,21,14011059001,4
598,22,14011059001,4
598,23,14011059001,4
598,24,14011059001,4
598,25,14011059001,4
598,26,14011059001,4
598,27,14011059001,4
598,28,14011059001,4
598,29,14011059001,4
598,30,14011059001,1
598,31,14223005001,3
598,32,14240001001,3
598,33,14240001001,3
598,34,14240001001,2
598,35,14244012001,2
598,36,14244012001,1
598,37,14615898001,6
599,1,10030008001,7
599,2,10030008001,7
599,3,10030008001,7
599,4,10030008001,7
599,5,10030008001,7
599,6,10030008001,7
599,7,10030008001,7
599,8,10030008001,7
599,9,10030008001,7
599,10,10030008001,7
599,11,10030008001,7
599,12,10030008001,7
599,13,10030008001,7
599,14,10030008001,7
599,15,10030008001,7
599,16,10030008001,7
599,17,10030008001,7
599,18,10030008001,7
599,19,10030008001,7
599,20,10030008001,7
599,21,10030008001,7
599,22,10030008001,7
599,23,10030008001,7
599,24,10030008001,7
599,25,10030008001,7
599,26,10030008001,7
599,27,10030008001,7
599,28,10030008001,7
599,29,10030008001,7
599,30,10030008001,7
599,31,10030008001,6
599,32,11042023001,3
599,33,12020225001,6
599,34,12321040001,3
599,35,12321040001,1
599,36,14011015001,2
599,37,14011015001,2
599,38,14011015001,2
599,39,14222119001,3
599,40,14615067001,1
600,1,10023032001,2
600,2,11050022001,3
600,3,12020253001,2
600,4,12121050001,8
600,5,12121050001,4
600,6,14000071001,8
600,7,14000071001,8
600,8,14000071001,6
600,9,14223018001,6
600,10,14502081001,13
600,11,14502081001,13
600,12,14502081001,13
600,13,14502081001,13
600,14,14502081001,13
600,15,14502081001,13
600,16,14502081001,13
600,17,14502081001,13
600,18,14502081001,13
600,19,14502081001,13
600,20,14502081001,13
600,21,14502081001,13
600,22,14502081001,13
600,23,14502081001,13
600,24,14502081001,13
600,25,14502081001,13
600,26,14502081001,13
600,27,14502081001,13
600,28,14502081001,13
600,29,14502081001,13
600,30,14502081001,13
600,31,14502081001,13
600,32,14502081001,13
600,33,14502081001,13
600,34,14502081001,13
600,35,14502081001,13
600,36,14502081001,13
600,37,14502081001,13
600,38,14502081001,13
600,39,14502081001,3
600,40,14616017001,8
601,1,10022916001,8
601,2,11042030001,1
601,3,12020264001,3
601,4,12121006002,8
601,5,12121006002,1
601,6,14001031001,9
601,7,14001031001,9
601,8,14001031001,8
601,9,14222141001,6
601,10,14370020001,4
601,11,14370020001,4
601,12,14370020001,4
601,13,14370020001,4
601,14,14370020001,4
601,15,14370020001,4
601,16,14370020001,4
601,17,14370020001,4
601,18,14370020001,4
601,19,14370020001,4
601,20,14370020001,4
601,21,14370020001,4
601,22,14370020001,4
601,23,14370020001,4
601,24,14370020001,4
601,25,14370020001,4
601,26,14370020001,4
601,27,14370020001,4
601,28,14370020001,4
601,29,14370020001,4
601,30,14370020001,4
601,31,14370020001,4
601,32,14370020001,4
601,33,14370020001,4
601,34,14370020001,4
601,35,14370020001,4
601,36,14370020001,4
601,37,14370020001,4
601,38,14370020001,4
601,39,14370020001,2
601,40,14615897001,1
602,1,10002916001,8
602,2,10002916001,8
602,3,10002916001,8
602,4,10023011001,5
602,5,10040022001,7
602,6,10040022001,7
602,7,10040022001,7
602,8,10040022001,7
602,9,10040022001,7
602,10,10040022001,7
602,11,10040022001,7
602,12,10040022001,7
602,13,10040022001,7
602,14,10040022001,7
602,15,10040022001,7
602,16,10040022001,7
602,17,10040022001,7
602,18,10040022001,7
602,19,10040022001,7
602,20,10040022001,7
602,21,10040022001,7
602,22,10040022001,7
602,23,10040022001,7
602,24,10040022001,7
602,25,10040022001,7
602,26,10040022001,7
602,27,10040022001,7
602,28,10040022001,7
602,29,10040022001,7
602,30,10040022001,7
602,31,10040022001,7
602,32,10040022001,7
602,33,10040022001,4
602,34,11050002001,4
602,35,12020323001,1
602,36,14223048001,2
602,37,14242164001,2
602,38,14242164001,2
602,39,14242164001,2
602,40,14616022001,4
603,1,11050003001,6
603,2,12020232001,8
603,3,12322054001,5
603,4,12322054001,1
603,5,14022086001,5
603,6,14022086001,5
603,7,14022086001,4
603,8,14222999001,13
603,9,14506135001,1
603,10,14506135001,1
603,11,14506135001,1
603,12,14506135001,1
603,13,14506135001,1
603,14,14506135001,1
603,15,14506135001,1
603,16,14506135001,1
603,17,14506135001,1
603,18,14506135001,1
603,19,14506135001,1
603,20,14506135001,1
603,21,14506135001,1
603,22,14506135001,1
603,23,14506135001,1
603,24,14506135001,1
603,25,14506135001,1
603,26,14506135001,1
603,27,14506135001,1
603,28,14506135001,1
603,29,14506135001,1
603,30,14506135001,1
603,31,14506135001,1
603,32,14506135001,1
603,33,14506135001,1
603,34,14506135001,1
603,35,14506135001,1
603,36,14506135001,1
603,37,14506135001,1
603,38,14506135001,1
603,39,14506135001,1
603,40,14616020001,1
604,1,10023017001,1
604,2,10040009001,6
604,3,10040009001,6
604,4,10040009001,6
604,5,10040009001,6
604,6,10040009001,6
604,7,10040009001,6
604,8,10040009001,6
604,9,10040009001,6
604,10,10040009001,6
604,11,10040009001,6
604,12,10040009001,6
604,13,10040009001,6
604,14,10040009001,6
604,15,10040009001,6
604,16,10040009001,6
604,17,10040009001,6
604,18,10040009001,6
604,19,10040009001,6
604,20,10040009001,6
604,21,10040009001,6
604,22,10040009001,6
604,23,10040009001,6
604,24,10040009001,6
604,25,10040009001,6
604,26,10040009001,6
604,27,10040009001,6
604,28,10040009001,6
604,29,10040009001,6
604,30,10040009001,6
604,31,10040009001,6
604,32,11050009001,1
604,33,12020237001,2
604,34,12122009001,14
604,35,12122009001,2
604,36,14001138001,5
604,37,14001138001,5
604,38,14001138001,2
604,39,14223155001,2
604,40,14616021001,3
605,1,10002078001,7
605,2,10002078001,7
605,3,10002078001,4
605,4,10014090001,28
605,5,10014090001,28
605,6,10014090001,28
605,7,10014090001,28
605,8,10014090001,28
605,9,10014090001,28
605,10,10014090001,28
605,11,10014090001,28
605,12,10014090001,28
605,13,10014090001,28
605,14,10014090001,28
605,15,10014090001,28
605,16,10014090001,28
605,17,10014090001,28
605,18,10014090001,28
605,19,10014090001,28
605,20,10014090001,28
605,21,10014090001,28
605,22,10014090001,28
605,23,10014090001,28
605,24,10014090001,28
605,25,10014090001,28
605,26,10014090001,28
605,27,10014090001,28
605,28,10014090001,28
605,29,10014090001,28
605,30,10014090001,28
605,31,10014090001,28
605,32,10014090001,8
605,33,10023049001,3
605,34,11050029001,3
605,35,12020437001,2
605,36,14223065001,1
605,37,14226016001,7
605,38,14226016001,7
605,39,14226016001,1
605,40,14616033001,2
606,1,10023044001,5
606,2,11050047001,5
606,3,11073905001,8
606,4,11073905001,7
606,5,12020324001,4
606,6,12122023002,6
606,7,12122023002,6
606,8,12201080001,1
606,9,12201080001,1
606,10,12201080001,1
606,11,12201080001,1
606,12,12201080001,1
606,13,12201080001,1
606,14,12201080001,1
606,15,12201080001,1
606,16,12201080001,1
606,17,12201080001,1
606,18,12201080001,1
606,19,12201080001,1
606,20,12201080001,1
606,21,12201080001,1
606,22,12201080001,1
606,23,14001036001,9
606,24,14001036001,9
606,25,14001036001,7
606,26,14223176001,7
606,27,14616203001,2
607,1,10002025001,6
607,2,10002025001,6
607,3,10002025001,3
607,4,10023066001,2
607,5,11050039001,7
607,6,12020344001,11
607,7,14225016001,2
607,8,14244003001,17
607,9,14244003001,17
607,10,14244003001,9
607,11,14600005001,5
607,12,14600005001,5
607,13,14600005001,5
607,14,14600005001,5
607,15,14600005001,5
607,16,14600005001,5
607,17,14600005001,5
607,18,14600005001,5
607,19,14600005001,5
607,20,14600005001,5
607,21,14600005001,5
607,22,14600005001,5
607,23,14600005001,5
607,24,14600005001,5
607,25,14600005001,5
607,26,14600005001,5
607,27,14600005001,5
607,28,14600005001,5
607,29,14600005001,5
607,30,14600005001,5
607,31,14600005001,5
607,32,14600005001,5
607,33,14600005001,5
607,34,14600005001,5
607,35,14600005001,5
607,36,14600005001,5
607,37,14600005001,5
607,38,14600005001,5
607,39,14600005001,1
607,40,14616044001,3
608,1,10010019001,25
608,2,10010019001,25
608,3,10010019001,22
608,4,10023054001,2
608,5,11050038001,6
608,6,12020372001,1
608,7,14111118001,1
608,8,14111118001,1
608,9,14111118001,1
608,10,14111118001,1
608,11,14111118001,1
608,12,14111118001,1
608,13,14111118001,1
608,14,14111118001,1
608,15,14111118001,1
608,16,14111118001,1
608,17,14111118001,1
608,18,14111118001,1
608,19,14111118001,1
608,20,14111118001,1
608,21,14111118001,1
608,22,14111118001,1
608,23,14111118001,1
608,24,14111118001,1
608,25,14111118001,1
608,26,14111118001,1
608,27,14111118001,1
608,28,14111118001,1
608,29,14111118001,1
608,30,14111118001,1
608,31,14111118001,1
608,32,14111118001,1
608,33,14111118001,1
608,34,14111118001,1
608,35,14111118001,1
608,36,14223247001,3
608,37,14240008001,4
608,38,14240008001,4
608,39,14240008001,2
608,40,14620007001,1
609,1,10011023001,60
609,2,10011023001,60
609,3,10011023001,24
609,4,10023063001,6
609,5,11050059001,5
609,6,12020383001,4
609,7,14225014001,1
609,8,14244918001,10
609,9,14244918001,10
609,10,14244918001,3
609,11,14502012001,9
609,12,14502012001,9
609,13,14502012001,9
609,14,14502012001,9
609,15,14502012001,9
609,16,14502012001,9
609,17,14502012001,9
609,18,14502012001,9
609,19,14502012001,9
609,20,14502012001,9
609,21,14502012001,9
609,22,14502012001,9
609,23,14502012001,9
609,24,14502012001,9
609,25,14502012001,9
609,26,14502012001,9
609,27,14502012001,9
609,28,14502012001,9
609,29,14502012001,9
609,30,14502012001,9
609,31,14502012001,9
609,32,14502012001,9
609,33,14502012001,9
609,34,14502012001,9
609,35,14502012001,9
609,36,14502012001,9
609,37,14502012001,9
609,38,14502012001,9
609,39,14502012001,8
609,40,14620072001,2
610,1,10001004001,7
610,2,10001004001,7
610,3,10001004001,7
610,4,10001004001,7
610,5,10001004001,7
610,6,10001004001,7
610,7,10001004001,7
610,8,10001004001,7
610,9,10001004001,7
610,10,10001004001,7
610,11,10001004001,7
610,12,10001004001,7
610,13,10001004001,7
610,14,10001004001,7
610,15,10001004001,7
610,16,10001004001,7
610,17,10001004001,7
610,18,10001004001,7
610,19,10001004001,7
610,20,10001004001,7
610,21,10001004001,7
610,22,10001004001,7
610,23,10001004001,7
610,24,10001004001,7
610,25,10001004001,7
610,26,10001004001,7
610,27,10001004001,7
610,28,10001004001,2
610,29,10002069001,7
610,30,10002069001,7
610,31,10002069001,7
610,32,10002069001,3
610,33,10023078001,3
610,34,11050063001,3
610,35,12020416001,3
610,36,14225041001,2
610,37,14304008001,2
610,38,14304008001,2
610,39,14304008001,1
610,40,14620092001,2
611,1,10010018001,13
611,2,10010018001,13
611,3,10010018001,13
611,4,10010018001,9
611,5,10023093001,7
611,6,10040008001,6
611,7,10040008001,6
611,8,10040008001,6
611,9,10040008001,6
611,10,10040008001,6
611,11,10040008001,6
611,12,10040008001,6
611,13,10040008001,6
611,14,10040008001,6
611,15,10040008001,6
611,16,10040008001,6
611,17,10040008001,6
611,18,10040008001,6
611,19,10040008001,6
611,20,10040008001,6
611,21,10040008001,6
611,22,10040008001,6
611,23,10040008001,6
611,24,10040008001,6
611,25,10040008001,6
611,26,10040008001,6
611,27,10040008001,6
611,28,10040008001,6
611,29,10040008001,6
611,30,10040008001,6
611,31,10040008001,6
611,32,10040008001,6
611,33,10040008001,3
611,34,11050049001,2
611,35,12020423001,1
611,36,14225023001,6
611,37,14302017001,2
611,38,14302017001,2
611,39,14302017001,1
611,40,14620028001,4
612,1,10020025001,20
612,2,10020025001,20
612,3,10020025001,20
612,4,10020025001,18
612,5,10023068001,3
612,6,10032008001,28
612,7,10032008001,28
612,8,10032008001,28
612,9,10032008001,28
612,10,10032008001,28
612,11,10032008001,28
612,12,10032008001,28
612,13,10032008001,28
612,14,10032008001,28
612,15,10032008001,28
612,16,10032008001,28
612,17,10032008001,28
612,18,10032008001,28
612,19,10032008001,28
612,20,10032008001,28
612,21,10032008001,28
612,22,10032008001,28
612,23,10032008001,28
612,24,10032008001,28
612,25,10032008001,28
612,26,10032008001,28
612,27,10032008001,28
612,28,10032008001,28
612,29,10032008001,28
612,30,10032008001,28
612,31,10032008001,28
612,32,10032008001,28
612,33,10032008001,18
612,34,11050068001,3
612,35,12020498001,4
612,36,14225052001,2
612,37,14331028001,5
612,38,14331028001,5
612,39,14331028001,2
612,40,14620083001,4
613,1,10023083001,2
613,2,10040094001,10
613,3,10040094001,10
613,4,10040094001,10
613,5,10040094001,4
613,6,11050097001,1
613,7,12020473001,4
613,8,14010011001,3
613,9,14010011001,3
613,10,14010011001,3
613,11,14010011001,3
613,12,14010011001,3
613,13,14010011001,3
613,14,14010011001,3
613,15,14010011001,3
613,16,14010011001,3
613,17,14010011001,3
613,18,14010011001,3
613,19,14010011001,3
613,20,14010011001,3
613,21,14010011001,3
613,22,14010011001,3
613,23,14010011001,3
613,24,14010011001,3
613,25,14010011001,3
613,26,14010011001,3
613,27,14010011001,3
613,28,14010011001,3
613,29,14010011001,3
613,30,14010011001,3
613,31,14010011001,3
613,32,14010011001,3
613,33,14010011001,3
613,34,14010011001,3
613,35,14010011001,1
613,36,14225045001,4
613,37,14311020001,3
613,38,14311020001,3
613,39,14311020001,2
613,40,14620036001,2
614,1,10002072001,7
614,2,10002072001,7
614,3,10002072001,7
614,4,10002072001,1
614,5,10023104001,2
614,6,11050087001,2
614,7,12020051001,26
614,8,12020051001,26
614,9,12020051001,1
614,10,12020485001,3
614,11,14225029001,3
614,12,14311044001,1
614,13,14311044001,1
614,14,14311044001,1
614,15,14502002001,12
614,16,14502002001,12
614,17,14502002001,12
614,18,14502002001,12
614,19,14502002001,12
614,20,14502002001,12
614,21,14502002001,12
614,22,14502002001,12
614,23,14502002001,12
614,24,14502002001,2
614,25,14616075001,7
614,26,14616075001,7
614,27,14616075001,7
614,28,14616075001,7
614,29,14616075001,7
614,30,14616075001,7
614,31,14616075001,7
614,32,14616075001,4
614,33,14620112001,3
615,1,10014106001,11
615,2,10014106001,11
615,3,10014106001,11
615,4,10014106001,3
615,5,10023106001,8
615,6,10033001001,7
615,7,10033001001,7
615,8,10033001001,7
615,9,10033001001,7
615,10,10033001001,7
615,11,10033001001,7
615,12,10033001001,7
615,13,10033001001,7
615,14,10033001001,7
615,15,10033001001,7
615,16,10033001001,7
615,17,10033001001,7
615,18,10033001001,7
615,19,10033001001,7
615,20,10033001001,7
615,21,10033001001,7
615,22,10033001001,7
615,23,10033001001,7
615,24,10033001001,7
615,25,10033001001,7
615,26,10033001001,7
615,27,10033001001,7
615,28,10033001001,7
615,29,10033001001,7
615,30,10033001001,7
615,31,10033001001,7
615,32,10033001001,7
615,33,10033001001,3
615,34,11050103001,2
615,35,12020425001,1
615,36,14225057001,5
615,37,14244049001,4
615,38,14244049001,4
615,39,14244049001,4
615,40,14620110001,9
616,1,10021015001,5
616,2,10021015001,5
616,3,10021015001,5
616,4,10021015001,5
616,5,10021015001,5
616,6,10021015001,5
616,7,10021015001,5
616,8,10021015001,5
616,9,10021015001,5
616,10,10021015001,5
616,11,10021015001,5
616,12,10021015001,5
616,13,10021015001,5
616,14,10021015001,5
616,15,10021015001,5
616,16,10021015001,5
616,17,10021015001,5
616,18,10021015001,5
616,19,10021015001,5
616,20,10021015001,5
616,21,10021015001,5
616,22,10021015001,5
616,23,10021015001,5
616,24,10021015001,5
616,25,10021015001,5
616,26,10021015001,5
616,27,10021015001,2
616,28,10023998001,1
616,29,11050102001,7
616,30,12020920001,4
616,31,14204078001,3
616,32,14204078001,3
616,33,14204078001,3
616,34,14204078001,3
616,35,14204078001,1
616,36,14225056001,4
616,37,14311119001,3
616,38,14311119001,3
616,39,14311119001,3
616,40,14620107001,6
617,1,10002943001,11
617,2,10002943001,11
617,3,10002943001,11
617,4,10002943001,11
617,5,10002943001,11
617,6,10002943001,11
617,7,10002943001,11
617,8,10002943001,11
617,9,10002943001,11
617,10,10002943001,11
617,11,10002943001,11
617,12,10002943001,11
617,13,10002943001,11
617,14,10002943001,11
617,15,10002943001,11
617,16,10002943001,11
617,17,10002943001,11
617,18,10002943001,11
617,19,10002943001,11
617,20,10002943001,11
617,21,10002943001,11
617,22,10002943001,11
617,23,10002943001,11
617,24,10002943001,11
617,25,10002943001,11
617,26,10002943001,11
617,27,10002943001,11
617,28,10002943001,3
617,29,10010026001,40
617,30,10010026001,40
617,31,10010026001,40
617,32,10010026001,12
617,33,10034049001,8
617,34,11050074001,2
617,35,12020901001,3
617,36,14226046001,2
617,37,14311081001,3
617,38,14311081001,3
617,39,14311081001,1
617,40,14620119001,8
618,1,10023110001,5
618,2,10032015001,5
618,3,10032015001,5
618,4,10032015001,5
618,5,10032015001,5
618,6,10032015001,5
618,7,10032015001,5
618,8,10032015001,5
618,9,10032015001,5
618,10,10032015001,5
618,11,10032015001,5
618,12,10032015001,5
618,13,10032015001,5
618,14,10032015001,5
618,15,10032015001,5
618,16,10032015001,5
618,17,10032015001,5
618,18,10032015001,5
618,19,10032015001,5
618,20,10032015001,5
618,21,10032015001,5
618,22,10032015001,5
618,23,10032015001,5
618,24,10032015001,5
618,25,10032015001,5
618,26,10032015001,5
618,27,10032015001,5
618,28,10032015001,2
618,29,11050129001,2
618,30,12020961001,3
618,31,14223037001,5
618,32,14223037001,5
618,33,14223037001,5
618,34,14223037001,5
618,35,14223037001,4
618,36,14226003001,3
618,37,14332008001,4
618,38,14332008001,4
618,39,14332008001,2
618,40,14620111001,5
619,1,10023892001,4
619,2,10033014001,5
619,3,10033014001,5
619,4,10033014001,5
619,5,10033014001,5
619,6,10033014001,5
619,7,10033014001,5
619,8,10033014001,5
619,9,10033014001,5
619,10,10033014001,5
619,11,10033014001,5
619,12,10033014001,5
619,13,10033014001,5
619,14,10033014001,5
619,15,10033014001,5
619,16,10033014001,5
619,17,10033014001,5
619,18,10033014001,5
619,19,10033014001,5
619,20,10033014001,5
619,21,10033014001,5
619,22,10033014001,5
619,23,10033014001,5
619,24,10033014001,5
619,25,10033014001,5
619,26,10033014001,5
619,27,10033014001,5
619,28,10033014001,2
619,29,11050101001,4
619,30,12020903001,2
619,31,14223045001,7
619,32,14223045001,7
619,33,14223045001,7
619,34,14223045001,7
619,35,14223045001,2
619,36,14226019001,2
619,37,14330011001,3
619,38,14330011001,3
619,39,14330011001,3
619,40,14620113001,13
620,1,10023114001,1
620,2,10023114001,1
620,3,10023114001,1
620,4,10023114001,1
620,5,10031899001,6
620,6,11051004001,3
620,7,12012118001,27
620,8,12012118001,26
620,9,12021912001,1
620,10,12103026001,6
620,11,12103026001,6
620,12,12103026001,6
620,13,12103026001,2
620,14,12103154001,16
620,15,12103154001,4
620,16,14011095001,4
620,17,14011095001,4
620,18,14011095001,4
620,19,14011095001,4
620,20,14011095001,4
620,21,14011095001,4
620,22,14011095001,4
620,23,14011095001,4
620,24,14011095001,4
620,25,14011095001,4
620,26,14011095001,2
620,27,14226032001,2
620,28,14352060001,8
620,29,14352060001,8
620,30,14352060001,2
620,31,14620133001,15
621,1,10051001001,1
621,2,11050140002,1
621,3,12022047001,2
621,4,14226012001,3
621,5,14226012001,3
621,6,14226012001,3
621,7,14226012001,3
621,8,14226012001,1
621,9,14226063001,3
621,10,14353010001,6
621,11,14353010001,6
621,12,14353010001,3
621,13,14505020001,6
621,14,14505020001,6
621,15,14505020001,6
621,16,14505020001,6
621,17,14505020001,6
621,18,14505020001,6
621,19,14505020001,6
621,20,14505020001,6
621,21,14505020001,6
621,22,14505020001,6
621,23,14505020001,6
621,24,14505020001,6
621,25,14505020001,6
621,26,14505020001,6
621,27,14505020001,6
621,28,14505020001,6
621,29,14505020001,6
621,30,14505020001,6
621,31,14505020001,6
621,32,14505020001,6
621,33,14505020001,6
621,34,14505020001,6
621,35,14505020001,6
621,36,14505020001,6
621,37,14505020001,6
621,38,14505020001,6
621,39,14505020001,4
621,40,14620115001,4
622,1,10035012001,5
622,2,10035012001,5
622,3,10035012001,5
622,4,10035012001,5
622,5,10035012001,5
622,6,10035012001,5
622,7,10035012001,5
622,8,10035012001,5
622,9,10035012001,5
622,10,10035012001,5
622,11,10035012001,5
622,12,10035012001,5
622,13,10035012001,5
622,14,10035012001,5
622,15,10035012001,5
622,16,10035012001,5
622,17,10035012001,5
622,18,10035012001,5
622,19,10035012001,5
622,20,10035012001,5
622,21,10035012001,5
622,22,10035012001,5
622,23,10035012001,5
622,24,10035012001,5
622,25,10035012001,5
622,26,10035012001,3
622,27,11051003001,3
622,28,12022043001,2
622,29,12327023001,2
622,30,12327023001,1
622,31,14023083001,10
622,32,14023083001,10
622,33,14023083001,9
622,34,14130017001,6
622,35,14130017001,6
622,36,14130017001,6
622,37,14130017001,6
622,38,14130017001,1
622,39,14226067001,6
622,40,14620149001,3
623,1,10035027001,4
623,2,11051007001,5
623,3,11103022001,4
623,4,11103022001,4
623,5,11103022001,4
623,6,11103022001,4
623,7,11103022001,4
623,8,11103022001,4
623,9,11103022001,4
623,10,11103022001,4
623,11,11103022001,4
623,12,11103022001,4
623,13,11103022001,4
623,14,11103022001,4
623,15,11103022001,4
623,16,11103022001,4
623,17,11103022001,4
623,18,11103022001,4
623,19,11103022001,4
623,20,11103022001,4
623,21,11103022001,4
623,22,11103022001,4
623,23,11103022001,4
623,24,11103022001,4
623,25,11103022001,4
623,26,11103022001,4
623,27,11103022001,4
623,28,12023020001,10
623,29,12122014001,8
623,30,12122014001,2
623,31,14001035001,11
623,32,14001035001,11
623,33,14001035001,2
623,34,14014011001,3
623,35,14014011001,3
623,36,14014011001,3
623,37,14014011001,3
623,38,14014011001,2
623,39,14240014001,4
623,40,14620171001,6
624,1,10030013001,28
624,2,10030013001,28
624,3,10030013001,28
624,4,10030013001,28
624,5,10030013001,28
624,6,10030013001,28
624,7,10030013001,28
624,8,10030013001,28
624,9,10030013001,28
624,10,10030013001,28
624,11,10030013001,28
624,12,10030013001,28
624,13,10030013001,28
624,14,10030013001,28
624,15,10030013001,28
624,16,10030013001,28
624,17,10030013001,28
624,18,10030013001,28
624,19,10030013001,28
624,20,10030013001,28
624,21,10030013001,28
624,22,10030013001,28
624,23,10030013001,28
624,24,10030013001,28
624,25,10030013001,28
624,26,10030013001,26
624,27,11051039001,1
624,28,12022096001,11
624,29,14000106001,5
624,30,14000106001,2
624,31,14023003001,5
624,32,14023003001,5
624,33,14023003001,3
624,34,14130009001,5
624,35,14130009001,5
624,36,14130009001,5
624,37,14130009001,5
624,38,14130009001,3
624,39,14226100001,5
624,40,14621034001,14
625,1,10041039001,5
625,2,10041039001,5
625,3,10041039001,5
625,4,10041039001,5
625,5,10041039001,5
625,6,10041039001,5
625,7,10041039001,5
625,8,10041039001,5
625,9,10041039001,5
625,10,10041039001,5
625,11,10041039001,5
625,12,10041039001,5
625,13,10041039001,5
625,14,10041039001,5
625,15,10041039001,5
625,16,10041039001,5
625,17,10041039001,5
625,18,10041039001,5
625,19,10041039001,5
625,20,10041039001,5
625,21,10041039001,5
625,22,10041039001,5
625,23,10041039001,5
625,24,10041039001,5
625,25,10041039001,5
625,26,10041039001,3
625,27,11051009001,4
625,28,12032121001,2
625,29,14001128001,2
625,30,14001128001,2
625,31,14020030001,4
625,32,14020030001,4
625,33,14020030001,4
625,34,14202001001,4
625,35,14202001001,4
625,36,14202001001,4
625,37,14202001001,4
625,38,14202001001,2
625,39,14227002001,6
625,40,14620178001,1
626,1,10051034001,6
626,2,11051999001,2
626,3,12023463001,1
626,4,12122015001,2
626,5,12122015001,2
626,6,14001084001,4
626,7,14001084001,4
626,8,14001084001,1
626,9,14001093001,2
626,10,14001093001,2
626,11,14001093001,2
626,12,14001093001,2
626,13,14001093001,2
626,14,14001093001,2
626,15,14001093001,2
626,16,14001093001,2
626,17,14001093001,2
626,18,14001093001,2
626,19,14001093001,2
626,20,14001093001,2
626,21,14001093001,2
626,22,14001093001,2
626,23,14001093001,2
626,24,14001093001,2
626,25,14001093001,2
626,26,14001093001,2
626,27,14001093001,2
626,28,14001093001,2
626,29,14001093001,2
626,30,14001093001,2
626,31,14001093001,2
626,32,14001093001,2
626,33,14001093001,2
626,34,14011006001,5
626,35,14011006001,5
626,36,14011006001,5
626,37,14011006001,5
626,38,14011006001,4
626,39,14232107001,5
626,40,14620909001,5
627,1,11061005001,1
627,2,12034025001,2
627,3,14000050001,4
627,4,14000050001,2
627,5,14001008001,3
627,6,14001008001,3
627,7,14001008001,3
627,8,14001008001,3
627,9,14001008001,3
627,10,14001008001,3
627,11,14001008001,3
627,12,14001008001,3
627,13,14001008001,3
627,14,14001008001,3
627,15,14001008001,3
627,16,14001008001,3
627,17,14001008001,3
627,18,14001008001,3
627,19,14001008001,3
627,20,14001008001,3
627,21,14001008001,3
627,22,14001008001,3
627,23,14001008001,3
627,24,14001008001,3
627,25,14001008001,3
627,26,14001008001,3
627,27,14001008001,3
627,28,14001008001,3
627,29,14001008001,3
627,30,14001008001,3
627,31,14023017001,2
627,32,14023017001,2
627,33,14023017001,1
627,34,14130054001,6
627,35,14130054001,6
627,36,14130054001,6
627,37,14130054001,6
627,38,14130054001,2
627,39,14241002001,4
627,40,14620920001,4
628,1,10014067001,16
628,2,10014067001,16
628,3,10014067001,16
628,4,10014067001,6
628,5,10052024001,8
628,6,11061008001,5
628,7,12020926001,27
628,8,12020926001,26
628,9,12023217001,2
628,10,12121007001,8
628,11,12121007001,2
628,12,12121032001,3
628,13,12121032001,3
628,14,12121032001,3
628,15,12121032001,1
628,16,14011014001,2
628,17,14011014001,2
628,18,14011014001,2
628,19,14011014001,2
628,20,14011014001,2
628,21,14011014001,2
628,22,14011014001,2
628,23,14011014001,2
628,24,14011014001,2
628,25,14011014001,2
628,26,14011014001,1
628,27,14241032001,6
628,28,14353073001,3
628,29,14353073001,3
628,30,14353073001,1
628,31,14620138001,2
629,1,10052004001,2
629,2,11061011001,3
629,3,12034071001,2
629,4,12123001001,3
629,5,12123001001,2
629,6,14000057001,4
629,7,14000057001,4
629,8,14000057001,4
629,9,14000057001,4
629,10,14000057001,4
629,11,14000057001,4
629,12,14000057001,4
629,13,14000057001,4
629,14,14000057001,4
629,15,14000057001,4
629,16,14000057001,4
629,17,14000057001,4
629,18,14000057001,4
629,19,14000057001,4
629,20,14000057001,4
629,21,14000057001,4
629,22,14000057001,4
629,23,14000057001,4
629,24,14000057001,4
629,25,14000057001,4
629,26,14000057001,4
629,27,14000057001,4
629,28,14000057001,4
629,29,14000057001,4
629,30,14000057001,3
629,31,14010049001,5
629,32,14010049001,5
629,33,14010049001,3
629,34,14023126001,7
629,35,14023126001,7
629,36,14023126001,7
629,37,14023126001,7
629,38,14023126001,6
629,39,14241030001,8
629,40,14620922001,3
630,1,10053904001,6
630,2,11061015001,2
630,3,12032227001,1
630,4,12122045001,2
630,5,12122045001,2
630,6,14010012001,5
630,7,14010012001,5
630,8,14010012001,4
630,9,14110029001,5
630,10,14110029001,5
630,11,14110029001,5
630,12,14110029001,5
630,13,14110029001,2
630,14,14110084001,1
630,15,14110084001,1
630,16,14110084001,1
630,17,14110084001,1
630,18,14110084001,1
630,19,14110084001,1
630,20,14110084001,1
630,21,14110084001,1
630,22,14110084001,1
630,23,14110084001,1
630,24,14110084001,1
630,25,14110084001,1
630,26,14110084001,1
630,27,14110084001,1
630,28,14110084001,1
630,29,14110084001,1
630,30,14110084001,1
630,31,14110084001,1
630,32,14110084001,1
630,33,14110084001,1
630,34,14110084001,1
630,35,14110084001,1
630,36,14110084001,1
630,37,14110084001,1
630,38,14110084001,1
630,39,14241004001,3
630,40,14620999001,12
631,1,10022003001,15
631,2,10022003001,15
631,3,10022003001,15
631,4,10022003001,3
631,5,10052015001,2
631,6,11062019001,3
631,7,12010137001,8
631,8,12010137001,8
631,9,12010137001,2
631,10,12034038001,1
631,11,12105002001,5
631,12,12105002001,5
631,13,12105002001,5
631,14,12105002001,3
631,15,12326167001,39
631,16,12326167001,14
631,17,14003037001,3
631,18,14003037001,3
631,19,14003037001,3
631,20,14003037001,3
631,21,14003037001,3
631,22,14003037001,3
631,23,14003037001,3
631,24,14003037001,3
631,25,14003037001,3
631,26,14003037001,3
631,27,14003037001,3
631,28,14241033001,9
631,29,14361061001,4
631,30,14361061001,4
631,31,14361061001,4
631,32,14621095001,8
632,1,10020042001,5
632,2,10020042001,5
632,3,10020042001,5
632,4,10020042001,5
632,5,10020042001,5
632,6,10020042001,5
632,7,10020042001,5
632,8,10020042001,5
632,9,10020042001,5
632,10,10020042001,5
632,11,10020042001,5
632,12,10020042001,5
632,13,10020042001,5
632,14,10020042001,5
632,15,10020042001,5
632,16,10020042001,5
632,17,10020042001,5
632,18,10020042001,5
632,19,10020042001,5
632,20,10020042001,5
632,21,10020042001,5
632,22,10020042001,5
632,23,10020042001,5
632,24,10020042001,5
632,25,10020042001,4
632,26,11010012001,1
632,27,11061031001,3
632,28,12034085001,7
632,29,12122052001,9
632,30,12122052001,7
632,31,14010025001,12
632,32,14010025001,12
632,33,14010025001,4
632,34,14020006001,4
632,35,14020006001,4
632,36,14020006001,4
632,37,14020006001,4
632,38,14020006001,2
632,39,14241035001,1
632,40,14621070001,7
633,1,10052019001,3
633,2,11061016001,2
633,3,12034051001,3
633,4,12123014001,6
633,5,12123014001,6
633,6,14010036001,11
633,7,14010036001,11
633,8,14010036001,6
633,9,14241043001,2
633,10,14501012001,6
633,11,14501012001,6
633,12,14501012001,6
633,13,14501012001,6
633,14,14501012001,6
633,15,14501012001,6
633,16,14501012001,6
633,17,14501012001,6
633,18,14501012001,6
633,19,14501012001,6
633,20,14501012001,6
633,21,14501012001,6
633,22,14501012001,6
633,23,14501012001,6
633,24,14501012001,6
633,25,14501012001,6
633,26,14501012001,6
633,27,14501012001,6
633,28,14501012001,6
633,29,14501012001,6
633,30,14501012001,6
633,31,14501012001,6
633,32,14501012001,6
633,33,14501012001,2
633,34,14610001001,11
633,35,14610001001,11
633,36,14610001001,11
633,37,14610001001,11
633,38,14610001001,11
633,39,14610001001,4
633,40,14621009001,4
634,1,11010016001,4
634,2,11061055001,2
634,3,12034211001,1
634,4,12123024001,3
634,5,12123024001,3
634,6,14001635001,6
634,7,14001635001,6
634,8,14001635001,6
634,9,14011003001,4
634,10,14011003001,4
634,11,14011003001,4
634,12,14011003001,4
634,13,14011003001,4
634,14,14011003001,4
634,15,14011003001,4
634,16,14011003001,4
634,17,14011003001,4
634,18,14011003001,4
634,19,14011003001,4
634,20,14011003001,4
634,21,14011003001,4
634,22,14011003001,4
634,23,14011003001,4
634,24,14011003001,4
634,25,14011003001,4
634,26,14011003001,4
634,27,14011003001,4
634,28,14011003001,4
634,29,14011003001,4
634,30,14011003001,4
634,31,14011003001,4
634,32,14011003001,4
634,33,14011003001,3
634,34,14100001001,3
634,35,14100001001,3
634,36,14100001001,3
634,37,14100001001,3
634,38,14100001001,3
634,39,14241044001,2
634,40,14621012001,2
635,1,10001022001,5
635,2,10001022001,5
635,3,10001022001,5
635,4,10001022001,5
635,5,10001022001,5
635,6,10001022001,5
635,7,10001022001,5
635,8,10001022001,5
635,9,10001022001,5
635,10,10001022001,5
635,11,10001022001,5
635,12,10001022001,5
635,13,10001022001,5
635,14,10001022001,5
635,15,10001022001,5
635,16,10001022001,5
635,17,10001022001,5
635,18,10001022001,5
635,19,10001022001,5
635,20,10001022001,5
635,21,10001022001,5
635,22,10001022001,5
635,23,10001022001,5
635,24,10001022001,5
635,25,10011021001,31
635,26,10011021001,31
635,27,10011021001,4
635,28,10016011001,11
635,29,10016011001,11
635,30,10016011001,11
635,31,10016011001,11
635,32,10016011001,4
635,33,11010013001,4
635,34,11070013001,3
635,35,12034201001,1
635,36,14242003001,6
635,37,14361112001,5
635,38,14361112001,5
635,39,14361112001,2
635,40,14621035001,1
636,1,10024004001,40
636,2,10024004001,40
636,3,10024004001,40
636,4,10024004001,6
636,5,11010027001,3
636,6,11070014001,2
636,7,12034001001,6
636,8,12034001001,6
636,9,12034001001,6
636,10,12034001001,6
636,11,12034001001,6
636,12,12034001001,6
636,13,12034001001,6
636,14,12034001001,6
636,15,12034001001,5
636,16,12100002001,6
636,17,14104169001,3
636,18,14104169001,3
636,19,14104169001,3
636,20,14104169001,3
636,21,14104169001,3
636,22,14104169001,3
636,23,14104169001,3
636,24,14104169001,3
636,25,14104169001,3
636,26,14104169001,3
636,27,14104169001,2
636,28,14242007001,12
636,29,14311031001,5
636,30,14311031001,5
636,31,14311031001,5
636,32,14311031001,1
636,33,14311046001,5
636,34,14311046001,5
636,35,14311046001,5
636,36,14311046001,1
636,37,14361104001,4
636,38,14361104001,4
636,39,14361104001,2
636,40,14621058001,5
637,1,10014024001,25
637,2,10014024001,25
637,3,10014024001,10
637,4,10024005001,10
637,5,10024005001,10
637,6,10024005001,10
637,7,10024005001,10
637,8,10024005001,8
637,9,10040111001,6
637,10,10040111001,6
637,11,10040111001,6
637,12,10040111001,6
637,13,10040111001,6
637,14,10040111001,6
637,15,10040111001,6
637,16,10040111001,6
637,17,10040111001,6
637,18,10040111001,6
637,19,10040111001,6
637,20,10040111001,6
637,21,10040111001,6
637,22,10040111001,6
637,23,10040111001,6
637,24,10040111001,6
637,25,10040111001,6
637,26,10040111001,6
637,27,10040111001,6
637,28,10040111001,6
637,29,10040111001,6
637,30,10040111001,6
637,31,10040111001,6
637,32,10040111001,6
637,33,11010025001,3
637,34,11070030001,1
637,35,12100051001,3
637,36,14242036001,5
637,37,14361128001,5
637,38,14361128001,5
637,39,14361128001,5
637,40,14630050001,3
638,1,10013012001,60
638,2,10013012001,60
638,3,10013012001,42
638,4,10031015001,5
638,5,10031015001,5
638,6,10031015001,5
638,7,10031015001,5
638,8,10031015001,4
638,9,10033068001,28
638,10,10033068001,28
638,11,10033068001,28
638,12,10033068001,28
638,13,10033068001,28
638,14,10033068001,28
638,15,10033068001,28
638,16,10033068001,28
638,17,10033068001,28
638,18,10033068001,28
638,19,10033068001,28
638,20,10033068001,28
638,21,10033068001,28
638,22,10033068001,28
638,23,10033068001,28
638,24,10033068001,28
638,25,10033068001,28
638,26,10033068001,28
638,27,10033068001,28
638,28,10033068001,28
638,29,10033068001,28
638,30,10033068001,28
638,31,10033068001,28
638,32,10033068001,10
638,33,11010042001,7
638,34,11070003001,9
638,35,12100061001,2
638,36,14242105001,3
638,37,14361158001,5
638,38,14361158001,5
638,39,14361158001,4
638,40,14631013001,3
639,1,10016002001,16
639,2,10016002001,16
639,3,10016002001,16
639,4,10031003001,10
639,5,10031003001,10
639,6,10031003001,10
639,7,10031003001,10
639,8,10031003001,8
639,9,10034003001,28
639,10,10034003001,28
639,11,10034003001,28
639,12,10034003001,28
639,13,10034003001,28
639,14,10034003001,28
639,15,10034003001,28
639,16,10034003001,28
639,17,10034003001,28
639,18,10034003001,28
639,19,10034003001,28
639,20,10034003001,28
639,21,10034003001,28
639,22,10034003001,28
639,23,10034003001,28
639,24,10034003001,28
639,25,10034003001,28
639,26,10034003001,28
639,27,10034003001,28
639,28,10034003001,28
639,29,10034003001,28
639,30,10034003001,28
639,31,10034003001,28
639,32,10034003001,22
639,33,11010116001,4
639,34,11070018001,3
639,35,12100008001,1
639,36,14242010001,3
639,37,14361044001,4
639,38,14361044001,4
639,39,14361044001,3
639,40,14630056001,5
640,1,10014080001,8
640,2,10014080001,8
640,3,10014080001,8
640,4,10030021001,5
640,5,10030021001,5
640,6,10030021001,5
640,7,10030021001,5
640,8,10030021001,5
640,9,10030021001,5
640,10,10030021001,5
640,11,10030021001,5
640,12,10030021001,5
640,13,10030021001,5
640,14,10030021001,5
640,15,10030021001,5
640,16,10030021001,5
640,17,10030021001,5
640,18,10030021001,5
640,19,10030021001,5
640,20,10030021001,5
640,21,10030021001,5
640,22,10030021001,5
640,23,10030021001,5
640,24,10030021001,5
640,25,10030021001,5
640,26,10030021001,5
640,27,10030021001,5
640,28,10032001001,8
640,29,10032001001,8
640,30,10032001001,8
640,31,10032001001,8
640,32,10032001001,4
640,33,11010045001,4
640,34,11071005001,30
640,35,12100069001,7
640,36,14242081001,3
640,37,14362902001,2
640,38,14362902001,2
640,39,14362902001,1
640,40,14631014001,2
641,1,10023103001,1
641,2,10023103001,1
641,3,10023103001,1
641,4,10023103001,1
641,5,11010043001,5
641,6,11070011001,12
641,7,11111008001,6
641,8,11111008001,6
641,9,11111008001,6
641,10,11111008001,6
641,11,11111008001,6
641,12,11111008001,6
641,13,11111008001,6
641,14,11111008001,6
641,15,11111008001,5
641,16,12100013001,8
641,17,14010029001,5
641,18,14010029001,5
641,19,14010029001,5
641,20,14010029001,3
641,21,14104067001,5
641,22,14104067001,5
641,23,14104067001,5
641,24,14104067001,5
641,25,14104067001,5
641,26,14104067001,5
641,27,14104067001,5
641,28,14104067001,5
641,29,14104067001,5
641,30,14104067001,5
641,31,14104067001,3
641,32,14242126001,2
641,33,14244930001,6
641,34,14244930001,6
641,35,14244930001,6
641,36,14370025001,6
641,37,14370025001,6
641,38,14370025001,3
642,1,10020046001,22
642,2,10020046001,22
642,3,10020046001,10
642,4,10021007001,6
642,5,10021007001,6
642,6,10021007001,6
642,7,10021007001,6
642,8,10021007001,6
642,9,10021007001,6
642,10,10021007001,6
642,11,10021007001,6
642,12,10021007001,6
642,13,10021007001,6
642,14,10021007001,6
642,15,10021007001,6
642,16,10021007001,6
642,17,10021007001,6
642,18,10021007001,6
642,19,10021007001,6
642,20,10021007001,6
642,21,10021007001,6
642,22,10021007001,6
642,23,10021007001,6
642,24,10021007001,6
642,25,10021007001,6
642,26,10021007001,2
642,27,11010057001,3
642,28,11071018001,2
642,29,12100059001,6
642,30,14103030001,3
642,31,14103030001,3
642,32,14103030001,3
642,33,14103030001,3
642,34,14103030001,3
642,35,14103030001,1
642,36,14242039001,6
642,37,14370072001,5
642,38,14370072001,5
642,39,14370072001,3
643,1,10020028001,9
643,2,10020028001,9
643,3,10020028001,6
643,4,10032004001,10
643,5,10032004001,10
643,6,10032004001,10
643,7,10032004001,10
643,8,10032004001,8
643,9,11010059001,6
643,10,11071008001,10
643,11,12100091001,1
643,12,12130047001,1
643,13,12130047001,1
643,14,12130047001,1
643,15,12130047001,1
643,16,12130047001,1
643,17,12130047001,1
643,18,12130047001,1
643,19,12130047001,1
643,20,12130047001,1
643,21,12130047001,1
643,22,12130047001,1
643,23,12130047001,1
643,24,12130047001,1
643,25,12130047001,1
643,26,12130047001,1
643,27,12130047001,1
643,28,12130047001,1
643,29,12130047001,1
643,30,12130047001,1
643,31,12130047001,1
643,32,12130047001,1
643,33,12130047001,1
643,34,12130047001,1
643,35,12130047001,1
643,36,14242131001,11
643,37,14501037001,13
643,38,14501037001,13
643,39,14501037001,1
643,40,14631028001,8
644,1,10022012001,16
644,2,10022012001,16
644,3,10022012001,16
644,4,10022910001,15
644,5,10022910001,15
644,6,10022910001,15
644,7,10022910001,3
644,8,10031026001,6
644,9,10031026001,6
644,10,10031026001,6
644,11,10031026001,6
644,12,11020010001,8
644,13,11071004001,16
644,14,12100092001,3
644,15,14131047001,6
644,16,14131047001,6
644,17,14131047001,6
644,18,14131047001,6
644,19,14131047001,6
644,20,14131047001,6
644,21,14131047001,6
644,22,14131047001,6
644,23,14131047001,6
644,24,14131047001,6
644,25,14131047001,3
644,26,14242144001,6
644,27,14311117001,5
644,28,14311117001,5
644,29,14311117001,5
644,30,14311117001,5
644,31,14311117001,5
644,32,14311117001,5
644,33,14311117001,5
644,34,14311117001,5
644,35,14311117001,5
644,36,14500018001,3
644,37,14500018001,3
644,38,14500018001,2
644,39,14631043001,8
645,1,10020094001,8
645,2,10020094001,8
645,3,10020094001,8
645,4,11021002001,2
645,5,11071002001,2
645,6,12100103001,6
645,7,12130008001,2
645,8,12130008001,2
645,9,12130008001,2
645,10,12130008001,2
645,11,12130008001,2
645,12,12130008001,2
645,13,12130008001,2
645,14,12130008001,2
645,15,12130008001,2
645,16,12130008001,2
645,17,12130008001,2
645,18,12130008001,2
645,19,12130008001,2
645,20,12130008001,2
645,21,12130008001,2
645,22,12130008001,2
645,23,12130008001,2
645,24,12130008001,2
645,25,12130008001,2
645,26,12130008001,2
645,27,12130008001,2
645,28,12130008001,2
645,29,12130008001,2
645,30,14001060001,13
645,31,14001060001,13
645,32,14001060001,13
645,33,14001060001,13
645,34,14001060001,13
645,35,14001060001,4
645,36,14242154001,5
645,37,14503024001,10
645,38,14503024001,10
645,39,14503024001,8
646,1,10033023001,6
646,2,10033023001,6
646,3,10033023001,6
646,4,10033023001,6
646,5,11020013001,3
646,6,11071012001,1
646,7,12100101001,5
646,8,12110059001,53
646,9,14131075001,5
646,10,14131075001,5
646,11,14131075001,5
646,12,14131075001,5
646,13,14131075001,5
646,14,14131075001,5
646,15,14131075001,5
646,16,14131075001,5
646,17,14131075001,5
646,18,14131075001,5
646,19,14131075001,1
646,20,14242145001,7
646,21,14503049001,10
646,22,14503049001,10
646,23,14503049001,6
646,24,14610010001,13
646,25,14610010001,11
646,26,14615031001,7
646,27,14615031001,7
646,28,14615031001,7
646,29,14615031001,3
647,1,10011028001,8
647,2,10011028001,8
647,3,10011028001,6
647,4,11021006001,2
647,5,11071032001,2
647,6,12102013001,8
647,7,14001017001,2
647,8,14001017001,2
647,9,14001017001,2
647,10,14001017001,2
647,11,14001017001,2
647,12,14001017001,2
647,13,14001017001,2
647,14,14001017001,2
647,15,14001017001,2
647,16,14001017001,2
647,17,14001017001,2
647,18,14001017001,2
647,19,14001017001,2
647,20,14001017001,2
647,21,14001017001,2
647,22,14001017001,2
647,23,14001017001,2
647,24,14001017001,2
647,25,14001017001,2
647,26,14001017001,2
647,27,14001017001,2
647,28,14001017001,2
647,29,14001017001,2
647,30,14010149001,3
647,31,14010149001,3
647,32,14010149001,3
647,33,14010149001,3
647,34,14010149001,3
647,35,14010149001,3
647,36,14242210001,6
647,37,14505008001,10
647,38,14505008001,10
647,39,14505008001,10
648,1,10020034001,22
648,2,10020034001,22
648,3,10020034001,22
648,4,10034041001,5
648,5,10034041001,5
648,6,10034041001,5
648,7,10034041001,5
648,8,10034041001,4
648,9,11021018001,1
648,10,11071916001,5
648,11,12101004001,15
648,12,14242155001,10
648,13,14501899001,13
648,14,14501899001,13
648,15,14501899001,4
648,16,14502078001,7
648,17,14502078001,7
648,18,14502078001,7
648,19,14502078001,7
648,20,14502078001,7
648,21,14502078001,7
648,22,14502078001,7
648,23,14502078001,7
648,24,14502078001,7
648,25,14502078001,7
648,26,14502078001,7
648,27,14502078001,7
648,28,14502078001,7
648,29,14502078001,7
648,30,14502078001,7
648,31,14502078001,7
648,32,14502078001,7
648,33,14502078001,7
648,34,14502078001,7
648,35,14502078001,7
648,36,14502078001,7
648,37,14502078001,7
648,38,14502078001,7
648,39,14502078001,4
649,1,10020024001,20
649,2,10020024001,20
649,3,10020024001,8
649,4,11021013001,3
649,5,11071033001,4
649,6,12101040001,3
649,7,14100003001,3
649,8,14100003001,3
649,9,14100003001,3
649,10,14100003001,3
649,11,14100003001,3
649,12,14100003001,3
649,13,14100003001,3
649,14,14100003001,3
649,15,14100003001,3
649,16,14100003001,3
649,17,14100003001,3
649,18,14100003001,3
649,19,14100003001,3
649,20,14100003001,3
649,21,14100003001,3
649,22,14100003001,3
649,23,14100003001,3
649,24,14100003001,3
649,25,14100003001,3
649,26,14100003001,3
649,27,14100003001,3
649,28,14100003001,1
649,29,14243009001,2
649,30,14506005001,5
649,31,14506005001,5
649,32,14506005001,2
649,33,14522049001,6
649,34,14522049001,6
649,35,14522049001,6
649,36,14522049001,6
649,37,14522049001,6
649,38,14522049001,6
649,39,14522049001,6
650,1,10014097001,11
650,2,10014097001,11
650,3,10014097001,2
650,4,10031031001,22
650,5,10031031001,22
650,6,10031031001,22
650,7,10031031001,22
650,8,10031031001,22
650,9,10031031001,22
650,10,10031031001,22
650,11,10031031001,22
650,12,10031031001,22
650,13,10031031001,22
650,14,10031031001,22
650,15,10031031001,22
650,16,10031031001,22
650,17,10031031001,22
650,18,10031031001,22
650,19,10031031001,22
650,20,10031031001,22
650,21,10031031001,22
650,22,10031031001,22
650,23,10031031001,22
650,24,10031031001,22
650,25,10031031001,22
650,26,10031031001,20
650,27,11021052001,5
650,28,11072903001,2
650,29,12101005001,1
650,30,14010173001,5
650,31,14010173001,5
650,32,14010173001,5
650,33,14010173001,5
650,34,14010173001,5
650,35,14010173001,4
650,36,14243016001,4
650,37,14505139001,11
650,38,14505139001,11
650,39,14505139001,3
651,1,10001015001,5
651,2,10001015001,5
651,3,10001015001,5
651,4,10001015001,5
651,5,10001015001,5
651,6,10001015001,5
651,7,10001015001,5
651,8,10001015001,5
651,9,10001015001,5
651,10,10001015001,5
651,11,10001015001,5
651,12,10001015001,5
651,13,10001015001,5
651,14,10001015001,5
651,15,10001015001,5
651,16,10001015001,5
651,17,10001015001,5
651,18,10001015001,5
651,19,10001015001,5
651,20,10001015001,5
651,21,10001015001,5
651,22,10001015001,3
651,23,10022006001,19
651,24,10022006001,19
651,25,10022006001,10
651,26,11021023001,1
651,27,11072017001,2
651,28,12101033001,2
651,29,14243013001,5
651,30,14505148001,4
651,31,14505148001,4
651,32,14505148001,1
651,33,14620907001,9
651,34,14620907001,9
651,35,14620907001,9
651,36,14620907001,9
651,37,14620907001,9
651,38,14620907001,9
651,39,14620907001,2
652,1,10040040001,9
652,2,10040040001,9
652,3,10040040001,9
652,4,10040040001,9
652,5,11021061001,6
652,6,11072008001,5
652,7,12005084001,5
652,8,12005084002,5
652,9,12005084004,5
652,10,12005084005,5
652,11,12005084006,5
652,12,12005084009,5
652,13,12101016001,1
652,14,14130016001,1
652,15,14130016001,1
652,16,14130016001,1
652,17,14130016001,1
652,18,14130016001,1
652,19,14130016001,1
652,20,14130016001,1
652,21,14130016001,1
652,22,14130016001,1
652,23,14130016001,1
652,24,14130016001,1
652,25,14130016001,1
652,26,14130016001,1
652,27,14130016001,1
652,28,14130016001,1
652,29,14130016001,1
652,30,14130016001,1
652,31,14130016001,1
652,32,14130016001,1
652,33,14130016001,1
652,34,14130016001,1
652,35,14130016001,1
652,36,14243017001,4
652,37,14506062001,5
652,38,14506062001,5
652,39,14506062001,2
653,1,10023051001,2
653,2,10023051001,2
653,3,10023051001,1
653,4,11021047001,3
653,5,11072905001,3
653,6,12102016001,8
653,7,14011027001,2
653,8,14011027001,2
653,9,14011027001,2
653,10,14011027001,2
653,11,14011027001,2
653,12,14011027001,1
653,13,14102250001,4
653,14,14102250001,4
653,15,14102250001,4
653,16,14102250001,4
653,17,14102250001,4
653,18,14102250001,4
653,19,14102250001,4
653,20,14102250001,4
653,21,14102250001,4
653,22,14102250001,4
653,23,14102250001,4
653,24,14102250001,4
653,25,14102250001,4
653,26,14102250001,4
653,27,14102250001,4
653,28,14102250001,4
653,29,14102250001,4
653,30,14102250001,4
653,31,14102250001,4
653,32,14102250001,4
653,33,14102250001,4
653,34,14102250001,4
653,35,14102250001,2
653,36,14243021001,4
653,37,14502021001,13
653,38,14502021001,13
653,39,14502021001,4
654,1,10041001001,7
654,2,10041001001,7
654,3,10041001001,7
654,4,10041001001,3
654,5,11021025001,6
654,6,11073002001,1
654,7,12011329001,5
654,8,12011329001,5
654,9,12011341001,5
654,10,12011341001,5
654,11,12011342001,5
654,12,12011342001,5
654,13,12102020001,2
654,14,14243054001,2
654,15,14500003001,12
654,16,14500003001,12
654,17,14500003001,12
654,18,14500003001,12
654,19,14500003001,12
654,20,14500003001,12
654,21,14500003001,12
654,22,14500003001,12
654,23,14500003001,12
654,24,14500003001,12
654,25,14500003001,12
654,26,14500003001,12
654,27,14500003001,12
654,28,14500003001,12
654,29,14500003001,12
654,30,14500003001,12
654,31,14500003001,12
654,32,14500003001,12
654,33,14500003001,12
654,34,14500003001,12
654,35,14500003001,12
654,36,14500003001,3
654,37,14506085001,6
654,38,14506085001,6
654,39,14506085001,3
655,1,10034999001,28
655,2,10034999001,28
655,3,10034999001,28
655,4,10034999001,28
655,5,10034999001,28
655,6,10034999001,28
655,7,10034999001,28
655,8,10034999001,28
655,9,10034999001,28
655,10,10034999001,28
655,11,10034999001,28
655,12,10034999001,28
655,13,10034999001,28
655,14,10034999001,28
655,15,10034999001,28
655,16,10034999001,28
655,17,10034999001,28
655,18,10034999001,28
655,19,10034999001,28
655,20,10034999001,28
655,21,10034999001,28
655,22,11010007001,6
655,23,11010007001,6
655,24,11010007001,6
655,25,11010007001,4
655,26,11021029001,6
655,27,11073012001,4
655,28,12102022001,1
655,29,12120053001,5
655,30,12120053001,5
655,31,12120053001,5
655,32,12120053001,5
655,33,12120053001,5
655,34,12120053001,5
655,35,12120053001,2
655,36,14243020001,3
655,37,14506013001,1
655,38,14506013001,1
655,39,14506013001,1
656,1,10000001001,5
656,2,10000001001,5
656,3,10000001001,5
656,4,10000001001,5
656,5,10000001001,5
656,6,10000001001,5
656,7,10000001001,5
656,8,10000001001,5
656,9,10041009001,15
656,10,10041009001,15
656,11,10041009001,15
656,12,10041009001,3
656,13,11022001001,6
656,14,11073900001,2
656,15,11103085001,6
656,16,11103085001,6
656,17,11103085001,6
656,18,11103085001,6
656,19,11103085001,6
656,20,11103085001,6
656,21,11103085001,6
656,22,11103085001,6
656,23,11103085001,5
656,24,12102026001,3
656,25,14243028001,2
656,26,14311004001,4
656,27,14311004001,4
656,28,14311004001,4
656,29,14311004001,4
656,30,14311004001,4
656,31,14311004001,4
656,32,14311004001,4
656,33,14311004001,4
656,34,14311004001,4
656,35,14311004001,4
656,36,14311004001,4
656,37,14506139001,3
656,38,14506139001,3
656,39,14506139001,2
657,1,11021060001,5
657,2,11032008001,8
657,3,11032008001,8
657,4,11032008001,8
657,5,11032008001,6
657,6,11073025001,2
657,7,12020021001,2
657,8,12020148001,2
657,9,12020189001,2
657,10,12020196001,2
657,11,12020221001,2
657,12,12020362001,2
657,13,12102041001,1
657,14,14243031001,1
657,15,14500008001,6
657,16,14500008001,6
657,17,14500008001,6
657,18,14500008001,6
657,19,14500008001,6
657,20,14500008001,6
657,21,14500008001,6
657,22,14500008001,6
657,23,14500008001,6
657,24,14500008001,6
657,25,14500008001,6
657,26,14500008001,6
657,27,14500008001,6
657,28,14500008001,6
657,29,14500008001,6
657,30,14500008001,6
657,31,14500008001,6
657,32,14500008001,6
657,33,14500008001,6
657,34,14500008001,6
657,35,14500008001,6
657,36,14500008001,6
657,37,14506150001,2
657,38,14506150001,2
657,39,14506150001,2
658,1,10040079001,10
658,2,10040079001,10
658,3,10040079001,2
658,4,11021064001,1
658,5,11073902001,11
658,6,12102027001,12
658,7,14121057001,9
658,8,14121057001,9
658,9,14121057001,9
658,10,14121057001,9
658,11,14121057001,9
658,12,14121057001,2
658,13,14243036001,10
658,14,14500026001,7
658,15,14500026001,7
658,16,14500026001,7
658,17,14500026001,7
658,18,14500026001,7
658,19,14500026001,7
658,20,14500026001,7
658,21,14500026001,7
658,22,14500026001,7
658,23,14500026001,7
658,24,14500026001,7
658,25,14500026001,7
658,26,14500026001,7
658,27,14500026001,7
658,28,14500026001,7
658,29,14500026001,7
658,30,14500026001,7
658,31,14500026001,7
658,32,14500026001,7
658,33,14500026001,7
658,34,14500026001,7
658,35,14500026001,7
658,36,14500026001,5
658,37,14520067001,6
658,38,14520067001,6
658,39,14520067001,4
659,1,10020033001,10
659,2,10020033001,10
659,3,10020033001,10
659,4,10020033001,10
659,5,10020033001,10
659,6,10020033001,10
659,7,10020033001,10
659,8,10020033001,10
659,9,10020033001,10
659,10,10020033001,10
659,11,10020033001,10
659,12,10020033001,10
659,13,10020033001,10
659,14,10020033001,10
659,15,10020033001,10
659,16,10020033001,10
659,17,10020033001,10
659,18,10020033001,10
659,19,10020033001,10
659,20,10020033001,10
659,21,10020033001,8
659,22,11022017001,2
659,23,11040006001,6
659,24,11040006001,6
659,25,11040006001,6
659,26,11040006001,6
659,27,11074007001,5
659,28,12102033001,2
659,29,12123042001,3
659,30,12123042001,3
659,31,12123042001,3
659,32,12123042001,3
659,33,12123042001,3
659,34,12123042001,3
659,35,12123042001,3
659,36,14243044001,14
659,37,14521156001,6
659,38,14521156001,6
659,39,14521156001,6
660,1,10002045001,8
660,2,10002045001,8
660,3,10002045001,8
660,4,10002045001,8
660,5,10002045001,8
660,6,10002045001,8
660,7,10002045001,8
660,8,10002045001,7
660,9,11022031001,6
660,10,11040010001,8
660,11,11040010001,8
660,12,11040010001,8
660,13,11040010001,2
660,14,11074012001,1
660,15,12002119001,10
660,16,12002119001,10
660,17,12002119001,10
660,18,12002119001,10
660,19,12002119001,10
660,20,12002119001,3
660,21,12102056001,3
660,22,14011028001,4
660,23,14011028001,4
660,24,14011028001,4
660,25,14011028001,4
660,26,14011028001,4
660,27,14011028001,4
660,28,14011028001,4
660,29,14011028001,4
660,30,14011028001,4
660,31,14011028001,4
660,32,14011028001,4
660,33,14243040001,19
660,34,14603004001,4
660,35,14603004001,4
660,36,14603004001,1
661,1,10032011001,16
661,2,10032011001,16
661,3,10032011001,16
661,4,10032011001,16
661,5,10032011001,16
661,6,10032011001,16
661,7,10032011001,16
661,8,10032011001,16
661,9,10032011001,16
661,10,10032011001,16
661,11,10032011001,16
661,12,10032011001,16
661,13,10032011001,16
661,14,10032011001,16
661,15,10032011001,16
661,16,10032011001,16
661,17,10032011001,16
661,18,10032011001,16
661,19,10032011001,16
661,20,10032011001,16
661,21,10032011001,4
661,22,11022011001,6
661,23,11040009001,7
661,24,11040009001,7
661,25,11040009001,7
661,26,11040009001,5
661,27,11074027001,1
661,28,12102047001,2
661,29,12122021001,3
661,30,12122021001,3
661,31,12122021001,3
661,32,12122021001,3
661,33,12122021001,3
661,34,12122021001,3
661,35,12122021001,3
661,36,14243026001,16
661,37,14601003001,8
661,38,14601003001,8
661,39,14601003001,7
662,1,11022044001,6
662,2,11062025001,2
662,3,11062025001,2
662,4,11062025001,2
662,5,11062025001,1
662,6,11074048001,10
662,7,12102095001,16
662,8,12122002002,4
662,9,12122002002,4
662,10,12122002002,4
662,11,12122002002,4
662,12,12122002002,4
662,13,12122002002,4
662,14,12122002002,3
662,15,14011032001,5
662,16,14011032001,5
662,17,14011032001,5
662,18,14011032001,5
662,19,14011032001,5
662,20,14011032001,5
662,21,14011032001,5
662,22,14011032001,5
662,23,14011032001,5
662,24,14011032001,5
662,25,14011032001,5
662,26,14011032001,5
662,27,14011032001,5
662,28,14011032001,5
662,29,14011032001,5
662,30,14011032001,5
662,31,14011032001,5
662,32,14011032001,5
662,33,14011032001,5
662,34,14011032001,5
662,35,14011032001,2
662,36,14243061001,10
662,37,14603003001,4
662,38,14603003001,4
662,39,14603003001,4
663,1,11022025001,3
663,2,11051002001,7
663,3,11051002001,7
663,4,11051002001,7
663,5,11051002001,1
663,6,11074019001,2
663,7,12102058001,5
663,8,12130004001,2
663,9,12130004001,2
663,10,12130004001,2
663,11,12130004001,2
663,12,12130004001,2
663,13,12130004001,2
663,14,12130004001,2
663,15,14000011001,2
663,16,14000011001,2
663,17,14000011001,2
663,18,14000011001,2
663,19,14000011001,2
663,20,14000011001,2
663,21,14000011001,2
663,22,14000011001,2
663,23,14000011001,2
663,24,14000011001,2
663,25,14000011001,2
663,26,14000011001,2
663,27,14000011001,2
663,28,14000011001,2
663,29,14000011001,2
663,30,14000011001,2
663,31,14000011001,2
663,32,14000011001,2
663,33,14000011001,2
663,34,14000011001,2
663,35,14000011001,1
663,36,14243055001,1
663,37,14603005001,5
663,38,14603005001,5
663,39,14603005001,5
664,1,11022063001,3
664,2,11071898001,5
664,3,11071898001,5
664,4,11071898001,5
664,5,11071898001,1
664,6,11074020001,5
664,7,12102059001,2
664,8,14000041001,3
664,9,14000041001,3
664,10,14000041001,3
664,11,14000041001,3
664,12,14000041001,3
664,13,14000041001,3
664,14,14000041001,3
664,15,14000197001,4
664,16,14000197001,4
664,17,14000197001,4
664,18,14000197001,4
664,19,14000197001,4
664,20,14000197001,4
664,21,14000197001,4
664,22,14000197001,4
664,23,14000197001,4
664,24,14000197001,4
664,25,14000197001,4
664,26,14000197001,4
664,27,14000197001,4
664,28,14000197001,4
664,29,14000197001,4
664,30,14000197001,4
664,31,14000197001,4
664,32,14000197001,4
664,33,14000197001,4
664,34,14000197001,4
664,35,14000197001,2
664,36,14243058001,19
664,37,14611002001,10
664,38,14611002001,10
664,39,14611002001,10
665,1,10033075001,7
665,2,10033075001,7
665,3,10033075001,7
665,4,10033075001,7
665,5,10033075001,7
665,6,10033075001,7
665,7,10033075001,7
665,8,10033075001,7
665,9,10033075001,7
665,10,10033075001,7
665,11,10033075001,7
665,12,10033075001,7
665,13,10033075001,7
665,14,10033075001,7
665,15,10033075001,7
665,16,10033075001,7
665,17,10033075001,7
665,18,10033075001,7
665,19,10033075001,7
665,20,10033075001,7
665,21,10033075001,4
665,22,11022085001,6
665,23,11074047001,2
665,24,11101014001,9
665,25,11101014001,9
665,26,11101014001,9
665,27,11101014001,3
665,28,12102087001,3
665,29,14010041001,2
665,30,14010041001,2
665,31,14010041001,2
665,32,14010041001,2
665,33,14010041001,2
665,34,14010041001,2
665,35,14010041001,1
665,36,14243081001,1
665,37,14603010001,5
665,38,14603010001,5
665,39,14603010001,2
666,1,10014032001,24
666,2,10014032001,24
666,3,10014032001,24
666,4,10014032001,24
666,5,10014032001,24
666,6,10014032001,24
666,7,10014032001,24
666,8,10014032001,24
666,9,10014033001,24
666,10,10014033001,24
666,11,10014033001,24
666,12,10014033001,24
666,13,10014033001,24
666,14,10014033001,24
666,15,10014033001,24
666,16,10014033001,24
666,17,10014033001,24
666,18,10014033001,12
666,19,10014069001,24
666,20,10014069001,24
666,21,10014069001,24
666,22,10014069001,24
666,23,10014069001,24
666,24,10014069001,24
666,25,10014069001,24
666,26,10014069001,24
666,27,10014069001,24
666,28,10014069001,12
666,29,11022035001,1
666,30,11074031001,2
666,31,11103007001,5
666,32,11103007001,5
666,33,11103007001,5
666,34,11103007001,3
666,35,12102142001,10
666,36,14243107001,4
666,37,14613019001,8
666,38,14613019001,8
666,39,14613019001,6
667,1,11030016001,1
667,2,11076886001,1
667,3,11103051001,8
667,4,11103051001,8
667,5,11103051001,8
667,6,11103051001,6
667,7,12103024001,9
667,8,12130045001,1
667,9,12130045001,1
667,10,12130045001,1
667,11,12130045001,1
667,12,12130045001,1
667,13,12130045001,1
667,14,12130045001,1
667,15,14243106001,1
667,16,14500037001,2
667,17,14500037001,2
667,18,14500037001,2
667,19,14500037001,2
667,20,14500037001,2
667,21,14500037001,2
667,22,14500037001,2
667,23,14500037001,2
667,24,14500037001,2
667,25,14500037001,2
667,26,14500037001,2
667,27,14500037001,2
667,28,14500037001,2
667,29,14500037001,2
667,30,14500037001,2
667,31,14500037001,2
667,32,14500037001,2
667,33,14500037001,2
667,34,14500037001,2
667,35,14500037001,2
667,36,14500037001,2
667,37,14615038001,3
667,38,14615038001,3
667,39,14615038001,1
668,1,11030018001,5
668,2,11075004001,6
668,3,11103096001,5
668,4,11103096001,5
668,5,11103096001,5
668,6,11103096001,5
668,7,12102060001,12
668,8,14023194001,1
668,9,14023194001,1
668,10,14023194001,1
668,11,14023194001,1
668,12,14023194001,1
668,13,14023194001,1
668,14,14023194001,1
668,15,14243111001,2
668,16,14501902001,12
668,17,14501902001,12
668,18,14501902001,12
668,19,14501902001,12
668,20,14501902001,12
668,21,14501902001,12
668,22,14501902001,12
668,23,14501902001,12
668,24,14501902001,12
668,25,14501902001,12
668,26,14501902001,12
668,27,14501902001,12
668,28,14501902001,12
668,29,14501902001,12
668,30,14501902001,12
668,31,14501902001,12
668,32,14501902001,12
668,33,14501902001,12
668,34,14501902001,12
668,35,14501902001,12
668,36,14501902001,8
668,37,14615009001,13
668,38,14615009001,13
668,39,14615009001,6
669,1,11022059001,3
669,2,11076890001,3
669,3,11103134001,5
669,4,11103134001,5
669,5,11103134001,5
669,6,11103134001,5
669,7,12102075001,30
669,8,12212033001,5
669,9,12212033001,5
669,10,12212033001,5
669,11,12212033001,5
669,12,12212033001,5
669,13,12212033001,5
669,14,12212033001,5
669,15,14112014001,4
669,16,14112014001,4
669,17,14112014001,4
669,18,14112014001,4
669,19,14112014001,4
669,20,14112014001,4
669,21,14112014001,4
669,22,14112014001,4
669,23,14112014001,4
669,24,14112014001,4
669,25,14112014001,4
669,26,14112014001,4
669,27,14112014001,4
669,28,14112014001,4
669,29,14112014001,4
669,30,14112014001,4
669,31,14112014001,4
669,32,14112014001,4
669,33,14112014001,4
669,34,14112014001,4
669,35,14112014001,2
669,36,14243120001,8
669,37,14615082001,7
669,38,14615082001,7
669,39,14615082001,7
670,1,10001035001,5
670,2,10001035001,5
670,3,10001035001,5
670,4,10001035001,5
670,5,10001035001,5
670,6,10001035001,5
670,7,10001035001,5
670,8,10001035001,5
670,9,10001035001,5
670,10,10001035001,5
670,11,10001035001,5
670,12,10001035001,5
670,13,10001035001,5
670,14,10001035001,5
670,15,10001035001,5
670,16,10001035001,5
670,17,10001035001,5
670,18,10001035001,5
670,19,10001035001,5
670,20,10001035001,1
670,21,10010009001,5
670,22,10010009001,5
670,23,10010009001,5
670,24,10010009001,5
670,25,10010009001,5
670,26,10010009001,5
670,27,10010009001,5
670,28,10010009001,1
670,29,11022003001,5
670,30,11076883001,2
670,31,11110007001,4
670,32,11110007001,4
670,33,11110007001,4
670,34,11110007001,4
670,35,12102109001,2
670,36,14244005001,2
670,37,14620057001,9
670,38,14620057001,9
670,39,14620057001,2
671,1,10014020001,17
671,2,10014020001,17
671,3,10014020001,17
671,4,10014020001,17
671,5,10014020001,17
671,6,10014020001,17
671,7,10014020001,17
671,8,10014020001,17
671,9,10014020001,2
671,10,11030096001,2
671,11,11100003001,6
671,12,12005109003,9
671,13,12005109003,9
671,14,12005109003,9
671,15,12005109003,9
671,16,12005109003,9
671,17,12005109003,8
671,18,12020138001,41
671,19,12020138001,12
671,20,12102112001,3
671,21,14244009001,10
671,22,14244898001,7
671,23,14244898001,7
671,24,14244898001,7
671,25,14244898001,7
671,26,14244898001,7
671,27,14620006001,10
671,28,14620006001,10
671,29,14620006001,8
672,1,11030062001,5
672,2,11100010001,5
672,3,11103176001,3
672,4,11103176001,3
672,5,11103176001,3
672,6,11103176001,1
672,7,12102997001,52
672,8,14001058001,2
672,9,14001058001,2
672,10,14001058001,2
672,11,14001058001,2
672,12,14001058001,2
672,13,14001058001,2
672,14,14001058001,1
672,15,14244025001,8
672,16,14521157001,6
672,17,14521157001,6
672,18,14521157001,6
672,19,14521157001,6
672,20,14521157001,6
672,21,14521157001,6
672,22,14521157001,6
672,23,14521157001,6
672,24,14521157001,6
672,25,14521157001,6
672,26,14521157001,6
672,27,14521157001,6
672,28,14521157001,6
672,29,14521157001,6
672,30,14521157001,6
672,31,14521157001,6
672,32,14521157001,6
672,33,14521157001,6
672,34,14521157001,6
672,35,14521157001,6
672,36,14521157001,6
672,37,14620060001,7
672,38,14620060001,7
672,39,14620060001,4
673,1,10000003001,11
673,2,10000003001,11
673,3,10000003001,11
673,4,10000003001,11
673,5,10000003001,11
673,6,10000003001,11
673,7,10000003001,11
673,8,10000003001,11
673,9,10000003001,11
673,10,10000003001,11
673,11,10000003001,11
673,12,10000003001,11
673,13,10000003001,11
673,14,10000003001,11
673,15,10000003001,11
673,16,10000003001,11
673,17,10000003001,11
673,18,10000003001,11
673,19,10000003001,11
673,20,10000003001,1
673,21,10002919001,7
673,22,10002919001,7
673,23,10002919001,7
673,24,10002919001,7
673,25,10002919001,7
673,26,10002919001,7
673,27,10002919001,7
673,28,10002919001,5
673,29,11023010001,18
673,30,11076928001,2
673,31,12010036001,9
673,32,12010036001,9
673,33,12010036001,9
673,34,12010036001,9
673,35,12102132001,2
673,36,14244026001,5
673,37,14631018001,10
673,38,14631018001,10
673,39,14631018001,4
674,1,10002007001,11
674,2,10002007001,11
674,3,10002007001,11
674,4,10002007001,11
674,5,10002007001,11
674,6,10002007001,11
674,7,10002007001,11
674,8,10002007001,11
674,9,10002007001,11
674,10,10002007001,11
674,11,10002007001,11
674,12,10002007001,11
674,13,10002007001,11
674,14,10002007001,11
674,15,10002007001,11
674,16,10002007001,11
674,17,10002007001,11
674,18,10002007001,11
674,19,10002007001,11
674,20,10002007001,7
674,21,10020027001,22
674,22,10020027001,22
674,23,10020027001,22
674,24,10020027001,22
674,25,10020027001,22
674,26,10020027001,22
674,27,10020027001,22
674,28,10020027001,11
674,29,11030010001,25
674,30,11100005001,4
674,31,11111004001,8
674,32,11111004001,8
674,33,11111004001,8
674,34,11111004001,1
674,35,12102996001,4
674,36,14244027001,10
674,37,14620051001,3
674,38,14620051001,3
674,39,14620051001,1
675,1,10011001001,28
675,2,10011001001,28
675,3,10011001001,28
675,4,10011001001,28
675,5,10011001001,28
675,6,10011001001,28
675,7,10011001001,28
675,8,10011001001,28
675,9,10011001001,28
675,10,10011001001,28
675,11,10011001001,28
675,12,10011001001,28
675,13,10011001001,28
675,14,10011001001,28
675,15,10011001001,28
675,16,10011001001,28
675,17,10011001001,28
675,18,10011001001,28
675,19,10011001001,28
675,20,10011001001,8
675,21,10022008001,16
675,22,10022008001,16
675,23,10022008001,16
675,24,10022008001,16
675,25,10022008001,16
675,26,10022008001,16
675,27,10022008001,16
675,28,10022008001,8
675,29,11030066001,6
675,30,11100019001,3
675,31,12011277001,5
675,32,12011277001,5
675,33,12011277001,5
675,34,12011277001,1
675,35,12103008001,7
675,36,14244028001,9
675,37,14621069001,16
675,38,14621069001,16
675,39,14621069001,14
676,1,10014126001,10
676,2,10014126001,10
676,3,10014126001,10
676,4,10014126001,10
676,5,10014126001,10
676,6,10014126001,10
676,7,10014126001,10
676,8,10014126001,8
676,9,10040016001,7
676,10,10040016001,7
676,11,10040016001,7
676,12,10040016001,7
676,13,10040016001,7
676,14,10040016001,7
676,15,10040016001,7
676,16,10040016001,7
676,17,10040016001,7
676,18,10040016001,7
676,19,10040016001,7
676,20,10040016001,7
676,21,10040016001,7
676,22,10040016001,7
676,23,10040016001,7
676,24,10040016001,7
676,25,10040016001,7
676,26,10040016001,7
676,27,10040016001,7
676,28,10040016001,7
676,29,11061024001,6
676,30,11061030001,6
676,31,11100017001,4
676,32,12010022001,9
676,33,12010022001,9
676,34,12010022001,9
676,35,12010022001,9
676,36,12102140001,20
676,37,14000219001,1
676,38,14000219001,1
676,39,14244034001,2
677,1,11051037001,6
677,2,11101023001,6
677,3,11103313001,6
677,4,12020471001,21
677,5,12020471001,21
677,6,12020471001,11
677,7,12103016001,2
677,8,14001003001,5
677,9,14001003001,4
677,10,14244046001,1
677,11,14311022001,3
677,12,14311022001,3
677,13,14311022001,3
677,14,14311022001,3
677,15,14311022001,2
677,16,14509035001,17
677,17,14509035001,17
677,18,14509035001,17
677,19,14509035001,2
677,20,14621044001,14
677,21,14621044001,14
677,22,14621044001,14
677,23,14621044001,11
