pod,slot,item,quantity_in_that_slot
1,1,10031007001,5
1,2,10031007001,5
1,3,10031007001,5
1,4,10031007001,5
1,5,10031007001,5
1,6,10031007001,5
1,7,10031007001,5
1,8,10031007001,5
1,9,10031007001,5
1,10,10031007001,5
1,11,10031007001,5
1,12,10031007001,5
1,13,10031007001,5
1,14,10031007001,5
1,15,10031007001,5
1,16,10031007001,5
1,17,10031007001,5
1,18,10031007001,3
1,19,11070051001,3
1,20,11070051001,3
1,21,11070051001,3
1,22,11070051001,3
1,23,11070051001,3
1,24,11070051001,3
1,25,11070051001,3
1,26,11070051001,3
1,27,11070051001,3
1,28,11076890001,3
1,29,11100015001,6
1,30,11103110001,6
1,31,12005084001,5
1,32,12005084002,5
1,33,12005084004,5
1,34,12005084005,5
1,35,12005084006,5
1,36,12005084009,5
1,37,12103004001,3
1,38,14010079001,11
1,39,14010079001,7
1,40,14244028001,9
2,1,12201099001,2
2,2,12201099001,2
2,3,12201099001,2
2,4,12201099001,2
2,5,12201099001,2
2,6,12201099001,2
2,7,12201099001,2
2,8,12201099001,2
2,9,12201099001,2
2,10,12201099001,2
2,11,12201099001,2
2,12,12201099001,2
2,13,12201099001,2
2,14,12201099001,2
2,15,12201099001,2
2,16,12201099001,2
2,17,12201099001,2
2,18,12201099001,2
2,19,12201099001,2
2,20,12201099001,2
2,21,12201104001,1
2,22,12201104001,1
2,23,12201104001,1
2,24,12201104001,1
2,25,12201104001,1
2,26,12201104001,1
2,27,12201104001,1
2,28,12201104001,1
2,29,12201104001,1
2,30,12201104001,1
2,31,12201104001,1
2,32,12201104001,1
2,33,12201104001,1
2,34,12201104001,1
2,35,12201104001,1
2,36,12201104001,1
2,37,12201104001,1
2,38,12201104001,1
2,39,12201104001,1
2,40,12201104001,1
3,1,11100010001,5
3,2,12102996001,4
3,3,12130052001,2
3,4,12130052001,2
3,5,12130052001,2
3,6,12130052001,2
3,7,12130052001,2
3,8,12130052001,2
3,9,12130052001,2
3,10,12130052001,2
3,11,12130052001,2
3,12,14002003001,5
3,13,14002003001,1
3,14,14010031001,3
3,15,14010031001,3
3,16,14010031001,3
3,17,14010031001,3
3,18,14010031001,3
3,19,14010031001,3
3,20,14010031001,3
3,21,14010031001,3
3,22,14010031001,3
3,23,14010031001,3
3,24,14010031001,3
3,25,14010031001,3
3,26,14010031001,3
3,27,14010031001,3
3,28,14010031001,3
3,29,14010031001,3
3,30,14010031001,3
3,31,14010031001,1
3,32,14111041001,3
3,33,14111041001,3
3,34,14111041001,1
3,35,14131040001,4
3,36,14131040001,4
3,37,14131040001,4
3,38,14131040001,4
3,39,14131040001,1
3,40,14244906001,4
4,1,14503003001,4
4,2,14503003001,4
4,3,14503003001,4
4,4,14503003001,4
4,5,14503003001,4
4,6,14503003001,4
4,7,14503003001,4
4,8,14503003001,4
4,9,14503003001,4
4,10,14503003001,4
4,11,14503003001,4
4,12,14503003001,4
4,13,14503003001,4
4,14,14503003001,4
4,15,14503003001,4
4,16,14503003001,4
4,17,14503003001,4
4,18,14503003001,4
4,19,14503003001,4
4,20,14503003001,4
4,21,14503003001,4
4,22,14503003001,4
4,23,14503003001,4
4,24,14503003001,4
4,25,14503003001,4
4,26,14503003001,4
4,27,14503003001,4
4,28,14503003001,4
4,29,14503003001,4
4,30,14503003001,4
4,31,14503003001,4
4,32,14503003001,4
4,33,14503003001,4
4,34,14503003001,4
4,35,14503003001,4
4,36,14503003001,4
4,37,14503003001,4
4,38,14503003001,4
4,39,14503003001,4
4,40,14503003001,4
5,1,10041067001,5
5,2,10041067001,5
5,3,10041067001,5
5,4,10041067001,5
5,5,10041067001,5
5,6,10041067001,5
5,7,10041067001,5
5,8,10041067001,5
5,9,10041067001,5
5,10,10041067001,5
5,11,10041067001,5
5,12,10041067001,5
5,13,10041067001,5
5,14,10041067001,5
5,15,10041067001,5
5,16,10041067001,5
5,17,10041067001,5
5,18,10041067001,5
5,19,10041067001,5
5,20,10041067001,5
5,21,10041067001,5
5,22,10041067001,5
5,23,10041067001,5
5,24,10041067001,5
5,25,10041067001,5
5,26,10041067001,5
5,27,10041067001,5
5,28,10041067001,5
5,29,10041067001,5
5,30,10041067001,5
5,31,10041067001,5
5,32,10041067001,5
5,33,10041067001,5
5,34,10041067001,5
5,35,10041067001,5
5,36,10041067001,5
5,37,10041067001,5
5,38,10041067001,5
5,39,10041067001,5
5,40,10041067001,5
6,1,12201099001,2
6,2,12201099001,2
6,3,12201099001,2
6,4,12201099001,2
6,5,12201099001,2
6,6,12201099001,2
6,7,12201099001,2
6,8,12201099001,2
6,9,12201099001,2
6,10,12201099001,2
6,11,12201099001,2
6,12,12201099001,2
6,13,12201099001,2
6,14,12201099001,2
6,15,12201099001,2
6,16,12201099001,2
6,17,12201099001,2
6,18,12201099001,2
6,19,12201099001,2
6,20,12201099001,2
6,21,12201104001,1
6,22,12201104001,1
6,23,12201104001,1
6,24,12201104001,1
6,25,12201104001,1
6,26,12201104001,1
6,27,12201104001,1
6,28,12201104001,1
6,29,12201104001,1
6,30,12201104001,1
6,31,12201104001,1
6,32,12201104001,1
6,33,12201104001,1
6,34,12201104001,1
6,35,12201104001,1
6,36,12201104001,1
6,37,12201104001,1
6,38,12201104001,1
6,39,12201104001,1
6,40,12201104001,1
7,1,12201103001,1
7,2,12201103001,1
7,3,12201103001,1
7,4,12201103001,1
7,5,12201103001,1
7,6,12201103001,1
7,7,12201103001,1
7,8,12201103001,1
7,9,12201103001,1
7,10,12201103001,1
7,11,12201103001,1
7,12,12201103001,1
7,13,12201103001,1
7,14,12201103001,1
7,15,12201103001,1
7,16,12201103001,1
7,17,12201103001,1
7,18,12201103001,1
7,19,12201103001,1
7,20,12201103001,1
7,21,12201103001,1
7,22,12201103001,1
7,23,12201103001,1
7,24,12201103001,1
7,25,12201103001,1
7,26,12201103001,1
7,27,12201103001,1
7,28,12201103001,1
7,29,12201103001,1
7,30,12201103001,1
7,31,12201103001,1
7,32,12201103001,1
7,33,12201103001,1
7,34,12201103001,1
7,35,12201103001,1
7,36,12201103001,1
7,37,12201103001,1
7,38,12201103001,1
7,39,12201103001,1
7,40,12201103001,1
8,1,12201103001,1
8,2,12201103001,1
8,3,12201103001,1
8,4,12201103001,1
8,5,12201103001,1
8,6,12201103001,1
8,7,12201103001,1
8,8,12201103001,1
8,9,12201103001,1
8,10,12201103001,1
8,11,12201103001,1
8,12,12201103001,1
8,13,12201103001,1
8,14,12201103001,1
8,15,12201103001,1
8,16,12201103001,1
8,17,12201103001,1
8,18,12201103001,1
8,19,12201103001,1
8,20,12201103001,1
8,21,12201103001,1
8,22,12201103001,1
8,23,12201103001,1
8,24,12201103001,1
8,25,12201103001,1
8,26,12201103001,1
8,27,12201103001,1
8,28,12201103001,1
8,29,12201103001,1
8,30,12201103001,1
8,31,12201103001,1
8,32,12201103001,1
8,33,12201103001,1
8,34,12201103001,1
8,35,12201103001,1
8,36,12201103001,1
8,37,12201103001,1
8,38,12201103001,1
8,39,12201103001,1
8,40,12201103001,1
9,1,12201099001,2
9,2,12201099001,2
9,3,12201099001,2
9,4,12201099001,2
9,5,12201099001,2
9,6,12201099001,2
9,7,12201099001,2
9,8,12201099001,2
9,9,12201099001,2
9,10,12201099001,2
9,11,12201099001,2
9,12,12201099001,2
9,13,12201099001,2
9,14,12201099001,2
9,15,12201099001,2
9,16,12201099001,2
9,17,12201099001,2
9,18,12201099001,2
9,19,12201099001,2
9,20,12201099001,2
9,21,12201104001,1
9,22,12201104001,1
9,23,12201104001,1
9,24,12201104001,1
9,25,12201104001,1
9,26,12201104001,1
9,27,12201104001,1
9,28,12201104001,1
9,29,12201104001,1
9,30,12201104001,1
9,31,12201104001,1
9,32,12201104001,1
9,33,12201104001,1
9,34,12201104001,1
9,35,12201104001,1
9,36,12201104001,1
9,37,12201104001,1
9,38,12201104001,1
9,39,12201104001,1
9,40,12201104001,1
10,1,14014015001,1
10,2,14014015001,1
10,3,14014015001,1
10,4,14014015001,1
10,5,14014015001,1
10,6,14014015001,1
10,7,14014015001,1
10,8,14014015001,1
10,9,14014015001,1
10,10,14014015001,1
10,11,14014015001,1
10,12,14014015001,1
10,13,14014015001,1
10,14,14014015001,1
10,15,14014015001,1
10,16,14014015001,1
10,17,14014015001,1
10,18,14014015001,1
10,19,14014015001,1
10,20,14014015001,1
10,21,14014015001,1
10,22,14014015001,1
10,23,14014015001,1
10,24,14014015001,1
10,25,14014015001,1
10,26,14014015001,1
10,27,14014015001,1
10,28,14014015001,1
10,29,14014015001,1
10,30,14014015001,1
10,31,14014015001,1
10,32,14014015001,1
10,33,14014015001,1
10,34,14014015001,1
10,35,14014015001,1
10,36,14014015001,1
10,37,14014015001,1
10,38,14014015001,1
10,39,14014015001,1
10,40,14014015001,1
11,1,12201103001,1
11,2,12201103001,1
11,3,12201103001,1
11,4,12201103001,1
11,5,12201103001,1
11,6,12201103001,1
11,7,12201103001,1
11,8,12201103001,1
11,9,12201103001,1
11,10,12201103001,1
11,11,12201103001,1
11,12,12201103001,1
11,13,12201103001,1
11,14,12201103001,1
11,15,12201103001,1
11,16,12201103001,1
11,17,12201103001,1
11,18,12201103001,1
11,19,12201103001,1
11,20,12201103001,1
11,21,12201103001,1
11,22,12201103001,1
11,23,12201103001,1
11,24,12201103001,1
11,25,12201103001,1
11,26,12201103001,1
11,27,12201103001,1
11,28,12201103001,1
11,29,12201103001,1
11,30,12201103001,1
11,31,12201103001,1
11,32,12201103001,1
11,33,12201103001,1
11,34,12201103001,1
11,35,12201103001,1
11,36,12201103001,1
11,37,12201103001,1
11,38,12201103001,1
11,39,12201103001,1
11,40,12201103001,1
12,1,10041067001,5
12,2,10041067001,5
12,3,10041067001,5
12,4,10041067001,5
12,5,10041067001,5
12,6,10041067001,5
12,7,10041067001,5
12,8,10041067001,5
12,9,10041067001,5
12,10,10041067001,5
12,11,10041067001,5
12,12,10041067001,5
12,13,10041067001,5
12,14,10041067001,5
12,15,10041067001,5
12,16,10041067001,5
12,17,10041067001,5
12,18,10041067001,5
12,19,10041067001,5
12,20,10041067001,5
12,21,10041067001,5
12,22,10041067001,5
12,23,10041067001,5
12,24,10041067001,5
12,25,10041067001,5
12,26,10041067001,5
12,27,10041067001,5
12,28,10041067001,5
12,29,10041067001,5
12,30,10041067001,5
12,31,10041067001,5
12,32,10041067001,5
12,33,10041067001,5
12,34,10041067001,5
12,35,10041067001,5
12,36,10041067001,5
12,37,10041067001,5
12,38,10041067001,5
12,39,10041067001,5
12,40,10041067001,5
13,1,12201103001,1
13,2,12201103001,1
13,3,12201103001,1
13,4,12201103001,1
13,5,12201103001,1
13,6,12201103001,1
13,7,12201103001,1
13,8,12201103001,1
13,9,12201103001,1
13,10,12201103001,1
13,11,12201103001,1
13,12,12201103001,1
13,13,12201103001,1
13,14,12201103001,1
13,15,12201103001,1
13,16,12201103001,1
13,17,12201103001,1
13,18,12201103001,1
13,19,12201103001,1
13,20,12201103001,1
13,21,12201103001,1
13,22,12201103001,1
13,23,12201103001,1
13,24,12201103001,1
13,25,12201103001,1
13,26,12201103001,1
13,27,12201103001,1
13,28,12201103001,1
13,29,12201103001,1
13,30,12201103001,1
13,31,12201103001,1
13,32,12201103001,1
13,33,12201103001,1
13,34,12201103001,1
13,35,12201103001,1
13,36,12201103001,1
13,37,12201103001,1
13,38,12201103001,1
13,39,12201103001,1
13,40,12201103001,1
14,1,11076928001,2
14,2,12103016001,2
14,3,14002022001,12
14,4,14002022001,12
14,5,14110154001,7
14,6,14110154001,7
14,7,14110154001,2
14,8,14132003001,6
14,9,14132003001,6
14,10,14132003001,6
14,11,14132003001,6
14,12,14132003001,4
14,13,14244046001,1
14,14,14361122001,5
14,15,14361122001,5
14,16,14361122001,5
14,17,14361122001,5
14,18,14361122001,5
14,19,14361122001,5
14,20,14361122001,5
14,21,14361122001,5
14,22,14361122001,5
14,23,14370004001,4
14,24,14370004001,4
14,25,14370004001,4
14,26,14370004001,4
14,27,14370004001,4
14,28,14370004001,4
14,29,14370004001,4
14,30,14370004001,4
14,31,14370004001,4
14,32,14370004001,4
14,33,14370004001,4
14,34,14370004001,4
14,35,14370004001,4
14,36,14370004001,4
14,37,14370004001,4
14,38,14370004001,4
14,39,14370004001,4
14,40,14370004001,4
15,1,11100005001,4
15,2,12103008001,7
15,3,14010048001,5
15,4,14010048001,1
15,5,14104002001,3
15,6,14104002001,3
15,7,14104002001,3
15,8,14104002001,3
15,9,14104002001,3
15,10,14104002001,3
15,11,14104002001,3
15,12,14104002001,3
15,13,14104002001,3
15,14,14104002001,3
15,15,14104002001,3
15,16,14104002001,3
15,17,14104002001,3
15,18,14104002001,3
15,19,14104002001,3
15,20,14104002001,3
15,21,14104002001,3
15,22,14104002001,2
15,23,14112021001,5
15,24,14112021001,5
15,25,14112021001,1
15,26,14223037001,5
15,27,14223037001,5
15,28,14223037001,5
15,29,14223037001,5
15,30,14223037001,4
15,31,14244056001,4
15,32,14509035001,17
15,33,14509035001,17
15,34,14509035001,17
15,35,14509035001,2
16,1,12201099001,2
16,2,12201099001,2
16,3,12201099001,2
16,4,12201099001,2
16,5,12201099001,2
16,6,12201099001,2
16,7,12201099001,2
16,8,12201099001,2
16,9,12201099001,2
16,10,12201099001,2
16,11,12201099001,2
16,12,12201099001,2
16,13,12201099001,2
16,14,12201099001,2
16,15,12201099001,2
16,16,12201099001,2
16,17,12201099001,2
16,18,12201099001,2
16,19,12201099001,2
16,20,12201099001,2
16,21,12201104001,1
16,22,12201104001,1
16,23,12201104001,1
16,24,12201104001,1
16,25,12201104001,1
16,26,12201104001,1
16,27,12201104001,1
16,28,12201104001,1
16,29,12201104001,1
16,30,12201104001,1
16,31,12201104001,1
16,32,12201104001,1
16,33,12201104001,1
16,34,12201104001,1
16,35,12201104001,1
16,36,12201104001,1
16,37,12201104001,1
16,38,12201104001,1
16,39,12201104001,1
16,40,12201104001,1
17,1,12201103001,1
17,2,12201103001,1
17,3,12201103001,1
17,4,12201103001,1
17,5,12201103001,1
17,6,12201103001,1
17,7,12201103001,1
17,8,12201103001,1
17,9,12201103001,1
17,10,12201103001,1
17,11,12201103001,1
17,12,12201103001,1
17,13,12201103001,1
17,14,12201103001,1
17,15,12201103001,1
17,16,12201103001,1
17,17,12201103001,1
17,18,12201103001,1
17,19,12201103001,1
17,20,12201103001,1
17,21,12201103001,1
17,22,12201103001,1
17,23,12201103001,1
17,24,12201103001,1
17,25,12201103001,1
17,26,12201103001,1
17,27,12201103001,1
17,28,12201103001,1
17,29,12201103001,1
17,30,12201103001,1
17,31,12201103001,1
17,32,12201103001,1
17,33,12201103001,1
17,34,12201103001,1
17,35,12201103001,1
17,36,12201103001,1
17,37,12201103001,1
17,38,12201103001,1
17,39,12201103001,1
17,40,12201103001,1
18,1,12201099001,2
18,2,12201099001,2
18,3,12201099001,2
18,4,12201099001,2
18,5,12201099001,2
18,6,12201099001,2
18,7,12201099001,2
18,8,12201099001,2
18,9,12201099001,2
18,10,12201099001,2
18,11,12201099001,2
18,12,12201099001,2
18,13,12201099001,2
18,14,12201099001,2
18,15,12201099001,2
18,16,12201099001,2
18,17,12201099001,2
18,18,12201099001,2
18,19,12201099001,2
18,20,12201099001,2
18,21,12201104001,1
18,22,12201104001,1
18,23,12201104001,1
18,24,12201104001,1
18,25,12201104001,1
18,26,12201104001,1
18,27,12201104001,1
18,28,12201104001,1
18,29,12201104001,1
18,30,12201104001,1
18,31,12201104001,1
18,32,12201104001,1
18,33,12201104001,1
18,34,12201104001,1
18,35,12201104001,1
18,36,12201104001,1
18,37,12201104001,1
18,38,12201104001,1
18,39,12201104001,1
18,40,12201104001,1
19,1,12201099001,2
19,2,12201099001,2
19,3,12201099001,2
19,4,12201099001,2
19,5,12201099001,2
19,6,12201099001,2
19,7,12201099001,2
19,8,12201099001,2
19,9,12201099001,2
19,10,12201099001,2
19,11,12201099001,2
19,12,12201099001,2
19,13,12201099001,2
19,14,12201099001,2
19,15,12201099001,2
19,16,12201099001,2
19,17,12201099001,2
19,18,12201099001,2
19,19,12201099001,2
19,20,12201099001,2
19,21,12201104001,1
19,22,12201104001,1
19,23,12201104001,1
19,24,12201104001,1
19,25,12201104001,1
19,26,12201104001,1
19,27,12201104001,1
19,28,12201104001,1
19,29,12201104001,1
19,30,12201104001,1
19,31,12201104001,1
19,32,12201104001,1
19,33,12201104001,1
19,34,12201104001,1
19,35,12201104001,1
19,36,12201104001,1
19,37,12201104001,1
19,38,12201104001,1
19,39,12201104001,1
19,40,12201104001,1
20,1,11076883001,2
20,2,11103011004,9
20,3,11103011004,9
20,4,11103011004,9
20,5,11103011004,9
20,6,11103011004,9
20,7,11103011004,8
20,8,12102997001,52
20,9,14010194001,7
20,10,14010194001,1
20,11,14120020001,7
20,12,14120020001,7
20,13,14120020001,4
20,14,14202001001,4
20,15,14202001001,4
20,16,14202001001,4
20,17,14202001001,4
20,18,14202001001,2
20,19,14244034001,2
20,20,14500024001,6
20,21,14500024001,6
20,22,14500024001,6
20,23,14500024001,6
20,24,14500024001,6
20,25,14500024001,6
20,26,14500024001,6
20,27,14500024001,6
20,28,14500024001,6
20,29,14500024001,6
20,30,14500024001,6
20,31,14500024001,6
20,32,14500024001,6
20,33,14500024001,6
20,34,14500024001,6
20,35,14500024001,6
20,36,14500024001,6
20,37,14500024001,6
21,1,12201099001,2
21,2,12201099001,2
21,3,12201099001,2
21,4,12201099001,2
21,5,12201099001,2
21,6,12201099001,2
21,7,12201099001,2
21,8,12201099001,2
21,9,12201099001,2
21,10,12201099001,2
21,11,12201099001,2
21,12,12201099001,2
21,13,12201099001,2
21,14,12201099001,2
21,15,12201099001,2
21,16,12201099001,2
21,17,12201099001,2
21,18,12201099001,2
21,19,12201099001,2
21,20,12201099001,2
21,21,12201104001,1
21,22,12201104001,1
21,23,12201104001,1
21,24,12201104001,1
21,25,12201104001,1
21,26,12201104001,1
21,27,12201104001,1
21,28,12201104001,1
21,29,12201104001,1
21,30,12201104001,1
21,31,12201104001,1
21,32,12201104001,1
21,33,12201104001,1
21,34,12201104001,1
21,35,12201104001,1
21,36,12201104001,1
21,37,12201104001,1
21,38,12201104001,1
21,39,12201104001,1
21,40,12201104001,1
22,1,10041067001,5
22,2,10041067001,5
22,3,10041067001,5
22,4,10041067001,5
22,5,10041067001,5
22,6,10041067001,5
22,7,10041067001,5
22,8,10041067001,5
22,9,10041067001,5
22,10,10041067001,5
22,11,10041067001,5
22,12,10041067001,5
22,13,10041067001,5
22,14,10041067001,5
22,15,10041067001,5
22,16,10041067001,5
22,17,10041067001,5
22,18,10041067001,5
22,19,10041067001,5
22,20,10041067001,5
22,21,10041067001,5
22,22,10041067001,5
22,23,10041067001,5
22,24,10041067001,5
22,25,10041067001,5
22,26,10041067001,5
22,27,10041067001,5
22,28,10041067001,5
22,29,10041067001,5
22,30,10041067001,5
22,31,10041067001,5
22,32,10041067001,5
22,33,10041067001,5
22,34,10041067001,5
22,35,10041067001,5
22,36,10041067001,5
22,37,10041067001,5
22,38,10041067001,5
22,39,10041067001,5
22,40,10041067001,5
23,1,10041067001,5
23,2,10041067001,5
23,3,10041067001,5
23,4,10041067001,5
23,5,10041067001,5
23,6,10041067001,5
23,7,10041067001,5
23,8,10041067001,5
23,9,10041067001,5
23,10,10041067001,5
23,11,10041067001,5
23,12,10041067001,5
23,13,10041067001,5
23,14,10041067001,5
23,15,10041067001,5
23,16,10041067001,5
23,17,10041067001,5
23,18,10041067001,5
23,19,10041067001,5
23,20,10041067001,5
23,21,10041067001,5
23,22,10041067001,5
23,23,10041067001,5
23,24,10041067001,5
23,25,10041067001,5
23,26,10041067001,5
23,27,10041067001,5
23,28,10041067001,5
23,29,10041067001,5
23,30,10041067001,5
23,31,10041067001,5
23,32,10041067001,5
23,33,10041067001,5
23,34,10041067001,5
23,35,10041067001,5
23,36,10041067001,5
23,37,10041067001,5
23,38,10041067001,5
23,39,10041067001,5
23,40,10041067001,5
24,1,12201099001,2
24,2,12201099001,2
24,3,12201099001,2
24,4,12201099001,2
24,5,12201099001,2
24,6,12201099001,2
24,7,12201099001,2
24,8,12201099001,2
24,9,12201099001,2
24,10,12201099001,2
24,11,12201099001,2
24,12,12201099001,2
24,13,12201099001,2
24,14,12201099001,2
24,15,12201099001,2
24,16,12201099001,2
24,17,12201099001,2
24,18,12201099001,2
24,19,12201099001,2
24,20,12201099001,2
24,21,12201104001,1
24,22,12201104001,1
24,23,12201104001,1
24,24,12201104001,1
24,25,12201104001,1
24,26,12201104001,1
24,27,12201104001,1
24,28,12201104001,1
24,29,12201104001,1
24,30,12201104001,1
24,31,12201104001,1
24,32,12201104001,1
24,33,12201104001,1
24,34,12201104001,1
24,35,12201104001,1
24,36,12201104001,1
24,37,12201104001,1
24,38,12201104001,1
24,39,12201104001,1
24,40,12201104001,1
25,1,12201099001,2
25,2,12201099001,2
25,3,12201099001,2
25,4,12201099001,2
25,5,12201099001,2
25,6,12201099001,2
25,7,12201099001,2
25,8,12201099001,2
25,9,12201099001,2
25,10,12201099001,2
25,11,12201099001,2
25,12,12201099001,2
25,13,12201099001,2
25,14,12201099001,2
25,15,12201099001,2
25,16,12201099001,2
25,17,12201099001,2
25,18,12201099001,2
25,19,12201099001,2
25,20,12201099001,2
25,21,12201104001,1
25,22,12201104001,1
25,23,12201104001,1
25,24,12201104001,1
25,25,12201104001,1
25,26,12201104001,1
25,27,12201104001,1
25,28,12201104001,1
25,29,12201104001,1
25,30,12201104001,1
25,31,12201104001,1
25,32,12201104001,1
25,33,12201104001,1
25,34,12201104001,1
25,35,12201104001,1
25,36,12201104001,1
25,37,12201104001,1
25,38,12201104001,1
25,39,12201104001,1
25,40,12201104001,1
26,1,12201099001,2
26,2,12201099001,2
26,3,12201099001,2
26,4,12201099001,2
26,5,12201099001,2
26,6,12201099001,2
26,7,12201099001,2
26,8,12201099001,2
26,9,12201099001,2
26,10,12201099001,2
26,11,12201099001,2
26,12,12201099001,2
26,13,12201099001,2
26,14,12201099001,2
26,15,12201099001,2
26,16,12201099001,2
26,17,12201099001,2
26,18,12201099001,2
26,19,12201099001,2
26,20,12201099001,2
26,21,12201104001,1
26,22,12201104001,1
26,23,12201104001,1
26,24,12201104001,1
26,25,12201104001,1
26,26,12201104001,1
26,27,12201104001,1
26,28,12201104001,1
26,29,12201104001,1
26,30,12201104001,1
26,31,12201104001,1
26,32,12201104001,1
26,33,12201104001,1
26,34,12201104001,1
26,35,12201104001,1
26,36,12201104001,1
26,37,12201104001,1
26,38,12201104001,1
26,39,12201104001,1
26,40,12201104001,1
27,1,12201103001,1
27,2,12201103001,1
27,3,12201103001,1
27,4,12201103001,1
27,5,12201103001,1
27,6,12201103001,1
27,7,12201103001,1
27,8,12201103001,1
27,9,12201103001,1
27,10,12201103001,1
27,11,12201103001,1
27,12,12201103001,1
27,13,12201103001,1
27,14,12201103001,1
27,15,12201103001,1
27,16,12201103001,1
27,17,12201103001,1
27,18,12201103001,1
27,19,12201103001,1
27,20,12201103001,1
27,21,12201103001,1
27,22,12201103001,1
27,23,12201103001,1
27,24,12201103001,1
27,25,12201103001,1
27,26,12201103001,1
27,27,12201103001,1
27,28,12201103001,1
27,29,12201103001,1
27,30,12201103001,1
27,31,12201103001,1
27,32,12201103001,1
27,33,12201103001,1
27,34,12201103001,1
27,35,12201103001,1
27,36,12201103001,1
27,37,12201103001,1
27,38,12201103001,1
27,39,12201103001,1
27,40,12201103001,1
28,1,11100017001,4
28,2,12000149001,5
28,3,12000149001,5
28,4,12000149001,5
28,5,12000149001,5
28,6,12000149001,5
28,7,12000149001,5
28,8,12000149001,5
28,9,12000149001,5
28,10,12000149001,5
28,11,12010193001,4
28,12,12010206001,4
28,13,12020203001,4
28,14,12021028001,4
28,15,12103080001,6
28,16,14001089001,4
28,17,14001089001,1
28,18,14010050001,11
28,19,14010050001,11
28,20,14010050001,11
28,21,14010050001,11
28,22,14010050001,11
28,23,14010050001,11
28,24,14010050001,11
28,25,14010050001,11
28,26,14010050001,11
28,27,14010050001,6
28,28,14120017001,6
28,29,14120017001,6
28,30,14120017001,4
28,31,14244051001,4
28,32,14310139001,6
28,33,14310139001,6
28,34,14310139001,6
28,35,14310139001,6
28,36,14310139001,6
28,37,14310139001,6
28,38,14310139001,6
28,39,14310139001,6
28,40,14310139001,5
29,1,14014006001,1
29,2,14014006001,1
29,3,14014006001,1
29,4,14014006001,1
29,5,14014006001,1
29,6,14014006001,1
29,7,14014006001,1
29,8,14014006001,1
29,9,14014006001,1
29,10,14014006001,1
29,11,14014006001,1
29,12,14014006001,1
29,13,14014006001,1
29,14,14014006001,1
29,15,14014006001,1
29,16,14014006001,1
29,17,14014006001,1
29,18,14014006001,1
29,19,14014006001,1
29,20,14014006001,1
29,21,14014006001,1
29,22,14014006001,1
29,23,14014006001,1
29,24,14014006001,1
29,25,14014006001,1
29,26,14014006001,1
29,27,14014006001,1
29,28,14014006001,1
29,29,14014006001,1
29,30,14014006001,1
29,31,14014006001,1
29,32,14014006001,1
29,33,14014006001,1
29,34,14014006001,1
29,35,14014006001,1
29,36,14014006001,1
29,37,14014006001,1
29,38,14014006001,1
29,39,14014006001,1
29,40,14014006001,1
30,1,12201099001,2
30,2,12201099001,2
30,3,12201099001,2
30,4,12201099001,2
30,5,12201099001,2
30,6,12201099001,2
30,7,12201099001,2
30,8,12201099001,2
30,9,12201099001,2
30,10,12201099001,2
30,11,12201099001,2
30,12,12201099001,2
30,13,12201099001,2
30,14,12201099001,2
30,15,12201099001,2
30,16,12201099001,2
30,17,12201099001,2
30,18,12201099001,2
30,19,12201099001,2
30,20,12201099001,2
30,21,12201104001,1
30,22,12201104001,1
30,23,12201104001,1
30,24,12201104001,1
30,25,12201104001,1
30,26,12201104001,1
30,27,12201104001,1
30,28,12201104001,1
30,29,12201104001,1
30,30,12201104001,1
30,31,12201104001,1
30,32,12201104001,1
30,33,12201104001,1
30,34,12201104001,1
30,35,12201104001,1
30,36,12201104001,1
30,37,12201104001,1
30,38,12201104001,1
30,39,12201104001,1
30,40,12201104001,1
31,1,10041067001,5
31,2,10041067001,5
31,3,10041067001,5
31,4,10041067001,5
31,5,10041067001,5
31,6,10041067001,5
31,7,10041067001,5
31,8,10041067001,5
31,9,10041067001,5
31,10,10041067001,5
31,11,10041067001,5
31,12,10041067001,5
31,13,10041067001,5
31,14,10041067001,5
31,15,10041067001,5
31,16,10041067001,5
31,17,10041067001,5
31,18,10041067001,5
31,19,10041067001,5
31,20,10041067001,5
31,21,10041067001,5
31,22,10041067001,5
31,23,10041067001,5
31,24,10041067001,5
31,25,10041067001,5
31,26,10041067001,5
31,27,10041067001,5
31,28,10041067001,5
31,29,10041067001,5
31,30,10041067001,5
31,31,10041067001,5
31,32,10041067001,5
31,33,10041067001,5
31,34,10041067001,5
31,35,10041067001,5
31,36,10041067001,5
31,37,10041067001,5
31,38,10041067001,5
31,39,10041067001,5
31,40,10041067001,5
32,1,11100108001,4
32,2,12000169001,2
32,3,12000207001,2
32,4,12011038001,22
32,5,12011038001,22
32,6,12011038001,9
32,7,12022005001,53
32,8,12103144001,6
32,9,14021006001,5
32,10,14021006001,3
32,11,14111001001,3
32,12,14111001001,3
32,13,14111001001,3
32,14,14111001001,3
32,15,14111001001,3
32,16,14111001001,3
32,17,14111001001,3
32,18,14111001001,3
32,19,14111001001,3
32,20,14111001001,1
32,21,14244062001,2
32,22,14613007001,7
32,23,14613007001,7
32,24,14613007001,7
32,25,14613007001,7
32,26,14613007001,5
33,1,11100019001,3
33,2,12000241001,2
33,3,12021969001,2
33,4,12103031001,3
33,5,14010219001,5
33,6,14010219001,1
33,7,14102246001,4
33,8,14102246001,4
33,9,14102246001,4
33,10,14102246001,4
33,11,14102246001,4
33,12,14102246001,4
33,13,14102246001,4
33,14,14102246001,4
33,15,14102246001,4
33,16,14102246001,4
33,17,14300016001,2
33,18,14311117001,5
33,19,14311117001,5
33,20,14311117001,5
33,21,14311117001,5
33,22,14311117001,5
33,23,14311117001,5
33,24,14311117001,5
33,25,14311117001,5
33,26,14311117001,5
33,27,14505106001,12
33,28,14505106001,12
33,29,14505106001,12
33,30,14505106001,12
33,31,14505106001,4
33,32,14615059001,11
33,33,14615059001,11
33,34,14615059001,11
33,35,14615059001,11
33,36,14615059001,9
34,1,12201099001,2
34,2,12201099001,2
34,3,12201099001,2
34,4,12201099001,2
34,5,12201099001,2
34,6,12201099001,2
34,7,12201099001,2
34,8,12201099001,2
34,9,12201099001,2
34,10,12201099001,2
34,11,12201099001,2
34,12,12201099001,2
34,13,12201099001,2
34,14,12201099001,2
34,15,12201099001,2
34,16,12201099001,2
34,17,12201099001,2
34,18,12201099001,2
34,19,12201099001,2
34,20,12201099001,2
34,21,12201104001,1
34,22,12201104001,1
34,23,12201104001,1
34,24,12201104001,1
34,25,12201104001,1
34,26,12201104001,1
34,27,12201104001,1
34,28,12201104001,1
34,29,12201104001,1
34,30,12201104001,1
34,31,12201104001,1
34,32,12201104001,1
34,33,12201104001,1
34,34,12201104001,1
34,35,12201104001,1
34,36,12201104001,1
34,37,12201104001,1
34,38,12201104001,1
34,39,12201104001,1
34,40,12201104001,1
35,1,14014006001,1
35,2,14014006001,1
35,3,14014006001,1
35,4,14014006001,1
35,5,14014006001,1
35,6,14014006001,1
35,7,14014006001,1
35,8,14014006001,1
35,9,14014006001,1
35,10,14014006001,1
35,11,14014006001,1
35,12,14014006001,1
35,13,14014006001,1
35,14,14014006001,1
35,15,14014006001,1
35,16,14014006001,1
35,17,14014006001,1
35,18,14014006001,1
35,19,14014006001,1
35,20,14014006001,1
35,21,14014006001,1
35,22,14014006001,1
35,23,14014006001,1
35,24,14014006001,1
35,25,14014006001,1
35,26,14014006001,1
35,27,14014006001,1
35,28,14014006001,1
35,29,14014006001,1
35,30,14014006001,1
35,31,14014006001,1
35,32,14014006001,1
35,33,14014006001,1
35,34,14014006001,1
35,35,14014006001,1
35,36,14014006001,1
35,37,14014006001,1
35,38,14014006001,1
35,39,14014006001,1
35,40,14014006001,1
36,1,12201099001,2
36,2,12201099001,2
36,3,12201099001,2
36,4,12201099001,2
36,5,12201099001,2
36,6,12201099001,2
36,7,12201099001,2
36,8,12201099001,2
36,9,12201099001,2
36,10,12201099001,2
36,11,12201099001,2
36,12,12201099001,2
36,13,12201099001,2
36,14,12201099001,2
36,15,12201099001,2
36,16,12201099001,2
36,17,12201099001,2
36,18,12201099001,2
36,19,12201099001,2
36,20,12201099001,2
36,21,12201104001,1
36,22,12201104001,1
36,23,12201104001,1
36,24,12201104001,1
36,25,12201104001,1
36,26,12201104001,1
36,27,12201104001,1
36,28,12201104001,1
36,29,12201104001,1
36,30,12201104001,1
36,31,12201104001,1
36,32,12201104001,1
36,33,12201104001,1
36,34,12201104001,1
36,35,12201104001,1
36,36,12201104001,1
36,37,12201104001,1
36,38,12201104001,1
36,39,12201104001,1
36,40,12201104001,1
37,1,12201103001,1
37,2,12201103001,1
37,3,12201103001,1
37,4,12201103001,1
37,5,12201103001,1
37,6,12201103001,1
37,7,12201103001,1
37,8,12201103001,1
37,9,12201103001,1
37,10,12201103001,1
37,11,12201103001,1
37,12,12201103001,1
37,13,12201103001,1
37,14,12201103001,1
37,15,12201103001,1
37,16,12201103001,1
37,17,12201103001,1
37,18,12201103001,1
37,19,12201103001,1
37,20,12201103001,1
37,21,12201103001,1
37,22,12201103001,1
37,23,12201103001,1
37,24,12201103001,1
37,25,12201103001,1
37,26,12201103001,1
37,27,12201103001,1
37,28,12201103001,1
37,29,12201103001,1
37,30,12201103001,1
37,31,12201103001,1
37,32,12201103001,1
37,33,12201103001,1
37,34,12201103001,1
37,35,12201103001,1
37,36,12201103001,1
37,37,12201103001,1
37,38,12201103001,1
37,39,12201103001,1
37,40,12201103001,1
38,1,12201103001,1
38,2,12201103001,1
38,3,12201103001,1
38,4,12201103001,1
38,5,12201103001,1
38,6,12201103001,1
38,7,12201103001,1
38,8,12201103001,1
38,9,12201103001,1
38,10,12201103001,1
38,11,12201103001,1
38,12,12201103001,1
38,13,12201103001,1
38,14,12201103001,1
38,15,12201103001,1
38,16,12201103001,1
38,17,12201103001,1
38,18,12201103001,1
38,19,12201103001,1
38,20,12201103001,1
38,21,12201103001,1
38,22,12201103001,1
38,23,12201103001,1
38,24,12201103001,1
38,25,12201103001,1
38,26,12201103001,1
38,27,12201103001,1
38,28,12201103001,1
38,29,12201103001,1
38,30,12201103001,1
38,31,12201103001,1
38,32,12201103001,1
38,33,12201103001,1
38,34,12201103001,1
38,35,12201103001,1
38,36,12201103001,1
38,37,12201103001,1
38,38,12201103001,1
38,39,12201103001,1
38,40,12201103001,1
39,1,12201099001,2
39,2,12201099001,2
39,3,12201099001,2
39,4,12201099001,2
39,5,12201099001,2
39,6,12201099001,2
39,7,12201099001,2
39,8,12201099001,2
39,9,12201099001,2
39,10,12201099001,2
39,11,12201099001,2
39,12,12201099001,2
39,13,12201099001,2
39,14,12201099001,2
39,15,12201099001,2
39,16,12201099001,2
39,17,12201099001,2
39,18,12201099001,2
39,19,12201099001,2
39,20,12201099001,2
39,21,12201104001,1
39,22,12201104001,1
39,23,12201104001,1
39,24,12201104001,1
39,25,12201104001,1
39,26,12201104001,1
39,27,12201104001,1
39,28,12201104001,1
39,29,12201104001,1
39,30,12201104001,1
39,31,12201104001,1
39,32,12201104001,1
39,33,12201104001,1
39,34,12201104001,1
39,35,12201104001,1
39,36,12201104001,1
39,37,12201104001,1
39,38,12201104001,1
39,39,12201104001,1
39,40,12201104001,1
40,1,12201103001,1
40,2,12201103001,1
40,3,12201103001,1
40,4,12201103001,1
40,5,12201103001,1
40,6,12201103001,1
40,7,12201103001,1
40,8,12201103001,1
40,9,12201103001,1
40,10,12201103001,1
40,11,12201103001,1
40,12,12201103001,1
40,13,12201103001,1
40,14,12201103001,1
40,15,12201103001,1
40,16,12201103001,1
40,17,12201103001,1
40,18,12201103001,1
40,19,12201103001,1
40,20,12201103001,1
40,21,12201103001,1
40,22,12201103001,1
40,23,12201103001,1
40,24,12201103001,1
40,25,12201103001,1
40,26,12201103001,1
40,27,12201103001,1
40,28,12201103001,1
40,29,12201103001,1
40,30,12201103001,1
40,31,12201103001,1
40,32,12201103001,1
40,33,12201103001,1
40,34,12201103001,1
40,35,12201103001,1
40,36,12201103001,1
40,37,12201103001,1
40,38,12201103001,1
40,39,12201103001,1
40,40,12201103001,1
41,1,12201099001,2
41,2,12201099001,2
41,3,12201099001,2
41,4,12201099001,2
41,5,12201099001,2
41,6,12201099001,2
41,7,12201099001,2
41,8,12201099001,2
41,9,12201099001,2
41,10,12201099001,2
41,11,12201099001,2
41,12,12201099001,2
41,13,12201099001,2
41,14,12201099001,2
41,15,12201099001,2
41,16,12201099001,2
41,17,12201099001,2
41,18,12201099001,2
41,19,12201099001,2
41,20,12201099001,2
41,21,12201104001,1
41,22,12201104001,1
41,23,12201104001,1
41,24,12201104001,1
41,25,12201104001,1
41,26,12201104001,1
41,27,12201104001,1
41,28,12201104001,1
41,29,12201104001,1
41,30,12201104001,1
41,31,12201104001,1
41,32,12201104001,1
41,33,12201104001,1
41,34,12201104001,1
41,35,12201104001,1
41,36,12201104001,1
41,37,12201104001,1
41,38,12201104001,1
41,39,12201104001,1
41,40,12201104001,1
42,1,12201099001,2
42,2,12201099001,2
42,3,12201099001,2
42,4,12201099001,2
42,5,12201099001,2
42,6,12201099001,2
42,7,12201099001,2
42,8,12201099001,2
42,9,12201099001,2
42,10,12201099001,2
42,11,12201099001,2
42,12,12201099001,2
42,13,12201099001,2
42,14,12201099001,2
42,15,12201099001,2
42,16,12201099001,2
42,17,12201099001,2
42,18,12201099001,2
42,19,12201099001,2
42,20,12201099001,2
42,21,12201104001,1
42,22,12201104001,1
42,23,12201104001,1
42,24,12201104001,1
42,25,12201104001,1
42,26,12201104001,1
42,27,12201104001,1
42,28,12201104001,1
42,29,12201104001,1
42,30,12201104001,1
42,31,12201104001,1
42,32,12201104001,1
42,33,12201104001,1
42,34,12201104001,1
42,35,12201104001,1
42,36,12201104001,1
42,37,12201104001,1
42,38,12201104001,1
42,39,12201104001,1
42,40,12201104001,1
43,1,12201099001,2
43,2,12201099001,2
43,3,12201099001,2
43,4,12201099001,2
43,5,12201099001,2
43,6,12201099001,2
43,7,12201099001,2
43,8,12201099001,2
43,9,12201099001,2
43,10,12201099001,2
43,11,12201099001,2
43,12,12201099001,2
43,13,12201099001,2
43,14,12201099001,2
43,15,12201099001,2
43,16,12201099001,2
43,17,12201099001,2
43,18,12201099001,2
43,19,12201099001,2
43,20,12201099001,2
43,21,12201104001,1
43,22,12201104001,1
43,23,12201104001,1
43,24,12201104001,1
43,25,12201104001,1
43,26,12201104001,1
43,27,12201104001,1
43,28,12201104001,1
43,29,12201104001,1
43,30,12201104001,1
43,31,12201104001,1
43,32,12201104001,1
43,33,12201104001,1
43,34,12201104001,1
43,35,12201104001,1
43,36,12201104001,1
43,37,12201104001,1
43,38,12201104001,1
43,39,12201104001,1
43,40,12201104001,1
44,1,11101021001,6
44,2,11111008001,6
44,3,11111008001,6
44,4,11111008001,6
44,5,11111008001,6
44,6,11111008001,6
44,7,11111008001,6
44,8,11111008001,6
44,9,11111008001,6
44,10,11111008001,5
44,11,12103024001,9
44,12,14011005001,5
44,13,14011005001,4
44,14,14121136001,8
44,15,14121136001,8
44,16,14121136001,7
44,17,14226012001,3
44,18,14226012001,3
44,19,14226012001,3
44,20,14226012001,3
44,21,14226012001,1
44,22,14300096001,2
44,23,14501004001,12
44,24,14501004001,12
44,25,14501004001,12
44,26,14501004001,12
44,27,14501004001,12
44,28,14501004001,12
44,29,14501004001,12
44,30,14501004001,12
44,31,14501004001,12
44,32,14501004001,12
44,33,14501004001,12
44,34,14501004001,12
44,35,14501004001,12
44,36,14501004001,12
44,37,14501004001,12
44,38,14501004001,12
44,39,14501004001,12
44,40,14501004001,11
45,1,12201103001,1
45,2,12201103001,1
45,3,12201103001,1
45,4,12201103001,1
45,5,12201103001,1
45,6,12201103001,1
45,7,12201103001,1
45,8,12201103001,1
45,9,12201103001,1
45,10,12201103001,1
45,11,12201103001,1
45,12,12201103001,1
45,13,12201103001,1
45,14,12201103001,1
45,15,12201103001,1
45,16,12201103001,1
45,17,12201103001,1
45,18,12201103001,1
45,19,12201103001,1
45,20,12201103001,1
45,21,12201103001,1
45,22,12201103001,1
45,23,12201103001,1
45,24,12201103001,1
45,25,12201103001,1
45,26,12201103001,1
45,27,12201103001,1
45,28,12201103001,1
45,29,12201103001,1
45,30,12201103001,1
45,31,12201103001,1
45,32,12201103001,1
45,33,12201103001,1
45,34,12201103001,1
45,35,12201103001,1
45,36,12201103001,1
45,37,12201103001,1
45,38,12201103001,1
45,39,12201103001,1
45,40,12201103001,1
46,1,14014006001,1
46,2,14014006001,1
46,3,14014006001,1
46,4,14014006001,1
46,5,14014006001,1
46,6,14014006001,1
46,7,14014006001,1
46,8,14014006001,1
46,9,14014006001,1
46,10,14014006001,1
46,11,14014006001,1
46,12,14014006001,1
46,13,14014006001,1
46,14,14014006001,1
46,15,14014006001,1
46,16,14014006001,1
46,17,14014006001,1
46,18,14014006001,1
46,19,14014006001,1
46,20,14014006001,1
46,21,14014006001,1
46,22,14014006001,1
46,23,14014006001,1
46,24,14014006001,1
46,25,14014006001,1
46,26,14014006001,1
46,27,14014006001,1
46,28,14014006001,1
46,29,14014006001,1
46,30,14014006001,1
46,31,14014006001,1
46,32,14014006001,1
46,33,14014006001,1
46,34,14014006001,1
46,35,14014006001,1
46,36,14014006001,1
46,37,14014006001,1
46,38,14014006001,1
46,39,14014006001,1
46,40,14014006001,1
47,1,12201103001,1
47,2,12201103001,1
47,3,12201103001,1
47,4,12201103001,1
47,5,12201103001,1
47,6,12201103001,1
47,7,12201103001,1
47,8,12201103001,1
47,9,12201103001,1
47,10,12201103001,1
47,11,12201103001,1
47,12,12201103001,1
47,13,12201103001,1
47,14,12201103001,1
47,15,12201103001,1
47,16,12201103001,1
47,17,12201103001,1
47,18,12201103001,1
47,19,12201103001,1
47,20,12201103001,1
47,21,12201103001,1
47,22,12201103001,1
47,23,12201103001,1
47,24,12201103001,1
47,25,12201103001,1
47,26,12201103001,1
47,27,12201103001,1
47,28,12201103001,1
47,29,12201103001,1
47,30,12201103001,1
47,31,12201103001,1
47,32,12201103001,1
47,33,12201103001,1
47,34,12201103001,1
47,35,12201103001,1
47,36,12201103001,1
47,37,12201103001,1
47,38,12201103001,1
47,39,12201103001,1
47,40,12201103001,1
48,1,11010038001,4
48,2,11010038001,4
48,3,11010038001,4
48,4,11010038001,4
48,5,11010038001,4
48,6,11010038001,4
48,7,11010038001,4
48,8,11010038001,4
48,9,11010038001,4
48,10,11100112001,5
48,11,12103089001,3
48,12,14010094001,11
48,13,14010094001,6
48,14,14104017001,3
48,15,14104017001,3
48,16,14104017001,3
48,17,14104017001,3
48,18,14104017001,3
48,19,14104017001,3
48,20,14104017001,3
48,21,14104017001,3
48,22,14104017001,3
48,23,14104017001,3
48,24,14104017001,3
48,25,14104017001,3
48,26,14104017001,3
48,27,14104017001,3
48,28,14104017001,3
48,29,14104017001,3
48,30,14104017001,3
48,31,14104017001,3
48,32,14131008001,6
48,33,14131008001,6
48,34,14131008001,5
48,35,14244999001,12
48,36,14353003001,1
48,37,14353003001,1
48,38,14353003001,1
48,39,14353003001,1
48,40,14353003001,1
49,1,12201099001,2
49,2,12201099001,2
49,3,12201099001,2
49,4,12201099001,2
49,5,12201099001,2
49,6,12201099001,2
49,7,12201099001,2
49,8,12201099001,2
49,9,12201099001,2
49,10,12201099001,2
49,11,12201099001,2
49,12,12201099001,2
49,13,12201099001,2
49,14,12201099001,2
49,15,12201099001,2
49,16,12201099001,2
49,17,12201099001,2
49,18,12201099001,2
49,19,12201099001,2
49,20,12201099001,2
49,21,12201104001,1
49,22,12201104001,1
49,23,12201104001,1
49,24,12201104001,1
49,25,12201104001,1
49,26,12201104001,1
49,27,12201104001,1
49,28,12201104001,1
49,29,12201104001,1
49,30,12201104001,1
49,31,12201104001,1
49,32,12201104001,1
49,33,12201104001,1
49,34,12201104001,1
49,35,12201104001,1
49,36,12201104001,1
49,37,12201104001,1
49,38,12201104001,1
49,39,12201104001,1
49,40,12201104001,1
50,1,11100003001,6
50,2,12104002001,3
50,3,14011045001,7
50,4,14011045001,7
50,5,14011045001,7
50,6,14011045001,7
50,7,14011045001,7
50,8,14011045001,7
50,9,14011045001,7
50,10,14011045001,4
50,11,14020960001,3
50,12,14020960001,3
50,13,14131074001,5
50,14,14131074001,5
50,15,14131074001,1
50,16,14222897001,8
50,17,14222897001,8
50,18,14222897001,8
50,19,14222897001,8
50,20,14222897001,4
50,21,14300029001,5
50,22,14505005001,12
50,23,14505005001,12
50,24,14505005001,12
50,25,14505005001,12
50,26,14505005001,12
50,27,14505005001,12
50,28,14505005001,12
50,29,14505005001,12
50,30,14505005001,12
50,31,14505005001,12
50,32,14505005001,12
50,33,14505005001,12
50,34,14505005001,12
50,35,14505005001,12
50,36,14505005001,12
50,37,14505005001,12
50,38,14505005001,12
50,39,14505005001,6
51,1,12201099001,2
51,2,12201099001,2
51,3,12201099001,2
51,4,12201099001,2
51,5,12201099001,2
51,6,12201099001,2
51,7,12201099001,2
51,8,12201099001,2
51,9,12201099001,2
51,10,12201099001,2
51,11,12201099001,2
51,12,12201099001,2
51,13,12201099001,2
51,14,12201099001,2
51,15,12201099001,2
51,16,12201099001,2
51,17,12201099001,2
51,18,12201099001,2
51,19,12201099001,2
51,20,12201099001,2
51,21,12201104001,1
51,22,12201104001,1
51,23,12201104001,1
51,24,12201104001,1
51,25,12201104001,1
51,26,12201104001,1
51,27,12201104001,1
51,28,12201104001,1
51,29,12201104001,1
51,30,12201104001,1
51,31,12201104001,1
51,32,12201104001,1
51,33,12201104001,1
51,34,12201104001,1
51,35,12201104001,1
51,36,12201104001,1
51,37,12201104001,1
51,38,12201104001,1
51,39,12201104001,1
51,40,12201104001,1
52,1,10030049001,6
52,2,10030049001,6
52,3,10030049001,6
52,4,10030049001,6
52,5,10030049001,6
52,6,10030049001,6
52,7,10030049001,6
52,8,10030049001,6
52,9,10030049001,6
52,10,10030049001,6
52,11,10030049001,6
52,12,10030049001,6
52,13,10030049001,6
52,14,10030049001,6
52,15,10030049001,6
52,16,10030049001,6
52,17,10030049001,5
52,18,11100021001,2
52,19,12000366001,2
52,20,12003113001,2
52,21,12005019002,1
52,22,12005019003,1
52,23,12005019005,1
52,24,12005019006,1
52,25,12005109003,1
52,26,12020050001,1
52,27,12020249001,1
52,28,12103183001,6
52,29,14013007001,4
52,30,14013007001,1
52,31,14300003001,3
52,32,14361124001,2
52,33,14361124001,2
52,34,14361124001,2
52,35,14361124001,2
52,36,14361124001,2
52,37,14361124001,2
52,38,14361124001,2
52,39,14361124001,2
52,40,14361124001,2
53,1,12201099001,2
53,2,12201099001,2
53,3,12201099001,2
53,4,12201099001,2
53,5,12201099001,2
53,6,12201099001,2
53,7,12201099001,2
53,8,12201099001,2
53,9,12201099001,2
53,10,12201099001,2
53,11,12201099001,2
53,12,12201099001,2
53,13,12201099001,2
53,14,12201099001,2
53,15,12201099001,2
53,16,12201099001,2
53,17,12201099001,2
53,18,12201099001,2
53,19,12201099001,2
53,20,12201099001,2
53,21,12201104001,1
53,22,12201104001,1
53,23,12201104001,1
53,24,12201104001,1
53,25,12201104001,1
53,26,12201104001,1
53,27,12201104001,1
53,28,12201104001,1
53,29,12201104001,1
53,30,12201104001,1
53,31,12201104001,1
53,32,12201104001,1
53,33,12201104001,1
53,34,12201104001,1
53,35,12201104001,1
53,36,12201104001,1
53,37,12201104001,1
53,38,12201104001,1
53,39,12201104001,1
53,40,12201104001,1
54,1,11101023001,6
54,2,12020312001,53
54,3,12103099001,6
54,4,14013001001,4
54,5,14013001001,3
54,6,14201019001,4
54,7,14201019001,4
54,8,14201019001,2
54,9,14301018001,3
54,10,14351034001,6
54,11,14351034001,6
54,12,14351034001,6
54,13,14351034001,6
54,14,14351034001,3
54,15,14504027001,10
54,16,14504027001,10
54,17,14504027001,10
54,18,14504027001,10
54,19,14504027001,10
54,20,14504027001,10
54,21,14504027001,10
54,22,14504027001,10
54,23,14504027001,10
54,24,14504027001,10
54,25,14504027001,10
54,26,14504027001,10
54,27,14504027001,10
54,28,14504027001,10
54,29,14504027001,10
54,30,14504027001,10
54,31,14504027001,10
54,32,14504027001,5
55,1,12201099001,2
55,2,12201099001,2
55,3,12201099001,2
55,4,12201099001,2
55,5,12201099001,2
55,6,12201099001,2
55,7,12201099001,2
55,8,12201099001,2
55,9,12201099001,2
55,10,12201099001,2
55,11,12201099001,2
55,12,12201099001,2
55,13,12201099001,2
55,14,12201099001,2
55,15,12201099001,2
55,16,12201099001,2
55,17,12201099001,2
55,18,12201099001,2
55,19,12201099001,2
55,20,12201099001,2
55,21,12201104001,1
55,22,12201104001,1
55,23,12201104001,1
55,24,12201104001,1
55,25,12201104001,1
55,26,12201104001,1
55,27,12201104001,1
55,28,12201104001,1
55,29,12201104001,1
55,30,12201104001,1
55,31,12201104001,1
55,32,12201104001,1
55,33,12201104001,1
55,34,12201104001,1
55,35,12201104001,1
55,36,12201104001,1
55,37,12201104001,1
55,38,12201104001,1
55,39,12201104001,1
55,40,12201104001,1
56,1,10041067001,5
56,2,10041067001,5
56,3,10041067001,5
56,4,10041067001,5
56,5,10041067001,5
56,6,10041067001,5
56,7,10041067001,5
56,8,10041067001,5
56,9,10041067001,5
56,10,10041067001,5
56,11,10041067001,5
56,12,10041067001,5
56,13,10041067001,5
56,14,10041067001,5
56,15,10041067001,5
56,16,10041067001,5
56,17,10041067001,5
56,18,10041067001,5
56,19,10041067001,5
56,20,10041067001,5
56,21,10041067001,5
56,22,10041067001,5
56,23,10041067001,5
56,24,10041067001,5
56,25,10041067001,5
56,26,10041067001,5
56,27,10041067001,5
56,28,10041067001,5
56,29,10041067001,5
56,30,10041067001,5
56,31,10041067001,5
56,32,10041067001,5
56,33,10041067001,5
56,34,10041067001,5
56,35,10041067001,5
56,36,10041067001,5
56,37,10041067001,5
56,38,10041067001,5
56,39,10041067001,5
56,40,10041067001,5
57,1,12201103001,1
57,2,12201103001,1
57,3,12201103001,1
57,4,12201103001,1
57,5,12201103001,1
57,6,12201103001,1
57,7,12201103001,1
57,8,12201103001,1
57,9,12201103001,1
57,10,12201103001,1
57,11,12201103001,1
57,12,12201103001,1
57,13,12201103001,1
57,14,12201103001,1
57,15,12201103001,1
57,16,12201103001,1
57,17,12201103001,1
57,18,12201103001,1
57,19,12201103001,1
57,20,12201103001,1
57,21,12201103001,1
57,22,12201103001,1
57,23,12201103001,1
57,24,12201103001,1
57,25,12201103001,1
57,26,12201103001,1
57,27,12201103001,1
57,28,12201103001,1
57,29,12201103001,1
57,30,12201103001,1
57,31,12201103001,1
57,32,12201103001,1
57,33,12201103001,1
57,34,12201103001,1
57,35,12201103001,1
57,36,12201103001,1
57,37,12201103001,1
57,38,12201103001,1
57,39,12201103001,1
57,40,12201103001,1
58,1,12201099001,2
58,2,12201099001,2
58,3,12201099001,2
58,4,12201099001,2
58,5,12201099001,2
58,6,12201099001,2
58,7,12201099001,2
58,8,12201099001,2
58,9,12201099001,2
58,10,12201099001,2
58,11,12201099001,2
58,12,12201099001,2
58,13,12201099001,2
58,14,12201099001,2
58,15,12201099001,2
58,16,12201099001,2
58,17,12201099001,2
58,18,12201099001,2
58,19,12201099001,2
58,20,12201099001,2
58,21,12201104001,1
58,22,12201104001,1
58,23,12201104001,1
58,24,12201104001,1
58,25,12201104001,1
58,26,12201104001,1
58,27,12201104001,1
58,28,12201104001,1
58,29,12201104001,1
58,30,12201104001,1
58,31,12201104001,1
58,32,12201104001,1
58,33,12201104001,1
58,34,12201104001,1
58,35,12201104001,1
58,36,12201104001,1
58,37,12201104001,1
58,38,12201104001,1
58,39,12201104001,1
58,40,12201104001,1
59,1,14014006001,1
59,2,14014006001,1
59,3,14014006001,1
59,4,14014006001,1
59,5,14014006001,1
59,6,14014006001,1
59,7,14014006001,1
59,8,14014006001,1
59,9,14014006001,1
59,10,14014006001,1
59,11,14014006001,1
59,12,14014006001,1
59,13,14014006001,1
59,14,14014006001,1
59,15,14014006001,1
59,16,14014006001,1
59,17,14014006001,1
59,18,14014006001,1
59,19,14014006001,1
59,20,14014006001,1
59,21,14014006001,1
59,22,14014006001,1
59,23,14014006001,1
59,24,14014006001,1
59,25,14014006001,1
59,26,14014006001,1
59,27,14014006001,1
59,28,14014006001,1
59,29,14014006001,1
59,30,14014006001,1
59,31,14014006001,1
59,32,14014006001,1
59,33,14014006001,1
59,34,14014006001,1
59,35,14014006001,1
59,36,14014006001,1
59,37,14014006001,1
59,38,14014006001,1
59,39,14014006001,1
59,40,14014006001,1
60,1,12201099001,2
60,2,12201099001,2
60,3,12201099001,2
60,4,12201099001,2
60,5,12201099001,2
60,6,12201099001,2
60,7,12201099001,2
60,8,12201099001,2
60,9,12201099001,2
60,10,12201099001,2
60,11,12201099001,2
60,12,12201099001,2
60,13,12201099001,2
60,14,12201099001,2
60,15,12201099001,2
60,16,12201099001,2
60,17,12201099001,2
60,18,12201099001,2
60,19,12201099001,2
60,20,12201099001,2
60,21,12201104001,1
60,22,12201104001,1
60,23,12201104001,1
60,24,12201104001,1
60,25,12201104001,1
60,26,12201104001,1
60,27,12201104001,1
60,28,12201104001,1
60,29,12201104001,1
60,30,12201104001,1
60,31,12201104001,1
60,32,12201104001,1
60,33,12201104001,1
60,34,12201104001,1
60,35,12201104001,1
60,36,12201104001,1
60,37,12201104001,1
60,38,12201104001,1
60,39,12201104001,1
60,40,12201104001,1
61,1,12201103001,1
61,2,12201103001,1
61,3,12201103001,1
61,4,12201103001,1
61,5,12201103001,1
61,6,12201103001,1
61,7,12201103001,1
61,8,12201103001,1
61,9,12201103001,1
61,10,12201103001,1
61,11,12201103001,1
61,12,12201103001,1
61,13,12201103001,1
61,14,12201103001,1
61,15,12201103001,1
61,16,12201103001,1
61,17,12201103001,1
61,18,12201103001,1
61,19,12201103001,1
61,20,12201103001,1
61,21,12201103001,1
61,22,12201103001,1
61,23,12201103001,1
61,24,12201103001,1
61,25,12201103001,1
61,26,12201103001,1
61,27,12201103001,1
61,28,12201103001,1
61,29,12201103001,1
61,30,12201103001,1
61,31,12201103001,1
61,32,12201103001,1
61,33,12201103001,1
61,34,12201103001,1
61,35,12201103001,1
61,36,12201103001,1
61,37,12201103001,1
61,38,12201103001,1
61,39,12201103001,1
61,40,12201103001,1
62,1,12201099001,2
62,2,12201099001,2
62,3,12201099001,2
62,4,12201099001,2
62,5,12201099001,2
62,6,12201099001,2
62,7,12201099001,2
62,8,12201099001,2
62,9,12201099001,2
62,10,12201099001,2
62,11,12201099001,2
62,12,12201099001,2
62,13,12201099001,2
62,14,12201099001,2
62,15,12201099001,2
62,16,12201099001,2
62,17,12201099001,2
62,18,12201099001,2
62,19,12201099001,2
62,20,12201099001,2
62,21,12201104001,1
62,22,12201104001,1
62,23,12201104001,1
62,24,12201104001,1
62,25,12201104001,1
62,26,12201104001,1
62,27,12201104001,1
62,28,12201104001,1
62,29,12201104001,1
62,30,12201104001,1
62,31,12201104001,1
62,32,12201104001,1
62,33,12201104001,1
62,34,12201104001,1
62,35,12201104001,1
62,36,12201104001,1
62,37,12201104001,1
62,38,12201104001,1
62,39,12201104001,1
62,40,12201104001,1
63,1,11022011001,6
63,2,11050008001,2
63,3,11101038001,7
63,4,11103157001,2
63,5,11103256001,4
63,6,11103256001,4
63,7,11103256001,4
63,8,11103256001,4
63,9,11103256001,4
63,10,11103256001,4
63,11,11103256001,4
63,12,11103256001,4
63,13,11103256001,4
63,14,12000125001,3
63,15,12000494001,3
63,16,12000497001,3
63,17,12103125001,3
63,18,14000003001,1
63,19,14000003001,1
63,20,14000003001,1
63,21,14000003001,1
63,22,14000003001,1
63,23,14000003001,1
63,24,14000003001,1
63,25,14000003001,1
63,26,14000003001,1
63,27,14000003001,1
63,28,14000003001,1
63,29,14000003001,1
63,30,14000003001,1
63,31,14000003001,1
63,32,14000003001,1
63,33,14000003001,1
63,34,14000003001,1
63,35,14010178001,5
63,36,14010178001,5
63,37,14010178001,5
63,38,14010178001,5
63,39,14010178001,1
63,40,14300057001,2
64,1,10002071001,5
64,2,10002071001,5
64,3,10002071001,5
64,4,10002071001,5
64,5,10002071001,5
64,6,10002071001,5
64,7,10002071001,5
64,8,10002071001,5
64,9,10002071001,5
64,10,10002071001,5
64,11,10002071001,5
64,12,10002071001,5
64,13,10002071001,5
64,14,10002071001,5
64,15,10002071001,5
64,16,10002071001,5
64,17,10002071001,4
64,18,11022031001,6
64,19,11061001001,1
64,20,11061027001,1
64,21,11061050001,1
64,22,11102007001,2
64,23,11103206001,1
64,24,11103377001,1
64,25,12104001001,5
64,26,14011004001,2
64,27,14011004001,2
64,28,14011004001,2
64,29,14011004001,2
64,30,14011004001,1
64,31,14104028001,24
64,32,14104028001,24
64,33,14104028001,5
64,34,14301109001,3
65,1,12201099001,2
65,2,12201099001,2
65,3,12201099001,2
65,4,12201099001,2
65,5,12201099001,2
65,6,12201099001,2
65,7,12201099001,2
65,8,12201099001,2
65,9,12201099001,2
65,10,12201099001,2
65,11,12201099001,2
65,12,12201099001,2
65,13,12201099001,2
65,14,12201099001,2
65,15,12201099001,2
65,16,12201099001,2
65,17,12201099001,2
65,18,12201099001,2
65,19,12201099001,2
65,20,12201099001,2
65,21,12201104001,1
65,22,12201104001,1
65,23,12201104001,1
65,24,12201104001,1
65,25,12201104001,1
65,26,12201104001,1
65,27,12201104001,1
65,28,12201104001,1
65,29,12201104001,1
65,30,12201104001,1
65,31,12201104001,1
65,32,12201104001,1
65,33,12201104001,1
65,34,12201104001,1
65,35,12201104001,1
65,36,12201104001,1
65,37,12201104001,1
65,38,12201104001,1
65,39,12201104001,1
65,40,12201104001,1
66,1,14503003001,4
66,2,14503003001,4
66,3,14503003001,4
66,4,14503003001,4
66,5,14503003001,4
66,6,14503003001,4
66,7,14503003001,4
66,8,14503003001,4
66,9,14503003001,4
66,10,14503003001,4
66,11,14503003001,4
66,12,14503003001,4
66,13,14503003001,4
66,14,14503003001,4
66,15,14503003001,4
66,16,14503003001,4
66,17,14503003001,4
66,18,14503003001,4
66,19,14503003001,4
66,20,14503003001,4
66,21,14503003001,4
66,22,14503003001,4
66,23,14503003001,4
66,24,14503003001,4
66,25,14503003001,4
66,26,14503003001,4
66,27,14503003001,4
66,28,14503003001,4
66,29,14503003001,4
66,30,14503003001,4
66,31,14503003001,4
66,32,14503003001,4
66,33,14503003001,4
66,34,14503003001,4
66,35,14503003001,4
66,36,14503003001,4
66,37,14503003001,4
66,38,14503003001,4
66,39,14503003001,4
66,40,14503003001,4
67,1,12201099001,2
67,2,12201099001,2
67,3,12201099001,2
67,4,12201099001,2
67,5,12201099001,2
67,6,12201099001,2
67,7,12201099001,2
67,8,12201099001,2
67,9,12201099001,2
67,10,12201099001,2
67,11,12201099001,2
67,12,12201099001,2
67,13,12201099001,2
67,14,12201099001,2
67,15,12201099001,2
67,16,12201099001,2
67,17,12201099001,2
67,18,12201099001,2
67,19,12201099001,2
67,20,12201099001,2
67,21,12201104001,1
67,22,12201104001,1
67,23,12201104001,1
67,24,12201104001,1
67,25,12201104001,1
67,26,12201104001,1
67,27,12201104001,1
67,28,12201104001,1
67,29,12201104001,1
67,30,12201104001,1
67,31,12201104001,1
67,32,12201104001,1
67,33,12201104001,1
67,34,12201104001,1
67,35,12201104001,1
67,36,12201104001,1
67,37,12201104001,1
67,38,12201104001,1
67,39,12201104001,1
67,40,12201104001,1
68,1,10002906001,6
68,2,10002906001,6
68,3,10002906001,6
68,4,10002906001,6
68,5,10002906001,6
68,6,10002906001,6
68,7,10002906001,6
68,8,10002906001,6
68,9,10002906001,6
68,10,10002906001,6
68,11,10002906001,6
68,12,10002906001,6
68,13,10002906001,6
68,14,10002906001,6
68,15,10002906001,6
68,16,10002906001,6
68,17,10002906001,4
68,18,11022017001,2
68,19,11101039001,8
68,20,12000206001,2
68,21,12000221001,2
68,22,12000381001,1
68,23,12011142001,1
68,24,12023199001,41
68,25,12023199001,12
68,26,12104011001,12
68,27,12105002001,1
68,28,14011006001,5
68,29,14011006001,5
68,30,14011006001,5
68,31,14011006001,5
68,32,14011006001,4
68,33,14301030001,1
69,1,11022035001,1
69,2,11071013001,14
69,3,11071013001,14
69,4,11071013001,14
69,5,11071013001,11
69,6,11102004001,2
69,7,12001064001,3
69,8,12002104001,1
69,9,12002105001,1
69,10,12003069001,3
69,11,12020956001,3
69,12,12105012001,2
69,13,14014011001,3
69,14,14014011001,3
69,15,14014011001,3
69,16,14014011001,3
69,17,14014011001,2
69,18,14110106001,4
69,19,14110106001,4
69,20,14110106001,4
69,21,14110106001,4
69,22,14110106001,4
69,23,14110106001,4
69,24,14110106001,4
69,25,14110106001,4
69,26,14110106001,4
69,27,14110106001,4
69,28,14110106001,4
69,29,14110106001,4
69,30,14110106001,4
69,31,14110106001,4
69,32,14110106001,4
69,33,14110106001,4
69,34,14110106001,4
69,35,14301110001,2
70,1,12201103001,1
70,2,12201103001,1
70,3,12201103001,1
70,4,12201103001,1
70,5,12201103001,1
70,6,12201103001,1
70,7,12201103001,1
70,8,12201103001,1
70,9,12201103001,1
70,10,12201103001,1
70,11,12201103001,1
70,12,12201103001,1
70,13,12201103001,1
70,14,12201103001,1
70,15,12201103001,1
70,16,12201103001,1
70,17,12201103001,1
70,18,12201103001,1
70,19,12201103001,1
70,20,12201103001,1
70,21,12201103001,1
70,22,12201103001,1
70,23,12201103001,1
70,24,12201103001,1
70,25,12201103001,1
70,26,12201103001,1
70,27,12201103001,1
70,28,12201103001,1
70,29,12201103001,1
70,30,12201103001,1
70,31,12201103001,1
70,32,12201103001,1
70,33,12201103001,1
70,34,12201103001,1
70,35,12201103001,1
70,36,12201103001,1
70,37,12201103001,1
70,38,12201103001,1
70,39,12201103001,1
70,40,12201103001,1
71,1,12201099001,2
71,2,12201099001,2
71,3,12201099001,2
71,4,12201099001,2
71,5,12201099001,2
71,6,12201099001,2
71,7,12201099001,2
71,8,12201099001,2
71,9,12201099001,2
71,10,12201099001,2
71,11,12201099001,2
71,12,12201099001,2
71,13,12201099001,2
71,14,12201099001,2
71,15,12201099001,2
71,16,12201099001,2
71,17,12201099001,2
71,18,12201099001,2
71,19,12201099001,2
71,20,12201099001,2
71,21,12201104001,1
71,22,12201104001,1
71,23,12201104001,1
71,24,12201104001,1
71,25,12201104001,1
71,26,12201104001,1
71,27,12201104001,1
71,28,12201104001,1
71,29,12201104001,1
71,30,12201104001,1
71,31,12201104001,1
71,32,12201104001,1
71,33,12201104001,1
71,34,12201104001,1
71,35,12201104001,1
71,36,12201104001,1
71,37,12201104001,1
71,38,12201104001,1
71,39,12201104001,1
71,40,12201104001,1
72,1,12201099001,2
72,2,12201099001,2
72,3,12201099001,2
72,4,12201099001,2
72,5,12201099001,2
72,6,12201099001,2
72,7,12201099001,2
72,8,12201099001,2
72,9,12201099001,2
72,10,12201099001,2
72,11,12201099001,2
72,12,12201099001,2
72,13,12201099001,2
72,14,12201099001,2
72,15,12201099001,2
72,16,12201099001,2
72,17,12201099001,2
72,18,12201099001,2
72,19,12201099001,2
72,20,12201099001,2
72,21,12201104001,1
72,22,12201104001,1
72,23,12201104001,1
72,24,12201104001,1
72,25,12201104001,1
72,26,12201104001,1
72,27,12201104001,1
72,28,12201104001,1
72,29,12201104001,1
72,30,12201104001,1
72,31,12201104001,1
72,32,12201104001,1
72,33,12201104001,1
72,34,12201104001,1
72,35,12201104001,1
72,36,12201104001,1
72,37,12201104001,1
72,38,12201104001,1
72,39,12201104001,1
72,40,12201104001,1
73,1,10034011001,28
73,2,10034011001,28
73,3,10034011001,28
73,4,10034011001,28
73,5,10034011001,28
73,6,10034011001,28
73,7,10034011001,28
73,8,10034011001,28
73,9,10034011001,28
73,10,10034011001,28
73,11,10034011001,28
73,12,10034011001,28
73,13,10034011001,28
73,14,10034011001,28
73,15,10034011001,28
73,16,10034011001,28
73,17,10034011001,8
73,18,11022063001,3
73,19,11102003001,7
73,20,12000320001,1
73,21,12005093002,11
73,22,12005093002,11
73,23,12005093002,11
73,24,12005093002,11
73,25,12005093002,9
73,26,12012171001,1
73,27,12017039001,3
73,28,12017040001,3
73,29,12021052001,3
73,30,12105009001,9
73,31,14020006001,4
73,32,14020006001,4
73,33,14020006001,4
73,34,14020006001,4
73,35,14020006001,2
73,36,14303022001,1
74,1,12201099001,2
74,2,12201099001,2
74,3,12201099001,2
74,4,12201099001,2
74,5,12201099001,2
74,6,12201099001,2
74,7,12201099001,2
74,8,12201099001,2
74,9,12201099001,2
74,10,12201099001,2
74,11,12201099001,2
74,12,12201099001,2
74,13,12201099001,2
74,14,12201099001,2
74,15,12201099001,2
74,16,12201099001,2
74,17,12201099001,2
74,18,12201099001,2
74,19,12201099001,2
74,20,12201099001,2
74,21,12201104001,1
74,22,12201104001,1
74,23,12201104001,1
74,24,12201104001,1
74,25,12201104001,1
74,26,12201104001,1
74,27,12201104001,1
74,28,12201104001,1
74,29,12201104001,1
74,30,12201104001,1
74,31,12201104001,1
74,32,12201104001,1
74,33,12201104001,1
74,34,12201104001,1
74,35,12201104001,1
74,36,12201104001,1
74,37,12201104001,1
74,38,12201104001,1
74,39,12201104001,1
74,40,12201104001,1
75,1,12201103001,1
75,2,12201103001,1
75,3,12201103001,1
75,4,12201103001,1
75,5,12201103001,1
75,6,12201103001,1
75,7,12201103001,1
75,8,12201103001,1
75,9,12201103001,1
75,10,12201103001,1
75,11,12201103001,1
75,12,12201103001,1
75,13,12201103001,1
75,14,12201103001,1
75,15,12201103001,1
75,16,12201103001,1
75,17,12201103001,1
75,18,12201103001,1
75,19,12201103001,1
75,20,12201103001,1
75,21,12201103001,1
75,22,12201103001,1
75,23,12201103001,1
75,24,12201103001,1
75,25,12201103001,1
75,26,12201103001,1
75,27,12201103001,1
75,28,12201103001,1
75,29,12201103001,1
75,30,12201103001,1
75,31,12201103001,1
75,32,12201103001,1
75,33,12201103001,1
75,34,12201103001,1
75,35,12201103001,1
75,36,12201103001,1
75,37,12201103001,1
75,38,12201103001,1
75,39,12201103001,1
75,40,12201103001,1
76,1,12201099001,2
76,2,12201099001,2
76,3,12201099001,2
76,4,12201099001,2
76,5,12201099001,2
76,6,12201099001,2
76,7,12201099001,2
76,8,12201099001,2
76,9,12201099001,2
76,10,12201099001,2
76,11,12201099001,2
76,12,12201099001,2
76,13,12201099001,2
76,14,12201099001,2
76,15,12201099001,2
76,16,12201099001,2
76,17,12201099001,2
76,18,12201099001,2
76,19,12201099001,2
76,20,12201099001,2
76,21,12201104001,1
76,22,12201104001,1
76,23,12201104001,1
76,24,12201104001,1
76,25,12201104001,1
76,26,12201104001,1
76,27,12201104001,1
76,28,12201104001,1
76,29,12201104001,1
76,30,12201104001,1
76,31,12201104001,1
76,32,12201104001,1
76,33,12201104001,1
76,34,12201104001,1
76,35,12201104001,1
76,36,12201104001,1
76,37,12201104001,1
76,38,12201104001,1
76,39,12201104001,1
76,40,12201104001,1
77,1,10041067001,5
77,2,10041067001,5
77,3,10041067001,5
77,4,10041067001,5
77,5,10041067001,5
77,6,10041067001,5
77,7,10041067001,5
77,8,10041067001,5
77,9,10041067001,5
77,10,10041067001,5
77,11,10041067001,5
77,12,10041067001,5
77,13,10041067001,5
77,14,10041067001,5
77,15,10041067001,5
77,16,10041067001,5
77,17,10041067001,5
77,18,10041067001,5
77,19,10041067001,5
77,20,10041067001,5
77,21,10041067001,5
77,22,10041067001,5
77,23,10041067001,5
77,24,10041067001,5
77,25,10041067001,5
77,26,10041067001,5
77,27,10041067001,5
77,28,10041067001,5
77,29,10041067001,5
77,30,10041067001,5
77,31,10041067001,5
77,32,10041067001,5
77,33,10041067001,5
77,34,10041067001,5
77,35,10041067001,5
77,36,10041067001,5
77,37,10041067001,5
77,38,10041067001,5
77,39,10041067001,5
77,40,10041067001,5
78,1,11030062001,5
78,2,11102012001,2
78,3,12000495001,2
78,4,12001071001,1
78,5,12001076001,1
78,6,12001077001,1
78,7,12002084001,2
78,8,12105005001,4
78,9,14023126001,7
78,10,14023126001,7
78,11,14023126001,7
78,12,14023126001,7
78,13,14023126001,6
78,14,14133899001,5
78,15,14133899001,5
78,16,14133899001,5
78,17,14133899001,5
78,18,14133899001,5
78,19,14133899001,5
78,20,14133899001,5
78,21,14133899001,5
78,22,14133899001,5
78,23,14302080001,3
78,24,14501047001,9
78,25,14501047001,9
78,26,14501047001,9
78,27,14501047001,9
78,28,14501047001,9
78,29,14501047001,9
78,30,14501047001,9
78,31,14501047001,9
78,32,14501047001,9
78,33,14501047001,9
78,34,14501047001,9
78,35,14501047001,9
78,36,14501047001,9
78,37,14501047001,9
78,38,14501047001,9
78,39,14501047001,9
78,40,14501047001,6
79,1,11030010001,25
79,2,11102043001,1
79,3,12000372001,2
79,4,12003104001,2
79,5,12005082002,1
79,6,12005082008,1
79,7,12005083002,1
79,8,12105021001,3
79,9,14100020001,2
79,10,14100020001,2
79,11,14100020001,2
79,12,14100020001,2
79,13,14100020001,2
79,14,14302079001,6
79,15,14353019001,4
79,16,14353019001,4
79,17,14353019001,4
79,18,14353019001,4
79,19,14353019001,4
79,20,14353019001,4
79,21,14353019001,4
79,22,14353019001,4
79,23,14353019001,4
79,24,14353019001,4
79,25,14353019001,4
79,26,14353019001,4
79,27,14353019001,4
79,28,14353019001,4
79,29,14353019001,4
79,30,14353019001,4
79,31,14353019001,1
79,32,14620124001,9
79,33,14620124001,9
79,34,14620124001,9
79,35,14620124001,9
79,36,14620124001,9
79,37,14620124001,8
80,1,12201104001,1
80,2,12201104001,1
80,3,12201104001,1
80,4,12201104001,1
80,5,12201104001,1
80,6,12201104001,1
80,7,12201104001,1
80,8,12201104001,1
80,9,12201104001,1
80,10,12201104001,1
80,11,12201104001,1
80,12,12201104001,1
80,13,12201104001,1
80,14,12201104001,1
80,15,12201104001,1
80,16,12201104001,1
80,17,12201104001,1
80,18,12201104001,1
80,19,12201104001,1
80,20,12201104001,1
81,1,12201104001,1
81,2,12201104001,1
81,3,12201104001,1
81,4,12201104001,1
81,5,12201104001,1
81,6,12201104001,1
81,7,12201104001,1
81,8,12201104001,1
81,9,12201104001,1
81,10,12201104001,1
81,11,12201104001,1
81,12,12201104001,1
81,13,12201104001,1
81,14,12201104001,1
81,15,12201104001,1
81,16,12201104001,1
81,17,12201104001,1
81,18,12201104001,1
81,19,12201104001,1
81,20,12201104001,1
82,1,12201103001,1
82,2,12201103001,1
82,3,12201103001,1
82,4,12201103001,1
82,5,12201103001,1
82,6,12201103001,1
82,7,12201103001,1
82,8,12201103001,1
82,9,12201103001,1
82,10,12201103001,1
82,11,12201103001,1
82,12,12201103001,1
82,13,12201103001,1
82,14,12201103001,1
82,15,12201103001,1
82,16,12201103001,1
82,17,12201103001,1
82,18,12201103001,1
82,19,12201103001,1
82,20,12201103001,1
82,21,12201103001,1
82,22,12201103001,1
82,23,12201103001,1
82,24,12201103001,1
82,25,12201103001,1
82,26,12201103001,1
82,27,12201103001,1
82,28,12201103001,1
82,29,12201103001,1
82,30,12201103001,1
82,31,12201103001,1
82,32,12201103001,1
82,33,12201103001,1
82,34,12201103001,1
82,35,12201103001,1
82,36,12201103001,1
82,37,12201103001,1
82,38,12201103001,1
82,39,12201103001,1
82,40,12201103001,1
83,1,12201104001,1
83,2,12201104001,1
83,3,12201104001,1
83,4,12201104001,1
83,5,12201104001,1
83,6,12201104001,1
83,7,12201104001,1
83,8,12201104001,1
83,9,12201104001,1
83,10,12201104001,1
83,11,12201104001,1
83,12,12201104001,1
83,13,12201104001,1
83,14,12201104001,1
83,15,12201104001,1
83,16,12201104001,1
83,17,12201104001,1
83,18,12201104001,1
83,19,12201104001,1
83,20,12201104001,1
84,1,11022044001,6
84,2,11103040001,1
84,3,12000067001,6
84,4,12000275001,1
84,5,12000295001,6
84,6,12002026001,1
84,7,12002118001,5
84,8,12002118001,5
84,9,12002118001,5
84,10,12002118001,5
84,11,12002118001,5
84,12,12002118001,5
84,13,12002118001,5
84,14,12002118001,5
84,15,12002118001,5
84,16,12011433001,6
84,17,12105013001,2
84,18,14100001001,3
84,19,14100001001,3
84,20,14100001001,3
84,21,14100001001,3
84,22,14100001001,3
84,23,14303024001,3
84,24,14501065001,5
84,25,14501065001,5
84,26,14501065001,5
84,27,14501065001,5
84,28,14501065001,5
84,29,14501065001,5
84,30,14501065001,5
84,31,14501065001,5
84,32,14501065001,5
84,33,14501065001,5
84,34,14501065001,5
84,35,14501065001,5
84,36,14501065001,5
84,37,14501065001,5
84,38,14501065001,5
84,39,14501065001,5
84,40,14501065001,2
85,1,10041067001,5
85,2,10041067001,5
85,3,10041067001,5
85,4,10041067001,5
85,5,10041067001,5
85,6,10041067001,5
85,7,10041067001,5
85,8,10041067001,5
85,9,10041067001,5
85,10,10041067001,5
85,11,10041067001,5
85,12,10041067001,5
85,13,10041067001,5
85,14,10041067001,5
85,15,10041067001,5
85,16,10041067001,5
85,17,10041067001,5
85,18,10041067001,5
85,19,10041067001,5
85,20,10041067001,5
85,21,10041067001,5
85,22,10041067001,5
85,23,10041067001,5
85,24,10041067001,5
85,25,10041067001,5
85,26,10041067001,5
85,27,10041067001,5
85,28,10041067001,5
85,29,10041067001,5
85,30,10041067001,5
85,31,10041067001,5
85,32,10041067001,5
85,33,10041067001,5
85,34,10041067001,5
85,35,10041067001,5
85,36,10041067001,5
85,37,10041067001,5
85,38,10041067001,5
85,39,10041067001,5
85,40,10041067001,5
86,1,12201104001,1
86,2,12201104001,1
86,3,12201104001,1
86,4,12201104001,1
86,5,12201104001,1
86,6,12201104001,1
86,7,12201104001,1
86,8,12201104001,1
86,9,12201104001,1
86,10,12201104001,1
86,11,12201104001,1
86,12,12201104001,1
86,13,12201104001,1
86,14,12201104001,1
86,15,12201104001,1
86,16,12201104001,1
86,17,12201104001,1
86,18,12201104001,1
86,19,12201104001,1
86,20,12201104001,1
87,1,11022085001,6
87,2,11102014001,1
87,3,12010119001,1
87,4,12011173001,6
87,5,12011173001,6
87,6,12011173001,6
87,7,12011173001,6
87,8,12011173001,6
87,9,12011173001,6
87,10,12011173001,6
87,11,12011173001,6
87,12,12011173001,5
87,13,12011358001,1
87,14,12014025001,2
87,15,12014032001,2
87,16,12014035001,2
87,17,12105025001,2
87,18,14103053001,2
87,19,14103053001,2
87,20,14103053001,2
87,21,14103053001,2
87,22,14103053001,1
87,23,14303036001,4
87,24,14505115001,12
87,25,14505115001,12
87,26,14505115001,12
87,27,14505115001,12
87,28,14505115001,12
87,29,14505115001,12
87,30,14505115001,12
87,31,14505115001,12
87,32,14505115001,12
87,33,14505115001,12
87,34,14505115001,12
87,35,14505115001,12
87,36,14505115001,12
87,37,14505115001,12
87,38,14505115001,12
87,39,14505115001,12
87,40,14505115001,4
88,1,10014055001,9
88,2,10014055001,9
88,3,10014055001,9
88,4,10014055001,9
88,5,10014055001,9
88,6,10014055001,8
88,7,11021030001,3
88,8,11021030001,3
88,9,11050006001,6
88,10,11103039001,1
88,11,12034001001,6
88,12,12034001001,6
88,13,12034001001,6
88,14,12034001001,6
88,15,12034001001,6
88,16,12034001001,6
88,17,12034001001,6
88,18,12034001001,6
88,19,12034001001,5
88,20,12105034001,6
88,21,14021036001,4
88,22,14021036001,3
88,23,14102258001,4
88,24,14102258001,4
88,25,14102258001,4
88,26,14102258001,4
88,27,14102258001,4
88,28,14102258001,4
88,29,14102258001,4
88,30,14102258001,4
88,31,14102258001,4
88,32,14102258001,2
88,33,14132071001,5
88,34,14132071001,5
88,35,14132071001,2
88,36,14303026001,1
89,1,11023010001,18
89,2,11030079001,4
89,3,11031918001,9
89,4,11031918001,9
89,5,11032024001,3
89,6,11032024001,3
89,7,11032024001,3
89,8,11032024001,3
89,9,11032024001,3
89,10,11032024001,3
89,11,11032024001,3
89,12,11032024001,1
89,13,11073039001,18
89,14,11073899001,7
89,15,11073899001,7
89,16,11073899001,7
89,17,11073899001,1
89,18,11103047001,6
89,19,12003086001,9
89,20,12022100001,9
89,21,12103005001,3
89,22,12103040001,3
89,23,12104027001,3
89,24,12105051001,4
89,25,14303021001,1
89,26,14616075001,7
89,27,14616075001,7
89,28,14616075001,7
89,29,14616075001,7
89,30,14616075001,7
89,31,14616075001,7
89,32,14616075001,7
89,33,14616075001,4
90,1,14014006001,1
90,2,14014006001,1
90,3,14014006001,1
90,4,14014006001,1
90,5,14014006001,1
90,6,14014006001,1
90,7,14014006001,1
90,8,14014006001,1
90,9,14014006001,1
90,10,14014006001,1
90,11,14014006001,1
90,12,14014006001,1
90,13,14014006001,1
90,14,14014006001,1
90,15,14014006001,1
90,16,14014006001,1
90,17,14014006001,1
90,18,14014006001,1
90,19,14014006001,1
90,20,14014006001,1
90,21,14014006001,1
90,22,14014006001,1
90,23,14014006001,1
90,24,14014006001,1
90,25,14014006001,1
90,26,14014006001,1
90,27,14014006001,1
90,28,14014006001,1
90,29,14014006001,1
90,30,14014006001,1
90,31,14014006001,1
90,32,14014006001,1
90,33,14014006001,1
90,34,14014006001,1
90,35,14014006001,1
90,36,14014006001,1
90,37,14014006001,1
90,38,14014006001,1
90,39,14014006001,1
90,40,14014006001,1
91,1,12201104001,1
91,2,12201104001,1
91,3,12201104001,1
91,4,12201104001,1
91,5,12201104001,1
91,6,12201104001,1
91,7,12201104001,1
91,8,12201104001,1
91,9,12201104001,1
91,10,12201104001,1
91,11,12201104001,1
91,12,12201104001,1
91,13,12201104001,1
91,14,12201104001,1
91,15,12201104001,1
91,16,12201104001,1
91,17,12201104001,1
91,18,12201104001,1
91,19,12201104001,1
91,20,12201104001,1
92,1,12201104001,1
92,2,12201104001,1
92,3,12201104001,1
92,4,12201104001,1
92,5,12201104001,1
92,6,12201104001,1
92,7,12201104001,1
92,8,12201104001,1
92,9,12201104001,1
92,10,12201104001,1
92,11,12201104001,1
92,12,12201104001,1
92,13,12201104001,1
92,14,12201104001,1
92,15,12201104001,1
92,16,12201104001,1
92,17,12201104001,1
92,18,12201104001,1
92,19,12201104001,1
92,20,12201104001,1
93,1,12201104001,1
93,2,12201104001,1
93,3,12201104001,1
93,4,12201104001,1
93,5,12201104001,1
93,6,12201104001,1
93,7,12201104001,1
93,8,12201104001,1
93,9,12201104001,1
93,10,12201104001,1
93,11,12201104001,1
93,12,12201104001,1
93,13,12201104001,1
93,14,12201104001,1
93,15,12201104001,1
93,16,12201104001,1
93,17,12201104001,1
93,18,12201104001,1
93,19,12201104001,1
93,20,12201104001,1
94,1,12201103001,1
94,2,12201103001,1
94,3,12201103001,1
94,4,12201103001,1
94,5,12201103001,1
94,6,12201103001,1
94,7,12201103001,1
94,8,12201103001,1
94,9,12201103001,1
94,10,12201103001,1
94,11,12201103001,1
94,12,12201103001,1
94,13,12201103001,1
94,14,12201103001,1
94,15,12201103001,1
94,16,12201103001,1
94,17,12201103001,1
94,18,12201103001,1
94,19,12201103001,1
94,20,12201103001,1
94,21,12201103001,1
94,22,12201103001,1
94,23,12201103001,1
94,24,12201103001,1
94,25,12201103001,1
94,26,12201103001,1
94,27,12201103001,1
94,28,12201103001,1
94,29,12201103001,1
94,30,12201103001,1
94,31,12201103001,1
94,32,12201103001,1
94,33,12201103001,1
94,34,12201103001,1
94,35,12201103001,1
94,36,12201103001,1
94,37,12201103001,1
94,38,12201103001,1
94,39,12201103001,1
94,40,12201103001,1
95,1,10034023001,5
95,2,10034023001,5
95,3,10034023001,5
95,4,10034023001,5
95,5,10034023001,5
95,6,10034023001,5
95,7,10034023001,5
95,8,10034023001,5
95,9,10034023001,5
95,10,10034023001,5
95,11,10034023001,5
95,12,10034023001,5
95,13,10034023001,5
95,14,10034023001,5
95,15,10034023001,5
95,16,10034023001,5
95,17,11030066001,6
95,18,11103067001,3
95,19,12010200001,1
95,20,12012118001,27
95,21,12012118001,26
95,22,12032072001,1
95,23,12105043002,3
95,24,14302072001,2
95,25,14506041001,3
95,26,14506122001,3
95,27,14506366001,3
95,28,14616038001,9
95,29,14616038001,3
95,30,14616053001,9
95,31,14616053001,3
95,32,14621021001,10
95,33,14621021001,2
96,1,11030095001,5
96,2,11103092001,6
96,3,12011088001,1
96,4,12011329001,5
96,5,12011329001,5
96,6,12011341001,5
96,7,12011341001,5
96,8,12011342001,5
96,9,12011342001,5
96,10,12011362001,1
96,11,12014022001,22
96,12,12014022001,22
96,13,12014022001,9
96,14,12020196001,2
96,15,12020221001,2
96,16,12020362001,2
96,17,12034154001,72
96,18,12104003001,10
96,19,12104003001,10
96,20,12104003001,10
96,21,12104003001,10
96,22,12104003001,10
96,23,12104003001,10
96,24,12104003001,10
96,25,12104003001,2
96,26,12105058001,2
96,27,14303033001,4
97,1,12201103001,1
97,2,12201103001,1
97,3,12201103001,1
97,4,12201103001,1
97,5,12201103001,1
97,6,12201103001,1
97,7,12201103001,1
97,8,12201103001,1
97,9,12201103001,1
97,10,12201103001,1
97,11,12201103001,1
97,12,12201103001,1
97,13,12201103001,1
97,14,12201103001,1
97,15,12201103001,1
97,16,12201103001,1
97,17,12201103001,1
97,18,12201103001,1
97,19,12201103001,1
97,20,12201103001,1
97,21,12201103001,1
97,22,12201103001,1
97,23,12201103001,1
97,24,12201103001,1
97,25,12201103001,1
97,26,12201103001,1
97,27,12201103001,1
97,28,12201103001,1
97,29,12201103001,1
97,30,12201103001,1
97,31,12201103001,1
97,32,12201103001,1
97,33,12201103001,1
97,34,12201103001,1
97,35,12201103001,1
97,36,12201103001,1
97,37,12201103001,1
97,38,12201103001,1
97,39,12201103001,1
97,40,12201103001,1
98,1,12201104001,1
98,2,12201104001,1
98,3,12201104001,1
98,4,12201104001,1
98,5,12201104001,1
98,6,12201104001,1
98,7,12201104001,1
98,8,12201104001,1
98,9,12201104001,1
98,10,12201104001,1
98,11,12201104001,1
98,12,12201104001,1
98,13,12201104001,1
98,14,12201104001,1
98,15,12201104001,1
98,16,12201104001,1
98,17,12201104001,1
98,18,12201104001,1
98,19,12201104001,1
98,20,12201104001,1
99,1,12201104001,1
99,2,12201104001,1
99,3,12201104001,1
99,4,12201104001,1
99,5,12201104001,1
99,6,12201104001,1
99,7,12201104001,1
99,8,12201104001,1
99,9,12201104001,1
99,10,12201104001,1
99,11,12201104001,1
99,12,12201104001,1
99,13,12201104001,1
99,14,12201104001,1
99,15,12201104001,1
99,16,12201104001,1
99,17,12201104001,1
99,18,12201104001,1
99,19,12201104001,1
99,20,12201104001,1
100,1,10031011001,6
100,2,10031011001,6
100,3,10031011001,6
100,4,10031011001,6
100,5,10031011001,6
100,6,10031011001,6
100,7,10031011001,6
100,8,10031011001,6
100,9,10031011001,6
100,10,10031011001,6
100,11,10031011001,6
100,12,10031011001,6
100,13,10031011001,6
100,14,10031011001,6
100,15,10031011001,6
100,16,10031011001,3
100,17,11030096001,2
100,18,11103115001,2
100,19,12011178001,1
100,20,12011264001,1
100,21,12105059001,1
100,22,12106005001,25
100,23,12106005001,25
100,24,12106005001,3
100,25,14013002001,4
100,26,14013002001,4
100,27,14013002001,2
100,28,14303034001,1
100,29,14310101001,5
100,30,14311115001,5
100,31,14360007001,3
100,32,14360007001,2
101,1,12201103001,1
101,2,12201103001,1
101,3,12201103001,1
101,4,12201103001,1
101,5,12201103001,1
101,6,12201103001,1
101,7,12201103001,1
101,8,12201103001,1
101,9,12201103001,1
101,10,12201103001,1
101,11,12201103001,1
101,12,12201103001,1
101,13,12201103001,1
101,14,12201103001,1
101,15,12201103001,1
101,16,12201103001,1
101,17,12201103001,1
101,18,12201103001,1
101,19,12201103001,1
101,20,12201103001,1
101,21,12201103001,1
101,22,12201103001,1
101,23,12201103001,1
101,24,12201103001,1
101,25,12201103001,1
101,26,12201103001,1
101,27,12201103001,1
101,28,12201103001,1
101,29,12201103001,1
101,30,12201103001,1
101,31,12201103001,1
101,32,12201103001,1
101,33,12201103001,1
101,34,12201103001,1
101,35,12201103001,1
101,36,12201103001,1
101,37,12201103001,1
101,38,12201103001,1
101,39,12201103001,1
101,40,12201103001,1
102,1,12201104001,1
102,2,12201104001,1
102,3,12201104001,1
102,4,12201104001,1
102,5,12201104001,1
102,6,12201104001,1
102,7,12201104001,1
102,8,12201104001,1
102,9,12201104001,1
102,10,12201104001,1
102,11,12201104001,1
102,12,12201104001,1
102,13,12201104001,1
102,14,12201104001,1
102,15,12201104001,1
102,16,12201104001,1
102,17,12201104001,1
102,18,12201104001,1
102,19,12201104001,1
102,20,12201104001,1
103,1,12201104001,1
103,2,12201104001,1
103,3,12201104001,1
103,4,12201104001,1
103,5,12201104001,1
103,6,12201104001,1
103,7,12201104001,1
103,8,12201104001,1
103,9,12201104001,1
103,10,12201104001,1
103,11,12201104001,1
103,12,12201104001,1
103,13,12201104001,1
103,14,12201104001,1
103,15,12201104001,1
103,16,12201104001,1
103,17,12201104001,1
103,18,12201104001,1
103,19,12201104001,1
103,20,12201104001,1
104,1,14014006001,1
104,2,14014006001,1
104,3,14014006001,1
104,4,14014006001,1
104,5,14014006001,1
104,6,14014006001,1
104,7,14014006001,1
104,8,14014006001,1
104,9,14014006001,1
104,10,14014006001,1
104,11,14014006001,1
104,12,14014006001,1
104,13,14014006001,1
104,14,14014006001,1
104,15,14014006001,1
104,16,14014006001,1
104,17,14014006001,1
104,18,14014006001,1
104,19,14014006001,1
104,20,14014006001,1
104,21,14014006001,1
104,22,14014006001,1
104,23,14014006001,1
104,24,14014006001,1
104,25,14014006001,1
104,26,14014006001,1
104,27,14014006001,1
104,28,14014006001,1
104,29,14014006001,1
104,30,14014006001,1
104,31,14014006001,1
104,32,14014006001,1
104,33,14014006001,1
104,34,14014006001,1
104,35,14014006001,1
104,36,14014006001,1
104,37,14014006001,1
104,38,14014006001,1
104,39,14014006001,1
104,40,14014006001,1
105,1,12201103001,1
105,2,12201103001,1
105,3,12201103001,1
105,4,12201103001,1
105,5,12201103001,1
105,6,12201103001,1
105,7,12201103001,1
105,8,12201103001,1
105,9,12201103001,1
105,10,12201103001,1
105,11,12201103001,1
105,12,12201103001,1
105,13,12201103001,1
105,14,12201103001,1
105,15,12201103001,1
105,16,12201103001,1
105,17,12201103001,1
105,18,12201103001,1
105,19,12201103001,1
105,20,12201103001,1
105,21,12201103001,1
105,22,12201103001,1
105,23,12201103001,1
105,24,12201103001,1
105,25,12201103001,1
105,26,12201103001,1
105,27,12201103001,1
105,28,12201103001,1
105,29,12201103001,1
105,30,12201103001,1
105,31,12201103001,1
105,32,12201103001,1
105,33,12201103001,1
105,34,12201103001,1
105,35,12201103001,1
105,36,12201103001,1
105,37,12201103001,1
105,38,12201103001,1
105,39,12201103001,1
105,40,12201103001,1
106,1,10041067001,5
106,2,10041067001,5
106,3,10041067001,5
106,4,10041067001,5
106,5,10041067001,5
106,6,10041067001,5
106,7,10041067001,5
106,8,10041067001,5
106,9,10041067001,5
106,10,10041067001,5
106,11,10041067001,5
106,12,10041067001,5
106,13,10041067001,5
106,14,10041067001,5
106,15,10041067001,5
106,16,10041067001,5
106,17,10041067001,5
106,18,10041067001,5
106,19,10041067001,5
106,20,10041067001,5
106,21,10041067001,5
106,22,10041067001,5
106,23,10041067001,5
106,24,10041067001,5
106,25,10041067001,5
106,26,10041067001,5
106,27,10041067001,5
106,28,10041067001,5
106,29,10041067001,5
106,30,10041067001,5
106,31,10041067001,5
106,32,10041067001,5
106,33,10041067001,5
106,34,10041067001,5
106,35,10041067001,5
106,36,10041067001,5
106,37,10041067001,5
106,38,10041067001,5
106,39,10041067001,5
106,40,10041067001,5
107,1,10041067001,5
107,2,10041067001,5
107,3,10041067001,5
107,4,10041067001,5
107,5,10041067001,5
107,6,10041067001,5
107,7,10041067001,5
107,8,10041067001,5
107,9,10041067001,5
107,10,10041067001,5
107,11,10041067001,5
107,12,10041067001,5
107,13,10041067001,5
107,14,10041067001,5
107,15,10041067001,5
107,16,10041067001,5
107,17,10041067001,5
107,18,10041067001,5
107,19,10041067001,5
107,20,10041067001,5
107,21,10041067001,5
107,22,10041067001,5
107,23,10041067001,5
107,24,10041067001,5
107,25,10041067001,5
107,26,10041067001,5
107,27,10041067001,5
107,28,10041067001,5
107,29,10041067001,4
107,30,11103155001,1
107,31,12000276001,4
107,32,12011347001,4
107,33,12105066001,4
107,34,12130049001,2
107,35,12130049001,2
107,36,12130049001,2
107,37,12130049001,2
107,38,14021015001,5
107,39,14021015001,1
107,40,14303037001,2
108,1,12201103001,1
108,2,12201103001,1
108,3,12201103001,1
108,4,12201103001,1
108,5,12201103001,1
108,6,12201103001,1
108,7,12201103001,1
108,8,12201103001,1
108,9,12201103001,1
108,10,12201103001,1
108,11,12201103001,1
108,12,12201103001,1
108,13,12201103001,1
108,14,12201103001,1
108,15,12201103001,1
108,16,12201103001,1
108,17,12201103001,1
108,18,12201103001,1
108,19,12201103001,1
108,20,12201103001,1
108,21,12201103001,1
108,22,12201103001,1
108,23,12201103001,1
108,24,12201103001,1
108,25,12201103001,1
108,26,12201103001,1
108,27,12201103001,1
108,28,12201103001,1
108,29,12201103001,1
108,30,12201103001,1
108,31,12201103001,1
108,32,12201103001,1
108,33,12201103001,1
108,34,12201103001,1
108,35,12201103001,1
108,36,12201103001,1
108,37,12201103001,1
108,38,12201103001,1
108,39,12201103001,1
108,40,12201103001,1
109,1,14014006001,1
109,2,14014006001,1
109,3,14014006001,1
109,4,14014006001,1
109,5,14014006001,1
109,6,14014006001,1
109,7,14014006001,1
109,8,14014006001,1
109,9,14014006001,1
109,10,14014006001,1
109,11,14014006001,1
109,12,14014006001,1
109,13,14014006001,1
109,14,14014006001,1
109,15,14014006001,1
109,16,14014006001,1
109,17,14014006001,1
109,18,14014006001,1
109,19,14014006001,1
109,20,14014006001,1
109,21,14014006001,1
109,22,14014006001,1
109,23,14014006001,1
109,24,14014006001,1
109,25,14014006001,1
109,26,14014006001,1
109,27,14014006001,1
109,28,14014006001,1
109,29,14014006001,1
109,30,14014006001,1
109,31,14014006001,1
109,32,14014006001,1
109,33,14014006001,1
109,34,14014006001,1
109,35,14014006001,1
109,36,14014006001,1
109,37,14014006001,1
109,38,14014006001,1
109,39,14014006001,1
109,40,14014006001,1
110,1,12201103001,1
110,2,12201103001,1
110,3,12201103001,1
110,4,12201103001,1
110,5,12201103001,1
110,6,12201103001,1
110,7,12201103001,1
110,8,12201103001,1
110,9,12201103001,1
110,10,12201103001,1
110,11,12201103001,1
110,12,12201103001,1
110,13,12201103001,1
110,14,12201103001,1
110,15,12201103001,1
110,16,12201103001,1
110,17,12201103001,1
110,18,12201103001,1
110,19,12201103001,1
110,20,12201103001,1
110,21,12201103001,1
110,22,12201103001,1
110,23,12201103001,1
110,24,12201103001,1
110,25,12201103001,1
110,26,12201103001,1
110,27,12201103001,1
110,28,12201103001,1
110,29,12201103001,1
110,30,12201103001,1
110,31,12201103001,1
110,32,12201103001,1
110,33,12201103001,1
110,34,12201103001,1
110,35,12201103001,1
110,36,12201103001,1
110,37,12201103001,1
110,38,12201103001,1
110,39,12201103001,1
110,40,12201103001,1
111,1,14014006001,1
111,2,14014006001,1
111,3,14014006001,1
111,4,14014006001,1
111,5,14014006001,1
111,6,14014006001,1
111,7,14014006001,1
111,8,14014006001,1
111,9,14014006001,1
111,10,14014006001,1
111,11,14014006001,1
111,12,14014006001,1
111,13,14014006001,1
111,14,14014006001,1
111,15,14014006001,1
111,16,14014006001,1
111,17,14014006001,1
111,18,14014006001,1
111,19,14014006001,1
111,20,14014006001,1
111,21,14014006001,1
111,22,14014006001,1
111,23,14014006001,1
111,24,14014006001,1
111,25,14014006001,1
111,26,14014006001,1
111,27,14014006001,1
111,28,14014006001,1
111,29,14014006001,1
111,30,14014006001,1
111,31,14014006001,1
111,32,14014006001,1
111,33,14014006001,1
111,34,14014006001,1
111,35,14014006001,1
111,36,14014006001,1
111,37,14014006001,1
111,38,14014006001,1
111,39,14014006001,1
111,40,14014006001,1
112,1,12201104001,1
112,2,12201104001,1
112,3,12201104001,1
112,4,12201104001,1
112,5,12201104001,1
112,6,12201104001,1
112,7,12201104001,1
112,8,12201104001,1
112,9,12201104001,1
112,10,12201104001,1
112,11,12201104001,1
112,12,12201104001,1
112,13,12201104001,1
112,14,12201104001,1
112,15,12201104001,1
112,16,12201104001,1
112,17,12201104001,1
112,18,12201104001,1
112,19,12201104001,1
112,20,12201104001,1
113,1,10010012001,5
113,2,10010012001,5
113,3,10010012001,5
113,4,10010012001,5
113,5,10010012001,5
113,6,10010012001,5
113,7,10010012001,5
113,8,10010012001,5
113,9,10010012001,5
113,10,10010012001,5
113,11,10010012001,5
113,12,10010012001,5
113,13,10010012001,5
113,14,10010012001,5
113,15,10010012001,5
113,16,10010012001,1
113,17,10016002001,16
113,18,10016002001,16
113,19,10016002001,16
113,20,10034022001,5
113,21,10034022001,5
113,22,10034022001,5
113,23,10034022001,5
113,24,10034022001,4
113,25,11103113001,4
113,26,12011345001,1
113,27,12011489001,1
113,28,12105068001,3
113,29,14022001001,5
113,30,14022001001,2
113,31,14303038001,2
113,32,14612922001,9
113,33,14612922001,9
113,34,14612922001,9
113,35,14612922001,9
113,36,14612922001,9
113,37,14612922001,8
114,1,10020024001,20
114,2,10020024001,20
114,3,10020024001,8
114,4,10031015001,5
114,5,10031015001,5
114,6,10031015001,5
114,7,10031015001,5
114,8,10031015001,4
114,9,11022051001,4
114,10,11022051001,4
114,11,11022051001,4
114,12,11022051001,4
114,13,11022051001,4
114,14,11022051001,4
114,15,11022051001,4
114,16,11022051001,4
114,17,11022051001,4
114,18,11022051001,2
114,19,11103118001,2
114,20,12011131001,3
114,21,12011473001,3
114,22,12105071001,2
114,23,14014006001,1
114,24,14014006001,1
114,25,14014006001,1
114,26,14014006001,1
114,27,14014006001,1
114,28,14014006001,1
114,29,14014006001,1
114,30,14014006001,1
114,31,14014006001,1
114,32,14014006001,1
114,33,14014006001,1
114,34,14014006001,1
114,35,14014006001,1
114,36,14014006001,1
114,37,14014006001,1
114,38,14022027001,11
114,39,14022027001,2
114,40,14303039001,1
115,1,12201104001,1
115,2,12201104001,1
115,3,12201104001,1
115,4,12201104001,1
115,5,12201104001,1
115,6,12201104001,1
115,7,12201104001,1
115,8,12201104001,1
115,9,12201104001,1
115,10,12201104001,1
115,11,12201104001,1
115,12,12201104001,1
115,13,12201104001,1
115,14,12201104001,1
115,15,12201104001,1
115,16,12201104001,1
115,17,12201104001,1
115,18,12201104001,1
115,19,12201104001,1
115,20,12201104001,1
116,1,11022021001,10
116,2,11022021001,10
116,3,11022021001,10
116,4,11022021001,10
116,5,11022021001,10
116,6,11022021001,3
116,7,11103018001,5
116,8,11103018001,4
116,9,11103211001,1
116,10,11103321002,6
116,11,11103321002,3
116,12,12023125001,53
116,13,12105072001,5
116,14,14014018001,3
116,15,14014018001,3
116,16,14014018001,3
116,17,14014018001,3
116,18,14014018001,3
116,19,14014018001,3
116,20,14014018001,3
116,21,14014018001,3
116,22,14014018001,3
116,23,14014018001,1
116,24,14022059001,2
116,25,14022059001,1
116,26,14201013001,4
116,27,14201013001,4
116,28,14201013001,2
116,29,14303040001,2
117,1,10021006001,5
117,2,10021006001,5
117,3,10021006001,5
117,4,10021006001,5
117,5,10021006001,5
117,6,10021006001,5
117,7,10021006001,5
117,8,10021006001,5
117,9,10021006001,5
117,10,10021006001,5
117,11,10021006001,5
117,12,10021006001,5
117,13,10021006001,5
117,14,10021006001,5
117,15,10021006001,5
117,16,10021006001,5
117,17,10021006001,5
117,18,10021006001,5
117,19,10021006001,5
117,20,10021006001,5
117,21,10021006001,5
117,22,10021006001,5
117,23,10021006001,5
117,24,10021006001,5
117,25,10021006001,5
117,26,10021006001,5
117,27,10021006001,5
117,28,10021006001,5
117,29,10021006001,5
117,30,10021006001,5
117,31,10021006001,5
117,32,10021006001,5
117,33,10021006001,5
117,34,10021006001,5
117,35,10021006001,5
117,36,10021006001,5
117,37,10021006001,5
117,38,10021006001,5
117,39,10021006001,5
117,40,10021006001,5
118,1,12201103001,1
118,2,12201103001,1
118,3,12201103001,1
118,4,12201103001,1
118,5,12201103001,1
118,6,12201103001,1
118,7,12201103001,1
118,8,12201103001,1
118,9,12201103001,1
118,10,12201103001,1
118,11,12201103001,1
118,12,12201103001,1
118,13,12201103001,1
118,14,12201103001,1
118,15,12201103001,1
118,16,12201103001,1
118,17,12201103001,1
118,18,12201103001,1
118,19,12201103001,1
118,20,12201103001,1
118,21,12201103001,1
118,22,12201103001,1
118,23,12201103001,1
118,24,12201103001,1
118,25,12201103001,1
118,26,12201103001,1
118,27,12201103001,1
118,28,12201103001,1
118,29,12201103001,1
118,30,12201103001,1
118,31,12201103001,1
118,32,12201103001,1
118,33,12201103001,1
118,34,12201103001,1
118,35,12201103001,1
118,36,12201103001,1
118,37,12201103001,1
118,38,12201103001,1
118,39,12201103001,1
118,40,12201103001,1
119,1,12201103001,1
119,2,12201103001,1
119,3,12201103001,1
119,4,12201103001,1
119,5,12201103001,1
119,6,12201103001,1
119,7,12201103001,1
119,8,12201103001,1
119,9,12201103001,1
119,10,12201103001,1
119,11,12201103001,1
119,12,12201103001,1
119,13,12201103001,1
119,14,12201103001,1
119,15,12201103001,1
119,16,12201103001,1
119,17,12201103001,1
119,18,12201103001,1
119,19,12201103001,1
119,20,12201103001,1
119,21,12201103001,1
119,22,12201103001,1
119,23,12201103001,1
119,24,12201103001,1
119,25,12201103001,1
119,26,12201103001,1
119,27,12201103001,1
119,28,12201103001,1
119,29,12201103001,1
119,30,12201103001,1
119,31,12201103001,1
119,32,12201103001,1
119,33,12201103001,1
119,34,12201103001,1
119,35,12201103001,1
119,36,12201103001,1
119,37,12201103001,1
119,38,12201103001,1
119,39,12201103001,1
119,40,12201103001,1
120,1,12201104001,1
120,2,12201104001,1
120,3,12201104001,1
120,4,12201104001,1
120,5,12201104001,1
120,6,12201104001,1
120,7,12201104001,1
120,8,12201104001,1
120,9,12201104001,1
120,10,12201104001,1
120,11,12201104001,1
120,12,12201104001,1
120,13,12201104001,1
120,14,12201104001,1
120,15,12201104001,1
120,16,12201104001,1
120,17,12201104001,1
120,18,12201104001,1
120,19,12201104001,1
120,20,12201104001,1
121,1,10021006001,5
121,2,10021006001,5
121,3,10021006001,5
121,4,10021006001,5
121,5,10021006001,5
121,6,10021006001,5
121,7,10021006001,5
121,8,10021006001,5
121,9,10021006001,5
121,10,10021006001,5
121,11,10021006001,5
121,12,10021006001,5
121,13,10021006001,5
121,14,10021006001,5
121,15,10021006001,5
121,16,10021006001,5
121,17,10021006001,5
121,18,10021006001,5
121,19,10021006001,5
121,20,10021006001,5
121,21,10021006001,5
121,22,10021006001,5
121,23,10021006001,5
121,24,10021006001,5
121,25,10021006001,5
121,26,10021006001,5
121,27,10021006001,5
121,28,10021006001,5
121,29,10021006001,5
121,30,10021006001,5
121,31,10021006001,5
121,32,10021006001,5
121,33,10021006001,5
121,34,10021006001,5
121,35,10021006001,5
121,36,10021006001,5
121,37,10021006001,5
121,38,10021006001,5
121,39,10021006001,5
121,40,10021006001,5
122,1,12201103001,1
122,2,12201103001,1
122,3,12201103001,1
122,4,12201103001,1
122,5,12201103001,1
122,6,12201103001,1
122,7,12201103001,1
122,8,12201103001,1
122,9,12201103001,1
122,10,12201103001,1
122,11,12201103001,1
122,12,12201103001,1
122,13,12201103001,1
122,14,12201103001,1
122,15,12201103001,1
122,16,12201103001,1
122,17,12201103001,1
122,18,12201103001,1
122,19,12201103001,1
122,20,12201103001,1
122,21,12201103001,1
122,22,12201103001,1
122,23,12201103001,1
122,24,12201103001,1
122,25,12201103001,1
122,26,12201103001,1
122,27,12201103001,1
122,28,12201103001,1
122,29,12201103001,1
122,30,12201103001,1
122,31,12201103001,1
122,32,12201103001,1
122,33,12201103001,1
122,34,12201103001,1
122,35,12201103001,1
122,36,12201103001,1
122,37,12201103001,1
122,38,12201103001,1
122,39,12201103001,1
122,40,12201103001,1
123,1,12201104001,1
123,2,12201104001,1
123,3,12201104001,1
123,4,12201104001,1
123,5,12201104001,1
123,6,12201104001,1
123,7,12201104001,1
123,8,12201104001,1
123,9,12201104001,1
123,10,12201104001,1
123,11,12201104001,1
123,12,12201104001,1
123,13,12201104001,1
123,14,12201104001,1
123,15,12201104001,1
123,16,12201104001,1
123,17,12201104001,1
123,18,12201104001,1
123,19,12201104001,1
123,20,12201104001,1
124,1,12201103001,1
124,2,12201103001,1
124,3,12201103001,1
124,4,12201103001,1
124,5,12201103001,1
124,6,12201103001,1
124,7,12201103001,1
124,8,12201103001,1
124,9,12201103001,1
124,10,12201103001,1
124,11,12201103001,1
124,12,12201103001,1
124,13,12201103001,1
124,14,12201103001,1
124,15,12201103001,1
124,16,12201103001,1
124,17,12201103001,1
124,18,12201103001,1
124,19,12201103001,1
124,20,12201103001,1
124,21,12201103001,1
124,22,12201103001,1
124,23,12201103001,1
124,24,12201103001,1
124,25,12201103001,1
124,26,12201103001,1
124,27,12201103001,1
124,28,12201103001,1
124,29,12201103001,1
124,30,12201103001,1
124,31,12201103001,1
124,32,12201103001,1
124,33,12201103001,1
124,34,12201103001,1
124,35,12201103001,1
124,36,12201103001,1
124,37,12201103001,1
124,38,12201103001,1
124,39,12201103001,1
124,40,12201103001,1
125,1,12201103001,1
125,2,12201103001,1
125,3,12201103001,1
125,4,12201103001,1
125,5,12201103001,1
125,6,12201103001,1
125,7,12201103001,1
125,8,12201103001,1
125,9,12201103001,1
125,10,12201103001,1
125,11,12201103001,1
125,12,12201103001,1
125,13,12201103001,1
125,14,12201103001,1
125,15,12201103001,1
125,16,12201103001,1
125,17,12201103001,1
125,18,12201103001,1
125,19,12201103001,1
125,20,12201103001,1
125,21,12201103001,1
125,22,12201103001,1
125,23,12201103001,1
125,24,12201103001,1
125,25,12201103001,1
125,26,12201103001,1
125,27,12201103001,1
125,28,12201103001,1
125,29,12201103001,1
125,30,12201103001,1
125,31,12201103001,1
125,32,12201103001,1
125,33,12201103001,1
125,34,12201103001,1
125,35,12201103001,1
125,36,12201103001,1
125,37,12201103001,1
125,38,12201103001,1
125,39,12201103001,1
125,40,12201103001,1
126,1,12201103001,1
126,2,12201103001,1
126,3,12201103001,1
126,4,12201103001,1
126,5,12201103001,1
126,6,12201103001,1
126,7,12201103001,1
126,8,12201103001,1
126,9,12201103001,1
126,10,12201103001,1
126,11,12201103001,1
126,12,12201103001,1
126,13,12201103001,1
126,14,12201103001,1
126,15,12201103001,1
126,16,12201103001,1
126,17,12201103001,1
126,18,12201103001,1
126,19,12201103001,1
126,20,12201103001,1
126,21,12201103001,1
126,22,12201103001,1
126,23,12201103001,1
126,24,12201103001,1
126,25,12201103001,1
126,26,12201103001,1
126,27,12201103001,1
126,28,12201103001,1
126,29,12201103001,1
126,30,12201103001,1
126,31,12201103001,1
126,32,12201103001,1
126,33,12201103001,1
126,34,12201103001,1
126,35,12201103001,1
126,36,12201103001,1
126,37,12201103001,1
126,38,12201103001,1
126,39,12201103001,1
126,40,12201103001,1
127,1,12201103001,1
127,2,12201103001,1
127,3,12201103001,1
127,4,12201103001,1
127,5,12201103001,1
127,6,12201103001,1
127,7,12201103001,1
127,8,12201103001,1
127,9,12201103001,1
127,10,12201103001,1
127,11,12201103001,1
127,12,12201103001,1
127,13,12201103001,1
127,14,12201103001,1
127,15,12201103001,1
127,16,12201103001,1
127,17,12201103001,1
127,18,12201103001,1
127,19,12201103001,1
127,20,12201103001,1
127,21,12201103001,1
127,22,12201103001,1
127,23,12201103001,1
127,24,12201103001,1
127,25,12201103001,1
127,26,12201103001,1
127,27,12201103001,1
127,28,12201103001,1
127,29,12201103001,1
127,30,12201103001,1
127,31,12201103001,1
127,32,12201103001,1
127,33,12201103001,1
127,34,12201103001,1
127,35,12201103001,1
127,36,12201103001,1
127,37,12201103001,1
127,38,12201103001,1
127,39,12201103001,1
127,40,12201103001,1
128,1,12201104001,1
128,2,12201104001,1
128,3,12201104001,1
128,4,12201104001,1
128,5,12201104001,1
128,6,12201104001,1
128,7,12201104001,1
128,8,12201104001,1
128,9,12201104001,1
128,10,12201104001,1
128,11,12201104001,1
128,12,12201104001,1
128,13,12201104001,1
128,14,12201104001,1
128,15,12201104001,1
128,16,12201104001,1
128,17,12201104001,1
128,18,12201104001,1
128,19,12201104001,1
128,20,12201104001,1
129,1,12201103001,1
129,2,12201103001,1
129,3,12201103001,1
129,4,12201103001,1
129,5,12201103001,1
129,6,12201103001,1
129,7,12201103001,1
129,8,12201103001,1
129,9,12201103001,1
129,10,12201103001,1
129,11,12201103001,1
129,12,12201103001,1
129,13,12201103001,1
129,14,12201103001,1
129,15,12201103001,1
129,16,12201103001,1
129,17,12201103001,1
129,18,12201103001,1
129,19,12201103001,1
129,20,12201103001,1
129,21,12201103001,1
129,22,12201103001,1
129,23,12201103001,1
129,24,12201103001,1
129,25,12201103001,1
129,26,12201103001,1
129,27,12201103001,1
129,28,12201103001,1
129,29,12201103001,1
129,30,12201103001,1
129,31,12201103001,1
129,32,12201103001,1
129,33,12201103001,1
129,34,12201103001,1
129,35,12201103001,1
129,36,12201103001,1
129,37,12201103001,1
129,38,12201103001,1
129,39,12201103001,1
129,40,12201103001,1
130,1,12201104001,1
130,2,12201104001,1
130,3,12201104001,1
130,4,12201104001,1
130,5,12201104001,1
130,6,12201104001,1
130,7,12201104001,1
130,8,12201104001,1
130,9,12201104001,1
130,10,12201104001,1
130,11,12201104001,1
130,12,12201104001,1
130,13,12201104001,1
130,14,12201104001,1
130,15,12201104001,1
130,16,12201104001,1
130,17,12201104001,1
130,18,12201104001,1
130,19,12201104001,1
130,20,12201104001,1
131,1,10020028001,9
131,2,10020028001,9
131,3,10020028001,6
131,4,10021010001,5
131,5,10021010001,5
131,6,10021010001,5
131,7,10021010001,5
131,8,10021010001,5
131,9,10021010001,5
131,10,10021010001,5
131,11,10021010001,5
131,12,10021010001,5
131,13,10021010001,5
131,14,10021010001,5
131,15,10021010001,5
131,16,10021010001,5
131,17,10021010001,5
131,18,10021010001,5
131,19,10021010001,5
131,20,10035011001,7
131,21,10035011001,7
131,22,10035011001,7
131,23,10035011001,7
131,24,10035011001,4
131,25,11071909001,27
131,26,11071909001,26
131,27,11103156001,6
131,28,12004063001,3
131,29,12012014001,3
131,30,12105070001,2
131,31,14022012001,4
131,32,14022012001,2
131,33,14303058001,2
132,1,12201103001,1
132,2,12201103001,1
132,3,12201103001,1
132,4,12201103001,1
132,5,12201103001,1
132,6,12201103001,1
132,7,12201103001,1
132,8,12201103001,1
132,9,12201103001,1
132,10,12201103001,1
132,11,12201103001,1
132,12,12201103001,1
132,13,12201103001,1
132,14,12201103001,1
132,15,12201103001,1
132,16,12201103001,1
132,17,12201103001,1
132,18,12201103001,1
132,19,12201103001,1
132,20,12201103001,1
132,21,12201103001,1
132,22,12201103001,1
132,23,12201103001,1
132,24,12201103001,1
132,25,12201103001,1
132,26,12201103001,1
132,27,12201103001,1
132,28,12201103001,1
132,29,12201103001,1
132,30,12201103001,1
132,31,12201103001,1
132,32,12201103001,1
132,33,12201103001,1
132,34,12201103001,1
132,35,12201103001,1
132,36,12201103001,1
132,37,12201103001,1
132,38,12201103001,1
132,39,12201103001,1
132,40,12201103001,1
133,1,12201104001,1
133,2,12201104001,1
133,3,12201104001,1
133,4,12201104001,1
133,5,12201104001,1
133,6,12201104001,1
133,7,12201104001,1
133,8,12201104001,1
133,9,12201104001,1
133,10,12201104001,1
133,11,12201104001,1
133,12,12201104001,1
133,13,12201104001,1
133,14,12201104001,1
133,15,12201104001,1
133,16,12201104001,1
133,17,12201104001,1
133,18,12201104001,1
133,19,12201104001,1
133,20,12201104001,1
134,1,12201103001,1
134,2,12201103001,1
134,3,12201103001,1
134,4,12201103001,1
134,5,12201103001,1
134,6,12201103001,1
134,7,12201103001,1
134,8,12201103001,1
134,9,12201103001,1
134,10,12201103001,1
134,11,12201103001,1
134,12,12201103001,1
134,13,12201103001,1
134,14,12201103001,1
134,15,12201103001,1
134,16,12201103001,1
134,17,12201103001,1
134,18,12201103001,1
134,19,12201103001,1
134,20,12201103001,1
134,21,12201103001,1
134,22,12201103001,1
134,23,12201103001,1
134,24,12201103001,1
134,25,12201103001,1
134,26,12201103001,1
134,27,12201103001,1
134,28,12201103001,1
134,29,12201103001,1
134,30,12201103001,1
134,31,12201103001,1
134,32,12201103001,1
134,33,12201103001,1
134,34,12201103001,1
134,35,12201103001,1
134,36,12201103001,1
134,37,12201103001,1
134,38,12201103001,1
134,39,12201103001,1
134,40,12201103001,1
135,1,12201104001,1
135,2,12201104001,1
135,3,12201104001,1
135,4,12201104001,1
135,5,12201104001,1
135,6,12201104001,1
135,7,12201104001,1
135,8,12201104001,1
135,9,12201104001,1
135,10,12201104001,1
135,11,12201104001,1
135,12,12201104001,1
135,13,12201104001,1
135,14,12201104001,1
135,15,12201104001,1
135,16,12201104001,1
135,17,12201104001,1
135,18,12201104001,1
135,19,12201104001,1
135,20,12201104001,1
136,1,12201104001,1
136,2,12201104001,1
136,3,12201104001,1
136,4,12201104001,1
136,5,12201104001,1
136,6,12201104001,1
136,7,12201104001,1
136,8,12201104001,1
136,9,12201104001,1
136,10,12201104001,1
136,11,12201104001,1
136,12,12201104001,1
136,13,12201104001,1
136,14,12201104001,1
136,15,12201104001,1
136,16,12201104001,1
136,17,12201104001,1
136,18,12201104001,1
136,19,12201104001,1
136,20,12201104001,1
137,1,12201104001,1
137,2,12201104001,1
137,3,12201104001,1
137,4,12201104001,1
137,5,12201104001,1
137,6,12201104001,1
137,7,12201104001,1
137,8,12201104001,1
137,9,12201104001,1
137,10,12201104001,1
137,11,12201104001,1
137,12,12201104001,1
137,13,12201104001,1
137,14,12201104001,1
137,15,12201104001,1
137,16,12201104001,1
137,17,12201104001,1
137,18,12201104001,1
137,19,12201104001,1
137,20,12201104001,1
138,1,12201104001,1
138,2,12201104001,1
138,3,12201104001,1
138,4,12201104001,1
138,5,12201104001,1
138,6,12201104001,1
138,7,12201104001,1
138,8,12201104001,1
138,9,12201104001,1
138,10,12201104001,1
138,11,12201104001,1
138,12,12201104001,1
138,13,12201104001,1
138,14,12201104001,1
138,15,12201104001,1
138,16,12201104001,1
138,17,12201104001,1
138,18,12201104001,1
138,19,12201104001,1
138,20,12201104001,1
139,1,14011052001,3
139,2,14011052001,3
139,3,14011052001,3
139,4,14011052001,3
139,5,14011052001,3
139,6,14011052001,3
139,7,14011052001,3
139,8,14011052001,3
139,9,14011052001,3
139,10,14011052001,3
139,11,14011052001,3
139,12,14011052001,3
139,13,14011052001,3
139,14,14011052001,3
139,15,14011052001,3
139,16,14011052001,3
139,17,14011052001,3
139,18,14011052001,3
139,19,14011052001,3
139,20,14011052001,3
139,21,14011052001,3
139,22,14011052001,3
139,23,14011052001,3
139,24,14011052001,3
139,25,14011052001,3
139,26,14011052001,3
139,27,14011052001,3
139,28,14011052001,3
139,29,14011052001,3
139,30,14011052001,3
139,31,14011052001,3
139,32,14011052001,3
139,33,14011052001,3
139,34,14011052001,3
139,35,14011052001,3
139,36,14011052001,3
139,37,14011052001,3
139,38,14011052001,3
139,39,14011052001,3
139,40,14011052001,3
140,1,12201104001,1
140,2,12201104001,1
140,3,12201104001,1
140,4,12201104001,1
140,5,12201104001,1
140,6,12201104001,1
140,7,12201104001,1
140,8,12201104001,1
140,9,12201104001,1
140,10,12201104001,1
140,11,12201104001,1
140,12,12201104001,1
140,13,12201104001,1
140,14,12201104001,1
140,15,12201104001,1
140,16,12201104001,1
140,17,12201104001,1
140,18,12201104001,1
140,19,12201104001,1
140,20,12201104001,1
141,1,12201104001,1
141,2,12201104001,1
141,3,12201104001,1
141,4,12201104001,1
141,5,12201104001,1
141,6,12201104001,1
141,7,12201104001,1
141,8,12201104001,1
141,9,12201104001,1
141,10,12201104001,1
141,11,12201104001,1
141,12,12201104001,1
141,13,12201104001,1
141,14,12201104001,1
141,15,12201104001,1
141,16,12201104001,1
141,17,12201104001,1
141,18,12201104001,1
141,19,12201104001,1
141,20,12201104001,1
142,1,12201103001,1
142,2,12201103001,1
142,3,12201103001,1
142,4,12201103001,1
142,5,12201103001,1
142,6,12201103001,1
142,7,12201103001,1
142,8,12201103001,1
142,9,12201103001,1
142,10,12201103001,1
142,11,12201103001,1
142,12,12201103001,1
142,13,12201103001,1
142,14,12201103001,1
142,15,12201103001,1
142,16,12201103001,1
142,17,12201103001,1
142,18,12201103001,1
142,19,12201103001,1
142,20,12201103001,1
142,21,12201103001,1
142,22,12201103001,1
142,23,12201103001,1
142,24,12201103001,1
142,25,12201103001,1
142,26,12201103001,1
142,27,12201103001,1
142,28,12201103001,1
142,29,12201103001,1
142,30,12201103001,1
142,31,12201103001,1
142,32,12201103001,1
142,33,12201103001,1
142,34,12201103001,1
142,35,12201103001,1
142,36,12201103001,1
142,37,12201103001,1
142,38,12201103001,1
142,39,12201103001,1
142,40,12201103001,1
143,1,12201104001,1
143,2,12201104001,1
143,3,12201104001,1
143,4,12201104001,1
143,5,12201104001,1
143,6,12201104001,1
143,7,12201104001,1
143,8,12201104001,1
143,9,12201104001,1
143,10,12201104001,1
143,11,12201104001,1
143,12,12201104001,1
143,13,12201104001,1
143,14,12201104001,1
143,15,12201104001,1
143,16,12201104001,1
143,17,12201104001,1
143,18,12201104001,1
143,19,12201104001,1
143,20,12201104001,1
144,1,12201104001,1
144,2,12201104001,1
144,3,12201104001,1
144,4,12201104001,1
144,5,12201104001,1
144,6,12201104001,1
144,7,12201104001,1
144,8,12201104001,1
144,9,12201104001,1
144,10,12201104001,1
144,11,12201104001,1
144,12,12201104001,1
144,13,12201104001,1
144,14,12201104001,1
144,15,12201104001,1
144,16,12201104001,1
144,17,12201104001,1
144,18,12201104001,1
144,19,12201104001,1
144,20,12201104001,1
145,1,12201104001,1
145,2,12201104001,1
145,3,12201104001,1
145,4,12201104001,1
145,5,12201104001,1
145,6,12201104001,1
145,7,12201104001,1
145,8,12201104001,1
145,9,12201104001,1
145,10,12201104001,1
145,11,12201104001,1
145,12,12201104001,1
145,13,12201104001,1
145,14,12201104001,1
145,15,12201104001,1
145,16,12201104001,1
145,17,12201104001,1
145,18,12201104001,1
145,19,12201104001,1
145,20,12201104001,1
146,1,12201103001,1
146,2,12201103001,1
146,3,12201103001,1
146,4,12201103001,1
146,5,12201103001,1
146,6,12201103001,1
146,7,12201103001,1
146,8,12201103001,1
146,9,12201103001,1
146,10,12201103001,1
146,11,12201103001,1
146,12,12201103001,1
146,13,12201103001,1
146,14,12201103001,1
146,15,12201103001,1
146,16,12201103001,1
146,17,12201103001,1
146,18,12201103001,1
146,19,12201103001,1
146,20,12201103001,1
146,21,12201103001,1
146,22,12201103001,1
146,23,12201103001,1
146,24,12201103001,1
146,25,12201103001,1
146,26,12201103001,1
146,27,12201103001,1
146,28,12201103001,1
146,29,12201103001,1
146,30,12201103001,1
146,31,12201103001,1
146,32,12201103001,1
146,33,12201103001,1
146,34,12201103001,1
146,35,12201103001,1
146,36,12201103001,1
146,37,12201103001,1
146,38,12201103001,1
146,39,12201103001,1
146,40,12201103001,1
147,1,12201104001,1
147,2,12201104001,1
147,3,12201104001,1
147,4,12201104001,1
147,5,12201104001,1
147,6,12201104001,1
147,7,12201104001,1
147,8,12201104001,1
147,9,12201104001,1
147,10,12201104001,1
147,11,12201104001,1
147,12,12201104001,1
147,13,12201104001,1
147,14,12201104001,1
147,15,12201104001,1
147,16,12201104001,1
147,17,12201104001,1
147,18,12201104001,1
147,19,12201104001,1
147,20,12201104001,1
148,1,12201104001,1
148,2,12201104001,1
148,3,12201104001,1
148,4,12201104001,1
148,5,12201104001,1
148,6,12201104001,1
148,7,12201104001,1
148,8,12201104001,1
148,9,12201104001,1
148,10,12201104001,1
148,11,12201104001,1
148,12,12201104001,1
148,13,12201104001,1
148,14,12201104001,1
148,15,12201104001,1
148,16,12201104001,1
148,17,12201104001,1
148,18,12201104001,1
148,19,12201104001,1
148,20,12201104001,1
149,1,12201103001,1
149,2,12201103001,1
149,3,12201103001,1
149,4,12201103001,1
149,5,12201103001,1
149,6,12201103001,1
149,7,12201103001,1
149,8,12201103001,1
149,9,12201103001,1
149,10,12201103001,1
149,11,12201103001,1
149,12,12201103001,1
149,13,12201103001,1
149,14,12201103001,1
149,15,12201103001,1
149,16,12201103001,1
149,17,12201103001,1
149,18,12201103001,1
149,19,12201103001,1
149,20,12201103001,1
149,21,12201103001,1
149,22,12201103001,1
149,23,12201103001,1
149,24,12201103001,1
149,25,12201103001,1
149,26,12201103001,1
149,27,12201103001,1
149,28,12201103001,1
149,29,12201103001,1
149,30,12201103001,1
149,31,12201103001,1
149,32,12201103001,1
149,33,12201103001,1
149,34,12201103001,1
149,35,12201103001,1
149,36,12201103001,1
149,37,12201103001,1
149,38,12201103001,1
149,39,12201103001,1
149,40,12201103001,1
150,1,12201104001,1
150,2,12201104001,1
150,3,12201104001,1
150,4,12201104001,1
150,5,12201104001,1
150,6,12201104001,1
150,7,12201104001,1
150,8,12201104001,1
150,9,12201104001,1
150,10,12201104001,1
150,11,12201104001,1
150,12,12201104001,1
150,13,12201104001,1
150,14,12201104001,1
150,15,12201104001,1
150,16,12201104001,1
150,17,12201104001,1
150,18,12201104001,1
150,19,12201104001,1
150,20,12201104001,1
151,1,12201103001,1
151,2,12201103001,1
151,3,12201103001,1
151,4,12201103001,1
151,5,12201103001,1
151,6,12201103001,1
151,7,12201103001,1
151,8,12201103001,1
151,9,12201103001,1
151,10,12201103001,1
151,11,12201103001,1
151,12,12201103001,1
151,13,12201103001,1
151,14,12201103001,1
151,15,12201103001,1
151,16,12201103001,1
151,17,12201103001,1
151,18,12201103001,1
151,19,12201103001,1
151,20,12201103001,1
151,21,12201103001,1
151,22,12201103001,1
151,23,12201103001,1
151,24,12201103001,1
151,25,12201103001,1
151,26,12201103001,1
151,27,12201103001,1
151,28,12201103001,1
151,29,12201103001,1
151,30,12201103001,1
151,31,12201103001,1
151,32,12201103001,1
151,33,12201103001,1
151,34,12201103001,1
151,35,12201103001,1
151,36,12201103001,1
151,37,12201103001,1
151,38,12201103001,1
151,39,12201103001,1
151,40,12201103001,1
152,1,12201103001,1
152,2,12201103001,1
152,3,12201103001,1
152,4,12201103001,1
152,5,12201103001,1
152,6,12201103001,1
152,7,12201103001,1
152,8,12201103001,1
152,9,12201103001,1
152,10,12201103001,1
152,11,12201103001,1
152,12,12201103001,1
152,13,12201103001,1
152,14,12201103001,1
152,15,12201103001,1
152,16,12201103001,1
152,17,12201103001,1
152,18,12201103001,1
152,19,12201103001,1
152,20,12201103001,1
152,21,12201103001,1
152,22,12201103001,1
152,23,12201103001,1
152,24,12201103001,1
152,25,12201103001,1
152,26,12201103001,1
152,27,12201103001,1
152,28,12201103001,1
152,29,12201103001,1
152,30,12201103001,1
152,31,12201103001,1
152,32,12201103001,1
152,33,12201103001,1
152,34,12201103001,1
152,35,12201103001,1
152,36,12201103001,1
152,37,12201103001,1
152,38,12201103001,1
152,39,12201103001,1
152,40,12201103001,1
153,1,10021006001,5
153,2,10021006001,5
153,3,10021006001,5
153,4,10021006001,5
153,5,10021006001,5
153,6,10021006001,5
153,7,10021006001,5
153,8,10021006001,5
153,9,10021006001,5
153,10,10021006001,5
153,11,10021006001,5
153,12,10021006001,5
153,13,10021006001,5
153,14,10021006001,5
153,15,10021006001,5
153,16,10021006001,5
153,17,10021006001,5
153,18,10021006001,5
153,19,10021006001,5
153,20,10021006001,5
153,21,10021006001,5
153,22,10021006001,5
153,23,10021006001,5
153,24,10021006001,5
153,25,10021006001,5
153,26,10021006001,5
153,27,10021006001,5
153,28,10021006001,5
153,29,10021006001,5
153,30,10021006001,5
153,31,10021006001,5
153,32,10021006001,5
153,33,10021006001,5
153,34,10021006001,5
153,35,10021006001,5
153,36,10021006001,5
153,37,10021006001,5
153,38,10021006001,5
153,39,10021006001,5
153,40,10021006001,5
154,1,12201103001,1
154,2,12201103001,1
154,3,12201103001,1
154,4,12201103001,1
154,5,12201103001,1
154,6,12201103001,1
154,7,12201103001,1
154,8,12201103001,1
154,9,12201103001,1
154,10,12201103001,1
154,11,12201103001,1
154,12,12201103001,1
154,13,12201103001,1
154,14,12201103001,1
154,15,12201103001,1
154,16,12201103001,1
154,17,12201103001,1
154,18,12201103001,1
154,19,12201103001,1
154,20,12201103001,1
154,21,12201103001,1
154,22,12201103001,1
154,23,12201103001,1
154,24,12201103001,1
154,25,12201103001,1
154,26,12201103001,1
154,27,12201103001,1
154,28,12201103001,1
154,29,12201103001,1
154,30,12201103001,1
154,31,12201103001,1
154,32,12201103001,1
154,33,12201103001,1
154,34,12201103001,1
154,35,12201103001,1
154,36,12201103001,1
154,37,12201103001,1
154,38,12201103001,1
154,39,12201103001,1
154,40,12201103001,1
155,1,14014015001,1
155,2,14014015001,1
155,3,14014015001,1
155,4,14014015001,1
155,5,14014015001,1
155,6,14014015001,1
155,7,14014015001,1
155,8,14014015001,1
155,9,14014015001,1
155,10,14014015001,1
155,11,14014015001,1
155,12,14014015001,1
155,13,14014015001,1
155,14,14014015001,1
155,15,14014015001,1
155,16,14014015001,1
155,17,14014015001,1
155,18,14014015001,1
155,19,14014015001,1
155,20,14014015001,1
155,21,14014015001,1
155,22,14014015001,1
155,23,14014015001,1
155,24,14014015001,1
155,25,14014015001,1
155,26,14014015001,1
155,27,14014015001,1
155,28,14014015001,1
155,29,14014015001,1
155,30,14014015001,1
155,31,14014015001,1
155,32,14014015001,1
155,33,14014015001,1
155,34,14014015001,1
155,35,14014015001,1
155,36,14014015001,1
155,37,14014015001,1
155,38,14014015001,1
155,39,14014015001,1
155,40,14014015001,1
156,1,11030016001,1
156,2,11103191001,1
156,3,12003046001,5
156,4,12011182001,5
156,5,12012169001,2
156,6,12017017001,2
156,7,12105006001,5
156,8,12106007001,2
156,9,12201103001,1
156,10,12201103001,1
156,11,12201103001,1
156,12,12201103001,1
156,13,12201103001,1
156,14,12201103001,1
156,15,12201103001,1
156,16,12201103001,1
156,17,12201103001,1
156,18,12201103001,1
156,19,12201103001,1
156,20,12201103001,1
156,21,12201103001,1
156,22,12201103001,1
156,23,12201103001,1
156,24,12201103001,1
156,25,14001052001,6
156,26,14001052001,6
156,27,14001052001,6
156,28,14001052001,6
156,29,14001052001,6
156,30,14001052001,6
156,31,14001052001,6
156,32,14001052001,6
156,33,14001052001,6
156,34,14001052001,6
156,35,14111055001,1
156,36,14111055001,1
156,37,14111055001,1
156,38,14111055001,1
156,39,14111055001,1
156,40,14303898001,2
157,1,14503003001,4
157,2,14503003001,4
157,3,14503003001,4
157,4,14503003001,4
157,5,14503003001,4
157,6,14503003001,4
157,7,14503003001,4
157,8,14503003001,4
157,9,14503003001,4
157,10,14503003001,4
157,11,14503003001,4
157,12,14503003001,4
157,13,14503003001,4
157,14,14503003001,4
157,15,14503003001,4
157,16,14503003001,4
157,17,14503003001,4
157,18,14503003001,4
157,19,14503003001,4
157,20,14503003001,4
157,21,14503003001,4
157,22,14503003001,4
157,23,14503003001,4
157,24,14503003001,4
157,25,14503003001,4
157,26,14503003001,4
157,27,14503003001,4
157,28,14503003001,4
157,29,14503003001,4
157,30,14503003001,4
157,31,14503003001,4
157,32,14503003001,4
157,33,14503003001,4
157,34,14503003001,4
157,35,14503003001,4
157,36,14503003001,4
157,37,14503003001,4
157,38,14503003001,4
157,39,14503003001,4
157,40,14503003001,4
158,1,10040063001,5
158,2,10040063001,5
158,3,10040063001,5
158,4,10040063001,5
158,5,10040063001,5
158,6,10040063001,5
158,7,10040063001,5
158,8,10040063001,5
158,9,10040063001,5
158,10,10040063001,5
158,11,10040063001,5
158,12,10040063001,5
158,13,10040063001,5
158,14,10040063001,5
158,15,10040063001,5
158,16,10040063001,5
158,17,10040063001,5
158,18,10040063001,5
158,19,10040063001,5
158,20,10040063001,5
158,21,10040063001,5
158,22,10040063001,5
158,23,10040063001,5
158,24,10040063001,5
158,25,10040063001,5
158,26,10040063001,5
158,27,10040063001,5
158,28,10040063001,5
158,29,10040063001,5
158,30,10040063001,5
158,31,10040063001,5
158,32,10040063001,5
158,33,10040063001,5
158,34,10040063001,5
158,35,10040063001,5
158,36,10040063001,5
158,37,10040063001,5
158,38,10040063001,5
158,39,10040063001,5
158,40,10040063001,5
159,1,10020034001,22
159,2,10020034001,22
159,3,10020034001,22
159,4,10032004001,10
159,5,10032004001,10
159,6,10032004001,10
159,7,10032004001,10
159,8,10032004001,8
159,9,11103188001,2
159,10,12016005001,2
159,11,12020926001,2
159,12,12023079001,53
159,13,12106012001,2
159,14,14023034001,5
159,15,14023034001,5
159,16,14102040001,2
159,17,14102040001,2
159,18,14102040001,2
159,19,14102040001,2
159,20,14102040001,2
159,21,14102040001,2
159,22,14102040001,2
159,23,14102040001,2
159,24,14102040001,2
159,25,14102040001,2
159,26,14102040001,2
159,27,14102040001,2
159,28,14102040001,2
159,29,14102040001,2
159,30,14102040001,2
159,31,14102040001,1
159,32,14303899001,5
160,1,14011052001,3
160,2,14011052001,3
160,3,14011052001,3
160,4,14011052001,3
160,5,14011052001,3
160,6,14011052001,3
160,7,14011052001,3
160,8,14011052001,3
160,9,14011052001,3
160,10,14011052001,3
160,11,14011052001,3
160,12,14011052001,3
160,13,14011052001,3
160,14,14011052001,3
160,15,14011052001,3
160,16,14011052001,3
160,17,14011052001,3
160,18,14011052001,3
160,19,14011052001,3
160,20,14011052001,3
160,21,14011052001,3
160,22,14011052001,3
160,23,14011052001,3
160,24,14011052001,3
160,25,14011052001,3
160,26,14011052001,3
160,27,14011052001,3
160,28,14011052001,3
160,29,14011052001,3
160,30,14011052001,3
160,31,14011052001,3
160,32,14011052001,3
160,33,14011052001,3
160,34,14011052001,3
160,35,14011052001,3
160,36,14011052001,3
160,37,14011052001,3
160,38,14011052001,3
160,39,14011052001,3
160,40,14011052001,3
161,1,10020094001,8
161,2,10020094001,8
161,3,10020094001,8
161,4,10035006001,28
161,5,10035006001,28
161,6,10035006001,28
161,7,10035006001,28
161,8,10035006001,2
161,9,11103224001,6
161,10,12016099001,1
161,11,12016106001,1
161,12,12106016002,7
161,13,14023129001,7
161,14,14023129001,4
161,15,14304009001,7
161,16,14502007001,7
161,17,14502007001,7
161,18,14502007001,7
161,19,14502007001,7
161,20,14502007001,7
161,21,14502007001,7
161,22,14502007001,7
161,23,14502007001,7
161,24,14502007001,7
161,25,14502007001,7
161,26,14502007001,7
161,27,14502007001,7
161,28,14502007001,7
161,29,14502007001,7
161,30,14502007001,7
161,31,14502007001,3
161,32,14615031001,7
161,33,14615031001,7
161,34,14615031001,7
161,35,14615031001,7
161,36,14615031001,7
161,37,14615031001,7
161,38,14615031001,7
161,39,14615031001,4
162,1,14011052001,3
162,2,14011052001,3
162,3,14011052001,3
162,4,14011052001,3
162,5,14011052001,3
162,6,14011052001,3
162,7,14011052001,3
162,8,14011052001,3
162,9,14011052001,3
162,10,14011052001,3
162,11,14011052001,3
162,12,14011052001,3
162,13,14011052001,3
162,14,14011052001,3
162,15,14011052001,3
162,16,14011052001,3
162,17,14011052001,3
162,18,14011052001,3
162,19,14011052001,3
162,20,14011052001,3
162,21,14011052001,3
162,22,14011052001,3
162,23,14011052001,3
162,24,14011052001,3
162,25,14011052001,3
162,26,14011052001,3
162,27,14011052001,3
162,28,14011052001,3
162,29,14011052001,3
162,30,14011052001,3
162,31,14011052001,3
162,32,14011052001,3
162,33,14011052001,3
162,34,14011052001,3
162,35,14011052001,3
162,36,14011052001,3
162,37,14011052001,3
162,38,14011052001,3
162,39,14011052001,3
162,40,14011052001,3
163,1,10020046001,22
163,2,10020046001,22
163,3,10020046001,10
163,4,10034041001,5
163,5,10034041001,5
163,6,10034041001,5
163,7,10034041001,5
163,8,10034041001,4
163,9,11103188002,1
163,10,12020189001,14
163,11,12020189001,14
163,12,12020189001,14
163,13,12020189001,11
163,14,12020242001,1
163,15,12020260001,1
163,16,12106014001,1
163,17,14000032001,3
163,18,14000032001,3
163,19,14000032001,3
163,20,14000032001,3
163,21,14000032001,3
163,22,14000032001,3
163,23,14000032001,3
163,24,14000032001,3
163,25,14000032001,3
163,26,14000032001,3
163,27,14000032001,3
163,28,14000032001,3
163,29,14000032001,3
163,30,14000032001,3
163,31,14000032001,3
163,32,14000032001,2
163,33,14023132001,7
163,34,14023132001,6
163,35,14304062001,2
164,1,14014015001,1
164,2,14014015001,1
164,3,14014015001,1
164,4,14014015001,1
164,5,14014015001,1
164,6,14014015001,1
164,7,14014015001,1
164,8,14014015001,1
164,9,14014015001,1
164,10,14014015001,1
164,11,14014015001,1
164,12,14014015001,1
164,13,14014015001,1
164,14,14014015001,1
164,15,14014015001,1
164,16,14014015001,1
164,17,14014015001,1
164,18,14014015001,1
164,19,14014015001,1
164,20,14014015001,1
164,21,14014015001,1
164,22,14014015001,1
164,23,14014015001,1
164,24,14014015001,1
164,25,14014015001,1
164,26,14014015001,1
164,27,14014015001,1
164,28,14014015001,1
164,29,14014015001,1
164,30,14014015001,1
164,31,14014015001,1
164,32,14014015001,1
164,33,14014015001,1
164,34,14014015001,1
164,35,14014015001,1
164,36,14014015001,1
164,37,14014015001,1
164,38,14014015001,1
164,39,14014015001,1
164,40,14014015001,1
165,1,14011052001,3
165,2,14011052001,3
165,3,14011052001,3
165,4,14011052001,3
165,5,14011052001,3
165,6,14011052001,3
165,7,14011052001,3
165,8,14011052001,3
165,9,14011052001,3
165,10,14011052001,3
165,11,14011052001,3
165,12,14011052001,3
165,13,14011052001,3
165,14,14011052001,3
165,15,14011052001,3
165,16,14011052001,3
165,17,14011052001,3
165,18,14011052001,3
165,19,14011052001,3
165,20,14011052001,3
165,21,14011052001,3
165,22,14011052001,3
165,23,14011052001,3
165,24,14011052001,3
165,25,14011052001,3
165,26,14011052001,3
165,27,14011052001,3
165,28,14011052001,3
165,29,14011052001,3
165,30,14011052001,3
165,31,14011052001,3
165,32,14011052001,3
165,33,14011052001,3
165,34,14011052001,3
165,35,14011052001,3
165,36,14011052001,3
165,37,14011052001,3
165,38,14011052001,3
165,39,14011052001,3
165,40,14011052001,3
166,1,10022006001,19
166,2,10022006001,19
166,3,10022006001,10
166,4,10040019001,10
166,5,10040019001,10
166,6,10040019001,10
166,7,10040019001,10
166,8,10040019001,4
166,9,11103233001,2
166,10,12020089001,1
166,11,12020471001,1
166,12,12022008001,53
166,13,12106019001,1
166,14,14023310001,9
166,15,14023310001,2
166,16,14121019001,4
166,17,14121019001,4
166,18,14121019001,4
166,19,14121019001,4
166,20,14121019001,4
166,21,14121019001,4
166,22,14121019001,4
166,23,14121019001,4
166,24,14121019001,4
166,25,14121019001,4
166,26,14121019001,4
166,27,14121019001,4
166,28,14121019001,4
166,29,14121019001,4
166,30,14121019001,4
166,31,14121019001,1
166,32,14304013001,1
167,1,14011052001,3
167,2,14011052001,3
167,3,14011052001,3
167,4,14011052001,3
167,5,14011052001,3
167,6,14011052001,3
167,7,14011052001,3
167,8,14011052001,3
167,9,14011052001,3
167,10,14011052001,3
167,11,14011052001,3
167,12,14011052001,3
167,13,14011052001,3
167,14,14011052001,3
167,15,14011052001,3
167,16,14011052001,3
167,17,14011052001,3
167,18,14011052001,3
167,19,14011052001,3
167,20,14011052001,3
167,21,14011052001,3
167,22,14011052001,3
167,23,14011052001,3
167,24,14011052001,3
167,25,14011052001,3
167,26,14011052001,3
167,27,14011052001,3
167,28,14011052001,3
167,29,14011052001,3
167,30,14011052001,3
167,31,14011052001,3
167,32,14011052001,3
167,33,14011052001,3
167,34,14011052001,3
167,35,14011052001,3
167,36,14011052001,3
167,37,14011052001,3
167,38,14011052001,3
167,39,14011052001,3
167,40,14011052001,3
168,1,14011052001,3
168,2,14011052001,3
168,3,14011052001,3
168,4,14011052001,3
168,5,14011052001,3
168,6,14011052001,3
168,7,14011052001,3
168,8,14011052001,3
168,9,14011052001,3
168,10,14011052001,3
168,11,14011052001,3
168,12,14011052001,3
168,13,14011052001,3
168,14,14011052001,3
168,15,14011052001,3
168,16,14011052001,3
168,17,14011052001,3
168,18,14011052001,3
168,19,14011052001,3
168,20,14011052001,3
168,21,14011052001,3
168,22,14011052001,3
168,23,14011052001,3
168,24,14011052001,3
168,25,14011052001,3
168,26,14011052001,3
168,27,14011052001,3
168,28,14011052001,3
168,29,14011052001,3
168,30,14011052001,3
168,31,14011052001,3
168,32,14011052001,3
168,33,14011052001,3
168,34,14011052001,3
168,35,14011052001,3
168,36,14011052001,3
168,37,14011052001,3
168,38,14011052001,3
168,39,14011052001,3
168,40,14011052001,3
169,1,10021006001,5
169,2,10021006001,5
169,3,10021006001,5
169,4,10021006001,5
169,5,10021006001,5
169,6,10021006001,5
169,7,10021006001,5
169,8,10021006001,5
169,9,10021006001,5
169,10,10021006001,5
169,11,10021006001,5
169,12,10021006001,5
169,13,10021006001,5
169,14,10021006001,5
169,15,10021006001,5
169,16,10021006001,5
169,17,10021006001,5
169,18,10021006001,5
169,19,10021006001,5
169,20,10021006001,5
169,21,10021006001,5
169,22,10021006001,5
169,23,10021006001,5
169,24,10021006001,5
169,25,10021006001,5
169,26,10021006001,5
169,27,10021006001,5
169,28,10021006001,5
169,29,10021006001,5
169,30,10021006001,5
169,31,10021006001,5
169,32,10021006001,5
169,33,10021006001,5
169,34,10021006001,5
169,35,10021006001,5
169,36,10021006001,5
169,37,10021006001,5
169,38,10021006001,5
169,39,10021006001,5
169,40,10021006001,5
170,1,10021006001,5
170,2,10021006001,5
170,3,10021006001,5
170,4,10021006001,5
170,5,10021006001,5
170,6,10021006001,5
170,7,10021006001,5
170,8,10021006001,5
170,9,10021006001,5
170,10,10021006001,5
170,11,10021006001,5
170,12,10021006001,5
170,13,10021006001,5
170,14,10021006001,5
170,15,10021006001,5
170,16,10021006001,5
170,17,10021006001,5
170,18,10021006001,5
170,19,10021006001,5
170,20,10021006001,5
170,21,10021006001,5
170,22,10021006001,5
170,23,10021006001,5
170,24,10021006001,5
170,25,10021006001,5
170,26,10021006001,5
170,27,10021006001,5
170,28,10021006001,5
170,29,10021006001,5
170,30,10021006001,5
170,31,10021006001,5
170,32,10021006001,5
170,33,10021006001,5
170,34,10021006001,5
170,35,10021006001,5
170,36,10021006001,5
170,37,10021006001,5
170,38,10021006001,5
170,39,10021006001,5
170,40,10021006001,5
171,1,10022012001,16
171,2,10022012001,16
171,3,10022012001,16
171,4,10100132001,11
171,5,10100132001,11
171,6,10100132001,11
171,7,10100132001,11
171,8,10100132001,4
171,9,11103289001,6
171,10,12020078001,1
171,11,12022027001,1
171,12,12023195001,15
171,13,12023195001,15
171,14,12023195001,15
171,15,12023195001,8
171,16,12106026001,4
171,17,14101007001,10
171,18,14101007001,9
171,19,14304047001,3
171,20,14509001001,3
171,21,14509001001,3
171,22,14509001001,3
171,23,14509001001,3
171,24,14509001001,3
171,25,14509001001,3
171,26,14509001001,3
171,27,14509001001,3
171,28,14509001001,3
171,29,14509001001,3
171,30,14509001001,3
171,31,14509001001,3
171,32,14509001001,3
171,33,14509001001,3
171,34,14509001001,3
171,35,14509001001,2
172,1,14011052001,3
172,2,14011052001,3
172,3,14011052001,3
172,4,14011052001,3
172,5,14011052001,3
172,6,14011052001,3
172,7,14011052001,3
172,8,14011052001,3
172,9,14011052001,3
172,10,14011052001,3
172,11,14011052001,3
172,12,14011052001,3
172,13,14011052001,3
172,14,14011052001,3
172,15,14011052001,3
172,16,14011052001,3
172,17,14011052001,3
172,18,14011052001,3
172,19,14011052001,3
172,20,14011052001,3
172,21,14011052001,3
172,22,14011052001,3
172,23,14011052001,3
172,24,14011052001,3
172,25,14011052001,3
172,26,14011052001,3
172,27,14011052001,3
172,28,14011052001,3
172,29,14011052001,3
172,30,14011052001,3
172,31,14011052001,3
172,32,14011052001,3
172,33,14011052001,3
172,34,14011052001,3
172,35,14011052001,3
172,36,14011052001,3
172,37,14011052001,3
172,38,14011052001,3
172,39,14011052001,3
172,40,14011052001,3
173,1,10014020001,17
173,2,10014020001,17
173,3,10014020001,17
173,4,10014020001,17
173,5,10014020001,17
173,6,10014020001,17
173,7,10014020001,17
173,8,10014020001,17
173,9,10014020001,2
173,10,11051030001,3
173,11,11051030001,1
173,12,11103052001,2
173,13,11103052001,2
173,14,11103244001,2
173,15,12106029001,2
173,16,14011052001,3
173,17,14011052001,3
173,18,14011052001,3
173,19,14011052001,3
173,20,14011052001,3
173,21,14011052001,3
173,22,14011052001,3
173,23,14011052001,3
173,24,14011052001,3
173,25,14011052001,3
173,26,14011052001,3
173,27,14011052001,3
173,28,14011052001,3
173,29,14011052001,3
173,30,14011052001,3
173,31,14011052001,3
173,32,14011052001,3
173,33,14011052001,3
173,34,14011052001,2
173,35,14104090001,6
173,36,14104090001,5
173,37,14201021001,4
173,38,14201021001,4
173,39,14201021001,4
173,40,14304135001,1
174,1,10021006001,5
174,2,10021006001,5
174,3,10021006001,5
174,4,10021006001,5
174,5,10021006001,5
174,6,10021006001,5
174,7,10021006001,5
174,8,10021006001,5
174,9,10021006001,5
174,10,10021006001,5
174,11,10021006001,5
174,12,10021006001,5
174,13,10021006001,5
174,14,10021006001,5
174,15,10021006001,5
174,16,10021006001,5
174,17,10021006001,5
174,18,10021006001,5
174,19,10021006001,5
174,20,10021006001,5
174,21,10021006001,5
174,22,10021006001,5
174,23,10021006001,5
174,24,10021006001,5
174,25,10021006001,5
174,26,10021006001,5
174,27,10021006001,5
174,28,10021006001,5
174,29,10021006001,5
174,30,10021006001,5
174,31,10021006001,5
174,32,10021006001,5
174,33,10021006001,5
174,34,10021006001,5
174,35,10021006001,5
174,36,10021006001,5
174,37,10021006001,5
174,38,10021006001,5
174,39,10021006001,5
174,40,10021006001,5
175,1,10021018001,12
175,2,10021018001,12
175,3,10021018001,12
175,4,10031017001,20
175,5,10031017001,20
175,6,10031017001,20
175,7,10031017001,20
175,8,10031017001,20
175,9,10031017001,20
175,10,10031017001,20
175,11,10031017001,20
175,12,10031017001,20
175,13,10031017001,20
175,14,10031017001,20
175,15,10031017001,20
175,16,10031017001,20
175,17,10031017001,20
175,18,10031017001,20
175,19,10031017001,12
175,20,11061071001,3
175,21,11061071001,3
175,22,11061071001,3
175,23,11061071001,3
175,24,11061071001,3
175,25,11103283001,2
175,26,12020165001,4
175,27,12020271001,4
175,28,12102100001,53
175,29,12106027001,10
175,30,14100007001,7
175,31,14100007001,4
175,32,14304064001,1
176,1,10021006001,5
176,2,10021006001,5
176,3,10021006001,5
176,4,10021006001,5
176,5,10021006001,5
176,6,10021006001,5
176,7,10021006001,5
176,8,10021006001,5
176,9,10021006001,5
176,10,10021006001,5
176,11,10021006001,5
176,12,10021006001,5
176,13,10021006001,5
176,14,10021006001,5
176,15,10021006001,5
176,16,10021006001,5
176,17,10021006001,5
176,18,10021006001,5
176,19,10021006001,5
176,20,10021006001,5
176,21,10021006001,5
176,22,10021006001,5
176,23,10021006001,5
176,24,10021006001,5
176,25,10021006001,5
176,26,10021006001,5
176,27,10021006001,5
176,28,10021006001,5
176,29,10021006001,5
176,30,10021006001,5
176,31,10021006001,5
176,32,10021006001,5
176,33,10021006001,5
176,34,10021006001,5
176,35,10021006001,5
176,36,10021006001,5
176,37,10021006001,5
176,38,10021006001,5
176,39,10021006001,5
176,40,10021006001,5
177,1,10014027001,18
177,2,10014027001,6
177,3,10014073001,10
177,4,10014073001,10
177,5,10014073001,4
177,6,10021006001,5
177,7,10021006001,5
177,8,10021006001,2
177,9,10040037001,10
177,10,10040037001,10
177,11,10040037001,10
177,12,11103354001,6
177,13,12020166001,4
177,14,12020383001,4
177,15,12106031001,1
177,16,14105129001,10
177,17,14105129001,7
177,18,14304230001,1
177,19,14521157001,6
177,20,14521157001,6
177,21,14521157001,6
177,22,14521157001,6
177,23,14521157001,6
177,24,14521157001,6
177,25,14521157001,6
177,26,14521157001,6
177,27,14521157001,6
177,28,14521157001,6
177,29,14521157001,6
177,30,14521157001,6
177,31,14521157001,6
177,32,14521157001,6
177,33,14521157001,6
177,34,14521157001,6
177,35,14521157001,6
177,36,14521157001,6
177,37,14521157001,6
177,38,14521157001,6
177,39,14521157001,6
178,1,14503003001,4
178,2,14503003001,4
178,3,14503003001,4
178,4,14503003001,4
178,5,14503003001,4
178,6,14503003001,4
178,7,14503003001,4
178,8,14503003001,4
178,9,14503003001,4
178,10,14503003001,4
178,11,14503003001,4
178,12,14503003001,4
178,13,14503003001,4
178,14,14503003001,4
178,15,14503003001,4
178,16,14503003001,4
178,17,14503003001,4
178,18,14503003001,4
178,19,14503003001,4
178,20,14503003001,4
178,21,14503003001,4
178,22,14503003001,4
178,23,14503003001,4
178,24,14503003001,4
178,25,14503003001,4
178,26,14503003001,4
178,27,14503003001,4
178,28,14503003001,4
178,29,14503003001,4
178,30,14503003001,4
178,31,14503003001,4
178,32,14503003001,4
178,33,14503003001,4
178,34,14503003001,4
178,35,14503003001,4
178,36,14503003001,4
178,37,14503003001,4
178,38,14503003001,4
178,39,14503003001,4
178,40,14503003001,4
179,1,14503003001,4
179,2,14503003001,4
179,3,14503003001,4
179,4,14503003001,4
179,5,14503003001,4
179,6,14503003001,4
179,7,14503003001,4
179,8,14503003001,4
179,9,14503003001,4
179,10,14503003001,4
179,11,14503003001,4
179,12,14503003001,4
179,13,14503003001,4
179,14,14503003001,4
179,15,14503003001,4
179,16,14503003001,4
179,17,14503003001,4
179,18,14503003001,4
179,19,14503003001,4
179,20,14503003001,4
179,21,14503003001,4
179,22,14503003001,4
179,23,14503003001,4
179,24,14503003001,4
179,25,14503003001,4
179,26,14503003001,4
179,27,14503003001,4
179,28,14503003001,4
179,29,14503003001,4
179,30,14503003001,4
179,31,14503003001,4
179,32,14503003001,4
179,33,14503003001,4
179,34,14503003001,4
179,35,14503003001,4
179,36,14503003001,4
179,37,14503003001,4
179,38,14503003001,4
179,39,14503003001,4
179,40,14503003001,4
180,1,10023051001,2
180,2,10023051001,2
180,3,10023051001,1
180,4,11070015001,5
180,5,11070015001,5
180,6,11070015001,5
180,7,11070015001,5
180,8,11070015001,4
180,9,11072902001,5
180,10,11072902001,5
180,11,11072902001,5
180,12,11072902001,5
180,13,11072902001,5
180,14,11072902001,5
180,15,11072902001,5
180,16,11072902001,5
180,17,11072902001,5
180,18,11103323001,1
180,19,12005003005,6
180,20,12020326001,6
180,21,12106035001,1
180,22,14104200001,6
180,23,14104200001,2
180,24,14310015001,3
180,25,14620042001,7
180,26,14620042001,7
180,27,14620042001,7
180,28,14620042001,7
180,29,14620042001,7
180,30,14620042001,7
180,31,14620042001,7
180,32,14620042001,7
180,33,14620042001,7
180,34,14620042001,7
180,35,14620042001,7
180,36,14620042001,7
180,37,14620042001,7
180,38,14620042001,7
180,39,14620042001,7
180,40,14620042001,5
181,1,14014015001,1
181,2,14014015001,1
181,3,14014015001,1
181,4,14014015001,1
181,5,14014015001,1
181,6,14014015001,1
181,7,14014015001,1
181,8,14014015001,1
181,9,14014015001,1
181,10,14014015001,1
181,11,14014015001,1
181,12,14014015001,1
181,13,14014015001,1
181,14,14014015001,1
181,15,14014015001,1
181,16,14014015001,1
181,17,14014015001,1
181,18,14014015001,1
181,19,14014015001,1
181,20,14014015001,1
181,21,14014015001,1
181,22,14014015001,1
181,23,14014015001,1
181,24,14014015001,1
181,25,14014015001,1
181,26,14014015001,1
181,27,14014015001,1
181,28,14014015001,1
181,29,14014015001,1
181,30,14014015001,1
181,31,14014015001,1
181,32,14014015001,1
181,33,14014015001,1
181,34,14014015001,1
181,35,14014015001,1
181,36,14014015001,1
181,37,14014015001,1
181,38,14014015001,1
181,39,14014015001,1
181,40,14014015001,1
182,1,10040017001,7
182,2,10040017001,7
182,3,10040017001,1
182,4,10040038001,8
182,5,10040038001,8
182,6,10040038001,8
182,7,10040038001,8
182,8,10040038001,8
182,9,11102013001,11
182,10,11102013001,11
182,11,11102013001,11
182,12,11102013001,11
182,13,11102013001,9
182,14,11104005001,3
182,15,12022096001,11
182,16,12106036002,11
182,17,12106039001,1
182,18,14002002001,3
182,19,14002002001,3
182,20,14002002001,3
182,21,14002002001,3
182,22,14002002001,3
182,23,14002002001,3
182,24,14002002001,3
182,25,14002002001,3
182,26,14002002001,3
182,27,14002002001,3
182,28,14002002001,3
182,29,14002002001,3
182,30,14002002001,3
182,31,14002002001,3
182,32,14002002001,3
182,33,14002002001,1
182,34,14105130001,10
182,35,14105130001,6
182,36,14310016001,7
183,1,14503003001,4
183,2,14503003001,4
183,3,14503003001,4
183,4,14503003001,4
183,5,14503003001,4
183,6,14503003001,4
183,7,14503003001,4
183,8,14503003001,4
183,9,14503003001,4
183,10,14503003001,4
183,11,14503003001,4
183,12,14503003001,4
183,13,14503003001,4
183,14,14503003001,4
183,15,14503003001,4
183,16,14503003001,4
183,17,14503003001,4
183,18,14503003001,4
183,19,14503003001,4
183,20,14503003001,4
183,21,14503003001,4
183,22,14503003001,4
183,23,14503003001,4
183,24,14503003001,4
183,25,14503003001,4
183,26,14503003001,4
183,27,14503003001,4
183,28,14503003001,4
183,29,14503003001,4
183,30,14503003001,4
183,31,14503003001,4
183,32,14503003001,4
183,33,14503003001,4
183,34,14503003001,4
183,35,14503003001,4
183,36,14503003001,4
183,37,14503003001,4
183,38,14503003001,4
183,39,14503003001,4
183,40,14503003001,4
184,1,14014015001,1
184,2,14014015001,1
184,3,14014015001,1
184,4,14014015001,1
184,5,14014015001,1
184,6,14014015001,1
184,7,14014015001,1
184,8,14014015001,1
184,9,14014015001,1
184,10,14014015001,1
184,11,14014015001,1
184,12,14014015001,1
184,13,14014015001,1
184,14,14014015001,1
184,15,14014015001,1
184,16,14014015001,1
184,17,14014015001,1
184,18,14014015001,1
184,19,14014015001,1
184,20,14014015001,1
184,21,14014015001,1
184,22,14014015001,1
184,23,14014015001,1
184,24,14014015001,1
184,25,14014015001,1
184,26,14014015001,1
184,27,14014015001,1
184,28,14014015001,1
184,29,14014015001,1
184,30,14014015001,1
184,31,14014015001,1
184,32,14014015001,1
184,33,14014015001,1
184,34,14014015001,1
184,35,14014015001,1
184,36,14014015001,1
184,37,14014015001,1
184,38,14014015001,1
184,39,14014015001,1
184,40,14014015001,1
185,1,11031011001,3
185,2,11103346001,5
185,3,12020282001,1
185,4,12020283001,1
185,5,12106086001,2
185,6,14014015001,1
185,7,14014015001,1
185,8,14014015001,1
185,9,14014015001,1
185,10,14014015001,1
185,11,14014015001,1
185,12,14014015001,1
185,13,14014015001,1
185,14,14014015001,1
185,15,14014015001,1
185,16,14014015001,1
185,17,14014015001,1
185,18,14014015001,1
185,19,14014015001,1
185,20,14014015001,1
185,21,14014015001,1
185,22,14014015001,1
185,23,14014015001,1
185,24,14014015001,1
185,25,14014015001,1
185,26,14014015001,1
185,27,14014015001,1
185,28,14014015001,1
185,29,14014015001,1
185,30,14014015001,1
185,31,14014015001,1
185,32,14014015001,1
185,33,14014015001,1
185,34,14014015001,1
185,35,14014015001,1
185,36,14014015001,1
185,37,14014015001,1
185,38,14014015001,1
185,39,14014015001,1
185,40,14310028001,2
186,1,11103022001,4
186,2,11103022001,4
186,3,11103022001,4
186,4,11103022001,4
186,5,11103022001,4
186,6,11103022001,4
186,7,11103022001,4
186,8,11103022001,4
186,9,11103022001,4
186,10,11103022001,4
186,11,11103022001,4
186,12,11103022001,4
186,13,11103022001,4
186,14,11103086002,5
186,15,11103086002,5
186,16,11103086002,5
186,17,11103086002,5
186,18,11103086002,5
186,19,11103086002,5
186,20,11103086002,5
186,21,11103086002,5
186,22,11103086002,5
186,23,11103086002,5
186,24,11103086002,5
186,25,11103086002,5
186,26,11103086002,5
186,27,11112005001,6
186,28,11112005001,6
186,29,11112005001,6
186,30,11112005001,6
186,31,11112005001,6
186,32,11112005001,6
186,33,11112005001,6
186,34,11112005001,6
186,35,11112005001,6
186,36,11112005001,6
186,37,11112005001,6
186,38,11112005001,6
186,39,11112005001,6
186,40,14503003001,3
187,1,10040063001,5
187,2,10040063001,5
187,3,10040063001,5
187,4,10040063001,5
187,5,10040063001,5
187,6,10040063001,5
187,7,10040063001,5
187,8,10040063001,5
187,9,10040063001,5
187,10,10040063001,5
187,11,10040063001,5
187,12,10040063001,5
187,13,10040063001,5
187,14,10040063001,5
187,15,10040063001,5
187,16,10040063001,5
187,17,10040063001,5
187,18,10040063001,5
187,19,10040063001,5
187,20,10040063001,5
187,21,10040063001,5
187,22,10040063001,5
187,23,10040063001,5
187,24,10040063001,5
187,25,10040063001,5
187,26,10040063001,5
187,27,10040063001,5
187,28,10040063001,5
187,29,10040063001,5
187,30,10040063001,5
187,31,10040063001,5
187,32,10040063001,5
187,33,10040063001,5
187,34,10040063001,5
187,35,10040063001,5
187,36,10040063001,5
187,37,10040063001,5
187,38,10040063001,5
187,39,10040063001,5
187,40,10040063001,5
188,1,10000002001,7
188,2,10000002001,7
188,3,10000002001,7
188,4,10000002001,7
188,5,10000002001,7
188,6,10000002001,7
188,7,10000002001,7
188,8,10000002001,7
188,9,10000002001,7
188,10,10000002001,7
188,11,10000002001,7
188,12,10000002001,7
188,13,10000002001,7
188,14,10000002001,7
188,15,10000002001,7
188,16,10000002001,7
188,17,10000002001,7
188,18,10000002001,7
188,19,10000002001,7
188,20,10000002001,7
188,21,10000002001,7
188,22,10000002001,7
188,23,10000002001,7
188,24,10000002001,7
188,25,10000002001,7
188,26,10000002001,7
188,27,10000002001,7
188,28,10000002001,7
188,29,10000002001,7
188,30,10000002001,7
188,31,10000002001,7
188,32,10000002001,7
188,33,10000002001,7
188,34,10000002001,7
188,35,10000002001,7
188,36,10000002001,7
188,37,10000002001,7
188,38,10000002001,7
188,39,10000002001,7
188,40,10000002001,7
189,1,11031040001,1
189,2,11103884003,1
189,3,12023022001,41
189,4,12023022001,12
189,5,12034171001,53
189,6,12106055001,2
189,7,14310071001,6
189,8,14312012001,23
189,9,14312012001,23
189,10,14312012001,7
189,11,14613017001,9
189,12,14613017001,9
189,13,14613017001,9
189,14,14613017001,9
189,15,14613017001,9
189,16,14613017001,8
190,1,10040003001,6
190,2,10040003001,6
190,3,10040003001,6
190,4,10040003001,6
190,5,10040003001,6
190,6,10040003001,6
190,7,10040003001,6
190,8,10040003001,6
190,9,10040003001,6
190,10,10040003001,6
190,11,10040003001,6
190,12,10040003001,6
190,13,10040003001,6
190,14,10040003001,6
190,15,10040003001,6
190,16,10040003001,6
190,17,10040003001,6
190,18,10040003001,6
190,19,10040003001,6
190,20,10040003001,6
190,21,10040003001,6
190,22,10040003001,6
190,23,10040003001,6
190,24,10040003001,6
190,25,10040003001,6
190,26,10040003001,6
190,27,10040003001,6
190,28,10040003001,6
190,29,10040003001,6
190,30,10040003001,6
190,31,10040003001,6
190,32,10040003001,6
190,33,10040003001,6
190,34,10040003001,6
190,35,10040003001,6
190,36,10040003001,6
190,37,10040003001,6
190,38,10040003001,6
190,39,10040003001,6
190,40,10040003001,6
191,1,10000002001,7
191,2,10000002001,7
191,3,10000002001,7
191,4,10000002001,7
191,5,10000002001,7
191,6,10000002001,7
191,7,10000002001,7
191,8,10000002001,7
191,9,10000002001,7
191,10,10000002001,7
191,11,10000002001,7
191,12,10000002001,7
191,13,10000002001,7
191,14,10000002001,7
191,15,10000002001,7
191,16,10000002001,7
191,17,10000002001,7
191,18,10000002001,7
191,19,10000002001,7
191,20,10000002001,7
191,21,10000002001,7
191,22,10000002001,7
191,23,10000002001,7
191,24,10000002001,7
191,25,10000002001,7
191,26,10000002001,7
191,27,10000002001,7
191,28,10000002001,7
191,29,10000002001,7
191,30,10000002001,7
191,31,10000002001,7
191,32,10000002001,7
191,33,10000002001,7
191,34,10000002001,7
191,35,10000002001,7
191,36,10000002001,7
191,37,10000002001,7
191,38,10000002001,7
191,39,10000002001,7
191,40,10000002001,7
192,1,10035021001,5
192,2,10035021001,5
192,3,10035021001,5
192,4,10035021001,5
192,5,10035021001,5
192,6,10035021001,5
192,7,10035021001,5
192,8,10035021001,5
192,9,10035021001,5
192,10,10035021001,5
192,11,10035021001,5
192,12,10035021001,5
192,13,10035021001,5
192,14,10035021001,5
192,15,10035021001,5
192,16,10035021001,5
192,17,10035021001,5
192,18,10035021001,5
192,19,10035021001,5
192,20,10035021001,5
192,21,10035021001,5
192,22,10035021001,5
192,23,10035021001,5
192,24,10035021001,5
192,25,10035021001,5
192,26,10035021001,5
192,27,10035021001,5
192,28,10035021001,5
192,29,10035021001,5
192,30,10035021001,5
192,31,10035021001,5
192,32,10035021001,5
192,33,10035021001,5
192,34,10035021001,5
192,35,10035021001,5
192,36,10035021001,5
192,37,10035021001,5
192,38,10035021001,5
192,39,10035021001,5
192,40,10035021001,5
193,1,10040063001,5
193,2,10040063001,5
193,3,10040063001,5
193,4,10040063001,5
193,5,10040063001,5
193,6,10040063001,5
193,7,10040063001,5
193,8,10040063001,5
193,9,10040063001,5
193,10,10040063001,5
193,11,10040063001,5
193,12,10040063001,5
193,13,10040063001,5
193,14,10040063001,5
193,15,10040063001,5
193,16,10040063001,5
193,17,10040063001,5
193,18,10040063001,5
193,19,10040063001,5
193,20,10040063001,5
193,21,10040063001,5
193,22,10040063001,5
193,23,10040063001,5
193,24,10040063001,5
193,25,10040063001,5
193,26,10040063001,5
193,27,10040063001,5
193,28,10040063001,5
193,29,10040063001,5
193,30,10040063001,5
193,31,10040063001,5
193,32,10040063001,5
193,33,10040063001,5
193,34,10040063001,5
193,35,10040063001,5
193,36,10040063001,5
193,37,10040063001,5
193,38,10040063001,5
193,39,10040063001,5
193,40,10040063001,5
194,1,10022016001,18
194,2,10022016001,18
194,3,10022016001,12
194,4,10040035001,6
194,5,10040035001,6
194,6,10040035001,6
194,7,10040035001,6
194,8,10040035001,6
194,9,11103370001,3
194,10,12010056001,7
194,11,12010056001,7
194,12,12010056001,7
194,13,12010056001,7
194,14,12010056001,7
194,15,12010056001,7
194,16,12010056001,7
194,17,12010056001,4
194,18,12022184001,1
194,19,12023263001,1
194,20,12106056001,2
194,21,14110003001,5
194,22,14110003001,4
194,23,14310111001,7
194,24,14504015001,10
194,25,14504015001,10
194,26,14504015001,10
194,27,14504015001,10
194,28,14504015001,10
194,29,14504015001,10
194,30,14504015001,10
194,31,14504015001,10
194,32,14504015001,10
194,33,14504015001,10
194,34,14504015001,10
194,35,14504015001,10
194,36,14504015001,10
194,37,14504015001,10
194,38,14504015001,10
194,39,14504015001,5
195,1,10035021001,5
195,2,10035021001,5
195,3,10035021001,5
195,4,10035021001,5
195,5,10035021001,5
195,6,10035021001,5
195,7,10035021001,5
195,8,10035021001,5
195,9,10035021001,5
195,10,10035021001,5
195,11,10035021001,5
195,12,10035021001,5
195,13,10035021001,5
195,14,10035021001,5
195,15,10035021001,5
195,16,10035021001,5
195,17,10035021001,5
195,18,10035021001,5
195,19,10035021001,5
195,20,10035021001,5
195,21,10035021001,5
195,22,10035021001,5
195,23,10035021001,5
195,24,10035021001,5
195,25,10035021001,5
195,26,10035021001,5
195,27,10035021001,5
195,28,10035021001,5
195,29,10035021001,5
195,30,10035021001,5
195,31,10035021001,5
195,32,10035021001,5
195,33,10035021001,5
195,34,10035021001,5
195,35,10035021001,5
195,36,10035021001,5
195,37,10035021001,5
195,38,10035021001,5
195,39,10035021001,5
195,40,10035021001,5
196,1,10035021001,5
196,2,10035021001,5
196,3,10035021001,5
196,4,10035021001,5
196,5,10035021001,5
196,6,10035021001,5
196,7,10035021001,5
196,8,10035021001,5
196,9,10035021001,5
196,10,10035021001,5
196,11,10035021001,5
196,12,10035021001,5
196,13,10035021001,5
196,14,10035021001,5
196,15,10035021001,5
196,16,10035021001,5
196,17,10035021001,5
196,18,10035021001,5
196,19,10035021001,5
196,20,10035021001,5
196,21,10035021001,5
196,22,10035021001,5
196,23,10035021001,5
196,24,10035021001,5
196,25,10035021001,5
196,26,10035021001,5
196,27,10035021001,5
196,28,10035021001,5
196,29,10035021001,5
196,30,10035021001,5
196,31,10035021001,5
196,32,10035021001,5
196,33,10035021001,5
196,34,10035021001,5
196,35,10035021001,5
196,36,10035021001,5
196,37,10035021001,5
196,38,10035021001,5
196,39,10035021001,5
196,40,10035021001,5
197,1,10040063001,5
197,2,10040063001,5
197,3,10040063001,5
197,4,10040063001,5
197,5,10040063001,5
197,6,10040063001,5
197,7,10040063001,5
197,8,10040063001,5
197,9,10040063001,5
197,10,10040063001,5
197,11,10040063001,5
197,12,10040063001,5
197,13,10040063001,5
197,14,10040063001,5
197,15,10040063001,5
197,16,10040063001,5
197,17,10040063001,5
197,18,10040063001,5
197,19,10040063001,5
197,20,10040063001,5
197,21,10040063001,5
197,22,10040063001,5
197,23,10040063001,5
197,24,10040063001,5
197,25,10040063001,5
197,26,10040063001,5
197,27,10040063001,5
197,28,10040063001,5
197,29,10040063001,5
197,30,10040063001,5
197,31,10040063001,5
197,32,10040063001,5
197,33,10040063001,5
197,34,10040063001,5
197,35,10040063001,5
197,36,10040063001,5
197,37,10040063001,5
197,38,10040063001,5
197,39,10040063001,5
197,40,10040063001,5
198,1,10040079001,10
198,2,10040079001,10
198,3,10040079001,2
198,4,11072001001,6
198,5,11072001001,6
198,6,11072001001,6
198,7,11072001001,6
198,8,11072001001,6
198,9,11103365001,2
198,10,12000309001,1
198,11,12023463001,1
198,12,12106063001,3
198,13,12150004001,16
198,14,12150004001,16
198,15,12150004001,16
198,16,12150004001,5
198,17,14110010001,6
198,18,14110010001,4
198,19,14311036001,1
198,20,14505099001,6
198,21,14505099001,6
198,22,14505099001,6
198,23,14505099001,6
198,24,14505099001,6
198,25,14505099001,6
198,26,14505099001,6
198,27,14505099001,6
198,28,14505099001,6
198,29,14505099001,6
198,30,14505099001,6
198,31,14505099001,6
198,32,14505099001,6
198,33,14505099001,6
198,34,14505099001,6
198,35,14505099001,6
199,1,10040063001,5
199,2,10040063001,5
199,3,10040063001,5
199,4,10040063001,5
199,5,10040063001,5
199,6,10040063001,5
199,7,10040063001,5
199,8,10040063001,5
199,9,10040063001,5
199,10,10040063001,5
199,11,10040063001,5
199,12,10040063001,5
199,13,10040063001,5
199,14,10040063001,5
199,15,10040063001,5
199,16,10040063001,5
199,17,10040063001,5
199,18,10040063001,5
199,19,10040063001,5
199,20,10040063001,5
199,21,10040063001,5
199,22,10040063001,5
199,23,10040063001,5
199,24,10040063001,5
199,25,10040063001,5
199,26,10040063001,5
199,27,10040063001,5
199,28,10040063001,5
199,29,10040063001,5
199,30,10040063001,5
199,31,10040063001,5
199,32,10040063001,5
199,33,10040063001,5
199,34,10040063001,5
199,35,10040063001,5
199,36,10040063001,5
199,37,10040063001,5
199,38,10040063001,5
199,39,10040063001,5
199,40,10040063001,5
200,1,10035021001,5
200,2,10035021001,5
200,3,10035021001,5
200,4,10035021001,5
200,5,10035021001,5
200,6,10035021001,5
200,7,10035021001,5
200,8,10035021001,5
200,9,10035021001,5
200,10,10035021001,5
200,11,10035021001,5
200,12,10035021001,5
200,13,10035021001,5
200,14,10035021001,5
200,15,10035021001,5
200,16,10035021001,5
200,17,10035021001,5
200,18,10035021001,5
200,19,10035021001,5
200,20,10035021001,5
200,21,10035021001,5
200,22,10035021001,5
200,23,10035021001,5
200,24,10035021001,5
200,25,10035021001,5
200,26,10035021001,5
200,27,10035021001,5
200,28,10035021001,5
200,29,10035021001,5
200,30,10035021001,5
200,31,10035021001,5
200,32,10035021001,5
200,33,10035021001,5
200,34,10035021001,5
200,35,10035021001,5
200,36,10035021001,5
200,37,10035021001,5
200,38,10035021001,5
200,39,10035021001,5
200,40,10035021001,5
201,1,10040063001,5
201,2,10040063001,5
201,3,10040063001,5
201,4,10040063001,5
201,5,10040063001,5
201,6,10040063001,5
201,7,10040063001,5
201,8,10040063001,5
201,9,10040063001,5
201,10,10040063001,5
201,11,10040063001,5
201,12,10040063001,5
201,13,10040063001,5
201,14,10040063001,5
201,15,10040063001,5
201,16,10040063001,5
201,17,10040063001,5
201,18,10040063001,5
201,19,10040063001,5
201,20,10040063001,5
201,21,10040063001,4
201,22,11110016001,3
201,23,12032540001,2
201,24,12032541001,2
201,25,12106067001,4
201,26,12130010001,2
201,27,12130010001,2
201,28,12130010001,2
201,29,12130010001,2
201,30,12130010001,2
201,31,12130010001,2
201,32,12130010001,2
201,33,12130010001,2
201,34,12130075001,1
201,35,12130075001,1
201,36,12130075001,1
201,37,12130075001,1
201,38,14110163001,6
201,39,14110163001,2
201,40,14310127001,1
202,1,10014097001,11
202,2,10014097001,11
202,3,10014097001,2
202,4,10014116001,19
202,5,10014116001,5
202,6,10052020001,9
202,7,10052020001,9
202,8,10052020001,4
202,9,11032220001,6
202,10,11032220001,6
202,11,11032220001,1
202,12,11070046001,10
202,13,11070046001,3
202,14,11072906001,3
202,15,11072906001,3
202,16,11072906001,3
202,17,11072906001,3
202,18,11072906001,1
202,19,11110026001,4
202,20,12006135001,53
202,21,12020005001,1
202,22,12101016001,1
202,23,12106107001,6
202,24,14111011001,6
202,25,14111011001,4
202,26,14311112001,25
203,1,10000002001,7
203,2,10000002001,7
203,3,10000002001,7
203,4,10000002001,7
203,5,10000002001,7
203,6,10000002001,7
203,7,10000002001,7
203,8,10000002001,7
203,9,10000002001,7
203,10,10000002001,7
203,11,10000002001,7
203,12,10000002001,7
203,13,10000002001,7
203,14,10000002001,7
203,15,10000002001,7
203,16,10000002001,7
203,17,10000002001,7
203,18,10000002001,7
203,19,10000002001,7
203,20,10000002001,7
203,21,10000002001,7
203,22,10000002001,7
203,23,10000002001,7
203,24,10000002001,7
203,25,10000002001,7
203,26,10000002001,7
203,27,10000002001,7
203,28,10000002001,7
203,29,10000002001,7
203,30,10000002001,7
203,31,10000002001,7
203,32,10000002001,7
203,33,10000002001,7
203,34,10000002001,7
203,35,10000002001,7
203,36,10000002001,7
203,37,10000002001,7
203,38,10000002001,7
203,39,10000002001,7
203,40,10000002001,7
204,1,10002040001,7
204,2,10002040001,7
204,3,10002040001,7
204,4,10002040001,7
204,5,10002040001,7
204,6,10002040001,7
204,7,10002040001,7
204,8,10002040001,7
204,9,10002040001,7
204,10,10002040001,7
204,11,10002040001,7
204,12,10002040001,7
204,13,10002040001,7
204,14,10002040001,7
204,15,10002040001,7
204,16,10052025001,9
204,17,10052025001,9
204,18,10052025001,2
204,19,11104001001,1
204,20,12011386001,27
204,21,12011386001,26
204,22,12020021001,5
204,23,12100101001,5
204,24,12106087001,2
204,25,14000066001,1
204,26,14000066001,1
204,27,14000066001,1
204,28,14000066001,1
204,29,14000066001,1
204,30,14000066001,1
204,31,14111004001,12
204,32,14111004001,2
204,33,14311086001,8
205,1,10035021001,5
205,2,10035021001,5
205,3,10035021001,5
205,4,10035021001,5
205,5,10035021001,5
205,6,10035021001,5
205,7,10035021001,5
205,8,10035021001,5
205,9,10035021001,5
205,10,10035021001,5
205,11,10035021001,5
205,12,10035021001,5
205,13,10035021001,5
205,14,10035021001,5
205,15,10035021001,5
205,16,10035021001,5
205,17,10035021001,5
205,18,10035021001,5
205,19,10035021001,5
205,20,10035021001,5
205,21,10035021001,5
205,22,10035021001,5
205,23,10035021001,5
205,24,10035021001,5
205,25,10035021001,5
205,26,10035021001,5
205,27,10035021001,5
205,28,10035021001,5
205,29,10035021001,5
205,30,10035021001,5
205,31,10035021001,5
205,32,10035021001,5
205,33,10035021001,5
205,34,10035021001,5
205,35,10035021001,5
205,36,10035021001,5
205,37,10035021001,5
205,38,10035021001,5
205,39,10035021001,5
205,40,10035021001,5
206,1,10020041001,20
206,2,10020041001,20
206,3,10020041001,20
206,4,10020041001,20
206,5,10020041001,20
206,6,10020041001,20
206,7,10020041001,20
206,8,10020041001,20
206,9,10020041001,20
206,10,10020041001,20
206,11,10020041001,20
206,12,10020041001,20
206,13,10020041001,20
206,14,10020041001,20
206,15,10020041001,2
206,16,11022036001,5
206,17,11022036001,5
206,18,11022036001,2
206,19,11070012001,4
206,20,11070012001,4
206,21,11070012001,4
206,22,11073901001,7
206,23,11073901001,5
206,24,11110028001,2
206,25,12034063001,22
206,26,12034063001,22
206,27,12034063001,9
206,28,12102067001,2
206,29,12102132001,2
206,30,12106098001,1
206,31,14111119001,1
206,32,14111119001,1
206,33,14311043001,13
207,1,10011001001,28
207,2,10011001001,28
207,3,10011001001,28
207,4,10011001001,28
207,5,10011001001,28
207,6,10011001001,28
207,7,10011001001,28
207,8,10011001001,28
207,9,10011001001,28
207,10,10011001001,28
207,11,10011001001,28
207,12,10011001001,28
207,13,10011001001,28
207,14,10011001001,28
207,15,10011001001,28
207,16,10011001001,28
207,17,10011001001,28
207,18,10011001001,28
207,19,10011001001,28
207,20,10011001001,8
207,21,10035021001,5
207,22,10035021001,5
207,23,10035021001,5
207,24,10035021001,1
207,25,10053901001,7
207,26,10053901001,7
207,27,10053901001,4
207,28,11110029001,4
207,29,12102002001,3
207,30,12102107001,3
207,31,12106070001,1
207,32,12130035001,2
207,33,12130035001,2
207,34,12130035001,2
207,35,12234921001,3
207,36,12234921001,3
207,37,14111008001,6
207,38,14111008001,5
207,39,14311234001,1
208,1,14014014001,1
208,2,14014014001,1
208,3,14014014001,1
208,4,14014014001,1
208,5,14014014001,1
208,6,14014014001,1
208,7,14014014001,1
208,8,14014014001,1
208,9,14014014001,1
208,10,14014014001,1
208,11,14014014001,1
208,12,14014014001,1
208,13,14014014001,1
208,14,14014014001,1
208,15,14014014001,1
208,16,14014014001,1
208,17,14014014001,1
208,18,14014014001,1
208,19,14014014001,1
208,20,14014014001,1
208,21,14014014001,1
208,22,14014014001,1
208,23,14014014001,1
208,24,14014014001,1
208,25,14014014001,1
208,26,14014014001,1
208,27,14014014001,1
208,28,14014014001,1
208,29,14014014001,1
208,30,14014014001,1
208,31,14014014001,1
208,32,14014014001,1
208,33,14014014001,1
208,34,14014014001,1
208,35,14014014001,1
208,36,14014014001,1
208,37,14014014001,1
208,38,14014014001,1
208,39,14014014001,1
208,40,14014014001,1
209,1,10000002001,7
209,2,10000002001,7
209,3,10000002001,7
209,4,10000002001,7
209,5,10000002001,7
209,6,10000002001,7
209,7,10000002001,7
209,8,10000002001,7
209,9,10000002001,7
209,10,10000002001,7
209,11,10000002001,7
209,12,10000002001,7
209,13,10000002001,7
209,14,10000002001,7
209,15,10000002001,7
209,16,10000002001,7
209,17,10000002001,7
209,18,10000002001,7
209,19,10000002001,7
209,20,10000002001,7
209,21,10000002001,7
209,22,10000002001,7
209,23,10000002001,7
209,24,10000002001,7
209,25,10000002001,7
209,26,10000002001,7
209,27,10000002001,7
209,28,10000002001,7
209,29,10000002001,7
209,30,10000002001,7
209,31,10000002001,7
209,32,10000002001,7
209,33,10000002001,7
209,34,10000002001,7
209,35,10000002001,7
209,36,10000002001,7
209,37,10000002001,7
209,38,10000002001,7
209,39,10000002001,7
209,40,10000002001,7
210,1,10000002001,7
210,2,10000002001,7
210,3,10000002001,7
210,4,10000002001,7
210,5,10000002001,7
210,6,10000002001,7
210,7,10000002001,7
210,8,10000002001,7
210,9,10000002001,7
210,10,10000002001,7
210,11,10000002001,7
210,12,10000002001,7
210,13,10000002001,7
210,14,10000002001,7
210,15,10000002001,7
210,16,10000002001,7
210,17,10000002001,7
210,18,10000002001,7
210,19,10000002001,7
210,20,10000002001,7
210,21,10000002001,7
210,22,10000002001,7
210,23,10000002001,7
210,24,10000002001,7
210,25,10000002001,7
210,26,10000002001,7
210,27,10000002001,7
210,28,10000002001,7
210,29,10000002001,7
210,30,10000002001,7
210,31,10000002001,7
210,32,10000002001,7
210,33,10000002001,7
210,34,10000002001,7
210,35,10000002001,7
210,36,10000002001,7
210,37,10000002001,7
210,38,10000002001,7
210,39,10000002001,7
210,40,10000002001,7
211,1,10000002001,7
211,2,10000002001,7
211,3,10000002001,7
211,4,10000002001,7
211,5,10000002001,7
211,6,10000002001,3
211,7,10035001001,6
211,8,10035001001,6
211,9,10035001001,6
211,10,10035001001,6
211,11,10035001001,6
211,12,10035001001,6
211,13,10035001001,6
211,14,10035001001,6
211,15,10035001001,6
211,16,10035001001,6
211,17,10035001001,6
211,18,10035001001,6
211,19,10035001001,6
211,20,10035001001,6
211,21,10035001001,6
211,22,10035001001,6
211,23,10035001001,6
211,24,10035001001,6
211,25,10035001001,4
211,26,11040026001,3
211,27,11040026001,3
211,28,11040026001,2
211,29,11103015001,6
211,30,11103015001,6
211,31,11103015001,6
211,32,11103015001,6
211,33,11103015001,2
211,34,11110077003,12
211,35,12005072003,2
211,36,12102109001,2
211,37,12110016001,2
211,38,14111050001,8
211,39,14111050001,4
211,40,14311220001,2
212,1,10040003001,6
212,2,10040003001,6
212,3,10040003001,6
212,4,10040003001,6
212,5,10040003001,6
212,6,10040003001,6
212,7,10040003001,6
212,8,10040003001,6
212,9,10040003001,6
212,10,10040003001,6
212,11,10040003001,6
212,12,10040003001,6
212,13,10040003001,6
212,14,10040003001,6
212,15,10040003001,6
212,16,10040003001,6
212,17,10040003001,6
212,18,10040003001,6
212,19,10040003001,6
212,20,10040003001,6
212,21,10040003001,6
212,22,10040003001,6
212,23,10040003001,6
212,24,10040003001,6
212,25,10040003001,6
212,26,10040003001,6
212,27,10040003001,6
212,28,10040003001,6
212,29,10040003001,6
212,30,10040003001,6
212,31,10040003001,6
212,32,10040003001,6
212,33,10040003001,6
212,34,10040003001,6
212,35,10040003001,6
212,36,10040003001,6
212,37,10040003001,6
212,38,10040003001,6
212,39,10040003001,6
212,40,10040003001,6
213,1,10021025001,24
213,2,10021025001,24
213,3,10021025001,24
213,4,10021025001,24
213,5,10021025001,24
213,6,10021025001,24
213,7,10021025001,24
213,8,10021025001,24
213,9,10021025001,24
213,10,10021025001,24
213,11,10021025001,24
213,12,10021025001,24
213,13,10021025001,24
213,14,10021025001,24
213,15,10021025001,24
213,16,10021025001,24
213,17,10021025001,24
213,18,10021025001,24
213,19,10021025001,24
213,20,10021025001,24
213,21,10021025001,24
213,22,10021025001,24
213,23,10021025001,24
213,24,10021025001,24
213,25,10021025001,24
213,26,10021025001,24
213,27,10021025001,24
213,28,10021025001,24
213,29,10021025001,24
213,30,10021025001,24
213,31,10021025001,24
213,32,10021025001,24
213,33,10021025001,24
213,34,10021025001,24
213,35,10021025001,24
213,36,10021025001,24
213,37,10021025001,24
213,38,10021025001,24
213,39,10021025001,24
213,40,10021025001,24
214,1,10001005001,11
214,2,10001005001,11
214,3,10001005001,11
214,4,10001005001,11
214,5,10001005001,11
214,6,10001005001,11
214,7,10001005001,11
214,8,10001005001,11
214,9,10001005001,11
214,10,10001005001,11
214,11,10001005001,11
214,12,10001005001,11
214,13,10001005001,11
214,14,10001005001,11
214,15,10001005001,2
214,16,11032028001,2
214,17,11032028001,2
214,18,11032028001,2
214,19,11110083001,4
214,20,12012170001,14
214,21,12012170001,14
214,22,12012170001,14
214,23,12012170001,11
214,24,12103039001,3
214,25,12103101001,3
214,26,12106113001,3
214,27,14111023001,2
214,28,14111023001,1
214,29,14311261001,1
214,30,14502044001,12
214,31,14502044001,12
214,32,14502044001,1
214,33,14506887001,12
214,34,14506887001,12
214,35,14506887001,1
215,1,12201064001,1
215,2,12201064001,1
215,3,12201064001,1
215,4,12201064001,1
215,5,12201064001,1
215,6,12201064001,1
215,7,12201064001,1
215,8,12201064001,1
215,9,12201064001,1
215,10,12201064001,1
215,11,12201064001,1
215,12,12201064001,1
215,13,12201064001,1
215,14,12201064001,1
215,15,12201064001,1
215,16,12201064001,1
215,17,12201064001,1
215,18,12201064001,1
215,19,12201064001,1
215,20,12201064001,1
215,21,12201064001,1
215,22,12201064001,1
215,23,12201064001,1
215,24,12201064001,1
215,25,12201064001,1
215,26,12201064001,1
215,27,12201064001,1
215,28,12201064001,1
215,29,12201064001,1
215,30,12201064001,1
215,31,12201064001,1
215,32,12201064001,1
215,33,12201064001,1
215,34,12201064001,1
215,35,12201064001,1
215,36,12201064001,1
215,37,12201064001,1
215,38,12201064001,1
215,39,12201064001,1
215,40,12201064001,1
216,1,14014014001,1
216,2,14014014001,1
216,3,14014014001,1
216,4,14014014001,1
216,5,14014014001,1
216,6,14014014001,1
216,7,14014014001,1
216,8,14014014001,1
216,9,14014014001,1
216,10,14014014001,1
216,11,14014014001,1
216,12,14014014001,1
216,13,14014014001,1
216,14,14014014001,1
216,15,14014014001,1
216,16,14014014001,1
216,17,14014014001,1
216,18,14014014001,1
216,19,14014014001,1
216,20,14014014001,1
216,21,14014014001,1
216,22,14014014001,1
216,23,14014014001,1
216,24,14014014001,1
216,25,14014014001,1
216,26,14014014001,1
216,27,14014014001,1
216,28,14014014001,1
216,29,14014014001,1
216,30,14014014001,1
216,31,14014014001,1
216,32,14014014001,1
216,33,14014014001,1
216,34,14014014001,1
216,35,14014014001,1
216,36,14014014001,1
216,37,14014014001,1
216,38,14014014001,1
216,39,14014014001,1
216,40,14014014001,1
217,1,12201064001,1
217,2,12201064001,1
217,3,12201064001,1
217,4,12201064001,1
217,5,12201064001,1
217,6,12201064001,1
217,7,12201064001,1
217,8,12201064001,1
217,9,12201064001,1
217,10,12201064001,1
217,11,12201064001,1
217,12,12201064001,1
217,13,12201064001,1
217,14,12201064001,1
217,15,12201064001,1
217,16,12201064001,1
217,17,12201064001,1
217,18,12201064001,1
217,19,12201064001,1
217,20,12201064001,1
217,21,12201064001,1
217,22,12201064001,1
217,23,12201064001,1
217,24,12201064001,1
217,25,12201064001,1
217,26,12201064001,1
217,27,12201064001,1
217,28,12201064001,1
217,29,12201064001,1
217,30,12201064001,1
217,31,12201064001,1
217,32,12201064001,1
217,33,12201064001,1
217,34,12201064001,1
217,35,12201064001,1
217,36,12201064001,1
217,37,12201064001,1
217,38,12201064001,1
217,39,12201064001,1
217,40,12201064001,1
218,1,11110082001,7
218,2,12001067001,53
218,3,12001087001,10
218,4,12001087001,10
218,5,12001087001,10
218,6,12001087001,10
218,7,12001087001,10
218,8,12001087001,3
218,9,12031016001,53
218,10,12106999001,2
218,11,14112009001,5
218,12,14112009001,3
218,13,14203001001,5
218,14,14203001001,5
218,15,14203001001,5
218,16,14204078001,3
218,17,14204078001,3
218,18,14204078001,3
218,19,14204078001,3
218,20,14204078001,1
218,21,14312011001,3
219,1,14014014001,1
219,2,14014014001,1
219,3,14014014001,1
219,4,14014014001,1
219,5,14014014001,1
219,6,14014014001,1
219,7,14014014001,1
219,8,14014014001,1
219,9,14014014001,1
219,10,14014014001,1
219,11,14014014001,1
219,12,14014014001,1
219,13,14014014001,1
219,14,14014014001,1
219,15,14014014001,1
219,16,14014014001,1
219,17,14014014001,1
219,18,14014014001,1
219,19,14014014001,1
219,20,14014014001,1
219,21,14014014001,1
219,22,14014014001,1
219,23,14014014001,1
219,24,14014014001,1
219,25,14014014001,1
219,26,14014014001,1
219,27,14014014001,1
219,28,14014014001,1
219,29,14014014001,1
219,30,14014014001,1
219,31,14014014001,1
219,32,14014014001,1
219,33,14014014001,1
219,34,14014014001,1
219,35,14014014001,1
219,36,14014014001,1
219,37,14014014001,1
219,38,14014014001,1
219,39,14014014001,1
219,40,14014014001,1
220,1,14010142001,1
220,2,14010142001,1
220,3,14010142001,1
220,4,14010142001,1
220,5,14010142001,1
220,6,14010142001,1
220,7,14010142001,1
220,8,14010142001,1
220,9,14010142001,1
220,10,14010142001,1
220,11,14010142001,1
220,12,14010142001,1
220,13,14010142001,1
220,14,14010142001,1
220,15,14010142001,1
220,16,14010142001,1
220,17,14010142001,1
220,18,14010142001,1
220,19,14010142001,1
220,20,14010142001,1
220,21,14010142001,1
220,22,14010142001,1
220,23,14010142001,1
220,24,14010142001,1
220,25,14010142001,1
220,26,14010142001,1
220,27,14010142001,1
220,28,14010142001,1
220,29,14010142001,1
220,30,14010142001,1
220,31,14010142001,1
220,32,14010142001,1
220,33,14010142001,1
220,34,14010142001,1
220,35,14010142001,1
220,36,14010142001,1
220,37,14010142001,1
220,38,14010142001,1
220,39,14010142001,1
220,40,14010142001,1
221,1,10033038001,6
221,2,10033038001,6
221,3,10033038001,6
221,4,10033038001,6
221,5,10033038001,6
221,6,10033038001,6
221,7,10033038001,6
221,8,10033038001,6
221,9,10033038001,6
221,10,10033038001,6
221,11,10033038001,6
221,12,10033038001,6
221,13,10033038001,6
221,14,10033038001,6
221,15,10033038001,4
221,16,11072019001,8
221,17,11072019001,8
221,18,11072019001,8
221,19,11072019001,8
221,20,11072019001,8
221,21,11072019001,8
221,22,11072019001,5
221,23,11075003001,3
221,24,11075003001,3
221,25,11075003001,1
221,26,11110086001,2
221,27,12110022001,3
221,28,12130071001,4
221,29,12326002001,4
221,30,14001010001,3
221,31,14001010001,3
221,32,14001010001,3
221,33,14001010001,3
221,34,14001010001,3
221,35,14001010001,3
221,36,14112038001,5
221,37,14112038001,4
221,38,14312016001,4
222,1,14010142001,1
222,2,14010142001,1
222,3,14010142001,1
222,4,14010142001,1
222,5,14010142001,1
222,6,14010142001,1
222,7,14010142001,1
222,8,14010142001,1
222,9,14010142001,1
222,10,14010142001,1
222,11,14010142001,1
222,12,14010142001,1
222,13,14010142001,1
222,14,14010142001,1
222,15,14010142001,1
222,16,14010142001,1
222,17,14010142001,1
222,18,14010142001,1
222,19,14010142001,1
222,20,14010142001,1
222,21,14010142001,1
222,22,14010142001,1
222,23,14010142001,1
222,24,14010142001,1
222,25,14010142001,1
222,26,14010142001,1
222,27,14010142001,1
222,28,14010142001,1
222,29,14010142001,1
222,30,14010142001,1
222,31,14010142001,1
222,32,14010142001,1
222,33,14010142001,1
222,34,14010142001,1
222,35,14010142001,1
222,36,14010142001,1
222,37,14010142001,1
222,38,14010142001,1
222,39,14010142001,1
222,40,14010142001,1
223,1,10040003001,6
223,2,10040003001,6
223,3,10040003001,6
223,4,10040003001,6
223,5,10040003001,6
223,6,10040003001,6
223,7,10040003001,6
223,8,10040003001,6
223,9,10040003001,6
223,10,10040003001,6
223,11,10040003001,6
223,12,10040003001,6
223,13,10040003001,6
223,14,10040003001,6
223,15,10040003001,6
223,16,10040003001,6
223,17,10040003001,6
223,18,10040003001,6
223,19,10040003001,6
223,20,10040003001,6
223,21,10040003001,6
223,22,10040003001,6
223,23,10040003001,6
223,24,10040003001,6
223,25,10040003001,6
223,26,10040003001,6
223,27,10040003001,6
223,28,10040003001,6
223,29,10040003001,6
223,30,10040003001,6
223,31,10040003001,6
223,32,10040003001,6
223,33,10040003001,6
223,34,10040003001,6
223,35,10040003001,6
223,36,10040003001,6
223,37,10040003001,6
223,38,10040003001,6
223,39,10040003001,6
223,40,10040003001,6
224,1,14014014001,1
224,2,14014014001,1
224,3,14014014001,1
224,4,14014014001,1
224,5,14014014001,1
224,6,14014014001,1
224,7,14014014001,1
224,8,14014014001,1
224,9,14014014001,1
224,10,14014014001,1
224,11,14014014001,1
224,12,14014014001,1
224,13,14014014001,1
224,14,14014014001,1
224,15,14014014001,1
224,16,14014014001,1
224,17,14014014001,1
224,18,14014014001,1
224,19,14014014001,1
224,20,14014014001,1
224,21,14014014001,1
224,22,14014014001,1
224,23,14014014001,1
224,24,14014014001,1
224,25,14014014001,1
224,26,14014014001,1
224,27,14014014001,1
224,28,14014014001,1
224,29,14014014001,1
224,30,14014014001,1
224,31,14014014001,1
224,32,14014014001,1
224,33,14014014001,1
224,34,14014014001,1
224,35,14014014001,1
224,36,14014014001,1
224,37,14014014001,1
224,38,14014014001,1
224,39,14014014001,1
224,40,14014014001,1
225,1,11050004001,8
225,2,11050004001,8
225,3,11050004001,5
225,4,11111012001,3
225,5,12034172001,5
225,6,12106004001,5
225,7,12110015001,3
225,8,14014014001,1
225,9,14014014001,1
225,10,14014014001,1
225,11,14014014001,1
225,12,14014014001,1
225,13,14014014001,1
225,14,14014014001,1
225,15,14014014001,1
225,16,14014014001,1
225,17,14014014001,1
225,18,14014014001,1
225,19,14014014001,1
225,20,14014014001,1
225,21,14014014001,1
225,22,14014014001,1
225,23,14014014001,1
225,24,14014014001,1
225,25,14014014001,1
225,26,14014014001,1
225,27,14014014001,1
225,28,14014014001,1
225,29,14014014001,1
225,30,14014014001,1
225,31,14014014001,1
225,32,14014014001,1
225,33,14014014001,1
225,34,14014014001,1
225,35,14014014001,1
225,36,14014014001,1
225,37,14014014001,1
225,38,14121064001,8
225,39,14121064001,6
225,40,14311256001,1
226,1,10040003001,6
226,2,10040003001,6
226,3,10040003001,6
226,4,10040003001,6
226,5,10040003001,6
226,6,10040003001,6
226,7,10040003001,6
226,8,10040003001,6
226,9,10040003001,6
226,10,10040003001,6
226,11,10040003001,6
226,12,10040003001,6
226,13,10040003001,6
226,14,10040003001,6
226,15,10040003001,6
226,16,10040003001,6
226,17,10040003001,6
226,18,10040003001,6
226,19,10040003001,6
226,20,10040003001,6
226,21,10040003001,6
226,22,10040003001,6
226,23,10040003001,6
226,24,10040003001,6
226,25,10040003001,6
226,26,10040003001,6
226,27,10040003001,6
226,28,10040003001,6
226,29,10040003001,6
226,30,10040003001,6
226,31,10040003001,6
226,32,10040003001,6
226,33,10040003001,6
226,34,10040003001,6
226,35,10040003001,6
226,36,10040003001,6
226,37,10040003001,6
226,38,10040003001,6
226,39,10040003001,6
226,40,10040003001,6
227,1,10040003001,6
227,2,10040003001,6
227,3,10040003001,6
227,4,10040003001,6
227,5,10040003001,6
227,6,10040003001,6
227,7,10040003001,6
227,8,10040003001,6
227,9,10040003001,6
227,10,10040003001,6
227,11,10040003001,6
227,12,10040003001,6
227,13,10040003001,6
227,14,10040003001,6
227,15,10040003001,6
227,16,10040003001,6
227,17,10040003001,6
227,18,10040003001,6
227,19,10040003001,6
227,20,10040003001,6
227,21,10040003001,6
227,22,10040003001,6
227,23,10040003001,6
227,24,10040003001,6
227,25,10040003001,6
227,26,10040003001,6
227,27,10040003001,6
227,28,10040003001,6
227,29,10040003001,6
227,30,10040003001,6
227,31,10040003001,6
227,32,10040003001,6
227,33,10040003001,6
227,34,10040003001,6
227,35,10040003001,6
227,36,10040003001,6
227,37,10040003001,6
227,38,10040003001,6
227,39,10040003001,6
227,40,10040003001,6
228,1,10021025001,24
228,2,10021025001,24
228,3,10021025001,24
228,4,10021025001,24
228,5,10021025001,24
228,6,10021025001,24
228,7,10021025001,24
228,8,10021025001,24
228,9,10021025001,24
228,10,10021025001,24
228,11,10021025001,24
228,12,10021025001,24
228,13,10021025001,24
228,14,10021025001,24
228,15,10021025001,24
228,16,10021025001,24
228,17,10021025001,24
228,18,10021025001,24
228,19,10021025001,24
228,20,10021025001,24
228,21,10021025001,24
228,22,10021025001,24
228,23,10021025001,24
228,24,10021025001,24
228,25,10021025001,24
228,26,10021025001,24
228,27,10021025001,24
228,28,10021025001,24
228,29,10021025001,24
228,30,10021025001,24
228,31,10021025001,24
228,32,10021025001,24
228,33,10021025001,24
228,34,10021025001,24
228,35,10021025001,24
228,36,10021025001,24
228,37,10021025001,24
228,38,10021025001,24
228,39,10021025001,24
228,40,10021025001,24
229,1,10041038001,5
229,2,10041038001,5
229,3,10041038001,5
229,4,10041038001,5
229,5,10041038001,5
229,6,10041038001,5
229,7,10041038001,5
229,8,10041038001,5
229,9,10041038001,5
229,10,10041038001,5
229,11,10041038001,5
229,12,10041038001,5
229,13,10041038001,5
229,14,10041038001,5
229,15,10041038001,2
229,16,11050020001,6
229,17,11050020001,6
229,18,11050020001,6
229,19,11110093001,9
229,20,12000196001,10
229,21,12000196001,10
229,22,12000196001,10
229,23,12000196001,10
229,24,12000196001,10
229,25,12000196001,3
229,26,12110068001,2
229,27,12233034001,2
229,28,12234005001,2
229,29,14131026001,4
229,30,14131026001,4
229,31,14312018001,8
229,32,14506264001,6
229,33,14506264001,6
229,34,14506490001,4
229,35,14506490001,4
229,36,14506490001,4
230,1,10021025001,24
230,2,10021025001,24
230,3,10021025001,24
230,4,10021025001,24
230,5,10021025001,24
230,6,10021025001,24
230,7,10021025001,24
230,8,10021025001,24
230,9,10021025001,24
230,10,10021025001,24
230,11,10021025001,24
230,12,10021025001,24
230,13,10021025001,24
230,14,10021025001,24
230,15,10021025001,24
230,16,10021025001,24
230,17,10021025001,24
230,18,10021025001,24
230,19,10021025001,24
230,20,10021025001,24
230,21,10021025001,24
230,22,10021025001,24
230,23,10021025001,24
230,24,10021025001,24
230,25,10021025001,24
230,26,10021025001,24
230,27,10021025001,24
230,28,10021025001,24
230,29,10021025001,24
230,30,10021025001,24
230,31,10021025001,24
230,32,10021025001,24
230,33,10021025001,24
230,34,10021025001,24
230,35,10021025001,24
230,36,10021025001,24
230,37,10021025001,24
230,38,10021025001,24
230,39,10021025001,24
230,40,10021025001,24
231,1,14010142001,1
231,2,14010142001,1
231,3,14010142001,1
231,4,14010142001,1
231,5,14010142001,1
231,6,14010142001,1
231,7,14010142001,1
231,8,14010142001,1
231,9,14010142001,1
231,10,14010142001,1
231,11,14010142001,1
231,12,14010142001,1
231,13,14010142001,1
231,14,14010142001,1
231,15,14010142001,1
231,16,14010142001,1
231,17,14010142001,1
231,18,14010142001,1
231,19,14010142001,1
231,20,14010142001,1
231,21,14010142001,1
231,22,14010142001,1
231,23,14010142001,1
231,24,14010142001,1
231,25,14010142001,1
231,26,14010142001,1
231,27,14010142001,1
231,28,14010142001,1
231,29,14010142001,1
231,30,14010142001,1
231,31,14010142001,1
231,32,14010142001,1
231,33,14010142001,1
231,34,14010142001,1
231,35,14010142001,1
231,36,14010142001,1
231,37,14010142001,1
231,38,14010142001,1
231,39,14010142001,1
231,40,14010142001,1
232,1,10021025001,24
232,2,10021025001,24
232,3,10021025001,24
232,4,10021025001,24
232,5,10021025001,24
232,6,10021025001,24
232,7,10021025001,24
232,8,10021025001,24
232,9,10021025001,24
232,10,10021025001,24
232,11,10021025001,24
232,12,10021025001,24
232,13,10021025001,24
232,14,10021025001,24
232,15,10021025001,24
232,16,10021025001,24
232,17,10021025001,24
232,18,10021025001,24
232,19,10021025001,24
232,20,10021025001,24
232,21,10021025001,24
232,22,10021025001,24
232,23,10021025001,24
232,24,10021025001,24
232,25,10021025001,24
232,26,10021025001,24
232,27,10021025001,24
232,28,10021025001,24
232,29,10021025001,24
232,30,10021025001,24
232,31,10021025001,24
232,32,10021025001,24
232,33,10021025001,24
232,34,10021025001,24
232,35,10021025001,24
232,36,10021025001,24
232,37,10021025001,24
232,38,10021025001,24
232,39,10021025001,24
232,40,10021025001,24
233,1,14010142001,1
233,2,14010142001,1
233,3,14010142001,1
233,4,14010142001,1
233,5,14010142001,1
233,6,14010142001,1
233,7,14010142001,1
233,8,14010142001,1
233,9,14010142001,1
233,10,14010142001,1
233,11,14010142001,1
233,12,14010142001,1
233,13,14010142001,1
233,14,14010142001,1
233,15,14010142001,1
233,16,14010142001,1
233,17,14010142001,1
233,18,14010142001,1
233,19,14010142001,1
233,20,14010142001,1
233,21,14010142001,1
233,22,14010142001,1
233,23,14010142001,1
233,24,14010142001,1
233,25,14010142001,1
233,26,14010142001,1
233,27,14010142001,1
233,28,14010142001,1
233,29,14010142001,1
233,30,14010142001,1
233,31,14010142001,1
233,32,14010142001,1
233,33,14010142001,1
233,34,14010142001,1
233,35,14010142001,1
233,36,14010142001,1
233,37,14010142001,1
233,38,14010142001,1
233,39,14010142001,1
233,40,14010142001,1
234,1,10016014001,10
234,2,10016014001,10
234,3,10016014001,10
234,4,10016014001,10
234,5,10016014001,10
234,6,10016014001,10
234,7,10016014001,10
234,8,10016014001,10
234,9,10016014001,10
234,10,10016014001,10
234,11,10016014001,10
234,12,10016014001,10
234,13,10016014001,10
234,14,10016014001,10
234,15,10016014001,4
234,16,11051006001,5
234,17,11051006001,5
234,18,11051006001,1
234,19,11110091001,6
234,20,12001029001,16
234,21,12001029001,16
234,22,12001029001,16
234,23,12001029001,5
234,24,12110037001,1
234,25,12120024001,6
234,26,12120072001,6
234,27,14001018001,4
234,28,14001018001,4
234,29,14001018001,4
234,30,14001018001,4
234,31,14001018001,4
234,32,14001018001,4
234,33,14132038001,6
234,34,14132038001,5
234,35,14312055001,7
235,1,10040005001,5
235,2,10040005001,5
235,3,10040005001,5
235,4,10040005001,5
235,5,10040005001,5
235,6,10040005001,5
235,7,10040005001,5
235,8,10040005001,5
235,9,10040005001,5
235,10,10040005001,5
235,11,10040005001,5
235,12,10040005001,5
235,13,10040005001,5
235,14,10040005001,5
235,15,10040005001,5
235,16,10040005001,5
235,17,10040005001,5
235,18,10040005001,5
235,19,10040005001,5
235,20,10040005001,5
235,21,10040005001,5
235,22,10040005001,5
235,23,10040005001,5
235,24,10040005001,5
235,25,10040005001,5
235,26,10040005001,5
235,27,10040005001,5
235,28,10040005001,5
235,29,10040005001,5
235,30,10040005001,5
235,31,10040005001,5
235,32,10040005001,5
235,33,10040005001,5
235,34,10040005001,5
235,35,10040005001,5
235,36,10040005001,5
235,37,10040005001,5
235,38,10040005001,5
235,39,10040005001,5
235,40,10040005001,5
236,1,10040025001,10
236,2,10040025001,10
236,3,10040025001,10
236,4,10040025001,10
236,5,10040025001,10
236,6,10040025001,10
236,7,10040025001,10
236,8,10040025001,10
236,9,10040025001,10
236,10,10040025001,8
236,11,11050076001,7
236,12,11050076001,7
236,13,11050076001,1
236,14,11111007001,4
236,15,12022275001,5
236,16,12102058001,5
236,17,12111014001,1
236,18,14010142001,1
236,19,14010142001,1
236,20,14010142001,1
236,21,14010142001,1
236,22,14010142001,1
236,23,14010142001,1
236,24,14010142001,1
236,25,14010142001,1
236,26,14010142001,1
236,27,14010142001,1
236,28,14010142001,1
236,29,14010142001,1
236,30,14010142001,1
236,31,14132130001,4
236,32,14132130001,1
236,33,14312042001,1
236,34,14616006001,9
236,35,14616006001,9
236,36,14616006001,9
236,37,14616006001,9
236,38,14616006001,9
236,39,14616006001,9
236,40,14616006001,9
237,1,10040005001,5
237,2,10040005001,5
237,3,10040005001,5
237,4,10040005001,5
237,5,10040005001,5
237,6,10040005001,5
237,7,10040005001,5
237,8,10040005001,5
237,9,10040005001,5
237,10,10040005001,5
237,11,10040005001,5
237,12,10040005001,5
237,13,10040005001,5
237,14,10040005001,5
237,15,10040005001,5
237,16,10040005001,5
237,17,10040005001,5
237,18,10040005001,5
237,19,10040005001,5
237,20,10040005001,5
237,21,10040005001,5
237,22,10040005001,5
237,23,10040005001,5
237,24,10040005001,5
237,25,10040005001,5
237,26,10040005001,5
237,27,10040005001,5
237,28,10040005001,5
237,29,10040005001,5
237,30,10040005001,5
237,31,10040005001,5
237,32,10040005001,5
237,33,10040005001,5
237,34,10040005001,5
237,35,10040005001,5
237,36,10040005001,5
237,37,10040005001,5
237,38,10040005001,5
237,39,10040005001,5
237,40,10040005001,5
238,1,10021025001,24
238,2,10021025001,24
238,3,10021025001,24
238,4,10021025001,24
238,5,10021025001,24
238,6,10021025001,24
238,7,10021025001,24
238,8,10021025001,24
238,9,10021025001,6
238,10,10040011001,7
238,11,10040011001,7
238,12,10040011001,7
238,13,10040011001,7
238,14,10040011001,7
238,15,10040011001,7
238,16,10040011001,7
238,17,10040011001,7
238,18,10040011001,7
238,19,10040011001,7
238,20,10040011001,7
238,21,10040011001,7
238,22,10040011001,7
238,23,10040011001,7
238,24,10040011001,2
238,25,11061053001,3
238,26,11061053001,3
238,27,11061053001,3
238,28,11110095001,7
238,29,12103072001,2
238,30,12106066001,2
238,31,12112002001,3
238,32,14001030001,3
238,33,14001030001,3
238,34,14001030001,3
238,35,14001030001,3
238,36,14001030001,3
238,37,14001030001,3
238,38,14121104001,11
238,39,14121104001,7
238,40,14312001001,2
239,1,12201064001,1
239,2,12201064001,1
239,3,12201064001,1
239,4,12201064001,1
239,5,12201064001,1
239,6,12201064001,1
239,7,12201064001,1
239,8,12201064001,1
239,9,12201064001,1
239,10,12201064001,1
239,11,12201064001,1
239,12,12201064001,1
239,13,12201064001,1
239,14,12201064001,1
239,15,12201064001,1
239,16,12201064001,1
239,17,12201064001,1
239,18,12201064001,1
239,19,12201064001,1
239,20,12201064001,1
239,21,12201064001,1
239,22,12201064001,1
239,23,12201064001,1
239,24,12201064001,1
239,25,12201064001,1
239,26,12201064001,1
239,27,12201064001,1
239,28,12201064001,1
239,29,12201064001,1
239,30,12201064001,1
239,31,12201064001,1
239,32,12201064001,1
239,33,12201064001,1
239,34,12201064001,1
239,35,12201064001,1
239,36,12201064001,1
239,37,12201064001,1
239,38,12201064001,1
239,39,12201064001,1
239,40,12201064001,1
240,1,12201064001,1
240,2,12201064001,1
240,3,12201064001,1
240,4,12201064001,1
240,5,12201064001,1
240,6,12201064001,1
240,7,12201064001,1
240,8,12201064001,1
240,9,12201064001,1
240,10,12201064001,1
240,11,12201064001,1
240,12,12201064001,1
240,13,12201064001,1
240,14,12201064001,1
240,15,12201064001,1
240,16,12201064001,1
240,17,12201064001,1
240,18,12201064001,1
240,19,12201064001,1
240,20,12201064001,1
240,21,12201064001,1
240,22,12201064001,1
240,23,12201064001,1
240,24,12201064001,1
240,25,12201064001,1
240,26,12201064001,1
240,27,12201064001,1
240,28,12201064001,1
240,29,12201064001,1
240,30,12201064001,1
240,31,12201064001,1
240,32,12201064001,1
240,33,12201064001,1
240,34,12201064001,1
240,35,12201064001,1
240,36,12201064001,1
240,37,12201064001,1
240,38,12201064001,1
240,39,12201064001,1
240,40,12201064001,1
241,1,10033070001,5
241,2,10033070001,5
241,3,10033070001,5
241,4,10033070001,5
241,5,10033070001,5
241,6,10033070001,5
241,7,10033070001,5
241,8,10033070001,5
241,9,10033070001,5
241,10,10033070001,5
241,11,10033070001,5
241,12,10033070001,5
241,13,10033070001,5
241,14,10033070001,5
241,15,10033070001,5
241,16,10033070001,5
241,17,10033070001,5
241,18,10033070001,5
241,19,10033070001,5
241,20,10033070001,5
241,21,10033070001,5
241,22,10033070001,5
241,23,10033070001,5
241,24,10033070001,5
241,25,10033070001,5
241,26,10033070001,5
241,27,10033070001,5
241,28,10033070001,5
241,29,10033070001,5
241,30,10033070001,5
241,31,10033070001,5
241,32,10033070001,5
241,33,10033070001,5
241,34,10033070001,5
241,35,10033070001,5
241,36,10033070001,5
241,37,10033070001,5
241,38,10033070001,5
241,39,10033070001,5
241,40,10033070001,5
242,1,11101028001,9
242,2,11101028001,9
242,3,11101028001,1
242,4,11103019001,5
242,5,11103019001,5
242,6,11103019001,5
242,7,11103019001,5
242,8,11103019001,5
242,9,11103019001,5
242,10,11103019001,5
242,11,11103019001,5
242,12,11103019001,5
242,13,11103019001,5
242,14,11103019001,5
242,15,11103019001,5
242,16,11103019001,5
242,17,11103019001,5
242,18,11103019001,4
242,19,11110087001,3
242,20,12111030001,1
242,21,12130084001,2
242,22,12130089001,2
242,23,14010187001,3
242,24,14010187001,3
242,25,14010187001,3
242,26,14010187001,3
242,27,14010187001,3
242,28,14010187001,1
242,29,14132116001,5
242,30,14132116001,1
242,31,14312045001,8
242,32,14506488001,3
242,33,14506488001,3
242,34,14506488001,3
242,35,14506488001,3
242,36,14506488001,3
242,37,14506488001,3
242,38,14506488001,3
242,39,14506488001,3
242,40,14506488001,3
243,1,10000011001,13
243,2,10000011001,13
243,3,10000011001,13
243,4,10000011001,13
243,5,10000011001,13
243,6,10000011001,13
243,7,10000011001,13
243,8,10000011001,13
243,9,10000011001,13
243,10,10000011001,13
243,11,10000011001,13
243,12,10000011001,13
243,13,10000011001,13
243,14,10000011001,13
243,15,10000011001,13
243,16,10000011001,13
243,17,10000011001,13
243,18,10000011001,13
243,19,10000011001,13
243,20,10000011001,13
243,21,10000011001,13
243,22,10000011001,13
243,23,10000011001,13
243,24,10000011001,13
243,25,10000011001,13
243,26,10000011001,13
243,27,10000011001,13
243,28,10000011001,13
243,29,10000011001,13
243,30,10000011001,13
243,31,10000011001,13
243,32,10000011001,13
243,33,10000011001,13
243,34,10000011001,13
243,35,10000011001,13
243,36,10000011001,13
243,37,10000011001,13
243,38,10000011001,13
243,39,10000011001,13
243,40,10000011001,13
244,1,11072012002,5
244,2,11072012002,5
244,3,11072012002,3
244,4,11111037001,4
244,5,12103154001,16
244,6,12103154001,16
244,7,12103154001,16
244,8,12103154001,5
244,9,12112026001,1
244,10,12201080001,1
244,11,12201080001,1
244,12,12201080001,1
244,13,12201080001,1
244,14,12201080001,1
244,15,12201080001,1
244,16,12201080001,1
244,17,12201080001,1
244,18,12201080001,1
244,19,12201080001,1
244,20,12201080001,1
244,21,12201080001,1
244,22,12201080001,1
244,23,12201080001,1
244,24,12201080001,1
244,25,12327052001,2
244,26,12343304001,2
244,27,14001060001,13
244,28,14001060001,13
244,29,14001060001,13
244,30,14001060001,13
244,31,14001060001,13
244,32,14001060001,4
244,33,14132153001,5
244,34,14132153001,2
244,35,14312068001,2
245,1,10052046001,15
245,2,10052046001,15
245,3,10052046001,15
245,4,10052046001,8
245,5,11101029001,9
245,6,11101029001,9
245,7,11101029001,4
245,8,12000016001,3
245,9,12120039001,6
245,10,12326005001,3
245,11,12327054001,3
245,12,14000075001,2
245,13,14000075001,2
245,14,14000075001,2
245,15,14000075001,2
245,16,14000075001,2
245,17,14000075001,2
245,18,14000075001,2
245,19,14000075001,2
245,20,14000075001,2
245,21,14000075001,2
245,22,14000075001,2
245,23,14000075001,2
245,24,14000075001,2
245,25,14000075001,2
245,26,14000075001,2
245,27,14010149001,3
245,28,14010149001,3
245,29,14010149001,3
245,30,14010149001,3
245,31,14010149001,3
245,32,14010149001,3
245,33,14132074001,7
245,34,14132074001,7
245,35,14315008001,5
246,1,12201067001,1
246,2,12201067001,1
246,3,12201067001,1
246,4,12201067001,1
246,5,12201067001,1
246,6,12201067001,1
246,7,12201067001,1
246,8,12201067001,1
246,9,12201067001,1
246,10,12201067001,1
246,11,12201067001,1
246,12,12201067001,1
246,13,12201067001,1
246,14,12201067001,1
246,15,12201067001,1
246,16,12201067001,1
246,17,12201067001,1
246,18,12201067001,1
246,19,12201067001,1
246,20,12201067001,1
246,21,12201067001,1
246,22,12201067001,1
246,23,12201067001,1
246,24,12201067001,1
246,25,12201067001,1
246,26,12201067001,1
246,27,12201067001,1
246,28,12201067001,1
246,29,12201067001,1
246,30,12201067001,1
246,31,12201067001,1
246,32,12201067001,1
246,33,12201067001,1
246,34,12201067001,1
246,35,12201067001,1
246,36,12201067001,1
246,37,12201067001,1
246,38,12201067001,1
246,39,12201067001,1
246,40,12201067001,1
247,1,10040005001,5
247,2,10040005001,5
247,3,10040005001,5
247,4,10040005001,5
247,5,10040005001,5
247,6,10040005001,5
247,7,10040005001,5
247,8,10040005001,5
247,9,10040005001,5
247,10,10040005001,5
247,11,10040005001,5
247,12,10040005001,5
247,13,10040005001,5
247,14,10040005001,5
247,15,10040005001,5
247,16,10040005001,5
247,17,10040005001,5
247,18,10040005001,5
247,19,10040005001,5
247,20,10040005001,5
247,21,10040005001,5
247,22,10040005001,5
247,23,10040005001,5
247,24,10040005001,5
247,25,10040005001,5
247,26,10040005001,5
247,27,10040005001,5
247,28,10040005001,5
247,29,10040005001,5
247,30,10040005001,5
247,31,10040005001,5
247,32,10040005001,5
247,33,10040005001,5
247,34,10040005001,5
247,35,10040005001,5
247,36,10040005001,5
247,37,10040005001,5
247,38,10040005001,5
247,39,10040005001,5
247,40,10040005001,5
248,1,10904899001,3
248,2,11073001001,10
248,3,11073001001,10
248,4,11073001001,10
248,5,11073001001,10
248,6,11073001001,10
248,7,11073001001,3
248,8,11111030001,3
248,9,12010149001,22
248,10,12010149001,22
248,11,12010149001,9
248,12,12120004001,6
248,13,14133007001,5
248,14,14133007001,2
248,15,14203089001,4
248,16,14203089001,4
248,17,14203089001,1
248,18,14244012001,2
248,19,14244012001,1
248,20,14330006001,1
248,21,14506171001,2
248,22,14506171001,2
248,23,14506171001,2
248,24,14506171001,2
248,25,14506171001,2
248,26,14506171001,2
248,27,14506171001,2
248,28,14506171001,2
248,29,14506171001,2
248,30,14506171001,2
249,1,10000005001,11
249,2,10000005001,11
249,3,10000005001,11
249,4,10000005001,11
249,5,10000005001,11
249,6,10000005001,11
249,7,10000005001,11
249,8,10000005001,11
249,9,10000005001,11
249,10,10000005001,11
249,11,10000005001,11
249,12,10000005001,11
249,13,10000005001,11
249,14,10000005001,11
249,15,10000005001,11
249,16,10000005001,11
249,17,10000005001,11
249,18,10000005001,11
249,19,10000005001,11
249,20,10000005001,11
249,21,10000005001,11
249,22,10000005001,11
249,23,10000005001,11
249,24,10000005001,11
249,25,10000005001,11
249,26,10000005001,11
249,27,10000005001,11
249,28,10000005001,11
249,29,10000005001,11
249,30,10000005001,11
249,31,10000005001,11
249,32,10000005001,11
249,33,10000005001,11
249,34,10000005001,11
249,35,10000005001,11
249,36,10000005001,11
249,37,10000005001,11
249,38,10000005001,11
249,39,10000005001,11
249,40,10000005001,11
250,1,11103001001,5
250,2,11103001001,5
250,3,11103001001,3
250,4,11112017001,48
250,5,11112017001,5
250,6,12000076001,3
250,7,12120085001,1
250,8,12130026001,2
250,9,12130026001,2
250,10,12130026001,2
250,11,12130026001,2
250,12,12130026001,2
250,13,12130026001,2
250,14,12130026001,2
250,15,12130026001,2
250,16,12130026001,2
250,17,12130026001,2
250,18,12130026001,2
250,19,12130026001,2
250,20,12130026001,2
250,21,12130026001,2
250,22,12130026001,2
250,23,12233035001,2
250,24,12234920001,2
250,25,14011027001,2
250,26,14011027001,2
250,27,14011027001,2
250,28,14011027001,2
250,29,14011027001,2
250,30,14011027001,1
250,31,14133914001,3
250,32,14133914001,2
250,33,14321009001,2
251,1,12201067001,1
251,2,12201067001,1
251,3,12201067001,1
251,4,12201067001,1
251,5,12201067001,1
251,6,12201067001,1
251,7,12201067001,1
251,8,12201067001,1
251,9,12201067001,1
251,10,12201067001,1
251,11,12201067001,1
251,12,12201067001,1
251,13,12201067001,1
251,14,12201067001,1
251,15,12201067001,1
251,16,12201067001,1
251,17,12201067001,1
251,18,12201067001,1
251,19,12201067001,1
251,20,12201067001,1
251,21,12201067001,1
251,22,12201067001,1
251,23,12201067001,1
251,24,12201067001,1
251,25,12201067001,1
251,26,12201067001,1
251,27,12201067001,1
251,28,12201067001,1
251,29,12201067001,1
251,30,12201067001,1
251,31,12201067001,1
251,32,12201067001,1
251,33,12201067001,1
251,34,12201067001,1
251,35,12201067001,1
251,36,12201067001,1
251,37,12201067001,1
251,38,12201067001,1
251,39,12201067001,1
251,40,12201067001,1
252,1,10040005001,5
252,2,10040005001,5
252,3,10040005001,5
252,4,10040005001,5
252,5,10040005001,5
252,6,10040005001,5
252,7,10040005001,5
252,8,10040005001,5
252,9,10040005001,5
252,10,10040005001,5
252,11,10040005001,5
252,12,10040005001,5
252,13,10040005001,5
252,14,10040005001,5
252,15,10040005001,5
252,16,10040005001,5
252,17,10040005001,5
252,18,10040005001,5
252,19,10040005001,5
252,20,10040005001,5
252,21,10040005001,5
252,22,10040005001,5
252,23,10040005001,5
252,24,10040005001,5
252,25,10040005001,5
252,26,10040005001,5
252,27,10040005001,5
252,28,10040005001,5
252,29,10040005001,5
252,30,10040005001,5
252,31,10040005001,5
252,32,10040005001,5
252,33,10040005001,5
252,34,10040005001,5
252,35,10040005001,5
252,36,10040005001,5
252,37,10040005001,5
252,38,10040005001,5
252,39,10040005001,2
252,40,14321008001,6
253,1,12201067001,1
253,2,12201067001,1
253,3,12201067001,1
253,4,12201067001,1
253,5,12201067001,1
253,6,12201067001,1
253,7,12201067001,1
253,8,12201067001,1
253,9,12201067001,1
253,10,12201067001,1
253,11,12201067001,1
253,12,12201067001,1
253,13,12201067001,1
253,14,12201067001,1
253,15,12201067001,1
253,16,12201067001,1
253,17,12201067001,1
253,18,12201067001,1
253,19,12201067001,1
253,20,12201067001,1
253,21,12201067001,1
253,22,12201067001,1
253,23,12201067001,1
253,24,12201067001,1
253,25,12201067001,1
253,26,12201067001,1
253,27,12201067001,1
253,28,12201067001,1
253,29,12201067001,1
253,30,12201067001,1
253,31,12201067001,1
253,32,12201067001,1
253,33,12201067001,1
253,34,12201067001,1
253,35,12201067001,1
253,36,12201067001,1
253,37,12201067001,1
253,38,12201067001,1
253,39,12201067001,1
253,40,12201067001,1
254,1,10000011001,13
254,2,10000011001,13
254,3,10000011001,13
254,4,10000011001,13
254,5,10000011001,13
254,6,10000011001,13
254,7,10000011001,13
254,8,10000011001,13
254,9,10000011001,13
254,10,10000011001,13
254,11,10000011001,13
254,12,10000011001,13
254,13,10000011001,13
254,14,10000011001,13
254,15,10000011001,13
254,16,10000011001,13
254,17,10000011001,13
254,18,10000011001,13
254,19,10000011001,13
254,20,10000011001,13
254,21,10000011001,13
254,22,10000011001,13
254,23,10000011001,13
254,24,10000011001,13
254,25,10000011001,13
254,26,10000011001,13
254,27,10000011001,13
254,28,10000011001,13
254,29,10000011001,13
254,30,10000011001,13
254,31,10000011001,13
254,32,10000011001,13
254,33,10000011001,13
254,34,10000011001,13
254,35,10000011001,13
254,36,10000011001,13
254,37,10000011001,13
254,38,10000011001,13
254,39,10000011001,13
254,40,10000011001,13
255,1,11102002001,8
255,2,11102002001,8
255,3,11102002001,2
255,4,12000011001,5
255,5,12003064001,26
255,6,12003064001,26
255,7,12003064001,1
255,8,12120091001,6
255,9,14010072001,2
255,10,14010072001,2
255,11,14010072001,2
255,12,14010072001,2
255,13,14010072001,2
255,14,14010072001,2
255,15,14010072001,2
255,16,14010072001,2
255,17,14010072001,2
255,18,14010072001,2
255,19,14010072001,2
255,20,14010072001,2
255,21,14010072001,2
255,22,14010072001,2
255,23,14010072001,2
255,24,14010173001,5
255,25,14010173001,5
255,26,14010173001,5
255,27,14010173001,5
255,28,14010173001,5
255,29,14010173001,4
255,30,14132131001,1
255,31,14200011001,10
255,32,14200011001,7
255,33,14243076001,1
255,34,14330015001,2
256,1,10000005001,11
256,2,10000005001,11
256,3,10000005001,11
256,4,10000005001,11
256,5,10000005001,11
256,6,10000005001,11
256,7,10000005001,11
256,8,10000005001,11
256,9,10000005001,11
256,10,10000005001,11
256,11,10000005001,11
256,12,10000005001,11
256,13,10000005001,11
256,14,10000005001,11
256,15,10000005001,11
256,16,10000005001,11
256,17,10000005001,11
256,18,10000005001,11
256,19,10000005001,11
256,20,10000005001,11
256,21,10000005001,11
256,22,10000005001,11
256,23,10000005001,11
256,24,10000005001,11
256,25,10000005001,11
256,26,10000005001,11
256,27,10000005001,11
256,28,10000005001,11
256,29,10000005001,11
256,30,10000005001,11
256,31,10000005001,11
256,32,10000005001,11
256,33,10000005001,11
256,34,10000005001,11
256,35,10000005001,11
256,36,10000005001,11
256,37,10000005001,11
256,38,10000005001,11
256,39,10000005001,11
256,40,10000005001,11
257,1,11100008001,6
257,2,11100008001,6
257,3,11100008001,3
257,4,11112004001,3
257,5,12121037001,6
257,6,12201067001,1
257,7,12201067001,1
257,8,12201067001,1
257,9,12201067001,1
257,10,12201067001,1
257,11,12201067001,1
257,12,12201067001,1
257,13,12201067001,1
257,14,12201067001,1
257,15,12201067001,1
257,16,12201067001,1
257,17,12201067001,1
257,18,12201067001,1
257,19,12201067001,1
257,20,12201067001,1
257,21,12201067001,1
257,22,12201067001,1
257,23,12201067001,1
257,24,12201067001,1
257,25,12201067001,1
257,26,12201067001,1
257,27,12201067001,1
257,28,12201067001,1
257,29,12201067001,1
257,30,12201067001,1
257,31,12201067001,1
257,32,12201067001,1
257,33,12201067001,1
257,34,12201067001,1
257,35,12201067001,1
257,36,14200047001,10
257,37,14200047001,3
257,38,14243013001,5
257,39,14243053001,5
257,40,14320899001,1
258,1,10033070001,5
258,2,10033070001,5
258,3,10033070001,5
258,4,10033070001,5
258,5,10033070001,5
258,6,10033070001,5
258,7,10033070001,5
258,8,10033070001,5
258,9,10033070001,5
258,10,10033070001,5
258,11,10033070001,5
258,12,10033070001,5
258,13,10033070001,5
258,14,10033070001,5
258,15,10033070001,5
258,16,10033070001,5
258,17,10033070001,5
258,18,10033070001,5
258,19,10033070001,5
258,20,10033070001,5
258,21,10033070001,5
258,22,10033070001,5
258,23,10033070001,5
258,24,10033070001,5
258,25,10033070001,5
258,26,10033070001,5
258,27,10033070001,5
258,28,10033070001,5
258,29,10033070001,5
258,30,10033070001,5
258,31,10033070001,5
258,32,10033070001,5
258,33,10033070001,5
258,34,10033070001,5
258,35,10033070001,5
258,36,10033070001,5
258,37,10033070001,5
258,38,10033070001,5
258,39,10033070001,5
258,40,10033070001,5
259,1,10000005001,11
259,2,10000005001,11
259,3,10000005001,11
259,4,10000005001,11
259,5,10000005001,11
259,6,10000005001,11
259,7,10000005001,11
259,8,10000005001,11
259,9,10000005001,11
259,10,10000005001,11
259,11,10000005001,11
259,12,10000005001,11
259,13,10000005001,11
259,14,10000005001,11
259,15,10000005001,11
259,16,10000005001,11
259,17,10000005001,11
259,18,10000005001,11
259,19,10000005001,11
259,20,10000005001,11
259,21,10000005001,11
259,22,10000005001,11
259,23,10000005001,11
259,24,10000005001,11
259,25,10000005001,11
259,26,10000005001,11
259,27,10000005001,11
259,28,10000005001,11
259,29,10000005001,11
259,30,10000005001,11
259,31,10000005001,11
259,32,10000005001,11
259,33,10000005001,11
259,34,10000005001,11
259,35,10000005001,11
259,36,10000005001,11
259,37,10000005001,11
259,38,10000005001,11
259,39,10000005001,11
259,40,10000005001,11
260,1,10000011001,13
260,2,10000011001,13
260,3,10000011001,13
260,4,10000011001,13
260,5,10000011001,13
260,6,10000011001,13
260,7,10000011001,13
260,8,10000011001,13
260,9,10000011001,13
260,10,10000011001,13
260,11,10000011001,13
260,12,10000011001,13
260,13,10000011001,13
260,14,10000011001,13
260,15,10000011001,13
260,16,10000011001,13
260,17,10000011001,13
260,18,10000011001,13
260,19,10000011001,13
260,20,10000011001,13
260,21,10000011001,13
260,22,10000011001,13
260,23,10000011001,13
260,24,10000011001,13
260,25,10000011001,13
260,26,10000011001,13
260,27,10000011001,13
260,28,10000011001,13
260,29,10000011001,13
260,30,10000011001,13
260,31,10000011001,13
260,32,10000011001,13
260,33,10000011001,13
260,34,10000011001,13
260,35,10000011001,13
260,36,10000011001,13
260,37,10000011001,13
260,38,10000011001,13
260,39,10000011001,13
260,40,10000011001,13
261,1,10000011001,13
261,2,10000011001,13
261,3,10000011001,13
261,4,10000011001,13
261,5,10000011001,13
261,6,10000011001,13
261,7,10000011001,13
261,8,10000011001,13
261,9,10000011001,13
261,10,10000011001,13
261,11,10000011001,13
261,12,10000011001,13
261,13,10000011001,13
261,14,10000011001,13
261,15,10000011001,13
261,16,10000011001,13
261,17,10000011001,13
261,18,10000011001,13
261,19,10000011001,13
261,20,10000011001,13
261,21,10000011001,13
261,22,10000011001,13
261,23,10000011001,13
261,24,10000011001,13
261,25,11103023001,3
261,26,11103023001,3
261,27,11103023001,2
261,28,12000042001,1
261,29,12121027001,5
261,30,12327014001,2
261,31,14110054001,5
261,32,14110054001,5
261,33,14110054001,5
261,34,14110054001,5
261,35,14110054001,5
261,36,14110054001,3
261,37,14200060001,10
261,38,14200060001,3
261,39,14321011001,12
261,40,14411016001,2
262,1,10000005001,11
262,2,10000005001,11
262,3,10000005001,11
262,4,10000005001,11
262,5,10000005001,11
262,6,10000005001,11
262,7,10000005001,11
262,8,10000005001,11
262,9,10000005001,11
262,10,10000005001,11
262,11,10000005001,11
262,12,10000005001,11
262,13,10000005001,11
262,14,10000005001,11
262,15,10000005001,11
262,16,10000005001,11
262,17,10000005001,11
262,18,10000005001,11
262,19,10000005001,11
262,20,10000005001,1
262,21,12000045001,3
262,22,12112009001,1
262,23,12123131001,1
262,24,12123131001,1
262,25,12123131001,1
262,26,12123131001,1
262,27,12123131001,1
262,28,12123131001,1
262,29,12123131001,1
262,30,12123131001,1
262,31,12123131001,1
262,32,12301001001,2
262,33,12301001001,2
262,34,12301001001,2
262,35,12301001001,1
262,36,12327015001,1
262,37,12327027001,1
262,38,14200012001,9
262,39,14200012001,1
262,40,14330897001,2
263,1,10033057001,5
263,2,10033057001,5
263,3,10033057001,5
263,4,10033057001,5
263,5,10033057001,5
263,6,10033057001,5
263,7,10033057001,5
263,8,10033057001,5
263,9,10033057001,5
263,10,10033057001,5
263,11,10033057001,5
263,12,10033057001,5
263,13,10033057001,5
263,14,10033057001,5
263,15,10033057001,5
263,16,10033057001,5
263,17,10033057001,5
263,18,10033057001,5
263,19,10033057001,5
263,20,10033057001,5
263,21,10033057001,5
263,22,10033057001,5
263,23,10033057001,5
263,24,10033057001,5
263,25,10033057001,5
263,26,10033057001,5
263,27,10033057001,5
263,28,10033057001,5
263,29,10033057001,5
263,30,10033057001,5
263,31,10033057001,5
263,32,10033057001,5
263,33,10033057001,5
263,34,10033057001,5
263,35,10033057001,5
263,36,10033057001,5
263,37,10033057001,5
263,38,10033057001,5
263,39,10033057001,5
263,40,10033057001,5
264,1,10033070001,5
264,2,10033070001,5
264,3,10033070001,5
264,4,10033070001,5
264,5,10033070001,5
264,6,10033070001,5
264,7,10033070001,5
264,8,10033070001,5
264,9,10033070001,5
264,10,10033070001,5
264,11,10033070001,5
264,12,10033070001,5
264,13,10033070001,5
264,14,10033070001,5
264,15,10033070001,5
264,16,10033070001,5
264,17,10033070001,5
264,18,10033070001,5
264,19,10033070001,5
264,20,10033070001,5
264,21,10033070001,5
264,22,10033070001,5
264,23,10033070001,5
264,24,10033070001,5
264,25,10033070001,5
264,26,10033070001,5
264,27,10033070001,5
264,28,10033070001,5
264,29,10033070001,5
264,30,10033070001,5
264,31,10033070001,5
264,32,10033070001,5
264,33,10033070001,5
264,34,10033070001,5
264,35,10033070001,5
264,36,10033070001,5
264,37,10033070001,5
264,38,10033070001,5
264,39,10033070001,5
264,40,10033070001,5
265,1,11070004001,4
265,2,11070004001,4
265,3,11070004001,4
265,4,11070004001,4
265,5,11070004001,4
265,6,11070004001,4
265,7,11070004001,4
265,8,11070004001,4
265,9,11070004001,4
265,10,11070004001,4
265,11,11070004001,4
265,12,11070004001,4
265,13,11070004001,4
265,14,11070004001,4
265,15,11070004001,4
265,16,11070004001,4
265,17,11070004001,4
265,18,11070004001,4
265,19,11070004001,4
265,20,11070004001,4
265,21,11070004001,4
265,22,11070004001,4
265,23,11070004001,4
265,24,11070004001,4
265,25,11070004001,4
265,26,11070004001,4
265,27,11070004001,4
265,28,11070004001,4
265,29,11070004001,4
265,30,11070004001,4
265,31,11070004001,4
265,32,11070004001,4
265,33,11070004001,4
265,34,11070004001,4
265,35,11070004001,4
265,36,11070004001,4
265,37,11070004001,4
265,38,11070004001,4
265,39,11070004001,4
265,40,11070004001,4
266,1,10021034001,12
266,2,10021034001,12
266,3,10021034001,12
266,4,10021034001,12
266,5,10021034001,12
266,6,10021034001,12
266,7,10021034001,12
266,8,10021034001,12
266,9,10021034001,8
266,10,10033070001,5
266,11,10033070001,5
266,12,10033070001,5
266,13,10033070001,5
266,14,10033070001,5
266,15,10033070001,5
266,16,10033070001,5
266,17,10033070001,5
266,18,10033070001,5
266,19,10033070001,5
266,20,10033070001,5
266,21,10033070001,5
266,22,10033070001,5
266,23,10033070001,5
266,24,10033070001,5
266,25,10033070001,5
266,26,10033070001,5
266,27,10033070001,5
266,28,10033070001,5
266,29,10033070001,1
266,30,12000057001,2
266,31,12120086001,8
266,32,14000010001,5
266,33,14000010001,5
266,34,14000010001,5
266,35,14000010001,2
266,36,14201020001,4
266,37,14201020001,1
266,38,14311095001,2
266,39,14311262001,2
266,40,14331022001,4
267,1,10040062001,6
267,2,10040062001,6
267,3,10040062001,6
267,4,10040062001,6
267,5,10040062001,6
267,6,10040062001,6
267,7,10040062001,6
267,8,10040062001,6
267,9,10040062001,6
267,10,10040062001,6
267,11,10040062001,6
267,12,10040062001,6
267,13,10040062001,6
267,14,10040062001,6
267,15,10040062001,6
267,16,10040062001,6
267,17,10040062001,6
267,18,10040062001,6
267,19,10040062001,6
267,20,10040062001,6
267,21,10040062001,6
267,22,10040062001,6
267,23,10040062001,6
267,24,10040062001,6
267,25,10040062001,6
267,26,10040062001,6
267,27,10040062001,6
267,28,10040062001,6
267,29,10040062001,6
267,30,10040062001,6
267,31,10040062001,6
267,32,10040062001,6
267,33,10040062001,6
267,34,10040062001,6
267,35,10040062001,6
267,36,10040062001,6
267,37,10040062001,6
267,38,10040062001,6
267,39,10040062001,6
267,40,10040062001,6
268,1,11103027001,5
268,2,11103027001,5
268,3,11103027001,3
268,4,12000081001,6
268,5,12121056001,8
268,6,14103030001,3
268,7,14103030001,3
268,8,14103030001,3
268,9,14103030001,3
268,10,14103030001,3
268,11,14103030001,1
268,12,14131121001,1
268,13,14131121001,1
268,14,14131121001,1
268,15,14131121001,1
268,16,14131121001,1
268,17,14131121001,1
268,18,14131121001,1
268,19,14131121001,1
268,20,14131121001,1
268,21,14131121001,1
268,22,14131121001,1
268,23,14131121001,1
268,24,14131121001,1
268,25,14131121001,1
268,26,14131121001,1
268,27,14203004001,4
268,28,14203004001,2
268,29,14331005001,2
268,30,14506033001,3
268,31,14506357001,3
268,32,14509037001,17
268,33,14509037001,17
268,34,14509037001,17
268,35,14509037001,2
269,1,10033057001,5
269,2,10033057001,5
269,3,10033057001,5
269,4,10033057001,5
269,5,10033057001,5
269,6,10033057001,5
269,7,10033057001,5
269,8,10033057001,5
269,9,10033057001,5
269,10,10033057001,5
269,11,10033057001,5
269,12,10033057001,5
269,13,10033057001,5
269,14,10033057001,5
269,15,10033057001,5
269,16,10033057001,5
269,17,10033057001,5
269,18,10033057001,5
269,19,10033057001,5
269,20,10033057001,5
269,21,10033057001,5
269,22,10033057001,5
269,23,10033057001,5
269,24,10033057001,5
269,25,10033057001,5
269,26,10033057001,5
269,27,10033057001,5
269,28,10033057001,5
269,29,10033057001,5
269,30,10033057001,5
269,31,10033057001,5
269,32,10033057001,5
269,33,10033057001,5
269,34,10033057001,5
269,35,10033057001,5
269,36,10033057001,5
269,37,10033057001,5
269,38,10033057001,5
269,39,10033057001,5
269,40,10033057001,5
270,1,10040062001,6
270,2,10040062001,6
270,3,10040062001,6
270,4,10040062001,6
270,5,10040062001,6
270,6,10040062001,6
270,7,10040062001,6
270,8,10040062001,6
270,9,10040062001,6
270,10,10040062001,6
270,11,10040062001,6
270,12,10040062001,6
270,13,10040062001,6
270,14,10040062001,6
270,15,10040062001,6
270,16,10040062001,6
270,17,10040062001,6
270,18,10040062001,6
270,19,10040062001,6
270,20,10040062001,6
270,21,10040062001,6
270,22,10040062001,6
270,23,10040062001,6
270,24,10040062001,6
270,25,10040062001,6
270,26,10040062001,6
270,27,10040062001,6
270,28,10040062001,6
270,29,10040062001,6
270,30,10040062001,6
270,31,10040062001,6
270,32,10040062001,6
270,33,10040062001,6
270,34,10040062001,6
270,35,10040062001,6
270,36,10040062001,6
270,37,10040062001,6
270,38,10040062001,6
270,39,10040062001,6
270,40,10040062001,6
271,1,10040023001,6
271,2,10040023001,6
271,3,10040023001,6
271,4,10040023001,6
271,5,10040023001,6
271,6,10040023001,6
271,7,10040023001,6
271,8,10040023001,6
271,9,10040023001,6
271,10,10040023001,6
271,11,10040023001,6
271,12,10040023001,6
271,13,10040023001,6
271,14,10040023001,6
271,15,10040023001,6
271,16,10040023001,6
271,17,10040023001,6
271,18,10040023001,6
271,19,10040023001,6
271,20,10040023001,6
271,21,10040078001,7
271,22,10040078001,7
271,23,10040078001,7
271,24,10040078001,7
271,25,10040078001,7
271,26,10040078001,7
271,27,10040078001,7
271,28,10040078001,7
271,29,10040078001,7
271,30,10040078001,7
271,31,10040078001,7
271,32,10040078001,7
271,33,10040078001,7
271,34,10040078001,7
271,35,10040078001,7
271,36,10040078001,7
271,37,10040078001,7
271,38,10040078001,7
271,39,10040078001,7
271,40,10040078001,7
272,1,10002102001,11
272,2,10002102001,11
272,3,10002102001,11
272,4,10002102001,11
272,5,10002102001,11
272,6,10002102001,11
272,7,10002102001,11
272,8,10002102001,11
272,9,10002102001,11
272,10,10002102001,11
272,11,10002102001,11
272,12,10002102001,11
272,13,10002102001,11
272,14,10002102001,11
272,15,10002102001,11
272,16,10002102001,11
272,17,10002102001,11
272,18,10002102001,11
272,19,10002102001,11
272,20,10002102001,11
272,21,10002102001,11
272,22,10002102001,11
272,23,10002102001,11
272,24,10002102001,11
272,25,10002102001,11
272,26,10002102001,11
272,27,10002102001,11
272,28,10002102001,11
272,29,10002102001,11
272,30,10002102001,11
272,31,10002102001,11
272,32,10002102001,11
272,33,10002102001,11
272,34,10002102001,11
272,35,10002102001,11
272,36,10002102001,11
272,37,10002102001,11
272,38,10002102001,11
272,39,10002102001,11
272,40,10002102001,11
273,1,10002102001,11
273,2,10002102001,11
273,3,10002102001,11
273,4,10002102001,11
273,5,10002102001,11
273,6,10002102001,11
273,7,10002102001,11
273,8,10002102001,11
273,9,10002102001,11
273,10,10002102001,11
273,11,10002102001,11
273,12,10002102001,11
273,13,10002102001,11
273,14,10002102001,11
273,15,10002102001,11
273,16,10002102001,11
273,17,10002102001,11
273,18,10002102001,11
273,19,10002102001,11
273,20,10002102001,11
273,21,10002102001,11
273,22,10002102001,11
273,23,10002102001,11
273,24,10002102001,11
273,25,10002102001,11
273,26,10002102001,11
273,27,10002102001,11
273,28,10002102001,11
273,29,10002102001,11
273,30,10002102001,11
273,31,10002102001,11
273,32,10002102001,11
273,33,10002102001,11
273,34,10002102001,11
273,35,10002102001,11
273,36,10002102001,11
273,37,10002102001,11
273,38,10002102001,11
273,39,10002102001,11
273,40,10002102001,11
274,1,11103076001,6
274,2,11103076001,6
274,3,11103076001,2
274,4,12000089001,2
274,5,12121066001,2
274,6,14103057001,3
274,7,14103057001,3
274,8,14103057001,3
274,9,14103057001,3
274,10,14103057001,3
274,11,14103057001,2
274,12,14200087001,9
274,13,14200087001,1
274,14,14204066001,2
274,15,14204066001,2
274,16,14204066001,2
274,17,14204066001,2
274,18,14204066001,2
274,19,14204066001,2
274,20,14204066001,2
274,21,14204066001,2
274,22,14204066001,2
274,23,14331026001,3
274,24,14505031001,6
274,25,14505031001,6
274,26,14505031001,6
274,27,14505031001,6
274,28,14505031001,6
274,29,14505031001,6
274,30,14505031001,6
274,31,14505031001,6
274,32,14505031001,6
274,33,14505031001,6
274,34,14505031001,6
274,35,14505031001,6
274,36,14505031001,6
274,37,14505031001,6
274,38,14505031001,3
274,39,14601999001,9
274,40,14602091001,9
275,1,10022910001,15
275,2,10022910001,15
275,3,10022910001,15
275,4,10022910001,8
275,5,11103098001,5
275,6,11103098001,5
275,7,11103098001,3
275,8,12000101001,1
275,9,12121059001,4
275,10,14011034001,4
275,11,14011034001,4
275,12,14011034001,4
275,13,14011034001,4
275,14,14011034001,4
275,15,14011034001,4
275,16,14011034001,4
275,17,14011034001,4
275,18,14011034001,4
275,19,14011034001,4
275,20,14011034001,4
275,21,14011034001,4
275,22,14011034001,4
275,23,14011034001,4
275,24,14011034001,1
275,25,14111040001,2
275,26,14111040001,2
275,27,14111040001,2
275,28,14111040001,2
275,29,14111040001,2
275,30,14111040001,1
275,31,14200092001,9
275,32,14200092001,2
275,33,14331004001,3
275,34,14506012001,4
275,35,14506038001,4
276,1,10033057001,5
276,2,10033057001,5
276,3,10033057001,5
276,4,10033057001,5
276,5,10033057001,5
276,6,10033057001,5
276,7,10033057001,5
276,8,10033057001,5
276,9,10033057001,5
276,10,10033057001,5
276,11,10033057001,5
276,12,10033057001,5
276,13,10033057001,5
276,14,10033057001,5
276,15,10033057001,5
276,16,10033057001,5
276,17,10033057001,5
276,18,10033057001,5
276,19,10033057001,5
276,20,10033057001,5
276,21,10033057001,5
276,22,10033057001,5
276,23,10033057001,5
276,24,10033057001,5
276,25,10033057001,5
276,26,10033057001,5
276,27,10033057001,5
276,28,10033057001,5
276,29,10033057001,5
276,30,10033057001,5
276,31,10033057001,5
276,32,10033057001,5
276,33,10033057001,5
276,34,10033057001,5
276,35,10033057001,5
276,36,10033057001,5
276,37,10033057001,5
276,38,10033057001,5
276,39,10033057001,5
276,40,10033057001,5
277,1,10033057001,5
277,2,10033057001,5
277,3,10033057001,5
277,4,10033057001,5
277,5,10033057001,5
277,6,10033057001,5
277,7,10033057001,5
277,8,10033057001,5
277,9,10033057001,5
277,10,10033057001,5
277,11,10033057001,5
277,12,10033057001,5
277,13,10033057001,5
277,14,10033057001,5
277,15,10033057001,2
277,16,11103375001,6
277,17,11103375001,6
277,18,11103375001,4
277,19,11111017001,6
277,20,11111017001,6
277,21,11111017001,6
277,22,11111017001,6
277,23,11111017001,4
277,24,12000097001,3
277,25,12010001001,5
277,26,12010001001,5
277,27,12010001001,5
277,28,12010001001,5
277,29,12010001001,5
277,30,12010001001,5
277,31,12010001001,5
277,32,12010001001,5
277,33,12010001001,5
277,34,12010001001,3
277,35,12121087001,4
277,36,14203032001,5
277,37,14203032001,3
277,38,14331029001,2
277,39,14508022001,1
277,40,14602037001,1
278,1,10021001001,13
278,2,10021001001,13
278,3,10021001001,13
278,4,10021001001,13
278,5,10021001001,13
278,6,10021001001,13
278,7,10021001001,13
278,8,10021001001,13
278,9,10021001001,13
278,10,10021001001,13
278,11,10021001001,13
278,12,10021001001,13
278,13,10021001001,13
278,14,10021001001,13
278,15,10021001001,13
278,16,10021001001,13
278,17,10021001001,13
278,18,10021001001,13
278,19,10021001001,13
278,20,10021001001,13
278,21,10021001001,13
278,22,10021001001,13
278,23,10021001001,13
278,24,10021001001,13
278,25,10021001001,13
278,26,10021001001,13
278,27,10021001001,13
278,28,10021001001,13
278,29,10021001001,13
278,30,10021001001,13
278,31,10021001001,13
278,32,10021001001,13
278,33,10021001001,13
278,34,10021001001,13
278,35,10021001001,13
278,36,10021001001,13
278,37,10021001001,13
278,38,10021001001,13
278,39,10021001001,13
278,40,10021001001,13
279,1,10002013001,24
279,2,10002013001,24
279,3,12000128001,1
279,4,12000178001,8
279,5,12000178001,8
279,6,12000178001,4
279,7,12121078001,3
279,8,14104101001,7
279,9,14104101001,7
279,10,14104101001,7
279,11,14104101001,7
279,12,14104101001,7
279,13,14104101001,1
279,14,14201022001,4
279,15,14201022001,2
279,16,14204022001,2
279,17,14204022001,2
279,18,14204022001,2
279,19,14204022001,2
279,20,14204022001,2
279,21,14204022001,2
279,22,14204022001,2
279,23,14204022001,2
279,24,14204022001,2
279,25,14244016001,2
279,26,14244016001,2
279,27,14244016001,2
279,28,14244016001,2
279,29,14244016001,2
279,30,14244016001,2
279,31,14244016001,2
279,32,14244016001,2
279,33,14244016001,2
279,34,14244016001,2
279,35,14244016001,2
279,36,14244016001,2
279,37,14244016001,2
279,38,14244016001,2
279,39,14244016001,2
279,40,14331037001,2
280,1,10002102001,11
280,2,10002102001,11
280,3,10002102001,11
280,4,10002102001,11
280,5,10002102001,11
280,6,10002102001,11
280,7,10002102001,11
280,8,10002102001,11
280,9,10002102001,11
280,10,10002102001,11
280,11,10002102001,11
280,12,10002102001,11
280,13,10002102001,11
280,14,10002102001,11
280,15,10002102001,11
280,16,10002102001,11
280,17,10002102001,11
280,18,10002102001,11
280,19,10002102001,11
280,20,10002102001,11
280,21,10002102001,11
280,22,10002102001,11
280,23,10002102001,11
280,24,10002102001,11
280,25,10002102001,11
280,26,10002102001,11
280,27,10002102001,11
280,28,10002102001,11
280,29,10002102001,11
280,30,10002102001,11
280,31,10002102001,11
280,32,10002102001,11
280,33,10002102001,11
280,34,10002102001,11
280,35,10002102001,11
280,36,10002102001,11
280,37,10002102001,11
280,38,10002102001,11
280,39,10002102001,11
280,40,10002102001,11
281,1,10040062001,6
281,2,10040062001,6
281,3,10040062001,6
281,4,10040062001,6
281,5,10040062001,6
281,6,10040062001,6
281,7,10040062001,6
281,8,10040062001,6
281,9,10040062001,6
281,10,10040062001,6
281,11,10040062001,6
281,12,10040062001,6
281,13,10040062001,6
281,14,10040062001,6
281,15,10040062001,6
281,16,10040062001,6
281,17,10040062001,6
281,18,10040062001,6
281,19,10040062001,6
281,20,10040062001,6
281,21,10040062001,6
281,22,10040062001,6
281,23,10040062001,6
281,24,10040062001,6
281,25,10040062001,6
281,26,10040062001,6
281,27,10040062001,6
281,28,10040062001,6
281,29,10040062001,6
281,30,10040062001,6
281,31,10040062001,6
281,32,10040062001,6
281,33,10040062001,6
281,34,10040062001,6
281,35,10040062001,6
281,36,10040062001,6
281,37,10040062001,6
281,38,10040062001,6
281,39,10040062001,6
281,40,10040062001,6
282,1,10002102001,11
282,2,10002102001,11
282,3,10002102001,11
282,4,10002102001,3
282,5,10011007001,15
282,6,10011007001,10
282,7,10014033001,24
282,8,10014033001,24
282,9,10014033001,24
282,10,10014033001,24
282,11,10014033001,24
282,12,10014033001,24
282,13,10014033001,24
282,14,10014033001,24
282,15,10014033001,24
282,16,10014033001,12
282,17,10014069001,24
282,18,10014069001,24
282,19,10014069001,24
282,20,10014069001,24
282,21,10014069001,24
282,22,10014069001,24
282,23,10014069001,24
282,24,10014069001,24
282,25,10014069001,24
282,26,10014069001,12
282,27,11110006001,4
282,28,11110006001,4
282,29,11110006001,4
282,30,12000129001,2
282,31,12121103001,3
282,32,14121017001,6
282,33,14121017001,6
282,34,14121017001,6
282,35,14121017001,6
282,36,14121017001,6
282,37,14121017001,3
282,38,14204148001,2
282,39,14204148001,2
282,40,14331020001,3
283,1,10040023001,6
283,2,10040023001,6
283,3,10040023001,6
283,4,10040023001,6
283,5,10040023001,6
283,6,10040023001,6
283,7,10040023001,6
283,8,10040023001,6
283,9,10040023001,6
283,10,10040023001,6
283,11,10040023001,6
283,12,10040023001,6
283,13,10040023001,6
283,14,10040023001,6
283,15,10040023001,6
283,16,10040023001,6
283,17,10040023001,6
283,18,10040023001,6
283,19,10040023001,6
283,20,10040023001,6
283,21,10040078001,7
283,22,10040078001,7
283,23,10040078001,7
283,24,10040078001,7
283,25,10040078001,7
283,26,10040078001,7
283,27,10040078001,7
283,28,10040078001,7
283,29,10040078001,7
283,30,10040078001,7
283,31,10040078001,7
283,32,10040078001,7
283,33,10040078001,7
283,34,10040078001,7
283,35,10040078001,7
283,36,10040078001,7
283,37,10040078001,7
283,38,10040078001,7
283,39,10040078001,7
283,40,10040078001,7
284,1,10040023001,6
284,2,10040023001,6
284,3,10040023001,6
284,4,10040023001,6
284,5,10040023001,6
284,6,10040023001,6
284,7,10040023001,6
284,8,10040023001,6
284,9,10040023001,6
284,10,10040023001,6
284,11,10040023001,6
284,12,10040023001,6
284,13,10040023001,6
284,14,10040023001,6
284,15,10040023001,6
284,16,10040023001,6
284,17,10040023001,6
284,18,10040023001,6
284,19,10040023001,6
284,20,10040023001,6
284,21,10040078001,7
284,22,10040078001,7
284,23,10040078001,7
284,24,10040078001,7
284,25,10040078001,7
284,26,10040078001,7
284,27,10040078001,7
284,28,10040078001,7
284,29,10040078001,7
284,30,10040078001,7
284,31,10040078001,7
284,32,10040078001,3
285,1,10040062001,6
285,2,10040062001,6
285,3,10040062001,6
285,4,10040062001,6
285,5,10040062001,6
285,6,10040062001,6
285,7,10040062001,6
285,8,10040062001,6
285,9,10040062001,6
285,10,10040062001,6
285,11,10040062001,6
285,12,10040062001,6
285,13,10040062001,6
285,14,10040062001,6
285,15,10040082001,6
285,16,10040082001,6
285,17,10040082001,6
285,18,10040082001,6
285,19,10040082001,6
285,20,10040082001,6
285,21,10040082001,6
285,22,10040082001,6
285,23,10040082001,6
285,24,10040082001,6
285,25,11111011001,8
285,26,11111011001,8
285,27,11111011001,4
285,28,12000108001,4
285,29,12122030001,6
285,30,14120019001,6
285,31,14120019001,6
285,32,14120019001,6
285,33,14120019001,6
285,34,14120019001,6
285,35,14120019001,5
285,36,14204053001,7
285,37,14204053001,4
285,38,14331039001,2
285,39,14603038001,5
285,40,14615076001,5
286,1,14502009001,9
286,2,14502009001,9
286,3,14502009001,9
286,4,14502009001,9
286,5,14502009001,9
286,6,14502009001,9
286,7,14502009001,9
286,8,14502009001,9
286,9,14502009001,9
286,10,14502009001,9
286,11,14502009001,9
286,12,14502009001,9
286,13,14502009001,9
286,14,14502009001,9
286,15,14502009001,9
286,16,14502009001,9
286,17,14502009001,9
286,18,14502009001,9
286,19,14502009001,9
286,20,14502009001,9
286,21,14502009001,9
286,22,14502009001,9
286,23,14502009001,9
286,24,14502009001,9
286,25,14502009001,9
286,26,14502009001,9
286,27,14502009001,9
286,28,14502009001,9
286,29,14502009001,9
286,30,14502009001,9
286,31,14502009001,9
286,32,14502009001,9
286,33,14502009001,9
286,34,14502009001,9
286,35,14502009001,9
286,36,14502009001,9
286,37,14502009001,9
286,38,14502009001,9
286,39,14502009001,9
286,40,14502009001,9
287,1,14500000001,10
287,2,14500000001,10
287,3,14500000001,10
287,4,14500000001,10
287,5,14500000001,10
287,6,14500000001,10
287,7,14500000001,10
287,8,14500000001,10
287,9,14500000001,10
287,10,14500000001,10
287,11,14500000001,10
287,12,14500000001,10
287,13,14500000001,10
287,14,14500000001,10
287,15,14500000001,10
287,16,14500000001,10
287,17,14500000001,10
287,18,14500000001,10
287,19,14500000001,10
287,20,14500000001,10
287,21,14500000001,10
287,22,14500000001,10
287,23,14500000001,10
287,24,14500000001,10
287,25,14500000001,10
287,26,14500000001,10
287,27,14500000001,10
287,28,14500000001,10
287,29,14500000001,10
287,30,14500000001,10
287,31,14500000001,10
287,32,14500000001,10
287,33,14500000001,10
287,34,14500000001,10
287,35,14500000001,10
287,36,14500000001,10
287,37,14500000001,10
287,38,14500000001,10
287,39,14500000001,10
287,40,14500000001,10
288,1,11070004001,4
288,2,11070004001,4
288,3,11070004001,4
288,4,11070004001,4
288,5,11070004001,4
288,6,11070004001,4
288,7,11070004001,4
288,8,11070004001,4
288,9,11070004001,4
288,10,11070004001,4
288,11,11070004001,4
288,12,11070004001,4
288,13,11070004001,4
288,14,11070004001,4
288,15,11070004001,4
288,16,11070004001,4
288,17,11070004001,4
288,18,11070004001,4
288,19,11070004001,4
288,20,11070004001,4
288,21,11070004001,4
288,22,11070004001,4
288,23,11070004001,4
288,24,11070004001,4
288,25,11070004001,4
288,26,11070004001,4
288,27,11070004001,4
288,28,11070004001,4
288,29,11070004001,4
288,30,11070004001,4
288,31,11070004001,4
288,32,11070004001,4
288,33,11070004001,4
288,34,11070004001,4
288,35,11070004001,4
288,36,11070004001,4
288,37,11070004001,4
288,38,11070004001,4
288,39,11070004001,4
288,40,11070004001,4
289,1,10021001001,13
289,2,10021001001,13
289,3,10021001001,13
289,4,10021001001,13
289,5,10021001001,13
289,6,10021001001,13
289,7,10021001001,13
289,8,10021001001,13
289,9,10021001001,13
289,10,10021001001,13
289,11,10021001001,13
289,12,10021001001,13
289,13,10021001001,13
289,14,10021001001,13
289,15,10021001001,13
289,16,10021001001,13
289,17,10021001001,13
289,18,10021001001,13
289,19,10021001001,13
289,20,10021001001,13
289,21,10021001001,13
289,22,10021001001,13
289,23,10021001001,13
289,24,10021001001,13
289,25,10021001001,13
289,26,10021001001,13
289,27,10021001001,13
289,28,10021001001,13
289,29,10021001001,13
289,30,10021001001,13
289,31,10021001001,13
289,32,10021001001,13
289,33,10021001001,13
289,34,10021001001,13
289,35,10021001001,13
289,36,10021001001,13
289,37,10021001001,13
289,38,10021001001,13
289,39,10021001001,13
289,40,10021001001,13
290,1,14500000001,10
290,2,14500000001,10
290,3,14500000001,10
290,4,14500000001,10
290,5,14500000001,10
290,6,14500000001,10
290,7,14500000001,10
290,8,14500000001,10
290,9,14500000001,10
290,10,14500000001,10
290,11,14500000001,10
290,12,14500000001,10
290,13,14500000001,10
290,14,14500000001,10
290,15,14500000001,10
290,16,14500000001,10
290,17,14500000001,10
290,18,14500000001,10
290,19,14500000001,10
290,20,14500000001,10
290,21,14500000001,10
290,22,14500000001,10
290,23,14500000001,10
290,24,14500000001,10
290,25,14500000001,10
290,26,14500000001,10
290,27,14500000001,10
290,28,14500000001,10
290,29,14500000001,10
290,30,14500000001,10
290,31,14500000001,10
290,32,14500000001,10
290,33,14500000001,10
290,34,14500000001,10
290,35,14500000001,10
290,36,14500000001,10
290,37,14500000001,10
290,38,14500000001,10
290,39,14500000001,10
290,40,14500000001,10
291,1,10022015001,5
291,2,10022015001,1
291,3,11111013001,3
291,4,11111013001,3
291,5,11111013001,2
291,6,12000135001,2
291,7,12122008001,2
291,8,14121057001,9
291,9,14121057001,9
291,10,14121057001,9
291,11,14121057001,9
291,12,14121057001,9
291,13,14121057001,2
291,14,14204052001,6
291,15,14204052001,2
291,16,14331898001,2
291,17,14370044001,14
291,18,14370044001,14
291,19,14370044001,14
291,20,14370044001,11
291,21,14610002001,4
291,22,14610002001,4
291,23,14610002001,4
291,24,14610002001,4
291,25,14610002001,4
291,26,14610002001,4
291,27,14610002001,4
291,28,14610002001,4
291,29,14610002001,4
291,30,14610002001,4
291,31,14610002001,4
291,32,14610002001,4
291,33,14610002001,4
291,34,14610002001,4
291,35,14610002001,2
292,1,10002037001,6
292,2,10002037001,2
292,3,10030017001,6
292,4,10030017001,6
292,5,10030017001,6
292,6,10030017001,6
292,7,10030017001,6
292,8,10030017001,6
292,9,10030017001,6
292,10,10030017001,6
292,11,10030017001,6
292,12,10030017001,6
292,13,10030017001,6
292,14,10030017001,6
292,15,10030017001,6
292,16,10030017001,1
292,17,12000193001,1
292,18,12010137001,8
292,19,12010137001,8
292,20,12010137001,2
292,21,12106088001,7
292,22,12106088001,7
292,23,12106088001,7
292,24,12106088001,7
292,25,12106088001,7
292,26,12106088001,7
292,27,12106088001,7
292,28,12106088001,4
292,29,12123038001,5
292,30,14204062001,5
292,31,14204062001,4
292,32,14331997001,3
292,33,14620907001,9
292,34,14620907001,9
292,35,14620907001,9
292,36,14620907001,9
292,37,14620907001,9
292,38,14620907001,9
292,39,14620907001,2
293,1,12123056001,9
293,2,14332010001,2
293,3,14500000001,10
293,4,14500000001,10
293,5,14500000001,10
293,6,14500000001,10
293,7,14500000001,10
293,8,14500000001,10
293,9,14500000001,10
293,10,14500000001,10
293,11,14500000001,10
293,12,14500000001,10
293,13,14500000001,10
293,14,14500000001,10
293,15,14500000001,10
293,16,14500000001,10
293,17,14500000001,10
293,18,14500000001,10
293,19,14500000001,10
293,20,14500000001,10
293,21,14500000001,10
293,22,14500000001,10
293,23,14500000001,10
293,24,14500000001,10
293,25,14500000001,10
293,26,14500000001,10
293,27,14500000001,10
293,28,14500000001,10
293,29,14500000001,10
293,30,14500000001,10
293,31,14500000001,10
293,32,14500000001,10
293,33,14500000001,10
293,34,14500000001,10
293,35,14500000001,10
293,36,14500000001,10
293,37,14500000001,10
293,38,14500000001,10
293,39,14500000001,10
293,40,14500000001,5
294,1,10021001001,13
294,2,10021001001,13
294,3,10021001001,13
294,4,10021001001,13
294,5,10021001001,13
294,6,10021001001,13
294,7,10021001001,13
294,8,10021001001,13
294,9,10021001001,13
294,10,10021001001,13
294,11,10021001001,13
294,12,10021001001,13
294,13,10021001001,13
294,14,10021001001,13
294,15,10021001001,13
294,16,10021001001,13
294,17,10021001001,13
294,18,10021001001,13
294,19,10021001001,13
294,20,10021001001,13
294,21,10021001001,13
294,22,10021001001,13
294,23,10021001001,13
294,24,10021001001,13
294,25,10021001001,13
294,26,10021001001,13
294,27,10021001001,13
294,28,10021001001,13
294,29,10021001001,13
294,30,10021001001,13
294,31,10021001001,13
294,32,10021001001,13
294,33,10021001001,13
294,34,10021001001,13
294,35,10021001001,13
294,36,10021001001,13
294,37,10021001001,13
294,38,10021001001,13
294,39,10021001001,2
294,40,14332005001,1
295,1,14011030001,2
295,2,14011030001,2
295,3,14011030001,2
295,4,14011030001,2
295,5,14011030001,2
295,6,14011030001,2
295,7,14011030001,2
295,8,14011030001,2
295,9,14011030001,2
295,10,14011030001,2
295,11,14011030001,2
295,12,14011030001,2
295,13,14011030001,2
295,14,14011030001,2
295,15,14011030001,2
295,16,14011030001,2
295,17,14011030001,2
295,18,14011030001,2
295,19,14011030001,2
295,20,14011030001,2
295,21,14011030001,2
295,22,14011030001,2
295,23,14011030001,2
295,24,14011030001,2
295,25,14011030001,2
295,26,14011030001,2
295,27,14011030001,2
295,28,14011030001,2
295,29,14011030001,2
295,30,14011030001,2
295,31,14011030001,2
295,32,14011030001,2
295,33,14011030001,2
295,34,14011030001,2
295,35,14011030001,2
295,36,14011030001,2
295,37,14011030001,2
295,38,14011030001,2
295,39,14011030001,2
295,40,14011030001,2
296,1,14502009001,9
296,2,14502009001,9
296,3,14502009001,9
296,4,14502009001,9
296,5,14502009001,9
296,6,14502009001,9
296,7,14502009001,9
296,8,14502009001,9
296,9,14502009001,9
296,10,14502009001,9
296,11,14502009001,9
296,12,14502009001,9
296,13,14502009001,9
296,14,14502009001,9
296,15,14502009001,9
296,16,14502009001,9
296,17,14502009001,9
296,18,14502009001,9
296,19,14502009001,9
296,20,14502009001,9
296,21,14502009001,9
296,22,14502009001,9
296,23,14502009001,9
296,24,14502009001,9
296,25,14502009001,9
296,26,14502009001,9
296,27,14502009001,9
296,28,14502009001,9
296,29,14502009001,9
296,30,14502009001,9
296,31,14502009001,9
296,32,14502009001,9
296,33,14502009001,9
296,34,14502009001,9
296,35,14502009001,9
296,36,14502009001,9
296,37,14502009001,9
296,38,14502009001,9
296,39,14502009001,9
296,40,14502009001,9
297,1,11070004001,4
297,2,11070004001,4
297,3,11070004001,4
297,4,11070004001,4
297,5,11070004001,4
297,6,11070004001,4
297,7,11070004001,4
297,8,11070004001,4
297,9,11070004001,4
297,10,11070004001,4
297,11,11070004001,4
297,12,11070004001,4
297,13,11070004001,4
297,14,11070004001,4
297,15,11070004001,4
297,16,11070004001,4
297,17,11070004001,4
297,18,11070004001,4
297,19,11070004001,4
297,20,11070004001,4
297,21,11070004001,4
297,22,11070004001,4
297,23,11070004001,4
297,24,11070004001,4
297,25,11070004001,4
297,26,11070004001,4
297,27,11070004001,4
297,28,11070004001,4
297,29,11070004001,4
297,30,11070004001,4
297,31,11070004001,4
297,32,11070004001,4
297,33,11070004001,4
297,34,11070004001,4
297,35,11070004001,1
297,36,12000205001,6
297,37,12123005001,3
297,38,14204086001,11
297,39,14204086001,4
297,40,14333006001,5
298,1,14011030001,2
298,2,14011030001,2
298,3,14011030001,2
298,4,14011030001,2
298,5,14011030001,2
298,6,14011030001,2
298,7,14011030001,2
298,8,14011030001,2
298,9,14011030001,2
298,10,14011030001,2
298,11,14011030001,2
298,12,14011030001,2
298,13,14011030001,2
298,14,14011030001,2
298,15,14011030001,2
298,16,14011030001,2
298,17,14011030001,2
298,18,14011030001,2
298,19,14011030001,2
298,20,14011030001,2
298,21,14011030001,2
298,22,14011030001,2
298,23,14011030001,2
298,24,14011030001,2
298,25,14011030001,2
298,26,14011030001,2
298,27,14011030001,2
298,28,14011030001,2
298,29,14011030001,2
298,30,14011030001,2
298,31,14011030001,2
298,32,14011030001,2
298,33,14011030001,2
298,34,14011030001,2
298,35,14011030001,2
298,36,14011030001,2
298,37,14011030001,2
298,38,14011030001,2
298,39,14011030001,2
298,40,14011030001,2
299,1,10012006001,60
299,2,10012006001,24
299,3,12000170001,4
299,4,12011056001,6
299,5,12011056001,6
299,6,12011056001,2
299,7,12121051001,5
299,8,12121051001,5
299,9,12121051001,5
299,10,12121051001,5
299,11,12121051001,5
299,12,12121051001,5
299,13,12121051001,5
299,14,12121051001,5
299,15,12121051001,5
299,16,12122034001,7
299,17,14203080001,4
299,18,14203080001,4
299,19,14301013001,2
299,20,14301013001,2
299,21,14301013001,2
299,22,14301013001,2
299,23,14301013001,2
299,24,14301013001,2
299,25,14301013001,2
299,26,14304003001,2
299,27,14304003001,2
299,28,14304003001,2
299,29,14304003001,2
299,30,14304003001,2
299,31,14304003001,2
299,32,14304003001,2
299,33,14332004001,1
299,34,14620908001,6
299,35,14620908001,6
299,36,14620908001,6
299,37,14620908001,6
299,38,14620908001,6
299,39,14620908001,6
299,40,14620908001,1
300,1,10021016001,5
300,2,10021016001,5
300,3,10021016001,5
300,4,10021016001,5
300,5,10021016001,5
300,6,10021016001,5
300,7,10021016001,5
300,8,10021016001,5
300,9,10021016001,5
300,10,10021016001,5
300,11,10021016001,5
300,12,10021016001,5
300,13,10021016001,5
300,14,10021016001,5
300,15,10021016001,5
300,16,10021016001,5
300,17,10021016001,5
300,18,10021016001,5
300,19,10021016001,5
300,20,10021016001,5
300,21,10021016001,5
300,22,10021016001,5
300,23,10021016001,5
300,24,10021016001,5
300,25,10021016001,5
300,26,10021016001,5
300,27,10021016001,5
300,28,10021016001,5
300,29,10021016001,5
300,30,10021016001,5
300,31,10021016001,5
300,32,10021016001,5
300,33,10021016001,5
300,34,10021016001,5
300,35,10021016001,5
300,36,10021016001,5
300,37,10021016001,5
300,38,10021016001,5
300,39,10021016001,5
300,40,10021016001,5
301,1,14502004001,5
301,2,14502004001,5
301,3,14502004001,5
301,4,14502004001,5
301,5,14502004001,5
301,6,14502004001,5
301,7,14502004001,5
301,8,14502004001,5
301,9,14502004001,5
301,10,14502004001,5
301,11,14502004001,5
301,12,14502004001,5
301,13,14502004001,5
301,14,14502004001,5
301,15,14502004001,5
301,16,14502004001,5
301,17,14502004001,5
301,18,14502004001,5
301,19,14502004001,5
301,20,14502004001,5
301,21,14502004001,5
301,22,14502004001,5
301,23,14502004001,5
301,24,14502004001,5
301,25,14502004001,5
301,26,14502004001,5
301,27,14502004001,5
301,28,14502004001,5
301,29,14502004001,5
301,30,14502004001,5
301,31,14502004001,5
301,32,14502004001,5
301,33,14502004001,5
301,34,14502004001,5
301,35,14502004001,5
301,36,14502004001,5
301,37,14502004001,5
301,38,14502004001,5
301,39,14502004001,5
301,40,14502004001,5
302,1,10001007001,5
302,2,10001007001,5
302,3,10001007001,5
302,4,10001007001,5
302,5,10001007001,5
302,6,10001007001,3
302,7,10014113001,11
302,8,10014113001,11
302,9,10014113001,11
302,10,10014113001,11
302,11,10014113001,11
302,12,10014113001,11
302,13,10014113001,11
302,14,10014113001,11
302,15,10014113001,11
302,16,10014113001,11
302,17,10014113001,11
302,18,10014113001,11
302,19,10014113001,11
302,20,10014113001,7
302,21,10020019001,20
302,22,10020019001,4
302,23,12000163001,2
302,24,12022153001,20
302,25,12022153001,20
302,26,12022153001,13
302,27,12123031001,4
302,28,14000033001,9
302,29,14000033001,9
302,30,14000033001,9
302,31,14000033001,1
302,32,14204025001,6
302,33,14204025001,4
302,34,14332007001,4
303,1,10022020001,15
303,2,10022020001,9
303,3,12000182001,3
303,4,12123055001,3
303,5,14011030001,2
303,6,14011030001,2
303,7,14011030001,2
303,8,14011030001,2
303,9,14011030001,2
303,10,14011030001,2
303,11,14011030001,2
303,12,14011030001,2
303,13,14011030001,2
303,14,14011030001,2
303,15,14011030001,2
303,16,14011030001,2
303,17,14011030001,2
303,18,14011030001,2
303,19,14011030001,2
303,20,14011030001,2
303,21,14011030001,2
303,22,14011030001,2
303,23,14011030001,2
303,24,14011030001,2
303,25,14011030001,2
303,26,14011030001,2
303,27,14011030001,2
303,28,14011030001,2
303,29,14011030001,2
303,30,14011030001,2
303,31,14011030001,2
303,32,14011030001,2
303,33,14011030001,2
303,34,14011030001,2
303,35,14011030001,2
303,36,14011030001,2
303,37,14011030001,1
303,38,14204083001,11
303,39,14204083001,2
303,40,14332018001,3
304,1,10022024001,19
304,2,10022024001,5
304,3,12000165001,1
304,4,12125006001,6
304,5,14000002001,6
304,6,14000002001,6
304,7,14000002001,6
304,8,14000002001,3
304,9,14222072001,18
304,10,14222072001,6
304,11,14340006001,9
304,12,14502009001,9
304,13,14502009001,9
304,14,14502009001,9
304,15,14502009001,9
304,16,14502009001,9
304,17,14502009001,9
304,18,14502009001,9
304,19,14502009001,9
304,20,14502009001,9
304,21,14502009001,9
304,22,14502009001,9
304,23,14502009001,9
304,24,14502009001,9
304,25,14502009001,9
304,26,14502009001,9
304,27,14502009001,9
304,28,14502009001,9
304,29,14502009001,9
304,30,14502009001,9
304,31,14502009001,9
304,32,14502009001,9
304,33,14502009001,9
304,34,14502009001,9
304,35,14502009001,9
304,36,14502009001,9
304,37,14502009001,9
304,38,14502009001,9
304,39,14502009001,9
304,40,14502009001,3
305,1,10021016001,5
305,2,10021016001,5
305,3,10021016001,5
305,4,10021016001,5
305,5,10021016001,5
305,6,10021016001,5
305,7,10021016001,5
305,8,10021016001,5
305,9,10021016001,5
305,10,10021016001,5
305,11,10021016001,5
305,12,10021016001,5
305,13,10021016001,5
305,14,10021016001,5
305,15,10021016001,5
305,16,10021016001,5
305,17,10021016001,5
305,18,10021016001,5
305,19,10021016001,5
305,20,10021016001,5
305,21,10021016001,5
305,22,10021016001,5
305,23,10021016001,5
305,24,10021016001,5
305,25,10021016001,5
305,26,10021016001,5
305,27,10021016001,5
305,28,10021016001,5
305,29,10021016001,5
305,30,10021016001,5
305,31,10021016001,5
305,32,10021016001,5
305,33,10021016001,5
305,34,10021016001,5
305,35,10021016001,5
305,36,10021016001,5
305,37,10021016001,5
305,38,10021016001,5
305,39,10021016001,5
305,40,10021016001,5
306,1,10014037001,10
306,2,10014037001,5
306,3,10021016001,5
306,4,10021016001,5
306,5,10021016001,5
306,6,10021016001,5
306,7,10021016001,5
306,8,10021016001,5
306,9,10021016001,5
306,10,10021016001,5
306,11,10021016001,5
306,12,10021016001,5
306,13,10021016001,5
306,14,10021016001,5
306,15,10021016001,5
306,16,10021016001,5
306,17,10021016001,5
306,18,10021016001,5
306,19,10021016001,5
306,20,10021016001,5
306,21,10021016001,5
306,22,10021016001,5
306,23,10021016001,5
306,24,10021016001,5
306,25,10021016001,5
306,26,10021016001,1
306,27,12000223001,6
306,28,12011400001,3
306,29,12011400001,3
306,30,12011400001,2
306,31,12123079001,11
306,32,14131105001,4
306,33,14131105001,4
306,34,14131105001,4
306,35,14131105001,4
306,36,14131105001,4
306,37,14131105001,4
306,38,14213055001,6
306,39,14213055001,6
306,40,14340008001,2
307,1,10002074001,8
307,2,10002074001,8
307,3,10002074001,8
307,4,10002074001,8
307,5,10002074001,8
307,6,10002074001,6
307,7,10023058001,6
307,8,10023058001,2
307,9,12000220001,2
307,10,12020051001,26
307,11,12020051001,26
307,12,12020051001,1
307,13,12121032001,3
307,14,12121032001,3
307,15,12121032001,3
307,16,12121032001,3
307,17,12121032001,3
307,18,12121032001,3
307,19,12121032001,3
307,20,12122021001,3
307,21,12122021001,3
307,22,12122021001,3
307,23,12122021001,3
307,24,12122021001,3
307,25,12122021001,3
307,26,12122021001,3
307,27,12123127001,2
307,28,14000060001,6
307,29,14000060001,6
307,30,14000060001,6
307,31,14000060001,5
307,32,14210048001,9
307,33,14210048001,3
307,34,14340002001,2
308,1,10014092001,8
308,2,10014092001,8
308,3,10014092001,8
308,4,10014092001,8
308,5,10014092001,8
308,6,10014092001,7
308,7,10023005001,4
308,8,10023005001,2
308,9,10033022001,6
308,10,10033022001,6
308,11,10033022001,6
308,12,10033022001,6
308,13,10033022001,6
308,14,10033022001,6
308,15,10033022001,6
308,16,10033022001,6
308,17,10033022001,6
308,18,10033022001,6
308,19,10033022001,6
308,20,10033022001,6
308,21,10033022001,6
308,22,10033022001,6
308,23,12000217001,1
308,24,12001055001,53
308,25,12123102001,4
308,26,14001002001,6
308,27,14001002001,6
308,28,14001002001,6
308,29,14001002001,4
308,30,14213004001,5
308,31,14213004001,5
308,32,14340026001,2
309,1,10014029001,7
309,2,10014029001,7
309,3,10014029001,7
309,4,10014029001,7
309,5,10014029001,7
309,6,10014029001,7
309,7,10014029001,7
309,8,10014029001,7
309,9,10014029001,7
309,10,10014029001,7
309,11,10014029001,7
309,12,10014029001,7
309,13,10014029001,7
309,14,10014029001,5
309,15,10021040001,6
309,16,10021040001,6
309,17,10021040001,6
309,18,10021040001,6
309,19,10021040001,6
309,20,10021040001,6
309,21,10023055001,4
309,22,10023055001,1
309,23,12000214001,3
309,24,12130088001,2
309,25,14001046001,11
309,26,14001046001,11
309,27,14001046001,11
309,28,14001046001,9
309,29,14210034001,15
309,30,14210034001,1
309,31,14333004001,5
309,32,14333004001,5
309,33,14333004001,5
309,34,14333004001,5
309,35,14333004001,5
309,36,14333004001,5
309,37,14333004001,5
309,38,14333004001,5
309,39,14333004001,5
309,40,14341068001,3
310,1,14502004001,5
310,2,14502004001,5
310,3,14502004001,5
310,4,14502004001,5
310,5,14502004001,5
310,6,14502004001,5
310,7,14502004001,5
310,8,14502004001,5
310,9,14502004001,5
310,10,14502004001,5
310,11,14502004001,5
310,12,14502004001,5
310,13,14502004001,5
310,14,14502004001,5
310,15,14502004001,5
310,16,14502004001,5
310,17,14502004001,5
310,18,14502004001,5
310,19,14502004001,5
310,20,14502004001,5
310,21,14502004001,5
310,22,14502004001,5
310,23,14502004001,5
310,24,14502004001,5
310,25,14502004001,5
310,26,14502004001,5
310,27,14502004001,5
310,28,14502004001,5
310,29,14502004001,5
310,30,14502004001,5
310,31,14502004001,5
310,32,14502004001,5
310,33,14502004001,5
310,34,14502004001,5
310,35,14502004001,5
310,36,14502004001,5
310,37,14502004001,5
310,38,14502004001,5
310,39,14502004001,5
310,40,14502004001,5
311,1,10023073001,16
311,2,10023073001,2
311,3,12000225001,1
311,4,12011409001,3
311,5,12011409001,3
311,6,12011409001,2
311,7,12125001001,4
311,8,14131043001,4
311,9,14131043001,4
311,10,14131043001,4
311,11,14131043001,4
311,12,14131043001,4
311,13,14131043001,4
311,14,14220140001,6
311,15,14220140001,6
311,16,14341019001,5
311,17,14502004001,5
311,18,14502004001,5
311,19,14502004001,5
311,20,14502004001,5
311,21,14502004001,5
311,22,14502004001,5
311,23,14502004001,5
311,24,14502004001,5
311,25,14502004001,5
311,26,14502004001,5
311,27,14502004001,5
311,28,14502004001,5
311,29,14502004001,5
311,30,14502004001,5
311,31,14502004001,5
311,32,14502004001,5
311,33,14502004001,5
311,34,14502004001,5
311,35,14502004001,5
311,36,14502004001,5
311,37,14502004001,5
311,38,14502004001,5
311,39,14502004001,5
311,40,14502004001,3
312,1,10033004001,9
312,2,10033004001,9
312,3,10033004001,9
312,4,10033004001,9
312,5,10033004001,9
312,6,10033004001,9
312,7,10033004001,9
312,8,10033004001,9
312,9,10033004001,9
312,10,10033004001,9
312,11,10033004001,9
312,12,10033004001,9
312,13,10033004001,9
312,14,10033004001,9
312,15,10033004001,9
312,16,10033004001,9
312,17,10033004001,9
312,18,10033004001,9
312,19,10033004001,9
312,20,10033004001,9
312,21,10033004001,9
312,22,10033004001,9
312,23,10033004001,9
312,24,10033004001,9
312,25,10033004001,9
312,26,10033004001,9
312,27,10033004001,9
312,28,10033004001,9
312,29,10033004001,9
312,30,10033004001,9
312,31,10033004001,9
312,32,10033004001,9
312,33,10033004001,9
312,34,10033004001,9
312,35,10033004001,9
312,36,10033004001,9
312,37,10033004001,9
312,38,10033004001,9
312,39,10033004001,9
312,40,10033004001,9
313,1,14502011001,4
313,2,14502011001,4
313,3,14502011001,4
313,4,14502011001,4
313,5,14502011001,4
313,6,14502011001,4
313,7,14502011001,4
313,8,14502011001,4
313,9,14502011001,4
313,10,14502011001,4
313,11,14502011001,4
313,12,14502011001,4
313,13,14502011001,4
313,14,14502011001,4
313,15,14502011001,4
313,16,14502011001,4
313,17,14502011001,4
313,18,14502011001,4
313,19,14502011001,4
313,20,14502011001,4
313,21,14502011001,4
313,22,14502011001,4
313,23,14502011001,4
313,24,14502011001,4
313,25,14502011001,4
313,26,14502011001,4
313,27,14502011001,4
313,28,14502011001,4
313,29,14502011001,4
313,30,14502011001,4
313,31,14502011001,4
313,32,14502011001,4
313,33,14502011001,4
313,34,14502011001,4
313,35,14502011001,4
313,36,14502011001,4
313,37,14502011001,4
313,38,14502011001,4
313,39,14502011001,4
313,40,14502011001,4
314,1,11103313001,6
314,2,11103313001,4
314,3,11112007001,10
314,4,12000246001,3
314,5,12150016001,6
314,6,14103058001,25
314,7,14103058001,25
314,8,14103058001,3
314,9,14132015001,5
314,10,14132015001,5
314,11,14132015001,5
314,12,14132015001,5
314,13,14132015001,5
314,14,14132015001,5
314,15,14132015001,5
314,16,14132015001,5
314,17,14132015001,5
314,18,14132015001,4
314,19,14204010001,12
314,20,14204010001,12
314,21,14204010001,1
314,22,14222042001,5
314,23,14222042001,4
314,24,14311076001,11
314,25,14311076001,11
314,26,14311076001,11
314,27,14311076001,11
314,28,14311076001,9
314,29,14342020001,11
315,1,14502011001,4
315,2,14502011001,4
315,3,14502011001,4
315,4,14502011001,4
315,5,14502011001,4
315,6,14502011001,4
315,7,14502011001,4
315,8,14502011001,4
315,9,14502011001,4
315,10,14502011001,4
315,11,14502011001,4
315,12,14502011001,4
315,13,14502011001,4
315,14,14502011001,4
315,15,14502011001,4
315,16,14502011001,4
315,17,14502011001,4
315,18,14502011001,4
315,19,14502011001,4
315,20,14502011001,4
315,21,14502011001,4
315,22,14502011001,4
315,23,14502011001,4
315,24,14502011001,4
315,25,14502011001,4
315,26,14502011001,4
315,27,14502011001,4
315,28,14502011001,4
315,29,14502011001,4
315,30,14502011001,4
315,31,14502011001,4
315,32,14502011001,4
315,33,14502011001,4
315,34,14502011001,4
315,35,14502011001,4
315,36,14502011001,4
315,37,14502011001,4
315,38,14502011001,4
315,39,14502011001,4
315,40,14502011001,4
316,1,10033013001,5
316,2,10033013001,5
316,3,10033013001,5
316,4,10033013001,5
316,5,10033013001,5
316,6,10033013001,5
316,7,10033013001,5
316,8,10033013001,5
316,9,10033013001,5
316,10,10033013001,5
316,11,10033013001,5
316,12,10033013001,5
316,13,10033013001,5
316,14,10033013001,5
316,15,10033013001,5
316,16,10033013001,5
316,17,10033013001,5
316,18,10033013001,5
316,19,10033013001,5
316,20,10033013001,5
316,21,10033013001,5
316,22,10033013001,5
316,23,10033013001,5
316,24,10033013001,5
316,25,10033013001,5
316,26,10033013001,5
316,27,10033013001,5
316,28,10033013001,5
316,29,10033013001,5
316,30,10033013001,5
316,31,10033013001,5
316,32,10033013001,5
316,33,10033013001,5
316,34,10033013001,5
316,35,10033013001,5
316,36,10033013001,5
316,37,10033013001,5
316,38,10033013001,5
316,39,10033013001,5
316,40,10033013001,5
317,1,10033004001,9
317,2,10033004001,9
317,3,10033004001,9
317,4,10033004001,9
317,5,10033004001,9
317,6,10033004001,9
317,7,10033004001,9
317,8,10033004001,9
317,9,10033004001,9
317,10,10033004001,9
317,11,10033004001,9
317,12,10033004001,9
317,13,10033004001,9
317,14,10033004001,9
317,15,10033004001,9
317,16,10033004001,9
317,17,10033004001,9
317,18,10033004001,9
317,19,10033004001,9
317,20,10033004001,9
317,21,10033004001,9
317,22,10033004001,9
317,23,10033004001,9
317,24,10033004001,9
317,25,10033004001,9
317,26,10033004001,9
317,27,10033004001,9
317,28,10033004001,9
317,29,10033004001,9
317,30,10033004001,9
317,31,10033004001,9
317,32,10033004001,9
317,33,10033004001,9
317,34,10033004001,9
317,35,10033004001,9
317,36,10033004001,9
317,37,10033004001,9
317,38,10033004001,9
317,39,10033004001,9
317,40,10033004001,9
318,1,10024006001,10
318,2,10024006001,2
318,3,10031023001,5
318,4,10031023001,5
318,5,10031023001,5
318,6,10031023001,5
318,7,10031023001,5
318,8,10031023001,3
318,9,10033004001,9
318,10,10033004001,9
318,11,10033004001,9
318,12,10033004001,9
318,13,10033004001,9
318,14,10033004001,9
318,15,10033004001,9
318,16,10033004001,9
318,17,10033004001,9
318,18,10033004001,9
318,19,10033004001,9
318,20,10033004001,9
318,21,10033004001,9
318,22,10033004001,9
318,23,10033004001,9
318,24,10033004001,9
318,25,10033004001,9
318,26,10033004001,9
318,27,10033004001,9
318,28,10033004001,9
318,29,10033004001,9
318,30,10033004001,9
318,31,10033004001,2
318,32,12000226001,2
318,33,12152004001,1
318,34,14003011001,2
318,35,14003011001,2
318,36,14003011001,2
318,37,14003011001,2
318,38,14222046001,7
318,39,14222046001,3
318,40,14342007001,2
319,1,10033013001,5
319,2,10033013001,5
319,3,10033013001,5
319,4,10033013001,5
319,5,10033013001,5
319,6,10033013001,5
319,7,10033013001,5
319,8,10033013001,5
319,9,10033013001,5
319,10,10033013001,5
319,11,10033013001,5
319,12,10033013001,5
319,13,10033013001,5
319,14,10033013001,5
319,15,10033013001,5
319,16,10033013001,5
319,17,10033013001,5
319,18,10033013001,5
319,19,10033013001,5
319,20,10033013001,5
319,21,10033013001,5
319,22,10033013001,5
319,23,10033013001,5
319,24,10033013001,5
319,25,10033013001,5
319,26,10033013001,5
319,27,10033013001,5
319,28,10033013001,5
319,29,10033013001,5
319,30,10033013001,5
319,31,10033013001,5
319,32,10033013001,5
319,33,10033013001,5
319,34,10033013001,5
319,35,10033013001,5
319,36,10033013001,5
319,37,10033013001,5
319,38,10033013001,5
319,39,10033013001,5
319,40,10033013001,5
320,1,10023124001,4
320,2,10023124001,1
320,3,12000232001,1
320,4,12130045001,1
320,5,12130045001,1
320,6,12130045001,1
320,7,12130045001,1
320,8,12130045001,1
320,9,12130045001,1
320,10,12130045001,1
320,11,12150005001,2
320,12,14001034001,9
320,13,14001034001,9
320,14,14001034001,9
320,15,14001034001,1
320,16,14221113001,7
320,17,14221113001,1
320,18,14343036001,3
320,19,14502011001,4
320,20,14502011001,4
320,21,14502011001,4
320,22,14502011001,4
320,23,14502011001,4
320,24,14502011001,4
320,25,14502011001,4
320,26,14502011001,4
320,27,14502011001,4
320,28,14502011001,4
320,29,14502011001,4
320,30,14502011001,4
320,31,14502011001,4
320,32,14502011001,4
320,33,14502011001,4
320,34,14502011001,4
320,35,14502011001,4
320,36,14502011001,4
320,37,14502011001,4
320,38,14502011001,4
320,39,14502011001,4
320,40,14502011001,4
321,1,10014111001,11
321,2,10014111001,11
321,3,10014111001,11
321,4,10014111001,11
321,5,10014111001,11
321,6,10014111001,5
321,7,10024003001,6
321,8,10024003001,5
321,9,12000314001,2
321,10,12005015008,12
321,11,12005015008,12
321,12,12005015008,12
321,13,12005015008,12
321,14,12005015008,5
321,15,12125004001,3
321,16,14001104001,4
321,17,14001104001,4
321,18,14001104001,4
321,19,14001104001,2
321,20,14110015001,6
321,21,14110015001,6
321,22,14110015001,6
321,23,14110015001,6
321,24,14110015001,6
321,25,14110015001,6
321,26,14110015001,6
321,27,14110015001,6
321,28,14110015001,6
321,29,14110015001,6
321,30,14110015001,6
321,31,14110015001,6
321,32,14110015001,6
321,33,14110015001,3
321,34,14222053001,6
321,35,14222053001,2
321,36,14343026001,2
322,1,10030001001,6
322,2,10030001001,6
322,3,10033013001,5
322,4,10033013001,5
322,5,10033013001,5
322,6,10033013001,5
322,7,10033013001,5
322,8,10033013001,5
322,9,10033013001,5
322,10,10033013001,5
322,11,10033013001,5
322,12,10033013001,5
322,13,10033013001,5
322,14,10033013001,5
322,15,10033013001,5
322,16,10033013001,5
322,17,10033013001,5
322,18,10033013001,5
322,19,10033013001,5
322,20,10033013001,5
322,21,10033013001,5
322,22,10033013001,5
322,23,10033013001,5
322,24,10033013001,3
322,25,12000261001,4
322,26,12130041001,2
322,27,14001007001,13
322,28,14001007001,13
322,29,14001007001,13
322,30,14001007001,9
322,31,14010041001,2
322,32,14010041001,2
322,33,14010041001,2
322,34,14010041001,2
322,35,14010041001,2
322,36,14010041001,2
322,37,14010041001,1
322,38,14222068001,18
322,39,14222068001,1
322,40,14343027001,1
323,1,10001009001,13
323,2,10001009001,13
323,3,10001009001,13
323,4,10001009001,13
323,5,10001009001,13
323,6,10001009001,13
323,7,10001009001,13
323,8,10001009001,13
323,9,10001009001,13
323,10,10001009001,13
323,11,10001009001,13
323,12,10001009001,13
323,13,10001009001,13
323,14,10001009001,13
323,15,10001009001,13
323,16,10001009001,13
323,17,10001009001,13
323,18,10001009001,13
323,19,10001009001,13
323,20,10001009001,13
323,21,10001009001,13
323,22,10001009001,13
323,23,10001009001,13
323,24,10001009001,13
323,25,10001009001,13
323,26,10001009001,13
323,27,10001009001,13
323,28,10001009001,13
323,29,10001009001,13
323,30,10001009001,13
323,31,10001009001,13
323,32,10001009001,13
323,33,10001009001,13
323,34,10001009001,13
323,35,10001009001,13
323,36,10001009001,13
323,37,10001009001,13
323,38,10001009001,13
323,39,10001009001,13
323,40,10001009001,13
324,1,10030020001,8
324,2,10030020001,4
324,3,10034020001,31
324,4,10034020001,31
324,5,10034020001,31
324,6,10034020001,31
324,7,10034020001,31
324,8,10034020001,25
324,9,12000319001,2
324,10,12000485001,12
324,11,12000485001,12
324,12,12000485001,12
324,13,12000485001,12
324,14,12000485001,5
324,15,12201111001,6
324,16,14010029001,5
324,17,14010029001,5
324,18,14010029001,5
324,19,14010029001,3
324,20,14113066001,5
324,21,14113066001,5
324,22,14113066001,5
324,23,14113066001,5
324,24,14113066001,5
324,25,14113066001,5
324,26,14113066001,5
324,27,14113066001,5
324,28,14113066001,5
324,29,14113066001,5
324,30,14113066001,5
324,31,14113066001,5
324,32,14113066001,5
324,33,14113066001,1
324,34,14223008001,6
324,35,14223008001,5
324,36,14343028001,2
325,1,10002018001,11
325,2,10002018001,11
325,3,10002018001,11
325,4,10002018001,11
325,5,10002018001,11
325,6,10002018001,11
325,7,10002018001,11
325,8,10002018001,11
325,9,10002018001,11
325,10,10002018001,11
325,11,10002018001,11
325,12,10002018001,11
325,13,10002018001,11
325,14,10002018001,11
325,15,10002018001,11
325,16,10002018001,11
325,17,10002018001,11
325,18,10002018001,11
325,19,10002018001,11
325,20,10002018001,11
325,21,10002018001,11
325,22,10002018001,11
325,23,10002018001,11
325,24,10002018001,11
325,25,10002018001,11
325,26,10002018001,11
325,27,10002018001,11
325,28,10002018001,11
325,29,10002018001,11
325,30,10002018001,11
325,31,10002018001,11
325,32,10002018001,11
325,33,10002018001,11
325,34,10002018001,11
325,35,10002018001,11
325,36,10002018001,11
325,37,10002018001,11
325,38,10002018001,11
325,39,10002018001,11
325,40,10002018001,11
326,1,10002018001,11
326,2,10002018001,11
326,3,10002018001,11
326,4,10002018001,11
326,5,10002018001,11
326,6,10002018001,11
326,7,10002018001,11
326,8,10002018001,11
326,9,10002018001,11
326,10,10002018001,11
326,11,10002018001,11
326,12,10002018001,11
326,13,10002018001,11
326,14,10002018001,11
326,15,10002018001,11
326,16,10002018001,11
326,17,10002018001,11
326,18,10002018001,11
326,19,10002018001,11
326,20,10002018001,11
326,21,10002018001,11
326,22,10002018001,11
326,23,10002018001,11
326,24,10002018001,11
326,25,10002018001,11
326,26,10002018001,11
326,27,10002018001,11
326,28,10002018001,11
326,29,10002018001,11
326,30,10002018001,11
326,31,10002018001,11
326,32,10002018001,11
326,33,10002018001,11
326,34,10002018001,11
326,35,10002018001,11
326,36,10002018001,11
326,37,10002018001,11
326,38,10002018001,11
326,39,10002018001,11
326,40,10002018001,11
327,1,10024007001,40
327,2,10024007001,40
327,3,10024007001,40
327,4,10024007001,40
327,5,10024007001,40
327,6,10024007001,22
327,7,10031916001,20
327,8,10031916001,6
327,9,12000374001,3
327,10,12151092001,2
327,11,14002008001,3
327,12,14002008001,3
327,13,14002008001,3
327,14,14002008001,3
327,15,14131041001,5
327,16,14131041001,5
327,17,14131041001,5
327,18,14131041001,5
327,19,14131041001,5
327,20,14131041001,5
327,21,14131041001,5
327,22,14131041001,5
327,23,14131041001,5
327,24,14131041001,5
327,25,14131041001,5
327,26,14131041001,5
327,27,14131041001,5
327,28,14131041001,5
327,29,14223080001,7
327,30,14223080001,2
327,31,14342010001,3
327,32,14505913001,4
327,33,14505913001,4
327,34,14505913001,4
327,35,14505913001,4
327,36,14505913001,4
327,37,14505913001,4
327,38,14505913001,4
327,39,14505913001,4
327,40,14505913001,4
328,1,10002018001,11
328,2,10002018001,11
328,3,10002018001,11
328,4,10002018001,11
328,5,10002018001,11
328,6,10002018001,11
328,7,10002018001,11
328,8,10002018001,11
328,9,10002018001,11
328,10,10002018001,11
328,11,10002018001,11
328,12,10002018001,11
328,13,10002018001,11
328,14,10002018001,11
328,15,10002018001,11
328,16,10002018001,11
328,17,10002018001,11
328,18,10002018001,11
328,19,10002018001,11
328,20,10002018001,11
328,21,10002018001,4
328,22,10033033001,6
328,23,10033033001,4
328,24,12000375001,2
328,25,12151096001,4
328,26,14002013001,3
328,27,14002013001,3
328,28,14002013001,3
328,29,14002013001,2
328,30,14010088001,6
328,31,14010088001,6
328,32,14010088001,6
328,33,14010088001,6
328,34,14010088001,6
328,35,14010088001,6
328,36,14010088001,6
328,37,14010088001,2
328,38,14223179001,12
328,39,14223179001,9
328,40,14344005001,2
329,1,10001009001,13
329,2,10001009001,13
329,3,10001009001,13
329,4,10001009001,13
329,5,10001009001,13
329,6,10001009001,13
329,7,10001009001,13
329,8,10001009001,13
329,9,10001009001,13
329,10,10001009001,13
329,11,10001009001,13
329,12,10001009001,13
329,13,10001009001,13
329,14,10001009001,13
329,15,10001009001,13
329,16,10001009001,13
329,17,10001009001,13
329,18,10001009001,13
329,19,10001009001,13
329,20,10001009001,13
329,21,10001009001,13
329,22,10001009001,13
329,23,10001009001,13
329,24,10001009001,13
329,25,10001009001,13
329,26,10001009001,13
329,27,10001009001,13
329,28,10001009001,13
329,29,10001009001,13
329,30,10001009001,13
329,31,10001009001,13
329,32,10001009001,13
329,33,10001009001,13
329,34,10001009001,13
329,35,10001009001,13
329,36,10001009001,13
329,37,10001009001,13
329,38,10001009001,13
329,39,10001009001,13
329,40,10001009001,13
330,1,10001009001,13
330,2,10001009001,13
330,3,10001009001,13
330,4,10001009001,13
330,5,10001009001,13
330,6,10001009001,13
330,7,10001009001,13
330,8,10001009001,13
330,9,10001009001,13
330,10,10001009001,13
330,11,10001009001,6
330,12,10032007001,5
330,13,10032007001,3
330,14,12000469001,1
330,15,12123085001,5
330,16,12123085001,5
330,17,12123085001,5
330,18,12123085001,5
330,19,12123085001,5
330,20,12123085001,5
330,21,12123085001,5
330,22,12123085001,4
330,23,12151110001,2
330,24,14010145001,3
330,25,14010145001,3
330,26,14010145001,3
330,27,14010145001,1
330,28,14227005001,4
330,29,14227005001,3
330,30,14311022001,3
330,31,14311022001,3
330,32,14311022001,3
330,33,14311022001,3
330,34,14311022001,2
330,35,14350007001,3
330,36,14602120001,14
331,1,10034013001,19
331,2,10034013001,11
331,3,10040031001,7
331,4,10040031001,7
331,5,10040031001,7
331,6,10040031001,7
331,7,10040031001,7
331,8,10040031001,1
331,9,11103090001,4
331,10,11103090001,4
331,11,11103090001,4
331,12,11103090001,4
331,13,11103090001,4
331,14,11103090001,4
331,15,11103090001,4
331,16,11103090001,4
331,17,11103090001,4
331,18,11103090001,4
331,19,11103090001,4
331,20,11103090001,4
331,21,11103090001,4
331,22,11103090001,2
331,23,11103296001,3
331,24,11103296001,3
331,25,11103296001,3
331,26,11103296001,3
331,27,11103296001,3
331,28,11103296001,3
331,29,11103296001,3
331,30,11103296001,3
331,31,11103296001,3
331,32,12000377001,2
331,33,12152005001,1
331,34,14010097001,3
331,35,14010097001,3
331,36,14010097001,3
331,37,14010097001,3
331,38,14230034001,19
331,39,14230034001,8
331,40,14351038001,4
332,1,10021008001,28
332,2,10021008001,28
332,3,10021008001,28
332,4,10021008001,28
332,5,10021008001,28
332,6,10021008001,28
332,7,10021008001,28
332,8,10021008001,28
332,9,10021008001,28
332,10,10021008001,28
332,11,10021008001,28
332,12,10021008001,28
332,13,10021008001,28
332,14,10021008001,28
332,15,10021008001,28
332,16,10021008001,28
332,17,10021008001,28
332,18,10021008001,28
332,19,10021008001,28
332,20,10021008001,28
332,21,10021008001,28
332,22,10021008001,28
332,23,10021008001,28
332,24,10021008001,28
332,25,10021008001,28
332,26,10021008001,28
332,27,10021008001,28
332,28,10021008001,28
332,29,10021008001,28
332,30,10021008001,28
332,31,10021008001,28
332,32,10021008001,28
332,33,10021008001,28
332,34,10021008001,28
332,35,10021008001,28
332,36,10021008001,28
332,37,10021008001,28
332,38,10021008001,28
332,39,10021008001,28
332,40,10021008001,28
333,1,10021008001,28
333,2,10021008001,28
333,3,10021008001,28
333,4,10021008001,28
333,5,10021008001,28
333,6,10021008001,28
333,7,10021008001,28
333,8,10021008001,28
333,9,10021008001,28
333,10,10021008001,28
333,11,10021008001,28
333,12,10021008001,28
333,13,10021008001,28
333,14,10021008001,28
333,15,10021008001,28
333,16,10021008001,28
333,17,10021008001,28
333,18,10021008001,28
333,19,10021008001,28
333,20,10021008001,28
333,21,10021008001,28
333,22,10021008001,28
333,23,10021008001,28
333,24,10021008001,28
333,25,10021008001,28
333,26,10021008001,28
333,27,10021008001,28
333,28,10021008001,28
333,29,10021008001,28
333,30,10021008001,28
333,31,10021008001,28
333,32,10021008001,28
333,33,10021008001,28
333,34,10021008001,28
333,35,10021008001,28
333,36,10021008001,28
333,37,10021008001,28
333,38,10021008001,28
333,39,10021008001,28
333,40,10021008001,28
334,1,10021008001,28
334,2,10021008001,28
334,3,10021008001,28
334,4,10021008001,28
334,5,10021008001,28
334,6,10021008001,28
334,7,10021008001,28
334,8,10021008001,28
334,9,10021008001,28
334,10,10021008001,28
334,11,10021008001,18
334,12,10034015001,19
334,13,10034015001,11
334,14,11051002001,7
334,15,11051002001,7
334,16,11051002001,7
334,17,11051002001,1
334,18,11051016001,5
334,19,11051016001,5
334,20,11051016001,5
334,21,11051016001,5
334,22,11051016001,2
334,23,12000288001,1
334,24,12152062001,12
334,25,14001066001,2
334,26,14001066001,2
334,27,14001066001,2
334,28,14001066001,2
334,29,14001066001,2
334,30,14001066001,2
334,31,14001066001,2
334,32,14001066001,2
334,33,14003009001,9
334,34,14003009001,9
334,35,14003009001,9
334,36,14003009001,4
334,37,14224003001,5
334,38,14224003001,3
334,39,14343012001,1
335,1,14011053001,3
335,2,14011053001,3
335,3,14011053001,3
335,4,14011053001,3
335,5,14011053001,3
335,6,14011053001,3
335,7,14011053001,3
335,8,14011053001,3
335,9,14011053001,3
335,10,14011053001,3
335,11,14011053001,3
335,12,14011053001,3
335,13,14011053001,3
335,14,14011053001,3
335,15,14011053001,3
335,16,14011053001,3
335,17,14011053001,3
335,18,14011053001,3
335,19,14011053001,3
335,20,14011053001,3
335,21,14011053001,3
335,22,14011053001,3
335,23,14011053001,3
335,24,14011053001,3
335,25,14011053001,3
335,26,14011053001,3
335,27,14011053001,3
335,28,14011053001,3
335,29,14011053001,3
335,30,14011053001,3
335,31,14011053001,3
335,32,14011053001,3
335,33,14011053001,3
335,34,14011053001,3
335,35,14011053001,3
335,36,14011053001,3
335,37,14011053001,3
335,38,14011053001,3
335,39,14011053001,3
335,40,14011053001,3
336,1,14010897001,1
336,2,14010897001,1
336,3,14010897001,1
336,4,14010897001,1
336,5,14010897001,1
336,6,14010897001,1
336,7,14010897001,1
336,8,14010897001,1
336,9,14010897001,1
336,10,14010897001,1
336,11,14010897001,1
336,12,14010897001,1
336,13,14010897001,1
336,14,14010897001,1
336,15,14010897001,1
336,16,14010897001,1
336,17,14010897001,1
336,18,14010897001,1
336,19,14010897001,1
336,20,14010897001,1
336,21,14104129001,4
336,22,14104129001,4
336,23,14104129001,4
336,24,14104129001,4
336,25,14104129001,4
336,26,14104129001,4
336,27,14104129001,4
336,28,14104129001,4
336,29,14104129001,4
336,30,14104129001,4
336,31,14104129001,4
336,32,14104129001,1
337,1,14010897001,1
337,2,14010897001,1
337,3,14010897001,1
337,4,14010897001,1
337,5,14010897001,1
337,6,14010897001,1
337,7,14010897001,1
337,8,14010897001,1
337,9,14010897001,1
337,10,14010897001,1
337,11,14010897001,1
337,12,14010897001,1
337,13,14010897001,1
337,14,14010897001,1
337,15,14010897001,1
337,16,14010897001,1
337,17,14010897001,1
337,18,14010897001,1
337,19,14010897001,1
337,20,14010897001,1
338,1,14000073001,2
338,2,14000073001,2
338,3,14000073001,2
338,4,14000073001,2
338,5,14000073001,2
338,6,14000073001,2
338,7,14000073001,2
338,8,14000073001,2
338,9,14000073001,2
338,10,14000073001,2
338,11,14000073001,2
338,12,14000073001,2
338,13,14000073001,2
338,14,14000073001,2
338,15,14000073001,2
338,16,14000073001,2
338,17,14000073001,2
338,18,14000073001,2
338,19,14000073001,2
338,20,14000073001,2
338,21,14000073001,2
338,22,14000073001,2
338,23,14000073001,2
338,24,14000073001,2
338,25,14000073001,2
338,26,14000073001,2
338,27,14000073001,2
338,28,14000073001,2
338,29,14000073001,2
338,30,14000073001,2
338,31,14000073001,2
338,32,14000073001,2
338,33,14000073001,2
338,34,14000073001,2
338,35,14000073001,2
338,36,14000073001,2
338,37,14000073001,2
338,38,14000073001,2
338,39,14000073001,2
338,40,14000073001,2
339,1,12000425001,1
339,2,12010049001,13
339,3,12010049001,3
339,4,12010051001,13
339,5,12010051001,3
339,6,12212020001,2
339,7,12230008001,3
339,8,12230008001,3
339,9,12230008001,3
339,10,12230008001,3
339,11,12230008001,3
339,12,12230008001,3
339,13,12230008001,3
339,14,12230008001,3
339,15,12230008001,3
339,16,14203078001,2
339,17,14203078001,2
339,18,14203078001,2
339,19,14203078001,2
339,20,14203078001,2
339,21,14203078001,2
339,22,14203078001,2
339,23,14203078001,2
339,24,14203078001,2
339,25,14203078001,1
339,26,14213092001,4
339,27,14213092001,4
339,28,14213092001,2
339,29,14241042001,12
339,30,14241042001,4
339,31,14351041001,3
339,32,14509021001,17
339,33,14509021001,17
339,34,14509021001,17
339,35,14509021001,2
340,1,10033031001,6
340,2,10033031001,6
340,3,12000498001,2
340,4,12212006001,12
340,5,12234029001,2
340,6,12234029001,2
340,7,12234029001,2
340,8,12234029001,2
340,9,12234029001,2
340,10,12234029001,2
340,11,12234029001,2
340,12,12234029001,1
340,13,14010897001,1
340,14,14010897001,1
340,15,14010897001,1
340,16,14010897001,1
340,17,14010897001,1
340,18,14011042001,5
340,19,14011042001,5
340,20,14011042001,5
340,21,14011042001,2
340,22,14242056001,7
340,23,14242056001,5
340,24,14352027001,6
340,25,14611022001,6
340,26,14611022001,6
340,27,14611022001,6
340,28,14611022001,6
340,29,14611022001,6
340,30,14611022001,6
340,31,14611022001,6
340,32,14611022001,6
340,33,14611022001,6
340,34,14611022001,6
340,35,14611022001,3
341,1,10035046001,9
341,2,10035046001,9
341,3,10035046001,9
341,4,10035046001,9
341,5,10035046001,9
341,6,10035046001,8
341,7,10040014001,9
341,8,10040014001,9
341,9,10040014001,9
341,10,10040014001,9
341,11,10040014001,9
341,12,10040014001,9
341,13,10040028001,10
341,14,10040028001,2
341,15,12001004001,4
341,16,12212036001,6
341,17,14010210001,10
341,18,14010210001,10
341,19,14010210001,10
341,20,14010210001,4
341,21,14242042001,5
341,22,14242042001,1
341,23,14244021001,2
341,24,14244021001,2
341,25,14244021001,2
341,26,14244021001,2
341,27,14244021001,2
341,28,14244021001,2
341,29,14244021001,2
341,30,14244021001,2
341,31,14244021001,2
341,32,14244021001,2
341,33,14244021001,2
341,34,14244021001,2
341,35,14244021001,2
341,36,14244021001,2
341,37,14351059001,2
342,1,10013003001,24
342,2,10013003001,24
342,3,10013003001,24
342,4,10013003001,24
342,5,10013003001,24
342,6,10013003001,24
342,7,10013003001,24
342,8,10013003001,24
342,9,10013003001,24
342,10,10013003001,24
342,11,10013003001,24
342,12,10013003001,24
342,13,10013003001,12
342,14,10032023001,20
342,15,10032023001,10
342,16,12000504001,2
342,17,12212035001,6
342,18,12323109001,10
342,19,12323109001,10
342,20,12323109001,10
342,21,12323109001,10
342,22,12323109001,10
342,23,12323109001,3
342,24,14001058001,2
342,25,14001058001,2
342,26,14001058001,2
342,27,14001058001,2
342,28,14001058001,2
342,29,14001058001,2
342,30,14001058001,1
342,31,14010247001,11
342,32,14010247001,11
342,33,14010247001,11
342,34,14010247001,10
342,35,14243046001,20
342,36,14243046001,9
342,37,14350011001,2
343,1,14000073001,2
343,2,14000073001,2
343,3,14000073001,2
343,4,14000073001,2
343,5,14000073001,2
343,6,14000073001,2
343,7,14000073001,2
343,8,14000073001,2
343,9,14000073001,2
343,10,14000073001,2
343,11,14000073001,2
343,12,14000073001,2
343,13,14000073001,2
343,14,14000073001,2
343,15,14000073001,2
343,16,14000073001,2
343,17,14000073001,2
343,18,14000073001,2
343,19,14000073001,2
343,20,14000073001,2
343,21,14000073001,2
343,22,14000073001,2
343,23,14000073001,2
343,24,14000073001,2
343,25,14000073001,2
343,26,14000073001,2
343,27,14000073001,2
343,28,14000073001,2
343,29,14000073001,2
343,30,14000073001,2
343,31,14000073001,2
343,32,14000073001,2
343,33,14000073001,2
343,34,14000073001,2
343,35,14000073001,2
343,36,14000073001,2
343,37,14000073001,2
343,38,14000073001,2
343,39,14000073001,2
343,40,14000073001,2
344,1,12000505001,2
344,2,12212037001,6
344,3,14000073001,2
344,4,14000073001,2
344,5,14000073001,2
344,6,14000073001,2
344,7,14000073001,2
344,8,14000073001,2
344,9,14000073001,2
344,10,14000073001,1
344,11,14204125001,9
344,12,14204125001,9
344,13,14204125001,5
344,14,14223045001,7
344,15,14223045001,7
344,16,14223045001,7
344,17,14223045001,7
344,18,14223045001,2
344,19,14242151001,9
344,20,14242151001,3
344,21,14352031001,3
344,22,14500042001,2
344,23,14500042001,2
344,24,14500042001,2
344,25,14500042001,2
344,26,14500042001,2
344,27,14500042001,2
344,28,14500042001,2
344,29,14500042001,2
344,30,14500042001,2
344,31,14500042001,2
344,32,14500042001,2
344,33,14500042001,2
344,34,14500042001,2
344,35,14500042001,2
344,36,14500042001,2
344,37,14500042001,2
344,38,14500042001,2
344,39,14500042001,2
344,40,14500042001,2
345,1,11070007001,5
345,2,11070007001,5
345,3,11070007001,5
345,4,11070007001,5
345,5,11070007001,5
345,6,11070007001,5
345,7,11070007001,5
345,8,11070007001,5
345,9,11070007001,5
345,10,11070007001,5
345,11,11070007001,5
345,12,11070007001,5
345,13,11070007001,5
345,14,11070007001,5
345,15,11070007001,5
345,16,11070007001,5
345,17,11070007001,5
345,18,11070007001,5
345,19,11070007001,5
345,20,11070007001,5
345,21,11070007001,5
345,22,11070007001,5
345,23,11070007001,5
345,24,11070007001,5
345,25,11070007001,5
345,26,11070007001,5
345,27,11070007001,5
345,28,11070007001,5
345,29,11070007001,5
345,30,11070007001,5
345,31,11070007001,5
345,32,11070007001,5
345,33,11070007001,5
345,34,11070007001,5
345,35,11070007001,5
345,36,11070007001,5
345,37,11070007001,5
345,38,11070007001,5
345,39,11070007001,5
345,40,11070007001,5
346,1,14011029001,2
346,2,14011029001,2
346,3,14011029001,2
346,4,14011029001,2
346,5,14011029001,2
346,6,14011029001,2
346,7,14011029001,2
346,8,14011029001,2
346,9,14011029001,2
346,10,14011029001,2
346,11,14011029001,2
346,12,14011029001,2
346,13,14011029001,2
346,14,14011029001,2
346,15,14011029001,2
346,16,14011029001,2
346,17,14011029001,2
346,18,14011029001,2
346,19,14011029001,2
346,20,14011029001,2
346,21,14011029001,2
346,22,14011029001,2
346,23,14011029001,2
346,24,14011029001,2
346,25,14011029001,2
346,26,14011029001,2
346,27,14011029001,2
346,28,14011029001,2
346,29,14011029001,2
346,30,14011029001,2
346,31,14011029001,2
346,32,14011029001,2
346,33,14011029001,2
346,34,14011029001,2
346,35,14011029001,2
346,36,14011029001,2
346,37,14011029001,2
346,38,14011029001,2
346,39,14011029001,2
346,40,14011029001,2
347,1,10002019001,10
347,2,10002019001,10
347,3,10002019001,10
347,4,10002019001,10
347,5,10002019001,10
347,6,10002019001,10
347,7,10002019001,10
347,8,10002019001,10
347,9,10002019001,10
347,10,10002019001,10
347,11,10002019001,10
347,12,10002019001,10
347,13,10002019001,10
347,14,10002019001,10
347,15,10002019001,10
347,16,10002019001,10
347,17,10002019001,10
347,18,10002019001,10
347,19,10002019001,10
347,20,10002019001,10
347,21,10002019001,10
347,22,10002019001,10
347,23,10002019001,10
347,24,10002019001,10
347,25,10002019001,10
347,26,10002019001,10
347,27,10002019001,10
347,28,10002019001,10
347,29,10002019001,10
347,30,10002019001,10
347,31,10002019001,10
347,32,10002019001,10
347,33,10002019001,10
347,34,10002019001,10
347,35,10002019001,10
347,36,10002019001,10
347,37,10002019001,10
347,38,10002019001,10
347,39,10002019001,10
347,40,10002019001,10
348,1,10016020001,5
348,2,10016020001,5
348,3,10016020001,5
348,4,10016020001,5
348,5,10016020001,5
348,6,10016020001,5
348,7,10016020001,5
348,8,10016020001,5
348,9,10016020001,5
348,10,10016020001,5
348,11,10016020001,5
348,12,10016020001,5
348,13,10016020001,4
348,14,10052014001,9
348,15,10052014001,3
348,16,12001038001,5
348,17,12012165001,14
348,18,12012165001,14
348,19,12012165001,14
348,20,12012165001,11
348,21,12212040001,2
348,22,14020949001,3
348,23,14020949001,3
348,24,14020949001,3
348,25,14020949001,2
348,26,14023027001,3
348,27,14023027001,3
348,28,14023027001,3
348,29,14023027001,3
348,30,14023027001,3
348,31,14023027001,3
348,32,14023027001,3
348,33,14243012001,11
348,34,14243012001,1
348,35,14351017001,2
349,1,14011053001,3
349,2,14011053001,3
349,3,14011053001,3
349,4,14011053001,3
349,5,14011053001,3
349,6,14011053001,3
349,7,14011053001,3
349,8,14011053001,3
349,9,14011053001,3
349,10,14011053001,3
349,11,14011053001,3
349,12,14011053001,3
349,13,14011053001,3
349,14,14011053001,3
349,15,14011053001,3
349,16,14011053001,3
349,17,14011053001,3
349,18,14011053001,3
349,19,14011053001,3
349,20,14011053001,3
349,21,14011053001,3
349,22,14011053001,3
349,23,14011053001,3
349,24,14011053001,3
349,25,14011053001,3
349,26,14011053001,3
349,27,14011053001,3
349,28,14011053001,3
349,29,14011053001,3
349,30,14011053001,3
349,31,14011053001,3
349,32,14011053001,3
349,33,14011053001,3
349,34,14011053001,3
349,35,14011053001,3
349,36,14011053001,3
349,37,14011053001,3
349,38,14011053001,3
349,39,14011053001,3
349,40,14011053001,3
350,1,10052017001,7
350,2,10052017001,5
350,3,12000059001,6
350,4,12000059001,6
350,5,12000059001,6
350,6,12000059001,6
350,7,12000059001,3
350,8,12001026001,5
350,9,12100023001,3
350,10,12100023001,3
350,11,12100023001,2
350,12,12212057001,2
350,13,14011053001,3
350,14,14011053001,3
350,15,14011053001,3
350,16,14011053001,3
350,17,14011053001,3
350,18,14011053001,1
350,19,14243042001,20
350,20,14243042001,4
350,21,14352058001,4
350,22,14505138001,6
350,23,14505138001,6
350,24,14505138001,6
350,25,14505138001,6
350,26,14505138001,6
350,27,14505138001,6
350,28,14505138001,6
350,29,14505138001,6
350,30,14505138001,6
350,31,14505138001,6
350,32,14505138001,6
350,33,14505138001,6
350,34,14505138001,6
350,35,14505138001,6
350,36,14505138001,6
350,37,14505138001,6
350,38,14505138001,6
350,39,14505138001,6
350,40,14505138001,6
351,1,10040021001,10
351,2,10040021001,10
351,3,10040021001,10
351,4,10040021001,10
351,5,10040021001,10
351,6,10040021001,10
351,7,10052035001,7
351,8,10052035001,3
351,9,11021095001,11
351,10,11021095001,11
351,11,11021095001,11
351,12,11021095001,11
351,13,11021095001,9
351,14,12001019001,3
351,15,12234915001,1
351,16,14011010001,5
351,17,14011010001,5
351,18,14011010001,5
351,19,14011010001,1
351,20,14244059001,20
351,21,14244059001,12
351,22,14353017001,4
351,23,14504001001,10
351,24,14504001001,10
351,25,14504001001,10
351,26,14504001001,10
351,27,14504001001,10
351,28,14504001001,10
351,29,14504001001,10
351,30,14504001001,10
351,31,14504001001,10
351,32,14504001001,10
351,33,14504001001,10
351,34,14504001001,10
351,35,14504001001,10
351,36,14504001001,5
352,1,11070007001,5
352,2,11070007001,5
352,3,11070007001,5
352,4,11070007001,5
352,5,11070007001,5
352,6,11070007001,5
352,7,11070007001,5
352,8,11070007001,5
352,9,11070007001,5
352,10,11070007001,5
352,11,11070007001,5
352,12,11070007001,5
352,13,11070007001,5
352,14,11070007001,5
352,15,11070007001,5
352,16,11070007001,5
352,17,11070007001,5
352,18,11070007001,5
352,19,11070007001,5
352,20,11070007001,5
352,21,11070007001,5
352,22,11070007001,5
352,23,11070007001,5
352,24,11070007001,5
352,25,11070007001,5
352,26,11070007001,5
352,27,11070007001,5
352,28,11070007001,5
352,29,11070007001,5
352,30,11070007001,5
352,31,11070007001,5
352,32,11070007001,5
352,33,11070007001,5
352,34,11070007001,5
352,35,11070007001,5
352,36,11070007001,5
352,37,11070007001,5
352,38,11070007001,5
352,39,11070007001,5
352,40,11070007001,5
353,1,11010019001,6
353,2,11010019001,1
353,3,11070007001,5
353,4,11070007001,5
353,5,11070007001,5
353,6,11070007001,5
353,7,11070007001,2
353,8,12000179001,8
353,9,12000179001,8
353,10,12000179001,8
353,11,12000179001,8
353,12,12000179001,5
353,13,12001027001,1
353,14,12100003001,5
353,15,12100003001,5
353,16,12100003001,4
353,17,12212056001,3
353,18,14243045001,20
353,19,14243045001,5
353,20,14352076001,2
353,21,14503005001,12
353,22,14503005001,12
353,23,14503005001,12
353,24,14503005001,12
353,25,14503005001,12
353,26,14503005001,12
353,27,14503005001,12
353,28,14503005001,12
353,29,14503005001,12
353,30,14503005001,12
353,31,14503005001,12
353,32,14503005001,12
353,33,14503005001,12
353,34,14503005001,12
353,35,14503005001,12
353,36,14503005001,12
353,37,14503005001,12
353,38,14503005001,12
353,39,14503005001,12
353,40,14503005001,4
354,1,10002019001,10
354,2,10002019001,10
354,3,10002019001,10
354,4,10002019001,10
354,5,10002019001,10
354,6,10002019001,10
354,7,10002019001,10
354,8,10002019001,10
354,9,10002019001,10
354,10,10002019001,10
354,11,10002019001,10
354,12,10002019001,10
354,13,10002019001,10
354,14,10002019001,10
354,15,10002019001,10
354,16,10002019001,10
354,17,10002019001,10
354,18,10002019001,10
354,19,10002019001,10
354,20,10002019001,10
354,21,10002019001,10
354,22,10002019001,10
354,23,10002019001,10
354,24,10002019001,10
354,25,10002019001,10
354,26,10002019001,10
354,27,10002019001,10
354,28,10002019001,10
354,29,10002019001,10
354,30,10002019001,10
354,31,10002019001,10
354,32,10002019001,10
354,33,10002019001,10
354,34,10002019001,10
354,35,10002019001,10
354,36,10002019001,10
354,37,10002019001,10
354,38,10002019001,10
354,39,10002019001,10
354,40,10002019001,10
355,1,10032059001,9
355,2,10032059001,9
355,3,10032059001,9
355,4,10032059001,9
355,5,10032059001,9
355,6,10032059001,3
355,7,11010020001,4
355,8,11010020001,1
355,9,11073905001,8
355,10,11073905001,8
355,11,11073905001,8
355,12,11073905001,8
355,13,11073905001,8
355,14,11073905001,8
355,15,11073905001,5
355,16,12001049001,6
355,17,12212058001,6
355,18,14011009001,5
355,19,14011009001,5
355,20,14011009001,5
355,21,14011009001,4
355,22,14301108001,6
355,23,14301108001,2
355,24,14353001001,2
355,25,14501031001,6
355,26,14501031001,6
355,27,14501031001,6
355,28,14501031001,6
355,29,14501031001,6
355,30,14501031001,6
355,31,14501031001,6
355,32,14501031001,6
355,33,14501031001,6
355,34,14501031001,6
355,35,14501031001,6
355,36,14501031001,6
355,37,14501031001,6
355,38,14501031001,6
356,1,10002019001,4
356,2,10053903001,7
356,3,10053903001,5
356,4,12001112001,5
356,5,12234038001,1
356,6,14011032001,5
356,7,14011032001,5
356,8,14011032001,5
356,9,14011032001,5
356,10,14011032001,5
356,11,14011032001,5
356,12,14011032001,5
356,13,14011032001,5
356,14,14011032001,5
356,15,14011032001,5
356,16,14011032001,5
356,17,14011032001,5
356,18,14011032001,5
356,19,14011032001,5
356,20,14011032001,5
356,21,14011032001,5
356,22,14011032001,5
356,23,14011032001,5
356,24,14011032001,5
356,25,14011032001,5
356,26,14011032001,2
356,27,14022003001,5
356,28,14022003001,5
356,29,14022003001,5
356,30,14022003001,4
356,31,14022032001,4
356,32,14022032001,4
356,33,14022032001,4
356,34,14022032001,4
356,35,14022032001,4
356,36,14022032001,4
356,37,14022032001,3
356,38,14244053001,9
356,39,14244053001,6
356,40,14353016001,1
357,1,14011029001,2
357,2,14011029001,2
357,3,14011029001,2
357,4,14011029001,2
357,5,14011029001,2
357,6,14011029001,2
357,7,14011029001,2
357,8,14011029001,2
357,9,14011029001,2
357,10,14011029001,2
357,11,14011029001,2
357,12,14011029001,2
357,13,14011029001,2
357,14,14011029001,2
357,15,14011029001,2
357,16,14011029001,2
357,17,14011029001,2
357,18,14011029001,2
357,19,14011029001,2
357,20,14011029001,2
357,21,14011029001,2
357,22,14011029001,2
357,23,14011029001,2
357,24,14011029001,2
357,25,14011029001,2
357,26,14011029001,2
357,27,14011029001,2
357,28,14011029001,2
357,29,14011029001,2
357,30,14011029001,2
357,31,14011029001,2
357,32,14011029001,2
357,33,14011029001,2
357,34,14011029001,2
357,35,14011029001,2
357,36,14011029001,2
357,37,14011029001,2
357,38,14011029001,2
357,39,14011029001,2
357,40,14011029001,2
358,1,10040016001,7
358,2,10040016001,7
358,3,10040016001,7
358,4,10040016001,7
358,5,10040016001,7
358,6,10040016001,7
358,7,10040016001,7
358,8,10040016001,7
358,9,10040016001,7
358,10,10040016001,7
358,11,10040016001,7
358,12,10040016001,7
358,13,10040016001,7
358,14,10040016001,7
358,15,10040016001,7
358,16,10040016001,7
358,17,10040016001,7
358,18,10040016001,7
358,19,10040016001,7
358,20,10040016001,7
358,21,11010022001,4
358,22,11010022001,2
358,23,12002159001,2
358,24,12102080001,4
358,25,12102080001,4
358,26,12102080001,2
358,27,12301004001,3
358,28,14011029001,2
358,29,14011029001,2
358,30,14011029001,2
358,31,14011029001,2
358,32,14130001001,4
358,33,14130001001,4
358,34,14130001001,4
358,35,14130001001,4
358,36,14130001001,4
358,37,14130001001,1
358,38,14243166001,5
358,39,14243166001,2
358,40,14353025001,5
359,1,10001012001,13
359,2,10001012001,13
359,3,10001012001,13
359,4,10001012001,13
359,5,10001012001,13
359,6,10001012001,13
359,7,10001012001,13
359,8,10001012001,13
359,9,10001012001,13
359,10,10001012001,13
359,11,10001012001,13
359,12,10001012001,13
359,13,10001012001,13
359,14,10001012001,13
359,15,10001012001,13
359,16,10001012001,13
359,17,10001012001,13
359,18,10001012001,13
359,19,10001012001,13
359,20,10001012001,13
359,21,10001012001,13
359,22,10001012001,13
359,23,10001012001,13
359,24,10001012001,13
359,25,10001012001,13
359,26,10001012001,13
359,27,10001012001,13
359,28,10001012001,13
359,29,10001012001,13
359,30,10001012001,13
359,31,10001012001,13
359,32,10001012001,13
359,33,10001012001,13
359,34,10001012001,13
359,35,10001012001,13
359,36,10001012001,13
359,37,10001012001,13
359,38,10001012001,13
359,39,10001012001,13
359,40,10001012001,13
360,1,10040044001,9
360,2,10040044001,9
360,3,10040044001,9
360,4,10040044001,9
360,5,10040044001,9
360,6,10040044001,6
360,7,11020002001,3
360,8,11020002001,3
360,9,11070006001,10
360,10,11070006001,10
360,11,11070006001,10
360,12,11070006001,10
360,13,11070006001,10
360,14,11070006001,3
360,15,12002018001,1
360,16,12324139001,1
360,17,14020008001,6
360,18,14020008001,6
360,19,14020008001,6
360,20,14020008001,3
360,21,14300046001,2
360,22,14300046001,1
360,23,14353035001,2
360,24,14505911001,7
360,25,14505911001,7
360,26,14505911001,7
360,27,14505911001,7
360,28,14505911001,7
360,29,14505911001,7
360,30,14505911001,7
360,31,14505911001,7
360,32,14505911001,7
360,33,14505911001,7
360,34,14505911001,7
360,35,14505911001,7
360,36,14505911001,7
360,37,14505911001,5
361,1,10033018001,9
361,2,10033018001,9
361,3,10033018001,9
361,4,10033018001,9
361,5,10033018001,9
361,6,10033018001,9
361,7,10033018001,9
361,8,10033018001,9
361,9,10033018001,9
361,10,10033018001,9
361,11,10033018001,9
361,12,10033018001,9
361,13,10033018001,9
361,14,10033018001,9
361,15,10033018001,9
361,16,10033018001,9
361,17,10033018001,9
361,18,10033018001,9
361,19,10033018001,9
361,20,10033018001,9
361,21,10033018001,9
361,22,10033018001,9
361,23,10033018001,9
361,24,10033018001,9
361,25,10033018001,9
361,26,10033018001,9
361,27,10033018001,9
361,28,10033018001,9
361,29,10033018001,9
361,30,10033018001,9
361,31,10033018001,9
361,32,10033018001,9
361,33,10033018001,9
361,34,10033018001,9
361,35,10033018001,9
361,36,10033018001,9
361,37,10033018001,9
361,38,10033018001,9
361,39,10033018001,9
361,40,10033018001,9
362,1,10001012001,13
362,2,10001012001,13
362,3,10001012001,13
362,4,10001012001,13
362,5,10001012001,13
362,6,10001012001,13
362,7,10001012001,13
362,8,10001012001,13
362,9,10001012001,13
362,10,10001012001,13
362,11,10001012001,13
362,12,10001012001,13
362,13,10001012001,13
362,14,10001012001,13
362,15,10001012001,13
362,16,10001012001,13
362,17,10001012001,13
362,18,10001012001,13
362,19,10001012001,13
362,20,10001012001,13
362,21,10001012001,13
362,22,10001012001,13
362,23,10001012001,13
362,24,10001012001,13
362,25,10001012001,13
362,26,10001012001,13
362,27,10001012001,13
362,28,10001012001,13
362,29,10001012001,13
362,30,10001012001,13
362,31,10001012001,13
362,32,10001012001,13
362,33,10001012001,13
362,34,10001012001,13
362,35,10001012001,13
362,36,10001012001,9
362,37,11030097001,1
362,38,12001999001,1
362,39,12323010001,1
362,40,14353023001,3
363,1,10033018001,9
363,2,10033018001,9
363,3,10033018001,9
363,4,10033018001,9
363,5,10033018001,9
363,6,10033018001,9
363,7,10033018001,9
363,8,10033018001,9
363,9,10033018001,9
363,10,10033018001,9
363,11,10033018001,9
363,12,10033018001,9
363,13,10033018001,9
363,14,10033018001,9
363,15,10033018001,9
363,16,10033018001,9
363,17,10033018001,9
363,18,10033018001,9
363,19,10033018001,9
363,20,10033018001,9
363,21,10033018001,9
363,22,10033018001,9
363,23,10033018001,9
363,24,10033018001,9
363,25,10033018001,9
363,26,10033018001,9
363,27,10033018001,9
363,28,10033018001,9
363,29,10033018001,9
363,30,10033018001,9
363,31,10033018001,9
363,32,10033018001,9
363,33,10033018001,9
363,34,10033018001,9
363,35,10033018001,9
363,36,10033018001,9
363,37,10033018001,9
363,38,10033018001,3
363,39,12325047001,1
363,40,14353045001,4
364,1,10040026001,12
364,2,10040026001,12
364,3,10040026001,12
364,4,10040026001,12
364,5,10040026001,12
364,6,10040026001,10
364,7,11010001001,7
364,8,11010001001,1
364,9,12002013001,2
364,10,12327002001,2
364,11,14020956001,2
364,12,14020956001,2
364,13,14020956001,2
364,14,14020956001,2
364,15,14300008001,3
364,16,14300008001,1
364,17,14353047001,1
364,18,14615070001,7
364,19,14615070001,7
364,20,14615070001,7
364,21,14615070001,7
364,22,14615070001,7
364,23,14615070001,7
364,24,14615070001,7
364,25,14615070001,7
364,26,14615070001,7
364,27,14615070001,7
364,28,14615070001,7
364,29,14615070001,7
364,30,14615070001,7
364,31,14615070001,3
364,32,14620035001,21
364,33,14620035001,21
364,34,14620035001,11
365,1,10012004001,6
365,2,10012004001,6
365,3,10012004001,6
365,4,10012004001,6
365,5,10012004001,6
365,6,10012004001,6
365,7,10012004001,6
365,8,10012004001,6
365,9,10012004001,6
365,10,10012004001,6
365,11,10012004001,6
365,12,10012004001,6
365,13,10012004001,6
365,14,10012004001,6
365,15,10012004001,6
365,16,10012004001,6
365,17,10012004001,6
365,18,10012004001,6
365,19,10012004001,6
365,20,10012004001,6
365,21,10012004001,6
365,22,10012004001,6
365,23,10012004001,6
365,24,10012004001,6
365,25,10012004001,6
365,26,10012004001,6
365,27,10012004001,6
365,28,10012004001,6
365,29,10012004001,6
365,30,10012004001,6
365,31,10012004001,6
365,32,10012004001,6
365,33,10012004001,6
365,34,10012004001,6
365,35,10012004001,6
365,36,10012004001,6
365,37,10012004001,6
365,38,10012004001,6
365,39,10012004001,6
365,40,10012004001,6
366,1,11030128001,12
366,2,11103022001,4
366,3,11103022001,4
366,4,11103022001,4
366,5,11103022001,4
366,6,11103022001,4
366,7,11103022001,4
366,8,11103022001,4
366,9,11103022001,4
366,10,11103022001,4
366,11,11103022001,4
366,12,11103022001,4
366,13,11103022001,4
366,14,11103086002,5
366,15,11103086002,5
366,16,11103086002,5
366,17,11103086002,5
366,18,11103086002,5
366,19,11103086002,5
366,20,11103086002,5
366,21,11112005001,6
366,22,11112005001,6
366,23,11112005001,6
366,24,11112005001,4
366,25,12002107001,1
366,26,12326152001,4
366,27,14353040001,3
367,1,10012004001,6
367,2,10012004001,6
367,3,10012004001,6
367,4,10012004001,6
367,5,10012004001,6
367,6,10012004001,6
367,7,10012004001,6
367,8,10012004001,6
367,9,10012004001,6
367,10,10012004001,6
367,11,10012004001,6
367,12,10012004001,6
367,13,10012004001,6
367,14,10012004001,6
367,15,10012004001,6
367,16,10012004001,6
367,17,10012004001,6
367,18,10012004001,6
367,19,10012004001,6
367,20,10012004001,6
367,21,10012004001,6
367,22,10012004001,6
367,23,10012004001,6
367,24,10012004001,6
367,25,10012004001,6
367,26,10012004001,6
367,27,10012004001,6
367,28,10012004001,6
367,29,10012004001,6
367,30,10012004001,6
367,31,10012004001,6
367,32,10012004001,6
367,33,10012004001,6
367,34,10012004001,2
367,35,11031901001,1
367,36,12002052001,2
367,37,12122014001,8
367,38,12122014001,2
367,39,12327025001,3
367,40,14360001001,1
368,1,10033044001,7
368,2,10033044001,7
368,3,10033044001,7
368,4,10033044001,7
368,5,10033044001,7
368,6,10033044001,7
368,7,10033044001,7
368,8,10033044001,7
368,9,10033044001,7
368,10,10033044001,7
368,11,10033044001,7
368,12,10033044001,7
368,13,10033044001,7
368,14,11010023001,4
368,15,11010023001,2
368,16,12000285001,17
368,17,12000285001,17
368,18,12000285001,17
368,19,12000285001,2
368,20,12002114001,1
368,21,12301010001,8
368,22,14011051001,7
368,23,14011051001,7
368,24,14011051001,7
368,25,14011051001,1
368,26,14023044001,5
368,27,14023044001,5
368,28,14023044001,5
368,29,14023044001,5
368,30,14023044001,5
368,31,14023044001,5
368,32,14023044001,3
368,33,14303933001,5
368,34,14303933001,2
368,35,14361004001,4
369,1,10021009001,6
369,2,10021009001,6
369,3,10021009001,6
369,4,10021009001,6
369,5,10021009001,6
369,6,10021009001,6
369,7,10021009001,6
369,8,10021009001,6
369,9,10021009001,6
369,10,10021009001,6
369,11,10021009001,6
369,12,10021009001,6
369,13,10021009001,6
369,14,10021009001,6
369,15,10021009001,6
369,16,10021009001,6
369,17,10021009001,6
369,18,10021009001,6
369,19,10021009001,6
369,20,10021009001,6
369,21,10021009001,6
369,22,10021009001,6
369,23,10021009001,6
369,24,10021009001,6
369,25,10021009001,6
369,26,10021009001,6
369,27,10021009001,6
369,28,10021009001,6
369,29,10021009001,6
369,30,10021009001,6
369,31,10021009001,6
369,32,10021009001,6
369,33,10021009001,6
369,34,10021009001,6
369,35,10021009001,6
369,36,10021009001,6
369,37,10021009001,6
369,38,10021009001,6
369,39,10021009001,6
369,40,10021009001,6
370,1,10031013001,12
370,2,10031013001,12
370,3,10031013001,12
370,4,10031013001,12
370,5,10031013001,12
370,6,10031013001,12
370,7,10031013001,12
370,8,10031013001,12
370,9,10031013001,12
370,10,10031013001,12
370,11,10031013001,12
370,12,10031013001,12
370,13,10031013001,12
370,14,10031013001,12
370,15,10031013001,12
370,16,10031013001,12
370,17,10031013001,12
370,18,10031013001,12
370,19,10031013001,12
370,20,10031013001,12
370,21,10031013001,12
370,22,10031013001,12
370,23,10031013001,12
370,24,10031013001,12
370,25,10031013001,12
370,26,10031013001,12
370,27,10031013001,12
370,28,10031013001,12
370,29,10031013001,12
370,30,10031013001,12
370,31,10031013001,12
370,32,10031013001,12
370,33,10031013001,12
370,34,10031013001,12
370,35,10031013001,12
370,36,10031013001,12
370,37,10031013001,12
370,38,10031013001,12
370,39,10031013001,12
370,40,10031013001,12
371,1,10041016001,7
371,2,10041016001,7
371,3,10041016001,7
371,4,10041016001,7
371,5,10041016001,7
371,6,10041016001,7
371,7,10041016001,7
371,8,10041016001,4
371,9,10041033001,5
371,10,10041033001,5
371,11,10041033001,5
371,12,10041033001,5
371,13,10041033001,5
371,14,10041033001,5
371,15,10041033001,5
371,16,10041033001,5
371,17,10041033001,5
371,18,10041033001,5
371,19,10041033001,5
371,20,10041033001,5
371,21,10041033001,4
371,22,11021071001,5
371,23,11021071001,5
371,24,12003084001,2
371,25,12327050001,3
371,26,14020013001,9
371,27,14020013001,9
371,28,14020013001,9
371,29,14020013001,8
371,30,14023194001,1
371,31,14023194001,1
371,32,14023194001,1
371,33,14023194001,1
371,34,14023194001,1
371,35,14023194001,1
371,36,14023194001,1
371,37,14303897001,6
371,38,14303897001,1
371,39,14360044001,2
372,1,14104146001,1
372,2,14104146001,1
372,3,14104146001,1
372,4,14104146001,1
372,5,14104146001,1
372,6,14104146001,1
372,7,14104146001,1
372,8,14104146001,1
372,9,14104146001,1
372,10,14104146001,1
372,11,14104146001,1
372,12,14104146001,1
372,13,14104146001,1
372,14,14104146001,1
372,15,14104146001,1
372,16,14104146001,1
372,17,14104146001,1
372,18,14104146001,1
372,19,14104146001,1
372,20,14104146001,1
372,21,14104146001,1
372,22,14104146001,1
372,23,14104146001,1
372,24,14104146001,1
372,25,14104146001,1
372,26,14104146001,1
372,27,14104146001,1
372,28,14104146001,1
372,29,14104146001,1
372,30,14104146001,1
372,31,14104146001,1
372,32,14104146001,1
372,33,14104146001,1
372,34,14104146001,1
372,35,14104146001,1
372,36,14104146001,1
372,37,14104146001,1
372,38,14104146001,1
372,39,14104146001,1
372,40,14104146001,1
373,1,10021009001,6
373,2,10021009001,6
373,3,10021009001,6
373,4,10021009001,6
373,5,10021009001,6
373,6,10021009001,6
373,7,10021009001,6
373,8,10021009001,6
373,9,10021009001,6
373,10,10021009001,6
373,11,10021009001,6
373,12,10021009001,6
373,13,10021009001,6
373,14,10021009001,6
373,15,10021009001,6
373,16,10021009001,6
373,17,10021009001,6
373,18,10021009001,6
373,19,10021009001,6
373,20,10021009001,6
373,21,10021009001,6
373,22,10021009001,6
373,23,10021009001,6
373,24,10021009001,6
373,25,10021009001,6
373,26,10021009001,6
373,27,10021009001,6
373,28,10021009001,6
373,29,10021009001,6
373,30,10021009001,6
373,31,10021009001,6
373,32,10021009001,6
373,33,10021009001,6
373,34,10021009001,6
373,35,10021009001,6
373,36,10021009001,6
373,37,11030183002,4
373,38,12003006001,1
373,39,12327040001,3
373,40,14353052001,4
374,1,11020003001,3
374,2,11020003001,2
374,3,12000080001,12
374,4,12000080001,12
374,5,12000080001,12
374,6,12000080001,12
374,7,12000080001,5
374,8,12003090001,2
374,9,12327064001,2
374,10,14020951001,5
374,11,14020951001,5
374,12,14020951001,5
374,13,14020951001,4
374,14,14111015001,1
374,15,14111015001,1
374,16,14111015001,1
374,17,14111015001,1
374,18,14111015001,1
374,19,14111015001,1
374,20,14111015001,1
374,21,14303934001,5
374,22,14303934001,2
374,23,14360019001,1
374,24,14501022001,15
374,25,14501022001,15
374,26,14501022001,15
374,27,14501022001,15
374,28,14501022001,15
374,29,14501022001,15
374,30,14501022001,15
374,31,14501022001,15
374,32,14501022001,15
374,33,14501022001,15
374,34,14501022001,15
374,35,14501022001,15
374,36,14501022001,6
375,1,14023028001,2
375,2,14023028001,2
375,3,14023028001,2
375,4,14023028001,2
375,5,14023028001,2
375,6,14023028001,2
375,7,14023028001,2
375,8,14023028001,2
375,9,14023028001,2
375,10,14023028001,2
375,11,14023028001,2
375,12,14023028001,2
375,13,14023028001,2
375,14,14023028001,2
375,15,14023028001,2
375,16,14023028001,2
375,17,14023028001,2
375,18,14023028001,2
375,19,14023028001,2
375,20,14023028001,2
375,21,14023028001,2
375,22,14023028001,2
375,23,14023028001,2
375,24,14023028001,2
375,25,14023028001,2
375,26,14023028001,2
375,27,14023028001,2
375,28,14023028001,2
375,29,14023028001,2
375,30,14023028001,2
375,31,14023028001,2
375,32,14023028001,2
375,33,14023028001,2
375,34,14023028001,2
375,35,14023028001,2
375,36,14023028001,2
375,37,14023028001,2
375,38,14023028001,2
375,39,14023028001,2
375,40,14023028001,2
376,1,11031022001,4
376,2,12003134001,2
376,3,12122015001,2
376,4,12122015001,2
376,5,12327048001,2
376,6,14023028001,2
376,7,14023028001,2
376,8,14023028001,2
376,9,14023028001,2
376,10,14023028001,2
376,11,14023028001,2
376,12,14023028001,2
376,13,14023028001,2
376,14,14023028001,2
376,15,14023028001,2
376,16,14023028001,2
376,17,14023028001,2
376,18,14023028001,2
376,19,14023028001,2
376,20,14023028001,2
376,21,14023028001,2
376,22,14023028001,2
376,23,14023028001,2
376,24,14023028001,2
376,25,14023028001,2
376,26,14023028001,2
376,27,14023028001,2
376,28,14023028001,2
376,29,14023028001,2
376,30,14023028001,2
376,31,14023028001,2
376,32,14023028001,2
376,33,14023028001,2
376,34,14023028001,2
376,35,14023028001,2
376,36,14023028001,2
376,37,14023028001,2
376,38,14023028001,2
376,39,14023028001,2
376,40,14361008001,4
377,1,10031013001,12
377,2,10031013001,12
377,3,10031013001,12
377,4,10031013001,12
377,5,10031013001,12
377,6,10031013001,12
377,7,10031013001,12
377,8,10031013001,12
377,9,10031013001,12
377,10,10031013001,12
377,11,10031013001,12
377,12,10031013001,12
377,13,10031013001,12
377,14,10031013001,12
377,15,10031013001,12
377,16,10031013001,12
377,17,10031013001,12
377,18,10031013001,12
377,19,10031013001,12
377,20,10031013001,12
377,21,10031013001,12
377,22,10031013001,12
377,23,10031013001,12
377,24,10031013001,12
377,25,10031013001,12
377,26,10031013001,12
377,27,10031013001,12
377,28,10031013001,12
377,29,10031013001,12
377,30,10031013001,12
377,31,10031013001,12
377,32,10031013001,12
377,33,10031013001,12
377,34,11022007001,7
377,35,11022007001,1
377,36,12003911001,1
377,37,12327088001,2
377,38,14303048001,5
377,39,14303048001,1
377,40,14361009001,3
378,1,14505016001,4
378,2,14505016001,4
378,3,14505016001,4
378,4,14505016001,4
378,5,14505016001,4
378,6,14505016001,4
378,7,14505016001,4
378,8,14505016001,4
378,9,14505016001,4
378,10,14505016001,4
378,11,14505016001,4
378,12,14505016001,4
378,13,14505016001,4
378,14,14505016001,4
378,15,14505016001,4
378,16,14505016001,4
378,17,14505016001,4
378,18,14505016001,4
378,19,14505016001,4
378,20,14505016001,4
378,21,14505016001,4
378,22,14505016001,4
378,23,14505016001,4
378,24,14505016001,4
378,25,14505016001,4
378,26,14505016001,4
378,27,14505016001,4
378,28,14505016001,4
378,29,14505016001,4
378,30,14505016001,4
378,31,14505016001,4
378,32,14505016001,4
378,33,14505016001,4
378,34,14505016001,4
378,35,14505016001,4
378,36,14505016001,4
378,37,14505016001,4
378,38,14505016001,4
378,39,14505016001,4
378,40,14505016001,4
379,1,10021035001,28
379,2,10021035001,28
379,3,10021035001,28
379,4,10021035001,28
379,5,10021035001,28
379,6,10021035001,28
379,7,10021035001,28
379,8,10021035001,28
379,9,10021035001,28
379,10,10021035001,28
379,11,10021035001,28
379,12,10021035001,28
379,13,10021035001,6
379,14,11022012001,4
379,15,11022012001,1
379,16,12005003001,7
379,17,12012012001,15
379,18,12012012001,15
379,19,12012012001,15
379,20,12012012001,8
379,21,14000061001,6
379,22,14022002001,5
379,23,14022002001,5
379,24,14022002001,5
379,25,14022002001,1
379,26,14111037001,2
379,27,14111037001,2
379,28,14111037001,2
379,29,14111037001,2
379,30,14111037001,2
379,31,14111037001,2
379,32,14111037001,2
379,33,14311041001,7
379,34,14311041001,6
379,35,14361002001,3
380,1,10024001001,10
380,2,10024001001,10
380,3,10024001001,10
380,4,10024001001,10
380,5,10024001001,10
380,6,10024001001,10
380,7,10024001001,10
380,8,10024001001,10
380,9,10024001001,10
380,10,10024001001,10
380,11,10024001001,10
380,12,10024001001,10
380,13,10024001001,6
380,14,11022067001,9
380,15,11022067001,1
380,16,12003111001,2
380,17,12110074001,22
380,18,12110074001,22
380,19,12110074001,9
380,20,12327059001,2
380,21,14022029001,5
380,22,14022029001,5
380,23,14022029001,5
380,24,14022029001,2
380,25,14131020001,4
380,26,14131020001,4
380,27,14131020001,4
380,28,14131020001,4
380,29,14131020001,4
380,30,14131020001,4
380,31,14131020001,3
380,32,14304001001,2
380,33,14304001001,1
380,34,14361011001,2
381,1,11022082001,9
381,2,11022082001,3
381,3,12004016001,17
381,4,14000036001,4
381,5,14104146001,1
381,6,14104146001,1
381,7,14104146001,1
381,8,14104146001,1
381,9,14104146001,1
381,10,14104146001,1
381,11,14104146001,1
381,12,14104146001,1
381,13,14104146001,1
381,14,14104146001,1
381,15,14104146001,1
381,16,14104146001,1
381,17,14104146001,1
381,18,14104146001,1
381,19,14104146001,1
381,20,14104146001,1
381,21,14104146001,1
381,22,14104146001,1
381,23,14104146001,1
381,24,14104146001,1
381,25,14104146001,1
381,26,14104146001,1
381,27,14104146001,1
381,28,14104146001,1
381,29,14104146001,1
381,30,14104146001,1
381,31,14104146001,1
381,32,14104146001,1
381,33,14104146001,1
381,34,14104146001,1
381,35,14104146001,1
381,36,14104146001,1
381,37,14104146001,1
381,38,14304028001,2
381,39,14304028001,1
381,40,14361022001,3
382,1,12005003002,6
382,2,14000067001,6
382,3,14204132001,9
382,4,14204132001,9
382,5,14204132001,3
382,6,14304194001,5
382,7,14304194001,1
382,8,14361086001,4
382,9,14505016001,4
382,10,14505016001,4
382,11,14505016001,4
382,12,14505016001,4
382,13,14505016001,4
382,14,14505016001,4
382,15,14505016001,4
382,16,14505016001,4
382,17,14505016001,4
382,18,14505016001,4
382,19,14505016001,4
382,20,14505016001,4
382,21,14505016001,4
382,22,14505016001,4
382,23,14505016001,4
382,24,14505016001,4
382,25,14505016001,4
382,26,14505016001,4
382,27,14505016001,4
382,28,14505016001,4
382,29,14505016001,4
382,30,14505016001,4
382,31,14505016001,4
382,32,14505016001,4
382,33,14505016001,4
382,34,14505016001,4
382,35,14505016001,4
382,36,14505016001,4
382,37,14505016001,4
382,38,14505016001,4
382,39,14505016001,4
382,40,14505016001,1
383,1,11022087001,6
383,2,11022087001,4
383,3,12004020001,9
383,4,12101001002,20
383,5,12101001002,20
383,6,12101001002,13
383,7,14000098001,4
383,8,14022118001,2
383,9,14022118001,2
383,10,14022118001,2
383,11,14022118001,2
383,12,14100012001,3
383,13,14100012001,3
383,14,14100012001,3
383,15,14100012001,3
383,16,14100012001,3
383,17,14100012001,3
383,18,14100012001,1
383,19,14310020001,5
383,20,14310020001,2
383,21,14353024001,3
383,22,14353024001,3
383,23,14353024001,3
383,24,14353024001,3
383,25,14353024001,3
383,26,14353024001,3
383,27,14353024001,3
383,28,14353024001,3
383,29,14353024001,3
383,30,14353024001,3
383,31,14353024001,3
383,32,14353024001,3
383,33,14353024001,1
383,34,14361034001,3
384,1,14505899001,10
384,2,14505899001,10
384,3,14505899001,10
384,4,14505899001,10
384,5,14505899001,10
384,6,14505899001,10
384,7,14505899001,10
384,8,14505899001,10
384,9,14505899001,10
384,10,14505899001,10
384,11,14505899001,10
384,12,14505899001,10
384,13,14505899001,10
384,14,14505899001,10
384,15,14505899001,10
384,16,14505899001,10
384,17,14505899001,10
384,18,14505899001,10
384,19,14505899001,10
384,20,14505899001,10
384,21,14505899001,10
384,22,14505899001,10
384,23,14505899001,10
384,24,14505899001,10
384,25,14505899001,10
384,26,14505899001,10
384,27,14505899001,10
384,28,14505899001,10
384,29,14505899001,10
384,30,14505899001,10
384,31,14505899001,10
384,32,14505899001,10
384,33,14505899001,10
384,34,14505899001,10
384,35,14505899001,10
384,36,14505899001,10
384,37,14505899001,10
384,38,14505899001,10
384,39,14505899001,10
384,40,14505899001,10
385,1,10032013001,12
385,2,10032013001,12
385,3,10032013001,12
385,4,10032013001,12
385,5,10032013001,12
385,6,10032013001,12
385,7,10032013001,12
385,8,10032013001,12
385,9,10032013001,12
385,10,10032013001,12
385,11,10032013001,12
385,12,10032013001,12
385,13,10032013001,12
385,14,10032013001,12
385,15,10032013001,12
385,16,10032013001,12
385,17,10032013001,12
385,18,10032013001,12
385,19,10032013001,12
385,20,10032013001,12
385,21,10032013001,12
385,22,10032013001,12
385,23,10032013001,12
385,24,10032013001,12
385,25,10032013001,12
385,26,10032013001,12
385,27,10032013001,12
385,28,10032013001,12
385,29,10032013001,12
385,30,10032013001,12
385,31,10032013001,12
385,32,10032013001,12
385,33,10032013001,12
385,34,10032013001,12
385,35,10032013001,12
385,36,10032013001,12
385,37,10032013001,12
385,38,10032013001,12
385,39,10032013001,12
385,40,10032013001,12
386,1,11032017001,2
386,2,11032017001,1
386,3,12005003003,3
386,4,12103025001,8
386,5,12103025001,8
386,6,12103025001,8
386,7,14000099001,3
386,8,14310128001,5
386,9,14310128001,1
386,10,14361070001,1
386,11,14505899001,10
386,12,14505899001,10
386,13,14505899001,10
386,14,14505899001,10
386,15,14505899001,10
386,16,14505899001,10
386,17,14505899001,10
386,18,14505899001,10
386,19,14505899001,10
386,20,14505899001,10
386,21,14505899001,10
386,22,14505899001,10
386,23,14505899001,10
386,24,14505899001,10
386,25,14505899001,10
386,26,14505899001,10
386,27,14505899001,10
386,28,14505899001,10
386,29,14505899001,10
386,30,14505899001,10
386,31,14505899001,10
386,32,14505899001,10
386,33,14505899001,10
386,34,14505899001,10
386,35,14505899001,10
386,36,14505899001,10
386,37,14505899001,10
386,38,14505899001,10
386,39,14505899001,10
386,40,14505899001,5
387,1,10023075001,9
387,2,10023075001,9
387,3,10023075001,9
387,4,10023075001,9
387,5,10023075001,9
387,6,10023075001,8
387,7,11032027001,6
387,8,11032027001,4
387,9,12005009007,1
387,10,14002021001,5
387,11,14023127001,7
387,12,14023127001,7
387,13,14023127001,7
387,14,14023127001,7
387,15,14111134001,5
387,16,14111134001,5
387,17,14111134001,5
387,18,14111134001,5
387,19,14111134001,5
387,20,14111134001,5
387,21,14111134001,4
387,22,14310134001,6
387,23,14310134001,4
387,24,14361102001,3
387,25,14502026001,6
387,26,14502026001,6
387,27,14502026001,6
387,28,14502026001,6
387,29,14502026001,6
387,30,14502026001,6
387,31,14502026001,6
387,32,14502026001,6
387,33,14502026001,6
387,34,14502026001,6
387,35,14502026001,6
387,36,14502026001,6
387,37,14502026001,2
388,1,10032013001,12
388,2,10032013001,12
388,3,10032013001,12
388,4,10032013001,12
388,5,10032013001,12
388,6,10032013001,12
388,7,10032013001,12
388,8,10032013001,12
388,9,10032013001,12
388,10,10032013001,12
388,11,10032013001,12
388,12,10032013001,12
388,13,10032013001,12
388,14,10032013001,12
388,15,10032013001,12
388,16,10032013001,12
388,17,10032013001,12
388,18,10032013001,12
388,19,10032013001,12
388,20,10032013001,12
388,21,10032013001,12
388,22,10032013001,12
388,23,10032013001,12
388,24,10032013001,12
388,25,10032013001,12
388,26,10032013001,12
388,27,10032013001,12
388,28,10032013001,12
388,29,12005019008,2
388,30,14001080001,3
388,31,14222896001,8
388,32,14222896001,8
388,33,14222896001,2
388,34,14311054001,3
388,35,14311054001,2
388,36,14361115001,3
388,37,14615041001,16
388,38,14620046001,12
388,39,14620046001,4
389,1,14500013001,7
389,2,14500013001,7
389,3,14500013001,7
389,4,14500013001,7
389,5,14500013001,7
389,6,14500013001,7
389,7,14500013001,7
389,8,14500013001,7
389,9,14500013001,7
389,10,14500013001,7
389,11,14500013001,7
389,12,14500013001,7
389,13,14500013001,7
389,14,14500013001,7
389,15,14500013001,7
389,16,14500013001,7
389,17,14500013001,7
389,18,14500013001,7
389,19,14500013001,7
389,20,14500013001,7
389,21,14500013001,7
389,22,14500013001,7
389,23,14500013001,7
389,24,14500013001,7
389,25,14500013001,7
389,26,14500013001,7
389,27,14500013001,7
389,28,14500013001,7
389,29,14500013001,7
389,30,14500013001,7
389,31,14500013001,7
389,32,14500013001,7
389,33,14500013001,7
389,34,14500013001,7
389,35,14500013001,7
389,36,14500013001,7
389,37,14500013001,7
389,38,14500013001,7
389,39,14500013001,7
389,40,14500013001,7
390,1,11032026001,3
390,2,11032026001,1
390,3,12005015010,1
390,4,14000131001,5
390,5,14010060001,3
390,6,14010060001,3
390,7,14010060001,3
390,8,14010060001,3
390,9,14010060001,3
390,10,14010060001,3
390,11,14010060001,3
390,12,14010060001,3
390,13,14010060001,3
390,14,14010060001,3
390,15,14010060001,3
390,16,14010060001,3
390,17,14010060001,2
390,18,14102026001,5
390,19,14102026001,5
390,20,14102026001,5
390,21,14102026001,1
390,22,14133030001,3
390,23,14133030001,3
390,24,14133030001,3
390,25,14133030001,3
390,26,14133030001,3
390,27,14133030001,3
390,28,14133030001,2
390,29,14310096001,28
390,30,14310096001,25
390,31,14311071001,3
390,32,14311071001,1
390,33,14361109001,3
391,1,11040001001,12
391,2,11040001001,9
391,3,12005056002,1
391,4,12120034001,7
391,5,12120034001,7
391,6,12120034001,1
391,7,14001096001,4
391,8,14311118001,3
391,9,14311118001,3
391,10,14361146001,2
391,11,14500013001,7
391,12,14500013001,7
391,13,14500013001,7
391,14,14500013001,7
391,15,14500013001,7
391,16,14500013001,7
391,17,14500013001,7
391,18,14500013001,7
391,19,14500013001,7
391,20,14500013001,7
391,21,14500013001,7
391,22,14500013001,7
391,23,14500013001,7
391,24,14500013001,7
391,25,14500013001,7
391,26,14500013001,7
391,27,14500013001,7
391,28,14500013001,7
391,29,14500013001,7
391,30,14500013001,7
391,31,14500013001,7
391,32,14500013001,7
391,33,14500013001,7
391,34,14500013001,7
391,35,14500013001,7
391,36,14500013001,7
391,37,14500013001,7
391,38,14500013001,7
391,39,14500013001,7
391,40,14500013001,6
392,1,14501010001,4
392,2,14501010001,4
392,3,14501010001,4
392,4,14501010001,4
392,5,14501010001,4
392,6,14501010001,4
392,7,14501010001,4
392,8,14501010001,4
392,9,14501010001,4
392,10,14501010001,4
392,11,14501010001,4
392,12,14501010001,4
392,13,14501010001,4
392,14,14501010001,4
392,15,14501010001,4
392,16,14501010001,4
392,17,14501010001,4
392,18,14501010001,4
392,19,14501010001,4
392,20,14501010001,4
392,21,14501010001,4
392,22,14501010001,4
392,23,14501010001,4
392,24,14501010001,4
392,25,14501010001,4
392,26,14501010001,4
392,27,14501010001,4
392,28,14501010001,4
392,29,14501010001,4
392,30,14501010001,4
392,31,14501010001,4
392,32,14501010001,4
392,33,14501010001,4
392,34,14501010001,4
392,35,14501010001,4
392,36,14501010001,4
392,37,14501010001,4
392,38,14501010001,4
392,39,14501010001,4
392,40,14501010001,4
393,1,10002069001,7
393,2,10002069001,7
393,3,10002069001,7
393,4,10002069001,3
393,5,12005056001,3
393,6,14001136001,5
393,7,14220141001,6
393,8,14220141001,6
393,9,14220141001,4
393,10,14311235001,6
393,11,14311235001,1
393,12,14361118001,4
393,13,14501010001,4
393,14,14501010001,4
393,15,14501010001,4
393,16,14501010001,4
393,17,14501010001,4
393,18,14501010001,4
393,19,14501010001,4
393,20,14501010001,4
393,21,14501010001,4
393,22,14501010001,4
393,23,14501010001,4
393,24,14501010001,4
393,25,14501010001,4
393,26,14501010001,4
393,27,14501010001,4
393,28,14501010001,4
393,29,14501010001,4
393,30,14501010001,4
393,31,14501010001,4
393,32,14501010001,4
393,33,14501010001,4
393,34,14501010001,4
393,35,14501010001,4
393,36,14501010001,4
393,37,14501010001,4
393,38,14501010001,4
393,39,14501010001,4
393,40,14501010001,2
394,1,10032047001,16
394,2,10032047001,16
394,3,10032047001,16
394,4,10032047001,16
394,5,10032047001,16
394,6,10032047001,16
394,7,10032047001,16
394,8,10032047001,16
394,9,10032047001,16
394,10,10032047001,16
394,11,10032047001,16
394,12,10032047001,16
394,13,10032047001,16
394,14,10032047001,16
394,15,10032047001,16
394,16,10032047001,16
394,17,10032047001,16
394,18,10032047001,16
394,19,10032047001,16
394,20,10032047001,16
394,21,10032047001,16
394,22,10032047001,16
394,23,10032047001,16
394,24,10032047001,16
394,25,10032047001,16
394,26,10032047001,16
394,27,10032047001,16
394,28,10032047001,16
394,29,10032047001,16
394,30,10032047001,16
394,31,10032047001,16
394,32,10032047001,16
394,33,10032047001,16
394,34,10032047001,16
394,35,10032047001,16
394,36,10032047001,16
394,37,10032047001,16
394,38,10032047001,16
394,39,10032047001,16
394,40,10032047001,16
395,1,11040030001,6
395,2,11040030001,4
395,3,12005056003,2
395,4,14002024001,1
395,5,14100009001,3
395,6,14100009001,3
395,7,14100009001,3
395,8,14100009001,1
395,9,14133029001,3
395,10,14133029001,3
395,11,14133029001,3
395,12,14133029001,3
395,13,14133029001,3
395,14,14133029001,3
395,15,14133029001,2
395,16,14311134001,2
395,17,14311134001,2
395,18,14361081001,4
395,19,14504012001,6
395,20,14504012001,6
395,21,14504012001,6
395,22,14504012001,6
395,23,14504012001,6
395,24,14504012001,6
395,25,14504012001,6
395,26,14504012001,6
395,27,14504012001,6
395,28,14504012001,6
395,29,14504012001,6
395,30,14504012001,6
395,31,14504012001,3
395,32,14631042001,53
396,1,10033015001,5
396,2,10033015001,5
396,3,10033015001,5
396,4,10033015001,5
396,5,10033015001,5
396,6,10033015001,5
396,7,10033015001,5
396,8,10033015001,5
396,9,10033015001,5
396,10,10033015001,5
396,11,10033015001,5
396,12,10033015001,5
396,13,10033015001,5
396,14,10033015001,5
396,15,10033015001,5
396,16,10033015001,5
396,17,10033015001,5
396,18,10033015001,5
396,19,10033015001,5
396,20,10033015001,5
396,21,10033015001,5
396,22,10033015001,5
396,23,10033015001,5
396,24,10033015001,5
396,25,10033015001,5
396,26,10033015001,5
396,27,10033015001,5
396,28,10033015001,5
396,29,10033015001,5
396,30,10033015001,5
396,31,10033015001,5
396,32,10033015001,5
396,33,10033015001,5
396,34,10033015001,5
396,35,10033015001,5
396,36,10033015001,5
396,37,10033015001,5
396,38,10033015001,5
396,39,10033015001,5
396,40,10033015001,5
397,1,10033015001,5
397,2,10033015001,5
397,3,10033015001,5
397,4,10033015001,5
397,5,10033015001,5
397,6,10033015001,5
397,7,10033015001,5
397,8,10033015001,5
397,9,10033015001,5
397,10,10033015001,5
397,11,10033015001,5
397,12,10033015001,5
397,13,10033015001,5
397,14,10033015001,5
397,15,10033015001,5
397,16,10033015001,5
397,17,10033015001,5
397,18,10033015001,5
397,19,10033015001,5
397,20,10033015001,5
397,21,10033015001,5
397,22,10033015001,5
397,23,10033015001,5
397,24,10033015001,5
397,25,10033015001,5
397,26,10033015001,5
397,27,10033015001,2
397,28,12005082004,1
397,29,14002026001,2
397,30,14224002001,5
397,31,14224002001,5
397,32,14224002001,3
397,33,14311258001,3
397,34,14311258001,2
397,35,14361157001,3
397,36,14500064001,12
397,37,14500064001,12
397,38,14500064001,12
397,39,14500064001,12
397,40,14500064001,12
398,1,10032047001,16
398,2,10032047001,16
398,3,10032047001,16
398,4,10032047001,16
398,5,10032047001,16
398,6,10032047001,16
398,7,10032047001,16
398,8,10032047001,16
398,9,10032047001,16
398,10,10032047001,16
398,11,10032047001,16
398,12,10032047001,16
398,13,10032047001,16
398,14,10032047001,16
398,15,10032047001,16
398,16,10032047001,16
398,17,10032047001,16
398,18,10032047001,16
398,19,10032047001,16
398,20,10032047001,16
398,21,10032047001,16
398,22,10032047001,16
398,23,10032047001,16
398,24,10032047001,16
398,25,10032047001,16
398,26,10032047001,4
398,27,11031917001,2
398,28,12005093001,10
398,29,12122045001,2
398,30,12122045001,2
398,31,14002027001,5
398,32,14011929001,5
398,33,14011929001,5
398,34,14011929001,4
398,35,14104150001,3
398,36,14104150001,3
398,37,14104150001,3
398,38,14104150001,3
398,39,14104150001,3
398,40,14361899001,3
399,1,11040046001,6
399,2,11040046001,4
399,3,12005082003,2
399,4,12121024001,3
399,5,12121024001,3
399,6,12121024001,3
399,7,12121024001,3
399,8,12121024001,3
399,9,12121024001,3
399,10,12121024001,3
399,11,12121024001,3
399,12,12121024001,3
399,13,14001149001,2
399,14,14104151001,3
399,15,14104151001,3
399,16,14104151001,3
399,17,14104151001,3
399,18,14204892001,4
399,19,14204892001,4
399,20,14204892001,4
399,21,14204892001,4
399,22,14204892001,4
399,23,14204892001,4
399,24,14204892001,3
399,25,14311270001,2
399,26,14311270001,1
399,27,14364197001,1
399,28,14504028001,12
399,29,14504028001,12
399,30,14504028001,12
399,31,14504028001,12
399,32,14504028001,12
399,33,14504028001,12
399,34,14504028001,12
399,35,14504028001,12
399,36,14504028001,12
399,37,14504028001,12
399,38,14504028001,12
399,39,14504028001,12
399,40,14504028001,1
400,1,10040032001,14
400,2,10040032001,14
400,3,10040032001,14
400,4,10040032001,14
400,5,10040032001,14
400,6,10040032001,14
400,7,10040032001,14
400,8,10040032001,14
400,9,10040032001,14
400,10,10040032001,14
400,11,10040032001,14
400,12,10040032001,14
400,13,10040032001,14
400,14,10040032001,14
400,15,10040032001,14
400,16,10040032001,14
400,17,10040032001,14
400,18,10040032001,14
400,19,10040032001,14
400,20,10040032001,14
400,21,10040032001,14
400,22,10040032001,14
400,23,10040032001,14
400,24,10040032001,14
400,25,10040032001,14
400,26,10040032001,14
400,27,10040032001,14
400,28,10040032001,14
400,29,10040032001,14
400,30,10040032001,14
400,31,10040032001,14
400,32,10040032001,14
400,33,10040032001,14
400,34,10040032001,14
400,35,10040032001,14
400,36,10040032001,14
400,37,10040032001,14
400,38,10040032001,14
400,39,10040032001,14
400,40,10040032001,14
401,1,10040032001,14
401,2,10040032001,14
401,3,10040032001,14
401,4,10040032001,14
401,5,10040032001,14
401,6,10040032001,14
401,7,10040032001,14
401,8,10040032001,14
401,9,10040032001,14
401,10,10040032001,14
401,11,10040032001,14
401,12,10040032001,14
401,13,10040032001,14
401,14,10040032001,14
401,15,10040032001,14
401,16,10040032001,14
401,17,10040032001,14
401,18,10040032001,14
401,19,10040032001,14
401,20,10040032001,14
401,21,10040032001,14
401,22,10040032001,14
401,23,10040032001,14
401,24,10040032001,14
401,25,10040032001,14
401,26,10040032001,8
401,27,11031907001,4
401,28,12005082011,3
401,29,12122052001,9
401,30,12122052001,7
401,31,14010140001,7
401,32,14011015001,2
401,33,14011015001,2
401,34,14011015001,2
401,35,14104113001,3
401,36,14104113001,3
401,37,14104113001,3
401,38,14104113001,3
401,39,14104113001,2
401,40,14361902001,2
402,1,10040010001,5
402,2,10040010001,5
402,3,10040010001,5
402,4,10040010001,5
402,5,10040010001,5
402,6,10040010001,5
402,7,10040010001,5
402,8,10040010001,5
402,9,10040010001,5
402,10,10040010001,5
402,11,10040010001,5
402,12,10040010001,5
402,13,10040010001,5
402,14,10040010001,5
402,15,10040010001,5
402,16,10040010001,5
402,17,10040010001,5
402,18,10040010001,5
402,19,10040010001,5
402,20,10040010001,5
402,21,10040010001,5
402,22,10040010001,5
402,23,10040010001,5
402,24,10040010001,5
402,25,10040010001,5
402,26,10040010001,5
402,27,10040010001,5
402,28,10040010001,5
402,29,10040010001,5
402,30,10040010001,5
402,31,10040010001,5
402,32,10040010001,5
402,33,10040010001,5
402,34,10040010001,5
402,35,10040010001,5
402,36,10040010001,5
402,37,10040010001,5
402,38,10040010001,5
402,39,10040010001,5
402,40,10040010001,5
403,1,14021017001,1
403,2,14021017001,1
403,3,14021017001,1
403,4,14021017001,1
403,5,14021017001,1
403,6,14021017001,1
403,7,14021017001,1
403,8,14021017001,1
403,9,14021017001,1
403,10,14021017001,1
403,11,14021017001,1
403,12,14021017001,1
403,13,14021017001,1
403,14,14021017001,1
403,15,14021017001,1
403,16,14021017001,1
403,17,14021017001,1
403,18,14021017001,1
403,19,14021017001,1
403,20,14021017001,1
403,21,14021017001,1
403,22,14021017001,1
403,23,14021017001,1
403,24,14021017001,1
403,25,14021017001,1
403,26,14021017001,1
403,27,14021017001,1
403,28,14021017001,1
403,29,14021017001,1
403,30,14021017001,1
403,31,14021017001,1
403,32,14021017001,1
403,33,14021017001,1
403,34,14021017001,1
403,35,14021017001,1
403,36,14021017001,1
403,37,14021017001,1
403,38,14021017001,1
403,39,14021017001,1
403,40,14021017001,1
404,1,11040044001,6
404,2,11040044001,1
404,3,12005082010,2
404,4,12103011001,8
404,5,12103011001,8
404,6,12103011001,2
404,7,12212061001,10
404,8,12212061001,10
404,9,12212061001,10
404,10,12212061001,10
404,11,12212061001,8
404,12,14002040001,4
404,13,14021017001,1
404,14,14021017001,1
404,15,14021017001,1
404,16,14021017001,1
404,17,14021017001,1
404,18,14021017001,1
404,19,14021017001,1
404,20,14021017001,1
404,21,14021017001,1
404,22,14021017001,1
404,23,14021017001,1
404,24,14021017001,1
404,25,14021017001,1
404,26,14021017001,1
404,27,14021017001,1
404,28,14021017001,1
404,29,14021017001,1
404,30,14021017001,1
404,31,14021017001,1
404,32,14021017001,1
404,33,14021017001,1
404,34,14021017001,1
404,35,14021017001,1
404,36,14021017001,1
404,37,14021017001,1
404,38,14312032001,7
404,39,14312032001,7
404,40,14370029001,4
405,1,10040010001,5
405,2,10040010001,5
405,3,10040010001,5
405,4,10040010001,5
405,5,10040010001,5
405,6,10040010001,5
405,7,10040010001,5
405,8,10040010001,5
405,9,10040010001,5
405,10,10040010001,5
405,11,10040010001,5
405,12,10040010001,5
405,13,10040010001,5
405,14,10040010001,5
405,15,10040010001,5
405,16,10040010001,5
405,17,10040010001,5
405,18,10040010001,5
405,19,10040010001,5
405,20,10040010001,5
405,21,10040010001,5
405,22,10040010001,5
405,23,10040010001,5
405,24,10040010001,3
405,25,11040062001,6
405,26,11040062001,2
405,27,12005093005,4
405,28,12103030001,9
405,29,12103030001,9
405,30,12103030001,2
405,31,14002046001,4
405,32,14204041001,10
405,33,14204041001,10
405,34,14204041001,10
405,35,14204041001,10
405,36,14204041001,10
405,37,14204041001,3
405,38,14311898001,9
405,39,14311898001,1
405,40,14364198001,1
406,1,10040066001,7
406,2,10040066001,7
406,3,10040066001,7
406,4,10040066001,7
406,5,10040066001,7
406,6,10040066001,7
406,7,10040066001,7
406,8,10040066001,7
406,9,10040066001,7
406,10,10040066001,7
406,11,10040066001,7
406,12,10040066001,7
406,13,10040066001,7
406,14,10040066001,7
406,15,10040066001,7
406,16,10040066001,7
406,17,10040066001,7
406,18,10040066001,7
406,19,10040066001,7
406,20,10040066001,7
406,21,10040066001,7
406,22,10040066001,7
406,23,10040066001,7
406,24,10040066001,7
406,25,10040066001,7
406,26,10040066001,7
406,27,10040066001,7
406,28,10040066001,7
406,29,10040066001,7
406,30,10040066001,7
406,31,10040066001,7
406,32,10040066001,7
406,33,10040066001,7
406,34,10040066001,7
406,35,10040066001,7
406,36,10040066001,7
406,37,10040066001,7
406,38,10040066001,7
406,39,10040066001,7
406,40,10040066001,7
407,1,14104012001,1
407,2,14104012001,1
407,3,14104012001,1
407,4,14104012001,1
407,5,14104012001,1
407,6,14104012001,1
407,7,14104012001,1
407,8,14104012001,1
407,9,14104012001,1
407,10,14104012001,1
407,11,14104012001,1
407,12,14104012001,1
407,13,14104012001,1
407,14,14104012001,1
407,15,14104012001,1
407,16,14104012001,1
407,17,14104012001,1
407,18,14104012001,1
407,19,14104012001,1
407,20,14104012001,1
407,21,14104012001,1
407,22,14104012001,1
407,23,14104012001,1
407,24,14104012001,1
407,25,14104012001,1
407,26,14104012001,1
407,27,14104012001,1
407,28,14104012001,1
407,29,14104012001,1
407,30,14104012001,1
407,31,14104012001,1
407,32,14104012001,1
407,33,14104012001,1
407,34,14104012001,1
407,35,14104012001,1
407,36,14104012001,1
407,37,14104012001,1
407,38,14104012001,1
407,39,14104012001,1
407,40,14104012001,1
408,1,11050017001,8
408,2,11050017001,4
408,3,12005093008,10
408,4,12010059001,7
408,5,12010059001,7
408,6,12010059001,7
408,7,12010059001,7
408,8,12010059001,2
408,9,12103060001,5
408,10,12103060001,5
408,11,12103060001,5
408,12,14010283001,3
408,13,14104012001,1
408,14,14104012001,1
408,15,14104012001,1
408,16,14104012001,1
408,17,14104012001,1
408,18,14104012001,1
408,19,14104012001,1
408,20,14104012001,1
408,21,14104012001,1
408,22,14104012001,1
408,23,14104012001,1
408,24,14104012001,1
408,25,14104012001,1
408,26,14104012001,1
408,27,14104012001,1
408,28,14104012001,1
408,29,14104012001,1
408,30,14104012001,1
408,31,14104012001,1
408,32,14104012001,1
408,33,14104012001,1
408,34,14104012001,1
408,35,14104012001,1
408,36,14104012001,1
408,37,14104012001,1
408,38,14312070001,4
408,39,14312070001,4
408,40,14370045001,5
409,1,10031901001,6
409,2,10031901001,6
409,3,10031901001,6
409,4,10031901001,6
409,5,10031901001,6
409,6,10031901001,6
409,7,10031901001,6
409,8,10031901001,6
409,9,10031901001,6
409,10,10031901001,6
409,11,10031901001,6
409,12,10031901001,6
409,13,10031901001,6
409,14,10031901001,6
409,15,10031901001,6
409,16,10031901001,6
409,17,10031901001,6
409,18,10031901001,6
409,19,10031901001,6
409,20,10031901001,6
409,21,10031901001,6
409,22,10031901001,6
409,23,10031901001,6
409,24,10031901001,6
409,25,10031901001,6
409,26,10031901001,6
409,27,10031901001,6
409,28,10031901001,6
409,29,10031901001,6
409,30,10031901001,6
409,31,10031901001,6
409,32,10031901001,6
409,33,10031901001,6
409,34,10031901001,6
409,35,10031901001,6
409,36,10031901001,6
409,37,10031901001,6
409,38,10031901001,6
409,39,10031901001,6
409,40,10031901001,6
410,1,10031901001,6
410,2,10031901001,6
410,3,10031901001,6
410,4,10031901001,6
410,5,10031901001,6
410,6,10031901001,6
410,7,10031901001,6
410,8,10031901001,6
410,9,10031901001,6
410,10,10031901001,6
410,11,10031901001,6
410,12,10031901001,6
410,13,10031901001,6
410,14,10031901001,6
410,15,10031901001,6
410,16,10031901001,6
410,17,10031901001,6
410,18,10031901001,6
410,19,10031901001,6
410,20,10031901001,6
410,21,10031901001,6
410,22,10031901001,6
410,23,10031901001,6
410,24,10031901001,3
410,25,11050046001,3
410,26,11050046001,3
410,27,12010040001,6
410,28,12104021001,9
410,29,12104021001,9
410,30,12104021001,6
410,31,14010898001,1
410,32,14204061001,5
410,33,14204061001,5
410,34,14204061001,5
410,35,14204061001,5
410,36,14204061001,5
410,37,14204061001,1
410,38,14312999001,9
410,39,14312999001,4
410,40,14370048001,3
411,1,10040066001,7
411,2,10040066001,7
411,3,10040066001,7
411,4,10040066001,7
411,5,10040066001,7
411,6,10040066001,7
411,7,10040066001,7
411,8,10040066001,7
411,9,10040066001,7
411,10,10040066001,7
411,11,10040066001,7
411,12,10040066001,7
411,13,10040066001,7
411,14,10040066001,7
411,15,10040066001,7
411,16,10040066001,7
411,17,10040066001,7
411,18,10040066001,7
411,19,10040066001,7
411,20,10040066001,7
411,21,10040066001,7
411,22,10040066001,7
411,23,10040066001,7
411,24,10040066001,7
411,25,11032036001,4
411,26,11032036001,1
411,27,12010041001,13
411,28,12106006001,3
411,29,12106006001,3
411,30,12106006001,2
411,31,14010047001,5
411,32,14315016001,6
411,33,14315016001,6
411,34,14353899001,2
411,35,14353899001,2
411,36,14353899001,2
411,37,14353899001,2
411,38,14353899001,2
411,39,14353899001,1
411,40,14370076001,13
412,1,11022077001,9
412,2,11022077001,9
412,3,11022077001,9
412,4,11022077001,9
412,5,11022077001,9
412,6,11022077001,8
412,7,12006048001,1
412,8,12023202001,15
412,9,12023202001,15
412,10,12023202001,15
412,11,12023202001,8
412,12,12100017001,5
412,13,12100017001,1
412,14,12100103001,6
412,15,14010284001,4
412,16,14112016001,5
412,17,14112016001,5
412,18,14112016001,5
412,19,14112016001,5
412,20,14112016001,5
412,21,14112016001,5
412,22,14112016001,5
412,23,14112016001,5
412,24,14112016001,5
412,25,14112016001,1
412,26,14222043001,5
412,27,14222043001,5
412,28,14222043001,1
412,29,14330003001,4
412,30,14330003001,1
412,31,14370077001,2
413,1,14501045001,4
413,2,14501045001,4
413,3,14501045001,4
413,4,14501045001,4
413,5,14501045001,4
413,6,14501045001,4
413,7,14501045001,4
413,8,14501045001,4
413,9,14501045001,4
413,10,14501045001,4
413,11,14501045001,4
413,12,14501045001,4
413,13,14501045001,4
413,14,14501045001,4
413,15,14501045001,4
413,16,14501045001,4
413,17,14501045001,4
413,18,14501045001,4
413,19,14501045001,4
413,20,14501045001,4
413,21,14501045001,4
413,22,14501045001,4
413,23,14501045001,4
413,24,14501045001,4
413,25,14501045001,4
413,26,14501045001,4
413,27,14501045001,4
413,28,14501045001,4
413,29,14501045001,4
413,30,14501045001,4
413,31,14501045001,4
413,32,14501045001,4
413,33,14501045001,4
413,34,14501045001,4
413,35,14501045001,4
413,36,14501045001,4
413,37,14501045001,4
413,38,14501045001,4
413,39,14501045001,4
413,40,14501045001,4
414,1,10033041001,9
414,2,10033041001,9
414,3,10033041001,9
414,4,10033041001,9
414,5,10033041001,9
414,6,10033041001,9
414,7,10033041001,9
414,8,10033041001,9
414,9,10033041001,9
414,10,10033041001,9
414,11,10033041001,9
414,12,10033041001,9
414,13,10033041001,9
414,14,10033041001,9
414,15,10033041001,9
414,16,10033041001,9
414,17,10033041001,9
414,18,10033041001,9
414,19,10033041001,9
414,20,10033041001,9
414,21,10033041001,9
414,22,10033041001,9
414,23,10033041001,9
414,24,10033041001,9
414,25,10033041001,9
414,26,10033041001,9
414,27,10033041001,9
414,28,10033041001,9
414,29,10033041001,9
414,30,10033041001,9
414,31,10033041001,9
414,32,10033041001,9
414,33,10033041001,9
414,34,10033041001,9
414,35,10033041001,9
414,36,10033041001,9
414,37,10033041001,9
414,38,10033041001,9
414,39,10033041001,9
414,40,10033041001,9
415,1,10033041001,9
415,2,10033041001,9
415,3,10033041001,9
415,4,10033041001,9
415,5,10033041001,9
415,6,10033041001,9
415,7,10033041001,9
415,8,10033041001,9
415,9,10033041001,9
415,10,10033041001,9
415,11,10033041001,9
415,12,10033041001,9
415,13,10033041001,9
415,14,10033041001,9
415,15,10033041001,9
415,16,10033041001,9
415,17,10033041001,9
415,18,10033041001,9
415,19,10033041001,9
415,20,10033041001,9
415,21,10033041001,9
415,22,10033041001,9
415,23,10033041001,6
415,24,10040049001,10
415,25,10040049001,10
415,26,10040049001,10
415,27,10040049001,10
415,28,10040049001,10
415,29,10040049001,4
415,30,11050031001,6
415,31,11050031001,5
415,32,12010009001,4
415,33,14011018001,2
415,34,14111034001,2
415,35,14111034001,2
415,36,14111034001,2
415,37,14111034001,2
415,38,14330004001,3
415,39,14330004001,2
415,40,14411001001,3
416,1,10040042001,9
416,2,10040042001,9
416,3,10040042001,9
416,4,10040042001,9
416,5,10040042001,9
416,6,10040042001,9
416,7,11050064001,8
416,8,11050064001,1
416,9,12010023001,6
416,10,14003005001,1
416,11,14110081001,6
416,12,14110081001,6
416,13,14110081001,6
416,14,14110081001,4
416,15,14320008001,4
416,16,14320008001,2
416,17,14411015001,3
416,18,14501045001,4
416,19,14501045001,4
416,20,14501045001,4
416,21,14501045001,4
416,22,14501045001,4
416,23,14501045001,4
416,24,14501045001,4
416,25,14501045001,4
416,26,14501045001,4
416,27,14501045001,4
416,28,14501045001,4
416,29,14501045001,4
416,30,14501045001,4
416,31,14501045001,4
416,32,14501045001,4
416,33,14501045001,4
416,34,14501045001,4
416,35,14501045001,4
416,36,14501045001,4
416,37,14501045001,4
416,38,14501045001,4
416,39,14501045001,4
416,40,14501045001,1
417,1,14502014001,4
417,2,14502014001,4
417,3,14502014001,4
417,4,14502014001,4
417,5,14502014001,4
417,6,14502014001,4
417,7,14502014001,4
417,8,14502014001,4
417,9,14502014001,4
417,10,14502014001,4
417,11,14502014001,4
417,12,14502014001,4
417,13,14502014001,4
417,14,14502014001,4
417,15,14502014001,4
417,16,14502014001,4
417,17,14502014001,4
417,18,14502014001,4
417,19,14502014001,4
417,20,14502014001,4
417,21,14502014001,4
417,22,14502014001,4
417,23,14502014001,4
417,24,14502014001,4
417,25,14502014001,4
417,26,14502014001,4
417,27,14502014001,4
417,28,14502014001,4
417,29,14502014001,4
417,30,14502014001,4
417,31,14502014001,4
417,32,14502014001,4
417,33,14502014001,4
417,34,14502014001,4
417,35,14502014001,4
417,36,14502014001,4
417,37,14502014001,4
417,38,14502014001,4
417,39,14502014001,4
417,40,14502014001,4
418,1,14505014001,7
418,2,14505014001,7
418,3,14505014001,7
418,4,14505014001,7
418,5,14505014001,7
418,6,14505014001,7
418,7,14505014001,7
418,8,14505014001,7
418,9,14505014001,7
418,10,14505014001,7
418,11,14505014001,7
418,12,14505014001,7
418,13,14505014001,7
418,14,14505014001,7
418,15,14505014001,7
418,16,14505014001,7
418,17,14505014001,7
418,18,14505014001,7
418,19,14505014001,7
418,20,14505014001,7
418,21,14505014001,7
418,22,14505014001,7
418,23,14505014001,7
418,24,14505014001,7
418,25,14505014001,7
418,26,14505014001,7
418,27,14505014001,7
418,28,14505014001,7
418,29,14505014001,7
418,30,14505014001,7
418,31,14505014001,7
418,32,14505014001,7
418,33,14505014001,7
418,34,14505014001,7
418,35,14505014001,7
418,36,14505014001,7
418,37,14505014001,7
418,38,14505014001,7
418,39,14505014001,7
418,40,14505014001,7
419,1,11050123001,6
419,2,11050123001,4
419,3,12010054001,3
419,4,14013014001,7
419,5,14111038001,3
419,6,14111038001,3
419,7,14111038001,3
419,8,14111038001,3
419,9,14331044001,3
419,10,14331044001,1
419,11,14353036001,3
419,12,14353036001,3
419,13,14353036001,3
419,14,14353036001,3
419,15,14353036001,3
419,16,14353036001,3
419,17,14353036001,1
419,18,14412023001,3
419,19,14505014001,7
419,20,14505014001,7
419,21,14505014001,7
419,22,14505014001,7
419,23,14505014001,7
419,24,14505014001,7
419,25,14505014001,7
419,26,14505014001,7
419,27,14505014001,7
419,28,14505014001,7
419,29,14505014001,7
419,30,14505014001,7
419,31,14505014001,7
419,32,14505014001,7
419,33,14505014001,7
419,34,14505014001,7
419,35,14505014001,7
419,36,14505014001,7
419,37,14505014001,7
419,38,14505014001,7
419,39,14505014001,7
419,40,14505014001,2
420,1,10040056001,6
420,2,10040056001,6
420,3,10040056001,6
420,4,10040056001,6
420,5,10040056001,6
420,6,10040056001,6
420,7,11051044001,4
420,8,11051044001,3
420,9,12010053001,3
420,10,14011065001,5
420,11,14121059001,9
420,12,14121059001,9
420,13,14121059001,9
420,14,14121059001,9
420,15,14332013001,5
420,16,14332013001,1
420,17,14412060001,2
420,18,14502014001,4
420,19,14502014001,4
420,20,14502014001,4
420,21,14502014001,4
420,22,14502014001,4
420,23,14502014001,4
420,24,14502014001,4
420,25,14502014001,4
420,26,14502014001,4
420,27,14502014001,4
420,28,14502014001,4
420,29,14502014001,4
420,30,14502014001,4
420,31,14502014001,4
420,32,14502014001,4
420,33,14502014001,4
420,34,14502014001,4
420,35,14502014001,4
420,36,14502014001,4
420,37,14502014001,4
420,38,14502014001,4
420,39,14502014001,4
420,40,14502014001,1
421,1,10002008001,13
421,2,10002008001,13
421,3,10002008001,13
421,4,10002008001,13
421,5,10002008001,13
421,6,10002008001,13
421,7,10002008001,13
421,8,10002008001,13
421,9,10002008001,13
421,10,10002008001,13
421,11,10002008001,13
421,12,10002008001,13
421,13,10002008001,13
421,14,10002008001,13
421,15,10002008001,13
421,16,10002008001,13
421,17,10002008001,13
421,18,10002008001,13
421,19,10002008001,13
421,20,10002008001,13
421,21,10002008001,13
421,22,10002008001,13
421,23,10002008001,13
421,24,10002008001,13
421,25,10002008001,13
421,26,10002008001,13
421,27,10002008001,13
421,28,10002008001,13
421,29,10002008001,13
421,30,10002008001,13
421,31,10002008001,13
421,32,10002008001,13
421,33,10002008001,13
421,34,10002008001,13
421,35,10002008001,13
421,36,10002008001,13
421,37,10002008001,13
421,38,10002008001,13
421,39,10002008001,13
421,40,10002008001,13
422,1,10030007001,9
422,2,10030007001,9
422,3,10030007001,9
422,4,10030007001,9
422,5,10030007001,9
422,6,10030007001,9
422,7,10030007001,9
422,8,10030007001,9
422,9,10030007001,9
422,10,10030007001,9
422,11,10030007001,9
422,12,10030007001,9
422,13,10030007001,9
422,14,10030007001,9
422,15,10030007001,9
422,16,10030007001,9
422,17,10030007001,9
422,18,10030007001,9
422,19,10030007001,9
422,20,10030007001,9
422,21,10030007001,9
422,22,10030007001,9
422,23,10030007001,9
422,24,10030007001,9
422,25,10030007001,9
422,26,10030007001,9
422,27,10030007001,9
422,28,10030007001,9
422,29,10030007001,9
422,30,10030007001,9
422,31,10030007001,9
422,32,10030007001,9
422,33,10030007001,9
422,34,10030007001,9
422,35,10030007001,9
422,36,10030007001,9
422,37,10030007001,9
422,38,10030007001,9
422,39,10030007001,9
422,40,10030007001,9
423,1,11061049001,4
423,2,11061049001,2
423,3,12010055001,2
423,4,12344036001,53
423,5,14011063001,2
423,6,14130042001,6
423,7,14130042001,6
423,8,14130042001,6
423,9,14130042001,4
423,10,14231003001,6
423,11,14231003001,6
423,12,14231003001,6
423,13,14231003001,6
423,14,14231003001,6
423,15,14231003001,6
423,16,14231003001,4
423,17,14332016001,4
423,18,14332016001,2
423,19,14412037001,6
423,20,14615133001,7
423,21,14615133001,7
423,22,14615133001,7
423,23,14615133001,7
423,24,14615133001,7
423,25,14615133001,7
423,26,14615133001,7
423,27,14615133001,7
423,28,14615133001,7
423,29,14615133001,7
423,30,14615133001,7
423,31,14615133001,7
423,32,14615133001,2
424,1,14020926001,1
424,2,14020926001,1
424,3,14020926001,1
424,4,14020926001,1
424,5,14020926001,1
424,6,14020926001,1
424,7,14020926001,1
424,8,14020926001,1
424,9,14020926001,1
424,10,14020926001,1
424,11,14020926001,1
424,12,14020926001,1
424,13,14020926001,1
424,14,14020926001,1
424,15,14020926001,1
424,16,14020926001,1
424,17,14020926001,1
424,18,14020926001,1
424,19,14020926001,1
424,20,14020926001,1
424,21,14020926001,1
424,22,14020926001,1
424,23,14020926001,1
424,24,14020926001,1
424,25,14020926001,1
424,26,14020926001,1
424,27,14020926001,1
424,28,14020926001,1
424,29,14020926001,1
424,30,14020926001,1
424,31,14020926001,1
424,32,14020926001,1
424,33,14020926001,1
424,34,14020926001,1
424,35,14020926001,1
424,36,14020926001,1
424,37,14020926001,1
424,38,14020926001,1
424,39,14020926001,1
424,40,14020926001,1
425,1,10020003001,13
425,2,10020003001,13
425,3,10020003001,13
425,4,10020003001,13
425,5,10020003001,13
425,6,10020003001,7
425,7,10020006001,13
425,8,10020006001,13
425,9,10020006001,13
425,10,10020006001,13
425,11,10020006001,13
425,12,10020006001,7
425,13,11061023001,3
425,14,11061023001,2
425,15,12010034001,11
425,16,14001019001,2
425,17,14001019001,2
425,18,14001019001,2
425,19,14001019001,2
425,20,14001019001,2
425,21,14001019001,2
425,22,14001019001,2
425,23,14001019001,2
425,24,14013964001,1
425,25,14121143001,9
425,26,14121143001,9
425,27,14121143001,9
425,28,14121143001,2
425,29,14304128001,8
425,30,14304128001,8
425,31,14304128001,8
425,32,14304128001,8
425,33,14304128001,8
425,34,14304128001,8
425,35,14304128001,5
425,36,14332014001,4
425,37,14332014001,4
425,38,14501029001,12
426,1,10021027001,13
426,2,10021027001,13
426,3,10021027001,13
426,4,10021027001,13
426,5,10021027001,13
426,6,10021027001,13
426,7,10021027001,13
426,8,10021027001,13
426,9,10021027001,13
426,10,10021027001,13
426,11,10021027001,13
426,12,10021027001,13
426,13,10021027001,13
426,14,10021027001,13
426,15,10021027001,13
426,16,10021027001,13
426,17,10021027001,13
426,18,10021027001,13
426,19,10021027001,13
426,20,10021027001,13
426,21,10021027001,13
426,22,10021027001,13
426,23,10021027001,13
426,24,10021027001,13
426,25,10021027001,13
426,26,10021027001,13
426,27,10021027001,13
426,28,10021027001,13
426,29,10021027001,13
426,30,10021027001,13
426,31,10021027001,13
426,32,10021027001,13
426,33,10021027001,13
426,34,10021027001,13
426,35,10021027001,13
426,36,10021027001,13
426,37,10021027001,13
426,38,10021027001,13
426,39,10021027001,13
426,40,10021027001,13
427,1,10030007001,9
427,2,10030007001,9
427,3,10030007001,9
427,4,10030007001,9
427,5,10030007001,9
427,6,10030007001,9
427,7,10030007001,9
427,8,10030007001,9
427,9,10030007001,9
427,10,10030007001,9
427,11,10030007001,9
427,12,10030007001,9
427,13,10030007001,9
427,14,10030007001,9
427,15,10030007001,9
427,16,10030007001,9
427,17,10030007001,9
427,18,10030007001,9
427,19,10030007001,9
427,20,10030007001,9
427,21,10030007001,4
427,22,11062023001,4
427,23,11062023001,1
427,24,12010052001,3
427,25,14020977001,7
427,26,14021005001,7
427,27,14021005001,7
427,28,14021005001,7
427,29,14021005001,7
427,30,14021005001,7
427,31,14021005001,7
427,32,14021005001,7
427,33,14021005001,2
427,34,14121164001,8
427,35,14121164001,8
427,36,14121164001,8
427,37,14121164001,6
427,38,14352069001,5
427,39,14352069001,3
427,40,14500051001,8
428,1,11050131001,5
428,2,11050131001,3
428,3,12010065001,2
428,4,14014013001,3
428,5,14014013001,3
428,6,14014013001,3
428,7,14014013001,3
428,8,14014013001,3
428,9,14014013001,3
428,10,14014013001,3
428,11,14014013001,3
428,12,14020926001,1
428,13,14020926001,1
428,14,14020926001,1
428,15,14020926001,1
428,16,14020926001,1
428,17,14020926001,1
428,18,14020926001,1
428,19,14020926001,1
428,20,14020926001,1
428,21,14020926001,1
428,22,14020926001,1
428,23,14020926001,1
428,24,14020926001,1
428,25,14020926001,1
428,26,14020926001,1
428,27,14020926001,1
428,28,14020926001,1
428,29,14020926001,1
428,30,14020926001,1
428,31,14020926001,1
428,32,14020926001,1
428,33,14021109001,5
428,34,14200119001,4
428,35,14200119001,4
428,36,14200119001,4
428,37,14200119001,3
428,38,14344010001,6
428,39,14344010001,2
428,40,14413010001,2
429,1,10002008001,13
429,2,10002008001,13
429,3,10002008001,13
429,4,10002008001,13
429,5,10002008001,13
429,6,10002008001,13
429,7,10002008001,13
429,8,10002008001,13
429,9,10002008001,13
429,10,10002008001,13
429,11,10002008001,13
429,12,10002008001,13
429,13,10002008001,13
429,14,10002008001,13
429,15,10002008001,13
429,16,10002008001,13
429,17,10002008001,13
429,18,10002008001,13
429,19,10002008001,13
429,20,10002008001,1
429,21,11062015001,6
429,22,11062015001,4
429,23,12010079001,5
429,24,12011033001,6
429,25,12011033001,6
429,26,12011033001,6
429,27,12011033001,6
429,28,12011033001,6
429,29,12011033001,6
429,30,12011033001,6
429,31,12011033001,6
429,32,12011033001,6
429,33,14022020001,4
429,34,14133028001,5
429,35,14133028001,5
429,36,14133028001,5
429,37,14133028001,3
429,38,14351033001,3
429,39,14351033001,1
429,40,14502008001,12
430,1,10041004001,6
430,2,10041004001,6
430,3,10041004001,6
430,4,10041004001,6
430,5,10041004001,6
430,6,10041004001,6
430,7,10041004001,6
430,8,10041004001,6
430,9,10041004001,6
430,10,10041004001,6
430,11,10041004001,6
430,12,10041004001,6
430,13,10041004001,6
430,14,10041004001,6
430,15,10041004001,6
430,16,10041004001,6
430,17,10041004001,6
430,18,10041004001,6
430,19,10041004001,6
430,20,10041004001,6
430,21,10041004001,6
430,22,10041004001,6
430,23,10041004001,6
430,24,10041004001,6
430,25,10041004001,6
430,26,10041004001,6
430,27,10041004001,6
430,28,10041004001,6
430,29,10041004001,6
430,30,10041004001,6
430,31,10041004001,6
430,32,10041004001,6
430,33,10041004001,6
430,34,10041004001,6
430,35,10041004001,6
430,36,10041004001,6
430,37,10041004001,6
430,38,10041004001,6
430,39,10041004001,6
430,40,10041004001,6
431,1,10001006001,11
431,2,10001006001,11
431,3,10001006001,11
431,4,10001006001,11
431,5,10001006001,11
431,6,10001006001,11
431,7,10001006001,11
431,8,10001006001,11
431,9,10001006001,11
431,10,10001006001,11
431,11,10001006001,11
431,12,10001006001,11
431,13,10001006001,11
431,14,10001006001,11
431,15,10001006001,11
431,16,10001006001,11
431,17,10001006001,11
431,18,10001006001,11
431,19,10001006001,11
431,20,10001006001,11
431,21,10001006001,11
431,22,10001006001,11
431,23,10001006001,11
431,24,10001006001,11
431,25,10001006001,11
431,26,10001006001,11
431,27,10001006001,11
431,28,10001006001,11
431,29,10001006001,11
431,30,10001006001,11
431,31,10001006001,11
431,32,10001006001,11
431,33,10001006001,11
431,34,10001006001,11
431,35,10001006001,11
431,36,10001006001,11
431,37,10001006001,11
431,38,10001006001,11
431,39,10001006001,11
431,40,10001006001,11
432,1,10012899001,6
432,2,10012899001,6
432,3,10012899001,6
432,4,10012899001,6
432,5,10012899001,6
432,6,10012899001,6
432,7,10012899001,6
432,8,10012899001,6
432,9,10012899001,6
432,10,10012899001,6
432,11,10012899001,6
432,12,10012899001,6
432,13,10012899001,6
432,14,10012899001,6
432,15,10012899001,6
432,16,10012899001,6
432,17,10012899001,6
432,18,10012899001,6
432,19,10012899001,6
432,20,10012899001,6
432,21,10012899001,6
432,22,10012899001,6
432,23,10012899001,6
432,24,10012899001,6
432,25,10012899001,6
432,26,10012899001,6
432,27,10012899001,6
432,28,10012899001,6
432,29,10012899001,6
432,30,10012899001,6
432,31,10012899001,6
432,32,10012899001,6
432,33,10012899001,6
432,34,10012899001,6
432,35,10012899001,6
432,36,10012899001,6
432,37,10012899001,6
432,38,10012899001,6
432,39,10012899001,6
432,40,10012899001,6
433,1,10021027001,13
433,2,10021027001,13
433,3,10021027001,13
433,4,10021027001,13
433,5,10021027001,13
433,6,10021027001,13
433,7,10021027001,13
433,8,10021027001,13
433,9,10021027001,13
433,10,10021027001,13
433,11,10021027001,13
433,12,10021027001,13
433,13,10021027001,13
433,14,10021027001,13
433,15,10021027001,13
433,16,10021027001,13
433,17,10021027001,13
433,18,10021027001,13
433,19,10021027001,13
433,20,10021027001,1
433,21,10040018001,8
433,22,10040018001,8
433,23,10040018001,8
433,24,10040018001,8
433,25,10040018001,8
433,26,10040018001,8
433,27,10040018001,8
433,28,10040018001,8
433,29,10040018001,8
433,30,11070050001,6
433,31,11070050001,4
433,32,12010067001,4
433,33,14023140001,2
433,34,14203003001,2
433,35,14203003001,2
433,36,14203003001,2
433,37,14203003001,2
433,38,14353002001,7
433,39,14353002001,1
433,40,14501944001,4
434,1,10014030001,5
434,2,10014030001,5
434,3,10014030001,5
434,4,10014030001,5
434,5,10014030001,5
434,6,10014030001,5
434,7,10014030001,5
434,8,10014030001,5
434,9,10014030001,5
434,10,10014030001,5
434,11,10014030001,5
434,12,10014030001,1
434,13,11070029001,5
434,14,11070029001,1
434,15,12010107001,6
434,16,12106034001,53
434,17,14011031001,6
434,18,14011031001,6
434,19,14011031001,6
434,20,14011031001,6
434,21,14011031001,6
434,22,14011031001,6
434,23,14011031001,6
434,24,14011031001,4
434,25,14023210001,8
434,26,14200006001,6
434,27,14200006001,6
434,28,14200006001,6
434,29,14200006001,1
434,30,14351024001,3
434,31,14351024001,2
434,32,14501007001,12
435,1,10012899001,6
435,2,10012899001,6
435,3,10012899001,6
435,4,10012899001,6
435,5,10012899001,6
435,6,10012899001,6
435,7,10012899001,6
435,8,10012899001,6
435,9,10012899001,6
435,10,10012899001,6
435,11,10012899001,6
435,12,10012899001,6
435,13,10012899001,6
435,14,10012899001,6
435,15,10012899001,6
435,16,10012899001,6
435,17,10012899001,6
435,18,10012899001,6
435,19,10012899001,6
435,20,10012899001,2
435,21,11071035001,4
435,22,11071035001,2
435,23,12010068001,4
435,24,14020053001,7
435,25,14020053001,7
435,26,14020053001,7
435,27,14020053001,7
435,28,14020053001,7
435,29,14020053001,7
435,30,14020053001,7
435,31,14020053001,7
435,32,14020053001,7
435,33,14100005001,5
435,34,14204071001,4
435,35,14204071001,4
435,36,14204071001,4
435,37,14204071001,4
435,38,14353013001,6
435,39,14353013001,5
435,40,14502018001,6
436,1,11071001001,11
436,2,11071001001,1
436,3,12010110001,11
436,4,12010156001,40
436,5,12010156001,13
436,6,14101002001,2
436,7,14121062001,4
436,8,14121062001,4
436,9,14121062001,4
436,10,14121062001,4
436,11,14121062001,4
436,12,14121062001,4
436,13,14121062001,4
436,14,14121062001,4
436,15,14204054001,6
436,16,14204054001,6
436,17,14204054001,6
436,18,14204054001,3
436,19,14204070001,4
436,20,14204070001,4
436,21,14204070001,4
436,22,14204070001,4
436,23,14204070001,4
436,24,14204070001,1
436,25,14204073001,4
436,26,14204073001,4
436,27,14204073001,4
436,28,14204073001,4
436,29,14204073001,4
436,30,14204073001,1
436,31,14360022001,7
436,32,14360022001,1
436,33,14502068001,2
437,1,10001006001,11
437,2,10001006001,11
437,3,10001006001,11
437,4,10001006001,11
437,5,10001006001,11
437,6,10001006001,11
437,7,10001006001,11
437,8,10001006001,11
437,9,10001006001,11
437,10,10001006001,11
437,11,10001006001,11
437,12,10001006001,11
437,13,10001006001,11
437,14,10001006001,11
437,15,10001006001,11
437,16,10001006001,11
437,17,10001006001,11
437,18,10001006001,3
437,19,10010018001,13
437,20,10010018001,13
437,21,10010018001,13
437,22,10010018001,9
437,23,12010077001,6
437,24,14023019001,2
437,25,14222898001,8
437,26,14222898001,8
437,27,14222898001,8
437,28,14353900001,5
437,29,14353900001,1
437,30,14500007001,12
437,31,14500007001,12
437,32,14500007001,12
437,33,14500007001,12
437,34,14500007001,12
437,35,14500007001,12
437,36,14500007001,12
437,37,14500007001,12
437,38,14500007001,12
437,39,14500007001,12
437,40,14503047001,3
438,1,14505013001,12
438,2,14505013001,12
438,3,14505013001,12
438,4,14505013001,12
438,5,14505013001,12
438,6,14505013001,12
438,7,14505013001,12
438,8,14505013001,12
438,9,14505013001,12
438,10,14505013001,12
438,11,14505013001,12
438,12,14505013001,12
438,13,14505013001,12
438,14,14505013001,12
438,15,14505013001,12
438,16,14505013001,12
438,17,14505013001,12
438,18,14505013001,12
438,19,14505013001,12
438,20,14505013001,12
438,21,14505013001,12
438,22,14505013001,12
438,23,14505013001,12
438,24,14505013001,12
438,25,14505013001,12
438,26,14505013001,12
438,27,14505013001,12
438,28,14505013001,12
438,29,14505013001,12
438,30,14505013001,12
438,31,14505013001,12
438,32,14505013001,12
438,33,14505013001,12
438,34,14505013001,12
438,35,14505013001,12
438,36,14505013001,12
438,37,14505013001,12
438,38,14505013001,12
438,39,14505013001,12
438,40,14505013001,12
439,1,10002001001,13
439,2,10002001001,13
439,3,10002001001,13
439,4,10002001001,13
439,5,10002001001,13
439,6,10002001001,13
439,7,10002001001,13
439,8,10002001001,13
439,9,10002001001,13
439,10,10002001001,13
439,11,10002001001,13
439,12,10002001001,13
439,13,10002001001,13
439,14,10002001001,13
439,15,10002001001,13
439,16,10002001001,13
439,17,10002001001,13
439,18,10002001001,13
439,19,10002001001,13
439,20,10002001001,13
439,21,10002001001,13
439,22,10002001001,13
439,23,10002001001,13
439,24,10002001001,13
439,25,10002001001,13
439,26,10002001001,13
439,27,10002001001,13
439,28,10002001001,13
439,29,10002001001,13
439,30,10002001001,13
439,31,10002001001,13
439,32,10002001001,13
439,33,10002001001,13
439,34,10002001001,13
439,35,10002001001,13
439,36,10002001001,13
439,37,10002001001,13
439,38,10002001001,13
439,39,10002001001,13
439,40,10002001001,13
440,1,11072036001,9
440,2,11072036001,1
440,3,12010084001,5
440,4,12301027001,2
440,5,12301027001,2
440,6,12301027001,2
440,7,12301027001,2
440,8,12301027001,2
440,9,12301027001,2
440,10,12301027001,2
440,11,12301027001,2
440,12,12301027001,2
440,13,14023212001,5
440,14,14204126001,4
440,15,14204126001,4
440,16,14204126001,4
440,17,14204126001,4
440,18,14361014001,4
440,19,14361014001,4
440,20,14504056001,5
440,21,14505013001,12
440,22,14505013001,12
440,23,14505013001,12
440,24,14505013001,12
440,25,14505013001,12
440,26,14505013001,12
440,27,14505013001,12
440,28,14505013001,12
440,29,14505013001,12
440,30,14505013001,12
440,31,14505013001,12
440,32,14505013001,12
440,33,14505013001,12
440,34,14505013001,12
440,35,14505013001,12
440,36,14505013001,12
440,37,14505013001,12
440,38,14505013001,12
440,39,14505013001,12
440,40,14505013001,12
441,1,14203017001,2
441,2,14203017001,2
441,3,14203017001,2
441,4,14203017001,2
441,5,14203017001,2
441,6,14203017001,2
441,7,14203017001,2
441,8,14203017001,2
441,9,14203017001,2
441,10,14203017001,2
441,11,14203017001,2
441,12,14203017001,2
441,13,14203017001,2
441,14,14203017001,2
441,15,14203017001,2
441,16,14203017001,2
441,17,14203017001,2
441,18,14203017001,2
441,19,14203017001,2
441,20,14203017001,2
441,21,14203017001,2
441,22,14203017001,2
441,23,14203017001,2
441,24,14203017001,2
441,25,14203017001,2
441,26,14203017001,2
441,27,14203017001,2
441,28,14203017001,2
441,29,14203017001,2
441,30,14203017001,2
441,31,14203017001,2
441,32,14203017001,2
441,33,14203017001,2
441,34,14203017001,2
441,35,14203017001,2
441,36,14203017001,2
441,37,14203017001,2
441,38,14203017001,2
441,39,14203017001,2
441,40,14203017001,2
442,1,10014067001,16
442,2,10014067001,16
442,3,10014067001,16
442,4,10014067001,6
442,5,12010071001,3
442,6,14101021001,14
442,7,14203017001,2
442,8,14203017001,2
442,9,14203017001,2
442,10,14203017001,2
442,11,14203017001,2
442,12,14203017001,2
442,13,14203017001,2
442,14,14203017001,2
442,15,14203017001,2
442,16,14203017001,2
442,17,14203017001,2
442,18,14203017001,2
442,19,14203017001,2
442,20,14203017001,2
442,21,14203017001,2
442,22,14203017001,2
442,23,14203017001,2
442,24,14203017001,1
442,25,14226007001,3
442,26,14226007001,3
442,27,14226007001,3
442,28,14361007001,4
442,29,14361007001,1
442,30,14502002001,12
442,31,14502002001,12
442,32,14502002001,12
442,33,14502002001,12
442,34,14502002001,12
442,35,14502002001,12
442,36,14502002001,12
442,37,14502002001,12
442,38,14502002001,12
442,39,14502002001,2
442,40,14505035001,2
443,1,10001008001,8
443,2,10001008001,8
443,3,10001008001,8
443,4,10001008001,8
443,5,10001008001,8
443,6,10001008001,8
443,7,10001008001,8
443,8,10001008001,8
443,9,10001008001,2
443,10,10002001001,13
443,11,10002001001,13
443,12,10002001001,13
443,13,10002001001,13
443,14,10002001001,13
443,15,10002001001,13
443,16,10002001001,13
443,17,10002001001,13
443,18,10002001001,13
443,19,10002001001,13
443,20,10002001001,13
443,21,10002001001,13
443,22,10002001001,13
443,23,10002001001,13
443,24,10002001001,13
443,25,10002001001,13
443,26,10002001001,13
443,27,10002001001,3
443,28,12010113001,2
443,29,14101016001,6
443,30,14240001001,3
443,31,14240001001,3
443,32,14240001001,2
443,33,14302018001,2
443,34,14302018001,2
443,35,14302018001,2
443,36,14302018001,2
443,37,14302018001,2
443,38,14361054001,4
443,39,14361054001,1
443,40,14504076001,1
444,1,10014106001,11
444,2,10014106001,11
444,3,10014106001,11
444,4,10014106001,3
444,5,10041004001,6
444,6,10041004001,6
444,7,10041004001,6
444,8,10041004001,6
444,9,10041004001,6
444,10,10041004001,6
444,11,10041004001,6
444,12,10041004001,6
444,13,10041004001,6
444,14,10041004001,6
444,15,10041004001,6
444,16,10041004001,6
444,17,10041004001,6
444,18,10041004001,6
444,19,10041004001,6
444,20,10041004001,6
444,21,10041004001,6
444,22,10041004001,6
444,23,12010118001,2
444,24,14101017001,6
444,25,14226059001,6
444,26,14226059001,6
444,27,14226059001,4
444,28,14361055001,5
444,29,14361055001,1
444,30,14505039001,3
444,31,14600023001,7
444,32,14600023001,7
444,33,14600023001,7
444,34,14600023001,7
444,35,14600023001,7
444,36,14600023001,7
444,37,14600023001,7
444,38,14600023001,7
444,39,14600023001,7
444,40,14600023001,1
445,1,10031909001,9
445,2,10031909001,9
445,3,10031909001,9
445,4,10031909001,9
445,5,10031909001,9
445,6,10031909001,3
445,7,10034031001,10
445,8,10034031001,10
445,9,10034031001,10
445,10,10034031001,10
445,11,10034031001,8
445,12,11100018001,6
445,13,11100018001,1
445,14,12010123001,3
445,15,14013006001,4
445,16,14013006001,4
445,17,14013006001,4
445,18,14013006001,4
445,19,14013006001,4
445,20,14013006001,4
445,21,14013006001,4
445,22,14013006001,4
445,23,14013006001,4
445,24,14102025001,3
445,25,14203027001,2
445,26,14203027001,2
445,27,14203027001,2
445,28,14203027001,2
445,29,14203027001,2
445,30,14203027001,2
445,31,14203027001,2
445,32,14203027001,1
445,33,14204065001,6
445,34,14204065001,6
445,35,14204065001,6
445,36,14204065001,3
445,37,14361041001,4
445,38,14361041001,4
445,39,14505043001,5
446,1,14001090001,1
446,2,14001090001,1
446,3,14001090001,1
446,4,14001090001,1
446,5,14001090001,1
446,6,14001090001,1
446,7,14001090001,1
446,8,14001090001,1
446,9,14001090001,1
446,10,14001090001,1
446,11,14001090001,1
446,12,14001090001,1
446,13,14001090001,1
446,14,14001090001,1
446,15,14001090001,1
446,16,14001090001,1
446,17,14001090001,1
446,18,14001090001,1
446,19,14001090001,1
446,20,14001090001,1
446,21,14001090001,1
446,22,14001090001,1
446,23,14001090001,1
446,24,14001090001,1
446,25,14001090001,1
446,26,14001090001,1
446,27,14001090001,1
446,28,14001090001,1
446,29,14001090001,1
446,30,14001090001,1
446,31,14001090001,1
446,32,14001090001,1
446,33,14001090001,1
446,34,14001090001,1
446,35,14001090001,1
446,36,14001090001,1
446,37,14001090001,1
446,38,14001090001,1
446,39,14001090001,1
446,40,14001090001,1
447,1,11071034001,4
447,2,11071034001,3
447,3,12010145001,3
447,4,12122005001,2
447,5,12122005001,2
447,6,12122005001,2
447,7,14000008001,4
447,8,14000008001,4
447,9,14000008001,4
447,10,14000008001,4
447,11,14000008001,4
447,12,14001009001,4
447,13,14001009001,4
447,14,14001009001,4
447,15,14001009001,4
447,16,14001009001,4
447,17,14001009001,4
447,18,14001009001,4
447,19,14001009001,4
447,20,14001009001,4
447,21,14001009001,1
447,22,14001090001,1
447,23,14001090001,1
447,24,14001090001,1
447,25,14001090001,1
447,26,14001090001,1
447,27,14001090001,1
447,28,14001090001,1
447,29,14001090001,1
447,30,14001090001,1
447,31,14001090001,1
447,32,14001090001,1
447,33,14001090001,1
447,34,14001090001,1
447,35,14001090001,1
447,36,14001090001,1
447,37,14102007001,7
447,38,14361093001,5
447,39,14361093001,2
447,40,14505053001,2
448,1,10002035001,7
448,2,10002035001,7
448,3,10002035001,7
448,4,10002035001,7
448,5,10002035001,7
448,6,10002035001,7
448,7,10002035001,7
448,8,10002035001,7
448,9,10002035001,7
448,10,10002035001,7
448,11,10002035001,7
448,12,10002035001,7
448,13,11100107001,6
448,14,11100107001,1
448,15,12010153001,2
448,16,14102008001,4
448,17,14111020001,2
448,18,14111020001,2
448,19,14111020001,2
448,20,14111020001,2
448,21,14111020001,2
448,22,14111020001,2
448,23,14111020001,2
448,24,14111020001,2
448,25,14222142001,6
448,26,14222142001,6
448,27,14222142001,6
448,28,14222142001,6
448,29,14361074001,4
448,30,14361074001,1
448,31,14506066001,7
448,32,14602013001,27
448,33,14602013001,26
449,1,10001025001,13
449,2,10001025001,13
449,3,10001025001,13
449,4,10001025001,13
449,5,10001025001,13
449,6,10001025001,13
449,7,10001025001,13
449,8,10001025001,13
449,9,10001025001,13
449,10,10001025001,13
449,11,10001025001,13
449,12,10001025001,13
449,13,10001025001,13
449,14,10001025001,13
449,15,10001025001,13
449,16,10001025001,13
449,17,10001025001,13
449,18,10001025001,13
449,19,10001025001,13
449,20,10001025001,13
449,21,10001025001,13
449,22,10001025001,13
449,23,10001025001,13
449,24,10001025001,13
449,25,10001025001,13
449,26,10001025001,13
449,27,10001025001,13
449,28,10001025001,13
449,29,10001025001,13
449,30,10001025001,13
449,31,10001025001,13
449,32,10001025001,13
449,33,10001025001,13
449,34,10001025001,13
449,35,10001025001,13
449,36,10001025001,13
449,37,10001025001,13
449,38,10001025001,13
449,39,10001025001,13
449,40,10001025001,13
450,1,10001025001,13
450,2,10001025001,13
450,3,10001025001,13
450,4,10001025001,13
450,5,10001025001,13
450,6,10001025001,13
450,7,10001025001,13
450,8,10001025001,13
450,9,10001025001,13
450,10,10001025001,13
450,11,10001025001,13
450,12,10001025001,13
450,13,10001025001,13
450,14,10001025001,13
450,15,10001025001,13
450,16,10001025001,5
450,17,11032003001,4
450,18,12010163001,4
450,19,12123001001,3
450,20,12123001001,2
450,21,14010027001,11
450,22,14010027001,11
450,23,14010027001,11
450,24,14010027001,11
450,25,14010027001,11
450,26,14010027001,11
450,27,14010027001,11
450,28,14010027001,11
450,29,14010027001,11
450,30,14010027001,9
450,31,14013022001,5
450,32,14013022001,5
450,33,14013022001,2
450,34,14103084001,2
450,35,14110056001,5
450,36,14110056001,5
450,37,14110056001,5
450,38,14110056001,5
450,39,14110056001,1
450,40,14505046001,12
451,1,10011016001,24
451,2,10011016001,24
451,3,10011016001,24
451,4,10011016001,24
451,5,10011016001,24
451,6,10011016001,24
451,7,10011016001,24
451,8,10011016001,24
451,9,10011016001,24
451,10,10011016001,24
451,11,10011016001,24
451,12,10011016001,18
451,13,11074015001,13
451,14,11074015001,5
451,15,12010161001,3
451,16,14102223001,12
451,17,14223039001,5
451,18,14223039001,5
451,19,14223039001,5
451,20,14223039001,3
451,21,14350005001,2
451,22,14350005001,2
451,23,14350005001,2
451,24,14350005001,2
451,25,14350005001,2
451,26,14350005001,2
451,27,14350005001,2
451,28,14350005001,2
451,29,14361083001,5
451,30,14361083001,2
451,31,14506049001,10
451,32,14602033001,4
451,33,14602033001,4
451,34,14602033001,4
451,35,14602033001,4
451,36,14602033001,4
451,37,14602033001,4
451,38,14602033001,4
451,39,14602033001,4
451,40,14602033001,4
452,1,14023050001,1
452,2,14023050001,1
452,3,14023050001,1
452,4,14023050001,1
452,5,14023050001,1
452,6,14023050001,1
452,7,14023050001,1
452,8,14023050001,1
452,9,14023050001,1
452,10,14023050001,1
452,11,14023050001,1
452,12,14023050001,1
452,13,14023050001,1
452,14,14023050001,1
452,15,14023050001,1
452,16,14023050001,1
452,17,14023050001,1
452,18,14023050001,1
452,19,14023050001,1
452,20,14023050001,1
452,21,14023050001,1
452,22,14023050001,1
452,23,14023050001,1
452,24,14023050001,1
452,25,14023050001,1
452,26,14023050001,1
452,27,14023050001,1
452,28,14023050001,1
452,29,14023050001,1
452,30,14023050001,1
452,31,14023050001,1
452,32,14023050001,1
452,33,14023050001,1
452,34,14023050001,1
452,35,14023050001,1
452,36,14023050001,1
452,37,14023050001,1
452,38,14023050001,1
452,39,14023050001,1
452,40,14023050001,1
453,1,10014051001,20
453,2,10014051001,20
453,3,10014051001,20
453,4,10014051001,20
453,5,10014051001,20
453,6,10014051001,20
453,7,10014051001,20
453,8,10014051001,20
453,9,10014051001,20
453,10,10014051001,20
453,11,10014051001,20
453,12,10014051001,20
453,13,11100011001,6
453,14,11100011001,2
453,15,11110065001,5
453,16,11110065001,5
453,17,11110065001,5
453,18,11110065001,5
453,19,11110065001,5
453,20,11110065001,5
453,21,11110065001,5
453,22,11110065001,5
453,23,11110065001,5
453,24,12010171001,1
453,25,14104098001,4
453,26,14223094001,7
453,27,14223094001,7
453,28,14223094001,7
453,29,14223094001,7
453,30,14243006001,5
453,31,14243006001,5
453,32,14243006001,5
453,33,14243006001,5
453,34,14243006001,5
453,35,14243006001,5
453,36,14243006001,5
453,37,14243006001,1
453,38,14361065001,5
453,39,14361065001,1
453,40,14506065001,21
454,1,11103005001,7
454,2,11103005001,5
454,3,12010172001,2
454,4,12120064001,11
454,5,12120064001,11
454,6,12120064001,2
454,7,12212069001,7
454,8,12212069001,7
454,9,12212069001,7
454,10,12212069001,7
454,11,12212069001,4
454,12,14000014001,3
454,13,14000014001,3
454,14,14000014001,3
454,15,14000014001,3
454,16,14000014001,3
454,17,14000014001,3
454,18,14000014001,3
454,19,14000014001,3
454,20,14000014001,3
454,21,14000014001,1
454,22,14023050001,1
454,23,14023050001,1
454,24,14023050001,1
454,25,14023050001,1
454,26,14023050001,1
454,27,14023050001,1
454,28,14023050001,1
454,29,14023050001,1
454,30,14023050001,1
454,31,14023050001,1
454,32,14023050001,1
454,33,14023050001,1
454,34,14023050001,1
454,35,14023050001,1
454,36,14023050001,1
454,37,14104088001,2
454,38,14361129001,5
454,39,14361129001,5
454,40,14506057001,10
455,1,10040020001,5
455,2,10040020001,5
455,3,10040020001,5
455,4,10040020001,5
455,5,10040020001,5
455,6,10040020001,5
455,7,10040020001,5
455,8,10040020001,5
455,9,10040020001,5
455,10,10040020001,5
455,11,10040020001,5
455,12,10040020001,5
455,13,10040020001,5
455,14,10040020001,5
455,15,10040020001,5
455,16,10040020001,5
455,17,10040020001,5
455,18,10040020001,5
455,19,10040020001,5
455,20,10040020001,5
455,21,10040020001,5
455,22,10040020001,5
455,23,10040020001,5
455,24,10040020001,5
455,25,10040020001,5
455,26,10040020001,5
455,27,10040020001,5
455,28,10040020001,5
455,29,10040020001,5
455,30,10040020001,5
455,31,10040020001,5
455,32,10040020001,5
455,33,10040020001,5
455,34,10040020001,5
455,35,10040020001,5
455,36,10040020001,5
455,37,10040020001,5
455,38,10040020001,5
455,39,10040020001,5
455,40,10040020001,5
456,1,10040020001,5
456,2,10040020001,5
456,3,10040020001,5
456,4,10040020001,5
456,5,10040020001,5
456,6,10040020001,5
456,7,10040020001,5
456,8,10040020001,5
456,9,10040020001,5
456,10,10040020001,5
456,11,10040020001,5
456,12,10040020001,5
456,13,10040020001,5
456,14,10040020001,5
456,15,10040020001,5
456,16,10040020001,1
456,17,11032021001,9
456,18,12010173001,2
456,19,12123014001,6
456,20,12123014001,6
456,21,14012019001,3
456,22,14012019001,3
456,23,14012019001,3
456,24,14012019001,3
456,25,14012019001,3
456,26,14012019001,3
456,27,14012019001,3
456,28,14012019001,3
456,29,14012019001,3
456,30,14012019001,1
456,31,14020030001,4
456,32,14020030001,4
456,33,14020030001,4
456,34,14104060001,4
456,35,14111036001,6
456,36,14111036001,6
456,37,14111036001,6
456,38,14111036001,6
456,39,14111036001,2
456,40,14506103001,7
457,1,10030048001,9
457,2,10030048001,9
457,3,10030048001,9
457,4,10030048001,9
457,5,10030048001,9
457,6,10030048001,9
457,7,10030048001,9
457,8,10030048001,9
457,9,10030048001,9
457,10,10030048001,9
457,11,10030048001,9
457,12,10030048001,9
457,13,10030048001,9
457,14,10030048001,9
457,15,10030048001,9
457,16,10030048001,9
457,17,10030048001,9
457,18,10030048001,9
457,19,10030048001,9
457,20,10030048001,9
457,21,10030048001,9
457,22,10030048001,9
457,23,10030048001,9
457,24,10030048001,9
457,25,10030048001,9
457,26,10030048001,9
457,27,10030048001,9
457,28,10030048001,9
457,29,10030048001,9
457,30,10030048001,9
457,31,10030048001,9
457,32,10030048001,9
457,33,10030048001,9
457,34,10030048001,9
457,35,10030048001,9
457,36,10030048001,9
457,37,10030048001,9
457,38,10030048001,9
457,39,10030048001,9
457,40,10030048001,9
458,1,10010004001,28
458,2,10010004001,28
458,3,10010004001,28
458,4,10010004001,28
458,5,10010004001,28
458,6,10010004001,28
458,7,10010004001,28
458,8,10010004001,28
458,9,10010004001,28
458,10,10010004001,28
458,11,10010004001,28
458,12,10010004001,28
458,13,10010004001,28
458,14,10010004001,28
458,15,10010004001,28
458,16,10010004001,28
458,17,10010004001,28
458,18,10010004001,28
458,19,10010004001,28
458,20,10010004001,28
458,21,10010004001,28
458,22,10010004001,28
458,23,10010004001,28
458,24,10010004001,28
458,25,10010004001,28
458,26,10010004001,28
458,27,10010004001,28
458,28,10010004001,28
458,29,10010004001,28
458,30,10010004001,28
458,31,10010004001,28
458,32,10010004001,28
458,33,10010004001,28
458,34,10010004001,28
458,35,10010004001,28
458,36,10010004001,28
458,37,10010004001,28
458,38,10010004001,28
458,39,10010004001,28
458,40,10010004001,28
459,1,10023020001,1
459,2,10023020001,1
459,3,10023020001,1
459,4,10023020001,1
459,5,10023020001,1
459,6,10023020001,1
459,7,10023020001,1
459,8,10023020001,1
459,9,10023020001,1
459,10,10023020001,1
459,11,10023020001,1
459,12,10023020001,1
459,13,11103008001,3
459,14,11103008001,1
459,15,12010198001,4
459,16,14104108001,14
459,17,14200069001,4
459,18,14200069001,4
459,19,14200069001,4
459,20,14200069001,4
459,21,14200069001,4
459,22,14200069001,4
459,23,14200069001,4
459,24,14200069001,4
459,25,14226005001,7
459,26,14226005001,7
459,27,14226005001,7
459,28,14226005001,2
459,29,14312008001,16
459,30,14312008001,16
459,31,14312008001,16
459,32,14312008001,5
459,33,14361149001,5
459,34,14361149001,1
459,35,14506074001,4
460,1,10021005001,10
460,2,10021005001,10
460,3,10021005001,10
460,4,10021005001,10
460,5,10021005001,10
460,6,10021005001,10
460,7,10021005001,10
460,8,10021005001,10
460,9,10021005001,10
460,10,10021005001,10
460,11,10021005001,10
460,12,10021005001,10
460,13,11101055001,9
460,14,11101055001,3
460,15,12010192001,4
460,16,12010214001,3
460,17,12010214001,3
460,18,12010214001,3
460,19,12010214001,3
460,20,12010214001,3
460,21,12010214001,3
460,22,12010214001,3
460,23,12010214001,3
460,24,12010214001,3
460,25,14104148001,7
460,26,14302006001,3
460,27,14302006001,3
460,28,14302006001,3
460,29,14302006001,3
460,30,14361120001,4
460,31,14361120001,3
460,32,14501016001,15
460,33,14501016001,15
460,34,14501016001,15
460,35,14501016001,15
460,36,14501016001,15
460,37,14501016001,15
460,38,14501016001,15
460,39,14501016001,6
460,40,14506072001,33
461,1,10021021001,11
461,2,10021021001,11
461,3,10021021001,11
461,4,10021021001,11
461,5,10021021001,11
461,6,10021021001,11
461,7,10021021001,11
461,8,10021021001,11
461,9,10021021001,11
461,10,10021021001,11
461,11,10021021001,11
461,12,10021021001,7
461,13,11103054001,7
461,14,11103054001,3
461,15,12006067001,37
461,16,12006067001,16
461,17,12010228001,4
461,18,14110011001,4
461,19,14226020001,3
461,20,14226020001,3
461,21,14226020001,3
461,22,14226020001,1
461,23,14243129001,3
461,24,14243129001,3
461,25,14243129001,3
461,26,14243129001,3
461,27,14243129001,3
461,28,14243129001,3
461,29,14243129001,3
461,30,14243129001,1
461,31,14361159001,5
461,32,14361159001,3
461,33,14506165001,3
462,1,10030048001,9
462,2,10030048001,9
462,3,10030048001,9
462,4,10030048001,9
462,5,10030048001,9
462,6,10030048001,9
462,7,10030048001,9
462,8,10030048001,9
462,9,10030048001,9
462,10,10030048001,9
462,11,10030048001,9
462,12,10030048001,9
462,13,10030048001,9
462,14,10030048001,7
462,15,11103069001,6
462,16,11103069001,1
462,17,12010243001,1
462,18,12121023001,3
462,19,12121023001,3
462,20,12121023001,3
462,21,12121023001,3
462,22,12121023001,3
462,23,12121023001,3
462,24,12121023001,3
462,25,12121023001,3
462,26,12121023001,3
462,27,12121023001,3
462,28,12123068001,3
462,29,12123068001,3
462,30,12123068001,2
462,31,14104117001,3
462,32,14300070001,2
462,33,14300070001,2
462,34,14300070001,2
462,35,14300070001,2
462,36,14300070001,2
462,37,14300070001,1
462,38,14361160001,5
462,39,14361160001,3
462,40,14506131001,3
463,1,14505041001,15
463,2,14505041001,15
463,3,14505041001,15
463,4,14505041001,15
463,5,14505041001,15
463,6,14505041001,15
463,7,14505041001,15
463,8,14505041001,15
463,9,14505041001,15
463,10,14505041001,15
463,11,14505041001,15
463,12,14505041001,15
463,13,14505041001,15
463,14,14505041001,15
463,15,14505041001,15
463,16,14505041001,15
463,17,14505041001,15
463,18,14505041001,15
463,19,14505041001,15
463,20,14505041001,15
463,21,14505041001,15
463,22,14505041001,15
463,23,14505041001,15
463,24,14505041001,15
463,25,14505041001,15
463,26,14505041001,15
463,27,14505041001,15
463,28,14505041001,15
463,29,14505041001,15
463,30,14505041001,15
463,31,14505041001,15
463,32,14505041001,15
463,33,14505041001,15
463,34,14505041001,15
463,35,14505041001,15
463,36,14505041001,15
463,37,14505041001,15
463,38,14505041001,15
463,39,14505041001,15
463,40,14505041001,15
464,1,10032046001,22
464,2,10032046001,22
464,3,10032046001,22
464,4,10032046001,22
464,5,10032046001,22
464,6,10032046001,22
464,7,10032046001,22
464,8,10032046001,22
464,9,10032046001,22
464,10,10032046001,18
464,11,11103046001,6
464,12,11103046001,5
464,13,12011005001,6
464,14,12123110001,3
464,15,12123110001,3
464,16,12123110001,2
464,17,14110002001,5
464,18,14361162001,5
464,19,14361162001,5
464,20,14500058001,1
464,21,14500058001,1
464,22,14500058001,1
464,23,14500058001,1
464,24,14500058001,1
464,25,14500058001,1
464,26,14505041001,15
464,27,14505041001,15
464,28,14505041001,15
464,29,14505041001,15
464,30,14505041001,15
464,31,14505041001,15
464,32,14505041001,15
464,33,14505041001,15
464,34,14505041001,15
464,35,14505041001,15
464,36,14505041001,15
464,37,14505041001,15
464,38,14505041001,15
464,39,14505041001,5
464,40,14506315001,12
465,1,10023035001,5
465,2,10023035001,5
465,3,10023035001,5
465,4,10023035001,5
465,5,10023035001,5
465,6,10023035001,5
465,7,10023035001,5
465,8,10023035001,5
465,9,10023035001,5
465,10,10023035001,5
465,11,10023035001,5
465,12,10023035001,5
465,13,11103035001,6
465,14,11103035001,2
465,15,12011018001,3
465,16,12110003001,53
465,17,14111012001,2
465,18,14301023001,2
465,19,14301023001,2
465,20,14301023001,2
465,21,14301023001,1
465,22,14370017001,6
465,23,14370017001,6
465,24,14506262001,2
465,25,14520065001,6
465,26,14520065001,6
465,27,14520065001,6
465,28,14520065001,6
465,29,14520065001,6
465,30,14520065001,6
465,31,14520065001,6
465,32,14520065001,4
466,1,10010004001,28
466,2,10010004001,28
466,3,10010004001,28
466,4,10010004001,28
466,5,10010004001,28
466,6,10010004001,28
466,7,10010004001,28
466,8,10010004001,28
466,9,10010004001,28
466,10,10010004001,28
466,11,10010004001,28
466,12,10010004001,28
466,13,10010004001,26
466,14,10032055001,22
466,15,10032055001,22
466,16,10032055001,22
466,17,10032055001,22
466,18,10032055001,22
466,19,10032055001,22
466,20,10032055001,22
466,21,10032055001,22
466,22,10032055001,22
466,23,10032055001,6
466,24,11040035001,6
466,25,11040035001,6
466,26,11040035001,6
466,27,11040035001,6
466,28,11040035001,6
466,29,11040035001,2
466,30,11103074001,5
466,31,11103074001,1
466,32,12011022001,7
466,33,14104162001,4
466,34,14302005001,2
466,35,14302005001,2
466,36,14302005001,2
466,37,14302005001,1
466,38,14361170001,4
466,39,14361170001,1
466,40,14506248001,2
467,1,10020007001,13
467,2,10020007001,13
467,3,10020007001,13
467,4,10020007001,13
467,5,10020007001,13
467,6,10020007001,13
467,7,10020007001,13
467,8,10020007001,13
467,9,10020007001,13
467,10,10020007001,13
467,11,10020007001,13
467,12,10020007001,13
467,13,10020007001,13
467,14,10020007001,13
467,15,10020007001,13
467,16,10020007001,13
467,17,10020007001,13
467,18,10020007001,13
467,19,10020007001,13
467,20,10020007001,13
467,21,10020007001,13
467,22,10020007001,13
467,23,10020007001,13
467,24,10020007001,13
467,25,10020007001,13
467,26,10020007001,13
467,27,10020007001,13
467,28,10020007001,13
467,29,10020007001,13
467,30,10020007001,13
467,31,10020007001,13
467,32,10020007001,13
467,33,10020007001,13
467,34,10020007001,13
467,35,10020007001,13
467,36,10020007001,13
467,37,10020007001,13
467,38,10020007001,13
467,39,10020007001,13
467,40,10020007001,13
468,1,10020007001,13
468,2,10020007001,13
468,3,10020007001,13
468,4,10020007001,13
468,5,10020007001,13
468,6,10020007001,13
468,7,10020007001,13
468,8,10020007001,13
468,9,10020007001,13
468,10,10020007001,13
468,11,10020007001,13
468,12,10020007001,9
468,13,10020011001,26
468,14,10020011001,26
468,15,10020011001,26
468,16,10020011001,26
468,17,10020011001,26
468,18,10020011001,26
468,19,10020011001,26
468,20,10020011001,26
468,21,10020011001,26
468,22,10020011001,6
468,23,11103058001,10
468,24,11103058001,2
468,25,12011042001,3
468,26,14104139001,1
468,27,14300025001,2
468,28,14300025001,2
468,29,14300025001,2
468,30,14300025001,1
468,31,14370002001,4
468,32,14370002001,4
468,33,14370002001,4
468,34,14370002001,4
468,35,14370002001,4
468,36,14370002001,4
468,37,14370002001,2
468,38,14370069001,5
468,39,14370069001,2
468,40,14506111001,2
469,1,14501063001,7
469,2,14501063001,7
469,3,14501063001,7
469,4,14501063001,7
469,5,14501063001,7
469,6,14501063001,7
469,7,14501063001,7
469,8,14501063001,7
469,9,14501063001,7
469,10,14501063001,7
469,11,14501063001,7
469,12,14501063001,7
469,13,14501063001,7
469,14,14501063001,7
469,15,14501063001,7
469,16,14501063001,7
469,17,14501063001,7
469,18,14501063001,7
469,19,14501063001,7
469,20,14501063001,7
469,21,14501063001,7
469,22,14501063001,7
469,23,14501063001,7
469,24,14501063001,7
469,25,14501063001,7
469,26,14501063001,7
469,27,14501063001,7
469,28,14501063001,7
469,29,14501063001,7
469,30,14501063001,7
469,31,14501063001,7
469,32,14501063001,7
469,33,14501063001,7
469,34,14501063001,7
469,35,14501063001,7
469,36,14501063001,7
469,37,14501063001,7
469,38,14501063001,7
469,39,14501063001,7
469,40,14501063001,7
470,1,10021017001,5
470,2,10021017001,5
470,3,10021017001,5
470,4,10021017001,5
470,5,10021017001,5
470,6,10021017001,5
470,7,10021017001,5
470,8,10021017001,5
470,9,10021017001,5
470,10,10021017001,5
470,11,10021017001,5
470,12,10021017001,5
470,13,10021017001,5
470,14,10021017001,5
470,15,10021017001,5
470,16,10021017001,5
470,17,10021017001,5
470,18,10021017001,5
470,19,10021017001,5
470,20,10021017001,5
470,21,10021017001,5
470,22,10021017001,5
470,23,10021017001,5
470,24,10021017001,5
470,25,10021017001,5
470,26,10021017001,5
470,27,10021017001,5
470,28,10021017001,5
470,29,10021017001,5
470,30,10021017001,5
470,31,10021017001,5
470,32,10021017001,5
470,33,10021017001,5
470,34,10021017001,5
470,35,10021017001,5
470,36,10021017001,5
470,37,10021017001,5
470,38,10021017001,5
470,39,10021017001,5
470,40,10021017001,5
471,1,10016015001,28
471,2,10016015001,28
471,3,10016015001,28
471,4,10016015001,28
471,5,10016015001,28
471,6,10016015001,28
471,7,10016015001,28
471,8,10016015001,28
471,9,10016015001,28
471,10,10016015001,12
471,11,10021017001,5
471,12,10021017001,5
471,13,10021017001,5
471,14,10021017001,5
471,15,10021017001,5
471,16,10021017001,5
471,17,10021017001,5
471,18,10021017001,5
471,19,10021017001,5
471,20,10021017001,5
471,21,10021017001,5
471,22,10021017001,1
471,23,11103068001,2
471,24,11103068001,2
471,25,12011044001,2
471,26,14110028001,4
471,27,14303015001,1
471,28,14303015001,1
471,29,14303015001,1
471,30,14303015001,1
471,31,14411023001,4
471,32,14411023001,3
471,33,14501005001,13
471,34,14501005001,13
471,35,14501005001,13
471,36,14501005001,13
471,37,14501005001,13
471,38,14501005001,13
471,39,14501005001,9
471,40,14506328001,1
472,1,10033028001,5
472,2,10033028001,5
472,3,10033028001,5
472,4,10033028001,5
472,5,10033028001,5
472,6,10033028001,5
472,7,10033028001,5
472,8,10033028001,5
472,9,10033028001,5
472,10,10033028001,5
472,11,10033028001,5
472,12,10033028001,5
472,13,10033028001,5
472,14,10033028001,5
472,15,10033028001,5
472,16,10033028001,5
472,17,10033028001,5
472,18,10033028001,5
472,19,10033028001,5
472,20,10033028001,5
472,21,10033028001,5
472,22,10033028001,5
472,23,10033028001,5
472,24,10033028001,5
472,25,10033028001,5
472,26,10033028001,5
472,27,10033028001,5
472,28,10033028001,5
472,29,10033028001,5
472,30,10033028001,5
472,31,10033028001,5
472,32,10033028001,5
472,33,10033028001,5
472,34,10033028001,5
472,35,10033028001,5
472,36,10033028001,5
472,37,10033028001,5
472,38,10033028001,5
472,39,10033028001,5
472,40,10033028001,5
473,1,10022030001,19
473,2,10022030001,19
473,3,10022030001,19
473,4,10022030001,19
473,5,10022030001,19
473,6,10022030001,19
473,7,10022030001,19
473,8,10022030001,19
473,9,10022030001,19
473,10,10022030001,3
473,11,10033028001,5
473,12,10033028001,5
473,13,10033028001,5
473,14,10033028001,5
473,15,10033028001,5
473,16,10033028001,5
473,17,10033028001,5
473,18,10033028001,5
473,19,10033028001,5
473,20,10033028001,5
473,21,10033028001,5
473,22,10033028001,1
473,23,11103088001,3
473,24,11103088001,2
473,25,12011050001,1
473,26,14110078001,2
473,27,14311059001,2
473,28,14311059001,2
473,29,14311059001,2
473,30,14311059001,2
473,31,14360008001,2
473,32,14360008001,2
473,33,14360008001,2
473,34,14360008001,2
473,35,14360008001,2
473,36,14360008001,2
473,37,14360008001,1
473,38,14500066001,5
473,39,14500066001,1
473,40,14506222001,2
474,1,10034033001,5
474,2,10034033001,5
474,3,10034033001,5
474,4,10034033001,5
474,5,10034033001,5
474,6,10034033001,5
474,7,10034033001,5
474,8,10034033001,5
474,9,10034033001,5
474,10,10034033001,5
474,11,10034033001,5
474,12,10034033001,5
474,13,11103011003,9
474,14,11103011003,9
474,15,11103011003,9
474,16,11103011003,9
474,17,11103011003,9
474,18,11103011003,8
474,19,11103100001,5
474,20,11103100001,3
474,21,12011062001,2
474,22,14111005001,7
474,23,14351007001,3
474,24,14351007001,3
474,25,14351007001,3
474,26,14351007001,2
474,27,14500017001,12
474,28,14500017001,12
474,29,14506159001,4
474,30,14615084001,6
474,31,14615084001,6
474,32,14615084001,6
474,33,14615084001,6
474,34,14615084001,6
474,35,14615084001,6
474,36,14615084001,6
474,37,14615084001,4
475,1,10011003001,31
475,2,10011003001,31
475,3,10011003001,31
475,4,10011003001,31
475,5,10011003001,31
475,6,10011003001,31
475,7,10011003001,31
475,8,10011003001,31
475,9,10011003001,31
475,10,10011003001,27
475,11,11103106001,7
475,12,11103106001,2
475,13,12011051001,4
475,14,14111006001,7
475,15,14315017001,6
475,16,14315017001,6
475,17,14315017001,6
475,18,14315017001,3
475,19,14501063001,7
475,20,14501063001,7
475,21,14501063001,7
475,22,14501063001,7
475,23,14501063001,7
475,24,14501063001,7
475,25,14501063001,7
475,26,14501063001,7
475,27,14501063001,7
475,28,14501063001,7
475,29,14501063001,7
475,30,14501063001,6
475,31,14502022001,15
475,32,14502022001,15
475,33,14502022001,15
475,34,14502022001,15
475,35,14502022001,15
475,36,14502022001,15
475,37,14502022001,9
475,38,14506036001,6
475,39,14506036001,2
475,40,14507042001,6
476,1,10040039001,10
476,2,10040039001,10
476,3,10040039001,10
476,4,10040039001,10
476,5,10040039001,10
476,6,10040039001,10
476,7,10040039001,10
476,8,10040039001,10
476,9,10040039001,10
476,10,10040039001,10
476,11,10040039001,10
476,12,10040039001,6
476,13,11103112001,4
476,14,11103112001,4
476,15,12011061001,1
476,16,14000023001,5
476,17,14000023001,5
476,18,14000023001,5
476,19,14000023001,5
476,20,14000023001,5
476,21,14000023001,5
476,22,14000023001,5
476,23,14000023001,5
476,24,14000023001,5
476,25,14110145001,2
476,26,14370007001,6
476,27,14370007001,4
476,28,14500059001,1
476,29,14500059001,1
476,30,14500059001,1
476,31,14500059001,1
476,32,14506329001,2
476,33,14620030001,9
476,34,14620030001,9
476,35,14620030001,9
476,36,14620030001,9
476,37,14620030001,9
476,38,14620030001,9
476,39,14620030001,9
476,40,14620030001,9
477,1,14503013001,7
477,2,14503013001,7
477,3,14503013001,7
477,4,14503013001,7
477,5,14503013001,7
477,6,14503013001,7
477,7,14503013001,7
477,8,14503013001,7
477,9,14503013001,7
477,10,14503013001,7
477,11,14503013001,7
477,12,14503013001,7
477,13,14503013001,7
477,14,14503013001,7
477,15,14503013001,7
477,16,14503013001,7
477,17,14503013001,7
477,18,14503013001,7
477,19,14503013001,7
477,20,14503013001,7
477,21,14503013001,7
477,22,14503013001,7
477,23,14503013001,7
477,24,14503013001,7
477,25,14503013001,7
477,26,14503013001,7
477,27,14503013001,7
477,28,14503013001,7
477,29,14503013001,7
477,30,14503013001,7
477,31,14503013001,7
477,32,14503013001,7
477,33,14503013001,7
477,34,14503013001,7
477,35,14503013001,7
477,36,14503013001,7
477,37,14503013001,7
477,38,14503013001,7
477,39,14503013001,7
477,40,14503013001,7
478,1,14010071001,1
478,2,14010071001,1
478,3,14010071001,1
478,4,14010071001,1
478,5,14010071001,1
478,6,14010071001,1
478,7,14010071001,1
478,8,14010071001,1
478,9,14010071001,1
478,10,14010071001,1
478,11,14010071001,1
478,12,14010071001,1
478,13,14010071001,1
478,14,14010071001,1
478,15,14010071001,1
478,16,14010071001,1
478,17,14010071001,1
478,18,14010071001,1
478,19,14010071001,1
478,20,14010071001,1
478,21,14010071001,1
478,22,14010071001,1
478,23,14010071001,1
478,24,14010071001,1
478,25,14010071001,1
478,26,14010071001,1
478,27,14010071001,1
478,28,14010071001,1
478,29,14010071001,1
478,30,14010071001,1
478,31,14010071001,1
478,32,14010071001,1
478,33,14010071001,1
478,34,14010071001,1
478,35,14010071001,1
478,36,14010071001,1
478,37,14010071001,1
478,38,14010071001,1
478,39,14010071001,1
478,40,14010071001,1
479,1,10030015001,5
479,2,10030015001,5
479,3,10030015001,5
479,4,10030015001,5
479,5,10030015001,5
479,6,10030015001,5
479,7,10030015001,5
479,8,10030015001,5
479,9,10030015001,5
479,10,10030015001,5
479,11,10030015001,5
479,12,10030015001,5
479,13,11103132001,5
479,14,11103132001,1
479,15,12002036001,12
479,16,12002036001,12
479,17,12002036001,12
479,18,12002036001,12
479,19,12002036001,5
479,20,12011100001,1
479,21,14111017001,5
479,22,14361010001,4
479,23,14361010001,4
479,24,14361010001,4
479,25,14361010001,4
479,26,14500012001,7
479,27,14500012001,1
479,28,14506358001,5
479,29,14520068001,6
479,30,14520068001,6
479,31,14520068001,6
479,32,14520068001,6
479,33,14520068001,6
479,34,14520068001,6
479,35,14520068001,6
479,36,14520068001,6
480,1,10020004001,20
480,2,10020004001,20
480,3,10020004001,20
480,4,10020004001,20
480,5,10020004001,20
480,6,10020004001,20
480,7,10020004001,18
480,8,10040050001,6
480,9,10040050001,6
480,10,10040050001,6
480,11,10040050001,6
480,12,10040050001,6
480,13,10040050001,6
480,14,10040050001,6
480,15,10040050001,6
480,16,10040050001,6
480,17,10040050001,6
480,18,10040050001,6
480,19,10040050001,6
480,20,12011068001,5
480,21,12110059001,53
480,22,14111018001,13
480,23,14226016001,7
480,24,14226016001,7
480,25,14226016001,1
480,26,14362033001,6
480,27,14362033001,1
480,28,14506014001,6
480,29,14506014001,1
480,30,14506400001,4
480,31,14603019001,5
480,32,14603019001,2
481,1,10031911001,22
481,2,10031911001,22
481,3,10031911001,22
481,4,10031911001,22
481,5,10031911001,22
481,6,10031911001,22
481,7,10031911001,22
481,8,10031911001,22
481,9,10031911001,22
481,10,10031911001,18
481,11,11103135001,5
481,12,11103135001,3
481,13,12011069001,5
481,14,14010071001,1
481,15,14010071001,1
481,16,14010071001,1
481,17,14010071001,1
481,18,14010071001,1
481,19,14010071001,1
481,20,14010071001,1
481,21,14010071001,1
481,22,14010071001,1
481,23,14010071001,1
481,24,14010071001,1
481,25,14010071001,1
481,26,14111098001,4
481,27,14311005001,4
481,28,14311005001,4
481,29,14311005001,4
481,30,14311005001,4
481,31,14311005001,4
481,32,14311005001,4
481,33,14311005001,4
481,34,14361082001,5
481,35,14361082001,5
481,36,14361082001,5
481,37,14361082001,1
481,38,14503048001,10
481,39,14503048001,5
481,40,14506334001,4
482,1,10002005001,10
482,2,10002005001,10
482,3,10002005001,10
482,4,10002005001,10
482,5,10002005001,10
482,6,10002005001,10
482,7,10002005001,10
482,8,10002005001,10
482,9,10002005001,10
482,10,10002005001,10
482,11,10002005001,10
482,12,10002005001,10
482,13,10002005001,10
482,14,10002005001,10
482,15,10002005001,10
482,16,10002005001,10
482,17,10002005001,10
482,18,10002005001,10
482,19,10002005001,10
482,20,10002005001,10
482,21,10002005001,10
482,22,10002005001,10
482,23,10002005001,10
482,24,10002005001,10
482,25,10002005001,10
482,26,10002005001,10
482,27,10002005001,10
482,28,10002005001,10
482,29,10002005001,10
482,30,10002005001,10
482,31,10002005001,10
482,32,10002005001,10
482,33,10002005001,10
482,34,10002005001,10
482,35,10002005001,10
482,36,10002005001,10
482,37,10002005001,10
482,38,10002005001,10
482,39,10002005001,10
482,40,10002005001,10
483,1,10002005001,10
483,2,10002005001,10
483,3,10002005001,10
483,4,10002005001,10
483,5,10002005001,10
483,6,10002005001,10
483,7,10002005001,10
483,8,10002005001,10
483,9,10002005001,10
483,10,10002005001,8
483,11,11010007001,6
483,12,11010007001,6
483,13,11010007001,6
483,14,11010007001,4
483,15,11103099001,5
483,16,11103099001,5
483,17,11103099001,5
483,18,11103099001,5
483,19,11103099001,2
483,20,11103220001,5
483,21,11103220001,5
483,22,12011074001,3
483,23,14010064001,2
483,24,14010064001,2
483,25,14010064001,2
483,26,14010064001,2
483,27,14010064001,2
483,28,14010064001,2
483,29,14010064001,2
483,30,14010064001,2
483,31,14010064001,1
483,32,14111102001,3
483,33,14361015001,4
483,34,14361015001,4
483,35,14361015001,4
483,36,14361015001,1
483,37,14506015001,6
483,38,14506015001,3
483,39,14507083001,2
484,1,14504006001,6
484,2,14504006001,6
484,3,14504006001,6
484,4,14504006001,6
484,5,14504006001,6
484,6,14504006001,6
484,7,14504006001,6
484,8,14504006001,6
484,9,14504006001,6
484,10,14504006001,6
484,11,14504006001,6
484,12,14504006001,6
484,13,14504006001,6
484,14,14504006001,6
484,15,14504006001,6
484,16,14504006001,6
484,17,14504006001,6
484,18,14504006001,6
484,19,14504006001,6
484,20,14504006001,6
484,21,14504006001,6
484,22,14504006001,6
484,23,14504006001,6
484,24,14504006001,6
484,25,14504006001,6
484,26,14504006001,6
484,27,14504006001,6
484,28,14504006001,6
484,29,14504006001,6
484,30,14504006001,6
484,31,14504006001,6
484,32,14504006001,6
484,33,14504006001,6
484,34,14504006001,6
484,35,14504006001,6
484,36,14504006001,6
484,37,14504006001,6
484,38,14504006001,6
484,39,14504006001,6
484,40,14504006001,6
485,1,11110090001,9
485,2,11110090001,5
485,3,12000405001,16
485,4,12000405001,16
485,5,12000405001,11
485,6,12011084001,5
485,7,12011357001,10
485,8,12011357001,10
485,9,12011357001,10
485,10,12011357001,10
485,11,12011357001,3
485,12,14021010001,10
485,13,14021010001,10
485,14,14021010001,10
485,15,14021010001,10
485,16,14021010001,10
485,17,14021010001,10
485,18,14021010001,10
485,19,14021010001,10
485,20,14021010001,3
485,21,14111107001,1
485,22,14311065001,3
485,23,14311065001,3
485,24,14311065001,3
485,25,14311065001,1
485,26,14503013001,7
485,27,14503013001,7
485,28,14503013001,7
485,29,14503013001,7
485,30,14503013001,7
485,31,14503013001,7
485,32,14503013001,7
485,33,14503013001,7
485,34,14503013001,7
485,35,14503013001,5
485,36,14506060001,3
485,37,14506060001,3
485,38,14507047001,5
486,1,14503019001,5
486,2,14503019001,5
486,3,14503019001,5
486,4,14503019001,5
486,5,14503019001,5
486,6,14503019001,5
486,7,14503019001,5
486,8,14503019001,5
486,9,14503019001,5
486,10,14503019001,5
486,11,14503019001,5
486,12,14503019001,5
486,13,14503019001,5
486,14,14503019001,5
486,15,14503019001,5
486,16,14503019001,5
486,17,14503019001,5
486,18,14503019001,5
486,19,14503019001,5
486,20,14503019001,5
486,21,14503019001,5
486,22,14503019001,5
486,23,14503019001,5
486,24,14503019001,5
486,25,14503019001,5
486,26,14503019001,5
486,27,14503019001,5
486,28,14503019001,5
486,29,14503019001,5
486,30,14503019001,5
486,31,14503019001,5
486,32,14503019001,5
486,33,14503019001,5
486,34,14503019001,5
486,35,14503019001,5
486,36,14503019001,5
486,37,14503019001,5
486,38,14503019001,5
486,39,14503019001,5
486,40,14503019001,5
487,1,10041003001,8
487,2,10041003001,8
487,3,10041003001,8
487,4,10041003001,8
487,5,10041003001,8
487,6,10041003001,8
487,7,10041003001,8
487,8,10041003001,8
487,9,10041003001,8
487,10,10041003001,8
487,11,10041003001,8
487,12,10041003001,8
487,13,11103322001,6
487,14,11103322001,2
487,15,12010180001,30
487,16,12010180001,23
487,17,12011102001,2
487,18,14120002001,3
487,19,14501084001,12
487,20,14501084001,12
487,21,14501084001,12
487,22,14501084001,4
487,23,14506044001,3
487,24,14506044001,1
487,25,14506087001,4
487,26,14506087001,4
487,27,14506087001,4
487,28,14506087001,4
487,29,14506087001,4
487,30,14506087001,4
487,31,14506087001,4
487,32,14506087001,3
487,33,14507087001,2
488,1,10032006001,28
488,2,10032006001,28
488,3,10032006001,28
488,4,10032006001,28
488,5,10032006001,28
488,6,10032006001,28
488,7,10032006001,28
488,8,10032006001,28
488,9,10032006001,28
488,10,10032006001,28
488,11,10032006001,28
488,12,10032006001,28
488,13,10032006001,28
488,14,10032006001,28
488,15,10032006001,28
488,16,10032006001,28
488,17,10032006001,28
488,18,10032006001,28
488,19,10032006001,28
488,20,10032006001,28
488,21,10032006001,28
488,22,10032006001,28
488,23,10032006001,28
488,24,10032006001,28
488,25,10032006001,28
488,26,10032006001,28
488,27,10032006001,28
488,28,10032006001,28
488,29,10032006001,28
488,30,10032006001,28
488,31,10032006001,28
488,32,10032006001,28
488,33,10032006001,28
488,34,10032006001,28
488,35,10032006001,28
488,36,10032006001,28
488,37,10032006001,28
488,38,10032006001,28
488,39,10032006001,28
488,40,10032006001,28
489,1,10002942001,11
489,2,10002942001,11
489,3,10002942001,11
489,4,10002942001,11
489,5,10002942001,11
489,6,10002942001,11
489,7,10002942001,6
489,8,10020025001,20
489,9,10020025001,20
489,10,10020025001,20
489,11,10020025001,18
489,12,11103094001,4
489,13,11103094001,4
489,14,11103094001,4
489,15,11103094001,4
489,16,11103094001,4
489,17,11103094001,4
489,18,11103094001,4
489,19,11103094001,4
489,20,11103094001,4
489,21,11103094001,4
489,22,11103094001,4
489,23,11103094001,2
489,24,12005107006,9
489,25,12005107006,9
489,26,12005107006,9
489,27,12005107006,9
489,28,12005107006,9
489,29,12005107006,8
489,30,12011103001,2
489,31,14111090001,2
489,32,14242072001,5
489,33,14242072001,5
489,34,14242072001,1
489,35,14506067001,36
489,36,14506067001,13
489,37,14507076001,3
490,1,10010026001,40
490,2,10010026001,40
490,3,10010026001,40
490,4,10010026001,12
490,5,10014898001,6
490,6,10014898001,6
490,7,10014898001,6
490,8,10014898001,6
490,9,10014898001,6
490,10,10014898001,6
490,11,10014898001,4
490,12,12011111001,1
490,13,12100026001,3
490,14,12100026001,3
490,15,12100026001,3
490,16,12100026001,3
490,17,12100026001,3
490,18,12100026001,3
490,19,12100026001,3
490,20,12100026001,3
490,21,12100026001,3
490,22,12100026001,3
490,23,12100026001,3
490,24,12100026001,3
490,25,14113013001,4
490,26,14242164001,2
490,27,14242164001,2
490,28,14242164001,2
490,29,14504006001,6
490,30,14504006001,6
490,31,14504006001,6
490,32,14504006001,6
490,33,14504006001,6
490,34,14504006001,6
490,35,14504006001,6
490,36,14504006001,6
490,37,14504006001,2
490,38,14506069001,5
490,39,14506069001,5
490,40,14507085001,4
491,1,12201110001,1
491,2,12201110001,1
491,3,12201110001,1
491,4,12201110001,1
491,5,12201110001,1
491,6,12201110001,1
491,7,12201110001,1
491,8,12201110001,1
491,9,12201110001,1
491,10,12201110001,1
491,11,12201110001,1
491,12,12201110001,1
491,13,12201110001,1
491,14,12201110001,1
491,15,12201110001,1
491,16,12201110001,1
491,17,12201110001,1
491,18,12201110001,1
491,19,12201110001,1
491,20,12201110001,1
491,21,12201110001,1
491,22,12201110001,1
491,23,12201110001,1
491,24,12201110001,1
491,25,12201110001,1
491,26,12201110001,1
491,27,12201110001,1
491,28,12201110001,1
491,29,12201110001,1
491,30,12201110001,1
491,31,12201110001,1
491,32,12201110001,1
491,33,12201110001,1
491,34,12201110001,1
491,35,12201110001,1
491,36,12201110001,1
491,37,12201110001,1
491,38,12201110001,1
491,39,12201110001,1
491,40,12201110001,1
492,1,10002073001,11
492,2,10002073001,11
492,3,10002073001,11
492,4,10002073001,11
492,5,10002073001,11
492,6,10002073001,11
492,7,10002073001,6
492,8,10031026001,6
492,9,10031026001,6
492,10,10031026001,6
492,11,10031026001,6
492,12,12011120001,3
492,13,12120052001,5
492,14,12120052001,5
492,15,12120052001,5
492,16,12120052001,5
492,17,12120052001,5
492,18,12120052001,5
492,19,12120052001,5
492,20,12120052001,5
492,21,12120052001,5
492,22,12120052001,5
492,23,12120052001,5
492,24,12120052001,5
492,25,14120024001,3
492,26,14244003001,17
492,27,14244003001,17
492,28,14244003001,9
492,29,14503019001,5
492,30,14503019001,5
492,31,14503019001,5
492,32,14503019001,5
492,33,14503019001,5
492,34,14503019001,5
492,35,14503019001,5
492,36,14503019001,5
492,37,14503019001,3
492,38,14506099001,6
492,39,14506099001,6
492,40,14509015001,4
493,1,14503000001,9
493,2,14503000001,9
493,3,14503000001,9
493,4,14503000001,9
493,5,14503000001,9
493,6,14503000001,9
493,7,14503000001,9
493,8,14503000001,9
493,9,14503000001,9
493,10,14503000001,9
493,11,14503000001,9
493,12,14503000001,9
493,13,14503000001,9
493,14,14503000001,9
493,15,14503000001,9
493,16,14503000001,9
493,17,14503000001,9
493,18,14503000001,9
493,19,14503000001,9
493,20,14503000001,9
493,21,14503000001,9
493,22,14503000001,9
493,23,14503000001,9
493,24,14503000001,9
493,25,14503000001,9
493,26,14503000001,9
493,27,14503000001,9
493,28,14503000001,9
493,29,14503000001,9
493,30,14503000001,9
493,31,14503000001,9
493,32,14503000001,9
493,33,14503000001,9
493,34,14503000001,9
493,35,14503000001,9
493,36,14503000001,9
493,37,14503000001,9
493,38,14503000001,9
493,39,14503000001,9
493,40,14503000001,9
494,1,10015011001,28
494,2,10015011001,28
494,3,10015011001,28
494,4,10015011001,28
494,5,10015011001,28
494,6,10015011001,28
494,7,10015011001,24
494,8,10022003001,15
494,9,10022003001,15
494,10,10022003001,15
494,11,10022003001,3
494,12,12011136001,5
494,13,12011174001,12
494,14,12011174001,12
494,15,12011174001,12
494,16,12011174001,12
494,17,12011174001,5
494,18,14001092001,1
494,19,14001092001,1
494,20,14001092001,1
494,21,14001092001,1
494,22,14001092001,1
494,23,14001092001,1
494,24,14001092001,1
494,25,14001092001,1
494,26,14001092001,1
494,27,14001092001,1
494,28,14001092001,1
494,29,14001092001,1
494,30,14121112001,9
494,31,14244049001,4
494,32,14244049001,4
494,33,14244049001,4
494,34,14506109001,3
494,35,14506109001,3
494,36,14507202001,2
495,1,10032006001,28
495,2,10032006001,28
495,3,10032006001,28
495,4,10032006001,28
495,5,10032006001,28
495,6,10032006001,28
495,7,10032006001,28
495,8,10032006001,10
495,9,11032015001,4
495,10,12011117001,8
495,11,12122023002,6
495,12,12122023002,6
495,13,12123132001,2
495,14,12123132001,2
495,15,12123132001,2
495,16,12123132001,2
495,17,12123132001,2
495,18,12123132001,2
495,19,12123132001,2
495,20,12123132001,2
495,21,12123132001,2
495,22,12123132001,2
495,23,12123132001,2
495,24,12123132001,2
495,25,12123132001,2
495,26,12123132001,2
495,27,12123132001,2
495,28,12123132001,2
495,29,12123132001,2
495,30,12123132001,2
495,31,14022086001,5
495,32,14022086001,5
495,33,14022086001,4
495,34,14110029001,5
495,35,14110029001,5
495,36,14110029001,5
495,37,14110029001,5
495,38,14110029001,2
495,39,14121061001,6
495,40,14509024001,2
496,1,14010002001,1
496,2,14010002001,1
496,3,14010002001,1
496,4,14010002001,1
496,5,14010002001,1
496,6,14010002001,1
496,7,14010002001,1
496,8,14010002001,1
496,9,14010002001,1
496,10,14010002001,1
496,11,14010002001,1
496,12,14010002001,1
496,13,14010002001,1
496,14,14010002001,1
496,15,14010002001,1
496,16,14010002001,1
496,17,14010002001,1
496,18,14010002001,1
496,19,14010002001,1
496,20,14010002001,1
496,21,14010002001,1
496,22,14010002001,1
496,23,14010002001,1
496,24,14010002001,1
496,25,14010002001,1
496,26,14010002001,1
496,27,14010002001,1
496,28,14010002001,1
496,29,14010002001,1
496,30,14010002001,1
496,31,14010002001,1
496,32,14010002001,1
496,33,14010002001,1
496,34,14010002001,1
496,35,14010002001,1
496,36,14010002001,1
496,37,14010002001,1
496,38,14010002001,1
496,39,14010002001,1
496,40,14010002001,1
497,1,11032031001,2
497,2,12011109001,5
497,3,12123024001,3
497,4,12123024001,3
497,5,12201110001,1
497,6,12201110001,1
497,7,12201110001,1
497,8,12201110001,1
497,9,12201110001,1
497,10,12201110001,1
497,11,12201110001,1
497,12,12201110001,1
497,13,14000196001,4
497,14,14000196001,4
497,15,14000196001,4
497,16,14000196001,4
497,17,14000196001,4
497,18,14000196001,4
497,19,14000196001,4
497,20,14000196001,4
497,21,14000196001,4
497,22,14000196001,4
497,23,14000196001,4
497,24,14000196001,4
497,25,14000196001,4
497,26,14000196001,4
497,27,14000196001,4
497,28,14000196001,4
497,29,14000196001,4
497,30,14000196001,2
497,31,14021055001,5
497,32,14021055001,5
497,33,14021055001,5
497,34,14121063001,8
497,35,14121063001,8
497,36,14121063001,8
497,37,14121063001,8
497,38,14121063001,7
497,39,14121075001,7
497,40,14509026001,1
498,1,10020002001,16
498,2,10020002001,16
498,3,10020002001,16
498,4,10020002001,16
498,5,10020002001,16
498,6,10020002001,16
498,7,10020002001,3
498,8,10023103001,1
498,9,10023103001,1
498,10,10023103001,1
498,11,10023103001,1
498,12,12011133001,1
498,13,12123029001,1
498,14,12123029001,1
498,15,12123029001,1
498,16,12123029001,1
498,17,12123029001,1
498,18,12123029001,1
498,19,12123029001,1
498,20,12123029001,1
498,21,12123029001,1
498,22,12123029001,1
498,23,12123029001,1
498,24,12123029001,1
498,25,14133027001,4
498,26,14223046001,11
498,27,14223046001,11
498,28,14223046001,11
498,29,14223046001,11
498,30,14223046001,9
498,31,14240008001,4
498,32,14240008001,4
498,33,14240008001,2
498,34,14506124001,2
498,35,14506124001,2
498,36,14512015001,2
499,1,10040048001,8
499,2,10040048001,8
499,3,10040048001,8
499,4,10040048001,8
499,5,10040048001,8
499,6,10040048001,8
499,7,10040048001,8
499,8,10040048001,8
499,9,10040048001,8
499,10,10040048001,8
499,11,10040048001,8
499,12,10040048001,8
499,13,10040048001,8
499,14,10040048001,8
499,15,10040048001,8
499,16,10040048001,8
499,17,10040048001,8
499,18,10040048001,8
499,19,11032043001,2
499,20,12011139001,2
499,21,12130111001,2
499,22,12130111001,1
499,23,14010002001,1
499,24,14010002001,1
499,25,14010002001,1
499,26,14010002001,1
499,27,14010002001,1
499,28,14010002001,1
499,29,14010002001,1
499,30,14010002001,1
499,31,14023003001,5
499,32,14023003001,5
499,33,14023003001,3
499,34,14112054001,5
499,35,14112054001,5
499,36,14112054001,5
499,37,14112054001,5
499,38,14112054001,2
499,39,14130013001,7
499,40,14521148001,2
500,1,10024004001,40
500,2,10024004001,40
500,3,10024004001,40
500,4,10024004001,6
500,5,10034046001,8
500,6,10034046001,8
500,7,10034046001,8
500,8,10034046001,8
500,9,10034046001,8
500,10,10034046001,8
500,11,10034046001,4
500,12,12011144001,4
500,13,12344037001,53
500,14,14001075001,3
500,15,14001075001,3
500,16,14001075001,3
500,17,14001075001,3
500,18,14001075001,3
500,19,14001075001,3
500,20,14001075001,3
500,21,14001075001,3
500,22,14001075001,3
500,23,14001075001,3
500,24,14001075001,3
500,25,14001075001,3
500,26,14200019001,4
500,27,14244918001,10
500,28,14244918001,10
500,29,14244918001,3
500,30,14506190001,7
500,31,14506190001,3
500,32,14512916001,3
501,1,10000004001,7
501,2,10000004001,7
501,3,10000004001,7
501,4,10000004001,7
501,5,10000004001,7
501,6,10000004001,7
501,7,10000004001,7
501,8,10000004001,7
501,9,10000004001,7
501,10,10000004001,7
501,11,10000004001,7
501,12,10000004001,7
501,13,10000004001,7
501,14,10000004001,7
501,15,10000004001,7
501,16,10000004001,7
501,17,10000004001,7
501,18,10000004001,7
501,19,10000004001,7
501,20,10000004001,7
501,21,10000004001,7
501,22,10000004001,7
501,23,10000004001,7
501,24,10000004001,7
501,25,10000004001,7
501,26,10000004001,7
501,27,10000004001,7
501,28,10000004001,7
501,29,10000004001,7
501,30,10000004001,7
501,31,10000004001,7
501,32,10000004001,7
501,33,10000004001,7
501,34,10000004001,7
501,35,10000004001,7
501,36,10000004001,7
501,37,10000004001,7
501,38,10000004001,7
501,39,10000004001,7
501,40,10000004001,7
502,1,10000004001,7
502,2,10000004001,7
502,3,10000004001,7
502,4,10000004001,7
502,5,10000004001,7
502,6,10000004001,7
502,7,10000004001,2
502,8,10033012001,5
502,9,10033012001,5
502,10,10033012001,5
502,11,10033012001,5
502,12,10033012001,5
502,13,10033012001,5
502,14,10033012001,5
502,15,10033012001,5
502,16,10033012001,5
502,17,10033012001,5
502,18,10033012001,5
502,19,10033012001,5
502,20,10033012001,5
502,21,10033012001,5
502,22,10033012001,5
502,23,10033012001,5
502,24,10033012001,5
502,25,10033012001,5
502,26,10033012001,2
502,27,11032035001,4
502,28,12011150001,4
502,29,12123015001,6
502,30,12123015001,6
502,31,14023017001,2
502,32,14023017001,2
502,33,14023017001,1
502,34,14121074001,11
502,35,14121074001,11
502,36,14121074001,11
502,37,14121074001,11
502,38,14121074001,3
502,39,14131044001,6
502,40,14520044001,2
503,1,14112013001,4
503,2,14112013001,4
503,3,14112013001,4
503,4,14112013001,4
503,5,14112013001,4
503,6,14112013001,4
503,7,14112013001,4
503,8,14112013001,4
503,9,14112013001,4
503,10,14112013001,4
503,11,14112013001,4
503,12,14112013001,4
503,13,14112013001,4
503,14,14112013001,4
503,15,14112013001,4
503,16,14112013001,4
503,17,14112013001,4
503,18,14112013001,4
503,19,14112013001,4
503,20,14112013001,4
503,21,14112013001,4
503,22,14112013001,4
503,23,14112013001,4
503,24,14112013001,4
503,25,14112013001,4
503,26,14112013001,4
503,27,14112013001,4
503,28,14112013001,4
503,29,14112013001,4
503,30,14112013001,4
503,31,14112013001,4
503,32,14112013001,4
503,33,14112013001,4
503,34,14112013001,4
503,35,14112013001,4
503,36,14112013001,4
503,37,14112013001,4
503,38,14112013001,4
503,39,14112013001,4
503,40,14112013001,4
504,1,10020012001,13
504,2,10020012001,13
504,3,10020012001,13
504,4,10020012001,13
504,5,10020012001,13
504,6,10020012001,13
504,7,10020012001,12
504,8,10023114001,1
504,9,10023114001,1
504,10,10023114001,1
504,11,10023114001,1
504,12,12011158002,3
504,13,14111010001,1
504,14,14111010001,1
504,15,14111010001,1
504,16,14111010001,1
504,17,14111010001,1
504,18,14111010001,1
504,19,14111010001,1
504,20,14111010001,1
504,21,14111010001,1
504,22,14111010001,1
504,23,14111010001,1
504,24,14111010001,1
504,25,14132149001,5
504,26,14302017001,2
504,27,14302017001,2
504,28,14302017001,1
504,29,14361051001,4
504,30,14361051001,4
504,31,14361051001,4
504,32,14361051001,4
504,33,14361051001,4
504,34,14361051001,4
504,35,14361051001,4
504,36,14361051001,4
504,37,14361051001,4
504,38,14506130001,3
504,39,14506130001,2
504,40,14521178001,6
505,1,10020036001,5
505,2,10020036001,5
505,3,10020036001,5
505,4,10020036001,5
505,5,10020036001,5
505,6,10020036001,5
505,7,10020036001,5
505,8,10020036001,5
505,9,10020036001,5
505,10,10020036001,5
505,11,10020036001,5
505,12,10020036001,5
505,13,10020036001,5
505,14,10020036001,5
505,15,10020036001,5
505,16,10020036001,5
505,17,10020036001,5
505,18,10020036001,3
505,19,11110013001,5
505,20,11110013001,1
505,21,12011154001,2
505,22,12123080001,9
505,23,12123080001,9
505,24,12123080001,6
505,25,12130016001,3
505,26,12130016001,3
505,27,12130016001,3
505,28,12130016001,3
505,29,12130016001,3
505,30,14112013001,4
505,31,14112013001,4
505,32,14112013001,4
505,33,14112013001,4
505,34,14112013001,4
505,35,14112013001,4
505,36,14112013001,4
505,37,14133013001,2
505,38,14506112001,1
505,39,14506112001,1
505,40,14521179001,4
506,1,10041034001,5
506,2,10041034001,5
506,3,10041034001,5
506,4,10041034001,5
506,5,10041034001,5
506,6,10041034001,5
506,7,10041034001,5
506,8,10041034001,5
506,9,10041034001,5
506,10,10041034001,5
506,11,10041034001,5
506,12,10041034001,5
506,13,10041034001,5
506,14,10041034001,5
506,15,10041034001,5
506,16,10041034001,5
506,17,10041034001,5
506,18,10041034001,3
506,19,11104006001,6
506,20,11104006001,1
506,21,12011152001,1
506,22,12201112001,5
506,23,12201112001,5
506,24,12201112001,2
506,25,12232999001,2
506,26,12232999001,2
506,27,12232999001,2
506,28,12232999001,2
506,29,12232999001,1
506,30,14200002001,2
506,31,14503000001,9
506,32,14503000001,9
506,33,14503000001,9
506,34,14503000001,9
506,35,14503000001,9
506,36,14503000001,9
506,37,14503000001,1
506,38,14506164001,3
506,39,14506164001,2
506,40,14521180001,6
507,1,10033023001,6
507,2,10033023001,6
507,3,10033023001,6
507,4,10033023001,6
507,5,11100001001,6
507,6,11100001001,6
507,7,11100001001,6
507,8,11100001001,6
507,9,11100001001,6
507,10,11100001001,6
507,11,11100001001,3
507,12,12011179001,4
507,13,12023278001,31
507,14,12023278001,22
507,15,14200018001,5
507,16,14304008001,2
507,17,14304008001,2
507,18,14304008001,1
507,19,14353039001,3
507,20,14353039001,3
507,21,14353039001,3
507,22,14353039001,3
507,23,14353039001,3
507,24,14353039001,3
507,25,14353039001,3
507,26,14353039001,3
507,27,14353039001,3
507,28,14353039001,3
507,29,14353039001,3
507,30,14353039001,2
507,31,14506141001,3
507,32,14506141001,3
507,33,14600013001,14
508,1,14501014001,9
508,2,14501014001,9
508,3,14501014001,9
508,4,14501014001,9
508,5,14501014001,9
508,6,14501014001,9
508,7,14501014001,9
508,8,14501014001,9
508,9,14501014001,9
508,10,14501014001,9
508,11,14501014001,9
508,12,14501014001,9
508,13,14501014001,9
508,14,14501014001,9
508,15,14501014001,9
508,16,14501014001,9
508,17,14501014001,9
508,18,14501014001,9
508,19,14501014001,9
508,20,14501014001,9
508,21,14501014001,9
508,22,14501014001,9
508,23,14501014001,9
508,24,14501014001,9
508,25,14501014001,9
508,26,14501014001,9
508,27,14501014001,9
508,28,14501014001,9
508,29,14501014001,9
508,30,14501014001,9
508,31,14501014001,9
508,32,14501014001,9
508,33,14501014001,9
508,34,14501014001,9
508,35,14501014001,9
508,36,14501014001,9
508,37,14501014001,9
508,38,14501014001,9
508,39,14501014001,9
508,40,14501014001,9
509,1,10035003001,6
509,2,10035003001,6
509,3,10035003001,6
509,4,10035003001,6
509,5,10035003001,6
509,6,10035003001,6
509,7,10035003001,6
509,8,10040040001,9
509,9,10040040001,9
509,10,10040040001,9
509,11,10040040001,9
509,12,12011153001,2
509,13,14200049001,8
509,14,14204129001,2
509,15,14204129001,2
509,16,14204129001,2
509,17,14204129001,2
509,18,14204129001,2
509,19,14204129001,2
509,20,14204129001,2
509,21,14204129001,2
509,22,14204129001,2
509,23,14204129001,2
509,24,14204129001,2
509,25,14204129001,2
509,26,14210047001,10
509,27,14210047001,10
509,28,14210047001,10
509,29,14210047001,10
509,30,14210047001,10
509,31,14210047001,3
509,32,14243007001,5
509,33,14243007001,5
509,34,14243007001,2
509,35,14506225001,12
509,36,14506225001,8
509,37,14522065001,4
510,1,10035035001,28
510,2,10035035001,28
510,3,10035035001,28
510,4,10035035001,28
510,5,10035035001,28
510,6,10035035001,28
510,7,10035035001,28
510,8,10035035001,28
510,9,10035035001,28
510,10,10035035001,28
510,11,10035035001,28
510,12,10035035001,28
510,13,10035035001,28
510,14,10035035001,28
510,15,10035035001,28
510,16,10035035001,28
510,17,10035035001,28
510,18,10035035001,28
510,19,10035035001,28
510,20,10035035001,28
510,21,10035035001,28
510,22,10035035001,28
510,23,10035035001,28
510,24,10035035001,28
510,25,10035035001,28
510,26,10035035001,28
510,27,10035035001,28
510,28,10035035001,28
510,29,10035035001,28
510,30,10035035001,28
510,31,10035035001,28
510,32,10035035001,28
510,33,10035035001,28
510,34,10035035001,28
510,35,10035035001,28
510,36,10035035001,28
510,37,10035035001,28
510,38,10035035001,28
510,39,10035035001,28
510,40,10035035001,28
511,1,14506001001,5
511,2,14506001001,5
511,3,14506001001,5
511,4,14506001001,5
511,5,14506001001,5
511,6,14506001001,5
511,7,14506001001,5
511,8,14506001001,5
511,9,14506001001,5
511,10,14506001001,5
511,11,14506001001,5
511,12,14506001001,5
511,13,14506001001,5
511,14,14506001001,5
511,15,14506001001,5
511,16,14506001001,5
511,17,14506001001,5
511,18,14506001001,5
511,19,14506001001,5
511,20,14506001001,5
511,21,14506006001,5
511,22,14506006001,5
511,23,14506006001,5
511,24,14506006001,5
511,25,14506006001,5
511,26,14506006001,5
511,27,14506006001,5
511,28,14506006001,5
511,29,14506006001,5
511,30,14506006001,5
511,31,14506006001,5
511,32,14506006001,5
511,33,14506006001,5
511,34,14506006001,5
511,35,14506006001,5
511,36,14506006001,5
511,37,14506006001,5
511,38,14506006001,5
511,39,14506006001,5
511,40,14506006001,5
512,1,10040094001,10
512,2,10040094001,10
512,3,10040094001,10
512,4,10040094001,4
512,5,11050035001,3
512,6,11050035001,3
512,7,11050035001,3
512,8,11050035001,3
512,9,11050035001,3
512,10,11050035001,3
512,11,11050035001,2
512,12,12002009001,21
512,13,12002009001,21
512,14,12002009001,11
512,15,12011159001,6
512,16,14200033001,11
512,17,14204131001,10
512,18,14204131001,10
512,19,14204131001,10
512,20,14204131001,10
512,21,14204131001,10
512,22,14204131001,10
512,23,14204131001,10
512,24,14204131001,10
512,25,14204131001,10
512,26,14204131001,10
512,27,14204131001,10
512,28,14204131001,2
512,29,14311119001,3
512,30,14311119001,3
512,31,14311119001,3
512,32,14506352001,22
512,33,14506352001,22
512,34,14524015001,2
513,1,10041008001,5
513,2,10041008001,5
513,3,10041008001,5
513,4,10041008001,5
513,5,10041008001,5
513,6,10041008001,5
513,7,10041008001,2
513,8,11032008001,8
513,9,11032008001,8
513,10,11032008001,8
513,11,11032008001,6
513,12,12011230001,3
513,13,14200061001,4
513,14,14244052001,2
513,15,14244052001,2
513,16,14244052001,2
513,17,14244052001,2
513,18,14244052001,2
513,19,14244052001,2
513,20,14244052001,2
513,21,14244052001,2
513,22,14244052001,2
513,23,14244052001,2
513,24,14244052001,2
513,25,14244052001,2
513,26,14311020001,3
513,27,14311020001,3
513,28,14311020001,2
513,29,14507044001,2
513,30,14507044001,2
513,31,14600010001,53
513,32,14600898001,6
514,1,10041001001,7
514,2,10041001001,7
514,3,10041001001,7
514,4,10041001001,3
514,5,11070001001,5
514,6,11070001001,5
514,7,11070001001,5
514,8,11070001001,5
514,9,11070001001,5
514,10,11070001001,5
514,11,11070001001,1
514,12,12011186001,1
514,13,12020148001,20
514,14,12020148001,20
514,15,12020148001,13
514,16,14200046001,6
514,17,14244014001,2
514,18,14244014001,2
514,19,14244014001,2
514,20,14244014001,2
514,21,14244014001,2
514,22,14244014001,2
514,23,14244014001,2
514,24,14244014001,2
514,25,14244014001,2
514,26,14244014001,2
514,27,14244014001,2
514,28,14244014001,2
514,29,14311081001,3
514,30,14311081001,3
514,31,14311081001,1
514,32,14506145001,3
514,33,14506145001,3
514,34,14521181001,5
515,1,10031033001,9
515,2,10031033001,9
515,3,10031033001,9
515,4,10031033001,9
515,5,10031033001,9
515,6,10031033001,9
515,7,10031033001,9
515,8,10031033001,9
515,9,10031033001,9
515,10,10031033001,9
515,11,10031033001,9
515,12,10031033001,9
515,13,10031033001,9
515,14,10031033001,9
515,15,10031033001,9
515,16,10031033001,9
515,17,10031033001,9
515,18,10031033001,9
515,19,10031033001,9
515,20,10031033001,9
515,21,10031033001,9
515,22,10031033001,9
515,23,10031033001,9
515,24,10031033001,9
515,25,10031033001,9
515,26,10031033001,9
515,27,10031033001,9
515,28,10031033001,9
515,29,10031033001,9
515,30,10031033001,9
515,31,10031033001,9
515,32,10031033001,9
515,33,10031033001,9
515,34,10031033001,9
515,35,10031033001,9
515,36,10031033001,9
515,37,10031033001,9
515,38,10031033001,9
515,39,10031033001,9
515,40,10031033001,9
516,1,10031033001,9
516,2,10031033001,9
516,3,10031033001,9
516,4,10031033001,9
516,5,10031033001,4
516,6,10040034001,5
516,7,10040034001,5
516,8,10040034001,5
516,9,10040034001,5
516,10,10040034001,5
516,11,10040034001,5
516,12,10040034001,5
516,13,10040034001,5
516,14,10040034001,5
516,15,10040034001,5
516,16,10040034001,5
516,17,10040034001,5
516,18,10040034001,5
516,19,10040034001,5
516,20,10040034001,5
516,21,10040034001,5
516,22,10040034001,5
516,23,10040034001,5
516,24,10040034001,5
516,25,10040034001,1
516,26,11110085001,9
516,27,11110085001,5
516,28,12011199001,4
516,29,12130031001,2
516,30,12130031001,2
516,31,12130031001,1
516,32,14000027001,6
516,33,14000027001,6
516,34,14000027001,6
516,35,14000027001,6
516,36,14000027001,2
516,37,14200070001,5
516,38,14506204001,9
516,39,14506204001,7
516,40,14600011001,5
517,1,10024014001,9
517,2,10024014001,9
517,3,10024014001,9
517,4,10024014001,9
517,5,10024014001,9
517,6,10024014001,9
517,7,10024014001,9
517,8,10024014001,9
517,9,10024014001,9
517,10,10024014001,9
517,11,10024014001,9
517,12,10024014001,9
517,13,10024014001,9
517,14,10024014001,9
517,15,10024014001,9
517,16,10024014001,9
517,17,10024014001,9
517,18,10024014001,9
517,19,10024014001,2
517,20,10035035001,28
517,21,10035035001,28
517,22,10035035001,28
517,23,10035035001,28
517,24,10035035001,4
517,25,11111019001,7
517,26,11111019001,2
517,27,12011210001,5
517,28,12123897001,5
517,29,12123897001,5
517,30,12123897001,3
517,31,14200086001,5
517,32,14502003001,12
517,33,14502003001,12
517,34,14502003001,12
517,35,14502003001,12
517,36,14502003001,12
517,37,14502003001,10
517,38,14507045001,3
517,39,14507045001,1
517,40,14600007001,12
518,1,14023029001,2
518,2,14023029001,2
518,3,14023029001,2
518,4,14023029001,2
518,5,14023029001,2
518,6,14023029001,2
518,7,14023029001,2
518,8,14023029001,2
518,9,14023029001,2
518,10,14023029001,2
518,11,14023029001,2
518,12,14023029001,2
518,13,14023029001,2
518,14,14023029001,2
518,15,14023029001,2
518,16,14023029001,2
518,17,14023029001,2
518,18,14023029001,2
518,19,14023029001,2
518,20,14023029001,2
518,21,14023029001,2
518,22,14023029001,2
518,23,14023029001,2
518,24,14023029001,2
518,25,14023029001,2
518,26,14023029001,2
518,27,14023029001,2
518,28,14023029001,2
518,29,14023029001,2
518,30,14023029001,2
518,31,14023029001,2
518,32,14023029001,2
518,33,14023029001,2
518,34,14023029001,2
518,35,14023029001,2
518,36,14023029001,2
518,37,14023029001,2
518,38,14023029001,2
518,39,14023029001,2
518,40,14023029001,2
519,1,12123064001,1
519,2,12123064001,1
519,3,12123064001,1
519,4,12123064001,1
519,5,12123064001,1
519,6,12123064001,1
519,7,12123064001,1
519,8,12123064001,1
519,9,12123064001,1
519,10,12123064001,1
519,11,12123064001,1
519,12,12123064001,1
519,13,12123064001,1
519,14,12123064001,1
519,15,12123064001,1
519,16,12123064001,1
519,17,12123064001,1
519,18,12123064001,1
519,19,12123064001,1
519,20,12123064001,1
519,21,12123064001,1
519,22,12123064001,1
519,23,12123064001,1
519,24,12123064001,1
519,25,12123064001,1
519,26,12123064001,1
519,27,12123064001,1
519,28,12123064001,1
519,29,12123064001,1
519,30,12123064001,1
519,31,12123064001,1
519,32,12123064001,1
519,33,12123064001,1
519,34,12123064001,1
519,35,12123064001,1
519,36,12123064001,1
519,37,12123064001,1
519,38,12123064001,1
519,39,12123064001,1
519,40,12123064001,1
520,1,10014130001,7
520,2,10014130001,7
520,3,10014130001,7
520,4,10014130001,7
520,5,10014130001,7
520,6,10014130001,7
520,7,10014130001,7
520,8,10014130001,7
520,9,10014130001,7
520,10,10014130001,7
520,11,10014130001,7
520,12,10014130001,7
520,13,10014130001,7
520,14,10014130001,7
520,15,10014130001,7
520,16,10014130001,7
520,17,10014130001,7
520,18,10014130001,7
520,19,12000152001,5
520,20,12000152001,2
520,21,12011215001,8
520,22,12212005001,9
520,23,12212005001,9
520,24,12212005001,6
520,25,14200059001,6
520,26,14502029001,13
520,27,14502029001,13
520,28,14502029001,13
520,29,14502029001,13
520,30,14502029001,13
520,31,14502029001,1
520,32,14506001001,5
520,33,14506001001,5
520,34,14506001001,4
520,35,14506006001,5
520,36,14506006001,5
520,37,14506006001,4
520,38,14506286001,3
520,39,14506286001,3
520,40,14600020001,3
521,1,10001020001,11
521,2,10001020001,11
521,3,10001020001,11
521,4,10001020001,11
521,5,10001020001,11
521,6,10001020001,11
521,7,10001020001,11
521,8,10001020001,11
521,9,10001020001,11
521,10,10001020001,11
521,11,10001020001,11
521,12,10001020001,11
521,13,10001020001,11
521,14,10001020001,11
521,15,10001020001,11
521,16,10001020001,11
521,17,10001020001,11
521,18,10001020001,11
521,19,10001020001,6
521,20,11111021001,7
521,21,11111021001,3
521,22,12011220001,2
521,23,14000018001,7
521,24,14000018001,7
521,25,14000018001,5
521,26,14023029001,2
521,27,14023029001,2
521,28,14023029001,2
521,29,14023029001,2
521,30,14023029001,2
521,31,14200089001,5
521,32,14501038001,15
521,33,14501038001,15
521,34,14501038001,15
521,35,14501038001,15
521,36,14501038001,15
521,37,14501038001,9
521,38,14509007001,3
521,39,14509007001,1
521,40,14600022001,2
522,1,14500010001,5
522,2,14500010001,5
522,3,14500010001,5
522,4,14500010001,5
522,5,14500010001,5
522,6,14500010001,5
522,7,14500010001,5
522,8,14500010001,5
522,9,14500010001,5
522,10,14500010001,5
522,11,14500010001,5
522,12,14500010001,5
522,13,14500010001,5
522,14,14500010001,5
522,15,14500010001,5
522,16,14500010001,5
522,17,14500010001,5
522,18,14500010001,5
522,19,14500010001,5
522,20,14500010001,5
522,21,14500010001,5
522,22,14500010001,5
522,23,14500010001,5
522,24,14500010001,5
522,25,14500010001,5
522,26,14500010001,5
522,27,14500010001,5
522,28,14500010001,5
522,29,14500010001,5
522,30,14500010001,5
522,31,14500010001,5
522,32,14500010001,5
522,33,14500010001,5
522,34,14500010001,5
522,35,14500010001,5
522,36,14500010001,5
522,37,14500010001,5
522,38,14500010001,5
522,39,14500010001,5
522,40,14500010001,5
523,1,10034050001,11
523,2,10034050001,11
523,3,10034050001,11
523,4,10034050001,11
523,5,10034050001,11
523,6,10034050001,11
523,7,10034050001,11
523,8,10034050001,11
523,9,10034050001,11
523,10,10034050001,11
523,11,10034050001,11
523,12,10034050001,11
523,13,10034050001,11
523,14,10034050001,11
523,15,10034050001,11
523,16,10034050001,11
523,17,10034050001,11
523,18,10034050001,11
523,19,10034050001,6
523,20,11111022001,6
523,21,11111022001,6
523,22,12011226001,4
523,23,12123064001,1
523,24,12123064001,1
523,25,12123064001,1
523,26,12123064001,1
523,27,12123064001,1
523,28,14001036001,9
523,29,14001036001,9
523,30,14001036001,7
523,31,14200088001,3
523,32,14509005001,3
523,33,14509005001,3
523,34,14521158001,6
523,35,14521158001,6
523,36,14521158001,6
523,37,14521158001,6
523,38,14521158001,6
523,39,14521158001,6
523,40,14600899001,5
524,1,14112007001,4
524,2,14112007001,4
524,3,14112007001,4
524,4,14112007001,4
524,5,14112007001,4
524,6,14112007001,4
524,7,14112007001,4
524,8,14112007001,4
524,9,14112007001,4
524,10,14112007001,4
524,11,14112007001,4
524,12,14112007001,4
524,13,14112007001,4
524,14,14112007001,4
524,15,14112007001,4
524,16,14112007001,4
524,17,14112007001,4
524,18,14112007001,4
524,19,14112007001,4
524,20,14112007001,4
524,21,14112007001,4
524,22,14112007001,4
524,23,14112007001,4
524,24,14112007001,4
524,25,14112007001,4
524,26,14112007001,4
524,27,14112007001,4
524,28,14112007001,4
524,29,14112007001,4
524,30,14112007001,4
524,31,14112007001,4
524,32,14112007001,4
524,33,14112007001,4
524,34,14112007001,4
524,35,14112007001,4
524,36,14112007001,4
524,37,14112007001,4
524,38,14112007001,4
524,39,14112007001,4
524,40,14112007001,4
525,1,10014028001,28
525,2,10014028001,28
525,3,10014028001,28
525,4,10014028001,28
525,5,10014028001,28
525,6,10014028001,28
525,7,10014028001,28
525,8,10014028001,28
525,9,10014028001,28
525,10,10014028001,28
525,11,10014028001,28
525,12,10014028001,28
525,13,10014028001,28
525,14,10014028001,28
525,15,10014028001,28
525,16,10014028001,28
525,17,10014028001,28
525,18,10014028001,28
525,19,10014028001,18
525,20,12000317001,5
525,21,12000317001,3
525,22,12011213001,2
525,23,14000015001,3
525,24,14000015001,3
525,25,14000015001,3
525,26,14112007001,4
525,27,14112007001,4
525,28,14112007001,4
525,29,14112007001,4
525,30,14112007001,1
525,31,14200090001,7
525,32,14503002001,12
525,33,14503002001,12
525,34,14503002001,12
525,35,14503002001,12
525,36,14503002001,12
525,37,14503002001,5
525,38,14511005001,6
525,39,14511005001,1
525,40,14600032001,4
526,1,10001035001,5
526,2,10001035001,5
526,3,10001035001,5
526,4,10001035001,5
526,5,10001035001,5
526,6,10001035001,5
526,7,10001035001,5
526,8,10001035001,5
526,9,10001035001,5
526,10,10001035001,5
526,11,10001035001,5
526,12,10001035001,5
526,13,10001035001,5
526,14,10001035001,5
526,15,10001035001,5
526,16,10001035001,5
526,17,10001035001,5
526,18,10001035001,5
526,19,10001035001,5
526,20,10001035001,1
526,21,12002062001,8
526,22,12002062001,4
526,23,12011221001,4
526,24,14000055001,6
526,25,14000055001,6
526,26,14000055001,1
526,27,14200093001,7
526,28,14500010001,5
526,29,14500010001,5
526,30,14500010001,5
526,31,14500010001,1
526,32,14502054001,12
526,33,14502054001,12
526,34,14502054001,12
526,35,14502054001,12
526,36,14502054001,12
526,37,14502054001,10
526,38,14509036001,3
526,39,14509036001,2
526,40,14600907001,5
527,1,14501013001,6
527,2,14501013001,6
527,3,14501013001,6
527,4,14501013001,6
527,5,14501013001,6
527,6,14501013001,6
527,7,14501013001,6
527,8,14501013001,6
527,9,14501013001,6
527,10,14501013001,6
527,11,14501013001,6
527,12,14501013001,6
527,13,14501013001,6
527,14,14501013001,6
527,15,14501013001,6
527,16,14501013001,6
527,17,14501013001,6
527,18,14501013001,6
527,19,14501013001,6
527,20,14501013001,6
527,21,14501013001,6
527,22,14501013001,6
527,23,14501013001,6
527,24,14501013001,6
527,25,14501013001,6
527,26,14501013001,6
527,27,14501013001,6
527,28,14501013001,6
527,29,14501013001,6
527,30,14501013001,6
527,31,14501013001,6
527,32,14501013001,6
527,33,14501013001,6
527,34,14501013001,6
527,35,14501013001,6
527,36,14501013001,6
527,37,14501013001,6
527,38,14501013001,6
527,39,14501013001,6
527,40,14501013001,6
528,1,11062025001,2
528,2,11062025001,2
528,3,11062025001,2
528,4,11062025001,1
528,5,12011240001,2
528,6,12102046001,18
528,7,12102046001,18
528,8,12102046001,17
528,9,12122002002,4
528,10,12122002002,4
528,11,12122002002,4
528,12,12122002002,4
528,13,12122002002,4
528,14,12122002002,4
528,15,12122002002,3
528,16,14200091001,6
528,17,14332008001,4
528,18,14332008001,4
528,19,14332008001,2
528,20,14501011001,6
528,21,14501011001,6
528,22,14501011001,6
528,23,14501011001,6
528,24,14501011001,6
528,25,14501011001,6
528,26,14501011001,6
528,27,14501011001,6
528,28,14501011001,6
528,29,14501011001,6
528,30,14501011001,6
528,31,14501011001,2
528,32,14522051001,6
528,33,14522051001,4
528,34,14600999001,1
529,1,10020015001,13
529,2,10020015001,13
529,3,10020015001,13
529,4,10020015001,13
529,5,10020015001,13
529,6,10020015001,13
529,7,10020015001,13
529,8,10020015001,13
529,9,10020015001,10
529,10,10023102001,4
529,11,10023102001,4
529,12,10023102001,4
529,13,10023102001,4
529,14,10023102001,4
529,15,10023102001,4
529,16,10023102001,4
529,17,10023102001,4
529,18,10023102001,4
529,19,12011251001,2
529,20,12103066001,6
529,21,12103066001,6
529,22,12103066001,6
529,23,12103066001,6
529,24,12103066001,6
529,25,12103066001,6
529,26,12103066001,6
529,27,12103066001,6
529,28,12103066001,5
529,29,14200096001,5
529,30,14311044001,1
529,31,14311044001,1
529,32,14311044001,1
529,33,14501002001,12
529,34,14501002001,12
529,35,14501002001,12
529,36,14501002001,12
529,37,14501002001,2
529,38,14601009001,2
529,39,14610009001,13
529,40,14610009001,8
530,1,12002023001,8
530,2,12002023001,5
530,3,12011243001,2
530,4,14000071001,8
530,5,14000071001,8
530,6,14000071001,6
530,7,14013004001,1
530,8,14013004001,1
530,9,14013004001,1
530,10,14013004001,1
530,11,14013004001,1
530,12,14013004001,1
530,13,14013004001,1
530,14,14013004001,1
530,15,14013004001,1
530,16,14013004001,1
530,17,14013004001,1
530,18,14013004001,1
530,19,14013004001,1
530,20,14013004001,1
530,21,14013004001,1
530,22,14013004001,1
530,23,14013004001,1
530,24,14013004001,1
530,25,14013004001,1
530,26,14202013001,4
530,27,14501014001,9
530,28,14501014001,9
530,29,14501014001,9
530,30,14501014001,9
530,31,14501014001,9
530,32,14502080001,9
530,33,14502080001,9
530,34,14502080001,9
530,35,14502080001,9
530,36,14502080001,9
530,37,14502080001,5
530,38,14522050001,6
530,39,14522050001,4
530,40,14600912001,11
531,1,10031012001,5
531,2,10031012001,5
531,3,10031012001,5
531,4,10031012001,5
531,5,10031012001,5
531,6,10031012001,5
531,7,10031012001,5
531,8,10031012001,5
531,9,10031012001,5
531,10,10031012001,5
531,11,10031012001,5
531,12,10031012001,5
531,13,10031012001,5
531,14,10031012001,5
531,15,10031012001,5
531,16,10031012001,5
531,17,10031012001,5
531,18,10031012001,5
531,19,10031012001,5
531,20,10031012001,5
531,21,12005093004,11
531,22,12005093004,7
531,23,12011244001,2
531,24,14001138001,5
531,25,14001138001,5
531,26,14001138001,2
531,27,14202011001,3
531,28,14501013001,6
531,29,14501013001,6
531,30,14501013001,6
531,31,14501013001,3
531,32,14503010001,12
531,33,14503010001,12
531,34,14503010001,12
531,35,14503010001,12
531,36,14503010001,12
531,37,14503010001,10
531,38,14600017001,8
531,39,14600017001,1
531,40,14601015001,3
532,1,10021026001,6
532,2,10021026001,6
532,3,10021026001,6
532,4,10021026001,6
532,5,10021026001,6
532,6,10021026001,6
532,7,10021026001,6
532,8,10021026001,6
532,9,10021026001,6
532,10,10021026001,6
532,11,10021026001,6
532,12,10021026001,6
532,13,10021026001,6
532,14,10021026001,6
532,15,10021026001,6
532,16,10021026001,6
532,17,10021026001,6
532,18,10021026001,6
532,19,10021026001,6
532,20,10021026001,6
532,21,10021026001,6
532,22,10021026001,6
532,23,10021026001,6
532,24,10021026001,6
532,25,10021026001,6
532,26,10021026001,6
532,27,10021026001,6
532,28,10021026001,6
532,29,10021026001,6
532,30,10021026001,6
532,31,10021026001,6
532,32,10021026001,6
532,33,10021026001,6
532,34,10021026001,6
532,35,10021026001,6
532,36,10021026001,6
532,37,10021026001,6
532,38,10021026001,6
532,39,10021026001,6
532,40,10021026001,6
533,1,10002007001,11
533,2,10002007001,11
533,3,10002007001,11
533,4,10002007001,11
533,5,10002007001,11
533,6,10002007001,11
533,7,10002007001,11
533,8,10002007001,11
533,9,10002007001,11
533,10,10002007001,11
533,11,10002007001,11
533,12,10002007001,11
533,13,10002007001,11
533,14,10002007001,11
533,15,10002007001,11
533,16,10002007001,11
533,17,10002007001,11
533,18,10002007001,11
533,19,10002007001,11
533,20,10002007001,7
533,21,10021026001,6
533,22,10021026001,6
533,23,10021026001,2
533,24,11050077001,6
533,25,11050077001,6
533,26,11050077001,6
533,27,11050077001,6
533,28,11050077001,6
533,29,11050077001,5
533,30,12010010001,7
533,31,12010010001,1
533,32,12011275001,4
533,33,14202023001,3
533,34,14370003001,4
533,35,14370003001,4
533,36,14370003001,4
533,37,14370003001,3
533,38,14601047001,6
533,39,14610010001,13
533,40,14610010001,11
534,1,10000007001,11
534,2,10000007001,11
534,3,10000007001,11
534,4,10000007001,11
534,5,10000007001,11
534,6,10000007001,11
534,7,10000007001,11
534,8,10000007001,11
534,9,10000007001,11
534,10,10000007001,11
534,11,10000007001,11
534,12,10000007001,11
534,13,10000007001,11
534,14,10000007001,11
534,15,10000007001,11
534,16,10000007001,11
534,17,10000007001,11
534,18,10000007001,11
534,19,10000007001,11
534,20,10000007001,11
534,21,10000007001,11
534,22,10000007001,11
534,23,10000007001,11
534,24,10000007001,11
534,25,10000007001,11
534,26,10000007001,11
534,27,10000007001,11
534,28,10000007001,11
534,29,10000007001,11
534,30,10000007001,11
534,31,10000007001,11
534,32,10000007001,11
534,33,10000007001,11
534,34,10000007001,11
534,35,10000007001,11
534,36,10000007001,11
534,37,10000007001,11
534,38,10000007001,11
534,39,10000007001,11
534,40,10000007001,11
535,1,10035002001,7
535,2,10035002001,7
535,3,10035002001,7
535,4,10035002001,7
535,5,10035002001,7
535,6,10035002001,7
535,7,10035002001,7
535,8,10035002001,7
535,9,10035002001,7
535,10,10035002001,7
535,11,10035002001,2
535,12,12010144001,5
535,13,12010144001,4
535,14,12011267001,2
535,15,12320030001,42
535,16,12320030001,11
535,17,14102238001,3
535,18,14102238001,3
535,19,14102238001,3
535,20,14102238001,3
535,21,14102238001,3
535,22,14102238001,3
535,23,14102238001,3
535,24,14102238001,3
535,25,14102238001,2
535,26,14201003001,5
535,27,14501026001,11
535,28,14501026001,11
535,29,14501026001,11
535,30,14501026001,11
535,31,14601016001,1
535,32,14611007001,6
535,33,14611007001,1
536,1,10013005001,28
536,2,10013005001,28
536,3,10013005001,28
536,4,10013005001,28
536,5,10013005001,28
536,6,10013005001,28
536,7,10013005001,28
536,8,10013005001,28
536,9,10013005001,28
536,10,10013005001,28
536,11,10013005001,26
536,12,12010106001,17
536,13,12010106001,7
536,14,12011262001,4
536,15,12020138001,41
536,16,12020138001,12
536,17,14022019001,5
536,18,14022019001,5
536,19,14022019001,5
536,20,14022019001,5
536,21,14022019001,5
536,22,14022019001,5
536,23,14022019001,5
536,24,14022019001,5
536,25,14022019001,5
536,26,14202017001,9
536,27,14501058001,11
536,28,14501058001,11
536,29,14501058001,11
536,30,14501058001,9
536,31,14601027001,3
536,32,14603012001,5
536,33,14603012001,5
537,1,10002944001,11
537,2,10002944001,11
537,3,10002944001,11
537,4,10002944001,11
537,5,10002944001,11
537,6,10002944001,11
537,7,10002944001,11
537,8,10002944001,11
537,9,10002944001,11
537,10,10002944001,11
537,11,10002944001,11
537,12,10002944001,11
537,13,10002944001,11
537,14,10002944001,11
537,15,10002944001,11
537,16,10002944001,11
537,17,10002944001,11
537,18,10002944001,11
537,19,10002944001,11
537,20,10002944001,11
537,21,10002944001,11
537,22,10002944001,11
537,23,10002944001,11
537,24,10002944001,11
537,25,10002944001,11
537,26,10002944001,11
537,27,10002944001,11
537,28,10002944001,11
537,29,10002944001,11
537,30,10002944001,11
537,31,10002944001,11
537,32,10002944001,11
537,33,10002944001,11
537,34,10002944001,11
537,35,10002944001,11
537,36,10002944001,11
537,37,10002944001,11
537,38,10002944001,11
537,39,10002944001,11
537,40,10002944001,11
538,1,10002944001,11
538,2,10002944001,11
538,3,10002944001,6
538,4,10033026001,6
538,5,10033026001,6
538,6,10033026001,6
538,7,10033026001,6
538,8,10033026001,6
538,9,10033026001,6
538,10,10033026001,6
538,11,10033026001,6
538,12,10033026001,6
538,13,10033026001,6
538,14,10033026001,6
538,15,10033026001,6
538,16,10033026001,6
538,17,10033026001,6
538,18,10033026001,6
538,19,10033026001,6
538,20,10033026001,6
538,21,10033026001,6
538,22,10033026001,6
538,23,10033026001,1
538,24,12010020001,9
538,25,12010020001,7
538,26,12010037001,9
538,27,12010037001,9
538,28,12010037001,9
538,29,12010037001,9
538,30,12010037001,9
538,31,12010037001,3
538,32,12011254001,5
538,33,14203016001,3
538,34,14502023001,13
538,35,14502023001,13
538,36,14502023001,13
538,37,14502023001,9
538,38,14601065001,4
538,39,14612088001,8
538,40,14612088001,8
539,1,14014005001,2
539,2,14014005001,2
539,3,14014005001,2
539,4,14014005001,2
539,5,14014005001,2
539,6,14014005001,2
539,7,14014005001,2
539,8,14014005001,2
539,9,14014005001,2
539,10,14014005001,2
539,11,14014005001,2
539,12,14014005001,2
539,13,14014005001,2
539,14,14014005001,2
539,15,14014005001,2
539,16,14014005001,2
539,17,14014005001,2
539,18,14014005001,2
539,19,14014005001,2
539,20,14014005001,2
539,21,14014005001,2
539,22,14014005001,2
539,23,14014005001,2
539,24,14014005001,2
539,25,14014005001,2
539,26,14014005001,2
539,27,14014005001,2
539,28,14014005001,2
539,29,14014005001,2
539,30,14014005001,2
539,31,14014005001,2
539,32,14014005001,2
539,33,14014005001,2
539,34,14014005001,2
539,35,14014005001,2
539,36,14014005001,2
539,37,14014005001,2
539,38,14014005001,2
539,39,14014005001,2
539,40,14014005001,2
540,1,10000007001,10
540,2,12011263001,4
540,3,12120040001,5
540,4,12120040001,5
540,5,12120040001,2
540,6,12130012001,2
540,7,12130012001,2
540,8,12130012001,2
540,9,12130012001,2
540,10,12130012001,2
540,11,12130012001,2
540,12,12130112001,1
540,13,12130112001,1
540,14,12130112001,1
540,15,12130112001,1
540,16,12130112001,1
540,17,12130112001,1
540,18,12130112001,1
540,19,12130112001,1
540,20,12130112001,1
540,21,12130112001,1
540,22,12130112001,1
540,23,12130112001,1
540,24,14202018001,8
540,25,14601028001,3
541,1,10030046001,5
541,2,10030046001,5
541,3,10030046001,5
541,4,10030046001,5
541,5,10030046001,5
541,6,10030046001,5
541,7,10030046001,5
541,8,10030046001,5
541,9,10030046001,5
541,10,10030046001,5
541,11,10030046001,5
541,12,10030046001,5
541,13,10030046001,5
541,14,10030046001,5
541,15,10030046001,5
541,16,10030046001,5
541,17,10030046001,5
541,18,10030046001,5
541,19,10030046001,5
541,20,10030046001,5
541,21,10030046001,5
541,22,10030046001,5
541,23,10030046001,5
541,24,10030046001,5
541,25,10030046001,5
541,26,10030046001,5
541,27,10030046001,5
541,28,10030046001,5
541,29,10030046001,5
541,30,10030046001,5
541,31,10030046001,5
541,32,10030046001,5
541,33,10030046001,5
541,34,10030046001,5
541,35,10030046001,5
541,36,10030046001,5
541,37,10030046001,5
541,38,10030046001,5
541,39,10030046001,5
541,40,10030046001,5
542,1,10030005001,6
542,2,10030005001,6
542,3,10030005001,6
542,4,10030005001,6
542,5,10030005001,6
542,6,10030005001,6
542,7,10030005001,6
542,8,10030005001,6
542,9,10030005001,6
542,10,10030005001,6
542,11,10030005001,3
542,12,12005108003,12
542,13,12005108003,12
542,14,12005108003,12
542,15,12005108003,12
542,16,12005108003,5
542,17,12011003001,8
542,18,12011003001,4
542,19,12011276001,2
542,20,14101074001,3
542,21,14101074001,3
542,22,14101074001,3
542,23,14101074001,3
542,24,14101074001,3
542,25,14101074001,3
542,26,14101074001,3
542,27,14101074001,3
542,28,14101074001,1
542,29,14203048001,5
542,30,14501929001,12
542,31,14501929001,12
542,32,14501929001,12
542,33,14501929001,9
542,34,14602022001,3
542,35,14613024001,9
542,36,14613024001,2
543,1,10034042001,28
543,2,10034042001,28
543,3,10034042001,28
543,4,10034042001,28
543,5,10034042001,28
543,6,10034042001,28
543,7,10034042001,28
543,8,10034042001,28
543,9,10034042001,28
543,10,10034042001,28
543,11,10034042001,28
543,12,10034042001,28
543,13,10034042001,28
543,14,10034042001,28
543,15,10034042001,28
543,16,10034042001,28
543,17,10034042001,28
543,18,10034042001,28
543,19,10034042001,28
543,20,10034042001,28
543,21,10034042001,28
543,22,10034042001,28
543,23,10034042001,28
543,24,10034042001,28
543,25,10034042001,28
543,26,10034042001,28
543,27,10034042001,28
543,28,10034042001,28
543,29,10034042001,28
543,30,10034042001,28
543,31,10034042001,28
543,32,10034042001,28
543,33,10034042001,28
543,34,10034042001,28
543,35,10034042001,28
543,36,10034042001,28
543,37,10034042001,28
543,38,10034042001,28
543,39,10034042001,28
543,40,10034042001,28
544,1,10030018001,8
544,2,10030018001,8
544,3,10030018001,8
544,4,10030018001,8
544,5,10030018001,8
544,6,10030018001,8
544,7,10030018001,8
544,8,10030018001,8
544,9,10030018001,8
544,10,10030018001,8
544,11,10030018001,4
544,12,12010234001,7
544,13,12010234001,1
544,14,12011291001,1
544,15,12022224001,50
544,16,12022224001,3
544,17,14103018001,3
544,18,14103018001,3
544,19,14103018001,3
544,20,14103018001,3
544,21,14103018001,3
544,22,14103018001,3
544,23,14103018001,3
544,24,14103018001,3
544,25,14103018001,1
544,26,14203053001,2
544,27,14505125001,11
544,28,14505125001,11
544,29,14505125001,11
544,30,14505125001,2
544,31,14601063001,3
544,32,14620001001,9
544,33,14620001001,3
545,1,11050011001,9
545,2,11050011001,9
545,3,11050011001,9
545,4,11050011001,9
545,5,11050011001,9
545,6,11050011001,2
545,7,12011065001,5
545,8,12011065001,4
545,9,12011304001,2
545,10,14014005001,2
545,11,14014005001,1
545,12,14203062001,6
545,13,14501902001,12
545,14,14501902001,12
545,15,14501902001,12
545,16,14501902001,12
545,17,14501902001,12
545,18,14501902001,12
545,19,14501902001,12
545,20,14501902001,12
545,21,14501902001,12
545,22,14501902001,12
545,23,14501902001,12
545,24,14501902001,12
545,25,14501902001,12
545,26,14501902001,12
545,27,14501902001,12
545,28,14501902001,12
545,29,14501902001,12
545,30,14501902001,12
545,31,14501902001,12
545,32,14501902001,12
545,33,14501902001,8
545,34,14505059001,10
545,35,14505059001,10
545,36,14505059001,10
545,37,14505059001,10
545,38,14601051001,3
545,39,14612900001,18
545,40,14612900001,2
546,1,10033075001,7
546,2,10033075001,7
546,3,10033075001,7
546,4,10033075001,7
546,5,10033075001,7
546,6,10033075001,7
546,7,10033075001,7
546,8,10033075001,7
546,9,10033075001,7
546,10,10033075001,7
546,11,10033075001,7
546,12,10033075001,7
546,13,10033075001,7
546,14,10033075001,7
546,15,10033075001,7
546,16,10033075001,7
546,17,10033075001,7
546,18,10033075001,7
546,19,10033075001,7
546,20,10033075001,7
546,21,10033075001,4
546,22,10034042001,20
546,23,12011171001,5
546,24,12011171001,1
546,25,12011308001,1
546,26,14203058001,3
546,27,14500005001,9
546,28,14500005001,9
546,29,14500005001,9
546,30,14500005001,9
546,31,14500005001,9
546,32,14500005001,9
546,33,14500005001,6
546,34,14506002001,4
546,35,14506002001,4
546,36,14506002001,4
546,37,14506002001,1
546,38,14601067001,3
546,39,14615108001,16
546,40,14615108001,9
547,1,10021022001,9
547,2,10021022001,9
547,3,10021022001,9
547,4,10021022001,9
547,5,10021022001,9
547,6,10021022001,9
547,7,10021022001,9
547,8,10021022001,9
547,9,10021022001,9
547,10,10021022001,9
547,11,10021022001,6
547,12,11050111001,5
547,13,11050111001,5
547,14,11050111001,5
547,15,11050111001,5
547,16,11050111001,5
547,17,11050111001,5
547,18,11050111001,5
547,19,11050111001,5
547,20,11050111001,5
547,21,12011096001,5
547,22,12011096001,1
547,23,12011333001,4
547,24,14130007001,5
547,25,14130007001,5
547,26,14130007001,5
547,27,14130007001,5
547,28,14130007001,5
547,29,14130007001,5
547,30,14130007001,5
547,31,14130007001,5
547,32,14130007001,4
547,33,14203064001,4
547,34,14506070001,3
547,35,14506070001,3
547,36,14506070001,3
547,37,14506070001,2
547,38,14602034001,3
547,39,14613900001,12
547,40,14613900001,9
548,1,10002012001,10
548,2,10002012001,10
548,3,10002012001,10
548,4,10002012001,10
548,5,10002012001,10
548,6,10002012001,10
548,7,10002012001,10
548,8,10002012001,10
548,9,10002012001,10
548,10,10002012001,10
548,11,10002012001,10
548,12,10002012001,10
548,13,10002012001,10
548,14,10002012001,10
548,15,10002012001,10
548,16,10002012001,10
548,17,10002012001,10
548,18,10002012001,10
548,19,10002012001,10
548,20,10002012001,10
548,21,10002012001,10
548,22,10002012001,10
548,23,10002012001,10
548,24,10002012001,10
548,25,10002012001,10
548,26,10002012001,10
548,27,10002012001,10
548,28,10002012001,10
548,29,10002012001,10
548,30,10002012001,10
548,31,10002012001,10
548,32,10002012001,10
548,33,10002012001,10
548,34,10002012001,10
548,35,10002012001,10
548,36,10002012001,10
548,37,10002012001,10
548,38,10002012001,10
548,39,10002012001,10
548,40,10002012001,10
549,1,10002012001,2
549,2,12011075001,5
549,3,12011075001,5
549,4,12011310001,3
549,5,14204044001,5
549,6,14500037001,2
549,7,14500037001,2
549,8,14500037001,2
549,9,14500037001,2
549,10,14500037001,2
549,11,14500037001,2
549,12,14500037001,2
549,13,14500037001,2
549,14,14500037001,2
549,15,14500037001,2
549,16,14500037001,2
549,17,14500037001,2
549,18,14500037001,2
549,19,14500037001,2
549,20,14500037001,2
549,21,14500037001,2
549,22,14500037001,2
549,23,14500037001,2
549,24,14500037001,2
549,25,14500037001,2
549,26,14500037001,2
549,27,14501086001,12
549,28,14501086001,12
549,29,14501086001,12
549,30,14501086001,12
549,31,14501086001,12
549,32,14501086001,12
549,33,14501086001,3
549,34,14506199001,5
549,35,14506199001,5
549,36,14506199001,5
549,37,14506199001,5
549,38,14601073001,2
549,39,14616009001,7
549,40,14616009001,5
550,1,10041085001,5
550,2,10041085001,5
550,3,10041085001,5
550,4,10041085001,5
550,5,10041085001,5
550,6,10041085001,5
550,7,10041085001,5
550,8,10041085001,5
550,9,10041085001,5
550,10,10041085001,5
550,11,10041085001,5
550,12,10041085001,5
550,13,10041085001,5
550,14,10041085001,5
550,15,10041085001,5
550,16,10041085001,5
550,17,10041085001,5
550,18,10041085001,5
550,19,10041085001,5
550,20,10041085001,5
550,21,10041085001,5
550,22,10041085001,5
550,23,10041085001,5
550,24,10041085001,5
550,25,10041085001,5
550,26,10041085001,5
550,27,10041085001,5
550,28,10041085001,5
550,29,10041085001,5
550,30,10041085001,5
550,31,10041085001,5
550,32,10041085001,5
550,33,10041085001,5
550,34,10041085001,5
550,35,10041085001,5
550,36,10041085001,5
550,37,10041085001,5
550,38,10041085001,5
550,39,10041085001,5
550,40,10041085001,5
551,1,10030046001,4
551,2,12011169001,5
551,3,12011169001,3
551,4,12011338001,1
551,5,14000011001,2
551,6,14000011001,2
551,7,14000011001,2
551,8,14000011001,2
551,9,14000011001,2
551,10,14000011001,2
551,11,14000011001,2
551,12,14000011001,2
551,13,14000011001,2
551,14,14000011001,2
551,15,14000011001,2
551,16,14000011001,2
551,17,14000011001,2
551,18,14000011001,2
551,19,14000011001,2
551,20,14000011001,2
551,21,14000011001,2
551,22,14000011001,2
551,23,14000011001,2
551,24,14000011001,2
551,25,14000011001,1
551,26,14203061001,4
551,27,14502111001,12
551,28,14502111001,12
551,29,14502111001,12
551,30,14502111001,12
551,31,14502111001,12
551,32,14502111001,12
551,33,14502111001,3
551,34,14508013001,3
551,35,14508013001,3
551,36,14508013001,3
551,37,14508013001,2
551,38,14602035001,10
551,39,14620021001,9
551,40,14620021001,8
552,1,14500023001,7
552,2,14500023001,7
552,3,14500023001,7
552,4,14500023001,7
552,5,14500023001,7
552,6,14500023001,7
552,7,14500023001,7
552,8,14500023001,7
552,9,14500023001,7
552,10,14500023001,7
552,11,14500023001,7
552,12,14500023001,7
552,13,14500023001,7
552,14,14500023001,7
552,15,14500023001,7
552,16,14500023001,7
552,17,14500023001,7
552,18,14500023001,7
552,19,14500023001,7
552,20,14500023001,7
552,21,14500023001,7
552,22,14500023001,7
552,23,14500023001,7
552,24,14500023001,7
552,25,14500023001,7
552,26,14500023001,7
552,27,14500023001,7
552,28,14500023001,7
552,29,14500023001,7
552,30,14500023001,7
552,31,14500023001,7
552,32,14500023001,7
552,33,14500023001,7
552,34,14500023001,7
552,35,14500023001,7
552,36,14500023001,7
552,37,14500023001,7
552,38,14500023001,7
552,39,14500023001,7
552,40,14500023001,7
553,1,10041085001,4
553,2,12011334001,5
553,3,12011334001,1
553,4,12011351001,1
553,5,14112014001,4
553,6,14112014001,4
553,7,14112014001,4
553,8,14112014001,4
553,9,14112014001,4
553,10,14112014001,4
553,11,14112014001,4
553,12,14112014001,4
553,13,14112014001,4
553,14,14112014001,4
553,15,14112014001,4
553,16,14112014001,4
553,17,14112014001,4
553,18,14112014001,4
553,19,14112014001,4
553,20,14112014001,4
553,21,14112014001,4
553,22,14112014001,4
553,23,14112014001,4
553,24,14112014001,4
553,25,14112014001,2
553,26,14203065001,2
553,27,14505011001,12
553,28,14505011001,12
553,29,14505011001,12
553,30,14505011001,12
553,31,14505011001,12
553,32,14505011001,12
553,33,14505011001,8
553,34,14506313001,22
553,35,14506313001,22
553,36,14506313001,22
553,37,14506313001,16
553,38,14602049001,2
553,39,14616054001,9
553,40,14616054001,5
554,1,10032048001,5
554,2,10032048001,5
554,3,10032048001,5
554,4,10032048001,5
554,5,10032048001,5
554,6,10032048001,5
554,7,10032048001,5
554,8,10032048001,5
554,9,10032048001,5
554,10,10032048001,5
554,11,10032048001,2
554,12,12011184001,6
554,13,12011184001,1
554,14,12011360001,6
554,15,14103009001,6
554,16,14103009001,6
554,17,14103009001,6
554,18,14103009001,6
554,19,14103009001,6
554,20,14103009001,6
554,21,14103009001,6
554,22,14103009001,6
554,23,14103009001,2
554,24,14204051001,4
554,25,14312003001,15
554,26,14312003001,15
554,27,14312003001,15
554,28,14312003001,8
554,29,14522048001,6
554,30,14522048001,6
554,31,14522048001,6
554,32,14522048001,2
554,33,14602050001,5
554,34,14616019001,5
554,35,14616019001,1
555,1,10000003001,11
555,2,10000003001,11
555,3,10000003001,11
555,4,10000003001,11
555,5,10000003001,11
555,6,10000003001,11
555,7,10000003001,11
555,8,10000003001,11
555,9,10000003001,11
555,10,10000003001,11
555,11,10000003001,11
555,12,10000003001,11
555,13,10000003001,11
555,14,10000003001,11
555,15,10000003001,11
555,16,10000003001,11
555,17,10000003001,11
555,18,10000003001,11
555,19,10000003001,11
555,20,10000003001,1
555,21,10041009001,15
555,22,10041009001,15
555,23,10041009001,15
555,24,10041009001,3
555,25,12011349001,3
555,26,12120053001,5
555,27,12120053001,5
555,28,12120053001,5
555,29,12120053001,5
555,30,12120053001,5
555,31,12120053001,5
555,32,12120053001,2
555,33,14204055001,8
555,34,14352060001,8
555,35,14352060001,8
555,36,14352060001,2
555,37,14500023001,6
555,38,14602058001,2
555,39,14620081001,8
555,40,14620081001,4
556,1,10040004001,10
556,2,10040004001,10
556,3,10040004001,10
556,4,10040004001,10
556,5,10040004001,10
556,6,10040004001,10
556,7,10040004001,10
556,8,10040004001,10
556,9,10040004001,10
556,10,10040004001,10
556,11,10040004001,6
556,12,12011237001,5
556,13,12011237001,3
556,14,12011355001,3
556,15,12020070001,45
556,16,12020070001,8
556,17,14121014001,6
556,18,14121014001,6
556,19,14121014001,6
556,20,14121014001,6
556,21,14121014001,6
556,22,14121014001,6
556,23,14121014001,6
556,24,14121014001,6
556,25,14121014001,1
556,26,14204127001,8
556,27,14509008001,5
556,28,14509008001,5
556,29,14509008001,5
556,30,14509008001,5
556,31,14602052001,1
556,32,14620012001,6
556,33,14620012001,1
557,1,11032002001,7
557,2,11032002001,7
557,3,11032002001,7
557,4,11032002001,7
557,5,11032002001,7
557,6,11032002001,7
557,7,11032002001,7
557,8,11032002001,7
557,9,11032002001,7
557,10,11032002001,7
557,11,11032002001,2
557,12,12011172001,6
557,13,12011172001,1
557,14,12011373001,1
557,15,14203055001,6
557,16,14500048001,3
557,17,14500048001,3
557,18,14500048001,3
557,19,14500048001,3
557,20,14500048001,3
557,21,14500048001,3
557,22,14500048001,3
557,23,14500048001,3
557,24,14500048001,1
557,25,14602061001,2
557,26,14612075001,9
557,27,14612075001,9
557,28,14612075001,9
557,29,14612075001,5
557,30,14616060001,9
557,31,14616060001,6
557,32,14621044001,14
557,33,14621044001,14
557,34,14621044001,14
557,35,14621044001,11
558,1,10034016001,5
558,2,10034016001,5
558,3,10034016001,5
558,4,10034016001,5
558,5,10034016001,5
558,6,10034016001,5
558,7,10034016001,5
558,8,10034016001,5
558,9,10034016001,5
558,10,10034016001,5
558,11,10034016001,5
558,12,10034016001,5
558,13,10034016001,5
558,14,10034016001,5
558,15,10034016001,5
558,16,10034016001,5
558,17,10034016001,5
558,18,10034016001,5
558,19,10034016001,5
558,20,10034016001,5
558,21,10034016001,5
558,22,10034016001,5
558,23,10034016001,5
558,24,10034016001,5
558,25,10034016001,5
558,26,10034016001,5
558,27,10034016001,5
558,28,10034016001,5
558,29,10034016001,5
558,30,10034016001,5
558,31,10034016001,5
558,32,10034016001,5
558,33,10034016001,5
558,34,10034016001,5
558,35,10034016001,5
558,36,10034016001,5
558,37,10034016001,5
558,38,10034016001,5
558,39,10034016001,5
558,40,10034016001,5
559,1,14311158001,1
559,2,14311158001,1
559,3,14311158001,1
559,4,14311158001,1
559,5,14311158001,1
559,6,14311158001,1
559,7,14311158001,1
559,8,14311158001,1
559,9,14311158001,1
559,10,14311158001,1
559,11,14311158001,1
559,12,14311158001,1
559,13,14311158001,1
559,14,14311158001,1
559,15,14311158001,1
559,16,14311158001,1
559,17,14311158001,1
559,18,14311158001,1
559,19,14311158001,1
559,20,14311158001,1
559,21,14311158001,1
559,22,14311158001,1
559,23,14311158001,1
559,24,14311158001,1
559,25,14311158001,1
559,26,14311158001,1
559,27,14311158001,1
559,28,14311158001,1
559,29,14311158001,1
559,30,14311158001,1
559,31,14311158001,1
559,32,14311158001,1
559,33,14311158001,1
559,34,14311158001,1
559,35,14311158001,1
559,36,14311158001,1
559,37,14311158001,1
559,38,14311158001,1
559,39,14311158001,1
559,40,14311158001,1
560,1,10002003001,5
560,2,10002003001,5
560,3,10002003001,5
560,4,10002003001,5
560,5,10002003001,5
560,6,10002003001,5
560,7,10002003001,5
560,8,10002003001,5
560,9,10002003001,5
560,10,10002003001,5
560,11,10002003001,5
560,12,10002003001,5
560,13,10002003001,5
560,14,10002003001,5
560,15,10002003001,5
560,16,10002003001,5
560,17,10002003001,5
560,18,10002003001,5
560,19,10002003001,5
560,20,10002003001,5
560,21,10002003001,5
560,22,10002003001,5
560,23,10002003001,5
560,24,10002003001,5
560,25,10002003001,5
560,26,10002003001,5
560,27,10002003001,5
560,28,10002003001,5
560,29,10002003001,5
560,30,10002003001,5
560,31,10002003001,5
560,32,10002003001,5
560,33,10002003001,5
560,34,10002003001,5
560,35,10002003001,5
560,36,10002003001,5
560,37,10002003001,5
560,38,10002003001,5
560,39,10002003001,5
560,40,10002003001,5
561,1,14502077001,7
561,2,14502077001,7
561,3,14502077001,7
561,4,14502077001,7
561,5,14502077001,7
561,6,14502077001,7
561,7,14502077001,7
561,8,14502077001,7
561,9,14502077001,7
561,10,14502077001,7
561,11,14502077001,7
561,12,14502077001,7
561,13,14502077001,7
561,14,14502077001,7
561,15,14502077001,7
561,16,14502077001,7
561,17,14502077001,7
561,18,14502077001,7
561,19,14502077001,7
561,20,14502077001,7
561,21,14502077001,7
561,22,14502077001,7
561,23,14502077001,7
561,24,14502077001,7
561,25,14502077001,7
561,26,14502077001,7
561,27,14502077001,7
561,28,14502077001,7
561,29,14502077001,7
561,30,14502077001,7
561,31,14502077001,7
561,32,14502077001,7
561,33,14502077001,7
561,34,14502077001,7
561,35,14502077001,7
561,36,14502077001,7
561,37,14502077001,7
561,38,14502077001,7
561,39,14502077001,7
561,40,14502077001,6
562,1,10031001001,28
562,2,10031001001,28
562,3,10031001001,28
562,4,10031001001,28
562,5,10031001001,28
562,6,10031001001,28
562,7,10031001001,28
562,8,10031001001,28
562,9,10031001001,28
562,10,10031001001,28
562,11,10031001001,28
562,12,10031001001,28
562,13,10031001001,28
562,14,10031001001,28
562,15,10031001001,28
562,16,10031001001,28
562,17,10031001001,28
562,18,10031001001,28
562,19,10031001001,28
562,20,10031001001,28
562,21,10031001001,28
562,22,10031001001,28
562,23,10031001001,28
562,24,10031001001,28
562,25,10031001001,28
562,26,10031001001,28
562,27,10031001001,28
562,28,10031001001,28
562,29,10031001001,28
562,30,10031001001,28
562,31,10031001001,28
562,32,10031001001,28
562,33,10031001001,28
562,34,10031001001,28
562,35,10031001001,28
562,36,10031001001,28
562,37,10031001001,28
562,38,10031001001,28
562,39,10031001001,28
562,40,14602060001,3
563,1,10034025001,28
563,2,10034025001,28
563,3,10034025001,28
563,4,10034025001,28
563,5,10034025001,28
563,6,10034025001,28
563,7,10034025001,28
563,8,10034025001,28
563,9,10034025001,28
563,10,10034025001,28
563,11,10034025001,28
563,12,10034025001,28
563,13,10034025001,28
563,14,10034025001,28
563,15,10034025001,28
563,16,10034025001,28
563,17,10034025001,28
563,18,10034025001,28
563,19,10034025001,28
563,20,10034025001,28
563,21,10034025001,28
563,22,10034025001,28
563,23,10034025001,28
563,24,10034025001,28
563,25,10034025001,28
563,26,10034025001,28
563,27,10034025001,28
563,28,10034025001,28
563,29,10034025001,28
563,30,10034025001,28
563,31,10034025001,28
563,32,10034025001,28
563,33,10034025001,28
563,34,10034025001,28
563,35,10034025001,28
563,36,10034025001,28
563,37,10034025001,28
563,38,10034025001,28
563,39,10034025001,10
563,40,14602063001,8
564,1,14204077001,3
564,2,14501926001,12
564,3,14501926001,12
564,4,14501926001,12
564,5,14501926001,12
564,6,14501926001,12
564,7,14501926001,12
564,8,14501926001,12
564,9,14501926001,12
564,10,14501926001,12
564,11,14501926001,2
564,12,14505021001,6
564,13,14505021001,6
564,14,14505021001,6
564,15,14505021001,6
564,16,14505021001,6
564,17,14505021001,6
564,18,14505021001,6
564,19,14505021001,6
564,20,14505021001,6
564,21,14505021001,6
564,22,14505021001,6
564,23,14505021001,6
564,24,14505021001,6
564,25,14505021001,6
564,26,14505021001,6
564,27,14505021001,6
564,28,14505021001,6
564,29,14505021001,6
564,30,14505021001,2
564,31,14602074001,2
565,1,10000012001,5
565,2,10000012001,5
565,3,10000012001,5
565,4,10000012001,5
565,5,10000012001,5
565,6,10000012001,5
565,7,10000012001,5
565,8,10000012001,5
565,9,10000012001,5
565,10,10000012001,5
565,11,10000012001,5
565,12,10000012001,5
565,13,10000012001,5
565,14,10000012001,5
565,15,10000012001,5
565,16,10000012001,5
565,17,10000012001,5
565,18,10000012001,5
565,19,10000012001,5
565,20,10000012001,5
565,21,10000012001,5
565,22,10000012001,5
565,23,10000012001,5
565,24,10000012001,5
565,25,10000012001,5
565,26,10000012001,5
565,27,10000012001,5
565,28,10000012001,5
565,29,10000012001,5
565,30,10000012001,5
565,31,10000012001,5
565,32,10000012001,5
565,33,10000012001,5
565,34,10000012001,5
565,35,10000012001,5
565,36,10000012001,5
565,37,10000012001,5
565,38,10000012001,3
565,39,14204136001,4
565,40,14602116001,4
566,1,12005015007,12
566,2,12005015007,12
566,3,12005015007,12
566,4,12005015007,12
566,5,12005015007,5
566,6,12011189001,4
566,7,12011189001,2
566,8,12011367001,4
566,9,12103027001,5
566,10,12103027001,5
566,11,12103027001,5
566,12,12103027001,5
566,13,12103027001,5
566,14,12103027001,5
566,15,12103027001,5
566,16,12103027001,5
566,17,12103027001,5
566,18,12103027001,5
566,19,12103027001,4
566,20,14204135001,12
566,21,14501928001,12
566,22,14501928001,12
566,23,14501928001,12
566,24,14501928001,12
566,25,14501928001,12
566,26,14501928001,12
566,27,14501928001,12
566,28,14501928001,12
566,29,14501928001,4
566,30,14509016001,3
566,31,14509016001,3
566,32,14509016001,3
566,33,14509016001,1
566,34,14603026001,3
566,35,14620070001,9
566,36,14620070001,4
567,1,10002017001,8
567,2,10002017001,8
567,3,10002017001,8
567,4,10002017001,8
567,5,10002017001,8
567,6,10002017001,8
567,7,10002017001,8
567,8,10002017001,8
567,9,10002017001,8
567,10,10002017001,8
567,11,10002017001,8
567,12,10002017001,8
567,13,10002017001,8
567,14,10002017001,8
567,15,10002017001,8
567,16,10002017001,8
567,17,10002017001,8
567,18,10002017001,8
567,19,10002017001,8
567,20,10002017001,8
567,21,10002017001,8
567,22,10002017001,8
567,23,10002017001,8
567,24,10002017001,8
567,25,10002017001,8
567,26,10002017001,8
567,27,10002017001,8
567,28,10002017001,8
567,29,10002017001,8
567,30,10002017001,8
567,31,10002017001,8
567,32,10002017001,8
567,33,10002017001,8
567,34,10002017001,8
567,35,10002017001,8
567,36,10002017001,8
567,37,10002017001,7
567,38,12011374001,2
567,39,14204118001,3
567,40,14604001001,1
568,1,10033064001,12
568,2,10033064001,12
568,3,10033064001,12
568,4,10033064001,12
568,5,10033064001,12
568,6,10033064001,12
568,7,10033064001,12
568,8,10033064001,12
568,9,10033064001,12
568,10,10033064001,12
568,11,10033064001,12
568,12,10033064001,12
568,13,10033064001,12
568,14,10033064001,12
568,15,10033064001,12
568,16,10033064001,12
568,17,10033064001,12
568,18,10033064001,12
568,19,10033064001,12
568,20,10033064001,12
568,21,10033064001,12
568,22,10033064001,12
568,23,10033064001,12
568,24,10033064001,12
568,25,10033064001,12
568,26,10033064001,12
568,27,10033064001,12
568,28,10033064001,12
568,29,10033064001,12
568,30,10033064001,12
568,31,10033064001,12
568,32,10033064001,12
568,33,10033064001,12
568,34,10033064001,12
568,35,10033064001,12
568,36,10033064001,12
568,37,10033064001,12
568,38,10033064001,6
568,39,14204150001,4
568,40,14604042001,3
569,1,10035015001,11
569,2,10035015001,11
569,3,10035015001,11
569,4,10035015001,11
569,5,10035015001,11
569,6,10035015001,11
569,7,10035015001,11
569,8,10035015001,11
569,9,10035015001,11
569,10,10035015001,11
569,11,10035015001,11
569,12,10035015001,11
569,13,10035015001,11
569,14,10035015001,11
569,15,10035015001,11
569,16,10035015001,11
569,17,10035015001,11
569,18,10035015001,11
569,19,10035015001,11
569,20,10035015001,11
569,21,10035015001,11
569,22,10035015001,11
569,23,10035015001,11
569,24,10035015001,11
569,25,10035015001,11
569,26,10035015001,11
569,27,10035015001,11
569,28,10035015001,11
569,29,10035015001,11
569,30,10035015001,11
569,31,10035015001,11
569,32,10035015001,11
569,33,10035015001,11
569,34,10035015001,11
569,35,10035015001,11
569,36,10035015001,11
569,37,10035015001,11
569,38,10035015001,1
569,39,14204198001,2
569,40,14611013001,8
570,1,12011376001,2
570,2,14204197001,2
570,3,14610008001,2
570,4,14611010001,3
570,5,14611010001,3
570,6,14611010001,3
570,7,14611010001,3
570,8,14611010001,3
570,9,14611010001,3
570,10,14611010001,3
570,11,14611010001,3
570,12,14611010001,3
570,13,14611010001,3
570,14,14611010001,3
570,15,14611010001,3
570,16,14611010001,3
570,17,14611010001,3
570,18,14611010001,3
570,19,14611010001,3
570,20,14611010001,3
570,21,14611010001,3
570,22,14611010001,3
570,23,14611010001,3
570,24,14611010001,3
570,25,14611010001,3
570,26,14611010001,3
570,27,14611010001,3
570,28,14611010001,3
570,29,14611010001,3
570,30,14611010001,3
570,31,14611010001,3
570,32,14611010001,3
570,33,14611010001,3
570,34,14611010001,3
570,35,14611010001,3
570,36,14611010001,3
570,37,14611010001,3
570,38,14611010001,3
570,39,14611010001,3
570,40,14611010001,3
571,1,10000001001,5
571,2,10000001001,5
571,3,10000001001,5
571,4,10000001001,5
571,5,10000001001,5
571,6,10000001001,5
571,7,10000001001,5
571,8,10000001001,5
571,9,11040006001,6
571,10,11040006001,6
571,11,11040006001,6
571,12,11040006001,6
571,13,12005015001,15
571,14,12005015001,15
571,15,12005015001,15
571,16,12005015001,8
571,17,12011439001,2
571,18,12233023001,2
571,19,12233023001,2
571,20,12233023001,2
571,21,12233023001,2
571,22,12233023001,2
571,23,12233023001,2
571,24,12233023001,2
571,25,12233023001,2
571,26,12233023001,2
571,27,12233023001,2
571,28,12233023001,1
571,29,14210025001,4
571,30,14353073001,3
571,31,14353073001,3
571,32,14353073001,1
571,33,14611020001,5
571,34,14620158001,9
571,35,14620158001,4
572,1,10033065001,6
572,2,10033065001,6
572,3,10033065001,6
572,4,10033065001,6
572,5,10033065001,6
572,6,10033065001,6
572,7,10033065001,6
572,8,10033065001,6
572,9,10033065001,6
572,10,10033065001,6
572,11,10033065001,6
572,12,10033065001,6
572,13,10033065001,6
572,14,10033065001,6
572,15,10033065001,6
572,16,10033065001,6
572,17,10033065001,6
572,18,10033065001,6
572,19,10033065001,6
572,20,10033065001,6
572,21,10033065001,6
572,22,10033065001,6
572,23,10033065001,6
572,24,10033065001,6
572,25,10033065001,6
572,26,10033065001,6
572,27,10033065001,6
572,28,10033065001,6
572,29,10033065001,6
572,30,10033065001,6
572,31,10033065001,6
572,32,10033065001,6
572,33,10033065001,6
572,34,10033065001,6
572,35,10033065001,6
572,36,10033065001,6
572,37,10033065001,6
572,38,10033065001,4
572,39,14210015001,2
572,40,14611901001,3
573,1,10014009001,7
573,2,10014009001,7
573,3,10014009001,7
573,4,10014009001,7
573,5,10014009001,7
573,6,10014009001,7
573,7,10014009001,7
573,8,10014009001,7
573,9,10014009001,7
573,10,10014009001,7
573,11,10014009001,7
573,12,10014009001,7
573,13,10014009001,7
573,14,10014009001,7
573,15,10014009001,7
573,16,10014009001,7
573,17,10014009001,7
573,18,10014009001,7
573,19,10014009001,7
573,20,10014009001,7
573,21,10014009001,7
573,22,10014009001,7
573,23,10014009001,7
573,24,10014009001,7
573,25,10014009001,7
573,26,10014009001,7
573,27,10014009001,7
573,28,10014009001,7
573,29,10014009001,7
573,30,10014009001,7
573,31,10014009001,7
573,32,10014009001,7
573,33,10014009001,7
573,34,10014009001,7
573,35,10014009001,7
573,36,10014009001,7
573,37,10014009001,6
573,38,12011417001,2
573,39,14210019001,1
573,40,14612005001,5
574,1,10031004001,5
574,2,10031004001,5
574,3,10031004001,5
574,4,10031004001,5
574,5,10031004001,5
574,6,10031004001,5
574,7,10031004001,5
574,8,10031004001,5
574,9,10031004001,5
574,10,10031004001,5
574,11,10031004001,5
574,12,10031004001,5
574,13,10031004001,5
574,14,10031004001,5
574,15,10031004001,5
574,16,10031004001,5
574,17,10031004001,5
574,18,10031004001,5
574,19,10031004001,5
574,20,10031004001,5
574,21,10031004001,5
574,22,10031004001,5
574,23,10031004001,5
574,24,10031004001,5
574,25,10031004001,5
574,26,10031004001,5
574,27,10031004001,5
574,28,10031004001,5
574,29,10031004001,5
574,30,10031004001,5
574,31,10031004001,5
574,32,10031004001,5
574,33,10031004001,5
574,34,10031004001,5
574,35,10031004001,5
574,36,10031004001,5
574,37,11040011001,1
574,38,12011403001,3
574,39,14210031001,1
574,40,14612012001,10
575,1,11050104001,7
575,2,11050104001,7
575,3,11050104001,7
575,4,11050104001,7
575,5,11050104001,7
575,6,11050104001,7
575,7,11050104001,7
575,8,11050104001,4
575,9,11103085001,6
575,10,11103085001,6
575,11,11103085001,6
575,12,11103085001,6
575,13,11103085001,6
575,14,11103085001,6
575,15,11103085001,6
575,16,11103085001,6
575,17,11103085001,5
575,18,12011466001,1
575,19,12023227001,53
575,20,14210029001,2
575,21,14330011001,3
575,22,14330011001,3
575,23,14330011001,3
575,24,14601001001,6
575,25,14601001001,6
575,26,14601001001,6
575,27,14601001001,6
575,28,14601001001,3
575,29,14612031001,1
575,30,14621005001,10
575,31,14621005001,6
576,1,10035034001,28
576,2,10035034001,28
576,3,10035034001,28
576,4,10035034001,28
576,5,10035034001,28
576,6,10035034001,28
576,7,10035034001,28
576,8,10035034001,28
576,9,10035034001,28
576,10,10035034001,28
576,11,10035034001,28
576,12,10035034001,28
576,13,10035034001,28
576,14,10035034001,28
576,15,10035034001,28
576,16,10035034001,28
576,17,10035034001,28
576,18,10035034001,28
576,19,10035034001,28
576,20,10035034001,28
576,21,10035034001,28
576,22,10035034001,28
576,23,10035034001,28
576,24,10035034001,28
576,25,10035034001,28
576,26,10035034001,28
576,27,10035034001,28
576,28,10035034001,28
576,29,10035034001,28
576,30,10035034001,28
576,31,10035034001,28
576,32,10035034001,28
576,33,10035034001,28
576,34,10035034001,28
576,35,10035034001,28
576,36,10035034001,28
576,37,11040007001,4
576,38,12011477001,2
576,39,14210026001,4
576,40,14612035001,6
577,1,10040041001,12
577,2,10040041001,12
577,3,10040041001,12
577,4,10040041001,12
577,5,10040041001,12
577,6,10040041001,12
577,7,10040041001,12
577,8,10040041001,12
577,9,10040041001,12
577,10,10040041001,12
577,11,10040041001,12
577,12,10040041001,12
577,13,10040041001,12
577,14,10040041001,12
577,15,10040041001,12
577,16,10040041001,12
577,17,10040041001,12
577,18,10040041001,12
577,19,10040041001,12
577,20,10040041001,12
577,21,10040041001,12
577,22,10040041001,12
577,23,10040041001,12
577,24,10040041001,12
577,25,10040041001,12
577,26,10040041001,12
577,27,10040041001,12
577,28,10040041001,12
577,29,10040041001,12
577,30,10040041001,12
577,31,10040041001,12
577,32,10040041001,12
577,33,10040041001,12
577,34,10040041001,12
577,35,10040041001,12
577,36,10040041001,12
577,37,11040003001,6
577,38,12011999001,1
577,39,14210021001,4
577,40,14612059001,8
578,1,10030014001,5
578,2,10030014001,5
578,3,10030014001,5
578,4,10030014001,5
578,5,10030014001,5
578,6,10030014001,5
578,7,10030014001,5
578,8,10030014001,5
578,9,10030014001,5
578,10,10030014001,5
578,11,10030014001,5
578,12,10030014001,5
578,13,10030014001,5
578,14,10030014001,5
578,15,10030014001,5
578,16,10030014001,5
578,17,10030014001,5
578,18,10030014001,5
578,19,10030014001,5
578,20,10030014001,5
578,21,10030014001,5
578,22,10030014001,5
578,23,10030014001,5
578,24,10030014001,5
578,25,10030014001,5
578,26,10030014001,5
578,27,10030014001,5
578,28,10030014001,5
578,29,10030014001,5
578,30,10030014001,5
578,31,10030014001,5
578,32,10030014001,5
578,33,10030014001,5
578,34,10030014001,5
578,35,10030014001,5
578,36,10030014001,5
578,37,11040020001,3
578,38,12012022001,1
578,39,14210035001,2
578,40,14612034001,10
579,1,10002038001,6
579,2,10020016001,6
579,3,10020016001,6
579,4,10020016001,6
579,5,10020016001,6
579,6,10020016001,6
579,7,10020016001,6
579,8,10020016001,6
579,9,10020016001,6
579,10,10020016001,4
579,11,11040018001,6
579,12,12005015004,15
579,13,12005015004,15
579,14,12005015004,15
579,15,12005015004,8
579,16,12012045001,5
579,17,12326167001,39
579,18,12326167001,14
579,19,14210051001,12
579,20,14331028001,5
579,21,14331028001,5
579,22,14331028001,2
579,23,14612018002,9
579,24,14612018002,9
579,25,14612018002,9
579,26,14612018002,9
579,27,14612018002,5
579,28,14613899001,3
580,1,10031019001,5
580,2,10031019001,5
580,3,10031019001,5
580,4,10031019001,5
580,5,10031019001,5
580,6,10031019001,5
580,7,10031019001,5
580,8,10031019001,5
580,9,10031019001,5
580,10,10031019001,5
580,11,10031019001,5
580,12,10031019001,5
580,13,10031019001,5
580,14,10031019001,5
580,15,10031019001,5
580,16,10031019001,5
580,17,10031019001,5
580,18,10031019001,5
580,19,10031019001,5
580,20,10031019001,5
580,21,10031019001,5
580,22,10031019001,5
580,23,10031019001,5
580,24,10031019001,5
580,25,10031019001,5
580,26,10031019001,5
580,27,10031019001,5
580,28,10031019001,5
580,29,10031019001,5
580,30,10031019001,5
580,31,10031019001,5
580,32,10031019001,5
580,33,10031019001,5
580,34,10031019001,5
580,35,10031019001,2
580,36,12012072001,9
580,37,14210045001,1
580,38,14613018001,3
580,39,14620084001,7
580,40,14620084001,5
581,1,11040008001,7
581,2,12012168001,1
581,3,14210046001,4
581,4,14504055001,6
581,5,14504055001,6
581,6,14504055001,6
581,7,14504055001,6
581,8,14504055001,6
581,9,14504055001,6
581,10,14504055001,6
581,11,14504055001,6
581,12,14504055001,6
581,13,14504055001,6
581,14,14504055001,6
581,15,14504055001,6
581,16,14504055001,6
581,17,14504055001,6
581,18,14504055001,6
581,19,14504055001,6
581,20,14504055001,6
581,21,14504055001,6
581,22,14504055001,6
581,23,14504055001,6
581,24,14504055001,6
581,25,14504055001,6
581,26,14504055001,6
581,27,14504055001,6
581,28,14504055001,6
581,29,14504055001,6
581,30,14504055001,6
581,31,14504055001,6
581,32,14504055001,6
581,33,14504055001,6
581,34,14504055001,6
581,35,14504055001,6
581,36,14504055001,6
581,37,14504055001,6
581,38,14504055001,6
581,39,14504055001,5
581,40,14612946001,2
582,1,10033034001,6
582,2,10033034001,6
582,3,10033034001,6
582,4,10033034001,6
582,5,10033034001,6
582,6,10033034001,6
582,7,10033034001,6
582,8,10033034001,6
582,9,10033034001,6
582,10,10033034001,6
582,11,10033034001,6
582,12,10033034001,6
582,13,10033034001,6
582,14,10033034001,6
582,15,10033034001,6
582,16,10033034001,6
582,17,10033034001,6
582,18,10033034001,6
582,19,10033034001,6
582,20,10033034001,6
582,21,10033034001,6
582,22,10033034001,6
582,23,10033034001,6
582,24,10033034001,6
582,25,10033034001,6
582,26,10033034001,6
582,27,10033034001,6
582,28,10033034001,6
582,29,10033034001,6
582,30,10033034001,6
582,31,10033034001,6
582,32,10033034001,6
582,33,10033034001,6
582,34,10033034001,6
582,35,10033034001,6
582,36,12012196001,12
582,37,14210108001,8
582,38,14613907001,14
582,39,14620114001,9
582,40,14620114001,4
583,1,10040002001,5
583,2,10040002001,5
583,3,10040002001,5
583,4,10040002001,5
583,5,10040002001,5
583,6,10040002001,5
583,7,10040002001,5
583,8,10040002001,5
583,9,10040002001,5
583,10,10040002001,5
583,11,10040002001,5
583,12,10040002001,5
583,13,10040002001,5
583,14,10040002001,5
583,15,10040002001,5
583,16,10040002001,5
583,17,10040002001,5
583,18,10040002001,5
583,19,10040002001,5
583,20,10040002001,5
583,21,10040002001,5
583,22,10040002001,5
583,23,10040002001,5
583,24,10040002001,5
583,25,10040002001,5
583,26,10040002001,5
583,27,10040002001,5
583,28,10040002001,5
583,29,10040002001,5
583,30,10040002001,5
583,31,10040002001,5
583,32,10040002001,5
583,33,10040002001,5
583,34,10040002001,5
583,35,10040002001,4
583,36,12012098001,2
583,37,14210127001,5
583,38,14613918001,1
583,39,14621048001,6
583,40,14621048001,1
584,1,10010035001,28
584,2,10010035001,28
584,3,10010035001,28
584,4,10010035001,28
584,5,10010035001,28
584,6,10010035001,28
584,7,10010035001,28
584,8,10010035001,28
584,9,10010035001,28
584,10,10010035001,28
584,11,10010035001,28
584,12,10010035001,28
584,13,10010035001,28
584,14,10010035001,28
584,15,10010035001,28
584,16,10010035001,28
584,17,10010035001,28
584,18,10010035001,28
584,19,10010035001,28
584,20,10010035001,28
584,21,10010035001,28
584,22,10010035001,28
584,23,10010035001,28
584,24,10010035001,28
584,25,10010035001,28
584,26,10010035001,28
584,27,10010035001,28
584,28,10010035001,28
584,29,10010035001,28
584,30,10010035001,28
584,31,10010035001,28
584,32,10010035001,28
584,33,10010035001,28
584,34,10010035001,18
584,35,11040027001,6
584,36,12012969001,2
584,37,12123034001,7
584,38,12123034001,2
584,39,14210084001,3
584,40,14615021001,1
585,1,10000010001,7
585,2,10000010001,7
585,3,10000010001,7
585,4,10000010001,7
585,5,10000010001,7
585,6,10000010001,7
585,7,10000010001,7
585,8,10000010001,7
585,9,10000010001,7
585,10,10000010001,7
585,11,10000010001,7
585,12,10000010001,7
585,13,10000010001,7
585,14,10000010001,7
585,15,10000010001,7
585,16,10000010001,7
585,17,10000010001,7
585,18,10000010001,7
585,19,10000010001,7
585,20,10000010001,7
585,21,10000010001,7
585,22,10000010001,7
585,23,10000010001,7
585,24,10000010001,7
585,25,10000010001,7
585,26,10000010001,7
585,27,10000010001,7
585,28,10000010001,7
585,29,10000010001,7
585,30,10000010001,7
585,31,10000010001,7
585,32,10000010001,7
585,33,10000010001,7
585,34,10000010001,7
585,35,11040039001,4
585,36,12012984001,1
585,37,12123066001,6
585,38,12123066001,2
585,39,14210110001,3
585,40,14615002001,7
586,1,10030019001,5
586,2,10030019001,5
586,3,10030019001,5
586,4,10030019001,5
586,5,10030019001,5
586,6,10030019001,5
586,7,10030019001,5
586,8,10030019001,5
586,9,10030019001,5
586,10,10030019001,5
586,11,10030019001,5
586,12,10030019001,5
586,13,10030019001,5
586,14,10030019001,5
586,15,10030019001,5
586,16,10030019001,5
586,17,10030019001,5
586,18,10030019001,5
586,19,10030019001,5
586,20,10030019001,5
586,21,10030019001,5
586,22,10030019001,5
586,23,10030019001,5
586,24,10030019001,5
586,25,10030019001,5
586,26,10030019001,5
586,27,10030019001,5
586,28,10030019001,5
586,29,10030019001,5
586,30,10030019001,5
586,31,10030019001,5
586,32,10030019001,5
586,33,10030019001,5
586,34,10030019001,3
586,35,11040060001,1
586,36,12012928001,1
586,37,12123133001,2
586,38,12123133001,2
586,39,14213008001,1
586,40,14615011001,3
587,1,10010042001,48
587,2,11040047001,6
587,3,12016077001,2
587,4,12130086001,1
587,5,12130086001,1
587,6,12130086001,1
587,7,12130086001,1
587,8,12130086001,1
587,9,12130086001,1
587,10,12130086001,1
587,11,12130086001,1
587,12,12130086001,1
587,13,12130086001,1
587,14,12130086001,1
587,15,12130086001,1
587,16,12130086001,1
587,17,12130086001,1
587,18,12130086001,1
587,19,12130086001,1
587,20,12130086001,1
587,21,12130086001,1
587,22,12130086001,1
587,23,12130086001,1
587,24,12130086001,1
587,25,12130086001,1
587,26,12130086001,1
587,27,12130086001,1
587,28,12130086001,1
587,29,12130086001,1
587,30,12130086001,1
587,31,12130086001,1
587,32,12130086001,1
587,33,12130086001,1
587,34,12130086001,1
587,35,12130086001,1
587,36,12130086001,1
587,37,12130086001,1
587,38,12130086001,1
587,39,14210068001,4
587,40,14614001001,2
588,1,10002918001,6
588,2,10020018001,13
588,3,10020018001,13
588,4,10020018001,13
588,5,10020018001,13
588,6,10020018001,13
588,7,10020018001,13
588,8,10020018001,13
588,9,10020018001,13
588,10,10020018001,13
588,11,10020018001,13
588,12,10020018001,13
588,13,10020018001,13
588,14,10020018001,13
588,15,10020018001,13
588,16,10020018001,13
588,17,10020018001,13
588,18,10020018001,13
588,19,10020018001,13
588,20,10020018001,13
588,21,10020018001,13
588,22,10020018001,13
588,23,10020018001,13
588,24,10020018001,13
588,25,10020018001,13
588,26,10020018001,13
588,27,10020018001,13
588,28,10020018001,13
588,29,10020018001,13
588,30,10020018001,13
588,31,10020018001,13
588,32,10020018001,13
588,33,10020018001,13
588,34,10020018001,4
588,35,11041017001,4
588,36,12011252001,4
588,37,12011252001,1
588,38,12016078001,1
588,39,14211055001,4
588,40,14615035001,3
589,1,10032019001,28
589,2,10032019001,28
589,3,10032019001,28
589,4,10032019001,28
589,5,10032019001,28
589,6,10032019001,28
589,7,10032019001,28
589,8,10032019001,28
589,9,10032019001,28
589,10,10032019001,28
589,11,10032019001,28
589,12,10032019001,28
589,13,10032019001,28
589,14,10032019001,28
589,15,10032019001,28
589,16,10032019001,28
589,17,10032019001,28
589,18,10032019001,28
589,19,10032019001,28
589,20,10032019001,28
589,21,10032019001,28
589,22,10032019001,28
589,23,10032019001,28
589,24,10032019001,28
589,25,10032019001,28
589,26,10032019001,28
589,27,10032019001,28
589,28,10032019001,28
589,29,10032019001,28
589,30,10032019001,28
589,31,10032019001,28
589,32,10032019001,28
589,33,10032019001,28
589,34,10032019001,18
589,35,11041005001,3
589,36,12014004001,2
589,37,12150009001,8
589,38,12150009001,2
589,39,14220002001,6
589,40,14615013001,4
590,1,10001001001,7
590,2,10001001001,7
590,3,10001001001,7
590,4,10001001001,7
590,5,10001001001,7
590,6,10001001001,7
590,7,10001001001,7
590,8,10001001001,7
590,9,10001001001,7
590,10,10001001001,7
590,11,10001001001,7
590,12,10001001001,7
590,13,10001001001,7
590,14,10001001001,7
590,15,10001001001,7
590,16,10001001001,7
590,17,10001001001,7
590,18,10001001001,7
590,19,10001001001,7
590,20,10001001001,7
590,21,10001001001,7
590,22,10001001001,7
590,23,10001001001,7
590,24,10001001001,7
590,25,10001001001,7
590,26,10001001001,7
590,27,10001001001,7
590,28,10001001001,7
590,29,10001001001,7
590,30,10001001001,7
590,31,10001001001,7
590,32,10001001001,5
590,33,12017009001,2
590,34,14220005001,6
590,35,14353010001,6
590,36,14353010001,6
590,37,14353010001,3
590,38,14615019001,6
590,39,14621045001,9
590,40,14621045001,8
591,1,10012002001,7
591,2,11041002001,5
591,3,12011268001,4
591,4,12011268001,1
591,5,12016079001,1
591,6,14220085001,3
591,7,14508004001,2
591,8,14508004001,2
591,9,14508004001,2
591,10,14508004001,2
591,11,14508004001,2
591,12,14508004001,2
591,13,14508004001,2
591,14,14508004001,2
591,15,14508004001,2
591,16,14508004001,2
591,17,14508004001,2
591,18,14508004001,2
591,19,14508004001,2
591,20,14508004001,2
591,21,14508004001,2
591,22,14508004001,2
591,23,14508004001,2
591,24,14508004001,2
591,25,14508004001,2
591,26,14508004001,2
591,27,14508004001,2
591,28,14508004001,2
591,29,14508004001,2
591,30,14508004001,2
591,31,14508004001,2
591,32,14508004001,2
591,33,14508004001,2
591,34,14508004001,2
591,35,14508004001,2
591,36,14508004001,2
591,37,14508004001,2
591,38,14508004001,2
591,39,14508004001,2
591,40,14615012001,4
592,1,11041024001,20
592,2,12017016001,2
592,3,12212010001,14
592,4,12212010001,6
592,5,14220086001,8
592,6,14505917001,15
592,7,14505917001,15
592,8,14505917001,15
592,9,14505917001,15
592,10,14505917001,15
592,11,14505917001,15
592,12,14505917001,15
592,13,14505917001,15
592,14,14505917001,15
592,15,14505917001,15
592,16,14505917001,15
592,17,14505917001,15
592,18,14505917001,15
592,19,14505917001,15
592,20,14505917001,15
592,21,14505917001,15
592,22,14505917001,15
592,23,14505917001,15
592,24,14505917001,15
592,25,14505917001,15
592,26,14505917001,15
592,27,14505917001,15
592,28,14505917001,15
592,29,14505917001,15
592,30,14505917001,15
592,31,14505917001,15
592,32,14505917001,15
592,33,14505917001,15
592,34,14505917001,15
592,35,14505917001,15
592,36,14505917001,15
592,37,14505917001,15
592,38,14505917001,15
592,39,14505917001,10
592,40,14615052001,3
593,1,10002046001,11
593,2,10002046001,11
593,3,10002046001,11
593,4,10002046001,11
593,5,10002046001,11
593,6,10002046001,11
593,7,10002046001,11
593,8,10002046001,11
593,9,10002046001,11
593,10,10002046001,11
593,11,10002046001,11
593,12,10002046001,11
593,13,10002046001,11
593,14,10002046001,11
593,15,10002046001,11
593,16,10002046001,11
593,17,10002046001,11
593,18,10002046001,11
593,19,10002046001,11
593,20,10002046001,11
593,21,10002046001,11
593,22,10002046001,11
593,23,10002046001,11
593,24,10002046001,11
593,25,10002046001,11
593,26,10002046001,11
593,27,10002046001,11
593,28,10002046001,11
593,29,10002046001,11
593,30,10002046001,11
593,31,10002046001,11
593,32,10002046001,11
593,33,10002046001,2
593,34,10013007001,12
593,35,11041007001,2
593,36,12011354001,5
593,37,12011354001,3
593,38,12017018001,1
593,39,14222005001,4
593,40,14615030001,3
594,1,10010043001,36
594,2,11041019001,10
594,3,12011365001,4
594,4,12011365001,1
594,5,12020003001,9
594,6,14010084001,1
594,7,14010084001,1
594,8,14010084001,1
594,9,14010084001,1
594,10,14010084001,1
594,11,14010084001,1
594,12,14010084001,1
594,13,14010084001,1
594,14,14010084001,1
594,15,14010084001,1
594,16,14010084001,1
594,17,14010084001,1
594,18,14010084001,1
594,19,14010084001,1
594,20,14010084001,1
594,21,14010084001,1
594,22,14010084001,1
594,23,14010084001,1
594,24,14010084001,1
594,25,14010084001,1
594,26,14010084001,1
594,27,14010084001,1
594,28,14010084001,1
594,29,14010084001,1
594,30,14010084001,1
594,31,14010084001,1
594,32,14010084001,1
594,33,14010084001,1
594,34,14010084001,1
594,35,14010084001,1
594,36,14010084001,1
594,37,14010084001,1
594,38,14010084001,1
594,39,14222048001,12
594,40,14615048001,1
595,1,10012009001,2
595,2,11041031001,3
595,3,12002119001,10
595,4,12002119001,10
595,5,12002119001,10
595,6,12002119001,10
595,7,12002119001,10
595,8,12002119001,3
595,9,12020026001,2
595,10,12100011001,8
595,11,12100011001,8
595,12,14003037001,3
595,13,14003037001,3
595,14,14003037001,3
595,15,14003037001,3
595,16,14003037001,3
595,17,14003037001,3
595,18,14003037001,3
595,19,14003037001,3
595,20,14003037001,3
595,21,14003037001,3
595,22,14003037001,3
595,23,14220155001,3
595,24,14361114001,4
595,25,14361114001,4
595,26,14361114001,4
595,27,14361114001,4
595,28,14361114001,4
595,29,14361114001,4
595,30,14361114001,4
595,31,14361114001,4
595,32,14361114001,4
595,33,14613026001,6
595,34,14613026001,6
595,35,14613026001,6
595,36,14613026001,4
595,37,14615057001,1
596,1,10013004001,12
596,2,10032064001,28
596,3,10032064001,28
596,4,10032064001,28
596,5,10032064001,28
596,6,10032064001,28
596,7,10032064001,28
596,8,10032064001,28
596,9,10032064001,28
596,10,10032064001,4
596,11,11042001001,2
596,12,12012003001,15
596,13,12012003001,15
596,14,12012003001,15
596,15,12012003001,8
596,16,12020020001,4
596,17,12104015001,13
596,18,12104015001,13
596,19,12104015001,13
596,20,12104015001,13
596,21,12104015001,1
596,22,14222019001,4
596,23,14244898001,7
596,24,14244898001,7
596,25,14244898001,7
596,26,14244898001,7
596,27,14244898001,7
596,28,14361044001,4
596,29,14361044001,4
596,30,14361044001,3
596,31,14615061001,3
597,1,10002014001,10
597,2,10002014001,10
597,3,10002014001,10
597,4,10002014001,10
597,5,10002014001,10
597,6,10002014001,10
597,7,10002014001,10
597,8,10002014001,10
597,9,10002014001,10
597,10,10002014001,10
597,11,10002014001,10
597,12,10002014001,10
597,13,10002014001,10
597,14,10002014001,10
597,15,10002014001,10
597,16,10002014001,10
597,17,10002014001,10
597,18,10002014001,10
597,19,10002014001,10
597,20,10002014001,10
597,21,10002014001,10
597,22,10002014001,10
597,23,10002014001,10
597,24,10002014001,10
597,25,10002014001,10
597,26,10002014001,10
597,27,10002014001,10
597,28,10002014001,10
597,29,10002014001,10
597,30,10002014001,10
597,31,10002014001,10
597,32,10002014001,2
597,33,10014062001,12
597,34,11042002001,2
597,35,12020028001,6
597,36,14222025001,2
597,37,14361061001,4
597,38,14361061001,4
597,39,14361061001,4
597,40,14615063001,2
598,1,10014110001,6
598,2,10035013001,5
598,3,10035013001,5
598,4,10035013001,5
598,5,10035013001,5
598,6,10035013001,5
598,7,10035013001,5
598,8,10035013001,5
598,9,10035013001,5
598,10,10035013001,5
598,11,10035013001,5
598,12,10035013001,5
598,13,10035013001,5
598,14,10035013001,5
598,15,10035013001,5
598,16,10035013001,5
598,17,10035013001,5
598,18,10035013001,5
598,19,10035013001,5
598,20,10035013001,5
598,21,10035013001,5
598,22,10035013001,5
598,23,10035013001,5
598,24,10035013001,5
598,25,10035013001,5
598,26,10035013001,5
598,27,10035013001,5
598,28,10035013001,5
598,29,10035013001,5
598,30,10035013001,5
598,31,10035013001,5
598,32,10035013001,5
598,33,10035013001,5
598,34,11042003001,6
598,35,12020035001,2
598,36,14222001001,3
598,37,14361104001,4
598,38,14361104001,4
598,39,14361104001,2
598,40,14615114001,2
599,1,10022915001,6
599,2,11010051001,9
599,3,11010051001,9
599,4,11010051001,9
599,5,11010051001,9
599,6,11010051001,9
599,7,11010051001,8
599,8,11040010001,8
599,9,11040010001,8
599,10,11040010001,8
599,11,11040010001,2
599,12,11042007001,4
599,13,12020046001,1
599,14,14001074001,5
599,15,14001074001,5
599,16,14001074001,5
599,17,14001074001,5
599,18,14001074001,5
599,19,14001074001,5
599,20,14001074001,5
599,21,14001074001,5
599,22,14001074001,5
599,23,14001074001,5
599,24,14001074001,2
599,25,14222045001,6
599,26,14311031001,5
599,27,14311031001,5
599,28,14311031001,5
599,29,14311031001,1
599,30,14311046001,5
599,31,14311046001,5
599,32,14311046001,5
599,33,14311046001,1
599,34,14361158001,5
599,35,14361158001,5
599,36,14361158001,4
599,37,14615067001,1
600,1,10022011001,15
600,2,10033010001,6
600,3,10033010001,6
600,4,10033010001,6
600,5,10033010001,6
600,6,10033010001,6
600,7,10033010001,6
600,8,10033010001,6
600,9,10033010001,6
600,10,10033010001,6
600,11,10033010001,6
600,12,10033010001,6
600,13,10033010001,6
600,14,10033010001,6
600,15,10033010001,6
600,16,10033010001,6
600,17,10033010001,6
600,18,10033010001,6
600,19,10033010001,6
600,20,10033010001,6
600,21,10033010001,6
600,22,10033010001,6
600,23,10033010001,6
600,24,10033010001,6
600,25,10033010001,6
600,26,10033010001,6
600,27,10033010001,6
600,28,10033010001,6
600,29,10033010001,6
600,30,10033010001,6
600,31,10033010001,6
600,32,10033010001,6
600,33,10033010001,6
600,34,10033010001,4
600,35,11042015001,4
600,36,12020163001,2
600,37,12103041001,7
600,38,12103041001,2
600,39,14222119001,3
600,40,14615072001,4
601,1,10023002001,4
601,2,11042006001,3
601,3,12020036001,3
601,4,14010040001,8
601,5,14010040001,8
601,6,14010040001,8
601,7,14010040001,8
601,8,14010040001,8
601,9,14010040001,8
601,10,14010040001,8
601,11,14010040001,8
601,12,14010040001,8
601,13,14010040001,8
601,14,14010040001,8
601,15,14010040001,8
601,16,14010040001,8
601,17,14010040001,8
601,18,14010040001,8
601,19,14010040001,8
601,20,14010040001,8
601,21,14010040001,8
601,22,14010040001,8
601,23,14010040001,8
601,24,14010040001,8
601,25,14010040001,8
601,26,14010040001,8
601,27,14010040001,8
601,28,14010040001,8
601,29,14010040001,8
601,30,14010040001,8
601,31,14010040001,8
601,32,14010040001,8
601,33,14010040001,8
601,34,14010040001,8
601,35,14010040001,6
601,36,14222049001,2
601,37,14361128001,5
601,38,14361128001,5
601,39,14361128001,5
601,40,14615107001,3
602,1,10023008001,4
602,2,10031910001,28
602,3,10031910001,28
602,4,10031910001,28
602,5,10031910001,28
602,6,10031910001,28
602,7,10031910001,28
602,8,10031910001,28
602,9,10031910001,28
602,10,10031910001,28
602,11,10031910001,28
602,12,10031910001,28
602,13,10031910001,28
602,14,10031910001,28
602,15,10031910001,28
602,16,10031910001,28
602,17,10031910001,28
602,18,10031910001,28
602,19,10031910001,28
602,20,10031910001,28
602,21,10031910001,28
602,22,10031910001,28
602,23,10031910001,28
602,24,10031910001,28
602,25,10031910001,28
602,26,10031910001,28
602,27,10031910001,28
602,28,10031910001,28
602,29,10031910001,28
602,30,10031910001,28
602,31,10031910001,28
602,32,10031910001,28
602,33,10031910001,14
602,34,11042010001,2
602,35,12020057001,3
602,36,14222087001,6
602,37,14361112001,5
602,38,14361112001,5
602,39,14361112001,2
602,40,14615897001,1
603,1,10020017001,6
603,2,11042008001,6
603,3,12020068001,5
603,4,14222999001,13
603,5,14244017001,2
603,6,14244017001,2
603,7,14244017001,2
603,8,14244017001,2
603,9,14244017001,2
603,10,14244017001,2
603,11,14244017001,2
603,12,14244017001,2
603,13,14244017001,2
603,14,14244017001,2
603,15,14244017001,2
603,16,14244017001,2
603,17,14244017001,2
603,18,14244017001,2
603,19,14244017001,2
603,20,14244017001,2
603,21,14244017001,2
603,22,14244017001,2
603,23,14244017001,2
603,24,14244017001,2
603,25,14244017001,2
603,26,14244017001,2
603,27,14244017001,2
603,28,14244017001,2
603,29,14244017001,2
603,30,14244017001,2
603,31,14244017001,2
603,32,14244017001,2
603,33,14244017001,2
603,34,14244017001,2
603,35,14244017001,2
603,36,14244017001,2
603,37,14370025001,6
603,38,14370025001,6
603,39,14370025001,3
603,40,14616017001,8
604,1,10014023001,24
604,2,10014023001,24
604,3,10014023001,24
604,4,10014023001,24
604,5,10014023001,24
604,6,10014023001,24
604,7,10014023001,24
604,8,10014023001,24
604,9,10014023001,24
604,10,10014023001,24
604,11,10014023001,24
604,12,10014023001,24
604,13,10014023001,24
604,14,10014023001,24
604,15,10014023001,24
604,16,10014023001,24
604,17,10014023001,24
604,18,10014023001,24
604,19,10014023001,24
604,20,10014023001,24
604,21,10014023001,24
604,22,10014023001,24
604,23,10014023001,24
604,24,10014023001,24
604,25,10014023001,24
604,26,10014023001,24
604,27,10014023001,24
604,28,10014023001,24
604,29,10014023001,24
604,30,10014023001,24
604,31,10014023001,18
604,32,11042020001,3
604,33,12020032003,6
604,34,12212011001,9
604,35,12212011001,2
604,36,14110006001,6
604,37,14110006001,6
604,38,14110006001,3
604,39,14222114001,13
604,40,14615898001,6
605,1,10015007001,19
605,2,10015007001,19
605,3,10015007001,19
605,4,10015007001,19
605,5,10015007001,19
605,6,10015007001,19
605,7,10015007001,19
605,8,10015007001,19
605,9,10015007001,19
605,10,10015007001,19
605,11,10015007001,19
605,12,10015007001,19
605,13,10015007001,19
605,14,10015007001,19
605,15,10015007001,19
605,16,10015007001,19
605,17,10015007001,19
605,18,10015007001,19
605,19,10015007001,19
605,20,10015007001,19
605,21,10015007001,19
605,22,10015007001,19
605,23,10015007001,19
605,24,10015007001,19
605,25,10015007001,19
605,26,10015007001,19
605,27,10015007001,19
605,28,10015007001,19
605,29,10015007001,19
605,30,10015007001,19
605,31,10015007001,19
605,32,10015007001,11
605,33,10023031001,5
605,34,11042023001,3
605,35,12020093001,7
605,36,14222141001,6
605,37,14502021001,13
605,38,14502021001,13
605,39,14502021001,4
605,40,14616020001,1
606,1,10023011001,5
606,2,11042028001,1
606,3,12020141001,6
606,4,14223005001,3
606,5,14370072001,5
606,6,14370072001,5
606,7,14370072001,3
606,8,14502015001,5
606,9,14502015001,5
606,10,14502015001,5
606,11,14502015001,5
606,12,14502015001,5
606,13,14502015001,5
606,14,14502015001,5
606,15,14502015001,5
606,16,14502015001,5
606,17,14502015001,5
606,18,14502015001,5
606,19,14502015001,5
606,20,14502015001,5
606,21,14502015001,5
606,22,14502015001,5
606,23,14502015001,5
606,24,14502015001,5
606,25,14502015001,5
606,26,14502015001,5
606,27,14502015001,5
606,28,14502015001,5
606,29,14502015001,5
606,30,14502015001,5
606,31,14502015001,5
606,32,14502015001,5
606,33,14502015001,5
606,34,14502015001,5
606,35,14502015001,5
606,36,14502015001,5
606,37,14502015001,5
606,38,14502015001,5
606,39,14502015001,4
606,40,14616022001,4
607,1,10023017001,1
607,2,11042009001,5
607,3,12020090001,6
607,4,14223065001,1
607,5,14362902001,2
607,6,14362902001,2
607,7,14362902001,1
607,8,14504002001,10
607,9,14504002001,10
607,10,14504002001,10
607,11,14504002001,10
607,12,14504002001,10
607,13,14504002001,10
607,14,14504002001,10
607,15,14504002001,10
607,16,14504002001,10
607,17,14504002001,10
607,18,14504002001,10
607,19,14504002001,10
607,20,14504002001,10
607,21,14504002001,10
607,22,14504002001,10
607,23,14504002001,10
607,24,14504002001,10
607,25,14504002001,10
607,26,14504002001,10
607,27,14504002001,10
607,28,14504002001,10
607,29,14504002001,10
607,30,14504002001,10
607,31,14504002001,10
607,32,14504002001,10
607,33,14504002001,10
607,34,14504002001,10
607,35,14504002001,10
607,36,14504002001,10
607,37,14504002001,10
607,38,14504002001,10
607,39,14504002001,5
607,40,14616021001,3
608,1,10033056001,5
608,2,10033056001,5
608,3,10033056001,5
608,4,10033056001,5
608,5,10033056001,5
608,6,10033056001,5
608,7,10033056001,5
608,8,10033056001,5
608,9,10033056001,5
608,10,10033056001,5
608,11,10033056001,5
608,12,10033056001,5
608,13,10033056001,5
608,14,10033056001,5
608,15,10033056001,5
608,16,10033056001,5
608,17,10033056001,5
608,18,10033056001,5
608,19,10033056001,5
608,20,10033056001,5
608,21,10033056001,5
608,22,10033056001,5
608,23,10033056001,5
608,24,10033056001,5
608,25,10033056001,5
608,26,10033056001,5
608,27,10033056001,5
608,28,10033056001,5
608,29,10033056001,5
608,30,10033056001,5
608,31,10033056001,2
608,32,11042030001,1
608,33,12020164001,10
608,34,12130011001,2
608,35,12130011001,2
608,36,14101004001,6
608,37,14101004001,6
608,38,14101004001,2
608,39,14223018001,6
608,40,14616203001,2
609,1,10024011001,6
609,2,10024011001,6
609,3,10024011001,6
609,4,10024011001,6
609,5,10024011001,6
609,6,10024011001,6
609,7,10024011001,6
609,8,10024011001,6
609,9,10024011001,6
609,10,10024011001,6
609,11,10024011001,6
609,12,10024011001,6
609,13,10024011001,6
609,14,10024011001,6
609,15,10024011001,6
609,16,10024011001,6
609,17,10024011001,6
609,18,10024011001,6
609,19,10024011001,6
609,20,10024011001,6
609,21,10024011001,6
609,22,10024011001,6
609,23,10024011001,6
609,24,10024011001,6
609,25,10024011001,6
609,26,10024011001,6
609,27,10024011001,6
609,28,10024011001,6
609,29,10024011001,6
609,30,10024011001,6
609,31,10024011001,4
609,32,11050002001,4
609,33,12020222001,22
609,34,12123128001,6
609,35,12123128001,6
609,36,14023083001,10
609,37,14023083001,10
609,38,14023083001,9
609,39,14223048001,2
609,40,14616033001,2
610,1,11050003001,6
610,2,12020225001,6
610,3,12211017001,2
610,4,12211017001,2
610,5,14023503001,10
610,6,14023503001,10
610,7,14023503001,5
610,8,14223155001,2
610,9,14506135001,1
610,10,14506135001,1
610,11,14506135001,1
610,12,14506135001,1
610,13,14506135001,1
610,14,14506135001,1
610,15,14506135001,1
610,16,14506135001,1
610,17,14506135001,1
610,18,14506135001,1
610,19,14506135001,1
610,20,14506135001,1
610,21,14506135001,1
610,22,14506135001,1
610,23,14506135001,1
610,24,14506135001,1
610,25,14506135001,1
610,26,14506135001,1
610,27,14506135001,1
610,28,14506135001,1
610,29,14506135001,1
610,30,14506135001,1
610,31,14506135001,1
610,32,14506135001,1
610,33,14506135001,1
610,34,14506135001,1
610,35,14506135001,1
610,36,14506135001,1
610,37,14506135001,1
610,38,14506135001,1
610,39,14506135001,1
610,40,14616044001,3
611,1,10030008001,7
611,2,10030008001,7
611,3,10030008001,7
611,4,10030008001,7
611,5,10030008001,7
611,6,10030008001,7
611,7,10030008001,7
611,8,10030008001,7
611,9,10030008001,7
611,10,10030008001,7
611,11,10030008001,7
611,12,10030008001,7
611,13,10030008001,7
611,14,10030008001,7
611,15,10030008001,7
611,16,10030008001,7
611,17,10030008001,7
611,18,10030008001,7
611,19,10030008001,7
611,20,10030008001,7
611,21,10030008001,7
611,22,10030008001,7
611,23,10030008001,7
611,24,10030008001,7
611,25,10030008001,7
611,26,10030008001,7
611,27,10030008001,7
611,28,10030008001,7
611,29,10030008001,7
611,30,10030008001,7
611,31,10030008001,6
611,32,11050029001,3
611,33,12020217001,6
611,34,12212062001,8
611,35,12212062001,1
611,36,14100027001,2
611,37,14100027001,2
611,38,14100027001,2
611,39,14223247001,3
611,40,14620007001,1
612,1,10023032001,2
612,2,10040009001,6
612,3,10040009001,6
612,4,10040009001,6
612,5,10040009001,6
612,6,10040009001,6
612,7,10040009001,6
612,8,10040009001,6
612,9,10040009001,6
612,10,10040009001,6
612,11,10040009001,6
612,12,10040009001,6
612,13,10040009001,6
612,14,10040009001,6
612,15,10040009001,6
612,16,10040009001,6
612,17,10040009001,6
612,18,10040009001,6
612,19,10040009001,6
612,20,10040009001,6
612,21,10040009001,6
612,22,10040009001,6
612,23,10040009001,6
612,24,10040009001,6
612,25,10040009001,6
612,26,10040009001,6
612,27,10040009001,6
612,28,10040009001,6
612,29,10040009001,6
612,30,10040009001,6
612,31,10040009001,6
612,32,11050022001,3
612,33,12020232001,8
612,34,12034104001,5
612,35,12034104001,5
612,36,14001031001,9
612,37,14001031001,9
612,38,14001031001,8
612,39,14225023001,6
612,40,14620036001,2
613,1,10023044001,5
613,2,10040027001,9
613,3,10040027001,9
613,4,10040027001,9
613,5,10040027001,9
613,6,10040027001,9
613,7,10040027001,9
613,8,10040027001,9
613,9,10040027001,9
613,10,10040027001,9
613,11,10040027001,9
613,12,10040027001,9
613,13,10040027001,9
613,14,10040027001,9
613,15,10040027001,9
613,16,10040027001,9
613,17,10040027001,9
613,18,10040027001,9
613,19,10040027001,9
613,20,10040027001,9
613,21,10040027001,9
613,22,10040027001,9
613,23,10040027001,9
613,24,10040027001,9
613,25,10040027001,9
613,26,10040027001,9
613,27,10040027001,9
613,28,10040027001,9
613,29,10040027001,9
613,30,10040027001,9
613,31,10040027001,9
613,32,11050047001,5
613,33,12020264001,3
613,34,12100018001,5
613,35,12100018001,5
613,36,14001084001,4
613,37,14001084001,4
613,38,14001084001,1
613,39,14225016001,2
613,40,14620083001,4
614,1,10023054001,2
614,2,10040022001,7
614,3,10040022001,7
614,4,10040022001,7
614,5,10040022001,7
614,6,10040022001,7
614,7,10040022001,7
614,8,10040022001,7
614,9,10040022001,7
614,10,10040022001,7
614,11,10040022001,7
614,12,10040022001,7
614,13,10040022001,7
614,14,10040022001,7
614,15,10040022001,7
614,16,10040022001,7
614,17,10040022001,7
614,18,10040022001,7
614,19,10040022001,7
614,20,10040022001,7
614,21,10040022001,7
614,22,10040022001,7
614,23,10040022001,7
614,24,10040022001,7
614,25,10040022001,7
614,26,10040022001,7
614,27,10040022001,7
614,28,10040022001,7
614,29,10040022001,7
614,30,10040022001,4
614,31,11050038001,6
614,32,12020237001,2
614,33,12100036001,7
614,34,12100036001,3
614,35,14225014001,1
614,36,14610011001,5
614,37,14610011001,5
614,38,14610011001,5
614,39,14610011001,3
614,40,14620028001,4
615,1,10023049001,3
615,2,11050009001,1
615,3,12020253001,2
615,4,12102024001,4
615,5,12102024001,2
615,6,14001035001,11
615,7,14001035001,11
615,8,14001035001,2
615,9,14225029001,3
615,10,14370020001,4
615,11,14370020001,4
615,12,14370020001,4
615,13,14370020001,4
615,14,14370020001,4
615,15,14370020001,4
615,16,14370020001,4
615,17,14370020001,4
615,18,14370020001,4
615,19,14370020001,4
615,20,14370020001,4
615,21,14370020001,4
615,22,14370020001,4
615,23,14370020001,4
615,24,14370020001,4
615,25,14370020001,4
615,26,14370020001,4
615,27,14370020001,4
615,28,14370020001,4
615,29,14370020001,4
615,30,14370020001,4
615,31,14370020001,4
615,32,14370020001,4
615,33,14370020001,4
615,34,14370020001,4
615,35,14370020001,4
615,36,14370020001,4
615,37,14370020001,4
615,38,14370020001,4
615,39,14370020001,2
615,40,14620092001,2
616,1,10023063001,6
616,2,11050049001,2
616,3,12020323001,1
616,4,12105001001,5
616,5,12105001001,3
616,6,14001635001,6
616,7,14001635001,6
616,8,14001635001,6
616,9,14223176001,7
616,10,14502081001,13
616,11,14502081001,13
616,12,14502081001,13
616,13,14502081001,13
616,14,14502081001,13
616,15,14502081001,13
616,16,14502081001,13
616,17,14502081001,13
616,18,14502081001,13
616,19,14502081001,13
616,20,14502081001,13
616,21,14502081001,13
616,22,14502081001,13
616,23,14502081001,13
616,24,14502081001,13
616,25,14502081001,13
616,26,14502081001,13
616,27,14502081001,13
616,28,14502081001,13
616,29,14502081001,13
616,30,14502081001,13
616,31,14502081001,13
616,32,14502081001,13
616,33,14502081001,13
616,34,14502081001,13
616,35,14502081001,13
616,36,14502081001,13
616,37,14502081001,13
616,38,14502081001,13
616,39,14502081001,3
616,40,14620072001,2
617,1,10023068001,3
617,2,11050053001,2
617,3,12020240001,3
617,4,12103029001,6
617,5,12103029001,3
617,6,14111118001,1
617,7,14111118001,1
617,8,14111118001,1
617,9,14111118001,1
617,10,14111118001,1
617,11,14111118001,1
617,12,14111118001,1
617,13,14111118001,1
617,14,14111118001,1
617,15,14111118001,1
617,16,14111118001,1
617,17,14111118001,1
617,18,14111118001,1
617,19,14111118001,1
617,20,14111118001,1
617,21,14111118001,1
617,22,14111118001,1
617,23,14111118001,1
617,24,14111118001,1
617,25,14111118001,1
617,26,14111118001,1
617,27,14111118001,1
617,28,14111118001,1
617,29,14111118001,1
617,30,14111118001,1
617,31,14111118001,1
617,32,14111118001,1
617,33,14111118001,1
617,34,14111118001,1
617,35,14225030001,9
617,36,14613902001,7
617,37,14613902001,7
617,38,14613902001,7
617,39,14613902001,6
617,40,14620107001,6
618,1,10023066001,2
618,2,11050059001,5
618,3,11075039001,2
618,4,11075039001,2
618,5,11075039001,2
618,6,11075039001,2
618,7,11075039001,2
618,8,11075039001,2
618,9,11075039001,2
618,10,11075039001,2
618,11,11075039001,2
618,12,12020372001,1
618,13,12106030001,28
618,14,12106030001,14
618,15,14003029001,7
618,16,14003029001,7
618,17,14003029001,7
618,18,14003029001,7
618,19,14003029001,7
618,20,14003029001,7
618,21,14003029001,7
618,22,14003029001,7
618,23,14003029001,7
618,24,14003029001,7
618,25,14003029001,1
618,26,14225045001,4
618,27,14501942001,12
618,28,14501942001,12
618,29,14501942001,12
618,30,14501942001,12
618,31,14501942001,12
618,32,14501942001,12
618,33,14501942001,12
618,34,14501942001,12
618,35,14501942001,8
618,36,14613908001,6
618,37,14613908001,6
618,38,14613908001,6
618,39,14613908001,1
618,40,14620111001,5
619,1,10014090001,28
619,2,10014090001,28
619,3,10014090001,28
619,4,10014090001,28
619,5,10014090001,28
619,6,10014090001,28
619,7,10014090001,28
619,8,10014090001,28
619,9,10014090001,28
619,10,10014090001,28
619,11,10014090001,28
619,12,10014090001,28
619,13,10014090001,28
619,14,10014090001,28
619,15,10014090001,28
619,16,10014090001,28
619,17,10014090001,28
619,18,10014090001,28
619,19,10014090001,28
619,20,10014090001,28
619,21,10014090001,28
619,22,10014090001,28
619,23,10014090001,28
619,24,10014090001,28
619,25,10014090001,28
619,26,10014090001,28
619,27,10014090001,28
619,28,10014090001,28
619,29,10014090001,8
619,30,10023078001,3
619,31,11050039001,7
619,32,12020324001,4
619,33,12106001001,28
619,34,12106001001,4
619,35,14225052001,2
619,36,14620014001,9
619,37,14620014001,9
619,38,14620014001,9
619,39,14620014001,4
619,40,14620110001,9
620,1,10002919001,7
620,2,10002919001,7
620,3,10002919001,7
620,4,10002919001,7
620,5,10002919001,7
620,6,10002919001,7
620,7,10002919001,7
620,8,10002919001,5
620,9,10023093001,7
620,10,11040009001,7
620,11,11040009001,7
620,12,11040009001,7
620,13,11040009001,5
620,14,11050087001,2
620,15,12020344001,11
620,16,14001044001,6
620,17,14001044001,6
620,18,14001044001,6
620,19,14001044001,6
620,20,14001044001,6
620,21,14001044001,6
620,22,14001044001,6
620,23,14001044001,6
620,24,14001044001,5
620,25,14011014001,2
620,26,14011014001,2
620,27,14011014001,2
620,28,14011014001,2
620,29,14011014001,2
620,30,14011014001,2
620,31,14011014001,2
620,32,14011014001,2
620,33,14011014001,2
620,34,14011014001,2
620,35,14011014001,1
620,36,14225041001,2
620,37,14503024001,10
620,38,14503024001,10
620,39,14503024001,8
620,40,14620113001,13
621,1,10010009001,5
621,2,10010009001,5
621,3,10010009001,5
621,4,10010009001,5
621,5,10010009001,5
621,6,10010009001,5
621,7,10010009001,5
621,8,10010009001,1
621,9,10023106001,8
621,10,11050063001,3
621,11,11071898001,5
621,12,11071898001,5
621,13,11071898001,5
621,14,11071898001,1
621,15,11073032001,9
621,16,11073032001,9
621,17,11073032001,9
621,18,11073032001,9
621,19,11073032001,9
621,20,11073032001,8
621,21,12020416001,3
621,22,14010034001,5
621,23,14010034001,5
621,24,14010034001,5
621,25,14010034001,5
621,26,14010034001,5
621,27,14010034001,5
621,28,14010034001,5
621,29,14010034001,5
621,30,14010034001,5
621,31,14010034001,5
621,32,14010034001,5
621,33,14225056001,4
621,34,14503049001,10
621,35,14503049001,10
621,36,14503049001,6
621,37,14620115001,4
622,1,10023104001,2
622,2,11050068001,3
622,3,12020423001,1
622,4,12106097001,3
622,5,12106097001,2
622,6,14226003001,3
622,7,14502012001,9
622,8,14502012001,9
622,9,14502012001,9
622,10,14502012001,9
622,11,14502012001,9
622,12,14502012001,9
622,13,14502012001,9
622,14,14502012001,9
622,15,14502012001,9
622,16,14502012001,9
622,17,14502012001,9
622,18,14502012001,9
622,19,14502012001,9
622,20,14502012001,9
622,21,14502012001,9
622,22,14502012001,9
622,23,14502012001,9
622,24,14502012001,9
622,25,14502012001,9
622,26,14502012001,9
622,27,14502012001,9
622,28,14502012001,9
622,29,14502012001,9
622,30,14502012001,9
622,31,14502012001,9
622,32,14502012001,9
622,33,14502012001,9
622,34,14502012001,9
622,35,14502012001,8
622,36,14620112001,3
622,37,14620894001,8
622,38,14620894001,8
622,39,14620894001,8
622,40,14620894001,2
623,1,10002045001,8
623,2,10002045001,8
623,3,10002045001,8
623,4,10002045001,8
623,5,10002045001,8
623,6,10002045001,8
623,7,10002045001,8
623,8,10002045001,7
623,9,10023892001,4
623,10,11050074001,2
623,11,11101014001,9
623,12,11101014001,9
623,13,11101014001,9
623,14,11101014001,3
623,15,12020246001,41
623,16,12020246001,12
623,17,12020473001,4
623,18,14011059001,4
623,19,14011059001,4
623,20,14011059001,4
623,21,14011059001,4
623,22,14011059001,4
623,23,14011059001,4
623,24,14011059001,4
623,25,14011059001,4
623,26,14011059001,4
623,27,14011059001,4
623,28,14011059001,1
623,29,14225057001,5
623,30,14501037001,13
623,31,14501037001,13
623,32,14501037001,1
623,33,14620119001,8
624,1,10014032001,24
624,2,10014032001,24
624,3,10014032001,24
624,4,10014032001,24
624,5,10014032001,24
624,6,10014032001,24
624,7,10014032001,24
624,8,10014032001,24
624,9,10023083001,2
624,10,11050078001,3
624,11,11103007001,5
624,12,11103007001,5
624,13,11103007001,5
624,14,11103007001,3
624,15,12020901001,3
624,16,12102141001,16
624,17,12102141001,16
624,18,12102141001,16
624,19,12102141001,5
624,20,14011095001,4
624,21,14011095001,4
624,22,14011095001,4
624,23,14011095001,4
624,24,14011095001,4
624,25,14011095001,4
624,26,14011095001,4
624,27,14011095001,4
624,28,14011095001,4
624,29,14011095001,4
624,30,14011095001,2
624,31,14226019001,2
624,32,14500018001,3
624,33,14500018001,3
624,34,14500018001,2
624,35,14620138001,2
625,1,10051001001,1
625,2,11050097001,1
625,3,11103096001,5
625,4,11103096001,5
625,5,11103096001,5
625,6,11103096001,5
625,7,12020437001,2
625,8,12032035001,28
625,9,12123057001,2
625,10,12123057001,2
625,11,12123057001,2
625,12,12123057001,2
625,13,12123057001,2
625,14,12123057001,2
625,15,12123057001,2
625,16,12123057001,2
625,17,12123057001,2
625,18,12123057001,2
625,19,12123057001,2
625,20,12123057001,2
625,21,12123057001,2
625,22,12123057001,2
625,23,14226063001,3
625,24,14505008001,10
625,25,14505008001,10
625,26,14505008001,10
625,27,14620149001,3
626,1,10023110001,5
626,2,10032008001,28
626,3,10032008001,28
626,4,10032008001,28
626,5,10032008001,28
626,6,10032008001,28
626,7,10032008001,28
626,8,10032008001,28
626,9,10032008001,28
626,10,10032008001,28
626,11,10032008001,28
626,12,10032008001,28
626,13,10032008001,28
626,14,10032008001,28
626,15,10032008001,28
626,16,10032008001,28
626,17,10032008001,28
626,18,10032008001,28
626,19,10032008001,28
626,20,10032008001,28
626,21,10032008001,28
626,22,10032008001,28
626,23,10032008001,28
626,24,10032008001,28
626,25,10032008001,28
626,26,10032008001,28
626,27,10032008001,28
626,28,10032008001,28
626,29,10032008001,18
626,30,11050103001,2
626,31,11103176001,3
626,32,11103176001,3
626,33,11103176001,3
626,34,11103176001,1
626,35,12020425001,1
626,36,14226046001,2
626,37,14501899001,13
626,38,14501899001,13
626,39,14501899001,4
626,40,14620133001,15
627,1,10031899001,6
627,2,10033001001,7
627,3,10033001001,7
627,4,10033001001,7
627,5,10033001001,7
627,6,10033001001,7
627,7,10033001001,7
627,8,10033001001,7
627,9,10033001001,7
627,10,10033001001,7
627,11,10033001001,7
627,12,10033001001,7
627,13,10033001001,7
627,14,10033001001,7
627,15,10033001001,7
627,16,10033001001,7
627,17,10033001001,7
627,18,10033001001,7
627,19,10033001001,7
627,20,10033001001,7
627,21,10033001001,7
627,22,10033001001,7
627,23,10033001001,7
627,24,10033001001,7
627,25,10033001001,7
627,26,10033001001,7
627,27,10033001001,7
627,28,10033001001,7
627,29,10033001001,3
627,30,11050140002,1
627,31,11103134001,5
627,32,11103134001,5
627,33,11103134001,5
627,34,11103134001,5
627,35,12020485001,3
627,36,14226032001,2
627,37,14505148001,4
627,38,14505148001,4
627,39,14505148001,1
627,40,14620178001,1
628,1,10001004001,7
628,2,10001004001,7
628,3,10001004001,7
628,4,10001004001,7
628,5,10001004001,7
628,6,10001004001,7
628,7,10001004001,7
628,8,10001004001,7
628,9,10001004001,7
628,10,10001004001,7
628,11,10001004001,7
628,12,10001004001,7
628,13,10001004001,7
628,14,10001004001,7
628,15,10001004001,7
628,16,10001004001,7
628,17,10001004001,7
628,18,10001004001,7
628,19,10001004001,7
628,20,10001004001,7
628,21,10001004001,7
628,22,10001004001,7
628,23,10001004001,7
628,24,10001004001,7
628,25,10001004001,7
628,26,10001004001,7
628,27,10001004001,7
628,28,10001004001,2
628,29,10034049001,8
628,30,11050102001,7
628,31,12010036001,9
628,32,12010036001,9
628,33,12010036001,9
628,34,12010036001,9
628,35,12020498001,4
628,36,14227002001,6
628,37,14505139001,11
628,38,14505139001,11
628,39,14505139001,3
628,40,14620171001,6
629,1,10002943001,11
629,2,10002943001,11
629,3,10002943001,11
629,4,10002943001,11
629,5,10002943001,11
629,6,10002943001,11
629,7,10002943001,11
629,8,10002943001,11
629,9,10002943001,11
629,10,10002943001,11
629,11,10002943001,11
629,12,10002943001,11
629,13,10002943001,11
629,14,10002943001,11
629,15,10002943001,11
629,16,10002943001,11
629,17,10002943001,11
629,18,10002943001,11
629,19,10002943001,11
629,20,10002943001,11
629,21,10002943001,11
629,22,10002943001,11
629,23,10002943001,11
629,24,10002943001,11
629,25,10002943001,11
629,26,10002943001,11
629,27,10002943001,11
629,28,10002943001,3
629,29,10023998001,1
629,30,11050101001,4
629,31,11103051001,8
629,32,11103051001,8
629,33,11103051001,8
629,34,11103051001,6
629,35,12020903001,2
629,36,14226067001,6
629,37,14506062001,5
629,38,14506062001,5
629,39,14506062001,2
629,40,14620999001,12
630,1,10022008001,16
630,2,10022008001,16
630,3,10022008001,16
630,4,10022008001,16
630,5,10022008001,16
630,6,10022008001,16
630,7,10022008001,16
630,8,10022008001,8
630,9,10035027001,4
630,10,11051003001,3
630,11,11110007001,4
630,12,11110007001,4
630,13,11110007001,4
630,14,11110007001,4
630,15,12020961001,3
630,16,12231005001,2
630,17,12231005001,2
630,18,12231005001,2
630,19,12231005001,2
630,20,12231005001,2
630,21,12231005001,2
630,22,12231005001,2
630,23,12231005001,2
630,24,12231005001,2
630,25,14104067001,5
630,26,14104067001,5
630,27,14104067001,5
630,28,14104067001,5
630,29,14104067001,5
630,30,14104067001,5
630,31,14104067001,5
630,32,14104067001,5
630,33,14104067001,5
630,34,14104067001,5
630,35,14104067001,3
630,36,14226100001,5
630,37,14506085001,6
630,38,14506085001,6
630,39,14506085001,3
630,40,14620922001,3
631,1,10051034001,6
631,2,11050129001,2
631,3,12020920001,4
631,4,12120088001,11
631,5,12120088001,11
631,6,14232107001,5
631,7,14600005001,5
631,8,14600005001,5
631,9,14600005001,5
631,10,14600005001,5
631,11,14600005001,5
631,12,14600005001,5
631,13,14600005001,5
631,14,14600005001,5
631,15,14600005001,5
631,16,14600005001,5
631,17,14600005001,5
631,18,14600005001,5
631,19,14600005001,5
631,20,14600005001,5
631,21,14600005001,5
631,22,14600005001,5
631,23,14600005001,5
631,24,14600005001,5
631,25,14600005001,5
631,26,14600005001,5
631,27,14600005001,5
631,28,14600005001,5
631,29,14600005001,5
631,30,14600005001,5
631,31,14600005001,5
631,32,14600005001,5
631,33,14600005001,5
631,34,14600005001,5
631,35,14600005001,1
631,36,14620062001,8
631,37,14620062001,8
631,38,14620062001,8
631,39,14620062001,8
631,40,14621009001,4
632,1,10052004001,2
632,2,11051007001,5
632,3,12010022001,9
632,4,12010022001,9
632,5,12010022001,9
632,6,12010022001,9
632,7,12022043001,2
632,8,14010011001,3
632,9,14010011001,3
632,10,14010011001,3
632,11,14010011001,3
632,12,14010011001,3
632,13,14010011001,3
632,14,14010011001,3
632,15,14010011001,3
632,16,14010011001,3
632,17,14010011001,3
632,18,14010011001,3
632,19,14010011001,3
632,20,14010011001,3
632,21,14010011001,3
632,22,14010011001,3
632,23,14010011001,3
632,24,14010011001,3
632,25,14010011001,3
632,26,14010011001,3
632,27,14010011001,3
632,28,14010011001,3
632,29,14010011001,3
632,30,14010011001,3
632,31,14010011001,3
632,32,14010011001,3
632,33,14010011001,3
632,34,14010011001,3
632,35,14010011001,1
632,36,14241002001,4
632,37,14506013001,1
632,38,14506013001,1
632,39,14506013001,1
632,40,14620909001,5
633,1,10020027001,22
633,2,10020027001,22
633,3,10020027001,22
633,4,10020027001,22
633,5,10020027001,22
633,6,10020027001,22
633,7,10020027001,22
633,8,10020027001,11
633,9,10053904001,6
633,10,11051009001,4
633,11,11111004001,8
633,12,11111004001,8
633,13,11111004001,8
633,14,11111004001,1
633,15,12003073001,28
633,16,12003073001,25
633,17,12022047001,2
633,18,14011028001,4
633,19,14011028001,4
633,20,14011028001,4
633,21,14011028001,4
633,22,14011028001,4
633,23,14011028001,4
633,24,14011028001,4
633,25,14011028001,4
633,26,14011028001,4
633,27,14011028001,4
633,28,14011028001,4
633,29,14240014001,4
633,30,14506005001,5
633,31,14506005001,5
633,32,14506005001,2
633,33,14621035001,1
634,1,10002072001,7
634,2,10002072001,7
634,3,10002072001,7
634,4,10002072001,1
634,5,10021015001,5
634,6,10021015001,5
634,7,10021015001,5
634,8,10021015001,5
634,9,10021015001,5
634,10,10021015001,5
634,11,10021015001,5
634,12,10021015001,5
634,13,10021015001,5
634,14,10021015001,5
634,15,10021015001,5
634,16,10021015001,5
634,17,10021015001,5
634,18,10021015001,5
634,19,10021015001,5
634,20,10021015001,5
634,21,10021015001,5
634,22,10021015001,5
634,23,10021015001,5
634,24,10021015001,5
634,25,10021015001,5
634,26,10021015001,5
634,27,10021015001,5
634,28,10021015001,5
634,29,10021015001,5
634,30,10021015001,5
634,31,10021015001,2
634,32,11051013001,6
634,33,12021912001,1
634,34,12322054001,5
634,35,12322054001,1
634,36,14104030001,7
634,37,14104030001,7
634,38,14104030001,6
634,39,14241004001,3
634,40,14620920001,4
635,1,10040008001,6
635,2,10040008001,6
635,3,10040008001,6
635,4,10040008001,6
635,5,10040008001,6
635,6,10040008001,6
635,7,10040008001,6
635,8,10040008001,6
635,9,10040008001,6
635,10,10040008001,6
635,11,10040008001,6
635,12,10040008001,6
635,13,10040008001,6
635,14,10040008001,6
635,15,10040008001,6
635,16,10040008001,6
635,17,10040008001,6
635,18,10040008001,6
635,19,10040008001,6
635,20,10040008001,6
635,21,10040008001,6
635,22,10040008001,6
635,23,10040008001,6
635,24,10040008001,6
635,25,10040008001,6
635,26,10040008001,6
635,27,10040008001,6
635,28,10040008001,3
635,29,10052015001,2
635,30,11051004001,3
635,31,12023020001,10
635,32,12100012001,3
635,33,12100012001,3
635,34,12100012001,3
635,35,12100012001,1
635,36,14241030001,8
635,37,14506150001,2
635,38,14506150001,2
635,39,14506150001,2
635,40,14621070001,7
636,1,10032015001,5
636,2,10032015001,5
636,3,10032015001,5
636,4,10032015001,5
636,5,10032015001,5
636,6,10032015001,5
636,7,10032015001,5
636,8,10032015001,5
636,9,10032015001,5
636,10,10032015001,5
636,11,10032015001,5
636,12,10032015001,5
636,13,10032015001,5
636,14,10032015001,5
636,15,10032015001,5
636,16,10032015001,5
636,17,10032015001,5
636,18,10032015001,5
636,19,10032015001,5
636,20,10032015001,5
636,21,10032015001,5
636,22,10032015001,5
636,23,10032015001,5
636,24,10032015001,5
636,25,10032015001,5
636,26,10032015001,5
636,27,10032015001,2
636,28,10052019001,3
636,29,11051037001,6
636,30,12032121001,2
636,31,14241032001,6
636,32,14505003001,6
636,33,14505003001,6
636,34,14505003001,6
636,35,14505003001,6
636,36,14505003001,1
636,37,14506139001,3
636,38,14506139001,3
636,39,14506139001,2
636,40,14621034001,14
637,1,10033053001,8
637,2,10033053001,8
637,3,10033053001,8
637,4,10033053001,8
637,5,10033053001,8
637,6,10033053001,8
637,7,10033053001,8
637,8,10033053001,8
637,9,10052024001,8
637,10,11051039001,1
637,11,12000270001,21
637,12,12000270001,21
637,13,12000270001,11
637,14,12011168001,6
637,15,12011168001,6
637,16,12011168001,6
637,17,12011168001,1
637,18,12023217001,2
637,19,14131047001,6
637,20,14131047001,6
637,21,14131047001,6
637,22,14131047001,6
637,23,14131047001,6
637,24,14131047001,6
637,25,14131047001,6
637,26,14131047001,6
637,27,14131047001,6
637,28,14131047001,6
637,29,14131047001,3
637,30,14241035001,1
637,31,14521156001,6
637,32,14521156001,6
637,33,14521156001,6
637,34,14631013001,3
638,1,10033014001,5
638,2,10033014001,5
638,3,10033014001,5
638,4,10033014001,5
638,5,10033014001,5
638,6,10033014001,5
638,7,10033014001,5
638,8,10033014001,5
638,9,10033014001,5
638,10,10033014001,5
638,11,10033014001,5
638,12,10033014001,5
638,13,10033014001,5
638,14,10033014001,5
638,15,10033014001,5
638,16,10033014001,5
638,17,10033014001,5
638,18,10033014001,5
638,19,10033014001,5
638,20,10033014001,5
638,21,10033014001,5
638,22,10033014001,5
638,23,10033014001,5
638,24,10033014001,5
638,25,10033014001,5
638,26,10033014001,5
638,27,10033014001,2
638,28,11010012001,1
638,29,11051999001,2
638,30,12032224001,1
638,31,14241043001,2
638,32,14505105001,12
638,33,14505105001,12
638,34,14505105001,12
638,35,14505105001,12
638,36,14505105001,12
638,37,14520067001,6
638,38,14520067001,6
638,39,14520067001,4
638,40,14621012001,2
639,1,10030013001,28
639,2,10030013001,28
639,3,10030013001,28
639,4,10030013001,28
639,5,10030013001,28
639,6,10030013001,28
639,7,10030013001,28
639,8,10030013001,28
639,9,10030013001,28
639,10,10030013001,28
639,11,10030013001,28
639,12,10030013001,28
639,13,10030013001,28
639,14,10030013001,28
639,15,10030013001,28
639,16,10030013001,28
639,17,10030013001,28
639,18,10030013001,28
639,19,10030013001,28
639,20,10030013001,28
639,21,10030013001,28
639,22,10030013001,28
639,23,10030013001,28
639,24,10030013001,28
639,25,10030013001,28
639,26,10030013001,26
639,27,11061005001,1
639,28,12034025001,2
639,29,12212030001,12
639,30,12212030001,12
639,31,14104042001,9
639,32,14104042001,9
639,33,14104042001,6
639,34,14130015001,4
639,35,14130015001,4
639,36,14130015001,4
639,37,14130015001,4
639,38,14130015001,1
639,39,14241033001,9
639,40,14621058001,5
640,1,10035012001,5
640,2,10035012001,5
640,3,10035012001,5
640,4,10035012001,5
640,5,10035012001,5
640,6,10035012001,5
640,7,10035012001,5
640,8,10035012001,5
640,9,10035012001,5
640,10,10035012001,5
640,11,10035012001,5
640,12,10035012001,5
640,13,10035012001,5
640,14,10035012001,5
640,15,10035012001,5
640,16,10035012001,5
640,17,10035012001,5
640,18,10035012001,5
640,19,10035012001,5
640,20,10035012001,5
640,21,10035012001,5
640,22,10035012001,5
640,23,10035012001,5
640,24,10035012001,5
640,25,10035012001,5
640,26,10035012001,3
640,27,11061008001,5
640,28,12034038001,1
640,29,12321040001,3
640,30,12321040001,1
640,31,14104114001,5
640,32,14104114001,5
640,33,14104114001,3
640,34,14130054001,6
640,35,14130054001,6
640,36,14130054001,6
640,37,14130054001,6
640,38,14130054001,2
640,39,14242007001,12
640,40,14630050001,3
641,1,10041039001,5
641,2,10041039001,5
641,3,10041039001,5
641,4,10041039001,5
641,5,10041039001,5
641,6,10041039001,5
641,7,10041039001,5
641,8,10041039001,5
641,9,10041039001,5
641,10,10041039001,5
641,11,10041039001,5
641,12,10041039001,5
641,13,10041039001,5
641,14,10041039001,5
641,15,10041039001,5
641,16,10041039001,5
641,17,10041039001,5
641,18,10041039001,5
641,19,10041039001,5
641,20,10041039001,5
641,21,10041039001,5
641,22,10041039001,5
641,23,10041039001,5
641,24,10041039001,5
641,25,10041039001,5
641,26,10041039001,3
641,27,11061011001,3
641,28,12032227001,1
641,29,12327023001,2
641,30,12327023001,1
641,31,14104193001,1
641,32,14104193001,1
641,33,14104193001,1
641,34,14130017001,6
641,35,14130017001,6
641,36,14130017001,6
641,37,14130017001,6
641,38,14130017001,1
641,39,14241044001,2
641,40,14621095001,8
642,1,11010025001,3
642,2,11061055001,2
642,3,12034051001,3
642,4,14242036001,5
642,5,14505020001,6
642,6,14505020001,6
642,7,14505020001,6
642,8,14505020001,6
642,9,14505020001,6
642,10,14505020001,6
642,11,14505020001,6
642,12,14505020001,6
642,13,14505020001,6
642,14,14505020001,6
642,15,14505020001,6
642,16,14505020001,6
642,17,14505020001,6
642,18,14505020001,6
642,19,14505020001,6
642,20,14505020001,6
642,21,14505020001,6
642,22,14505020001,6
642,23,14505020001,6
642,24,14505020001,6
642,25,14505020001,6
642,26,14505020001,6
642,27,14505020001,6
642,28,14505020001,6
642,29,14505020001,6
642,30,14505020001,6
642,31,14505020001,4
642,32,14506314001,18
642,33,14506314001,18
642,34,14506314001,18
642,35,14506314001,18
642,36,14506314001,8
642,37,14601003001,8
642,38,14601003001,8
642,39,14601003001,7
642,40,14630056001,5
643,1,11070003001,9
643,2,12034053001,2
643,3,14000106001,5
643,4,14000106001,2
643,5,14001008001,3
643,6,14001008001,3
643,7,14001008001,3
643,8,14001008001,3
643,9,14001008001,3
643,10,14001008001,3
643,11,14001008001,3
643,12,14001008001,3
643,13,14001008001,3
643,14,14001008001,3
643,15,14001008001,3
643,16,14001008001,3
643,17,14001008001,3
643,18,14001008001,3
643,19,14001008001,3
643,20,14001008001,3
643,21,14001008001,3
643,22,14001008001,3
643,23,14001008001,3
643,24,14001008001,3
643,25,14001008001,3
643,26,14001008001,3
643,27,14001008001,3
643,28,14001008001,3
643,29,14001008001,3
643,30,14001008001,3
643,31,14110019001,6
643,32,14110019001,6
643,33,14110019001,4
643,34,14130009001,5
643,35,14130009001,5
643,36,14130009001,5
643,37,14130009001,5
643,38,14130009001,3
643,39,14242010001,3
643,40,14631028001,8
644,1,11010016001,4
644,2,11061015001,2
644,3,12034071001,2
644,4,12120006001,9
644,5,12120006001,1
644,6,14001012001,7
644,7,14001012001,7
644,8,14001012001,7
644,9,14001012001,7
644,10,14001012001,3
644,11,14003013001,5
644,12,14003013001,5
644,13,14003013001,1
644,14,14110084001,1
644,15,14110084001,1
644,16,14110084001,1
644,17,14110084001,1
644,18,14110084001,1
644,19,14110084001,1
644,20,14110084001,1
644,21,14110084001,1
644,22,14110084001,1
644,23,14110084001,1
644,24,14110084001,1
644,25,14110084001,1
644,26,14110084001,1
644,27,14110084001,1
644,28,14110084001,1
644,29,14110084001,1
644,30,14110084001,1
644,31,14110084001,1
644,32,14110084001,1
644,33,14110084001,1
644,34,14110084001,1
644,35,14110084001,1
644,36,14110084001,1
644,37,14110084001,1
644,38,14110084001,1
644,39,14242003001,6
644,40,14631022001,2
645,1,11010027001,3
645,2,11070014001,2
645,3,12034085001,7
645,4,12120007001,9
645,5,12120007001,3
645,6,14000123001,2
645,7,14000123001,2
645,8,14000123001,2
645,9,14000123001,2
645,10,14000123001,1
645,11,14001093001,2
645,12,14001093001,2
645,13,14001093001,2
645,14,14001093001,2
645,15,14001093001,2
645,16,14001093001,2
645,17,14001093001,2
645,18,14001093001,2
645,19,14001093001,2
645,20,14001093001,2
645,21,14001093001,2
645,22,14001093001,2
645,23,14001093001,2
645,24,14001093001,2
645,25,14001093001,2
645,26,14001093001,2
645,27,14001093001,2
645,28,14001093001,2
645,29,14001093001,2
645,30,14001093001,2
645,31,14001093001,2
645,32,14001093001,2
645,33,14001093001,2
645,34,14001093001,2
645,35,14001093001,2
645,36,14010025001,12
645,37,14010025001,12
645,38,14010025001,4
645,39,14242039001,6
645,40,14631043001,8
646,1,10034026001,6
646,2,10034026001,6
646,3,10034026001,6
646,4,10034026001,6
646,5,10034026001,6
646,6,10034026001,6
646,7,10034026001,6
646,8,10034026001,6
646,9,11010013001,4
646,10,11070011001,12
646,11,12005015006,15
646,12,12005015006,15
646,13,12005015006,15
646,14,12005015006,8
646,15,12034201001,1
646,16,12100028001,3
646,17,12100028001,3
646,18,12100028001,3
646,19,12100028001,3
646,20,14131075001,5
646,21,14131075001,5
646,22,14131075001,5
646,23,14131075001,5
646,24,14131075001,5
646,25,14131075001,5
646,26,14131075001,5
646,27,14131075001,5
646,28,14131075001,5
646,29,14131075001,5
646,30,14131075001,1
646,31,14242131001,11
646,32,14603003001,4
646,33,14603003001,4
646,34,14603003001,4
647,1,10020042001,5
647,2,10020042001,5
647,3,10020042001,5
647,4,10020042001,5
647,5,10020042001,5
647,6,10020042001,5
647,7,10020042001,5
647,8,10020042001,5
647,9,10020042001,5
647,10,10020042001,5
647,11,10020042001,5
647,12,10020042001,5
647,13,10020042001,5
647,14,10020042001,5
647,15,10020042001,5
647,16,10020042001,5
647,17,10020042001,5
647,18,10020042001,5
647,19,10020042001,5
647,20,10020042001,5
647,21,10020042001,5
647,22,10020042001,5
647,23,10020042001,5
647,24,10020042001,5
647,25,10020042001,4
647,26,11010057001,3
647,27,11061031001,3
647,28,12034211001,1
647,29,12120015001,19
647,30,12120015001,5
647,31,14001050001,2
647,32,14001050001,2
647,33,14001050001,2
647,34,14001050001,2
647,35,14001050001,2
647,36,14010012001,5
647,37,14010012001,5
647,38,14010012001,4
647,39,14242081001,3
648,1,10001022001,5
648,2,10001022001,5
648,3,10001022001,5
648,4,10001022001,5
648,5,10001022001,5
648,6,10001022001,5
648,7,10001022001,5
648,8,10001022001,5
648,9,10001022001,5
648,10,10001022001,5
648,11,10001022001,5
648,12,10001022001,5
648,13,10001022001,5
648,14,10001022001,5
648,15,10001022001,5
648,16,10001022001,5
648,17,10001022001,5
648,18,10001022001,5
648,19,10001022001,5
648,20,10001022001,5
648,21,10001022001,5
648,22,10001022001,5
648,23,10001022001,5
648,24,10001022001,5
648,25,11010035001,5
648,26,11061016001,2
648,27,12100008001,1
648,28,12120898001,9
648,29,12120898001,7
648,30,14010036001,11
648,31,14010036001,11
648,32,14010036001,6
648,33,14242105001,3
648,34,14613904001,5
648,35,14613904001,5
648,36,14613904001,5
648,37,14613904001,5
648,38,14613904001,5
648,39,14613904001,4
648,40,14631014001,2
649,1,11010042001,7
649,2,11062019001,3
649,3,12100002001,6
649,4,12121038001,7
649,5,12121038001,5
649,6,14000057001,4
649,7,14000057001,4
649,8,14000057001,4
649,9,14000057001,4
649,10,14000057001,4
649,11,14000057001,4
649,12,14000057001,4
649,13,14000057001,4
649,14,14000057001,4
649,15,14000057001,4
649,16,14000057001,4
649,17,14000057001,4
649,18,14000057001,4
649,19,14000057001,4
649,20,14000057001,4
649,21,14000057001,4
649,22,14000057001,4
649,23,14000057001,4
649,24,14000057001,4
649,25,14000057001,4
649,26,14000057001,4
649,27,14000057001,4
649,28,14000057001,4
649,29,14000057001,4
649,30,14000057001,3
649,31,14003019001,7
649,32,14003019001,7
649,33,14003019001,7
649,34,14003019001,7
649,35,14003019001,1
649,36,14010285001,3
649,37,14010285001,3
649,38,14010285001,2
649,39,14242126001,2
650,1,11010045001,4
650,2,11070018001,3
650,3,12100009001,10
650,4,12121007001,8
650,5,12121007001,2
650,6,14010006001,11
650,7,14010006001,11
650,8,14010006001,11
650,9,14010006001,11
650,10,14010006001,1
650,11,14010038001,12
650,12,14010038001,12
650,13,14010038001,6
650,14,14011003001,4
650,15,14011003001,4
650,16,14011003001,4
650,17,14011003001,4
650,18,14011003001,4
650,19,14011003001,4
650,20,14011003001,4
650,21,14011003001,4
650,22,14011003001,4
650,23,14011003001,4
650,24,14011003001,4
650,25,14011003001,4
650,26,14011003001,4
650,27,14011003001,4
650,28,14011003001,4
650,29,14011003001,4
650,30,14011003001,4
650,31,14011003001,4
650,32,14011003001,4
650,33,14011003001,4
650,34,14011003001,4
650,35,14011003001,4
650,36,14011003001,4
650,37,14011003001,4
650,38,14011003001,3
650,39,14242145001,7
651,1,10030021001,5
651,2,10030021001,5
651,3,10030021001,5
651,4,10030021001,5
651,5,10030021001,5
651,6,10030021001,5
651,7,10030021001,5
651,8,10030021001,5
651,9,10030021001,5
651,10,10030021001,5
651,11,10030021001,5
651,12,10030021001,5
651,13,10030021001,5
651,14,10030021001,5
651,15,10030021001,5
651,16,10030021001,5
651,17,10030021001,5
651,18,10030021001,5
651,19,10030021001,5
651,20,10030021001,5
651,21,10030021001,5
651,22,10030021001,5
651,23,10030021001,5
651,24,10030021001,5
651,25,11010043001,5
651,26,11071002001,2
651,27,12100059001,6
651,28,12121006002,8
651,29,12121006002,1
651,30,14010049001,5
651,31,14010049001,5
651,32,14010049001,3
651,33,14243009001,2
651,34,14601004001,4
651,35,14601004001,4
651,36,14601004001,4
651,37,14601004001,4
651,38,14601004001,4
651,39,14601004001,4
652,1,10033068001,28
652,2,10033068001,28
652,3,10033068001,28
652,4,10033068001,28
652,5,10033068001,28
652,6,10033068001,28
652,7,10033068001,28
652,8,10033068001,28
652,9,10033068001,28
652,10,10033068001,28
652,11,10033068001,28
652,12,10033068001,28
652,13,10033068001,28
652,14,10033068001,28
652,15,10033068001,28
652,16,10033068001,28
652,17,10033068001,28
652,18,10033068001,28
652,19,10033068001,28
652,20,10033068001,28
652,21,10033068001,28
652,22,10033068001,28
652,23,10033068001,28
652,24,10033068001,10
652,25,11010059001,6
652,26,11070013001,3
652,27,12100013001,8
652,28,12121048001,6
652,29,12121048001,3
652,30,14010151001,3
652,31,14010151001,3
652,32,14010151001,2
652,33,14242144001,6
652,34,14610001001,11
652,35,14610001001,11
652,36,14610001001,11
652,37,14610001001,11
652,38,14610001001,11
652,39,14610001001,4
653,1,10002011001,5
653,2,10002011001,5
653,3,10002011001,2
653,4,10016011001,11
653,5,10016011001,11
653,6,10016011001,11
653,7,10016011001,11
653,8,10016011001,4
653,9,10034003001,28
653,10,10034003001,28
653,11,10034003001,28
653,12,10034003001,28
653,13,10034003001,28
653,14,10034003001,28
653,15,10034003001,28
653,16,10034003001,28
653,17,10034003001,28
653,18,10034003001,28
653,19,10034003001,28
653,20,10034003001,28
653,21,10034003001,28
653,22,10034003001,28
653,23,10034003001,28
653,24,10034003001,28
653,25,10034003001,28
653,26,10034003001,28
653,27,10034003001,28
653,28,10034003001,28
653,29,10034003001,28
653,30,10034003001,28
653,31,10034003001,28
653,32,10034003001,22
653,33,11021006001,2
653,34,11070030001,1
653,35,12100051001,3
653,36,14242154001,5
653,37,14603004001,4
653,38,14603004001,4
653,39,14603004001,1
654,1,10014126001,10
654,2,10014126001,10
654,3,10014126001,10
654,4,10014126001,10
654,5,10014126001,10
654,6,10014126001,10
654,7,10014126001,10
654,8,10014126001,8
654,9,11020010001,8
654,10,11071004001,16
654,11,12005015002,15
654,12,12005015002,15
654,13,12005015002,15
654,14,12005015002,8
654,15,12100040001,3
654,16,12100040001,3
654,17,12100040001,3
654,18,12100040001,1
654,19,12100069001,7
654,20,14104169001,3
654,21,14104169001,3
654,22,14104169001,3
654,23,14104169001,3
654,24,14104169001,3
654,25,14104169001,3
654,26,14104169001,3
654,27,14104169001,3
654,28,14104169001,3
654,29,14104169001,3
654,30,14104169001,2
654,31,14243017001,4
654,32,14611002001,10
654,33,14611002001,10
654,34,14611002001,10
655,1,10000008001,8
655,2,10000008001,8
655,3,10000008001,8
655,4,10031003001,10
655,5,10031003001,10
655,6,10031003001,10
655,7,10031003001,10
655,8,10031003001,8
655,9,11021023001,1
655,10,11071008001,10
655,11,12100061001,2
655,12,14243020001,3
655,13,14501012001,6
655,14,14501012001,6
655,15,14501012001,6
655,16,14501012001,6
655,17,14501012001,6
655,18,14501012001,6
655,19,14501012001,6
655,20,14501012001,6
655,21,14501012001,6
655,22,14501012001,6
655,23,14501012001,6
655,24,14501012001,6
655,25,14501012001,6
655,26,14501012001,6
655,27,14501012001,6
655,28,14501012001,6
655,29,14501012001,6
655,30,14501012001,6
655,31,14501012001,6
655,32,14501012001,6
655,33,14501012001,6
655,34,14501012001,6
655,35,14501012001,6
655,36,14501012001,2
655,37,14603005001,5
655,38,14603005001,5
655,39,14603005001,5
656,1,11020013001,3
656,2,11071012001,1
656,3,11103070001,6
656,4,11103070001,6
656,5,11103070001,6
656,6,11103070001,6
656,7,11103070001,6
656,8,11103070001,6
656,9,11103070001,6
656,10,11103070001,1
656,11,12011277001,5
656,12,12011277001,5
656,13,12011277001,5
656,14,12011277001,1
656,15,12100092001,3
656,16,12326090001,39
656,17,12326090001,14
656,18,14242155001,10
656,19,14311004001,4
656,20,14311004001,4
656,21,14311004001,4
656,22,14311004001,4
656,23,14311004001,4
656,24,14311004001,4
656,25,14311004001,4
656,26,14311004001,4
656,27,14311004001,4
656,28,14311004001,4
656,29,14311004001,4
656,30,14603010001,5
656,31,14603010001,5
656,32,14603010001,2
657,1,10002026001,12
657,2,10002026001,12
657,3,10002026001,12
657,4,10002026001,12
657,5,10002026001,12
657,6,10040111001,6
657,7,10040111001,6
657,8,10040111001,6
657,9,10040111001,6
657,10,10040111001,6
657,11,10040111001,6
657,12,10040111001,6
657,13,10040111001,6
657,14,10040111001,6
657,15,10040111001,6
657,16,10040111001,6
657,17,10040111001,6
657,18,10040111001,6
657,19,10040111001,6
657,20,10040111001,6
657,21,10040111001,6
657,22,10040111001,6
657,23,10040111001,6
657,24,10040111001,6
657,25,10040111001,6
657,26,10040111001,6
657,27,10040111001,6
657,28,10040111001,6
657,29,10040111001,6
657,30,11021002001,2
657,31,11071018001,2
657,32,12100091001,1
657,33,12122009001,14
657,34,12122009001,2
657,35,14242210001,6
657,36,14620019001,9
657,37,14620019001,9
657,38,14620019001,9
657,39,14620019001,9
658,1,10002078001,7
658,2,10002078001,7
658,3,10002078001,4
658,4,10024005001,10
658,5,10024005001,10
658,6,10024005001,10
658,7,10024005001,10
658,8,10024005001,8
658,9,11021013001,3
658,10,11071005001,30
658,11,12101040001,3
658,12,12130047001,1
658,13,12130047001,1
658,14,12130047001,1
658,15,12130047001,1
658,16,12130047001,1
658,17,12130047001,1
658,18,12130047001,1
658,19,12130047001,1
658,20,12130047001,1
658,21,12130047001,1
658,22,12130047001,1
658,23,12130047001,1
658,24,12130047001,1
658,25,12130047001,1
658,26,12130047001,1
658,27,12130047001,1
658,28,12130047001,1
658,29,12130047001,1
658,30,12130047001,1
658,31,12130047001,1
658,32,12130047001,1
658,33,12130047001,1
658,34,12130047001,1
658,35,12130047001,1
658,36,14243016001,4
658,37,14613019001,8
658,38,14613019001,8
658,39,14613019001,6
659,1,10021007001,6
659,2,10021007001,6
659,3,10021007001,6
659,4,10021007001,6
659,5,10021007001,6
659,6,10021007001,6
659,7,10021007001,6
659,8,10021007001,6
659,9,10021007001,6
659,10,10021007001,6
659,11,10021007001,6
659,12,10021007001,6
659,13,10021007001,6
659,14,10021007001,6
659,15,10021007001,6
659,16,10021007001,6
659,17,10021007001,6
659,18,10021007001,6
659,19,10021007001,6
659,20,10021007001,6
659,21,10021007001,6
659,22,10021007001,6
659,23,10021007001,2
659,24,11021018001,1
659,25,11071032001,2
659,26,12100027001,5
659,27,12100027001,5
659,28,12100027001,5
659,29,12100027001,5
659,30,12100027001,5
659,31,12100027001,2
659,32,12101004001,15
659,33,12121050001,8
659,34,12121050001,4
659,35,14243021001,4
659,36,14621013001,8
659,37,14621013001,8
659,38,14621013001,8
659,39,14621013001,2
660,1,10000023001,5
660,2,10000023001,5
660,3,10000023001,2
660,4,11021060001,5
660,5,11071033001,4
660,6,12100039001,5
660,7,12100039001,5
660,8,12100039001,5
660,9,12100039001,5
660,10,12100039001,5
660,11,12100039001,1
660,12,12101033001,2
660,13,12130008001,2
660,14,12130008001,2
660,15,12130008001,2
660,16,12130008001,2
660,17,12130008001,2
660,18,12130008001,2
660,19,12130008001,2
660,20,12130008001,2
660,21,12130008001,2
660,22,12130008001,2
660,23,12130008001,2
660,24,12130008001,2
660,25,12130008001,2
660,26,12130008001,2
660,27,12130008001,2
660,28,12130008001,2
660,29,12130008001,2
660,30,12130008001,2
660,31,12130008001,2
660,32,12130008001,2
660,33,12130008001,2
660,34,12130008001,2
660,35,12130008001,2
660,36,14243026001,16
660,37,14615009001,13
660,38,14615009001,13
660,39,14615009001,6
661,1,10000998001,21
661,2,10000998001,21
661,3,10000998001,6
661,4,10031031001,22
661,5,10031031001,22
661,6,10031031001,22
661,7,10031031001,22
661,8,10031031001,22
661,9,10031031001,22
661,10,10031031001,22
661,11,10031031001,22
661,12,10031031001,22
661,13,10031031001,22
661,14,10031031001,22
661,15,10031031001,22
661,16,10031031001,22
661,17,10031031001,22
661,18,10031031001,22
661,19,10031031001,22
661,20,10031031001,22
661,21,10031031001,22
661,22,10031031001,22
661,23,10031031001,22
661,24,10031031001,22
661,25,10031031001,22
661,26,10031031001,20
661,27,11021029001,6
661,28,11071916001,5
661,29,12101005001,1
661,30,12123013001,3
661,31,12123013001,3
661,32,12123013001,3
661,33,12123013001,3
661,34,12123013001,3
661,35,12123013001,3
661,36,14243028001,2
661,37,14615038001,3
661,38,14615038001,3
661,39,14615038001,1
662,1,10002025001,6
662,2,10002025001,6
662,3,10002025001,3
662,4,11021025001,6
662,5,11072017001,2
662,6,12102016001,8
662,7,12121004001,6
662,8,12121004001,6
662,9,12121004001,6
662,10,12121004001,6
662,11,12121004001,6
662,12,12121004001,6
662,13,14001017001,2
662,14,14001017001,2
662,15,14001017001,2
662,16,14001017001,2
662,17,14001017001,2
662,18,14001017001,2
662,19,14001017001,2
662,20,14001017001,2
662,21,14001017001,2
662,22,14001017001,2
662,23,14001017001,2
662,24,14001017001,2
662,25,14001017001,2
662,26,14001017001,2
662,27,14001017001,2
662,28,14001017001,2
662,29,14001017001,2
662,30,14001017001,2
662,31,14001017001,2
662,32,14001017001,2
662,33,14001017001,2
662,34,14001017001,2
662,35,14001017001,2
662,36,14243031001,1
662,37,14615082001,7
662,38,14615082001,7
662,39,14615082001,7
663,1,10002899001,11
663,2,10002899001,11
663,3,10002899001,2
663,4,10032001001,8
663,5,10032001001,8
663,6,10032001001,8
663,7,10032001001,8
663,8,10032001001,4
663,9,11022001001,6
663,10,11072008001,5
663,11,12102013001,8
663,12,14243044001,14
663,13,14502078001,7
663,14,14502078001,7
663,15,14502078001,7
663,16,14502078001,7
663,17,14502078001,7
663,18,14502078001,7
663,19,14502078001,7
663,20,14502078001,7
663,21,14502078001,7
663,22,14502078001,7
663,23,14502078001,7
663,24,14502078001,7
663,25,14502078001,7
663,26,14502078001,7
663,27,14502078001,7
663,28,14502078001,7
663,29,14502078001,7
663,30,14502078001,7
663,31,14502078001,7
663,32,14502078001,7
663,33,14502078001,7
663,34,14502078001,7
663,35,14502078001,7
663,36,14502078001,4
663,37,14620006001,10
663,38,14620006001,10
663,39,14620006001,8
664,1,10002916001,8
664,2,10002916001,8
664,3,10002916001,8
664,4,11021052001,5
664,5,11072903001,2
664,6,12102021001,4
664,7,12123086001,3
664,8,12123086001,3
664,9,12123086001,3
664,10,12123086001,3
664,11,12123086001,3
664,12,12123086001,3
664,13,14243036001,10
664,14,14500026001,7
664,15,14500026001,7
664,16,14500026001,7
664,17,14500026001,7
664,18,14500026001,7
664,19,14500026001,7
664,20,14500026001,7
664,21,14500026001,7
664,22,14500026001,7
664,23,14500026001,7
664,24,14500026001,7
664,25,14500026001,7
664,26,14500026001,7
664,27,14500026001,7
664,28,14500026001,7
664,29,14500026001,7
664,30,14500026001,7
664,31,14500026001,7
664,32,14500026001,7
664,33,14500026001,7
664,34,14500026001,7
664,35,14500026001,7
664,36,14500026001,5
664,37,14621069001,16
664,38,14621069001,16
664,39,14621069001,14
665,1,10011021001,31
665,2,10011021001,31
665,3,10011021001,4
665,4,11021047001,3
665,5,11072905001,3
665,6,12102020001,2
665,7,12130085001,2
665,8,12130085001,2
665,9,12130085001,2
665,10,12130085001,2
665,11,12130085001,2
665,12,12130085001,2
665,13,14102250001,4
665,14,14102250001,4
665,15,14102250001,4
665,16,14102250001,4
665,17,14102250001,4
665,18,14102250001,4
665,19,14102250001,4
665,20,14102250001,4
665,21,14102250001,4
665,22,14102250001,4
665,23,14102250001,4
665,24,14102250001,4
665,25,14102250001,4
665,26,14102250001,4
665,27,14102250001,4
665,28,14102250001,4
665,29,14102250001,4
665,30,14102250001,4
665,31,14102250001,4
665,32,14102250001,4
665,33,14102250001,4
665,34,14102250001,4
665,35,14102250001,2
665,36,14243040001,19
665,37,14620051001,3
665,38,14620051001,3
665,39,14620051001,1
666,1,11022003001,5
666,2,11073907001,5
666,3,12010080001,9
666,4,12010080001,9
666,5,12010080001,9
666,6,12010080001,9
666,7,12102026001,3
666,8,14000040001,3
666,9,14000040001,3
666,10,14000040001,3
666,11,14000040001,3
666,12,14000040001,3
666,13,14000040001,3
666,14,14000040001,3
666,15,14000040001,2
666,16,14111053001,6
666,17,14111053001,6
666,18,14111053001,6
666,19,14111053001,6
666,20,14111053001,6
666,21,14111053001,6
666,22,14111053001,6
666,23,14111053001,6
666,24,14111053001,5
666,25,14243054001,2
666,26,14360045001,2
666,27,14360045001,2
666,28,14360045001,2
666,29,14360045001,2
666,30,14360045001,2
666,31,14360045001,2
666,32,14360045001,2
666,33,14360045001,2
666,34,14360045001,2
666,35,14360045001,2
666,36,14360045001,1
666,37,14620057001,9
666,38,14620057001,9
666,39,14620057001,2
667,1,10011023001,60
667,2,10011023001,60
667,3,10011023001,24
667,4,11021061001,6
667,5,11074007001,5
667,6,12102022001,1
667,7,14100003001,3
667,8,14100003001,3
667,9,14100003001,3
667,10,14100003001,3
667,11,14100003001,3
667,12,14100003001,3
667,13,14100003001,3
667,14,14100003001,3
667,15,14100003001,3
667,16,14100003001,3
667,17,14100003001,3
667,18,14100003001,3
667,19,14100003001,3
667,20,14100003001,3
667,21,14100003001,3
667,22,14100003001,3
667,23,14100003001,3
667,24,14100003001,3
667,25,14100003001,3
667,26,14100003001,3
667,27,14100003001,3
667,28,14100003001,1
667,29,14243061001,10
667,30,14505048001,12
667,31,14505048001,12
667,32,14505048001,12
667,33,14505048001,12
667,34,14505048001,12
667,35,14505048001,12
667,36,14505048001,8
667,37,14631018001,10
667,38,14631018001,10
667,39,14631018001,4
668,1,10034007001,6
668,2,10034007001,6
668,3,10034007001,6
668,4,10034007001,6
668,5,10034007001,6
668,6,10034007001,6
668,7,10034007001,6
668,8,10034007001,6
668,9,11010116001,4
668,10,11050061001,4
668,11,11073025001,2
668,12,12102027001,12
668,13,12120001001,11
668,14,12120001001,11
668,15,12120001001,11
668,16,12120001001,1
668,17,12327007001,3
668,18,12327007001,3
668,19,14243081001,1
668,20,14310209001,28
668,21,14310209001,25
668,22,14504008001,12
668,23,14504008001,12
668,24,14504008001,12
668,25,14504008001,12
668,26,14504008001,12
668,27,14504008001,12
668,28,14504008001,12
668,29,14504008001,12
668,30,14504008001,12
668,31,14504008001,12
668,32,14504008001,5
669,1,10040001001,6
669,2,10040001001,6
669,3,10040001001,6
669,4,10040001001,6
669,5,10040001001,6
669,6,10040001001,6
669,7,10040001001,6
669,8,10040001001,6
669,9,11021064001,1
669,10,11073012001,4
669,11,12102041001,1
669,12,12120038001,11
669,13,12120038001,11
669,14,12120038001,11
669,15,12120038001,9
669,16,14243058001,19
669,17,14244930001,6
669,18,14244930001,6
669,19,14244930001,6
669,20,14244930001,6
669,21,14244930001,6
669,22,14244930001,6
669,23,14244930001,6
669,24,14244930001,6
669,25,14244930001,5
669,26,14504009001,12
669,27,14504009001,12
669,28,14504009001,12
669,29,14504009001,12
669,30,14504009001,12
669,31,14504009001,12
669,32,14504009001,12
669,33,14504009001,12
669,34,14504009001,12
669,35,14504009001,12
669,36,14504009001,10
669,37,14620060001,7
669,38,14620060001,7
669,39,14620060001,4
670,1,10001015001,5
670,2,10001015001,5
670,3,10001015001,5
670,4,10001015001,5
670,5,10001015001,5
670,6,10001015001,5
670,7,10001015001,5
670,8,10001015001,5
670,9,10001015001,5
670,10,10001015001,5
670,11,10001015001,5
670,12,10001015001,5
670,13,10001015001,5
670,14,10001015001,5
670,15,10001015001,5
670,16,10001015001,5
670,17,10001015001,5
670,18,10001015001,5
670,19,10001015001,5
670,20,10001015001,5
670,21,10001015001,5
670,22,10001015001,3
670,23,10011028001,8
670,24,10011028001,8
670,25,10011028001,6
670,26,11022058001,3
670,27,11022059001,3
670,28,11073002001,1
670,29,12102042001,4
670,30,14000050001,4
670,31,14000050001,2
670,32,14243055001,1
670,33,14503034001,6
670,34,14503034001,6
670,35,14503034001,6
670,36,14503034001,6
670,37,14503034001,6
670,38,14503034001,6
670,39,14503034001,4
671,1,10014024001,25
671,2,10014024001,25
671,3,10014024001,10
671,4,10035036001,9
671,5,10035036001,9
671,6,10035036001,9
671,7,10035036001,9
671,8,10035036001,9
671,9,10035036001,9
671,10,10041087001,5
671,11,10041087001,5
671,12,10041087001,5
671,13,10041087001,5
671,14,10041087001,5
671,15,10041087001,5
671,16,10041087001,5
671,17,10041087001,5
671,18,10041087001,5
671,19,10041087001,5
671,20,10041087001,4
671,21,11030108001,1
671,22,11041014001,1
671,23,11074012001,1
671,24,12102033001,2
671,25,12327057001,15
671,26,12327057001,2
671,27,14243120001,8
671,28,14502020001,13
671,29,14502020001,13
671,30,14502020001,13
671,31,14502020001,13
671,32,14502020001,13
671,33,14502020001,13
671,34,14502020001,12
672,1,10010019001,25
672,2,10010019001,25
672,3,10010019001,22
672,4,11022025001,3
672,5,11040029001,3
672,6,11073900001,2
672,7,12102056001,3
672,8,14000219001,1
672,9,14000219001,1
672,10,14130016001,1
672,11,14130016001,1
672,12,14130016001,1
672,13,14130016001,1
672,14,14130016001,1
672,15,14130016001,1
672,16,14130016001,1
672,17,14130016001,1
672,18,14130016001,1
672,19,14130016001,1
672,20,14130016001,1
672,21,14130016001,1
672,22,14130016001,1
672,23,14130016001,1
672,24,14130016001,1
672,25,14130016001,1
672,26,14130016001,1
672,27,14130016001,1
672,28,14130016001,1
672,29,14130016001,1
672,30,14130016001,1
672,31,14130016001,1
672,32,14243107001,4
672,33,14506090001,3
672,34,14506090001,3
672,35,14506090001,3
672,36,14506090001,3
672,37,14506090001,3
672,38,14506090001,3
672,39,14506090001,1
673,1,10020033001,10
673,2,10020033001,10
673,3,10020033001,10
673,4,10020033001,10
673,5,10020033001,10
673,6,10020033001,10
673,7,10020033001,10
673,8,10020033001,10
673,9,10020033001,10
673,10,10020033001,10
673,11,10020033001,10
673,12,10020033001,10
673,13,10020033001,10
673,14,10020033001,10
673,15,10020033001,10
673,16,10020033001,10
673,17,10020033001,10
673,18,10020033001,10
673,19,10020033001,10
673,20,10020033001,10
673,21,10020033001,8
673,22,10020037001,8
673,23,10022916001,8
673,24,11074019001,2
673,25,12102059001,2
673,26,12103026001,6
673,27,12103026001,6
673,28,12103026001,6
673,29,12103026001,2
673,30,12123042001,3
673,31,12123042001,3
673,32,12123042001,3
673,33,12123042001,3
673,34,12123042001,3
673,35,12123042001,3
673,36,12123042001,3
673,37,14000322001,6
673,38,14000322001,2
673,39,14243106001,1
674,1,10034999001,28
674,2,10034999001,28
674,3,10034999001,28
674,4,10034999001,28
674,5,10034999001,28
674,6,10034999001,28
674,7,10034999001,28
674,8,10034999001,28
674,9,10034999001,28
674,10,10034999001,28
674,11,10034999001,28
674,12,10034999001,28
674,13,10034999001,28
674,14,10034999001,28
674,15,10034999001,28
674,16,10034999001,28
674,17,10034999001,28
674,18,10034999001,28
674,19,10034999001,28
674,20,10034999001,28
674,21,10034999001,28
674,22,11030018001,5
674,23,11070019001,5
674,24,11074020001,5
674,25,12102047001,2
674,26,12122007001,3
674,27,12122007001,3
674,28,12122007001,3
674,29,12122007001,3
674,30,12130004001,2
674,31,12130004001,2
674,32,12130004001,2
674,33,12130004001,2
674,34,12130004001,2
674,35,12130004001,2
674,36,12130004001,2
674,37,14000220001,6
674,38,14000220001,1
674,39,14243111001,2
675,1,11032016002,3
675,2,11032016002,3
675,3,11032016002,3
675,4,11032016002,3
675,5,11032016002,3
675,6,11032016002,3
675,7,11032016002,3
675,8,11032016002,3
675,9,11042022001,1
675,10,11073902001,11
675,11,11103002001,1
675,12,12101020001,20
675,13,12101020001,20
675,14,12101020001,13
675,15,12102142001,10
675,16,12121034001,6
675,17,12121034001,6
675,18,12121034001,6
675,19,12121034001,3
675,20,14001003001,5
675,21,14001003001,4
675,22,14244005001,2
675,23,14502006001,12
675,24,14502006001,12
675,25,14502006001,12
675,26,14502006001,12
675,27,14502006001,12
675,28,14502006001,12
675,29,14502006001,12
675,30,14502006001,12
675,31,14502006001,12
675,32,14502006001,12
675,33,14502006001,12
676,1,10013012001,60
676,2,10013012001,60
676,3,10013012001,42
676,4,11010018001,2
676,5,11074031001,2
676,6,11103065001,2
676,7,12102112001,3
676,8,14001086001,4
676,9,14001086001,2
676,10,14244009001,10
676,11,14500003001,12
676,12,14500003001,12
676,13,14500003001,12
676,14,14500003001,12
676,15,14500003001,12
676,16,14500003001,12
676,17,14500003001,12
676,18,14500003001,12
676,19,14500003001,12
676,20,14500003001,12
676,21,14500003001,12
676,22,14500003001,12
676,23,14500003001,12
676,24,14500003001,12
676,25,14500003001,12
676,26,14500003001,12
676,27,14500003001,12
676,28,14500003001,12
676,29,14500003001,12
676,30,14500003001,12
676,31,14500003001,12
676,32,14500003001,3
676,33,14506174001,6
676,34,14506174001,6
676,35,14506174001,6
676,36,14506174001,6
676,37,14506174001,6
676,38,14506174001,6
676,39,14506174001,4
677,1,10014080001,8
677,2,10014080001,8
677,3,10014080001,8
677,4,11021028001,1
677,5,11074027001,1
677,6,11112001001,1
677,7,12102095001,16
677,8,14001029001,2
677,9,14001029001,1
677,10,14244025001,8
677,11,14500008001,6
677,12,14500008001,6
677,13,14500008001,6
677,14,14500008001,6
677,15,14500008001,6
677,16,14500008001,6
677,17,14500008001,6
677,18,14500008001,6
677,19,14500008001,6
677,20,14500008001,6
677,21,14500008001,6
677,22,14500008001,6
677,23,14500008001,6
677,24,14500008001,6
677,25,14500008001,6
677,26,14500008001,6
677,27,14500008001,6
677,28,14500008001,6
677,29,14500008001,6
677,30,14500008001,6
677,31,14500008001,6
677,32,14500008001,6
677,33,14522049001,6
677,34,14522049001,6
677,35,14522049001,6
677,36,14522049001,6
677,37,14522049001,6
677,38,14522049001,6
677,39,14522049001,6
678,1,11074001001,1
678,2,11074046001,1
678,3,11074047001,2
678,4,12102060001,12
678,5,12123016002,6
678,6,12123016002,6
678,7,12123016002,6
678,8,12123016002,6
678,9,12212033001,5
678,10,12212033001,5
678,11,12212033001,5
678,12,12212033001,5
678,13,12212033001,5
678,14,12212033001,5
678,15,12212033001,5
678,16,14000197001,4
678,17,14000197001,4
678,18,14000197001,4
678,19,14000197001,4
678,20,14000197001,4
678,21,14000197001,4
678,22,14000197001,4
678,23,14000197001,4
678,24,14000197001,4
678,25,14000197001,4
678,26,14000197001,4
678,27,14000197001,4
678,28,14000197001,4
678,29,14000197001,4
678,30,14000197001,4
678,31,14000197001,4
678,32,14000197001,4
678,33,14000197001,4
678,34,14000197001,4
678,35,14000197001,4
678,36,14000197001,2
678,37,14001085001,5
678,38,14001085001,2
678,39,14244026001,5
679,1,11061024001,6
679,2,11061030001,6
679,3,11074048001,10
679,4,12102075001,30
679,5,12105036001,17
679,6,12105036001,17
679,7,12105036001,17
679,8,12105036001,2
679,9,12122012001,3
679,10,12122012001,3
679,11,12122012001,3
679,12,12122012001,3
679,13,12122012001,3
679,14,12122012001,3
679,15,12122012001,3
679,16,12122012001,3
679,17,12130001001,3
679,18,12130001001,3
679,19,12130001001,3
679,20,12130001001,3
679,21,14001128001,2
679,22,14001128001,2
679,23,14244039001,7
679,24,14616002001,9
679,25,14616002001,9
679,26,14616002001,9
679,27,14616002001,9
679,28,14616002001,9
679,29,14616002001,9
679,30,14616002001,9
679,31,14616002001,9
679,32,14616002001,9
679,33,14616002001,9
679,34,14616002001,4
680,1,10032011001,16
680,2,10032011001,16
680,3,10032011001,16
680,4,10032011001,16
680,5,10032011001,16
680,6,10032011001,16
680,7,10032011001,16
680,8,10032011001,16
680,9,10032011001,16
680,10,10032011001,16
680,11,10032011001,16
680,12,10032011001,16
680,13,10032011001,16
680,14,10032011001,16
680,15,10032011001,16
680,16,10032011001,16
680,17,10032011001,16
680,18,10032011001,16
680,19,10032011001,16
680,20,10032011001,16
680,21,10032011001,4
680,22,11040023001,2
680,23,11070027001,2
680,24,11075004001,6
680,25,12102087001,3
680,26,12123075001,3
680,27,12123075001,3
680,28,12123075001,3
680,29,12123075001,2
680,30,14000041001,3
680,31,14000041001,3
680,32,14000041001,3
680,33,14000041001,3
680,34,14000041001,3
680,35,14000041001,3
680,36,14000041001,3
680,37,14001150001,3
680,38,14001150001,2
680,39,14244031001,4
681,1,10035028001,28
681,2,10035028001,28
681,3,10035028001,28
681,4,10035028001,28
681,5,10035028001,28
681,6,10035028001,28
681,7,10035028001,28
681,8,10035028001,28
681,9,10035028001,22
681,10,11042005001,6
681,11,11074022001,6
681,12,11076886001,1
681,13,12020272001,45
681,14,12020272001,8
681,15,12102140001,20
681,16,12123147001,3
681,17,12123147001,3
681,18,12123147001,3
681,19,12123147001,3
681,20,12123147001,1
681,21,12123151001,3
681,22,12123151001,3
681,23,12123151001,3
681,24,12123151001,3
681,25,12123151001,1
681,26,12123898001,3
681,27,12123898001,3
681,28,12123898001,3
681,29,12123898001,1
681,30,14010019001,11
681,31,14010019001,1
681,32,14244027001,10
