item_code;carton_length_cm;carton_width_cm;carton_height_cm;units_per_carton;cartons_per_slot;max_fit;item_initial_inventory
10000001001;45;30;24;24;7;168;40
10000002001;34;23;31;6;10;60;2856
10000003001;40;27;12;24;19;456;186
10000004001;34;23;31;6;10;60;327
10000005001;40;28;12;24;18;432;1533
10000007001;40;28;12;24;18;432;357
10000008001;37;26;28;12;9;108;24
10000010001;34;23;31;6;10;60;194
10000011001;40;27;10;24;23;552;4383
10000012001;45;30;25;24;7;168;183
10000022001;37;27;29;12;8;96;19
10000023001;43;28;25;24;8;192;26
10000027001;45;30;25;24;7;168;143
10000998001;28;20;19;1;23;23;82
10001001001;34;24;31;6;10;60;91
10001004001;34;23;31;6;10;60;211
10001005001;40;27;12;24;19;456;293
10001006001;40;28;12;24;18;432;737
10001007001;42;28;24;24;9;216;51
10001008001;34;22;31;6;10;60;54
10001009001;40;27;10;24;23;552;2852
10001010001;37;28;29;12;8;96;24
10001012001;40;27;10;24;23;552;1577
10001015001;45;30;24;24;7;168;24
10001020001;41;27;12;24;19;456;240
10001022001;42;28;23;24;9;216;52
10001025001;40;27;10;24;23;552;622
10001035001;42;28;23;24;9;216;36
10002001001;41;28;10;24;22;528;706
10002003001;43;28;24;24;8;192;198
10002005001;40;27;13;24;18;432;345
10002007001;40;28;12;24;18;432;225
10002008001;40;27;10;24;23;552;2333
10002009001;43;28;24;24;8;192;282
10002011001;42;28;24;24;9;216;12
10002012001;41;27;13;24;17;408;308
10002013001;40;13;13;12;37;444;48
10002014001;41;27;13;24;17;408;180
10002017001;34;22;31;6;10;60;325
10002018001;41;27;12;24;19;456;980
10002019001;41;27;13;24;17;408;594
10002021001;40;27;9;24;26;624;1984
10002025001;38;28;30;12;7;84;12
10002026001;31;22;24;12;15;180;12
10002035001;34;23;31;6;10;60;40
10002037001;35;27;32;12;8;96;2
10002038001;35;27;32;12;8;96;7
10002039001;35;27;32;12;8;96;24
10002040001;34;23;31;6;10;60;36
10002045001;34;22;30;6;11;66;49
10002046001;43;29;12;24;17;408;287
10002051001;34;23;31;6;10;60;21
10002069001;34;23;30;6;10;60;16
10002071001;42;28;25;24;8;192;56
10002072001;34;23;30;6;10;60;9
10002073001;41;27;12;24;19;456;168
10002074001;36;27;28;12;9;108;16
10002078001;34;23;30;6;10;60;18
10002102001;40;27;12;24;19;456;512
10002899001;41;27;12;24;19;456;24
10002906001;42;29;22;24;9;216;36
10002911001;40;27;12;24;19;456;6
10002916001;27;27;30;12;11;132;23
10002918001;35;23;31;6;10;60;18
10002919001;35;23;31;6;10;60;54
10002942001;40;28;12;24;18;432;83
10002943001;44;27;12;24;17;408;228
10002944001;44;27;12;24;17;408;192
10010001001;32;17;14;18;33;594;6
10010002001;35;20;11;24;33;792;2309
10010004001;35;20;11;24;33;792;533
10010007001;32;17;14;18;33;594;30
10010009001;42;28;24;24;9;216;40
10010012001;42;28;24;24;9;216;76
10010018001;40;27;10;24;23;552;168
10010019001;32;17;14;18;33;594;72
10010026001;33;16;10;24;48;1152;308
10010027001;33;16;10;24;48;1152;912
10010035001;34;20;11;24;34;816;652
10010042001;28;16;9;24;63;1512;48
10010043001;28;16;9;24;63;1512;80
10011001001;34;20;11;24;34;816;432
10011003001;33;16;13;24;37;888;144
10011004001;31;17;13;18;37;666;24
10011007001;36;20;20;12;17;204;25
10011016001;35;20;13;24;28;672;648
10011021001;33;16;13;24;37;888;108
10011023001;27;16;9;24;65;1560;137
10011028001;40;27;16;24;14;336;22
10012002001;36;20;20;12;17;204;24
10012004001;36;27;30;12;8;96;395
10012006001;28;16;9;24;63;1512;113
10012009001;29;18;26;10;18;180;2
10012899001;40;27;22;24;10;240;294
10013003001;35;20;13;24;28;672;564
10013004001;36;20;20;12;17;204;6
10013005001;34;20;11;24;34;816;446
10013007001;33;16;13;24;37;888;96
10013011001;32;17;13;18;36;648;6
10013012001;27;16;9;24;65;1560;159
10014005001;41;27;18;24;12;288;18
10014006001;29;18;26;10;18;180;8
10014009001;40;27;17;24;13;312;258
10014018001;38;30;26;12;8;96;6
10014020001;41;17;13;24;28;672;177
10014023001;35;21;11;24;31;744;432
10014024001;35;18;14;24;28;672;42
10014027001;39;27;12;24;20;480;42
10014028001;34;20;11;24;34;816;468
10014029001;41;28;18;24;12;288;94
10014030001;42;29;24;24;8;192;47
10014032001;35;20;13;24;28;672;353
10014033001;35;20;13;24;28;672;548
10014037001;40;27;13;24;18;432;15
10014043001;36;20;20;12;17;204;12
10014051001;33;22;13;24;27;648;239
10014055001;39;26;23;24;10;240;24
10014062001;33;15;13;24;39;936;12
10014067001;41;17;14;24;26;624;30
10014069001;35;20;13;24;28;672;6
10014073001;41;27;13;24;17;408;36
10014075001;41;28;12;24;18;432;6
10014080001;41;27;16;24;14;336;24
10014081001;41;27;16;24;14;336;12
10014090001;35;20;11;24;33;792;743
10014092001;37;26;28;12;9;108;14
10014097001;30;23;24;12;15;180;2
10014103001;39;17;26;10;14;140;3
10014106001;39;26;20;24;12;288;36
10014110001;40;27;19;24;12;288;12
10014111001;41;28;12;24;18;432;60
10014113001;41;28;12;24;18;432;108
10014116001;25;16;26;6;24;144;102
10014126001;41;27;13;24;17;408;123
10014130001;40;27;17;24;13;312;68
10014898001;40;27;22;24;10;240;778
10015007001;33;22;14;24;25;600;267
10015011001;34;20;11;24;34;816;48
10016002001;36;24;16;24;18;432;12
10016006001;40;16;13;24;30;720;47
10016011001;40;27;12;24;19;456;314
10016014001;40;27;13;24;18;432;161
10016015001;35;20;11;24;33;792;24
10016018001;41;28;25;24;8;192;36
10016020001;41;28;25;24;8;192;75
10020002001;40;19;14;24;23;552;47
10020003001;40;27;10;24;23;552;90
10020004001;33;22;13;24;27;648;6
10020006001;40;27;10;24;23;552;1484
10020007001;40;27;10;24;23;552;216
10020011001;34;20;12;24;31;744;60
10020012001;40;27;10;24;23;552;210
10020015001;40;27;10;24;23;552;84
10020016001;42;29;20;24;10;240;6
10020017001;40;27;10;24;23;552;497
10020018001;40;27;10;24;23;552;54
10020019001;33;22;13;24;27;648;48
10020024001;33;22;13;24;27;648;42
10020025001;33;22;13;24;27;648;287
10020027001;39;20;14;24;23;552;24
10020028001;41;27;14;24;16;384;157
10020033001;40;27;13;24;18;432;84
10020034001;35;20;14;24;26;624;88
10020036001;41;27;24;24;9;216;60
10020037001;33;27;11;30;26;780;336
10020041001;33;27;11;30;26;780;87
10020042001;41;27;23;24;10;240;54
10020046001;33;22;12;24;29;696;1587
10020093001;41;28;16;24;13;312;78
10020094001;41;28;16;24;13;312;1394
10021001001;41;28;10;24;22;528;122
10021005001;41;27;13;24;17;408;3454
10021006001;42;28;24;24;9;216;420
10021007001;38;29;32;12;7;84;76
10021008001;35;20;11;24;33;792;132
10021009001;38;28;31;12;7;84;620
10021010001;42;28;24;24;9;216;235
10021015001;43;29;24;24;8;192;36
10021016001;43;29;24;24;8;192;173
10021017001;40;28;23;24;9;216;83
10021018001;33;24;22;12;14;168;24
10021021001;38;26;19;24;13;312;6541
10021022001;42;19;24;12;13;156;332
10021023001;43;29;23;24;8;192;879
10021025001;35;20;13;24;28;672;101
10021026001;39;28;32;12;7;84;265
10021027001;40;27;10;24;23;552;24
10021034001;38;22;21;12;14;168;48
10021035001;34;20;11;4;34;136;48
10021040001;37;27;29;12;8;96;240
10022003001;36;24;17;24;17;408;15
10022006001;32;22;14;24;25;600;12
10022008001;32;22;16;24;22;528;11
10022011001;33;22;14;6;25;150;6
10022012001;33;22;16;24;21;504;48
10022014001;33;22;14;6;25;150;47
10022015001;41;28;25;24;8;192;12
10022016001;33;23;15;24;22;528;204
10022020001;36;24;17;24;17;408;24
10022024001;31;20;16;24;25;600;24
10022030001;33;22;14;24;25;600;6
10022908001;24;36;17;24;17;408;6
10022910001;36;24;17;24;17;408;4
10022915001;33;22;14;24;25;600;6
10022916001;32;22;14;24;25;600;6
10023002001;56;32;20;4;7;28;4
10023004001;35;24;17;24;17;408;5
10023005001;47;37;22;5;6;30;2
10023008001;48;33;21;4;7;28;20
10023011001;27;20;20;6;23;138;3
10023017001;43;36;20;6;8;48;1
10023020001;60;37;29;12;3;36;6
10023023001;38;30;27;6;8;48;5
10023025001;38;31;20;3;10;30;2
10023027001;56;33;20;4;6;24;54
10023031001;36;25;25;6;11;66;4
10023032001;47;35;20;6;7;42;3
10023035001;41;28;24;24;9;216;5
10023044001;56;32;20;4;7;28;2
10023049001;37;32;20;3;10;30;5
10023051001;69;29;20;4;6;24;1
10023054001;54;25;13;3;14;42;6
10023055001;42;39;19;4;8;32;2
10023058001;42;28;20;4;10;40;2
10023063001;37;33;21;3;9;27;17
10023066001;48;33;20;4;8;32;2
10023068001;42;37;19;4;8;32;3
10023073001;31;21;16;6;24;144;2
10023075001;41;31;15;6;13;78;4
10023078001;39;29;20;4;11;44;7
10023083001;35;24;25;6;12;72;3
10023087001;36;25;17;8;16;128;3
10023093001;37;36;22;12;8;96;2
10023100001;47;31;15;6;11;66;8
10023102001;48;36;22;6;6;36;2
10023103001;62;38;25;20;4;80;4
10023104001;38;32;28;10;7;70;2
10023106001;35;24;22;4;13;52;4
10023110001;53;25;12;6;16;96;3
10023114001;60;38;30;12;3;36;78
10023124001;46;37;22;5;6;30;12
10023892001;57;32;20;4;6;24;112
10023998001;46;30;16;6;11;66;84
10024001001;40;27;13;24;18;432;6
10024003001;38;29;32;12;7;84;210
10024004001;33;16;10;24;48;1152;134
10024005001;40;27;13;24;18;432;40
10024006001;40;27;13;24;18;432;24
10024007001;33;16;10;24;48;1152;62
10024011001;41;29;21;24;10;240;406
10024014001;39;26;24;24;10;240;168
10030001001;38;28;32;12;7;84;690
10030005001;38;28;32;12;7;84;209
10030007001;38;25;24;24;11;264;112
10030008001;40;27;19;24;12;288;73
10030013001;35;20;11;24;33;792;73
10030014001;41;27;24;24;9;216;143
10030015001;41;27;24;24;9;216;24
10030017001;35;26;31;12;9;108;36
10030018001;38;21;31;8;10;80;126
10030019001;41;28;24;24;9;216;204
10030020001;40;22;22;12;13;156;408
10030021001;43;29;24;24;8;192;91
10030022001;40;27;23;24;10;240;1700
10030046001;43;28;24;24;8;192;24
10030048001;38;25;24;24;11;264;254
10030049001;35;26;31;12;9;108;92
10031001001;35;20;11;24;33;792;110
10031003001;37;25;22;24;12;288;52
10031004001;42;28;24;24;9;216;1553
10031007001;41;27;24;24;9;216;72
10031011001;35;27;31;12;8;96;428
10031012001;43;29;24;24;8;192;84
10031013001;40;20;14;24;22;528;51
10031015001;41;27;24;24;9;216;24
10031017001;35;21;13;24;26;624;510
10031019001;41;27;23;24;10;240;397
10031023001;43;27;24;24;9;216;5
10031026001;35;27;30;12;8;96;162
10031031001;35;21;12;24;28;672;24
10031033001;37;25;24;24;11;264;1161
10031899001;32;19;32;8;13;104;711
10031901001;35;26;31;12;9;108;210
10031909001;38;26;23;24;11;264;24
10031910001;35;20;11;24;33;792;3270
10031911001;35;21;12;24;28;672;12
10031916001;29;21;20;1;20;20;485
10032001001;35;27;28;12;9;108;459
10032004001;37;25;22;24;12;288;876
10032006001;34;20;11;24;34;816;426
10032007001;43;28;24;24;8;192;131
10032008001;34;20;11;24;34;816;394
10032011001;42;25;8;24;30;720;51
10032013001;40;20;14;24;22;528;72
10032014001;40;27;24;24;9;216;201
10032015001;41;27;24;24;9;216;1314
10032019001;35;20;11;24;33;792;51
10032020001;41;28;21;24;10;240;178
10032023001;35;21;13;24;26;624;24
10032046001;41;24;8;24;32;768;437
10032047001;42;25;8;24;30;720;166
10032048001;42;28;24;24;9;216;1209
10032055001;35;20;14;24;26;624;252
10032059001;38;25;24;24;11;264;52
10032064001;34;20;11;24;34;816;556
10033001001;40;27;19;24;12;288;216
10033004001;37;25;24;24;11;264;374
10033010001;35;26;31;12;9;108;1587
10033012001;41;28;24;24;9;216;57
10033013001;40;27;24;24;9;216;47
10033014001;41;27;24;24;9;216;164
10033015001;40;28;24;24;9;216;87
10033018001;37;25;24;24;11;264;251
10033020001;36;24;32;8;9;72;48
10033022001;35;26;31;12;9;108;13
10033023001;41;26;22;24;10;240;18
10033026001;36;27;31;12;8;96;180
10033028001;40;27;24;24;9;216;64
10033029001;41;28;24;24;9;216;419
10033031001;38;29;32;12;7;84;52
10033033001;44;30;20;24;9;216;95
10033034001;35;27;31;12;8;96;199
10033038001;35;27;31;12;8;96;656
10033041001;39;26;24;24;10;240;4
10033044001;35;23;31;8;10;80;705
10033053001;38;22;31;8;9;72;212
10033056001;40;27;24;24;9;216;903
10033057001;40;27;23;24;10;240;570
10033062001;42;28;24;24;9;216;139
10033064001;40;20;14;24;22;528;28
10033065001;35;26;31;12;9;108;657
10033068001;35;20;11;24;33;792;40
10033070001;42;28;24;24;9;216;318
10033075001;34;24;31;8;10;80;60
10034002001;42;29;24;24;8;192;30
10034003001;34;20;11;24;34;816;110
10034007001;42;27;22;24;10;240;250
10034011001;34;20;11;24;34;816;72
10034013001;35;21;14;24;24;576;48
10034015001;35;21;14;24;24;576;930
10034016001;43;29;25;24;8;192;24
10034020001;27;21;13;18;34;612;24
10034022001;42;28;24;24;9;216;58
10034023001;43;29;24;24;8;192;46
10034025001;35;20;11;24;33;792;1257
10034026001;38;28;29;12;8;96;8
10034031001;37;25;22;24;12;288;41
10034033001;42;28;24;24;9;216;5
10034041001;42;28;24;24;9;216;300
10034042001;34;20;11;24;34;816;5
10034044001;44;28;24;24;8;192;462
10034046001;37;21;31;8;10;80;94
10034049001;32;19;31;8;13;104;71
10034050001;41;27;12;24;19;456;66
10034057001;38;22;31;8;9;72;165
10034999001;34;20;11;24;34;816;32
10035001001;36;27;31;12;8;96;112
10035002001;36;24;31;8;9;72;123
10035003001;36;27;32;12;8;96;349
10035006001;35;20;11;24;33;792;1395
10035011001;35;23;31;8;10;80;12
10035012001;41;28;25;24;8;192;384
10035013001;40;27;24;24;9;216;1112
10035015001;41;27;12;24;19;456;2478
10035021001;41;27;24;24;9;216;48
10035027001;40;27;24;24;9;216;132
10035028001;34;20;11;24;34;816;16
10035034001;34;20;11;24;34;816;48
10035035001;35;20;11;24;33;792;174
10035036001;39;26;24;24;10;240;578
10035041001;41;27;10;24;23;552;128
10035046001;39;26;24;24;10;240;779
10040001001;36;27;32;12;8;96;249
10040002001;40;27;23;24;10;240;166
10040003001;35;27;30;12;8;96;313
10040004001;36;18;36;2;10;20;120
10040005001;41;27;24;24;9;216;54
10040008001;37;29;32;12;7;84;60
10040009001;37;28;32;12;7;84;180
10040010001;41;27;24;24;9;216;12
10040011001;36;29;25;20;9;180;64
10040014001;39;25;24;24;10;240;43
10040015001;30;22;25;12;15;180;328
10040016001;38;31;25;20;8;160;54
10040017001;34;25;31;12;9;108;326
10040018001;38;22;31;8;9;72;402
10040019001;35;18;35;2;11;22;12
10040020001;41;28;24;24;9;216;91
10040021001;38;25;21;24;12;288;92
10040022001;38;31;24;20;9;180;266
10040023001;37;30;26;20;8;160;12
10040024001;25;17;31;6;19;114;48
10040025001;34;17;35;2;12;24;580
10040026001;35;18;25;2;16;32;133
10040027001;36;30;20;30;11;330;96
10040028001;35;18;34;2;11;22;57
10040031001;32;25;30;12;10;120;24
10040032001;36;24;19;24;15;360;61
10040033001;38;23;31;8;9;72;105
10040034001;40;28;25;24;9;216;36
10040035001;38;28;31;12;7;84;377
10040037001;36;18;35;2;11;22;28
10040038001;39;22;31;8;9;72;51
10040039001;36;18;35;2;11;22;1520
10040040001;37;19;32;2;11;22;62
10040041001;37;25;18;24;15;360;72
10040042001;36;19;32;2;11;22;36
10040044001;34;25;25;12;11;132;798
10040048001;38;22;31;8;9;72;1037
10040049001;36;18;37;2;10;20;534
10040050001;35;26;31;12;9;108;100
10040056001;36;28;31;12;8;96;20
10040062001;37;27;30;12;8;96;38
10040063001;40;27;23;24;10;240;167
10040066001;37;30;25;20;9;180;192
10040071001;40;32;25;20;7;140;61
10040078001;37;30;25;20;9;180;138
10040079001;35;17;32;2;13;26;24
10040081001;36;27;30;12;8;96;94
10040082001;36;28;31;12;8;96;325
10040094001;37;18;36;2;10;20;206
10040111001;37;27;31;12;8;96;64
10041001001;33;25;30;12;10;120;48
10041003001;36;27;26;12;10;120;24
10041004001;43;28;22;24;9;216;60
10041007001;42;29;24;24;8;192;32
10041008001;40;27;25;24;9;216;88
10041009001;35;23;18;24;17;408;48
10041014001;43;29;24;24;8;192;79
10041016001;37;30;24;20;9;180;176
10041032001;42;25;24;24;10;240;12
10041033001;42;25;24;24;10;240;1828
10041034001;43;29;24;24;8;192;12
10041038001;43;29;24;24;8;192;348
10041039001;42;28;24;24;9;216;24
10041040001;42;28;24;24;9;216;198
10041058001;41;28;23;24;9;216;1
10041067001;42;28;25;24;8;192;6
10041069001;37;27;30;12;8;96;3
10041085001;43;29;23;24;8;192;12
10041087001;42;28;23;24;9;216;5
10041899001;26;17;31;6;18;108;12
10051001001;25;19;20;12;26;312;7
10051034001;38;30;26;12;8;96;18
10052004001;32;25;27;12;11;132;2
10052014001;31;24;27;12;12;144;16
10052015001;31;24;27;12;12;144;1
10052017001;30;23;29;12;12;144;10
10052019001;32;25;27;12;11;132;2
10052020001;32;25;27;12;11;132;42
10052024001;32;24;26;12;12;144;12
10052025001;32;25;27;12;11;132;12
10052033001;31;24;28;12;12;144;36
10052035001;30;24;29;12;12;144;1
10052046001;26;20;26;12;18;216;3
10053901001;42;26;19;36;12;432;1
10053903001;42;26;19;36;12;432;4
10053904001;42;26;19;36;12;432;1
10100132001;40;28;12;24;18;432;10
10904008001;47;31;17;6;10;60;1
10904021001;48;31;19;6;9;54;4
10904899001;47;31;6;6;29;174;4
11010001001;38;25;29;6;9;54;2
11010005001;36;33;32;6;6;36;3
11010007001;36;27;31;6;8;48;5
11010012001;38;26;29;6;8;48;4
11010013001;40;26;30;6;8;48;6
11010016001;36;34;32;6;6;36;6
11010018001;38;24;27;6;10;60;4
11010019001;38;26;29;6;8;48;3
11010020001;42;33;19;6;9;54;5
11010021001;36;24;31;6;9;54;1
11010022001;43;33;19;6;9;54;6
11010023001;43;33;19;6;9;54;8
11010025001;38;26;28;6;9;54;7
11010027001;40;26;30;6;8;48;4
11010035001;31;31;32;6;8;48;1
11010038001;41;28;28;12;7;84;2
11010040001;32;30;31;6;8;48;3
11010042001;37;25;32;4;8;32;3
11010043001;36;34;32;6;6;36;4
11010045001;36;34;32;6;6;36;6
11010051001;33;24;28;6;11;66;3
11010052001;40;26;30;6;8;48;18
11010055001;39;23;32;4;8;32;8
11010057001;42;33;19;6;9;54;5
11010059001;38;26;29;6;8;48;3
11010112001;31;30;31;6;8;48;2
11010115001;32;30;32;6;8;48;3
11010116001;27;39;28;12;8;96;7
11020002001;44;34;27;24;6;144;8
11020003001;45;33;25;12;6;72;1
11020008001;33;24;29;12;11;132;2
11020010001;32;24;25;12;13;156;2
11020012001;33;24;24;12;13;156;5
11020013001;34;21;29;12;12;144;8
11021002001;39;33;22;24;9;216;2
11021006001;41;41;30;12;5;60;3
11021013001;42;21;29;3;9;27;2
11021018001;44;34;28;24;6;144;1
11021023001;33;21;29;12;12;144;2
11021025001;42;26;22;12;10;120;6
11021026001;37;25;33;4;8;32;1
11021028001;34;24;24;12;13;156;9
11021029001;37;32;25;12;8;96;2
11021030001;44;34;28;24;6;144;2
11021047001;47;27;35;240;5;1200;3
11021051002;26;18;23;6;23;138;1
11021052001;40;25;27;9;9;81;13
11021059002;36;27;28;12;9;108;3
11021060001;39;20;30;12;10;120;2
11021061001;29;26;26;8;13;104;2
11021064001;32;23;29;12;11;132;3
11021071001;33;33;32;36;7;252;2
11021095001;34;23;23;6;14;84;1
11022001001;34;23;27;12;12;144;6
11022003002;33;22;27;12;13;156;37
11022006001;36;21;23;12;14;168;1
11022007001;37;32;25;12;8;96;3
11022009001;32;23;30;12;11;132;2
11022011001;32;24;29;12;11;132;10
11022012001;44;32;30;12;6;72;1
11022017001;37;25;33;4;8;32;12
11022021001;37;22;26;12;12;144;6
11022024002;35;32;24;12;9;108;2
11022025001;37;31;29;18;7;126;17
11022031001;37;34;18;18;11;198;3
11022032001;36;33;23;18;9;162;6
11022035001;40;23;32;12;8;96;5
11022036001;40;23;32;12;8;96;1
11022044001;33;21;29;12;12;144;5
11022051001;44;32;29;12;6;72;4
11022058001;36;20;28;12;12;144;5
11022059001;36;20;28;12;12;144;6
11022063001;42;25;25;12;9;108;1
11022067001;31;23;25;12;14;168;1
11022077001;39;23;28;12;10;120;1
11022082001;35;23;27;12;11;132;5
11022085001;35;27;30;12;8;96;2
11022087001;36;28;31;12;8;96;1
11023010001;24;17;24;12;26;312;1
11023012001;27;22;26;12;16;192;1
11023015001;23;17;24;12;27;324;1
11030010001;36;13;11;10;49;490;4
11030016002;38;25;24;12;11;132;1
11030018001;39;20;23;12;14;168;4
11030024001;25;24;11;12;38;456;1
11030062001;26;20;9;12;54;648;2
11030066001;38;21;35;24;9;216;2
11030079002;38;24;17;12;16;192;1
11030080001;38;24;17;12;16;192;60
11030094001;22;19;19;12;32;384;4
11030095001;34;24;26;24;12;288;6
11030096001;48;25;18;18;11;198;137
11030097001;48;28;18;18;10;180;3
11030108001;27;18;26;12;20;240;16
11030128001;21;19;20;12;31;372;5
11030183001;34;26;13;12;22;264;1
11030183002;34;26;13;12;22;264;9
11031011002;22;18;19;12;33;396;22
11031022001;40;15;17;12;24;288;9
11031040001;23;17;24;12;27;324;7
11031901001;30;29;27;6;10;60;9
11031907001;39;20;21;12;15;180;10
11031908001;26;20;22;12;22;264;6
11031917001;28;22;19;12;21;252;6
11031918001;31;25;26;12;12;144;16
11032002001;43;24;23;36;10;360;2
11032003002;38;25;20;12;13;156;9
11032006001;46;29;23;12;8;96;13
11032008001;43;23;22;36;11;396;4
11032011001;48;22;23;12;10;120;2
11032014002;47;32;24;24;7;168;19
11032015001;43;23;12;12;21;252;4
11032017001;46;35;46;12;3;36;6
11032021001;37;36;18;12;10;120;33
11032024001;46;36;28;24;5;120;4
11032026001;42;28;34;24;6;144;3
11032027001;46;29;22;12;8;96;22
11032028001;46;35;47;12;3;36;23
11032031001;47;25;25;24;8;192;1
11032035001;46;26;24;24;8;192;6
11032036001;50;38;20;24;6;144;2
11032037001;53;39;21;24;5;120;2
11032043001;43;25;18;12;13;156;1
11032218001;45;34;22;12;7;84;8
11032220001;46;29;22;12;8;96;1
11032221001;47;25;24;12;9;108;1
11032222002;57;27;23;12;7;84;2
11040001001;28;25;27;12;13;156;31
11040003001;29;21;29;12;14;168;26
11040004001;28;25;27;12;13;156;4
11040006001;36;27;30;12;8;96;4
11040007001;41;20;29;12;10;120;6
11040008001;29;21;29;12;14;168;6
11040009001;36;25;29;12;9;108;5
11040010001;36;21;29;12;11;132;1
11040011001;38;27;33;4;7;28;3
11040018001;33;25;28;12;11;132;8
11040020001;36;23;28;12;10;120;5
11040023001;34;23;29;12;11;132;2
11040025001;32;26;28;12;10;120;3
11040026001;45;24;33;4;7;28;3
11040027001;32;26;28;12;10;120;2
11040029001;38;20;28;12;11;132;6
11040029002;39;21;30;12;10;120;4
11040030001;34;26;29;12;9;108;3
11040035001;36;26;29;12;9;108;3
11040039001;34;22;29;12;11;132;4
11040040001;34;22;25;12;13;156;3
11040044001;37;33;29;18;7;126;1
11040046001;39;34;28;12;6;72;2
11040047001;39;34;28;12;6;72;2
11040057001;27;23;27;12;15;180;6
11040060001;35;20;27;12;13;156;3
11040062001;41;21;28;12;10;120;6
11041002001;33;20;34;24;11;264;6
11041005001;33;19;17;12;23;276;2
11041007001;27;17;28;12;19;228;4
11041009001;27;17;28;12;19;228;6
11041013001;38;27;20;12;12;144;4
11041014001;32;25;11;12;28;336;3
11041017001;37;35;17;24;11;264;3
11041019001;40;14;20;10;22;220;3
11041024001;26;18;21;12;25;300;3
11041027001;38;34;18;24;10;240;3
11041031001;27;18;21;12;24;288;1
11041999004;41;14;18;10;24;240;1
11042001001;42;27;28;12;8;96;4
11042002001;31;24;20;12;17;204;2
11042003001;40;28;20;36;11;396;11
11042005001;36;28;28;12;9;108;6
11042006001;29;23;19;12;20;240;30
11042007001;34;25;27;12;11;132;1
11042008001;29;25;27;10;13;130;1
11042009001;28;19;21;12;22;264;3
11042010001;35;27;27;12;9;108;12
11042011001;35;27;29;12;9;108;12
11042015001;37;26;17;24;15;360;5
11042017001;43;27;29;12;7;84;13
11042020001;36;32;29;18;7;126;3
11042022001;41;28;29;12;7;84;15
11042023001;35;18;25;12;16;192;7
11042027001;25;20;20;12;25;300;5
11042028001;42;28;29;12;7;84;14
11042030001;39;24;27;12;10;120;4
11050002001;34;30;28;12;8;96;17
11050003001;30;30;31;6;9;54;6
11050004001;36;21;30;4;11;44;6
11050005001;31;29;25;12;11;132;6
11050006001;28;27;20;12;16;192;8
11050008001;43;31;30;12;6;72;2
11050009001;33;22;26;10;13;130;2
11050010001;37;25;32;4;8;32;2
11050011001;30;23;28;12;13;156;1
11050017001;36;22;30;4;10;40;11
11050019002;44;24;27;12;8;96;1
11050020001;37;30;28;12;8;96;3
11050022001;40;26;30;12;8;96;1
11050025001;41;22;26;12;10;120;9
11050029001;42;24;25;12;10;120;2
11050031001;33;30;28;12;9;108;2
11050032001;41;23;26;12;10;120;12
11050033001;35;23;32;4;9;36;30
11050035001;41;28;33;4;6;24;2
11050037001;38;23;32;4;9;36;2
11050038001;39;29;26;12;8;96;1
11050039001;38;24;32;4;8;32;18
11050046001;43;25;34;4;6;24;4
11050047001;32;20;30;8;13;104;2
11050049001;33;18;22;12;19;228;2
11050052001;46;23;27;12;8;96;1
11050053001;40;28;24;12;9;108;3
11050055001;39;29;27;12;8;96;10
11050059001;42;25;30;12;8;96;2
11050061001;43;23;27;12;9;108;1
11050062001;43;23;26;12;9;108;8
11050063001;47;24;29;12;7;84;1
11050064001;36;22;32;4;10;40;18
11050068001;40;23;25;6;11;66;3
11050074001;35;31;29;12;8;96;3
11050076001;37;23;32;4;9;36;11
11050077001;39;27;32;4;7;28;5
11050078001;38;22;25;10;12;120;4
11050087001;34;27;20;12;13;156;6
11050097001;40;24;32;4;8;32;12
11050098001;40;24;24;12;11;132;1
11050101001;37;26;19;12;13;156;9
11050102001;34;28;28;12;9;108;1
11050103001;34;27;28;12;9;108;4
11050104001;31;30;23;12;11;132;2
11050111001;42;23;26;12;10;120;2
11050123001;45;22;31;3;8;24;1
11050129001;39;24;25;12;10;120;2
11050129002;39;24;25;12;10;120;3
11050131001;40;26;29;12;8;96;2
11050140002;22;16;20;12;36;432;2
11051002001;43;25;18;12;13;156;5
11051003001;25;18;15;12;37;444;2
11051004001;44;19;32;12;9;108;1
11051006001;50;34;18;12;8;96;2
11051007001;43;25;19;12;12;144;3
11051009001;26;17;13;12;44;528;2
11051012001;30;24;17;12;20;240;6
11051013001;48;26;19;12;10;120;2
11051016001;43;34;18;12;9;108;2
11051019001;42;25;25;12;9;108;1
11051030001;41;37;26;12;6;72;2
11051032001;46;28;21;6;9;54;2
11051037001;29;22;12;12;33;396;8
11051039001;44;33;14;12;12;144;12
11051044001;40;29;32;4;6;24;10
11051056001;33;25;15;12;20;240;3
11051999001;21;18;19;12;35;420;7
11061001001;42;39;30;30;5;150;6
11061005001;40;24;19;26;13;338;25
11061008001;39;22;12;15;24;360;8
11061011001;54;25;38;30;4;120;33
11061015001;40;23;12;16;23;368;4
11061016001;41;27;18;30;12;360;30
11061023001;54;25;38;30;4;120;7
11061024001;41;27;18;30;12;360;3
11061027001;27;22;24;18;17;306;2
11061028001;40;16;12;16;33;528;2
11061030001;41;28;17;30;13;390;4
11061031001;38;29;24;28;9;252;3
11061049001;42;28;28;24;7;168;4
11061050001;41;38;30;30;5;150;6
11061051001;41;38;30;30;5;150;2
11061052001;42;38;30;20;5;100;1
11061053001;42;38;30;20;5;100;2
11061054001;40;28;18;24;12;288;6
11061055002;42;39;30;24;5;120;6
11061070001;42;39;30;20;5;100;7
11061071001;42;39;30;20;5;100;6
11062004001;46;35;21;25;7;175;10
11062015001;50;25;20;30;10;300;1
11062019001;51;42;18;36;6;216;1
11062023001;39;38;30;20;5;100;2
11062025001;43;39;32;20;4;80;1
11070001001;41;28;27;24;8;192;7
11070003001;28;21;26;12;16;192;1
11070004001;44;30;28;24;6;144;9
11070006001;35;27;21;24;12;288;10
11070007001;41;27;27;24;8;192;18
11070011001;27;21;25;12;17;204;12
11070012001;44;29;28;24;7;168;1
11070013001;44;29;27;24;7;168;1
11070014001;43;30;27;24;7;168;2
11070015001;43;29;27;24;7;168;6
11070016001;54;38;27;24;4;96;2
11070018001;54;38;27;24;4;96;2
11070019001;27;21;26;12;17;204;3
11070027001;44;29;27;24;7;168;3
11070029001;41;27;26;24;8;192;1
11070030001;34;26;13;12;22;264;10
11070034001;40;27;26;24;9;216;6
11070037001;40;39;13;24;12;288;1
11070040001;43;39;26;24;5;120;1
11070042001;43;39;26;24;5;120;7
11070045001;43;29;28;24;7;168;16
11070046001;36;28;22;24;11;264;1
11070050001;41;21;26;20;11;220;2
11070051001;47;33;25;24;6;144;8
11070054001;44;29;27;24;7;168;4
11070062001;43;28;28;24;7;168;1
11070063001;43;28;28;24;7;168;2
11071001001;38;26;20;12;12;144;2
11071002001;24;21;23;12;21;252;8
11071004001;26;24;20;12;20;240;8
11071005001;20;16;11;60;72;4320;2
11071008001;39;32;18;96;11;1056;1
11071009001;40;26;23;12;10;120;1
11071011001;46;34;26;24;6;144;1
11071012001;20;20;14;12;45;540;4
11071013001;28;22;25;24;16;384;7
11071014001;22;21;23;30;23;690;4
11071018001;30;27;21;12;14;168;2
11071032001;26;26;20;12;18;216;2
11071033001;57;35;20;24;6;144;2
11071034001;44;40;22;24;6;144;2
11071035001;53;45;21;24;5;120;1
11071898001;40;26;23;12;10;120;9
11071902001;43;28;15;12;14;168;1
11071909001;30;10;24;12;35;420;5
11071911001;44;30;18;24;10;240;1
11071916001;17;15;9;12;111;1332;9
11072001001;51;39;15;12;8;96;6
11072004001;32;30;16;12;16;192;5
11072005001;48;27;27;12;7;84;1
11072008001;32;23;23;12;15;180;14
11072011001;59;44;23;24;4;96;5
11072012002;50;38;17;24;7;168;2
11072013001;40;28;23;24;9;216;5
11072017001;54;41;14;12;8;96;6
11072019001;37;27;28;12;9;108;1
11072036001;42;34;10;12;17;204;3
11072897001;33;27;24;12;11;132;1
11072902001;44;30;24;24;8;192;1
11072903001;49;37;15;12;9;108;2
11072905001;40;27;20;12;11;132;10
11072906001;44;36;29;24;5;120;3
11073001001;41;18;23;12;15;180;2
11073002001;43;27;23;12;9;108;5
11073006001;39;25;10;24;26;624;4
11073012001;38;25;10;24;26;624;7
11073025001;25;24;12;12;35;420;6
11073032001;41;26;15;24;15;360;1
11073039001;25;24;12;12;35;420;4
11073899001;36;30;24;24;9;216;2
11073900001;29;20;10;12;43;516;1
11073901001;42;27;19;12;11;132;3
11073902001;35;31;13;12;18;216;2
11073905001;39;37;16;24;11;264;2
11073907001;26;24;13;12;31;372;104
11074001001;24;22;11;10;43;430;6
11074003001;36;21;25;24;13;312;4
11074005001;45;17;23;12;14;168;24
11074007001;32;24;26;12;12;144;12
11074012001;30;24;26;12;13;156;5
11074015002;36;21;25;24;13;312;8
11074018001;45;17;23;12;14;168;6
11074019001;24;22;11;10;43;430;7
11074020001;31;23;26;12;13;156;5
11074022001;31;23;23;12;15;180;3
11074027001;30;24;26;12;13;156;1
11074031001;31;23;23;12;15;180;7
11074045002;24;23;11;10;41;410;4
11074046001;24;22;11;10;43;430;5
11074047001;24;22;11;10;43;430;1
11074048001;24;22;11;10;43;430;30
11074059001;34;20;24;24;15;360;6
11074060005;24;22;11;10;43;430;6
11075001001;27;22;26;12;16;192;19
11075002001;52;26;27;24;6;144;16
11075003001;47;33;27;24;6;144;1
11075004001;36;35;28;36;7;252;10
11075006001;48;23;19;24;12;288;12
11075013001;27;23;27;30;15;450;5
11075039001;52;32;34;24;4;96;20
11076883001;19;15;17;12;52;624;11
11076886001;19;14;16;12;59;708;7
11076890001;17;13;16;12;72;864;2
11076896001;18;13;19;12;57;684;2
11076928001;19;14;16;12;59;708;3
11100001001;37;30;32;4;7;28;2
11100003001;37;30;28;4;8;32;3
11100005001;57;44;8;1;12;12;1
11100007001;50;34;22;6;6;36;13
11100008001;38;31;28;4;7;28;1
11100010001;38;31;28;4;7;28;9
11100011001;38;31;28;4;7;28;13
11100015001;37;30;28;4;8;32;4
11100017001;38;31;28;4;7;28;1
11100018001;39;33;26;4;7;28;1
11100019001;39;33;26;4;7;28;26
11100021001;38;31;28;4;7;28;8
11100107001;39;31;27;4;7;28;52
11100108001;39;32;28;4;7;28;71
11100112001;55;44;8;1;13;13;44
11101002001;50;24;25;9;8;72;5
11101013001;43;31;18;6;10;60;4
11101014001;36;33;20;6;10;60;6
11101021001;37;35;17;6;11;66;1
11101023001;39;28;22;6;10;60;1
11101028001;36;25;23;6;12;72;8
11101029001;36;25;23;6;12;72;6
11101034001;40;30;22;6;9;54;22
11101036001;35;36;17;6;11;66;4
11101038001;37;35;17;6;11;66;10
11101039001;35;37;18;6;10;60;24
11101055001;36;25;23;6;12;72;1
11102002001;31;31;21;20;12;240;3
11102003001;34;31;19;20;12;240;4
11102004001;32;30;20;20;13;260;6
11102007001;36;19;22;12;16;192;35
11102012001;38;33;24;6;8;48;6
11102013001;37;24;23;24;12;288;14
11102014001;31;29;21;20;13;260;2
11102017001;34;31;20;20;12;240;7
11102043001;42;32;22;6;8;48;3
11103001001;44;23;29;4;8;32;6
11103002001;36;19;34;4;10;40;7
11103005001;38;25;29;6;9;54;51
11103007001;39;32;31;6;6;36;6
11103008001;40;27;34;4;6;24;46
11103011003;53;32;15;6;10;60;23
11103011004;53;32;15;6;10;60;13
11103015001;35;26;31;6;9;54;2
11103018001;36;34;32;6;6;36;8
11103019001;44;26;32;4;6;24;8
11103021001;30;26;28;6;11;66;9
11103022001;41;29;32;6;6;36;4
11103023001;47;27;36;4;5;20;1
11103027001;40;24;31;6;8;48;3
11103035001;41;22;31;4;9;36;2
11103039001;30;37;31;6;7;42;11
11103040001;41;26;32;4;7;28;4
11103045001;38;25;26;12;10;120;2
11103046001;35;27;31;6;8;48;1
11103047001;35;27;31;6;8;48;6
11103051001;30;26;28;6;11;66;6
11103052001;40;34;32;6;5;30;39
11103054001;39;24;31;6;8;48;24
11103058001;29;26;28;6;12;72;102
11103062001;39;24;30;6;9;54;192
11103065001;32;32;31;6;8;48;7
11103067001;39;24;32;4;8;32;2
11103068001;40;34;32;6;5;30;25
11103069001;34;26;31;6;9;54;6
11103070001;35;26;31;6;9;54;1
11103074001;36;33;32;6;6;36;1
11103076001;35;27;31;6;8;48;1
11103078001;44;23;29;4;8;32;8
11103084001;30;26;28;6;11;66;1
11103085001;35;27;30;6;8;48;2
11103086002;37;33;33;6;6;36;2
11103088001;46;26;36;4;5;20;1
11103090001;42;29;32;6;6;36;2
11103092001;38;30;30;6;7;42;2
11103094001;40;28;28;6;8;48;4
11103096001;36;33;32;6;6;36;10
11103098001;36;33;32;6;6;36;3
11103099001;35;31;33;6;7;42;2
11103100001;44;24;30;4;8;32;6
11103102002;44;24;30;4;8;32;1
11103106001;39;25;30;6;8;48;8
11103108001;38;28;28;8;8;64;1
11103110001;39;25;30;6;8;48;3
11103111001;39;25;30;6;8;48;7
11103112001;46;22;33;4;7;28;1
11103113001;46;22;33;4;7;28;4
11103114001;34;26;30;6;9;54;1
11103115001;46;22;33;4;7;28;2
11103118001;39;24;29;6;9;54;5
11103123001;32;32;31;6;8;48;2
11103128001;37;25;32;6;8;48;3
11103132001;36;34;32;6;6;36;13
11103134001;46;25;32;4;6;24;1
11103135001;50;24;31;4;6;24;1
11103136001;36;25;32;6;8;48;1
11103137001;36;25;32;6;8;48;3
11103155001;41;26;32;4;7;28;3
11103156001;35;27;31;6;8;48;3
11103157001;36;28;32;6;7;42;14
11103176001;45;26;35;4;6;24;6
11103187001;31;30;28;6;9;54;1
11103188001;37;27;30;6;8;48;3
11103188002;37;27;30;6;8;48;4
11103191001;33;33;30;8;7;56;4
11103196001;38;31;32;6;6;36;2
11103206001;42;22;25;6;11;66;3
11103211001;42;22;25;6;11;66;4
11103212001;40;29;30;8;7;56;6
11103220001;39;32;31;6;6;36;7
11103224001;39;24;32;4;8;32;12
11103233001;43;32;31;4;5;20;5
11103244002;39;24;32;4;8;32;7
11103256001;40;40;19;4;8;32;2
11103262001;39;24;32;4;8;32;19
11103270002;39;33;29;6;6;36;2
11103280001;40;22;29;9;9;81;2
11103283001;38;24;31;6;9;54;7
11103289001;38;25;29;6;9;54;3
11103296001;48;25;33;8;6;48;5
11103313001;33;27;29;12;9;108;5
11103314001;26;22;26;12;17;204;3
11103317001;29;25;28;6;12;72;3
11103321001;30;32;32;6;8;48;13
11103321002;30;32;32;6;8;48;5
11103322001;30;32;32;6;8;48;5
11103323001;39;24;35;4;7;28;15
11103346001;38;25;29;6;9;54;4
11103350001;44;28;32;6;6;36;7
11103354001;37;28;27;6;9;54;5
11103361001;38;28;28;8;8;64;33
11103365001;39;20;36;4;9;36;8
11103370001;39;20;36;4;9;36;13
11103375001;35;27;30;6;8;48;10
11103377001;38;27;14;6;17;102;3
11103380001;38;27;14;6;17;102;7
11103884002;37;30;32;6;7;42;4
11103884003;37;30;32;6;7;42;25
11104001001;36;34;32;6;6;36;3
11104005001;46;24;27;12;8;96;17
11104006001;35;32;29;12;7;84;1
11110006001;42;30;32;6;6;36;3
11110007001;42;30;32;6;6;36;1
11110013001;35;33;31;6;7;42;10
11110014001;41;27;30;4;7;28;1
11110016001;41;27;31;4;7;28;1
11110018001;35;26;31;6;9;54;5
11110026001;41;27;31;4;7;28;3
11110028001;35;26;31;6;9;54;1
11110029001;35;26;31;6;9;54;1
11110032001;36;34;33;6;6;36;1
11110065001;41;27;30;4;7;28;3
11110066001;35;26;31;6;9;54;3
11110077003;34;18;14;50;29;1450;27
11110078003;27;25;27;10;13;130;6
11110082001;38;24;29;6;9;54;1
11110083001;39;26;33;4;7;28;3
11110085001;38;24;28;6;9;54;1
11110086001;39;26;32;4;7;28;6
11110088002;38;26;33;4;7;28;2
11110089001;38;24;28;6;9;54;3
11110090001;38;24;28;6;9;54;5
11110091001;39;26;32;4;7;28;4
11110093001;38;24;28;6;9;54;1
11110094001;39;26;32;4;7;28;1
11110095001;38;24;28;6;9;54;3
11111004001;38;26;28;12;9;108;2
11111007001;33;26;33;4;9;36;2
11111008001;36;26;30;6;9;54;4
11111011001;33;22;32;6;10;60;7
11111012001;35;27;33;4;8;32;2
11111013001;41;37;27;12;6;72;1
11111015001;30;25;33;6;10;60;1
11111017001;39;28;32;4;7;28;4
11111019001;36;25;33;4;8;32;13
11111021001;32;23;31;6;11;66;37
11111022001;29;26;33;6;10;60;3
11111023001;26;18;26;6;20;120;1
11111025001;37;25;31;6;8;48;1
11111030001;39;28;34;4;6;24;2
11111033001;39;24;32;4;8;32;2
11111037001;45;22;30;6;8;48;2
11111050001;41;22;35;3;8;24;2
11112001001;43;24;25;12;9;108;1
11112004001;37;28;31;6;7;42;3
11112005001;32;30;31;6;8;48;2
11112007001;20;18;20;12;35;420;5
11112008001;41;22;29;6;9;54;1
11112017001;17;13;20;8;57;456;1
12000011001;43;23;25;12;10;120;1
12000015001;39;23;24;12;11;132;6
12000016001;38;24;21;12;13;156;3
12000020001;26;22;23;6;19;114;2
12000042001;25;17;26;6;23;138;1
12000044001;27;18;22;9;23;207;1
12000045001;43;23;25;12;10;120;1
12000057001;43;23;25;12;10;120;1
12000059001;32;32;27;6;9;54;2
12000067001;33;25;24;12;12;144;5
12000075001;26;18;22;6;24;144;2
12000076001;26;18;27;6;20;120;1
12000080001;36;21;24;12;14;168;11
12000081001;25;17;26;6;23;138;12
12000089001;44;23;23;12;10;120;2
12000097001;38;25;22;12;12;144;2
12000101001;32;32;27;6;9;54;3
12000108001;43;23;25;12;10;120;2
12000125001;25;17;25;6;23;138;3
12000126001;33;25;24;12;12;144;1
12000128001;43;23;25;12;10;120;1
12000129001;25;17;26;6;23;138;1
12000135001;22;23;24;9;20;180;1
12000149001;47;28;25;12;7;84;1
12000150001;38;22;25;12;12;144;2
12000152001;43;23;25;12;10;120;2
12000163001;25;17;26;6;23;138;2
12000165001;42;23;26;12;10;120;1
12000169001;25;17;26;6;23;138;3
12000170001;42;23;26;12;10;120;4
12000178001;40;24;22;12;12;144;1
12000179001;40;23;21;12;13;156;2
12000182001;45;22;27;12;9;108;5
12000193001;41;21;24;12;12;144;2
12000196001;39;22;25;12;11;132;2
12000205001;29;17;25;6;20;120;6
12000206001;22;22;24;9;21;189;8
12000207001;29;17;25;6;20;120;3
12000208001;42;23;26;12;10;120;1
12000214001;41;21;25;12;11;132;1
12000217001;41;21;25;12;11;132;1
12000220001;29;20;26;6;16;96;2
12000221001;32;25;24;12;13;156;5
12000223001;45;22;27;12;9;108;1
12000224001;23;16;20;6;34;204;1
12000225001;23;16;20;6;34;204;3
12000226001;24;16;21;6;31;186;1
12000232001;41;21;25;12;11;132;1
12000241001;27;20;22;9;21;189;5
12000246001;33;19;22;12;18;216;1
12000261001;39;22;25;12;11;132;1
12000270001;22;17;24;8;28;224;1
12000275001;31;23;22;12;16;192;7
12000276001;36;22;27;12;11;132;1
12000285001;25;18;27;6;20;120;1
12000288001;32;24;26;12;12;144;1
12000295001;22;17;24;8;28;224;1
12000309001;22;17;24;8;28;224;6
12000314001;25;18;25;6;22;132;1
12000317001;44;23;26;12;9;108;2
12000319001;27;23;27;12;15;180;1
12000320001;27;23;27;12;15;180;1
12000350001;43;23;24;12;10;120;1
12000359001;39;22;25;12;11;132;2
12000366001;34;21;23;12;15;180;3
12000372001;34;21;23;12;15;180;2
12000374001;31;18;22;12;20;240;1
12000375001;31;18;22;12;20;240;2
12000377001;31;19;22;12;19;228;1
12000381001;33;19;22;12;18;216;1
12000396001;26;24.4;25.9;12;15;180;4
12000405001;22;22;24;9;21;189;10
12000425001;34;19;22;12;17;204;1
12000468001;35;19;28;8;13;104;1
12000469001;31;19;22;12;19;228;2
12000485001;31;24;21;12;16;192;3
12000494001;25;17;25;6;23;138;2
12000495001;25;17;25;6;23;138;3
12000496001;25;17;25;6;23;138;1
12000497001;25;17;25;6;23;138;2
12000498001;25;17;25;6;23;138;1
12000504001;28;23;26;12;15;180;1
12000505001;28;23;26;12;15;180;3
12001004001;22;19;23;6;26;156;2
12001018001;17;12;20;6;62;372;2
12001019001;33;19;22;12;18;216;1
12001026001;38;22;25;12;12;144;17
12001027001;19;15;23;3;38;114;9
12001029001;26;22;23;6;19;114;2
12001038001;41;21;24;12;12;144;6
12001041001;42;21;24;12;12;144;3
12001047001;26;22;24;6;18;108;7
12001049001;26;22;24;6;18;108;1
12001051001;39;26;23;12;10;120;1
12001055001;29;7;19;6;66;396;1
12001058001;22;18;23;6;27;162;2
12001063001;22;19;23;6;26;156;1
12001064001;19;10;19;6;70;420;1
12001065001;29;17;26;6;19;114;5
12001067001;29;7;16;6;78;468;1
12001070001;29;7;19;6;66;396;1
12001071001;29;17;26;6;19;114;2
12001076001;29;17;25;6;20;120;1
12001077001;29;17;26;6;19;114;1
12001087001;35;17;30;6;14;84;2
12001092001;19;15;24;6;37;222;2
12001093001;22;19;23;6;26;156;2
12001112001;25;17;26;6;23;138;6
12001999001;38;20;25;12;13;156;2
12002009001;21;19;28;6;22;132;2
12002013001;25;17;25;6;23;138;3
12002018001;29;17;25;6;20;120;2
12002023001;41;21;24;12;12;144;1
12002026001;31;23;22;12;16;192;1
12002036001;31;24;21;12;16;192;2
12002037001;26;22;23;6;19;114;2
12002042001;21;19;28;6;22;132;3
12002044001;27;18;21;9;24;216;1
12002052001;41;21;25;12;11;132;2
12002062001;40;24;22;12;12;144;2
12002084001;25;17;25;6;23;138;3
12002090001;23;16;20;6;34;204;2
12002096001;22;23;24;9;20;180;1
12002100001;25;17;25;6;23;138;5
12002104001;25;17;26;6;23;138;1
12002105001;25;17;26;6;23;138;1
12002106001;25;17;26;6;23;138;3
12002107001;25;17;26;6;23;138;2
12002114001;25;17;25;6;23;138;3
12002118001;47;28;25;12;7;84;1
12002119001;38;22;25;12;12;144;10
12002124001;29;17;25;6;20;120;1
12002158001;27;23;27;12;15;180;14
12002159001;27;23;27;12;15;180;4
12002948001;27;20;22;9;21;189;12
12002949001;27;20;22;9;21;189;6
12003006001;20;13;22;6;44;264;1
12003031001;31;19;22;12;19;228;2
12003046001;25;20;24;12;21;252;2
12003058001;19;12;17;8;65;520;2
12003064001;23;17;23;12;28;336;2
12003069001;28;23;23;12;17;204;6
12003073001;20;20;19;16;33;528;1
12003084001;31;18;23;12;19;228;3
12003086001;17;6;14;3;178;534;1
12003090001;17;16;20;12;46;552;1
12003104001;34;21;23;12;15;180;2
12003111001;20;10;17;6;74;444;1
12003113001;34;21;23;12;15;180;24
12003115001;27;21;28;12;16;192;7
12003130001;37;29;25;24;9;216;7
12003134001;31;19;23;12;18;216;13
12003135001;31;19;23;12;18;216;30
12003911001;26;21;22;12;21;252;42
12004016001;26;19;17;24;30;720;11
12004020001;26;19;17;24;30;720;24
12004063001;25;9;9;3;125;375;42
12005003001;25;20;22;12;23;276;6
12005003002;25;20;22;12;23;276;10
12005003003;25;20;22;12;23;276;8
12005003004;25;20;22;12;23;276;4
12005003005;25;20;22;12;23;276;11
12005007001;35;12;24;12;25;300;3
12005009007;32;20;19;12;20;240;4
12005015001;30;23;18;12;20;240;3
12005015002;30;23;18;12;20;240;2
12005015003;30;23;18;12;20;240;9
12005015004;30;23;18;12;20;240;24
12005015006;30;23;18;12;20;240;24
12005015007;31;24;22;12;15;180;2
12005015008;31;24;22;12;15;180;4
12005015010;31;24;22;12;15;180;4
12005019001;32;20;19;12;20;240;4
12005019002;32;19;19;12;22;264;5
12005019003;32;19;19;12;22;264;6
12005019005;32;19;19;12;22;264;5
12005019006;32;19;19;12;22;264;30
12005019008;32;21;19;12;19;228;3
12005056001;22;15;18;12;42;504;24
12005056002;22;15;18;12;42;504;6
12005056003;22;15;18;12;42;504;8
12005056004;22;15;18;12;42;504;2
12005072003;32;20;20;12;19;228;2
12005072005;32;20;20;12;19;228;1
12005082002;20;8;19;3;83;249;3
12005082003;20;8;19;3;83;249;3
12005082006;20;8;19;3;83;249;16
12005082007;20;8;19;3;83;249;9
12005082008;20;8;19;3;83;249;3
12005082010;20;8;19;3;83;249;2
12005082011;20;8;19;3;83;249;2
12005082013;20;8;19;3;83;249;2
12005083002;20;8;19;3;83;249;1
12005084001;15;9;16;3;118;354;3
12005084002;15;9;16;3;118;354;3
12005084004;15;9;16;3;118;354;1
12005084005;15;9;16;3;118;354;1
12005084006;15;9;16;3;118;354;2
12005084007;15;9;16;3;118;354;1
12005084008;15;9;16;3;118;354;2
12005084009;15;9;16;3;118;354;2
12005089004;42;34;20;12;8;96;5
12005093001;31;26;20;12;15;180;2
12005093002;31;26;20;12;15;180;4
12005093004;31;26;20;12;15;180;7
12005093005;31;26;20;12;15;180;2
12005093007;31;26;20;12;15;180;1
12005093008;31;26;20;12;15;180;8
12005093010;31;26;20;12;15;180;6
12005107006;41;21;20;12;14;168;1
12005107007;41;21;20;12;14;168;12
12005108002;31;27;18;12;16;192;6
12005108003;31;27;18;12;16;192;3
12005109003;40;21;20;12;15;180;3
12006020001;26;24;2;12;204;2448;42
12006048001;21;19;2;12;319;3828;3
12006067001;38;25;6;6;44;264;1
12006135001;38;24;5;6;55;330;3
12006144001;23;17;1;3;651;1953;1
12010001001;41;26;31;144;7;1008;6
12010003001;40;17;16;14;23;322;4
12010009001;43;28;26;48;8;384;12
12010010001;38;23;31;4;9;36;2
12010013001;42;36;17;12;9;108;1
12010020001;35;35;19;12;10;120;2
12010022001;30;28;23;72;13;936;7
12010023002;27;22;31;72;13;936;5
12010034001;15;11;13;8;118;944;3
12010036001;36;23;25;144;12;1728;3
12010037001;36;23;25;144;12;1728;9
12010040001;38;30;23;24;9;216;5
12010041001;33;18;17;24;25;600;9
12010042001;18;33;17;24;25;600;1
12010049001;31;22;20;8;18;144;6
12010051001;31;22;20;8;18;144;4
12010052001;38;31;13;24;16;384;2
12010053001;25;14;10;12;72;864;2
12010054001;46;29;20;24;9;216;2
12010055001;15;11;13;8;118;944;5
12010056001;48;32;19;24;8;192;1
12010058001;39;34;13;72;14;1008;8
12010059001;39;31;25;144;8;1152;2
12010060001;43;26;20;72;11;792;2
12010065001;15;11;13;8;118;944;1
12010067001;15;11;13;8;118;944;5
12010068001;15;11;13;8;118;944;1
12010071001;43;22;24;12;11;132;3
12010074001;35;23;27;18;11;198;2
12010077001;15;11;13;8;118;944;1
12010079001;15;11;13;8;118;944;6
12010080001;36;23;25;144;12;1728;2
12010084001;15;11;13;8;118;944;2
12010106001;30;19;18;60;24;1440;2
12010107001;31;19;18;60;24;1440;3
12010110001;27;26;23;12;15;180;10
12010113001;39;24;20;12;13;156;21
12010118001;42;26;20;12;11;132;8
12010119001;36;26;22;12;12;144;4
12010123001;30;21;21;12;19;228;6
12010124001;30;21;21;12;19;228;2
12010137001;43;22;24;12;11;132;2
12010144001;42;29;26;144;8;1152;1
12010145001;39;31;24;24;8;192;1
12010147001;35;23;12;12;26;312;4
12010149001;35;23;12;12;26;312;5
12010153001;26;17;18;12;32;384;7
12010156001;38;14;11;8;43;344;1
12010161001;21;20;20;36;30;1080;6
12010163001;38;15;19;12;23;276;2
12010171001;46;32;24;24;7;168;4
12010172001;41;36;25;36;6;216;1
12010173001;32;24;19;12;17;204;5
12010175001;38;14;11;8;43;344;2
12010176001;38;14;11;8;43;344;8
12010180001;23;16;21;12;32;384;2
12010192001;30;20;16;12;26;312;2
12010193001;39;34;17;20;11;220;4
12010198001;39;23;20;24;14;336;4
12010200001;35;21;13;12;26;312;2
12010206001;39;20;20;12;16;192;1
12010214001;46;34;25;24;6;144;2
12010227001;35;30;24;36;10;360;7
12010228001;35;30;24;36;10;360;1
12010234001;39;23;32;4;8;32;2
12010243001;39;31;24;24;8;192;2
12010261001;24;14;15;15;50;750;2
12010263001;48;32;22;24;7;168;4
12011003001;40;21;24;12;12;144;12
12011005001;39;26;26;12;9;108;4
12011018001;21;18;26;6;25;150;7
12011022001;35;29;23;12;10;120;4
12011033001;32;32;28;6;8;48;4
12011034001;47;22;26;12;9;108;1
12011038001;20;18;25;6;28;168;3
12011042001;23;21;28;6;18;108;2
12011044001;42;23;25;12;10;120;4
12011047001;49;24;26;6;8;48;3
12011050001;49;24;26;6;8;48;2
12011051001;43;28;28;12;7;84;16
12011056001;33;29;27;12;9;108;2
12011060001;38;29;27;12;8;96;5
12011061001;48;24;26;12;8;96;2
12011062001;42;23;25;12;10;120;1
12011065001;41;26;27;12;8;96;3
12011068001;42;28;26;12;8;96;2
12011069001;38;22;24;12;12;144;10
12011074001;48;28;26;12;7;84;4
12011075001;42;26;28;12;8;96;5
12011084001;47;22;27;12;9;108;3
12011085001;42;28;26;12;8;96;1
12011088001;32;23;22;9;15;135;1
12011092001;33;22;25;12;14;168;1
12011096001;48;28;26;12;7;84;8
12011100001;39;26;27;12;9;108;3
12011101001;48;28;26;12;7;84;1
12011102001;47;22;27;12;9;108;6
12011103001;31;15;22;6;24;144;2
12011109001;40;26;26;12;9;108;1
12011111001;36;14;24;6;21;126;1
12011117001;36;22;23;12;13;156;6
12011118001;31;15;22;6;24;144;4
12011120001;49;28;28;12;6;72;1
12011131001;49;29;28;12;6;72;2
12011133001;38;23;27;12;10;120;3
12011134001;28;17;22;12;24;288;1
12011136001;32;26;28;12;10;120;2
12011139001;33;22;25;12;14;168;2
12011140001;46;23;26;12;9;108;6
12011142001;33;22;25;12;14;168;5
12011144001;33;29;27;12;9;108;2
12011150001;43;26;28;12;8;96;4
12011152001;29;23;26;6;14;84;1
12011153001;37;21;28;12;11;132;2
12011154001;37;21;28;12;11;132;1
12011158002;41;27;27;12;8;96;1
12011159001;29;22;24;12;16;192;1
12011163001;34;29;23;12;11;132;3
12011168001;33;32;28;6;8;48;2
12011169001;43;26;28;12;8;96;1
12011171001;42;26;28;12;8;96;1
12011172001;39;29;28;12;8;96;1
12011173001;39;29;28;12;8;96;1
12011174001;32;22;22;12;16;192;2
12011177001;46;23;26;12;9;108;5
12011178001;42;22;23;12;11;132;9
12011179001;38;22;30;4;10;40;2
12011182001;36;19;19;12;19;228;1
12011184001;47;22;26;12;9;108;4
12011186001;38;23;27;12;10;120;3
12011189001;43;28;28;12;7;84;1
12011196001;47;22;26;12;9;108;2
12011199001;23;21;28;6;18;108;1
12011204001;31;21;28;12;13;156;1
12011210001;23;21;28;6;18;108;12
12011213001;44;23;26;12;9;108;1
12011215001;29;27;23;12;14;168;1
12011216001;29;27;24;12;13;156;1
12011220001;49;29;28;12;6;72;2
12011221001;42;23;25;12;10;120;2
12011226001;48;22;27;12;8;96;1
12011230001;42;22;23;12;11;132;1
12011231001;39;23;23;16;12;192;2
12011235001;38;21;28;12;11;132;3
12011237001;49;24;26;6;8;48;2
12011240001;28;15;26;6;23;138;1
12011243001;45;28;28;12;7;84;1
12011244001;50;27;24;12;7;84;2
12011247001;32;24;26;12;12;144;6
12011251001;40;26;26;12;9;108;7
12011252001;48;29;28;12;6;72;3
12011254001;32;26;28;12;10;120;2
12011255001;32;26;28;12;10;120;2
12011257001;39;26;28;12;8;96;2
12011262001;39;25;33;4;7;28;2
12011263001;47;23;28;12;8;96;1
12011264001;42;22;23;12;11;132;2
12011265001;23;21;28;6;18;108;3
12011267001;38;30;27;12;8;96;9
12011268001;45;28;28;12;7;84;2
12011275001;43;31;29;12;6;72;2
12011276001;48;28;28;12;6;72;1
12011277001;47;23;28;12;8;96;4
12011291001;42;23;23;12;11;132;10
12011293001;47;22;27;12;9;108;2
12011299001;29;26;25;12;13;156;5
12011304001;47;22;27;12;9;108;2
12011308001;47;22;27;12;9;108;3
12011310001;37;34;36;6;5;30;1
12011322001;39;26;27;12;9;108;1
12011329001;47;24;27;12;8;96;1
12011333001;42;29;27;12;7;84;2
12011334001;42;30;27;12;7;84;3
12011335001;49;27;24;12;8;96;4
12011337001;21;18;26;6;25;150;3
12011338001;42;23;25;12;10;120;2
12011339001;23;21;28;6;18;108;1
12011341001;48;29;27;12;6;72;2
12011342001;48;23;27;12;8;96;2
12011345001;29;25;22;12;15;180;5
12011347001;50;26;24;12;8;96;2
12011349001;37;16;27;6;15;90;6
12011351001;47;24;27;12;8;96;10
12011354001;42;29;27;12;7;84;4
12011355001;39;26;27;12;9;108;2
12011357001;32;26;22;12;13;156;7
12011358001;32;26;22;12;13;156;2
12011360001;38;29;24;12;9;108;2
12011362001;32;23;22;9;15;135;4
12011365001;42;31;28;12;6;72;6
12011367001;43;31;29;12;6;72;2
12011373001;32;19;23;12;18;216;22
12011374001;42;26;26;12;8;96;8
12011376001;29;25;22;12;15;180;8
12011378001;37;28;27;12;9;108;2
12011386001;20;20;20;6;31;186;3
12011398001;33;25;28;12;11;132;3
12011400001;44;33;23;12;7;84;1
12011402001;43;23;24;12;10;120;5
12011403001;45;22;27;12;9;108;2
12011409001;44;33;23;12;7;84;2
12011417001;40;21;28;12;10;120;2
12011433001;37;19;21;12;17;204;2
12011439001;44;23;25;12;10;120;1
12011451001;44;27;26;12;8;96;1
12011466001;38;23;27;12;10;120;1
12011473001;21;18;25;6;26;156;1
12011477001;48;28;28;12;6;72;6
12011479001;38;23;27;12;10;120;2
12011489001;32;23;22;12;15;180;2
12011999001;36;20;19;12;18;216;11
12012003001;33;18;24;12;17;204;2
12012012001;30;17;23;12;21;252;2
12012014001;30;16;20;12;26;312;4
12012022001;28;19;24;12;19;228;3
12012045001;27;20;8;6;59;354;1
12012048001;27;20;8;6;59;354;5
12012072001;28;19;10;12;47;564;1
12012098001;28;19;23;12;20;240;4
12012118001;20;20;20;6;31;186;3
12012119001;28;18;23;12;21;252;4
12012120001;20;20;20;6;31;186;3
12012164001;33;18;23;12;18;216;4
12012165001;33;19;23;12;17;204;2
12012168001;33;19;24;12;16;192;10
12012169001;33;19;24;12;16;192;7
12012170001;33;19;24;12;16;192;1
12012171001;26;18;24;12;22;264;3
12012196001;27;18;10;12;52;624;4
12012928001;22;16;18;12;40;480;2
12012969001;17;14;22;12;48;576;2
12012984001;37;19;19;24;19;456;4
12013034001;38;28;19;6;12;72;1
12014004001;38;28;19;20;12;240;2
12014022001;28;25;14;20;26;520;1
12014025001;42;31;34;24;5;120;1
12014032001;42;31;18;36;10;360;1
12014035001;42;31;18;36;10;360;22
12016005001;27;19;18;24;27;648;1
12016035001;28;19;18;24;26;624;3
12016042001;26;18;13;24;41;984;1
12016077001;23;12;12;12;76;912;1
12016078001;26;18;13;24;41;984;2
12016079001;26;18;13;24;41;984;1
12016099001;29;19;18;24;25;600;2
12016106001;26;18;13;24;41;984;2
12016111001;26;18;13;24;41;984;1
12016114001;26;20;13;24;37;888;4
12016139001;28;19;18;24;26;624;6
12017009001;24;16;22;8;30;240;1
12017016001;36;20;24;12;14;168;1
12017017001;24;16;22;8;30;240;4
12017018001;24;16;22;8;30;240;1
12017019001;24;16;22;8;30;240;1
12017039001;33;22;21;12;16;192;1
12017040001;33;22;21;12;16;192;2
12020003001;16;11;19;6;76;456;1
12020005003;32;19;19;12;22;264;1
12020008001;31;25;20;12;16;192;2
12020009001;49;23;19;60;11;660;8
12020020001;26;35;18;24;15;360;3
12020021001;21;16;19;12;39;468;3
12020026001;26;17;18;12;32;384;2
12020028001;21;16;17;12;44;528;1
12020032003;23;23;21;24;22;528;1
12020035001;29;20;18;12;24;288;1
12020036001;44;20;22;36;13;468;1
12020045001;14;6;19;3;159;477;2
12020046001;14;6;19;3;159;477;1
12020050001;38;29;18;24;12;288;1
12020051001;23;19;21;12;27;324;2
12020057001;31;23;19;12;18;216;2
12020068001;17;14;17;12;62;744;2
12020070001;19;16;17;12;49;588;3
12020078001;35;32;12;24;18;432;2
12020089001;28;25;15;24;24;576;2
12020090001;29;22;21;12;19;228;2
12020093001;21;16;17;12;44;528;9
12020101001;26;24;19;24;21;504;7
12020133001;28;19;18;12;26;312;2
12020138001;23;13;20;12;42;504;2
12020141001;21;16;19;12;39;468;2
12020147001;27;16;19;12;31;372;1
12020148001;32;13;23;12;26;312;1
12020163001;37;34;17;24;11;264;1
12020164001;32;19;19;12;22;264;1
12020165001;21;18;21;12;32;384;1
12020166001;32;19;19;12;22;264;6
12020175001;17;17;17;6;51;306;14
12020189001;30;25;16;24;21;504;2
12020190001;44;20;22;36;13;468;10
12020196001;32;19;21;12;19;228;14
12020203001;22;16;23;12;31;372;10
12020217001;26;18;19;12;28;336;8
12020221001;32;19;21;12;19;228;2
12020222001;31;15;18;12;30;360;10
12020225001;26;17;19;12;30;360;2
12020228001;21;15;20;6;40;240;6
12020232001;21;16;19;12;39;468;30
12020234001;34;20;20;12;18;216;27
12020237001;30;17;18;12;27;324;12
12020240001;20;13;19;6;51;306;15
12020242001;23;9;18;6;68;408;10
12020246001;19;13;20;6;51;306;8
12020249001;20;13;14;6;70;420;2
12020250001;26;11;16;6;55;330;2
12020253001;32;19;21;12;19;228;6
12020260001;22;9;16;6;80;480;2
12020264001;20;13;19;6;51;306;3
12020266001;20;13;19;6;51;306;1
12020271001;26;19;20;12;25;300;2
12020272001;18;13;20;6;54;324;3
12020282001;28;19;24;6;19;114;1
12020283001;28;19;24;6;19;114;5
12020312001;14;9;20;6;101;606;4
12020323001;14;10;20;6;91;546;6
12020324001;14;10;20;6;91;546;5
12020325001;19;13;19;6;54;324;5
12020326001;19;12;19;6;58;348;1
12020341001;26;17;20;12;28;336;15
12020342001;26;17;20;12;28;336;2
12020344001;21;18;21;12;32;384;12
12020362001;29;14;21;12;29;348;2
12020372001;44;20;22;36;13;468;1
12020383001;29;14;21;12;29;348;2
12020384001;29;14;21;12;29;348;8
12020416001;17;30;16;24;31;744;7
12020423001;17;14;17;12;62;744;2
12020425001;35;34;17;24;12;288;4
12020437001;23;16;19;12;36;432;1
12020471001;29;25;15;24;23;552;6
12020473001;21;16;19;12;39;468;2
12020485001;19;13;19;12;54;648;2
12020498001;19;13;19;6;54;324;4
12020901001;22;16;23;12;31;372;1
12020903001;28;19;19;12;25;300;2
12020920001;27;25;20;24;18;432;1
12020923001;32;26;16;24;19;456;6
12020926001;21;20;20;12;30;360;5
12020927001;32;18;19;10;23;230;2
12020956001;41;27;22;24;10;240;10
12020961001;29;22;22;12;18;216;1
12020964001;32;19;21;12;19;228;8
12020965001;32;19;21;12;19;228;2
12020966001;32;19;21;12;19;228;2
12021028001;22;20;17;12;34;408;14
12021042001;22;20;18;12;32;384;1
12021052001;29;22;25;12;15;180;2
12021069001;14;5;16;3;227;681;3
12021094001;15;10;17;6;99;594;1
12021912001;18;15;17;6;55;330;2
12021923001;23;14;18;12;43;516;2
12021969001;35;15;22;10;22;220;20
12021993001;18;14;18;12;56;672;10
12021994001;20;17;17;12;44;528;1
12022005001;14;5;15;3;242;726;52
12022008001;14;5;14;3;260;780;3
12022027001;22;20;18;12;32;384;1
12022030001;19;15;16;12;55;660;7
12022043001;23;10;15;6;73;438;9
12022047001;13;6;16;3;204;612;6
12022062001;22;20;17;12;34;408;9
12022096001;38;25;20;48;13;624;12
12022100001;24;16;20;24;33;792;16
12022109001;21;14;17;12;50;600;54
12022127001;23;10;15;6;73;438;9
12022128001;15;10;16;6;106;636;12
12022153001;20;20;28;12;22;264;1
12022184001;29;22;23;12;17;204;2
12022224001;16;16;18;12;55;660;3
12022275001;32;17;21;6;22;132;9
12023020001;27;12;17;80;46;3680;3
12023022001;20;20;13;24;49;1176;15
12023079001;16;6;20;3;132;396;1
12023093001;48;36;16;12;9;108;2
12023125001;21;14;7;6;123;738;6
12023195001;35;17;23;12;18;216;36
12023199001;27;12;17;80;46;3680;12
12023202001;35;17;23;12;18;216;3
12023217001;27;12;18;80;43;3440;3
12023227001;15;14;16;12;75;900;3
12023263001;15;13;7;12;186;2232;3
12023278001;23;17;20;12;32;384;24
12023463001;19;7;18;6;106;636;3
12031016001;17;7;8;3;267;801;6
12032035001;14;11;14;12;118;1416;8
12032072001;23;14;11;24;71;1704;4
12032121001;30;12;14;24;50;1200;1
12032224001;26;10;14;12;70;840;3
12032227001;26;10;14;12;70;840;5
12032540001;10;8;13;12;245;2940;24
12032541001;10;8;13;12;245;2940;12
12034001001;37;35;28;24;7;168;6
12034025001;28;28;11;12;29;348;20
12034038001;31;15;18;36;30;1080;1
12034051001;56;23;35;30;5;150;6
12034053001;46;35;24;24;6;144;1
12034063001;31;14;19;12;30;360;4
12034071001;28;20;21;24;21;504;4
12034075001;49;36;37;36;3;108;11
12034085001;16;15;18;6;58;348;1
12034100001;29;25;18;24;19;456;1
12034103001;28;28;11;12;29;348;1
12034104001;47;29;27;36;6;216;3
12034154001;20;16;2;6;398;2388;2
12034167001;17;9;12;12;138;1656;7
12034171001;18;16;4;6;221;1326;2
12034172001;18;18;2;6;393;2358;3
12034201001;58;46;44;48;2;96;2
12034211001;40;31;24;10;8;80;6
12100002001;36;33;22;48;9;432;1
12100003001;42;26;25;48;9;432;4
12100008001;47;27;21;48;9;432;2
12100009001;29;14;22;24;28;672;2
12100011001;45;21;24;48;11;528;1
12100012001;42;39;25;72;6;432;4
12100013001;36;33;22;48;9;432;3
12100017001;43;27;26;48;8;384;3
12100018001;59;25;24;72;7;504;2
12100019001;59;25;23;72;7;504;2
12100023001;42;38;24;72;6;432;5
12100026001;53;36;26;72;5;360;32
12100027001;46;32;27;48;6;288;1
12100028001;40;39;26;72;6;432;5
12100036001;51;27;17;144;10;1440;1
12100039001;45;26;24;18;9;162;8
12100040001;45;38;26;48;5;240;2
12100046001;41;38;24;72;6;432;2
12100051001;15;19;19;12;47;564;1
12100056001;36;32;24;48;9;432;6
12100059001;36;33;22;48;9;432;4
12100061001;35;31;24;48;9;432;10
12100069001;35;23;18;24;17;408;2
12100078001;41;31;21;60;9;540;16
12100091001;23;21;11;12;47;564;1
12100092001;48;29;26;12;7;84;1
12100093001;48;29;26;12;7;84;1
12100101001;49;29;26;48;6;288;4
12100103001;25;20;22;24;23;552;1
12101001002;32;18;18;36;24;864;1
12101003001;32;21;23;48;16;768;4
12101004001;17;15;14;12;71;852;1
12101005001;37;18;19;24;20;480;1
12101010001;23;22;17;48;29;1392;2
12101016001;14;10;13;12;140;1680;6
12101020001;28;23;18;36;21;756;1
12101033001;52;37;15;120;8;960;4
12101040001;35;34;18;48;11;528;1
12101040002;34;33;18;48;12;576;3
12102002001;34;35;22;48;9;432;1
12102010001;39;25;21;48;12;576;2
12102013001;36;21;24;40;14;560;2
12102016001;32;20;16;12;24;288;4
12102020001;38;25;21;48;12;576;1
12102021001;38;22;23;48;13;624;1
12102022001;38;25;20;48;13;624;20
12102024001;45;33;21;48;8;384;6
12102026001;26;24;20;24;20;480;3
12102027001;16;15;18;12;58;696;1
12102033001;26;24;20;24;20;480;2
12102035001;46;30;23;80;8;640;2
12102041001;44;21;19;48;14;672;2
12102042001;24;7;22;10;68;680;2
12102046001;25;23;20;24;22;528;1
12102047001;36;35;24;24;8;192;2
12102056001;45;22;20;48;12;576;2
12102057001;36;33;22;48;9;432;1
12102058001;44;21;20;48;13;624;1
12102059001;34;32;17;12;13;156;2
12102060001;16;15;18;12;58;696;6
12102067001;23;22;19;24;26;624;3
12102075001;16;15;18;12;58;696;1
12102080001;45;33;22;24;7;168;34
12102087001;17;15;18;12;55;660;6
12102091001;16;15;18;12;58;696;10
12102095001;23;23;17;12;28;336;12
12102100001;19;11;7;6;174;1044;24
12102107001;17;17;20;12;44;528;8
12102109001;44;30;20;60;9;540;8
12102112002;26;21;20;12;23;276;6
12102116001;37;33;18;12;11;132;12
12102118001;28;16;21;24;27;648;15
12102122001;17;17;20;12;44;528;42
12102132001;22;21;19;24;29;696;6
12102140001;23;23;17;12;28;336;2
12102141001;30;22;16;24;24;576;39
12102142001;23;23;17;12;28;336;12
12102144001;23;22;19;24;26;624;24
12102996001;17;15;18;12;55;660;3
12102997001;16;15;18;12;58;696;8
12103004001;30;14;25;12;24;288;2
12103005001;40;21;26;36;11;396;8
12103008001;27;24;24;8;16;128;4
12103011001;31;26;26;72;12;864;10
12103016001;23;21;25;60;21;1260;2
12103024001;30;23;27;72;13;936;2
12103025001;33;26;27;72;11;792;12
12103026001;36;29;27;96;9;864;35
12103027001;45;29;26;144;7;1008;9
12103029001;49;22;25;72;9;648;10
12103030001;36;27;25;96;10;960;48
12103031001;27;8;25;12;47;564;30
12103039001;39;28;27;24;8;192;7
12103040001;38;26;27;36;9;324;5
12103041001;34;29;25;72;10;720;3
12103047001;30;27;25;72;12;864;6
12103060001;42;27;27;120;8;960;6
12103066001;35;29;26;24;9;216;8
12103072001;27;18;20;48;26;1248;9
12103080001;29;29;26;72;11;792;10
12103081001;29;25;31;72;11;792;20
12103083001;43;19;26;72;11;792;6
12103089001;50;23;25;72;8;576;4
12103098001;29;25;31;72;11;792;12
12103099001;29;27;26;72;12;864;3
12103101001;43;30;26;24;7;168;10
12103105001;33;29;31;72;8;576;8
12103125001;33;28;26;24;10;240;6
12103144001;29;26;30;48;11;528;21
12103147001;26;21;26;60;17;1020;4
12103154001;26;19;26;48;19;912;9
12103160001;26;19;26;48;19;912;2
12103179001;23;8;5;6;277;1662;10
12103183001;30;22;27;72;14;1008;24
12104001001;18;10;17;12;83;996;10
12104002001;28;25;24;72;15;1080;8
12104003001;34;22;26;96;13;1248;8
12104011001;34;21;24;72;14;1008;21
12104015001;27;26;23;72;15;1080;12
12104021001;34;24;25;96;12;1152;6
12104027001;26;18;12;12;45;540;5
12104027002;26;18;12;12;45;540;4
12105001001;44;26;29;12;7;84;18
12105002001;43;31;26;12;7;84;5
12105005001;42;24;29;12;8;96;6
12105006001;36;20;21;12;16;192;9
12105009001;33;23;24;6;13;78;6
12105012001;36;21;25;12;13;156;12
12105013001;32;21;24;6;15;90;9
12105018001;26;24;21;12;19;228;6
12105021001;22;20;28;6;20;120;6
12105025001;40;29;20;12;10;120;12
12105034001;23;19;28;3;20;60;4
12105036001;36;18;20;12;19;228;12
12105043002;35;28;26;6;10;60;5
12105044001;23;19;27;6;21;126;18
12105045001;22;20;27;3;21;63;5
12105047001;19;16;23;3;36;108;6
12105051001;42;19;23;12;13;156;16
12105051002;37;19;23;12;15;180;33
12105058001;24;19;27;6;20;120;27
12105059001;21;19;19;6;33;198;6
12105066001;34;28;26;6;10;60;2
12105067001;35;28;26;6;10;60;4
12105068001;28;34;26;6;10;60;10
12105070001;21;19;19;6;33;198;9
12105071001;32;20;24;12;16;192;11
12105072001;19;17;24;6;32;192;33
12106001001;27;16;18;48;32;1536;12
12106002001;18;18;19;24;41;984;15
12106004001;27;27;11;24;31;744;4
12106005001;29;18;18;48;27;1296;6
12106006001;51;38;29;24;4;96;3
12106007001;37;23;32;24;9;216;6
12106011001;56;40;21;216;5;1080;10
12106012001;53;36;19;18;7;126;9
12106014001;40;25;17;12;14;168;36
12106016002;44;24;22;36;10;360;4
12106019001;35;23;44;24;7;168;13
12106026001;48;22;21;36;11;396;1
12106027001;34;24;20;48;15;720;12
12106029001;42;44;36;24;3;72;6
12106030001;27;16;18;48;32;1536;4
12106031001;26;18;28;24;19;456;3
12106034001;20;15;10;12;84;1008;1
12106035001;38;25;19;24;14;336;6
12106036002;12;5;13;6;326;1956;12
12106038001;35;35;38;24;5;120;12
12106039001;35;35;38;12;5;60;46
12106040001;21;10;19;24;63;1512;12
12106044001;40;25;18;18;14;252;4
12106055001;33;27;25;12;11;132;14
12106056001;27;22;21;12;20;240;15
12106063001;34;24;20;48;15;720;46
12106064001;57;43;23;36;4;144;5
12106066001;34;24;20;48;15;720;2
12106067001;39;25;17;18;15;270;6
12106070001;51;33;29;24;5;120;1
12106073001;40;37;18;18;9;162;6
12106086001;21;10;20;24;60;1440;22
12106087001;39;24;17;18;16;288;2
12106088001;40;25;17;18;14;252;2
12106097001;50;36;30;24;4;96;3
12106098001;37;23;32;24;9;216;7
12106101001;48;41;28;12;4;48;4
12106105001;49;31;26;20;6;120;4
12106107001;26;17;10;24;57;1368;1
12106113001;37;27;16;72;15;1080;2
12106999001;41;38;17;12;9;108;32
12110003001;14;11;20;6;82;492;32
12110015001;25;16;22;6;28;168;2
12110016001;18;11;18;6;71;426;2
12110022001;20;11;17;12;68;816;3
12110028001;39;31;33;48;6;288;6
12110037001;21;20;11;6;55;330;2
12110059001;18;11;21;6;61;366;1
12110068001;22;9;18;12;71;852;10
12110074001;31;14;20;6;29;174;4
12111003001;34;29;23;12;11;132;1
12111014001;14;10;13;12;140;1680;1
12111030001;20;13;10;12;98;1176;4
12112002001;31;6;21;6;65;390;1
12112009001;31;22;19;24;19;456;1
12112025001;33;6;21;6;61;366;2
12112026001;33;6;21;6;61;366;2
12120001001;40;22;16;24;18;432;3
12120004001;40;26;16;24;15;360;2
12120006001;36;30;19;12;12;144;2
12120007001;36;30;19;12;12;144;12
12120011001;39;19;16;24;21;504;246
12120015001;39;20;16;24;20;480;24
12120018001;36;30;19;12;12;144;13
12120024001;44;27;18;36;11;396;132
12120031001;40;25;16;24;15;360;144
12120034001;44;27;19;36;11;396;6
12120038001;40;23;16;24;17;408;12
12120039001;36;30;19;12;12;144;1
12120040001;36;33;39;18;5;90;3
12120041001;38;30;29;15;7;105;8
12120052001;43;29;24;36;8;288;10
12120053001;44;29;24;36;8;288;9
12120064001;39;29;16;36;14;504;24
12120065001;39;29;16;36;14;504;17
12120072001;28;26;30;36;11;396;9
12120085001;31;29;22;12;12;144;2
12120086001;42;22;16;24;17;408;2
12120087001;40;24;16;24;16;384;4
12120088001;43;20;16;24;18;432;12
12120090001;41;23;24;36;11;396;35
12120091001;43;20;16;24;18;432;12
12120898001;39;27;23;36;10;360;2
12121004001;35;29;32;48;7;336;5
12121006002;55;24;21;24;9;216;3
12121007001;55;24;21;24;9;216;9
12121010001;42;25;16;24;15;360;2
12121023001;54;27;38;48;4;192;2
12121024001;48;33;24;27;6;162;2
12121027001;28;23;24;12;16;192;2
12121032001;46;29;45;36;4;144;1
12121034001;33;29;30;8;8;64;12
12121037001;44;29;22;24;9;216;5
12121038001;32;29;23;24;11;264;2
12121048001;42;29;21;24;9;216;2
12121050001;37;21;30;24;10;240;1
12121051001;42;31;26;48;7;336;1
12121056001;45;27;13;12;16;192;1
12121059001;42;31;29;24;6;144;6
12121066001;37;28;20;24;12;288;2
12121078001;46;24;28;12;8;96;3
12121087001;42;32;23;24;8;192;12
12121091001;42;32;23;24;8;192;24
12121103001;36;22;22;24;14;336;1
12122002002;60;23;22;24;8;192;1
12122005001;43;32;33;24;5;120;4
12122007001;56;27;47;48;3;144;1
12122008001;38;21;29;24;11;264;1
12122009001;32;19;21;12;19;228;1
12122012001;43;37;28;24;5;120;2
12122014001;59;23;21;24;8;192;1
12122015001;54;40;39;48;3;144;4
12122016001;31;28;23;24;12;288;4
12122021001;56;29;45;36;3;108;2
12122023002;58;27;21;24;7;168;4
12122030001;27;23;22;12;18;216;48
12122034001;45;27;13;12;16;192;1
12122037001;42;26;21;24;11;264;1
12122045001;46;36;33;24;4;96;1
12122052001;35;26;23;16;12;192;3
12123001001;49;30;34;12;5;60;24
12123005001;37;24;32;8;8;64;11
12123013001;57;30;45;48;3;144;24
12123014001;44;32;21;12;8;96;15
12123015001;44;32;21;12;8;96;1
12123016002;49;30;21;24;8;192;2
12123024001;49;37;23;18;6;108;1
12123025001;29;23;21;24;18;432;3
12123029001;60;27;26;24;6;144;6
12123031001;32;26;26;24;11;264;2
12123034001;34;23;33;36;9;324;1
12123038001;28;23;28;12;14;168;3
12123042001;57;30;45;48;3;144;20
12123055001;38;28;32;8;7;56;70
12123056001;27;23;26;24;15;360;15
12123057001;43;36;49;18;3;54;17
12123063001;46;58;45;48;2;96;27
12123064001;65;40;40;48;2;96;21
12123066001;39;32;30;24;6;144;7
12123068001;55;34;26;24;5;120;6
12123069001;56;37;24;18;5;90;1
12123075001;38;28;41;24;5;120;24
12123077001;42;32;41;24;4;96;2
12123079001;33;28;19;12;14;168;2
12123080001;31;26;23;24;13;312;19
12123085001;41;27;31;24;7;168;52
12123086001;40;38;30;24;5;120;21
12123090001;58;28;21;24;7;168;2
12123096001;58;36;46;48;2;96;22
12123102001;45;16;20;12;17;204;21
12123109001;37;33;35;18;5;90;18
12123110001;55;34;26;24;5;120;6
12123127001;36;30;22;24;10;240;6
12123128001;42;26;20;24;11;264;10
12123131001;60;38;29;48;3;144;2
12123132001;51;38;38;48;3;144;26
12123133001;41;31;39;24;5;120;39
12123147001;43;36;26;24;6;144;3
12123151001;43;36;26;24;6;144;3
12123897001;59;31;26;24;5;120;4
12123898001;59;37;26;24;4;96;10
12125001001;22;18;16;12;40;480;1
12125004001;25;19;16;12;33;396;11
12125005001;42;31;17;24;11;264;6
12125006001;48;27;16;12;12;144;15
12130001001;50;25;48;6;4;24;37
12130004001;46;33;41;6;4;24;15
12130008001;56;44;36;4;2;8;22
12130010001;56;44;38;4;2;8;24
12130011001;45;31;53;12;3;36;34
12130012001;59;44;33;12;2;24;12
12130016001;50;27;44;6;4;24;3
12130026001;52;45;38;4;2;8;9
12130031001;48;37;39;4;3;12;12
12130035001;43;38;40;4;3;12;13
12130038001;58;31;46;6;3;18;12
12130041001;53;46;39;4;2;8;40
12130045001;61;32;44;6;2;12;4
12130047001;61;32;45;6;2;12;43
12130048001;58;44;38;4;2;8;3
12130049001;56;46;39;4;2;8;25
12130051001;54;44;29;3;3;9;13
12130052001;59;38;31;3;3;9;3
12130071001;53;32;18;4;8;32;74
12130075001;61;43;42;12;2;24;7
12130084001;46;28;39;6;5;30;3
12130085001;56;48;32;6;2;12;6
12130086001;61;45;29;6;3;18;5
12130088001;52;48;31;6;3;18;6
12130089001;46;28;39;6;5;30;5
12130111001;49;47;32;6;3;18;12
12130112001;60;44;42;12;2;24;50
12150004001;29;22;23;12;17;204;4
12150005001;29;22;24;12;16;192;6
12150007001;29;22;24;12;16;192;4
12150009001;40;24;22;12;12;144;14
12150016001;43;21;23;12;12;144;2
12150039001;30;22;23;12;16;192;2
12151006001;35;21;24;12;14;168;5
12151015001;43;22;23;12;11;132;7
12151088001;45;27;27;12;7;84;28
12151089001;45;27;27;12;7;84;5
12151092001;35;24;25;12;12;144;12
12151093001;26;22;23;12;19;228;12
12151094001;34;24;26;12;12;144;5
12151096001;35;24;25;12;12;144;5
12151110001;24;18;26;6;22;132;2
12152004001;32;28;20;24;14;336;5
12152005001;26;18;15;24;36;864;3
12152062001;28;23;22;12;17;204;1
12201064001;77;40;28;80;2;160;9
12201067001;77;42;41;120;1;120;5
12201077001;79;48;38;96;1;96;20
12201080001;78;48;40;4;1;4;15
12201084001;78;48;39;4;1;4;11
12201099001;48;36;36;60;4;240;75
12201103001;79;48;38;96;1;96;16
12201104001;78;48;38;96;1;96;6
12201110001;60;47;39;72;2;144;8
12201111001;46;27;22;72;9;648;38
12201112001;50;27;23;36;8;288;22
12201129001;60;47;38;12;2;24;23
12211017001;58;35;46;28;2;56;49
12212003001;36;24;25;16;11;176;42
12212005001;24;36;25;12;11;132;10
12212006001;35;23;22;12;14;168;13
12212010001;29;28;19;60;16;960;21
12212011001;37;25;26;16;10;160;452
12212017001;27;25;23;72;16;1152;239
12212020001;36;25;23;12;12;144;42
12212030001;27;25;28;24;13;312;6
12212033001;51;26;23;12;8;96;29
12212035001;37;24;29;4;9;36;10
12212036001;45;27;15;36;13;468;20
12212037001;27;25;22;72;17;1224;6
12212040001;36;25;23;12;12;144;8
12212056001;37;16;20;12;21;252;2
12212057001;58;23;27;20;7;140;4
12212058001;46;32;20;24;8;192;12
12212059001;33;25;19;12;16;192;2
12212061001;33;25;21;12;14;168;4
12212062001;34;30;21;48;11;528;94
12212069001;37;24;29;4;9;36;151
12230008001;27;36;45;1;5;5;8
12230999001;52;37;34;8;3;24;6
12231005001;42;36;42;3;4;12;4
12232010001;44;36;37;3;4;12;23
12232017001;55;34;43;4;3;12;8
12232999001;42;40;43;3;3;9;50
12233011001;55;28;45;4;3;12;7
12233023001;44;39;45;3;3;9;39
12233028001;60;26;43;5;3;15;6
12233034001;30;26;30;1;10;10;10
12233035001;36;32;41;2;5;10;13
12234005001;48;38;26;3;5;15;4
12234029001;48;35;48;3;3;9;4
12234038001;30;27;32;1;9;9;12
12234901001;50;30;39;3;4;12;20
12234915001;43;31;50;6;3;18;6
12234916001;44;40;27;6;5;30;24
12234920001;45;33;43;4;3;12;4
12234921001;51;24;43;3;4;12;3
12234934001;49;43;22;3;5;15;14
12301001001;51;37;32;60;4;240;22
12301004001;37;24;29;24;9;216;4
12301010001;38;25;18;24;14;336;3
12301011001;49;21;27;24;9;216;3
12301023001;52;38;34;360;3;1080;8
12301027001;53;35;33;360;4;1440;12
12302044001;24;13;17;12;48;576;7
12302047001;24;13;17;12;48;576;5
12320030001;23;15;17;6;43;258;8
12321040001;42;33;27;24;6;144;3
12322054001;40;30;24;12;8;96;19
12323010001;23;16;17;6;40;240;94
12323109001;40;28;13;6;17;102;41
12324139001;22;16;17;6;42;252;10
12325047001;25;24;20;6;21;126;6
12326002001;38;29;24;6;9;54;23
12326005001;46;16;26;3;13;39;189
12326090001;23;16;17;6;40;240;20
12326152001;29;21;15;6;27;162;5
12326167001;23;16;17;6;40;240;9
12327002001;58;41;22;6;4;24;20
12327007001;54;40;30;12;3;36;11
12327009001;41;27;10;24;23;552;9
12327014001;41;29;19;6;11;66;2
12327015001;53;40;17;12;7;84;7
12327022001;46;30;22;6;8;48;9
12327023001;61;31;22;6;6;36;3
12327025001;42;28;10;1;21;21;4
12327027001;54;41;17;12;6;72;8
12327028001;42;28;11;24;19;456;12
12327040001;53;41;19;12;6;72;38
12327048001;41;27;10;1;23;23;5
12327050001;35;24;16;1;18;18;11
12327052001;55;44;20;12;5;60;13
12327054001;53;40;17;12;7;84;21
12327056001;41;28;10;24;22;528;3
12327057001;42;29;9;1;23;23;4
12327058001;37;30;14;1;16;16;1
12327059001;41;27;10;1;23;23;2
12327062001;52;32;35;6;4;24;11
12327063001;41;27;10;1;23;23;8
12327064001;41;27;10;1;23;23;5
12327077001;39;35;21;4;8;32;4
12327086001;38;29;16;12;14;168;4
12327088001;41;27;10;1;23;23;20
12343304001;33;22;16;6;21;126;7
12344036001;25;17;6;10;99;990;6
12344037001;25;17;6;10;99;990;4
14000002001;34;27;35;12;7;84;3
14000003001;60;34;28;7;4;28;15
14000006001;60;34;29;9;4;36;15
14000008001;44;35;22;5;7;35;3
14000010001;48;32;23;5;7;35;5
14000011001;65;36;20;5;5;25;7
14000014001;41;34;23;5;7;35;4
14000015001;45;34;24;5;6;30;24
14000018001;53;29;19;12;8;96;37
14000020001;60;34;29;9;4;36;76
14000021001;46;28;14;12;14;168;58
14000022001;41;21;13;10;22;220;37
14000023001;40;27;26;20;9;180;34
14000025001;41;29;22;10;9;90;21
14000027001;46;32;21;5;8;40;15
14000032001;47;27;36;12;5;60;9
14000033001;44;28;14;12;14;168;1
14000036001;45;25;19;12;11;132;3
14000039001;46;28;14;12;14;168;4
14000040001;40;27;35;12;6;72;28
14000041001;40;27;35;12;6;72;42
14000042001;46;28;14;12;14;168;6
14000043001;46;28;14;12;14;168;30
14000050001;41;30;28;8;7;56;1
14000055001;38;28;35;12;6;72;5
14000057001;52;32;28;10;5;50;22
14000060001;35;27;35;12;7;84;32
14000061001;50;32;17;10;9;90;2
14000066001;68;28;26;8;5;40;10
14000067001;32;28;34;12;8;96;4
14000071001;39;32;22;10;9;90;16
14000073001;60;34;22;14;5;70;9
14000075001;60;33;20;11;6;66;7
14000098001;45;25;19;12;11;132;10
14000099001;38;27;35;12;7;84;3
14000102001;38;28;35;12;6;72;40
14000106001;40;30;24;8;8;64;35
14000123001;41;34;35;10;5;50;3
14000131001;38;33;26;12;7;84;7
14000196001;46;30;29;12;6;72;11
14000197001;46;30;29;12;6;72;7
14000219001;64;37;41;12;2;24;26
14000220001;37;27;35;12;7;84;4
14000322001;37;27;35;12;7;84;6
14001001001;36;24;38;8;7;56;4
14001002001;37;35;26;18;7;126;14
14001003001;37;38;23;18;7;126;9
14001007001;30;20;22;12;19;228;13
14001008001;61;23;24;18;7;126;8
14001009001;44;31;31;24;6;144;6
14001010001;61;23;24;18;7;126;11
14001012001;36;24;38;8;7;56;4
14001014001;61;23;24;18;7;126;4
14001017001;44;37;34;10;4;40;85
14001018001;44;31;31;24;6;144;5
14001019001;44;37;33;10;4;40;4
14001029001;45;37;33;10;4;40;19
14001030001;46;42;30;12;4;48;24
14001031001;34;25;25;10;11;110;11
14001033001;46;42;30;12;4;48;3
14001034001;34;25;25;10;11;110;19
14001036001;34;26;24;10;12;120;26
14001044001;38;34;28;30;7;210;11
14001045001;47;32;23;8;7;56;87
14001047001;47;32;23;8;7;56;3
14001050001;44;37;33;10;4;40;55
14001052001;47;32;22;12;7;84;6
14001053001;50;34;36;12;4;48;28
14001058001;44;37;33;10;4;40;12
14001060001;30;20;22;12;19;228;11
14001066001;58;32;34;12;4;48;6
14001070001;36;33;32;12;6;72;6
14001074001;50;27;28;12;6;72;3
14001075001;50;25;35;40;5;200;14
14001080001;36;33;32;12;6;72;9
14001084001;41;30;28;12;7;84;17
14001085001;36;33;32;12;6;72;2
14001086001;42;32;30;12;6;72;7
14001089001;41;30;28;12;7;84;3
14001090001;61;33;29;12;4;48;5
14001092001;61;33;29;12;4;48;12
14001093001;50;34;34;12;4;48;3
14001096001;48;20;25;12;10;120;14
14001097001;48;20;25;12;10;120;9
14001104001;43;30;28;12;7;84;6
14001128001;40;33;31;12;6;72;2
14001136001;38;30;19;20;11;220;16
14001138001;56;26;27;12;6;72;38
14001143001;40;23;24;12;11;132;11
14001149001;40;39;27;12;6;72;1
14001150001;40;39;27;12;6;72;10
14001635001;36;26;34;10;8;80;3
14002002001;46;36;26;12;5;60;4
14002003001;55;29;25;12;6;72;2
14002008001;46;35;30;12;5;60;2
14002013001;46;35;30;12;5;60;3
14002021001;34;27;18;12;15;180;1
14002022001;34;27;18;12;15;180;21
14002024001;34;27;19;12;14;168;2
14002026001;39;30;20;12;10;120;3
14002027001;39;30;20;12;10;120;22
14002032001;46;36;26;12;5;60;34
14002040001;38;29;21;12;11;132;102
14002046001;43;21;42;24;6;144;6
14002052001;43;21;42;24;6;144;111
14003005001;49;37;27;16;5;80;54
14003009001;34;26;25;10;11;110;24
14003011001;58;33;37;12;3;36;12
14003013001;44;33;17;12;10;120;5
14003019001;38;36;24;18;7;126;23
14003029001;37;36;24;18;7;126;21
14003037001;43;33;28;12;6;72;3
14003041001;37;36;26;18;7;126;47
14010002001;62;45;34;12;2;24;5
14010006001;39;26;19;15;13;195;13
14010011001;51;42;24;6;4;24;19
14010012001;47;27;25;12;8;96;10
14010019001;33;29;16;6;16;96;4
14010023001;47;32;40;12;4;48;7
14010025001;32;29;15;6;18;108;53
14010027001;45;21;16;24;16;384;25
14010029001;47;29;25;12;7;84;52
14010030001;48;28;22;10;8;80;36
14010031001;50;42;24;6;5;30;7
14010034001;51;31;26;6;6;36;4
14010036001;33;29;16;6;16;96;17
14010038001;39;26;18;15;13;195;33
14010040001;38;33;21;10;9;90;5
14010041001;48;33;41;12;3;36;23
14010047001;47;29;25;12;7;84;6
14010048001;47;29;25;12;7;84;11
14010049001;44;27;28;12;7;84;6
14010050001;39;26;19;15;13;195;1
14010060001;52;33;25;12;5;60;36
14010062001;37;20;28;12;12;144;22
14010064001;48;33;41;12;3;36;24
14010071001;61;47;38;12;2;24;17
14010072001;48;33;41;12;3;36;31
14010078001;37;20;28;12;12;144;29
14010079001;37;20;28;12;12;144;8
14010084001;63;45;35;12;2;24;15
14010088001;42;33;14;15;13;195;24
14010094001;34;29;16;6;16;96;32
14010097001;50;40;28;6;4;24;20
14010140001;40;29;12;12;18;216;16
14010142001;61;39;29;8;3;24;9
14010145001;55;37;24;16;5;80;21
14010149001;55;37;24;16;5;80;25
14010151001;55;37;24;16;5;80;4
14010170001;60;45;32;12;2;24;52
14010173001;44;26;23;10;9;90;64
14010178001;44;26;23;10;9;90;7
14010187001;55;37;24;16;5;80;59
14010194001;35;32;25;6;9;54;3
14010210001;35;26;21;1;13;13;17
14010219001;44;26;23;10;9;90;8
14010247001;34;29;16;6;16;96;30
14010283001;28;28;22;16;14;224;19
14010284001;28;28;20;16;16;256;17
14010285001;48;35;23;10;6;60;16
14010897001;64;41;37;12;2;24;40
14010898001;48;44;43;12;2;24;24
14010899001;64;41;37;12;2;24;13
14011003001;43;33;20;6;8;48;8
14011004001;52;33;32;12;4;48;8
14011005001;52;29;26;12;6;72;3
14011006001;51;28;27;12;6;72;5
14011009001;48;29;26;12;7;84;5
14011010001;52;29;27;12;6;72;1
14011014001;52;32;33;12;4;48;5
14011015001;53;33;33;12;4;48;4
14011018001;56;45;20;24;5;120;55
14011022001;38;29;26;12;8;96;6
14011024001;43;32;21;6;8;48;5
14011027001;52;32;33;12;4;48;6
14011028001;43;33;20;6;8;48;14
14011029001;59;39;40;12;2;24;10
14011030001;59;39;40;12;2;24;5
14011031001;43;31;20;6;9;54;2
14011032001;51;31;26;6;6;36;15
14011034001;45;30;30;10;6;60;7
14011042001;45;28;23;10;8;80;4
14011044001;36;36;25;12;7;84;8
14011045001;45;31;17;25;10;250;11
14011051001;36;36;25;12;7;84;3
14011052001;50;39;29;24;4;96;4
14011053001;50;40;27;24;4;96;4
14011059001;43;33;20;6;8;48;5
14011063001;34;25;21;12;14;168;4
14011065001;49;29;25;12;7;84;2
14011095001;43;33;20;6;8;48;13
14011929001;50;29;26;12;6;72;4
14012019001;35;41;30;18;5;90;28
14013001001;52;29;30;12;5;60;5
14013002001;52;30;30;12;5;60;4
14013004001;62;34;43;12;2;24;7
14013006001;52;30;28;12;5;60;3
14013007001;52;30;28;12;5;60;2
14013014001;37;34;13;12;15;180;2
14013015001;37;34;13;12;15;180;5
14013022001;52;30;27;12;6;72;6
14013964001;52;30;27;12;6;72;2
14014005001;59;39;33;12;3;36;3
14014006001;60;41;29;6;3;18;15
14014011001;44;30;39;12;4;48;1
14014013001;44;30;39;12;4;48;5
14014014001;61;40;40;10;2;20;7
14014015001;60;40;35;12;3;36;10
14014018001;43;30;39;12;5;60;5
14014026001;48;31;39;12;4;48;9
14014031001;59;40;40;8;2;16;6
14020006001;59;36;21;6;5;30;2
14020008001;41;22;26;12;10;120;10
14020013001;37;25;23;12;11;132;4
14020015001;52;29;26;12;6;72;5
14020030001;57;32;31;12;4;48;8
14020053001;30;30;23;16;12;192;5
14020926001;62;45;36;12;2;24;7
14020949001;49;30;36;6;4;24;4
14020951001;43;28;26;12;8;96;14
14020956001;50;46;38;8;2;16;2
14020976001;60;38;22;6;5;30;7
14020977001;30;24;23;20;15;300;6
14021005001;30;30;23;16;12;192;2
14021006001;47;27;28;12;7;84;71
14021010001;42;32;13;12;14;168;12
14021015001;51;29;26;12;6;72;8
14021017001;61;47;38;12;2;24;4
14021036001;57;32;31;12;4;48;3
14021055001;51;29;26;12;6;72;2
14021068001;29;15;13;8;45;360;4
14021109001;30;24;23;20;15;300;2
14022001001;52;29;26;12;6;72;14
14022002001;51;29;26;12;6;72;5
14022003001;50;29;26;12;6;72;6
14022012001;59;36;21;6;5;30;3
14022019001;57;28;25;10;6;60;155
14022020001;43;28;30;12;7;84;2
14022027001;31;19;26;15;16;240;10
14022029001;41;30;27;6;7;42;37
14022032001;49;32;31;6;5;30;6
14022033001;31;49;32;6;5;30;4
14022041001;59;36;21;6;5;30;8
14022059001;49;39;36;6;3;18;5
14022086001;52;30;27;12;6;72;13
14022118001;48;32;40;12;4;48;6
14023003001;51;29;26;12;6;72;18
14023012001;59;36;21;6;5;30;13
14023017001;50;47;38;8;2;16;9
14023019001;49;36;29;12;4;48;1
14023027001;42;33;28;6;6;36;12
14023028001;57;39;41;12;2;24;14
14023029001;59;39;40;12;2;24;2
14023034001;40;29;26;6;8;48;8
14023044001;48;27;23;10;8;80;13
14023050001;63;35;33;8;3;24;9
14023056001;52;40;23;12;5;60;3
14023083001;42;32;13;12;14;168;5
14023115001;40;29;26;6;8;48;14
14023126001;30;30;23;16;12;192;18
14023127001;30;30;23;16;12;192;12
14023129001;30;30;23;16;12;192;15
14023132001;30;30;23;16;12;192;12
14023140001;49;36;29;12;4;48;9
14023194001;61;34;31;10;3;30;6
14023210001;36;6;20;1;59;59;4
14023212001;30;24;23;20;15;300;4
14023257001;37;22;25;14;12;168;4
14023307001;47;27;23;10;8;80;19
14023310001;42;32;14;12;13;156;3
14023503001;42;32;13;12;14;168;4
14100001001;41;27;36;12;6;72;2
14100003001;40;27;37;12;6;72;2
14100005001;24;16;15;5;44;220;4
14100007001;44;27;18;10;11;110;2
14100009001;42;27;36;12;6;72;2
14100012001;41;27;36;12;6;72;2
14100020001;50;40;37;24;3;72;1
14100027001;50;41;37;24;3;72;2
14100031001;32;30;15;12;17;204;2
14101002001;44;27;18;10;11;110;1
14101004001;33;28;38;12;7;84;4
14101007001;37;26;22;12;12;144;3
14101016001;32;17;14;48;33;1584;10
14101017001;32;17;14;48;33;1584;3
14101021001;32;17;14;48;33;1584;2
14101024001;33;27;39;12;7;84;3
14101074001;42;35;28;10;6;60;8
14102007001;45;27;19;10;11;110;2
14102008001;41;31;21;12;9;108;1
14102025001;33;24;26;5;12;60;5
14102026001;45;27;29;48;7;336;3
14102040001;61;28;22;15;6;90;5
14102067001;39;35;25;10;7;70;3
14102087001;53;22;28;12;7;84;2
14102115001;53;22;28;12;7;84;2
14102223001;32;17;14;48;33;1584;10
14102238001;42;34;28;10;6;60;5
14102246001;51;21;34;10;6;60;3
14102249001;51;21;34;10;6;60;2
14102250001;51;21;34;10;6;60;5
14102258001;51;21;34;10;6;60;7
14103009001;39;26;32;8;7;56;9
14103018001;40;38;26;10;6;60;3
14103030001;55;38;24;15;5;75;10
14103057001;55;38;24;15;5;75;1
14103058001;29;19;18;8;25;200;8
14103084001;37;2;18;12;191;2292;1
14103106001;59;39;17;6;6;36;3
14104002001;41;27;37;12;6;72;3
14104012001;74;29;23;15;5;75;40
14104016001;40;23;36;12;7;84;3
14104017001;42;40;28;12;5;60;6
14104028001;39;19;13;6;26;156;7
14104030001;45;27;19;10;11;110;6
14104042001;32;26;23;5;13;65;19
14104067001;37;26;39;12;6;72;12
14104088002;44;33;26;12;6;72;2
14104090001;42;32;22;12;8;96;8
14104098001;56;29;25;20;6;120;11
14104101001;33;25;39;12;7;84;13
14104108001;33;19;11;6;36;216;3
14104113001;42;35;27;10;6;60;8
14104114001;45;27;29;48;7;336;11
14104117001;56;28;27;20;6;120;1
14104118001;74;29;23;15;5;75;11
14104129001;45;55;20;12;5;60;1
14104139001;55;38;24;15;5;75;1
14104146001;61;34;28;16;4;64;2
14104148001;38;32;22;20;9;180;5
14104150001;52;43;24;8;4;32;19
14104151001;52;43;24;8;4;32;18
14104162001;45;28;29;48;6;288;24
14104169001;42;34;27;10;6;60;24
14104193001;61;31;23;12;5;60;4
14104200001;32;28;39;12;7;84;2
14105008001;38;26;18;40;14;560;2
14105026001;36;34;18;9;11;99;8
14105129001;36;34;18;9;11;99;9
14105130001;36;34;18;9;11;99;26
14110002001;43;26;22;10;10;100;2
14110003001;46;25;23;16;9;144;1
14110006001;45;26;21;12;10;120;6
14110010001;43;26;22;10;10;100;22
14110011001;44;26;24;8;9;72;2
14110015001;46;25;21;12;10;120;3
14110019001;43;26;22;10;10;100;7
14110028001;41;25;24;8;10;80;4
14110029001;42;25;23;8;10;80;17
14110054001;47;25;23;16;9;144;30
14110056001;42;32;26;5;7;35;6
14110078001;29;20;20;12;21;252;6
14110081001;35;35;26;12;8;96;1
14110084001;74;29;24;15;4;60;3
14110086001;74;29;24;15;4;60;2
14110106001;50;33;20;10;7;70;20
14110145001;41;20;15;12;20;240;6
14110154001;35;30;25;10;9;90;3
14110163001;35;35;26;12;8;96;9
14110270001;33;13;26;1;22;22;1
14111001001;43;36;28;6;5;30;2
14111002001;37;26;17;6;15;90;1
14111004001;41;21;15;12;19;228;2
14111005001;38;28;25;12;9;108;4
14111006001;38;28;26;12;9;108;1
14111007001;57;23;30;10;6;60;3
14111008001;50;28;21;10;8;80;7
14111010001;65;43;26;8;3;24;10
14111011001;55;22;31;6;6;36;6
14111012001;53;21;20;12;11;132;13
14111015001;66;44;26;8;3;24;3
14111017001;46;25;18;6;12;72;6
14111018001;38;21;18;24;17;408;2
14111020001;49;41;36;24;3;72;3
14111023001;42;33;31;12;5;60;12
14111024001;57;23;30;10;6;60;2
14111029001;53;28;21;10;8;80;2
14111034001;47;35;37;24;4;96;1
14111035001;42;32;25;10;7;70;5
14111036001;37;34;27;6;7;42;2
14111037001;50;41;38;24;3;72;10
14111038001;48;41;30;24;4;96;1
14111040001;49;41;38;24;3;72;4
14111041001;43;35;24;10;7;70;3
14111048001;43;35;24;10;7;70;3
14111050001;54;22;22;12;9;108;28
14111053001;47;20;25;12;10;120;28
14111055001;60;34;34;9;3;27;5
14111090001;49;41;38;24;3;72;4
14111098001;38;24;33;12;8;96;11
14111102001;42;24;32;12;7;84;1
14111107001;38;24;33;12;8;96;4
14111118001;61;34;34;9;3;27;6
14111119001;60;33;31;10;4;40;2
14111120001;47;20;25;12;10;120;7
14111132001;44;39;17;20;8;160;3
14111134001;44;39;17;20;8;160;6
14111230001;42;24;31;12;8;96;1
14112007001;40;28;31;10;7;70;16
14112009001;57;27;23;10;7;70;2
14112013001;40;28;31;10;7;70;2
14112014001;46;28;31;10;6;60;6
14112016001;59;28;24;10;6;60;12
14112021001;58;26;24;10;7;70;6
14112038001;40;40;17;10;9;90;10
14112040001;29;18;21;1;23;23;6
14112054001;57;26;23;10;7;70;6
14113013001;35;26;25;12;11;132;4
14113066001;42;25;23;8;10;80;4
14120002001;39;27;24;16;10;160;2
14120017001;41;31;22;12;9;108;3
14120019001;46;26;20;12;10;120;2
14120020001;45;18;26;12;12;144;7
14120024001;31;42;22;10;8;80;4
14121006001;41;34;26;10;7;70;4
14121014001;46;26;20;12;10;120;5
14121017001;46;26;20;12;10;120;4
14121019001;48;38;19;12;7;84;8
14121057001;34;26;24;10;12;120;6
14121059001;34;26;24;10;12;120;8
14121061001;39;36;27;10;6;60;5
14121062001;48;39;19;12;7;84;2
14121063001;39;31;22;12;9;108;36
14121064001;39;31;22;12;9;108;12
14121074001;33;19;28;12;14;168;2
14121075001;33;19;27;12;15;180;3
14121104001;37;24;24;12;11;132;7
14121112001;37;24;23;12;12;144;4
14121131001;43;32;16;12;11;132;3
14121136001;50;21;23;12;10;120;4
14121143001;34;25;25;10;11;110;4
14121164001;48;22;21;12;11;132;4
14130001001;43;28;28;8;7;56;3
14130007001;56;26;24;8;7;56;1
14130009001;56;26;23;8;7;56;5
14130013001;39;20;15;12;21;252;15
14130015001;43;29;28;8;7;56;13
14130016001;60;26;23;12;7;84;8
14130017001;59;27;22;12;7;84;9
14130042001;59;27;22;12;7;84;7
14130054001;48;30;22;8;8;64;3
14131008001;59;27;22;12;7;84;2
14131011001;65;27;28;20;5;100;1
14131020001;44;29;28;8;7;56;10
14131022001;50;29;23;8;7;56;7
14131026001;47;29;32;12;5;60;1
14131027001;56;26;23;8;7;56;2
14131033001;53;31;25;15;6;90;10
14131040001;43;29;28;8;7;56;1
14131041001;56;26;24;8;7;56;4
14131043001;44;29;28;8;7;56;1
14131044001;30;26;21;10;15;150;4
14131047001;59;27;22;12;7;84;2
14131056001;50;29;23;8;7;56;6
14131074001;43;27;24;24;9;216;15
14131075001;55;29;24;12;6;72;5
14131092001;48;28;31;12;6;72;37
14131105001;48;28;31;12;6;72;2
14131121001;60;27;23;12;6;72;4
14132003001;38;33;26;10;7;70;6
14132015001;37;37;26;12;7;84;3
14132031001;54;29;22;12;7;84;33
14132038001;38;33;26;10;7;70;37
14132071001;40;31;23;10;8;80;16
14132074001;47;31;19;6;9;54;105
14132075001;47;31;19;6;9;54;31
14132116001;42;31;23;10;8;80;4
14132130001;50;33;21;12;7;84;8
14132131001;49;25;33;12;6;72;5
14132149001;42;32;21;12;9;108;8
14132153001;43;27;24;24;9;216;9
14133003001;44;26;35;12;6;72;4
14133007001;48;25;25;12;8;96;3
14133013001;48;25;39;12;5;60;7
14133027001;48;25;25;12;8;96;2
14133028001;48;25;25;12;8;96;7
14133029001;40;23;37;12;7;84;5
14133030001;40;23;37;12;7;84;4
14133899001;48;27;32;6;6;36;24
14133914001;48;28;46;8;4;32;8
14133918001;58;47;21;4;4;16;6
14200006001;45;21;29;48;9;432;12
14200011001;40;27;13;10;18;180;1
14200012001;34;26;23;24;12;288;65
14200015001;40;27;13;10;18;180;25
14200018001;25;37;15;10;18;180;4
14200019001;37;25;12;10;22;220;14
14200033001;40;27;12;10;19;190;6
14200046001;40;27;13;10;18;180;1
14200047001;40;27;13;10;18;180;12
14200049001;41;27;13;10;17;170;3
14200059001;41;25;11;10;22;220;4
14200060001;41;25;13;10;19;190;2
14200061001;41;25;13;10;19;190;2
14200069001;43;30;30;12;6;72;4
14200070001;25;42;13;10;18;180;5
14200086001;37;29;19;24;12;288;12
14200087001;37;29;19;24;12;288;3
14200088001;37;29;19;24;12;288;10
14200089001;37;29;19;24;12;288;2
14200090001;37;29;19;24;12;288;5
14200091001;37;29;19;24;12;288;3
14200092001;37;29;19;24;12;288;7
14200093001;37;29;19;24;12;288;3
14200096001;37;29;19;24;12;288;8
14200119001;42;29;29;12;7;84;7
14201002001;39;28;29;10;8;80;2
14201003001;41;31;16;10;12;120;2
14201013001;42;29;29;20;7;140;5
14201019001;59;31;32;30;4;120;12
14201020001;56;31;32;30;4;120;4
14201021001;43;29;29;20;7;140;10
14201022001;43;29;29;20;7;140;1
14201049001;43;30;30;20;6;120;2
14202001001;43;29;29;20;7;140;6
14202009001;42;29;29;20;7;140;2
14202011001;56;31;32;30;4;120;4
14202013001;49;31;32;30;5;150;3
14202017001;37;27;21;24;12;288;1
14202018001;37;27;21;24;12;288;2
14202023001;59;31;32;30;4;120;1
14203001001;53;35;16;20;8;160;4
14203002001;43;30;18;20;10;200;3
14203003001;50;33;35;40;4;160;4
14203004001;53;35;20;20;6;120;1
14203016001;41;29;31;24;6;144;2
14203017001;53;34;33;40;4;160;1
14203027001;53;36;33;25;4;100;2
14203032001;41;29;27;12;7;84;6
14203048001;37;30;18;10;12;120;2
14203053001;37;30;22;10;10;100;3
14203055001;37;30;18;10;12;120;2
14203058001;45;28;22;20;9;180;5
14203061001;45;28;22;20;9;180;7
14203062001;39;24;22;20;12;240;7
14203064001;39;24;22;20;12;240;3
14203065001;39;30;19;20;11;220;3
14203078001;53;35;33;20;4;80;2
14203080001;41;29;31;24;6;144;7
14203083001;52;35;20;20;7;140;1
14203089001;41;29;31;24;6;144;3
14204010001;31;23;21;30;17;510;1
14204022001;52;40;40;20;3;60;1
14204025001;40;27;20;20;11;220;1
14204041001;37;29;17;10;13;130;7
14204044001;37;27;21;20;12;240;2
14204051001;38;27;22;20;11;220;2
14204052001;46;30;20;12;9;108;6
14204053001;46;30;19;12;9;108;1
14204054001;40;27;20;20;11;220;2
14204055001;39;27;20;20;12;240;7
14204061001;51;26;26;12;7;84;6
14204062001;54;27;25;12;6;72;2
14204065001;40;27;20;20;11;220;6
14204066001;56;45;45;10;2;20;1
14204067001;55;27;15;16;11;176;7
14204070001;49;40;22;24;5;120;1
14204071001;49;40;22;24;5;120;6
14204073001;49;41;22;24;5;120;5
14204077001;47;32;21;36;8;288;12
14204078001;48;33;24;36;6;216;4
14204083001;39;28;20;20;11;220;2
14204086001;39;28;20;20;11;220;41
14204107001;37;27;22;20;11;220;29
14204118001;39;27;21;20;11;220;8
14204125001;54;27;15;16;11;176;20
14204126001;49;32;28;20;5;100;1
14204127001;37;27;23;20;11;220;8
14204129001;56;37;41;4;3;12;1
14204131001;37;27;22;20;11;220;1
14204132001;48;32;15;20;11;220;3
14204135001;27;25;23;12;16;192;7
14204136001;33;28;23;12;11;132;31
14204148001;48;35;31;30;4;120;6
14204150001;39;28;20;20;11;220;6
14204197001;40;28;21;20;10;200;5
14204198001;40;27;21;20;11;220;9
14204892001;55;29;28;6;5;30;1
14210009001;39;20;11;12;29;348;2
14210010001;29;22;16;24;24;576;4
14210015001;38;33;15;24;13;312;7
14210019001;32;28;16;12;17;204;13
14210021001;48;37;12;12;11;132;2
14210025001;28;19;16;15;29;435;64
14210026001;28;19;16;15;29;435;1
14210029001;32;27;15;12;19;228;2
14210031001;35;27;13;12;20;240;6
14210034001;31;27;15;12;20;240;9
14210035001;40;27;28;12;8;96;4
14210045001;43;32;13;12;14;168;11
14210046001;41;29;14;12;15;180;24
14210047001;40;29;13;12;16;192;14
14210048001;41;29;14;12;15;180;2
14210051001;34;26;18;20;16;320;1
14210056001;36;21;19;20;17;340;7
14210068001;27;19;15;20;33;660;1
14210084001;42;29;30;12;6;72;5
14210108001;34;26;18;20;16;320;4
14210110001;35;26;19;8;14;112;10
14210114001;41;29;13;12;16;192;8
14210127001;49;28;19;12;9;108;48
14211055001;31;24;28;30;12;360;1
14213004001;49;27;32;24;6;144;3
14213008001;34;27;18;12;15;180;1
14213010001;34;27;18;12;15;180;4
14213055001;45;30;22;12;8;96;8
14213092001;46;30;30;12;6;72;3
14220002001;40;30;21;16;10;160;1
14220005001;31;26;22;12;14;168;8
14220085001;40;31;22;20;9;180;13
14220086001;35;28;17;24;15;360;3
14220110001;47;33;27;594;6;3564;3
14220140001;41;22;28;24;10;240;7
14220141001;41;22;28;24;10;240;13
14220155001;39;21;26;40;11;440;4
14221113001;47;28;18;10;10;100;12
14222001001;38;23;19;10;15;150;16
14222005001;47;30;15;12;12;144;6
14222006001;36;24;13;12;22;264;1
14222019001;36;24;14;12;21;252;6
14222025001;36;24;14;12;21;252;1
14222027001;23;17;14;96;46;4416;12
14222036001;45;26;16;30;13;390;4
14222042001;45;29;24;10;8;80;4
14222043001;45;29;24;10;8;80;1
14222045001;41;19;15;24;21;504;9
14222046001;48;28;18;10;10;100;2
14222048001;41;19;15;24;21;504;2
14222049001;45;21;18;12;14;168;8
14222053001;40;28;22;12;10;120;2
14222068001;37;20;17;10;20;200;4
14222072001;37;20;17;10;20;200;3
14222087001;45;20;18;12;15;180;4
14222095001;37;20;17;10;20;200;3
14222114001;37;20;17;10;20;200;3
14222119001;29;11;20;10;39;390;8
14222120001;29;11;20;10;39;390;6
14222121001;28;11;20;10;41;410;2
14222122001;28;11;20;10;41;410;2
14222137001;41;28;22;12;10;120;4
14222141001;42;28;22;10;9;90;2
14222142001;42;28;22;10;9;90;3
14222896001;53;27;16;36;11;396;4
14222897001;53;27;16;36;11;396;4
14222898001;53;27;16;36;11;396;10
14222999001;36;24;14;12;21;252;2
14223005001;38;29;20;20;11;220;3
14223008001;38;29;26;10;8;80;7
14223018001;39;34;24;24;8;192;5
14223037001;46;26;29;12;7;84;3
14223039001;46;26;29;12;7;84;3
14223045001;40;28;19;12;11;132;2
14223046001;38;31;16;12;13;156;10
14223048001;59;30;18;12;8;96;2
14223065001;44;30;19;12;10;120;4
14223080001;46;27;18;10;11;110;2
14223094001;41;27;19;12;12;144;1
14223155001;32;15;22;12;24;288;5
14223171001;32;15;22;12;24;288;1
14223176001;30;23;16;12;23;276;2
14223178001;30;23;16;12;23;276;2
14223179001;39;29;14;20;16;320;11
14223215001;48;28;18;10;10;100;1
14223247001;38;29;20;16;11;176;1
14224002001;46;26;23;15;9;135;2
14224003001;46;26;23;15;9;135;5
14225008001;32;24;10;24;33;792;4
14225014001;30;23;18;24;20;480;1
14225016001;37;26;11;48;24;1152;1
14225018001;35;27;11;48;24;1152;12
14225023001;36;26;15;159;18;2862;5
14225029001;36;26;15;159;18;2862;3
14225030001;36;26;15;159;18;2862;3
14225035001;25;20;20;96;25;2400;2
14225041001;34;21;17;24;20;480;2
14225045001;34;21;18;24;19;456;2
14225052001;34;21;17;24;20;480;27
14225056001;34;21;17;24;20;480;2
14225057001;34;21;17;24;20;480;3
14226003001;38;32;18;60;11;660;6
14226005001;40;23;24;60;11;660;1
14226007001;41;41;23;30;6;180;1
14226009001;42;42;24;30;6;180;32
14226012001;40;33;24;60;8;480;6
14226016001;40;23;24;60;11;660;5
14226019001;26;15;11;30;59;1770;3
14226020001;41;41;23;30;6;180;4
14226032001;38;32;18;60;11;660;18
14226035001;42;19;17;60;18;1080;5
14226042001;40;23;24;60;11;660;2
14226046001;38;32;18;60;11;660;1
14226051001;42;19;15;60;21;1260;3
14226059001;40;22;25;60;11;660;7
14226063001;40;23;24;60;11;660;5
14226067001;40;23;24;60;11;660;5
14226100001;40;23;24;60;11;660;36
14227002001;37;27;23;6;11;66;10
14227005001;53;36;22;6;6;36;2
14230034001;32;19;16;12;26;312;7
14230431001;36;27;12;12;21;252;59
14231003001;46;30;20;15;9;135;3
14232107001;38;26;25;12;10;120;36
14240001001;40;28;33;12;6;72;10
14240008001;44;31;28;12;6;72;1
14240014001;26;38;17;10;15;150;1
14240015001;48;37;23;20;6;120;11
14241001001;41;25;23;20;10;200;32
14241002001;41;25;23;20;10;200;3
14241004001;41;25;23;20;10;200;4
14241025001;40;25;19;20;13;260;1
14241030001;35;29;13;10;19;190;7
14241032001;41;25;19;20;13;260;12
14241033001;35;29;13;10;19;190;20
14241035001;30;21;14;8;28;224;7
14241042001;38;29;14;10;16;160;2
14241043001;30;21;14;8;28;224;3
14241044001;30;21;14;8;28;224;6
14242003001;30;24;15;10;23;230;1
14242007001;37;25;14;15;19;285;6
14242036001;40;31;27;12;7;84;2
14242037001;42;31;18;10;10;100;10
14242039001;31;25;17;10;19;190;4
14242042001;40;30;27;12;7;84;3
14242056001;40;30;19;10;11;110;4
14242072001;40;27;26;10;9;90;3
14242081001;42;30;29;12;6;72;16
14242105001;37;25;19;15;14;210;2
14242126001;47;36;25;20;6;120;8
14242131001;32;25;15;10;21;210;13
14242144001;38;28;24;12;9;108;3
14242145001;38;28;24;12;9;108;2
14242149001;38;27;24;12;10;120;7
14242150001;38;27;24;12;10;120;4
14242151001;38;27;24;12;10;120;1
14242154001;31;24;15;10;22;220;1
14242155001;31;24;17;10;20;200;6
14242164001;45;34;34;12;4;48;12
14242169001;46;36;28;20;5;100;6
14242210001;31;19;12;10;36;360;2
14243006001;54;37;18;24;7;168;2
14243007001;54;37;18;24;7;168;2
14243009001;33;25;13;12;23;276;7
14243012001;36;28;19;10;13;130;6
14243013001;36;28;19;10;13;130;4
14243016001;54;37;18;24;7;168;5
14243017001;32;27;20;20;14;280;3
14243020001;30;19;15;6;29;174;6
14243021001;32;24;13;12;25;300;2
14243026001;33;25;13;12;23;276;7
14243028001;53;23;17;10;12;120;36
14243031001;55;24;17;10;11;110;3
14243036001;33;24;13;12;24;288;4
14243040001;31;22;12;12;31;372;5
14243042001;33;23;13;12;25;300;1
14243044001;33;24;13;12;24;288;6
14243045001;33;24;13;12;24;288;9
14243046001;33;24;13;12;24;288;4
14243053001;40;29;18;10;12;120;7
14243054001;49;33;18;30;8;240;3
14243055001;30;23;10;10;36;360;3
14243058001;34;24;13;12;24;288;8
14243061001;33;24;13;12;24;288;5
14243076001;42;25;18;12;13;156;4
14243081001;55;24;17;10;11;110;5
14243088001;55;24;17;10;11;110;2
14243094001;34;25;13;12;23;276;2
14243106001;30;23;10;10;36;360;3
14243107001;30;23;10;10;36;360;2
14243108001;39;30;17;12;12;144;12
14243110001;39;30;17;12;12;144;5
14243111001;39;30;17;12;12;144;1
14243120001;30;23;10;10;36;360;7
14243129001;52;36;26;12;5;60;14
14243147001;31;25;14;12;23;276;31
14243166001;54;37;18;24;7;168;4
14244003001;35;28;13;10;20;200;3
14244005001;43;29;19;6;10;60;44
14244009001;34;29;18;10;14;140;7
14244011001;33;25;13;12;23;276;7
14244012001;44;31;36;10;5;50;1
14244014001;41;35;33;12;5;60;3
14244016001;41;35;33;12;5;60;2
14244017001;44;31;33;10;5;50;4
14244020001;31;25;36;60;9;540;4
14244021001;41;35;33;12;5;60;7
14244022001;33;24;13;12;24;288;3
14244025001;33;24;13;12;24;288;3
14244026001;43;29;19;6;10;60;2
14244027001;33;25;13;12;23;276;2
14244028001;30;20;15;6;28;168;6
14244031001;49;37;22;20;6;120;1
14244034001;39;47;24;8;5;40;12
14244039001;55;24;18;10;10;100;16
14244046001;48;22;17;10;14;140;2
14244049001;46;37;19;12;7;84;2
14244050001;30;19;15;6;29;174;416
14244051001;33;23;13;12;25;300;65
14244052001;41;35;33;12;5;60;30
14244053001;40;24;19;20;13;260;84
14244056001;44;30;18;6;10;60;226
14244059001;33;24;13;12;24;288;572
14244062001;55;24;17;10;11;110;20
14244896001;31;25;36;60;9;540;20
14244898001;31;25;36;60;9;540;8
14244906001;33;23;13;12;25;300;46
14244918001;39;30;17;12;12;144;192
14244919001;39;30;17;12;12;144;153
14244930001;43;34;13;12;13;156;36
14244999001;39;28;18;6;12;72;25
14300003001;37;29;26;12;9;108;11
14300008001;52;44;26;36;4;144;20
14300016001;37;30;8;12;28;336;6
14300019001;38;30;8;12;27;324;6
14300025001;43;42;34;16;4;64;85
14300029001;42;17;17;12;20;240;4
14300046001;62;27;18;12;8;96;30
14300057001;44;34;14;24;12;288;79
14300070001;44;31;33;24;5;120;81
14300096001;52;33;25;24;5;120;8
14301013001;43;43;34;16;4;64;302
14301018001;47;36;28;12;5;60;89
14301023001;52;37;36;18;3;54;120
14301030001;51;40;29;12;4;48;319
14301031001;51;40;29;12;4;48;168
14301108001;37;29;26;12;9;108;80
14301109001;29;23;26;12;14;168;54
14301110001;29;23;26;12;14;168;165
14302005001;43;43;34;16;4;64;46
14302006001;50;33;28;36;5;180;21
14302017001;52;38;36;18;3;54;168
14302018001;46;35;35;18;4;72;30
14302060001;41;41;22;10;6;60;65
14302072001;52;33;25;24;5;120;193
14302079001;37;29;26;12;9;108;60
14302080001;37;29;26;12;9;108;155
14303015001;62;40;40;24;2;48;66
14303021001;55;34;17;12;8;96;415
14303022001;39;25;33;12;7;84;172
14303024001;53;30;27;12;5;60;35
14303026001;53;30;27;12;5;60;63
14303033001;41;28;25;12;8;96;24
14303034001;47;39;23;20;6;120;218
14303036001;53;30;27;12;5;60;1
14303037001;33;25;22;6;14;84;30
14303038001;41;28;25;12;8;96;44
14303039001;41;28;25;12;8;96;44
14303040001;41;28;25;12;8;96;35
14303048001;53;30;27;12;5;60;25
14303058001;53;30;27;12;5;60;467
14303897001;49;34;15;12;10;120;10
14303898001;50;34;14;12;10;120;154
14303899001;49;34;15;12;10;120;62
14303933001;41;30;26;12;7;84;12
14303934001;40;30;25;12;8;96;419
14304001001;44;32;33;24;5;120;193
14304003001;43;43;34;16;4;64;89
14304008001;53;38;36;18;3;54;225
14304009001;27;35;26;12;10;120;107
14304013001;35;27;26;12;10;120;6
14304014001;36;14;17;10;29;290;30
14304028001;43;43;34;16;4;64;35
14304047001;37;29;26;12;9;108;21
14304062001;29;28;20;12;15;180;110
14304064001;28;28;20;12;16;192;54
14304084001;34;29;18;12;14;168;76
14304128001;44;32;16;12;11;132;48
14304135001;42;32;18;12;10;120;5
14304157001;23;23;19;12;25;300;54
14304194001;43;29;23;12;8;96;592
14304230001;43;34;18;12;9;108;349
14304301001;24;17;18;6;34;204;45
14304302001;24;17;18;6;34;204;120
14304303001;24;17;18;6;34;204;60
14310015001;52;35;11;24;12;288;132
14310016001;48;28;19;14;9;126;60
14310020001;58;35;18;10;6;60;681
14310028001;52;35;11;24;12;288;179
14310071001;42;34;10;6;17;102;20
14310096001;39;11;20;6;29;174;290
14310101001;48;29;23;12;7;84;361
14310111001;44;29;19;6;10;60;5
14310127001;42;31;23;12;8;96;30
14310128001;42;31;23;12;8;96;8
14310134001;31;26;29;6;10;60;5
14310139001;42;34;15;12;11;132;114
14310209001;39;11;20;6;29;174;70
14311002001;40;11;16;8;36;288;95
14311004001;42;32;29;12;6;72;95
14311005001;42;32;29;12;6;72;130
14311020001;49;29;38;12;4;48;70
14311022001;49;29;38;12;4;48;116
14311025001;60;42;30;8;3;24;160
14311027001;58;31;33;8;4;32;164
14311031001;47;36;17;12;8;96;120
14311036001;33;24;22;6;14;84;5
14311040001;33;25;29;6;10;60;35
14311041001;34;25;29;6;10;60;104
14311043001;27;18;12;1;43;43;75
14311044001;63;29;28;24;4;96;72
14311046001;47;36;17;12;8;96;252
14311054001;43;40;28;20;5;100;401
14311058001;27;18;13;1;40;40;229
14311059001;53;39;32;12;3;36;50
14311065001;44;40;25;20;5;100;65
14311071001;44;40;25;20;5;100;83
14311076001;34;31;16;12;15;180;2
14311081001;47;24;47;18;4;72;3
14311086001;21;17;14;1;50;50;613
14311095001;22;20;13;1;44;44;5
14311104001;36;26;16;12;17;204;12
14311112001;27;19;13;1;38;38;118
14311115001;52;32;24;24;6;144;2
14311117001;52;32;24;24;6;144;135
14311118001;57;28;40;18;3;54;78
14311119001;43;40;28;20;5;100;40
14311134001;53;39;32;12;3;36;40
14311135001;30;19;14;1;31;31;656
14311158001;63;30;29;24;4;96;55
14311161001;63;30;29;24;4;96;136
14311220001;33;25;23;6;13;78;25
14311234001;46;39;14;12;10;120;8
14311235001;46;39;15;12;9;108;211
14311256001;60;44;30;8;3;24;84
14311258001;43;40;26;20;5;100;90
14311261001;44;31;15;8;12;96;4
14311262001;44;31;15;8;12;96;15
14311270001;53;39;32;12;3;36;12
14311898001;33;25;23;6;13;78;4
14312001001;34;23;18;12;18;216;9
14312003001;34;23;18;12;18;216;2
14312008001;30;23;16;12;23;276;2
14312011001;38;28;20;12;11;132;2
14312012001;27;20;17;12;27;324;3
14312016001;53;29;27;15;6;90;12
14312018001;35;25;18;12;16;192;15
14312032001;39;25;34;10;7;70;3
14312042001;47;31;15;24;11;264;8
14312045001;23;20;19;6;29;174;4
14312055001;29;23;30;12;12;144;3
14312068001;35;15;17;10;28;280;2
14312070001;49;37;20;24;7;168;4
14312999001;47;32;15;24;11;264;7
14315008001;47;24;15;10;15;150;2
14315016001;48;39;15;8;9;72;15
14315017001;48;39;15;8;9;72;41
14320008001;50;38;22;24;6;144;12
14320899001;43;26;21;15;10;150;5
14321008001;23;21;18;12;29;348;5
14321009001;21;15;19;12;42;504;8
14321011001;32;25;18;24;17;408;2
14330003001;41;30;28;6;7;42;2
14330004001;56;39;23;6;5;30;2
14330006001;47;32;23;6;7;42;2
14330011001;56;38;23;6;5;30;2
14330015001;48;32;20;6;8;48;2
14330897001;54;41;25;8;4;32;3
14331004001;49;32;24;6;6;36;1
14331005001;60;40;21;6;5;30;3
14331007001;48;32;20;6;8;48;4
14331020001;49;33;24;6;6;36;8
14331022001;49;32;24;6;6;36;4
14331025001;51;41;18;12;6;72;36
14331026001;49;33;24;6;6;36;4
14331028001;49;32;24;6;6;36;6
14331029001;53;40;18;12;6;72;5
14331037001;50;40;18;12;7;84;4
14331039001;48;33;25;6;6;36;3
14331044001;50;37;26;6;5;30;20
14331898001;48;33;20;6;8;48;35
14331997001;48;32;20;6;8;48;5
14332004001;53;40;18;12;6;72;20
14332005001;48;33;23;6;6;36;16
14332007001;49;34;22;6;6;36;1
14332008001;50;34;22;6;6;36;20
14332010001;49;33;23;6;6;36;1
14332013001;53;41;18;12;6;72;2
14332014001;49;34;21;6;7;42;15
14332016001;49;33;22;6;7;42;4
14332017001;54;41;18;12;6;72;4
14332018001;48;33;21;6;7;42;5
14333004001;53;41;18;12;6;72;5
14333006001;54;40;16;12;7;84;1
14340002001;27;20;13;12;36;432;2
14340006001;24;31;14;12;24;288;3
14340008001;37;25;17;24;16;384;25
14340026001;28;22;14;12;29;348;3
14341019001;37;25;17;24;16;384;4
14341068001;28;22;14;12;29;348;1
14342007001;31;24;10;12;34;408;25
14342010001;34;24;24;12;13;156;4
14342020001;19;17;21;6;37;222;1
14343012001;49;30;19;10;9;90;3
14343026001;27;21;21;12;21;252;5
14343027001;34;27;22;12;12;144;4
14343028001;26;22;20;6;22;132;3
14343036001;43;27;20;12;10;120;2
14344005001;32;24;26;12;12;144;4
14344010001;43;33;13;12;13;156;1
14350005001;57;40;31;16;3;48;2
14350006001;57;40;31;16;3;48;38
14350007001;42;27;23;10;9;90;8
14350011001;49;33;24;18;6;108;3
14351007001;53;40;30;18;4;72;2
14351017001;53;39;31;18;3;54;4
14351024001;58;40;30;18;3;54;30
14351034001;59;21;30;9;6;54;6
14351038001;58;27;31;12;5;60;4
14351041001;53;40;30;18;4;72;30
14351042001;59;37;30;18;3;54;3
14351059001;50;33;24;18;6;108;4
14351068001;49;33;25;18;6;108;8
14351069001;49;33;25;18;6;108;17
14352027001;39;25;26;8;10;80;2
14352028001;39;25;26;8;10;80;1
14352031001;32;32;25;12;9;108;26
14352058001;51;24;24;12;8;96;5
14352060001;35;28;26;10;10;100;1
14352069001;51;25;24;12;8;96;10
14352076001;51;35;20;12;7;84;10
14352079001;39;25;30;10;8;80;2
14353001001;52;25;22;12;8;96;5
14353002001;39;31;23;12;9;108;2
14353003001;62;26;36;6;4;24;52
14353009001;32;29;32;12;8;96;14
14353010001;32;29;32;12;8;96;28
14353011001;53;27;36;24;4;96;16
14353013001;32;29;32;12;8;96;58
14353016001;54;41;24;12;4;48;38
14353017001;54;40;18;12;6;72;8
14353019001;48;34;22;6;7;42;5
14353023001;53;41;20;12;5;60;6
14353024001;49;45;29;6;3;18;5
14353025001;53;40;18;24;6;144;10
14353029001;54;40;18;12;6;72;18
14353030001;49;32;21;12;7;84;10
14353035001;54;41;19;12;6;72;10
14353036001;49;46;29;6;3;18;6
14353039001;48;40;27;4;4;16;2
14353040001;54;41;22;12;5;60;46
14353045001;54;40;18;12;6;72;4
14353047001;55;42;24;12;4;48;10
14353052001;49;32;21;12;7;84;5
14353073001;48;37;23;6;6;36;17
14353899001;50;37;36;6;3;18;4
14353900001;41;28;24;6;9;54;4
14360001001;38;28;19;12;12;144;2
14360007001;52;41;26;18;4;72;28
14360008001;40;49;31;24;4;96;3
14360019001;41;32;31;6;6;36;5
14360022001;47;32;19;6;8;48;4
14360044001;57;39;26;32;4;128;2
14360045001;49;41;31;24;4;96;5
14361002001;53;32;20;12;7;84;1
14361004001;48;33;22;12;7;84;7
14361007001;43;29;31;12;6;72;5
14361008001;48;34;20;12;7;84;9
14361009001;47;33;23;12;7;84;1
14361010001;44;28;31;12;6;72;3
14361011001;43;33;17;12;10;120;1
14361014001;48;28;29;12;6;72;3
14361015001;48;30;29;12;6;72;3
14361022001;38;26;26;20;9;180;6
14361034001;53;32;20;12;7;84;3
14361041001;44;28;31;12;6;72;3
14361044001;44;28;31;12;6;72;3
14361051001;48;34;20;12;7;84;2
14361054001;49;31;28;12;5;60;5
14361055001;44;29;25;12;7;84;8
14361061001;49;30;28;12;6;72;18
14361065001;43;29;26;12;7;84;3
14361070001;47;34;22;12;7;84;1
14361074001;48;30;28;12;6;72;3
14361081001;44;28;25;12;8;96;2
14361082001;44;28;25;12;8;96;2
14361083001;43;28;25;12;8;96;1
14361086001;43;28;25;12;8;96;2
14361093001;43;28;25;12;8;96;10
14361102001;44;28;31;12;6;72;1
14361104001;43;29;31;12;6;72;2
14361109001;43;29;31;12;6;72;2
14361112001;44;29;25;12;7;84;1
14361114001;43;29;31;12;6;72;3
14361115001;43;29;31;12;6;72;2
14361118001;53;32;20;12;7;84;6
14361120001;46;34;22;12;7;84;4
14361122001;44;33;16;12;10;120;1
14361124001;54;38;32;40;3;120;13
14361128001;44;29;25;12;7;84;7
14361129001;43;28;25;12;8;96;9
14361146001;45;33;22;12;7;84;9
14361149001;43;34;18;12;9;108;7
14361157001;44;33;17;12;10;120;2
14361158001;43;30;26;12;7;84;3
14361159001;43;30;26;12;7;84;7
14361160001;43;30;26;12;7;84;1
14361161001;43;30;26;12;7;84;4
14361162001;43;30;26;12;7;84;4
14361170001;48;33;20;24;8;192;1
14361177001;44;34;17;12;10;120;3
14361899001;48;33;22;12;7;84;5
14361902001;43;32;16;12;11;132;19
14362033001;32;29;32;12;8;96;19
14362902001;48;34;31;15;5;75;25
14364197001;44;36;21;12;7;84;15
14364198001;44;36;21;12;7;84;29
14370002001;44;35;19;20;8;160;29
14370003001;43;35;19;20;8;160;2
14370004001;42;34;19;20;9;180;2
14370007001;44;33;15;12;11;132;55
14370017001;43;32;20;30;9;270;9
14370020001;44;34;21;40;8;320;2
14370025001;44;33;15;12;11;132;7
14370029001;43;35;17;20;9;180;19
14370044001;32;23;19;20;18;360;8
14370045001;35;26;15;12;18;216;5
14370048001;42;32;15;24;12;288;4
14370069001;44;35;16;30;10;300;10
14370072001;44;35;16;30;10;300;24
14370073001;42;34;22;16;8;128;24
14370076001;40;3;20;40;106;4240;1
14370077001;34;29;12;12;21;252;15
14411001001;49;32;22;6;7;42;6
14411015001;49;34;23;6;6;36;3
14411016001;49;34;23;6;6;36;14
14411023001;48;33;22;6;7;42;14
14411901001;49;33;22;6;7;42;16
14412023001;53;40;19;12;6;72;1
14412037001;37;32;24;12;8;96;2
14412060001;40;28;14;6;16;96;12
14413010001;39;33;18;6;11;66;2
14500000001;41;32;13;30;14;420;4
14500003001;37;31;14;30;15;450;3
14500005001;40;31;14;30;14;420;15
14500007001;38;32;14;30;14;420;4
14500008001;49;35;15;12;9;108;17
14500010001;42;28;23;12;9;108;3
14500012001;43;29;18;12;11;132;7
14500013001;43;28;17;12;12;144;20
14500017001;34;33;15;24;15;360;23
14500018001;51;29;41;48;4;192;14
14500023001;43;29;18;12;11;132;5
14500024001;49;35;15;12;9;108;4
14500026001;43;28;17;12;12;144;2
14500037001;41;37;38;6;4;24;6
14500042001;40;37;38;6;4;24;10
14500048001;52;29;41;48;4;192;6
14500051001;32;30;14;24;18;432;4
14500058001;65;28;40;20;3;60;3
14500059001;65;28;40;20;3;60;1
14500064001;39;33;14;30;14;420;2
14500066001;40;27;23;12;10;120;3
14501002001;39;31;14;30;15;450;3
14501004001;36;31;14;30;16;480;7
14501005001;30;30;13;12;21;252;7
14501007001;32;30;14;24;18;432;5
14501010001;45;34;21;24;7;168;2
14501011001;50;36;15;12;9;108;2
14501012001;50;36;15;12;9;108;2
14501013001;42;28;22;12;9;108;2
14501014001;37;37;14;30;13;390;1
14501016001;34;26;15;12;19;228;115
14501017001;37;34;16;8;12;96;4
14501022001;34;26;15;12;19;228;1
14501026001;37;34;16;8;12;96;14
14501029001;35;31;13;12;18;216;17
14501031001;49;35;15;12;9;108;14
14501037001;34;30;13;12;19;228;5
14501038001;32;26;15;12;20;240;6
14501045001;45;34;21;24;7;168;12
14501047001;40;31;14;30;14;420;574
14501053001;36;34;15;8;13;104;1
14501058001;49;33;8;6;19;114;8
14501063001;42;28;17;12;12;144;20
14501065001;49;37;16;12;8;96;12
14501084001;36;31;14;30;16;480;17
14501086001;31;30;14;12;19;228;12
14501899001;34;32;13;12;18;216;20
14501902001;32;32;14;24;17;408;6
14501905001;43;28;23;12;9;108;4
14501926001;38;32;14;30;14;420;4
14501928001;37;32;14;30;15;450;1
14501929001;37;32;14;30;15;450;2
14501942001;33;31;15;24;16;384;3
14501943001;53;19;28;12;9;108;2
14501944001;54;28;20;12;8;96;12
14502002001;37;32;14;30;15;450;3
14502003001;39;31;14;30;15;450;4
14502004001;50;36;17;12;8;96;6
14502005001;42;31;24;24;8;192;3
14502006001;37;31;14;24;15;360;1
14502007001;43;30;17;12;11;132;1
14502008001;34;31;13;12;18;216;2
14502009001;37;37;14;30;13;390;17
14502011001;45;33;20;24;8;192;1
14502012001;37;37;14;30;13;390;3
14502014001;46;33;20;24;8;192;25
14502015001;43;28;23;12;9;108;12
14502018001;44;30;16;12;12;144;6
14502019001;37;32;14;30;15;450;4
14502020001;36;30;13;30;18;540;4
14502021001;34;31;13;12;18;216;14
14502022001;32;26;15;12;20;240;1
14502023001;34;30;13;12;19;228;2
14502026001;50;36;15;12;9;108;3
14502029001;35;30;13;12;18;216;59
14502044001;37;33;14;30;14;420;18
14502054001;36;33;15;8;14;112;6
14502068001;38;35;15;6;12;72;16
14502069001;38;35;15;6;12;72;6
14502077001;43;28;17;12;12;144;1
14502078001;43;28;17;12;12;144;49
14502080001;40;32;14;30;14;420;6
14502081001;38;31;13;30;16;480;6
14502111001;31;30;14;12;19;228;6
14503000001;37;37;14;30;13;390;1
14503002001;38;32;14;30;14;420;15
14503003001;46;33;20;24;8;192;8
14503005001;32;32;14;24;17;408;6
14503010001;39;31;14;30;15;450;5
14503013001;41;28;17;12;13;156;6
14503019001;43;29;23;12;8;96;4
14503024001;42;32;13;12;14;168;3
14503034001;39;33;29;40;6;240;13
14503047001;42;32;13;12;14;168;12
14503048001;42;32;13;12;14;168;4
14503049001;41;32;13;12;14;168;3
14504001001;40;31;13;30;15;450;8
14504002001;41;31;13;30;15;450;2
14504006001;41;33;14;30;13;390;3
14504008001;39;32;15;30;13;390;3
14504009001;36;31;14;30;16;480;1
14504012001;39;33;29;40;6;240;3
14504015001;40;31;13;30;15;450;24
14504027001;40;31;13;30;15;450;20
14504028001;39;33;15;30;13;390;12
14504055001;41;33;15;30;12;360;4
14504056001;49;35;17;12;8;96;4
14504076001;38;35;15;6;12;72;3
14505003001;39;33;29;40;6;240;10
14505005001;36;31;15;30;15;450;8
14505008001;41;30;13;40;15;600;4
14505011001;37;32;14;24;15;360;2
14505013001;35;32;14;30;16;480;26
14505014001;42;29;18;12;11;132;2
14505016001;46;33;20;24;8;192;3
14505020001;40;34;14;30;13;390;312
14505021001;40;33;14;30;13;390;8
14505031001;43;28;22;12;9;108;31
14505035001;42;32;27;8;7;56;9
14505039001;36;29;13;12;18;216;1
14505041001;39;31;12;40;17;680;19
14505043001;37;31;14;20;15;300;1
14505046001;37;29;13;12;18;216;6
14505048001;31;30;14;30;19;570;7
14505053001;36;29;13;12;18;216;6
14505059001;41;30;13;40;15;600;1
14505099001;42;33;13;12;14;168;30
14505105001;35;34;15;24;14;336;2
14505106001;35;34;15;24;14;336;6
14505115001;38;33;14;24;14;336;1
14505125001;31;20;25;30;16;480;4
14505138001;42;34;13;12;13;156;3
14505139001;31;19;25;30;17;510;2
14505148001;55;29;32;18;4;72;18
14505899001;40;31;13;40;15;600;2
14505911001;41;28;17;12;13;156;8
14505913001;40;32;28;8;7;56;1
14505917001;39;31;12;40;17;680;2
14505973001;37;32;14;24;15;360;4
14506001001;46;26;23;12;9;108;4
14506002001;41;32;28;8;6;48;3
14506004001;36;23;22;6;13;78;5
14506005001;46;25;23;12;9;108;1
14506006001;46;26;23;12;9;108;3
14506011001;38;24;13;20;21;420;2
14506012001;37;24;11;20;26;520;4
14506013001;65;28;40;20;3;60;2
14506014001;34;32;28;8;8;64;10
14506015001;39;32;27;8;7;56;4
14506021001;66;32;21;60;5;300;13
14506033001;37;24;16;24;17;408;2
14506036001;37;32;27;32;7;224;5
14506038001;46;23;14;20;17;340;4
14506041001;37;35;21;6;9;54;3
14506042001;36;24;16;24;18;432;1
14506044001;50;40;29;16;4;64;4
14506049001;28;25;10;12;36;432;7
14506057001;36;24;16;24;18;432;3
14506060001;51;35;23;12;6;72;3
14506062001;46;26;23;12;9;108;4
14506065001;28;25;10;12;36;432;2
14506066001;27;24;10;12;39;468;1
14506067001;29;24;10;12;36;432;3
14506069001;46;26;23;12;9;108;2
14506070001;52;39;25;12;5;60;12
14506072001;27;24;10;12;39;468;15
14506074001;38;32;29;8;7;56;2
14506076001;63;35;27;12;4;48;1
14506081001;38;26;13;20;19;380;3
14506082001;38;26;13;20;19;380;2
14506085001;37;32;28;40;7;280;10
14506087001;40;32;28;8;7;56;4
14506089001;33;32;28;32;8;256;12
14506090001;53;39;25;12;4;48;2
14506099001;53;37;14;10;9;90;6
14506103001;36;27;16;24;16;384;5
14506109001;54;36;29;12;4;48;3
14506111001;37;31;14;8;15;120;5
14506112001;63;35;27;12;4;48;1
14506122001;36;34;28;32;7;224;1
14506124001;53;31;43;12;3;36;3
14506127001;65;27;41;20;3;60;2
14506129001;35;32;14;4;16;64;7
14506130001;54;36;29;12;4;48;1
14506131001;54;36;29;12;4;48;1
14506132001;48;30;43;12;4;48;3
14506135001;62;34;27;12;4;48;2
14506139001;48;30;43;12;4;48;4
14506140001;40;32;27;32;7;224;7
14506141001;51;40;28;12;4;48;3
14506143001;46;32;28;48;6;288;3
14506145001;46;35;27;8;5;40;2
14506150001;51;40;32;12;3;36;1
14506159001;46;30;15;6;12;72;2
14506164001;53;37;30;12;4;48;1
14506165001;44;34;13;12;13;156;4
14506171001;65;33;20;60;5;300;2
14506174001;34;32;27;40;8;320;8
14506190001;45;27;18;12;11;132;2
14506199001;52;28;26;80;6;480;4
14506204001;47;29;15;24;12;288;4
14506222001;39;33;42;12;4;48;3
14506225001;38;32;14;16;14;224;3
14506248001;40;30;25;12;8;96;2
14506262001;50;29;43;12;4;48;5
14506264001;37;32;28;40;7;280;5
14506286001;40;33;28;8;6;48;1
14506313001;38;24;12;20;23;460;4
14506314001;38;24;15;20;18;360;4
14506315001;39;24;12;20;22;440;3
14506328001;44;34;13;12;13;156;3
14506329001;44;34;13;12;13;156;4
14506334001;38;31;14;4;15;60;4
14506352001;39;23;12;20;23;460;1
14506357001;28;28;12;12;27;324;4
14506358001;44;34;13;12;13;156;4
14506366001;45;27;16;20;13;260;8
14506400001;32;32;28;8;8;64;5
14506488001;40;40;27;12;5;60;2
14506490001;40;32;28;8;7;56;3
14506887001;37;33;14;30;14;420;3
14507042001;42;29;14;24;14;336;2
14507044001;42;36;33;24;5;120;6
14507045001;42;36;26;24;6;144;2
14507047001;41;28;14;24;15;360;5
14507061001;40;30;15;24;14;336;2
14507076001;31;14;28;20;20;400;2
14507083001;25;21;28;24;17;408;4
14507085001;25;20;28;24;18;432;12
14507087001;25;20;28;24;18;432;80
14507202001;54;26;33;24;5;120;9
14508004001;52;39;42;20;2;40;3
14508013001;59;43;29;16;3;48;3
14508016001;53;47;25;18;4;72;6
14508022001;39;25;25;12;10;120;1
14508918001;40;28;19;24;11;264;66
14509001001;47;30;39;18;4;72;231
14509005001;46;33;27;24;6;144;172
14509007001;56;35;26;12;5;60;101
14509008001;43;31;27;12;7;84;771
14509013001;44;27;27;24;7;168;101
14509015001;30;30;29;12;9;108;25
14509016001;49;38;27;40;5;200;6
14509021001;33;26;13;12;22;264;6
14509024001;30;29;37;12;7;84;42
14509025001;30;29;29;12;10;120;36
14509026001;30;30;40;12;7;84;12
14509035001;33;26;13;12;22;264;137
14509036001;51;36;23;12;6;72;60
14509037001;33;26;13;12;22;264;30
14510014001;54;36;13;6;10;60;18
14511005001;54;36;13;6;10;60;2
14512015001;45;30;21;8;8;64;3
14512916001;51;39;17;6;7;42;3
14520044001;50;31;23;12;7;84;4
14520065001;35;29;34;96;7;672;4
14520067001;35;29;34;96;7;672;5
14520068001;35;29;34;96;7;672;5
14521148001;21;19;13;12;49;588;44
14521156001;35;29;34;96;7;672;71
14521157001;35;29;34;96;7;672;27
14521158001;35;29;34;96;7;672;82
14521178001;48;27;20;60;9;540;506
14521179001;48;27;20;60;9;540;24
14521180001;48;27;20;60;9;540;15
14521181001;48;27;20;60;9;540;6
14522044001;21;19;13;12;49;588;12
14522048001;35;29;34;96;7;672;6
14522049001;36;29;34;96;7;672;18
14522050001;35;29;34;96;7;672;21
14522051001;35;29;34;96;7;672;12
14522065001;36;30;34;96;6;576;24
14524015001;41;31;22;12;9;108;6
14600005001;61;38;9;24;12;288;95
14600007001;37;19;24;16;15;240;62
14600010001;13;9;11;6;198;1188;33
14600011001;37;19;20;24;18;432;95
14600013001;38;19;21;24;16;384;9
14600017001;47;32;16;24;10;240;211
14600020001;38;20;20;24;16;384;27
14600022001;32;25;20;24;15;360;59
14600023001;50;36;12;24;11;264;51
14600032001;37;20;22;24;15;360;36
14600898001;37;21;12;12;27;324;90
14600899001;28;19;16;12;29;348;75
14600907001;20;13;16;12;61;732;44
14600912001;38;18;20;24;18;432;12
14600999001;40;30;15;6;14;84;18
14601001001;44;34;15;24;11;264;9
14601003001;46;28;16;30;12;360;3
14601004001;44;22;36;24;7;168;45
14601009001;32;25;20;24;15;360;117
14601015001;50;21;28;24;8;192;168
14601016001;52;27;20;10;9;90;3
14601027001;42;23;15;12;17;204;9
14601028001;44;33;14;12;12;144;2
14601047001;42;25;20;12;12;144;33
14601051001;30;23;17;24;21;504;27
14601063001;34;24;29;24;10;240;24
14601065001;34;28;19;60;14;840;6
14601067001;37;28;21;80;11;880;41
14601073001;34;24;30;24;10;240;4
14601999001;37;28;21;12;11;132;33
14602013001;39;13;18;36;27;972;3
14602022001;27;18;12;24;43;1032;90
14602033001;43;33;20;20;8;160;3
14602034001;43;32;13;20;14;280;30
14602035001;43;32;13;20;14;280;6
14602036001;43;32;13;20;14;280;3
14602037001;43;32;13;20;14;280;8
14602049001;14;11;13;6;127;762;9
14602050001;12;18;12;6;98;588;12
14602052001;14;11;13;6;127;762;15
14602058001;27;18;12;24;43;1032;7
14602060001;26;18;12;24;45;1080;5
14602061001;27;18;12;24;43;1032;4
14602063001;27;18;12;24;43;1032;3
14602074001;12;18;12;6;98;588;21
14602085001;22;15;17;6;45;270;2
14602087001;22;15;17;6;45;270;8
14602089001;22;15;17;6;45;270;18
14602091001;22;15;17;6;45;270;2
14602092001;22;15;17;6;45;270;15
14602112001;18;13;11;12;99;1188;1
14602113001;18;13;11;12;99;1188;8
14602115001;13;9;11;6;198;1188;158
14602116001;13;9;11;6;198;1188;12
14602120001;22;16;11;12;65;780;177
14603001001;18;18;15;10;52;520;81
14603003001;44;32;28;60;6;360;69
14603004001;44;32;28;60;6;360;27
14603005001;42;31;26;60;7;420;24
14603010001;42;31;26;60;7;420;10
14603012001;42;31;26;60;7;420;87
14603013001;18;18;15;10;52;520;63
14603014001;18;18;15;10;52;520;99
14603019001;42;31;26;60;7;420;3
14603026001;18;18;15;10;52;520;1
14603030001;43;32;28;60;6;360;15
14603038001;24;22;13;10;37;370;4
14603116001;27;12;16;10;49;490;1
14604001001;27;19;12;24;41;984;10
14604042001;26;18;13;24;41;984;3
14610001001;30;19;26;12;17;204;1
14610002001;44;31;28;9;6;54;4
14610008001;35;24;29;6;10;60;1
14610009001;29;23;26;12;14;168;8
14610010001;25;23;25;12;17;204;6
14610011001;35;31;31;6;7;42;2
14611002001;29;27;29;12;11;132;2
14611007001;33;30;32;6;8;48;3
14611009001;35;25;29;6;10;60;4
14611010001;42;29;33;6;6;36;4
14611013001;35;27;27;6;9;54;2
14611014001;45;31;28;9;6;54;30
14611020001;35;20;30;12;12;144;2
14611022001;37;26;30;6;8;48;17
14611899001;34;24;29;6;10;60;31
14611901001;31;22;30;6;12;72;12
14612005001;33;25;28;12;11;132;20
14612012001;20;13;30;6;32;192;7
14612018002;33;24;28;12;11;132;48
14612031001;19;13;28;6;36;216;6
14612034001;28;23;29;9;13;117;6
14612035001;33;25;28;12;11;132;12
14612059001;34;26;27;12;10;120;6
14612075001;34;23;28;6;11;66;6
14612088001;29;22;30;12;13;156;12
14612900001;21;15;30;6;26;156;48
14612922001;34;25;24;12;12;144;6
14612946001;30;23;33;12;11;132;12
14613007001;35;24;30;6;10;60;229
14613013001;40;30;28;9;7;63;12
14613017001;28;24;30;9;12;108;9
14613018001;25;20;30;12;16;192;6
14613019001;35;26;27;12;10;120;6
14613024001;34;23;28;6;11;66;96
14613026001;38;27;29;6;8;48;36
14613899001;35;23;30;6;10;60;2
14613900001;29;27;25;24;13;312;24
14613902001;34;25;29;12;10;120;5
14613904001;37;33;34;4;6;24;203
14613907001;24;17;32;6;19;114;84
14613908001;38;26;31;6;8;48;806
14613918001;35;25;28;6;10;60;591
14614001001;37;25;31;6;8;48;3171
14615002001;26;21;28;12;16;192;2493
14615009001;29;26;24;16;14;224;1296
14615011001;32;32;30;6;8;48;189
14615012001;33;25;33;12;9;108;24
14615013001;24;19;20;12;27;324;926
14615019001;22;18;17;12;37;444;422
14615021001;26;21;28;12;16;192;280
14615030001;35;25;30;6;9;54;192
14615031001;23;30;30;12;12;144;150
14615035001;18;13;21;6;51;306;72
14615038001;41;29;33;6;6;36;72
14615041001;39;12;24;10;22;220;651
14615048001;39;26;31;6;8;48;624
14615052001;24;18;23;12;25;300;60
14615057001;32;25;30;12;10;120;129
14615059001;24;24;30;9;14;126;24
14615061001;36;33;35;4;6;24;228
14615063001;31;22;17;6;21;126;12
14615067001;27;21;28;12;16;192;30
14615070001;35;24;29;6;10;60;851
14615072001;16;11;24;6;60;360;119
14615076001;24;18;23;12;25;300;190
14615079001;34;25;30;6;9;54;168
14615082001;32;25;33;12;9;108;192
14615083001;21;17;15;12;47;564;120
14615084001;38;26;30;6;8;48;232
14615107001;29;23;29;12;13;156;335
14615108001;25;19;26;12;20;240;251
14615114001;27;24;26;12;15;180;544
14615133001;33;23;29;6;11;66;336
14615897001;35;24;28;6;10;60;1083
14615898001;35;24;28;6;10;60;24
14616001001;32;25;26;12;12;144;221
14616002001;30;24;26;12;13;156;192
14616006001;31;24;26;12;13;156;114
14616009001;31;24;31;12;11;132;2
14616013001;31;24;26;12;13;156;1
14616017001;32;25;26;12;12;144;7
14616018001;29;22;30;12;13;156;1
14616019001;33;33;32;6;7;42;8
14616020001;23;16;23;12;30;360;5
14616021001;37;30;32;6;7;42;2
14616022001;37;30;32;6;7;42;2
14616033001;32;26;28;12;10;120;14
14616038001;31;24;26;12;13;156;10
14616044001;30;24;27;12;13;156;2
14616053001;32;25;26;12;12;144;10
14616054001;33;25;26;12;11;132;3
14616060001;30;24;27;12;13;156;2
14616075001;31;23;31;12;11;132;1
14616194001;24;19;24;12;23;276;1
14616195001;24;19;24;12;23;276;1
14616203001;33;25;26;12;11;132;4
14620001001;33;25;26;12;11;132;1
14620006001;34;22;28;6;12;72;1
14620007001;29;23;24;12;15;180;7
14620012001;40;28;20;24;11;264;12
14620014001;33;23;28;6;11;66;4
14620019001;32;25;26;12;12;144;4
14620021001;32;25;26;12;12;144;2
14620022001;27;21;23;12;19;228;1
14620028001;36;26;23;12;11;132;2
14620030001;34;23;27;6;12;72;1
14620035001;24;17;27;6;23;138;2
14620036001;36;26;23;12;11;132;2
14620039001;32;26;26;12;11;132;3
14620042001;35;23;32;6;9;54;1
14620046001;31;23;21;12;17;204;2
14620051001;49;33;25;24;6;144;11
14620057001;30;23;26;12;14;168;5
14620060001;34;24;29;6;10;60;5
14620061001;27;21;30;12;14;168;5
14620062001;37;28;27;12;9;108;7
14620070001;30;23;26;12;14;168;1
14620072001;28;21;29;12;14;168;1
14620081001;34;22;29;6;11;66;2
14620083001;29;22;20;12;19;228;4
14620084001;33;25;29;12;10;120;3
14620092001;36;26;23;12;11;132;3
14620103001;27;21;30;12;14;168;5
14620107001;28;19;27;6;17;102;4
14620110001;24;19;26;12;21;252;2
14620111001;24;19;26;12;21;252;2
14620112001;27;20;17;12;27;324;1
14620113001;25;20;29;12;17;204;2
14620114001;33;25;28;12;11;132;2
14620115001;29;21;29;12;14;168;2
14620119001;26;20;22;12;22;264;5
14620124001;32;24;28;12;11;132;5
14620133001;25;20;28;12;18;216;2
14620138001;32;23;17;6;20;120;3
14620149001;33;25;19;12;16;192;8
14620158001;32;25;26;12;12;144;6
14620168001;49;33;24;8;6;48;3
14620171001;28;21;20;12;21;252;4
14620178001;32;24;19;12;17;204;2
14620894001;37;28;27;12;9;108;8
14620907001;33;23;28;6;11;66;3
14620908001;36;27;29;12;9;108;6
14620909001;36;27;29;12;9;108;1
14620920001;33;25;19;12;16;192;3
14620922001;33;22;28;6;12;72;8
14620999001;32;24;19;12;17;204;1
14621005001;27;21;30;12;14;168;2
14621009001;32;26;20;12;15;180;1
14621012001;26;20;29;12;16;192;10
14621013001;36;28;27;12;9;108;6
14621017001;31;31;31;4;8;32;2
14621018001;27;21;23;12;19;228;12
14621021001;30;22;25;12;15;180;3
14621026001;33;32;33;4;7;28;2
14621029001;30;22;26;12;14;168;6
14621034001;25;20;24;12;21;252;3
14621035001;27;20;28;12;16;192;10
14621041001;37;29;27;12;8;96;2
14621044001;28;22;25;12;16;192;6
14621045001;32;25;26;12;12;144;5
14621048001;34;33;30;12;7;84;18
14621058001;27;21;30;12;14;168;18
14621062001;28;22;27;12;15;180;27
14621069001;29;22;22;12;18;216;2
14621070001;32;25;19;12;16;192;14
14621095001;28;22;32;12;12;144;18
14630050001;30;23;11;12;33;396;5
14630056001;38;26;21;24;12;288;6
14631013001;31;25;10;12;32;384;7
14631014001;22;17;11;12;61;732;1
14631018001;30;39;18;48;12;576;31
14631022001;21;17;11;12;64;768;9
14631028001;33;22;18;12;19;228;6
14631042001;17;13;15;12;76;912;15
14631043001;27;22;27;24;15;360;11
14631047001;27;22;27;24;15;360;8
14631064001;28;22;14;12;29;348;5
14631082001;27;20;13;12;36;432;4
14631100001;29;22;15;12;26;312;4
14631925001;18;12;19;6;62;372;28
14631944001;31;24;11;12;31;372;4
14631948001;28;22;14;12;29;348;7
14631949001;28;22;14;12;29;348;16
14632005001;33;25;21;12;14;168;4
14632009001;26;20;17;12;28;336;8
14632014001;22;15;14;10;55;550;5
14632019001;29;18;13;10;37;370;5
14632022001;33;25;18;12;17;204;1
14632030001;26;19;17;12;30;360;6
14632044001;32;25;22;12;14;168;9
14632058001;28;28;30;9;10;90;5
14632059001;18;12;19;6;62;372;8
14632067001;19;13;19;6;54;324;6
14632071001;18;12;19;6;62;372;1
14632103001;31;25;10;12;32;384;4
14632186001;25;19;15;12;35;420;4
14632194001;36;26;16;12;17;204;2
14632215001;36;26;16;12;17;204;7
14632223001;32;25;19;12;16;192;5
14632295001;18;12;19;6;62;372;21
14632352001;31;23;9;12;39;468;6
14632449001;19;14;19;6;50;300;4
14632450001;19;14;19;6;50;300;10
14632482001;34;27;13;12;21;252;1
14633001001;36;23;18;48;17;816;6
14633039001;34;23;11;24;29;696;4
14633043001;42;30;20;72;10;720;4
14633045001;42;30;21;72;9;648;8
14633046001;27;23;10;12;41;492;6
14633108001;30;25;12;12;28;336;12
14633896001;42;28;10;24;21;504;1
14633897001;42;28;10;24;21;504;12
14633900001;43;33;11;12;16;192;16
14633934001;34;28;16;72;16;1152;1
14633935001;34;28;16;72;16;1152;2
14633936001;34;28;16;72;16;1152;4
14633937001;34;28;16;72;16;1152;6
14633938001;47;31;12;24;14;336;4
14634023001;27;20;12;12;39;468;6
14634027001;29;23;13;12;29;348;1
14634047001;26;20;16;12;30;360;1
14700007001;32;22;15;12;24;288;5
14700008001;38;31;16;12;13;156;1
14700026001;36;31;13;12;17;204;2
14700031001;25;42;13;12;18;216;2
14700035001;38;22;14;12;21;252;4
14700036001;39;32;17;12;12;144;2
14700037001;38;22;16;12;19;228;8
14700077001;44;33;17;20;10;200;6
14700078001;42;26;12;12;19;228;2
14701008002;41;22;18;24;15;360;32
14701012001;38;32;16;12;13;156;26
14701022001;44;22;13;12;20;240;5
14701045001;19;12;10;12;111;1332;47
14701067001;22;17;15;6;45;270;2
14710006001;36;26;19;6;14;84;1
14710007001;38;22;16;6;19;114;4
14711001001;36;26;19;12;14;168;1
14711008001;38;21;16;12;19;228;4
14711014001;27;22;18;12;23;276;3
14720003001;50;21;14;20;17;340;5
14720022001;41;18;14;20;24;480;4
14720029001;44;22;13;12;20;240;4
14721003001;42;33;19;12;9;108;3
14721943001;43;33;17;20;10;200;1
14721944001;46;35;23;20;6;120;2
14730041001;38;26;19;12;13;156;2
14730898001;43;28;27;30;7;210;2
14730900001;20;10;10;24;127;3048;1
14731905001;45;23;15;20;16;320;4
14740003001;45;34;19;12;8;96;2
14740006001;38;30;26;12;8;96;4
14740013001;37;29;24;24;9;216;6
14740016001;37;27;26;12;9;108;4
14740017001;37;28;26;12;9;108;2
14740018001;37;28;26;12;9;108;2
14740024001;45;34;19;12;8;96;2
14740035001;43;33;25;12;7;84;1
14740036001;38;31;25;12;8;96;1
14740037001;38;30;26;12;8;96;5
14740038001;45;34;19;12;8;96;1
14740050001;37;28;26;12;9;108;4
14740061001;56;29;20;12;7;84;4
14740074001;37;35;24;12;8;96;4
14741003001;37;28;26;12;9;108;6
14741008001;37;29;16;12;14;168;2
14741009001;37;29;16;12;14;168;1
14741010001;28;22;15;12;27;324;3
14741015001;36;28;14;12;18;216;5
14741017001;44;32;16;12;11;132;3
14741026001;36;27;14;12;18;216;2
14741028001;36;27;23;24;11;264;2
14741049001;35;27;9;12;29;348;2
14741050001;24;18;10;12;59;708;16
14741051001;24;18;10;12;59;708;4
14742018001;40;28;12;24;18;432;4
14742048001;45;32;21;24;8;192;4
14801002001;36;28;12;24;21;504;2
14801003001;35;27;12;12;22;264;3
14801012001;34;27;12;12;23;276;5
14801020001;37;27;12;24;21;504;4
14802005001;36;28;11;24;22;528;6
14802010001;31;23;13;12;27;324;6
14804001001;41;28;10;24;22;528;6
14804002001;41;28;14;24;15;360;5
14804004001;41;28;13;24;17;408;6
14804005001;41;28;10;24;22;528;6
14804007001;41;28;13;24;17;408;2
14804010001;40;27;12;24;19;456;1
14804012001;42;28;13;2;16;32;1
14804013001;43;28;13;2;16;32;1
14804014001;44;28;25;4;8;32;1
14804016001;41;27;12;24;19;456;3
14805001001;41;28;13;24;17;408;6
14805002001;41;28;12;24;18;432;2
14805004001;41;28;10;24;22;528;7
14805005001;41;28;13;24;17;408;1
14805010001;41;28;12;24;18;432;2
14805012001;41;27;13;24;17;408;1
14805013001;44;29;25;4;7;28;3
14805016001;41;27;12;24;19;456;15
14805017001;41;28;11;24;20;480;4
14805023001;42;28;12;24;18;432;5
14805028001;42;28;13;24;16;384;20
14805056001;41;28;13;24;17;408;120
14805059001;41;27;13;24;17;408;1
14805063001;41;28;13;24;17;408;1
14805066001;41;28;13;24;17;408;1
14805899001;41;27;13;24;17;408;1
14810001001;35;26;18;24;15;360;10
14810002001;35;26;18;24;15;360;6
14810004001;35;26;18;24;15;360;9
14810005001;35;27;19;24;14;336;6
14810006001;35;26;18;24;15;360;9
14810012001;28;21;18;24;24;576;1
14810013001;28;21;18;24;24;576;1
14810016001;35;26;18;24;15;360;15
14810017001;28;21;17;8;25;200;5
14810018001;35;27;18;24;14;336;1
14810023001;27;21;17;24;26;624;1
14810025001;35;26;18;24;15;360;3
14810030001;36;28;18;24;14;336;2
14810031001;28;22;16;8;25;200;5
14811004001;31;23;23;24;15;360;4
14811006001;32;24;23;24;14;336;36
14811007001;31;23;23;8;15;120;5
14820001001;31;23;14;12;25;300;2
14820004001;29;22;15;12;26;312;2
14820008001;32;24;23;48;14;672;1
14820009001;28;21;10;12;43;516;15
14820012001;42;29;18;48;11;528;4
14820013001;36;25;18;48;15;720;12
14820014001;42;29;19;48;11;528;6
14820015001;31;24;9;24;38;912;8
14820017001;28;21;10;12;43;516;6
14820023001;29;22;15;12;26;312;5
14820028001;31;23;23;48;15;720;1
14820029001;31;23;14;12;25;300;24
14820035001;29;23;15;12;25;300;11
14820045001;28;21;10;4;43;172;13
14821001001;29;22;15;12;26;312;4
14821003001;36;24;19;48;15;720;2
14821006001;31;23;14;12;25;300;1
14821011001;31;24;13;12;26;312;1
14822008001;33;26;26;48;11;528;3
14822009001;46;31;13;24;13;312;1
14822010001;46;31;13;24;13;312;2
14822014001;32;24;8;12;41;492;1
14822017001;32;25;13;12;24;288;1
14822018001;32;25;13;12;24;288;1
14822021001;33;25;13;12;23;276;2
14822024001;44;32;11;20;16;320;1
14822025001;44;32;11;20;16;320;1
14822026001;43;40;13;30;11;330;7
14822037001;29;22;15;12;26;312;1
14822044001;30;21;11;12;36;432;1
14822046001;31;24;11;24;31;744;1
14822049001;34;26;15;12;19;228;1
14822050001;31;24;14;12;24;288;1
14822053001;30;23;13;12;28;336;1
14822062001;30;23;13;12;28;336;1
14822063001;32;24;23;48;14;672;2
14822095001;42;35;12;20;14;280;1
14822104001;20;15;10;12;84;1008;1
14822112001;36;27;28;48;9;432;1
14822115001;30;23;11;12;33;396;1
14822899001;44;36;12;30;13;390;1
14822925001;33;25;13;12;23;276;2
14822926001;33;25;13;12;23;276;1
14822965001;31;24;8;12;42;504;1
14830001001;36;28;11;24;22;528;2
14830002001;31;24;9;24;38;912;1
14830005001;28;22;9;24;45;1080;3
14830009001;35;26;10;24;28;672;3
14830010001;35;27;17;48;15;720;1
14830011001;36;27;10;24;26;624;1
14830012001;35;27;10;24;26;624;2
14830013001;35;27;10;24;26;624;1
14830017001;36;27;10;24;26;624;2
14830018001;32;23;9;24;38;912;12
14830026001;31;24;9;24;38;912;2
14830029001;35;27;9;24;29;696;4
14830039001;36;27;10;24;26;624;5
14830045001;35;26;10;24;28;672;5
14830048001;31;24;10;24;34;816;6
14830063001;35;27;10;24;26;624;1
14830069001;31;24;9;24;38;912;6
14830072001;36;26;9;24;30;720;1
14830073001;36;26;9;24;30;720;1
14831002001;32;23;18;48;19;912;1
14831005001;30;26;17;48;19;912;8
14831007001;32;23;17;48;20;960;1
14831008001;23;33;10;24;33;792;3
14831009001;32;23;9;24;38;912;228
14831011001;32;23;17;48;20;960;63
14831013001;32;23;17;48;20;960;189
14831020001;32;23;17;48;20;960;233
14831021001;33;23;9;24;37;888;65
14831022001;33;23;10;24;33;792;66
14831027001;33;23;10;24;33;792;43
14832003001;36;26;23;48;11;528;52
14832005001;35;26;12;24;23;552;127
14832009001;35;26;12;24;23;552;12
14832012001;35;28;22;48;11;528;51
14832018001;35;27;12;24;22;528;206
14832021001;35;27;12;24;22;528;150
14832024001;32;23;15;12;23;276;16
14832037001;43;40;13;30;11;330;21
14832043001;38;29;20;12;11;132;105
14832044001;24;12;8;12;110;1320;4
14832052001;35;26;12;24;23;552;61
14832054001;35;26;12;24;23;552;61
14832057001;32;22;9;24;40;960;50
14832909001;32;23;9;24;38;912;23
14833003001;31;24;9;24;38;912;64
14833005001;31;24;13;12;26;312;19
14833011001;36;27;18;48;14;672;82
14833017001;32;25;11;12;28;336;9
14833024001;31;24;11;24;31;744;143
14833033001;29;21;10;12;41;492;12
14833035001;31;24;10;24;34;816;47
14833036001;32;24;13;12;25;300;39
14833037001;42;32;13;12;14;168;15
14833040001;42;33;14;12;13;156;19
14833049001;35;27;10;24;26;624;34
14833052001;31;23;9;24;39;936;69
14833056001;33;27;9;24;31;744;176
14833058001;31;25;13;12;25;300;25
14833059001;32;25;13;12;24;288;529
14833060001;30;21;10;12;40;480;529
14833063001;24;17;12;12;52;624;23
14833066001;36;27;10;24;26;624;159
14833069001;36;28;17;12;14;168;24
14833072001;37;20;17;8;20;160;51
14833075001;32;22;13;6;27;162;92
14833077001;43;33;13;12;13;156;12
14833078001;35;27;17;48;15;720;45
14833079001;30;23;10;12;36;432;4
14833086001;37;20;17;8;20;160;19
14840003001;31;23;23;48;15;720;386
14840005001;29;22;15;12;26;312;48
14840006001;42;29;20;48;10;480;168
14840017001;47;32;12;48;14;672;74
14840018001;46;31;12;48;14;672;78
14840022001;31;23;12;24;29;696;186
14841001001;31;24;11;24;31;744;126
14841002001;31;24;11;24;31;744;48
14841003001;31;23;13;12;27;324;23
14850001001;80;40;12;1;6;6;68
14850003001;50;36;38;6;3;18;4
14850010001;80;40;12;1;6;6;89
14850011001;80;40;13;1;6;6;77
14850019001;54;30;27;4;5;20;29
14850020001;33;56;10;1;13;13;11
14850034001;80;44;14;1;5;5;22
14850042001;76;42;14;1;5;5;12
14850060001;72;43;13;1;6;6;4
14850082001;51;44;32;10;3;30;60
14850093001;80;44;14;1;5;5;23
14850102001;76;42;14;1;5;5;10
14850103001;62;40;9;1;11;11;4
14850126001;80;44;14;1;5;5;13
14850133001;62;42;26;10;3;30;4
14850175001;50;38;35;6;3;18;4
14850194001;49;37;34;6;4;24;19
14850195001;49;37;34;6;4;24;22
14851001001;52;39;11;1;11;11;14
14851006001;40;56;13;1;8;8;8
14851009001;52;39;11;1;11;11;10
14851010001;54;31;26;4;5;20;32
14851014001;48;45;25;4;4;16;21
14851023001;55;39;10;1;11;11;11
14851025001;61;36;10;1;11;11;24
14851032001;47;37;9;1;16;16;14
14851034001;48;45;25;4;4;16;42
14851063001;40;32;24;6;8;48;46
14851071001;40;32;24;6;8;48;28
14851072001;40;32;24;6;8;48;42
14851121001;58;33;9;1;14;14;26
14852005001;46;30;11;24;16;384;96
14852006001;41;35;24;96;7;672;24
14852008001;40;35;23;96;7;672;24
14852009001;40;35;23;96;7;672;68
14852011001;40;35;23;96;7;672;24
14852012001;42;33;21;96;8;768;24
14852016001;32;21;28;96;13;1248;68
14852019001;32;21;27;96;14;1344;322
14852020001;40;35;23;96;7;672;24
14852031001;40;35;23;96;7;672;24
14852044001;31;23;23;24;15;360;1217
14852062001;33;22;28;96;12;1152;80
14852064001;47;32;12;24;14;336;54
14852898001;40;35;23;96;7;672;24
14852899001;42;33;22;96;8;768;24
14853003001;35;27;17;48;15;720;338
14853013001;51;28;14;80;12;960;208
14853031001;36;27;18;48;14;672;60
14853046001;35;26;11;24;25;600;32
14853047001;35;26;11;24;25;600;32
14853048001;35;26;11;24;25;600;189
14853049001;35;26;11;24;25;600;189
14854027001;47;36;19;12;7;84;42
15020001001;32;15;13;24;40;960;347
15020007001;37;20;22;12;15;180;77
15020010001;32;16;13;24;38;912;1455
15020046001;32;17;12;24;39;936;721
15020047001;32;15;13;24;40;960;1246
15020050001;32;15;13;24;40;960;1271
15020920001;32;16;13;24;38;912;1176
15020922001;33;16;13;24;37;888;365
15020925001;35;20;9;24;40;960;135
15021001001;32;16;13;24;38;912;621
15021003001;32;18;12;24;36;864;389
15021035001;30;16;12;24;44;1056;476
15021042001;39;26;17;24;14;336;476
15021047001;42;17;14;24;25;600;293
15021057001;33;16;13;24;37;888;162
15021060001;35;20;9;24;40;960;173
15022004001;32;15;13;24;40;960;1538
15022005001;30;17;12;24;41;984;1654
15022009001;36;24;13;24;22;528;124
15022013001;33;17;13;24;34;816;286
15022014001;30;17;12;24;41;984;96
15022017001;33;16;13;24;37;888;438
15022019001;36;24;14;24;21;504;54
15022021001;33;16;13;24;37;888;295
15022026001;30;17;12;24;41;984;5010
15023001001;37;25;17;24;16;384;562
15023003001;34;20;11;24;34;816;240
15023004001;36;20;11;24;32;768;305
15023005001;34;20;11;24;34;816;365
15023008001;35;20;14;24;26;624;365
15023011001;34;20;11;24;34;816;374
15023012001;34;20;11;24;34;816;422
15023013001;34;20;11;24;34;816;346
15023017001;35;20;11;24;33;792;776
15023020001;35;20;11;24;33;792;381
15023035001;37;25;17;24;16;384;828
15023036001;37;25;17;24;16;384;96
15023038001;37;25;17;24;16;384;96
15024004001;34;20;11;24;34;816;388
15024011001;37;25;17;24;16;384;1514
15024014001;35;20;11;24;33;792;187
15081020001;50;35;26;40;5;200;26
30000004001;28;17;12;48;44;2112;4
30000056001;31;31;24;48;11;528;14
30001041001;13;10;18;12;108;1296;12
30001907001;31;31;31;48;8;384;13
30002001001;30;21;21;48;19;912;30
30003001001;34;22;24;48;14;672;10
30005001001;10;6;5;12;849;10188;11
30010002001;30;26;5;30;65;1950;22
30010005001;25;15;13;30;52;1560;22
30011002001;30;13;19;30;34;1020;15
30013002001;41;17;20;45;18;810;18
30045078002;35;28;16;20;16;320;40
30045079001;38;32;26;60;8;480;16
30071041001;14;23;29;6;27;162;18
30071043001;34;28;25;10;10;100;9
30071044001;33;33;26;10;9;90;4
30071051001;35;15;27;8;17;136;12
30073007001;50;31;40;22;4;88;4
30073017001;39;24;15;6;18;108;23
30073022001;40;25;28;10;9;90;4
30073068001;32;15;38;8;13;104;26
30435004001;13;7;9;25;311;7775;12
30450006001;59;41;30;24;3;72;18
30450011001;54;45;31;20;3;60;41
30450013001;57;40;30;24;3;72;19
30450034001;32;22;21;24;17;408;26
30450039001;33;22;21;24;16;384;4
31042914001;50;43;28;24;4;96;4
31118021001;35;18;14;12;28;336;12
31118023001;23;22;19;12;26;312;12
31170002001;17;5;10;12;299;3588;12
31175002001;33;14;10;12;55;660;4
31182015001;25;19;17;12;31;372;4
31214010001;28;15;32;12;18;216;12
31215012001;32;12;19;12;34;408;12
31225014001;18;18;11;12;71;852;35
31226017001;21;21;9;12;64;768;12
31227009001;26;26;14;12;26;312;4
31235015001;59;37;34;40;3;120;25
31235016001;60;38;34;10;3;30;31
31236026001;62;39;38;40;2;80;13
31236027001;63;40;37;10;2;20;33
31240002001;47;30;32;48;5;240;33
31244001001;37;28;28;100;8;800;22
31244002001;30;25;13;36;26;936;69
31250003001;25;17;21;24;28;672;4
31251002001;34;12;21;24;29;696;4
31253001001;38;70;21;70;4;280;4
31253002001;63;33;21;70;5;350;19
31253004001;42;21;33;30;8;240;16
31254009001;27;25;13;20;29;580;18
31254899001;26;18;13;20;41;820;33
31255010001;40;27;32;50;7;350;26
31258003001;24;16;15;24;44;1056;14
31258006001;26;23;16;24;26;624;14
31260001001;43;25;41;8;5;40;4
31268003001;25;18;8;24;70;1680;12
31270006001;47;32;30;8;5;40;8
31271003001;48;19;19;10;14;140;18
31273002001;30;27;28;12;11;132;42
31401023001;25;18;30;2;18;36;42
31403064001;50;43;18;6;6;36;4
31420003001;47;30;33;30;5;150;10
31421003001;45;24;31;24;7;168;41
31421011001;38;21;23;24;13;312;27
31421034001;40;33;27;24;7;168;16
31421035001;42;29;22;24;9;216;17
31421038001;50;48;31;48;3;144;24
31421039001;50;48;23;48;4;192;32
31421040001;50;48;23;48;4;192;15
31421041001;50;48;31;48;3;144;36
31421049001;30;20;7;6;60;360;4
31422002001;41;32;30;24;6;144;26
31422011001;39;25;34;24;7;168;19
31422013001;53;40;23;48;5;240;29
31422014001;49;38;31;48;4;192;25
31422019001;42;31;22;24;8;192;26
31422898001;51;35;29;48;4;192;39
31423001001;42;33;35;48;5;240;19
31423013001;26;19;26;24;19;456;12
31423019001;51;32;34;60;4;240;32
31423896001;47;30;33;20;5;100;12
31423897001;47;30;33;60;5;300;4
31423902001;38;32;37;20;5;100;46
31424001001;48;30;33;20;5;100;12
31424002001;48;30;33;60;5;300;22
31455002001;27;19;26;24;19;456;11
31455003001;30;23;34;24;10;240;26
31455016001;23;23;3;12;160;1920;26
31466156001;34;15;20;12;24;288;17
31473013001;48;39;30;24;4;96;21
31500006001;49;33;18;24;8;192;32
31500008001;31;30;26;30;10;300;12
31500014001;58;24;12;15;15;225;29
31500015001;57;24;13;15;14;210;27
31500022004;46;32;13;20;13;260;19
31500025002;50;26;25;30;7;210;24
31500030001;45;30;14;20;13;260;16
31500032001;50;24;25;30;8;240;32
31501003001;56;22;15;15;13;195;25
31501007001;30;30;29;30;9;270;32
31501010001;46;32;22;24;7;168;36
31501013001;50;31;22;20;7;140;31
31501021001;48;47;18;30;6;180;26
31501901003;44;28;17;20;12;240;24
31501903003;45;26;29;30;7;210;26
31501904001;44;28;16;20;12;240;22
31501907002;48;22;31;30;7;210;19
31502003001;28;28;34;30;9;270;27
31502006001;42;33;25;24;7;168;31
31502010001;54;22;19;15;11;165;22
31502012001;46;27;24;20;8;160;34
31502025001;46;37;17;30;8;240;27
31502032004;42;28;19;20;11;220;25
31502034001;47;20;35;30;7;210;21
31502037001;40;29;19;20;11;220;21
31502041001;51;19;36;30;7;210;4
31503003001;51;25;23;24;8;192;27
31504009001;43;25;31;30;7;210;38
31504015001;34;26;29;6;9;54;27
31530003001;4;30;30;12;70;840;33
31530005001;27;23;6;12;68;816;46
31530008001;29;7;26;12;48;576;11
31530011001;30;29;4;12;73;876;20
31530027001;27;23;22;20;18;360;22
31530043001;28;15;7;12;86;1032;12
31530107001;41;34;6;12;30;360;32
31530108001;41;34;6;12;30;360;17
31531002001;36;22;25;30;12;360;32
31531021001;42;29;22;80;9;720;29
31531022001;33;30;25;24;10;240;17
31531042001;43;29;22;80;9;720;32
31531047001;58;31;19;24;7;168;4
31531056001;45;30;27;24;6;144;25
31532003001;26;12;20;20;40;800;13
31532060001;44;44;15;20;8;160;11
31532098001;60;30;14;24;10;240;18
31532099001;60;30;14;24;10;240;15
31532100001;40;30;14;24;15;360;13
31533003001;45;36;25;30;6;180;13
31533005001;31;25;20;12;16;192;25
31533008001;31;25;20;15;16;240;23
31533034001;59;35;35;50;3;150;4
31533084001;20;18;17;6;41;246;8
31533085001;40;14;17;12;26;312;23
31533096001;27;15;27;12;23;276;27
31533097001;29;16;23;12;23;276;11
31533309001;47;23;29;24;8;192;22
31543032001;59;46;29;12;3;36;4
31545005001;106;34;37;12;1;12;27
31545011001;82;39;23;6;3;18;4
31546020001;81;19;10;12;16;192;22
31552006001;84;26;31;10;3;30;4
31553006001;60;30;20;12;7;84;10
31556012001;51;33;26;24;5;120;14
31563039001;36;31;25;12;9;108;37
31564005001;31;25;22;12;14;168;12
31564007001;37;32;12;12;17;204;24
31567004001;46;38;23;24;6;144;30
31567010001;50;46;28;8;3;24;29
31567018001;37;13;20;12;26;312;51
31567025001;37;20;14;12;24;288;51
31567030001;50;40;28;8;4;32;16
31567031001;37;20;14;12;24;288;49
31567037001;46;36;24;24;6;144;11
31567051001;35;18;24;12;16;192;4
31567052001;36;18;26;12;15;180;20
31567056001;37;19;14;12;25;300;4
31568007001;38;21;16;12;19;228;26
31568011001;54;25;30;12;6;72;24
31568012001;30;18;30;12;15;180;13
31568016001;37;21;15;12;21;252;13
31568019001;38;20;15;12;22;264;7
31568028001;38;21;15;12;21;252;7
31568043001;37;27;18;12;14;168;4
31580049002;48;34;34;4;4;16;8
31602031001;19;18;26;48;28;1344;4
31602059001;28;16;18;20;31;620;8
31607015001;28;22;8;12;51;612;9
31611044001;65;32;17;12;7;84;4
31611047001;56;39;44;10;2;20;11
31623006001;36;35;17;12;11;132;23
31623026001;40;33;35;30;5;150;26
31623898001;40;30;33;36;6;216;27
31623904001;56;44;25;20;4;80;15
31628003001;44;29;30;36;6;216;20
31644022001;39;26;14;12;17;204;27
31707014001;35;28;22;24;11;264;11
31707023001;35;28;22;24;11;264;11
31707041001;35;29;22;24;11;264;4
31707055001;75;29;22;24;5;120;4
31707075001;27;22;21;36;20;720;23
31707076001;27;22;22;36;19;684;9
31707086001;27;22;22;36;19;684;23
31707941001;27;21;21;24;21;504;16
31709944001;60;22;7;12;27;324;26
31709974001;66;25;7;12;22;264;13
31753028001;45;33;37;6;4;24;8
31761004001;51;30;11;12;15;180;4
31762003001;40;40;26;18;6;108;9
31762007001;46;28;15;12;13;156;26
31762009001;50;42;19;18;6;108;9
31762901001;27;43;12;3;18;54;11
31821064001;63;31;9;1;14;14;12
31821065001;63;31;7;1;18;18;9
31822063001;92;31;6;1;14;14;63
31822064001;93;31;7;1;12;12;15
31827020001;63;32;13;1;9;9;11
31827023001;95;47;14;1;4;4;17
31912024001;45;32;18;12;9;108;9
31912036001;35;20;43;8;8;64;8
31914003001;32;28;5;24;56;1344;19
32400180001;16;17;2;6;468;2808;17
32410009001;14;10;15;10;121;1210;35
32410016001;18;8;20;10;88;880;35
32410019001;18;8;20;10;88;880;35
32410022001;14;10;15;10;121;1210;41
32410035001;18;8;20;10;88;880;39
32410102001;14;10;15;10;121;1210;45
32412056001;22;4;2;12;1448;17376;45
32420004001;27;14;6;20;112;2240;8
32420014001;47;23;12;30;19;570;4
32420015001;36;25;17;20;16;320;4
32421010001;35;20;17;9;21;189;23
32421016001;47;36;10;12;15;180;4
32424001001;15;11;3;1;514;514;23
32431010001;30;15;15;16;37;592;45
32431020001;30;29;5;12;58;696;14
32431035001;39;30;30;24;7;168;33
32431036001;25;20;24;36;21;756;33
32431040001;24;23;14;36;32;1152;33
32431067001;39;30;31;24;7;168;4
32470025001;17;17;15;12;58;696;14
32470079001;24;18;10;12;59;708;4
32470093001;16;15;16;12;66;792;15
32500008001;34;29;21;25;12;300;91
32501007001;33;25;28;70;11;770;19
32501008001;45;38;37;55;4;220;39
32501100001;34;25;35;12;8;96;58
32502011001;33;39;26;24;7;168;486
32503007003;33;14;25;12;22;264;4
32503008003;32;25;14;12;22;264;4
32503035001;25;17;31;12;19;228;4
32503040003;25;25;32;12;12;144;4
32504024001;64;21;33;12;5;60;83
32504025002;33;14;25;12;22;264;41
32504043005;31;17;33;12;14;168;35
32510002001;23;17;12;6;54;324;24
32511012001;44;32;25;5;7;35;28
32511021001;33;23;22;5;15;75;4
32514005001;20;17;27;12;27;324;4
32517006001;31;23;29;5;12;60;57
32517009001;32;23;26;5;13;65;20
32523001001;45;24;31;4;7;28;4
32524007001;31;23;10;5;35;175;4
32524032001;46;33;11;10;15;150;4
32600042001;37;26;37;10;7;70;14
33550920001;58;37;34;4;3;12;12
33550938001;57;38;37;4;3;12;10
33551004001;56;42;23;16;4;64;12
33551902001;29;22;23;3;17;51;48
33551908001;56;43;22;16;4;64;12
34123005001;73;26;28;12;4;48;8
34511006001;38;27;26;4;9;36;8
35131010001;50;27;38;2;4;8;4
35300004001;39;24;23;12;11;132;4
35301005001;34;25;24;12;12;144;32
35301020001;39;22;24;12;12;144;16
35302003001;42;25;23;12;10;120;35
35302015001;39;22;24;12;12;144;35
35302038001;33;24;25;12;12;144;12
35302040001;34;25;24;12;12;144;40
35307005001;34;25;23;12;13;156;46
35307925001;24;20;25;6;21;126;31
35311004001;45;26;19;24;11;264;4
35750013001;35;20;22;12;16;192;172
35751018001;33;24;25;12;12;144;33
35751019001;34;26;24;12;12;144;46
35751021001;36;28;24;12;10;120;19
35752005001;26;22;25;24;17;408;46
41100017001;64;13;15;1;20;20;4
41212906001;26;17;25;1;23;23;4
41212916001;25;15;25;1;27;27;12
41220010001;25;25;38;1;10;10;4
41223020001;56;42;26;6;4;24;4
41232043001;41;38;59;1;2;2;4
41232047001;43;31;64;1;2;2;4
41232052001;38;32;56;1;3;3;4
41234002001;63;41;19;6;5;30;4
41234006001;50;39;36;12;3;36;4
41244001001;47;32;28;6;6;36;4
41300016001;55;28;27;2;6;12;10
41301002001;29;29;26;1;11;11;4
41302008001;45;33;60;2;2;4;4
41302901001;27;27;26;1;13;13;4
41303049001;67;44;31;2;2;4;4
41303054001;29;29;31;1;9;9;4
41310001001;36;10;42;1;16;16;4
41313936001;62;25;35;6;4;24;4
41332022001;51;35;32;1;4;4;4
41333047001;56;42;35;1;3;3;4
41401011001;46;28;28;6;7;42;4
41401022001;22;12;8;1;120;120;4
41401031001;18;12;29;1;40;40;4
41401040001;39;28;27;6;8;48;4
41401071001;12;11;24;1;80;80;4
41414006001;13;9;4;1;544;544;4
41417001001;17;3;8;1;624;624;4
41417013001;9;10;13;1;217;217;14
41420006001;11;6;25;1;154;154;4
41422018001;6;2;22;1;965;965;4
41521020001;43;23;43;1;5;5;8
41521089001;68;23;47;1;3;3;4
41522003001;47;25;46;1;4;4;28
41522089001;47;24;46;1;4;4;12
41601014001;18;18;29;1;27;27;4
41601020001;21;21;47;1;12;12;4
42014003001;27;28;23;20;14;280;29
42015012001;45;44;79;1;1;1;4
42613064002;7;7;20;1;260;260;4
60011899001;59;30;39;48;3;144;96
60014001010;55;28;19;8;8;64;4
61062008001;26;13;18;12;41;492;22
61063005002;26;13;18;12;41;492;20
61064012003;18;30;12;12;39;468;30
61064105002;28;24;8;12;47;564;40
61064195002;28;24;8;12;47;564;4
61064197001;29;22;6;12;66;792;23
61080007004;19;18;15;12;49;588;35
61080010003;21;10;15;6;80;480;12
61080025003;37;19;10;6;36;216;8
65011150001;50;32;22;10;7;70;4
65090016001;50;10;23;5;22;110;4
65106030001;43;38;11;12;14;168;15
65106036001;38;19;11;6;32;192;4
65106084001;37;23;13;6;23;138;15
;;;;;;1243405;227190
;;;;;;;
;;;;;;0.18271601;
