item_code;minimum_inventory;minimum_inventory_ceiling;inventory_basis_source;paired_historical_product;pre_t_order_count;daily_observation_count;lead_time_sample_size;percentile_position;percentile_rank;percentile_weight
10000001001;35,500000000000014;36;full_horizon_lead_time_percentile_n_plus_one;;18;20;20;18,900000000000002;18;0,9000000000000021
10000002001;1252,4000000000003;1253;full_horizon_lead_time_percentile_n_plus_one;;290;21;21;19,8;19;0,8000000000000007
10000003001;178,79999999999998;179;full_horizon_lead_time_percentile_n_plus_one;;96;21;21;19,8;19;0,8000000000000007
10000004001;308,40000000000003;309;full_horizon_lead_time_percentile_n_plus_one;;83;21;21;19,8;19;0,8000000000000007
10000005001;1131,6000000000001;1132;full_horizon_lead_time_percentile_n_plus_one;;258;21;21;19,8;19;0,8000000000000007
10000007001;322,8;323;full_horizon_lead_time_percentile_n_plus_one;;192;21;21;19,8;19;0,8000000000000007
10000008001;20,400000000000013;21;full_horizon_lead_time_percentile_n_plus_one;;2;12;12;11,700000000000001;11;0,7000000000000011
10000010001;168,60000000000002;169;full_horizon_lead_time_percentile_n_plus_one;;121;21;21;19,8;19;0,8000000000000007
10000011001;4224,0;4224;full_horizon_lead_time_percentile_n_plus_one;;603;21;21;19,8;19;0,8000000000000007
10000012001;146,40000000000012;147;full_horizon_lead_time_percentile_n_plus_one;;78;20;20;18,900000000000002;18;0,9000000000000021
10000022001;17,0;17;full_horizon_lead_time_percentile_n_plus_one;;38;21;21;19,8;19;0,8000000000000007
10000023001;8,0;8;full_horizon_lead_time_percentile_n_plus_one;;12;21;21;19,8;19;0,8000000000000007
10000027001;129,60000000000002;130;full_horizon_lead_time_percentile_n_plus_one;;47;21;21;19,8;19;0,8000000000000007
10000998001;73,4;74;full_horizon_lead_time_percentile_n_plus_one;;334;21;21;19,8;19;0,8000000000000007
10001001001;74,0;74;full_horizon_lead_time_percentile_n_plus_one;;102;21;21;19,8;19;0,8000000000000007
10001004001;167,00000000000003;168;full_horizon_lead_time_percentile_n_plus_one;;243;21;21;19,8;19;0,8000000000000007
10001005001;220,8;221;full_horizon_lead_time_percentile_n_plus_one;;53;21;21;19,8;19;0,8000000000000007
10001006001;711,5999999999999;712;full_horizon_lead_time_percentile_n_plus_one;;341;21;21;19,8;19;0,8000000000000007
10001007001;19,60000000000001;20;full_horizon_lead_time_percentile_n_plus_one;;10;20;20;18,900000000000002;18;0,9000000000000021
10001008001;49,20000000000002;50;full_horizon_lead_time_percentile_n_plus_one;;32;21;21;19,8;19;0,8000000000000007
10001009001;2337,6000000000004;2338;full_horizon_lead_time_percentile_n_plus_one;;256;21;21;19,8;19;0,8000000000000007
10001010001;18,0;18;full_horizon_lead_time_percentile_n_plus_one;;2;14;14;13,5;13;0,5
10001012001;1454,4;1455;full_horizon_lead_time_percentile_n_plus_one;;269;21;21;19,8;19;0,8000000000000007
10001015001;16,0;16;full_horizon_lead_time_percentile_n_plus_one;;33;20;20;18,900000000000002;18;0,9000000000000021
10001020001;182,4;183;full_horizon_lead_time_percentile_n_plus_one;;74;21;21;19,8;19;0,8000000000000007
10001022001;42,400000000000006;43;full_horizon_lead_time_percentile_n_plus_one;;62;21;21;19,8;19;0,8000000000000007
10001025001;571,2000000000002;572;full_horizon_lead_time_percentile_n_plus_one;;166;21;21;19,8;19;0,8000000000000007
10001035001;27,200000000000003;28;full_horizon_lead_time_percentile_n_plus_one;;54;21;21;19,8;19;0,8000000000000007
10002001001;566,4000000000001;567;full_horizon_lead_time_percentile_n_plus_one;;184;21;21;19,8;19;0,8000000000000007
10002003001;170,40000000000003;171;full_horizon_lead_time_percentile_n_plus_one;;110;21;21;19,8;19;0,8000000000000007
10002005001;314,40000000000003;315;full_horizon_lead_time_percentile_n_plus_one;;212;21;21;19,8;19;0,8000000000000007
10002007001;186,00000000000006;187;full_horizon_lead_time_percentile_n_plus_one;;109;21;21;19,8;19;0,8000000000000007
10002008001;1656,0000000000002;1657;full_horizon_lead_time_percentile_n_plus_one;;233;21;21;19,8;19;0,8000000000000007
10002009001;252,8;253;full_horizon_lead_time_percentile_n_plus_one;;140;21;21;19,8;19;0,8000000000000007
10002011001;11,200000000000003;12;full_horizon_lead_time_percentile_n_plus_one;;2;21;21;19,8;19;0,8000000000000007
10002012001;147,60000000000002;148;full_horizon_lead_time_percentile_n_plus_one;;25;21;21;19,8;19;0,8000000000000007
10002013001;40,800000000000026;41;full_horizon_lead_time_percentile_n_plus_one;;4;12;12;11,700000000000001;11;0,7000000000000011
10002014001;172,8;173;full_horizon_lead_time_percentile_n_plus_one;;87;21;21;19,8;19;0,8000000000000007
10002017001;295,80000000000007;296;full_horizon_lead_time_percentile_n_plus_one;;106;21;21;19,8;19;0,8000000000000007
10002018001;852,0000000000002;853;full_horizon_lead_time_percentile_n_plus_one;;500;21;21;19,8;19;0,8000000000000007
10002019001;580,8000000000001;581;full_horizon_lead_time_percentile_n_plus_one;;236;21;21;19,8;19;0,8000000000000007
10002021001;1740,0000000000018;1741;full_horizon_lead_time_percentile_n_plus_one;;263;20;20;18,900000000000002;18;0,9000000000000021
10002025001;9,0;9;full_horizon_lead_time_percentile_n_plus_one;;53;20;20;18,900000000000002;18;0,9000000000000021
10002026001;12,0;12;full_horizon_lead_time_percentile_n_plus_one;;1;1;1;1,8;1;0,0
10002035001;29,200000000000003;30;full_horizon_lead_time_percentile_n_plus_one;;120;21;21;19,8;19;0,8000000000000007
10002037001;2,0;2;full_horizon_lead_time_percentile_n_plus_one;;4;17;17;16,2;16;0,1999999999999993
10002038001;5,0;5;full_horizon_lead_time_percentile_n_plus_one;;4;19;19;18,0;18;0,0
10002039001;24,0;24;full_horizon_lead_time_percentile_n_plus_one;;0;1;1;1,8;1;0,0
10002040001;31,800000000000004;32;full_horizon_lead_time_percentile_n_plus_one;;57;21;21;19,8;19;0,8000000000000007
10002045001;43,6;44;full_horizon_lead_time_percentile_n_plus_one;;162;21;21;19,8;19;0,8000000000000007
10002046001;266,40000000000003;267;full_horizon_lead_time_percentile_n_plus_one;;62;21;21;19,8;19;0,8000000000000007
10002051001;21,0;21;full_horizon_lead_time_percentile_n_plus_one;;0;3;3;3,6;3;0,0
10002069001;12,200000000000003;13;full_horizon_lead_time_percentile_n_plus_one;;38;21;21;19,8;19;0,8000000000000007
10002071001;55,2;56;full_horizon_lead_time_percentile_n_plus_one;;93;21;21;19,8;19;0,8000000000000007
10002072001;6,800000000000001;7;full_horizon_lead_time_percentile_n_plus_one;;27;21;21;19,8;19;0,8000000000000007
10002073001;139,2000000000001;140;full_horizon_lead_time_percentile_n_plus_one;;34;12;12;11,700000000000001;11;0,7000000000000011
10002074001;15,0;15;full_horizon_lead_time_percentile_n_plus_one;;65;20;20;18,900000000000002;18;0,9000000000000021
10002078001;18,0;18;full_horizon_lead_time_percentile_n_plus_one;;4;8;8;8,1;8;0,0
10002102001;470,4;471;full_horizon_lead_time_percentile_n_plus_one;;231;21;21;19,8;19;0,8000000000000007
10002899001;22,200000000000006;23;full_horizon_lead_time_percentile_n_plus_one;;3;10;10;9,9;9;0,9000000000000004
10002906001;36,0;36;full_horizon_lead_time_percentile_n_plus_one;;56;19;19;18,0;18;0,0
10002911001;6,0;6;full_horizon_lead_time_percentile_n_plus_one;;0;1;1;1,8;1;0,0
10002916001;13,600000000000001;14;full_horizon_lead_time_percentile_n_plus_one;;10;21;21;19,8;19;0,8000000000000007
10002918001;18,0;18;full_horizon_lead_time_percentile_n_plus_one;;3;8;8;8,1;8;0,0
10002919001;52,20000000000001;53;full_horizon_lead_time_percentile_n_plus_one;;6;10;10;9,9;9;0,9000000000000004
10002942001;64,80000000000003;65;full_horizon_lead_time_percentile_n_plus_one;;21;21;21;19,8;19;0,8000000000000007
10002943001;225,6;226;full_horizon_lead_time_percentile_n_plus_one;;74;21;21;19,8;19;0,8000000000000007
10002944001;178,80000000000004;179;full_horizon_lead_time_percentile_n_plus_one;;63;20;20;18,900000000000002;18;0,9000000000000021
10010001001;6,0;6;full_horizon_lead_time_percentile_n_plus_one;;0;1;1;1,8;1;0,0
10010002001;1654,8000000000002;1655;full_horizon_lead_time_percentile_n_plus_one;;377;21;21;19,8;19;0,8000000000000007
10010004001;406,8;407;full_horizon_lead_time_percentile_n_plus_one;;200;21;21;19,8;19;0,8000000000000007
10010007001;30,0;30;full_horizon_lead_time_percentile_n_plus_one;;0;2;2;2,7;2;0,0
10010009001;31,60000000000001;32;full_horizon_lead_time_percentile_n_plus_one;;10;20;20;18,900000000000002;18;0,9000000000000021
10010012001;32,80000000000007;33;full_horizon_lead_time_percentile_n_plus_one;;14;18;18;17,1;17;0,10000000000000142
10010018001;168,0;168;full_horizon_lead_time_percentile_n_plus_one;;9;8;8;8,1;8;0,0
10010019001;66,60000000000002;67;full_horizon_lead_time_percentile_n_plus_one;;13;12;12;11,700000000000001;11;0,7000000000000011
10010026001;153,60000000000002;154;full_horizon_lead_time_percentile_n_plus_one;;48;21;21;19,8;19;0,8000000000000007
10010027001;912,0;912;full_horizon_lead_time_percentile_n_plus_one;;0;1;1;1,8;1;0,0
10010035001;615,6;616;full_horizon_lead_time_percentile_n_plus_one;;280;21;21;19,8;19;0,8000000000000007
10010042001;36,0;36;full_horizon_lead_time_percentile_n_plus_one;;17;19;19;18,0;18;0,0
10010043001;36,0;36;full_horizon_lead_time_percentile_n_plus_one;;23;21;21;19,8;19;0,8000000000000007
10011001001;414,0;414;full_horizon_lead_time_percentile_n_plus_one;;132;21;21;19,8;19;0,8000000000000007
10011003001;136,8;137;full_horizon_lead_time_percentile_n_plus_one;;156;21;21;19,8;19;0,8000000000000007
10011004001;24,0;24;full_horizon_lead_time_percentile_n_plus_one;;5;19;19;18,0;18;0,0
10011007001;13,800000000000004;14;full_horizon_lead_time_percentile_n_plus_one;;9;20;20;18,900000000000002;18;0,9000000000000021
10011016001;502,8000000000001;503;full_horizon_lead_time_percentile_n_plus_one;;113;21;21;19,8;19;0,8000000000000007
10011021001;97,80000000000008;98;full_horizon_lead_time_percentile_n_plus_one;;24;20;20;18,900000000000002;18;0,9000000000000021
10011023001;118,80000000000001;119;full_horizon_lead_time_percentile_n_plus_one;;79;21;21;19,8;19;0,8000000000000007
10011028001;13,000000000000014;14;full_horizon_lead_time_percentile_n_plus_one;;9;18;18;17,1;17;0,10000000000000142
10012002001;19,600000000000016;20;full_horizon_lead_time_percentile_n_plus_one;;1;11;11;10,8;10;0,8000000000000007
10012004001;135,00000000000003;136;full_horizon_lead_time_percentile_n_plus_one;;89;21;21;19,8;19;0,8000000000000007
10012006001;78,0;78;full_horizon_lead_time_percentile_n_plus_one;;53;20;20;18,900000000000002;18;0,9000000000000021
10012009001;2,0;2;full_horizon_lead_time_percentile_n_plus_one;;4;19;19;18,0;18;0,0
10012899001;94,4;95;full_horizon_lead_time_percentile_n_plus_one;;53;21;21;19,8;19;0,8000000000000007
10013003001;434,40000000000003;435;full_horizon_lead_time_percentile_n_plus_one;;152;21;21;19,8;19;0,8000000000000007
10013004001;5,700000000000001;6;full_horizon_lead_time_percentile_n_plus_one;;2;10;10;9,9;9;0,9000000000000004
10013005001;353,40000000000003;354;full_horizon_lead_time_percentile_n_plus_one;;97;20;20;18,900000000000002;18;0,9000000000000021
10013007001;96,0;96;full_horizon_lead_time_percentile_n_plus_one;;5;7;7;7,2;7;0,0
10013011001;6,0;6;full_horizon_lead_time_percentile_n_plus_one;;0;3;3;3,6;3;0,0
10013012001;124,80000000000001;125;full_horizon_lead_time_percentile_n_plus_one;;79;21;21;19,8;19;0,8000000000000007
10014005001;18,0;18;full_horizon_lead_time_percentile_n_plus_one;;0;2;2;2,7;2;0,0
10014006001;8,0;8;full_horizon_lead_time_percentile_n_plus_one;;0;3;3;3,6;3;0,0
10014009001;168,0;168;full_horizon_lead_time_percentile_n_plus_one;;86;19;19;18,0;18;0,0
10014018001;6,0;6;full_horizon_lead_time_percentile_n_plus_one;;1;6;6;6,3;6;0,0
10014020001;147,60000000000002;148;full_horizon_lead_time_percentile_n_plus_one;;56;21;21;19,8;19;0,8000000000000007
10014023001;414,0;414;full_horizon_lead_time_percentile_n_plus_one;;124;21;21;19,8;19;0,8000000000000007
10014024001;30,0;30;full_horizon_lead_time_percentile_n_plus_one;;15;19;19;18,0;18;0,0
10014028001;459,6;460;full_horizon_lead_time_percentile_n_plus_one;;139;21;21;19,8;19;0,8000000000000007
10014029001;46,800000000000026;47;full_horizon_lead_time_percentile_n_plus_one;;21;20;20;18,900000000000002;18;0,9000000000000021
10014030001;26,400000000000034;27;full_horizon_lead_time_percentile_n_plus_one;;11;20;20;18,900000000000002;18;0,9000000000000021
10014032001;276,0;276;full_horizon_lead_time_percentile_n_plus_one;;45;21;21;19,8;19;0,8000000000000007
10014033001;340,8;341;full_horizon_lead_time_percentile_n_plus_one;;98;21;21;19,8;19;0,8000000000000007
10014037001;9,0;9;full_horizon_lead_time_percentile_n_plus_one;;14;19;19;18,0;18;0,0
10014043001;12,0;12;full_horizon_lead_time_percentile_n_plus_one;;1;1;1;1,8;1;0,0
10014051001;208,80000000000015;209;full_horizon_lead_time_percentile_n_plus_one;;45;20;20;18,900000000000002;18;0,9000000000000021
10014055001;24,0;24;full_horizon_lead_time_percentile_n_plus_one;;1;1;1;1,8;1;0,0
10014062001;12,0;12;full_horizon_lead_time_percentile_n_plus_one;;3;5;5;5,4;5;0,0
10014067001;24,0;24;full_horizon_lead_time_percentile_n_plus_one;;4;20;20;18,900000000000002;18;0,9000000000000021
10014069001;6,0;6;full_horizon_lead_time_percentile_n_plus_one;;1;1;1;1,8;1;0,0
10014073001;36,0;36;full_horizon_lead_time_percentile_n_plus_one;;1;3;3;3,6;3;0,0
10014075001;6,0;6;full_horizon_lead_time_percentile_n_plus_one;;0;1;1;1,8;1;0,0
10014080001;18,0;18;full_horizon_lead_time_percentile_n_plus_one;;14;21;21;19,8;19;0,8000000000000007
10014081001;12,0;12;full_horizon_lead_time_percentile_n_plus_one;;0;1;1;1,8;1;0,0
10014090001;508,79999999999995;509;full_horizon_lead_time_percentile_n_plus_one;;205;21;21;19,8;19;0,8000000000000007
10014092001;10,8;11;full_horizon_lead_time_percentile_n_plus_one;;45;21;21;19,8;19;0,8000000000000007
10014097001;1,1999999999999993;2;full_horizon_lead_time_percentile_n_plus_one;;3;17;17;16,2;16;0,1999999999999993
10014103001;3,0;3;full_horizon_lead_time_percentile_n_plus_one;;0;2;2;2,7;2;0,0
10014106001;26,39999999999999;27;full_horizon_lead_time_percentile_n_plus_one;;4;17;17;16,2;16;0,1999999999999993
10014110001;12,0;12;full_horizon_lead_time_percentile_n_plus_one;;3;2;2;2,7;2;0,0
10014111001;57,599999999999994;58;full_horizon_lead_time_percentile_n_plus_one;;11;13;13;12,6;12;0,5999999999999996
10014113001;102,0;102;full_horizon_lead_time_percentile_n_plus_one;;56;21;21;19,8;19;0,8000000000000007
10014126001;90,0;90;full_horizon_lead_time_percentile_n_plus_one;;18;14;14;13,5;13;0,5
10014130001;87,60000000000002;88;full_horizon_lead_time_percentile_n_plus_one;;12;21;21;19,8;19;0,8000000000000007
10014898001;64,80000000000001;65;full_horizon_lead_time_percentile_n_plus_one;;14;11;11;10,8;10;0,8000000000000007
10015007001;624,0;624;full_horizon_lead_time_percentile_n_plus_one;;132;21;21;19,8;19;0,8000000000000007
10015011001;208,20000000000005;209;full_horizon_lead_time_percentile_n_plus_one;;61;20;20;18,900000000000002;18;0,9000000000000021
10016002001;36,30000000000002;37;full_horizon_lead_time_percentile_n_plus_one;;7;18;18;17,1;17;0,10000000000000142
10016006001;12,0;12;full_horizon_lead_time_percentile_n_plus_one;;0;1;1;1,8;1;0,0
10016011001;24,0;24;full_horizon_lead_time_percentile_n_plus_one;;12;20;20;18,900000000000002;18;0,9000000000000021
10016014001;206,40000000000006;207;full_horizon_lead_time_percentile_n_plus_one;;15;21;21;19,8;19;0,8000000000000007
10016015001;148,8;149;full_horizon_lead_time_percentile_n_plus_one;;60;21;21;19,8;19;0,8000000000000007
10016018001;24,0;24;full_horizon_lead_time_percentile_n_plus_one;;0;1;1;1,8;1;0,0
10016020001;27,200000000000003;28;full_horizon_lead_time_percentile_n_plus_one;;38;21;21;19,8;19;0,8000000000000007
10020002001;66,60000000000001;67;full_horizon_lead_time_percentile_n_plus_one;;36;21;21;19,8;19;0,8000000000000007
10020003001;24,0;24;full_horizon_lead_time_percentile_n_plus_one;;8;20;20;18,900000000000002;18;0,9000000000000021
10020004001;71,4;72;full_horizon_lead_time_percentile_n_plus_one;;33;20;20;18,900000000000002;18;0,9000000000000021
10020006001;6,0;6;full_horizon_lead_time_percentile_n_plus_one;;1;1;1;1,8;1;0,0
10020007001;566,4000000000001;567;full_horizon_lead_time_percentile_n_plus_one;;231;21;21;19,8;19;0,8000000000000007
10020011001;216,0;216;full_horizon_lead_time_percentile_n_plus_one;;54;21;21;19,8;19;0,8000000000000007
10020012001;60,0;60;full_horizon_lead_time_percentile_n_plus_one;;12;19;19;18,0;18;0,0
10020015001;81,60000000000005;82;full_horizon_lead_time_percentile_n_plus_one;;32;20;20;18,900000000000002;18;0,9000000000000021
10020016001;47,60000000000004;48;full_horizon_lead_time_percentile_n_plus_one;;15;16;16;15,3;15;0,3000000000000007
10020017001;6,0;6;full_horizon_lead_time_percentile_n_plus_one;;2;4;4;4,5;4;0,0
10020018001;471,6;472;full_horizon_lead_time_percentile_n_plus_one;;137;21;21;19,8;19;0,8000000000000007
10020019001;40,20000000000004;41;full_horizon_lead_time_percentile_n_plus_one;;12;20;20;18,900000000000002;18;0,9000000000000021
10020024001;48,0;48;full_horizon_lead_time_percentile_n_plus_one;;25;19;19;18,0;18;0,0
10020025001;42,0;42;full_horizon_lead_time_percentile_n_plus_one;;16;19;19;18,0;18;0,0
10020027001;194,4;195;full_horizon_lead_time_percentile_n_plus_one;;78;21;21;19,8;19;0,8000000000000007
10020028001;24,0;24;full_horizon_lead_time_percentile_n_plus_one;;3;6;6;6,3;6;0,0
10020033001;94,40000000000003;95;full_horizon_lead_time_percentile_n_plus_one;;38;20;20;18,900000000000002;18;0,9000000000000021
10020034001;42,0;42;full_horizon_lead_time_percentile_n_plus_one;;15;19;19;18,0;18;0,0
10020036001;87,2;88;full_horizon_lead_time_percentile_n_plus_one;;25;21;21;19,8;19;0,8000000000000007
10020037001;60,0;60;full_horizon_lead_time_percentile_n_plus_one;;1;1;1;1,8;1;0,0
10020041001;270,0;270;full_horizon_lead_time_percentile_n_plus_one;;86;21;21;19,8;19;0,8000000000000007
10020042001;67,20000000000002;68;full_horizon_lead_time_percentile_n_plus_one;;21;21;21;19,8;19;0,8000000000000007
10020046001;48,60000000000001;49;full_horizon_lead_time_percentile_n_plus_one;;9;18;18;17,1;17;0,10000000000000142
10021001001;960,0;960;full_horizon_lead_time_percentile_n_plus_one;;202;21;21;19,8;19;0,8000000000000007
10021005001;78,0;78;full_horizon_lead_time_percentile_n_plus_one;;7;7;7;7,2;7;0,0
10021006001;1206,4;1207;full_horizon_lead_time_percentile_n_plus_one;;276;21;21;19,8;19;0,8000000000000007
10021007001;117,60000000000001;118;full_horizon_lead_time_percentile_n_plus_one;;69;21;21;19,8;19;0,8000000000000007
10021008001;2923,200000000001;2924;full_horizon_lead_time_percentile_n_plus_one;;433;21;21;19,8;19;0,8000000000000007
10021009001;360,0;360;full_horizon_lead_time_percentile_n_plus_one;;102;19;19;18,0;18;0,0
10021010001;70,4;71;full_horizon_lead_time_percentile_n_plus_one;;32;21;21;19,8;19;0,8000000000000007
10021015001;108,0;108;full_horizon_lead_time_percentile_n_plus_one;;43;19;19;18,0;18;0,0
10021016001;451,2000000000001;452;full_horizon_lead_time_percentile_n_plus_one;;177;21;21;19,8;19;0,8000000000000007
10021017001;109,60000000000001;110;full_horizon_lead_time_percentile_n_plus_one;;61;21;21;19,8;19;0,8000000000000007
10021018001;33,60000000000001;34;full_horizon_lead_time_percentile_n_plus_one;;10;21;21;19,8;19;0,8000000000000007
10021021001;104,0;104;full_horizon_lead_time_percentile_n_plus_one;;46;20;20;18,900000000000002;18;0,9000000000000021
10021022001;56,40000000000008;57;full_horizon_lead_time_percentile_n_plus_one;;16;20;20;18,900000000000002;18;0,9000000000000021
10021023001;24,0;24;full_horizon_lead_time_percentile_n_plus_one;;4;8;8;8,1;8;0,0
10021025001;4833,6;4834;full_horizon_lead_time_percentile_n_plus_one;;1008;21;21;19,8;19;0,8000000000000007
10021026001;223,8;224;full_horizon_lead_time_percentile_n_plus_one;;1495;21;21;19,8;19;0,8000000000000007
10021027001;792,0;792;full_horizon_lead_time_percentile_n_plus_one;;151;21;21;19,8;19;0,8000000000000007
10021034001;65,60000000000001;66;full_horizon_lead_time_percentile_n_plus_one;;31;21;21;19,8;19;0,8000000000000007
10021035001;243,00000000000003;244;full_horizon_lead_time_percentile_n_plus_one;;409;21;21;19,8;19;0,8000000000000007
10021040001;12,0;12;full_horizon_lead_time_percentile_n_plus_one;;7;19;19;18,0;18;0,0
10022003001;45,60000000000001;46;full_horizon_lead_time_percentile_n_plus_one;;3;10;10;9,9;9;0,9000000000000004
10022006001;48,0;48;full_horizon_lead_time_percentile_n_plus_one;;3;11;11;10,8;10;0,8000000000000007
10022008001;132,00000000000017;133;full_horizon_lead_time_percentile_n_plus_one;;16;18;18;17,1;17;0,10000000000000142
10022011001;10,600000000000001;11;full_horizon_lead_time_percentile_n_plus_one;;35;21;21;19,8;19;0,8000000000000007
10022012001;9,599999999999998;10;full_horizon_lead_time_percentile_n_plus_one;;3;13;13;12,6;12;0,5999999999999996
10022014001;9,200000000000003;10;full_horizon_lead_time_percentile_n_plus_one;;13;18;18;17,1;17;0,10000000000000142
10022015001;4,0;4;full_horizon_lead_time_percentile_n_plus_one;;5;20;20;18,900000000000002;18;0,9000000000000021
10022016001;48,0;48;full_horizon_lead_time_percentile_n_plus_one;;8;9;9;9,0;9;0,0
10022020001;23,200000000000017;24;full_horizon_lead_time_percentile_n_plus_one;;10;20;20;18,900000000000002;18;0,9000000000000021
10022024001;8,400000000000002;9;full_horizon_lead_time_percentile_n_plus_one;;4;15;15;14,4;14;0,40000000000000036
10022030001;184,20000000000005;185;full_horizon_lead_time_percentile_n_plus_one;;83;20;20;18,900000000000002;18;0,9000000000000021
10022908001;16,0;16;full_horizon_lead_time_percentile_n_plus_one;;5;19;19;18,0;18;0,0
10022910001;24,0;24;full_horizon_lead_time_percentile_n_plus_one;;2;6;6;6,3;6;0,0
10022915001;6,0;6;full_horizon_lead_time_percentile_n_plus_one;;3;15;15;14,4;14;0,40000000000000036
10022916001;6,0;6;full_horizon_lead_time_percentile_n_plus_one;;5;14;14;13,5;13;0,5
10023002001;4,0;4;full_horizon_lead_time_percentile_n_plus_one;;19;19;19;18,0;18;0,0
10023004001;6,0;6;full_horizon_lead_time_percentile_n_plus_one;;0;1;1;1,8;1;0,0
10023005001;5,0;5;full_horizon_lead_time_percentile_n_plus_one;;12;20;20;18,900000000000002;18;0,9000000000000021
10023008001;2,200000000000003;3;full_horizon_lead_time_percentile_n_plus_one;;8;18;18;17,1;17;0,10000000000000142
10023011001;4,700000000000001;5;full_horizon_lead_time_percentile_n_plus_one;;7;10;10;9,9;9;0,9000000000000004
10023017001;2,0;2;full_horizon_lead_time_percentile_n_plus_one;;6;17;17;16,2;16;0,1999999999999993
10023020001;10,8;11;full_horizon_lead_time_percentile_n_plus_one;;90;21;21;19,8;19;0,8000000000000007
10023023001;3,0;3;full_horizon_lead_time_percentile_n_plus_one;;0;1;1;1,8;1;0,0
10023025001;1,0;1;full_horizon_lead_time_percentile_n_plus_one;;0;1;1;1,8;1;0,0
10023027001;5,900000000000002;6;full_horizon_lead_time_percentile_n_plus_one;;31;20;20;18,900000000000002;18;0,9000000000000021
10023031001;5,0;5;full_horizon_lead_time_percentile_n_plus_one;;4;4;4;4,5;4;0,0
10023032001;2,0;2;full_horizon_lead_time_percentile_n_plus_one;;2;6;6;6,3;6;0,0
10023035001;27,200000000000003;28;full_horizon_lead_time_percentile_n_plus_one;;9;21;21;19,8;19;0,8000000000000007
10023044001;2,3999999999999986;3;full_horizon_lead_time_percentile_n_plus_one;;11;17;17;16,2;16;0,1999999999999993
10023049001;3,0;3;full_horizon_lead_time_percentile_n_plus_one;;12;19;19;18,0;18;0,0
10023051001;2,0;2;full_horizon_lead_time_percentile_n_plus_one;;10;19;19;18,0;18;0,0
10023054001;2,0;2;full_horizon_lead_time_percentile_n_plus_one;;4;8;8;8,1;8;0,0
10023055001;5,0;5;full_horizon_lead_time_percentile_n_plus_one;;2;2;2;2,7;2;0,0
10023058001;1,0;1;full_horizon_lead_time_percentile_n_plus_one;;3;15;15;14,4;14;0,40000000000000036
10023063001;2,4000000000000057;3;full_horizon_lead_time_percentile_n_plus_one;;4;18;18;17,1;17;0,10000000000000142
10023066001;2,0;2;full_horizon_lead_time_percentile_n_plus_one;;7;17;17;16,2;16;0,1999999999999993
10023068001;2,0;2;full_horizon_lead_time_percentile_n_plus_one;;3;16;16;15,3;15;0,3000000000000007
10023073001;4,0;4;full_horizon_lead_time_percentile_n_plus_one;;2;21;21;19,8;19;0,8000000000000007
10023075001;2,0;2;full_horizon_lead_time_percentile_n_plus_one;;1;1;1;1,8;1;0,0
10023078001;2,3000000000000007;3;full_horizon_lead_time_percentile_n_plus_one;;5;16;16;15,3;15;0,3000000000000007
10023083001;1,5;2;full_horizon_lead_time_percentile_n_plus_one;;6;14;14;13,5;13;0,5
10023087001;4,0;4;full_horizon_lead_time_percentile_n_plus_one;;0;1;1;1,8;1;0,0
10023093001;7,0;7;full_horizon_lead_time_percentile_n_plus_one;;6;10;10;9,9;9;0,9000000000000004
10023100001;3,0;3;full_horizon_lead_time_percentile_n_plus_one;;0;1;1;1,8;1;0,0
10023103001;2,0;2;full_horizon_lead_time_percentile_n_plus_one;;8;20;20;18,900000000000002;18;0,9000000000000021
10023104001;2,0;2;full_horizon_lead_time_percentile_n_plus_one;;2;4;4;4,5;4;0,0
10023106001;6,0;6;full_horizon_lead_time_percentile_n_plus_one;;24;21;21;19,8;19;0,8000000000000007
10023110001;2,0;2;full_horizon_lead_time_percentile_n_plus_one;;4;14;14;13,5;13;0,5
10023114001;3,0;3;full_horizon_lead_time_percentile_n_plus_one;;6;20;20;18,900000000000002;18;0,9000000000000021
10023124001;2,0;2;full_horizon_lead_time_percentile_n_plus_one;;4;5;5;5,4;5;0,0
10023892001;2,900000000000002;3;full_horizon_lead_time_percentile_n_plus_one;;11;20;20;18,900000000000002;18;0,9000000000000021
10023998001;1,6000000000000014;2;full_horizon_lead_time_percentile_n_plus_one;;3;16;16;15,3;15;0,3000000000000007
10024001001;78,0;78;full_horizon_lead_time_percentile_n_plus_one;;11;5;5;5,4;5;0,0
10024003001;8,400000000000002;9;full_horizon_lead_time_percentile_n_plus_one;;11;21;21;19,8;19;0,8000000000000007
10024004001;72,0;72;full_horizon_lead_time_percentile_n_plus_one;;44;20;20;18,900000000000002;18;0,9000000000000021
10024005001;73,20000000000005;74;full_horizon_lead_time_percentile_n_plus_one;;8;12;12;11,700000000000001;11;0,7000000000000011
10024006001;6,0;6;full_horizon_lead_time_percentile_n_plus_one;;1;1;1;1,8;1;0,0
10024007001;201,60000000000002;202;full_horizon_lead_time_percentile_n_plus_one;;113;21;21;19,8;19;0,8000000000000007
10024011001;106,40000000000003;107;full_horizon_lead_time_percentile_n_plus_one;;59;21;21;19,8;19;0,8000000000000007
10024014001;27,60000000000001;28;full_horizon_lead_time_percentile_n_plus_one;;16;20;20;18,900000000000002;18;0,9000000000000021
10030001001;13,200000000000017;14;full_horizon_lead_time_percentile_n_plus_one;;6;18;18;17,1;17;0,10000000000000142
10030005001;47,2;48;full_horizon_lead_time_percentile_n_plus_one;;37;21;21;19,8;19;0,8000000000000007
10030007001;380,0;380;full_horizon_lead_time_percentile_n_plus_one;;313;21;21;19,8;19;0,8000000000000007
10030008001;168,0;168;full_horizon_lead_time_percentile_n_plus_one;;35;18;18;17,1;17;0,10000000000000142
10030013001;562,8000000000001;563;full_horizon_lead_time_percentile_n_plus_one;;196;21;21;19,8;19;0,8000000000000007
10030014001;136,8;137;full_horizon_lead_time_percentile_n_plus_one;;92;21;21;19,8;19;0,8000000000000007
10030015001;96,80000000000004;97;full_horizon_lead_time_percentile_n_plus_one;;45;21;21;19,8;19;0,8000000000000007
10030017001;58,19999999999999;59;full_horizon_lead_time_percentile_n_plus_one;;17;13;13;12,6;12;0,5999999999999996
10030018001;64,0;64;full_horizon_lead_time_percentile_n_plus_one;;53;21;21;19,8;19;0,8000000000000007
10030019001;115,2000000000001;116;full_horizon_lead_time_percentile_n_plus_one;;26;20;20;18,900000000000002;18;0,9000000000000021
10030020001;21,60000000000001;22;full_horizon_lead_time_percentile_n_plus_one;;5;21;21;19,8;19;0,8000000000000007
10030021001;27,200000000000003;28;full_horizon_lead_time_percentile_n_plus_one;;14;21;21;19,8;19;0,8000000000000007
10030022001;107,2;108;full_horizon_lead_time_percentile_n_plus_one;;44;21;21;19,8;19;0,8000000000000007
10030046001;186,40000000000003;187;full_horizon_lead_time_percentile_n_plus_one;;74;21;21;19,8;19;0,8000000000000007
10030048001;404,00000000000006;405;full_horizon_lead_time_percentile_n_plus_one;;307;21;21;19,8;19;0,8000000000000007
10030049001;53,60000000000001;54;full_horizon_lead_time_percentile_n_plus_one;;42;21;21;19,8;19;0,8000000000000007
10031001001;1518,0000000000005;1519;full_horizon_lead_time_percentile_n_plus_one;;404;21;21;19,8;19;0,8000000000000007
10031003001;24,0;24;full_horizon_lead_time_percentile_n_plus_one;;3;9;9;9,0;9;0,0
10031004001;195,20000000000002;196;full_horizon_lead_time_percentile_n_plus_one;;70;21;21;19,8;19;0,8000000000000007
10031007001;80,80000000000003;81;full_horizon_lead_time_percentile_n_plus_one;;50;21;21;19,8;19;0,8000000000000007
10031011001;84,80000000000003;85;full_horizon_lead_time_percentile_n_plus_one;;50;21;21;19,8;19;0,8000000000000007
10031012001;48,0;48;full_horizon_lead_time_percentile_n_plus_one;;28;19;19;18,0;18;0,0
10031013001;865,2;866;full_horizon_lead_time_percentile_n_plus_one;;393;21;21;19,8;19;0,8000000000000007
10031015001;28,800000000000068;29;full_horizon_lead_time_percentile_n_plus_one;;2;18;18;17,1;17;0,10000000000000142
10031017001;364,80000000000007;365;full_horizon_lead_time_percentile_n_plus_one;;96;21;21;19,8;19;0,8000000000000007
10031019001;75,2;76;full_horizon_lead_time_percentile_n_plus_one;;44;21;21;19,8;19;0,8000000000000007
10031023001;27,60000000000001;28;full_horizon_lead_time_percentile_n_plus_one;;8;20;20;18,900000000000002;18;0,9000000000000021
10031026001;24,0;24;full_horizon_lead_time_percentile_n_plus_one;;10;19;19;18,0;18;0,0
10031031001;392,80000000000007;393;full_horizon_lead_time_percentile_n_plus_one;;192;21;21;19,8;19;0,8000000000000007
10031033001;366,4;367;full_horizon_lead_time_percentile_n_plus_one;;167;21;21;19,8;19;0,8000000000000007
10031899001;5,0;5;full_horizon_lead_time_percentile_n_plus_one;;7;5;5;5,4;5;0,0
10031901001;72,2;73;full_horizon_lead_time_percentile_n_plus_one;;62;21;21;19,8;19;0,8000000000000007
10031909001;24,0;24;full_horizon_lead_time_percentile_n_plus_one;;1;1;1;1,8;1;0,0
10031910001;938,4000000000001;939;full_horizon_lead_time_percentile_n_plus_one;;208;21;21;19,8;19;0,8000000000000007
10031911001;639,0000000000002;640;full_horizon_lead_time_percentile_n_plus_one;;102;20;20;18,900000000000002;18;0,9000000000000021
10032001001;94,80000000000003;95;full_horizon_lead_time_percentile_n_plus_one;;33;20;20;18,900000000000002;18;0,9000000000000021
10032004001;24,0;24;full_horizon_lead_time_percentile_n_plus_one;;3;7;7;7,2;7;0,0
10032006001;1767,6000000000004;1768;full_horizon_lead_time_percentile_n_plus_one;;372;21;21;19,8;19;0,8000000000000007
10032007001;7,6000000000000085;8;full_horizon_lead_time_percentile_n_plus_one;;5;20;20;18,900000000000002;18;0,9000000000000021
10032008001;465,6;466;full_horizon_lead_time_percentile_n_plus_one;;217;21;21;19,8;19;0,8000000000000007
10032011001;292,80000000000007;293;full_horizon_lead_time_percentile_n_plus_one;;89;21;21;19,8;19;0,8000000000000007
10032013001;867,6;868;full_horizon_lead_time_percentile_n_plus_one;;369;21;21;19,8;19;0,8000000000000007
10032014001;208,40000000000023;209;full_horizon_lead_time_percentile_n_plus_one;;44;20;20;18,900000000000002;18;0,9000000000000021
10032015001;116,80000000000001;117;full_horizon_lead_time_percentile_n_plus_one;;32;21;21;19,8;19;0,8000000000000007
10032019001;318,0;318;full_horizon_lead_time_percentile_n_plus_one;;102;21;21;19,8;19;0,8000000000000007
10032020001;36,0;36;full_horizon_lead_time_percentile_n_plus_one;;59;21;21;19,8;19;0,8000000000000007
10032023001;72,0;72;full_horizon_lead_time_percentile_n_plus_one;;6;8;8;8,1;8;0,0
10032046001;172,8;173;full_horizon_lead_time_percentile_n_plus_one;;58;21;21;19,8;19;0,8000000000000007
10032047001;810,0;810;full_horizon_lead_time_percentile_n_plus_one;;349;21;21;19,8;19;0,8000000000000007
10032048001;31,60000000000001;32;full_horizon_lead_time_percentile_n_plus_one;;12;20;20;18,900000000000002;18;0,9000000000000021
10032055001;154,8;155;full_horizon_lead_time_percentile_n_plus_one;;86;21;21;19,8;19;0,8000000000000007
10032059001;22,800000000000026;23;full_horizon_lead_time_percentile_n_plus_one;;8;20;20;18,900000000000002;18;0,9000000000000021
10032064001;388,2000000000004;389;full_horizon_lead_time_percentile_n_plus_one;;75;20;20;18,900000000000002;18;0,9000000000000021
10033001001;144,0;144;full_horizon_lead_time_percentile_n_plus_one;;26;21;21;19,8;19;0,8000000000000007
10033004001;1056,0000000000002;1057;full_horizon_lead_time_percentile_n_plus_one;;407;21;21;19,8;19;0,8000000000000007
10033010001;184,20000000000002;185;full_horizon_lead_time_percentile_n_plus_one;;79;21;21;19,8;19;0,8000000000000007
10033012001;44,80000000000001;45;full_horizon_lead_time_percentile_n_plus_one;;13;18;18;17,1;17;0,10000000000000142
10033013001;363,20000000000005;364;full_horizon_lead_time_percentile_n_plus_one;;209;21;21;19,8;19;0,8000000000000007
10033014001;140,8;141;full_horizon_lead_time_percentile_n_plus_one;;69;21;21;19,8;19;0,8000000000000007
10033015001;316,0;316;full_horizon_lead_time_percentile_n_plus_one;;210;21;21;19,8;19;0,8000000000000007
10033018001;847,2000000000002;848;full_horizon_lead_time_percentile_n_plus_one;;383;21;21;19,8;19;0,8000000000000007
10033020001;47,20000000000002;48;full_horizon_lead_time_percentile_n_plus_one;;31;20;20;18,900000000000002;18;0,9000000000000021
10033022001;18,900000000000002;19;full_horizon_lead_time_percentile_n_plus_one;;8;20;20;18,900000000000002;18;0,9000000000000021
10033023001;69,60000000000005;70;full_horizon_lead_time_percentile_n_plus_one;;6;20;20;18,900000000000002;18;0,9000000000000021
10033026001;62,00000000000001;63;full_horizon_lead_time_percentile_n_plus_one;;34;21;21;19,8;19;0,8000000000000007
10033028001;219,6;220;full_horizon_lead_time_percentile_n_plus_one;;77;20;20;18,900000000000002;18;0,9000000000000021
10033029001;40,800000000000026;41;full_horizon_lead_time_percentile_n_plus_one;;3;12;12;11,700000000000001;11;0,7000000000000011
10033031001;12,400000000000002;13;full_horizon_lead_time_percentile_n_plus_one;;8;10;10;9,9;9;0,9000000000000004
10033033001;16,800000000000004;17;full_horizon_lead_time_percentile_n_plus_one;;6;11;11;10,8;10;0,8000000000000007
10033034001;122,40000000000002;123;full_horizon_lead_time_percentile_n_plus_one;;62;21;21;19,8;19;0,8000000000000007
10033038001;57,80000000000001;58;full_horizon_lead_time_percentile_n_plus_one;;49;21;21;19,8;19;0,8000000000000007
10033041001;399,6;400;full_horizon_lead_time_percentile_n_plus_one;;235;21;21;19,8;19;0,8000000000000007
10033044001;34,2;35;full_horizon_lead_time_percentile_n_plus_one;;70;21;21;19,8;19;0,8000000000000007
10033053001;67,6;68;full_horizon_lead_time_percentile_n_plus_one;;54;21;21;19,8;19;0,8000000000000007
10033056001;168,00000000000006;169;full_horizon_lead_time_percentile_n_plus_one;;62;20;20;18,900000000000002;18;0,9000000000000021
10033057001;568,0000000000001;569;full_horizon_lead_time_percentile_n_plus_one;;240;21;21;19,8;19;0,8000000000000007
10033062001;4,0;4;full_horizon_lead_time_percentile_n_plus_one;;0;1;1;1,8;1;0,0
10033064001;645,6;646;full_horizon_lead_time_percentile_n_plus_one;;266;21;21;19,8;19;0,8000000000000007
10033065001;124,80000000000003;125;full_horizon_lead_time_percentile_n_plus_one;;73;21;21;19,8;19;0,8000000000000007
10033068001;597,6;598;full_horizon_lead_time_percentile_n_plus_one;;160;21;21;19,8;19;0,8000000000000007
10033070001;416,0000000000001;417;full_horizon_lead_time_percentile_n_plus_one;;130;21;21;19,8;19;0,8000000000000007
10033075001;87,00000000000001;88;full_horizon_lead_time_percentile_n_plus_one;;95;21;21;19,8;19;0,8000000000000007
10034002001;24,0;24;full_horizon_lead_time_percentile_n_plus_one;;18;19;19;18,0;18;0,0
10034003001;610,8000000000001;611;full_horizon_lead_time_percentile_n_plus_one;;187;21;21;19,8;19;0,8000000000000007
10034007001;24,0;24;full_horizon_lead_time_percentile_n_plus_one;;28;20;20;18,900000000000002;18;0,9000000000000021
10034011001;307,20000000000005;308;full_horizon_lead_time_percentile_n_plus_one;;147;21;21;19,8;19;0,8000000000000007
10034013001;57,000000000000014;58;full_horizon_lead_time_percentile_n_plus_one;;13;10;10;9,9;9;0,9000000000000004
10034015001;24,60000000000001;25;full_horizon_lead_time_percentile_n_plus_one;;10;18;18;17,1;17;0,10000000000000142
10034016001;83,20000000000002;84;full_horizon_lead_time_percentile_n_plus_one;;18;21;21;19,8;19;0,8000000000000007
10034020001;169,20000000000002;170;full_horizon_lead_time_percentile_n_plus_one;;56;21;21;19,8;19;0,8000000000000007
10034022001;62,39999999999999;63;full_horizon_lead_time_percentile_n_plus_one;;4;13;13;12,6;12;0,5999999999999996
10034023001;33,60000000000002;34;full_horizon_lead_time_percentile_n_plus_one;;13;18;18;17,1;17;0,10000000000000142
10034025001;757,2;758;full_horizon_lead_time_percentile_n_plus_one;;260;21;21;19,8;19;0,8000000000000007
10034026001;24,0;24;full_horizon_lead_time_percentile_n_plus_one;;9;20;20;18,900000000000002;18;0,9000000000000021
10034031001;24,0;24;full_horizon_lead_time_percentile_n_plus_one;;3;17;17;16,2;16;0,1999999999999993
10034033001;31,200000000000003;32;full_horizon_lead_time_percentile_n_plus_one;;23;21;21;19,8;19;0,8000000000000007
10034041001;24,0;24;full_horizon_lead_time_percentile_n_plus_one;;3;21;21;19,8;19;0,8000000000000007
10034042001;1142,4;1143;full_horizon_lead_time_percentile_n_plus_one;;450;21;21;19,8;19;0,8000000000000007
10034044001;8,0;8;full_horizon_lead_time_percentile_n_plus_one;;0;2;2;2,7;2;0,0
10034046001;32,0;32;full_horizon_lead_time_percentile_n_plus_one;;20;21;21;19,8;19;0,8000000000000007
10034049001;3,0;3;full_horizon_lead_time_percentile_n_plus_one;;7;19;19;18,0;18;0,0
10034050001;180,0;180;full_horizon_lead_time_percentile_n_plus_one;;41;21;21;19,8;19;0,8000000000000007
10034057001;5,0;5;full_horizon_lead_time_percentile_n_plus_one;;5;6;6;6,3;6;0,0
10034999001;446,40000000000003;447;full_horizon_lead_time_percentile_n_plus_one;;157;21;21;19,8;19;0,8000000000000007
10035001001;89,60000000000001;90;full_horizon_lead_time_percentile_n_plus_one;;61;21;21;19,8;19;0,8000000000000007
10035002001;60,599999999999994;61;full_horizon_lead_time_percentile_n_plus_one;;66;21;21;19,8;19;0,8000000000000007
10035003001;46,50000000000001;47;full_horizon_lead_time_percentile_n_plus_one;;23;20;20;18,900000000000002;18;0,9000000000000021
10035006001;135,6;136;full_horizon_lead_time_percentile_n_plus_one;;49;21;21;19,8;19;0,8000000000000007
10035011001;22,400000000000034;23;full_horizon_lead_time_percentile_n_plus_one;;6;20;20;18,900000000000002;18;0,9000000000000021
10035012001;108,0;108;full_horizon_lead_time_percentile_n_plus_one;;62;21;21;19,8;19;0,8000000000000007
10035013001;100,80000000000003;101;full_horizon_lead_time_percentile_n_plus_one;;37;21;21;19,8;19;0,8000000000000007
10035015001;290,40000000000003;291;full_horizon_lead_time_percentile_n_plus_one;;166;21;21;19,8;19;0,8000000000000007
10035021001;731,2;732;full_horizon_lead_time_percentile_n_plus_one;;184;21;21;19,8;19;0,8000000000000007
10035027001;4,0;4;full_horizon_lead_time_percentile_n_plus_one;;2;20;20;18,900000000000002;18;0,9000000000000021
10035028001;214,8;215;full_horizon_lead_time_percentile_n_plus_one;;90;21;21;19,8;19;0,8000000000000007
10035034001;886,8000000000001;887;full_horizon_lead_time_percentile_n_plus_one;;212;21;21;19,8;19;0,8000000000000007
10035035001;1864,8;1865;full_horizon_lead_time_percentile_n_plus_one;;425;21;21;19,8;19;0,8000000000000007
10035036001;29,400000000000013;30;full_horizon_lead_time_percentile_n_plus_one;;16;20;20;18,900000000000002;18;0,9000000000000021
10035041001;132,0;132;full_horizon_lead_time_percentile_n_plus_one;;0;2;2;2,7;2;0,0
10035046001;7,6000000000000085;8;full_horizon_lead_time_percentile_n_plus_one;;1;16;16;15,3;15;0,3000000000000007
10040001001;44,40000000000001;45;full_horizon_lead_time_percentile_n_plus_one;;3;10;10;9,9;9;0,9000000000000004
10040002001;153,60000000000005;154;full_horizon_lead_time_percentile_n_plus_one;;38;21;21;19,8;19;0,8000000000000007
10040003001;357,6;358;full_horizon_lead_time_percentile_n_plus_one;;142;21;21;19,8;19;0,8000000000000007
10040004001;84,80000000000001;85;full_horizon_lead_time_percentile_n_plus_one;;221;21;21;19,8;19;0,8000000000000007
10040005001;640,8000000000001;641;full_horizon_lead_time_percentile_n_plus_one;;170;21;21;19,8;19;0,8000000000000007
10040008001;165,0;165;full_horizon_lead_time_percentile_n_plus_one;;82;21;21;19,8;19;0,8000000000000007
10040009001;141,60000000000002;142;full_horizon_lead_time_percentile_n_plus_one;;68;21;21;19,8;19;0,8000000000000007
10040010001;212,4000000000001;213;full_horizon_lead_time_percentile_n_plus_one;;65;20;20;18,900000000000002;18;0,9000000000000021
10040011001;87,99999999999997;88;full_horizon_lead_time_percentile_n_plus_one;;19;17;17;16,2;16;0,1999999999999993
10040014001;51,0;51;full_horizon_lead_time_percentile_n_plus_one;;6;14;14;13,5;13;0,5
10040015001;60,0;60;full_horizon_lead_time_percentile_n_plus_one;;0;2;2;2,7;2;0,0
10040016001;126,00000000000009;127;full_horizon_lead_time_percentile_n_plus_one;;26;18;18;17,1;17;0,10000000000000142
10040017001;12,0;12;full_horizon_lead_time_percentile_n_plus_one;;2;7;7;7,2;7;0,0
10040018001;64,0;64;full_horizon_lead_time_percentile_n_plus_one;;37;21;21;19,8;19;0,8000000000000007
10040019001;33,6;34;full_horizon_lead_time_percentile_n_plus_one;;90;21;21;19,8;19;0,8000000000000007
10040020001;247,20000000000005;248;full_horizon_lead_time_percentile_n_plus_one;;70;21;21;19,8;19;0,8000000000000007
10040021001;50,400000000000006;51;full_horizon_lead_time_percentile_n_plus_one;;9;15;15;14,4;14;0,40000000000000036
10040022001;196,0;196;full_horizon_lead_time_percentile_n_plus_one;;42;21;21;19,8;19;0,8000000000000007
10040023001;328,8;329;full_horizon_lead_time_percentile_n_plus_one;;123;21;21;19,8;19;0,8000000000000007
10040024001;12,0;12;full_horizon_lead_time_percentile_n_plus_one;;2;5;5;5,4;5;0,0
10040025001;73,6;74;full_horizon_lead_time_percentile_n_plus_one;;218;21;21;19,8;19;0,8000000000000007
10040026001;88,0;88;full_horizon_lead_time_percentile_n_plus_one;;135;21;21;19,8;19;0,8000000000000007
10040027001;180,0;180;full_horizon_lead_time_percentile_n_plus_one;;33;20;20;18,900000000000002;18;0,9000000000000021
10040028001;11,200000000000003;12;full_horizon_lead_time_percentile_n_plus_one;;8;21;21;19,8;19;0,8000000000000007
10040031001;40,800000000000004;41;full_horizon_lead_time_percentile_n_plus_one;;4;15;15;14,4;14;0,40000000000000036
10040032001;556,8;557;full_horizon_lead_time_percentile_n_plus_one;;82;21;21;19,8;19;0,8000000000000007
10040033001;99,20000000000002;100;full_horizon_lead_time_percentile_n_plus_one;;59;21;21;19,8;19;0,8000000000000007
10040034001;52,0;52;full_horizon_lead_time_percentile_n_plus_one;;9;19;19;18,0;18;0,0
10040035001;40,800000000000026;41;full_horizon_lead_time_percentile_n_plus_one;;16;20;20;18,900000000000002;18;0,9000000000000021
10040037001;19,6;20;full_horizon_lead_time_percentile_n_plus_one;;54;21;21;19,8;19;0,8000000000000007
10040038001;32,0;32;full_horizon_lead_time_percentile_n_plus_one;;18;21;21;19,8;19;0,8000000000000007
10040039001;93,20000000000002;94;full_horizon_lead_time_percentile_n_plus_one;;271;21;21;19,8;19;0,8000000000000007
10040040001;29,200000000000003;30;full_horizon_lead_time_percentile_n_plus_one;;58;21;21;19,8;19;0,8000000000000007
10040041001;292,80000000000007;293;full_horizon_lead_time_percentile_n_plus_one;;60;21;21;19,8;19;0,8000000000000007
10040042001;23,6;24;full_horizon_lead_time_percentile_n_plus_one;;55;21;21;19,8;19;0,8000000000000007
10040044001;51,0;51;full_horizon_lead_time_percentile_n_plus_one;;7;7;7;7,2;7;0,0
10040048001;1097,5999999999997;1098;full_horizon_lead_time_percentile_n_plus_one;;13;13;13;12,6;12;0,5999999999999996
10040049001;47,20000000000002;48;full_horizon_lead_time_percentile_n_plus_one;;103;20;20;18,900000000000002;18;0,9000000000000021
10040050001;58,800000000000026;59;full_horizon_lead_time_percentile_n_plus_one;;20;20;20;18,900000000000002;18;0,9000000000000021
10040056001;27,60000000000001;28;full_horizon_lead_time_percentile_n_plus_one;;8;16;16;15,3;15;0,3000000000000007
10040062001;720,0;720;full_horizon_lead_time_percentile_n_plus_one;;247;21;21;19,8;19;0,8000000000000007
10040063001;859,2;860;full_horizon_lead_time_percentile_n_plus_one;;220;21;21;19,8;19;0,8000000000000007
10040066001;254,00000000000006;255;full_horizon_lead_time_percentile_n_plus_one;;57;20;20;18,900000000000002;18;0,9000000000000021
10040071001;80,0;80;full_horizon_lead_time_percentile_n_plus_one;;17;19;19;18,0;18;0,0
10040078001;20,0;20;full_horizon_lead_time_percentile_n_plus_one;;1;1;1;1,8;1;0,0
10040079001;29,6;30;full_horizon_lead_time_percentile_n_plus_one;;58;21;21;19,8;19;0,8000000000000007
10040081001;156,0;156;full_horizon_lead_time_percentile_n_plus_one;;70;21;21;19,8;19;0,8000000000000007
10040082001;192,0;192;full_horizon_lead_time_percentile_n_plus_one;;13;9;9;9,0;9;0,0
10040094001;41,20000000000001;42;full_horizon_lead_time_percentile_n_plus_one;;77;21;21;19,8;19;0,8000000000000007
10040111001;81,60000000000001;82;full_horizon_lead_time_percentile_n_plus_one;;30;21;21;19,8;19;0,8000000000000007
10041001001;24,0;24;full_horizon_lead_time_percentile_n_plus_one;;3;19;19;18,0;18;0,0
10041003001;72,0;72;full_horizon_lead_time_percentile_n_plus_one;;32;21;21;19,8;19;0,8000000000000007
10041004001;110,40000000000002;111;full_horizon_lead_time_percentile_n_plus_one;;40;21;21;19,8;19;0,8000000000000007
10041007001;206,0;206;full_horizon_lead_time_percentile_n_plus_one;;8;7;7;7,2;7;0,0
10041008001;59,20000000000002;60;full_horizon_lead_time_percentile_n_plus_one;;11;12;12;11,700000000000001;11;0,7000000000000011
10041009001;48,0;48;full_horizon_lead_time_percentile_n_plus_one;;5;19;19;18,0;18;0,0
10041014001;24,0;24;full_horizon_lead_time_percentile_n_plus_one;;0;1;1;1,8;1;0,0
10041032001;55,60000000000001;56;full_horizon_lead_time_percentile_n_plus_one;;39;20;20;18,900000000000002;18;0,9000000000000021
10041033001;24,0;24;full_horizon_lead_time_percentile_n_plus_one;;31;20;20;18,900000000000002;18;0,9000000000000021
10041034001;75,20000000000002;76;full_horizon_lead_time_percentile_n_plus_one;;27;21;21;19,8;19;0,8000000000000007
10041038001;36,0;36;full_horizon_lead_time_percentile_n_plus_one;;3;14;14;13,5;13;0,5
10041039001;60,80000000000001;61;full_horizon_lead_time_percentile_n_plus_one;;31;21;21;19,8;19;0,8000000000000007
10041040001;171,20000000000002;172;full_horizon_lead_time_percentile_n_plus_one;;48;21;21;19,8;19;0,8000000000000007
10041058001;12,0;12;full_horizon_lead_time_percentile_n_plus_one;;0;1;1;1,8;1;0,0
10041067001;1142,4;1143;full_horizon_lead_time_percentile_n_plus_one;;235;21;21;19,8;19;0,8000000000000007
10041069001;12,0;12;full_horizon_lead_time_percentile_n_plus_one;;0;1;1;1,8;1;0,0
10041085001;218,4000000000002;219;full_horizon_lead_time_percentile_n_plus_one;;44;18;18;17,1;17;0,10000000000000142
10041087001;24,0;24;full_horizon_lead_time_percentile_n_plus_one;;1;1;1;1,8;1;0,0
10041899001;195,0;195;full_horizon_lead_time_percentile_n_plus_one;;26;14;14;13,5;13;0,5
10051001001;1,0;1;full_horizon_lead_time_percentile_n_plus_one;;3;12;12;11,700000000000001;11;0,7000000000000011
10051034001;4,399999999999999;5;full_horizon_lead_time_percentile_n_plus_one;;7;17;17;16,2;16;0,1999999999999993
10052004001;2,5999999999999996;3;full_horizon_lead_time_percentile_n_plus_one;;4;13;13;12,6;12;0,5999999999999996
10052014001;12,0;12;full_horizon_lead_time_percentile_n_plus_one;;3;8;8;8,1;8;0,0
10052015001;4,199999999999999;5;full_horizon_lead_time_percentile_n_plus_one;;4;13;13;12,6;12;0,5999999999999996
10052017001;6,0;6;full_horizon_lead_time_percentile_n_plus_one;;19;21;21;19,8;19;0,8000000000000007
10052019001;7,0;7;full_horizon_lead_time_percentile_n_plus_one;;12;12;12;11,700000000000001;11;0,7000000000000011
10052020001;11,600000000000001;12;full_horizon_lead_time_percentile_n_plus_one;;46;21;21;19,8;19;0,8000000000000007
10052024001;2,0;2;full_horizon_lead_time_percentile_n_plus_one;;6;17;17;16,2;16;0,1999999999999993
10052025001;14,0;14;full_horizon_lead_time_percentile_n_plus_one;;52;21;21;19,8;19;0,8000000000000007
10052033001;1,0;1;full_horizon_lead_time_percentile_n_plus_one;;0;3;3;3,6;3;0,0
10052035001;7,800000000000004;8;full_horizon_lead_time_percentile_n_plus_one;;25;20;20;18,900000000000002;18;0,9000000000000021
10052046001;2,0;2;full_horizon_lead_time_percentile_n_plus_one;;1;1;1;1,8;1;0,0
10053901001;20,400000000000034;21;full_horizon_lead_time_percentile_n_plus_one;;11;18;18;17,1;17;0,10000000000000142
10053903001;12,0;12;full_horizon_lead_time_percentile_n_plus_one;;3;5;5;5,4;5;0,0
10053904001;8,400000000000002;9;full_horizon_lead_time_percentile_n_plus_one;;1;15;15;14,4;14;0,40000000000000036
10100132001;30,0;30;full_horizon_lead_time_percentile_n_plus_one;;20;19;19;18,0;18;0,0
10904008001;1,0;1;full_horizon_lead_time_percentile_n_plus_one;;0;1;1;1,8;1;0,0
10904021001;3,0;3;full_horizon_lead_time_percentile_n_plus_one;;1;1;1;1,8;1;0,0
10904899001;1,0;1;full_horizon_lead_time_percentile_n_plus_one;;1;1;1;1,8;1;0,0
11010001001;4,0;4;full_horizon_lead_time_percentile_n_plus_one;;2;2;2;2,7;2;0,0
11010005001;1,0;1;full_horizon_lead_time_percentile_n_plus_one;;0;1;1;1,8;1;0,0
11010007001;10,0;10;full_horizon_lead_time_percentile_n_plus_one;;15;14;14;13,5;13;0,5
11010012001;1,0;1;full_horizon_lead_time_percentile_n_plus_one;;2;19;19;18,0;18;0,0
11010013001;3,1000000000000014;4;full_horizon_lead_time_percentile_n_plus_one;;8;18;18;17,1;17;0,10000000000000142
11010016001;2,8000000000000007;3;full_horizon_lead_time_percentile_n_plus_one;;4;21;21;19,8;19;0,8000000000000007
11010018001;1,1000000000000014;2;full_horizon_lead_time_percentile_n_plus_one;;3;18;18;17,1;17;0,10000000000000142
11010019001;2,3000000000000007;3;full_horizon_lead_time_percentile_n_plus_one;;7;16;16;15,3;15;0,3000000000000007
11010020001;4,5;5;full_horizon_lead_time_percentile_n_plus_one;;8;14;14;13,5;13;0,5
11010021001;3,8000000000000007;4;full_horizon_lead_time_percentile_n_plus_one;;5;21;21;19,8;19;0,8000000000000007
11010022001;3,9999999999999982;4;full_horizon_lead_time_percentile_n_plus_one;;5;13;13;12,6;12;0,5999999999999996
11010023001;3,0;3;full_horizon_lead_time_percentile_n_plus_one;;7;19;19;18,0;18;0,0
11010025001;3,0;3;full_horizon_lead_time_percentile_n_plus_one;;8;19;19;18,0;18;0,0
11010027001;3,0;3;full_horizon_lead_time_percentile_n_plus_one;;8;18;18;17,1;17;0,10000000000000142
11010035001;1,9000000000000021;2;full_horizon_lead_time_percentile_n_plus_one;;3;20;20;18,900000000000002;18;0,9000000000000021
11010038001;1,0;1;full_horizon_lead_time_percentile_n_plus_one;;1;1;1;1,8;1;0,0
11010040001;1,0;1;full_horizon_lead_time_percentile_n_plus_one;;6;21;21;19,8;19;0,8000000000000007
11010042001;5,0;5;full_horizon_lead_time_percentile_n_plus_one;;21;19;19;18,0;18;0,0
11010043001;4,900000000000002;5;full_horizon_lead_time_percentile_n_plus_one;;9;20;20;18,900000000000002;18;0,9000000000000021
11010045001;1,8000000000000007;2;full_horizon_lead_time_percentile_n_plus_one;;3;21;21;19,8;19;0,8000000000000007
11010051001;1,0;1;full_horizon_lead_time_percentile_n_plus_one;;2;13;13;12,6;12;0,5999999999999996
11010059001;2,0;2;full_horizon_lead_time_percentile_n_plus_one;;3;3;3;3,6;3;0,0
11010112001;1,8000000000000007;2;full_horizon_lead_time_percentile_n_plus_one;;7;21;21;19,8;19;0,8000000000000007
11010115001;2,0;2;full_horizon_lead_time_percentile_n_plus_one;;10;20;20;18,900000000000002;18;0,9000000000000021
11010116001;4,0;4;full_horizon_lead_time_percentile_n_plus_one;;5;13;13;12,6;12;0,5999999999999996
11020002001;6,0;6;full_horizon_lead_time_percentile_n_plus_one;;13;19;19;18,0;18;0,0
11020003001;2,1000000000000014;3;full_horizon_lead_time_percentile_n_plus_one;;3;18;18;17,1;17;0,10000000000000142
11020008001;18,0;18;full_horizon_lead_time_percentile_n_plus_one;;5;6;6;6,3;6;0,0
11020010001;8,0;8;full_horizon_lead_time_percentile_n_plus_one;;2;6;6;6,3;6;0,0
11020012001;4,100000000000003;5;full_horizon_lead_time_percentile_n_plus_one;;5;12;12;11,700000000000001;11;0,7000000000000011
11020013001;2,6000000000000014;3;full_horizon_lead_time_percentile_n_plus_one;;5;21;21;19,8;19;0,8000000000000007
11021002001;2,0;2;full_horizon_lead_time_percentile_n_plus_one;;1;1;1;1,8;1;0,0
11021006001;3,0;3;full_horizon_lead_time_percentile_n_plus_one;;3;5;5;5,4;5;0,0
11021013001;6,0;6;full_horizon_lead_time_percentile_n_plus_one;;12;19;19;18,0;18;0,0
11021018001;1,0;1;full_horizon_lead_time_percentile_n_plus_one;;1;19;19;18,0;18;0,0
11021023001;1,0;1;full_horizon_lead_time_percentile_n_plus_one;;3;15;15;14,4;14;0,40000000000000036
11021025001;1,5;2;full_horizon_lead_time_percentile_n_plus_one;;4;14;14;13,5;13;0,5
11021026001;2,0;2;full_horizon_lead_time_percentile_n_plus_one;;6;9;9;9,0;9;0,0
11021028001;5,0;5;full_horizon_lead_time_percentile_n_plus_one;;2;9;9;9,0;9;0,0
11021029001;5,800000000000001;6;full_horizon_lead_time_percentile_n_plus_one;;13;21;21;19,8;19;0,8000000000000007
11021030001;1,9000000000000021;2;full_horizon_lead_time_percentile_n_plus_one;;7;20;20;18,900000000000002;18;0,9000000000000021
11021047001;3,0;3;full_horizon_lead_time_percentile_n_plus_one;;8;17;17;16,2;16;0,1999999999999993
11021051002;2,0;2;full_horizon_lead_time_percentile_n_plus_one;;1;1;1;1,8;1;0,0
11021052001;4,800000000000001;5;full_horizon_lead_time_percentile_n_plus_one;;6;10;10;9,9;9;0,9000000000000004
11021059002;1,0;1;full_horizon_lead_time_percentile_n_plus_one;;1;1;1;1,8;1;0,0
11021060001;1,5999999999999996;2;full_horizon_lead_time_percentile_n_plus_one;;3;13;13;12,6;12;0,5999999999999996
11021061001;6,0;6;full_horizon_lead_time_percentile_n_plus_one;;8;5;5;5,4;5;0,0
11021064001;1,0;1;full_horizon_lead_time_percentile_n_plus_one;;2;19;19;18,0;18;0,0
11021071001;7,800000000000001;8;full_horizon_lead_time_percentile_n_plus_one;;34;21;21;19,8;19;0,8000000000000007
11021095001;2,0;2;full_horizon_lead_time_percentile_n_plus_one;;1;1;1;1,8;1;0,0
11022001001;1,0;1;full_horizon_lead_time_percentile_n_plus_one;;5;19;19;18,0;18;0,0
11022003002;2,6000000000000014;3;full_horizon_lead_time_percentile_n_plus_one;;7;21;21;19,8;19;0,8000000000000007
11022006001;1,0;1;full_horizon_lead_time_percentile_n_plus_one;;0;1;1;1,8;1;0,0
11022007001;7,400000000000002;8;full_horizon_lead_time_percentile_n_plus_one;;26;21;21;19,8;19;0,8000000000000007
11022012001;1,0;1;full_horizon_lead_time_percentile_n_plus_one;;5;20;20;18,900000000000002;18;0,9000000000000021
11022017001;2,0;2;full_horizon_lead_time_percentile_n_plus_one;;8;19;19;18,0;18;0,0
11022024002;1,1999999999999993;2;full_horizon_lead_time_percentile_n_plus_one;;5;17;17;16,2;16;0,1999999999999993
11022025001;2,0;2;full_horizon_lead_time_percentile_n_plus_one;;18;19;19;18,0;18;0,0
11022031001;1,700000000000001;2;full_horizon_lead_time_percentile_n_plus_one;;5;12;12;11,700000000000001;11;0,7000000000000011
11022035001;1,0;1;full_horizon_lead_time_percentile_n_plus_one;;3;19;19;18,0;18;0,0
11022036001;4,6000000000000085;5;full_horizon_lead_time_percentile_n_plus_one;;5;20;20;18,900000000000002;18;0,9000000000000021
11022044001;2,0;2;full_horizon_lead_time_percentile_n_plus_one;;1;14;14;13,5;13;0,5
11022051001;23,000000000000007;24;full_horizon_lead_time_percentile_n_plus_one;;28;21;21;19,8;19;0,8000000000000007
11022058001;1,0;1;full_horizon_lead_time_percentile_n_plus_one;;1;20;20;18,900000000000002;18;0,9000000000000021
11022059001;2,900000000000002;3;full_horizon_lead_time_percentile_n_plus_one;;4;20;20;18,900000000000002;18;0,9000000000000021
11022063001;1,1000000000000014;2;full_horizon_lead_time_percentile_n_plus_one;;6;18;18;17,1;17;0,10000000000000142
11022067001;10,0;10;full_horizon_lead_time_percentile_n_plus_one;;3;7;7;7,2;7;0,0
11022077001;1,0;1;full_horizon_lead_time_percentile_n_plus_one;;1;1;1;1,8;1;0,0
11022082001;10,500000000000005;11;full_horizon_lead_time_percentile_n_plus_one;;5;12;12;11,700000000000001;11;0,7000000000000011
11022085001;3,0000000000000018;4;full_horizon_lead_time_percentile_n_plus_one;;4;15;15;14,4;14;0,40000000000000036
11022087001;1,4000000000000004;2;full_horizon_lead_time_percentile_n_plus_one;;3;15;15;14,4;14;0,40000000000000036
11023010001;7,0;7;full_horizon_lead_time_percentile_n_plus_one;;11;21;21;19,8;19;0,8000000000000007
11023012001;2,0;2;full_horizon_lead_time_percentile_n_plus_one;;2;14;14;13,5;13;0,5
11023015001;6,0;6;full_horizon_lead_time_percentile_n_plus_one;;0;4;4;4,5;4;0,0
11030010001;3,3999999999999986;4;full_horizon_lead_time_percentile_n_plus_one;;4;13;13;12,6;12;0,5999999999999996
11030016002;1,0;1;full_horizon_lead_time_percentile_n_plus_one;;1;1;1;1,8;1;0,0
11030018001;3,6000000000000014;4;full_horizon_lead_time_percentile_n_plus_one;;3;16;16;15,3;15;0,3000000000000007
11030024001;3,400000000000002;4;full_horizon_lead_time_percentile_n_plus_one;;4;11;11;10,8;10;0,8000000000000007
11030062001;3,5;4;full_horizon_lead_time_percentile_n_plus_one;;2;14;14;13,5;13;0,5
11030066001;6,0;6;full_horizon_lead_time_percentile_n_plus_one;;9;14;14;13,5;13;0,5
11030079002;1,0;1;full_horizon_lead_time_percentile_n_plus_one;;0;1;1;1,8;1;0,0
11030080001;1,0;1;full_horizon_lead_time_percentile_n_plus_one;;0;1;1;1,8;1;0,0
11030094001;1,0;1;full_horizon_lead_time_percentile_n_plus_one;;1;1;1;1,8;1;0,0
11030095001;4,100000000000001;5;full_horizon_lead_time_percentile_n_plus_one;;5;18;18;17,1;17;0,10000000000000142
11030096001;1,1999999999999993;2;full_horizon_lead_time_percentile_n_plus_one;;1;17;17;16,2;16;0,1999999999999993
11030097001;1,0;1;full_horizon_lead_time_percentile_n_plus_one;;2;5;5;5,4;5;0,0
11030108001;1,0;1;full_horizon_lead_time_percentile_n_plus_one;;2;7;7;7,2;7;0,0
11030128001;1,0;1;full_horizon_lead_time_percentile_n_plus_one;;1;1;1;1,8;1;0,0
11030183001;1,0;1;full_horizon_lead_time_percentile_n_plus_one;;0;1;1;1,8;1;0,0
11030183002;2,3999999999999986;3;full_horizon_lead_time_percentile_n_plus_one;;4;17;17;16,2;16;0,1999999999999993
11031011002;1,0;1;full_horizon_lead_time_percentile_n_plus_one;;1;1;1;1,8;1;0,0
11031022001;3,6000000000000014;4;full_horizon_lead_time_percentile_n_plus_one;;4;11;11;10,8;10;0,8000000000000007
11031901001;1,0;1;full_horizon_lead_time_percentile_n_plus_one;;1;14;14;13,5;13;0,5
11031907001;2,0;2;full_horizon_lead_time_percentile_n_plus_one;;8;18;18;17,1;17;0,10000000000000142
11031917001;1,0;1;full_horizon_lead_time_percentile_n_plus_one;;4;19;19;18,0;18;0,0
11031918001;1,0;1;full_horizon_lead_time_percentile_n_plus_one;;1;1;1;1,8;1;0,0
11032002001;42,0;42;full_horizon_lead_time_percentile_n_plus_one;;13;19;19;18,0;18;0,0
11032003002;3,1000000000000014;4;full_horizon_lead_time_percentile_n_plus_one;;7;18;18;17,1;17;0,10000000000000142
11032006001;6,0;6;full_horizon_lead_time_percentile_n_plus_one;;1;7;7;7,2;7;0,0
11032008001;58,800000000000026;59;full_horizon_lead_time_percentile_n_plus_one;;6;21;21;19,8;19;0,8000000000000007
11032011001;3,0;3;full_horizon_lead_time_percentile_n_plus_one;;1;1;1;1,8;1;0,0
11032014002;12,799999999999997;13;full_horizon_lead_time_percentile_n_plus_one;;9;17;17;16,2;16;0,1999999999999993
11032015001;4,700000000000001;5;full_horizon_lead_time_percentile_n_plus_one;;4;10;10;9,9;9;0,9000000000000004
11032017001;1,0;1;full_horizon_lead_time_percentile_n_plus_one;;4;4;4;4,5;4;0,0
11032021001;7,0;7;full_horizon_lead_time_percentile_n_plus_one;;15;19;19;18,0;18;0,0
11032024001;14,0;14;full_horizon_lead_time_percentile_n_plus_one;;14;19;19;18,0;18;0,0
11032026001;9,0;9;full_horizon_lead_time_percentile_n_plus_one;;4;8;8;8,1;8;0,0
11032027001;6,0;6;full_horizon_lead_time_percentile_n_plus_one;;14;21;21;19,8;19;0,8000000000000007
11032028001;7,200000000000001;8;full_horizon_lead_time_percentile_n_plus_one;;5;15;15;14,4;14;0,40000000000000036
11032031001;5,200000000000003;6;full_horizon_lead_time_percentile_n_plus_one;;1;15;15;14,4;14;0,40000000000000036
11032035001;4,0;4;full_horizon_lead_time_percentile_n_plus_one;;8;19;19;18,0;18;0,0
11032036001;4,800000000000001;5;full_horizon_lead_time_percentile_n_plus_one;;6;21;21;19,8;19;0,8000000000000007
11032037001;12,0;12;full_horizon_lead_time_percentile_n_plus_one;;23;21;21;19,8;19;0,8000000000000007
11032043001;1,9000000000000021;2;full_horizon_lead_time_percentile_n_plus_one;;2;20;20;18,900000000000002;18;0,9000000000000021
11032218001;8,0;8;full_horizon_lead_time_percentile_n_plus_one;;24;20;20;18,900000000000002;18;0,9000000000000021
11032220001;10,400000000000002;11;full_horizon_lead_time_percentile_n_plus_one;;22;21;21;19,8;19;0,8000000000000007
11032221001;3,700000000000001;4;full_horizon_lead_time_percentile_n_plus_one;;3;10;10;9,9;9;0,9000000000000004
11032222002;2,0;2;full_horizon_lead_time_percentile_n_plus_one;;5;18;18;17,1;17;0,10000000000000142
11040001001;6,400000000000002;7;full_horizon_lead_time_percentile_n_plus_one;;11;21;21;19,8;19;0,8000000000000007
11040003001;4,0;4;full_horizon_lead_time_percentile_n_plus_one;;2;9;9;9,0;9;0,0
11040004001;6,0;6;full_horizon_lead_time_percentile_n_plus_one;;0;1;1;1,8;1;0,0
11040006001;21,200000000000003;22;full_horizon_lead_time_percentile_n_plus_one;;65;21;21;19,8;19;0,8000000000000007
11040007001;4,0;4;full_horizon_lead_time_percentile_n_plus_one;;1;1;1;1,8;1;0,0
11040008001;2,8000000000000007;3;full_horizon_lead_time_percentile_n_plus_one;;5;21;21;19,8;19;0,8000000000000007
11040009001;21,6;22;full_horizon_lead_time_percentile_n_plus_one;;73;21;21;19,8;19;0,8000000000000007
11040010001;18,8;19;full_horizon_lead_time_percentile_n_plus_one;;67;21;21;19,8;19;0,8000000000000007
11040011001;1,0;1;full_horizon_lead_time_percentile_n_plus_one;;2;2;2;2,7;2;0,0
11040018001;5,300000000000001;6;full_horizon_lead_time_percentile_n_plus_one;;4;16;16;15,3;15;0,3000000000000007
11040020001;2,0;2;full_horizon_lead_time_percentile_n_plus_one;;5;18;18;17,1;17;0,10000000000000142
11040023001;2,0;2;full_horizon_lead_time_percentile_n_plus_one;;2;8;8;8,1;8;0,0
11040025001;1,0;1;full_horizon_lead_time_percentile_n_plus_one;;1;1;1;1,8;1;0,0
11040026001;8,0;8;full_horizon_lead_time_percentile_n_plus_one;;14;19;19;18,0;18;0,0
11040027001;1,0;1;full_horizon_lead_time_percentile_n_plus_one;;2;3;3;3,6;3;0,0
11040029001;1,0;1;full_horizon_lead_time_percentile_n_plus_one;;1;1;1;1,8;1;0,0
11040029002;1,5;2;full_horizon_lead_time_percentile_n_plus_one;;2;14;14;13,5;13;0,5
11040030001;9,600000000000001;10;full_horizon_lead_time_percentile_n_plus_one;;19;21;21;19,8;19;0,8000000000000007
11040035001;24,700000000000006;25;full_horizon_lead_time_percentile_n_plus_one;;88;20;20;18,900000000000002;18;0,9000000000000021
11040039001;3,0;3;full_horizon_lead_time_percentile_n_plus_one;;20;19;19;18,0;18;0,0
11040040001;4,0;4;full_horizon_lead_time_percentile_n_plus_one;;12;17;17;16,2;16;0,1999999999999993
11040044001;4,500000000000005;5;full_horizon_lead_time_percentile_n_plus_one;;9;12;12;11,700000000000001;11;0,7000000000000011
11040046001;5,4;6;full_horizon_lead_time_percentile_n_plus_one;;15;15;15;14,4;14;0,40000000000000036
11040047001;4,100000000000001;5;full_horizon_lead_time_percentile_n_plus_one;;6;18;18;17,1;17;0,10000000000000142
11040057001;1,0;1;full_horizon_lead_time_percentile_n_plus_one;;1;9;9;9,0;9;0,0
11040060001;3,0;3;full_horizon_lead_time_percentile_n_plus_one;;1;7;7;7,2;7;0,0
11040062001;8,0;8;full_horizon_lead_time_percentile_n_plus_one;;3;5;5;5,4;5;0,0
11041002001;4,700000000000006;5;full_horizon_lead_time_percentile_n_plus_one;;9;20;20;18,900000000000002;18;0,9000000000000021
11041005001;1,1000000000000014;2;full_horizon_lead_time_percentile_n_plus_one;;4;18;18;17,1;17;0,10000000000000142
11041007001;2,0;2;full_horizon_lead_time_percentile_n_plus_one;;6;19;19;18,0;18;0,0
11041009001;3,0;3;full_horizon_lead_time_percentile_n_plus_one;;2;1;1;1,8;1;0,0
11041013001;2,0;2;full_horizon_lead_time_percentile_n_plus_one;;2;4;4;4,5;4;0,0
11041014001;4,800000000000001;5;full_horizon_lead_time_percentile_n_plus_one;;2;15;15;14,4;14;0,40000000000000036
11041017001;3,0;3;full_horizon_lead_time_percentile_n_plus_one;;13;19;19;18,0;18;0,0
11041019001;2,8000000000000007;3;full_horizon_lead_time_percentile_n_plus_one;;9;21;21;19,8;19;0,8000000000000007
11041024001;2,8000000000000007;3;full_horizon_lead_time_percentile_n_plus_one;;4;11;11;10,8;10;0,8000000000000007
11041027001;2,0;2;full_horizon_lead_time_percentile_n_plus_one;;16;20;20;18,900000000000002;18;0,9000000000000021
11041031001;3,0;3;full_horizon_lead_time_percentile_n_plus_one;;3;6;6;6,3;6;0,0
11041999004;1,0;1;full_horizon_lead_time_percentile_n_plus_one;;1;11;11;10,8;10;0,8000000000000007
11042001001;1,8000000000000007;2;full_horizon_lead_time_percentile_n_plus_one;;5;21;21;19,8;19;0,8000000000000007
11042002001;2,0;2;full_horizon_lead_time_percentile_n_plus_one;;5;14;14;13,5;13;0,5
11042005001;4,0;4;full_horizon_lead_time_percentile_n_plus_one;;12;19;19;18,0;18;0,0
11042006001;2,1999999999999993;3;full_horizon_lead_time_percentile_n_plus_one;;6;13;13;12,6;12;0,5999999999999996
11042007001;3,900000000000002;4;full_horizon_lead_time_percentile_n_plus_one;;6;20;20;18,900000000000002;18;0,9000000000000021
11042008001;6,0;6;full_horizon_lead_time_percentile_n_plus_one;;17;18;18;17,1;17;0,10000000000000142
11042009001;2,0;2;full_horizon_lead_time_percentile_n_plus_one;;8;19;19;18,0;18;0,0
11042010001;2,5;3;full_horizon_lead_time_percentile_n_plus_one;;3;14;14;13,5;13;0,5
11042011001;5,4;6;full_horizon_lead_time_percentile_n_plus_one;;15;15;15;14,4;14;0,40000000000000036
11042015001;2,200000000000003;3;full_horizon_lead_time_percentile_n_plus_one;;5;18;18;17,1;17;0,10000000000000142
11042017001;2,0;2;full_horizon_lead_time_percentile_n_plus_one;;9;14;14;13,5;13;0,5
11042020001;2,700000000000001;3;full_horizon_lead_time_percentile_n_plus_one;;6;12;12;11,700000000000001;11;0,7000000000000011
11042022001;1,0;1;full_horizon_lead_time_percentile_n_plus_one;;3;19;19;18,0;18;0,0
11042023001;2,8000000000000007;3;full_horizon_lead_time_percentile_n_plus_one;;9;21;21;19,8;19;0,8000000000000007
11042027001;2,6000000000000014;3;full_horizon_lead_time_percentile_n_plus_one;;3;11;11;10,8;10;0,8000000000000007
11042028001;1,0;1;full_horizon_lead_time_percentile_n_plus_one;;2;10;10;9,9;9;0,9000000000000004
11042030001;1,0;1;full_horizon_lead_time_percentile_n_plus_one;;1;1;1;1,8;1;0,0
11050002001;2,0;2;full_horizon_lead_time_percentile_n_plus_one;;7;21;21;19,8;19;0,8000000000000007
11050003001;2,0;2;full_horizon_lead_time_percentile_n_plus_one;;5;17;17;16,2;16;0,1999999999999993
11050004001;9,800000000000004;10;full_horizon_lead_time_percentile_n_plus_one;;68;20;20;18,900000000000002;18;0,9000000000000021
11050005001;5,700000000000006;6;full_horizon_lead_time_percentile_n_plus_one;;10;20;20;18,900000000000002;18;0,9000000000000021
11050006001;13,199999999999985;14;full_horizon_lead_time_percentile_n_plus_one;;1;17;17;16,2;16;0,1999999999999993
11050008001;0,9000000000000021;1;full_horizon_lead_time_percentile_n_plus_one;;1;20;20;18,900000000000002;18;0,9000000000000021
11050009001;1,0;1;full_horizon_lead_time_percentile_n_plus_one;;2;3;3;3,6;3;0,0
11050010001;1,8000000000000007;2;full_horizon_lead_time_percentile_n_plus_one;;4;15;15;14,4;14;0,40000000000000036
11050011001;12,0;12;full_horizon_lead_time_percentile_n_plus_one;;22;17;17;16,2;16;0,1999999999999993
11050017001;9,900000000000002;10;full_horizon_lead_time_percentile_n_plus_one;;55;20;20;18,900000000000002;18;0,9000000000000021
11050019002;4,0;4;full_horizon_lead_time_percentile_n_plus_one;;15;21;21;19,8;19;0,8000000000000007
11050020001;12,0;12;full_horizon_lead_time_percentile_n_plus_one;;46;21;21;19,8;19;0,8000000000000007
11050022001;2,8000000000000043;3;full_horizon_lead_time_percentile_n_plus_one;;7;20;20;18,900000000000002;18;0,9000000000000021
11050025001;13,8;14;full_horizon_lead_time_percentile_n_plus_one;;37;21;21;19,8;19;0,8000000000000007
11050029001;3,0;3;full_horizon_lead_time_percentile_n_plus_one;;18;21;21;19,8;19;0,8000000000000007
11050031001;4,100000000000001;5;full_horizon_lead_time_percentile_n_plus_one;;17;18;18;17,1;17;0,10000000000000142
11050032001;4,0;4;full_horizon_lead_time_percentile_n_plus_one;;10;19;19;18,0;18;0,0
11050033001;3,8000000000000007;4;full_horizon_lead_time_percentile_n_plus_one;;17;21;21;19,8;19;0,8000000000000007
11050035001;8,8;9;full_horizon_lead_time_percentile_n_plus_one;;73;21;21;19,8;19;0,8000000000000007
11050038001;3,3000000000000043;4;full_horizon_lead_time_percentile_n_plus_one;;17;18;18;17,1;17;0,10000000000000142
11050039001;4,0;4;full_horizon_lead_time_percentile_n_plus_one;;9;19;19;18,0;18;0,0
11050046001;4,0;4;full_horizon_lead_time_percentile_n_plus_one;;11;20;20;18,900000000000002;18;0,9000000000000021
11050047001;6,799999999999999;7;full_horizon_lead_time_percentile_n_plus_one;;11;13;13;12,6;12;0,5999999999999996
11050049001;1,1000000000000014;2;full_horizon_lead_time_percentile_n_plus_one;;5;18;18;17,1;17;0,10000000000000142
11050052001;2,0;2;full_horizon_lead_time_percentile_n_plus_one;;2;5;5;5,4;5;0,0
11050053001;2,0;2;full_horizon_lead_time_percentile_n_plus_one;;6;20;20;18,900000000000002;18;0,9000000000000021
11050055001;1,0;1;full_horizon_lead_time_percentile_n_plus_one;;0;1;1;1,8;1;0,0
11050059001;4,800000000000001;5;full_horizon_lead_time_percentile_n_plus_one;;12;21;21;19,8;19;0,8000000000000007
11050061001;1,0;1;full_horizon_lead_time_percentile_n_plus_one;;1;1;1;1,8;1;0,0
11050062001;3,0;3;full_horizon_lead_time_percentile_n_plus_one;;1;4;4;4,5;4;0,0
11050063001;1,0;1;full_horizon_lead_time_percentile_n_plus_one;;0;1;1;1,8;1;0,0
11050064001;3,0;3;full_horizon_lead_time_percentile_n_plus_one;;8;19;19;18,0;18;0,0
11050068001;2,0;2;full_horizon_lead_time_percentile_n_plus_one;;4;5;5;5,4;5;0,0
11050074001;2,0;2;full_horizon_lead_time_percentile_n_plus_one;;4;8;8;8,1;8;0,0
11050076001;4,800000000000001;5;full_horizon_lead_time_percentile_n_plus_one;;29;21;21;19,8;19;0,8000000000000007
11050077001;28,4;29;full_horizon_lead_time_percentile_n_plus_one;;55;13;13;12,6;12;0,5999999999999996
11050078001;2,0;2;full_horizon_lead_time_percentile_n_plus_one;;6;16;16;15,3;15;0,3000000000000007
11050087001;2,0;2;full_horizon_lead_time_percentile_n_plus_one;;7;21;21;19,8;19;0,8000000000000007
11050097001;1,0;1;full_horizon_lead_time_percentile_n_plus_one;;2;6;6;6,3;6;0,0
11050098001;11,300000000000015;12;full_horizon_lead_time_percentile_n_plus_one;;13;20;20;18,900000000000002;18;0,9000000000000021
11050101001;4,0;4;full_horizon_lead_time_percentile_n_plus_one;;8;17;17;16,2;16;0,1999999999999993
11050102001;2,0;2;full_horizon_lead_time_percentile_n_plus_one;;5;11;11;10,8;10;0,8000000000000007
11050103001;1,9000000000000021;2;full_horizon_lead_time_percentile_n_plus_one;;6;20;20;18,900000000000002;18;0,9000000000000021
11050104001;1,0;1;full_horizon_lead_time_percentile_n_plus_one;;1;1;1;1,8;1;0,0
11050111001;3,0;3;full_horizon_lead_time_percentile_n_plus_one;;1;1;1;1,8;1;0,0
11050123001;3,8000000000000007;4;full_horizon_lead_time_percentile_n_plus_one;;9;21;21;19,8;19;0,8000000000000007
11050129001;1,4000000000000004;2;full_horizon_lead_time_percentile_n_plus_one;;5;15;15;14,4;14;0,40000000000000036
11050129002;1,0;1;full_horizon_lead_time_percentile_n_plus_one;;3;9;9;9,0;9;0,0
11050131001;7,6;8;full_horizon_lead_time_percentile_n_plus_one;;12;13;13;12,6;12;0,5999999999999996
11050140002;1,0;1;full_horizon_lead_time_percentile_n_plus_one;;2;9;9;9,0;9;0,0
11051002001;14,400000000000002;15;full_horizon_lead_time_percentile_n_plus_one;;49;21;21;19,8;19;0,8000000000000007
11051003001;2,5999999999999996;3;full_horizon_lead_time_percentile_n_plus_one;;5;13;13;12,6;12;0,5999999999999996
11051004001;2,4000000000000004;3;full_horizon_lead_time_percentile_n_plus_one;;6;15;15;14,4;14;0,40000000000000036
11051006001;6,800000000000004;7;full_horizon_lead_time_percentile_n_plus_one;;40;20;20;18,900000000000002;18;0,9000000000000021
11051007001;4,400000000000002;5;full_horizon_lead_time_percentile_n_plus_one;;9;11;11;10,8;10;0,8000000000000007
11051009001;3,0;3;full_horizon_lead_time_percentile_n_plus_one;;6;19;19;18,0;18;0,0
11051012001;6,0;6;full_horizon_lead_time_percentile_n_plus_one;;0;2;2;2,7;2;0,0
11051013001;3,0;3;full_horizon_lead_time_percentile_n_plus_one;;28;21;21;19,8;19;0,8000000000000007
11051016001;2,0;2;full_horizon_lead_time_percentile_n_plus_one;;1;1;1;1,8;1;0,0
11051019001;4,799999999999994;5;full_horizon_lead_time_percentile_n_plus_one;;4;17;17;16,2;16;0,1999999999999993
11051032001;1,0;1;full_horizon_lead_time_percentile_n_plus_one;;2;4;4;4,5;4;0,0
11051037001;9,0;9;full_horizon_lead_time_percentile_n_plus_one;;2;8;8;8,1;8;0,0
11051039001;1,0;1;full_horizon_lead_time_percentile_n_plus_one;;2;3;3;3,6;3;0,0
11051044001;4,0;4;full_horizon_lead_time_percentile_n_plus_one;;16;14;14;13,5;13;0,5
11051056001;2,0;2;full_horizon_lead_time_percentile_n_plus_one;;2;1;1;1,8;1;0,0
11051999001;2,0;2;full_horizon_lead_time_percentile_n_plus_one;;0;1;1;1,8;1;0,0
11061005001;1,0;1;full_horizon_lead_time_percentile_n_plus_one;;2;10;10;9,9;9;0,9000000000000004
11061008001;1,8000000000000007;2;full_horizon_lead_time_percentile_n_plus_one;;4;11;11;10,8;10;0,8000000000000007
11061011001;2,0;2;full_horizon_lead_time_percentile_n_plus_one;;12;20;20;18,900000000000002;18;0,9000000000000021
11061015001;2,0;2;full_horizon_lead_time_percentile_n_plus_one;;3;3;3;3,6;3;0,0
11061016001;2,0;2;full_horizon_lead_time_percentile_n_plus_one;;3;7;7;7,2;7;0,0
11061023001;4,0;4;full_horizon_lead_time_percentile_n_plus_one;;18;20;20;18,900000000000002;18;0,9000000000000021
11061024001;2,0;2;full_horizon_lead_time_percentile_n_plus_one;;1;1;1;1,8;1;0,0
11061027001;1,0;1;full_horizon_lead_time_percentile_n_plus_one;;1;1;1;1,8;1;0,0
11061028001;1,9000000000000004;2;full_horizon_lead_time_percentile_n_plus_one;;4;10;10;9,9;9;0,9000000000000004
11061030001;2,9000000000000004;3;full_horizon_lead_time_percentile_n_plus_one;;4;10;10;9,9;9;0,9000000000000004
11061031001;1,0;1;full_horizon_lead_time_percentile_n_plus_one;;3;19;19;18,0;18;0,0
11061049001;5,100000000000003;6;full_horizon_lead_time_percentile_n_plus_one;;2;12;12;11,700000000000001;11;0,7000000000000011
11061050001;2,0;2;full_horizon_lead_time_percentile_n_plus_one;;1;1;1;1,8;1;0,0
11061051001;1,3000000000000007;2;full_horizon_lead_time_percentile_n_plus_one;;2;16;16;15,3;15;0,3000000000000007
11061052001;1,0;1;full_horizon_lead_time_percentile_n_plus_one;;3;11;11;10,8;10;0,8000000000000007
11061053001;6,9000000000000075;7;full_horizon_lead_time_percentile_n_plus_one;;7;12;12;11,700000000000001;11;0,7000000000000011
11061054001;2,0;2;full_horizon_lead_time_percentile_n_plus_one;;5;18;18;17,1;17;0,10000000000000142
11061055002;2,0;2;full_horizon_lead_time_percentile_n_plus_one;;1;4;4;4,5;4;0,0
11061070001;3,9999999999999964;4;full_horizon_lead_time_percentile_n_plus_one;;16;17;17;16,2;16;0,1999999999999993
11061071001;10,0;10;full_horizon_lead_time_percentile_n_plus_one;;71;21;21;19,8;19;0,8000000000000007
11062015001;6,0;6;full_horizon_lead_time_percentile_n_plus_one;;10;19;19;18,0;18;0,0
11062019001;2,0;2;full_horizon_lead_time_percentile_n_plus_one;;9;21;21;19,8;19;0,8000000000000007
11062023001;4,599999999999998;5;full_horizon_lead_time_percentile_n_plus_one;;9;17;17;16,2;16;0,1999999999999993
11062025001;5,199999999999999;6;full_horizon_lead_time_percentile_n_plus_one;;19;17;17;16,2;16;0,1999999999999993
11070001001;24,0;24;full_horizon_lead_time_percentile_n_plus_one;;43;21;21;19,8;19;0,8000000000000007
11070003001;6,0;6;full_horizon_lead_time_percentile_n_plus_one;;14;19;19;18,0;18;0,0
11070004001;26,40000000000001;27;full_horizon_lead_time_percentile_n_plus_one;;38;21;21;19,8;19;0,8000000000000007
11070006001;4,0;4;full_horizon_lead_time_percentile_n_plus_one;;1;1;1;1,8;1;0,0
11070007001;20,800000000000004;21;full_horizon_lead_time_percentile_n_plus_one;;28;20;20;18,900000000000002;18;0,9000000000000021
11070011001;6,0;6;full_horizon_lead_time_percentile_n_plus_one;;14;21;21;19,8;19;0,8000000000000007
11070013001;3,0;3;full_horizon_lead_time_percentile_n_plus_one;;2;4;4;4,5;4;0,0
11070014001;1,0;1;full_horizon_lead_time_percentile_n_plus_one;;9;20;20;18,900000000000002;18;0,9000000000000021
11070015001;2,0;2;full_horizon_lead_time_percentile_n_plus_one;;5;17;17;16,2;16;0,1999999999999993
11070016001;2,8000000000000007;3;full_horizon_lead_time_percentile_n_plus_one;;9;15;15;14,4;14;0,40000000000000036
11070018001;2,8000000000000043;3;full_horizon_lead_time_percentile_n_plus_one;;4;20;20;18,900000000000002;18;0,9000000000000021
11070027001;1,3000000000000043;2;full_horizon_lead_time_percentile_n_plus_one;;1;18;18;17,1;17;0,10000000000000142
11070029001;4,0;4;full_horizon_lead_time_percentile_n_plus_one;;15;21;21;19,8;19;0,8000000000000007
11070030001;1,1000000000000014;2;full_horizon_lead_time_percentile_n_plus_one;;2;18;18;17,1;17;0,10000000000000142
11070034001;1,0;1;full_horizon_lead_time_percentile_n_plus_one;;0;1;1;1,8;1;0,0
11070037001;2,0;2;full_horizon_lead_time_percentile_n_plus_one;;0;1;1;1,8;1;0,0
11070040001;6,0;6;full_horizon_lead_time_percentile_n_plus_one;;0;1;1;1,8;1;0,0
11070042001;6,0;6;full_horizon_lead_time_percentile_n_plus_one;;0;1;1;1,8;1;0,0
11070045001;3,8000000000000007;4;full_horizon_lead_time_percentile_n_plus_one;;19;21;21;19,8;19;0,8000000000000007
11070046001;6,0;6;full_horizon_lead_time_percentile_n_plus_one;;1;1;1;1,8;1;0,0
11070050001;9,300000000000015;10;full_horizon_lead_time_percentile_n_plus_one;;6;20;20;18,900000000000002;18;0,9000000000000021
11070051001;1,0;1;full_horizon_lead_time_percentile_n_plus_one;;1;1;1;1,8;1;0,0
11070054001;1,0;1;full_horizon_lead_time_percentile_n_plus_one;;1;1;1;1,8;1;0,0
11070062001;2,0;2;full_horizon_lead_time_percentile_n_plus_one;;1;1;1;1,8;1;0,0
11070063001;1,0;1;full_horizon_lead_time_percentile_n_plus_one;;0;1;1;1,8;1;0,0
11071001001;4,900000000000002;5;full_horizon_lead_time_percentile_n_plus_one;;19;20;20;18,900000000000002;18;0,9000000000000021
11071002001;1,0;1;full_horizon_lead_time_percentile_n_plus_one;;4;13;13;12,6;12;0,5999999999999996
11071004001;5,0;5;full_horizon_lead_time_percentile_n_plus_one;;10;19;19;18,0;18;0,0
11071005001;10,0;10;full_horizon_lead_time_percentile_n_plus_one;;3;16;16;15,3;15;0,3000000000000007
11071008001;11,70000000000001;12;full_horizon_lead_time_percentile_n_plus_one;;4;18;18;17,1;17;0,10000000000000142
11071009001;8,400000000000006;9;full_horizon_lead_time_percentile_n_plus_one;;8;18;18;17,1;17;0,10000000000000142
11071011001;1,0;1;full_horizon_lead_time_percentile_n_plus_one;;1;1;1;1,8;1;0,0
11071012001;1,0;1;full_horizon_lead_time_percentile_n_plus_one;;2;2;2;2,7;2;0,0
11071013001;1,8000000000000007;2;full_horizon_lead_time_percentile_n_plus_one;;2;11;11;10,8;10;0,8000000000000007
11071014001;1,9000000000000021;2;full_horizon_lead_time_percentile_n_plus_one;;4;20;20;18,900000000000002;18;0,9000000000000021
11071018001;2,0;2;full_horizon_lead_time_percentile_n_plus_one;;5;18;18;17,1;17;0,10000000000000142
11071032001;1,5999999999999996;2;full_horizon_lead_time_percentile_n_plus_one;;3;13;13;12,6;12;0,5999999999999996
11071033001;2,0;2;full_horizon_lead_time_percentile_n_plus_one;;13;20;20;18,900000000000002;18;0,9000000000000021
11071034001;2,0;2;full_horizon_lead_time_percentile_n_plus_one;;13;19;19;18,0;18;0,0
11071035001;1,0;1;full_horizon_lead_time_percentile_n_plus_one;;3;11;11;10,8;10;0,8000000000000007
11071898001;8,0;8;full_horizon_lead_time_percentile_n_plus_one;;27;19;19;18,0;18;0,0
11071902001;4,0;4;full_horizon_lead_time_percentile_n_plus_one;;11;20;20;18,900000000000002;18;0,9000000000000021
11071909001;1,0;1;full_horizon_lead_time_percentile_n_plus_one;;1;1;1;1,8;1;0,0
11071911001;1,0;1;full_horizon_lead_time_percentile_n_plus_one;;2;17;17;16,2;16;0,1999999999999993
11071916001;5,800000000000001;6;full_horizon_lead_time_percentile_n_plus_one;;18;21;21;19,8;19;0,8000000000000007
11072001001;12,400000000000006;13;full_horizon_lead_time_percentile_n_plus_one;;19;18;18;17,1;17;0,10000000000000142
11072005001;1,0;1;full_horizon_lead_time_percentile_n_plus_one;;2;16;16;15,3;15;0,3000000000000007
11072008001;2,0;2;full_horizon_lead_time_percentile_n_plus_one;;6;16;16;15,3;15;0,3000000000000007
11072011001;8,0;8;full_horizon_lead_time_percentile_n_plus_one;;0;1;1;1,8;1;0,0
11072012002;3,4000000000000004;4;full_horizon_lead_time_percentile_n_plus_one;;7;15;15;14,4;14;0,40000000000000036
11072013001;1,0;1;full_horizon_lead_time_percentile_n_plus_one;;1;1;1;1,8;1;0,0
11072017001;2,0;2;full_horizon_lead_time_percentile_n_plus_one;;2;4;4;4,5;4;0,0
11072036001;2,0;2;full_horizon_lead_time_percentile_n_plus_one;;3;7;7;7,2;7;0,0
11072897001;7,200000000000003;8;full_horizon_lead_time_percentile_n_plus_one;;5;11;11;10,8;10;0,8000000000000007
11072902001;8,0;8;full_horizon_lead_time_percentile_n_plus_one;;3;6;6;6,3;6;0,0
11072903001;2,0;2;full_horizon_lead_time_percentile_n_plus_one;;5;14;14;13,5;13;0,5
11072905001;1,0;1;full_horizon_lead_time_percentile_n_plus_one;;1;14;14;13,5;13;0,5
11072906001;1,0;1;full_horizon_lead_time_percentile_n_plus_one;;1;1;1;1,8;1;0,0
11073001001;1,0;1;full_horizon_lead_time_percentile_n_plus_one;;1;1;1;1,8;1;0,0
11073002001;4,0;4;full_horizon_lead_time_percentile_n_plus_one;;1;1;1;1,8;1;0,0
11073006001;5,0;5;full_horizon_lead_time_percentile_n_plus_one;;7;20;20;18,900000000000002;18;0,9000000000000021
11073012001;4,0;4;full_horizon_lead_time_percentile_n_plus_one;;3;2;2;2,7;2;0,0
11073025001;2,0;2;full_horizon_lead_time_percentile_n_plus_one;;9;17;17;16,2;16;0,1999999999999993
11073032001;2,0;2;full_horizon_lead_time_percentile_n_plus_one;;1;1;1;1,8;1;0,0
11073899001;2,0;2;full_horizon_lead_time_percentile_n_plus_one;;1;1;1;1,8;1;0,0
11073900001;1,0;1;full_horizon_lead_time_percentile_n_plus_one;;2;20;20;18,900000000000002;18;0,9000000000000021
11073901001;1,0;1;full_horizon_lead_time_percentile_n_plus_one;;1;14;14;13,5;13;0,5
11073902001;7,600000000000001;8;full_horizon_lead_time_percentile_n_plus_one;;22;21;21;19,8;19;0,8000000000000007
11073905001;1,0;1;full_horizon_lead_time_percentile_n_plus_one;;1;9;9;9,0;9;0,0
11073907001;4,0;4;full_horizon_lead_time_percentile_n_plus_one;;12;19;19;18,0;18;0,0
11074001001;1,0;1;full_horizon_lead_time_percentile_n_plus_one;;2;12;12;11,700000000000001;11;0,7000000000000011
11074003001;6,800000000000001;7;full_horizon_lead_time_percentile_n_plus_one;;21;21;21;19,8;19;0,8000000000000007
11074005001;5,800000000000004;6;full_horizon_lead_time_percentile_n_plus_one;;8;20;20;18,900000000000002;18;0,9000000000000021
11074007001;2,900000000000002;3;full_horizon_lead_time_percentile_n_plus_one;;6;20;20;18,900000000000002;18;0,9000000000000021
11074012001;1,0;1;full_horizon_lead_time_percentile_n_plus_one;;1;1;1;1,8;1;0,0
11074015002;13,000000000000004;14;full_horizon_lead_time_percentile_n_plus_one;;38;21;21;19,8;19;0,8000000000000007
11074018001;3,0;3;full_horizon_lead_time_percentile_n_plus_one;;4;19;19;18,0;18;0,0
11074019001;2,0;2;full_horizon_lead_time_percentile_n_plus_one;;1;17;17;16,2;16;0,1999999999999993
11074020001;4,0;4;full_horizon_lead_time_percentile_n_plus_one;;7;19;19;18,0;18;0,0
11074022001;1,9000000000000021;2;full_horizon_lead_time_percentile_n_plus_one;;1;20;20;18,900000000000002;18;0,9000000000000021
11074027001;1,0;1;full_horizon_lead_time_percentile_n_plus_one;;4;14;14;13,5;13;0,5
11074031001;2,0;2;full_horizon_lead_time_percentile_n_plus_one;;4;21;21;19,8;19;0,8000000000000007
11074045002;1,0;1;full_horizon_lead_time_percentile_n_plus_one;;1;1;1;1,8;1;0,0
11074046001;1,0;1;full_horizon_lead_time_percentile_n_plus_one;;5;12;12;11,700000000000001;11;0,7000000000000011
11074047001;2,0;2;full_horizon_lead_time_percentile_n_plus_one;;2;7;7;7,2;7;0,0
11074048001;6,799999999999997;7;full_horizon_lead_time_percentile_n_plus_one;;13;17;17;16,2;16;0,1999999999999993
11074059001;2,0;2;full_horizon_lead_time_percentile_n_plus_one;;5;19;19;18,0;18;0,0
11074060005;2,0;2;full_horizon_lead_time_percentile_n_plus_one;;2;2;2;2,7;2;0,0
11075001001;4,199999999999999;5;full_horizon_lead_time_percentile_n_plus_one;;4;17;17;16,2;16;0,1999999999999993
11075002001;4,0;4;full_horizon_lead_time_percentile_n_plus_one;;1;7;7;7,2;7;0,0
11075003001;6,0;6;full_horizon_lead_time_percentile_n_plus_one;;6;19;19;18,0;18;0,0
11075004001;5,9;6;full_horizon_lead_time_percentile_n_plus_one;;2;10;10;9,9;9;0,9000000000000004
11075006001;1,0;1;full_horizon_lead_time_percentile_n_plus_one;;0;1;1;1,8;1;0,0
11075013001;2,0;2;full_horizon_lead_time_percentile_n_plus_one;;7;19;19;18,0;18;0,0
11076883001;0,9000000000000021;1;full_horizon_lead_time_percentile_n_plus_one;;2;20;20;18,900000000000002;18;0,9000000000000021
11076886001;1,0;1;full_horizon_lead_time_percentile_n_plus_one;;2;8;8;8,1;8;0,0
11076890001;1,8000000000000007;2;full_horizon_lead_time_percentile_n_plus_one;;2;15;15;14,4;14;0,40000000000000036
11076896001;1,5999999999999996;2;full_horizon_lead_time_percentile_n_plus_one;;3;13;13;12,6;12;0,5999999999999996
11076928001;2,0;2;full_horizon_lead_time_percentile_n_plus_one;;3;15;15;14,4;14;0,40000000000000036
11100001001;40,60000000000001;41;full_horizon_lead_time_percentile_n_plus_one;;35;21;21;19,8;19;0,8000000000000007
11100003001;6,0;6;full_horizon_lead_time_percentile_n_plus_one;;7;17;17;16,2;16;0,1999999999999993
11100005001;3,900000000000002;4;full_horizon_lead_time_percentile_n_plus_one;;16;20;20;18,900000000000002;18;0,9000000000000021
11100007001;3,3000000000000327;4;full_horizon_lead_time_percentile_n_plus_one;;2;18;18;17,1;17;0,10000000000000142
11100008001;9,8;10;full_horizon_lead_time_percentile_n_plus_one;;41;21;21;19,8;19;0,8000000000000007
11100010001;3,900000000000002;4;full_horizon_lead_time_percentile_n_plus_one;;8;20;20;18,900000000000002;18;0,9000000000000021
11100011001;8,0;8;full_horizon_lead_time_percentile_n_plus_one;;19;14;14;13,5;13;0,5
11100015001;2,0;2;full_horizon_lead_time_percentile_n_plus_one;;11;19;19;18,0;18;0,0
11100017001;3,0;3;full_horizon_lead_time_percentile_n_plus_one;;13;19;19;18,0;18;0,0
11100018001;3,8000000000000007;4;full_horizon_lead_time_percentile_n_plus_one;;16;21;21;19,8;19;0,8000000000000007
11100019001;1,9000000000000021;2;full_horizon_lead_time_percentile_n_plus_one;;5;20;20;18,900000000000002;18;0,9000000000000021
11100021001;1,0;1;full_horizon_lead_time_percentile_n_plus_one;;4;18;18;17,1;17;0,10000000000000142
11100107001;2,1999999999999957;3;full_horizon_lead_time_percentile_n_plus_one;;3;17;17;16,2;16;0,1999999999999993
11100108001;2,0;2;full_horizon_lead_time_percentile_n_plus_one;;5;19;19;18,0;18;0,0
11100112001;4,0;4;full_horizon_lead_time_percentile_n_plus_one;;12;19;19;18,0;18;0,0
11101013001;1,0;1;full_horizon_lead_time_percentile_n_plus_one;;0;1;1;1,8;1;0,0
11101014001;21,200000000000003;22;full_horizon_lead_time_percentile_n_plus_one;;43;21;21;19,8;19;0,8000000000000007
11101021001;6,0;6;full_horizon_lead_time_percentile_n_plus_one;;3;9;9;9,0;9;0,0
11101023001;6,0;6;full_horizon_lead_time_percentile_n_plus_one;;4;8;8;8,1;8;0,0
11101028001;15,8;16;full_horizon_lead_time_percentile_n_plus_one;;39;21;21;19,8;19;0,8000000000000007
11101029001;11,200000000000003;12;full_horizon_lead_time_percentile_n_plus_one;;21;21;21;19,8;19;0,8000000000000007
11101034001;1,0;1;full_horizon_lead_time_percentile_n_plus_one;;1;1;1;1,8;1;0,0
11101036001;8,0;8;full_horizon_lead_time_percentile_n_plus_one;;20;19;19;18,0;18;0,0
11101038001;12,0;12;full_horizon_lead_time_percentile_n_plus_one;;6;19;19;18,0;18;0,0
11101039001;2,900000000000002;3;full_horizon_lead_time_percentile_n_plus_one;;9;20;20;18,900000000000002;18;0,9000000000000021
11101055001;11,800000000000004;12;full_horizon_lead_time_percentile_n_plus_one;;19;20;20;18,900000000000002;18;0,9000000000000021
11102002001;10,8;11;full_horizon_lead_time_percentile_n_plus_one;;66;21;21;19,8;19;0,8000000000000007
11102003001;6,700000000000001;7;full_horizon_lead_time_percentile_n_plus_one;;9;12;12;11,700000000000001;11;0,7000000000000011
11102004001;2,0;2;full_horizon_lead_time_percentile_n_plus_one;;5;17;17;16,2;16;0,1999999999999993
11102007001;1,9000000000000021;2;full_horizon_lead_time_percentile_n_plus_one;;9;20;20;18,900000000000002;18;0,9000000000000021
11102012001;1,8000000000000007;2;full_horizon_lead_time_percentile_n_plus_one;;4;15;15;14,4;14;0,40000000000000036
11102013001;2,0;2;full_horizon_lead_time_percentile_n_plus_one;;3;7;7;7,2;7;0,0
11102017001;2,0;2;full_horizon_lead_time_percentile_n_plus_one;;5;14;14;13,5;13;0,5
11102043001;1,0;1;full_horizon_lead_time_percentile_n_plus_one;;3;14;14;13,5;13;0,5
11103001001;4,199999999999992;5;full_horizon_lead_time_percentile_n_plus_one;;5;17;17;16,2;16;0,1999999999999993
11103002001;1,0;1;full_horizon_lead_time_percentile_n_plus_one;;1;11;11;10,8;10;0,8000000000000007
11103005001;7,800000000000004;8;full_horizon_lead_time_percentile_n_plus_one;;9;12;12;11,700000000000001;11;0,7000000000000011
11103007001;7,800000000000001;8;full_horizon_lead_time_percentile_n_plus_one;;34;21;21;19,8;19;0,8000000000000007
11103008001;4,0;4;full_horizon_lead_time_percentile_n_plus_one;;3;2;2;2,7;2;0,0
11103011003;1,0;1;full_horizon_lead_time_percentile_n_plus_one;;1;1;1;1,8;1;0,0
11103011004;1,0;1;full_horizon_lead_time_percentile_n_plus_one;;1;1;1;1,8;1;0,0
11103015001;17,6;18;full_horizon_lead_time_percentile_n_plus_one;;55;21;21;19,8;19;0,8000000000000007
11103018001;3,900000000000002;4;full_horizon_lead_time_percentile_n_plus_one;;12;20;20;18,900000000000002;18;0,9000000000000021
11103019001;45,00000000000001;46;full_horizon_lead_time_percentile_n_plus_one;;68;16;16;15,3;15;0,3000000000000007
11103021001;54,2;55;full_horizon_lead_time_percentile_n_plus_one;;148;21;21;19,8;19;0,8000000000000007
11103022001;40,00000000000001;41;full_horizon_lead_time_percentile_n_plus_one;;109;21;21;19,8;19;0,8000000000000007
11103023001;4,100000000000001;5;full_horizon_lead_time_percentile_n_plus_one;;10;18;18;17,1;17;0,10000000000000142
11103027001;3,4000000000000004;4;full_horizon_lead_time_percentile_n_plus_one;;8;15;15;14,4;14;0,40000000000000036
11103035001;5,0;5;full_horizon_lead_time_percentile_n_plus_one;;24;20;20;18,900000000000002;18;0,9000000000000021
11103039001;1,0;1;full_horizon_lead_time_percentile_n_plus_one;;2;4;4;4,5;4;0,0
11103040001;1,0;1;full_horizon_lead_time_percentile_n_plus_one;;1;9;9;9,0;9;0,0
11103046001;8,0;8;full_horizon_lead_time_percentile_n_plus_one;;11;16;16;15,3;15;0,3000000000000007
11103047001;4,800000000000004;5;full_horizon_lead_time_percentile_n_plus_one;;5;20;20;18,900000000000002;18;0,9000000000000021
11103051001;17,200000000000003;18;full_horizon_lead_time_percentile_n_plus_one;;28;21;21;19,8;19;0,8000000000000007
11103052001;3,6000000000000014;4;full_horizon_lead_time_percentile_n_plus_one;;5;11;11;10,8;10;0,8000000000000007
11103054001;8,200000000000003;9;full_horizon_lead_time_percentile_n_plus_one;;13;18;18;17,1;17;0,10000000000000142
11103058001;9,800000000000004;10;full_horizon_lead_time_percentile_n_plus_one;;14;20;20;18,900000000000002;18;0,9000000000000021
11103062001;2,900000000000002;3;full_horizon_lead_time_percentile_n_plus_one;;7;20;20;18,900000000000002;18;0,9000000000000021
11103065001;1,0;1;full_horizon_lead_time_percentile_n_plus_one;;0;1;1;1,8;1;0,0
11103067001;3,0;3;full_horizon_lead_time_percentile_n_plus_one;;5;21;21;19,8;19;0,8000000000000007
11103068001;4,0;4;full_horizon_lead_time_percentile_n_plus_one;;5;12;12;11,700000000000001;11;0,7000000000000011
11103069001;5,0;5;full_horizon_lead_time_percentile_n_plus_one;;11;20;20;18,900000000000002;18;0,9000000000000021
11103070001;32,2;33;full_horizon_lead_time_percentile_n_plus_one;;81;21;21;19,8;19;0,8000000000000007
11103074001;6,0;6;full_horizon_lead_time_percentile_n_plus_one;;5;12;12;11,700000000000001;11;0,7000000000000011
11103076001;6,0;6;full_horizon_lead_time_percentile_n_plus_one;;14;20;20;18,900000000000002;18;0,9000000000000021
11103078001;2,0;2;full_horizon_lead_time_percentile_n_plus_one;;4;14;14;13,5;13;0,5
11103084001;5,6000000000000085;6;full_horizon_lead_time_percentile_n_plus_one;;7;20;20;18,900000000000002;18;0,9000000000000021
11103085001;3,0;3;full_horizon_lead_time_percentile_n_plus_one;;2;4;4;4,5;4;0,0
11103086002;5,500000000000002;6;full_horizon_lead_time_percentile_n_plus_one;;1;10;10;9,9;9;0,9000000000000004
11103088001;6,600000000000001;7;full_horizon_lead_time_percentile_n_plus_one;;8;11;11;10,8;10;0,8000000000000007
11103090001;38,8;39;full_horizon_lead_time_percentile_n_plus_one;;120;21;21;19,8;19;0,8000000000000007
11103092001;6,0;6;full_horizon_lead_time_percentile_n_plus_one;;2;4;4;4,5;4;0,0
11103094001;33,40000000000002;34;full_horizon_lead_time_percentile_n_plus_one;;36;18;18;17,1;17;0,10000000000000142
11103096001;17,600000000000005;18;full_horizon_lead_time_percentile_n_plus_one;;28;21;21;19,8;19;0,8000000000000007
11103098001;12,900000000000002;13;full_horizon_lead_time_percentile_n_plus_one;;27;20;20;18,900000000000002;18;0,9000000000000021
11103099001;1,0;1;full_horizon_lead_time_percentile_n_plus_one;;1;19;19;18,0;18;0,0
11103100001;8,0;8;full_horizon_lead_time_percentile_n_plus_one;;5;5;5;5,4;5;0,0
11103102002;1,8000000000000007;2;full_horizon_lead_time_percentile_n_plus_one;;4;21;21;19,8;19;0,8000000000000007
11103106001;6,0;6;full_horizon_lead_time_percentile_n_plus_one;;10;21;21;19,8;19;0,8000000000000007
11103108001;4,0;4;full_horizon_lead_time_percentile_n_plus_one;;2;6;6;6,3;6;0,0
11103110001;1,0;1;full_horizon_lead_time_percentile_n_plus_one;;1;1;1;1,8;1;0,0
11103111001;3,0;3;full_horizon_lead_time_percentile_n_plus_one;;10;16;16;15,3;15;0,3000000000000007
11103112001;2,0;2;full_horizon_lead_time_percentile_n_plus_one;;5;14;14;13,5;13;0,5
11103113001;1,700000000000001;2;full_horizon_lead_time_percentile_n_plus_one;;3;12;12;11,700000000000001;11;0,7000000000000011
11103114001;9,0;9;full_horizon_lead_time_percentile_n_plus_one;;22;21;21;19,8;19;0,8000000000000007
11103115001;2,200000000000003;3;full_horizon_lead_time_percentile_n_plus_one;;4;18;18;17,1;17;0,10000000000000142
11103118001;1,8000000000000007;2;full_horizon_lead_time_percentile_n_plus_one;;3;21;21;19,8;19;0,8000000000000007
11103123001;1,0;1;full_horizon_lead_time_percentile_n_plus_one;;1;1;1;1,8;1;0,0
11103128001;6,0;6;full_horizon_lead_time_percentile_n_plus_one;;0;2;2;2,7;2;0,0
11103132001;6,0;6;full_horizon_lead_time_percentile_n_plus_one;;6;8;8;8,1;8;0,0
11103134001;12,600000000000001;13;full_horizon_lead_time_percentile_n_plus_one;;42;21;21;19,8;19;0,8000000000000007
11103135001;6,0;6;full_horizon_lead_time_percentile_n_plus_one;;12;19;19;18,0;18;0,0
11103136001;77,60000000000001;78;full_horizon_lead_time_percentile_n_plus_one;;184;21;21;19,8;19;0,8000000000000007
11103137001;44,0;44;full_horizon_lead_time_percentile_n_plus_one;;50;21;21;19,8;19;0,8000000000000007
11103156001;5,400000000000002;6;full_horizon_lead_time_percentile_n_plus_one;;10;21;21;19,8;19;0,8000000000000007
11103157001;1,0;1;full_horizon_lead_time_percentile_n_plus_one;;3;20;20;18,900000000000002;18;0,9000000000000021
11103176001;9,0;9;full_horizon_lead_time_percentile_n_plus_one;;30;21;21;19,8;19;0,8000000000000007
11103187001;6,0;6;full_horizon_lead_time_percentile_n_plus_one;;0;1;1;1,8;1;0,0
11103188001;1,0;1;full_horizon_lead_time_percentile_n_plus_one;;1;1;1;1,8;1;0,0
11103188002;1,0;1;full_horizon_lead_time_percentile_n_plus_one;;3;5;5;5,4;5;0,0
11103191001;1,0;1;full_horizon_lead_time_percentile_n_plus_one;;3;5;5;5,4;5;0,0
11103196001;5,000000000000002;6;full_horizon_lead_time_percentile_n_plus_one;;5;15;15;14,4;14;0,40000000000000036
11103206001;1,0;1;full_horizon_lead_time_percentile_n_plus_one;;1;16;16;15,3;15;0,3000000000000007
11103211001;1,5999999999999996;2;full_horizon_lead_time_percentile_n_plus_one;;2;13;13;12,6;12;0,5999999999999996
11103224001;1,8000000000000007;2;full_horizon_lead_time_percentile_n_plus_one;;5;21;21;19,8;19;0,8000000000000007
11103233001;1,0;1;full_horizon_lead_time_percentile_n_plus_one;;3;19;19;18,0;18;0,0
11103244002;2,0;2;full_horizon_lead_time_percentile_n_plus_one;;6;9;9;9,0;9;0,0
11103256001;2,0;2;full_horizon_lead_time_percentile_n_plus_one;;0;1;1;1,8;1;0,0
11103262001;2,200000000000003;3;full_horizon_lead_time_percentile_n_plus_one;;8;18;18;17,1;17;0,10000000000000142
11103270002;4,6000000000000085;5;full_horizon_lead_time_percentile_n_plus_one;;9;18;18;17,1;17;0,10000000000000142
11103280001;2,8000000000000007;3;full_horizon_lead_time_percentile_n_plus_one;;9;21;21;19,8;19;0,8000000000000007
11103283001;2,0;2;full_horizon_lead_time_percentile_n_plus_one;;3;17;17;16,2;16;0,1999999999999993
11103289001;4,600000000000001;5;full_horizon_lead_time_percentile_n_plus_one;;12;21;21;19,8;19;0,8000000000000007
11103296001;1,0;1;full_horizon_lead_time_percentile_n_plus_one;;1;1;1;1,8;1;0,0
11103313001;2,799999999999999;3;full_horizon_lead_time_percentile_n_plus_one;;1;13;13;12,6;12;0,5999999999999996
11103314001;4,799999999999997;5;full_horizon_lead_time_percentile_n_plus_one;;5;17;17;16,2;16;0,1999999999999993
11103321001;1,0;1;full_horizon_lead_time_percentile_n_plus_one;;1;1;1;1,8;1;0,0
11103321002;3,0;3;full_horizon_lead_time_percentile_n_plus_one;;2;6;6;6,3;6;0,0
11103322001;7,0;7;full_horizon_lead_time_percentile_n_plus_one;;5;8;8;8,1;8;0,0
11103323001;1,0;1;full_horizon_lead_time_percentile_n_plus_one;;1;18;18;17,1;17;0,10000000000000142
11103346001;3,900000000000002;4;full_horizon_lead_time_percentile_n_plus_one;;17;20;20;18,900000000000002;18;0,9000000000000021
11103350001;1,0;1;full_horizon_lead_time_percentile_n_plus_one;;2;3;3;3,6;3;0,0
11103354001;2,0;2;full_horizon_lead_time_percentile_n_plus_one;;2;2;2;2,7;2;0,0
11103361001;5,0;5;full_horizon_lead_time_percentile_n_plus_one;;1;1;1;1,8;1;0,0
11103365001;2,0;2;full_horizon_lead_time_percentile_n_plus_one;;3;15;15;14,4;14;0,40000000000000036
11103370001;2,4000000000000004;3;full_horizon_lead_time_percentile_n_plus_one;;5;15;15;14,4;14;0,40000000000000036
11103375001;10,0;10;full_horizon_lead_time_percentile_n_plus_one;;40;21;21;19,8;19;0,8000000000000007
11103377001;1,0;1;full_horizon_lead_time_percentile_n_plus_one;;3;7;7;7,2;7;0,0
11103380001;1,0;1;full_horizon_lead_time_percentile_n_plus_one;;1;1;1;1,8;1;0,0
11103884002;1,0;1;full_horizon_lead_time_percentile_n_plus_one;;3;9;9;9,0;9;0,0
11103884003;1,0;1;full_horizon_lead_time_percentile_n_plus_one;;3;18;18;17,1;17;0,10000000000000142
11104001001;1,6000000000000014;2;full_horizon_lead_time_percentile_n_plus_one;;5;16;16;15,3;15;0,3000000000000007
11104005001;3,0;3;full_horizon_lead_time_percentile_n_plus_one;;10;19;19;18,0;18;0,0
11104006001;2,8000000000000007;3;full_horizon_lead_time_percentile_n_plus_one;;12;21;21;19,8;19;0,8000000000000007
11110006001;13,600000000000001;14;full_horizon_lead_time_percentile_n_plus_one;;23;21;21;19,8;19;0,8000000000000007
11110007001;15,200000000000003;16;full_horizon_lead_time_percentile_n_plus_one;;36;21;21;19,8;19;0,8000000000000007
11110013001;5,0;5;full_horizon_lead_time_percentile_n_plus_one;;8;21;21;19,8;19;0,8000000000000007
11110014001;1,0;1;full_horizon_lead_time_percentile_n_plus_one;;3;14;14;13,5;13;0,5
11110016001;2,8000000000000007;3;full_horizon_lead_time_percentile_n_plus_one;;3;10;10;9,9;9;0,9000000000000004
11110018001;2,200000000000003;3;full_horizon_lead_time_percentile_n_plus_one;;6;18;18;17,1;17;0,10000000000000142
11110026001;4,0;4;full_horizon_lead_time_percentile_n_plus_one;;2;1;1;1,8;1;0,0
11110028001;2,0;2;full_horizon_lead_time_percentile_n_plus_one;;3;15;15;14,4;14;0,40000000000000036
11110029001;3,0;3;full_horizon_lead_time_percentile_n_plus_one;;6;18;18;17,1;17;0,10000000000000142
11110032001;4,0;4;full_horizon_lead_time_percentile_n_plus_one;;0;1;1;1,8;1;0,0
11110065001;5,4;6;full_horizon_lead_time_percentile_n_plus_one;;1;15;15;14,4;14;0,40000000000000036
11110066001;5,0;5;full_horizon_lead_time_percentile_n_plus_one;;7;21;21;19,8;19;0,8000000000000007
11110077003;7,199999999999996;8;full_horizon_lead_time_percentile_n_plus_one;;8;17;17;16,2;16;0,1999999999999993
11110078003;3,6000000000000014;4;full_horizon_lead_time_percentile_n_plus_one;;7;16;16;15,3;15;0,3000000000000007
11110082001;7,0;7;full_horizon_lead_time_percentile_n_plus_one;;7;19;19;18,0;18;0,0
11110083001;2,0;2;full_horizon_lead_time_percentile_n_plus_one;;8;19;19;18,0;18;0,0
11110085001;9,400000000000002;10;full_horizon_lead_time_percentile_n_plus_one;;23;21;21;19,8;19;0,8000000000000007
11110086001;2,0;2;full_horizon_lead_time_percentile_n_plus_one;;7;17;17;16,2;16;0,1999999999999993
11110088002;1,1000000000000014;2;full_horizon_lead_time_percentile_n_plus_one;;7;18;18;17,1;17;0,10000000000000142
11110089001;4,800000000000001;5;full_horizon_lead_time_percentile_n_plus_one;;19;21;21;19,8;19;0,8000000000000007
11110090001;2,8000000000000007;3;full_horizon_lead_time_percentile_n_plus_one;;8;21;21;19,8;19;0,8000000000000007
11110091001;3,0;3;full_horizon_lead_time_percentile_n_plus_one;;6;19;19;18,0;18;0,0
11110093001;3,8000000000000007;4;full_horizon_lead_time_percentile_n_plus_one;;13;21;21;19,8;19;0,8000000000000007
11110094001;2,0;2;full_horizon_lead_time_percentile_n_plus_one;;10;19;19;18,0;18;0,0
11110095001;2,1000000000000014;3;full_horizon_lead_time_percentile_n_plus_one;;8;18;18;17,1;17;0,10000000000000142
11111004001;6,800000000000001;7;full_horizon_lead_time_percentile_n_plus_one;;14;21;21;19,8;19;0,8000000000000007
11111007001;4,100000000000001;5;full_horizon_lead_time_percentile_n_plus_one;;13;18;18;17,1;17;0,10000000000000142
11111008001;5,0;5;full_horizon_lead_time_percentile_n_plus_one;;2;7;7;7,2;7;0,0
11111011001;14,0;14;full_horizon_lead_time_percentile_n_plus_one;;58;21;21;19,8;19;0,8000000000000007
11111012001;3,9000000000000004;4;full_horizon_lead_time_percentile_n_plus_one;;2;10;10;9,9;9;0,9000000000000004
11111013001;5,0;5;full_horizon_lead_time_percentile_n_plus_one;;24;21;21;19,8;19;0,8000000000000007
11111015001;4,600000000000001;5;full_horizon_lead_time_percentile_n_plus_one;;12;21;21;19,8;19;0,8000000000000007
11111017001;25,200000000000003;26;full_horizon_lead_time_percentile_n_plus_one;;108;21;21;19,8;19;0,8000000000000007
11111019001;8,0;8;full_horizon_lead_time_percentile_n_plus_one;;28;21;21;19,8;19;0,8000000000000007
11111021001;10,600000000000001;11;full_horizon_lead_time_percentile_n_plus_one;;40;21;21;19,8;19;0,8000000000000007
11111022001;3,8000000000000007;4;full_horizon_lead_time_percentile_n_plus_one;;16;21;21;19,8;19;0,8000000000000007
11111023001;3,0;3;full_horizon_lead_time_percentile_n_plus_one;;0;1;1;1,8;1;0,0
11111025001;6,100000000000001;7;full_horizon_lead_time_percentile_n_plus_one;;25;18;18;17,1;17;0,10000000000000142
11111030001;3,700000000000001;4;full_horizon_lead_time_percentile_n_plus_one;;5;12;12;11,700000000000001;11;0,7000000000000011
11111033001;25,0;25;full_horizon_lead_time_percentile_n_plus_one;;48;13;13;12,6;12;0,5999999999999996
11111037001;3,0;3;full_horizon_lead_time_percentile_n_plus_one;;5;7;7;7,2;7;0,0
11111050001;7,0;7;full_horizon_lead_time_percentile_n_plus_one;;23;21;21;19,8;19;0,8000000000000007
11112001001;1,0;1;full_horizon_lead_time_percentile_n_plus_one;;1;8;8;8,1;8;0,0
11112004001;1,0;1;full_horizon_lead_time_percentile_n_plus_one;;6;19;19;18,0;18;0,0
11112005001;1,0;1;full_horizon_lead_time_percentile_n_plus_one;;1;1;1;1,8;1;0,0
11112007001;5,100000000000005;6;full_horizon_lead_time_percentile_n_plus_one;;5;16;16;15,3;15;0,3000000000000007
11112008001;1,0;1;full_horizon_lead_time_percentile_n_plus_one;;1;1;1;1,8;1;0,0
11112017001;1,0;1;full_horizon_lead_time_percentile_n_plus_one;;1;1;1;1,8;1;0,0
12000011001;2,900000000000002;3;full_horizon_lead_time_percentile_n_plus_one;;18;20;20;18,900000000000002;18;0,9000000000000021
12000016001;3,0;3;full_horizon_lead_time_percentile_n_plus_one;;12;21;21;19,8;19;0,8000000000000007
12000020001;1,0;1;full_horizon_lead_time_percentile_n_plus_one;;1;1;1;1,8;1;0,0
12000042001;1,0;1;full_horizon_lead_time_percentile_n_plus_one;;2;6;6;6,3;6;0,0
12000044001;1,0;1;full_horizon_lead_time_percentile_n_plus_one;;0;1;1;1,8;1;0,0
12000045001;3,0;3;full_horizon_lead_time_percentile_n_plus_one;;14;19;19;18,0;18;0,0
12000057001;3,0;3;full_horizon_lead_time_percentile_n_plus_one;;3;7;7;7,2;7;0,0
12000059001;13,900000000000002;14;full_horizon_lead_time_percentile_n_plus_one;;19;20;20;18,900000000000002;18;0,9000000000000021
12000067001;4,200000000000001;5;full_horizon_lead_time_percentile_n_plus_one;;8;15;15;14,4;14;0,40000000000000036
12000075001;1,0;1;full_horizon_lead_time_percentile_n_plus_one;;1;1;1;1,8;1;0,0
12000076001;2,6000000000000014;3;full_horizon_lead_time_percentile_n_plus_one;;3;11;11;10,8;10;0,8000000000000007
12000080001;1,0;1;full_horizon_lead_time_percentile_n_plus_one;;1;1;1;1,8;1;0,0
12000081001;5,100000000000003;6;full_horizon_lead_time_percentile_n_plus_one;;12;12;12;11,700000000000001;11;0,7000000000000011
12000089001;2,0;2;full_horizon_lead_time_percentile_n_plus_one;;8;21;21;19,8;19;0,8000000000000007
12000097001;2,8000000000000043;3;full_horizon_lead_time_percentile_n_plus_one;;5;20;20;18,900000000000002;18;0,9000000000000021
12000101001;2,8000000000000007;3;full_horizon_lead_time_percentile_n_plus_one;;4;21;21;19,8;19;0,8000000000000007
12000108001;2,0;2;full_horizon_lead_time_percentile_n_plus_one;;8;20;20;18,900000000000002;18;0,9000000000000021
12000126001;1,0;1;full_horizon_lead_time_percentile_n_plus_one;;2;10;10;9,9;9;0,9000000000000004
12000128001;1,0;1;full_horizon_lead_time_percentile_n_plus_one;;2;15;15;14,4;14;0,40000000000000036
12000129001;1,8000000000000007;2;full_horizon_lead_time_percentile_n_plus_one;;9;21;21;19,8;19;0,8000000000000007
12000135001;2,0;2;full_horizon_lead_time_percentile_n_plus_one;;3;4;4;4,5;4;0,0
12000149001;2,0;2;full_horizon_lead_time_percentile_n_plus_one;;1;1;1;1,8;1;0,0
12000150001;4,0;4;full_horizon_lead_time_percentile_n_plus_one;;2;3;3;3,6;3;0,0
12000152001;3,6000000000000014;4;full_horizon_lead_time_percentile_n_plus_one;;14;21;21;19,8;19;0,8000000000000007
12000163001;2,0;2;full_horizon_lead_time_percentile_n_plus_one;;3;3;3;3,6;3;0,0
12000165001;1,0;1;full_horizon_lead_time_percentile_n_plus_one;;3;20;20;18,900000000000002;18;0,9000000000000021
12000169001;1,0;1;full_horizon_lead_time_percentile_n_plus_one;;6;15;15;14,4;14;0,40000000000000036
12000170001;3,0;3;full_horizon_lead_time_percentile_n_plus_one;;8;21;21;19,8;19;0,8000000000000007
12000178001;12,0;12;full_horizon_lead_time_percentile_n_plus_one;;62;21;21;19,8;19;0,8000000000000007
12000179001;30,00000000000002;31;full_horizon_lead_time_percentile_n_plus_one;;37;20;20;18,900000000000002;18;0,9000000000000021
12000182001;2,0;2;full_horizon_lead_time_percentile_n_plus_one;;8;19;19;18,0;18;0,0
12000193001;1,0;1;full_horizon_lead_time_percentile_n_plus_one;;1;1;1;1,8;1;0,0
12000205001;1,0;1;full_horizon_lead_time_percentile_n_plus_one;;2;8;8;8,1;8;0,0
12000206001;2,0;2;full_horizon_lead_time_percentile_n_plus_one;;1;8;8;8,1;8;0,0
12000207001;2,0;2;full_horizon_lead_time_percentile_n_plus_one;;3;6;6;6,3;6;0,0
12000208001;2,0;2;full_horizon_lead_time_percentile_n_plus_one;;4;14;14;13,5;13;0,5
12000214001;1,4000000000000004;2;full_horizon_lead_time_percentile_n_plus_one;;8;15;15;14,4;14;0,40000000000000036
12000217001;1,0;1;full_horizon_lead_time_percentile_n_plus_one;;3;17;17;16,2;16;0,1999999999999993
12000220001;2,5999999999999996;3;full_horizon_lead_time_percentile_n_plus_one;;7;13;13;12,6;12;0,5999999999999996
12000221001;2,0;2;full_horizon_lead_time_percentile_n_plus_one;;4;7;7;7,2;7;0,0
12000223001;2,900000000000002;3;full_horizon_lead_time_percentile_n_plus_one;;13;20;20;18,900000000000002;18;0,9000000000000021
12000224001;1,0;1;full_horizon_lead_time_percentile_n_plus_one;;0;1;1;1,8;1;0,0
12000225001;1,0;1;full_horizon_lead_time_percentile_n_plus_one;;1;21;21;19,8;19;0,8000000000000007
12000226001;2,0;2;full_horizon_lead_time_percentile_n_plus_one;;4;4;4;4,5;4;0,0
12000232001;1,0;1;full_horizon_lead_time_percentile_n_plus_one;;3;13;13;12,6;12;0,5999999999999996
12000241001;5,199999999999999;6;full_horizon_lead_time_percentile_n_plus_one;;4;13;13;12,6;12;0,5999999999999996
12000246001;3,0;3;full_horizon_lead_time_percentile_n_plus_one;;8;19;19;18,0;18;0,0
12000261001;2,0;2;full_horizon_lead_time_percentile_n_plus_one;;3;15;15;14,4;14;0,40000000000000036
12000270001;1,0;1;full_horizon_lead_time_percentile_n_plus_one;;1;1;1;1,8;1;0,0
12000276001;1,0;1;full_horizon_lead_time_percentile_n_plus_one;;1;1;1;1,8;1;0,0
12000288001;1,0;1;full_horizon_lead_time_percentile_n_plus_one;;2;21;21;19,8;19;0,8000000000000007
12000309001;1,0;1;full_horizon_lead_time_percentile_n_plus_one;;1;1;1;1,8;1;0,0
12000314001;1,1999999999999993;2;full_horizon_lead_time_percentile_n_plus_one;;2;17;17;16,2;16;0,1999999999999993
12000317001;3,8000000000000007;4;full_horizon_lead_time_percentile_n_plus_one;;20;21;21;19,8;19;0,8000000000000007
12000319001;2,0;2;full_horizon_lead_time_percentile_n_plus_one;;3;8;8;8,1;8;0,0
12000320001;1,0;1;full_horizon_lead_time_percentile_n_plus_one;;5;20;20;18,900000000000002;18;0,9000000000000021
12000350001;7,399999999999997;8;full_horizon_lead_time_percentile_n_plus_one;;7;13;13;12,6;12;0,5999999999999996
12000359001;8,799999999999997;9;full_horizon_lead_time_percentile_n_plus_one;;8;13;13;12,6;12;0,5999999999999996
12000366001;2,0;2;full_horizon_lead_time_percentile_n_plus_one;;4;9;9;9,0;9;0,0
12000372001;1,700000000000001;2;full_horizon_lead_time_percentile_n_plus_one;;3;12;12;11,700000000000001;11;0,7000000000000011
12000374001;2,0;2;full_horizon_lead_time_percentile_n_plus_one;;4;14;14;13,5;13;0,5
12000375001;1,700000000000001;2;full_horizon_lead_time_percentile_n_plus_one;;5;12;12;11,700000000000001;11;0,7000000000000011
12000377001;3,0;3;full_horizon_lead_time_percentile_n_plus_one;;14;19;19;18,0;18;0,0
12000381001;1,0;1;full_horizon_lead_time_percentile_n_plus_one;;3;9;9;9,0;9;0,0
12000396001;1,0;1;full_horizon_lead_time_percentile_n_plus_one;;0;1;1;1,8;1;0,0
12000425001;1,0;1;full_horizon_lead_time_percentile_n_plus_one;;2;4;4;4,5;4;0,0
12000468001;1,0;1;full_horizon_lead_time_percentile_n_plus_one;;0;1;1;1,8;1;0,0
12000485001;1,0;1;full_horizon_lead_time_percentile_n_plus_one;;1;1;1;1,8;1;0,0
12000504001;2,0;2;full_horizon_lead_time_percentile_n_plus_one;;1;8;8;8,1;8;0,0
12000505001;2,0;2;full_horizon_lead_time_percentile_n_plus_one;;1;1;1;1,8;1;0,0
12001004001;2,0;2;full_horizon_lead_time_percentile_n_plus_one;;7;15;15;14,4;14;0,40000000000000036
12001018001;1,0;1;full_horizon_lead_time_percentile_n_plus_one;;0;1;1;1,8;1;0,0
12001019001;2,400000000000002;3;full_horizon_lead_time_percentile_n_plus_one;;5;12;12;11,700000000000001;11;0,7000000000000011
12001026001;2,200000000000003;3;full_horizon_lead_time_percentile_n_plus_one;;10;18;18;17,1;17;0,10000000000000142
12001027001;1,0;1;full_horizon_lead_time_percentile_n_plus_one;;2;4;4;4,5;4;0,0
12001029001;2,0;2;full_horizon_lead_time_percentile_n_plus_one;;4;5;5;5,4;5;0,0
12001038001;4,700000000000006;5;full_horizon_lead_time_percentile_n_plus_one;;3;20;20;18,900000000000002;18;0,9000000000000021
12001041001;1,0;1;full_horizon_lead_time_percentile_n_plus_one;;4;20;20;18,900000000000002;18;0,9000000000000021
12001047001;2,0;2;full_horizon_lead_time_percentile_n_plus_one;;1;7;7;7,2;7;0,0
12001049001;4,0;4;full_horizon_lead_time_percentile_n_plus_one;;27;21;21;19,8;19;0,8000000000000007
12001051001;7,3000000000000025;8;full_horizon_lead_time_percentile_n_plus_one;;4;10;10;9,9;9;0,9000000000000004
12001055001;2,1999999999999993;3;full_horizon_lead_time_percentile_n_plus_one;;1;13;13;12,6;12;0,5999999999999996
12001058001;1,0;1;full_horizon_lead_time_percentile_n_plus_one;;4;8;8;8,1;8;0,0
12001063001;1,0;1;full_horizon_lead_time_percentile_n_plus_one;;2;15;15;14,4;14;0,40000000000000036
12001064001;1,0;1;full_horizon_lead_time_percentile_n_plus_one;;1;17;17;16,2;16;0,1999999999999993
12001067001;1,4000000000000004;2;full_horizon_lead_time_percentile_n_plus_one;;1;15;15;14,4;14;0,40000000000000036
12001070001;2,200000000000003;3;full_horizon_lead_time_percentile_n_plus_one;;3;16;16;15,3;15;0,3000000000000007
12001071001;1,0;1;full_horizon_lead_time_percentile_n_plus_one;;1;1;1;1,8;1;0,0
12001077001;1,0;1;full_horizon_lead_time_percentile_n_plus_one;;5;13;13;12,6;12;0,5999999999999996
12001087001;3,0;3;full_horizon_lead_time_percentile_n_plus_one;;2;7;7;7,2;7;0,0
12001092001;1,0;1;full_horizon_lead_time_percentile_n_plus_one;;1;1;1;1,8;1;0,0
12001093001;1,0;1;full_horizon_lead_time_percentile_n_plus_one;;0;1;1;1,8;1;0,0
12001112001;2,599999999999998;3;full_horizon_lead_time_percentile_n_plus_one;;7;17;17;16,2;16;0,1999999999999993
12001999001;1,0;1;full_horizon_lead_time_percentile_n_plus_one;;3;16;16;15,3;15;0,3000000000000007
12002009001;1,0;1;full_horizon_lead_time_percentile_n_plus_one;;1;1;1;1,8;1;0,0
12002018001;1,0;1;full_horizon_lead_time_percentile_n_plus_one;;3;16;16;15,3;15;0,3000000000000007
12002023001;5,0;5;full_horizon_lead_time_percentile_n_plus_one;;12;19;19;18,0;18;0,0
12002026001;1,0;1;full_horizon_lead_time_percentile_n_plus_one;;1;1;1;1,8;1;0,0
12002036001;1,0;1;full_horizon_lead_time_percentile_n_plus_one;;1;1;1;1,8;1;0,0
12002037001;1,0;1;full_horizon_lead_time_percentile_n_plus_one;;0;2;2;2,7;2;0,0
12002042001;1,0;1;full_horizon_lead_time_percentile_n_plus_one;;1;1;1;1,8;1;0,0
12002044001;3,5;4;full_horizon_lead_time_percentile_n_plus_one;;8;14;14;13,5;13;0,5
12002052001;1,0;1;full_horizon_lead_time_percentile_n_plus_one;;6;20;20;18,900000000000002;18;0,9000000000000021
12002062001;1,3000000000000007;2;full_horizon_lead_time_percentile_n_plus_one;;1;16;16;15,3;15;0,3000000000000007
12002090001;1,0;1;full_horizon_lead_time_percentile_n_plus_one;;1;1;1;1,8;1;0,0
12002096001;1,0;1;full_horizon_lead_time_percentile_n_plus_one;;0;1;1;1,8;1;0,0
12002104001;1,0;1;full_horizon_lead_time_percentile_n_plus_one;;2;2;2;2,7;2;0,0
12002105001;1,1000000000000014;2;full_horizon_lead_time_percentile_n_plus_one;;3;18;18;17,1;17;0,10000000000000142
12002106001;1,0;1;full_horizon_lead_time_percentile_n_plus_one;;2;21;21;19,8;19;0,8000000000000007
12002107001;2,0;2;full_horizon_lead_time_percentile_n_plus_one;;3;17;17;16,2;16;0,1999999999999993
12002118001;1,0;1;full_horizon_lead_time_percentile_n_plus_one;;1;7;7;7,2;7;0,0
12002119001;2,0;2;full_horizon_lead_time_percentile_n_plus_one;;1;1;1;1,8;1;0,0
12002124001;1,0;1;full_horizon_lead_time_percentile_n_plus_one;;2;4;4;4,5;4;0,0
12002158001;1,0;1;full_horizon_lead_time_percentile_n_plus_one;;0;1;1;1,8;1;0,0
12002948001;4,0;4;full_horizon_lead_time_percentile_n_plus_one;;1;7;7;7,2;7;0,0
12002949001;10,0;10;full_horizon_lead_time_percentile_n_plus_one;;3;5;5;5,4;5;0,0
12003006001;1,0;1;full_horizon_lead_time_percentile_n_plus_one;;2;21;21;19,8;19;0,8000000000000007
12003046001;1,0;1;full_horizon_lead_time_percentile_n_plus_one;;1;1;1;1,8;1;0,0
12003058001;2,0;2;full_horizon_lead_time_percentile_n_plus_one;;0;1;1;1,8;1;0,0
12003069001;3,0;3;full_horizon_lead_time_percentile_n_plus_one;;2;5;5;5,4;5;0,0
12003084001;1,700000000000001;2;full_horizon_lead_time_percentile_n_plus_one;;2;12;12;11,700000000000001;11;0,7000000000000011
12003086001;3,0;3;full_horizon_lead_time_percentile_n_plus_one;;1;1;1;1,8;1;0,0
12003104001;1,0;1;full_horizon_lead_time_percentile_n_plus_one;;2;5;5;5,4;5;0,0
12003111001;1,700000000000001;2;full_horizon_lead_time_percentile_n_plus_one;;2;12;12;11,700000000000001;11;0,7000000000000011
12003113001;1,0;1;full_horizon_lead_time_percentile_n_plus_one;;1;6;6;6,3;6;0,0
12003115001;1,0;1;full_horizon_lead_time_percentile_n_plus_one;;1;1;1;1,8;1;0,0
12003130001;2,0;2;full_horizon_lead_time_percentile_n_plus_one;;12;20;20;18,900000000000002;18;0,9000000000000021
12003134001;2,0;2;full_horizon_lead_time_percentile_n_plus_one;;3;6;6;6,3;6;0,0
12003135001;1,5999999999999996;2;full_horizon_lead_time_percentile_n_plus_one;;3;13;13;12,6;12;0,5999999999999996
12003911001;1,0;1;full_horizon_lead_time_percentile_n_plus_one;;2;10;10;9,9;9;0,9000000000000004
12004016001;17,0;17;full_horizon_lead_time_percentile_n_plus_one;;2;1;1;1,8;1;0,0
12004020001;9,0;9;full_horizon_lead_time_percentile_n_plus_one;;2;4;4;4,5;4;0,0
12005003001;1,9000000000000004;2;full_horizon_lead_time_percentile_n_plus_one;;3;10;10;9,9;9;0,9000000000000004
12005003002;6,0;6;full_horizon_lead_time_percentile_n_plus_one;;5;12;12;11,700000000000001;11;0,7000000000000011
12005003003;3,0;3;full_horizon_lead_time_percentile_n_plus_one;;4;16;16;15,3;15;0,3000000000000007
12005003004;7,0;7;full_horizon_lead_time_percentile_n_plus_one;;3;8;8;8,1;8;0,0
12005007001;1,0;1;full_horizon_lead_time_percentile_n_plus_one;;0;1;1;1,8;1;0,0
12005009007;1,0;1;full_horizon_lead_time_percentile_n_plus_one;;2;6;6;6,3;6;0,0
12005015001;1,0;1;full_horizon_lead_time_percentile_n_plus_one;;1;1;1;1,8;1;0,0
12005015003;2,0;2;full_horizon_lead_time_percentile_n_plus_one;;1;1;1;1,8;1;0,0
12005015004;1,0;1;full_horizon_lead_time_percentile_n_plus_one;;1;1;1;1,8;1;0,0
12005015006;1,0;1;full_horizon_lead_time_percentile_n_plus_one;;1;1;1;1,8;1;0,0
12005015007;4,200000000000003;5;full_horizon_lead_time_percentile_n_plus_one;;2;11;11;10,8;10;0,8000000000000007
12005015008;1,0;1;full_horizon_lead_time_percentile_n_plus_one;;1;1;1;1,8;1;0,0
12005015010;1,0;1;full_horizon_lead_time_percentile_n_plus_one;;2;4;4;4,5;4;0,0
12005019001;2,0;2;full_horizon_lead_time_percentile_n_plus_one;;2;2;2;2,7;2;0,0
12005019002;1,0;1;full_horizon_lead_time_percentile_n_plus_one;;0;1;1;1,8;1;0,0
12005019003;1,0;1;full_horizon_lead_time_percentile_n_plus_one;;2;2;2;2,7;2;0,0
12005019005;2,0;2;full_horizon_lead_time_percentile_n_plus_one;;1;1;1;1,8;1;0,0
12005019006;2,0;2;full_horizon_lead_time_percentile_n_plus_one;;2;5;5;5,4;5;0,0
12005019008;1,8000000000000007;2;full_horizon_lead_time_percentile_n_plus_one;;2;11;11;10,8;10;0,8000000000000007
12005056001;5,199999999999999;6;full_horizon_lead_time_percentile_n_plus_one;;2;13;13;12,6;12;0,5999999999999996
12005056002;1,5;2;full_horizon_lead_time_percentile_n_plus_one;;2;14;14;13,5;13;0,5
12005056003;2,0;2;full_horizon_lead_time_percentile_n_plus_one;;2;5;5;5,4;5;0,0
12005056004;2,6000000000000014;3;full_horizon_lead_time_percentile_n_plus_one;;4;11;11;10,8;10;0,8000000000000007
12005072003;2,0;2;full_horizon_lead_time_percentile_n_plus_one;;1;1;1;1,8;1;0,0
12005072005;1,0;1;full_horizon_lead_time_percentile_n_plus_one;;0;1;1;1,8;1;0,0
12005082002;1,0;1;full_horizon_lead_time_percentile_n_plus_one;;1;1;1;1,8;1;0,0
12005082003;1,3000000000000007;2;full_horizon_lead_time_percentile_n_plus_one;;2;16;16;15,3;15;0,3000000000000007
12005082006;2,0;2;full_horizon_lead_time_percentile_n_plus_one;;1;4;4;4,5;4;0,0
12005082007;3,0;3;full_horizon_lead_time_percentile_n_plus_one;;4;16;16;15,3;15;0,3000000000000007
12005082008;1,0;1;full_horizon_lead_time_percentile_n_plus_one;;1;1;1;1,8;1;0,0
12005082010;1,700000000000001;2;full_horizon_lead_time_percentile_n_plus_one;;2;12;12;11,700000000000001;11;0,7000000000000011
12005082011;2,0;2;full_horizon_lead_time_percentile_n_plus_one;;2;4;4;4,5;4;0,0
12005083002;3,0;3;full_horizon_lead_time_percentile_n_plus_one;;1;1;1;1,8;1;0,0
12005084001;2,0;2;full_horizon_lead_time_percentile_n_plus_one;;1;1;1;1,8;1;0,0
12005084002;1,0;1;full_horizon_lead_time_percentile_n_plus_one;;1;1;1;1,8;1;0,0
12005084004;4,200000000000003;5;full_horizon_lead_time_percentile_n_plus_one;;4;11;11;10,8;10;0,8000000000000007
12005084005;1,0;1;full_horizon_lead_time_percentile_n_plus_one;;1;1;1;1,8;1;0,0
12005084006;1,0;1;full_horizon_lead_time_percentile_n_plus_one;;1;8;8;8,1;8;0,0
12005084007;3,0;3;full_horizon_lead_time_percentile_n_plus_one;;4;9;9;9,0;9;0,0
12005084008;2,0;2;full_horizon_lead_time_percentile_n_plus_one;;2;1;1;1,8;1;0,0
12005084009;3,0;3;full_horizon_lead_time_percentile_n_plus_one;;1;1;1;1,8;1;0,0
12005089004;1,0;1;full_horizon_lead_time_percentile_n_plus_one;;1;1;1;1,8;1;0,0
12005093001;8,0;8;full_horizon_lead_time_percentile_n_plus_one;;10;19;19;18,0;18;0,0
12005093002;1,0;1;full_horizon_lead_time_percentile_n_plus_one;;1;1;1;1,8;1;0,0
12005093004;7,599999999999994;8;full_horizon_lead_time_percentile_n_plus_one;;10;17;17;16,2;16;0,1999999999999993
12005093005;3,1999999999999993;4;full_horizon_lead_time_percentile_n_plus_one;;6;13;13;12,6;12;0,5999999999999996
12005093007;8,799999999999997;9;full_horizon_lead_time_percentile_n_plus_one;;11;13;13;12,6;12;0,5999999999999996
12005093008;3,200000000000003;4;full_horizon_lead_time_percentile_n_plus_one;;9;16;16;15,3;15;0,3000000000000007
12005093010;1,0;1;full_horizon_lead_time_percentile_n_plus_one;;0;2;2;2,7;2;0,0
12005107006;2,0;2;full_horizon_lead_time_percentile_n_plus_one;;1;1;1;1,8;1;0,0
12005107007;2,0;2;full_horizon_lead_time_percentile_n_plus_one;;1;1;1;1,8;1;0,0
12005108002;2,0;2;full_horizon_lead_time_percentile_n_plus_one;;2;5;5;5,4;5;0,0
12005108003;6,0;6;full_horizon_lead_time_percentile_n_plus_one;;1;9;9;9,0;9;0,0
12005109003;1,0;1;full_horizon_lead_time_percentile_n_plus_one;;1;1;1;1,8;1;0,0
12006020001;3,0;3;full_horizon_lead_time_percentile_n_plus_one;;0;1;1;1,8;1;0,0
12006048001;1,0;1;full_horizon_lead_time_percentile_n_plus_one;;1;1;1;1,8;1;0,0
12006067001;1,0;1;full_horizon_lead_time_percentile_n_plus_one;;1;1;1;1,8;1;0,0
12006135001;2,0;2;full_horizon_lead_time_percentile_n_plus_one;;1;1;1;1,8;1;0,0
12006144001;1,0;1;full_horizon_lead_time_percentile_n_plus_one;;0;1;1;1,8;1;0,0
12010001001;24,0;24;full_horizon_lead_time_percentile_n_plus_one;;7;9;9;9,0;9;0,0
12010010001;4,300000000000004;5;full_horizon_lead_time_percentile_n_plus_one;;9;18;18;17,1;17;0,10000000000000142
12010013001;2,9999999999999964;3;full_horizon_lead_time_percentile_n_plus_one;;13;17;17;16,2;16;0,1999999999999993
12010020001;10,0;10;full_horizon_lead_time_percentile_n_plus_one;;23;19;19;18,0;18;0,0
12010022001;19,200000000000017;20;full_horizon_lead_time_percentile_n_plus_one;;10;18;18;17,1;17;0,10000000000000142
12010023002;24,0;24;full_horizon_lead_time_percentile_n_plus_one;;26;19;19;18,0;18;0,0
12010034001;11,0;11;full_horizon_lead_time_percentile_n_plus_one;;2;6;6;6,3;6;0,0
12010036001;24,0;24;full_horizon_lead_time_percentile_n_plus_one;;11;19;19;18,0;18;0,0
12010037001;29,400000000000013;30;full_horizon_lead_time_percentile_n_plus_one;;18;20;20;18,900000000000002;18;0,9000000000000021
12010040001;1,500000000000007;2;full_horizon_lead_time_percentile_n_plus_one;;5;18;18;17,1;17;0,10000000000000142
12010041001;7,400000000000002;8;full_horizon_lead_time_percentile_n_plus_one;;28;21;21;19,8;19;0,8000000000000007
12010042001;5,0;5;full_horizon_lead_time_percentile_n_plus_one;;17;21;21;19,8;19;0,8000000000000007
12010049001;3,0;3;full_horizon_lead_time_percentile_n_plus_one;;8;21;21;19,8;19;0,8000000000000007
12010051001;1,8000000000000007;2;full_horizon_lead_time_percentile_n_plus_one;;1;21;21;19,8;19;0,8000000000000007
12010052001;3,0;3;full_horizon_lead_time_percentile_n_plus_one;;3;8;8;8,1;8;0,0
12010053001;3,400000000000002;4;full_horizon_lead_time_percentile_n_plus_one;;8;12;12;11,700000000000001;11;0,7000000000000011
12010054001;2,8000000000000007;3;full_horizon_lead_time_percentile_n_plus_one;;4;21;21;19,8;19;0,8000000000000007
12010055001;2,0;2;full_horizon_lead_time_percentile_n_plus_one;;6;11;11;10,8;10;0,8000000000000007
12010058001;9,0;9;full_horizon_lead_time_percentile_n_plus_one;;0;1;1;1,8;1;0,0
12010059001;21,0;21;full_horizon_lead_time_percentile_n_plus_one;;14;14;14;13,5;13;0,5
12010060001;24,0;24;full_horizon_lead_time_percentile_n_plus_one;;2;4;4;4,5;4;0,0
12010065001;2,0;2;full_horizon_lead_time_percentile_n_plus_one;;6;16;16;15,3;15;0,3000000000000007
12010067001;3,1999999999999993;4;full_horizon_lead_time_percentile_n_plus_one;;6;13;13;12,6;12;0,5999999999999996
12010068001;4,0;4;full_horizon_lead_time_percentile_n_plus_one;;13;19;19;18,0;18;0,0
12010071001;4,0;4;full_horizon_lead_time_percentile_n_plus_one;;7;8;8;8,1;8;0,0
12010074001;4,700000000000006;5;full_horizon_lead_time_percentile_n_plus_one;;8;20;20;18,900000000000002;18;0,9000000000000021
12010077001;4,5;5;full_horizon_lead_time_percentile_n_plus_one;;8;14;14;13,5;13;0,5
12010079001;4,0;4;full_horizon_lead_time_percentile_n_plus_one;;5;14;14;13,5;13;0,5
12010080001;25,199999999999996;26;full_horizon_lead_time_percentile_n_plus_one;;22;17;17;16,2;16;0,1999999999999993
12010084001;3,0;3;full_horizon_lead_time_percentile_n_plus_one;;11;14;14;13,5;13;0,5
12010106001;19,199999999999996;20;full_horizon_lead_time_percentile_n_plus_one;;6;13;13;12,6;12;0,5999999999999996
12010107001;6,0;6;full_horizon_lead_time_percentile_n_plus_one;;1;1;1;1,8;1;0,0
12010110001;7,900000000000002;8;full_horizon_lead_time_percentile_n_plus_one;;50;20;20;18,900000000000002;18;0,9000000000000021
12010113001;1,9000000000000021;2;full_horizon_lead_time_percentile_n_plus_one;;7;20;20;18,900000000000002;18;0,9000000000000021
12010118001;1,4000000000000004;2;full_horizon_lead_time_percentile_n_plus_one;;4;15;15;14,4;14;0,40000000000000036
12010119001;1,0;1;full_horizon_lead_time_percentile_n_plus_one;;1;1;1;1,8;1;0,0
12010123001;1,9000000000000021;2;full_horizon_lead_time_percentile_n_plus_one;;3;20;20;18,900000000000002;18;0,9000000000000021
12010124001;1,3999999999999986;2;full_horizon_lead_time_percentile_n_plus_one;;4;17;17;16,2;16;0,1999999999999993
12010137001;9,50000000000001;10;full_horizon_lead_time_percentile_n_plus_one;;42;20;20;18,900000000000002;18;0,9000000000000021
12010144001;6,599999999999998;7;full_horizon_lead_time_percentile_n_plus_one;;14;17;17;16,2;16;0,1999999999999993
12010145001;2,9000000000000004;3;full_horizon_lead_time_percentile_n_plus_one;;6;10;10;9,9;9;0,9000000000000004
12010147001;2,0;2;full_horizon_lead_time_percentile_n_plus_one;;0;1;1;1,8;1;0,0
12010149001;2,0;2;full_horizon_lead_time_percentile_n_plus_one;;1;8;8;8,1;8;0,0
12010153001;2,0;2;full_horizon_lead_time_percentile_n_plus_one;;3;9;9;9,0;9;0,0
12010156001;1,0;1;full_horizon_lead_time_percentile_n_plus_one;;1;1;1;1,8;1;0,0
12010161001;3,0;3;full_horizon_lead_time_percentile_n_plus_one;;2;2;2;2,7;2;0,0
12010163001;3,0;3;full_horizon_lead_time_percentile_n_plus_one;;7;19;19;18,0;18;0,0
12010171001;1,0;1;full_horizon_lead_time_percentile_n_plus_one;;4;11;11;10,8;10;0,8000000000000007
12010172001;1,0;1;full_horizon_lead_time_percentile_n_plus_one;;4;9;9;9,0;9;0,0
12010173001;1,4000000000000004;2;full_horizon_lead_time_percentile_n_plus_one;;5;15;15;14,4;14;0,40000000000000036
12010175001;1,0;1;full_horizon_lead_time_percentile_n_plus_one;;1;1;1;1,8;1;0,0
12010176001;2,0;2;full_horizon_lead_time_percentile_n_plus_one;;1;7;7;7,2;7;0,0
12010180001;2,0;2;full_horizon_lead_time_percentile_n_plus_one;;1;1;1;1,8;1;0,0
12010192001;4,199999999999999;5;full_horizon_lead_time_percentile_n_plus_one;;15;13;13;12,6;12;0,5999999999999996
12010193001;2,0;2;full_horizon_lead_time_percentile_n_plus_one;;1;8;8;8,1;8;0,0
12010198001;3,8000000000000007;4;full_horizon_lead_time_percentile_n_plus_one;;14;21;21;19,8;19;0,8000000000000007
12010200001;2,8000000000000043;3;full_horizon_lead_time_percentile_n_plus_one;;1;16;16;15,3;15;0,3000000000000007
12010206001;2,0;2;full_horizon_lead_time_percentile_n_plus_one;;1;1;1;1,8;1;0,0
12010214001;1,0;1;full_horizon_lead_time_percentile_n_plus_one;;1;1;1;1,8;1;0,0
12010234001;6,800000000000001;7;full_horizon_lead_time_percentile_n_plus_one;;34;21;21;19,8;19;0,8000000000000007
12010261001;6,0;6;full_horizon_lead_time_percentile_n_plus_one;;0;1;1;1,8;1;0,0
12010263001;1,0;1;full_horizon_lead_time_percentile_n_plus_one;;2;20;20;18,900000000000002;18;0,9000000000000021
12011003001;10,200000000000003;11;full_horizon_lead_time_percentile_n_plus_one;;8;18;18;17,1;17;0,10000000000000142
12011005001;5,5;6;full_horizon_lead_time_percentile_n_plus_one;;7;14;14;13,5;13;0,5
12011018001;2,5999999999999996;3;full_horizon_lead_time_percentile_n_plus_one;;8;13;13;12,6;12;0,5999999999999996
12011022001;2,6000000000000014;3;full_horizon_lead_time_percentile_n_plus_one;;12;21;21;19,8;19;0,8000000000000007
12011033001;27,599999999999987;28;full_horizon_lead_time_percentile_n_plus_one;;44;17;17;16,2;16;0,1999999999999993
12011034001;3,0;3;full_horizon_lead_time_percentile_n_plus_one;;2;4;4;4,5;4;0,0
12011038001;1,0;1;full_horizon_lead_time_percentile_n_plus_one;;1;1;1;1,8;1;0,0
12011042001;2,0;2;full_horizon_lead_time_percentile_n_plus_one;;9;20;20;18,900000000000002;18;0,9000000000000021
12011047001;1,0;1;full_horizon_lead_time_percentile_n_plus_one;;1;1;1;1,8;1;0,0
12011050001;1,0;1;full_horizon_lead_time_percentile_n_plus_one;;2;19;19;18,0;18;0,0
12011051001;3,400000000000002;4;full_horizon_lead_time_percentile_n_plus_one;;5;12;12;11,700000000000001;11;0,7000000000000011
12011056001;6,0;6;full_horizon_lead_time_percentile_n_plus_one;;10;21;21;19,8;19;0,8000000000000007
12011060001;2,0;2;full_horizon_lead_time_percentile_n_plus_one;;4;14;14;13,5;13;0,5
12011061001;1,0;1;full_horizon_lead_time_percentile_n_plus_one;;1;1;1;1,8;1;0,0
12011062001;2,0;2;full_horizon_lead_time_percentile_n_plus_one;;7;14;14;13,5;13;0,5
12011065001;3,4000000000000057;4;full_horizon_lead_time_percentile_n_plus_one;;17;18;18;17,1;17;0,10000000000000142
12011068001;2,0;2;full_horizon_lead_time_percentile_n_plus_one;;8;19;19;18,0;18;0,0
12011069001;2,6000000000000014;3;full_horizon_lead_time_percentile_n_plus_one;;9;11;11;10,8;10;0,8000000000000007
12011074001;2,5999999999999996;3;full_horizon_lead_time_percentile_n_plus_one;;3;13;13;12,6;12;0,5999999999999996
12011075001;6,0;6;full_horizon_lead_time_percentile_n_plus_one;;32;19;19;18,0;18;0,0
12011084001;3,7000000000000064;4;full_horizon_lead_time_percentile_n_plus_one;;8;20;20;18,900000000000002;18;0,9000000000000021
12011085001;4,0;4;full_horizon_lead_time_percentile_n_plus_one;;21;20;20;18,900000000000002;18;0,9000000000000021
12011088001;1,0;1;full_horizon_lead_time_percentile_n_plus_one;;2;16;16;15,3;15;0,3000000000000007
12011096001;1,0;1;full_horizon_lead_time_percentile_n_plus_one;;2;19;19;18,0;18;0,0
12011100001;1,0;1;full_horizon_lead_time_percentile_n_plus_one;;2;20;20;18,900000000000002;18;0,9000000000000021
12011101001;2,0;2;full_horizon_lead_time_percentile_n_plus_one;;0;2;2;2,7;2;0,0
12011102001;2,0;2;full_horizon_lead_time_percentile_n_plus_one;;8;11;11;10,8;10;0,8000000000000007
12011103001;2,0;2;full_horizon_lead_time_percentile_n_plus_one;;1;7;7;7,2;7;0,0
12011109001;3,200000000000003;4;full_horizon_lead_time_percentile_n_plus_one;;15;18;18;17,1;17;0,10000000000000142
12011111001;1,0;1;full_horizon_lead_time_percentile_n_plus_one;;3;15;15;14,4;14;0,40000000000000036
12011117001;7,400000000000002;8;full_horizon_lead_time_percentile_n_plus_one;;4;12;12;11,700000000000001;11;0,7000000000000011
12011118001;2,0;2;full_horizon_lead_time_percentile_n_plus_one;;2;7;7;7,2;7;0,0
12011120001;2,0;2;full_horizon_lead_time_percentile_n_plus_one;;2;15;15;14,4;14;0,40000000000000036
12011131001;1,0;1;full_horizon_lead_time_percentile_n_plus_one;;1;1;1;1,8;1;0,0
12011133001;5,0;5;full_horizon_lead_time_percentile_n_plus_one;;1;7;7;7,2;7;0,0
12011134001;1,0;1;full_horizon_lead_time_percentile_n_plus_one;;1;1;1;1,8;1;0,0
12011136001;3,0;3;full_horizon_lead_time_percentile_n_plus_one;;10;18;18;17,1;17;0,10000000000000142
12011139001;2,0;2;full_horizon_lead_time_percentile_n_plus_one;;2;8;8;8,1;8;0,0
12011142001;1,0;1;full_horizon_lead_time_percentile_n_plus_one;;1;1;1;1,8;1;0,0
12011144001;6,0;6;full_horizon_lead_time_percentile_n_plus_one;;7;11;11;10,8;10;0,8000000000000007
12011150001;2,0;2;full_horizon_lead_time_percentile_n_plus_one;;5;18;18;17,1;17;0,10000000000000142
12011152001;1,1000000000000014;2;full_horizon_lead_time_percentile_n_plus_one;;2;18;18;17,1;17;0,10000000000000142
12011153001;2,0;2;full_horizon_lead_time_percentile_n_plus_one;;2;13;13;12,6;12;0,5999999999999996
12011158002;3,0;3;full_horizon_lead_time_percentile_n_plus_one;;6;12;12;11,700000000000001;11;0,7000000000000011
12011163001;4,800000000000004;5;full_horizon_lead_time_percentile_n_plus_one;;7;20;20;18,900000000000002;18;0,9000000000000021
12011168001;19,4;20;full_horizon_lead_time_percentile_n_plus_one;;32;17;17;16,2;16;0,1999999999999993
12011169001;6,800000000000004;7;full_horizon_lead_time_percentile_n_plus_one;;9;12;12;11,700000000000001;11;0,7000000000000011
12011171001;3,400000000000002;4;full_horizon_lead_time_percentile_n_plus_one;;3;12;12;11,700000000000001;11;0,7000000000000011
12011172001;2,4000000000000057;3;full_horizon_lead_time_percentile_n_plus_one;;6;18;18;17,1;17;0,10000000000000142
12011173001;2,0;2;full_horizon_lead_time_percentile_n_plus_one;;1;1;1;1,8;1;0,0
12011174001;1,0;1;full_horizon_lead_time_percentile_n_plus_one;;1;19;19;18,0;18;0,0
12011177001;1,0;1;full_horizon_lead_time_percentile_n_plus_one;;0;2;2;2,7;2;0,0
12011178001;1,0;1;full_horizon_lead_time_percentile_n_plus_one;;2;11;11;10,8;10;0,8000000000000007
12011179001;4,0;4;full_horizon_lead_time_percentile_n_plus_one;;3;17;17;16,2;16;0,1999999999999993
12011182001;3,8000000000000043;4;full_horizon_lead_time_percentile_n_plus_one;;2;12;12;11,700000000000001;11;0,7000000000000011
12011184001;5,500000000000005;6;full_horizon_lead_time_percentile_n_plus_one;;6;12;12;11,700000000000001;11;0,7000000000000011
12011186001;1,0;1;full_horizon_lead_time_percentile_n_plus_one;;2;5;5;5,4;5;0,0
12011189001;5,900000000000002;6;full_horizon_lead_time_percentile_n_plus_one;;11;20;20;18,900000000000002;18;0,9000000000000021
12011196001;2,0;2;full_horizon_lead_time_percentile_n_plus_one;;4;9;9;9,0;9;0,0
12011199001;2,900000000000002;3;full_horizon_lead_time_percentile_n_plus_one;;17;20;20;18,900000000000002;18;0,9000000000000021
12011204001;1,0;1;full_horizon_lead_time_percentile_n_plus_one;;1;1;1;1,8;1;0,0
12011210001;1,9000000000000021;2;full_horizon_lead_time_percentile_n_plus_one;;8;20;20;18,900000000000002;18;0,9000000000000021
12011213001;2,0;2;full_horizon_lead_time_percentile_n_plus_one;;4;12;12;11,700000000000001;11;0,7000000000000011
12011215001;7,200000000000003;8;full_horizon_lead_time_percentile_n_plus_one;;8;11;11;10,8;10;0,8000000000000007
12011216001;2,0;2;full_horizon_lead_time_percentile_n_plus_one;;1;5;5;5,4;5;0,0
12011220001;2,0;2;full_horizon_lead_time_percentile_n_plus_one;;2;3;3;3,6;3;0,0
12011221001;3,100000000000003;4;full_horizon_lead_time_percentile_n_plus_one;;5;12;12;11,700000000000001;11;0,7000000000000011
12011226001;4,0;4;full_horizon_lead_time_percentile_n_plus_one;;2;7;7;7,2;7;0,0
12011230001;1,1000000000000014;2;full_horizon_lead_time_percentile_n_plus_one;;8;18;18;17,1;17;0,10000000000000142
12011231001;1,0;1;full_horizon_lead_time_percentile_n_plus_one;;2;8;8;8,1;8;0,0
12011235001;2,0;2;full_horizon_lead_time_percentile_n_plus_one;;4;20;20;18,900000000000002;18;0,9000000000000021
12011237001;6,6000000000000085;7;full_horizon_lead_time_percentile_n_plus_one;;16;20;20;18,900000000000002;18;0,9000000000000021
12011243001;1,0;1;full_horizon_lead_time_percentile_n_plus_one;;4;7;7;7,2;7;0,0
12011244001;2,0;2;full_horizon_lead_time_percentile_n_plus_one;;9;21;21;19,8;19;0,8000000000000007
12011247001;1,8000000000000007;2;full_horizon_lead_time_percentile_n_plus_one;;2;11;11;10,8;10;0,8000000000000007
12011251001;2,0;2;full_horizon_lead_time_percentile_n_plus_one;;4;18;18;17,1;17;0,10000000000000142
12011252001;3,0;3;full_horizon_lead_time_percentile_n_plus_one;;12;19;19;18,0;18;0,0
12011254001;5,800000000000001;6;full_horizon_lead_time_percentile_n_plus_one;;17;21;21;19,8;19;0,8000000000000007
12011255001;3,6000000000000014;4;full_horizon_lead_time_percentile_n_plus_one;;11;21;21;19,8;19;0,8000000000000007
12011257001;6,400000000000002;7;full_horizon_lead_time_percentile_n_plus_one;;6;12;12;11,700000000000001;11;0,7000000000000011
12011262001;4,0;4;full_horizon_lead_time_percentile_n_plus_one;;5;8;8;8,1;8;0,0
12011263001;3,6000000000000014;4;full_horizon_lead_time_percentile_n_plus_one;;4;11;11;10,8;10;0,8000000000000007
12011264001;1,0;1;full_horizon_lead_time_percentile_n_plus_one;;4;8;8;8,1;8;0,0
12011265001;3,0;3;full_horizon_lead_time_percentile_n_plus_one;;1;5;5;5,4;5;0,0
12011267001;2,0;2;full_horizon_lead_time_percentile_n_plus_one;;3;8;8;8,1;8;0,0
12011268001;2,200000000000003;3;full_horizon_lead_time_percentile_n_plus_one;;13;18;18;17,1;17;0,10000000000000142
12011275001;2,3000000000000007;3;full_horizon_lead_time_percentile_n_plus_one;;4;16;16;15,3;15;0,3000000000000007
12011276001;1,9000000000000004;2;full_horizon_lead_time_percentile_n_plus_one;;3;10;10;9,9;9;0,9000000000000004
12011277001;9,600000000000001;10;full_horizon_lead_time_percentile_n_plus_one;;30;21;21;19,8;19;0,8000000000000007
12011291001;2,0;2;full_horizon_lead_time_percentile_n_plus_one;;5;15;15;14,4;14;0,40000000000000036
12011299001;3,0;3;full_horizon_lead_time_percentile_n_plus_one;;12;21;21;19,8;19;0,8000000000000007
12011304001;1,0;1;full_horizon_lead_time_percentile_n_plus_one;;5;19;19;18,0;18;0,0
12011308001;1,0;1;full_horizon_lead_time_percentile_n_plus_one;;4;11;11;10,8;10;0,8000000000000007
12011310001;2,5999999999999996;3;full_horizon_lead_time_percentile_n_plus_one;;4;13;13;12,6;12;0,5999999999999996
12011322001;2,0;2;full_horizon_lead_time_percentile_n_plus_one;;0;1;1;1,8;1;0,0
12011329001;10,0;10;full_horizon_lead_time_percentile_n_plus_one;;3;4;4;4,5;4;0,0
12011333001;2,6000000000000014;3;full_horizon_lead_time_percentile_n_plus_one;;10;16;16;15,3;15;0,3000000000000007
12011334001;3,0;3;full_horizon_lead_time_percentile_n_plus_one;;10;21;21;19,8;19;0,8000000000000007
12011337001;3,0;3;full_horizon_lead_time_percentile_n_plus_one;;1;5;5;5,4;5;0,0
12011339001;1,0;1;full_horizon_lead_time_percentile_n_plus_one;;1;1;1;1,8;1;0,0
12011342001;1,0;1;full_horizon_lead_time_percentile_n_plus_one;;1;1;1;1,8;1;0,0
12011345001;1,0;1;full_horizon_lead_time_percentile_n_plus_one;;2;13;13;12,6;12;0,5999999999999996
12011347001;6,0;6;full_horizon_lead_time_percentile_n_plus_one;;5;19;19;18,0;18;0,0
12011349001;2,1000000000000014;3;full_horizon_lead_time_percentile_n_plus_one;;8;18;18;17,1;17;0,10000000000000142
12011351001;1,0;1;full_horizon_lead_time_percentile_n_plus_one;;2;16;16;15,3;15;0,3000000000000007
12011354001;6,0;6;full_horizon_lead_time_percentile_n_plus_one;;9;18;18;17,1;17;0,10000000000000142
12011355001;2,0;2;full_horizon_lead_time_percentile_n_plus_one;;2;18;18;17,1;17;0,10000000000000142
12011357001;1,0;1;full_horizon_lead_time_percentile_n_plus_one;;1;1;1;1,8;1;0,0
12011358001;1,0;1;full_horizon_lead_time_percentile_n_plus_one;;1;1;1;1,8;1;0,0
12011360001;6,0;6;full_horizon_lead_time_percentile_n_plus_one;;1;1;1;1,8;1;0,0
12011362001;2,5;3;full_horizon_lead_time_percentile_n_plus_one;;2;14;14;13,5;13;0,5
12011367001;1,0;1;full_horizon_lead_time_percentile_n_plus_one;;3;11;11;10,8;10;0,8000000000000007
12011373001;1,0;1;full_horizon_lead_time_percentile_n_plus_one;;3;19;19;18,0;18;0,0
12011374001;2,9000000000000004;3;full_horizon_lead_time_percentile_n_plus_one;;7;10;10;9,9;9;0,9000000000000004
12011376001;1,0;1;full_horizon_lead_time_percentile_n_plus_one;;3;9;9;9,0;9;0,0
12011386001;1,5999999999999996;2;full_horizon_lead_time_percentile_n_plus_one;;1;13;13;12,6;12;0,5999999999999996
12011398001;2,0;2;full_horizon_lead_time_percentile_n_plus_one;;5;18;18;17,1;17;0,10000000000000142
12011400001;4,0;4;full_horizon_lead_time_percentile_n_plus_one;;18;19;19;18,0;18;0,0
12011402001;1,0;1;full_horizon_lead_time_percentile_n_plus_one;;3;20;20;18,900000000000002;18;0,9000000000000021
12011403001;2,0;2;full_horizon_lead_time_percentile_n_plus_one;;4;14;14;13,5;13;0,5
12011409001;4,0;4;full_horizon_lead_time_percentile_n_plus_one;;10;21;21;19,8;19;0,8000000000000007
12011417001;1,0;1;full_horizon_lead_time_percentile_n_plus_one;;1;1;1;1,8;1;0,0
12011433001;2,0;2;full_horizon_lead_time_percentile_n_plus_one;;1;1;1;1,8;1;0,0
12011439001;1,0;1;full_horizon_lead_time_percentile_n_plus_one;;3;8;8;8,1;8;0,0
12011451001;1,0;1;full_horizon_lead_time_percentile_n_plus_one;;2;2;2;2,7;2;0,0
12011466001;1,0;1;full_horizon_lead_time_percentile_n_plus_one;;2;9;9;9,0;9;0,0
12011473001;2,900000000000002;3;full_horizon_lead_time_percentile_n_plus_one;;12;20;20;18,900000000000002;18;0,9000000000000021
12011477001;2,0;2;full_horizon_lead_time_percentile_n_plus_one;;3;8;8;8,1;8;0,0
12011479001;1,0;1;full_horizon_lead_time_percentile_n_plus_one;;1;1;1;1,8;1;0,0
12011489001;1,0;1;full_horizon_lead_time_percentile_n_plus_one;;2;18;18;17,1;17;0,10000000000000142
12011999001;1,0;1;full_horizon_lead_time_percentile_n_plus_one;;2;7;7;7,2;7;0,0
12012012001;1,0;1;full_horizon_lead_time_percentile_n_plus_one;;1;1;1;1,8;1;0,0
12012022001;1,8000000000000007;2;full_horizon_lead_time_percentile_n_plus_one;;5;11;11;10,8;10;0,8000000000000007
12012045001;5,0;5;full_horizon_lead_time_percentile_n_plus_one;;3;2;2;2,7;2;0,0
12012072001;3,7000000000000064;4;full_horizon_lead_time_percentile_n_plus_one;;2;20;20;18,900000000000002;18;0,9000000000000021
12012098001;1,5999999999999996;2;full_horizon_lead_time_percentile_n_plus_one;;3;13;13;12,6;12;0,5999999999999996
12012118001;1,0;1;full_horizon_lead_time_percentile_n_plus_one;;1;1;1;1,8;1;0,0
12012120001;4,0;4;full_horizon_lead_time_percentile_n_plus_one;;3;8;8;8,1;8;0,0
12012164001;3,0;3;full_horizon_lead_time_percentile_n_plus_one;;6;10;10;9,9;9;0,9000000000000004
12012165001;1,0;1;full_horizon_lead_time_percentile_n_plus_one;;1;1;1;1,8;1;0,0
12012169001;2,0;2;full_horizon_lead_time_percentile_n_plus_one;;2;4;4;4,5;4;0,0
12012170001;1,0;1;full_horizon_lead_time_percentile_n_plus_one;;1;1;1;1,8;1;0,0
12012171001;1,0;1;full_horizon_lead_time_percentile_n_plus_one;;1;1;1;1,8;1;0,0
12012196001;10,0;10;full_horizon_lead_time_percentile_n_plus_one;;4;19;19;18,0;18;0,0
12012928001;1,0;1;full_horizon_lead_time_percentile_n_plus_one;;2;7;7;7,2;7;0,0
12012969001;1,0;1;full_horizon_lead_time_percentile_n_plus_one;;2;4;4;4,5;4;0,0
12012984001;1,0;1;full_horizon_lead_time_percentile_n_plus_one;;2;4;4;4,5;4;0,0
12014004001;2,0;2;full_horizon_lead_time_percentile_n_plus_one;;4;15;15;14,4;14;0,40000000000000036
12014022001;2,0;2;full_horizon_lead_time_percentile_n_plus_one;;1;1;1;1,8;1;0,0
12014032001;1,0;1;full_horizon_lead_time_percentile_n_plus_one;;0;1;1;1,8;1;0,0
12014035001;1,0;1;full_horizon_lead_time_percentile_n_plus_one;;4;17;17;16,2;16;0,1999999999999993
12016005001;2,0;2;full_horizon_lead_time_percentile_n_plus_one;;2;8;8;8,1;8;0,0
12016035001;3,0;3;full_horizon_lead_time_percentile_n_plus_one;;0;1;1;1,8;1;0,0
12016077001;1,9000000000000004;2;full_horizon_lead_time_percentile_n_plus_one;;4;10;10;9,9;9;0,9000000000000004
12016078001;1,0;1;full_horizon_lead_time_percentile_n_plus_one;;2;11;11;10,8;10;0,8000000000000007
12016079001;1,0;1;full_horizon_lead_time_percentile_n_plus_one;;3;4;4;4,5;4;0,0
12016099001;2,0;2;full_horizon_lead_time_percentile_n_plus_one;;3;9;9;9,0;9;0,0
12016106001;6,0;6;full_horizon_lead_time_percentile_n_plus_one;;1;7;7;7,2;7;0,0
12016111001;6,199999999999999;7;full_horizon_lead_time_percentile_n_plus_one;;5;13;13;12,6;12;0,5999999999999996
12016114001;3,0;3;full_horizon_lead_time_percentile_n_plus_one;;1;9;9;9,0;9;0,0
12016139001;2,0;2;full_horizon_lead_time_percentile_n_plus_one;;1;3;3;3,6;3;0,0
12017009001;2,0;2;full_horizon_lead_time_percentile_n_plus_one;;4;15;15;14,4;14;0,40000000000000036
12017016001;1,9000000000000004;2;full_horizon_lead_time_percentile_n_plus_one;;3;10;10;9,9;9;0,9000000000000004
12017017001;2,0;2;full_horizon_lead_time_percentile_n_plus_one;;1;6;6;6,3;6;0,0
12017018001;1,0;1;full_horizon_lead_time_percentile_n_plus_one;;1;6;6;6,3;6;0,0
12017019001;2,0;2;full_horizon_lead_time_percentile_n_plus_one;;3;6;6;6,3;6;0,0
12017040001;2,6000000000000014;3;full_horizon_lead_time_percentile_n_plus_one;;3;11;11;10,8;10;0,8000000000000007
12020003001;7,800000000000001;8;full_horizon_lead_time_percentile_n_plus_one;;5;15;15;14,4;14;0,40000000000000036
12020005003;2,0;2;full_horizon_lead_time_percentile_n_plus_one;;1;1;1;1,8;1;0,0
12020008001;2,0;2;full_horizon_lead_time_percentile_n_plus_one;;1;1;1;1,8;1;0,0
12020009001;1,0;1;full_horizon_lead_time_percentile_n_plus_one;;0;1;1;1,8;1;0,0
12020020001;4,0;4;full_horizon_lead_time_percentile_n_plus_one;;3;21;21;19,8;19;0,8000000000000007
12020021001;10,0;10;full_horizon_lead_time_percentile_n_plus_one;;1;1;1;1,8;1;0,0
12020026001;2,0;2;full_horizon_lead_time_percentile_n_plus_one;;2;7;7;7,2;7;0,0
12020028001;2,0;2;full_horizon_lead_time_percentile_n_plus_one;;11;20;20;18,900000000000002;18;0,9000000000000021
12020035001;2,0;2;full_horizon_lead_time_percentile_n_plus_one;;7;21;21;19,8;19;0,8000000000000007
12020036001;3,0;3;full_horizon_lead_time_percentile_n_plus_one;;7;19;19;18,0;18;0,0
12020045001;1,0;1;full_horizon_lead_time_percentile_n_plus_one;;2;2;2;2,7;2;0,0
12020046001;1,0;1;full_horizon_lead_time_percentile_n_plus_one;;2;13;13;12,6;12;0,5999999999999996
12020050001;1,0;1;full_horizon_lead_time_percentile_n_plus_one;;1;1;1;1,8;1;0,0
12020051001;1,4000000000000004;2;full_horizon_lead_time_percentile_n_plus_one;;1;15;15;14,4;14;0,40000000000000036
12020057001;3,0;3;full_horizon_lead_time_percentile_n_plus_one;;3;4;4;4,5;4;0,0
12020068001;3,5;4;full_horizon_lead_time_percentile_n_plus_one;;8;14;14;13,5;13;0,5
12020070001;3,0;3;full_horizon_lead_time_percentile_n_plus_one;;1;1;1;1,8;1;0,0
12020078001;1,5999999999999996;2;full_horizon_lead_time_percentile_n_plus_one;;2;13;13;12,6;12;0,5999999999999996
12020089001;1,0;1;full_horizon_lead_time_percentile_n_plus_one;;2;8;8;8,1;8;0,0
12020093001;2,0;2;full_horizon_lead_time_percentile_n_plus_one;;9;20;20;18,900000000000002;18;0,9000000000000021
12020101001;2,0;2;full_horizon_lead_time_percentile_n_plus_one;;1;1;1;1,8;1;0,0
12020133001;5,0;5;full_horizon_lead_time_percentile_n_plus_one;;5;6;6;6,3;6;0,0
12020138001;2,0;2;full_horizon_lead_time_percentile_n_plus_one;;1;1;1;1,8;1;0,0
12020141001;5,6000000000000085;6;full_horizon_lead_time_percentile_n_plus_one;;6;20;20;18,900000000000002;18;0,9000000000000021
12020164001;10,0;10;full_horizon_lead_time_percentile_n_plus_one;;2;9;9;9,0;9;0,0
12020165001;3,8000000000000007;4;full_horizon_lead_time_percentile_n_plus_one;;12;21;21;19,8;19;0,8000000000000007
12020166001;2,0;2;full_horizon_lead_time_percentile_n_plus_one;;1;1;1;1,8;1;0,0
12020175001;5,800000000000004;6;full_horizon_lead_time_percentile_n_plus_one;;1;12;12;11,700000000000001;11;0,7000000000000011
12020189001;2,0;2;full_horizon_lead_time_percentile_n_plus_one;;1;1;1;1,8;1;0,0
12020196001;2,0;2;full_horizon_lead_time_percentile_n_plus_one;;3;7;7;7,2;7;0,0
12020203001;4,0;4;full_horizon_lead_time_percentile_n_plus_one;;2;1;1;1,8;1;0,0
12020217001;3,0000000000000018;4;full_horizon_lead_time_percentile_n_plus_one;;1;15;15;14,4;14;0,40000000000000036
12020221001;2,0;2;full_horizon_lead_time_percentile_n_plus_one;;1;14;14;13,5;13;0,5
12020222001;22,0;22;full_horizon_lead_time_percentile_n_plus_one;;2;1;1;1,8;1;0,0
12020225001;6,399999999999999;7;full_horizon_lead_time_percentile_n_plus_one;;10;13;13;12,6;12;0,5999999999999996
12020232001;4,900000000000002;5;full_horizon_lead_time_percentile_n_plus_one;;24;20;20;18,900000000000002;18;0,9000000000000021
12020237001;2,0;2;full_horizon_lead_time_percentile_n_plus_one;;2;9;9;9,0;9;0,0
12020240001;2,700000000000001;3;full_horizon_lead_time_percentile_n_plus_one;;6;12;12;11,700000000000001;11;0,7000000000000011
12020242001;2,1999999999999993;3;full_horizon_lead_time_percentile_n_plus_one;;2;13;13;12,6;12;0,5999999999999996
12020246001;1,0;1;full_horizon_lead_time_percentile_n_plus_one;;0;1;1;1,8;1;0,0
12020249001;5,0;5;full_horizon_lead_time_percentile_n_plus_one;;0;2;2;2,7;2;0,0
12020253001;2,0;2;full_horizon_lead_time_percentile_n_plus_one;;2;9;9;9,0;9;0,0
12020260001;2,0;2;full_horizon_lead_time_percentile_n_plus_one;;1;6;6;6,3;6;0,0
12020266001;2,0;2;full_horizon_lead_time_percentile_n_plus_one;;1;1;1;1,8;1;0,0
12020271001;2,0;2;full_horizon_lead_time_percentile_n_plus_one;;1;3;3;3,6;3;0,0
12020282001;1,0;1;full_horizon_lead_time_percentile_n_plus_one;;2;6;6;6,3;6;0,0
12020283001;1,0;1;full_horizon_lead_time_percentile_n_plus_one;;1;1;1;1,8;1;0,0
12020312001;1,0;1;full_horizon_lead_time_percentile_n_plus_one;;1;1;1;1,8;1;0,0
12020325001;1,0;1;full_horizon_lead_time_percentile_n_plus_one;;3;3;3;3,6;3;0,0
12020326001;4,5;5;full_horizon_lead_time_percentile_n_plus_one;;5;14;14;13,5;13;0,5
12020341001;2,0;2;full_horizon_lead_time_percentile_n_plus_one;;0;1;1;1,8;1;0,0
12020342001;2,0;2;full_horizon_lead_time_percentile_n_plus_one;;0;1;1;1,8;1;0,0
12020344001;8,200000000000003;9;full_horizon_lead_time_percentile_n_plus_one;;17;16;16;15,3;15;0,3000000000000007
12020362001;2,0;2;full_horizon_lead_time_percentile_n_plus_one;;2;15;15;14,4;14;0,40000000000000036
12020372001;1,3000000000000007;2;full_horizon_lead_time_percentile_n_plus_one;;3;16;16;15,3;15;0,3000000000000007
12020383001;4,0;4;full_horizon_lead_time_percentile_n_plus_one;;5;14;14;13,5;13;0,5
12020416001;3,0;3;full_horizon_lead_time_percentile_n_plus_one;;2;3;3;3,6;3;0,0
12020423001;1,0;1;full_horizon_lead_time_percentile_n_plus_one;;3;7;7;7,2;7;0,0
12020437001;1,4000000000000057;2;full_horizon_lead_time_percentile_n_plus_one;;1;18;18;17,1;17;0,10000000000000142
12020471001;1,0;1;full_horizon_lead_time_percentile_n_plus_one;;1;1;1;1,8;1;0,0
12020473001;3,0;3;full_horizon_lead_time_percentile_n_plus_one;;21;19;19;18,0;18;0,0
12020485001;3,0;3;full_horizon_lead_time_percentile_n_plus_one;;13;21;21;19,8;19;0,8000000000000007
12020498001;3,8000000000000007;4;full_horizon_lead_time_percentile_n_plus_one;;4;10;10;9,9;9;0,9000000000000004
12020901001;3,0;3;full_horizon_lead_time_percentile_n_plus_one;;4;5;5;5,4;5;0,0
12020920001;3,0;3;full_horizon_lead_time_percentile_n_plus_one;;3;19;19;18,0;18;0,0
12020923001;2,0;2;full_horizon_lead_time_percentile_n_plus_one;;3;18;18;17,1;17;0,10000000000000142
12020926001;10,0;10;full_horizon_lead_time_percentile_n_plus_one;;1;9;9;9,0;9;0,0
12020927001;6,0000000000000036;7;full_horizon_lead_time_percentile_n_plus_one;;1;11;11;10,8;10;0,8000000000000007
12020956001;1,0;1;full_horizon_lead_time_percentile_n_plus_one;;1;1;1;1,8;1;0,0
12020961001;3,0;3;full_horizon_lead_time_percentile_n_plus_one;;2;4;4;4,5;4;0,0
12020964001;4,0;4;full_horizon_lead_time_percentile_n_plus_one;;0;2;2;2,7;2;0,0
12020965001;2,0;2;full_horizon_lead_time_percentile_n_plus_one;;2;3;3;3,6;3;0,0
12020966001;2,0;2;full_horizon_lead_time_percentile_n_plus_one;;0;3;3;3,6;3;0,0
12021028001;4,0;4;full_horizon_lead_time_percentile_n_plus_one;;2;7;7;7,2;7;0,0
12021042001;1,0;1;full_horizon_lead_time_percentile_n_plus_one;;1;1;1;1,8;1;0,0
12021052001;2,0;2;full_horizon_lead_time_percentile_n_plus_one;;1;1;1;1,8;1;0,0
12021069001;1,0;1;full_horizon_lead_time_percentile_n_plus_one;;0;1;1;1,8;1;0,0
12021094001;1,0;1;full_horizon_lead_time_percentile_n_plus_one;;0;1;1;1,8;1;0,0
12021923001;22,0;22;full_horizon_lead_time_percentile_n_plus_one;;2;1;1;1,8;1;0,0
12021969001;1,0;1;full_horizon_lead_time_percentile_n_plus_one;;2;17;17;16,2;16;0,1999999999999993
12021994001;3,0;3;full_horizon_lead_time_percentile_n_plus_one;;0;1;1;1,8;1;0,0
12022005001;1,0;1;full_horizon_lead_time_percentile_n_plus_one;;1;1;1;1,8;1;0,0
12022008001;1,0;1;full_horizon_lead_time_percentile_n_plus_one;;1;1;1;1,8;1;0,0
12022027001;2,0;2;full_horizon_lead_time_percentile_n_plus_one;;1;1;1;1,8;1;0,0
12022030001;1,0;1;full_horizon_lead_time_percentile_n_plus_one;;0;1;1;1,8;1;0,0
12022043001;1,8000000000000007;2;full_horizon_lead_time_percentile_n_plus_one;;5;21;21;19,8;19;0,8000000000000007
12022047001;2,0;2;full_horizon_lead_time_percentile_n_plus_one;;2;1;1;1,8;1;0,0
12022062001;1,0;1;full_horizon_lead_time_percentile_n_plus_one;;0;1;1;1,8;1;0,0
12022096001;4,0;4;full_horizon_lead_time_percentile_n_plus_one;;5;6;6;6,3;6;0,0
12022109001;3,5;4;full_horizon_lead_time_percentile_n_plus_one;;3;14;14;13,5;13;0,5
12022127001;1,0;1;full_horizon_lead_time_percentile_n_plus_one;;0;1;1;1,8;1;0,0
12022128001;1,0;1;full_horizon_lead_time_percentile_n_plus_one;;0;1;1;1,8;1;0,0
12022153001;4,0;4;full_horizon_lead_time_percentile_n_plus_one;;2;4;4;4,5;4;0,0
12022184001;1,0;1;full_horizon_lead_time_percentile_n_plus_one;;2;3;3;3,6;3;0,0
12022224001;1,0;1;full_horizon_lead_time_percentile_n_plus_one;;1;1;1;1,8;1;0,0
12022275001;1,0;1;full_horizon_lead_time_percentile_n_plus_one;;1;1;1;1,8;1;0,0
12023079001;2,0;2;full_horizon_lead_time_percentile_n_plus_one;;1;1;1;1,8;1;0,0
12023093001;1,0;1;full_horizon_lead_time_percentile_n_plus_one;;1;1;1;1,8;1;0,0
12023125001;1,0;1;full_horizon_lead_time_percentile_n_plus_one;;1;1;1;1,8;1;0,0
12023195001;2,0;2;full_horizon_lead_time_percentile_n_plus_one;;1;1;1;1,8;1;0,0
12023202001;8,0;8;full_horizon_lead_time_percentile_n_plus_one;;1;1;1;1,8;1;0,0
12023227001;3,0;3;full_horizon_lead_time_percentile_n_plus_one;;1;9;9;9,0;9;0,0
12023263001;3,0;3;full_horizon_lead_time_percentile_n_plus_one;;1;1;1;1,8;1;0,0
12023278001;2,0;2;full_horizon_lead_time_percentile_n_plus_one;;1;1;1;1,8;1;0,0
12023463001;1,0;1;full_horizon_lead_time_percentile_n_plus_one;;2;2;2;2,7;2;0,0
12031016001;1,0;1;full_horizon_lead_time_percentile_n_plus_one;;1;1;1;1,8;1;0,0
12032035001;1,0;1;full_horizon_lead_time_percentile_n_plus_one;;1;1;1;1,8;1;0,0
12032072001;1,0;1;full_horizon_lead_time_percentile_n_plus_one;;1;1;1;1,8;1;0,0
12032121001;1,5;2;full_horizon_lead_time_percentile_n_plus_one;;1;14;14;13,5;13;0,5
12032227001;1,0;1;full_horizon_lead_time_percentile_n_plus_one;;2;4;4;4,5;4;0,0
12032540001;1,0;1;full_horizon_lead_time_percentile_n_plus_one;;1;1;1;1,8;1;0,0
12032541001;2,0;2;full_horizon_lead_time_percentile_n_plus_one;;2;8;8;8,1;8;0,0
12034001001;2,0;2;full_horizon_lead_time_percentile_n_plus_one;;0;1;1;1,8;1;0,0
12034025001;2,0;2;full_horizon_lead_time_percentile_n_plus_one;;1;1;1;1,8;1;0,0
12034051001;2,0;2;full_horizon_lead_time_percentile_n_plus_one;;3;14;14;13,5;13;0,5
12034053001;2,0;2;full_horizon_lead_time_percentile_n_plus_one;;3;7;7;7,2;7;0,0
12034063001;2,0;2;full_horizon_lead_time_percentile_n_plus_one;;1;1;1;1,8;1;0,0
12034071001;2,0;2;full_horizon_lead_time_percentile_n_plus_one;;1;1;1;1,8;1;0,0
12034075001;9,0;9;full_horizon_lead_time_percentile_n_plus_one;;25;21;21;19,8;19;0,8000000000000007
12034085001;6,5;7;full_horizon_lead_time_percentile_n_plus_one;;2;14;14;13,5;13;0,5
12034100001;2,0;2;full_horizon_lead_time_percentile_n_plus_one;;1;4;4;4,5;4;0,0
12034103001;2,0;2;full_horizon_lead_time_percentile_n_plus_one;;0;1;1;1,8;1;0,0
12034104001;2,0;2;full_horizon_lead_time_percentile_n_plus_one;;4;16;16;15,3;15;0,3000000000000007
12034154001;1,0;1;full_horizon_lead_time_percentile_n_plus_one;;1;1;1;1,8;1;0,0
12034167001;1,0;1;full_horizon_lead_time_percentile_n_plus_one;;1;1;1;1,8;1;0,0
12034171001;1,0;1;full_horizon_lead_time_percentile_n_plus_one;;1;1;1;1,8;1;0,0
12034201001;1,0;1;full_horizon_lead_time_percentile_n_plus_one;;3;10;10;9,9;9;0,9000000000000004
12034211001;1,0;1;full_horizon_lead_time_percentile_n_plus_one;;2;12;12;11,700000000000001;11;0,7000000000000011
12100002001;6,0;6;full_horizon_lead_time_percentile_n_plus_one;;6;9;9;9,0;9;0,0
12100003001;14,0;14;full_horizon_lead_time_percentile_n_plus_one;;18;7;7;7,2;7;0,0
12100008001;2,0;2;full_horizon_lead_time_percentile_n_plus_one;;2;8;8;8,1;8;0,0
12100009001;7,9000000000000075;8;full_horizon_lead_time_percentile_n_plus_one;;2;12;12;11,700000000000001;11;0,7000000000000011
12100011001;8,0;8;full_horizon_lead_time_percentile_n_plus_one;;22;19;19;18,0;18;0,0
12100012001;10,0;10;full_horizon_lead_time_percentile_n_plus_one;;11;6;6;6,3;6;0,0
12100013001;7,600000000000001;8;full_horizon_lead_time_percentile_n_plus_one;;20;21;21;19,8;19;0,8000000000000007
12100017001;2,0;2;full_horizon_lead_time_percentile_n_plus_one;;1;1;1;1,8;1;0,0
12100018001;8,200000000000006;9;full_horizon_lead_time_percentile_n_plus_one;;9;12;12;11,700000000000001;11;0,7000000000000011
12100019001;2,0;2;full_horizon_lead_time_percentile_n_plus_one;;1;1;1;1,8;1;0,0
12100023001;4,0;4;full_horizon_lead_time_percentile_n_plus_one;;13;21;21;19,8;19;0,8000000000000007
12100026001;20,400000000000002;21;full_horizon_lead_time_percentile_n_plus_one;;35;21;21;19,8;19;0,8000000000000007
12100027001;22,199999999999996;23;full_horizon_lead_time_percentile_n_plus_one;;12;13;13;12,6;12;0,5999999999999996
12100028001;8,400000000000002;9;full_horizon_lead_time_percentile_n_plus_one;;10;15;15;14,4;14;0,40000000000000036
12100039001;14,2;15;full_horizon_lead_time_percentile_n_plus_one;;77;17;17;16,2;16;0,1999999999999993
12100040001;10,0;10;full_horizon_lead_time_percentile_n_plus_one;;5;9;9;9,0;9;0,0
12100046001;6,800000000000004;7;full_horizon_lead_time_percentile_n_plus_one;;8;12;12;11,700000000000001;11;0,7000000000000011
12100051001;1,0;1;full_horizon_lead_time_percentile_n_plus_one;;5;21;21;19,8;19;0,8000000000000007
12100056001;2,0;2;full_horizon_lead_time_percentile_n_plus_one;;2;14;14;13,5;13;0,5
12100059001;6,0;6;full_horizon_lead_time_percentile_n_plus_one;;3;6;6;6,3;6;0,0
12100061001;2,0;2;full_horizon_lead_time_percentile_n_plus_one;;2;5;5;5,4;5;0,0
12100069001;2,1000000000000014;3;full_horizon_lead_time_percentile_n_plus_one;;4;18;18;17,1;17;0,10000000000000142
12100078001;1,0;1;full_horizon_lead_time_percentile_n_plus_one;;1;2;2;2,7;2;0,0
12100091001;2,0;2;full_horizon_lead_time_percentile_n_plus_one;;3;7;7;7,2;7;0,0
12100092001;2,6000000000000014;3;full_horizon_lead_time_percentile_n_plus_one;;3;11;11;10,8;10;0,8000000000000007
12100093001;1,0;1;full_horizon_lead_time_percentile_n_plus_one;;3;19;19;18,0;18;0,0
12100101001;5,0;5;full_horizon_lead_time_percentile_n_plus_one;;4;7;7;7,2;7;0,0
12100103001;4,0;4;full_horizon_lead_time_percentile_n_plus_one;;5;5;5;5,4;5;0,0
12101001002;6,0;6;full_horizon_lead_time_percentile_n_plus_one;;1;1;1;1,8;1;0,0
12101003001;2,0;2;full_horizon_lead_time_percentile_n_plus_one;;10;20;20;18,900000000000002;18;0,9000000000000021
12101004001;4,900000000000002;5;full_horizon_lead_time_percentile_n_plus_one;;15;20;20;18,900000000000002;18;0,9000000000000021
12101005001;1,0;1;full_horizon_lead_time_percentile_n_plus_one;;4;13;13;12,6;12;0,5999999999999996
12101010001;15,0;15;full_horizon_lead_time_percentile_n_plus_one;;5;9;9;9,0;9;0,0
12101016001;1,4000000000000004;2;full_horizon_lead_time_percentile_n_plus_one;;2;15;15;14,4;14;0,40000000000000036
12101020001;5,400000000000002;6;full_horizon_lead_time_percentile_n_plus_one;;1;21;21;19,8;19;0,8000000000000007
12101033001;1,0;1;full_horizon_lead_time_percentile_n_plus_one;;4;21;21;19,8;19;0,8000000000000007
12101040002;1,0;1;full_horizon_lead_time_percentile_n_plus_one;;1;1;1;1,8;1;0,0
12102010001;1,9000000000000021;2;full_horizon_lead_time_percentile_n_plus_one;;5;20;20;18,900000000000002;18;0,9000000000000021
12102013001;6,399999999999999;7;full_horizon_lead_time_percentile_n_plus_one;;10;17;17;16,2;16;0,1999999999999993
12102016001;6,0;6;full_horizon_lead_time_percentile_n_plus_one;;6;19;19;18,0;18;0,0
12102020001;2,0;2;full_horizon_lead_time_percentile_n_plus_one;;6;9;9;9,0;9;0,0
12102021001;4,0;4;full_horizon_lead_time_percentile_n_plus_one;;2;1;1;1,8;1;0,0
12102022001;1,0;1;full_horizon_lead_time_percentile_n_plus_one;;2;5;5;5,4;5;0,0
12102024001;6,0;6;full_horizon_lead_time_percentile_n_plus_one;;2;5;5;5,4;5;0,0
12102026001;2,0;2;full_horizon_lead_time_percentile_n_plus_one;;7;16;16;15,3;15;0,3000000000000007
12102033001;1,700000000000001;2;full_horizon_lead_time_percentile_n_plus_one;;3;12;12;11,700000000000001;11;0,7000000000000011
12102035001;3,0;3;full_horizon_lead_time_percentile_n_plus_one;;9;19;19;18,0;18;0,0
12102041001;1,0;1;full_horizon_lead_time_percentile_n_plus_one;;2;6;6;6,3;6;0,0
12102042001;2,0;2;full_horizon_lead_time_percentile_n_plus_one;;3;6;6;6,3;6;0,0
12102046001;1,0;1;full_horizon_lead_time_percentile_n_plus_one;;2;13;13;12,6;12;0,5999999999999996
12102057001;4,600000000000001;5;full_horizon_lead_time_percentile_n_plus_one;;8;16;16;15,3;15;0,3000000000000007
12102058001;3,8000000000000007;4;full_horizon_lead_time_percentile_n_plus_one;;7;15;15;14,4;14;0,40000000000000036
12102059001;1,1000000000000014;2;full_horizon_lead_time_percentile_n_plus_one;;6;18;18;17,1;17;0,10000000000000142
12102060001;10,0;10;full_horizon_lead_time_percentile_n_plus_one;;1;1;1;1,8;1;0,0
12102067001;1,0;1;full_horizon_lead_time_percentile_n_plus_one;;2;4;4;4,5;4;0,0
12102080001;3,0;3;full_horizon_lead_time_percentile_n_plus_one;;18;21;21;19,8;19;0,8000000000000007
12102087001;2,0;2;full_horizon_lead_time_percentile_n_plus_one;;7;19;19;18,0;18;0,0
12102091001;1,4000000000000004;2;full_horizon_lead_time_percentile_n_plus_one;;4;15;15;14,4;14;0,40000000000000036
12102095001;11,400000000000002;12;full_horizon_lead_time_percentile_n_plus_one;;40;21;21;19,8;19;0,8000000000000007
12102100001;1,0;1;full_horizon_lead_time_percentile_n_plus_one;;1;1;1;1,8;1;0,0
12102112002;1,4000000000000004;2;full_horizon_lead_time_percentile_n_plus_one;;5;15;15;14,4;14;0,40000000000000036
12102116001;2,0;2;full_horizon_lead_time_percentile_n_plus_one;;6;21;21;19,8;19;0,8000000000000007
12102118001;1,0;1;full_horizon_lead_time_percentile_n_plus_one;;1;1;1;1,8;1;0,0
12102122001;2,0;2;full_horizon_lead_time_percentile_n_plus_one;;2;9;9;9,0;9;0,0
12102132001;2,0;2;full_horizon_lead_time_percentile_n_plus_one;;5;13;13;12,6;12;0,5999999999999996
12102140001;12,0;12;full_horizon_lead_time_percentile_n_plus_one;;59;20;20;18,900000000000002;18;0,9000000000000021
12102142001;5,600000000000001;6;full_horizon_lead_time_percentile_n_plus_one;;15;21;21;19,8;19;0,8000000000000007
12102144001;1,0;1;full_horizon_lead_time_percentile_n_plus_one;;2;2;2;2,7;2;0,0
12102997001;52,0;52;full_horizon_lead_time_percentile_n_plus_one;;3;2;2;2,7;2;0,0
12103004001;2,0;2;full_horizon_lead_time_percentile_n_plus_one;;8;20;20;18,900000000000002;18;0,9000000000000021
12103005001;1,0;1;full_horizon_lead_time_percentile_n_plus_one;;1;1;1;1,8;1;0,0
12103008001;3,8000000000000007;4;full_horizon_lead_time_percentile_n_plus_one;;33;21;21;19,8;19;0,8000000000000007
12103011001;9,0;9;full_horizon_lead_time_percentile_n_plus_one;;6;11;11;10,8;10;0,8000000000000007
12103016001;4,800000000000004;5;full_horizon_lead_time_percentile_n_plus_one;;5;12;12;11,700000000000001;11;0,7000000000000011
12103024001;7,5;8;full_horizon_lead_time_percentile_n_plus_one;;6;14;14;13,5;13;0,5
12103025001;12,0;12;full_horizon_lead_time_percentile_n_plus_one;;0;4;4;4,5;4;0,0
12103026001;8,0;8;full_horizon_lead_time_percentile_n_plus_one;;7;20;20;18,900000000000002;18;0,9000000000000021
12103027001;45,60000000000001;46;full_horizon_lead_time_percentile_n_plus_one;;38;21;21;19,8;19;0,8000000000000007
12103029001;9,0;9;full_horizon_lead_time_percentile_n_plus_one;;4;4;4;4,5;4;0,0
12103030001;12,0;12;full_horizon_lead_time_percentile_n_plus_one;;13;20;20;18,900000000000002;18;0,9000000000000021
12103031001;1,0;1;full_horizon_lead_time_percentile_n_plus_one;;3;7;7;7,2;7;0,0
12103039001;2,0;2;full_horizon_lead_time_percentile_n_plus_one;;2;7;7;7,2;7;0,0
12103040001;2,0;2;full_horizon_lead_time_percentile_n_plus_one;;4;14;14;13,5;13;0,5
12103041001;9,0;9;full_horizon_lead_time_percentile_n_plus_one;;3;7;7;7,2;7;0,0
12103047001;3,0;3;full_horizon_lead_time_percentile_n_plus_one;;2;5;5;5,4;5;0,0
12103060001;6,000000000000014;7;full_horizon_lead_time_percentile_n_plus_one;;6;18;18;17,1;17;0,10000000000000142
12103066001;1,0;1;full_horizon_lead_time_percentile_n_plus_one;;1;1;1;1,8;1;0,0
12103072001;2,0;2;full_horizon_lead_time_percentile_n_plus_one;;2;2;2;2,7;2;0,0
12103080001;6,0;6;full_horizon_lead_time_percentile_n_plus_one;;3;7;7;7,2;7;0,0
12103081001;36,0;36;full_horizon_lead_time_percentile_n_plus_one;;0;1;1;1,8;1;0,0
12103083001;12,0;12;full_horizon_lead_time_percentile_n_plus_one;;1;1;1;1,8;1;0,0
12103089001;3,0;3;full_horizon_lead_time_percentile_n_plus_one;;4;18;18;17,1;17;0,10000000000000142
12103098001;3,0;3;full_horizon_lead_time_percentile_n_plus_one;;1;1;1;1,8;1;0,0
12103099001;3,0;3;full_horizon_lead_time_percentile_n_plus_one;;1;1;1;1,8;1;0,0
12103101001;3,0;3;full_horizon_lead_time_percentile_n_plus_one;;7;18;18;17,1;17;0,10000000000000142
12103105001;9,599999999999987;10;full_horizon_lead_time_percentile_n_plus_one;;7;17;17;16,2;16;0,1999999999999993
12103125001;2,700000000000001;3;full_horizon_lead_time_percentile_n_plus_one;;7;12;12;11,700000000000001;11;0,7000000000000011
12103144001;4,399999999999999;5;full_horizon_lead_time_percentile_n_plus_one;;5;17;17;16,2;16;0,1999999999999993
12103154001;8,0;8;full_horizon_lead_time_percentile_n_plus_one;;1;1;1;1,8;1;0,0
12103160001;2,0;2;full_horizon_lead_time_percentile_n_plus_one;;2;20;20;18,900000000000002;18;0,9000000000000021
12103179001;1,0;1;full_horizon_lead_time_percentile_n_plus_one;;0;1;1;1,8;1;0,0
12103183001;2,7000000000000064;3;full_horizon_lead_time_percentile_n_plus_one;;1;20;20;18,900000000000002;18;0,9000000000000021
12104001001;5,0;5;full_horizon_lead_time_percentile_n_plus_one;;4;2;2;2,7;2;0,0
12104003001;12,0;12;full_horizon_lead_time_percentile_n_plus_one;;19;19;19;18,0;18;0,0
12104011001;9,300000000000004;10;full_horizon_lead_time_percentile_n_plus_one;;7;18;18;17,1;17;0,10000000000000142
12104015001;3,3000000000000043;4;full_horizon_lead_time_percentile_n_plus_one;;1;18;18;17,1;17;0,10000000000000142
12104021001;12,800000000000004;13;full_horizon_lead_time_percentile_n_plus_one;;10;15;15;14,4;14;0,40000000000000036
12104027001;1,0;1;full_horizon_lead_time_percentile_n_plus_one;;1;1;1;1,8;1;0,0
12105001001;4,399999999999999;5;full_horizon_lead_time_percentile_n_plus_one;;12;17;17;16,2;16;0,1999999999999993
12105002001;1,0;1;full_horizon_lead_time_percentile_n_plus_one;;1;1;1;1,8;1;0,0
12105005001;4,0;4;full_horizon_lead_time_percentile_n_plus_one;;3;5;5;5,4;5;0,0
12105006001;3,5;4;full_horizon_lead_time_percentile_n_plus_one;;6;14;14;13,5;13;0,5
12105009001;7,200000000000003;8;full_horizon_lead_time_percentile_n_plus_one;;19;21;21;19,8;19;0,8000000000000007
12105012001;1,0;1;full_horizon_lead_time_percentile_n_plus_one;;2;5;5;5,4;5;0,0
12105013001;1,0;1;full_horizon_lead_time_percentile_n_plus_one;;2;19;19;18,0;18;0,0
12105018001;1,0;1;full_horizon_lead_time_percentile_n_plus_one;;0;1;1;1,8;1;0,0
12105021001;1,9000000000000021;2;full_horizon_lead_time_percentile_n_plus_one;;5;20;20;18,900000000000002;18;0,9000000000000021
12105025001;2,0;2;full_horizon_lead_time_percentile_n_plus_one;;2;1;1;1,8;1;0,0
12105034001;6,199999999999999;7;full_horizon_lead_time_percentile_n_plus_one;;13;17;17;16,2;16;0,1999999999999993
12105036001;2,0;2;full_horizon_lead_time_percentile_n_plus_one;;1;1;1;1,8;1;0,0
12105043002;1,0;1;full_horizon_lead_time_percentile_n_plus_one;;8;21;21;19,8;19;0,8000000000000007
12105044001;1,3000000000000007;2;full_horizon_lead_time_percentile_n_plus_one;;3;16;16;15,3;15;0,3000000000000007
12105045001;6,0;6;full_horizon_lead_time_percentile_n_plus_one;;15;19;19;18,0;18;0,0
12105047001;1,0;1;full_horizon_lead_time_percentile_n_plus_one;;3;4;4;4,5;4;0,0
12105051001;3,0;3;full_horizon_lead_time_percentile_n_plus_one;;4;14;14;13,5;13;0,5
12105051002;1,5999999999999996;2;full_horizon_lead_time_percentile_n_plus_one;;2;13;13;12,6;12;0,5999999999999996
12105058001;1,0;1;full_horizon_lead_time_percentile_n_plus_one;;5;20;20;18,900000000000002;18;0,9000000000000021
12105059001;1,0;1;full_horizon_lead_time_percentile_n_plus_one;;3;20;20;18,900000000000002;18;0,9000000000000021
12105066001;4,0;4;full_horizon_lead_time_percentile_n_plus_one;;9;19;19;18,0;18;0,0
12105067001;2,900000000000002;3;full_horizon_lead_time_percentile_n_plus_one;;9;20;20;18,900000000000002;18;0,9000000000000021
12105068001;1,2000000000000028;2;full_horizon_lead_time_percentile_n_plus_one;;3;18;18;17,1;17;0,10000000000000142
12105070001;1,5;2;full_horizon_lead_time_percentile_n_plus_one;;4;14;14;13,5;13;0,5
12105071001;1,5999999999999996;2;full_horizon_lead_time_percentile_n_plus_one;;2;13;13;12,6;12;0,5999999999999996
12105072001;1,4000000000000057;2;full_horizon_lead_time_percentile_n_plus_one;;6;18;18;17,1;17;0,10000000000000142
12106001001;25,200000000000003;26;full_horizon_lead_time_percentile_n_plus_one;;25;21;21;19,8;19;0,8000000000000007
12106002001;1,0;1;full_horizon_lead_time_percentile_n_plus_one;;1;1;1;1,8;1;0,0
12106004001;5,0;5;full_horizon_lead_time_percentile_n_plus_one;;2;8;8;8,1;8;0,0
12106005001;1,0;1;full_horizon_lead_time_percentile_n_plus_one;;1;1;1;1,8;1;0,0
12106006001;4,800000000000004;5;full_horizon_lead_time_percentile_n_plus_one;;14;20;20;18,900000000000002;18;0,9000000000000021
12106007001;2,0;2;full_horizon_lead_time_percentile_n_plus_one;;3;9;9;9,0;9;0,0
12106012001;1,5;2;full_horizon_lead_time_percentile_n_plus_one;;2;14;14;13,5;13;0,5
12106014001;1,0;1;full_horizon_lead_time_percentile_n_plus_one;;3;16;16;15,3;15;0,3000000000000007
12106016002;5,0;5;full_horizon_lead_time_percentile_n_plus_one;;9;19;19;18,0;18;0,0
12106019001;1,0;1;full_horizon_lead_time_percentile_n_plus_one;;7;19;19;18,0;18;0,0
12106027001;10,0;10;full_horizon_lead_time_percentile_n_plus_one;;2;9;9;9,0;9;0,0
12106029001;2,0;2;full_horizon_lead_time_percentile_n_plus_one;;2;9;9;9,0;9;0,0
12106030001;16,0;16;full_horizon_lead_time_percentile_n_plus_one;;12;17;17;16,2;16;0,1999999999999993
12106031001;1,0;1;full_horizon_lead_time_percentile_n_plus_one;;3;6;6;6,3;6;0,0
12106034001;1,0;1;full_horizon_lead_time_percentile_n_plus_one;;1;1;1;1,8;1;0,0
12106035001;1,0;1;full_horizon_lead_time_percentile_n_plus_one;;2;15;15;14,4;14;0,40000000000000036
12106038001;4,0;4;full_horizon_lead_time_percentile_n_plus_one;;4;9;9;9,0;9;0,0
12106039001;1,0;1;full_horizon_lead_time_percentile_n_plus_one;;4;15;15;14,4;14;0,40000000000000036
12106040001;1,0;1;full_horizon_lead_time_percentile_n_plus_one;;1;1;1;1,8;1;0,0
12106044001;3,0;3;full_horizon_lead_time_percentile_n_plus_one;;13;20;20;18,900000000000002;18;0,9000000000000021
12106055001;1,0;1;full_horizon_lead_time_percentile_n_plus_one;;2;14;14;13,5;13;0,5
12106056001;1,0;1;full_horizon_lead_time_percentile_n_plus_one;;2;18;18;17,1;17;0,10000000000000142
12106063001;1,8000000000000007;2;full_horizon_lead_time_percentile_n_plus_one;;2;11;11;10,8;10;0,8000000000000007
12106064001;5,100000000000003;6;full_horizon_lead_time_percentile_n_plus_one;;5;12;12;11,700000000000001;11;0,7000000000000011
12106066001;1,0;1;full_horizon_lead_time_percentile_n_plus_one;;1;1;1;1,8;1;0,0
12106067001;3,5;4;full_horizon_lead_time_percentile_n_plus_one;;4;14;14;13,5;13;0,5
12106070001;1,0;1;full_horizon_lead_time_percentile_n_plus_one;;2;20;20;18,900000000000002;18;0,9000000000000021
12106073001;1,0;1;full_horizon_lead_time_percentile_n_plus_one;;3;19;19;18,0;18;0,0
12106086001;1,0;1;full_horizon_lead_time_percentile_n_plus_one;;2;11;11;10,8;10;0,8000000000000007
12106087001;2,0;2;full_horizon_lead_time_percentile_n_plus_one;;3;9;9;9,0;9;0,0
12106088001;1,1999999999999993;2;full_horizon_lead_time_percentile_n_plus_one;;2;17;17;16,2;16;0,1999999999999993
12106097001;3,900000000000002;4;full_horizon_lead_time_percentile_n_plus_one;;19;20;20;18,900000000000002;18;0,9000000000000021
12106098001;1,0;1;full_horizon_lead_time_percentile_n_plus_one;;3;7;7;7,2;7;0,0
12106101001;1,0;1;full_horizon_lead_time_percentile_n_plus_one;;2;8;8;8,1;8;0,0
12106105001;17,60000000000001;18;full_horizon_lead_time_percentile_n_plus_one;;86;20;20;18,900000000000002;18;0,9000000000000021
12106107001;3,6000000000000014;4;full_horizon_lead_time_percentile_n_plus_one;;6;15;15;14,4;14;0,40000000000000036
12106113001;3,0;3;full_horizon_lead_time_percentile_n_plus_one;;2;3;3;3,6;3;0,0
12106999001;1,0;1;full_horizon_lead_time_percentile_n_plus_one;;2;11;11;10,8;10;0,8000000000000007
12110015001;1,8000000000000007;2;full_horizon_lead_time_percentile_n_plus_one;;1;11;11;10,8;10;0,8000000000000007
12110016001;2,0;2;full_horizon_lead_time_percentile_n_plus_one;;2;9;9;9,0;9;0,0
12110022001;2,0;2;full_horizon_lead_time_percentile_n_plus_one;;9;19;19;18,0;18;0,0
12110028001;2,0;2;full_horizon_lead_time_percentile_n_plus_one;;5;15;15;14,4;14;0,40000000000000036
12110037001;1,0;1;full_horizon_lead_time_percentile_n_plus_one;;2;18;18;17,1;17;0,10000000000000142
12110059001;2,0;2;full_horizon_lead_time_percentile_n_plus_one;;2;3;3;3,6;3;0,0
12110068001;2,0;2;full_horizon_lead_time_percentile_n_plus_one;;2;5;5;5,4;5;0,0
12110074001;1,0;1;full_horizon_lead_time_percentile_n_plus_one;;1;18;18;17,1;17;0,10000000000000142
12111014001;1,0;1;full_horizon_lead_time_percentile_n_plus_one;;2;7;7;7,2;7;0,0
12111030001;2,0;2;full_horizon_lead_time_percentile_n_plus_one;;6;15;15;14,4;14;0,40000000000000036
12112002001;5,100000000000003;6;full_horizon_lead_time_percentile_n_plus_one;;5;12;12;11,700000000000001;11;0,7000000000000011
12112025001;2,5;3;full_horizon_lead_time_percentile_n_plus_one;;6;14;14;13,5;13;0,5
12112026001;1,0;1;full_horizon_lead_time_percentile_n_plus_one;;2;13;13;12,6;12;0,5999999999999996
12120001001;33,6;34;full_horizon_lead_time_percentile_n_plus_one;;34;21;21;19,8;19;0,8000000000000007
12120004001;5,600000000000001;6;full_horizon_lead_time_percentile_n_plus_one;;3;21;21;19,8;19;0,8000000000000007
12120006001;9,400000000000002;10;full_horizon_lead_time_percentile_n_plus_one;;17;21;21;19,8;19;0,8000000000000007
12120007001;5,800000000000004;6;full_horizon_lead_time_percentile_n_plus_one;;14;20;20;18,900000000000002;18;0,9000000000000021
12120011001;24,0;24;full_horizon_lead_time_percentile_n_plus_one;;0;2;2;2,7;2;0,0
12120015001;6,399999999999999;7;full_horizon_lead_time_percentile_n_plus_one;;6;17;17;16,2;16;0,1999999999999993
12120018001;2,0;2;full_horizon_lead_time_percentile_n_plus_one;;5;20;20;18,900000000000002;18;0,9000000000000021
12120024001;6,0;6;full_horizon_lead_time_percentile_n_plus_one;;7;17;17;16,2;16;0,1999999999999993
12120031001;12,0;12;full_horizon_lead_time_percentile_n_plus_one;;0;3;3;3,6;3;0,0
12120034001;9,600000000000003;10;full_horizon_lead_time_percentile_n_plus_one;;8;15;15;14,4;14;0,40000000000000036
12120038001;20,400000000000034;21;full_horizon_lead_time_percentile_n_plus_one;;18;18;18;17,1;17;0,10000000000000142
12120039001;3,8000000000000043;4;full_horizon_lead_time_percentile_n_plus_one;;8;20;20;18,900000000000002;18;0,9000000000000021
12120040001;2,0;2;full_horizon_lead_time_percentile_n_plus_one;;1;1;1;1,8;1;0,0
12120052001;22,800000000000004;23;full_horizon_lead_time_percentile_n_plus_one;;45;21;21;19,8;19;0,8000000000000007
12120053001;10,600000000000001;11;full_horizon_lead_time_percentile_n_plus_one;;19;16;16;15,3;15;0,3000000000000007
12120064001;24,0;24;full_horizon_lead_time_percentile_n_plus_one;;4;4;4;4,5;4;0,0
12120065001;3,0;3;full_horizon_lead_time_percentile_n_plus_one;;1;1;1;1,8;1;0,0
12120072001;4,0;4;full_horizon_lead_time_percentile_n_plus_one;;1;21;21;19,8;19;0,8000000000000007
12120085001;1,0;1;full_horizon_lead_time_percentile_n_plus_one;;2;21;21;19,8;19;0,8000000000000007
12120086001;5,600000000000001;6;full_horizon_lead_time_percentile_n_plus_one;;2;15;15;14,4;14;0,40000000000000036
12120087001;4,0;4;full_horizon_lead_time_percentile_n_plus_one;;1;1;1;1,8;1;0,0
12120088001;5,199999999999996;6;full_horizon_lead_time_percentile_n_plus_one;;9;17;17;16,2;16;0,1999999999999993
12120090001;2,0;2;full_horizon_lead_time_percentile_n_plus_one;;0;1;1;1,8;1;0,0
12120091001;2,0;2;full_horizon_lead_time_percentile_n_plus_one;;2;4;4;4,5;4;0,0
12120898001;8,0;8;full_horizon_lead_time_percentile_n_plus_one;;11;19;19;18,0;18;0,0
12121004001;24,0;24;full_horizon_lead_time_percentile_n_plus_one;;43;21;21;19,8;19;0,8000000000000007
12121006002;2,400000000000002;3;full_horizon_lead_time_percentile_n_plus_one;;2;21;21;19,8;19;0,8000000000000007
12121007001;10,0;10;full_horizon_lead_time_percentile_n_plus_one;;2;4;4;4,5;4;0,0
12121010001;48,0;48;full_horizon_lead_time_percentile_n_plus_one;;0;2;2;2,7;2;0,0
12121023001;14,700000000000006;15;full_horizon_lead_time_percentile_n_plus_one;;21;20;20;18,900000000000002;18;0,9000000000000021
12121024001;7,0;7;full_horizon_lead_time_percentile_n_plus_one;;1;1;1;1,8;1;0,0
12121027001;2,6000000000000014;3;full_horizon_lead_time_percentile_n_plus_one;;3;15;15;14,4;14;0,40000000000000036
12121032001;3,0;3;full_horizon_lead_time_percentile_n_plus_one;;1;1;1;1,8;1;0,0
12121034001;4,399999999999999;5;full_horizon_lead_time_percentile_n_plus_one;;20;17;17;16,2;16;0,1999999999999993
12121037001;5,400000000000002;6;full_horizon_lead_time_percentile_n_plus_one;;6;12;12;11,700000000000001;11;0,7000000000000011
12121038001;4,400000000000006;5;full_horizon_lead_time_percentile_n_plus_one;;9;18;18;17,1;17;0,10000000000000142
12121048001;9,0;9;full_horizon_lead_time_percentile_n_plus_one;;4;9;9;9,0;9;0,0
12121050001;6,0;6;full_horizon_lead_time_percentile_n_plus_one;;20;19;19;18,0;18;0,0
12121051001;20,0;20;full_horizon_lead_time_percentile_n_plus_one;;3;4;4;4,5;4;0,0
12121056001;5,600000000000001;6;full_horizon_lead_time_percentile_n_plus_one;;14;21;21;19,8;19;0,8000000000000007
12121059001;4,0;4;full_horizon_lead_time_percentile_n_plus_one;;11;9;9;9,0;9;0,0
12121066001;2,0;2;full_horizon_lead_time_percentile_n_plus_one;;2;19;19;18,0;18;0,0
12121078001;3,0;3;full_horizon_lead_time_percentile_n_plus_one;;3;5;5;5,4;5;0,0
12121087001;3,6000000000000014;4;full_horizon_lead_time_percentile_n_plus_one;;2;21;21;19,8;19;0,8000000000000007
12121091001;8,0;8;full_horizon_lead_time_percentile_n_plus_one;;13;21;21;19,8;19;0,8000000000000007
12121103001;3,0;3;full_horizon_lead_time_percentile_n_plus_one;;3;19;19;18,0;18;0,0
12122002002;17,400000000000002;18;full_horizon_lead_time_percentile_n_plus_one;;9;15;15;14,4;14;0,40000000000000036
12122005001;2,200000000000003;3;full_horizon_lead_time_percentile_n_plus_one;;4;18;18;17,1;17;0,10000000000000142
12122007001;6,300000000000004;7;full_horizon_lead_time_percentile_n_plus_one;;10;18;18;17,1;17;0,10000000000000142
12122008001;2,0;2;full_horizon_lead_time_percentile_n_plus_one;;4;5;5;5,4;5;0,0
12122009001;8,399999999999999;9;full_horizon_lead_time_percentile_n_plus_one;;7;13;13;12,6;12;0,5999999999999996
12122012001;21,30000000000001;22;full_horizon_lead_time_percentile_n_plus_one;;3;12;12;11,700000000000001;11;0,7000000000000011
12122014001;10,0;10;full_horizon_lead_time_percentile_n_plus_one;;7;17;17;16,2;16;0,1999999999999993
12122015001;6,0;6;full_horizon_lead_time_percentile_n_plus_one;;2;14;14;13,5;13;0,5
12122016001;5,600000000000001;6;full_horizon_lead_time_percentile_n_plus_one;;12;21;21;19,8;19;0,8000000000000007
12122021001;15,0;15;full_horizon_lead_time_percentile_n_plus_one;;9;20;20;18,900000000000002;18;0,9000000000000021
12122023002;9,0;9;full_horizon_lead_time_percentile_n_plus_one;;3;19;19;18,0;18;0,0
12122030001;4,399999999999999;5;full_horizon_lead_time_percentile_n_plus_one;;8;17;17;16,2;16;0,1999999999999993
12122034001;4,0;4;full_horizon_lead_time_percentile_n_plus_one;;12;20;20;18,900000000000002;18;0,9000000000000021
12122045001;3,1999999999999993;4;full_horizon_lead_time_percentile_n_plus_one;;5;17;17;16,2;16;0,1999999999999993
12122052001;13,800000000000004;14;full_horizon_lead_time_percentile_n_plus_one;;22;20;20;18,900000000000002;18;0,9000000000000021
12123001001;3,200000000000001;4;full_horizon_lead_time_percentile_n_plus_one;;2;15;15;14,4;14;0,40000000000000036
12123005001;6,0;6;full_horizon_lead_time_percentile_n_plus_one;;6;11;11;10,8;10;0,8000000000000007
12123013001;9,0;9;full_horizon_lead_time_percentile_n_plus_one;;8;19;19;18,0;18;0,0
12123014001;5,700000000000006;6;full_horizon_lead_time_percentile_n_plus_one;;9;20;20;18,900000000000002;18;0,9000000000000021
12123015001;11,200000000000003;12;full_horizon_lead_time_percentile_n_plus_one;;12;21;21;19,8;19;0,8000000000000007
12123016002;7,799999999999999;8;full_horizon_lead_time_percentile_n_plus_one;;3;13;13;12,6;12;0,5999999999999996
12123024001;3,900000000000002;4;full_horizon_lead_time_percentile_n_plus_one;;11;16;16;15,3;15;0,3000000000000007
12123025001;6,0;6;full_horizon_lead_time_percentile_n_plus_one;;1;2;2;2,7;2;0,0
12123029001;9,5;10;full_horizon_lead_time_percentile_n_plus_one;;13;14;14;13,5;13;0,5
12123031001;4,0;4;full_horizon_lead_time_percentile_n_plus_one;;3;6;6;6,3;6;0,0
12123034001;9,0;9;full_horizon_lead_time_percentile_n_plus_one;;12;19;19;18,0;18;0,0
12123038001;3,6000000000000014;4;full_horizon_lead_time_percentile_n_plus_one;;6;16;16;15,3;15;0,3000000000000007
12123042001;9,0;9;full_horizon_lead_time_percentile_n_plus_one;;12;19;19;18,0;18;0,0
12123055001;5,0;5;full_horizon_lead_time_percentile_n_plus_one;;5;8;8;8,1;8;0,0
12123056001;6,0;6;full_horizon_lead_time_percentile_n_plus_one;;6;17;17;16,2;16;0,1999999999999993
12123057001;12,400000000000002;13;full_horizon_lead_time_percentile_n_plus_one;;42;21;21;19,8;19;0,8000000000000007
12123063001;27,0;27;full_horizon_lead_time_percentile_n_plus_one;;38;19;19;18,0;18;0,0
12123064001;23,400000000000002;24;full_horizon_lead_time_percentile_n_plus_one;;44;21;21;19,8;19;0,8000000000000007
12123066001;6,0;6;full_horizon_lead_time_percentile_n_plus_one;;14;19;19;18,0;18;0,0
12123068001;2,0;2;full_horizon_lead_time_percentile_n_plus_one;;4;14;14;13,5;13;0,5
12123069001;2,0;2;full_horizon_lead_time_percentile_n_plus_one;;12;21;21;19,8;19;0,8000000000000007
12123075001;6,800000000000001;7;full_horizon_lead_time_percentile_n_plus_one;;16;21;21;19,8;19;0,8000000000000007
12123077001;5,600000000000001;6;full_horizon_lead_time_percentile_n_plus_one;;24;21;21;19,8;19;0,8000000000000007
12123079001;9,600000000000009;10;full_horizon_lead_time_percentile_n_plus_one;;14;20;20;18,900000000000002;18;0,9000000000000021
12123080001;22,800000000000026;23;full_horizon_lead_time_percentile_n_plus_one;;5;20;20;18,900000000000002;18;0,9000000000000021
12123085001;11,700000000000006;12;full_horizon_lead_time_percentile_n_plus_one;;14;20;20;18,900000000000002;18;0,9000000000000021
12123086001;14,400000000000002;15;full_horizon_lead_time_percentile_n_plus_one;;28;21;21;19,8;19;0,8000000000000007
12123090001;4,0;4;full_horizon_lead_time_percentile_n_plus_one;;3;13;13;12,6;12;0,5999999999999996
12123096001;4,0;4;full_horizon_lead_time_percentile_n_plus_one;;4;21;21;19,8;19;0,8000000000000007
12123109001;3,0;3;full_horizon_lead_time_percentile_n_plus_one;;2;9;9;9,0;9;0,0
12123127001;5,200000000000003;6;full_horizon_lead_time_percentile_n_plus_one;;5;21;21;19,8;19;0,8000000000000007
12123128001;3,8000000000000043;4;full_horizon_lead_time_percentile_n_plus_one;;6;20;20;18,900000000000002;18;0,9000000000000021
12123131001;9,0;9;full_horizon_lead_time_percentile_n_plus_one;;5;16;16;15,3;15;0,3000000000000007
12123132001;33,30000000000001;34;full_horizon_lead_time_percentile_n_plus_one;;2;12;12;11,700000000000001;11;0,7000000000000011
12123133001;3,6000000000000014;4;full_horizon_lead_time_percentile_n_plus_one;;3;11;11;10,8;10;0,8000000000000007
12123147001;11,0;11;full_horizon_lead_time_percentile_n_plus_one;;7;19;19;18,0;18;0,0
12123151001;1,0;1;full_horizon_lead_time_percentile_n_plus_one;;1;1;1;1,8;1;0,0
12123897001;8,8;9;full_horizon_lead_time_percentile_n_plus_one;;20;21;21;19,8;19;0,8000000000000007
12123898001;6,0;6;full_horizon_lead_time_percentile_n_plus_one;;7;17;17;16,2;16;0,1999999999999993
12125001001;3,0;3;full_horizon_lead_time_percentile_n_plus_one;;11;20;20;18,900000000000002;18;0,9000000000000021
12125004001;2,900000000000002;3;full_horizon_lead_time_percentile_n_plus_one;;10;20;20;18,900000000000002;18;0,9000000000000021
12125005001;1,0;1;full_horizon_lead_time_percentile_n_plus_one;;1;1;1;1,8;1;0,0
12125006001;3,599999999999998;4;full_horizon_lead_time_percentile_n_plus_one;;10;17;17;16,2;16;0,1999999999999993
12130001001;7,0;7;full_horizon_lead_time_percentile_n_plus_one;;5;20;20;18,900000000000002;18;0,9000000000000021
12130004001;8,799999999999997;9;full_horizon_lead_time_percentile_n_plus_one;;17;13;13;12,6;12;0,5999999999999996
12130008001;36,8;37;full_horizon_lead_time_percentile_n_plus_one;;52;21;21;19,8;19;0,8000000000000007
12130010001;11,400000000000002;12;full_horizon_lead_time_percentile_n_plus_one;;18;21;21;19,8;19;0,8000000000000007
12130011001;4,0;4;full_horizon_lead_time_percentile_n_plus_one;;2;4;4;4,5;4;0,0
12130012001;14,0;14;full_horizon_lead_time_percentile_n_plus_one;;4;8;8;8,1;8;0,0
12130016001;13,200000000000001;14;full_horizon_lead_time_percentile_n_plus_one;;7;15;15;14,4;14;0,40000000000000036
12130026001;24,0;24;full_horizon_lead_time_percentile_n_plus_one;;36;21;21;19,8;19;0,8000000000000007
12130031001;4,0;4;full_horizon_lead_time_percentile_n_plus_one;;10;21;21;19,8;19;0,8000000000000007
12130035001;2,0;2;full_horizon_lead_time_percentile_n_plus_one;;4;11;11;10,8;10;0,8000000000000007
12130038001;6,0;6;full_horizon_lead_time_percentile_n_plus_one;;0;1;1;1,8;1;0,0
12130041001;1,0;1;full_horizon_lead_time_percentile_n_plus_one;;1;1;1;1,8;1;0,0
12130045001;5,0;5;full_horizon_lead_time_percentile_n_plus_one;;27;19;19;18,0;18;0,0
12130047001;22,0;22;full_horizon_lead_time_percentile_n_plus_one;;6;6;6;6,3;6;0,0
12130048001;2,0;2;full_horizon_lead_time_percentile_n_plus_one;;2;2;2;2,7;2;0,0
12130049001;2,0;2;full_horizon_lead_time_percentile_n_plus_one;;7;14;14;13,5;13;0,5
12130051001;3,0;3;full_horizon_lead_time_percentile_n_plus_one;;0;4;4;4,5;4;0,0
12130052001;7,0;7;full_horizon_lead_time_percentile_n_plus_one;;3;7;7;7,2;7;0,0
12130071001;4,0;4;full_horizon_lead_time_percentile_n_plus_one;;2;14;14;13,5;13;0,5
12130075001;4,0;4;full_horizon_lead_time_percentile_n_plus_one;;18;19;19;18,0;18;0,0
12130084001;1,0;1;full_horizon_lead_time_percentile_n_plus_one;;1;1;1;1,8;1;0,0
12130085001;2,0;2;full_horizon_lead_time_percentile_n_plus_one;;3;18;18;17,1;17;0,10000000000000142
12130086001;15,0;15;full_horizon_lead_time_percentile_n_plus_one;;13;21;21;19,8;19;0,8000000000000007
12130088001;2,0;2;full_horizon_lead_time_percentile_n_plus_one;;2;13;13;12,6;12;0,5999999999999996
12130089001;2,0;2;full_horizon_lead_time_percentile_n_plus_one;;2;6;6;6,3;6;0,0
12130111001;3,0;3;full_horizon_lead_time_percentile_n_plus_one;;2;3;3;3,6;3;0,0
12130112001;6,0;6;full_horizon_lead_time_percentile_n_plus_one;;2;13;13;12,6;12;0,5999999999999996
12150005001;1,0;1;full_horizon_lead_time_percentile_n_plus_one;;4;20;20;18,900000000000002;18;0,9000000000000021
12150007001;1,0;1;full_horizon_lead_time_percentile_n_plus_one;;2;17;17;16,2;16;0,1999999999999993
12150009001;3,6000000000000014;4;full_horizon_lead_time_percentile_n_plus_one;;15;21;21;19,8;19;0,8000000000000007
12150016001;2,200000000000003;3;full_horizon_lead_time_percentile_n_plus_one;;12;18;18;17,1;17;0,10000000000000142
12150039001;1,0;1;full_horizon_lead_time_percentile_n_plus_one;;2;2;2;2,7;2;0,0
12151006001;1,0;1;full_horizon_lead_time_percentile_n_plus_one;;1;1;1;1,8;1;0,0
12151015001;3,1000000000000014;4;full_horizon_lead_time_percentile_n_plus_one;;13;18;18;17,1;17;0,10000000000000142
12151088001;1,0;1;full_horizon_lead_time_percentile_n_plus_one;;1;13;13;12,6;12;0,5999999999999996
12151089001;1,0;1;full_horizon_lead_time_percentile_n_plus_one;;2;17;17;16,2;16;0,1999999999999993
12151092001;2,0;2;full_horizon_lead_time_percentile_n_plus_one;;4;11;11;10,8;10;0,8000000000000007
12151094001;2,0;2;full_horizon_lead_time_percentile_n_plus_one;;4;6;6;6,3;6;0,0
12151096001;2,0;2;full_horizon_lead_time_percentile_n_plus_one;;5;19;19;18,0;18;0,0
12151110001;2,0;2;full_horizon_lead_time_percentile_n_plus_one;;2;7;7;7,2;7;0,0
12152004001;1,1999999999999993;2;full_horizon_lead_time_percentile_n_plus_one;;2;17;17;16,2;16;0,1999999999999993
12152062001;12,0;12;full_horizon_lead_time_percentile_n_plus_one;;3;8;8;8,1;8;0,0
12201064001;116,00000000000001;117;full_horizon_lead_time_percentile_n_plus_one;;9;21;21;19,8;19;0,8000000000000007
12201067001;114,00000000000003;115;full_horizon_lead_time_percentile_n_plus_one;;20;21;21;19,8;19;0,8000000000000007
12201077001;24,0;24;full_horizon_lead_time_percentile_n_plus_one;;0;2;2;2,7;2;0,0
12201080001;5,0;5;full_horizon_lead_time_percentile_n_plus_one;;25;20;20;18,900000000000002;18;0,9000000000000021
12201084001;93,00000000000004;94;full_horizon_lead_time_percentile_n_plus_one;;126;21;21;19,8;19;0,8000000000000007
12201099001;20,0;20;full_horizon_lead_time_percentile_n_plus_one;;1;1;1;1,8;1;0,0
12201103001;873,6000000000001;874;full_horizon_lead_time_percentile_n_plus_one;;137;21;21;19,8;19;0,8000000000000007
12201104001;792,0000000000001;793;full_horizon_lead_time_percentile_n_plus_one;;101;21;21;19,8;19;0,8000000000000007
12201110001;24,0;24;full_horizon_lead_time_percentile_n_plus_one;;12;19;19;18,0;18;0,0
12201111001;6,0;6;full_horizon_lead_time_percentile_n_plus_one;;3;16;16;15,3;15;0,3000000000000007
12201112001;8,400000000000002;9;full_horizon_lead_time_percentile_n_plus_one;;8;15;15;14,4;14;0,40000000000000036
12201129001;1,0;1;full_horizon_lead_time_percentile_n_plus_one;;1;5;5;5,4;5;0,0
12211017001;3,0;3;full_horizon_lead_time_percentile_n_plus_one;;6;8;8;8,1;8;0,0
12212003001;5,200000000000003;6;full_horizon_lead_time_percentile_n_plus_one;;3;16;16;15,3;15;0,3000000000000007
12212005001;21,0;21;full_horizon_lead_time_percentile_n_plus_one;;43;21;21;19,8;19;0,8000000000000007
12212006001;9,0;9;full_horizon_lead_time_percentile_n_plus_one;;11;19;19;18,0;18;0,0
12212010001;10,0;10;full_horizon_lead_time_percentile_n_plus_one;;1;1;1;1,8;1;0,0
12212011001;4,800000000000001;5;full_horizon_lead_time_percentile_n_plus_one;;13;21;21;19,8;19;0,8000000000000007
12212017001;3,0;3;full_horizon_lead_time_percentile_n_plus_one;;4;8;8;8,1;8;0,0
12212020001;2,0;2;full_horizon_lead_time_percentile_n_plus_one;;5;21;21;19,8;19;0,8000000000000007
12212030001;24,0;24;full_horizon_lead_time_percentile_n_plus_one;;3;18;18;17,1;17;0,10000000000000142
12212033001;17,0;17;full_horizon_lead_time_percentile_n_plus_one;;88;19;19;18,0;18;0,0
12212035001;6,800000000000001;7;full_horizon_lead_time_percentile_n_plus_one;;28;21;21;19,8;19;0,8000000000000007
12212036001;4,799999999999999;5;full_horizon_lead_time_percentile_n_plus_one;;4;13;13;12,6;12;0,5999999999999996
12212037001;6,0;6;full_horizon_lead_time_percentile_n_plus_one;;4;19;19;18,0;18;0,0
12212040001;2,0;2;full_horizon_lead_time_percentile_n_plus_one;;8;19;19;18,0;18;0,0
12212056001;2,0;2;full_horizon_lead_time_percentile_n_plus_one;;8;19;19;18,0;18;0,0
12212057001;2,0;2;full_horizon_lead_time_percentile_n_plus_one;;3;15;15;14,4;14;0,40000000000000036
12212058001;3,6000000000000014;4;full_horizon_lead_time_percentile_n_plus_one;;4;11;11;10,8;10;0,8000000000000007
12212059001;8,700000000000006;9;full_horizon_lead_time_percentile_n_plus_one;;9;20;20;18,900000000000002;18;0,9000000000000021
12212061001;23,400000000000002;24;full_horizon_lead_time_percentile_n_plus_one;;48;21;21;19,8;19;0,8000000000000007
12212062001;9,300000000000004;10;full_horizon_lead_time_percentile_n_plus_one;;8;18;18;17,1;17;0,10000000000000142
12212069001;16,0;16;full_horizon_lead_time_percentile_n_plus_one;;22;19;19;18,0;18;0,0
12230008001;2,0;2;full_horizon_lead_time_percentile_n_plus_one;;1;1;1;1,8;1;0,0
12230999001;2,0;2;full_horizon_lead_time_percentile_n_plus_one;;0;1;1;1,8;1;0,0
12231005001;5,0;5;full_horizon_lead_time_percentile_n_plus_one;;1;8;8;8,1;8;0,0
12232010001;2,0;2;full_horizon_lead_time_percentile_n_plus_one;;0;1;1;1,8;1;0,0
12232017001;3,0;3;full_horizon_lead_time_percentile_n_plus_one;;0;1;1;1,8;1;0,0
12232999001;7,5;8;full_horizon_lead_time_percentile_n_plus_one;;9;14;14;13,5;13;0,5
12233011001;2,0;2;full_horizon_lead_time_percentile_n_plus_one;;1;6;6;6,3;6;0,0
12233023001;10,200000000000017;11;full_horizon_lead_time_percentile_n_plus_one;;21;18;18;17,1;17;0,10000000000000142
12233028001;2,0;2;full_horizon_lead_time_percentile_n_plus_one;;0;1;1;1,8;1;0,0
12233034001;2,0;2;full_horizon_lead_time_percentile_n_plus_one;;3;4;4;4,5;4;0,0
12233035001;2,0;2;full_horizon_lead_time_percentile_n_plus_one;;2;4;4;4,5;4;0,0
12234005001;1,0;1;full_horizon_lead_time_percentile_n_plus_one;;1;1;1;1,8;1;0,0
12234029001;12,0;12;full_horizon_lead_time_percentile_n_plus_one;;25;21;21;19,8;19;0,8000000000000007
12234038001;1,0;1;full_horizon_lead_time_percentile_n_plus_one;;2;12;12;11,700000000000001;11;0,7000000000000011
12234901001;3,8000000000000043;4;full_horizon_lead_time_percentile_n_plus_one;;2;12;12;11,700000000000001;11;0,7000000000000011
12234915001;2,0;2;full_horizon_lead_time_percentile_n_plus_one;;2;12;12;11,700000000000001;11;0,7000000000000011
12234916001;2,0;2;full_horizon_lead_time_percentile_n_plus_one;;0;1;1;1,8;1;0,0
12234920001;1,0;1;full_horizon_lead_time_percentile_n_plus_one;;1;1;1;1,8;1;0,0
12234921001;1,0;1;full_horizon_lead_time_percentile_n_plus_one;;1;1;1;1,8;1;0,0
12234934001;1,0;1;full_horizon_lead_time_percentile_n_plus_one;;0;1;1;1,8;1;0,0
12301001001;5,0;5;full_horizon_lead_time_percentile_n_plus_one;;20;20;20;18,900000000000002;18;0,9000000000000021
12301004001;1,1999999999999993;2;full_horizon_lead_time_percentile_n_plus_one;;4;17;17;16,2;16;0,1999999999999993
12301010001;2,0;2;full_horizon_lead_time_percentile_n_plus_one;;8;20;20;18,900000000000002;18;0,9000000000000021
12301011001;6,0;6;full_horizon_lead_time_percentile_n_plus_one;;41;21;21;19,8;19;0,8000000000000007
12301023001;12,0;12;full_horizon_lead_time_percentile_n_plus_one;;4;21;21;19,8;19;0,8000000000000007
12301027001;16,799999999999994;17;full_horizon_lead_time_percentile_n_plus_one;;5;13;13;12,6;12;0,5999999999999996
12302044001;1,0;1;full_horizon_lead_time_percentile_n_plus_one;;2;3;3;3,6;3;0,0
12302047001;1,0;1;full_horizon_lead_time_percentile_n_plus_one;;1;1;1;1,8;1;0,0
12320030001;1,0;1;full_horizon_lead_time_percentile_n_plus_one;;2;8;8;8,1;8;0,0
12321040001;3,5;4;full_horizon_lead_time_percentile_n_plus_one;;2;14;14;13,5;13;0,5
12323010001;1,0;1;full_horizon_lead_time_percentile_n_plus_one;;2;4;4;4,5;4;0,0
12324139001;1,0;1;full_horizon_lead_time_percentile_n_plus_one;;2;5;5;5,4;5;0,0
12325047001;1,0;1;full_horizon_lead_time_percentile_n_plus_one;;2;14;14;13,5;13;0,5
12326002001;2,0;2;full_horizon_lead_time_percentile_n_plus_one;;1;1;1;1,8;1;0,0
12326005001;1,0;1;full_horizon_lead_time_percentile_n_plus_one;;1;1;1;1,8;1;0,0
12326090001;1,0;1;full_horizon_lead_time_percentile_n_plus_one;;1;7;7;7,2;7;0,0
12326152001;4,0;4;full_horizon_lead_time_percentile_n_plus_one;;9;8;8;8,1;8;0,0
12326167001;3,9000000000000004;4;full_horizon_lead_time_percentile_n_plus_one;;1;10;10;9,9;9;0,9000000000000004
12327002001;2,0;2;full_horizon_lead_time_percentile_n_plus_one;;2;4;4;4,5;4;0,0
12327007001;4,0;4;full_horizon_lead_time_percentile_n_plus_one;;3;9;9;9,0;9;0,0
12327009001;48,0;48;full_horizon_lead_time_percentile_n_plus_one;;6;14;14;13,5;13;0,5
12327014001;1,0;1;full_horizon_lead_time_percentile_n_plus_one;;1;1;1;1,8;1;0,0
12327015001;1,0;1;full_horizon_lead_time_percentile_n_plus_one;;1;1;1;1,8;1;0,0
12327022001;1,0;1;full_horizon_lead_time_percentile_n_plus_one;;1;1;1;1,8;1;0,0
12327023001;3,0;3;full_horizon_lead_time_percentile_n_plus_one;;3;6;6;6,3;6;0,0
12327025001;2,9000000000000004;3;full_horizon_lead_time_percentile_n_plus_one;;8;10;10;9,9;9;0,9000000000000004
12327027001;4,0;4;full_horizon_lead_time_percentile_n_plus_one;;4;11;11;10,8;10;0,8000000000000007
12327028001;24,0;24;full_horizon_lead_time_percentile_n_plus_one;;1;1;1;1,8;1;0,0
12327040001;11,0;11;full_horizon_lead_time_percentile_n_plus_one;;4;7;7;7,2;7;0,0
12327048001;1,8000000000000007;2;full_horizon_lead_time_percentile_n_plus_one;;6;11;11;10,8;10;0,8000000000000007
12327050001;2,0;2;full_horizon_lead_time_percentile_n_plus_one;;9;19;19;18,0;18;0,0
12327052001;1,1000000000000014;2;full_horizon_lead_time_percentile_n_plus_one;;3;18;18;17,1;17;0,10000000000000142
12327056001;24,0;24;full_horizon_lead_time_percentile_n_plus_one;;2;17;17;16,2;16;0,1999999999999993
12327057001;10,5;11;full_horizon_lead_time_percentile_n_plus_one;;28;14;14;13,5;13;0,5
12327058001;1,0;1;full_horizon_lead_time_percentile_n_plus_one;;1;1;1;1,8;1;0,0
12327059001;2,0;2;full_horizon_lead_time_percentile_n_plus_one;;3;18;18;17,1;17;0,10000000000000142
12327062001;2,0;2;full_horizon_lead_time_percentile_n_plus_one;;5;16;16;15,3;15;0,3000000000000007
12327063001;2,0;2;full_horizon_lead_time_percentile_n_plus_one;;2;1;1;1,8;1;0,0
12327064001;1,0;1;full_horizon_lead_time_percentile_n_plus_one;;3;5;5;5,4;5;0,0
12327077001;3,0;3;full_horizon_lead_time_percentile_n_plus_one;;2;3;3;3,6;3;0,0
12327086001;6,0;6;full_horizon_lead_time_percentile_n_plus_one;;0;1;1;1,8;1;0,0
12327088001;1,4000000000000004;2;full_horizon_lead_time_percentile_n_plus_one;;4;15;15;14,4;14;0,40000000000000036
12343304001;1,0;1;full_horizon_lead_time_percentile_n_plus_one;;1;1;1;1,8;1;0,0
12344036001;2,0;2;full_horizon_lead_time_percentile_n_plus_one;;1;1;1;1,8;1;0,0
12344037001;3,0;3;full_horizon_lead_time_percentile_n_plus_one;;2;3;3;3,6;3;0,0
14000002001;10,8;11;full_horizon_lead_time_percentile_n_plus_one;;84;21;21;19,8;19;0,8000000000000007
14000003001;27,50000000000001;28;full_horizon_lead_time_percentile_n_plus_one;;45;20;20;18,900000000000002;18;0,9000000000000021
14000006001;52,400000000000006;53;full_horizon_lead_time_percentile_n_plus_one;;256;21;21;19,8;19;0,8000000000000007
14000008001;10,500000000000007;11;full_horizon_lead_time_percentile_n_plus_one;;8;18;18;17,1;17;0,10000000000000142
14000010001;12,600000000000001;13;full_horizon_lead_time_percentile_n_plus_one;;60;21;21;19,8;19;0,8000000000000007
14000011001;23,8;24;full_horizon_lead_time_percentile_n_plus_one;;172;21;21;19,8;19;0,8000000000000007
14000014001;18,800000000000004;19;full_horizon_lead_time_percentile_n_plus_one;;95;21;21;19,8;19;0,8000000000000007
14000015001;7,0;7;full_horizon_lead_time_percentile_n_plus_one;;22;21;21;19,8;19;0,8000000000000007
14000018001;5,900000000000002;6;full_horizon_lead_time_percentile_n_plus_one;;34;20;20;18,900000000000002;18;0,9000000000000021
14000020001;1,0;1;full_horizon_lead_time_percentile_n_plus_one;;1;4;4;4,5;4;0,0
14000021001;6,800000000000001;7;full_horizon_lead_time_percentile_n_plus_one;;41;21;21;19,8;19;0,8000000000000007
14000022001;22,6;23;full_horizon_lead_time_percentile_n_plus_one;;134;21;21;19,8;19;0,8000000000000007
14000023001;1,0;1;full_horizon_lead_time_percentile_n_plus_one;;2;19;19;18,0;18;0,0
14000025001;2,0;2;full_horizon_lead_time_percentile_n_plus_one;;0;1;1;1,8;1;0,0
14000027001;14,400000000000002;15;full_horizon_lead_time_percentile_n_plus_one;;74;21;21;19,8;19;0,8000000000000007
14000032001;44,599999999999994;45;full_horizon_lead_time_percentile_n_plus_one;;280;21;21;19,8;19;0,8000000000000007
14000033001;17,200000000000003;18;full_horizon_lead_time_percentile_n_plus_one;;79;21;21;19,8;19;0,8000000000000007
14000036001;1,4000000000000004;2;full_horizon_lead_time_percentile_n_plus_one;;10;15;15;14,4;14;0,40000000000000036
14000039001;35,6;36;full_horizon_lead_time_percentile_n_plus_one;;300;21;21;19,8;19;0,8000000000000007
14000040001;18,900000000000002;19;full_horizon_lead_time_percentile_n_plus_one;;92;20;20;18,900000000000002;18;0,9000000000000021
14000041001;10,8;11;full_horizon_lead_time_percentile_n_plus_one;;68;21;21;19,8;19;0,8000000000000007
14000042001;14,0;14;full_horizon_lead_time_percentile_n_plus_one;;109;21;21;19,8;19;0,8000000000000007
14000043001;13,400000000000002;14;full_horizon_lead_time_percentile_n_plus_one;;86;21;21;19,8;19;0,8000000000000007
14000050001;4,800000000000001;5;full_horizon_lead_time_percentile_n_plus_one;;36;21;21;19,8;19;0,8000000000000007
14000055001;5,900000000000002;6;full_horizon_lead_time_percentile_n_plus_one;;22;20;20;18,900000000000002;18;0,9000000000000021
14000057001;79,2;80;full_horizon_lead_time_percentile_n_plus_one;;488;21;21;19,8;19;0,8000000000000007
14000060001;16,8;17;full_horizon_lead_time_percentile_n_plus_one;;99;21;21;19,8;19;0,8000000000000007
14000061001;5,0;5;full_horizon_lead_time_percentile_n_plus_one;;30;19;19;18,0;18;0,0
14000066001;5,0;5;full_horizon_lead_time_percentile_n_plus_one;;17;21;21;19,8;19;0,8000000000000007
14000067001;2,0;2;full_horizon_lead_time_percentile_n_plus_one;;12;11;11;10,8;10;0,8000000000000007
14000071001;17,6;18;full_horizon_lead_time_percentile_n_plus_one;;105;21;21;19,8;19;0,8000000000000007
14000073001;35,8;36;full_horizon_lead_time_percentile_n_plus_one;;196;21;21;19,8;19;0,8000000000000007
14000075001;19,900000000000002;20;full_horizon_lead_time_percentile_n_plus_one;;114;20;20;18,900000000000002;18;0,9000000000000021
14000098001;2,4000000000000004;3;full_horizon_lead_time_percentile_n_plus_one;;11;15;15;14,4;14;0,40000000000000036
14000099001;1,6000000000000014;2;full_horizon_lead_time_percentile_n_plus_one;;7;16;16;15,3;15;0,3000000000000007
14000102001;2,1000000000000014;3;full_horizon_lead_time_percentile_n_plus_one;;10;18;18;17,1;17;0,10000000000000142
14000106001;4,0;4;full_horizon_lead_time_percentile_n_plus_one;;13;7;7;7,2;7;0,0
14000123001;7,0;7;full_horizon_lead_time_percentile_n_plus_one;;48;19;19;18,0;18;0,0
14000131001;3,0;3;full_horizon_lead_time_percentile_n_plus_one;;15;11;11;10,8;10;0,8000000000000007
14000196001;51,8;52;full_horizon_lead_time_percentile_n_plus_one;;193;21;21;19,8;19;0,8000000000000007
14000197001;63,2;64;full_horizon_lead_time_percentile_n_plus_one;;272;21;21;19,8;19;0,8000000000000007
14000219001;1,0;1;full_horizon_lead_time_percentile_n_plus_one;;2;4;4;4,5;4;0,0
14000220001;5,0;5;full_horizon_lead_time_percentile_n_plus_one;;17;8;8;8,1;8;0,0
14001001001;7,0;7;full_horizon_lead_time_percentile_n_plus_one;;11;7;7;7,2;7;0,0
14001002001;10,600000000000001;11;full_horizon_lead_time_percentile_n_plus_one;;55;21;21;19,8;19;0,8000000000000007
14001003001;6,0;6;full_horizon_lead_time_percentile_n_plus_one;;34;20;20;18,900000000000002;18;0,9000000000000021
14001007001;14,0;14;full_horizon_lead_time_percentile_n_plus_one;;34;21;21;19,8;19;0,8000000000000007
14001008001;17,50000000000001;18;full_horizon_lead_time_percentile_n_plus_one;;30;20;20;18,900000000000002;18;0,9000000000000021
14001009001;11,800000000000004;12;full_horizon_lead_time_percentile_n_plus_one;;49;20;20;18,900000000000002;18;0,9000000000000021
14001010001;14,500000000000036;15;full_horizon_lead_time_percentile_n_plus_one;;20;18;18;17,1;17;0,10000000000000142
14001012001;16,800000000000004;17;full_horizon_lead_time_percentile_n_plus_one;;114;20;20;18,900000000000002;18;0,9000000000000021
14001014001;24,0;24;full_horizon_lead_time_percentile_n_plus_one;;3;6;6;6,3;6;0,0
14001017001;26,000000000000004;27;full_horizon_lead_time_percentile_n_plus_one;;158;21;21;19,8;19;0,8000000000000007
14001018001;8,0;8;full_horizon_lead_time_percentile_n_plus_one;;35;20;20;18,900000000000002;18;0,9000000000000021
14001019001;5,0;5;full_horizon_lead_time_percentile_n_plus_one;;19;18;18;17,1;17;0,10000000000000142
14001029001;3,0;3;full_horizon_lead_time_percentile_n_plus_one;;12;18;18;17,1;17;0,10000000000000142
14001030001;8,0;8;full_horizon_lead_time_percentile_n_plus_one;;34;19;19;18,0;18;0,0
14001031001;9,0;9;full_horizon_lead_time_percentile_n_plus_one;;51;21;21;19,8;19;0,8000000000000007
14001033001;4,0;4;full_horizon_lead_time_percentile_n_plus_one;;30;20;20;18,900000000000002;18;0,9000000000000021
14001034001;12,800000000000004;13;full_horizon_lead_time_percentile_n_plus_one;;70;20;20;18,900000000000002;18;0,9000000000000021
14001036001;9,900000000000002;10;full_horizon_lead_time_percentile_n_plus_one;;44;20;20;18,900000000000002;18;0,9000000000000021
14001044001;9,0;9;full_horizon_lead_time_percentile_n_plus_one;;0;2;2;2,7;2;0,0
14001045001;28,400000000000002;29;full_horizon_lead_time_percentile_n_plus_one;;207;21;21;19,8;19;0,8000000000000007
14001047001;40,400000000000006;41;full_horizon_lead_time_percentile_n_plus_one;;229;21;21;19,8;19;0,8000000000000007
14001050001;3,0;3;full_horizon_lead_time_percentile_n_plus_one;;6;19;19;18,0;18;0,0
14001052001;24,800000000000004;25;full_horizon_lead_time_percentile_n_plus_one;;156;21;21;19,8;19;0,8000000000000007
14001053001;33,2;34;full_horizon_lead_time_percentile_n_plus_one;;158;21;21;19,8;19;0,8000000000000007
14001058001;2,900000000000002;3;full_horizon_lead_time_percentile_n_plus_one;;18;20;20;18,900000000000002;18;0,9000000000000021
14001060001;17,200000000000003;18;full_horizon_lead_time_percentile_n_plus_one;;41;21;21;19,8;19;0,8000000000000007
14001066001;8,0;8;full_horizon_lead_time_percentile_n_plus_one;;51;21;21;19,8;19;0,8000000000000007
14001070001;3,0;3;full_horizon_lead_time_percentile_n_plus_one;;2;3;3;3,6;3;0,0
14001074001;39,60000000000001;40;full_horizon_lead_time_percentile_n_plus_one;;124;20;20;18,900000000000002;18;0,9000000000000021
14001075001;6,0;6;full_horizon_lead_time_percentile_n_plus_one;;35;19;19;18,0;18;0,0
14001080001;2,0;2;full_horizon_lead_time_percentile_n_plus_one;;6;19;19;18,0;18;0,0
14001084001;3,0;3;full_horizon_lead_time_percentile_n_plus_one;;18;19;19;18,0;18;0,0
14001085001;3,900000000000002;4;full_horizon_lead_time_percentile_n_plus_one;;18;20;20;18,900000000000002;18;0,9000000000000021
14001086001;5,800000000000001;6;full_horizon_lead_time_percentile_n_plus_one;;24;21;21;19,8;19;0,8000000000000007
14001089001;4,100000000000001;5;full_horizon_lead_time_percentile_n_plus_one;;12;18;18;17,1;17;0,10000000000000142
14001090001;37,6;38;full_horizon_lead_time_percentile_n_plus_one;;153;21;21;19,8;19;0,8000000000000007
14001092001;10,0;10;full_horizon_lead_time_percentile_n_plus_one;;34;19;19;18,0;18;0,0
14001093001;23,6;24;full_horizon_lead_time_percentile_n_plus_one;;156;21;21;19,8;19;0,8000000000000007
14001096001;3,0;3;full_horizon_lead_time_percentile_n_plus_one;;12;19;19;18,0;18;0,0
14001097001;2,900000000000002;3;full_horizon_lead_time_percentile_n_plus_one;;10;20;20;18,900000000000002;18;0,9000000000000021
14001104001;5,800000000000004;6;full_horizon_lead_time_percentile_n_plus_one;;30;20;20;18,900000000000002;18;0,9000000000000021
14001136001;4,0;4;full_horizon_lead_time_percentile_n_plus_one;;8;9;9;9,0;9;0,0
14001138001;6,900000000000002;7;full_horizon_lead_time_percentile_n_plus_one;;51;20;20;18,900000000000002;18;0,9000000000000021
14001143001;2,0;2;full_horizon_lead_time_percentile_n_plus_one;;0;2;2;2,7;2;0,0
14001149001;2,0;2;full_horizon_lead_time_percentile_n_plus_one;;9;16;16;15,3;15;0,3000000000000007
14001150001;5,0;5;full_horizon_lead_time_percentile_n_plus_one;;5;5;5;5,4;5;0,0
14001635001;5,800000000000001;6;full_horizon_lead_time_percentile_n_plus_one;;44;21;21;19,8;19;0,8000000000000007
14002002001;27,6;28;full_horizon_lead_time_percentile_n_plus_one;;205;21;21;19,8;19;0,8000000000000007
14002003001;5,0;5;full_horizon_lead_time_percentile_n_plus_one;;18;18;18;17,1;17;0,10000000000000142
14002008001;12,0;12;full_horizon_lead_time_percentile_n_plus_one;;3;10;10;9,9;9;0,9000000000000004
14002013001;7,400000000000002;8;full_horizon_lead_time_percentile_n_plus_one;;35;21;21;19,8;19;0,8000000000000007
14002021001;4,100000000000001;5;full_horizon_lead_time_percentile_n_plus_one;;21;18;18;17,1;17;0,10000000000000142
14002022001;5,0;5;full_horizon_lead_time_percentile_n_plus_one;;4;7;7;7,2;7;0,0
14002024001;1,5;2;full_horizon_lead_time_percentile_n_plus_one;;3;14;14;13,5;13;0,5
14002026001;2,599999999999998;3;full_horizon_lead_time_percentile_n_plus_one;;9;17;17;16,2;16;0,1999999999999993
14002027001;3,0;3;full_horizon_lead_time_percentile_n_plus_one;;21;20;20;18,900000000000002;18;0,9000000000000021
14002032001;1,0;1;full_horizon_lead_time_percentile_n_plus_one;;0;1;1;1,8;1;0,0
14002040001;4,800000000000001;5;full_horizon_lead_time_percentile_n_plus_one;;13;21;21;19,8;19;0,8000000000000007
14002046001;3,0;3;full_horizon_lead_time_percentile_n_plus_one;;11;20;20;18,900000000000002;18;0,9000000000000021
14002052001;2,0;2;full_horizon_lead_time_percentile_n_plus_one;;0;2;2;2,7;2;0,0
14003005001;1,700000000000001;2;full_horizon_lead_time_percentile_n_plus_one;;3;12;12;11,700000000000001;11;0,7000000000000011
14003009001;16,0;16;full_horizon_lead_time_percentile_n_plus_one;;111;20;20;18,900000000000002;18;0,9000000000000021
14003011001;5,900000000000002;6;full_horizon_lead_time_percentile_n_plus_one;;33;20;20;18,900000000000002;18;0,9000000000000021
14003013001;8,0;8;full_horizon_lead_time_percentile_n_plus_one;;61;20;20;18,900000000000002;18;0,9000000000000021
14003019001;20,800000000000004;21;full_horizon_lead_time_percentile_n_plus_one;;115;20;20;18,900000000000002;18;0,9000000000000021
14003029001;40,000000000000014;41;full_horizon_lead_time_percentile_n_plus_one;;191;21;21;19,8;19;0,8000000000000007
14003037001;16,0;16;full_horizon_lead_time_percentile_n_plus_one;;132;21;21;19,8;19;0,8000000000000007
14003041001;31,6;32;full_horizon_lead_time_percentile_n_plus_one;;198;21;21;19,8;19;0,8000000000000007
14010002001;25,400000000000002;26;full_horizon_lead_time_percentile_n_plus_one;;106;21;21;19,8;19;0,8000000000000007
14010006001;51,000000000000014;52;full_horizon_lead_time_percentile_n_plus_one;;8;18;18;17,1;17;0,10000000000000142
14010011001;47,6;48;full_horizon_lead_time_percentile_n_plus_one;;324;21;21;19,8;19;0,8000000000000007
14010012001;7,900000000000002;8;full_horizon_lead_time_percentile_n_plus_one;;37;20;20;18,900000000000002;18;0,9000000000000021
14010019001;9,900000000000002;10;full_horizon_lead_time_percentile_n_plus_one;;65;20;20;18,900000000000002;18;0,9000000000000021
14010023001;2,0;2;full_horizon_lead_time_percentile_n_plus_one;;4;18;18;17,1;17;0,10000000000000142
14010025001;9,0;9;full_horizon_lead_time_percentile_n_plus_one;;43;19;19;18,0;18;0,0
14010027001;40,800000000000004;41;full_horizon_lead_time_percentile_n_plus_one;;92;21;21;19,8;19;0,8000000000000007
14010029001;5,900000000000002;6;full_horizon_lead_time_percentile_n_plus_one;;30;20;20;18,900000000000002;18;0,9000000000000021
14010030001;10,600000000000001;11;full_horizon_lead_time_percentile_n_plus_one;;43;21;21;19,8;19;0,8000000000000007
14010031001;25,200000000000003;26;full_horizon_lead_time_percentile_n_plus_one;;177;21;21;19,8;19;0,8000000000000007
14010034001;26,0;26;full_horizon_lead_time_percentile_n_plus_one;;205;21;21;19,8;19;0,8000000000000007
14010036001;18,400000000000002;19;full_horizon_lead_time_percentile_n_plus_one;;133;21;21;19,8;19;0,8000000000000007
14010038001;30,0;30;full_horizon_lead_time_percentile_n_plus_one;;10;20;20;18,900000000000002;18;0,9000000000000021
14010040001;146,6;147;full_horizon_lead_time_percentile_n_plus_one;;703;21;21;19,8;19;0,8000000000000007
14010041001;8,0;8;full_horizon_lead_time_percentile_n_plus_one;;41;20;20;18,900000000000002;18;0,9000000000000021
14010047001;3,0;3;full_horizon_lead_time_percentile_n_plus_one;;14;20;20;18,900000000000002;18;0,9000000000000021
14010048001;2,0;2;full_horizon_lead_time_percentile_n_plus_one;;12;20;20;18,900000000000002;18;0,9000000000000021
14010049001;8,0;8;full_horizon_lead_time_percentile_n_plus_one;;59;21;21;19,8;19;0,8000000000000007
14010050001;75,0;75;full_horizon_lead_time_percentile_n_plus_one;;14;21;21;19,8;19;0,8000000000000007
14010060001;15,8;16;full_horizon_lead_time_percentile_n_plus_one;;112;21;21;19,8;19;0,8000000000000007
14010062001;7,800000000000001;8;full_horizon_lead_time_percentile_n_plus_one;;37;21;21;19,8;19;0,8000000000000007
14010064001;8,8;9;full_horizon_lead_time_percentile_n_plus_one;;45;21;21;19,8;19;0,8000000000000007
14010071001;34,400000000000006;35;full_horizon_lead_time_percentile_n_plus_one;;223;21;21;19,8;19;0,8000000000000007
14010072001;8,0;8;full_horizon_lead_time_percentile_n_plus_one;;53;21;21;19,8;19;0,8000000000000007
14010078001;10,0;10;full_horizon_lead_time_percentile_n_plus_one;;62;21;21;19,8;19;0,8000000000000007
14010079001;11,0;11;full_horizon_lead_time_percentile_n_plus_one;;54;19;19;18,0;18;0,0
14010084001;13,0;13;full_horizon_lead_time_percentile_n_plus_one;;110;21;21;19,8;19;0,8000000000000007
14010088001;70,50000000000001;71;full_horizon_lead_time_percentile_n_plus_one;;16;12;12;11,700000000000001;11;0,7000000000000011
14010094001;14,200000000000003;15;full_horizon_lead_time_percentile_n_plus_one;;74;21;21;19,8;19;0,8000000000000007
14010097001;14,200000000000006;15;full_horizon_lead_time_percentile_n_plus_one;;29;12;12;11,700000000000001;11;0,7000000000000011
14010140001;5,4;6;full_horizon_lead_time_percentile_n_plus_one;;12;15;15;14,4;14;0,40000000000000036
14010142001;114,4;115;full_horizon_lead_time_percentile_n_plus_one;;613;21;21;19,8;19;0,8000000000000007
14010145001;6,0;6;full_horizon_lead_time_percentile_n_plus_one;;17;19;19;18,0;18;0,0
14010149001;11,8;12;full_horizon_lead_time_percentile_n_plus_one;;47;21;21;19,8;19;0,8000000000000007
14010151001;7,800000000000004;8;full_horizon_lead_time_percentile_n_plus_one;;16;20;20;18,900000000000002;18;0,9000000000000021
14010170001;34,400000000000006;35;full_horizon_lead_time_percentile_n_plus_one;;158;21;21;19,8;19;0,8000000000000007
14010173001;18,200000000000003;19;full_horizon_lead_time_percentile_n_plus_one;;103;21;21;19,8;19;0,8000000000000007
14010178001;13,400000000000002;14;full_horizon_lead_time_percentile_n_plus_one;;68;21;21;19,8;19;0,8000000000000007
14010187001;11,900000000000002;12;full_horizon_lead_time_percentile_n_plus_one;;47;20;20;18,900000000000002;18;0,9000000000000021
14010194001;5,900000000000002;6;full_horizon_lead_time_percentile_n_plus_one;;23;20;20;18,900000000000002;18;0,9000000000000021
14010210001;18,800000000000004;19;full_horizon_lead_time_percentile_n_plus_one;;118;20;20;18,900000000000002;18;0,9000000000000021
14010219001;6,100000000000001;7;full_horizon_lead_time_percentile_n_plus_one;;19;18;18;17,1;17;0,10000000000000142
14010247001;28,6;29;full_horizon_lead_time_percentile_n_plus_one;;211;21;21;19,8;19;0,8000000000000007
14010283001;1,1999999999999993;2;full_horizon_lead_time_percentile_n_plus_one;;3;17;17;16,2;16;0,1999999999999993
14010284001;3,0;3;full_horizon_lead_time_percentile_n_plus_one;;6;17;17;16,2;16;0,1999999999999993
14010285001;2,8000000000000043;3;full_horizon_lead_time_percentile_n_plus_one;;9;20;20;18,900000000000002;18;0,9000000000000021
14010897001;1,0;1;full_horizon_lead_time_percentile_n_plus_one;;2;7;7;7,2;7;0,0
14010898001;1,0;1;full_horizon_lead_time_percentile_n_plus_one;;2;8;8;8,1;8;0,0
14010899001;1,0;1;full_horizon_lead_time_percentile_n_plus_one;;0;1;1;1,8;1;0,0
14011003001;69,60000000000002;70;full_horizon_lead_time_percentile_n_plus_one;;422;21;21;19,8;19;0,8000000000000007
14011004001;6,800000000000001;7;full_horizon_lead_time_percentile_n_plus_one;;27;21;21;19,8;19;0,8000000000000007
14011005001;5,800000000000001;6;full_horizon_lead_time_percentile_n_plus_one;;46;21;21;19,8;19;0,8000000000000007
14011006001;12,0;12;full_horizon_lead_time_percentile_n_plus_one;;88;21;21;19,8;19;0,8000000000000007
14011009001;6,800000000000001;7;full_horizon_lead_time_percentile_n_plus_one;;46;21;21;19,8;19;0,8000000000000007
14011010001;10,800000000000004;11;full_horizon_lead_time_percentile_n_plus_one;;73;20;20;18,900000000000002;18;0,9000000000000021
14011014001;7,0;7;full_horizon_lead_time_percentile_n_plus_one;;31;19;19;18,0;18;0,0
14011015001;5,800000000000004;6;full_horizon_lead_time_percentile_n_plus_one;;19;20;20;18,900000000000002;18;0,9000000000000021
14011018001;2,0;2;full_horizon_lead_time_percentile_n_plus_one;;4;12;12;11,700000000000001;11;0,7000000000000011
14011022001;3,0;3;full_horizon_lead_time_percentile_n_plus_one;;1;5;5;5,4;5;0,0
14011024001;22,6;23;full_horizon_lead_time_percentile_n_plus_one;;147;21;21;19,8;19;0,8000000000000007
14011027001;7,800000000000001;8;full_horizon_lead_time_percentile_n_plus_one;;29;21;21;19,8;19;0,8000000000000007
14011028001;47,400000000000006;48;full_horizon_lead_time_percentile_n_plus_one;;229;21;21;19,8;19;0,8000000000000007
14011029001;102,80000000000001;103;full_horizon_lead_time_percentile_n_plus_one;;512;21;21;19,8;19;0,8000000000000007
14011030001;27,8;28;full_horizon_lead_time_percentile_n_plus_one;;104;10;10;9,9;9;0,9000000000000004
14011031001;35,400000000000006;36;full_horizon_lead_time_percentile_n_plus_one;;160;21;21;19,8;19;0,8000000000000007
14011032001;50,40000000000001;51;full_horizon_lead_time_percentile_n_plus_one;;295;21;21;19,8;19;0,8000000000000007
14011034001;33,0;33;full_horizon_lead_time_percentile_n_plus_one;;205;21;21;19,8;19;0,8000000000000007
14011042001;7,900000000000002;8;full_horizon_lead_time_percentile_n_plus_one;;45;20;20;18,900000000000002;18;0,9000000000000021
14011044001;7,800000000000004;8;full_horizon_lead_time_percentile_n_plus_one;;43;20;20;18,900000000000002;18;0,9000000000000021
14011045001;1,0;1;full_horizon_lead_time_percentile_n_plus_one;;1;1;1;1,8;1;0,0
14011051001;12,0;12;full_horizon_lead_time_percentile_n_plus_one;;39;20;20;18,900000000000002;18;0,9000000000000021
14011052001;437,60000000000025;438;full_horizon_lead_time_percentile_n_plus_one;;220;20;20;18,900000000000002;18;0,9000000000000021
14011053001;190,4;191;full_horizon_lead_time_percentile_n_plus_one;;309;21;21;19,8;19;0,8000000000000007
14011059001;32,2;33;full_horizon_lead_time_percentile_n_plus_one;;186;21;21;19,8;19;0,8000000000000007
14011063001;2,0;2;full_horizon_lead_time_percentile_n_plus_one;;5;12;12;11,700000000000001;11;0,7000000000000011
14011065001;6,0;6;full_horizon_lead_time_percentile_n_plus_one;;6;6;6;6,3;6;0,0
14011095001;13,8;14;full_horizon_lead_time_percentile_n_plus_one;;125;21;21;19,8;19;0,8000000000000007
14011929001;7,0;7;full_horizon_lead_time_percentile_n_plus_one;;42;21;21;19,8;19;0,8000000000000007
14012019001;16,000000000000004;17;full_horizon_lead_time_percentile_n_plus_one;;97;21;21;19,8;19;0,8000000000000007
14013001001;3,8000000000000007;4;full_horizon_lead_time_percentile_n_plus_one;;21;21;21;19,8;19;0,8000000000000007
14013002001;7,600000000000001;8;full_horizon_lead_time_percentile_n_plus_one;;27;21;21;19,8;19;0,8000000000000007
14013004001;8,0;8;full_horizon_lead_time_percentile_n_plus_one;;55;20;20;18,900000000000002;18;0,9000000000000021
14013006001;1,0;1;full_horizon_lead_time_percentile_n_plus_one;;1;20;20;18,900000000000002;18;0,9000000000000021
14013007001;3,7000000000000064;4;full_horizon_lead_time_percentile_n_plus_one;;11;20;20;18,900000000000002;18;0,9000000000000021
14013014001;7,0;7;full_horizon_lead_time_percentile_n_plus_one;;8;19;19;18,0;18;0,0
14013015001;2,0;2;full_horizon_lead_time_percentile_n_plus_one;;0;4;4;4,5;4;0,0
14013964001;4,0;4;full_horizon_lead_time_percentile_n_plus_one;;3;9;9;9,0;9;0,0
14014005001;86,0;86;full_horizon_lead_time_percentile_n_plus_one;;388;21;21;19,8;19;0,8000000000000007
14014006001;140,8;141;full_horizon_lead_time_percentile_n_plus_one;;840;21;21;19,8;19;0,8000000000000007
14014011001;12,8;13;full_horizon_lead_time_percentile_n_plus_one;;69;21;21;19,8;19;0,8000000000000007
14014013001;14,0;14;full_horizon_lead_time_percentile_n_plus_one;;32;9;9;9,0;9;0,0
14014014001;126,60000000000001;127;full_horizon_lead_time_percentile_n_plus_one;;706;21;21;19,8;19;0,8000000000000007
14014015001;84,20000000000002;85;full_horizon_lead_time_percentile_n_plus_one;;588;21;21;19,8;19;0,8000000000000007
14014018001;17,6;18;full_horizon_lead_time_percentile_n_plus_one;;94;21;21;19,8;19;0,8000000000000007
14014026001;3,0;3;full_horizon_lead_time_percentile_n_plus_one;;20;19;19;18,0;18;0,0
14014031001;59,800000000000026;60;full_horizon_lead_time_percentile_n_plus_one;;163;12;12;11,700000000000001;11;0,7000000000000011
14020006001;13,8;14;full_horizon_lead_time_percentile_n_plus_one;;88;21;21;19,8;19;0,8000000000000007
14020008001;8,8;9;full_horizon_lead_time_percentile_n_plus_one;;54;21;21;19,8;19;0,8000000000000007
14020013001;14,300000000000004;15;full_horizon_lead_time_percentile_n_plus_one;;39;18;18;17,1;17;0,10000000000000142
14020015001;12,8;13;full_horizon_lead_time_percentile_n_plus_one;;102;21;21;19,8;19;0,8000000000000007
14020030001;3,0;3;full_horizon_lead_time_percentile_n_plus_one;;23;21;21;19,8;19;0,8000000000000007
14020053001;41,400000000000006;42;full_horizon_lead_time_percentile_n_plus_one;;279;21;21;19,8;19;0,8000000000000007
14020926001;32,8;33;full_horizon_lead_time_percentile_n_plus_one;;254;21;21;19,8;19;0,8000000000000007
14020949001;8,200000000000003;9;full_horizon_lead_time_percentile_n_plus_one;;12;18;18;17,1;17;0,10000000000000142
14020951001;11,600000000000001;12;full_horizon_lead_time_percentile_n_plus_one;;64;21;21;19,8;19;0,8000000000000007
14020956001;2,8000000000000007;3;full_horizon_lead_time_percentile_n_plus_one;;10;21;21;19,8;19;0,8000000000000007
14020976001;5,900000000000002;6;full_horizon_lead_time_percentile_n_plus_one;;27;20;20;18,900000000000002;18;0,9000000000000021
14020977001;3,0;3;full_horizon_lead_time_percentile_n_plus_one;;13;20;20;18,900000000000002;18;0,9000000000000021
14021005001;19,900000000000002;20;full_horizon_lead_time_percentile_n_plus_one;;130;20;20;18,900000000000002;18;0,9000000000000021
14021006001;6,0;6;full_horizon_lead_time_percentile_n_plus_one;;44;21;21;19,8;19;0,8000000000000007
14021010001;45,8;46;full_horizon_lead_time_percentile_n_plus_one;;266;21;21;19,8;19;0,8000000000000007
14021015001;7,0;7;full_horizon_lead_time_percentile_n_plus_one;;6;9;9;9,0;9;0,0
14021017001;34,0;34;full_horizon_lead_time_percentile_n_plus_one;;272;21;21;19,8;19;0,8000000000000007
14021036001;5,0;5;full_horizon_lead_time_percentile_n_plus_one;;24;20;20;18,900000000000002;18;0,9000000000000021
14021055001;7,0;7;full_horizon_lead_time_percentile_n_plus_one;;36;21;21;19,8;19;0,8000000000000007
14021068001;13,0;13;full_horizon_lead_time_percentile_n_plus_one;;0;3;3;3,6;3;0,0
14021109001;3,0;3;full_horizon_lead_time_percentile_n_plus_one;;17;20;20;18,900000000000002;18;0,9000000000000021
14022001001;3,0;3;full_horizon_lead_time_percentile_n_plus_one;;15;20;20;18,900000000000002;18;0,9000000000000021
14022002001;7,800000000000001;8;full_horizon_lead_time_percentile_n_plus_one;;40;21;21;19,8;19;0,8000000000000007
14022003001;10,600000000000001;11;full_horizon_lead_time_percentile_n_plus_one;;54;21;21;19,8;19;0,8000000000000007
14022012001;5,0;5;full_horizon_lead_time_percentile_n_plus_one;;31;21;21;19,8;19;0,8000000000000007
14022019001;23,0;23;full_horizon_lead_time_percentile_n_plus_one;;171;21;21;19,8;19;0,8000000000000007
14022020001;4,0;4;full_horizon_lead_time_percentile_n_plus_one;;17;21;21;19,8;19;0,8000000000000007
14022027001;2,8000000000000007;3;full_horizon_lead_time_percentile_n_plus_one;;13;21;21;19,8;19;0,8000000000000007
14022029001;9,0;9;full_horizon_lead_time_percentile_n_plus_one;;55;21;21;19,8;19;0,8000000000000007
14022032001;19,0;19;full_horizon_lead_time_percentile_n_plus_one;;158;21;21;19,8;19;0,8000000000000007
14022033001;3,8000000000000007;4;full_horizon_lead_time_percentile_n_plus_one;;23;21;21;19,8;19;0,8000000000000007
14022041001;2,900000000000002;3;full_horizon_lead_time_percentile_n_plus_one;;20;20;20;18,900000000000002;18;0,9000000000000021
14022059001;2,0;2;full_horizon_lead_time_percentile_n_plus_one;;6;20;20;18,900000000000002;18;0,9000000000000021
14022086001;7,900000000000002;8;full_horizon_lead_time_percentile_n_plus_one;;31;20;20;18,900000000000002;18;0,9000000000000021
14022118001;9,600000000000001;10;full_horizon_lead_time_percentile_n_plus_one;;29;21;21;19,8;19;0,8000000000000007
14023003001;7,0;7;full_horizon_lead_time_percentile_n_plus_one;;42;17;17;16,2;16;0,1999999999999993
14023012001;2,900000000000002;3;full_horizon_lead_time_percentile_n_plus_one;;16;20;20;18,900000000000002;18;0,9000000000000021
14023017001;5,0;5;full_horizon_lead_time_percentile_n_plus_one;;28;19;19;18,0;18;0,0
14023019001;2,8000000000000007;3;full_horizon_lead_time_percentile_n_plus_one;;7;21;21;19,8;19;0,8000000000000007
14023027001;17,800000000000004;18;full_horizon_lead_time_percentile_n_plus_one;;107;20;20;18,900000000000002;18;0,9000000000000021
14023028001;72,4;73;full_horizon_lead_time_percentile_n_plus_one;;491;21;21;19,8;19;0,8000000000000007
14023029001;36,0;36;full_horizon_lead_time_percentile_n_plus_one;;256;21;21;19,8;19;0,8000000000000007
14023034001;6,0;6;full_horizon_lead_time_percentile_n_plus_one;;30;21;21;19,8;19;0,8000000000000007
14023044001;4,0;4;full_horizon_lead_time_percentile_n_plus_one;;19;19;19;18,0;18;0,0
14023050001;21,200000000000003;22;full_horizon_lead_time_percentile_n_plus_one;;119;21;21;19,8;19;0,8000000000000007
14023056001;161,00000000000003;162;full_horizon_lead_time_percentile_n_plus_one;;1102;21;21;19,8;19;0,8000000000000007
14023083001;18,400000000000002;19;full_horizon_lead_time_percentile_n_plus_one;;98;21;21;19,8;19;0,8000000000000007
14023115001;5,0;5;full_horizon_lead_time_percentile_n_plus_one;;28;19;19;18,0;18;0,0
14023126001;8,4;9;full_horizon_lead_time_percentile_n_plus_one;;39;15;15;14,4;14;0,40000000000000036
14023127001;19,400000000000002;20;full_horizon_lead_time_percentile_n_plus_one;;128;21;21;19,8;19;0,8000000000000007
14023129001;9,399999999999999;10;full_horizon_lead_time_percentile_n_plus_one;;46;17;17;16,2;16;0,1999999999999993
14023132001;8,400000000000002;9;full_horizon_lead_time_percentile_n_plus_one;;40;21;21;19,8;19;0,8000000000000007
14023140001;2,0;2;full_horizon_lead_time_percentile_n_plus_one;;5;13;13;12,6;12;0,5999999999999996
14023194001;7,0;7;full_horizon_lead_time_percentile_n_plus_one;;3;6;6;6,3;6;0,0
14023210001;9,0;9;full_horizon_lead_time_percentile_n_plus_one;;12;8;8;8,1;8;0,0
14023212001;3,0;3;full_horizon_lead_time_percentile_n_plus_one;;19;20;20;18,900000000000002;18;0,9000000000000021
14023257001;3,8000000000000007;4;full_horizon_lead_time_percentile_n_plus_one;;17;21;21;19,8;19;0,8000000000000007
14023310001;7,0;7;full_horizon_lead_time_percentile_n_plus_one;;23;19;19;18,0;18;0,0
14100001001;10,800000000000004;11;full_horizon_lead_time_percentile_n_plus_one;;63;20;20;18,900000000000002;18;0,9000000000000021
14100003001;35,2;36;full_horizon_lead_time_percentile_n_plus_one;;304;21;21;19,8;19;0,8000000000000007
14100005001;2,900000000000002;3;full_horizon_lead_time_percentile_n_plus_one;;7;20;20;18,900000000000002;18;0,9000000000000021
14100007001;11,0;11;full_horizon_lead_time_percentile_n_plus_one;;8;9;9;9,0;9;0,0
14100009001;5,800000000000001;6;full_horizon_lead_time_percentile_n_plus_one;;36;21;21;19,8;19;0,8000000000000007
14100012001;13,400000000000002;14;full_horizon_lead_time_percentile_n_plus_one;;73;21;21;19,8;19;0,8000000000000007
14100020001;3,0;3;full_horizon_lead_time_percentile_n_plus_one;;10;17;17;16,2;16;0,1999999999999993
14100027001;3,900000000000002;4;full_horizon_lead_time_percentile_n_plus_one;;21;20;20;18,900000000000002;18;0,9000000000000021
14100031001;1,0;1;full_horizon_lead_time_percentile_n_plus_one;;1;1;1;1,8;1;0,0
14101002001;2,0;2;full_horizon_lead_time_percentile_n_plus_one;;6;10;10;9,9;9;0,9000000000000004
14101004001;8,0;8;full_horizon_lead_time_percentile_n_plus_one;;57;20;20;18,900000000000002;18;0,9000000000000021
14101007001;7,0;7;full_horizon_lead_time_percentile_n_plus_one;;47;21;21;19,8;19;0,8000000000000007
14101016001;3,8000000000000007;4;full_horizon_lead_time_percentile_n_plus_one;;9;15;15;14,4;14;0,40000000000000036
14101017001;4,0;4;full_horizon_lead_time_percentile_n_plus_one;;5;16;16;15,3;15;0,3000000000000007
14101021001;4,0;4;full_horizon_lead_time_percentile_n_plus_one;;12;19;19;18,0;18;0,0
14101024001;14,200000000000003;15;full_horizon_lead_time_percentile_n_plus_one;;82;21;21;19,8;19;0,8000000000000007
14101074001;5,800000000000001;6;full_horizon_lead_time_percentile_n_plus_one;;36;21;21;19,8;19;0,8000000000000007
14102007001;5,400000000000002;6;full_horizon_lead_time_percentile_n_plus_one;;11;12;12;11,700000000000001;11;0,7000000000000011
14102008001;3,0;3;full_horizon_lead_time_percentile_n_plus_one;;18;21;21;19,8;19;0,8000000000000007
14102025001;2,0;2;full_horizon_lead_time_percentile_n_plus_one;;15;20;20;18,900000000000002;18;0,9000000000000021
14102026001;11,0;11;full_horizon_lead_time_percentile_n_plus_one;;30;21;21;19,8;19;0,8000000000000007
14102040001;13,0;13;full_horizon_lead_time_percentile_n_plus_one;;99;20;20;18,900000000000002;18;0,9000000000000021
14102067001;3,0;3;full_horizon_lead_time_percentile_n_plus_one;;14;17;17;16,2;16;0,1999999999999993
14102087001;4,800000000000004;5;full_horizon_lead_time_percentile_n_plus_one;;28;20;20;18,900000000000002;18;0,9000000000000021
14102115001;4,800000000000001;5;full_horizon_lead_time_percentile_n_plus_one;;33;21;21;19,8;19;0,8000000000000007
14102223001;4,0;4;full_horizon_lead_time_percentile_n_plus_one;;4;6;6;6,3;6;0,0
14102238001;21,8;22;full_horizon_lead_time_percentile_n_plus_one;;151;21;21;19,8;19;0,8000000000000007
14102246001;33,60000000000001;34;full_horizon_lead_time_percentile_n_plus_one;;192;21;21;19,8;19;0,8000000000000007
14102249001;56,800000000000004;57;full_horizon_lead_time_percentile_n_plus_one;;490;21;21;19,8;19;0,8000000000000007
14102250001;52,0;52;full_horizon_lead_time_percentile_n_plus_one;;401;21;21;19,8;19;0,8000000000000007
14102258001;25,0;25;full_horizon_lead_time_percentile_n_plus_one;;210;21;21;19,8;19;0,8000000000000007
14103009001;22,0;22;full_horizon_lead_time_percentile_n_plus_one;;210;21;21;19,8;19;0,8000000000000007
14103018001;12,0;12;full_horizon_lead_time_percentile_n_plus_one;;85;21;21;19,8;19;0,8000000000000007
14103030001;14,0;14;full_horizon_lead_time_percentile_n_plus_one;;68;20;20;18,900000000000002;18;0,9000000000000021
14103057001;7,200000000000003;8;full_horizon_lead_time_percentile_n_plus_one;;29;18;18;17,1;17;0,10000000000000142
14103058001;1,0;1;full_horizon_lead_time_percentile_n_plus_one;;2;6;6;6,3;6;0,0
14103084001;3,0;3;full_horizon_lead_time_percentile_n_plus_one;;5;17;17;16,2;16;0,1999999999999993
14103106001;4,0;4;full_horizon_lead_time_percentile_n_plus_one;;15;18;18;17,1;17;0,10000000000000142
14104002001;25,0;25;full_horizon_lead_time_percentile_n_plus_one;;200;21;21;19,8;19;0,8000000000000007
14104012001;39,8;40;full_horizon_lead_time_percentile_n_plus_one;;269;21;21;19,8;19;0,8000000000000007
14104016001;5,900000000000002;6;full_horizon_lead_time_percentile_n_plus_one;;26;20;20;18,900000000000002;18;0,9000000000000021
14104017001;24,8;25;full_horizon_lead_time_percentile_n_plus_one;;170;21;21;19,8;19;0,8000000000000007
14104028001;1,0;1;full_horizon_lead_time_percentile_n_plus_one;;1;1;1;1,8;1;0,0
14104030001;4,6;5;full_horizon_lead_time_percentile_n_plus_one;;9;13;13;12,6;12;0,5999999999999996
14104042001;15,200000000000003;16;full_horizon_lead_time_percentile_n_plus_one;;117;21;21;19,8;19;0,8000000000000007
14104067001;26,400000000000002;27;full_horizon_lead_time_percentile_n_plus_one;;187;21;21;19,8;19;0,8000000000000007
14104088002;2,0;2;full_horizon_lead_time_percentile_n_plus_one;;3;7;7;7,2;7;0,0
14104090001;5,600000000000001;6;full_horizon_lead_time_percentile_n_plus_one;;33;21;21;19,8;19;0,8000000000000007
14104098001;4,0;4;full_horizon_lead_time_percentile_n_plus_one;;15;17;17;16,2;16;0,1999999999999993
14104101001;12,8;13;full_horizon_lead_time_percentile_n_plus_one;;88;21;21;19,8;19;0,8000000000000007
14104108001;9,0;9;full_horizon_lead_time_percentile_n_plus_one;;40;19;19;18,0;18;0,0
14104113001;6,900000000000002;7;full_horizon_lead_time_percentile_n_plus_one;;51;20;20;18,900000000000002;18;0,9000000000000021
14104114001;3,900000000000002;4;full_horizon_lead_time_percentile_n_plus_one;;20;20;20;18,900000000000002;18;0,9000000000000021
14104117001;3,0;3;full_horizon_lead_time_percentile_n_plus_one;;3;8;8;8,1;8;0,0
14104118001;35,6;36;full_horizon_lead_time_percentile_n_plus_one;;277;21;21;19,8;19;0,8000000000000007
14104129001;28,8;29;full_horizon_lead_time_percentile_n_plus_one;;276;21;21;19,8;19;0,8000000000000007
14104139001;2,0;2;full_horizon_lead_time_percentile_n_plus_one;;7;20;20;18,900000000000002;18;0,9000000000000021
14104146001;11,0;11;full_horizon_lead_time_percentile_n_plus_one;;15;7;7;7,2;7;0,0
14104148001;6,199999999999999;7;full_horizon_lead_time_percentile_n_plus_one;;23;17;17;16,2;16;0,1999999999999993
14104150001;9,600000000000001;10;full_horizon_lead_time_percentile_n_plus_one;;41;21;21;19,8;19;0,8000000000000007
14104151001;7,700000000000006;8;full_horizon_lead_time_percentile_n_plus_one;;35;20;20;18,900000000000002;18;0,9000000000000021
14104162001;3,900000000000002;4;full_horizon_lead_time_percentile_n_plus_one;;17;20;20;18,900000000000002;18;0,9000000000000021
14104169001;14,0;14;full_horizon_lead_time_percentile_n_plus_one;;128;21;21;19,8;19;0,8000000000000007
14104193001;3,0;3;full_horizon_lead_time_percentile_n_plus_one;;13;14;14;13,5;13;0,5
14104200001;5,600000000000001;6;full_horizon_lead_time_percentile_n_plus_one;;23;11;11;10,8;10;0,8000000000000007
14105008001;4,0;4;full_horizon_lead_time_percentile_n_plus_one;;13;17;17;16,2;16;0,1999999999999993
14105026001;7,000000000000007;8;full_horizon_lead_time_percentile_n_plus_one;;24;16;16;15,3;15;0,3000000000000007
14105129001;7,900000000000002;8;full_horizon_lead_time_percentile_n_plus_one;;43;20;20;18,900000000000002;18;0,9000000000000021
14105130001;11,0;11;full_horizon_lead_time_percentile_n_plus_one;;60;20;20;18,900000000000002;18;0,9000000000000021
14110002001;4,800000000000001;5;full_horizon_lead_time_percentile_n_plus_one;;15;21;21;19,8;19;0,8000000000000007
14110003001;6,0;6;full_horizon_lead_time_percentile_n_plus_one;;23;18;18;17,1;17;0,10000000000000142
14110006001;10,8;11;full_horizon_lead_time_percentile_n_plus_one;;88;21;21;19,8;19;0,8000000000000007
14110010001;2,900000000000002;3;full_horizon_lead_time_percentile_n_plus_one;;17;20;20;18,900000000000002;18;0,9000000000000021
14110011001;4,0;4;full_horizon_lead_time_percentile_n_plus_one;;16;19;19;18,0;18;0,0
14110015001;48,8;49;full_horizon_lead_time_percentile_n_plus_one;;332;21;21;19,8;19;0,8000000000000007
14110019001;3,8000000000000007;4;full_horizon_lead_time_percentile_n_plus_one;;17;21;21;19,8;19;0,8000000000000007
14110028001;2,8000000000000007;3;full_horizon_lead_time_percentile_n_plus_one;;9;21;21;19,8;19;0,8000000000000007
14110029001;13,0;13;full_horizon_lead_time_percentile_n_plus_one;;100;21;21;19,8;19;0,8000000000000007
14110054001;22,000000000000004;23;full_horizon_lead_time_percentile_n_plus_one;;160;21;21;19,8;19;0,8000000000000007
14110056001;9,000000000000004;10;full_horizon_lead_time_percentile_n_plus_one;;36;21;21;19,8;19;0,8000000000000007
14110078001;2,1000000000000014;3;full_horizon_lead_time_percentile_n_plus_one;;9;18;18;17,1;17;0,10000000000000142
14110081001;11,8;12;full_horizon_lead_time_percentile_n_plus_one;;69;21;21;19,8;19;0,8000000000000007
14110084001;18,000000000000004;19;full_horizon_lead_time_percentile_n_plus_one;;144;21;21;19,8;19;0,8000000000000007
14110086001;8,8;9;full_horizon_lead_time_percentile_n_plus_one;;64;21;21;19,8;19;0,8000000000000007
14110106001;83,39999999999999;84;full_horizon_lead_time_percentile_n_plus_one;;115;13;13;12,6;12;0,5999999999999996
14110145001;1,9000000000000021;2;full_horizon_lead_time_percentile_n_plus_one;;7;20;20;18,900000000000002;18;0,9000000000000021
14110154001;55,0;55;full_horizon_lead_time_percentile_n_plus_one;;27;8;8;8,1;8;0,0
14110163001;5,100000000000001;6;full_horizon_lead_time_percentile_n_plus_one;;22;18;18;17,1;17;0,10000000000000142
14111001001;23,8;24;full_horizon_lead_time_percentile_n_plus_one;;111;21;21;19,8;19;0,8000000000000007
14111002001;10,50000000000001;11;full_horizon_lead_time_percentile_n_plus_one;;50;20;20;18,900000000000002;18;0,9000000000000021
14111004001;6,800000000000001;7;full_horizon_lead_time_percentile_n_plus_one;;31;21;21;19,8;19;0,8000000000000007
14111005001;4,900000000000002;5;full_horizon_lead_time_percentile_n_plus_one;;20;20;20;18,900000000000002;18;0,9000000000000021
14111006001;6,0;6;full_horizon_lead_time_percentile_n_plus_one;;29;18;18;17,1;17;0,10000000000000142
14111007001;3,0;3;full_horizon_lead_time_percentile_n_plus_one;;0;2;2;2,7;2;0,0
14111008001;9,0;9;full_horizon_lead_time_percentile_n_plus_one;;44;19;19;18,0;18;0,0
14111010001;9,0;9;full_horizon_lead_time_percentile_n_plus_one;;41;19;19;18,0;18;0,0
14111011001;6,0;6;full_horizon_lead_time_percentile_n_plus_one;;43;20;20;18,900000000000002;18;0,9000000000000021
14111012001;1,1999999999999993;2;full_horizon_lead_time_percentile_n_plus_one;;4;17;17;16,2;16;0,1999999999999993
14111015001;6,0;6;full_horizon_lead_time_percentile_n_plus_one;;22;19;19;18,0;18;0,0
14111017001;3,0;3;full_horizon_lead_time_percentile_n_plus_one;;17;16;16;15,3;15;0,3000000000000007
14111018001;2,8000000000000007;3;full_horizon_lead_time_percentile_n_plus_one;;7;21;21;19,8;19;0,8000000000000007
14111020001;8,0;8;full_horizon_lead_time_percentile_n_plus_one;;58;21;21;19,8;19;0,8000000000000007
14111023001;3,0;3;full_horizon_lead_time_percentile_n_plus_one;;10;18;18;17,1;17;0,10000000000000142
14111024001;14,0;14;full_horizon_lead_time_percentile_n_plus_one;;60;19;19;18,0;18;0,0
14111029001;4,0;4;full_horizon_lead_time_percentile_n_plus_one;;29;19;19;18,0;18;0,0
14111034001;4,0;4;full_horizon_lead_time_percentile_n_plus_one;;21;20;20;18,900000000000002;18;0,9000000000000021
14111035001;2,0;2;full_horizon_lead_time_percentile_n_plus_one;;0;2;2;2,7;2;0,0
14111036001;13,8;14;full_horizon_lead_time_percentile_n_plus_one;;71;21;21;19,8;19;0,8000000000000007
14111037001;6,800000000000004;7;full_horizon_lead_time_percentile_n_plus_one;;53;20;20;18,900000000000002;18;0,9000000000000021
14111038001;6,800000000000001;7;full_horizon_lead_time_percentile_n_plus_one;;41;21;21;19,8;19;0,8000000000000007
14111040001;1,0;1;full_horizon_lead_time_percentile_n_plus_one;;3;13;13;12,6;12;0,5999999999999996
14111041001;7,900000000000002;8;full_horizon_lead_time_percentile_n_plus_one;;16;16;16;15,3;15;0,3000000000000007
14111050001;2,0;2;full_horizon_lead_time_percentile_n_plus_one;;13;19;19;18,0;18;0,0
14111055001;3,1999999999999993;4;full_horizon_lead_time_percentile_n_plus_one;;19;17;17;16,2;16;0,1999999999999993
14111090001;1,1000000000000014;2;full_horizon_lead_time_percentile_n_plus_one;;4;18;18;17,1;17;0,10000000000000142
14111098001;1,1999999999999993;2;full_horizon_lead_time_percentile_n_plus_one;;7;17;17;16,2;16;0,1999999999999993
14111102001;2,700000000000001;3;full_horizon_lead_time_percentile_n_plus_one;;7;12;12;11,700000000000001;11;0,7000000000000011
14111107001;1,0;1;full_horizon_lead_time_percentile_n_plus_one;;3;17;17;16,2;16;0,1999999999999993
14111118001;15,0;15;full_horizon_lead_time_percentile_n_plus_one;;102;20;20;18,900000000000002;18;0,9000000000000021
14111119001;2,0;2;full_horizon_lead_time_percentile_n_plus_one;;1;3;3;3,6;3;0,0
14111120001;3,0;3;full_horizon_lead_time_percentile_n_plus_one;;14;13;13;12,6;12;0,5999999999999996
14111132001;16,0;16;full_horizon_lead_time_percentile_n_plus_one;;45;21;21;19,8;19;0,8000000000000007
14111134001;24,39999999999999;25;full_horizon_lead_time_percentile_n_plus_one;;50;17;17;16,2;16;0,1999999999999993
14112007001;85,80000000000003;86;full_horizon_lead_time_percentile_n_plus_one;;484;18;18;17,1;17;0,10000000000000142
14112009001;6,0;6;full_horizon_lead_time_percentile_n_plus_one;;38;21;21;19,8;19;0,8000000000000007
14112013001;80,2;81;full_horizon_lead_time_percentile_n_plus_one;;570;21;21;19,8;19;0,8000000000000007
14112014001;43,400000000000006;44;full_horizon_lead_time_percentile_n_plus_one;;325;21;21;19,8;19;0,8000000000000007
14112016001;24,0;24;full_horizon_lead_time_percentile_n_plus_one;;181;21;21;19,8;19;0,8000000000000007
14112021001;8,600000000000001;9;full_horizon_lead_time_percentile_n_plus_one;;61;21;21;19,8;19;0,8000000000000007
14112038001;5,0;5;full_horizon_lead_time_percentile_n_plus_one;;30;15;15;14,4;14;0,40000000000000036
14112040001;18,200000000000003;19;full_horizon_lead_time_percentile_n_plus_one;;85;15;15;14,4;14;0,40000000000000036
14112054001;10,0;10;full_horizon_lead_time_percentile_n_plus_one;;86;20;20;18,900000000000002;18;0,9000000000000021
14113013001;3,0;3;full_horizon_lead_time_percentile_n_plus_one;;11;15;15;14,4;14;0,40000000000000036
14113066001;45,0;45;full_horizon_lead_time_percentile_n_plus_one;;279;21;21;19,8;19;0,8000000000000007
14120002001;3,0;3;full_horizon_lead_time_percentile_n_plus_one;;27;20;20;18,900000000000002;18;0,9000000000000021
14120017001;7,900000000000002;8;full_horizon_lead_time_percentile_n_plus_one;;44;20;20;18,900000000000002;18;0,9000000000000021
14120019001;18,8;19;full_horizon_lead_time_percentile_n_plus_one;;130;21;21;19,8;19;0,8000000000000007
14120020001;8,900000000000002;9;full_horizon_lead_time_percentile_n_plus_one;;63;20;20;18,900000000000002;18;0,9000000000000021
14120024001;4,0;4;full_horizon_lead_time_percentile_n_plus_one;;13;19;19;18,0;18;0,0
14121006001;5,900000000000002;6;full_horizon_lead_time_percentile_n_plus_one;;27;20;20;18,900000000000002;18;0,9000000000000021
14121014001;33,800000000000004;34;full_horizon_lead_time_percentile_n_plus_one;;259;21;21;19,8;19;0,8000000000000007
14121017001;21,400000000000002;22;full_horizon_lead_time_percentile_n_plus_one;;124;21;21;19,8;19;0,8000000000000007
14121019001;39,2;40;full_horizon_lead_time_percentile_n_plus_one;;236;21;21;19,8;19;0,8000000000000007
14121057001;19,900000000000002;20;full_horizon_lead_time_percentile_n_plus_one;;128;20;20;18,900000000000002;18;0,9000000000000021
14121059001;7,0;7;full_horizon_lead_time_percentile_n_plus_one;;44;19;19;18,0;18;0,0
14121061001;3,0;3;full_horizon_lead_time_percentile_n_plus_one;;16;20;20;18,900000000000002;18;0,9000000000000021
14121062001;15,800000000000004;16;full_horizon_lead_time_percentile_n_plus_one;;105;20;20;18,900000000000002;18;0,9000000000000021
14121063001;24,400000000000002;25;full_horizon_lead_time_percentile_n_plus_one;;165;21;21;19,8;19;0,8000000000000007
14121064001;5,0;5;full_horizon_lead_time_percentile_n_plus_one;;18;21;21;19,8;19;0,8000000000000007
14121074001;20,6;21;full_horizon_lead_time_percentile_n_plus_one;;154;21;21;19,8;19;0,8000000000000007
14121075001;3,900000000000002;4;full_horizon_lead_time_percentile_n_plus_one;;23;20;20;18,900000000000002;18;0,9000000000000021
14121104001;9,0;9;full_horizon_lead_time_percentile_n_plus_one;;61;21;21;19,8;19;0,8000000000000007
14121112001;6,0;6;full_horizon_lead_time_percentile_n_plus_one;;22;19;19;18,0;18;0,0
14121131001;1,0;1;full_horizon_lead_time_percentile_n_plus_one;;4;7;7;7,2;7;0,0
14121136001;31,40000000000001;32;full_horizon_lead_time_percentile_n_plus_one;;87;21;21;19,8;19;0,8000000000000007
14121143001;14,400000000000002;15;full_horizon_lead_time_percentile_n_plus_one;;86;21;21;19,8;19;0,8000000000000007
14121164001;12,900000000000002;13;full_horizon_lead_time_percentile_n_plus_one;;81;20;20;18,900000000000002;18;0,9000000000000021
14130001001;15,400000000000002;16;full_horizon_lead_time_percentile_n_plus_one;;102;21;21;19,8;19;0,8000000000000007
14130007001;28,0;28;full_horizon_lead_time_percentile_n_plus_one;;226;21;21;19,8;19;0,8000000000000007
14130009001;11,8;12;full_horizon_lead_time_percentile_n_plus_one;;98;21;21;19,8;19;0,8000000000000007
14130013001;6,200000000000003;7;full_horizon_lead_time_percentile_n_plus_one;;25;18;18;17,1;17;0,10000000000000142
14130015001;14,50000000000001;15;full_horizon_lead_time_percentile_n_plus_one;;47;20;20;18,900000000000002;18;0,9000000000000021
14130016001;20,400000000000002;21;full_horizon_lead_time_percentile_n_plus_one;;114;21;21;19,8;19;0,8000000000000007
14130017001;15,600000000000001;16;full_horizon_lead_time_percentile_n_plus_one;;123;21;21;19,8;19;0,8000000000000007
14130042001;11,900000000000002;12;full_horizon_lead_time_percentile_n_plus_one;;78;20;20;18,900000000000002;18;0,9000000000000021
14131008001;10,0;10;full_horizon_lead_time_percentile_n_plus_one;;69;21;21;19,8;19;0,8000000000000007
14131011001;7,200000000000001;8;full_horizon_lead_time_percentile_n_plus_one;;33;15;15;14,4;14;0,40000000000000036
14131020001;16,600000000000005;17;full_horizon_lead_time_percentile_n_plus_one;;95;21;21;19,8;19;0,8000000000000007
14131022001;16,800000000000004;17;full_horizon_lead_time_percentile_n_plus_one;;113;20;20;18,900000000000002;18;0,9000000000000021
14131026001;3,900000000000002;4;full_horizon_lead_time_percentile_n_plus_one;;25;20;20;18,900000000000002;18;0,9000000000000021
14131027001;20,8;21;full_horizon_lead_time_percentile_n_plus_one;;171;21;21;19,8;19;0,8000000000000007
14131033001;57,60000000000001;58;full_horizon_lead_time_percentile_n_plus_one;;405;21;21;19,8;19;0,8000000000000007
14131040001;6,800000000000001;7;full_horizon_lead_time_percentile_n_plus_one;;30;21;21;19,8;19;0,8000000000000007
14131041001;40,400000000000006;41;full_horizon_lead_time_percentile_n_plus_one;;305;21;21;19,8;19;0,8000000000000007
14131043001;9,900000000000002;10;full_horizon_lead_time_percentile_n_plus_one;;53;20;20;18,900000000000002;18;0,9000000000000021
14131044001;2,8000000000000007;3;full_horizon_lead_time_percentile_n_plus_one;;17;21;21;19,8;19;0,8000000000000007
14131047001;45,400000000000006;46;full_horizon_lead_time_percentile_n_plus_one;;331;21;21;19,8;19;0,8000000000000007
14131056001;12,0;12;full_horizon_lead_time_percentile_n_plus_one;;61;20;20;18,900000000000002;18;0,9000000000000021
14131074001;2,8000000000000007;3;full_horizon_lead_time_percentile_n_plus_one;;16;21;21;19,8;19;0,8000000000000007
14131075001;29,6;30;full_horizon_lead_time_percentile_n_plus_one;;187;21;21;19,8;19;0,8000000000000007
14131092001;18,0;18;full_horizon_lead_time_percentile_n_plus_one;;109;21;21;19,8;19;0,8000000000000007
14131105001;13,600000000000001;14;full_horizon_lead_time_percentile_n_plus_one;;121;21;21;19,8;19;0,8000000000000007
14132003001;9,800000000000004;10;full_horizon_lead_time_percentile_n_plus_one;;62;20;20;18,900000000000002;18;0,9000000000000021
14132015001;30,400000000000002;31;full_horizon_lead_time_percentile_n_plus_one;;228;21;21;19,8;19;0,8000000000000007
14132031001;18,8;19;full_horizon_lead_time_percentile_n_plus_one;;168;21;21;19,8;19;0,8000000000000007
14132038001;9,400000000000002;10;full_horizon_lead_time_percentile_n_plus_one;;58;21;21;19,8;19;0,8000000000000007
14132071001;5,0;5;full_horizon_lead_time_percentile_n_plus_one;;30;19;19;18,0;18;0,0
14132074001;5,0;5;full_horizon_lead_time_percentile_n_plus_one;;38;21;21;19,8;19;0,8000000000000007
14132075001;3,0;3;full_horizon_lead_time_percentile_n_plus_one;;20;19;19;18,0;18;0,0
14132116001;5,0;5;full_horizon_lead_time_percentile_n_plus_one;;29;19;19;18,0;18;0,0
14132130001;5,0;5;full_horizon_lead_time_percentile_n_plus_one;;13;5;5;5,4;5;0,0
14132131001;1,0;1;full_horizon_lead_time_percentile_n_plus_one;;3;20;20;18,900000000000002;18;0,9000000000000021
14132149001;4,199999999999999;5;full_horizon_lead_time_percentile_n_plus_one;;16;13;13;12,6;12;0,5999999999999996
14132153001;3,0;3;full_horizon_lead_time_percentile_n_plus_one;;12;21;21;19,8;19;0,8000000000000007
14133003001;41,0;41;full_horizon_lead_time_percentile_n_plus_one;;295;21;21;19,8;19;0,8000000000000007
14133007001;6,0;6;full_horizon_lead_time_percentile_n_plus_one;;18;16;16;15,3;15;0,3000000000000007
14133027001;3,900000000000002;4;full_horizon_lead_time_percentile_n_plus_one;;15;20;20;18,900000000000002;18;0,9000000000000021
14133028001;5,0;5;full_horizon_lead_time_percentile_n_plus_one;;23;20;20;18,900000000000002;18;0,9000000000000021
14133029001;12,900000000000002;13;full_horizon_lead_time_percentile_n_plus_one;;83;20;20;18,900000000000002;18;0,9000000000000021
14133030001;9,0;9;full_horizon_lead_time_percentile_n_plus_one;;59;19;19;18,0;18;0,0
14133914001;4,700000000000006;5;full_horizon_lead_time_percentile_n_plus_one;;11;20;20;18,900000000000002;18;0,9000000000000021
14133918001;2,0;2;full_horizon_lead_time_percentile_n_plus_one;;4;19;19;18,0;18;0,0
14200006001;10,400000000000002;11;full_horizon_lead_time_percentile_n_plus_one;;53;21;21;19,8;19;0,8000000000000007
14200011001;6,5;7;full_horizon_lead_time_percentile_n_plus_one;;17;14;14;13,5;13;0,5
14200012001;3,0;3;full_horizon_lead_time_percentile_n_plus_one;;14;20;20;18,900000000000002;18;0,9000000000000021
14200015001;7,800000000000001;8;full_horizon_lead_time_percentile_n_plus_one;;35;21;21;19,8;19;0,8000000000000007
14200018001;4,800000000000001;5;full_horizon_lead_time_percentile_n_plus_one;;20;21;21;19,8;19;0,8000000000000007
14200019001;3,0;3;full_horizon_lead_time_percentile_n_plus_one;;10;14;14;13,5;13;0,5
14200033001;3,8000000000000007;4;full_horizon_lead_time_percentile_n_plus_one;;13;11;11;10,8;10;0,8000000000000007
14200046001;4,0;4;full_horizon_lead_time_percentile_n_plus_one;;21;20;20;18,900000000000002;18;0,9000000000000021
14200047001;5,0;5;full_horizon_lead_time_percentile_n_plus_one;;19;18;18;17,1;17;0,10000000000000142
14200049001;3,0;3;full_horizon_lead_time_percentile_n_plus_one;;14;21;21;19,8;19;0,8000000000000007
14200059001;1,0;1;full_horizon_lead_time_percentile_n_plus_one;;4;20;20;18,900000000000002;18;0,9000000000000021
14200060001;13,0;13;full_horizon_lead_time_percentile_n_plus_one;;6;9;9;9,0;9;0,0
14200061001;1,0;1;full_horizon_lead_time_percentile_n_plus_one;;3;20;20;18,900000000000002;18;0,9000000000000021
14200069001;26,200000000000003;27;full_horizon_lead_time_percentile_n_plus_one;;171;21;21;19,8;19;0,8000000000000007
14200070001;3,5;4;full_horizon_lead_time_percentile_n_plus_one;;8;14;14;13,5;13;0,5
14200086001;4,0;4;full_horizon_lead_time_percentile_n_plus_one;;17;13;13;12,6;12;0,5999999999999996
14200087001;5,600000000000001;6;full_horizon_lead_time_percentile_n_plus_one;;29;21;21;19,8;19;0,8000000000000007
14200088001;3,0;3;full_horizon_lead_time_percentile_n_plus_one;;12;16;16;15,3;15;0,3000000000000007
14200089001;2,0;2;full_horizon_lead_time_percentile_n_plus_one;;5;13;13;12,6;12;0,5999999999999996
14200090001;2,0;2;full_horizon_lead_time_percentile_n_plus_one;;6;18;18;17,1;17;0,10000000000000142
14200091001;4,100000000000001;5;full_horizon_lead_time_percentile_n_plus_one;;18;18;18;17,1;17;0,10000000000000142
14200092001;3,0;3;full_horizon_lead_time_percentile_n_plus_one;;10;21;21;19,8;19;0,8000000000000007
14200093001;2,0;2;full_horizon_lead_time_percentile_n_plus_one;;14;14;14;13,5;13;0,5
14200096001;2,1000000000000014;3;full_horizon_lead_time_percentile_n_plus_one;;9;18;18;17,1;17;0,10000000000000142
14200119001;11,8;12;full_horizon_lead_time_percentile_n_plus_one;;72;21;21;19,8;19;0,8000000000000007
14201002001;1,0;1;full_horizon_lead_time_percentile_n_plus_one;;1;1;1;1,8;1;0,0
14201003001;5,0;5;full_horizon_lead_time_percentile_n_plus_one;;6;6;6;6,3;6;0,0
14201013001;4,0;4;full_horizon_lead_time_percentile_n_plus_one;;15;19;19;18,0;18;0,0
14201019001;3,70000000000001;4;full_horizon_lead_time_percentile_n_plus_one;;2;18;18;17,1;17;0,10000000000000142
14201020001;4,100000000000001;5;full_horizon_lead_time_percentile_n_plus_one;;8;18;18;17,1;17;0,10000000000000142
14201021001;6,0;6;full_horizon_lead_time_percentile_n_plus_one;;25;19;19;18,0;18;0,0
14201022001;3,0;3;full_horizon_lead_time_percentile_n_plus_one;;10;19;19;18,0;18;0,0
14201049001;2,0;2;full_horizon_lead_time_percentile_n_plus_one;;2;9;9;9,0;9;0,0
14202001001;9,2;10;full_horizon_lead_time_percentile_n_plus_one;;30;13;13;12,6;12;0,5999999999999996
14202009001;3,1999999999999993;4;full_horizon_lead_time_percentile_n_plus_one;;17;17;17;16,2;16;0,1999999999999993
14202011001;2,200000000000003;3;full_horizon_lead_time_percentile_n_plus_one;;7;16;16;15,3;15;0,3000000000000007
14202013001;6,0;6;full_horizon_lead_time_percentile_n_plus_one;;17;19;19;18,0;18;0,0
14202017001;4,800000000000004;5;full_horizon_lead_time_percentile_n_plus_one;;23;20;20;18,900000000000002;18;0,9000000000000021
14202018001;2,900000000000002;3;full_horizon_lead_time_percentile_n_plus_one;;8;20;20;18,900000000000002;18;0,9000000000000021
14202023001;3,0;3;full_horizon_lead_time_percentile_n_plus_one;;18;19;19;18,0;18;0,0
14203001001;9,8;10;full_horizon_lead_time_percentile_n_plus_one;;65;21;21;19,8;19;0,8000000000000007
14203002001;1,3000000000000007;2;full_horizon_lead_time_percentile_n_plus_one;;7;16;16;15,3;15;0,3000000000000007
14203003001;5,0;5;full_horizon_lead_time_percentile_n_plus_one;;10;19;19;18,0;18;0,0
14203004001;4,0;4;full_horizon_lead_time_percentile_n_plus_one;;21;19;19;18,0;18;0,0
14203016001;2,0;2;full_horizon_lead_time_percentile_n_plus_one;;9;15;15;14,4;14;0,40000000000000036
14203017001;65,4;66;full_horizon_lead_time_percentile_n_plus_one;;427;21;21;19,8;19;0,8000000000000007
14203027001;8,700000000000006;9;full_horizon_lead_time_percentile_n_plus_one;;44;20;20;18,900000000000002;18;0,9000000000000021
14203032001;6,200000000000003;7;full_horizon_lead_time_percentile_n_plus_one;;24;18;18;17,1;17;0,10000000000000142
14203048001;3,1000000000000014;4;full_horizon_lead_time_percentile_n_plus_one;;13;18;18;17,1;17;0,10000000000000142
14203055001;3,0;3;full_horizon_lead_time_percentile_n_plus_one;;2;1;1;1,8;1;0,0
14203058001;1,9000000000000021;2;full_horizon_lead_time_percentile_n_plus_one;;6;20;20;18,900000000000002;18;0,9000000000000021
14203061001;2,6000000000000014;3;full_horizon_lead_time_percentile_n_plus_one;;4;16;16;15,3;15;0,3000000000000007
14203062001;4,0;4;full_horizon_lead_time_percentile_n_plus_one;;24;21;21;19,8;19;0,8000000000000007
14203064001;3,0;3;full_horizon_lead_time_percentile_n_plus_one;;17;19;19;18,0;18;0,0
14203065001;2,0;2;full_horizon_lead_time_percentile_n_plus_one;;3;3;3;3,6;3;0,0
14203078001;12,0;12;full_horizon_lead_time_percentile_n_plus_one;;99;21;21;19,8;19;0,8000000000000007
14203080001;3,0;3;full_horizon_lead_time_percentile_n_plus_one;;14;19;19;18,0;18;0,0
14203083001;4,0;4;full_horizon_lead_time_percentile_n_plus_one;;27;20;20;18,900000000000002;18;0,9000000000000021
14203089001;2,4000000000000004;3;full_horizon_lead_time_percentile_n_plus_one;;9;15;15;14,4;14;0,40000000000000036
14204010001;25,0;25;full_horizon_lead_time_percentile_n_plus_one;;18;19;19;18,0;18;0,0
14204022001;2,0;2;full_horizon_lead_time_percentile_n_plus_one;;1;1;1;1,8;1;0,0
14204025001;7,1999999999999975;8;full_horizon_lead_time_percentile_n_plus_one;;12;13;13;12,6;12;0,5999999999999996
14204041001;23,8;24;full_horizon_lead_time_percentile_n_plus_one;;121;21;21;19,8;19;0,8000000000000007
14204044001;4,900000000000002;5;full_horizon_lead_time_percentile_n_plus_one;;18;20;20;18,900000000000002;18;0,9000000000000021
14204051001;3,0;3;full_horizon_lead_time_percentile_n_plus_one;;9;20;20;18,900000000000002;18;0,9000000000000021
14204052001;5,300000000000004;6;full_horizon_lead_time_percentile_n_plus_one;;8;18;18;17,1;17;0,10000000000000142
14204053001;3,0;3;full_horizon_lead_time_percentile_n_plus_one;;11;21;21;19,8;19;0,8000000000000007
14204054001;10,0;10;full_horizon_lead_time_percentile_n_plus_one;;65;21;21;19,8;19;0,8000000000000007
14204055001;4,0;4;full_horizon_lead_time_percentile_n_plus_one;;28;20;20;18,900000000000002;18;0,9000000000000021
14204061001;13,8;14;full_horizon_lead_time_percentile_n_plus_one;;99;21;21;19,8;19;0,8000000000000007
14204062001;7,0;7;full_horizon_lead_time_percentile_n_plus_one;;39;20;20;18,900000000000002;18;0,9000000000000021
14204065001;6,700000000000006;7;full_horizon_lead_time_percentile_n_plus_one;;17;20;20;18,900000000000002;18;0,9000000000000021
14204066001;1,0;1;full_horizon_lead_time_percentile_n_plus_one;;0;2;2;2,7;2;0,0
14204070001;10,200000000000003;11;full_horizon_lead_time_percentile_n_plus_one;;41;21;21;19,8;19;0,8000000000000007
14204071001;10,8;11;full_horizon_lead_time_percentile_n_plus_one;;62;21;21;19,8;19;0,8000000000000007
14204073001;2,0;2;full_horizon_lead_time_percentile_n_plus_one;;1;5;5;5,4;5;0,0
14204077001;3,0;3;full_horizon_lead_time_percentile_n_plus_one;;12;18;18;17,1;17;0,10000000000000142
14204078001;7,300000000000001;8;full_horizon_lead_time_percentile_n_plus_one;;12;16;16;15,3;15;0,3000000000000007
14204083001;7,800000000000001;8;full_horizon_lead_time_percentile_n_plus_one;;32;21;21;19,8;19;0,8000000000000007
14204086001;7,800000000000001;8;full_horizon_lead_time_percentile_n_plus_one;;24;21;21;19,8;19;0,8000000000000007
14204107001;3,0;3;full_horizon_lead_time_percentile_n_plus_one;;4;4;4;4,5;4;0,0
14204118001;3,0;3;full_horizon_lead_time_percentile_n_plus_one;;10;19;19;18,0;18;0,0
14204125001;11,800000000000004;12;full_horizon_lead_time_percentile_n_plus_one;;37;20;20;18,900000000000002;18;0,9000000000000021
14204126001;4,0;4;full_horizon_lead_time_percentile_n_plus_one;;28;21;21;19,8;19;0,8000000000000007
14204127001;9,600000000000001;10;full_horizon_lead_time_percentile_n_plus_one;;4;15;15;14,4;14;0,40000000000000036
14204129001;11,799999999999997;12;full_horizon_lead_time_percentile_n_plus_one;;46;17;17;16,2;16;0,1999999999999993
14204131001;9,999999999999998;10;full_horizon_lead_time_percentile_n_plus_one;;35;13;13;12,6;12;0,5999999999999996
14204132001;5,900000000000002;6;full_horizon_lead_time_percentile_n_plus_one;;30;20;20;18,900000000000002;18;0,9000000000000021
14204135001;6,0;6;full_horizon_lead_time_percentile_n_plus_one;;9;19;19;18,0;18;0,0
14204136001;3,900000000000002;4;full_horizon_lead_time_percentile_n_plus_one;;9;20;20;18,900000000000002;18;0,9000000000000021
14204148001;4,0;4;full_horizon_lead_time_percentile_n_plus_one;;9;19;19;18,0;18;0,0
14204150001;4,0;4;full_horizon_lead_time_percentile_n_plus_one;;9;16;16;15,3;15;0,3000000000000007
14204892001;17,900000000000002;18;full_horizon_lead_time_percentile_n_plus_one;;83;20;20;18,900000000000002;18;0,9000000000000021
14210009001;2,1000000000000014;3;full_horizon_lead_time_percentile_n_plus_one;;8;18;18;17,1;17;0,10000000000000142
14210010001;3,1000000000000014;4;full_horizon_lead_time_percentile_n_plus_one;;11;18;18;17,1;17;0,10000000000000142
14210015001;1,5999999999999996;2;full_horizon_lead_time_percentile_n_plus_one;;7;13;13;12,6;12;0,5999999999999996
14210019001;1,5;2;full_horizon_lead_time_percentile_n_plus_one;;2;14;14;13,5;13;0,5
14210021001;1,0;1;full_horizon_lead_time_percentile_n_plus_one;;6;21;21;19,8;19;0,8000000000000007
14210025001;1,8000000000000007;2;full_horizon_lead_time_percentile_n_plus_one;;4;11;11;10,8;10;0,8000000000000007
14210026001;1,5999999999999996;2;full_horizon_lead_time_percentile_n_plus_one;;3;13;13;12,6;12;0,5999999999999996
14210029001;1,1999999999999993;2;full_horizon_lead_time_percentile_n_plus_one;;3;17;17;16,2;16;0,1999999999999993
14210031001;1,0;1;full_horizon_lead_time_percentile_n_plus_one;;5;12;12;11,700000000000001;11;0,7000000000000011
14210034001;2,0;2;full_horizon_lead_time_percentile_n_plus_one;;9;17;17;16,2;16;0,1999999999999993
14210035001;2,0;2;full_horizon_lead_time_percentile_n_plus_one;;9;14;14;13,5;13;0,5
14210045001;1,0;1;full_horizon_lead_time_percentile_n_plus_one;;3;12;12;11,700000000000001;11;0,7000000000000011
14210046001;2,8000000000000007;3;full_horizon_lead_time_percentile_n_plus_one;;13;21;21;19,8;19;0,8000000000000007
14210048001;2,1000000000000014;3;full_horizon_lead_time_percentile_n_plus_one;;6;18;18;17,1;17;0,10000000000000142
14210051001;10,0;10;full_horizon_lead_time_percentile_n_plus_one;;19;18;18;17,1;17;0,10000000000000142
14210056001;2,5;3;full_horizon_lead_time_percentile_n_plus_one;;6;14;14;13,5;13;0,5
14210068001;2,0;2;full_horizon_lead_time_percentile_n_plus_one;;5;14;14;13,5;13;0,5
14210084001;3,0;3;full_horizon_lead_time_percentile_n_plus_one;;2;8;8;8,1;8;0,0
14210108001;7,199999999999999;8;full_horizon_lead_time_percentile_n_plus_one;;9;13;13;12,6;12;0,5999999999999996
14210110001;2,0;2;full_horizon_lead_time_percentile_n_plus_one;;10;18;18;17,1;17;0,10000000000000142
14210114001;1,0;1;full_horizon_lead_time_percentile_n_plus_one;;3;7;7;7,2;7;0,0
14210127001;3,200000000000003;4;full_horizon_lead_time_percentile_n_plus_one;;4;18;18;17,1;17;0,10000000000000142
14211055001;3,0;3;full_horizon_lead_time_percentile_n_plus_one;;14;13;13;12,6;12;0,5999999999999996
14213004001;4,600000000000001;5;full_horizon_lead_time_percentile_n_plus_one;;27;21;21;19,8;19;0,8000000000000007
14213008001;1,8000000000000007;2;full_horizon_lead_time_percentile_n_plus_one;;2;15;15;14,4;14;0,40000000000000036
14213010001;2,0;2;full_horizon_lead_time_percentile_n_plus_one;;2;6;6;6,3;6;0,0
14213055001;2,0;2;full_horizon_lead_time_percentile_n_plus_one;;5;18;18;17,1;17;0,10000000000000142
14213092001;10,0;10;full_horizon_lead_time_percentile_n_plus_one;;6;9;9;9,0;9;0,0
14220002001;4,0;4;full_horizon_lead_time_percentile_n_plus_one;;23;20;20;18,900000000000002;18;0,9000000000000021
14220005001;2,900000000000002;3;full_horizon_lead_time_percentile_n_plus_one;;15;20;20;18,900000000000002;18;0,9000000000000021
14220085001;1,3000000000000007;2;full_horizon_lead_time_percentile_n_plus_one;;4;16;16;15,3;15;0,3000000000000007
14220086001;3,200000000000003;4;full_horizon_lead_time_percentile_n_plus_one;;11;18;18;17,1;17;0,10000000000000142
14220140001;6,0;6;full_horizon_lead_time_percentile_n_plus_one;;21;19;19;18,0;18;0,0
14220141001;7,900000000000002;8;full_horizon_lead_time_percentile_n_plus_one;;33;20;20;18,900000000000002;18;0,9000000000000021
14220155001;3,0;3;full_horizon_lead_time_percentile_n_plus_one;;3;6;6;6,3;6;0,0
14221113001;3,70000000000001;4;full_horizon_lead_time_percentile_n_plus_one;;10;18;18;17,1;17;0,10000000000000142
14222001001;1,0;1;full_horizon_lead_time_percentile_n_plus_one;;3;11;11;10,8;10;0,8000000000000007
14222005001;4,5000000000000036;5;full_horizon_lead_time_percentile_n_plus_one;;11;16;16;15,3;15;0,3000000000000007
14222006001;1,0;1;full_horizon_lead_time_percentile_n_plus_one;;0;1;1;1,8;1;0,0
14222019001;2,0;2;full_horizon_lead_time_percentile_n_plus_one;;16;20;20;18,900000000000002;18;0,9000000000000021
14222025001;2,1000000000000014;3;full_horizon_lead_time_percentile_n_plus_one;;10;18;18;17,1;17;0,10000000000000142
14222027001;23,200000000000017;24;full_horizon_lead_time_percentile_n_plus_one;;7;16;16;15,3;15;0,3000000000000007
14222036001;3,0;3;full_horizon_lead_time_percentile_n_plus_one;;0;1;1;1,8;1;0,0
14222042001;5,0;5;full_horizon_lead_time_percentile_n_plus_one;;25;19;19;18,0;18;0,0
14222043001;6,0;6;full_horizon_lead_time_percentile_n_plus_one;;45;21;21;19,8;19;0,8000000000000007
14222045001;6,0;6;full_horizon_lead_time_percentile_n_plus_one;;2;3;3;3,6;3;0,0
14222046001;9,800000000000004;10;full_horizon_lead_time_percentile_n_plus_one;;53;20;20;18,900000000000002;18;0,9000000000000021
14222048001;12,0;12;full_horizon_lead_time_percentile_n_plus_one;;6;17;17;16,2;16;0,1999999999999993
14222049001;2,0;2;full_horizon_lead_time_percentile_n_plus_one;;7;12;12;11,700000000000001;11;0,7000000000000011
14222053001;3,500000000000007;4;full_horizon_lead_time_percentile_n_plus_one;;14;18;18;17,1;17;0,10000000000000142
14222068001;10,8;11;full_horizon_lead_time_percentile_n_plus_one;;80;21;21;19,8;19;0,8000000000000007
14222072001;10,0;10;full_horizon_lead_time_percentile_n_plus_one;;71;20;20;18,900000000000002;18;0,9000000000000021
14222087001;3,0;3;full_horizon_lead_time_percentile_n_plus_one;;15;20;20;18,900000000000002;18;0,9000000000000021
14222095001;7,0;7;full_horizon_lead_time_percentile_n_plus_one;;41;19;19;18,0;18;0,0
14222114001;8,400000000000002;9;full_horizon_lead_time_percentile_n_plus_one;;55;21;21;19,8;19;0,8000000000000007
14222119001;1,0;1;full_horizon_lead_time_percentile_n_plus_one;;1;14;14;13,5;13;0,5
14222120001;11,0;11;full_horizon_lead_time_percentile_n_plus_one;;0;1;1;1,8;1;0,0
14222121001;1,0;1;full_horizon_lead_time_percentile_n_plus_one;;0;1;1;1,8;1;0,0
14222122001;1,0;1;full_horizon_lead_time_percentile_n_plus_one;;1;12;12;11,700000000000001;11;0,7000000000000011
14222137001;2,0;2;full_horizon_lead_time_percentile_n_plus_one;;1;5;5;5,4;5;0,0
14222141001;3,200000000000003;4;full_horizon_lead_time_percentile_n_plus_one;;8;18;18;17,1;17;0,10000000000000142
14222142001;13,200000000000003;14;full_horizon_lead_time_percentile_n_plus_one;;51;21;21;19,8;19;0,8000000000000007
14222896001;18,0;18;full_horizon_lead_time_percentile_n_plus_one;;8;19;19;18,0;18;0,0
14222897001;18,0;18;full_horizon_lead_time_percentile_n_plus_one;;16;20;20;18,900000000000002;18;0,9000000000000021
14222898001;23,400000000000013;24;full_horizon_lead_time_percentile_n_plus_one;;8;20;20;18,900000000000002;18;0,9000000000000021
14222999001;3,0;3;full_horizon_lead_time_percentile_n_plus_one;;10;19;19;18,0;18;0,0
14223005001;2,0;2;full_horizon_lead_time_percentile_n_plus_one;;11;16;16;15,3;15;0,3000000000000007
14223008001;2,0;2;full_horizon_lead_time_percentile_n_plus_one;;6;4;4;4,5;4;0,0
14223018001;5,600000000000001;6;full_horizon_lead_time_percentile_n_plus_one;;28;21;21;19,8;19;0,8000000000000007
14223037001;8,0;8;full_horizon_lead_time_percentile_n_plus_one;;50;21;21;19,8;19;0,8000000000000007
14223045001;17,6;18;full_horizon_lead_time_percentile_n_plus_one;;58;21;21;19,8;19;0,8000000000000007
14223048001;1,1000000000000014;2;full_horizon_lead_time_percentile_n_plus_one;;3;18;18;17,1;17;0,10000000000000142
14223065001;1,0;1;full_horizon_lead_time_percentile_n_plus_one;;5;6;6;6,3;6;0,0
14223080001;3,3000000000000043;4;full_horizon_lead_time_percentile_n_plus_one;;23;18;18;17,1;17;0,10000000000000142
14223094001;20,800000000000004;21;full_horizon_lead_time_percentile_n_plus_one;;49;21;21;19,8;19;0,8000000000000007
14223155001;2,0;2;full_horizon_lead_time_percentile_n_plus_one;;0;1;1;1,8;1;0,0
14223171001;1,2000000000000028;2;full_horizon_lead_time_percentile_n_plus_one;;3;18;18;17,1;17;0,10000000000000142
14223176001;5,200000000000003;6;full_horizon_lead_time_percentile_n_plus_one;;23;18;18;17,1;17;0,10000000000000142
14223178001;3,6000000000000014;4;full_horizon_lead_time_percentile_n_plus_one;;17;21;21;19,8;19;0,8000000000000007
14223179001;12,600000000000001;13;full_horizon_lead_time_percentile_n_plus_one;;91;21;21;19,8;19;0,8000000000000007
14223215001;11,600000000000001;12;full_horizon_lead_time_percentile_n_plus_one;;69;21;21;19,8;19;0,8000000000000007
14223247001;4,200000000000001;5;full_horizon_lead_time_percentile_n_plus_one;;10;15;15;14,4;14;0,40000000000000036
14224002001;3,0;3;full_horizon_lead_time_percentile_n_plus_one;;11;19;19;18,0;18;0,0
14224003001;5,199999999999999;6;full_horizon_lead_time_percentile_n_plus_one;;27;17;17;16,2;16;0,1999999999999993
14225008001;1,0;1;full_horizon_lead_time_percentile_n_plus_one;;1;1;1;1,8;1;0,0
14225014001;1,6000000000000014;2;full_horizon_lead_time_percentile_n_plus_one;;3;16;16;15,3;15;0,3000000000000007
14225016001;2,0;2;full_horizon_lead_time_percentile_n_plus_one;;3;19;19;18,0;18;0,0
14225018001;7,700000000000006;8;full_horizon_lead_time_percentile_n_plus_one;;8;20;20;18,900000000000002;18;0,9000000000000021
14225023001;6,0;6;full_horizon_lead_time_percentile_n_plus_one;;5;9;9;9,0;9;0,0
14225029001;3,0;3;full_horizon_lead_time_percentile_n_plus_one;;5;8;8;8,1;8;0,0
14225030001;4,199999999999996;5;full_horizon_lead_time_percentile_n_plus_one;;3;17;17;16,2;16;0,1999999999999993
14225035001;1,0;1;full_horizon_lead_time_percentile_n_plus_one;;1;17;17;16,2;16;0,1999999999999993
14225041001;1,1000000000000014;2;full_horizon_lead_time_percentile_n_plus_one;;4;18;18;17,1;17;0,10000000000000142
14225045001;1,0;1;full_horizon_lead_time_percentile_n_plus_one;;1;10;10;9,9;9;0,9000000000000004
14225052001;2,0;2;full_horizon_lead_time_percentile_n_plus_one;;4;18;18;17,1;17;0,10000000000000142
14225056001;2,6000000000000014;3;full_horizon_lead_time_percentile_n_plus_one;;5;16;16;15,3;15;0,3000000000000007
14225057001;1,0;1;full_horizon_lead_time_percentile_n_plus_one;;4;13;13;12,6;12;0,5999999999999996
14226003001;3,0;3;full_horizon_lead_time_percentile_n_plus_one;;5;15;15;14,4;14;0,40000000000000036
14226005001;4,300000000000004;5;full_horizon_lead_time_percentile_n_plus_one;;8;18;18;17,1;17;0,10000000000000142
14226007001;9,800000000000004;10;full_horizon_lead_time_percentile_n_plus_one;;19;20;20;18,900000000000002;18;0,9000000000000021
14226009001;4,0;4;full_horizon_lead_time_percentile_n_plus_one;;22;20;20;18,900000000000002;18;0,9000000000000021
14226012001;12,100000000000001;13;full_horizon_lead_time_percentile_n_plus_one;;7;18;18;17,1;17;0,10000000000000142
14226016001;2,1000000000000014;3;full_horizon_lead_time_percentile_n_plus_one;;5;18;18;17,1;17;0,10000000000000142
14226019001;3,5;4;full_horizon_lead_time_percentile_n_plus_one;;2;14;14;13,5;13;0,5
14226020001;2,0;2;full_horizon_lead_time_percentile_n_plus_one;;4;10;10;9,9;9;0,9000000000000004
14226032001;2,0;2;full_horizon_lead_time_percentile_n_plus_one;;2;19;19;18,0;18;0,0
14226035001;12,0;12;full_horizon_lead_time_percentile_n_plus_one;;1;9;9;9,0;9;0,0
14226042001;2,0;2;full_horizon_lead_time_percentile_n_plus_one;;9;18;18;17,1;17;0,10000000000000142
14226046001;2,0;2;full_horizon_lead_time_percentile_n_plus_one;;4;17;17;16,2;16;0,1999999999999993
14226051001;1,0;1;full_horizon_lead_time_percentile_n_plus_one;;5;8;8;8,1;8;0,0
14226059001;3,3999999999999986;4;full_horizon_lead_time_percentile_n_plus_one;;10;17;17;16,2;16;0,1999999999999993
14226063001;2,0;2;full_horizon_lead_time_percentile_n_plus_one;;6;10;10;9,9;9;0,9000000000000004
14226067001;3,70000000000001;4;full_horizon_lead_time_percentile_n_plus_one;;6;18;18;17,1;17;0,10000000000000142
14226100001;1,0;1;full_horizon_lead_time_percentile_n_plus_one;;2;5;5;5,4;5;0,0
14227002001;2,3999999999999986;3;full_horizon_lead_time_percentile_n_plus_one;;12;17;17;16,2;16;0,1999999999999993
14227005001;3,0;3;full_horizon_lead_time_percentile_n_plus_one;;12;18;18;17,1;17;0,10000000000000142
14231003001;25,800000000000004;26;full_horizon_lead_time_percentile_n_plus_one;;117;21;21;19,8;19;0,8000000000000007
14240001001;4,0;4;full_horizon_lead_time_percentile_n_plus_one;;13;19;19;18,0;18;0,0
14240008001;6,400000000000006;7;full_horizon_lead_time_percentile_n_plus_one;;5;18;18;17,1;17;0,10000000000000142
14240014001;4,0;4;full_horizon_lead_time_percentile_n_plus_one;;6;16;16;15,3;15;0,3000000000000007
14240015001;11,0;11;full_horizon_lead_time_percentile_n_plus_one;;6;8;8;8,1;8;0,0
14241001001;1,0;1;full_horizon_lead_time_percentile_n_plus_one;;0;1;1;1,8;1;0,0
14241002001;2,8000000000000007;3;full_horizon_lead_time_percentile_n_plus_one;;1;21;21;19,8;19;0,8000000000000007
14241004001;4,799999999999999;5;full_horizon_lead_time_percentile_n_plus_one;;11;13;13;12,6;12;0,5999999999999996
14241025001;2,0;2;full_horizon_lead_time_percentile_n_plus_one;;0;1;1;1,8;1;0,0
14241030001;5,200000000000003;6;full_horizon_lead_time_percentile_n_plus_one;;20;18;18;17,1;17;0,10000000000000142
14241032001;2,1000000000000014;3;full_horizon_lead_time_percentile_n_plus_one;;8;18;18;17,1;17;0,10000000000000142
14241033001;5,100000000000001;6;full_horizon_lead_time_percentile_n_plus_one;;14;18;18;17,1;17;0,10000000000000142
14241035001;1,0;1;full_horizon_lead_time_percentile_n_plus_one;;3;7;7;7,2;7;0,0
14241042001;8,0;8;full_horizon_lead_time_percentile_n_plus_one;;39;19;19;18,0;18;0,0
14241043001;1,700000000000001;2;full_horizon_lead_time_percentile_n_plus_one;;2;12;12;11,700000000000001;11;0,7000000000000011
14241044001;2,0;2;full_horizon_lead_time_percentile_n_plus_one;;2;4;4;4,5;4;0,0
14242003001;2,0;2;full_horizon_lead_time_percentile_n_plus_one;;14;19;19;18,0;18;0,0
14242007001;10,399999999999999;11;full_horizon_lead_time_percentile_n_plus_one;;6;17;17;16,2;16;0,1999999999999993
14242036001;5,0;5;full_horizon_lead_time_percentile_n_plus_one;;18;19;19;18,0;18;0,0
14242037001;5,500000000000007;6;full_horizon_lead_time_percentile_n_plus_one;;32;18;18;17,1;17;0,10000000000000142
14242039001;5,0;5;full_horizon_lead_time_percentile_n_plus_one;;16;20;20;18,900000000000002;18;0,9000000000000021
14242042001;4,0;4;full_horizon_lead_time_percentile_n_plus_one;;13;19;19;18,0;18;0,0
14242056001;3,900000000000002;4;full_horizon_lead_time_percentile_n_plus_one;;21;20;20;18,900000000000002;18;0,9000000000000021
14242072001;3,0;3;full_horizon_lead_time_percentile_n_plus_one;;7;19;19;18,0;18;0,0
14242081001;2,0;2;full_horizon_lead_time_percentile_n_plus_one;;6;12;12;11,700000000000001;11;0,7000000000000011
14242105001;3,0;3;full_horizon_lead_time_percentile_n_plus_one;;6;14;14;13,5;13;0,5
14242126001;1,0;1;full_horizon_lead_time_percentile_n_plus_one;;2;20;20;18,900000000000002;18;0,9000000000000021
14242131001;6,800000000000001;7;full_horizon_lead_time_percentile_n_plus_one;;31;21;21;19,8;19;0,8000000000000007
14242144001;2,8000000000000007;3;full_horizon_lead_time_percentile_n_plus_one;;11;21;21;19,8;19;0,8000000000000007
14242145001;3,1000000000000014;4;full_horizon_lead_time_percentile_n_plus_one;;10;18;18;17,1;17;0,10000000000000142
14242149001;3,900000000000002;4;full_horizon_lead_time_percentile_n_plus_one;;20;20;20;18,900000000000002;18;0,9000000000000021
14242150001;3,0;3;full_horizon_lead_time_percentile_n_plus_one;;10;19;19;18,0;18;0,0
14242151001;6,800000000000004;7;full_horizon_lead_time_percentile_n_plus_one;;32;20;20;18,900000000000002;18;0,9000000000000021
14242154001;3,599999999999998;4;full_horizon_lead_time_percentile_n_plus_one;;11;17;17;16,2;16;0,1999999999999993
14242155001;6,700000000000006;7;full_horizon_lead_time_percentile_n_plus_one;;18;20;20;18,900000000000002;18;0,9000000000000021
14242164001;4,199999999999999;5;full_horizon_lead_time_percentile_n_plus_one;;8;13;13;12,6;12;0,5999999999999996
14242210001;2,0;2;full_horizon_lead_time_percentile_n_plus_one;;1;1;1;1,8;1;0,0
14243006001;2,0;2;full_horizon_lead_time_percentile_n_plus_one;;11;19;19;18,0;18;0,0
14243007001;9,00000000000001;10;full_horizon_lead_time_percentile_n_plus_one;;7;12;12;11,700000000000001;11;0,7000000000000011
14243009001;1,5;2;full_horizon_lead_time_percentile_n_plus_one;;4;14;14;13,5;13;0,5
14243012001;1,3999999999999986;2;full_horizon_lead_time_percentile_n_plus_one;;3;17;17;16,2;16;0,1999999999999993
14243013001;5,399999999999999;6;full_horizon_lead_time_percentile_n_plus_one;;12;17;17;16,2;16;0,1999999999999993
14243016001;3,4000000000000004;4;full_horizon_lead_time_percentile_n_plus_one;;5;15;15;14,4;14;0,40000000000000036
14243017001;2,400000000000002;3;full_horizon_lead_time_percentile_n_plus_one;;2;12;12;11,700000000000001;11;0,7000000000000011
14243020001;3,0;3;full_horizon_lead_time_percentile_n_plus_one;;14;19;19;18,0;18;0,0
14243021001;4,0;4;full_horizon_lead_time_percentile_n_plus_one;;2;1;1;1,8;1;0,0
14243026001;4,0;4;full_horizon_lead_time_percentile_n_plus_one;;8;18;18;17,1;17;0,10000000000000142
14243028001;2,0;2;full_horizon_lead_time_percentile_n_plus_one;;5;19;19;18,0;18;0,0
14243031001;1,0;1;full_horizon_lead_time_percentile_n_plus_one;;3;16;16;15,3;15;0,3000000000000007
14243036001;4,0;4;full_horizon_lead_time_percentile_n_plus_one;;7;19;19;18,0;18;0,0
14243040001;10,0;10;full_horizon_lead_time_percentile_n_plus_one;;25;19;19;18,0;18;0,0
14243042001;7,399999999999995;8;full_horizon_lead_time_percentile_n_plus_one;;25;17;17;16,2;16;0,1999999999999993
14243044001;6,900000000000002;7;full_horizon_lead_time_percentile_n_plus_one;;28;20;20;18,900000000000002;18;0,9000000000000021
14243045001;7,800000000000001;8;full_horizon_lead_time_percentile_n_plus_one;;38;21;21;19,8;19;0,8000000000000007
14243046001;6,0;6;full_horizon_lead_time_percentile_n_plus_one;;30;20;20;18,900000000000002;18;0,9000000000000021
14243053001;2,400000000000002;3;full_horizon_lead_time_percentile_n_plus_one;;2;12;12;11,700000000000001;11;0,7000000000000011
14243054001;1,1000000000000014;2;full_horizon_lead_time_percentile_n_plus_one;;6;18;18;17,1;17;0,10000000000000142
14243055001;1,0;1;full_horizon_lead_time_percentile_n_plus_one;;4;14;14;13,5;13;0,5
14243058001;9,8;10;full_horizon_lead_time_percentile_n_plus_one;;44;21;21;19,8;19;0,8000000000000007
14243061001;5,700000000000006;6;full_horizon_lead_time_percentile_n_plus_one;;20;20;20;18,900000000000002;18;0,9000000000000021
14243081001;1,0;1;full_horizon_lead_time_percentile_n_plus_one;;4;9;9;9,0;9;0,0
14243088001;1,0;1;full_horizon_lead_time_percentile_n_plus_one;;5;19;19;18,0;18;0,0
14243094001;10,0;10;full_horizon_lead_time_percentile_n_plus_one;;4;8;8;8,1;8;0,0
14243106001;1,0;1;full_horizon_lead_time_percentile_n_plus_one;;1;8;8;8,1;8;0,0
14243107001;2,8000000000000007;3;full_horizon_lead_time_percentile_n_plus_one;;15;21;21;19,8;19;0,8000000000000007
14243108001;1,0;1;full_horizon_lead_time_percentile_n_plus_one;;6;14;14;13,5;13;0,5
14243110001;4,0;4;full_horizon_lead_time_percentile_n_plus_one;;2;7;7;7,2;7;0,0
14243111001;2,0;2;full_horizon_lead_time_percentile_n_plus_one;;1;1;1;1,8;1;0,0
14243120001;4,800000000000004;5;full_horizon_lead_time_percentile_n_plus_one;;9;12;12;11,700000000000001;11;0,7000000000000011
14243129001;8,0;8;full_horizon_lead_time_percentile_n_plus_one;;21;21;21;19,8;19;0,8000000000000007
14243166001;4,800000000000001;5;full_horizon_lead_time_percentile_n_plus_one;;15;21;21;19,8;19;0,8000000000000007
14244003001;26,900000000000002;27;full_horizon_lead_time_percentile_n_plus_one;;198;20;20;18,900000000000002;18;0,9000000000000021
14244005001;2,0;2;full_horizon_lead_time_percentile_n_plus_one;;5;14;14;13,5;13;0,5
14244009001;3,0;3;full_horizon_lead_time_percentile_n_plus_one;;8;19;19;18,0;18;0,0
14244011001;3,0;3;full_horizon_lead_time_percentile_n_plus_one;;15;19;19;18,0;18;0,0
14244012001;2,3000000000000007;3;full_horizon_lead_time_percentile_n_plus_one;;5;16;16;15,3;15;0,3000000000000007
14244014001;22,800000000000004;23;full_horizon_lead_time_percentile_n_plus_one;;72;21;21;19,8;19;0,8000000000000007
14244016001;22,8;23;full_horizon_lead_time_percentile_n_plus_one;;102;21;21;19,8;19;0,8000000000000007
14244017001;13,900000000000002;14;full_horizon_lead_time_percentile_n_plus_one;;104;20;20;18,900000000000002;18;0,9000000000000021
14244020001;75,0;75;full_horizon_lead_time_percentile_n_plus_one;;113;19;19;18,0;18;0,0
14244021001;28,000000000000004;29;full_horizon_lead_time_percentile_n_plus_one;;95;21;21;19,8;19;0,8000000000000007
14244022001;4,0;4;full_horizon_lead_time_percentile_n_plus_one;;1;4;4;4,5;4;0,0
14244025001;6,500000000000005;7;full_horizon_lead_time_percentile_n_plus_one;;8;12;12;11,700000000000001;11;0,7000000000000011
14244026001;3,0;3;full_horizon_lead_time_percentile_n_plus_one;;18;21;21;19,8;19;0,8000000000000007
14244027001;6,800000000000004;7;full_horizon_lead_time_percentile_n_plus_one;;21;20;20;18,900000000000002;18;0,9000000000000021
14244028001;5,800000000000001;6;full_horizon_lead_time_percentile_n_plus_one;;31;21;21;19,8;19;0,8000000000000007
14244031001;2,3999999999999986;3;full_horizon_lead_time_percentile_n_plus_one;;9;17;17;16,2;16;0,1999999999999993
14244034001;2,3000000000000007;3;full_horizon_lead_time_percentile_n_plus_one;;5;16;16;15,3;15;0,3000000000000007
14244039001;3,8000000000000007;4;full_horizon_lead_time_percentile_n_plus_one;;11;21;21;19,8;19;0,8000000000000007
14244046001;1,5;2;full_horizon_lead_time_percentile_n_plus_one;;5;14;14;13,5;13;0,5
14244049001;4,0;4;full_horizon_lead_time_percentile_n_plus_one;;23;19;19;18,0;18;0,0
14244050001;4,800000000000001;5;full_horizon_lead_time_percentile_n_plus_one;;26;21;21;19,8;19;0,8000000000000007
14244051001;3,0;3;full_horizon_lead_time_percentile_n_plus_one;;4;19;19;18,0;18;0,0
14244052001;19,800000000000004;20;full_horizon_lead_time_percentile_n_plus_one;;72;21;21;19,8;19;0,8000000000000007
14244053001;5,900000000000002;6;full_horizon_lead_time_percentile_n_plus_one;;25;20;20;18,900000000000002;18;0,9000000000000021
14244056001;4,200000000000003;5;full_horizon_lead_time_percentile_n_plus_one;;14;18;18;17,1;17;0,10000000000000142
14244059001;10,800000000000004;11;full_horizon_lead_time_percentile_n_plus_one;;46;20;20;18,900000000000002;18;0,9000000000000021
14244062001;1,0;1;full_horizon_lead_time_percentile_n_plus_one;;1;17;17;16,2;16;0,1999999999999993
14244896001;49,500000000000014;50;full_horizon_lead_time_percentile_n_plus_one;;61;20;20;18,900000000000002;18;0,9000000000000021
14244898001;19,000000000000004;20;full_horizon_lead_time_percentile_n_plus_one;;21;21;21;19,8;19;0,8000000000000007
14244906001;3,0;3;full_horizon_lead_time_percentile_n_plus_one;;9;20;20;18,900000000000002;18;0,9000000000000021
14244918001;12,600000000000009;13;full_horizon_lead_time_percentile_n_plus_one;;42;20;20;18,900000000000002;18;0,9000000000000021
14244919001;4,0;4;full_horizon_lead_time_percentile_n_plus_one;;18;20;20;18,900000000000002;18;0,9000000000000021
14244930001;1,0;1;full_horizon_lead_time_percentile_n_plus_one;;2;9;9;9,0;9;0,0
14244999001;12,0;12;full_horizon_lead_time_percentile_n_plus_one;;38;12;12;11,700000000000001;11;0,7000000000000011
14300003001;1,6000000000000014;2;full_horizon_lead_time_percentile_n_plus_one;;4;16;16;15,3;15;0,3000000000000007
14300008001;4,0;4;full_horizon_lead_time_percentile_n_plus_one;;19;18;18;17,1;17;0,10000000000000142
14300016001;1,3000000000000007;2;full_horizon_lead_time_percentile_n_plus_one;;2;16;16;15,3;15;0,3000000000000007
14300019001;2,0;2;full_horizon_lead_time_percentile_n_plus_one;;7;15;15;14,4;14;0,40000000000000036
14300025001;3,0;3;full_horizon_lead_time_percentile_n_plus_one;;19;20;20;18,900000000000002;18;0,9000000000000021
14300029001;5,0;5;full_horizon_lead_time_percentile_n_plus_one;;4;8;8;8,1;8;0,0
14300046001;2,0;2;full_horizon_lead_time_percentile_n_plus_one;;12;20;20;18,900000000000002;18;0,9000000000000021
14300057001;2,1000000000000014;3;full_horizon_lead_time_percentile_n_plus_one;;5;18;18;17,1;17;0,10000000000000142
14300070001;1,8000000000000007;2;full_horizon_lead_time_percentile_n_plus_one;;5;21;21;19,8;19;0,8000000000000007
14300096001;2,0;2;full_horizon_lead_time_percentile_n_plus_one;;2;7;7;7,2;7;0,0
14301013001;4,0;4;full_horizon_lead_time_percentile_n_plus_one;;20;19;19;18,0;18;0,0
14301018001;2,3000000000000007;3;full_horizon_lead_time_percentile_n_plus_one;;7;16;16;15,3;15;0,3000000000000007
14301023001;4,0;4;full_horizon_lead_time_percentile_n_plus_one;;10;19;19;18,0;18;0,0
14301030001;2,700000000000001;3;full_horizon_lead_time_percentile_n_plus_one;;5;12;12;11,700000000000001;11;0,7000000000000011
14301031001;0,9000000000000021;1;full_horizon_lead_time_percentile_n_plus_one;;4;20;20;18,900000000000002;18;0,9000000000000021
14301108001;6,199999999999999;7;full_horizon_lead_time_percentile_n_plus_one;;12;17;17;16,2;16;0,1999999999999993
14301109001;2,0;2;full_horizon_lead_time_percentile_n_plus_one;;4;8;8;8,1;8;0,0
14301110001;2,0;2;full_horizon_lead_time_percentile_n_plus_one;;2;9;9;9,0;9;0,0
14302005001;4,100000000000001;5;full_horizon_lead_time_percentile_n_plus_one;;24;18;18;17,1;17;0,10000000000000142
14302006001;11,0;11;full_horizon_lead_time_percentile_n_plus_one;;9;19;19;18,0;18;0,0
14302017001;4,0;4;full_horizon_lead_time_percentile_n_plus_one;;11;10;10;9,9;9;0,9000000000000004
14302018001;10,0;10;full_horizon_lead_time_percentile_n_plus_one;;6;19;19;18,0;18;0,0
14302060001;1,0;1;full_horizon_lead_time_percentile_n_plus_one;;3;7;7;7,2;7;0,0
14302072001;2,0;2;full_horizon_lead_time_percentile_n_plus_one;;6;7;7;7,2;7;0,0
14302079001;6,0;6;full_horizon_lead_time_percentile_n_plus_one;;16;18;18;17,1;17;0,10000000000000142
14302080001;2,0;2;full_horizon_lead_time_percentile_n_plus_one;;12;17;17;16,2;16;0,1999999999999993
14303015001;3,0;3;full_horizon_lead_time_percentile_n_plus_one;;18;20;20;18,900000000000002;18;0,9000000000000021
14303021001;1,0;1;full_horizon_lead_time_percentile_n_plus_one;;4;21;21;19,8;19;0,8000000000000007
14303022001;1,0;1;full_horizon_lead_time_percentile_n_plus_one;;4;10;10;9,9;9;0,9000000000000004
14303024001;2,0;2;full_horizon_lead_time_percentile_n_plus_one;;10;17;17;16,2;16;0,1999999999999993
14303026001;1,0;1;full_horizon_lead_time_percentile_n_plus_one;;2;16;16;15,3;15;0,3000000000000007
14303033001;2,6000000000000014;3;full_horizon_lead_time_percentile_n_plus_one;;9;16;16;15,3;15;0,3000000000000007
14303034001;1,0;1;full_horizon_lead_time_percentile_n_plus_one;;6;19;19;18,0;18;0,0
14303036001;2,200000000000003;3;full_horizon_lead_time_percentile_n_plus_one;;9;18;18;17,1;17;0,10000000000000142
14303037001;1,0;1;full_horizon_lead_time_percentile_n_plus_one;;4;5;5;5,4;5;0,0
14303038001;2,0;2;full_horizon_lead_time_percentile_n_plus_one;;3;5;5;5,4;5;0,0
14303039001;1,0;1;full_horizon_lead_time_percentile_n_plus_one;;3;16;16;15,3;15;0,3000000000000007
14303040001;1,5;2;full_horizon_lead_time_percentile_n_plus_one;;6;14;14;13,5;13;0,5
14303048001;5,100000000000001;6;full_horizon_lead_time_percentile_n_plus_one;;26;18;18;17,1;17;0,10000000000000142
14303058001;1,9000000000000021;2;full_horizon_lead_time_percentile_n_plus_one;;5;20;20;18,900000000000002;18;0,9000000000000021
14303897001;2,0;2;full_horizon_lead_time_percentile_n_plus_one;;5;19;19;18,0;18;0,0
14303898001;1,9000000000000021;2;full_horizon_lead_time_percentile_n_plus_one;;9;20;20;18,900000000000002;18;0,9000000000000021
14303899001;4,700000000000001;5;full_horizon_lead_time_percentile_n_plus_one;;4;12;12;11,700000000000001;11;0,7000000000000011
14303933001;4,600000000000001;5;full_horizon_lead_time_percentile_n_plus_one;;30;21;21;19,8;19;0,8000000000000007
14303934001;6,900000000000002;7;full_horizon_lead_time_percentile_n_plus_one;;35;20;20;18,900000000000002;18;0,9000000000000021
14304001001;2,6000000000000014;3;full_horizon_lead_time_percentile_n_plus_one;;5;21;21;19,8;19;0,8000000000000007
14304003001;3,0;3;full_horizon_lead_time_percentile_n_plus_one;;4;7;7;7,2;7;0,0
14304008001;1,5999999999999996;2;full_horizon_lead_time_percentile_n_plus_one;;1;13;13;12,6;12;0,5999999999999996
14304009001;5,399999999999999;6;full_horizon_lead_time_percentile_n_plus_one;;4;13;13;12,6;12;0,5999999999999996
14304013001;1,0;1;full_horizon_lead_time_percentile_n_plus_one;;4;18;18;17,1;17;0,10000000000000142
14304028001;2,1999999999999993;3;full_horizon_lead_time_percentile_n_plus_one;;11;17;17;16,2;16;0,1999999999999993
14304047001;3,0;3;full_horizon_lead_time_percentile_n_plus_one;;3;6;6;6,3;6;0,0
14304062001;1,0;1;full_horizon_lead_time_percentile_n_plus_one;;3;19;19;18,0;18;0,0
14304064001;1,0;1;full_horizon_lead_time_percentile_n_plus_one;;3;4;4;4,5;4;0,0
14304084001;1,0;1;full_horizon_lead_time_percentile_n_plus_one;;0;1;1;1,8;1;0,0
14304128001;7,0;7;full_horizon_lead_time_percentile_n_plus_one;;1;8;8;8,1;8;0,0
14304135001;1,1000000000000014;2;full_horizon_lead_time_percentile_n_plus_one;;5;18;18;17,1;17;0,10000000000000142
14304157001;2,0;2;full_horizon_lead_time_percentile_n_plus_one;;0;1;1;1,8;1;0,0
14304194001;3,3000000000000043;4;full_horizon_lead_time_percentile_n_plus_one;;7;18;18;17,1;17;0,10000000000000142
14304230001;1,0;1;full_horizon_lead_time_percentile_n_plus_one;;6;14;14;13,5;13;0,5
14310015001;2,0;2;full_horizon_lead_time_percentile_n_plus_one;;5;10;10;9,9;9;0,9000000000000004
14310016001;4,300000000000004;5;full_horizon_lead_time_percentile_n_plus_one;;11;18;18;17,1;17;0,10000000000000142
14310020001;5,4;6;full_horizon_lead_time_percentile_n_plus_one;;6;15;15;14,4;14;0,40000000000000036
14310028001;2,0;2;full_horizon_lead_time_percentile_n_plus_one;;5;10;10;9,9;9;0,9000000000000004
14310071001;6,0;6;full_horizon_lead_time_percentile_n_plus_one;;3;16;16;15,3;15;0,3000000000000007
14310096001;1,0;1;full_horizon_lead_time_percentile_n_plus_one;;1;1;1;1,8;1;0,0
14310111001;7,0;7;full_horizon_lead_time_percentile_n_plus_one;;3;9;9;9,0;9;0,0
14310127001;1,0;1;full_horizon_lead_time_percentile_n_plus_one;;2;9;9;9,0;9;0,0
14310128001;6,0;6;full_horizon_lead_time_percentile_n_plus_one;;2;3;3;3,6;3;0,0
14310134001;3,5;4;full_horizon_lead_time_percentile_n_plus_one;;2;14;14;13,5;13;0,5
14310139001;12,0;12;full_horizon_lead_time_percentile_n_plus_one;;3;6;6;6,3;6;0,0
14310209001;4,0;4;full_horizon_lead_time_percentile_n_plus_one;;1;3;3;3,6;3;0,0
14311002001;2,0;2;full_horizon_lead_time_percentile_n_plus_one;;1;5;5;5,4;5;0,0
14311004001;37,20000000000001;38;full_horizon_lead_time_percentile_n_plus_one;;128;21;21;19,8;19;0,8000000000000007
14311005001;25,6;26;full_horizon_lead_time_percentile_n_plus_one;;82;21;21;19,8;19;0,8000000000000007
14311020001;7,199999999999999;8;full_horizon_lead_time_percentile_n_plus_one;;15;17;17;16,2;16;0,1999999999999993
14311022001;13,900000000000002;14;full_horizon_lead_time_percentile_n_plus_one;;24;20;20;18,900000000000002;18;0,9000000000000021
14311025001;1,0;1;full_horizon_lead_time_percentile_n_plus_one;;0;2;2;2,7;2;0,0
14311027001;6,600000000000001;7;full_horizon_lead_time_percentile_n_plus_one;;28;16;16;15,3;15;0,3000000000000007
14311031001;1,0;1;full_horizon_lead_time_percentile_n_plus_one;;1;1;1;1,8;1;0,0
14311036001;1,0;1;full_horizon_lead_time_percentile_n_plus_one;;2;12;12;11,700000000000001;11;0,7000000000000011
14311040001;3,0;3;full_horizon_lead_time_percentile_n_plus_one;;8;18;18;17,1;17;0,10000000000000142
14311041001;7,0;7;full_horizon_lead_time_percentile_n_plus_one;;3;2;2;2,7;2;0,0
14311043001;9,0;9;full_horizon_lead_time_percentile_n_plus_one;;23;20;20;18,900000000000002;18;0,9000000000000021
14311044001;3,0;3;full_horizon_lead_time_percentile_n_plus_one;;10;20;20;18,900000000000002;18;0,9000000000000021
14311046001;2,0;2;full_horizon_lead_time_percentile_n_plus_one;;8;19;19;18,0;18;0,0
14311054001;3,0;3;full_horizon_lead_time_percentile_n_plus_one;;7;19;19;18,0;18;0,0
14311058001;8,0;8;full_horizon_lead_time_percentile_n_plus_one;;28;19;19;18,0;18;0,0
14311059001;1,0;1;full_horizon_lead_time_percentile_n_plus_one;;3;14;14;13,5;13;0,5
14311065001;2,0;2;full_horizon_lead_time_percentile_n_plus_one;;10;19;19;18,0;18;0,0
14311071001;3,0;3;full_horizon_lead_time_percentile_n_plus_one;;4;19;19;18,0;18;0,0
14311081001;3,0;3;full_horizon_lead_time_percentile_n_plus_one;;10;20;20;18,900000000000002;18;0,9000000000000021
14311086001;8,500000000000007;9;full_horizon_lead_time_percentile_n_plus_one;;6;18;18;17,1;17;0,10000000000000142
14311095001;1,1000000000000014;2;full_horizon_lead_time_percentile_n_plus_one;;5;18;18;17,1;17;0,10000000000000142
14311112001;21,8;22;full_horizon_lead_time_percentile_n_plus_one;;42;21;21;19,8;19;0,8000000000000007
14311115001;1,0;1;full_horizon_lead_time_percentile_n_plus_one;;0;1;1;1,8;1;0,0
14311117001;2,0;2;full_horizon_lead_time_percentile_n_plus_one;;1;7;7;7,2;7;0,0
14311118001;3,3000000000000043;4;full_horizon_lead_time_percentile_n_plus_one;;15;18;18;17,1;17;0,10000000000000142
14311119001;3,8000000000000043;4;full_horizon_lead_time_percentile_n_plus_one;;9;20;20;18,900000000000002;18;0,9000000000000021
14311134001;4,0;4;full_horizon_lead_time_percentile_n_plus_one;;6;17;17;16,2;16;0,1999999999999993
14311135001;10,600000000000001;11;full_horizon_lead_time_percentile_n_plus_one;;34;21;21;19,8;19;0,8000000000000007
14311158001;18,60000000000001;19;full_horizon_lead_time_percentile_n_plus_one;;38;18;18;17,1;17;0,10000000000000142
14311161001;14,0;14;full_horizon_lead_time_percentile_n_plus_one;;0;3;3;3,6;3;0,0
14311220001;2,0;2;full_horizon_lead_time_percentile_n_plus_one;;2;3;3;3,6;3;0,0
14311234001;1,0;1;full_horizon_lead_time_percentile_n_plus_one;;2;5;5;5,4;5;0,0
14311235001;6,4;7;full_horizon_lead_time_percentile_n_plus_one;;4;15;15;14,4;14;0,40000000000000036
14311256001;1,0;1;full_horizon_lead_time_percentile_n_plus_one;;2;9;9;9,0;9;0,0
14311258001;5,0;5;full_horizon_lead_time_percentile_n_plus_one;;2;2;2;2,7;2;0,0
14311270001;2,6000000000000014;3;full_horizon_lead_time_percentile_n_plus_one;;5;16;16;15,3;15;0,3000000000000007
14311898001;4,600000000000003;5;full_horizon_lead_time_percentile_n_plus_one;;2;15;15;14,4;14;0,40000000000000036
14312001001;2,0;2;full_horizon_lead_time_percentile_n_plus_one;;3;19;19;18,0;18;0,0
14312003001;48,0;48;full_horizon_lead_time_percentile_n_plus_one;;3;7;7;7,2;7;0,0
14312008001;1,0;1;full_horizon_lead_time_percentile_n_plus_one;;2;13;13;12,6;12;0,5999999999999996
14312011001;2,8000000000000007;3;full_horizon_lead_time_percentile_n_plus_one;;5;11;11;10,8;10;0,8000000000000007
14312012001;1,0;1;full_horizon_lead_time_percentile_n_plus_one;;1;1;1;1,8;1;0,0
14312016001;2,0;2;full_horizon_lead_time_percentile_n_plus_one;;4;19;19;18,0;18;0,0
14312018001;7,600000000000001;8;full_horizon_lead_time_percentile_n_plus_one;;5;11;11;10,8;10;0,8000000000000007
14312032001;2,1000000000000014;3;full_horizon_lead_time_percentile_n_plus_one;;11;18;18;17,1;17;0,10000000000000142
14312042001;1,0;1;full_horizon_lead_time_percentile_n_plus_one;;4;9;9;9,0;9;0,0
14312045001;7,100000000000001;8;full_horizon_lead_time_percentile_n_plus_one;;11;18;18;17,1;17;0,10000000000000142
14312055001;6,70000000000001;7;full_horizon_lead_time_percentile_n_plus_one;;11;18;18;17,1;17;0,10000000000000142
14312068001;2,3000000000000007;3;full_horizon_lead_time_percentile_n_plus_one;;3;16;16;15,3;15;0,3000000000000007
14312070001;5,800000000000001;6;full_horizon_lead_time_percentile_n_plus_one;;10;21;21;19,8;19;0,8000000000000007
14312999001;10,600000000000009;11;full_horizon_lead_time_percentile_n_plus_one;;39;20;20;18,900000000000002;18;0,9000000000000021
14315008001;3,8000000000000043;4;full_horizon_lead_time_percentile_n_plus_one;;10;20;20;18,900000000000002;18;0,9000000000000021
14315016001;9,8;10;full_horizon_lead_time_percentile_n_plus_one;;31;21;21;19,8;19;0,8000000000000007
14315017001;10,0;10;full_horizon_lead_time_percentile_n_plus_one;;30;21;21;19,8;19;0,8000000000000007
14320008001;6,0;6;full_horizon_lead_time_percentile_n_plus_one;;6;7;7;7,2;7;0,0
14320899001;1,0;1;full_horizon_lead_time_percentile_n_plus_one;;3;14;14;13,5;13;0,5
14321008001;6,0;6;full_horizon_lead_time_percentile_n_plus_one;;3;8;8;8,1;8;0,0
14321009001;1,0;1;full_horizon_lead_time_percentile_n_plus_one;;3;18;18;17,1;17;0,10000000000000142
14321011001;10,200000000000003;11;full_horizon_lead_time_percentile_n_plus_one;;6;18;18;17,1;17;0,10000000000000142
14330003001;1,3000000000000043;2;full_horizon_lead_time_percentile_n_plus_one;;6;18;18;17,1;17;0,10000000000000142
14330004001;3,0;3;full_horizon_lead_time_percentile_n_plus_one;;11;19;19;18,0;18;0,0
14330006001;1,0;1;full_horizon_lead_time_percentile_n_plus_one;;2;8;8;8,1;8;0,0
14330011001;6,800000000000001;7;full_horizon_lead_time_percentile_n_plus_one;;31;21;21;19,8;19;0,8000000000000007
14330015001;2,0;2;full_horizon_lead_time_percentile_n_plus_one;;4;8;8;8,1;8;0,0
14330897001;1,8000000000000007;2;full_horizon_lead_time_percentile_n_plus_one;;4;11;11;10,8;10;0,8000000000000007
14331004001;5,200000000000003;6;full_horizon_lead_time_percentile_n_plus_one;;7;16;16;15,3;15;0,3000000000000007
14331005001;2,0;2;full_horizon_lead_time_percentile_n_plus_one;;7;18;18;17,1;17;0,10000000000000142
14331007001;1,0;1;full_horizon_lead_time_percentile_n_plus_one;;7;19;19;18,0;18;0,0
14331020001;3,0;3;full_horizon_lead_time_percentile_n_plus_one;;5;6;6;6,3;6;0,0
14331022001;2,8000000000000007;3;full_horizon_lead_time_percentile_n_plus_one;;17;21;21;19,8;19;0,8000000000000007
14331025001;2,400000000000002;3;full_horizon_lead_time_percentile_n_plus_one;;2;12;12;11,700000000000001;11;0,7000000000000011
14331026001;3,0;3;full_horizon_lead_time_percentile_n_plus_one;;11;18;18;17,1;17;0,10000000000000142
14331028001;5,300000000000004;6;full_horizon_lead_time_percentile_n_plus_one;;25;18;18;17,1;17;0,10000000000000142
14331029001;3,0000000000000018;4;full_horizon_lead_time_percentile_n_plus_one;;2;15;15;14,4;14;0,40000000000000036
14331037001;2,0;2;full_horizon_lead_time_percentile_n_plus_one;;9;16;16;15,3;15;0,3000000000000007
14331039001;1,8000000000000007;2;full_horizon_lead_time_percentile_n_plus_one;;8;21;21;19,8;19;0,8000000000000007
14331044001;3,900000000000002;4;full_horizon_lead_time_percentile_n_plus_one;;18;20;20;18,900000000000002;18;0,9000000000000021
14331898001;1,5;2;full_horizon_lead_time_percentile_n_plus_one;;3;14;14;13,5;13;0,5
14331997001;3,0;3;full_horizon_lead_time_percentile_n_plus_one;;5;18;18;17,1;17;0,10000000000000142
14332005001;4,0;4;full_horizon_lead_time_percentile_n_plus_one;;1;6;6;6,3;6;0,0
14332007001;3,1999999999999993;4;full_horizon_lead_time_percentile_n_plus_one;;5;17;17;16,2;16;0,1999999999999993
14332008001;6,0;6;full_horizon_lead_time_percentile_n_plus_one;;20;19;19;18,0;18;0,0
14332010001;2,0;2;full_horizon_lead_time_percentile_n_plus_one;;4;7;7;7,2;7;0,0
14332013001;3,0;3;full_horizon_lead_time_percentile_n_plus_one;;8;9;9;9,0;9;0,0
14332014001;3,0;3;full_horizon_lead_time_percentile_n_plus_one;;15;19;19;18,0;18;0,0
14332016001;3,0;3;full_horizon_lead_time_percentile_n_plus_one;;18;20;20;18,900000000000002;18;0,9000000000000021
14332017001;2,6000000000000014;3;full_horizon_lead_time_percentile_n_plus_one;;2;11;11;10,8;10;0,8000000000000007
14332018001;2,400000000000002;3;full_horizon_lead_time_percentile_n_plus_one;;4;12;12;11,700000000000001;11;0,7000000000000011
14333004001;2,0;2;full_horizon_lead_time_percentile_n_plus_one;;1;1;1;1,8;1;0,0
14333006001;7,0;7;full_horizon_lead_time_percentile_n_plus_one;;6;14;14;13,5;13;0,5
14340002001;2,0;2;full_horizon_lead_time_percentile_n_plus_one;;7;13;13;12,6;12;0,5999999999999996
14340006001;4,0;4;full_horizon_lead_time_percentile_n_plus_one;;17;19;19;18,0;18;0,0
14340008001;2,0;2;full_horizon_lead_time_percentile_n_plus_one;;5;9;9;9,0;9;0,0
14340026001;1,0;1;full_horizon_lead_time_percentile_n_plus_one;;1;1;1;1,8;1;0,0
14341019001;4,700000000000001;5;full_horizon_lead_time_percentile_n_plus_one;;2;10;10;9,9;9;0,9000000000000004
14341068001;1,0;1;full_horizon_lead_time_percentile_n_plus_one;;6;18;18;17,1;17;0,10000000000000142
14342007001;1,0;1;full_horizon_lead_time_percentile_n_plus_one;;3;20;20;18,900000000000002;18;0,9000000000000021
14342010001;2,0;2;full_horizon_lead_time_percentile_n_plus_one;;6;14;14;13,5;13;0,5
14342020001;11,0;11;full_horizon_lead_time_percentile_n_plus_one;;2;3;3;3,6;3;0,0
14343012001;1,0;1;full_horizon_lead_time_percentile_n_plus_one;;1;1;1;1,8;1;0,0
14343026001;1,0;1;full_horizon_lead_time_percentile_n_plus_one;;8;20;20;18,900000000000002;18;0,9000000000000021
14343027001;1,1000000000000014;2;full_horizon_lead_time_percentile_n_plus_one;;3;18;18;17,1;17;0,10000000000000142
14343028001;3,0;3;full_horizon_lead_time_percentile_n_plus_one;;7;19;19;18,0;18;0,0
14343036001;1,0;1;full_horizon_lead_time_percentile_n_plus_one;;3;20;20;18,900000000000002;18;0,9000000000000021
14344005001;1,0;1;full_horizon_lead_time_percentile_n_plus_one;;3;11;11;10,8;10;0,8000000000000007
14344010001;1,0;1;full_horizon_lead_time_percentile_n_plus_one;;2;19;19;18,0;18;0,0
14350005001;9,8;10;full_horizon_lead_time_percentile_n_plus_one;;47;21;21;19,8;19;0,8000000000000007
14350006001;4,300000000000001;5;full_horizon_lead_time_percentile_n_plus_one;;12;16;16;15,3;15;0,3000000000000007
14350007001;2,5999999999999996;3;full_horizon_lead_time_percentile_n_plus_one;;12;13;13;12,6;12;0,5999999999999996
14350011001;2,4000000000000004;3;full_horizon_lead_time_percentile_n_plus_one;;5;15;15;14,4;14;0,40000000000000036
14351007001;1,8000000000000007;2;full_horizon_lead_time_percentile_n_plus_one;;6;11;11;10,8;10;0,8000000000000007
14351017001;1,0;1;full_horizon_lead_time_percentile_n_plus_one;;6;19;19;18,0;18;0,0
14351024001;2,0;2;full_horizon_lead_time_percentile_n_plus_one;;9;17;17;16,2;16;0,1999999999999993
14351034001;6,300000000000033;7;full_horizon_lead_time_percentile_n_plus_one;;9;18;18;17,1;17;0,10000000000000142
14351038001;2,0;2;full_horizon_lead_time_percentile_n_plus_one;;9;11;11;10,8;10;0,8000000000000007
14351041001;2,900000000000002;3;full_horizon_lead_time_percentile_n_plus_one;;8;20;20;18,900000000000002;18;0,9000000000000021
14351042001;4,0;4;full_horizon_lead_time_percentile_n_plus_one;;16;20;20;18,900000000000002;18;0,9000000000000021
14351059001;1,0;1;full_horizon_lead_time_percentile_n_plus_one;;2;10;10;9,9;9;0,9000000000000004
14351068001;1,0;1;full_horizon_lead_time_percentile_n_plus_one;;1;6;6;6,3;6;0,0
14351069001;28,900000000000013;29;full_horizon_lead_time_percentile_n_plus_one;;4;10;10;9,9;9;0,9000000000000004
14352027001;3,9999999999999982;4;full_horizon_lead_time_percentile_n_plus_one;;3;13;13;12,6;12;0,5999999999999996
14352028001;3,900000000000002;4;full_horizon_lead_time_percentile_n_plus_one;;6;20;20;18,900000000000002;18;0,9000000000000021
14352031001;3,0;3;full_horizon_lead_time_percentile_n_plus_one;;4;9;9;9,0;9;0,0
14352058001;1,8000000000000007;2;full_horizon_lead_time_percentile_n_plus_one;;6;21;21;19,8;19;0,8000000000000007
14352060001;11,600000000000001;12;full_horizon_lead_time_percentile_n_plus_one;;44;21;21;19,8;19;0,8000000000000007
14352069001;3,6000000000000014;4;full_horizon_lead_time_percentile_n_plus_one;;14;21;21;19,8;19;0,8000000000000007
14352076001;2,0;2;full_horizon_lead_time_percentile_n_plus_one;;5;16;16;15,3;15;0,3000000000000007
14352079001;1,0;1;full_horizon_lead_time_percentile_n_plus_one;;2;18;18;17,1;17;0,10000000000000142
14353001001;2,8000000000000007;3;full_horizon_lead_time_percentile_n_plus_one;;2;11;11;10,8;10;0,8000000000000007
14353002001;7,0;7;full_horizon_lead_time_percentile_n_plus_one;;3;3;3;3,6;3;0,0
14353003001;5,0;5;full_horizon_lead_time_percentile_n_plus_one;;2;4;4;4,5;4;0,0
14353010001;5,0;5;full_horizon_lead_time_percentile_n_plus_one;;13;11;11;10,8;10;0,8000000000000007
14353011001;25,000000000000007;26;full_horizon_lead_time_percentile_n_plus_one;;30;21;21;19,8;19;0,8000000000000007
14353013001;7,999999999999998;8;full_horizon_lead_time_percentile_n_plus_one;;12;13;13;12,6;12;0,5999999999999996
14353016001;1,9000000000000004;2;full_horizon_lead_time_percentile_n_plus_one;;3;10;10;9,9;9;0,9000000000000004
14353017001;4,0;4;full_horizon_lead_time_percentile_n_plus_one;;9;20;20;18,900000000000002;18;0,9000000000000021
14353019001;49,400000000000006;50;full_horizon_lead_time_percentile_n_plus_one;;95;21;21;19,8;19;0,8000000000000007
14353023001;3,0;3;full_horizon_lead_time_percentile_n_plus_one;;5;8;8;8,1;8;0,0
14353024001;28,400000000000006;29;full_horizon_lead_time_percentile_n_plus_one;;102;21;21;19,8;19;0,8000000000000007
14353025001;8,900000000000002;9;full_horizon_lead_time_percentile_n_plus_one;;10;20;20;18,900000000000002;18;0,9000000000000021
14353029001;1,0;1;full_horizon_lead_time_percentile_n_plus_one;;3;13;13;12,6;12;0,5999999999999996
14353035001;1,0;1;full_horizon_lead_time_percentile_n_plus_one;;1;1;1;1,8;1;0,0
14353036001;7,700000000000006;8;full_horizon_lead_time_percentile_n_plus_one;;15;20;20;18,900000000000002;18;0,9000000000000021
14353039001;30,8;31;full_horizon_lead_time_percentile_n_plus_one;;135;15;15;14,4;14;0,40000000000000036
14353040001;3,0;3;full_horizon_lead_time_percentile_n_plus_one;;16;17;17;16,2;16;0,1999999999999993
14353045001;2,0;2;full_horizon_lead_time_percentile_n_plus_one;;11;19;19;18,0;18;0,0
14353047001;1,0;1;full_horizon_lead_time_percentile_n_plus_one;;4;9;9;9,0;9;0,0
14353052001;3,0;3;full_horizon_lead_time_percentile_n_plus_one;;15;21;21;19,8;19;0,8000000000000007
14353073001;11,000000000000004;12;full_horizon_lead_time_percentile_n_plus_one;;15;11;11;10,8;10;0,8000000000000007
14353899001;15,800000000000004;16;full_horizon_lead_time_percentile_n_plus_one;;24;21;21;19,8;19;0,8000000000000007
14353900001;7,0;7;full_horizon_lead_time_percentile_n_plus_one;;2;7;7;7,2;7;0,0
14360001001;1,1999999999999993;2;full_horizon_lead_time_percentile_n_plus_one;;4;17;17;16,2;16;0,1999999999999993
14360007001;2,900000000000002;3;full_horizon_lead_time_percentile_n_plus_one;;8;20;20;18,900000000000002;18;0,9000000000000021
14360008001;4,800000000000001;5;full_horizon_lead_time_percentile_n_plus_one;;22;21;21;19,8;19;0,8000000000000007
14360019001;1,0;1;full_horizon_lead_time_percentile_n_plus_one;;4;9;9;9,0;9;0,0
14360022001;6,0;6;full_horizon_lead_time_percentile_n_plus_one;;30;21;21;19,8;19;0,8000000000000007
14360044001;2,0;2;full_horizon_lead_time_percentile_n_plus_one;;2;13;13;12,6;12;0,5999999999999996
14360045001;6,0;6;full_horizon_lead_time_percentile_n_plus_one;;44;21;21;19,8;19;0,8000000000000007
14361002001;3,0;3;full_horizon_lead_time_percentile_n_plus_one;;9;19;19;18,0;18;0,0
14361004001;2,1000000000000014;3;full_horizon_lead_time_percentile_n_plus_one;;8;18;18;17,1;17;0,10000000000000142
14361007001;4,800000000000001;5;full_horizon_lead_time_percentile_n_plus_one;;15;21;21;19,8;19;0,8000000000000007
14361008001;3,3000000000000007;4;full_horizon_lead_time_percentile_n_plus_one;;8;16;16;15,3;15;0,3000000000000007
14361009001;2,0;2;full_horizon_lead_time_percentile_n_plus_one;;14;20;20;18,900000000000002;18;0,9000000000000021
14361010001;6,600000000000001;7;full_horizon_lead_time_percentile_n_plus_one;;30;21;21;19,8;19;0,8000000000000007
14361011001;2,0;2;full_horizon_lead_time_percentile_n_plus_one;;1;1;1;1,8;1;0,0
14361014001;1,0;1;full_horizon_lead_time_percentile_n_plus_one;;7;19;19;18,0;18;0,0
14361015001;11,8;12;full_horizon_lead_time_percentile_n_plus_one;;6;15;15;14,4;14;0,40000000000000036
14361022001;2,900000000000002;3;full_horizon_lead_time_percentile_n_plus_one;;9;20;20;18,900000000000002;18;0,9000000000000021
14361034001;2,0;2;full_horizon_lead_time_percentile_n_plus_one;;9;11;11;10,8;10;0,8000000000000007
14361041001;2,8000000000000007;3;full_horizon_lead_time_percentile_n_plus_one;;12;21;21;19,8;19;0,8000000000000007
14361044001;4,0;4;full_horizon_lead_time_percentile_n_plus_one;;15;17;17;16,2;16;0,1999999999999993
14361051001;1,0;1;full_horizon_lead_time_percentile_n_plus_one;;2;17;17;16,2;16;0,1999999999999993
14361054001;1,0;1;full_horizon_lead_time_percentile_n_plus_one;;2;9;9;9,0;9;0,0
14361055001;3,599999999999998;4;full_horizon_lead_time_percentile_n_plus_one;;10;17;17;16,2;16;0,1999999999999993
14361061001;6,600000000000003;7;full_horizon_lead_time_percentile_n_plus_one;;7;15;15;14,4;14;0,40000000000000036
14361065001;5,100000000000001;6;full_horizon_lead_time_percentile_n_plus_one;;20;18;18;17,1;17;0,10000000000000142
14361070001;2,0;2;full_horizon_lead_time_percentile_n_plus_one;;3;12;12;11,700000000000001;11;0,7000000000000011
14361074001;2,0;2;full_horizon_lead_time_percentile_n_plus_one;;4;7;7;7,2;7;0,0
14361081001;2,0;2;full_horizon_lead_time_percentile_n_plus_one;;4;20;20;18,900000000000002;18;0,9000000000000021
14361082001;4,0;4;full_horizon_lead_time_percentile_n_plus_one;;19;21;21;19,8;19;0,8000000000000007
14361083001;3,8000000000000043;4;full_horizon_lead_time_percentile_n_plus_one;;8;20;20;18,900000000000002;18;0,9000000000000021
14361086001;2,6000000000000014;3;full_horizon_lead_time_percentile_n_plus_one;;9;16;16;15,3;15;0,3000000000000007
14361093001;3,0;3;full_horizon_lead_time_percentile_n_plus_one;;8;20;20;18,900000000000002;18;0,9000000000000021
14361102001;2,1000000000000014;3;full_horizon_lead_time_percentile_n_plus_one;;4;18;18;17,1;17;0,10000000000000142
14361104001;5,0;5;full_horizon_lead_time_percentile_n_plus_one;;19;21;21;19,8;19;0,8000000000000007
14361109001;1,8000000000000007;2;full_horizon_lead_time_percentile_n_plus_one;;10;21;21;19,8;19;0,8000000000000007
14361112001;5,900000000000002;6;full_horizon_lead_time_percentile_n_plus_one;;15;20;20;18,900000000000002;18;0,9000000000000021
14361114001;12,0;12;full_horizon_lead_time_percentile_n_plus_one;;17;19;19;18,0;18;0,0
14361115001;2,0;2;full_horizon_lead_time_percentile_n_plus_one;;5;21;21;19,8;19;0,8000000000000007
14361118001;1,0;1;full_horizon_lead_time_percentile_n_plus_one;;7;21;21;19,8;19;0,8000000000000007
14361120001;5,0;5;full_horizon_lead_time_percentile_n_plus_one;;14;18;18;17,1;17;0,10000000000000142
14361124001;1,0;1;full_horizon_lead_time_percentile_n_plus_one;;1;1;1;1,8;1;0,0
14361128001;3,3000000000000043;4;full_horizon_lead_time_percentile_n_plus_one;;16;18;18;17,1;17;0,10000000000000142
14361129001;5,800000000000001;6;full_horizon_lead_time_percentile_n_plus_one;;32;21;21;19,8;19;0,8000000000000007
14361146001;3,700000000000001;4;full_horizon_lead_time_percentile_n_plus_one;;7;12;12;11,700000000000001;11;0,7000000000000011
14361149001;4,599999999999998;5;full_horizon_lead_time_percentile_n_plus_one;;6;17;17;16,2;16;0,1999999999999993
14361157001;3,0;3;full_horizon_lead_time_percentile_n_plus_one;;4;7;7;7,2;7;0,0
14361158001;3,0;3;full_horizon_lead_time_percentile_n_plus_one;;8;19;19;18,0;18;0,0
14361159001;2,900000000000002;3;full_horizon_lead_time_percentile_n_plus_one;;11;20;20;18,900000000000002;18;0,9000000000000021
14361160001;3,0;3;full_horizon_lead_time_percentile_n_plus_one;;16;19;19;18,0;18;0,0
14361161001;3,0;3;full_horizon_lead_time_percentile_n_plus_one;;13;19;19;18,0;18;0,0
14361162001;3,0;3;full_horizon_lead_time_percentile_n_plus_one;;15;19;19;18,0;18;0,0
14361170001;1,8000000000000007;2;full_horizon_lead_time_percentile_n_plus_one;;3;11;11;10,8;10;0,8000000000000007
14361177001;1,3000000000000007;2;full_horizon_lead_time_percentile_n_plus_one;;4;16;16;15,3;15;0,3000000000000007
14361899001;2,1000000000000014;3;full_horizon_lead_time_percentile_n_plus_one;;8;18;18;17,1;17;0,10000000000000142
14361902001;2,0;2;full_horizon_lead_time_percentile_n_plus_one;;7;16;16;15,3;15;0,3000000000000007
14362033001;12,0;12;full_horizon_lead_time_percentile_n_plus_one;;1;1;1;1,8;1;0,0
14362902001;4,199999999999999;5;full_horizon_lead_time_percentile_n_plus_one;;6;17;17;16,2;16;0,1999999999999993
14364198001;1,0;1;full_horizon_lead_time_percentile_n_plus_one;;1;1;1;1,8;1;0,0
14370002001;5,800000000000001;6;full_horizon_lead_time_percentile_n_plus_one;;30;21;21;19,8;19;0,8000000000000007
14370003001;13,8;14;full_horizon_lead_time_percentile_n_plus_one;;29;21;21;19,8;19;0,8000000000000007
14370004001;25,8;26;full_horizon_lead_time_percentile_n_plus_one;;176;21;21;19,8;19;0,8000000000000007
14370007001;2,0;2;full_horizon_lead_time_percentile_n_plus_one;;13;20;20;18,900000000000002;18;0,9000000000000021
14370017001;2,5;3;full_horizon_lead_time_percentile_n_plus_one;;6;14;14;13,5;13;0,5
14370020001;29,0;29;full_horizon_lead_time_percentile_n_plus_one;;162;21;21;19,8;19;0,8000000000000007
14370025001;5,0;5;full_horizon_lead_time_percentile_n_plus_one;;21;20;20;18,900000000000002;18;0,9000000000000021
14370029001;6,300000000000001;7;full_horizon_lead_time_percentile_n_plus_one;;13;16;16;15,3;15;0,3000000000000007
14370044001;1,0;1;full_horizon_lead_time_percentile_n_plus_one;;1;1;1;1,8;1;0,0
14370045001;2,0;2;full_horizon_lead_time_percentile_n_plus_one;;9;21;21;19,8;19;0,8000000000000007
14370048001;1,8000000000000007;2;full_horizon_lead_time_percentile_n_plus_one;;5;11;11;10,8;10;0,8000000000000007
14370069001;3,400000000000002;4;full_horizon_lead_time_percentile_n_plus_one;;8;11;11;10,8;10;0,8000000000000007
14370072001;3,0;3;full_horizon_lead_time_percentile_n_plus_one;;15;20;20;18,900000000000002;18;0,9000000000000021
14370076001;3,4000000000000057;4;full_horizon_lead_time_percentile_n_plus_one;;12;18;18;17,1;17;0,10000000000000142
14370077001;3,0;3;full_horizon_lead_time_percentile_n_plus_one;;3;5;5;5,4;5;0,0
14411001001;2,4000000000000004;3;full_horizon_lead_time_percentile_n_plus_one;;5;15;15;14,4;14;0,40000000000000036
14411015001;1,5;2;full_horizon_lead_time_percentile_n_plus_one;;3;14;14;13,5;13;0,5
14411016001;2,0;2;full_horizon_lead_time_percentile_n_plus_one;;2;10;10;9,9;9;0,9000000000000004
14411023001;6,0;6;full_horizon_lead_time_percentile_n_plus_one;;2;1;1;1,8;1;0,0
14411901001;1,0;1;full_horizon_lead_time_percentile_n_plus_one;;0;1;1;1,8;1;0,0
14412023001;4,799999999999994;5;full_horizon_lead_time_percentile_n_plus_one;;7;17;17;16,2;16;0,1999999999999993
14412037001;7,000000000000014;8;full_horizon_lead_time_percentile_n_plus_one;;2;18;18;17,1;17;0,10000000000000142
14412060001;2,0;2;full_horizon_lead_time_percentile_n_plus_one;;3;8;8;8,1;8;0,0
14413010001;2,0;2;full_horizon_lead_time_percentile_n_plus_one;;1;1;1;1,8;1;0,0
14500000001;365,00000000000006;366;full_horizon_lead_time_percentile_n_plus_one;;605;21;21;19,8;19;0,8000000000000007
14500003001;65,0;65;full_horizon_lead_time_percentile_n_plus_one;;36;13;13;12,6;12;0,5999999999999996
14500005001;28,000000000000007;29;full_horizon_lead_time_percentile_n_plus_one;;4;11;11;10,8;10;0,8000000000000007
14500007001;66,00000000000001;67;full_horizon_lead_time_percentile_n_plus_one;;75;21;21;19,8;19;0,8000000000000007
14500008001;192,00000000000006;193;full_horizon_lead_time_percentile_n_plus_one;;56;21;21;19,8;19;0,8000000000000007
14500010001;466,20000000000005;467;full_horizon_lead_time_percentile_n_plus_one;;164;21;21;19,8;19;0,8000000000000007
14500012001;20,0;20;full_horizon_lead_time_percentile_n_plus_one;;17;7;7;7,2;7;0,0
14500013001;317,40000000000003;318;full_horizon_lead_time_percentile_n_plus_one;;304;21;21;19,8;19;0,8000000000000007
14500017001;18,800000000000004;19;full_horizon_lead_time_percentile_n_plus_one;;19;12;12;11,700000000000001;11;0,7000000000000011
14500018001;8,0;8;full_horizon_lead_time_percentile_n_plus_one;;3;9;9;9,0;9;0,0
14500023001;40,800000000000026;41;full_horizon_lead_time_percentile_n_plus_one;;127;20;20;18,900000000000002;18;0,9000000000000021
14500024001;120,0;120;full_horizon_lead_time_percentile_n_plus_one;;46;19;19;18,0;18;0,0
14500026001;148,20000000000005;149;full_horizon_lead_time_percentile_n_plus_one;;120;20;20;18,900000000000002;18;0,9000000000000021
14500037001;32,0;32;full_horizon_lead_time_percentile_n_plus_one;;241;21;21;19,8;19;0,8000000000000007
14500042001;20,900000000000002;21;full_horizon_lead_time_percentile_n_plus_one;;154;20;20;18,900000000000002;18;0,9000000000000021
14500048001;10,200000000000003;11;full_horizon_lead_time_percentile_n_plus_one;;35;21;21;19,8;19;0,8000000000000007
14500051001;20,0;20;full_horizon_lead_time_percentile_n_plus_one;;6;7;7;7,2;7;0,0
14500058001;3,900000000000002;4;full_horizon_lead_time_percentile_n_plus_one;;18;20;20;18,900000000000002;18;0,9000000000000021
14500059001;2,900000000000002;3;full_horizon_lead_time_percentile_n_plus_one;;13;20;20;18,900000000000002;18;0,9000000000000021
14500064001;79,0;79;full_horizon_lead_time_percentile_n_plus_one;;57;15;15;14,4;14;0,40000000000000036
14500066001;4,0;4;full_horizon_lead_time_percentile_n_plus_one;;10;13;13;12,6;12;0,5999999999999996
14501002001;25,0;25;full_horizon_lead_time_percentile_n_plus_one;;25;19;19;18,0;18;0,0
14501004001;69,0;69;full_horizon_lead_time_percentile_n_plus_one;;88;21;21;19,8;19;0,8000000000000007
14501005001;70,80000000000001;71;full_horizon_lead_time_percentile_n_plus_one;;151;21;21;19,8;19;0,8000000000000007
14501007001;8,0;8;full_horizon_lead_time_percentile_n_plus_one;;13;18;18;17,1;17;0,10000000000000142
14501010001;227,40000000000003;228;full_horizon_lead_time_percentile_n_plus_one;;333;21;21;19,8;19;0,8000000000000007
14501011001;73,60000000000001;74;full_horizon_lead_time_percentile_n_plus_one;;208;21;21;19,8;19;0,8000000000000007
14501012001;101,20000000000002;102;full_horizon_lead_time_percentile_n_plus_one;;361;21;21;19,8;19;0,8000000000000007
14501013001;241,20000000000002;242;full_horizon_lead_time_percentile_n_plus_one;;209;21;21;19,8;19;0,8000000000000007
14501014001;145,00000000000003;146;full_horizon_lead_time_percentile_n_plus_one;;256;21;21;19,8;19;0,8000000000000007
14501016001;69,0;69;full_horizon_lead_time_percentile_n_plus_one;;114;21;21;19,8;19;0,8000000000000007
14501017001;54,0;54;full_horizon_lead_time_percentile_n_plus_one;;5;5;5;5,4;5;0,0
14501022001;148,20000000000002;149;full_horizon_lead_time_percentile_n_plus_one;;305;21;21;19,8;19;0,8000000000000007
14501026001;43,2;44;full_horizon_lead_time_percentile_n_plus_one;;143;21;21;19,8;19;0,8000000000000007
14501029001;15,0;15;full_horizon_lead_time_percentile_n_plus_one;;4;19;19;18,0;18;0,0
14501031001;138,0;138;full_horizon_lead_time_percentile_n_plus_one;;37;14;14;13,5;13;0,5
14501037001;27,0;27;full_horizon_lead_time_percentile_n_plus_one;;40;20;20;18,900000000000002;18;0,9000000000000021
14501038001;54,0;54;full_horizon_lead_time_percentile_n_plus_one;;120;21;21;19,8;19;0,8000000000000007
14501045001;166,20000000000002;167;full_horizon_lead_time_percentile_n_plus_one;;259;21;21;19,8;19;0,8000000000000007
14501047001;59,0;59;full_horizon_lead_time_percentile_n_plus_one;;75;21;21;19,8;19;0,8000000000000007
14501053001;90,80000000000001;91;full_horizon_lead_time_percentile_n_plus_one;;103;21;21;19,8;19;0,8000000000000007
14501058001;53,40000000000001;54;full_horizon_lead_time_percentile_n_plus_one;;34;20;20;18,900000000000002;18;0,9000000000000021
14501063001;342,6000000000001;343;full_horizon_lead_time_percentile_n_plus_one;;327;21;21;19,8;19;0,8000000000000007
14501065001;172,0;172;full_horizon_lead_time_percentile_n_plus_one;;27;7;7;7,2;7;0,0
14501084001;29,000000000000004;30;full_horizon_lead_time_percentile_n_plus_one;;32;21;21;19,8;19;0,8000000000000007
14501086001;57,0;57;full_horizon_lead_time_percentile_n_plus_one;;152;21;21;19,8;19;0,8000000000000007
14501899001;19,800000000000026;20;full_horizon_lead_time_percentile_n_plus_one;;24;20;20;18,900000000000002;18;0,9000000000000021
14501902001;187,20000000000005;188;full_horizon_lead_time_percentile_n_plus_one;;109;21;21;19,8;19;0,8000000000000007
14501905001;1,0;1;full_horizon_lead_time_percentile_n_plus_one;;1;1;1;1,8;1;0,0
14501926001;30,0;30;full_horizon_lead_time_percentile_n_plus_one;;3;7;7;7,2;7;0,0
14501928001;33,00000000000001;34;full_horizon_lead_time_percentile_n_plus_one;;31;21;21;19,8;19;0,8000000000000007
14501929001;30,0;30;full_horizon_lead_time_percentile_n_plus_one;;44;21;21;19,8;19;0,8000000000000007
14502002001;35,0;35;full_horizon_lead_time_percentile_n_plus_one;;38;19;19;18,0;18;0,0
14502003001;25,0;25;full_horizon_lead_time_percentile_n_plus_one;;21;19;19;18,0;18;0,0
14502004001;256,0;256;full_horizon_lead_time_percentile_n_plus_one;;162;21;21;19,8;19;0,8000000000000007
14502005001;10,0;10;full_horizon_lead_time_percentile_n_plus_one;;5;8;8;8,1;8;0,0
14502006001;120,80000000000001;121;full_horizon_lead_time_percentile_n_plus_one;;223;21;21;19,8;19;0,8000000000000007
14502007001;46,2;47;full_horizon_lead_time_percentile_n_plus_one;;76;21;21;19,8;19;0,8000000000000007
14502008001;11,100000000000003;12;full_horizon_lead_time_percentile_n_plus_one;;9;12;12;11,700000000000001;11;0,7000000000000011
14502009001;358,0;358;full_horizon_lead_time_percentile_n_plus_one;;630;21;21;19,8;19;0,8000000000000007
14502011001;144,0;144;full_horizon_lead_time_percentile_n_plus_one;;349;21;21;19,8;19;0,8000000000000007
14502012001;79,0;79;full_horizon_lead_time_percentile_n_plus_one;;135;21;21;19,8;19;0,8000000000000007
14502014001;219,0;219;full_horizon_lead_time_percentile_n_plus_one;;480;21;21;19,8;19;0,8000000000000007
14502015001;74,7;75;full_horizon_lead_time_percentile_n_plus_one;;153;20;20;18,900000000000002;18;0,9000000000000021
14502018001;6,0;6;full_horizon_lead_time_percentile_n_plus_one;;11;9;9;9,0;9;0,0
14502019001;25,0;25;full_horizon_lead_time_percentile_n_plus_one;;48;19;19;18,0;18;0,0
14502020001;30,0;30;full_horizon_lead_time_percentile_n_plus_one;;22;14;14;13,5;13;0,5
14502021001;18,0;18;full_horizon_lead_time_percentile_n_plus_one;;41;19;19;18,0;18;0,0
14502022001;95,40000000000002;96;full_horizon_lead_time_percentile_n_plus_one;;75;21;21;19,8;19;0,8000000000000007
14502023001;48,0;48;full_horizon_lead_time_percentile_n_plus_one;;46;14;14;13,5;13;0,5
14502026001;71,6;72;full_horizon_lead_time_percentile_n_plus_one;;188;21;21;19,8;19;0,8000000000000007
14502029001;29,10000000000003;30;full_horizon_lead_time_percentile_n_plus_one;;64;18;18;17,1;17;0,10000000000000142
14502044001;5,0;5;full_horizon_lead_time_percentile_n_plus_one;;1;1;1;1,8;1;0,0
14502054001;51,6;52;full_horizon_lead_time_percentile_n_plus_one;;62;21;21;19,8;19;0,8000000000000007
14502077001;528,6;529;full_horizon_lead_time_percentile_n_plus_one;;270;21;21;19,8;19;0,8000000000000007
14502078001;238,20000000000005;239;full_horizon_lead_time_percentile_n_plus_one;;143;21;21;19,8;19;0,8000000000000007
14502080001;45,0;45;full_horizon_lead_time_percentile_n_plus_one;;20;13;13;12,6;12;0,5999999999999996
14502081001;120,0;120;full_horizon_lead_time_percentile_n_plus_one;;211;21;21;19,8;19;0,8000000000000007
14502111001;58,800000000000004;59;full_horizon_lead_time_percentile_n_plus_one;;154;21;21;19,8;19;0,8000000000000007
14503000001;104,0;104;full_horizon_lead_time_percentile_n_plus_one;;182;21;21;19,8;19;0,8000000000000007
14503002001;52,50000000000005;53;full_horizon_lead_time_percentile_n_plus_one;;64;20;20;18,900000000000002;18;0,9000000000000021
14503003001;657,6000000000001;658;full_horizon_lead_time_percentile_n_plus_one;;1397;21;21;19,8;19;0,8000000000000007
14503005001;127,2;128;full_horizon_lead_time_percentile_n_plus_one;;127;21;21;19,8;19;0,8000000000000007
14503010001;14,50000000000001;15;full_horizon_lead_time_percentile_n_plus_one;;11;20;20;18,900000000000002;18;0,9000000000000021
14503013001;271,20000000000005;272;full_horizon_lead_time_percentile_n_plus_one;;144;21;21;19,8;19;0,8000000000000007
14503019001;325,8;326;full_horizon_lead_time_percentile_n_plus_one;;260;21;21;19,8;19;0,8000000000000007
14503024001;4,0;4;full_horizon_lead_time_percentile_n_plus_one;;17;21;21;19,8;19;0,8000000000000007
14503034001;30,0;30;full_horizon_lead_time_percentile_n_plus_one;;52;20;20;18,900000000000002;18;0,9000000000000021
14503047001;8,0;8;full_horizon_lead_time_percentile_n_plus_one;;4;7;7;7,2;7;0,0
14503048001;5,0;5;full_horizon_lead_time_percentile_n_plus_one;;18;19;19;18,0;18;0,0
14504001001;103,0;103;full_horizon_lead_time_percentile_n_plus_one;;104;21;21;19,8;19;0,8000000000000007
14504002001;63,0;63;full_horizon_lead_time_percentile_n_plus_one;;67;21;21;19,8;19;0,8000000000000007
14504006001;89,70000000000002;90;full_horizon_lead_time_percentile_n_plus_one;;154;20;20;18,900000000000002;18;0,9000000000000021
14504008001;85,00000000000001;86;full_horizon_lead_time_percentile_n_plus_one;;74;21;21;19,8;19;0,8000000000000007
14504009001;35,0;35;full_horizon_lead_time_percentile_n_plus_one;;51;19;19;18,0;18;0,0
14504012001;59,500000000000036;60;full_horizon_lead_time_percentile_n_plus_one;;31;12;12;11,700000000000001;11;0,7000000000000011
14504015001;73,00000000000001;74;full_horizon_lead_time_percentile_n_plus_one;;101;21;21;19,8;19;0,8000000000000007
14504027001;54,50000000000001;55;full_horizon_lead_time_percentile_n_plus_one;;99;20;20;18,900000000000002;18;0,9000000000000021
14504028001;48,50000000000003;49;full_horizon_lead_time_percentile_n_plus_one;;62;20;20;18,900000000000002;18;0,9000000000000021
14504055001;114,00000000000001;115;full_horizon_lead_time_percentile_n_plus_one;;166;20;20;18,900000000000002;18;0,9000000000000021
14504056001;5,0;5;full_horizon_lead_time_percentile_n_plus_one;;3;1;1;1,8;1;0,0
14505003001;33,00000000000001;34;full_horizon_lead_time_percentile_n_plus_one;;17;11;11;10,8;10;0,8000000000000007
14505005001;88,0;88;full_horizon_lead_time_percentile_n_plus_one;;159;21;21;19,8;19;0,8000000000000007
14505008001;75,0;75;full_horizon_lead_time_percentile_n_plus_one;;15;8;8;8,1;8;0,0
14505011001;68,00000000000001;69;full_horizon_lead_time_percentile_n_plus_one;;106;21;21;19,8;19;0,8000000000000007
14505013001;221,00000000000003;222;full_horizon_lead_time_percentile_n_plus_one;;400;21;21;19,8;19;0,8000000000000007
14505014001;302,4;303;full_horizon_lead_time_percentile_n_plus_one;;263;21;21;19,8;19;0,8000000000000007
14505016001;181,8;182;full_horizon_lead_time_percentile_n_plus_one;;329;21;21;19,8;19;0,8000000000000007
14505020001;44,0;44;full_horizon_lead_time_percentile_n_plus_one;;80;21;21;19,8;19;0,8000000000000007
14505021001;61,000000000000014;62;full_horizon_lead_time_percentile_n_plus_one;;81;21;21;19,8;19;0,8000000000000007
14505031001;68,4;69;full_horizon_lead_time_percentile_n_plus_one;;111;21;21;19,8;19;0,8000000000000007
14505035001;2,0;2;full_horizon_lead_time_percentile_n_plus_one;;1;9;9;9,0;9;0,0
14505039001;2,0;2;full_horizon_lead_time_percentile_n_plus_one;;7;19;19;18,0;18;0,0
14505041001;579,0;579;full_horizon_lead_time_percentile_n_plus_one;;274;21;21;19,8;19;0,8000000000000007
14505043001;5,0;5;full_horizon_lead_time_percentile_n_plus_one;;1;1;1;1,8;1;0,0
14505046001;9,900000000000002;10;full_horizon_lead_time_percentile_n_plus_one;;37;20;20;18,900000000000002;18;0,9000000000000021
14505048001;78,00000000000004;79;full_horizon_lead_time_percentile_n_plus_one;;23;20;20;18,900000000000002;18;0,9000000000000021
14505053001;2,0;2;full_horizon_lead_time_percentile_n_plus_one;;4;15;15;14,4;14;0,40000000000000036
14505059001;135,0;135;full_horizon_lead_time_percentile_n_plus_one;;9;8;8;8,1;8;0,0
14505099001;63,0;63;full_horizon_lead_time_percentile_n_plus_one;;91;20;20;18,900000000000002;18;0,9000000000000021
14505105001;34,400000000000006;35;full_horizon_lead_time_percentile_n_plus_one;;55;21;21;19,8;19;0,8000000000000007
14505106001;33,60000000000001;34;full_horizon_lead_time_percentile_n_plus_one;;45;21;21;19,8;19;0,8000000000000007
14505115001;458,0;458;full_horizon_lead_time_percentile_n_plus_one;;99;14;14;13,5;13;0,5
14505125001;52,5;53;full_horizon_lead_time_percentile_n_plus_one;;28;14;14;13,5;13;0,5
14505138001;111,6;112;full_horizon_lead_time_percentile_n_plus_one;;150;21;21;19,8;19;0,8000000000000007
14505139001;16,0;16;full_horizon_lead_time_percentile_n_plus_one;;14;19;19;18,0;18;0,0
14505148001;6,600000000000001;7;full_horizon_lead_time_percentile_n_plus_one;;27;16;16;15,3;15;0,3000000000000007
14505899001;168,0;168;full_horizon_lead_time_percentile_n_plus_one;;243;21;21;19,8;19;0,8000000000000007
14505911001;72,0;72;full_horizon_lead_time_percentile_n_plus_one;;23;19;19;18,0;18;0,0
14505917001;87,0;87;full_horizon_lead_time_percentile_n_plus_one;;150;21;21;19,8;19;0,8000000000000007
14505973001;4,0;4;full_horizon_lead_time_percentile_n_plus_one;;0;1;1;1,8;1;0,0
14506001001;14,8;15;full_horizon_lead_time_percentile_n_plus_one;;91;21;21;19,8;19;0,8000000000000007
14506002001;9,600000000000001;10;full_horizon_lead_time_percentile_n_plus_one;;63;21;21;19,8;19;0,8000000000000007
14506004001;2,900000000000002;3;full_horizon_lead_time_percentile_n_plus_one;;16;20;20;18,900000000000002;18;0,9000000000000021
14506005001;6,800000000000001;7;full_horizon_lead_time_percentile_n_plus_one;;28;21;21;19,8;19;0,8000000000000007
14506006001;2,0;2;full_horizon_lead_time_percentile_n_plus_one;;1;1;1;1,8;1;0,0
14506011001;1,9000000000000021;2;full_horizon_lead_time_percentile_n_plus_one;;4;20;20;18,900000000000002;18;0,9000000000000021
14506013001;2,0;2;full_horizon_lead_time_percentile_n_plus_one;;10;16;16;15,3;15;0,3000000000000007
14506014001;3,0;3;full_horizon_lead_time_percentile_n_plus_one;;9;16;16;15,3;15;0,3000000000000007
14506015001;6,800000000000001;7;full_horizon_lead_time_percentile_n_plus_one;;55;21;21;19,8;19;0,8000000000000007
14506021001;15,0;15;full_horizon_lead_time_percentile_n_plus_one;;1;3;3;3,6;3;0,0
14506033001;3,0;3;full_horizon_lead_time_percentile_n_plus_one;;8;18;18;17,1;17;0,10000000000000142
14506036001;8,0;8;full_horizon_lead_time_percentile_n_plus_one;;10;21;21;19,8;19;0,8000000000000007
14506038001;2,6000000000000014;3;full_horizon_lead_time_percentile_n_plus_one;;7;16;16;15,3;15;0,3000000000000007
14506041001;2,8000000000000007;3;full_horizon_lead_time_percentile_n_plus_one;;6;21;21;19,8;19;0,8000000000000007
14506042001;2,0;2;full_horizon_lead_time_percentile_n_plus_one;;8;11;11;10,8;10;0,8000000000000007
14506044001;3,1000000000000014;4;full_horizon_lead_time_percentile_n_plus_one;;10;18;18;17,1;17;0,10000000000000142
14506049001;6,0;6;full_horizon_lead_time_percentile_n_plus_one;;33;20;20;18,900000000000002;18;0,9000000000000021
14506057001;2,0;2;full_horizon_lead_time_percentile_n_plus_one;;2;12;12;11,700000000000001;11;0,7000000000000011
14506060001;6,0;6;full_horizon_lead_time_percentile_n_plus_one;;33;19;19;18,0;18;0,0
14506062001;3,1000000000000014;4;full_horizon_lead_time_percentile_n_plus_one;;8;18;18;17,1;17;0,10000000000000142
14506065001;14,600000000000001;15;full_horizon_lead_time_percentile_n_plus_one;;77;21;21;19,8;19;0,8000000000000007
14506066001;5,0;5;full_horizon_lead_time_percentile_n_plus_one;;31;20;20;18,900000000000002;18;0,9000000000000021
14506067001;9,8;10;full_horizon_lead_time_percentile_n_plus_one;;45;21;21;19,8;19;0,8000000000000007
14506069001;2,8000000000000007;3;full_horizon_lead_time_percentile_n_plus_one;;10;21;21;19,8;19;0,8000000000000007
14506070001;7,800000000000001;8;full_horizon_lead_time_percentile_n_plus_one;;38;21;21;19,8;19;0,8000000000000007
14506072001;14,8;15;full_horizon_lead_time_percentile_n_plus_one;;100;21;21;19,8;19;0,8000000000000007
14506074001;1,0;1;full_horizon_lead_time_percentile_n_plus_one;;7;15;15;14,4;14;0,40000000000000036
14506076001;2,0;2;full_horizon_lead_time_percentile_n_plus_one;;2;10;10;9,9;9;0,9000000000000004
14506081001;3,0;3;full_horizon_lead_time_percentile_n_plus_one;;1;5;5;5,4;5;0,0
14506082001;1,9000000000000004;2;full_horizon_lead_time_percentile_n_plus_one;;2;10;10;9,9;9;0,9000000000000004
14506085001;14,50000000000001;15;full_horizon_lead_time_percentile_n_plus_one;;9;20;20;18,900000000000002;18;0,9000000000000021
14506087001;30,8;31;full_horizon_lead_time_percentile_n_plus_one;;158;21;21;19,8;19;0,8000000000000007
14506089001;40,0;40;full_horizon_lead_time_percentile_n_plus_one;;4;6;6;6,3;6;0,0
14506090001;10,800000000000004;11;full_horizon_lead_time_percentile_n_plus_one;;62;20;20;18,900000000000002;18;0,9000000000000021
14506099001;4,900000000000002;5;full_horizon_lead_time_percentile_n_plus_one;;21;20;20;18,900000000000002;18;0,9000000000000021
14506103001;4,0;4;full_horizon_lead_time_percentile_n_plus_one;;19;20;20;18,900000000000002;18;0,9000000000000021
14506109001;3,8000000000000007;4;full_horizon_lead_time_percentile_n_plus_one;;19;21;21;19,8;19;0,8000000000000007
14506111001;2,0;2;full_horizon_lead_time_percentile_n_plus_one;;4;18;18;17,1;17;0,10000000000000142
14506112001;2,0;2;full_horizon_lead_time_percentile_n_plus_one;;5;19;19;18,0;18;0,0
14506124001;2,0;2;full_horizon_lead_time_percentile_n_plus_one;;9;19;19;18,0;18;0,0
14506127001;2,0;2;full_horizon_lead_time_percentile_n_plus_one;;0;3;3;3,6;3;0,0
14506129001;2,0;2;full_horizon_lead_time_percentile_n_plus_one;;5;19;19;18,0;18;0,0
14506130001;2,0;2;full_horizon_lead_time_percentile_n_plus_one;;7;13;13;12,6;12;0,5999999999999996
14506131001;3,0;3;full_horizon_lead_time_percentile_n_plus_one;;4;6;6;6,3;6;0,0
14506132001;1,0;1;full_horizon_lead_time_percentile_n_plus_one;;0;1;1;1,8;1;0,0
14506135001;2,0;2;full_horizon_lead_time_percentile_n_plus_one;;7;20;20;18,900000000000002;18;0,9000000000000021
14506139001;4,0;4;full_horizon_lead_time_percentile_n_plus_one;;23;21;21;19,8;19;0,8000000000000007
14506140001;8,0;8;full_horizon_lead_time_percentile_n_plus_one;;9;15;15;14,4;14;0,40000000000000036
14506141001;4,0;4;full_horizon_lead_time_percentile_n_plus_one;;15;17;17;16,2;16;0,1999999999999993
14506143001;30,400000000000006;31;full_horizon_lead_time_percentile_n_plus_one;;33;16;16;15,3;15;0,3000000000000007
14506145001;4,0;4;full_horizon_lead_time_percentile_n_plus_one;;11;8;8;8,1;8;0,0
14506150001;4,600000000000001;5;full_horizon_lead_time_percentile_n_plus_one;;13;16;16;15,3;15;0,3000000000000007
14506159001;3,0;3;full_horizon_lead_time_percentile_n_plus_one;;25;20;20;18,900000000000002;18;0,9000000000000021
14506164001;3,0;3;full_horizon_lead_time_percentile_n_plus_one;;22;20;20;18,900000000000002;18;0,9000000000000021
14506165001;2,8000000000000007;3;full_horizon_lead_time_percentile_n_plus_one;;3;10;10;9,9;9;0,9000000000000004
14506171001;20,0;20;full_horizon_lead_time_percentile_n_plus_one;;4;3;3;3,6;3;0,0
14506174001;30,999999999999996;31;full_horizon_lead_time_percentile_n_plus_one;;22;17;17;16,2;16;0,1999999999999993
14506190001;5,0;5;full_horizon_lead_time_percentile_n_plus_one;;20;17;17;16,2;16;0,1999999999999993
14506199001;20,0;20;full_horizon_lead_time_percentile_n_plus_one;;3;7;7;7,2;7;0,0
14506204001;12,799999999999997;13;full_horizon_lead_time_percentile_n_plus_one;;12;17;17;16,2;16;0,1999999999999993
14506222001;1,0;1;full_horizon_lead_time_percentile_n_plus_one;;2;10;10;9,9;9;0,9000000000000004
14506225001;15,200000000000003;16;full_horizon_lead_time_percentile_n_plus_one;;16;21;21;19,8;19;0,8000000000000007
14506248001;1,0;1;full_horizon_lead_time_percentile_n_plus_one;;2;16;16;15,3;15;0,3000000000000007
14506262001;2,0;2;full_horizon_lead_time_percentile_n_plus_one;;2;9;9;9,0;9;0,0
14506264001;15,0;15;full_horizon_lead_time_percentile_n_plus_one;;4;7;7;7,2;7;0,0
14506286001;3,900000000000002;4;full_horizon_lead_time_percentile_n_plus_one;;23;20;20;18,900000000000002;18;0,9000000000000021
14506313001;2,6000000000000014;3;full_horizon_lead_time_percentile_n_plus_one;;7;16;16;15,3;15;0,3000000000000007
14506314001;3,900000000000002;4;full_horizon_lead_time_percentile_n_plus_one;;19;20;20;18,900000000000002;18;0,9000000000000021
14506315001;4,0;4;full_horizon_lead_time_percentile_n_plus_one;;9;19;19;18,0;18;0,0
14506328001;1,0;1;full_horizon_lead_time_percentile_n_plus_one;;2;3;3;3,6;3;0,0
14506329001;1,1999999999999993;2;full_horizon_lead_time_percentile_n_plus_one;;3;17;17;16,2;16;0,1999999999999993
14506334001;2,0;2;full_horizon_lead_time_percentile_n_plus_one;;6;14;14;13,5;13;0,5
14506352001;13,0;13;full_horizon_lead_time_percentile_n_plus_one;;23;19;19;18,0;18;0,0
14506358001;1,2000000000000028;2;full_horizon_lead_time_percentile_n_plus_one;;3;18;18;17,1;17;0,10000000000000142
14506366001;1,8000000000000007;2;full_horizon_lead_time_percentile_n_plus_one;;1;21;21;19,8;19;0,8000000000000007
14506400001;3,5999999999999996;4;full_horizon_lead_time_percentile_n_plus_one;;12;13;13;12,6;12;0,5999999999999996
14506488001;1,0;1;full_horizon_lead_time_percentile_n_plus_one;;1;19;19;18,0;18;0,0
14506490001;7,800000000000001;8;full_horizon_lead_time_percentile_n_plus_one;;45;21;21;19,8;19;0,8000000000000007
14506887001;19,50000000000001;20;full_horizon_lead_time_percentile_n_plus_one;;28;20;20;18,900000000000002;18;0,9000000000000021
14507042001;2,8000000000000007;3;full_horizon_lead_time_percentile_n_plus_one;;8;15;15;14,4;14;0,40000000000000036
14507044001;1,0;1;full_horizon_lead_time_percentile_n_plus_one;;2;5;5;5,4;5;0,0
14507045001;2,1999999999999993;3;full_horizon_lead_time_percentile_n_plus_one;;6;17;17;16,2;16;0,1999999999999993
14507047001;1,0;1;full_horizon_lead_time_percentile_n_plus_one;;5;20;20;18,900000000000002;18;0,9000000000000021
14507061001;4,0;4;full_horizon_lead_time_percentile_n_plus_one;;2;5;5;5,4;5;0,0
14507076001;3,0;3;full_horizon_lead_time_percentile_n_plus_one;;13;20;20;18,900000000000002;18;0,9000000000000021
14507083001;2,0;2;full_horizon_lead_time_percentile_n_plus_one;;11;18;18;17,1;17;0,10000000000000142
14507085001;2,8000000000000043;3;full_horizon_lead_time_percentile_n_plus_one;;7;20;20;18,900000000000002;18;0,9000000000000021
14507087001;1,0;1;full_horizon_lead_time_percentile_n_plus_one;;6;10;10;9,9;9;0,9000000000000004
14507202001;2,0;2;full_horizon_lead_time_percentile_n_plus_one;;2;3;3;3,6;3;0,0
14508004001;25,60000000000001;26;full_horizon_lead_time_percentile_n_plus_one;;70;20;20;18,900000000000002;18;0,9000000000000021
14508013001;4,800000000000004;5;full_horizon_lead_time_percentile_n_plus_one;;18;20;20;18,900000000000002;18;0,9000000000000021
14508016001;1,2000000000000028;2;full_horizon_lead_time_percentile_n_plus_one;;5;18;18;17,1;17;0,10000000000000142
14508022001;2,0;2;full_horizon_lead_time_percentile_n_plus_one;;1;1;1;1,8;1;0,0
14508918001;4,0;4;full_horizon_lead_time_percentile_n_plus_one;;2;5;5;5,4;5;0,0
14509001001;17,6;18;full_horizon_lead_time_percentile_n_plus_one;;133;21;21;19,8;19;0,8000000000000007
14509005001;5,199999999999999;6;full_horizon_lead_time_percentile_n_plus_one;;10;13;13;12,6;12;0,5999999999999996
14509007001;2,8000000000000007;3;full_horizon_lead_time_percentile_n_plus_one;;9;21;21;19,8;19;0,8000000000000007
14509008001;11,0;11;full_horizon_lead_time_percentile_n_plus_one;;123;20;20;18,900000000000002;18;0,9000000000000021
14509013001;2,0;2;full_horizon_lead_time_percentile_n_plus_one;;9;21;21;19,8;19;0,8000000000000007
14509015001;4,0;4;full_horizon_lead_time_percentile_n_plus_one;;8;15;15;14,4;14;0,40000000000000036
14509016001;5,599999999999998;6;full_horizon_lead_time_percentile_n_plus_one;;19;17;17;16,2;16;0,1999999999999993
14509021001;17,0;17;full_horizon_lead_time_percentile_n_plus_one;;1;1;1;1,8;1;0,0
14509024001;1,4000000000000004;2;full_horizon_lead_time_percentile_n_plus_one;;2;15;15;14,4;14;0,40000000000000036
14509025001;1,0;1;full_horizon_lead_time_percentile_n_plus_one;;1;1;1;1,8;1;0,0
14509035001;26,0;26;full_horizon_lead_time_percentile_n_plus_one;;1;1;1;1,8;1;0,0
14509036001;3,0;3;full_horizon_lead_time_percentile_n_plus_one;;17;21;21;19,8;19;0,8000000000000007
14509037001;1,0;1;full_horizon_lead_time_percentile_n_plus_one;;1;1;1;1,8;1;0,0
14510014001;8,800000000000004;9;full_horizon_lead_time_percentile_n_plus_one;;4;12;12;11,700000000000001;11;0,7000000000000011
14511005001;7,600000000000001;8;full_horizon_lead_time_percentile_n_plus_one;;9;15;15;14,4;14;0,40000000000000036
14512015001;1,8000000000000007;2;full_horizon_lead_time_percentile_n_plus_one;;6;21;21;19,8;19;0,8000000000000007
14512916001;3,0;3;full_horizon_lead_time_percentile_n_plus_one;;11;20;20;18,900000000000002;18;0,9000000000000021
14520044001;2,0;2;full_horizon_lead_time_percentile_n_plus_one;;5;20;20;18,900000000000002;18;0,9000000000000021
14520065001;37,800000000000004;38;full_horizon_lead_time_percentile_n_plus_one;;156;20;20;18,900000000000002;18;0,9000000000000021
14520067001;12,0;12;full_horizon_lead_time_percentile_n_plus_one;;27;21;21;19,8;19;0,8000000000000007
14520068001;23,6;24;full_horizon_lead_time_percentile_n_plus_one;;74;21;21;19,8;19;0,8000000000000007
14521156001;12,0;12;full_horizon_lead_time_percentile_n_plus_one;;46;20;20;18,900000000000002;18;0,9000000000000021
14521157001;50,400000000000006;51;full_horizon_lead_time_percentile_n_plus_one;;162;21;21;19,8;19;0,8000000000000007
14521158001;29,200000000000003;30;full_horizon_lead_time_percentile_n_plus_one;;104;21;21;19,8;19;0,8000000000000007
14521178001;3,0;3;full_horizon_lead_time_percentile_n_plus_one;;24;21;21;19,8;19;0,8000000000000007
14521179001;4,800000000000001;5;full_horizon_lead_time_percentile_n_plus_one;;16;21;21;19,8;19;0,8000000000000007
14521180001;3,6000000000000014;4;full_horizon_lead_time_percentile_n_plus_one;;17;21;21;19,8;19;0,8000000000000007
14521181001;5,0;5;full_horizon_lead_time_percentile_n_plus_one;;24;21;21;19,8;19;0,8000000000000007
14522048001;10,0;10;full_horizon_lead_time_percentile_n_plus_one;;14;6;6;6,3;6;0,0
14522049001;9,600000000000001;10;full_horizon_lead_time_percentile_n_plus_one;;25;21;21;19,8;19;0,8000000000000007
14522050001;8,0;8;full_horizon_lead_time_percentile_n_plus_one;;28;20;20;18,900000000000002;18;0,9000000000000021
14522051001;9,600000000000001;10;full_horizon_lead_time_percentile_n_plus_one;;26;21;21;19,8;19;0,8000000000000007
14522065001;4,0;4;full_horizon_lead_time_percentile_n_plus_one;;13;21;21;19,8;19;0,8000000000000007
14524015001;2,0;2;full_horizon_lead_time_percentile_n_plus_one;;3;8;8;8,1;8;0,0
14600005001;42,60000000000001;43;full_horizon_lead_time_percentile_n_plus_one;;160;21;21;19,8;19;0,8000000000000007
14600007001;3,5999999999999996;4;full_horizon_lead_time_percentile_n_plus_one;;10;13;13;12,6;12;0,5999999999999996
14600010001;10,0;10;full_horizon_lead_time_percentile_n_plus_one;;0;2;2;2,7;2;0,0
14600011001;5,0;5;full_horizon_lead_time_percentile_n_plus_one;;33;19;19;18,0;18;0,0
14600013001;11,700000000000006;12;full_horizon_lead_time_percentile_n_plus_one;;51;20;20;18,900000000000002;18;0,9000000000000021
14600017001;3,1999999999999993;4;full_horizon_lead_time_percentile_n_plus_one;;11;17;17;16,2;16;0,1999999999999993
14600020001;3,0;3;full_horizon_lead_time_percentile_n_plus_one;;12;19;19;18,0;18;0,0
14600022001;2,0;2;full_horizon_lead_time_percentile_n_plus_one;;6;19;19;18,0;18;0,0
14600023001;26,700000000000006;27;full_horizon_lead_time_percentile_n_plus_one;;119;20;20;18,900000000000002;18;0,9000000000000021
14600032001;2,0;2;full_horizon_lead_time_percentile_n_plus_one;;11;19;19;18,0;18;0,0
14600898001;3,0;3;full_horizon_lead_time_percentile_n_plus_one;;24;20;20;18,900000000000002;18;0,9000000000000021
14600899001;3,0;3;full_horizon_lead_time_percentile_n_plus_one;;13;20;20;18,900000000000002;18;0,9000000000000021
14600907001;1,4000000000000004;2;full_horizon_lead_time_percentile_n_plus_one;;3;15;15;14,4;14;0,40000000000000036
14600912001;4,100000000000003;5;full_horizon_lead_time_percentile_n_plus_one;;8;12;12;11,700000000000001;11;0,7000000000000011
14600999001;1,0;1;full_horizon_lead_time_percentile_n_plus_one;;1;9;9;9,0;9;0,0
14601001001;5,900000000000002;6;full_horizon_lead_time_percentile_n_plus_one;;14;20;20;18,900000000000002;18;0,9000000000000021
14601003001;4,300000000000001;5;full_horizon_lead_time_percentile_n_plus_one;;17;16;16;15,3;15;0,3000000000000007
14601004001;8,900000000000002;9;full_horizon_lead_time_percentile_n_plus_one;;47;20;20;18,900000000000002;18;0,9000000000000021
14601009001;1,0;1;full_horizon_lead_time_percentile_n_plus_one;;2;6;6;6,3;6;0,0
14601015001;2,0;2;full_horizon_lead_time_percentile_n_plus_one;;7;20;20;18,900000000000002;18;0,9000000000000021
14601016001;1,0;1;full_horizon_lead_time_percentile_n_plus_one;;2;6;6;6,3;6;0,0
14601027001;3,0;3;full_horizon_lead_time_percentile_n_plus_one;;9;18;18;17,1;17;0,10000000000000142
14601028001;3,0;3;full_horizon_lead_time_percentile_n_plus_one;;4;9;9;9,0;9;0,0
14601047001;4,600000000000001;5;full_horizon_lead_time_percentile_n_plus_one;;18;16;16;15,3;15;0,3000000000000007
14601051001;2,1000000000000014;3;full_horizon_lead_time_percentile_n_plus_one;;9;18;18;17,1;17;0,10000000000000142
14601063001;2,3000000000000007;3;full_horizon_lead_time_percentile_n_plus_one;;9;16;16;15,3;15;0,3000000000000007
14601065001;2,900000000000002;3;full_horizon_lead_time_percentile_n_plus_one;;12;20;20;18,900000000000002;18;0,9000000000000021
14601067001;1,5;2;full_horizon_lead_time_percentile_n_plus_one;;7;14;14;13,5;13;0,5
14601073001;5,0;5;full_horizon_lead_time_percentile_n_plus_one;;3;6;6;6,3;6;0,0
14601999001;4,900000000000002;5;full_horizon_lead_time_percentile_n_plus_one;;18;20;20;18,900000000000002;18;0,9000000000000021
14602013001;18,0;18;full_horizon_lead_time_percentile_n_plus_one;;1;1;1;1,8;1;0,0
14602022001;2,1000000000000014;3;full_horizon_lead_time_percentile_n_plus_one;;8;18;18;17,1;17;0,10000000000000142
14602033001;1,0;1;full_horizon_lead_time_percentile_n_plus_one;;1;1;1;1,8;1;0,0
14602034001;3,0;3;full_horizon_lead_time_percentile_n_plus_one;;6;19;19;18,0;18;0,0
14602035001;2,0;2;full_horizon_lead_time_percentile_n_plus_one;;4;5;5;5,4;5;0,0
14602036001;1,0;1;full_horizon_lead_time_percentile_n_plus_one;;4;20;20;18,900000000000002;18;0,9000000000000021
14602037001;1,0;1;full_horizon_lead_time_percentile_n_plus_one;;3;15;15;14,4;14;0,40000000000000036
14602049001;2,0;2;full_horizon_lead_time_percentile_n_plus_one;;6;11;11;10,8;10;0,8000000000000007
14602050001;5,0;5;full_horizon_lead_time_percentile_n_plus_one;;7;19;19;18,0;18;0,0
14602052001;1,0;1;full_horizon_lead_time_percentile_n_plus_one;;2;6;6;6,3;6;0,0
14602058001;1,5999999999999996;2;full_horizon_lead_time_percentile_n_plus_one;;5;13;13;12,6;12;0,5999999999999996
14602060001;2,0;2;full_horizon_lead_time_percentile_n_plus_one;;6;19;19;18,0;18;0,0
14602061001;1,0;1;full_horizon_lead_time_percentile_n_plus_one;;3;5;5;5,4;5;0,0
14602063001;2,8000000000000043;3;full_horizon_lead_time_percentile_n_plus_one;;6;20;20;18,900000000000002;18;0,9000000000000021
14602074001;2,0;2;full_horizon_lead_time_percentile_n_plus_one;;2;2;2;2,7;2;0,0
14602115001;6,0;6;full_horizon_lead_time_percentile_n_plus_one;;0;2;2;2,7;2;0,0
14602116001;4,0;4;full_horizon_lead_time_percentile_n_plus_one;;3;4;4;4,5;4;0,0
14602120001;1,0;1;full_horizon_lead_time_percentile_n_plus_one;;2;14;14;13,5;13;0,5
14603003001;11,000000000000004;12;full_horizon_lead_time_percentile_n_plus_one;;53;21;21;19,8;19;0,8000000000000007
14603004001;5,800000000000001;6;full_horizon_lead_time_percentile_n_plus_one;;27;21;21;19,8;19;0,8000000000000007
14603005001;4,600000000000001;5;full_horizon_lead_time_percentile_n_plus_one;;23;21;21;19,8;19;0,8000000000000007
14603010001;3,6000000000000085;4;full_horizon_lead_time_percentile_n_plus_one;;11;18;18;17,1;17;0,10000000000000142
14603012001;5,800000000000004;6;full_horizon_lead_time_percentile_n_plus_one;;8;20;20;18,900000000000002;18;0,9000000000000021
14603013001;2,0;2;full_horizon_lead_time_percentile_n_plus_one;;0;1;1;1,8;1;0,0
14603014001;3,0;3;full_horizon_lead_time_percentile_n_plus_one;;1;1;1;1,8;1;0,0
14603019001;6,200000000000003;7;full_horizon_lead_time_percentile_n_plus_one;;10;21;21;19,8;19;0,8000000000000007
14603026001;1,0;1;full_horizon_lead_time_percentile_n_plus_one;;2;20;20;18,900000000000002;18;0,9000000000000021
14603030001;4,0;4;full_horizon_lead_time_percentile_n_plus_one;;3;8;8;8,1;8;0,0
14603038001;2,0;2;full_horizon_lead_time_percentile_n_plus_one;;6;19;19;18,0;18;0,0
14604001001;1,0;1;full_horizon_lead_time_percentile_n_plus_one;;2;7;7;7,2;7;0,0
14604042001;1,0;1;full_horizon_lead_time_percentile_n_plus_one;;2;20;20;18,900000000000002;18;0,9000000000000021
14610001001;4,100000000000001;5;full_horizon_lead_time_percentile_n_plus_one;;17;18;18;17,1;17;0,10000000000000142
14610002001;18,0;18;full_horizon_lead_time_percentile_n_plus_one;;138;21;21;19,8;19;0,8000000000000007
14610008001;18,6;19;full_horizon_lead_time_percentile_n_plus_one;;22;10;10;9,9;9;0,9000000000000004
14610009001;8,700000000000006;9;full_horizon_lead_time_percentile_n_plus_one;;10;20;20;18,900000000000002;18;0,9000000000000021
14610010001;11,000000000000004;12;full_horizon_lead_time_percentile_n_plus_one;;10;21;21;19,8;19;0,8000000000000007
14610011001;17,6;18;full_horizon_lead_time_percentile_n_plus_one;;20;21;21;19,8;19;0,8000000000000007
14611002001;16,50000000000001;17;full_horizon_lead_time_percentile_n_plus_one;;126;20;20;18,900000000000002;18;0,9000000000000021
14611007001;2,0;2;full_horizon_lead_time_percentile_n_plus_one;;5;8;8;8,1;8;0,0
14611009001;1,3000000000000007;2;full_horizon_lead_time_percentile_n_plus_one;;5;16;16;15,3;15;0,3000000000000007
14611010001;47,8;48;full_horizon_lead_time_percentile_n_plus_one;;426;21;21;19,8;19;0,8000000000000007
14611013001;2,900000000000002;3;full_horizon_lead_time_percentile_n_plus_one;;16;20;20;18,900000000000002;18;0,9000000000000021
14611014001;2,0;2;full_horizon_lead_time_percentile_n_plus_one;;0;1;1;1,8;1;0,0
14611020001;2,500000000000007;3;full_horizon_lead_time_percentile_n_plus_one;;14;18;18;17,1;17;0,10000000000000142
14611022001;18,8;19;full_horizon_lead_time_percentile_n_plus_one;;137;21;21;19,8;19;0,8000000000000007
14611899001;5,300000000000004;6;full_horizon_lead_time_percentile_n_plus_one;;18;18;18;17,1;17;0,10000000000000142
14611901001;3,0;3;full_horizon_lead_time_percentile_n_plus_one;;10;19;19;18,0;18;0,0
14612005001;4,0;4;full_horizon_lead_time_percentile_n_plus_one;;14;14;14;13,5;13;0,5
14612012001;10,0;10;full_horizon_lead_time_percentile_n_plus_one;;9;8;8;8,1;8;0,0
14612018002;23,400000000000002;24;full_horizon_lead_time_percentile_n_plus_one;;141;21;21;19,8;19;0,8000000000000007
14612031001;1,0;1;full_horizon_lead_time_percentile_n_plus_one;;2;16;16;15,3;15;0,3000000000000007
14612034001;10,500000000000007;11;full_horizon_lead_time_percentile_n_plus_one;;39;18;18;17,1;17;0,10000000000000142
14612035001;4,5;5;full_horizon_lead_time_percentile_n_plus_one;;10;14;14;13,5;13;0,5
14612059001;2,0;2;full_horizon_lead_time_percentile_n_plus_one;;7;20;20;18,900000000000002;18;0,9000000000000021
14612075001;12,8;13;full_horizon_lead_time_percentile_n_plus_one;;33;15;15;14,4;14;0,40000000000000036
14612088001;10,0;10;full_horizon_lead_time_percentile_n_plus_one;;35;19;19;18,0;18;0,0
14612900001;13,600000000000001;14;full_horizon_lead_time_percentile_n_plus_one;;53;21;21;19,8;19;0,8000000000000007
14612922001;1,0;1;full_horizon_lead_time_percentile_n_plus_one;;1;1;1;1,8;1;0,0
14612946001;2,0;2;full_horizon_lead_time_percentile_n_plus_one;;3;9;9;9,0;9;0,0
14613007001;8,0;8;full_horizon_lead_time_percentile_n_plus_one;;14;19;19;18,0;18;0,0
14613013001;2,0;2;full_horizon_lead_time_percentile_n_plus_one;;1;4;4;4,5;4;0,0
14613017001;2,200000000000003;3;full_horizon_lead_time_percentile_n_plus_one;;1;18;18;17,1;17;0,10000000000000142
14613018001;3,0;3;full_horizon_lead_time_percentile_n_plus_one;;12;18;18;17,1;17;0,10000000000000142
14613019001;14,100000000000001;15;full_horizon_lead_time_percentile_n_plus_one;;56;18;18;17,1;17;0,10000000000000142
14613024001;3,0;3;full_horizon_lead_time_percentile_n_plus_one;;17;20;20;18,900000000000002;18;0,9000000000000021
14613026001;12,8;13;full_horizon_lead_time_percentile_n_plus_one;;83;21;21;19,8;19;0,8000000000000007
14613899001;2,0;2;full_horizon_lead_time_percentile_n_plus_one;;9;19;19;18,0;18;0,0
14613900001;6,0;6;full_horizon_lead_time_percentile_n_plus_one;;31;19;19;18,0;18;0,0
14613902001;17,800000000000004;18;full_horizon_lead_time_percentile_n_plus_one;;63;20;20;18,900000000000002;18;0,9000000000000021
14613904001;18,700000000000006;19;full_horizon_lead_time_percentile_n_plus_one;;56;20;20;18,900000000000002;18;0,9000000000000021
14613907001;10,0;10;full_horizon_lead_time_percentile_n_plus_one;;39;21;21;19,8;19;0,8000000000000007
14613908001;4,0;4;full_horizon_lead_time_percentile_n_plus_one;;27;19;19;18,0;18;0,0
14613918001;4,0;4;full_horizon_lead_time_percentile_n_plus_one;;3;9;9;9,0;9;0,0
14614001001;2,0;2;full_horizon_lead_time_percentile_n_plus_one;;4;16;16;15,3;15;0,3000000000000007
14615002001;3,0;3;full_horizon_lead_time_percentile_n_plus_one;;19;21;21;19,8;19;0,8000000000000007
14615009001;9,900000000000002;10;full_horizon_lead_time_percentile_n_plus_one;;39;20;20;18,900000000000002;18;0,9000000000000021
14615011001;6,0;6;full_horizon_lead_time_percentile_n_plus_one;;4;8;8;8,1;8;0,0
14615012001;4,0;4;full_horizon_lead_time_percentile_n_plus_one;;2;7;7;7,2;7;0,0
14615013001;3,0;3;full_horizon_lead_time_percentile_n_plus_one;;11;12;12;11,700000000000001;11;0,7000000000000011
14615021001;1,0;1;full_horizon_lead_time_percentile_n_plus_one;;4;15;15;14,4;14;0,40000000000000036
14615030001;1,0;1;full_horizon_lead_time_percentile_n_plus_one;;5;19;19;18,0;18;0,0
14615031001;3,0;3;full_horizon_lead_time_percentile_n_plus_one;;3;6;6;6,3;6;0,0
14615035001;3,0;3;full_horizon_lead_time_percentile_n_plus_one;;2;1;1;1,8;1;0,0
14615038001;6,6;7;full_horizon_lead_time_percentile_n_plus_one;;23;13;13;12,6;12;0,5999999999999996
14615041001;6,0;6;full_horizon_lead_time_percentile_n_plus_one;;20;20;20;18,900000000000002;18;0,9000000000000021
14615048001;3,6000000000000014;4;full_horizon_lead_time_percentile_n_plus_one;;5;16;16;15,3;15;0,3000000000000007
14615052001;2,0;2;full_horizon_lead_time_percentile_n_plus_one;;6;13;13;12,6;12;0,5999999999999996
14615057001;2,0;2;full_horizon_lead_time_percentile_n_plus_one;;1;1;1;1,8;1;0,0
14615061001;2,0;2;full_horizon_lead_time_percentile_n_plus_one;;4;7;7;7,2;7;0,0
14615063001;1,1999999999999993;2;full_horizon_lead_time_percentile_n_plus_one;;4;17;17;16,2;16;0,1999999999999993
14615067001;1,0;1;full_horizon_lead_time_percentile_n_plus_one;;3;5;5;5,4;5;0,0
14615070001;107,60000000000002;108;full_horizon_lead_time_percentile_n_plus_one;;54;11;11;10,8;10;0,8000000000000007
14615072001;1,3000000000000043;2;full_horizon_lead_time_percentile_n_plus_one;;5;18;18;17,1;17;0,10000000000000142
14615076001;1,0;1;full_horizon_lead_time_percentile_n_plus_one;;1;1;1;1,8;1;0,0
14615079001;13,300000000000002;14;full_horizon_lead_time_percentile_n_plus_one;;15;10;10;9,9;9;0,9000000000000004
14615082001;8,900000000000002;9;full_horizon_lead_time_percentile_n_plus_one;;30;20;20;18,900000000000002;18;0,9000000000000021
14615084001;12,8;13;full_horizon_lead_time_percentile_n_plus_one;;91;21;21;19,8;19;0,8000000000000007
14615107001;2,0;2;full_horizon_lead_time_percentile_n_plus_one;;14;21;21;19,8;19;0,8000000000000007
14615108001;5,0;5;full_horizon_lead_time_percentile_n_plus_one;;25;19;19;18,0;18;0,0
14615114001;2,0;2;full_horizon_lead_time_percentile_n_plus_one;;6;19;19;18,0;18;0,0
14615133001;75,20000000000002;76;full_horizon_lead_time_percentile_n_plus_one;;42;21;21;19,8;19;0,8000000000000007
14615897001;1,0;1;full_horizon_lead_time_percentile_n_plus_one;;3;18;18;17,1;17;0,10000000000000142
14615898001;7,199999999999999;8;full_horizon_lead_time_percentile_n_plus_one;;4;13;13;12,6;12;0,5999999999999996
14616001001;6,0;6;full_horizon_lead_time_percentile_n_plus_one;;37;19;19;18,0;18;0,0
14616002001;8,400000000000006;9;full_horizon_lead_time_percentile_n_plus_one;;53;18;18;17,1;17;0,10000000000000142
14616006001;15,0;15;full_horizon_lead_time_percentile_n_plus_one;;131;21;21;19,8;19;0,8000000000000007
14616009001;12,0;12;full_horizon_lead_time_percentile_n_plus_one;;9;21;21;19,8;19;0,8000000000000007
14616013001;11,600000000000005;12;full_horizon_lead_time_percentile_n_plus_one;;27;15;15;14,4;14;0,40000000000000036
14616017001;3,0;3;full_horizon_lead_time_percentile_n_plus_one;;17;20;20;18,900000000000002;18;0,9000000000000021
14616018001;4,0;4;full_horizon_lead_time_percentile_n_plus_one;;10;14;14;13,5;13;0,5
14616019001;3,0;3;full_horizon_lead_time_percentile_n_plus_one;;15;21;21;19,8;19;0,8000000000000007
14616020001;1,0;1;full_horizon_lead_time_percentile_n_plus_one;;3;16;16;15,3;15;0,3000000000000007
14616021001;2,0;2;full_horizon_lead_time_percentile_n_plus_one;;11;19;19;18,0;18;0,0
14616022001;3,0;3;full_horizon_lead_time_percentile_n_plus_one;;9;13;13;12,6;12;0,5999999999999996
14616033001;2,0;2;full_horizon_lead_time_percentile_n_plus_one;;4;16;16;15,3;15;0,3000000000000007
14616038001;12,0;12;full_horizon_lead_time_percentile_n_plus_one;;2;9;9;9,0;9;0,0
14616044001;3,0;3;full_horizon_lead_time_percentile_n_plus_one;;1;1;1;1,8;1;0,0
14616053001;4,0;4;full_horizon_lead_time_percentile_n_plus_one;;1;1;1;1,8;1;0,0
14616054001;4,900000000000002;5;full_horizon_lead_time_percentile_n_plus_one;;27;20;20;18,900000000000002;18;0,9000000000000021
14616060001;2,400000000000002;3;full_horizon_lead_time_percentile_n_plus_one;;1;12;12;11,700000000000001;11;0,7000000000000011
14616194001;1,0;1;full_horizon_lead_time_percentile_n_plus_one;;1;11;11;10,8;10;0,8000000000000007
14616195001;1,0;1;full_horizon_lead_time_percentile_n_plus_one;;1;1;1;1,8;1;0,0
14620001001;2,0;2;full_horizon_lead_time_percentile_n_plus_one;;5;17;17;16,2;16;0,1999999999999993
14620006001;15,600000000000001;16;full_horizon_lead_time_percentile_n_plus_one;;107;21;21;19,8;19;0,8000000000000007
14620007001;1,0;1;full_horizon_lead_time_percentile_n_plus_one;;3;16;16;15,3;15;0,3000000000000007
14620012001;2,4000000000000004;3;full_horizon_lead_time_percentile_n_plus_one;;7;15;15;14,4;14;0,40000000000000036
14620014001;16,8;17;full_horizon_lead_time_percentile_n_plus_one;;134;21;21;19,8;19;0,8000000000000007
14620019001;4,800000000000001;5;full_horizon_lead_time_percentile_n_plus_one;;5;21;21;19,8;19;0,8000000000000007
14620021001;4,800000000000001;5;full_horizon_lead_time_percentile_n_plus_one;;28;21;21;19,8;19;0,8000000000000007
14620022001;4,0;4;full_horizon_lead_time_percentile_n_plus_one;;0;1;1;1,8;1;0,0
14620028001;4,0;4;full_horizon_lead_time_percentile_n_plus_one;;3;6;6;6,3;6;0,0
14620030001;9,400000000000002;10;full_horizon_lead_time_percentile_n_plus_one;;54;21;21;19,8;19;0,8000000000000007
14620035001;1,0;1;full_horizon_lead_time_percentile_n_plus_one;;1;1;1;1,8;1;0,0
14620036001;1,5;2;full_horizon_lead_time_percentile_n_plus_one;;4;14;14;13,5;13;0,5
14620039001;3,0;3;full_horizon_lead_time_percentile_n_plus_one;;3;5;5;5,4;5;0,0
14620042001;35,600000000000016;36;full_horizon_lead_time_percentile_n_plus_one;;35;21;21;19,8;19;0,8000000000000007
14620046001;14,800000000000011;15;full_horizon_lead_time_percentile_n_plus_one;;2;11;11;10,8;10;0,8000000000000007
14620051001;4,0;4;full_horizon_lead_time_percentile_n_plus_one;;17;19;19;18,0;18;0,0
14620057001;6,3999999999999915;7;full_horizon_lead_time_percentile_n_plus_one;;31;17;17;16,2;16;0,1999999999999993
14620060001;6,0;6;full_horizon_lead_time_percentile_n_plus_one;;3;11;11;10,8;10;0,8000000000000007
14620061001;1,0;1;full_horizon_lead_time_percentile_n_plus_one;;0;2;2;2,7;2;0,0
14620062001;27,600000000000012;28;full_horizon_lead_time_percentile_n_plus_one;;56;21;21;19,8;19;0,8000000000000007
14620070001;5,600000000000001;6;full_horizon_lead_time_percentile_n_plus_one;;8;21;21;19,8;19;0,8000000000000007
14620072001;2,799999999999997;3;full_horizon_lead_time_percentile_n_plus_one;;3;17;17;16,2;16;0,1999999999999993
14620081001;6,0;6;full_horizon_lead_time_percentile_n_plus_one;;2;5;5;5,4;5;0,0
14620083001;1,0;1;full_horizon_lead_time_percentile_n_plus_one;;4;14;14;13,5;13;0,5
14620084001;12,300000000000004;13;full_horizon_lead_time_percentile_n_plus_one;;20;18;18;17,1;17;0,10000000000000142
14620092001;3,8000000000000043;4;full_horizon_lead_time_percentile_n_plus_one;;10;16;16;15,3;15;0,3000000000000007
14620103001;6,0;6;full_horizon_lead_time_percentile_n_plus_one;;2;7;7;7,2;7;0,0
14620107001;2,200000000000003;3;full_horizon_lead_time_percentile_n_plus_one;;7;16;16;15,3;15;0,3000000000000007
14620110001;3,0;3;full_horizon_lead_time_percentile_n_plus_one;;20;19;19;18,0;18;0,0
14620111001;4,0;4;full_horizon_lead_time_percentile_n_plus_one;;12;17;17;16,2;16;0,1999999999999993
14620112001;2,8000000000000007;3;full_horizon_lead_time_percentile_n_plus_one;;7;11;11;10,8;10;0,8000000000000007
14620113001;13,0;13;full_horizon_lead_time_percentile_n_plus_one;;3;2;2;2,7;2;0,0
14620114001;7,600000000000001;8;full_horizon_lead_time_percentile_n_plus_one;;33;21;21;19,8;19;0,8000000000000007
14620115001;4,0;4;full_horizon_lead_time_percentile_n_plus_one;;2;9;9;9,0;9;0,0
14620119001;2,900000000000002;3;full_horizon_lead_time_percentile_n_plus_one;;10;20;20;18,900000000000002;18;0,9000000000000021
14620133001;7,4;8;full_horizon_lead_time_percentile_n_plus_one;;11;15;15;14,4;14;0,40000000000000036
14620138001;1,9000000000000004;2;full_horizon_lead_time_percentile_n_plus_one;;4;10;10;9,9;9;0,9000000000000004
14620149001;1,8000000000000007;2;full_horizon_lead_time_percentile_n_plus_one;;6;15;15;14,4;14;0,40000000000000036
14620158001;3,0;3;full_horizon_lead_time_percentile_n_plus_one;;11;17;17;16,2;16;0,1999999999999993
14620171001;1,0;1;full_horizon_lead_time_percentile_n_plus_one;;3;8;8;8,1;8;0,0
14620178001;2,900000000000002;3;full_horizon_lead_time_percentile_n_plus_one;;2;20;20;18,900000000000002;18;0,9000000000000021
14620894001;14,0;14;full_horizon_lead_time_percentile_n_plus_one;;32;20;20;18,900000000000002;18;0,9000000000000021
14620907001;18,0;18;full_horizon_lead_time_percentile_n_plus_one;;140;21;21;19,8;19;0,8000000000000007
14620908001;8,0;8;full_horizon_lead_time_percentile_n_plus_one;;34;19;19;18,0;18;0,0
14620909001;4,0;4;full_horizon_lead_time_percentile_n_plus_one;;7;7;7;7,2;7;0,0
14620920001;3,0;3;full_horizon_lead_time_percentile_n_plus_one;;6;19;19;18,0;18;0,0
14620922001;2,3000000000000007;3;full_horizon_lead_time_percentile_n_plus_one;;9;16;16;15,3;15;0,3000000000000007
14620999001;9,600000000000001;10;full_horizon_lead_time_percentile_n_plus_one;;26;21;21;19,8;19;0,8000000000000007
14621005001;8,0;8;full_horizon_lead_time_percentile_n_plus_one;;19;13;13;12,6;12;0,5999999999999996
14621009001;2,8000000000000007;3;full_horizon_lead_time_percentile_n_plus_one;;13;15;15;14,4;14;0,40000000000000036
14621012001;2,0;2;full_horizon_lead_time_percentile_n_plus_one;;9;16;16;15,3;15;0,3000000000000007
14621013001;24,0;24;full_horizon_lead_time_percentile_n_plus_one;;13;19;19;18,0;18;0,0
14621017001;2,0;2;full_horizon_lead_time_percentile_n_plus_one;;0;1;1;1,8;1;0,0
14621018001;3,0;3;full_horizon_lead_time_percentile_n_plus_one;;0;2;2;2,7;2;0,0
14621021001;71,99999999999979;72;full_horizon_lead_time_percentile_n_plus_one;;8;17;17;16,2;16;0,1999999999999993
14621026001;8,0;8;full_horizon_lead_time_percentile_n_plus_one;;0;1;1;1,8;1;0,0
14621029001;16,0;16;full_horizon_lead_time_percentile_n_plus_one;;36;21;21;19,8;19;0,8000000000000007
14621034001;8,500000000000002;9;full_horizon_lead_time_percentile_n_plus_one;;7;10;10;9,9;9;0,9000000000000004
14621035001;1,0;1;full_horizon_lead_time_percentile_n_plus_one;;2;2;2;2,7;2;0,0
14621041001;18,6;19;full_horizon_lead_time_percentile_n_plus_one;;123;21;21;19,8;19;0,8000000000000007
14621044001;1,0;1;full_horizon_lead_time_percentile_n_plus_one;;1;21;21;19,8;19;0,8000000000000007
14621045001;4,600000000000001;5;full_horizon_lead_time_percentile_n_plus_one;;15;21;21;19,8;19;0,8000000000000007
14621048001;3,0;3;full_horizon_lead_time_percentile_n_plus_one;;14;19;19;18,0;18;0,0
14621058001;5,0;5;full_horizon_lead_time_percentile_n_plus_one;;10;19;19;18,0;18;0,0
14621062001;1,0;1;full_horizon_lead_time_percentile_n_plus_one;;0;1;1;1,8;1;0,0
14621069001;12,0;12;full_horizon_lead_time_percentile_n_plus_one;;108;21;21;19,8;19;0,8000000000000007
14621070001;1,8000000000000007;2;full_horizon_lead_time_percentile_n_plus_one;;6;21;21;19,8;19;0,8000000000000007
14621095001;3,900000000000002;4;full_horizon_lead_time_percentile_n_plus_one;;9;20;20;18,900000000000002;18;0,9000000000000021
14630050001;1,0;1;full_horizon_lead_time_percentile_n_plus_one;;1;1;1;1,8;1;0,0
14630056001;1,9000000000000021;2;full_horizon_lead_time_percentile_n_plus_one;;8;16;16;15,3;15;0,3000000000000007
14631013001;3,0;3;full_horizon_lead_time_percentile_n_plus_one;;1;1;1;1,8;1;0,0
14631014001;1,1000000000000014;2;full_horizon_lead_time_percentile_n_plus_one;;2;18;18;17,1;17;0,10000000000000142
14631018001;15,0;15;full_horizon_lead_time_percentile_n_plus_one;;28;19;19;18,0;18;0,0
14631022001;2,0;2;full_horizon_lead_time_percentile_n_plus_one;;2;4;4;4,5;4;0,0
14631028001;3,8000000000000007;4;full_horizon_lead_time_percentile_n_plus_one;;6;21;21;19,8;19;0,8000000000000007
14631042001;1,0;1;full_horizon_lead_time_percentile_n_plus_one;;1;1;1;1,8;1;0,0
14631043001;1,0;1;full_horizon_lead_time_percentile_n_plus_one;;3;21;21;19,8;19;0,8000000000000007
14631047001;3,0;3;full_horizon_lead_time_percentile_n_plus_one;;9;19;19;18,0;18;0,0
14631064001;2,900000000000002;3;full_horizon_lead_time_percentile_n_plus_one;;12;20;20;18,900000000000002;18;0,9000000000000021
14631082001;1,8000000000000007;2;full_horizon_lead_time_percentile_n_plus_one;;1;15;15;14,4;14;0,40000000000000036
14631100001;5,0;5;full_horizon_lead_time_percentile_n_plus_one;;2;6;6;6,3;6;0,0
14631925001;1,0;1;full_horizon_lead_time_percentile_n_plus_one;;4;10;10;9,9;9;0,9000000000000004
14631948001;2,1999999999999993;3;full_horizon_lead_time_percentile_n_plus_one;;7;17;17;16,2;16;0,1999999999999993
14631949001;2,0;2;full_horizon_lead_time_percentile_n_plus_one;;0;2;2;2,7;2;0,0
14632005001;3,0;3;full_horizon_lead_time_percentile_n_plus_one;;16;19;19;18,0;18;0,0
14632009001;2,0;2;full_horizon_lead_time_percentile_n_plus_one;;13;19;19;18,0;18;0,0
14632014001;10,0;10;full_horizon_lead_time_percentile_n_plus_one;;0;3;3;3,6;3;0,0
14632022001;2,3999999999999986;3;full_horizon_lead_time_percentile_n_plus_one;;9;17;17;16,2;16;0,1999999999999993
14632030001;9,700000000000012;10;full_horizon_lead_time_percentile_n_plus_one;;7;12;12;11,700000000000001;11;0,7000000000000011
14632044001;1,0;1;full_horizon_lead_time_percentile_n_plus_one;;6;19;19;18,0;18;0,0
14632058001;2,8000000000000007;3;full_horizon_lead_time_percentile_n_plus_one;;11;21;21;19,8;19;0,8000000000000007
14632059001;3,0;3;full_horizon_lead_time_percentile_n_plus_one;;5;19;19;18,0;18;0,0
14632067001;2,0;2;full_horizon_lead_time_percentile_n_plus_one;;8;19;19;18,0;18;0,0
14632071001;1,0;1;full_horizon_lead_time_percentile_n_plus_one;;2;5;5;5,4;5;0,0
14632103001;1,5999999999999979;2;full_horizon_lead_time_percentile_n_plus_one;;5;17;17;16,2;16;0,1999999999999993
14632186001;7,0;7;full_horizon_lead_time_percentile_n_plus_one;;2;5;5;5,4;5;0,0
14632194001;3,0;3;full_horizon_lead_time_percentile_n_plus_one;;2;3;3;3,6;3;0,0
14632215001;3,0;3;full_horizon_lead_time_percentile_n_plus_one;;2;2;2;2,7;2;0,0
14632223001;4,0;4;full_horizon_lead_time_percentile_n_plus_one;;20;19;19;18,0;18;0,0
14632352001;2,0;2;full_horizon_lead_time_percentile_n_plus_one;;10;11;11;10,8;10;0,8000000000000007
14632449001;1,0;1;full_horizon_lead_time_percentile_n_plus_one;;4;14;14;13,5;13;0,5
14632450001;2,6000000000000014;3;full_horizon_lead_time_percentile_n_plus_one;;2;11;11;10,8;10;0,8000000000000007
14632482001;1,1000000000000014;2;full_horizon_lead_time_percentile_n_plus_one;;4;18;18;17,1;17;0,10000000000000142
14633001001;8,700000000000006;9;full_horizon_lead_time_percentile_n_plus_one;;15;20;20;18,900000000000002;18;0,9000000000000021
14633039001;11,0;11;full_horizon_lead_time_percentile_n_plus_one;;26;14;14;13,5;13;0,5
14633043001;2,0;2;full_horizon_lead_time_percentile_n_plus_one;;0;2;2;2,7;2;0,0
14633046001;1,0;1;full_horizon_lead_time_percentile_n_plus_one;;4;9;9;9,0;9;0,0
14633896001;2,5999999999999996;3;full_horizon_lead_time_percentile_n_plus_one;;9;13;13;12,6;12;0,5999999999999996
14633897001;1,8000000000000007;2;full_horizon_lead_time_percentile_n_plus_one;;9;21;21;19,8;19;0,8000000000000007
14633900001;9,400000000000002;10;full_horizon_lead_time_percentile_n_plus_one;;37;12;12;11,700000000000001;11;0,7000000000000011
14633934001;4,0;4;full_horizon_lead_time_percentile_n_plus_one;;13;18;18;17,1;17;0,10000000000000142
14633935001;7,700000000000006;8;full_horizon_lead_time_percentile_n_plus_one;;27;20;20;18,900000000000002;18;0,9000000000000021
14633936001;2,0;2;full_horizon_lead_time_percentile_n_plus_one;;9;18;18;17,1;17;0,10000000000000142
14633937001;1,500000000000007;2;full_horizon_lead_time_percentile_n_plus_one;;7;18;18;17,1;17;0,10000000000000142
14633938001;5,0;5;full_horizon_lead_time_percentile_n_plus_one;;1;6;6;6,3;6;0,0
14634023001;3,0;3;full_horizon_lead_time_percentile_n_plus_one;;1;1;1;1,8;1;0,0
14634027001;5,0;5;full_horizon_lead_time_percentile_n_plus_one;;8;18;18;17,1;17;0,10000000000000142
14634047001;1,0;1;full_horizon_lead_time_percentile_n_plus_one;;1;19;19;18,0;18;0,0
14700007001;2,4000000000000004;3;full_horizon_lead_time_percentile_n_plus_one;;6;15;15;14,4;14;0,40000000000000036
14700008001;1,8000000000000007;2;full_horizon_lead_time_percentile_n_plus_one;;5;11;11;10,8;10;0,8000000000000007
14700026001;6,0;6;full_horizon_lead_time_percentile_n_plus_one;;28;21;21;19,8;19;0,8000000000000007
14700031001;1,0;1;full_horizon_lead_time_percentile_n_plus_one;;0;1;1;1,8;1;0,0
14700035001;1,0;1;full_horizon_lead_time_percentile_n_plus_one;;1;7;7;7,2;7;0,0
14700036001;3,0;3;full_horizon_lead_time_percentile_n_plus_one;;2;13;13;12,6;12;0,5999999999999996
14700037001;2,0;2;full_horizon_lead_time_percentile_n_plus_one;;3;16;16;15,3;15;0,3000000000000007
14700077001;3,400000000000002;4;full_horizon_lead_time_percentile_n_plus_one;;4;11;11;10,8;10;0,8000000000000007
14700078001;3,900000000000002;4;full_horizon_lead_time_percentile_n_plus_one;;19;20;20;18,900000000000002;18;0,9000000000000021
14701008002;2,1000000000000014;3;full_horizon_lead_time_percentile_n_plus_one;;9;18;18;17,1;17;0,10000000000000142
14701012001;3,0;3;full_horizon_lead_time_percentile_n_plus_one;;3;8;8;8,1;8;0,0
14701022001;2,0;2;full_horizon_lead_time_percentile_n_plus_one;;2;2;2;2,7;2;0,0
14710006001;1,0;1;full_horizon_lead_time_percentile_n_plus_one;;1;1;1;1,8;1;0,0
14710007001;2,0;2;full_horizon_lead_time_percentile_n_plus_one;;7;14;14;13,5;13;0,5
14711001001;1,0;1;full_horizon_lead_time_percentile_n_plus_one;;1;18;18;17,1;17;0,10000000000000142
14711008001;4,0;4;full_horizon_lead_time_percentile_n_plus_one;;4;14;14;13,5;13;0,5
14711014001;2,0;2;full_horizon_lead_time_percentile_n_plus_one;;7;18;18;17,1;17;0,10000000000000142
14720003001;6,0;6;full_horizon_lead_time_percentile_n_plus_one;;0;1;1;1,8;1;0,0
14720022001;3,400000000000002;4;full_horizon_lead_time_percentile_n_plus_one;;4;21;21;19,8;19;0,8000000000000007
14720029001;1,3000000000000007;2;full_horizon_lead_time_percentile_n_plus_one;;5;16;16;15,3;15;0,3000000000000007
14721003001;3,8000000000000043;4;full_horizon_lead_time_percentile_n_plus_one;;6;20;20;18,900000000000002;18;0,9000000000000021
14721943001;2,6000000000000014;3;full_horizon_lead_time_percentile_n_plus_one;;4;16;16;15,3;15;0,3000000000000007
14721944001;2,0;2;full_horizon_lead_time_percentile_n_plus_one;;4;21;21;19,8;19;0,8000000000000007
14730041001;1,9000000000000021;2;full_horizon_lead_time_percentile_n_plus_one;;5;20;20;18,900000000000002;18;0,9000000000000021
14730898001;2,0;2;full_horizon_lead_time_percentile_n_plus_one;;3;4;4;4,5;4;0,0
14730900001;4,0;4;full_horizon_lead_time_percentile_n_plus_one;;5;14;14;13,5;13;0,5
14731905001;3,200000000000003;4;full_horizon_lead_time_percentile_n_plus_one;;8;18;18;17,1;17;0,10000000000000142
14740003001;1,0;1;full_horizon_lead_time_percentile_n_plus_one;;1;8;8;8,1;8;0,0
14740006001;3,900000000000002;4;full_horizon_lead_time_percentile_n_plus_one;;10;20;20;18,900000000000002;18;0,9000000000000021
14740013001;1,5999999999999979;2;full_horizon_lead_time_percentile_n_plus_one;;2;17;17;16,2;16;0,1999999999999993
14740016001;3,0;3;full_horizon_lead_time_percentile_n_plus_one;;2;6;6;6,3;6;0,0
14740017001;3,0;3;full_horizon_lead_time_percentile_n_plus_one;;5;9;9;9,0;9;0,0
14740018001;4,0;4;full_horizon_lead_time_percentile_n_plus_one;;2;3;3;3,6;3;0,0
14740024001;3,5;4;full_horizon_lead_time_percentile_n_plus_one;;11;14;14;13,5;13;0,5
14740035001;1,0;1;full_horizon_lead_time_percentile_n_plus_one;;1;1;1;1,8;1;0,0
14740036001;2,6000000000000014;3;full_horizon_lead_time_percentile_n_plus_one;;8;16;16;15,3;15;0,3000000000000007
14740037001;1,8000000000000007;2;full_horizon_lead_time_percentile_n_plus_one;;8;21;21;19,8;19;0,8000000000000007
14740038001;8,0;8;full_horizon_lead_time_percentile_n_plus_one;;10;16;16;15,3;15;0,3000000000000007
14740050001;2,0;2;full_horizon_lead_time_percentile_n_plus_one;;4;19;19;18,0;18;0,0
14740061001;3,200000000000003;4;full_horizon_lead_time_percentile_n_plus_one;;6;18;18;17,1;17;0,10000000000000142
14740074001;2,0;2;full_horizon_lead_time_percentile_n_plus_one;;4;10;10;9,9;9;0,9000000000000004
14741003001;2,0;2;full_horizon_lead_time_percentile_n_plus_one;;4;21;21;19,8;19;0,8000000000000007
14741008001;3,0;3;full_horizon_lead_time_percentile_n_plus_one;;2;3;3;3,6;3;0,0
14741009001;1,0;1;full_horizon_lead_time_percentile_n_plus_one;;4;21;21;19,8;19;0,8000000000000007
14741010001;4,0;4;full_horizon_lead_time_percentile_n_plus_one;;6;19;19;18,0;18;0,0
14741015001;1,1000000000000014;2;full_horizon_lead_time_percentile_n_plus_one;;2;18;18;17,1;17;0,10000000000000142
14741017001;3,0;3;full_horizon_lead_time_percentile_n_plus_one;;12;20;20;18,900000000000002;18;0,9000000000000021
14741026001;2,0;2;full_horizon_lead_time_percentile_n_plus_one;;3;6;6;6,3;6;0,0
14741028001;1,700000000000001;2;full_horizon_lead_time_percentile_n_plus_one;;2;12;12;11,700000000000001;11;0,7000000000000011
14742018001;4,0;4;full_horizon_lead_time_percentile_n_plus_one;;4;5;5;5,4;5;0,0
14742048001;12,0;12;full_horizon_lead_time_percentile_n_plus_one;;2;18;18;17,1;17;0,10000000000000142
14801002001;62,400000000000006;63;full_horizon_lead_time_percentile_n_plus_one;;140;21;21;19,8;19;0,8000000000000007
14801003001;5,0;5;full_horizon_lead_time_percentile_n_plus_one;;16;19;19;18,0;18;0,0
14801012001;3,0;3;full_horizon_lead_time_percentile_n_plus_one;;1;6;6;6,3;6;0,0
14801020001;3,0;3;full_horizon_lead_time_percentile_n_plus_one;;3;8;8;8,1;8;0,0
14802005001;6,0;6;full_horizon_lead_time_percentile_n_plus_one;;5;15;15;14,4;14;0,40000000000000036
14802010001;1,0;1;full_horizon_lead_time_percentile_n_plus_one;;2;7;7;7,2;7;0,0
14804001001;58,800000000000026;59;full_horizon_lead_time_percentile_n_plus_one;;38;20;20;18,900000000000002;18;0,9000000000000021
14804002001;138,00000000000003;139;full_horizon_lead_time_percentile_n_plus_one;;96;21;21;19,8;19;0,8000000000000007
14804004001;147,60000000000002;148;full_horizon_lead_time_percentile_n_plus_one;;104;21;21;19,8;19;0,8000000000000007
14804005001;79,20000000000002;80;full_horizon_lead_time_percentile_n_plus_one;;59;21;21;19,8;19;0,8000000000000007
14804007001;738,0;738;full_horizon_lead_time_percentile_n_plus_one;;722;21;21;19,8;19;0,8000000000000007
14804010001;90,0;90;full_horizon_lead_time_percentile_n_plus_one;;108;21;21;19,8;19;0,8000000000000007
14804012001;19,400000000000002;20;full_horizon_lead_time_percentile_n_plus_one;;129;21;21;19,8;19;0,8000000000000007
14804013001;3,0;3;full_horizon_lead_time_percentile_n_plus_one;;7;19;19;18,0;18;0,0
14804014001;4,0;4;full_horizon_lead_time_percentile_n_plus_one;;18;19;19;18,0;18;0,0
14804016001;37,199999999999996;38;full_horizon_lead_time_percentile_n_plus_one;;21;17;17;16,2;16;0,1999999999999993
14805001001;28,800000000000004;29;full_horizon_lead_time_percentile_n_plus_one;;10;21;21;19,8;19;0,8000000000000007
14805002001;12,0;12;full_horizon_lead_time_percentile_n_plus_one;;7;15;15;14,4;14;0,40000000000000036
14805004001;102,0;102;full_horizon_lead_time_percentile_n_plus_one;;85;20;20;18,900000000000002;18;0,9000000000000021
14805005001;53,40000000000001;54;full_horizon_lead_time_percentile_n_plus_one;;47;20;20;18,900000000000002;18;0,9000000000000021
14805010001;24,0;24;full_horizon_lead_time_percentile_n_plus_one;;24;20;20;18,900000000000002;18;0,9000000000000021
14805012001;694,8000000000001;695;full_horizon_lead_time_percentile_n_plus_one;;868;21;21;19,8;19;0,8000000000000007
14805013001;43,8;44;full_horizon_lead_time_percentile_n_plus_one;;266;21;21;19,8;19;0,8000000000000007
14805016001;232,8;233;full_horizon_lead_time_percentile_n_plus_one;;167;21;21;19,8;19;0,8000000000000007
14805017001;73,20000000000002;74;full_horizon_lead_time_percentile_n_plus_one;;44;21;21;19,8;19;0,8000000000000007
14805023001;18,0;18;full_horizon_lead_time_percentile_n_plus_one;;13;18;18;17,1;17;0,10000000000000142
14805028001;36,0;36;full_horizon_lead_time_percentile_n_plus_one;;43;20;20;18,900000000000002;18;0,9000000000000021
14805056001;28,800000000000004;29;full_horizon_lead_time_percentile_n_plus_one;;19;21;21;19,8;19;0,8000000000000007
14805059001;24,0;24;full_horizon_lead_time_percentile_n_plus_one;;14;21;21;19,8;19;0,8000000000000007
14805063001;18,0;18;full_horizon_lead_time_percentile_n_plus_one;;4;5;5;5,4;5;0,0
14805066001;20,400000000000002;21;full_horizon_lead_time_percentile_n_plus_one;;4;15;15;14,4;14;0,40000000000000036
14805899001;150,0;150;full_horizon_lead_time_percentile_n_plus_one;;30;19;19;18,0;18;0,0
14810001001;61,80000000000001;62;full_horizon_lead_time_percentile_n_plus_one;;141;21;21;19,8;19;0,8000000000000007
14810002001;22,200000000000006;23;full_horizon_lead_time_percentile_n_plus_one;;21;21;21;19,8;19;0,8000000000000007
14810004001;45,0;45;full_horizon_lead_time_percentile_n_plus_one;;120;21;21;19,8;19;0,8000000000000007
14810005001;23,400000000000002;24;full_horizon_lead_time_percentile_n_plus_one;;31;21;21;19,8;19;0,8000000000000007
14810006001;133,8;134;full_horizon_lead_time_percentile_n_plus_one;;303;21;21;19,8;19;0,8000000000000007
14810012001;30,0;30;full_horizon_lead_time_percentile_n_plus_one;;67;17;17;16,2;16;0,1999999999999993
14810013001;24,0;24;full_horizon_lead_time_percentile_n_plus_one;;49;21;21;19,8;19;0,8000000000000007
14810016001;139,20000000000002;140;full_horizon_lead_time_percentile_n_plus_one;;294;21;21;19,8;19;0,8000000000000007
14810017001;5,0;5;full_horizon_lead_time_percentile_n_plus_one;;37;21;21;19,8;19;0,8000000000000007
14810018001;11,400000000000002;12;full_horizon_lead_time_percentile_n_plus_one;;7;21;21;19,8;19;0,8000000000000007
14810023001;6,6000000000000085;7;full_horizon_lead_time_percentile_n_plus_one;;8;18;18;17,1;17;0,10000000000000142
14810025001;9,0;9;full_horizon_lead_time_percentile_n_plus_one;;6;11;11;10,8;10;0,8000000000000007
14810030001;12,0;12;full_horizon_lead_time_percentile_n_plus_one;;14;19;19;18,0;18;0,0
14810031001;5,0;5;full_horizon_lead_time_percentile_n_plus_one;;5;9;9;9,0;9;0,0
14811004001;12,0;12;full_horizon_lead_time_percentile_n_plus_one;;27;20;20;18,900000000000002;18;0,9000000000000021
14811006001;19,800000000000004;20;full_horizon_lead_time_percentile_n_plus_one;;13;21;21;19,8;19;0,8000000000000007
14811007001;13,0;13;full_horizon_lead_time_percentile_n_plus_one;;59;20;20;18,900000000000002;18;0,9000000000000021
14820001001;4,0;4;full_horizon_lead_time_percentile_n_plus_one;;16;21;21;19,8;19;0,8000000000000007
14820004001;24,0;24;full_horizon_lead_time_percentile_n_plus_one;;4;5;5;5,4;5;0,0
14820008001;92,4;93;full_horizon_lead_time_percentile_n_plus_one;;156;21;21;19,8;19;0,8000000000000007
14820009001;5,700000000000006;6;full_horizon_lead_time_percentile_n_plus_one;;3;16;16;15,3;15;0,3000000000000007
14820012001;111,6;112;full_horizon_lead_time_percentile_n_plus_one;;283;21;21;19,8;19;0,8000000000000007
14820013001;77,4;78;full_horizon_lead_time_percentile_n_plus_one;;202;21;21;19,8;19;0,8000000000000007
14820014001;88,2;89;full_horizon_lead_time_percentile_n_plus_one;;190;21;21;19,8;19;0,8000000000000007
14820015001;6,0;6;full_horizon_lead_time_percentile_n_plus_one;;9;21;21;19,8;19;0,8000000000000007
14820017001;63,90000000000005;64;full_horizon_lead_time_percentile_n_plus_one;;64;20;20;18,900000000000002;18;0,9000000000000021
14820023001;8,0;8;full_horizon_lead_time_percentile_n_plus_one;;14;19;19;18,0;18;0,0
14820028001;86,4;87;full_horizon_lead_time_percentile_n_plus_one;;182;21;21;19,8;19;0,8000000000000007
14820029001;4,0;4;full_horizon_lead_time_percentile_n_plus_one;;23;20;20;18,900000000000002;18;0,9000000000000021
14820035001;2,0;2;full_horizon_lead_time_percentile_n_plus_one;;7;21;21;19,8;19;0,8000000000000007
14820045001;30,000000000000007;31;full_horizon_lead_time_percentile_n_plus_one;;166;21;21;19,8;19;0,8000000000000007
14821001001;12,0;12;full_horizon_lead_time_percentile_n_plus_one;;10;16;16;15,3;15;0,3000000000000007
14821003001;180,0;180;full_horizon_lead_time_percentile_n_plus_one;;441;21;21;19,8;19;0,8000000000000007
14821006001;8,0;8;full_horizon_lead_time_percentile_n_plus_one;;16;17;17;16,2;16;0,1999999999999993
14821011001;1,0;1;full_horizon_lead_time_percentile_n_plus_one;;5;19;19;18,0;18;0,0
14822008001;6,0;6;full_horizon_lead_time_percentile_n_plus_one;;21;19;19;18,0;18;0,0
14822009001;4,0;4;full_horizon_lead_time_percentile_n_plus_one;;10;17;17;16,2;16;0,1999999999999993
14822010001;4,0;4;full_horizon_lead_time_percentile_n_plus_one;;9;17;17;16,2;16;0,1999999999999993
14822014001;59,400000000000006;60;full_horizon_lead_time_percentile_n_plus_one;;120;21;21;19,8;19;0,8000000000000007
14822017001;1,1000000000000014;2;full_horizon_lead_time_percentile_n_plus_one;;9;18;18;17,1;17;0,10000000000000142
14822018001;2,0;2;full_horizon_lead_time_percentile_n_plus_one;;8;19;19;18,0;18;0,0
14822021001;4,0;4;full_horizon_lead_time_percentile_n_plus_one;;5;21;21;19,8;19;0,8000000000000007
14822024001;4,0;4;full_horizon_lead_time_percentile_n_plus_one;;3;9;9;9,0;9;0,0
14822025001;5,199999999999999;6;full_horizon_lead_time_percentile_n_plus_one;;7;13;13;12,6;12;0,5999999999999996
14822026001;8,400000000000002;9;full_horizon_lead_time_percentile_n_plus_one;;9;15;15;14,4;14;0,40000000000000036
14822037001;12,0;12;full_horizon_lead_time_percentile_n_plus_one;;3;14;14;13,5;13;0,5
14822044001;1,0;1;full_horizon_lead_time_percentile_n_plus_one;;3;19;19;18,0;18;0,0
14822046001;22,200000000000006;23;full_horizon_lead_time_percentile_n_plus_one;;35;21;21;19,8;19;0,8000000000000007
14822049001;7,800000000000004;8;full_horizon_lead_time_percentile_n_plus_one;;26;20;20;18,900000000000002;18;0,9000000000000021
14822050001;4,0;4;full_horizon_lead_time_percentile_n_plus_one;;11;19;19;18,0;18;0,0
14822053001;1,8000000000000043;2;full_horizon_lead_time_percentile_n_plus_one;;3;20;20;18,900000000000002;18;0,9000000000000021
14822062001;2,0;2;full_horizon_lead_time_percentile_n_plus_one;;9;20;20;18,900000000000002;18;0,9000000000000021
14822063001;25,200000000000017;26;full_horizon_lead_time_percentile_n_plus_one;;21;18;18;17,1;17;0,10000000000000142
14822095001;1,0;1;full_horizon_lead_time_percentile_n_plus_one;;1;1;1;1,8;1;0,0
14822104001;1,0;1;full_horizon_lead_time_percentile_n_plus_one;;0;3;3;3,6;3;0,0
14822112001;5,599999999999998;6;full_horizon_lead_time_percentile_n_plus_one;;21;17;17;16,2;16;0,1999999999999993
14822115001;3,0;3;full_horizon_lead_time_percentile_n_plus_one;;5;16;16;15,3;15;0,3000000000000007
14822899001;2,0;2;full_horizon_lead_time_percentile_n_plus_one;;4;20;20;18,900000000000002;18;0,9000000000000021
14822925001;2,8000000000000007;3;full_horizon_lead_time_percentile_n_plus_one;;6;15;15;14,4;14;0,40000000000000036
14822926001;1,0;1;full_horizon_lead_time_percentile_n_plus_one;;5;19;19;18,0;18;0,0
14822965001;4,0;4;full_horizon_lead_time_percentile_n_plus_one;;10;20;20;18,900000000000002;18;0,9000000000000021
14830001001;25,800000000000004;26;full_horizon_lead_time_percentile_n_plus_one;;43;21;21;19,8;19;0,8000000000000007
14830002001;30,0;30;full_horizon_lead_time_percentile_n_plus_one;;51;21;21;19,8;19;0,8000000000000007
14830005001;20,400000000000002;21;full_horizon_lead_time_percentile_n_plus_one;;44;21;21;19,8;19;0,8000000000000007
14830009001;63,0;63;full_horizon_lead_time_percentile_n_plus_one;;135;21;21;19,8;19;0,8000000000000007
14830010001;252,60000000000014;253;full_horizon_lead_time_percentile_n_plus_one;;279;20;20;18,900000000000002;18;0,9000000000000021
14830011001;19,800000000000004;20;full_horizon_lead_time_percentile_n_plus_one;;32;21;21;19,8;19;0,8000000000000007
14830012001;15,0;15;full_horizon_lead_time_percentile_n_plus_one;;6;8;8;8,1;8;0,0
14830013001;6,0;6;full_horizon_lead_time_percentile_n_plus_one;;4;15;15;14,4;14;0,40000000000000036
14830017001;6,0;6;full_horizon_lead_time_percentile_n_plus_one;;8;21;21;19,8;19;0,8000000000000007
14830018001;3,0;3;full_horizon_lead_time_percentile_n_plus_one;;2;20;20;18,900000000000002;18;0,9000000000000021
14830026001;15,0;15;full_horizon_lead_time_percentile_n_plus_one;;27;20;20;18,900000000000002;18;0,9000000000000021
14830029001;21,0;21;full_horizon_lead_time_percentile_n_plus_one;;34;21;21;19,8;19;0,8000000000000007
14830039001;12,0;12;full_horizon_lead_time_percentile_n_plus_one;;4;3;3;3,6;3;0,0
14830045001;24,0;24;full_horizon_lead_time_percentile_n_plus_one;;36;19;19;18,0;18;0,0
14830048001;9,600000000000009;10;full_horizon_lead_time_percentile_n_plus_one;;9;18;18;17,1;17;0,10000000000000142
14830063001;6,0;6;full_horizon_lead_time_percentile_n_plus_one;;7;17;17;16,2;16;0,1999999999999993
14830069001;54,0;54;full_horizon_lead_time_percentile_n_plus_one;;140;21;21;19,8;19;0,8000000000000007
14830072001;30,0;30;full_horizon_lead_time_percentile_n_plus_one;;30;20;20;18,900000000000002;18;0,9000000000000021
14830073001;30,0;30;full_horizon_lead_time_percentile_n_plus_one;;31;19;19;18,0;18;0,0
14831002001;57,0;57;full_horizon_lead_time_percentile_n_plus_one;;135;20;20;18,900000000000002;18;0,9000000000000021
14831005001;9,0;9;full_horizon_lead_time_percentile_n_plus_one;;4;6;6;6,3;6;0,0
14831007001;185,39999999999998;186;full_horizon_lead_time_percentile_n_plus_one;;481;21;21;19,8;19;0,8000000000000007
14831008001;14,700000000000006;15;full_horizon_lead_time_percentile_n_plus_one;;26;20;20;18,900000000000002;18;0,9000000000000021
14831009001;45,60000000000001;46;full_horizon_lead_time_percentile_n_plus_one;;47;21;21;19,8;19;0,8000000000000007
14831011001;51,0;51;full_horizon_lead_time_percentile_n_plus_one;;86;18;18;17,1;17;0,10000000000000142
14831013001;32,7;33;full_horizon_lead_time_percentile_n_plus_one;;59;20;20;18,900000000000002;18;0,9000000000000021
14831020001;81,60000000000001;82;full_horizon_lead_time_percentile_n_plus_one;;154;21;21;19,8;19;0,8000000000000007
14831021001;68,4;69;full_horizon_lead_time_percentile_n_plus_one;;118;21;21;19,8;19;0,8000000000000007
14831022001;32,400000000000006;33;full_horizon_lead_time_percentile_n_plus_one;;80;21;21;19,8;19;0,8000000000000007
14831027001;9,599999999999998;10;full_horizon_lead_time_percentile_n_plus_one;;6;17;17;16,2;16;0,1999999999999993
14832003001;17,400000000000002;18;full_horizon_lead_time_percentile_n_plus_one;;9;10;10;9,9;9;0,9000000000000004
14832005001;9,0;9;full_horizon_lead_time_percentile_n_plus_one;;11;19;19;18,0;18;0,0
14832009001;3,0;3;full_horizon_lead_time_percentile_n_plus_one;;1;1;1;1,8;1;0,0
14832012001;38,400000000000006;39;full_horizon_lead_time_percentile_n_plus_one;;74;20;20;18,900000000000002;18;0,9000000000000021
14832018001;101,40000000000002;102;full_horizon_lead_time_percentile_n_plus_one;;194;21;21;19,8;19;0,8000000000000007
14832021001;160,20000000000002;161;full_horizon_lead_time_percentile_n_plus_one;;418;21;21;19,8;19;0,8000000000000007
14832024001;3,0;3;full_horizon_lead_time_percentile_n_plus_one;;2;7;7;7,2;7;0,0
14832037001;7,200000000000001;8;full_horizon_lead_time_percentile_n_plus_one;;10;15;15;14,4;14;0,40000000000000036
14832043001;2,0;2;full_horizon_lead_time_percentile_n_plus_one;;6;7;7;7,2;7;0,0
14832052001;24,0;24;full_horizon_lead_time_percentile_n_plus_one;;33;21;21;19,8;19;0,8000000000000007
14832054001;24,0;24;full_horizon_lead_time_percentile_n_plus_one;;25;19;19;18,0;18;0,0
14832057001;20,4;21;full_horizon_lead_time_percentile_n_plus_one;;15;13;13;12,6;12;0,5999999999999996
14832909001;4,5;5;full_horizon_lead_time_percentile_n_plus_one;;5;14;14;13,5;13;0,5
14833003001;18,0;18;full_horizon_lead_time_percentile_n_plus_one;;40;20;20;18,900000000000002;18;0,9000000000000021
14833005001;2,900000000000002;3;full_horizon_lead_time_percentile_n_plus_one;;5;20;20;18,900000000000002;18;0,9000000000000021
14833011001;14,10000000000003;15;full_horizon_lead_time_percentile_n_plus_one;;16;18;18;17,1;17;0,10000000000000142
14833017001;1,9000000000000021;2;full_horizon_lead_time_percentile_n_plus_one;;5;20;20;18,900000000000002;18;0,9000000000000021
14833024001;52,800000000000004;53;full_horizon_lead_time_percentile_n_plus_one;;102;21;21;19,8;19;0,8000000000000007
14833033001;1,0;1;full_horizon_lead_time_percentile_n_plus_one;;5;21;21;19,8;19;0,8000000000000007
14833035001;29,400000000000002;30;full_horizon_lead_time_percentile_n_plus_one;;20;11;11;10,8;10;0,8000000000000007
14833036001;6,0;6;full_horizon_lead_time_percentile_n_plus_one;;12;18;18;17,1;17;0,10000000000000142
14833037001;1,0;1;full_horizon_lead_time_percentile_n_plus_one;;4;21;21;19,8;19;0,8000000000000007
14833040001;8,0;8;full_horizon_lead_time_percentile_n_plus_one;;4;8;8;8,1;8;0,0
14833049001;6,0;6;full_horizon_lead_time_percentile_n_plus_one;;13;20;20;18,900000000000002;18;0,9000000000000021
14833052001;9,0;9;full_horizon_lead_time_percentile_n_plus_one;;23;19;19;18,0;18;0,0
14833056001;9,0;9;full_horizon_lead_time_percentile_n_plus_one;;18;19;19;18,0;18;0,0
14833058001;7,0;7;full_horizon_lead_time_percentile_n_plus_one;;15;16;16;15,3;15;0,3000000000000007
14833059001;5,0;5;full_horizon_lead_time_percentile_n_plus_one;;13;13;13;12,6;12;0,5999999999999996
14833060001;4,0;4;full_horizon_lead_time_percentile_n_plus_one;;16;19;19;18,0;18;0,0
14833063001;3,0;3;full_horizon_lead_time_percentile_n_plus_one;;2;8;8;8,1;8;0,0
14833066001;18,300000000000004;19;full_horizon_lead_time_percentile_n_plus_one;;25;18;18;17,1;17;0,10000000000000142
14833069001;1,4000000000000004;2;full_horizon_lead_time_percentile_n_plus_one;;2;15;15;14,4;14;0,40000000000000036
14833072001;6,900000000000002;7;full_horizon_lead_time_percentile_n_plus_one;;24;20;20;18,900000000000002;18;0,9000000000000021
14833075001;13,500000000000007;14;full_horizon_lead_time_percentile_n_plus_one;;16;18;18;17,1;17;0,10000000000000142
14833077001;2,0;2;full_horizon_lead_time_percentile_n_plus_one;;9;15;15;14,4;14;0,40000000000000036
14833078001;15,0;15;full_horizon_lead_time_percentile_n_plus_one;;4;8;8;8,1;8;0,0
14833079001;1,0;1;full_horizon_lead_time_percentile_n_plus_one;;6;13;13;12,6;12;0,5999999999999996
14833086001;4,400000000000006;5;full_horizon_lead_time_percentile_n_plus_one;;19;18;18;17,1;17;0,10000000000000142
14840003001;143,4;144;full_horizon_lead_time_percentile_n_plus_one;;394;21;21;19,8;19;0,8000000000000007
14840005001;12,0;12;full_horizon_lead_time_percentile_n_plus_one;;1;1;1;1,8;1;0,0
14840006001;171,00000000000003;172;full_horizon_lead_time_percentile_n_plus_one;;406;21;21;19,8;19;0,8000000000000007
14840017001;78,0;78;full_horizon_lead_time_percentile_n_plus_one;;159;21;21;19,8;19;0,8000000000000007
14840018001;40,2;41;full_horizon_lead_time_percentile_n_plus_one;;79;21;21;19,8;19;0,8000000000000007
14841001001;24,300000000000004;25;full_horizon_lead_time_percentile_n_plus_one;;22;18;18;17,1;17;0,10000000000000142
14841002001;14,400000000000013;15;full_horizon_lead_time_percentile_n_plus_one;;18;20;20;18,900000000000002;18;0,9000000000000021
14841003001;8,400000000000002;9;full_horizon_lead_time_percentile_n_plus_one;;32;21;21;19,8;19;0,8000000000000007
14850001001;49,400000000000006;50;full_horizon_lead_time_percentile_n_plus_one;;177;21;21;19,8;19;0,8000000000000007
14850010001;57,0;57;full_horizon_lead_time_percentile_n_plus_one;;272;21;21;19,8;19;0,8000000000000007
14850011001;36,400000000000006;37;full_horizon_lead_time_percentile_n_plus_one;;173;21;21;19,8;19;0,8000000000000007
14850019001;1,9000000000000021;2;full_horizon_lead_time_percentile_n_plus_one;;3;20;20;18,900000000000002;18;0,9000000000000021
14850020001;1,0;1;full_horizon_lead_time_percentile_n_plus_one;;2;10;10;9,9;9;0,9000000000000004
14850034001;6,800000000000001;7;full_horizon_lead_time_percentile_n_plus_one;;43;21;21;19,8;19;0,8000000000000007
14850042001;2,900000000000002;3;full_horizon_lead_time_percentile_n_plus_one;;8;20;20;18,900000000000002;18;0,9000000000000021
14850060001;1,0;1;full_horizon_lead_time_percentile_n_plus_one;;3;14;14;13,5;13;0,5
14850093001;5,800000000000001;6;full_horizon_lead_time_percentile_n_plus_one;;33;21;21;19,8;19;0,8000000000000007
14850102001;2,0;2;full_horizon_lead_time_percentile_n_plus_one;;11;20;20;18,900000000000002;18;0,9000000000000021
14850103001;1,0;1;full_horizon_lead_time_percentile_n_plus_one;;0;1;1;1,8;1;0,0
14850126001;4,0;4;full_horizon_lead_time_percentile_n_plus_one;;12;13;13;12,6;12;0,5999999999999996
14850133001;1,0;1;full_horizon_lead_time_percentile_n_plus_one;;1;1;1;1,8;1;0,0
14850194001;6,0;6;full_horizon_lead_time_percentile_n_plus_one;;18;19;19;18,0;18;0,0
14850195001;6,0;6;full_horizon_lead_time_percentile_n_plus_one;;17;19;19;18,0;18;0,0
14851001001;2,0;2;full_horizon_lead_time_percentile_n_plus_one;;2;2;2;2,7;2;0,0
14851006001;2,0;2;full_horizon_lead_time_percentile_n_plus_one;;1;1;1;1,8;1;0,0
14851009001;1,8000000000000007;2;full_horizon_lead_time_percentile_n_plus_one;;5;15;15;14,4;14;0,40000000000000036
14851010001;4,0;4;full_horizon_lead_time_percentile_n_plus_one;;1;1;1;1,8;1;0,0
14851014001;4,0;4;full_horizon_lead_time_percentile_n_plus_one;;3;2;2;2,7;2;0,0
14851023001;1,0;1;full_horizon_lead_time_percentile_n_plus_one;;3;19;19;18,0;18;0,0
14851025001;16,8;17;full_horizon_lead_time_percentile_n_plus_one;;102;21;21;19,8;19;0,8000000000000007
14851032001;2,0;2;full_horizon_lead_time_percentile_n_plus_one;;2;1;1;1,8;1;0,0
14851034001;10,900000000000002;11;full_horizon_lead_time_percentile_n_plus_one;;15;20;20;18,900000000000002;18;0,9000000000000021
14851063001;16,400000000000002;17;full_horizon_lead_time_percentile_n_plus_one;;44;21;21;19,8;19;0,8000000000000007
14851071001;11,800000000000004;12;full_horizon_lead_time_percentile_n_plus_one;;27;20;20;18,900000000000002;18;0,9000000000000021
14851072001;14,400000000000006;15;full_horizon_lead_time_percentile_n_plus_one;;30;21;21;19,8;19;0,8000000000000007
14851121001;1,8000000000000007;2;full_horizon_lead_time_percentile_n_plus_one;;6;21;21;19,8;19;0,8000000000000007
14852005001;48,0;48;full_horizon_lead_time_percentile_n_plus_one;;5;9;9;9,0;9;0,0
14852006001;6,0;6;full_horizon_lead_time_percentile_n_plus_one;;1;1;1;1,8;1;0,0
14852008001;6,0;6;full_horizon_lead_time_percentile_n_plus_one;;2;18;18;17,1;17;0,10000000000000142
14852009001;12,0;12;full_horizon_lead_time_percentile_n_plus_one;;3;8;8;8,1;8;0,0
14852011001;6,0;6;full_horizon_lead_time_percentile_n_plus_one;;1;1;1;1,8;1;0,0
14852012001;6,0;6;full_horizon_lead_time_percentile_n_plus_one;;4;11;11;10,8;10;0,8000000000000007
14852016001;12,0;12;full_horizon_lead_time_percentile_n_plus_one;;1;6;6;6,3;6;0,0
14852019001;33,59999999999999;34;full_horizon_lead_time_percentile_n_plus_one;;3;13;13;12,6;12;0,5999999999999996
14852020001;6,0;6;full_horizon_lead_time_percentile_n_plus_one;;4;16;16;15,3;15;0,3000000000000007
14852031001;12,0;12;full_horizon_lead_time_percentile_n_plus_one;;2;1;1;1,8;1;0,0
14852044001;229,0;229;full_horizon_lead_time_percentile_n_plus_one;;49;9;9;9,0;9;0,0
14852062001;12,0;12;full_horizon_lead_time_percentile_n_plus_one;;2;2;2;2,7;2;0,0
14852064001;5,799999999999997;6;full_horizon_lead_time_percentile_n_plus_one;;3;17;17;16,2;16;0,1999999999999993
14852898001;6,0;6;full_horizon_lead_time_percentile_n_plus_one;;3;16;16;15,3;15;0,3000000000000007
14852899001;6,0;6;full_horizon_lead_time_percentile_n_plus_one;;3;9;9;9,0;9;0,0
14853003001;96,0;96;full_horizon_lead_time_percentile_n_plus_one;;9;17;17;16,2;16;0,1999999999999993
14853013001;36,0;36;full_horizon_lead_time_percentile_n_plus_one;;4;3;3;3,6;3;0,0
14853031001;2,0;2;full_horizon_lead_time_percentile_n_plus_one;;3;4;4;4,5;4;0,0
14853048001;10,000000000000014;11;full_horizon_lead_time_percentile_n_plus_one;;1;16;16;15,3;15;0,3000000000000007
14854027001;5,0;5;full_horizon_lead_time_percentile_n_plus_one;;0;3;3;3,6;3;0,0
15020001001;129,60000000000002;130;full_horizon_lead_time_percentile_n_plus_one;;29;21;21;19,8;19;0,8000000000000007
15020007001;84,0;84;full_horizon_lead_time_percentile_n_plus_one;;1;7;7;7,2;7;0,0
15020010001;688,8000000000001;689;full_horizon_lead_time_percentile_n_plus_one;;115;21;21;19,8;19;0,8000000000000007
15020046001;477,60000000000014;478;full_horizon_lead_time_percentile_n_plus_one;;67;21;21;19,8;19;0,8000000000000007
15020047001;2665,200000000001;2666;full_horizon_lead_time_percentile_n_plus_one;;371;21;21;19,8;19;0,8000000000000007
15020050001;858,0000000000003;859;full_horizon_lead_time_percentile_n_plus_one;;130;21;21;19,8;19;0,8000000000000007
15020920001;1265,4;1266;full_horizon_lead_time_percentile_n_plus_one;;54;12;12;11,700000000000001;11;0,7000000000000011
15020922001;153,60000000000002;154;full_horizon_lead_time_percentile_n_plus_one;;38;21;21;19,8;19;0,8000000000000007
15020925001;24,0;24;full_horizon_lead_time_percentile_n_plus_one;;8;18;18;17,1;17;0,10000000000000142
15021001001;831,6;832;full_horizon_lead_time_percentile_n_plus_one;;153;21;21;19,8;19;0,8000000000000007
15021003001;327,6000000000003;328;full_horizon_lead_time_percentile_n_plus_one;;30;20;20;18,900000000000002;18;0,9000000000000021
15021035001;145,20000000000002;146;full_horizon_lead_time_percentile_n_plus_one;;51;21;21;19,8;19;0,8000000000000007
15021042001;170,4000000000001;171;full_horizon_lead_time_percentile_n_plus_one;;35;12;12;11,700000000000001;11;0,7000000000000011
15021047001;141,60000000000002;142;full_horizon_lead_time_percentile_n_plus_one;;18;10;10;9,9;9;0,9000000000000004
15021057001;52,79999999999998;53;full_horizon_lead_time_percentile_n_plus_one;;16;17;17;16,2;16;0,1999999999999993
15021060001;71,4;72;full_horizon_lead_time_percentile_n_plus_one;;21;20;20;18,900000000000002;18;0,9000000000000021
15022004001;351,6;352;full_horizon_lead_time_percentile_n_plus_one;;84;21;21;19,8;19;0,8000000000000007
15022005001;609,5999999999999;610;full_horizon_lead_time_percentile_n_plus_one;;40;13;13;12,6;12;0,5999999999999996
15022009001;46,800000000000026;47;full_horizon_lead_time_percentile_n_plus_one;;29;20;20;18,900000000000002;18;0,9000000000000021
15022013001;90,00000000000003;91;full_horizon_lead_time_percentile_n_plus_one;;33;21;21;19,8;19;0,8000000000000007
15022014001;24,0;24;full_horizon_lead_time_percentile_n_plus_one;;0;1;1;1,8;1;0,0
15022017001;144,0;144;full_horizon_lead_time_percentile_n_plus_one;;38;19;19;18,0;18;0,0
15022019001;7,199999999999996;8;full_horizon_lead_time_percentile_n_plus_one;;5;17;17;16,2;16;0,1999999999999993
15022021001;19,200000000000017;20;full_horizon_lead_time_percentile_n_plus_one;;13;18;18;17,1;17;0,10000000000000142
15022026001;446,4;447;full_horizon_lead_time_percentile_n_plus_one;;101;21;21;19,8;19;0,8000000000000007
15023001001;93,60000000000005;94;full_horizon_lead_time_percentile_n_plus_one;;3;20;20;18,900000000000002;18;0,9000000000000021
15023003001;141,00000000000006;142;full_horizon_lead_time_percentile_n_plus_one;;39;20;20;18,900000000000002;18;0,9000000000000021
15023004001;168,0;168;full_horizon_lead_time_percentile_n_plus_one;;30;19;19;18,0;18;0,0
15023005001;168,0;168;full_horizon_lead_time_percentile_n_plus_one;;36;19;19;18,0;18;0,0
15023008001;120,0;120;full_horizon_lead_time_percentile_n_plus_one;;4;6;6;6,3;6;0,0
15023011001;146,40000000000003;147;full_horizon_lead_time_percentile_n_plus_one;;44;21;21;19,8;19;0,8000000000000007
15023012001;310,8;311;full_horizon_lead_time_percentile_n_plus_one;;140;21;21;19,8;19;0,8000000000000007
15023013001;105,00000000000006;106;full_horizon_lead_time_percentile_n_plus_one;;42;20;20;18,900000000000002;18;0,9000000000000021
15023017001;255,0000000000002;256;full_horizon_lead_time_percentile_n_plus_one;;38;20;20;18,900000000000002;18;0,9000000000000021
15023020001;220,20000000000005;221;full_horizon_lead_time_percentile_n_plus_one;;61;20;20;18,900000000000002;18;0,9000000000000021
15023035001;240,0;240;full_horizon_lead_time_percentile_n_plus_one;;33;21;21;19,8;19;0,8000000000000007
15023036001;24,0;24;full_horizon_lead_time_percentile_n_plus_one;;1;1;1;1,8;1;0,0
15024004001;192,00000000000006;193;full_horizon_lead_time_percentile_n_plus_one;;61;21;21;19,8;19;0,8000000000000007
15024011001;172,80000000000007;173;full_horizon_lead_time_percentile_n_plus_one;;7;21;21;19,8;19;0,8000000000000007
15024014001;98,40000000000003;99;full_horizon_lead_time_percentile_n_plus_one;;34;21;21;19,8;19;0,8000000000000007
15081020001;1,5;2;full_horizon_lead_time_percentile_n_plus_one;;3;14;14;13,5;13;0,5
30000004001;1,0;1;full_horizon_lead_time_percentile_n_plus_one;;2;11;11;10,8;10;0,8000000000000007
30000056001;4,599999999999998;5;full_horizon_lead_time_percentile_n_plus_one;;19;17;17;16,2;16;0,1999999999999993
30001041001;1,0;1;full_horizon_lead_time_percentile_n_plus_one;;1;1;1;1,8;1;0,0
30001907001;5,599999999999998;6;full_horizon_lead_time_percentile_n_plus_one;;23;17;17;16,2;16;0,1999999999999993
30002001001;5,0;5;full_horizon_lead_time_percentile_n_plus_one;;3;5;5;5,4;5;0,0
30003001001;1,9000000000000004;2;full_horizon_lead_time_percentile_n_plus_one;;4;10;10;9,9;9;0,9000000000000004
30005001001;2,0;2;full_horizon_lead_time_percentile_n_plus_one;;3;9;9;9,0;9;0,0
30010002001;7,599999999999994;8;full_horizon_lead_time_percentile_n_plus_one;;33;17;17;16,2;16;0,1999999999999993
30011002001;8,8;9;full_horizon_lead_time_percentile_n_plus_one;;28;15;15;14,4;14;0,40000000000000036
30013002001;1,5999999999999996;2;full_horizon_lead_time_percentile_n_plus_one;;4;13;13;12,6;12;0,5999999999999996
30045078002;10,0;10;full_horizon_lead_time_percentile_n_plus_one;;1;1;1;1,8;1;0,0
30071041001;3,0;3;full_horizon_lead_time_percentile_n_plus_one;;1;1;1;1,8;1;0,0
30071043001;2,0;2;full_horizon_lead_time_percentile_n_plus_one;;5;16;16;15,3;15;0,3000000000000007
30071044001;1,0;1;full_horizon_lead_time_percentile_n_plus_one;;0;1;1;1,8;1;0,0
30071051001;1,0;1;full_horizon_lead_time_percentile_n_plus_one;;2;4;4;4,5;4;0,0
30073007001;1,0;1;full_horizon_lead_time_percentile_n_plus_one;;1;12;12;11,700000000000001;11;0,7000000000000011
30073017001;3,400000000000002;4;full_horizon_lead_time_percentile_n_plus_one;;2;11;11;10,8;10;0,8000000000000007
30073022001;1,0;1;full_horizon_lead_time_percentile_n_plus_one;;1;1;1;1,8;1;0,0
30435004001;1,0;1;full_horizon_lead_time_percentile_n_plus_one;;1;1;1;1,8;1;0,0
30450006001;4,999999999999998;5;full_horizon_lead_time_percentile_n_plus_one;;6;13;13;12,6;12;0,5999999999999996
30450011001;12,0;12;full_horizon_lead_time_percentile_n_plus_one;;4;2;2;2,7;2;0,0
30450013001;3,400000000000002;4;full_horizon_lead_time_percentile_n_plus_one;;2;12;12;11,700000000000001;11;0,7000000000000011
30450034001;4,0;4;full_horizon_lead_time_percentile_n_plus_one;;2;9;9;9,0;9;0,0
30450039001;2,0;2;full_horizon_lead_time_percentile_n_plus_one;;2;1;1;1,8;1;0,0
31042914001;1,0;1;full_horizon_lead_time_percentile_n_plus_one;;1;1;1;1,8;1;0,0
31118023001;2,0;2;full_horizon_lead_time_percentile_n_plus_one;;4;13;13;12,6;12;0,5999999999999996
31175002001;1,0;1;full_horizon_lead_time_percentile_n_plus_one;;0;1;1;1,8;1;0,0
31214010001;1,3000000000000007;2;full_horizon_lead_time_percentile_n_plus_one;;1;16;16;15,3;15;0,3000000000000007
31225014001;1,8000000000000007;2;full_horizon_lead_time_percentile_n_plus_one;;3;11;11;10,8;10;0,8000000000000007
31226017001;3,0;3;full_horizon_lead_time_percentile_n_plus_one;;1;1;1;1,8;1;0,0
31227009001;0,9000000000000021;1;full_horizon_lead_time_percentile_n_plus_one;;1;20;20;18,900000000000002;18;0,9000000000000021
31235015001;1,8000000000000007;2;full_horizon_lead_time_percentile_n_plus_one;;6;21;21;19,8;19;0,8000000000000007
31235016001;8,0;8;full_horizon_lead_time_percentile_n_plus_one;;17;20;20;18,900000000000002;18;0,9000000000000021
31236026001;2,8000000000000007;3;full_horizon_lead_time_percentile_n_plus_one;;8;21;21;19,8;19;0,8000000000000007
31236027001;5,0;5;full_horizon_lead_time_percentile_n_plus_one;;17;15;15;14,4;14;0,40000000000000036
31240002001;5,0;5;full_horizon_lead_time_percentile_n_plus_one;;2;7;7;7,2;7;0,0
31244001001;4,5;5;full_horizon_lead_time_percentile_n_plus_one;;8;14;14;13,5;13;0,5
31244002001;6,0;6;full_horizon_lead_time_percentile_n_plus_one;;9;17;17;16,2;16;0,1999999999999993
31250003001;1,0;1;full_horizon_lead_time_percentile_n_plus_one;;0;2;2;2,7;2;0,0
31251002001;1,0;1;full_horizon_lead_time_percentile_n_plus_one;;1;1;1;1,8;1;0,0
31253001001;1,9000000000000021;2;full_horizon_lead_time_percentile_n_plus_one;;6;20;20;18,900000000000002;18;0,9000000000000021
31253002001;3,1999999999999993;4;full_horizon_lead_time_percentile_n_plus_one;;3;13;13;12,6;12;0,5999999999999996
31253004001;3,0;3;full_horizon_lead_time_percentile_n_plus_one;;3;4;4;4,5;4;0,0
31254009001;3,0;3;full_horizon_lead_time_percentile_n_plus_one;;6;11;11;10,8;10;0,8000000000000007
31254899001;5,0;5;full_horizon_lead_time_percentile_n_plus_one;;2;9;9;9,0;9;0,0
31255010001;2,0;2;full_horizon_lead_time_percentile_n_plus_one;;3;19;19;18,0;18;0,0
31258003001;1,9000000000000004;2;full_horizon_lead_time_percentile_n_plus_one;;2;10;10;9,9;9;0,9000000000000004
31258006001;2,0;2;full_horizon_lead_time_percentile_n_plus_one;;2;7;7;7,2;7;0,0
31260001001;1,0;1;full_horizon_lead_time_percentile_n_plus_one;;1;1;1;1,8;1;0,0
31268003001;2,0;2;full_horizon_lead_time_percentile_n_plus_one;;2;2;2;2,7;2;0,0
31270006001;2,0;2;full_horizon_lead_time_percentile_n_plus_one;;1;1;1;1,8;1;0,0
31271003001;2,0;2;full_horizon_lead_time_percentile_n_plus_one;;1;1;1;1,8;1;0,0
31273002001;5,0;5;full_horizon_lead_time_percentile_n_plus_one;;1;1;1;1,8;1;0,0
31403064001;1,0;1;full_horizon_lead_time_percentile_n_plus_one;;2;19;19;18,0;18;0,0
31420003001;3,0;3;full_horizon_lead_time_percentile_n_plus_one;;3;2;2;2,7;2;0,0
31421003001;2,6000000000000085;3;full_horizon_lead_time_percentile_n_plus_one;;4;18;18;17,1;17;0,10000000000000142
31421011001;6,0;6;full_horizon_lead_time_percentile_n_plus_one;;9;13;13;12,6;12;0,5999999999999996
31421034001;3,0;3;full_horizon_lead_time_percentile_n_plus_one;;4;11;11;10,8;10;0,8000000000000007
31421035001;2,0;2;full_horizon_lead_time_percentile_n_plus_one;;6;21;21;19,8;19;0,8000000000000007
31421038001;2,0;2;full_horizon_lead_time_percentile_n_plus_one;;6;20;20;18,900000000000002;18;0,9000000000000021
31421039001;3,9999999999999964;4;full_horizon_lead_time_percentile_n_plus_one;;3;17;17;16,2;16;0,1999999999999993
31421040001;1,8000000000000007;2;full_horizon_lead_time_percentile_n_plus_one;;2;15;15;14,4;14;0,40000000000000036
31421041001;1,9999999999999964;2;full_horizon_lead_time_percentile_n_plus_one;;2;17;17;16,2;16;0,1999999999999993
31421049001;1,0;1;full_horizon_lead_time_percentile_n_plus_one;;2;6;6;6,3;6;0,0
31422002001;2,1000000000000014;3;full_horizon_lead_time_percentile_n_plus_one;;3;18;18;17,1;17;0,10000000000000142
31422011001;3,8000000000000007;4;full_horizon_lead_time_percentile_n_plus_one;;11;21;21;19,8;19;0,8000000000000007
31422013001;1,0;1;full_horizon_lead_time_percentile_n_plus_one;;4;16;16;15,3;15;0,3000000000000007
31422014001;2,0;2;full_horizon_lead_time_percentile_n_plus_one;;6;15;15;14,4;14;0,40000000000000036
31422019001;1,0;1;full_horizon_lead_time_percentile_n_plus_one;;1;11;11;10,8;10;0,8000000000000007
31422898001;6,400000000000006;7;full_horizon_lead_time_percentile_n_plus_one;;7;18;18;17,1;17;0,10000000000000142
31423001001;3,8000000000000007;4;full_horizon_lead_time_percentile_n_plus_one;;10;21;21;19,8;19;0,8000000000000007
31423013001;2,0;2;full_horizon_lead_time_percentile_n_plus_one;;3;4;4;4,5;4;0,0
31423019001;9,0;9;full_horizon_lead_time_percentile_n_plus_one;;10;19;19;18,0;18;0,0
31423896001;2,6000000000000014;3;full_horizon_lead_time_percentile_n_plus_one;;5;11;11;10,8;10;0,8000000000000007
31423897001;1,0;1;full_horizon_lead_time_percentile_n_plus_one;;3;20;20;18,900000000000002;18;0,9000000000000021
31423902001;6,0;6;full_horizon_lead_time_percentile_n_plus_one;;2;2;2;2,7;2;0,0
31424001001;3,0;3;full_horizon_lead_time_percentile_n_plus_one;;14;21;21;19,8;19;0,8000000000000007
31424002001;8,399999999999999;9;full_horizon_lead_time_percentile_n_plus_one;;27;17;17;16,2;16;0,1999999999999993
31455002001;2,0;2;full_horizon_lead_time_percentile_n_plus_one;;5;12;12;11,700000000000001;11;0,7000000000000011
31455003001;4,0;4;full_horizon_lead_time_percentile_n_plus_one;;16;20;20;18,900000000000002;18;0,9000000000000021
31455016001;5,0;5;full_horizon_lead_time_percentile_n_plus_one;;3;3;3;3,6;3;0,0
31466156001;11,600000000000001;12;full_horizon_lead_time_percentile_n_plus_one;;29;21;21;19,8;19;0,8000000000000007
31473013001;14,0;14;full_horizon_lead_time_percentile_n_plus_one;;52;21;21;19,8;19;0,8000000000000007
31500006001;19,6;20;full_horizon_lead_time_percentile_n_plus_one;;55;21;21;19,8;19;0,8000000000000007
31500008001;1,700000000000001;2;full_horizon_lead_time_percentile_n_plus_one;;1;12;12;11,700000000000001;11;0,7000000000000011
31500014001;12,0;12;full_horizon_lead_time_percentile_n_plus_one;;18;19;19;18,0;18;0,0
31500015001;12,400000000000006;13;full_horizon_lead_time_percentile_n_plus_one;;26;16;16;15,3;15;0,3000000000000007
31500022004;4,0;4;full_horizon_lead_time_percentile_n_plus_one;;15;20;20;18,900000000000002;18;0,9000000000000021
31500025002;3,8000000000000007;4;full_horizon_lead_time_percentile_n_plus_one;;22;21;21;19,8;19;0,8000000000000007
31500030001;4,999999999999998;5;full_horizon_lead_time_percentile_n_plus_one;;14;13;13;12,6;12;0,5999999999999996
31500032001;1,0;1;full_horizon_lead_time_percentile_n_plus_one;;2;20;20;18,900000000000002;18;0,9000000000000021
31501003001;16,800000000000004;17;full_horizon_lead_time_percentile_n_plus_one;;28;21;21;19,8;19;0,8000000000000007
31501007001;6,0;6;full_horizon_lead_time_percentile_n_plus_one;;8;19;19;18,0;18;0,0
31501010001;19,6;20;full_horizon_lead_time_percentile_n_plus_one;;58;21;21;19,8;19;0,8000000000000007
31501013001;2,4000000000000057;3;full_horizon_lead_time_percentile_n_plus_one;;2;18;18;17,1;17;0,10000000000000142
31501021001;14,0;14;full_horizon_lead_time_percentile_n_plus_one;;80;21;21;19,8;19;0,8000000000000007
31501901003;10,200000000000003;11;full_horizon_lead_time_percentile_n_plus_one;;14;11;11;10,8;10;0,8000000000000007
31501903003;6,0;6;full_horizon_lead_time_percentile_n_plus_one;;14;19;19;18,0;18;0,0
31501904001;4,9;5;full_horizon_lead_time_percentile_n_plus_one;;7;10;10;9,9;9;0,9000000000000004
31501907002;4,0;4;full_horizon_lead_time_percentile_n_plus_one;;2;15;15;14,4;14;0,40000000000000036
31502003001;2,8000000000000007;3;full_horizon_lead_time_percentile_n_plus_one;;11;21;21;19,8;19;0,8000000000000007
31502006001;16,900000000000002;17;full_horizon_lead_time_percentile_n_plus_one;;44;20;20;18,900000000000002;18;0,9000000000000021
31502010001;2,200000000000003;3;full_horizon_lead_time_percentile_n_plus_one;;5;18;18;17,1;17;0,10000000000000142
31502012001;6,100000000000001;7;full_horizon_lead_time_percentile_n_plus_one;;5;18;18;17,1;17;0,10000000000000142
31502025001;15,800000000000004;16;full_horizon_lead_time_percentile_n_plus_one;;61;20;20;18,900000000000002;18;0,9000000000000021
31502032004;3,0;3;full_horizon_lead_time_percentile_n_plus_one;;7;20;20;18,900000000000002;18;0,9000000000000021
31502034001;4,900000000000002;5;full_horizon_lead_time_percentile_n_plus_one;;16;20;20;18,900000000000002;18;0,9000000000000021
31502037001;4,700000000000001;5;full_horizon_lead_time_percentile_n_plus_one;;8;12;12;11,700000000000001;11;0,7000000000000011
31502041001;1,0;1;full_horizon_lead_time_percentile_n_plus_one;;2;4;4;4,5;4;0,0
31503003001;5,5;6;full_horizon_lead_time_percentile_n_plus_one;;8;14;14;13,5;13;0,5
31504009001;7,399999999999999;8;full_horizon_lead_time_percentile_n_plus_one;;8;17;17;16,2;16;0,1999999999999993
31504015001;4,400000000000002;5;full_horizon_lead_time_percentile_n_plus_one;;4;11;11;10,8;10;0,8000000000000007
31530003001;8,0;8;full_horizon_lead_time_percentile_n_plus_one;;0;4;4;4,5;4;0,0
31530005001;6,0;6;full_horizon_lead_time_percentile_n_plus_one;;1;2;2;2,7;2;0,0
31530008001;1,0;1;full_horizon_lead_time_percentile_n_plus_one;;2;6;6;6,3;6;0,0
31530011001;3,700000000000001;4;full_horizon_lead_time_percentile_n_plus_one;;7;12;12;11,700000000000001;11;0,7000000000000011
31530027001;3,700000000000001;4;full_horizon_lead_time_percentile_n_plus_one;;6;12;12;11,700000000000001;11;0,7000000000000011
31530043001;1,4000000000000004;2;full_horizon_lead_time_percentile_n_plus_one;;2;15;15;14,4;14;0,40000000000000036
31530107001;5,200000000000003;6;full_horizon_lead_time_percentile_n_plus_one;;10;21;21;19,8;19;0,8000000000000007
31530108001;4,100000000000003;5;full_horizon_lead_time_percentile_n_plus_one;;2;12;12;11,700000000000001;11;0,7000000000000011
31531002001;11,100000000000016;12;full_horizon_lead_time_percentile_n_plus_one;;36;18;18;17,1;17;0,10000000000000142
31531021001;5,0;5;full_horizon_lead_time_percentile_n_plus_one;;5;14;14;13,5;13;0,5
31531022001;3,400000000000002;4;full_horizon_lead_time_percentile_n_plus_one;;7;12;12;11,700000000000001;11;0,7000000000000011
31531042001;8,0;8;full_horizon_lead_time_percentile_n_plus_one;;9;14;14;13,5;13;0,5
31531047001;1,0;1;full_horizon_lead_time_percentile_n_plus_one;;5;12;12;11,700000000000001;11;0,7000000000000011
31531056001;3,6000000000000014;4;full_horizon_lead_time_percentile_n_plus_one;;8;15;15;14,4;14;0,40000000000000036
31532003001;1,9000000000000021;2;full_horizon_lead_time_percentile_n_plus_one;;4;20;20;18,900000000000002;18;0,9000000000000021
31532060001;3,400000000000002;4;full_horizon_lead_time_percentile_n_plus_one;;5;12;12;11,700000000000001;11;0,7000000000000011
31532098001;6,200000000000003;7;full_horizon_lead_time_percentile_n_plus_one;;11;18;18;17,1;17;0,10000000000000142
31532099001;4,0;4;full_horizon_lead_time_percentile_n_plus_one;;13;20;20;18,900000000000002;18;0,9000000000000021
31532100001;7,400000000000002;8;full_horizon_lead_time_percentile_n_plus_one;;12;21;21;19,8;19;0,8000000000000007
31533003001;1,0;1;full_horizon_lead_time_percentile_n_plus_one;;4;18;18;17,1;17;0,10000000000000142
31533005001;10,0;10;full_horizon_lead_time_percentile_n_plus_one;;29;20;20;18,900000000000002;18;0,9000000000000021
31533008001;15,600000000000001;16;full_horizon_lead_time_percentile_n_plus_one;;67;21;21;19,8;19;0,8000000000000007
31533034001;1,0;1;full_horizon_lead_time_percentile_n_plus_one;;0;1;1;1,8;1;0,0
31533084001;2,0;2;full_horizon_lead_time_percentile_n_plus_one;;1;1;1;1,8;1;0,0
31533085001;3,700000000000001;4;full_horizon_lead_time_percentile_n_plus_one;;3;10;10;9,9;9;0,9000000000000004
31533096001;1,8000000000000007;2;full_horizon_lead_time_percentile_n_plus_one;;3;21;21;19,8;19;0,8000000000000007
31533097001;4,0;4;full_horizon_lead_time_percentile_n_plus_one;;5;8;8;8,1;8;0,0
31533309001;4,200000000000001;5;full_horizon_lead_time_percentile_n_plus_one;;8;15;15;14,4;14;0,40000000000000036
31543032001;1,0;1;full_horizon_lead_time_percentile_n_plus_one;;1;17;17;16,2;16;0,1999999999999993
31545011001;1,0;1;full_horizon_lead_time_percentile_n_plus_one;;5;20;20;18,900000000000002;18;0,9000000000000021
31546020001;4,800000000000001;5;full_horizon_lead_time_percentile_n_plus_one;;8;11;11;10,8;10;0,8000000000000007
31552006001;1,0;1;full_horizon_lead_time_percentile_n_plus_one;;2;19;19;18,0;18;0,0
31553006001;1,8000000000000007;2;full_horizon_lead_time_percentile_n_plus_one;;8;21;21;19,8;19;0,8000000000000007
31556012001;1,1999999999999993;2;full_horizon_lead_time_percentile_n_plus_one;;1;17;17;16,2;16;0,1999999999999993
31563039001;4,0;4;full_horizon_lead_time_percentile_n_plus_one;;1;1;1;1,8;1;0,0
31564005001;2,0;2;full_horizon_lead_time_percentile_n_plus_one;;5;17;17;16,2;16;0,1999999999999993
31564007001;7,400000000000002;8;full_horizon_lead_time_percentile_n_plus_one;;5;11;11;10,8;10;0,8000000000000007
31567004001;6,0;6;full_horizon_lead_time_percentile_n_plus_one;;4;10;10;9,9;9;0,9000000000000004
31567010001;2,0;2;full_horizon_lead_time_percentile_n_plus_one;;4;11;11;10,8;10;0,8000000000000007
31567018001;22,800000000000004;23;full_horizon_lead_time_percentile_n_plus_one;;30;21;21;19,8;19;0,8000000000000007
31567025001;11,800000000000004;12;full_horizon_lead_time_percentile_n_plus_one;;20;20;20;18,900000000000002;18;0,9000000000000021
31567030001;3,0;3;full_horizon_lead_time_percentile_n_plus_one;;4;19;19;18,0;18;0,0
31567031001;18,000000000000004;19;full_horizon_lead_time_percentile_n_plus_one;;33;21;21;19,8;19;0,8000000000000007
31567037001;1,8000000000000007;2;full_horizon_lead_time_percentile_n_plus_one;;4;11;11;10,8;10;0,8000000000000007
31567051001;1,0;1;full_horizon_lead_time_percentile_n_plus_one;;1;1;1;1,8;1;0,0
31567052001;3,0;3;full_horizon_lead_time_percentile_n_plus_one;;27;20;20;18,900000000000002;18;0,9000000000000021
31567056001;1,0;1;full_horizon_lead_time_percentile_n_plus_one;;2;7;7;7,2;7;0,0
31568007001;4,0;4;full_horizon_lead_time_percentile_n_plus_one;;3;9;9;9,0;9;0,0
31568011001;2,3000000000000007;3;full_horizon_lead_time_percentile_n_plus_one;;7;16;16;15,3;15;0,3000000000000007
31568012001;2,900000000000002;3;full_horizon_lead_time_percentile_n_plus_one;;8;16;16;15,3;15;0,3000000000000007
31568016001;2,900000000000002;3;full_horizon_lead_time_percentile_n_plus_one;;14;20;20;18,900000000000002;18;0,9000000000000021
31568019001;3,0;3;full_horizon_lead_time_percentile_n_plus_one;;22;20;20;18,900000000000002;18;0,9000000000000021
31568028001;2,0;2;full_horizon_lead_time_percentile_n_plus_one;;15;20;20;18,900000000000002;18;0,9000000000000021
31568043001;1,0;1;full_horizon_lead_time_percentile_n_plus_one;;3;5;5;5,4;5;0,0
31580049002;2,0;2;full_horizon_lead_time_percentile_n_plus_one;;1;1;1;1,8;1;0,0
31602059001;2,0;2;full_horizon_lead_time_percentile_n_plus_one;;1;19;19;18,0;18;0,0
31607015001;1,0;1;full_horizon_lead_time_percentile_n_plus_one;;4;19;19;18,0;18;0,0
31611044001;1,0;1;full_horizon_lead_time_percentile_n_plus_one;;3;18;18;17,1;17;0,10000000000000142
31611047001;3,8000000000000043;4;full_horizon_lead_time_percentile_n_plus_one;;6;20;20;18,900000000000002;18;0,9000000000000021
31623006001;2,0;2;full_horizon_lead_time_percentile_n_plus_one;;7;11;11;10,8;10;0,8000000000000007
31623026001;4,0;4;full_horizon_lead_time_percentile_n_plus_one;;7;17;17;16,2;16;0,1999999999999993
31623898001;5,9;6;full_horizon_lead_time_percentile_n_plus_one;;8;10;10;9,9;9;0,9000000000000004
31623904001;2,200000000000003;3;full_horizon_lead_time_percentile_n_plus_one;;5;18;18;17,1;17;0,10000000000000142
31628003001;1,5;2;full_horizon_lead_time_percentile_n_plus_one;;2;14;14;13,5;13;0,5
31644022001;2,0;2;full_horizon_lead_time_percentile_n_plus_one;;3;5;5;5,4;5;0,0
31707014001;2,0;2;full_horizon_lead_time_percentile_n_plus_one;;6;11;11;10,8;10;0,8000000000000007
31707041001;1,0;1;full_horizon_lead_time_percentile_n_plus_one;;1;18;18;17,1;17;0,10000000000000142
31707055001;1,0;1;full_horizon_lead_time_percentile_n_plus_one;;3;14;14;13,5;13;0,5
31707075001;5,0;5;full_horizon_lead_time_percentile_n_plus_one;;4;5;5;5,4;5;0,0
31707076001;1,0;1;full_horizon_lead_time_percentile_n_plus_one;;4;19;19;18,0;18;0,0
31707086001;4,0;4;full_horizon_lead_time_percentile_n_plus_one;;2;2;2;2,7;2;0,0
31707941001;4,0;4;full_horizon_lead_time_percentile_n_plus_one;;0;1;1;1,8;1;0,0
31709944001;2,6000000000000014;3;full_horizon_lead_time_percentile_n_plus_one;;2;16;16;15,3;15;0,3000000000000007
31709974001;6,0;6;full_horizon_lead_time_percentile_n_plus_one;;16;18;18;17,1;17;0,10000000000000142
31753028001;2,0;2;full_horizon_lead_time_percentile_n_plus_one;;0;1;1;1,8;1;0,0
31761004001;1,0;1;full_horizon_lead_time_percentile_n_plus_one;;0;3;3;3,6;3;0,0
31762003001;3,0;3;full_horizon_lead_time_percentile_n_plus_one;;2;1;1;1,8;1;0,0
31762007001;2,3000000000000043;3;full_horizon_lead_time_percentile_n_plus_one;;5;18;18;17,1;17;0,10000000000000142
31762009001;1,9000000000000021;2;full_horizon_lead_time_percentile_n_plus_one;;6;20;20;18,900000000000002;18;0,9000000000000021
31762901001;1,4000000000000004;2;full_horizon_lead_time_percentile_n_plus_one;;2;15;15;14,4;14;0,40000000000000036
31821064001;2,0;2;full_horizon_lead_time_percentile_n_plus_one;;2;2;2;2,7;2;0,0
31821065001;1,1999999999999993;2;full_horizon_lead_time_percentile_n_plus_one;;5;17;17;16,2;16;0,1999999999999993
31822063001;6,20000000000001;7;full_horizon_lead_time_percentile_n_plus_one;;4;16;16;15,3;15;0,3000000000000007
31822064001;3,0;3;full_horizon_lead_time_percentile_n_plus_one;;12;19;19;18,0;18;0,0
31827020001;4,0;4;full_horizon_lead_time_percentile_n_plus_one;;3;9;9;9,0;9;0,0
31827023001;4,0;4;full_horizon_lead_time_percentile_n_plus_one;;21;20;20;18,900000000000002;18;0,9000000000000021
31912024001;1,9000000000000021;2;full_horizon_lead_time_percentile_n_plus_one;;6;20;20;18,900000000000002;18;0,9000000000000021
31912036001;2,0;2;full_horizon_lead_time_percentile_n_plus_one;;6;19;19;18,0;18;0,0
31914003001;3,3999999999999986;4;full_horizon_lead_time_percentile_n_plus_one;;10;17;17;16,2;16;0,1999999999999993
32400180001;2,6000000000000014;3;full_horizon_lead_time_percentile_n_plus_one;;7;21;21;19,8;19;0,8000000000000007
32410009001;6,0;6;full_horizon_lead_time_percentile_n_plus_one;;7;19;19;18,0;18;0,0
32410016001;1,0;1;full_horizon_lead_time_percentile_n_plus_one;;3;19;19;18,0;18;0,0
32410019001;6,0;6;full_horizon_lead_time_percentile_n_plus_one;;1;7;7;7,2;7;0,0
32410022001;3,3999999999999986;4;full_horizon_lead_time_percentile_n_plus_one;;1;13;13;12,6;12;0,5999999999999996
32410035001;6,0;6;full_horizon_lead_time_percentile_n_plus_one;;5;19;19;18,0;18;0,0
32410102001;6,0;6;full_horizon_lead_time_percentile_n_plus_one;;3;18;18;17,1;17;0,10000000000000142
32420004001;2,0;2;full_horizon_lead_time_percentile_n_plus_one;;1;1;1;1,8;1;0,0
32420014001;1,0;1;full_horizon_lead_time_percentile_n_plus_one;;2;19;19;18,0;18;0,0
32420015001;1,0;1;full_horizon_lead_time_percentile_n_plus_one;;1;1;1;1,8;1;0,0
32421010001;1,0;1;full_horizon_lead_time_percentile_n_plus_one;;1;1;1;1,8;1;0,0
32421016001;1,0;1;full_horizon_lead_time_percentile_n_plus_one;;1;1;1;1,8;1;0,0
32424001001;3,0;3;full_horizon_lead_time_percentile_n_plus_one;;2;4;4;4,5;4;0,0
32431010001;6,0;6;full_horizon_lead_time_percentile_n_plus_one;;3;7;7;7,2;7;0,0
32431020001;2,0;2;full_horizon_lead_time_percentile_n_plus_one;;1;1;1;1,8;1;0,0
32431035001;7,0;7;full_horizon_lead_time_percentile_n_plus_one;;7;14;14;13,5;13;0,5
32431067001;1,0;1;full_horizon_lead_time_percentile_n_plus_one;;0;1;1;1,8;1;0,0
32470025001;2,0;2;full_horizon_lead_time_percentile_n_plus_one;;0;1;1;1,8;1;0,0
32470079001;1,0;1;full_horizon_lead_time_percentile_n_plus_one;;1;1;1;1,8;1;0,0
32470093001;1,3999999999999986;2;full_horizon_lead_time_percentile_n_plus_one;;4;17;17;16,2;16;0,1999999999999993
32500008001;15,0;15;full_horizon_lead_time_percentile_n_plus_one;;4;10;10;9,9;9;0,9000000000000004
32501007001;4,0;4;full_horizon_lead_time_percentile_n_plus_one;;3;8;8;8,1;8;0,0
32501008001;5,0;5;full_horizon_lead_time_percentile_n_plus_one;;2;10;10;9,9;9;0,9000000000000004
32501100001;11,900000000000002;12;full_horizon_lead_time_percentile_n_plus_one;;13;20;20;18,900000000000002;18;0,9000000000000021
32502011001;91,2000000000001;92;full_horizon_lead_time_percentile_n_plus_one;;1;12;12;11,700000000000001;11;0,7000000000000011
32503007003;1,0;1;full_horizon_lead_time_percentile_n_plus_one;;1;1;1;1,8;1;0,0
32503008003;1,0;1;full_horizon_lead_time_percentile_n_plus_one;;1;1;1;1,8;1;0,0
32503035001;1,0;1;full_horizon_lead_time_percentile_n_plus_one;;1;1;1;1,8;1;0,0
32503040003;1,0;1;full_horizon_lead_time_percentile_n_plus_one;;0;1;1;1,8;1;0,0
32504024001;2,0;2;full_horizon_lead_time_percentile_n_plus_one;;1;19;19;18,0;18;0,0
32504025002;6,0;6;full_horizon_lead_time_percentile_n_plus_one;;3;17;17;16,2;16;0,1999999999999993
32504043005;6,300000000000004;7;full_horizon_lead_time_percentile_n_plus_one;;4;18;18;17,1;17;0,10000000000000142
32510002001;6,0;6;full_horizon_lead_time_percentile_n_plus_one;;1;1;1;1,8;1;0,0
32511012001;7,400000000000006;8;full_horizon_lead_time_percentile_n_plus_one;;5;11;11;10,8;10;0,8000000000000007
32511021001;1,0;1;full_horizon_lead_time_percentile_n_plus_one;;1;1;1;1,8;1;0,0
32514005001;1,0;1;full_horizon_lead_time_percentile_n_plus_one;;1;1;1;1,8;1;0,0
32517006001;11,500000000000004;12;full_horizon_lead_time_percentile_n_plus_one;;3;16;16;15,3;15;0,3000000000000007
32517009001;5,0;5;full_horizon_lead_time_percentile_n_plus_one;;1;1;1;1,8;1;0,0
32523001001;1,0;1;full_horizon_lead_time_percentile_n_plus_one;;1;8;8;8,1;8;0,0
32524032001;1,0;1;full_horizon_lead_time_percentile_n_plus_one;;1;1;1;1,8;1;0,0
32600042001;3,0;3;full_horizon_lead_time_percentile_n_plus_one;;2;1;1;1,8;1;0,0
33550920001;1,3000000000000007;2;full_horizon_lead_time_percentile_n_plus_one;;3;16;16;15,3;15;0,3000000000000007
33550938001;5,0;5;full_horizon_lead_time_percentile_n_plus_one;;23;14;14;13,5;13;0,5
33551004001;2,0;2;full_horizon_lead_time_percentile_n_plus_one;;9;20;20;18,900000000000002;18;0,9000000000000021
33551902001;27,0;27;full_horizon_lead_time_percentile_n_plus_one;;14;19;19;18,0;18;0,0
33551908001;3,900000000000002;4;full_horizon_lead_time_percentile_n_plus_one;;18;20;20;18,900000000000002;18;0,9000000000000021
34123005001;2,0;2;full_horizon_lead_time_percentile_n_plus_one;;0;1;1;1,8;1;0,0
34511006001;2,0;2;full_horizon_lead_time_percentile_n_plus_one;;0;1;1;1,8;1;0,0
35131010001;1,0;1;full_horizon_lead_time_percentile_n_plus_one;;2;2;2;2,7;2;0,0
35301005001;9,900000000000002;10;full_horizon_lead_time_percentile_n_plus_one;;11;20;20;18,900000000000002;18;0,9000000000000021
35301020001;4,0;4;full_horizon_lead_time_percentile_n_plus_one;;1;1;1;1,8;1;0,0
35302003001;12,0;12;full_horizon_lead_time_percentile_n_plus_one;;2;9;9;9,0;9;0,0
35302015001;6,0;6;full_horizon_lead_time_percentile_n_plus_one;;2;7;7;7,2;7;0,0
35302040001;8,0;8;full_horizon_lead_time_percentile_n_plus_one;;3;8;8;8,1;8;0,0
35307005001;6,0;6;full_horizon_lead_time_percentile_n_plus_one;;1;1;1;1,8;1;0,0
35307925001;5,0;5;full_horizon_lead_time_percentile_n_plus_one;;2;3;3;3,6;3;0,0
35311004001;1,0;1;full_horizon_lead_time_percentile_n_plus_one;;2;18;18;17,1;17;0,10000000000000142
35750013001;21,70000000000001;22;full_horizon_lead_time_percentile_n_plus_one;;4;10;10;9,9;9;0,9000000000000004
35751018001;8,600000000000009;9;full_horizon_lead_time_percentile_n_plus_one;;3;12;12;11,700000000000001;11;0,7000000000000011
35751019001;11,399999999999999;12;full_horizon_lead_time_percentile_n_plus_one;;15;17;17;16,2;16;0,1999999999999993
35751021001;4,0;4;full_horizon_lead_time_percentile_n_plus_one;;3;4;4;4,5;4;0,0
35752005001;2,0;2;full_horizon_lead_time_percentile_n_plus_one;;1;1;1;1,8;1;0,0
41100017001;1,0;1;full_horizon_lead_time_percentile_n_plus_one;;3;4;4;4,5;4;0,0
41212906001;1,0;1;full_horizon_lead_time_percentile_n_plus_one;;1;1;1;1,8;1;0,0
41212916001;3,0;3;full_horizon_lead_time_percentile_n_plus_one;;0;3;3;3,6;3;0,0
41220010001;1,0;1;full_horizon_lead_time_percentile_n_plus_one;;0;1;1;1,8;1;0,0
41223020001;2,0;2;full_horizon_lead_time_percentile_n_plus_one;;3;5;5;5,4;5;0,0
41232043001;1,0;1;full_horizon_lead_time_percentile_n_plus_one;;0;1;1;1,8;1;0,0
41232047001;1,0;1;full_horizon_lead_time_percentile_n_plus_one;;2;9;9;9,0;9;0,0
41232052001;1,0;1;full_horizon_lead_time_percentile_n_plus_one;;1;1;1;1,8;1;0,0
41234002001;2,0;2;full_horizon_lead_time_percentile_n_plus_one;;4;9;9;9,0;9;0,0
41234006001;1,0;1;full_horizon_lead_time_percentile_n_plus_one;;2;8;8;8,1;8;0,0
41244001001;1,0;1;full_horizon_lead_time_percentile_n_plus_one;;1;1;1;1,8;1;0,0
41300016001;6,100000000000003;7;full_horizon_lead_time_percentile_n_plus_one;;16;12;12;11,700000000000001;11;0,7000000000000011
41301002001;1,0;1;full_horizon_lead_time_percentile_n_plus_one;;1;1;1;1,8;1;0,0
41302008001;1,0;1;full_horizon_lead_time_percentile_n_plus_one;;2;6;6;6,3;6;0,0
41302901001;1,0;1;full_horizon_lead_time_percentile_n_plus_one;;1;1;1;1,8;1;0,0
41303049001;1,0;1;full_horizon_lead_time_percentile_n_plus_one;;2;4;4;4,5;4;0,0
41303054001;1,0;1;full_horizon_lead_time_percentile_n_plus_one;;0;1;1;1,8;1;0,0
41310001001;1,0;1;full_horizon_lead_time_percentile_n_plus_one;;2;18;18;17,1;17;0,10000000000000142
41313936001;1,0;1;full_horizon_lead_time_percentile_n_plus_one;;3;13;13;12,6;12;0,5999999999999996
41332022001;2,0;2;full_horizon_lead_time_percentile_n_plus_one;;4;3;3;3,6;3;0,0
41333047001;1,0;1;full_horizon_lead_time_percentile_n_plus_one;;1;1;1;1,8;1;0,0
41401011001;1,0;1;full_horizon_lead_time_percentile_n_plus_one;;1;1;1;1,8;1;0,0
41401022001;1,0;1;full_horizon_lead_time_percentile_n_plus_one;;1;1;1;1,8;1;0,0
41401031001;1,0;1;full_horizon_lead_time_percentile_n_plus_one;;3;15;15;14,4;14;0,40000000000000036
41401040001;1,0;1;full_horizon_lead_time_percentile_n_plus_one;;1;11;11;10,8;10;0,8000000000000007
41401071001;1,4000000000000004;2;full_horizon_lead_time_percentile_n_plus_one;;5;15;15;14,4;14;0,40000000000000036
41414006001;1,0;1;full_horizon_lead_time_percentile_n_plus_one;;4;13;13;12,6;12;0,5999999999999996
41417001001;1,0;1;full_horizon_lead_time_percentile_n_plus_one;;0;1;1;1,8;1;0,0
41417013001;2,0;2;full_horizon_lead_time_percentile_n_plus_one;;1;6;6;6,3;6;0,0
41420006001;1,0;1;full_horizon_lead_time_percentile_n_plus_one;;1;1;1;1,8;1;0,0
41521020001;2,0;2;full_horizon_lead_time_percentile_n_plus_one;;8;19;19;18,0;18;0,0
41522089001;2,8000000000000007;3;full_horizon_lead_time_percentile_n_plus_one;;3;11;11;10,8;10;0,8000000000000007
41601014001;1,0;1;full_horizon_lead_time_percentile_n_plus_one;;1;1;1;1,8;1;0,0
41601020001;1,0;1;full_horizon_lead_time_percentile_n_plus_one;;0;1;1;1,8;1;0,0
42014003001;1,0;1;full_horizon_lead_time_percentile_n_plus_one;;2;19;19;18,0;18;0,0
42015012001;1,0;1;full_horizon_lead_time_percentile_n_plus_one;;1;16;16;15,3;15;0,3000000000000007
42613064002;2,0;2;full_horizon_lead_time_percentile_n_plus_one;;3;3;3;3,6;3;0,0
60011899001;9,00000000000001;10;full_horizon_lead_time_percentile_n_plus_one;;8;12;12;11,700000000000001;11;0,7000000000000011
60014001010;1,1999999999999993;2;full_horizon_lead_time_percentile_n_plus_one;;4;17;17;16,2;16;0,1999999999999993
61062008001;4,0;4;full_horizon_lead_time_percentile_n_plus_one;;1;6;6;6,3;6;0,0
61063005002;5,0;5;full_horizon_lead_time_percentile_n_plus_one;;1;1;1;1,8;1;0,0
61064012003;4,700000000000001;5;full_horizon_lead_time_percentile_n_plus_one;;3;10;10;9,9;9;0,9000000000000004
61064105002;6,0;6;full_horizon_lead_time_percentile_n_plus_one;;2;5;5;5,4;5;0,0
61064195002;1,0;1;full_horizon_lead_time_percentile_n_plus_one;;1;1;1;1,8;1;0,0
61080007004;4,0;4;full_horizon_lead_time_percentile_n_plus_one;;1;19;19;18,0;18;0,0
61080010003;1,0;1;full_horizon_lead_time_percentile_n_plus_one;;2;9;9;9,0;9;0,0
65011150001;1,0;1;full_horizon_lead_time_percentile_n_plus_one;;1;1;1;1,8;1;0,0
65090016001;1,0;1;full_horizon_lead_time_percentile_n_plus_one;;1;1;1;1,8;1;0,0
65106030001;6,0;6;full_horizon_lead_time_percentile_n_plus_one;;28;19;19;18,0;18;0,0
65106036001;1,0;1;full_horizon_lead_time_percentile_n_plus_one;;3;6;6;6,3;6;0,0
65106084001;2,8000000000000043;3;full_horizon_lead_time_percentile_n_plus_one;;5;20;20;18,900000000000002;18;0,9000000000000021
