title;category;price;brand;specification;query;original_price;original_price_checked;capacity;shelf_life;order;Discount;Promo;item_code;item_code_resolution_status;master_candidate_count;order_supported_master_candidates;capacity_unit;pieces_per_package;package_unit;price_per_piece;original_price_per_piece;estimation_discount;capacity_category;shelf_life_unit;discount_numeric;promo_numeric;carton_length_cm;carton_width_cm;carton_height_cm;carton_weight;units_per_carton
立頓茗閒情100％台灣茶-蜜香紅茶50.4g;米油沖泡;149,0;立頓;規格：50.4g克x1x1Bag包;立頓茗閒情100台灣茶-蜜香紅茶50.4g;179,0;1;50,4;24,0;6692;16.76%;1;14300003001;unique_master_match;1;1;g;1;bag;149,0;179,0;16,75977653631285;weight;month;16,76;1,0;37,0;29,0;26,0;1,7;12,0
立頓黃牌精選紅茶 2g X100;米油沖泡;145,0;立頓;規格：2g克x100x1BOX盒;立頓紅茶包;155,0;1;2,0;24,0;6693;6.45%;0;14300008001;unique_master_match;1;1;g;100;box;1,45;1,55;6,451612903225811;weight;month;6,45;0,0;52,0;44,0;26,0;10,78;36,0
TWININGS唐寧 英倫早餐茶 2g x 25入;米油沖泡;238,0;唐寧;規格：2g克x25x1Box盒;唐寧英倫早餐茶;0,0;1;2,0;36,0;6694;0.00%;0;14300016001;unique_master_match;1;1;g;25;box;9,52;0,0;0,0;weight;month;0,0;0,0;37,0;30,0;8,0;1,162;12,0
TWININGS唐寧 英倫早餐茶 2g x 25入;米油沖泡;238,0;唐寧;規格：2g克x25x1Box盒;唐寧歐式大吉嶺茶;0,0;1;2,0;36,0;6695;0.00%;1;14300019001;unique_master_match;1;1;g;25;box;9,52;0,0;0,0;weight;month;0,0;1,0;38,0;30,0;8,0;1,152;12,0
天仁阿薩姆紅茶防潮包;米油沖泡;159,0;天仁;規格：2g克x100x1BOX盒;天仁阿薩姆紅茶防潮包;169,0;1;2,0;24,0;6697;5.92%;0;14300025001;unique_master_match;1;1;g;100;box;1,59;1,69;5,9171597633136015;weight;month;5,92;0,0;43,0;42,0;34,0;6,63;16,0
唐寧茶皇家伯爵茶【Mia C'bon 限定】;米油沖泡;275,0;唐寧;規格：2g克x25x1Box盒;唐寧皇家伯爵低咖啡因茶;0,0;1;2,0;37,0;6698;0.00%;1;14300029001;unique_master_match;1;1;g;25;box;11,0;0,0;0,0;weight;month;0,0;1,0;42,0;17,0;17,0;1,36;12,0
台灣茶人日月潭紅玉紅茶40g;米油沖泡;169,0;台灣茶人;規格：40g克x1x1Can罐;台灣農林原片紅玉紅茶;239,0;1;40,0;36,0;6700;29.29%;0;14300046001;unique_master_match;1;1;g;1;can;169,0;239,0;29,288702928870293;weight;month;29,29;0,0;62,0;27,0;18,0;2,0;12,0
帝瑪錫蘭紅茶-2gx50;米油沖泡;155,0;帝瑪;規格：2g克x50x1Box盒;帝瑪錫蘭紅茶;0,0;1;2,0;36,0;6701;0.00%;1;14300057001;unique_master_match;1;1;g;50;box;3,1;0,0;0,0;weight;month;0,0;1,0;44,0;34,0;14,0;3,64;24,0
天仁咖啡香紅茶-古早味紅茶-45g*6;米油沖泡;79,0;天仁;規格：45g克x6x1Pack包;天仁咖啡香紅茶-古早味紅茶;89,0;1;45,0;24,0;6702;11.24%;1;14300070001;unique_master_match;1;1;g;6;pack;13,166666666666666;14,833333333333334;11,235955056179783;weight;month;11,24;1,0;44,0;31,0;33,0;7,62;24,0
T世家精選錫蘭紅茶包-2g*100;米油沖泡;97,0;;規格：2g克x100x1Box盒;T世家精選錫蘭紅茶包;109,0;1;2,0;36,0;6703;11.01%;1;14300096001;unique_master_match;1;1;g;100;box;0,97;1,09;11,009174311926614;weight;month;11,01;1,0;52,0;33,0;25,0;7,34;24,0
天仁高山烏龍茶2gx100Bag袋;米油沖泡;159,0;天仁;規格：2g克x100x1Box盒;天仁高山烏龍茶;189,0;1;2,0;24,0;6705;15.87%;1;14301013001;unique_master_match;1;1;g;100;box;1,59;1,89;15,873015873015865;weight;month;15,87;1,0;43,0;43,0;34,0;8,0;16,0
天仁台灣茗品金萱烏龍茶;米油沖泡;439,0;天仁;規格：450g克x1x1Can罐;天仁台灣茗品金萱烏龍茶;499,0;1;450,0;24,0;6706;12.02%;1;14301018001;unique_master_match;1;1;g;1;can;439,0;499,0;12,024048096192384;weight;month;12,02;1,0;47,0;36,0;28,0;7,9;12,0
天仁原片高山烏龍茶;米油沖泡;143,0;天仁;規格：3g克x40x1Box盒;天仁原片高山烏龍茶;159,0;1;3,0;24,0;6708;10.06%;1;14301023001;unique_master_match;1;1;g;40;box;3,575;3,975;10,062893081761004;weight;month;10,06;1,0;52,0;37,0;36,0;5,2;18,0
天仁茗賞-茶王;米油沖泡;999,0;天仁;規格：600g克x1x1Can罐;天仁茗賞-茶王;1049,0;1;600,0;24,0;6710;4.77%;1;14301030001;unique_master_match;1;1;g;1;can;999,0;1049,0;4,7664442326024785;weight;month;4,77;1,0;51,0;40,0;29,0;10,15;12,0
天仁茗賞-茶王;米油沖泡;999,0;天仁;規格：600g克x1x1Can罐;天仁茗賞-高山烏龍茶;1049,0;1;600,0;24,0;6711;4.77%;1;14301031001;unique_master_match;1;1;g;1;can;999,0;1049,0;4,7664442326024785;weight;month;4,77;1,0;51,0;40,0;29,0;10,09;12,0
立頓茗閒情100%台灣茶-凍頂烏龍茶-100.8g(2.8gx36);米油沖泡;149,0;立頓;規格：100.8g克x1x1Bag包;立頓茗閒情100％台灣茶-凍頂烏龍茶100.8g;175,0;1;100,8;24,0;6712;14.86%;1;14301108001;unique_master_match;1;1;g;1;bag;149,0;175,0;14,857142857142858;weight;month;14,86;1,0;37,0;29,0;26,0;1,8;12,0
立頓茗閒情100％台灣茶-高山烏龍茶-61.6g(2.8gx22);米油沖泡;149,0;立頓;規格：61.6g克x1x1Bag包;立頓茗閒情100％台灣茶-高山烏龍茶61.6g;175,0;1;61,6;18,0;6713;14.86%;1;14301109001;unique_master_match;1;1;g;1;bag;149,0;175,0;14,857142857142858;weight;month;14,86;1,0;29,0;23,0;26,0;1,2;12,0
立頓茗閒情100％台灣茶-東方美人茶-50.4g(2.8gx18);米油沖泡;149,0;立頓;規格：50.4g克x1x1Bag包;立頓茗閒情100％台灣茶-東方美人茶50.4g;175,0;1;50,4;24,0;6714;14.86%;1;14301110001;unique_master_match;1;1;g;1;bag;149,0;175,0;14,857142857142858;weight;month;14,86;1,0;29,0;23,0;26,0;1,2;12,0
天仁綠茶;米油沖泡;159,0;天仁;規格：2g克x100x1Pack包;天仁綠茶;189,0;1;2,0;24,0;6717;15.87%;0;14302005001;unique_master_match;1;1;g;100;pack;1,59;1,89;15,873015873015865;weight;month;15,87;0,0;43,0;43,0;34,0;7,41;16,0
天仁特選綠茶粉(日本靜岡)180g;米油沖泡;200,0;天仁;規格：180g克x1x1Bag包;天仁綠茶粉;0,0;1;180,0;18,0;6718;0.00%;1;14302006001;unique_master_match;1;1;g;1;bag;200,0;0,0;0,0;weight;month;0,0;1,0;50,0;33,0;28,0;9,16;36,0
天仁原片鮮綠茶;米油沖泡;143,0;天仁;規格：2.8g克x40x1Box盒;天仁原片鮮綠茶;159,0;1;2,8;24,0;6719;10.06%;1;14302017001;unique_master_match;1;1;g;40;box;3,575;3,975;10,062893081761004;weight;month;10,06;1,0;52,0;38,0;36,0;5,0;18,0
天仁茉香綠茶;米油沖泡;159,0;天仁;規格：2g克x100x1Box盒;天仁茉香綠茶;189,0;1;2,0;24,0;6721;15.87%;1;14302018001;ambiguous_master_match_resolved_with_order_history;2;2;g;100;box;1,59;1,89;15,873015873015865;weight;month;15,87;1,0;46,0;35,0;35,0;12,0;18,0
T世家精選茉香綠茶包;米油沖泡;97,0;T世家;規格：2g克x100x1Box盒;家福茉莉綠茶袋茶;109,0;1;2,0;36,0;6723;11.01%;1;14302060001;unique_master_match;1;1;g;100;box;0,97;1,09;11,009174311926614;weight;month;11,01;1,0;41,0;41,0;22,0;4,6;10,0
T世家精選茉香綠茶包;米油沖泡;97,0;T世家;規格：2g克x100x1Box盒;T世家精選茉香綠茶包;109,0;1;2,0;36,0;6724;11.01%;1;14302072001;unique_master_match;1;1;g;100;box;0,97;1,09;11,009174311926614;weight;month;11,01;1,0;52,0;33,0;25,0;7,39;24,0
立頓茗閒情100％台灣茶-活綠茶-90g(2.5gx36);米油沖泡;149,0;立頓;規格：90g克x1x1Bag包;立頓茗閒情100％台灣茶-活綠茶90g;175,0;1;90,0;24,0;6725;14.86%;1;14302079001;unique_master_match;1;1;g;1;bag;149,0;175,0;14,857142857142858;weight;month;14,86;1,0;37,0;29,0;26,0;1,7;12,0
立頓茗閒情100％台灣茶-玄米綠茶-57.6g(1.6gx36);米油沖泡;149,0;立頓;規格：57.6g克x1x1Bag包;立頓茗閒情100％台灣茶-玄米綠茶57.6g;175,0;1;57,6;24,0;6726;14.86%;1;14302080001;unique_master_match;1;1;g;1;bag;149,0;175,0;14,857142857142858;weight;month;14,86;1,0;37,0;29,0;26,0;1,2;12,0
西雅圖約克夏奶茶-25g*12;米油沖泡;85,0;;規格：25g克x12x1Box盒;西雅圖約克夏奶茶;149,0;1;25,0;24,0;6731;42.95%;1;14303015001;unique_master_match;1;1;g;12;box;7,083333333333333;12,416666666666666;42,95302013422819;weight;month;42,95;1,0;62,0;40,0;40,0;19,202;24,0
摩卡厚實茶道抹茶拿鐵-25gx15;米油沖泡;168,0;摩卡;規格：25g克x15x1Bag袋;摩卡厚實茶道抹茶拿鐵;198,0;1;25,0;24,0;6732;15.15%;1;14303021001;unique_master_match;1;1;g;15;bag;11,2;13,2;15,151515151515152;weight;month;15,15;1,0;55,0;34,0;17,0;5,77;12,0
薌園黑糖老薑茶;米油沖泡;98,0;;規格：10g克x18x1Bag袋;薌園黑糖老薑茶;116,0;1;10,0;24,0;6733;15.52%;1;14303022001;unique_master_match;1;1;g;18;bag;5,444444444444445;6,444444444444445;15,517241379310345;weight;month;15,52;1,0;39,0;25,0;33,0;3,87;12,0
3點1刻日月潭奶茶;米油沖泡;149,0;;規格：20g克x15x1Bag袋;3點1刻日月潭奶茶;189,0;1;20,0;24,0;6734;21.16%;1;14303024001;unique_master_match;1;1;g;15;bag;9,933333333333334;12,6;21,16402116402116;weight;month;21,16;1,0;53,0;30,0;27,0;5,2;12,0
3點1刻沖繩黑糖奶茶;米油沖泡;149,0;;規格：20g克x15x1Bag袋;3點1刻沖繩黑糖奶茶;189,0;1;20,0;24,0;6735;21.16%;1;14303026001;unique_master_match;1;1;g;15;bag;9,933333333333334;12,6;21,16402116402116;weight;month;21,16;1,0;53,0;30,0;27,0;5,2;12,0
立頓絕品醇焙香烏龍奶茶19g x15;米油沖泡;149,0;立頓;規格：19g克x15x1Bag袋;立頓絕品醇焙香烏龍奶茶;165,0;1;19,0;18,0;6737;9.70%;0;14303033001;unique_master_match;1;1;g;15;bag;9,933333333333334;11,0;9,696969696969694;weight;month;9,7;0,0;41,0;28,0;25,0;4,4;12,0
摩卡原味奶茶 18g x24;米油沖泡;109,0;摩卡;規格：18g克x24x1Bag袋;摩卡現在最好三合一奶茶隨身包;0,0;1;18,0;24,0;6738;0.00%;1;14303034001;unique_master_match;1;1;g;24;bag;4,541666666666667;0,0;0,0;weight;month;0,0;1,0;47,0;39,0;23,0;10,63;20,0
3點1刻經典炭燒奶茶;米油沖泡;149,0;;規格：20g克x15x1Bag袋;3點1刻經典炭燒奶茶;189,0;1;20,0;24,0;6740;21.16%;1;14303036001;unique_master_match;1;1;g;15;bag;9,933333333333334;12,6;21,16402116402116;weight;month;21,16;1,0;53,0;30,0;27,0;5,27;12,0
伯朗咖啡-經典醇香奶茶三合一 17g x30;米油沖泡;139,0;伯朗咖啡;規格：17g克x30x1Bag袋;伯朗奶茶3合1;172,0;1;17,0;24,0;6741;19.19%;1;14303037001;unique_master_match;1;1;g;30;bag;4,633333333333334;5,733333333333333;19,1860465116279;weight;month;19,19;1,0;33,0;25,0;22,0;3,42;6,0
立頓絕品醇翡翠茉香奶綠19g x15;米油沖泡;149,0;立頓;規格：19g克x15x1Bag袋;立頓絕品醇翡翠茉香奶綠;165,0;1;19,0;18,0;6742;9.70%;1;14303038001;unique_master_match;1;1;g;15;bag;9,933333333333334;11,0;9,696969696969694;weight;month;9,7;1,0;41,0;28,0;25,0;4,4;12,0
立頓絕品醇日式抹茶歐蕾19g x15;米油沖泡;149,0;立頓;規格：19g克x15x1Bag袋;立頓絕品醇日式抹茶歐蕾;165,0;1;19,0;18,0;6743;9.70%;1;14303039001;unique_master_match;1;1;g;15;bag;9,933333333333334;11,0;9,696969696969694;weight;month;9,7;1,0;41,0;28,0;25,0;4,4;12,0
立頓絕品醇英式皇家奶茶17.5g x15;米油沖泡;149,0;立頓;規格：17.5g克x15x1Bag袋;立頓絕品醇英式皇家奶茶;165,0;1;17,5;18,0;6744;9.70%;1;14303040001;unique_master_match;1;1;g;15;bag;9,933333333333334;11,0;9,696969696969694;weight;month;9,7;1,0;41,0;28,0;25,0;4,4;12,0
3點1刻經典原味奶茶-20gx15;米油沖泡;149,0;3點1刻;規格：20g克x15x1Bag袋;3點1刻經典原味奶茶;189,0;1;20,0;24,0;6745;21.16%;1;14303048001;unique_master_match;1;1;g;15;bag;9,933333333333334;12,6;21,16402116402116;weight;month;21,16;1,0;53,0;30,0;27,0;5,19;12,0
3點1刻經典玫瑰花果奶茶;米油沖泡;149,0;;規格：20g克x15x1Bag袋;3點1刻經典玫瑰花果奶茶;189,0;1;20,0;24,0;6746;21.16%;1;14303058001;unique_master_match;1;1;g;15;bag;9,933333333333334;12,6;21,16402116402116;weight;month;21,16;1,0;53,0;30,0;27,0;5,2;12,0
義美薑母茶;米油沖泡;124,0;義美;規格：15g克x12x1Bag袋;義美薑母茶;139,0;1;15,0;24,0;6748;10.79%;1;14303897001;unique_master_match;1;1;g;12;bag;10,333333333333334;11,583333333333334;10,79136690647482;weight;month;10,79;1,0;49,0;34,0;15,0;3,24;12,0
義美經典原味奶茶18g x18;米油沖泡;112,0;義美;規格：18g克x18x1Bag袋;義美經典原味奶茶;116,0;1;18,0;12,0;6749;3.45%;1;14303898001;unique_master_match;1;1;g;18;bag;6,222222222222222;6,444444444444445;3,448275862068967;weight;month;3,45;1,0;50,0;34,0;14,0;5,19;12,0
義美桂圓紅棗茶;米油沖泡;124,0;義美;規格：15g克x12x1Bag袋;義美桂圓紅棗茶;139,0;1;15,0;24,0;6750;10.79%;1;14303899001;unique_master_match;1;1;g;12;bag;10,333333333333334;11,583333333333334;10,79136690647482;weight;month;10,79;1,0;49,0;34,0;15,0;3,25;12,0
立頓減糖原味奶茶17g x20;米油沖泡;149,0;立頓;規格：17g克x20x1Bag袋;立頓奶茶粉-減糖原味;175,0;1;17,0;18,0;6753;14.86%;1;14303933001;unique_master_match;1;1;g;20;bag;7,45;8,75;14,857142857142854;weight;month;14,86;1,0;41,0;30,0;26,0;5,18;12,0
立頓香濃原味奶茶20g x20;米油沖泡;149,0;立頓;規格：20g克x20x1Bag袋;立頓即溶奶茶粉-香濃原味;175,0;1;20,0;18,0;6754;14.86%;1;14303934001;unique_master_match;1;1;g;20;bag;7,45;8,75;14,857142857142854;weight;month;14,86;1,0;40,0;30,0;25,0;5,96;12,0
天仁黃金麥茶25g X12;米油沖泡;74,0;天仁;規格：25g克x12x1Bag包;天仁麥茶(免濾包);90,0;1;25,0;24,0;6755;17.78%;1;14304001001;unique_master_match;1;1;g;12;bag;6,166666666666667;7,5;17,77777777777777;weight;month;17,78;1,0;44,0;32,0;33,0;7,81;24,0
天仁菊花普洱茶;米油沖泡;159,0;天仁;規格：2g克x100x1Box盒;天仁菊花普洱茶;189,0;1;2,0;24,0;6756;15.87%;1;14304003001;unique_master_match;1;1;g;100;box;1,59;1,89;15,873015873015865;weight;month;15,87;1,0;43,0;43,0;34,0;8,0;16,0
天仁原片黃金玄米茶;米油沖泡;143,0;天仁;規格：3g克x40x1Box盒;天仁原片黃金玄米茶;159,0;1;3,0;24,0;6757;10.06%;1;14304008001;unique_master_match;1;1;g;40;box;3,575;3,975;10,062893081761004;weight;month;10,06;1,0;53,0;38,0;36,0;5,2;18,0
家樂福康福茶;米油沖泡;149,0;家樂福;規格：1.5g克x32x1Box盒;家樂福康福茶;159,0;1;1,5;24,0;6758;6.29%;1;14304009001;unique_master_match;1;1;g;32;box;4,65625;4,96875;6,289308176100629;weight;month;6,29;1,0;27,0;35,0;26,0;1,57;12,0
家樂福洋甘菊茶;米油沖泡;149,0;家樂福;規格：1.5g克x32x1Box盒;家樂福洋甘菊茶;159,0;1;1,5;24,0;6759;6.29%;0;14304013001;unique_master_match;1;1;g;32;box;4,65625;4,96875;6,289308176100629;weight;month;6,29;0,0;35,0;27,0;26,0;1,61;12,0
德國恬康樂洋甘菊花茶;米油沖泡;195,0;TEEKANNE;規格：30g克x1x1Box盒;德國恬康樂洋甘菊花茶;0,0;1;30,0;36,0;6760;0.00%;1;14304014001;unique_master_match;1;1;g;1;box;195,0;0,0;0,0;weight;month;0,0;1,0;36,0;14,0;17,0;1,2;10,0
天仁茉莉花茶;米油沖泡;159,0;天仁;規格：2g克x100x1Bag袋;天仁茉莉花茶;189,0;1;2,0;24,0;6763;15.87%;1;14304028001;unique_master_match;1;1;g;100;bag;1,59;1,89;15,873015873015865;weight;month;15,87;1,0;43,0;43,0;34,0;7,28;16,0
立頓茗閒情100％台灣茶-茉莉花茶-100.8g(2.8gx36);米油沖泡;149,0;立頓;規格：100.8g克x1x1Bag包;立頓茗閒情100％台灣茶-茉莉花茶100.8g;175,0;1;100,8;18,0;6764;14.86%;0;14304047001;unique_master_match;1;1;g;1;bag;149,0;175,0;14,857142857142858;weight;month;14,86;0,0;37,0;29,0;26,0;1,8;12,0
曼寧-有機清檸康福茶;米油沖泡;199,0;曼寧;規格：2g克x20x1Pack包;曼寧-有機清檸康福茶;0,0;1;2,0;24,0;6765;0.00%;0;14304062001;unique_master_match;1;1;g;20;pack;9,95;0,0;0,0;weight;month;0,0;0,0;29,0;28,0;20,0;1,4;12,0
曼寧-有機蜜蘋舒緩茶;米油沖泡;199,0;曼寧;規格：2g克x20x1Pack包;曼寧-有機蜜蘋舒緩茶;0,0;1;2,0;24,0;6766;0.00%;0;14304064001;unique_master_match;1;1;g;20;pack;9,95;0,0;0,0;weight;month;0,0;0,0;28,0;28,0;20,0;1,4;12,0
濃純黑糖老薑母茶隨身包;米油沖泡;119,0;;規格：20g克x12x1Bag袋;濃純黑糖老薑母茶隨身包;0,0;1;20,0;22,0;6769;0.00%;1;14304084001;unique_master_match;1;1;g;12;bag;9,916666666666666;0,0;0,0;weight;month;0,0;1,0;34,0;29,0;18,0;4,12;12,0
韓味不二生黃金柚子茶(果醬);米油沖泡;330,0;;規格：1Kg公斤x1x1CAN罐;韓味不二生黃金柚子茶(果醬);390,0;1;1000,0;24,0;6772;15.38%;0;14304135001;unique_master_match;1;1;g;1;can;330,0;390,0;15,384615384615385;weight;month;15,38;0,0;42,0;32,0;18,0;18,5;12,0
曼寧-有機蜜桃國寶茶2g*20;米油沖泡;199,0;曼寧;規格：2g克x20x1BOX盒;曼寧-有機蜜桃國寶茶;0,0;1;2,0;24,0;6773;0.00%;1;14304157001;unique_master_match;1;1;g;20;box;9,95;0,0;0,0;weight;month;0,0;1,0;23,0;23,0;19,0;1,1;12,0
義美冰糖杏仁茶30g x13;米油沖泡;112,0;義美;規格：30g克x13x1Bag包;義美冰糖杏仁茶;125,0;1;30,0;24,0;6775;10.40%;0;14304194001;unique_master_match;1;1;g;13;bag;8,615384615384615;9,615384615384615;10,4;weight;month;10,4;0,0;43,0;29,0;23,0;5,94;12,0
GUANGLIN 韓國蜂蜜柚子茶 1Kg;米油沖泡;299,0;;規格：1Kg公斤x1x1CAN罐;韓國蜂蜜柚子茶 1Kg;399,0;1;1000,0;24,0;6777;25.06%;1;14304230001;unique_master_match;1;1;g;1;can;299,0;399,0;25,062656641604008;weight;month;25,06;1,0;43,0;34,0;18,0;18,552;12,0
立頓花草茶-美顏茶32.5g;米油沖泡;159,0;立頓;規格：32.5g克x1x1Bag包;立頓花草茶-美顏茶;179,0;1;32,5;18,0;6778;11.17%;1;14304301001;unique_master_match;1;1;g;1;bag;159,0;179,0;11,1731843575419;weight;month;11,17;1,0;24,0;17,0;18,0;0,4;6,0
立頓花草茶-靜寧茶27.3g;米油沖泡;159,0;立頓;規格：27.3g克x1x1Bag包;立頓花草茶-清衡茶;179,0;1;27,3;18,0;6779;11.17%;1;14304302001;unique_master_match;1;1;g;1;bag;159,0;179,0;11,1731843575419;weight;month;11,17;1,0;24,0;17,0;18,0;0,4;6,0
立頓花草茶-靜寧茶27.3g;米油沖泡;159,0;立頓;規格：27.3g克x1x1Bag包;立頓花草茶-靜寧茶;179,0;1;27,3;18,0;6780;11.17%;0;14304303001;unique_master_match;1;1;g;1;bag;159,0;179,0;11,1731843575419;weight;month;11,17;0,0;24,0;17,0;18,0;0,4;6,0
AGF Maxim濃郁即溶咖啡-金罐 80g;米油沖泡;189,0;AGF;規格：80g克x1x1Can罐;AGF Maxim濃郁即溶咖啡-金罐;0,0;1;80,0;37,0;6786;0.00%;1;14310015001;unique_master_match;1;1;g;1;can;189,0;0,0;0,0;weight;month;0,0;1,0;52,0;35,0;11,0;7,13;24,0
西雅圖 Legendary美式中烘焙綜合咖啡豆908g;米油沖泡;369,0;西雅圖;規格：908g克x1x1Bag袋;家福綜合咖啡豆;499,0;1;908,0;13,0;6787;26.05%;1;14310016001;unique_master_match;1;1;g;1;bag;369,0;499,0;26,052104208416832;weight;month;26,05;1,0;48,0;28,0;19,0;6,89;14,0
摩卡極致烘焙豆;米油沖泡;418,0;摩卡;規格：908g克x1x1Bag包;摩卡極致烘焙豆;468,0;1;908,0;12,0;6789;10.68%;0;14310020001;unique_master_match;1;1;g;1;bag;418,0;468,0;10,683760683760683;weight;month;10,68;0,0;58,0;35,0;18,0;10,1;10,0
AGF Maxim贅澤香醇即溶咖啡-藍罐金標 80g;米油沖泡;189,0;AGF;規格：80g克x1x1CAN罐;AGF Maxim贅澤香醇即溶咖啡-藍罐;0,0;1;80,0;37,0;6793;0.00%;1;14310028001;unique_master_match;1;1;g;1;can;189,0;0,0;0,0;weight;month;0,0;1,0;52,0;35,0;11,0;7,13;24,0
卡薩經典藍山特調咖啡豆-454g;米油沖泡;249,0;Casa卡薩;規格：454g克x1x1Bag袋;卡薩經典藍山特調咖啡豆;299,0;1;454,0;24,0;6809;16.72%;1;14310071001;unique_master_match;1;1;g;1;bag;249,0;299,0;16,722408026755854;weight;month;16,72;1,0;42,0;34,0;10,0;3,36;6,0
星巴克黃金烘焙咖啡豆200g;米油沖泡;265,0;星巴克;規格：200g克x1x1PACK包;星巴克黃金烘焙咖啡豆200g;369,0;1;200,0;12,0;6810;28.18%;0;14310096001;unique_master_match;1;1;g;1;pack;265,0;369,0;28,184281842818425;weight;month;28,18;0,0;39,0;11,0;20,0;2,0;6,0
貝納頌濾掛咖啡經典曼特寧風味;米油沖泡;238,0;貝納頌;規格：8g克x10x1BOX盒;貝納頌濾掛咖啡經典曼特寧風味;0,0;1;8,0;18,0;6811;0.00%;0;14310101001;unique_master_match;1;1;g;10;box;23,8;0,0;0,0;weight;month;0,0;0,0;48,0;29,0;23,0;2,57;12,0
卡薩No.6特調咖啡豆908g;米油沖泡;425,0;Casa卡薩;規格：908g克x1x1Bag包;卡薩No6特調咖啡豆;0,0;1;908,0;24,0;6813;0.00%;1;14310111001;unique_master_match;1;1;g;1;bag;425,0;0,0;0,0;weight;month;0,0;1,0;44,0;29,0;19,0;6,1;6,0
西雅圖波士頓中烘焙綜合咖啡豆 454g;米油沖泡;249,0;西雅圖;規格：454g克x1x1Bag包;西雅圖波士頓中烘焙綜合咖啡豆;439,0;1;454,0;12,0;6814;43.28%;1;14310127001;unique_master_match;1;1;g;1;bag;249,0;439,0;43,28018223234624;weight;month;43,28;1,0;42,0;31,0;23,0;6,1;12,0
西雅圖深烘焙綜合咖啡豆454g;米油沖泡;249,0;西雅圖;規格：454g克x1x1Bag袋;西雅圖深烘焙綜合咖啡豆454g;439,0;1;454,0;12,0;6815;43.28%;1;14310128001;unique_master_match;1;1;g;1;bag;249,0;439,0;43,28018223234624;weight;month;43,28;1,0;42,0;31,0;23,0;6,1;12,0
義大利LVZ濃縮咖啡豆;米油沖泡;1119,0;LAVAZZA;規格：1Kg公斤x1x1Bag袋;義大利LVZ濃縮咖啡豆;1199,0;1;1000,0;24,0;6816;6.67%;1;14310134001;unique_master_match;1;1;g;1;bag;1119,0;1199,0;6,672226855713094;weight;month;6,67;1,0;31,0;26,0;29,0;6,5;6,0
義大利illy咖啡豆(阿拉比卡咖啡豆中烘焙);米油沖泡;355,0;illy;規格：250g克x1x1CAN罐;義大利illy咖啡豆(阿拉比卡咖啡豆中烘培);359,0;1;250,0;24,0;6817;1.11%;1;14310139001;unique_master_match;1;1;g;1;can;355,0;359,0;1,1142061281337048;weight;month;1,11;1,0;42,0;34,0;15,0;5,07;12,0
星巴克派克市場烘焙咖啡豆200g;米油沖泡;265,0;星巴克;規格：200g克x1x1Bag包;星巴克派克市場烘焙咖啡豆200g;369,0;1;200,0;12,0;6824;28.18%;0;14310209001;unique_master_match;1;1;g;1;bag;265,0;369,0;28,184281842818425;weight;month;28,18;0,0;39,0;11,0;20,0;2,0;6,0
伯朗特濃湖鹽咖啡三合一(30gx10);米油沖泡;129,0;伯朗;規格：30g克x10x1BOX盒;伯朗特濃湖鹽咖啡三合一;0,0;1;30,0;24,0;6826;0.00%;0;14311002001;unique_master_match;1;1;g;10;box;12,9;0,0;0,0;weight;month;0,0;0,0;40,0;11,0;16,0;3,166;8,0
UCC職人法式深焙濾掛式咖啡 8g x12;米油沖泡;195,0;UCC;規格：8g克x12x1BOX盒;UCC法式深焙濾掛式咖啡;0,0;1;8,0;12,0;6828;0.00%;0;14311004001;unique_master_match;1;1;g;12;box;16,25;0,0;0,0;weight;month;0,0;0,0;42,0;32,0;29,0;4,73;12,0
UCC職人炭燒濾掛式咖啡 8g x12;米油沖泡;195,0;UCC;規格：8g克x12x1BoX盒;UCC炭燒濾掛式咖啡;0,0;1;8,0;12,0;6829;0.00%;0;14311005001;unique_master_match;1;1;g;12;box;16,25;0,0;0,0;weight;month;0,0;0,0;42,0;32,0;29,0;4,69;12,0
雀巢金牌咖啡重焙拿鐵三合一 20g X25;米油沖泡;398,0;雀巢;規格：20g克x25x1BOX盒;雀巢金牌咖啡重焙拿鐵三合一;0,0;1;20,0;15,0;6833;0.00%;0;14311020001;unique_master_match;1;1;g;25;box;15,92;0,0;0,0;weight;month;0,0;0,0;49,0;29,0;38,0;10,27;12,0
雀巢金牌咖啡重焙拿鐵二合一 18g X25;米油沖泡;398,0;雀巢;規格：18g克x25x1BOX盒;雀巢金牌咖啡重焙拿鐵二合一;0,0;1;18,0;15,0;6834;0.00%;1;14311022001;unique_master_match;1;1;g;25;box;15,92;0,0;0,0;weight;month;0,0;1,0;49,0;29,0;38,0;9,45;12,0
西雅圖榛果風味白咖啡二合一 21g X52;米油沖泡;399,0;西雅圖;規格：21g克x52x1BOX盒;西雅圖榛果風味白咖啡二合一 21g X52;539,0;1;21,0;24,0;6835;25.97%;1;14311025001;unique_master_match;1;1;g;52;box;7,673076923076923;10,365384615384615;25,974025974025967;weight;month;25,97;1,0;60,0;42,0;30,0;12,6;8,0
雀巢咖啡三合一濃醇原味42入;米油沖泡;163,0;雀巢;規格：15g克x42x1Bag袋;雀巢咖啡三合一濃醇原味100;172,0;1;15,0;24,0;6836;5.23%;1;14311027001;unique_master_match;1;1;g;42;bag;3,880952380952381;4,095238095238095;5,232558139534876;weight;month;5,23;1,0;58,0;31,0;33,0;14,76;8,0
伯朗大濾掛咖啡-義式中深焙;米油沖泡;159,0;伯朗;規格：15g克x10x1Box盒;伯朗大濾掛咖啡-義式中深焙;200,0;1;15,0;24,0;6838;20.50%;0;14311031001;unique_master_match;1;1;g;10;box;15,9;20,0;20,5;weight;month;20,5;0,0;47,0;36,0;17,0;3,31;12,0
伯朗咖啡-重焙曼特寧風味三合一 16g x30;米油沖泡;139,0;伯朗;規格：16g克x30x1Bag袋;伯朗曼特寧咖啡3合1;172,0;1;16,0;24,0;6843;19.19%;1;14311036001;unique_master_match;1;1;g;30;bag;4,633333333333334;5,733333333333333;19,1860465116279;weight;month;19,19;1,0;33,0;24,0;22,0;3,42;6,0
伯朗咖啡-重焙曼特寧風味三合一 16g x30;米油沖泡;139,0;伯朗;規格：16g克x30x1Bag袋;伯朗咖啡曼特寧風味3合1;172,0;1;16,0;24,0;6845;19.19%;1;14311040001;unique_master_match;1;1;g;30;bag;4,633333333333334;5,733333333333333;19,1860465116279;weight;month;19,19;1,0;33,0;25,0;29,0;5,27;6,0
伯朗咖啡-藍山極萃風味三合一 15g x30;米油沖泡;139,0;伯朗咖啡;規格：15g克x30x1Bag袋;伯朗咖啡藍山風味3合1;172,0;1;15,0;24,0;6846;19.19%;1;14311041001;unique_master_match;1;1;g;30;bag;4,633333333333334;5,733333333333333;19,1860465116279;weight;month;19,19;1,0;34,0;25,0;29,0;5,2;6,0
西雅圖黃金淺焙無加糖二合一拿鐵-19gx50;米油沖泡;349,0;西雅圖;規格：19g克x50x1Box盒;西雅圖黃金淺焙無加糖二合一;469,0;1;19,0;24,0;6847;25.59%;0;14311043001;unique_master_match;1;1;g;50;box;6,98;9,38;25,5863539445629;weight;month;25,59;0,0;27,0;18,0;12,0;1,25;1,0
西雅圖即品拿鐵三合一 21g x15;米油沖泡;209,0;西雅圖;規格：21g克x15x1Box盒;西雅圖即品拿鐵;0,0;1;21,0;24,0;6848;0.00%;1;14311044001;unique_master_match;1;1;g;15;box;13,933333333333334;0,0;0,0;weight;month;0,0;1,0;63,0;29,0;28,0;10,57;24,0
伯朗大濾掛咖啡-精選深烘焙;米油沖泡;159,0;伯朗;規格：15g克x10x1Box盒;伯朗大濾掛咖啡-精選深烘焙;200,0;1;15,0;24,0;6850;20.50%;0;14311046001;unique_master_match;1;1;g;10;box;15,9;20,0;20,5;weight;month;20,5;0,0;47,0;36,0;17,0;3,31;12,0
舊街場三合一減糖份白咖啡35gx15;米油沖泡;199,0;舊街場;規格：35g克x15x1Pack包;舊街場 三合一 減糖白咖啡;0,0;1;35,0;18,0;6852;0.00%;1;14311054001;unique_master_match;1;1;g;15;pack;13,266666666666667;0,0;0,0;weight;month;0,0;1,0;43,0;40,0;28,0;12,56;20,0
西雅圖黃金淺焙無加糖二合一拿鐵-19gx50;米油沖泡;349,0;西雅圖;規格：19g克x50x1Box盒;西雅圖極品黃金淺焙拿鐵;469,0;1;19,0;24,0;6853;25.59%;0;14311058001;unique_master_match;1;1;g;50;box;6,98;9,38;25,5863539445629;weight;month;25,59;0,0;27,0;18,0;13,0;1,31;1,0
貝納頌三合一咖啡-經典拿鐵 20g x25;米油沖泡;398,0;貝納頌;規格：20g克x25x1Box盒;貝納頌三合一咖啡-經典拿鐵;0,0;1;20,0;24,0;6854;0.00%;0;14311059001;unique_master_match;1;1;g;25;box;15,92;0,0;0,0;weight;month;0,0;0,0;53,0;39,0;32,0;10,88;12,0
舊街場 二合一即溶白咖啡奶精 25g x15包;米油沖泡;199,0;舊街場;規格：25g克x15x1Bag袋;舊街場二合一白咖啡;0,0;1;25,0;19,0;6855;0.00%;0;14311065001;unique_master_match;1;1;g;15;bag;13,266666666666667;0,0;0,0;weight;month;0,0;0,0;44,0;40,0;25,0;10,898;20,0
舊街場3合1天然蔗糖白咖啡 36g x15;米油沖泡;199,0;舊街場;規格：36g克x15x1Bag袋;舊街場3合1天然蔗糖白咖啡;0,0;1;36,0;19,0;6857;0.00%;1;14311071001;unique_master_match;1;1;g;15;bag;13,266666666666667;0,0;0,0;weight;month;0,0;1,0;44,0;40,0;25,0;12,442;20,0
卡薩衣索比亞耶加雪菲濾掛式咖啡-8g*6;米油沖泡;69,0;Casa卡薩;規格：8g克x6x1Box盒;卡薩衣索比亞耶加雪菲濾掛式咖啡;119,0;1;8,0;18,0;6859;42.02%;1;14311076001;unique_master_match;1;1;g;6;box;11,5;19,833333333333332;42,01680672268907;weight;month;42,02;1,0;34,0;31,0;16,0;1,5;12,0
雀巢咖啡三合一香滑原味42入;米油沖泡;163,0;雀巢;規格：15g克x42x1Bag袋;雀巢咖啡三合一香滑原味42入;172,0;1;15,0;24,0;6860;5.23%;1;14311081001;unique_master_match;1;1;g;42;bag;3,880952380952381;4,095238095238095;5,232558139534876;weight;month;5,23;1,0;47,0;24,0;47,0;14,92;18,0
西雅圖極品大濾掛咖啡-咖優峰12g x30;米油沖泡;399,0;西雅圖;規格：12g克x30x1Box盒;西雅圖極品大濾掛咖啡-咖優峰;539,0;1;12,0;18,0;6862;25.97%;1;14311086001;unique_master_match;1;1;g;30;box;13,3;17,966666666666665;25,97402597402596;weight;month;25,97;1,0;21,0;17,0;14,0;0,63;1,0
西雅圖黃金淺焙綜合濾掛 8g x50;米油沖泡;475,0;西雅圖;規格：8g克x50x1Box盒;西雅圖極品濾掛咖啡黃金淺焙綜合;599,0;1;8,0;18,0;6864;20.70%;0;14311095001;unique_master_match;1;1;g;50;box;9,5;11,98;20,701168614357265;weight;month;20,7;0,0;22,0;20,0;13,0;0,8;1,0
貝納頌二合一咖啡(經典曼特寧風味)13g X25;米油沖泡;398,0;貝納頌;規格：13g克x25x1BOX盒;貝納頌二合一咖啡經典曼特寧;0,0;1;13,0;24,0;6866;0.00%;1;14311104001;unique_master_match;1;1;g;25;box;15,92;0,0;0,0;weight;month;0,0;1,0;36,0;26,0;16,0;2,6;12,0
西雅圖ESP大地原始拿鐵二合一 20g x50;米油沖泡;309,0;西雅圖;規格：20g克x50x1BoX盒;西雅圖大地原始拿鐵無加糖2合1咖啡;399,0;1;20,0;24,0;6867;22.56%;0;14311112001;unique_master_match;1;1;g;50;box;6,18;7,98;22,556390977443616;weight;month;22,56;0,0;27,0;19,0;13,0;1,3;1,0
西雅圖白鷹藍山綜合(掛耳咖啡)8gx10;米油沖泡;189,0;西雅圖;規格：8g克x10x1BOX盒;西雅圖白鷹藍山綜合(掛耳咖啡)8g X10;0,0;1;8,0;18,0;6869;0.00%;0;14311115001;unique_master_match;1;1;g;10;box;18,9;0,0;0,0;weight;month;0,0;0,0;52,0;32,0;24,0;4,66;24,0
西雅圖ESP蜂鳥曼巴綜合濾掛 8g x10;米油沖泡;189,0;西雅圖;規格：8g克x10x1BOX盒;西雅圖蜂鳥曼巴綜合(掛耳咖啡)8g X10;0,0;1;8,0;18,0;6870;0.00%;1;14311117001;unique_master_match;1;1;g;10;box;18,9;0,0;0,0;weight;month;0,0;1,0;52,0;32,0;24,0;4,66;24,0
雀巢咖啡三合一濃醇原味42入;米油沖泡;163,0;雀巢;規格：15g克x42x1Bag袋;雀巢咖啡三合一濃醇原味42入;172,0;1;15,0;24,0;6871;5.23%;0;14311118001;unique_master_match;1;1;g;42;bag;3,880952380952381;4,095238095238095;5,232558139534876;weight;month;5,23;0,0;57,0;28,0;40,0;14,89;18,0
舊街場 經典三合一白咖啡 38g x 15包;米油沖泡;199,0;舊街場;規格：35g克x15x1Bag袋;舊街場經典三合一白咖啡;0,0;1;35,0;18,0;6872;0.00%;0;14311119001;unique_master_match;1;1;g;15;bag;13,266666666666667;0,0;0,0;weight;month;0,0;0,0;43,0;40,0;28,0;0,64;20,0
貝納頌三合一咖啡-經典曼特寧 18g x25;米油沖泡;398,0;貝納頌;規格：18g克x25x1Box盒;貝納頌三合一咖啡-經典曼特寧;0,0;1;18,0;24,0;6873;0.00%;1;14311134001;unique_master_match;1;1;g;25;box;15,92;0,0;0,0;weight;month;0,0;1,0;53,0;39,0;32,0;10,88;12,0
西雅圖ESP大地原始拿鐵二合一 20g x50;米油沖泡;309,0;西雅圖;規格：20g克x50x1BoX盒;西雅圖大地原始拿鐵50 入;399,0;1;20,0;24,0;6874;22.56%;0;14311135001;unique_master_match;1;1;g;50;box;6,18;7,98;22,556390977443616;weight;month;22,56;0,0;30,0;19,0;14,0;1,3;1,0
西雅圖極品深焙二合一咖啡21gx15;米油沖泡;209,0;西雅圖;規格：21g克x15x1Box盒;西雅圖極品深焙二合一咖啡;0,0;1;21,0;24,0;6875;0.00%;0;14311158001;unique_master_match;1;1;g;15;box;13,933333333333334;0,0;0,0;weight;month;0,0;0,0;63,0;30,0;29,0;10,83;24,0
西雅圖極品深焙三合一咖啡23gx15;米油沖泡;209,0;西雅圖;規格：23g克x15x1Box盒;西雅圖極品深焙三合一咖啡;0,0;1;23,0;24,0;6876;0.00%;0;14311161001;unique_master_match;1;1;g;15;box;13,933333333333334;0,0;0,0;weight;month;0,0;0,0;63,0;30,0;29,0;11,21;24,0
伯朗咖啡-香濃焦糖瑪奇朵三合一 15.5g x30;米油沖泡;139,0;伯朗咖啡;規格：15.5g克x30x1Bag袋;伯朗三合一咖啡-焦糖瑪琪朵;172,0;1;15,5;24,0;6883;19.19%;1;14311220001;unique_master_match;1;1;g;30;bag;4,633333333333334;5,733333333333333;19,1860465116279;weight;month;19,19;1,0;33,0;25,0;23,0;3,51;6,0
摩卡醇濃二合一咖啡 11g x25;米油沖泡;109,0;摩卡;規格：11g克x25x1Bag袋;摩卡二合一白咖啡;0,0;1;11,0;24,0;6886;0.00%;1;14311234001;unique_master_match;1;1;g;25;bag;4,36;0,0;0,0;weight;month;0,0;1,0;46,0;39,0;14,0;5,5;12,0
摩卡三合一白咖啡;米油沖泡;158,0;摩卡;規格：36g克x15x1Pack包;摩卡三合一白咖啡;168,0;1;36,0;24,0;6887;5.95%;1;14311235001;unique_master_match;1;1;g;15;pack;10,533333333333333;11,2;5,952380952380947;weight;month;5,95;1,0;46,0;39,0;15,0;7,81;12,0
西雅圖榛果風味白咖啡三合一 25g X52;米油沖泡;399,0;西雅圖;規格：25g克x52x1BOX盒;西雅圖榛果風味白咖啡三合一 25g X52;539,0;1;25,0;24,0;6889;25.97%;0;14311256001;unique_master_match;1;1;g;52;box;7,673076923076923;10,365384615384615;25,974025974025967;weight;month;25,97;0,0;60,0;44,0;30,0;14,8;8,0
舊街場三合一特濃白咖啡 35g x15;米油沖泡;199,0;舊街場;規格：35g克x15x1Bag包;舊街場特濃白咖啡;0,0;1;35,0;18,0;6890;0.00%;1;14311258001;unique_master_match;1;1;g;15;bag;13,266666666666667;0,0;0,0;weight;month;0,0;1,0;43,0;40,0;26,0;12,2;20,0
摩卡哥倫比亞濾掛咖啡10g X15;米油沖泡;162,0;摩卡;規格：10g克x15x1BOX盒;摩卡哥倫比亞濾掛咖啡10g X15;198,0;1;10,0;18,0;6891;18.18%;1;14311261001;unique_master_match;1;1;g;15;box;10,8;13,2;18,181818181818173;weight;month;18,18;1,0;44,0;31,0;15,0;2,4;8,0
摩卡衣索比亞濾掛咖啡10g X15;米油沖泡;162,0;摩卡;規格：10g克x15x1BOX盒;摩卡衣索比亞濾掛咖啡10g X15;198,0;1;10,0;18,0;6892;18.18%;0;14311262001;unique_master_match;1;1;g;15;box;10,8;13,2;18,181818181818173;weight;month;18,18;0,0;44,0;31,0;15,0;2,4;8,0
貝納頌二合一咖啡(經典曼特寧風味)13g X25;米油沖泡;398,0;貝納頌;規格：13g克x25x1BOX盒;貝納頌二合一咖啡(經典曼特寧風味)13g X25;0,0;1;13,0;24,0;6893;0.00%;1;14311270001;unique_master_match;1;1;g;25;box;15,92;0,0;0,0;weight;month;0,0;1,0;53,0;39,0;32,0;7,35;12,0
伯朗咖啡-濃萃拿鐵三合一 17.5g x30;米油沖泡;139,0;伯朗咖啡;規格：17.5g克x30x1Bag袋;伯朗咖啡義式拿鐵30入;172,0;1;17,5;24,0;6894;19.19%;0;14311898001;unique_master_match;1;1;g;30;bag;4,633333333333334;5,733333333333333;19,1860465116279;weight;month;19,19;0,0;33,0;25,0;23,0;3,85;6,0
UCC 經典即溶隨身包綜合組 20g X3;米油沖泡;390,0;UCC;規格：20g克x3x1SET組;UCC 114 即溶咖啡;0,0;1;20,0;24,0;6895;0.00%;1;14312001001;unique_master_match;1;1;g;3;set;130,0;0,0;0,0;weight;month;0,0;1,0;34,0;23,0;18,0;6,56;12,0
UCC117即溶咖啡;米油沖泡;300,0;UCC;規格：135g克x1x1Bottle瓶;UCC 117 即溶咖啡;351,0;1;135,0;37,0;6896;14.53%;1;14312003001;unique_master_match;1;1;g;1;bottle;300,0;351,0;14,529914529914532;weight;month;14,53;1,0;34,0;23,0;18,0;6,566;12,0
有機囍瑞即溶咖啡;米油沖泡;269,0;囍瑞;規格：100g克x1x1Can罐;有機囍瑞即溶咖啡;339,0;1;100,0;30,0;6899;20.65%;1;14312008001;unique_master_match;1;1;g;1;can;269,0;339,0;20,64896755162242;weight;month;20,65;1,0;30,0;23,0;16,0;4,8;12,0
雀巢咖啡(醇品風味);米油沖泡;238,0;雀巢;規格：200g克x1x1Bottle瓶;雀巢咖啡(醇品風味);239,0;1;200,0;36,0;6900;0.42%;0;14312011001;unique_master_match;1;1;g;1;bottle;238,0;239,0;0,41841004184100417;weight;month;0,42;0,0;38,0;28,0;20,0;9,55;12,0
CAFEA-GROUP當代阿拉比卡咖啡 95g【Mia C'bon 限定】;米油沖泡;250,0;;規格：95g克x1x1CAN罐;當代阿拉比卡咖啡 95g;0,0;1;95,0;36,0;6901;0.00%;1;14312012001;unique_master_match;1;1;g;1;can;250,0;0,0;0,0;weight;month;0,0;1,0;27,0;20,0;17,0;3,9;12,0
雀巢美式鑑賞咖啡補充包;米油沖泡;256,0;雀巢;規格：170g克x1x1Pack包;雀巢美式鑑賞咖啡補充包;269,0;1;170,0;18,0;6904;4.83%;1;14312016001;unique_master_match;1;1;g;1;pack;256,0;269,0;4,83271375464684;weight;month;4,83;1,0;53,0;29,0;27,0;3,7;15,0
摩卡上選咖啡 155g;米油沖泡;228,0;摩卡;規格：155g克x1x1Box盒;摩卡上選咖啡170g;238,0;1;155,0;30,0;6906;4.20%;0;14312018001;unique_master_match;1;1;g;1;box;228,0;238,0;4,201680672268908;weight;month;4,2;0,0;35,0;25,0;18,0;7,84;12,0
G7三合一即溶咖啡50入(袋裝);米油沖泡;315,0;;規格：16g克x50x1Bag袋;G7三合一即溶咖啡50入(袋裝);0,0;1;16,0;24,0;6911;0.00%;1;14312032001;unique_master_match;1;1;g;50;bag;6,3;0,0;0,0;weight;month;0,0;1,0;39,0;25,0;34,0;9,75;10,0
雀巢金牌咖啡罐裝深焙風味120g;米油沖泡;269,0;雀巢;規格：120g克x1x1Can罐;雀巢金牌咖啡罐裝深焙風味120g;289,0;1;120,0;24,0;6913;6.92%;1;14312042001;unique_master_match;1;1;g;1;can;269,0;289,0;6,920415224913495;weight;month;6,92;1,0;47,0;31,0;15,0;10,35;24,0
超值傳統即溶咖啡粉;米油沖泡;219,0;家樂福自有品牌;規格：200g克x1x1BOTTLE瓶;家福超值傳統即溶咖啡粉;229,0;1;200,0;24,0;6914;4.37%;0;14312045001;unique_master_match;1;1;g;1;bottle;219,0;229,0;4,366812227074235;weight;month;4,37;0,0;23,0;20,0;19,0;3,51;6,0
雀巢金牌微研磨咖啡隨行包2gx50;米油沖泡;340,0;雀巢;規格：2g克x50x1BoX盒;雀巢金牌微研磨咖啡隨行包;0,0;1;2,0;14,0;6915;0.00%;1;14312055001;unique_master_match;1;1;g;50;box;6,8;0,0;0,0;weight;month;0,0;1,0;29,0;23,0;30,0;3,0;12,0
星巴克特選系列-焦糖風味拿鐵咖啡21.5x4;米油沖泡;110,0;星巴克;規格：23g克x4x1Box盒;星巴克特選系列-焦糖風味拿鐵咖啡;139,0;1;23,0;12,0;6917;20.86%;1;14312068001;unique_master_match;1;1;g;4;box;27,5;34,75;20,863309352517987;weight;month;20,86;1,0;35,0;15,0;17,0;1,33;10,0
雀巢咖啡醇品經典風味補充包;米油沖泡;189,0;雀巢;規格：200g克x1x1Bag包;雀巢咖啡醇品經典風味補充包;199,0;1;200,0;18,0;6918;5.03%;0;14312070001;unique_master_match;1;1;g;1;bag;189,0;199,0;5,025125628140704;weight;month;5,03;0,0;49,0;37,0;20,0;5,5;24,0
雀巢金牌微研磨咖啡(罐裝)120g;米油沖泡;289,0;雀巢;規格：120g克x1x1Can罐;雀巢金牌微研磨咖啡(罐裝)120g;0,0;1;120,0;24,0;6921;0.00%;0;14312999001;unique_master_match;1;1;g;1;can;289,0;0,0;0,0;weight;month;0,0;0,0;47,0;32,0;15,0;10,31;24,0
星巴克黃金烘焙咖啡(NP)5.3gx10;米油沖泡;240,0;星巴克;規格：53g克x1x1PC條;星巴克黃金烘焙義式濃縮咖啡膠囊;0,0;1;53,0;15,0;6923;0.00%;0;14313008001;unique_master_match;1;1;g;1;pc;240,0;0,0;0,0;weight;month;0,0;0,0;;;;;3,0
星巴克哥倫比亞義式濃縮咖啡膠囊5.5gx12;米油沖泡;290,0;星巴克;規格：66g克x1x1BOX盒;星巴克哥倫比亞義式濃縮咖啡膠囊;0,0;1;66,0;15,0;6924;0.00%;0;14313011001;unique_master_match;1;1;g;1;box;290,0;0,0;0,0;weight;month;0,0;0,0;;;;;3,0
星巴克家常美式咖啡膠囊8.5x12;米油沖泡;290,0;星巴克;規格：102g克x1x1BOX盒;星巴克家常美式咖啡膠囊;0,0;1;102,0;16,0;6927;0.00%;0;14313019001;unique_master_match;1;1;g;1;box;290,0;0,0;0,0;weight;month;0,0;0,0;;;;;3,0
星巴克太妃核果拿鐵咖啡膠囊;米油沖泡;320,0;星巴克;規格：127.8g克x1x1PC盒;星巴克那堤咖啡膠囊;0,0;1;127,8;12,0;6928;0.00%;0;14313021001;unique_master_match;1;1;g;1;pc;320,0;0,0;0,0;weight;month;0,0;0,0;;;;;3,0
星巴克閑庭美式咖啡膠囊8.5gx12;米油沖泡;290,0;星巴克;規格：102g克x1x1BoX盒;星巴克閑庭美式咖啡膠囊;0,0;1;102,0;15,0;6929;0.00%;0;14313023001;unique_master_match;1;1;g;1;box;290,0;0,0;0,0;weight;month;0,0;0,0;;;;;3,0
雀巢咖啡美式醇郁濃滑咖啡膠囊136g;米油沖泡;290,0;雀巢;規格：136g克x1x1BOX盒;雀巢咖啡美式醇郁濃滑咖啡膠囊;0,0;1;136,0;15,0;6930;0.00%;0;14313024001;unique_master_match;1;1;g;1;box;290,0;0,0;0,0;weight;month;0,0;0,0;;;;;3,0
雀巢Dolce Gusto 卡布奇諾咖啡膠囊;米油沖泡;280,0;雀巢;規格：186.4g克x1x1Box盒;Dolce Gusto 卡布奇諾咖啡;0,0;1;186,4;12,0;6933;0.00%;0;14313891001;unique_master_match;1;1;g;1;box;280,0;0,0;0,0;weight;month;0,0;0,0;;;;;3,0
雀巢多趣酷思兒童牛奶可可 256g;米油沖泡;290,0;雀巢;規格：256g克x1x1BOX盒;Dolce Gusto 巧克力牛奶;0,0;1;256,0;15,0;6934;0.00%;0;14313892001;unique_master_match;1;1;g;1;box;290,0;0,0;0,0;weight;month;0,0;0,0;;;;;3,0
雀巢咖啡焦糖瑪奇朵咖啡膠囊;米油沖泡;280,0;雀巢;規格：145.6g克x1x1Box盒;雀巢咖啡焦糖瑪奇朵咖啡膠囊;0,0;1;145,6;15,0;6937;0.00%;0;14313897001;unique_master_match;1;1;g;1;box;280,0;0,0;0,0;weight;month;0,0;0,0;;;;;3,0
雀巢咖啡拿鐵咖啡膠囊-183.2g;米油沖泡;280,0;雀巢;規格：183.2g克x1x1Box盒;雀巢咖啡義式濃縮咖啡膠囊;0,0;1;183,2;15,0;6938;0.00%;0;14313899001;unique_master_match;1;1;g;1;box;280,0;0,0;0,0;weight;month;0,0;0,0;;;;;3,0
雀巢咖啡美式濃黑咖啡膠囊;米油沖泡;290,0;雀巢;規格：104g克x1x1Box盒;雀巢咖啡美式濃黑咖啡膠囊;0,0;1;104,0;15,0;6939;0.00%;0;14313900001;unique_master_match;1;1;g;1;box;290,0;0,0;0,0;weight;month;0,0;0,0;;;;;3,0
雀巢咖啡拿鐵咖啡膠囊-183.2g;米油沖泡;280,0;雀巢;規格：183.2g克x1x1Box盒;雀巢咖啡拿鐵咖啡膠囊;0,0;1;183,2;15,0;6941;0.00%;1;14313906001;unique_master_match;1;1;g;1;box;280,0;0,0;0,0;weight;month;0,0;1,0;;;;;3,0
金牌冰萃濾袋咖啡-可可香韻深烘焙10g X8;米油沖泡;130,0;雀巢;規格：10g克x8x1Bag包;雀巢金牌冰萃濾袋咖啡;149,0;1;10,0;12,0;6948;12.75%;0;14315008001;unique_master_match;1;1;g;8;bag;16,25;18,625;12,751677852348994;weight;month;12,75;0,0;47,0;24,0;15,0;1,64;10,0
摩卡法式烘焙濾掛咖啡11gx20;米油沖泡;178,0;摩卡;規格：11g克x20x1Box盒;摩卡法式烘焙濾掛咖啡;0,0;1;11,0;18,0;6951;0.00%;0;14315016001;unique_master_match;1;1;g;20;box;8,9;0,0;0,0;weight;month;0,0;0,0;48,0;39,0;15,0;3,642;8,0
摩卡美式烘焙濾掛咖啡11gx20;米油沖泡;178,0;摩卡;規格：11g克x20x1Box盒;摩卡美式烘焙濾掛咖啡;0,0;1;11,0;18,0;6952;0.00%;0;14315017001;unique_master_match;1;1;g;20;box;8,9;0,0;0,0;weight;month;0,0;0,0;48,0;39,0;15,0;3,658;8,0
G7三合一即溶咖啡50入(袋裝);米油沖泡;315,0;;規格：16g克x50x1Bag袋;摩卡奶精袋裝包;0,0;1;16,0;24,0;6953;0.00%;1;14320006001;unique_master_match;1;1;g;50;bag;6,3;0,0;0,0;weight;month;0,0;1,0;52,0;49,0;17,0;13,49;12,0
雀巢咖啡伴侶奶精453.7g;米油沖泡;89,0;雀巢;規格：453.7g克x1x1Bag袋;三花咖啡伴侶奶精;99,0;1;453,7;18,0;6954;10.10%;0;14320008001;unique_master_match;1;1;g;1;bag;89,0;99,0;10,1010101010101;weight;month;10,1;0,0;50,0;38,0;22,0;11,93;24,0
雀巢咖啡伴侶原味塑膠罐裝-400g;米油沖泡;96,0;雀巢;規格：400g克x1x1Bottle瓶;雀巢咖啡伴侶原味塑膠罐裝;0,0;1;400,0;24,0;6955;0.00%;0;14320899001;unique_master_match;1;1;g;1;bottle;96,0;0,0;0,0;weight;month;0,0;0,0;43,0;26,0;21,0;7,2;15,0
雀巢鷹牌煉奶聰明開口;米油沖泡;169,0;雀巢;規格：450g克x1x1Can罐;雀巢鷹牌煉奶聰明開口;0,0;1;450,0;12,0;6956;0.00%;1;14321008001;unique_master_match;1;1;g;1;can;169,0;0,0;0,0;weight;month;0,0;1,0;23,0;21,0;18,0;6,0;12,0
雀巢鷹牌煉奶原味條裝-170g;米油沖泡;79,0;雀巢;規格：170g克x1x1PC條;雀巢鷹牌煉奶原味條裝;85,0;1;170,0;15,0;6957;7.06%;0;14321009001;unique_master_match;1;1;g;1;pc;79,0;85,0;7,0588235294117645;weight;month;7,06;0,0;21,0;15,0;19,0;2,28;12,0
雀巢鷹牌煉奶原味罐裝-397g;米油沖泡;84,0;雀巢;規格：397g克x1x1Can罐;雀巢鷹牌煉奶罐裝原味 397g;0,0;1;397,0;15,0;6958;0.00%;1;14321011001;unique_master_match;1;1;g;1;can;84,0;0,0;0,0;weight;month;0,0;1,0;32,0;25,0;18,0;11,0;24,0
OAK 澳愛開特濃全脂奶粉;米油沖泡;495,0;OAK;規格：1400g克x1x1Pack包;OAK 澳愛開特濃全脂奶粉;519,0;1;1400,0;24,0;6960;4.62%;1;14330003001;unique_master_match;1;1;g;1;pack;495,0;519,0;4,624277456647398;weight;month;4,62;1,0;41,0;30,0;28,0;9,55;6,0
安佳100％純淨天然全脂奶粉 2.1Kg;米油沖泡;598,0;安佳;規格：2100g克x1x1Can罐;安佳100％純淨天然全脂奶粉;620,0;1;2100,0;24,0;6961;3.55%;1;14330004001;unique_master_match;1;1;g;1;can;598,0;620,0;3,5483870967741935;weight;month;3,55;1,0;56,0;39,0;23,0;17,04;6,0
桂格全家人高鈣奶粉 2kg;米油沖泡;499,0;桂格;規格：2Kg公斤x1x1CAN罐;桂格全家人高鈣奶粉 2kg;619,0;1;2000,0;24,0;6963;19.39%;1;14330006001;unique_master_match;1;1;g;1;can;499,0;619,0;19,38610662358643;weight;month;19,39;1,0;47,0;32,0;23,0;14,4;6,0
[限量] 豐力富全家人高鈣營養奶粉2.2Kg;米油沖泡;549,0;豐力富;規格：2.2Kg公斤x1x1Can罐;豐力富全家人高鈣營養奶粉2.2Kg;579,0;1;2200,0;24,0;6965;5.18%;1;14330011001;unique_master_match;1;1;g;1;can;549,0;579,0;5,181347150259067;weight;month;5,18;1,0;56,0;38,0;23,0;16,48;6,0
克寧銀養高鈣雙效奶粉 1.5kg;米油沖泡;699,0;克寧;規格：1.5Kg公斤x1x1Can罐;金克寧銀養奶粉高鈣葡萄糖胺配方;859,0;1;1500,0;18,0;6967;18.63%;1;14330015001;unique_master_match;1;1;g;1;can;699,0;859,0;18,62630966239814;weight;month;18,63;1,0;48,0;32,0;20,0;11,31;6,0
紅牛全脂奶粉2kg;米油沖泡;579,0;紅牛;規格：2Kg公斤x1x1Bag袋;紅牛全脂奶粉2kg;0,0;1;2000,0;18,0;6975;0.00%;1;14330897001;unique_master_match;1;1;g;1;bag;579,0;0,0;0,0;weight;month;0,0;1,0;54,0;41,0;25,0;17,62;8,0
桂格維他命高鈣奶粉1650g;米油沖泡;499,0;桂格;規格：1650g克x1x1Can罐;桂格維他命高鈣奶粉1650g;580,0;1;1650,0;36,0;6979;13.97%;1;14331004001;unique_master_match;1;1;g;1;can;499,0;580,0;13,96551724137931;weight;month;13,97;1,0;49,0;32,0;24,0;12,4;6,0
桂格雙效健護益生菌高鈣奶粉 2Kg;米油沖泡;789,0;桂格;規格：2Kg公斤x1x1Can罐;桂格雙認證高鈣脫脂奶粉 2Kg;818,0;1;2000,0;24,0;6980;3.55%;1;14331005001;unique_master_match;1;1;g;1;can;789,0;818,0;3,5452322738386304;weight;month;3,55;1,0;60,0;40,0;21,0;15,51;6,0
克寧銀養高鈣雙效奶粉 1.5kg;米油沖泡;699,0;克寧;規格：1.5Kg公斤x1x1Can罐;金克寧銀養奶粉高鈣雙效配方-1.5kg;859,0;1;1500,0;18,0;6981;18.63%;1;14331007001;unique_master_match;1;1;g;1;can;699,0;859,0;18,62630966239814;weight;month;18,63;1,0;48,0;32,0;20,0;11,38;6,0
桂格高鈣奶粉-inulin配方 1.5Kg;米油沖泡;499,0;桂格;規格：1500g克x1x1Can罐;桂格高鈣奶粉-inulin配方 1.5Kg;620,0;1;1500,0;36,0;6984;19.52%;1;14331020001;unique_master_match;1;1;g;1;can;499,0;620,0;19,516129032258064;weight;month;19,52;1,0;49,0;33,0;24,0;11,52;6,0
桂格高鈣脫脂奶粉順暢配方1.5Kg;米油沖泡;599,0;桂格;規格：1.5Kg公斤x1x1Can罐;桂格高鈣脫脂奶粉順暢配方1.5Kg;625,0;1;1500,0;36,0;6986;4.16%;1;14331022001;unique_master_match;1;1;g;1;can;599,0;625,0;4,16;weight;month;4,16;1,0;49,0;32,0;24,0;11,8;6,0
桂格高鐵高鈣奶粉 膠原蛋白配方 -750g;米油沖泡;315,0;桂格;規格：750g克x1x1Can罐;桂格高鈣奶粉-高鐵配方750g;325,0;1;750,0;36,0;6987;3.08%;1;14331025001;unique_master_match;1;1;g;1;can;315,0;325,0;3,076923076923077;weight;month;3,08;1,0;51,0;41,0;18,0;11,94;12,0
桂格高鈣奶粉-高鐵配方1.5Kg;米油沖泡;499,0;桂格;規格：1500g克x1x1Can罐;桂格高鈣奶粉-高鐵配方1.5Kg;620,0;1;1500,0;36,0;6988;19.52%;1;14331026001;unique_master_match;1;1;g;1;can;499,0;620,0;19,516129032258064;weight;month;19,52;1,0;49,0;33,0;24,0;11,59;6,0
桂格雙效健康益生菌高鈣奶粉 1.5kg;米油沖泡;599,0;桂格;規格：1500g克x1x1Can罐;桂格雙認證高鈣脫脂奶粉1.5Kg;625,0;1;1500,0;24,0;6989;4.16%;1;14331028001;unique_master_match;1;1;g;1;can;599,0;625,0;4,16;weight;month;4,16;1,0;49,0;32,0;24,0;11,8;6,0
桂格雙效健康益生菌高鈣奶粉 750g;米油沖泡;315,0;桂格;規格：750g克x1x1Can罐;桂格雙認證高鈣脫脂奶粉750g;325,0;1;750,0;36,0;6990;3.08%;1;14331029001;unique_master_match;1;1;g;1;can;315,0;325,0;3,076923076923077;weight;month;3,08;1,0;53,0;40,0;18,0;12,0;12,0
桂格高鐵高鈣奶粉 膠原蛋白配方 -750g;米油沖泡;315,0;桂格;規格：750g克x1x1Can罐;桂格高鐵高鈣奶粉 膠原蛋白配方 -750g;325,0;1;750,0;36,0;6991;3.08%;1;14331037001;unique_master_match;1;1;g;1;can;315,0;325,0;3,076923076923077;weight;month;3,08;1,0;50,0;40,0;18,0;12,31;12,0
桂格高鐵高鈣奶粉膠原蛋白配方;米油沖泡;599,0;桂格;規格：1.5Kg公斤x1x1Can罐;桂格高鐵高鈣奶粉膠原蛋白配方;625,0;1;1500,0;36,0;6992;4.16%;1;14331039001;unique_master_match;1;1;g;1;can;599,0;625,0;4,16;weight;month;4,16;1,0;48,0;33,0;25,0;11,44;6,0
桂格葡萄糖胺奶粉1.5Kg;米油沖泡;599,0;桂格;規格：1500g克x1x1Can罐;桂格葡萄糖胺奶粉1.5Kg;625,0;1;1500,0;36,0;6993;4.16%;1;14331044001;unique_master_match;1;1;g;1;can;599,0;625,0;4,16;weight;month;4,16;1,0;50,0;37,0;26,0;12,79;6,0
金克寧銀養奶粉高鈣順暢配方1.5kg;米油沖泡;548,0;克寧;規格：1500g克x1x1Can罐;金克寧銀養奶粉高鈣順暢配方1.5kg;619,0;1;1500,0;18,0;6994;11.47%;1;14331898001;unique_master_match;1;1;g;1;can;548,0;619,0;11,470113085621971;weight;month;11,47;1,0;48,0;33,0;20,0;11,48;6,0
克寧銀養奶粉高鈣葉黃素配方 1.5Kg;米油沖泡;699,0;克寧;規格：1.5Kg公斤x1x1CAN罐;金克寧銀養奶粉高鈣葉黃素配方 1.5Kg;749,0;1;1500,0;18,0;6996;6.68%;0;14331997001;unique_master_match;1;1;g;1;can;699,0;749,0;6,675567423230974;weight;month;6,68;0,0;48,0;32,0;20,0;11,342;6,0
桂格高鈣維他命低脂奶粉 825g;米油沖泡;380,0;桂格;規格：825g克x1x1Can罐;桂格高鈣維他命低脂奶粉 825g;0,0;1;825,0;36,0;6998;0.00%;1;14332004001;unique_master_match;1;1;g;1;can;380,0;0,0;0,0;weight;month;0,0;1,0;53,0;40,0;18,0;12,95;12,0
安怡長青高鈣奶粉2Kg;米油沖泡;799,0;安怡;規格：2Kg公斤x1x1CAN罐;安怡長青高鈣奶粉2Kg;849,0;1;2000,0;24,0;6999;5.89%;1;14332005001;unique_master_match;1;1;g;1;can;799,0;849,0;5,889281507656066;weight;month;5,89;1,0;48,0;33,0;23,0;14,6;6,0
豐力富活力高鈣低脂奶粉1.5kg;米油沖泡;395,0;豐力富;規格：1.5Kg公斤x1x1CAN罐;豐力富活力高鈣低脂奶粉1.5kg;519,0;1;1500,0;24,0;7001;23.89%;1;14332007001;unique_master_match;1;1;g;1;can;395,0;519,0;23,892100192678228;weight;month;23,89;1,0;49,0;34,0;22,0;11,5;6,0
安怡濃縮乳清蛋白免疫球蛋白高鈣低脂奶粉-1400g;米油沖泡;699,0;安怡;規格：1400g克x1x1Can罐;安怡濃縮乳清蛋白免疫球蛋白高鈣低脂奶粉;759,0;1;1400,0;24,0;7002;7.91%;0;14332008001;unique_master_match;1;1;g;1;can;699,0;759,0;7,905138339920949;weight;month;7,91;0,0;50,0;34,0;22,0;10,932;6,0
豐力富順暢高鈣低脂奶粉 1.6Kg;米油沖泡;549,0;豐力富;規格：1600g克x1x1Can罐;豐力富順暢高鈣低脂奶粉 1.6Kg;0,0;1;1600,0;24,0;7003;0.00%;1;14332010001;unique_master_match;1;1;g;1;can;549,0;0,0;0,0;weight;month;0,0;1,0;49,0;33,0;23,0;11,89;6,0
安怡長青高鈣奶粉 750g;米油沖泡;299,0;安怡;規格：750g克x1x1Can罐;安怡長青高鈣奶粉 750g;339,0;1;750,0;24,0;7004;11.80%;1;14332013001;unique_master_match;1;1;g;1;can;299,0;339,0;11,799410029498524;weight;month;11,8;1,0;53,0;41,0;18,0;12,59;12,0
安怡長青高鈣奶粉 1500g;米油沖泡;598,0;安怡;規格：1500g克x1x1Can罐;安怡長青高鈣奶粉 1500g;649,0;1;1500,0;25,0;7005;7.86%;1;14332014001;unique_master_match;1;1;g;1;can;598,0;649,0;7,858243451463791;weight;month;7,86;1,0;49,0;34,0;21,0;12,36;6,0
安怡關鍵高鈣奶粉1500g;米油沖泡;699,0;安怡;規格：1500g克x1x1Can罐;安怡關鍵高鈣奶粉1500g;759,0;1;1500,0;24,0;7006;7.91%;1;14332016001;unique_master_match;1;1;g;1;can;699,0;759,0;7,905138339920949;weight;month;7,91;1,0;49,0;33,0;22,0;11,5;6,0
安怡長青高鈣奶粉 750g;米油沖泡;299,0;安怡;規格：750g克x1x1Can罐;安怡高鈣奶粉 750g;339,0;1;750,0;24,0;7007;11.80%;0;14332017001;unique_master_match;1;1;g;1;can;299,0;339,0;11,799410029498524;weight;month;11,8;0,0;54,0;41,0;18,0;12,57;12,0
安怡高鈣奶粉 1.5Kg;米油沖泡;549,0;安怡;規格：1500g克x1x1Can罐;安怡高鈣奶粉 1.5Kg;0,0;1;1500,0;24,0;7008;0.00%;1;14332018001;unique_master_match;1;1;g;1;can;549,0;0,0;0,0;weight;month;0,0;1,0;48,0;33,0;21,0;11,43;6,0
安滿媽媽奶粉 900g;米油沖泡;575,0;安滿;規格：900g克x1x1Can罐;安滿媽媽奶粉 900g;599,0;1;900,0;24,0;7009;4.01%;1;14333004001;unique_master_match;1;1;g;1;can;575,0;599,0;4,006677796327212;weight;month;4,01;1,0;53,0;41,0;18,0;10,8;12,0
貝氏羊奶粉 700g;米油沖泡;699,0;貝氏;規格：700g克x1x1Can罐;貝氏羊奶粉 700g;739,0;1;700,0;24,0;7010;5.41%;1;14333006001;unique_master_match;1;1;g;1;can;699,0;739,0;5,412719891745602;weight;month;5,41;1,0;54,0;40,0;16,0;11,556;12,0
盛美家葡萄果醬340g克;米油沖泡;139,0;盛美家;規格：340g克x1x1CAN罐;盛美家草莓果醬-340g;159,0;1;340,0;25,0;7013;12.58%;1;14340002001;unique_master_match;1;1;g;1;can;139,0;159,0;12,578616352201259;weight;month;12,58;1,0;27,0;20,0;13,0;6,34;12,0
【康寶】草莓果醬400g;米油沖泡;75,0;Knorr康寶;規格：400g克x1x1Bottle瓶;康寶草莓果醬400g;79,0;1;400,0;12,0;7014;5.06%;1;14340006001;unique_master_match;1;1;g;1;bottle;75,0;79,0;5,063291139240507;weight;month;5,06;1,0;24,0;31,0;14,0;8,18;12,0
聖桃園天然鮮草莓果醬284g克;米油沖泡;149,0;;規格：284g克x1x1Can罐;聖桃園天然鮮草莓果醬;169,0;1;284,0;36,0;7015;11.83%;1;14340008001;unique_master_match;1;1;g;1;can;149,0;169,0;11,834319526627219;weight;month;11,83;1,0;37,0;25,0;17,0;12,49;24,0
義美草莓果粒醬;米油沖泡;142,0;義美;規格：300g克x1x1Can罐;義美草莓果粒醬;159,0;1;300,0;18,0;7016;10.69%;0;14340026001;unique_master_match;1;1;g;1;can;142,0;159,0;10,69182389937107;weight;month;10,69;0,0;28,0;22,0;14,0;6,63;12,0
自由牌草莓果醬400g;米油沖泡;89,0;;規格：400g克x1x1Can罐;自由牌草莓果醬400g;0,0;1;400,0;18,0;7017;0.00%;1;14340027001;unique_master_match;1;1;g;1;can;89,0;0,0;0,0;weight;month;0,0;1,0;;;;;12,0
聖桃園藍莓果醬 284g;米油沖泡;149,0;聖桃園;規格：284g克x1x1Can罐;聖桃園天然野生小藍莓果醬284g;169,0;1;284,0;36,0;7020;11.83%;0;14341019001;unique_master_match;1;1;g;1;can;149,0;169,0;11,834319526627219;weight;month;11,83;0,0;37,0;25,0;17,0;12,434;24,0
義美藍莓果粒醬;米油沖泡;142,0;義美;規格：300g克x1x1Can罐;義美藍莓果粒醬;159,0;1;300,0;18,0;7022;10.69%;0;14341068001;unique_master_match;1;1;g;1;can;142,0;159,0;10,69182389937107;weight;month;10,69;0,0;28,0;22,0;14,0;6,63;12,0
自由牌藍莓果醬400g;米油沖泡;89,0;;規格：400g克x1x1Can罐;自由牌藍莓果醬400g;0,0;1;400,0;18,0;7023;0.00%;0;14341079001;unique_master_match;1;1;g;1;can;89,0;0,0;0,0;weight;month;0,0;0,0;;;;;12,0
梨山牌佳樂美細滑花生醬;米油沖泡;127,0;;規格：340g克x1x1Can罐;梨山牌佳樂美細滑花生醬;139,0;1;340,0;12,0;7028;8.63%;1;14342007001;unique_master_match;1;1;g;1;can;127,0;139,0;8,633093525179856;weight;month;8,63;1,0;31,0;24,0;10,0;4,778;12,0
Hersheys好時經典巧克力醬623g;米油沖泡;248,0;Hershey's好時;規格：623g克x1x1Bottle瓶;好時巧克力醬;289,0;1;623,0;18,0;7030;14.19%;1;14342010001;unique_master_match;1;1;g;1;bottle;248,0;289,0;14,186851211072666;weight;month;14,19;1,0;34,0;24,0;24,0;9,34;12,0
雀巢巧克力醬;米油沖泡;125,0;雀巢;規格：623.6g克x1x1Can罐;雀巢巧克力醬;149,0;1;623,6;18,0;7033;16.11%;1;14342020001;unique_master_match;1;1;g;1;can;125,0;149,0;16,10738255033557;weight;month;16,11;1,0;19,0;17,0;21,0;4,25;6,0
台唯佳龍眼蜂蜜1.2kg;米油沖泡;729,0;;規格：1200g克x1x1Bottle瓶;台唯佳龍眼蜂蜜1.2kg;0,0;1;1200,0;24,0;7042;0.00%;0;14343012001;unique_master_match;1;1;g;1;bottle;729,0;0,0;0,0;weight;month;0,0;0,0;49,0;30,0;19,0;12,7;10,0
家樂福龍眼蜂蜜420g;米油沖泡;288,0;家樂福;規格：420g克x1x1Bottle瓶;家樂福龍眼蜂蜜420g;0,0;1;420,0;24,0;7043;0.00%;0;14343026001;unique_master_match;1;1;g;1;bottle;288,0;0,0;0,0;weight;month;0,0;0,0;27,0;21,0;21,0;9,41;12,0
家樂福龍眼蜂蜜700g;米油沖泡;399,0;家樂福;規格：700g克x1x1Bottle瓶;家樂福龍眼蜂蜜700g;0,0;1;700,0;24,0;7044;0.00%;0;14343027001;unique_master_match;1;1;g;1;bottle;399,0;0,0;0,0;weight;month;0,0;0,0;34,0;27,0;22,0;14,556;12,0
家樂福龍眼蜂蜜1200g;米油沖泡;589,0;家樂福;規格：1200g克x1x1Bottle瓶;家樂福龍眼蜂蜜1200g;0,0;1;1200,0;24,0;7045;0.00%;1;14343028001;unique_master_match;1;1;g;1;bottle;589,0;0,0;0,0;weight;month;0,0;1,0;26,0;22,0;20,0;8,106;6,0
御蜜園優選皇家蜂蜜1200g;米油沖泡;349,0;御蜜園;規格：1200g克x1x1Bucket桶;御蜜園優選皇家蜂蜜1200g;599,0;1;1200,0;24,0;7046;41.74%;1;14343036001;unique_master_match;1;1;g;1;bucket;349,0;599,0;41,736227045075125;weight;month;41,74;1,0;43,0;27,0;20,0;15,97;12,0
美味大師大蒜麵包醬-強蒜味;米油沖泡;168,0;;規格：470g克x1x1Can罐;美味大師大蒜麵包醬 (強蒜味);179,0;1;470,0;24,0;7047;6.15%;1;14344005001;unique_master_match;1;1;g;1;can;168,0;179,0;6,145251396648044;weight;month;6,15;1,0;32,0;24,0;26,0;9,21;12,0
愛羅莉植物奶油 400克/罐;米油沖泡;108,0;;規格：450g克x1x1Can罐;愛羅莉植物奶油;115,0;1;450,0;12,0;7048;6.09%;0;14344010001;unique_master_match;1;1;g;1;can;108,0;115,0;6,086956521739131;weight;month;6,09;0,0;43,0;33,0;13,0;6,88;12,0
家樂氏東尼香甜玉米片 330g;米油沖泡;119,0;家樂氏;規格：330g克x1x1BOX盒;家樂氏東尼香甜玉米片;150,0;1;330,0;12,0;7050;20.67%;1;14350005001;unique_master_match;1;1;g;1;box;119,0;150,0;20,666666666666668;weight;month;20,67;1,0;57,0;40,0;31,0;8,69;16,0
家樂氏東尼香甜玉米片 330g;米油沖泡;119,0;家樂氏;規格：330g克x1x1BOX盒;家樂氏玉米片;150,0;1;330,0;12,0;7051;20.67%;1;14350006001;unique_master_match;1;1;g;1;box;119,0;150,0;20,666666666666668;weight;month;20,67;1,0;57,0;40,0;31,0;8,56;16,0
家樂氏組合包;米油沖泡;84,0;家樂氏;規格：170g克x1x1Set組;家樂氏組合包;89,0;1;170,0;12,0;7052;5.62%;1;14350007001;unique_master_match;1;1;g;1;set;84,0;89,0;5,617977528089887;weight;month;5,62;1,0;42,0;27,0;23,0;3,09;10,0
雀巢蜂蜜脆片225g;米油沖泡;72,0;雀巢;規格：225g克x1x1Box盒;雀巢蜂蜜脆片220g;85,0;1;225,0;12,0;7054;15.29%;1;14350011001;unique_master_match;1;1;g;1;box;72,0;85,0;15,294117647058824;weight;month;15,29;1,0;49,0;33,0;24,0;6,12;18,0
家樂氏東尼可可玉米片300g;米油沖泡;119,0;家樂氏;規格：300g克x1x1BOX盒;家樂氏東尼可可玉米片;150,0;1;300,0;12,0;7059;20.67%;1;14351007001;unique_master_match;1;1;g;1;box;119,0;150,0;20,666666666666668;weight;month;20,67;1,0;53,0;40,0;30,0;8,55;18,0
家樂氏格格脆-棉花糖;米油沖泡;139,0;家樂氏;規格：300g克x1x1Box盒;家樂氏格格脆-棉花糖;169,0;1;300,0;12,0;7061;17.75%;1;14351017001;unique_master_match;1;1;g;1;box;139,0;169,0;17,75147928994083;weight;month;17,75;1,0;53,0;39,0;31,0;8,0;18,0
雀巢雙色可可脆片早餐脆片300g;米油沖泡;119,0;雀巢;規格：300g克x1x1Box盒;雀巢雙色可可脆片早餐脆片;136,0;1;300,0;12,0;7062;12.50%;1;14351024001;unique_master_match;1;1;g;1;box;119,0;136,0;12,5;weight;month;12,5;1,0;58,0;40,0;30,0;8,52;18,0
雀巢美祿可可球早餐脆片;米油沖泡;119,0;雀巢;規格：330g克x1x1Box盒;雀巢美祿可可球早餐脆片;139,0;1;330,0;12,0;7066;14.39%;1;14351034001;unique_master_match;1;1;g;1;box;119,0;139,0;14,388489208633093;weight;month;14,39;1,0;59,0;21,0;30,0;4,3;9,0
家樂氏Special K香脆麥米片;米油沖泡;195,0;家樂氏;規格：370g克x1x1Box盒;家樂氏Special K香脆麥米片;199,0;1;370,0;12,0;7067;2.01%;1;14351038001;unique_master_match;1;1;g;1;box;195,0;199,0;2,0100502512562812;weight;month;2,01;1,0;58,0;27,0;31,0;6,0;12,0
家樂氏COCO格格脆330g*蜘蛛人限量包裝,恕不指定(以實際出貨為主);米油沖泡;139,0;家樂氏;規格：330g克x1x1Box盒;家樂氏COCO可可球330g;199,0;1;330,0;12,0;7068;30.15%;1;14351041001;unique_master_match;1;1;g;1;box;139,0;199,0;30,15075376884422;weight;month;30,15;1,0;53,0;40,0;30,0;8,2;18,0
家樂氏COCO格格脆330g*蜘蛛人限量包裝,恕不指定(以實際出貨為主);米油沖泡;139,0;家樂氏;規格：330g克x1x1Box盒;家樂氏COCO格格脆330g;199,0;1;330,0;12,0;7069;30.15%;1;14351042001;unique_master_match;1;1;g;1;box;139,0;199,0;30,15075376884422;weight;month;30,15;1,0;59,0;37,0;30,0;8,35;18,0
雀巢蜂蜜星星穀類早餐脆片150g;米油沖泡;72,0;雀巢;規格：150g克x1x1Box盒;雀巢蜂蜜星星穀類早餐脆片;85,0;1;150,0;12,0;7075;15.29%;1;14351059001;unique_master_match;1;1;g;1;box;72,0;85,0;15,294117647058824;weight;month;15,29;1,0;50,0;33,0;24,0;4,2;18,0
雀巢美祿可可球早餐脆片;米油沖泡;119,0;雀巢;規格：330g克x1x1Box盒;雀巢美祿可可球;139,0;1;330,0;12,0;7076;14.39%;1;14351068001;unique_master_match;1;1;g;1;box;119,0;139,0;14,388489208633093;weight;month;14,39;1,0;49,0;33,0;25,0;4,582;18,0
雀巢可可脆片早餐脆片;米油沖泡;118,0;雀巢;規格：330g克x1x1Box盒;雀巢可可脆片早餐脆片;139,0;1;330,0;12,0;7077;15.11%;1;14351069001;ambiguous_master_match_resolved_with_order_history;2;2;g;1;box;118,0;139,0;15,107913669064748;weight;month;15,11;1,0;49,0;33,0;25,0;4,582;18,0
Mestemacher什錦榛果穀片;米油沖泡;289,0;;規格：1000g克x1x1PC包;Mestemacher什錦榛果穀片;0,0;1;1000,0;12,0;7087;0.00%;0;14352027001;unique_master_match;1;1;g;1;pc;289,0;0,0;0,0;weight;month;0,0;0,0;39,0;25,0;26,0;8,4;8,0
Mestemacher什錦榛果穀片;米油沖泡;289,0;;規格：1000g克x1x1PC包;Mestemacher什錦水果穀片;0,0;1;1000,0;12,0;7088;0.00%;1;14352028001;unique_master_match;1;1;g;1;pc;289,0;0,0;0,0;weight;month;0,0;1,0;39,0;25,0;26,0;8,4;8,0
家樂氏什錦果麥-豐富纖果;米油沖泡;172,0;家樂氏;規格：375g克x1x1Box盒;家樂氏什錦果麥- 葡萄乾杏仁果;176,0;1;375,0;15,0;7089;2.27%;1;14352031001;unique_master_match;1;1;g;1;box;172,0;176,0;2,272727272727273;weight;month;2,27;1,0;32,0;32,0;25,0;5,4;12,0
桂格穀添樂黑醋栗莓果脆穀300g;米油沖泡;169,0;桂格;規格：300g克x1x1Box盒;桂格穀添樂黑醋栗莓果脆穀300g;198,0;1;300,0;15,0;7095;14.65%;1;14352058001;unique_master_match;1;1;g;1;box;169,0;198,0;14,646464646464647;weight;month;14,65;1,0;51,0;24,0;24,0;4,6;12,0
Post杏仁蔓越莓早餐穀片;米油沖泡;229,0;Post;規格：396g克x1x1Box盒;喜瑞爾蔓越莓果麥;259,0;1;396,0;12,0;7097;11.58%;1;14352060001;unique_master_match;1;1;g;1;box;229,0;259,0;11,583011583011583;weight;month;11,58;1,0;35,0;28,0;26,0;4,37;10,0
桂格穀添樂七種果莓脆穀;米油沖泡;169,0;桂格;規格：300g克x1x1BOX盒;桂格穀添樂七種果莓脆穀;198,0;1;300,0;15,0;7100;14.65%;0;14352069001;unique_master_match;1;1;g;1;box;169,0;198,0;14,646464646464647;weight;month;14,65;0,0;51,0;25,0;24,0;4,5;12,0
米森-有機無麩質野莓麥片;米油沖泡;285,0;米森;規格：400g克x1x1BOX盒;米森有機無麩質野莓麥片;0,0;1;400,0;12,0;7101;0.00%;1;14352076001;unique_master_match;1;1;g;1;box;285,0;0,0;0,0;weight;month;0,0;1,0;51,0;35,0;20,0;6,79;12,0
家樂氏Special K香脆麥米片;米油沖泡;195,0;家樂氏;規格：370g克x1x1Box盒;Special K 草莓香脆麥米片;199,0;1;370,0;12,0;7102;2.01%;1;14352079001;unique_master_match;1;1;g;1;box;195,0;199,0;2,0100502512562812;weight;month;2,01;1,0;39,0;25,0;30,0;4,71;10,0
家樂福有機大燕麥片500g;米油沖泡;85,0;家樂福;規格：500g克x1x1PACK包;家樂福有機大燕麥片500g;89,0;1;500,0;12,0;7109;4.49%;0;14353001001;unique_master_match;1;1;g;1;pack;85,0;89,0;4,49438202247191;weight;month;4,49;0,0;52,0;25,0;22,0;6,7;12,0
家樂福即食大燕麥片500g;米油沖泡;49,0;家樂福;規格：500g克x1x1Pack包;家樂福即食大燕麥片500g;0,0;1;500,0;24,0;7110;0.00%;0;14353002001;unique_master_match;1;1;g;1;pack;49,0;0,0;0,0;weight;month;0,0;0,0;39,0;31,0;23,0;6,91;12,0
紅布朗有機冰河大燕麥片;米油沖泡;550,0;紅布朗;規格：1800g克x1x1BOX盒;紅布朗有機冰河大燕麥片;0,0;1;1800,0;12,0;7111;0.00%;1;14353003001;unique_master_match;1;1;g;1;box;550,0;0,0;0,0;weight;month;0,0;1,0;62,0;26,0;36,0;10,56;6,0
桂格濃湯燕麥-鮮蔬蘑菇風味-43gx5;米油沖泡;99,0;桂格;規格：215g克x1x1Box盒;桂格濃湯燕麥-鮮蔬蘑菇風味;109,0;1;215,0;18,0;7114;9.17%;1;14353009001;unique_master_match;1;1;g;1;box;99,0;109,0;9,174311926605505;weight;month;9,17;1,0;32,0;29,0;32,0;3,77;12,0
桂格濃湯燕麥-奶油玉米風味-47gx5;米油沖泡;99,0;桂格;規格：235g克x1x1Box盒;桂格濃湯燕麥-奶油玉米風味;109,0;1;235,0;18,0;7115;9.17%;1;14353010001;unique_master_match;1;1;g;1;box;99,0;109,0;9,174311926605505;weight;month;9,17;1,0;32,0;29,0;32,0;4,8;12,0
廣吉高纖特級燕麥片;米油沖泡;109,0;廣吉;規格：1800g克x1x1Bag袋;廣吉澳洲特級燕麥片;179,0;1;1800,0;18,0;7116;39.11%;1;14353011001;unique_master_match;1;1;g;1;bag;109,0;179,0;39,10614525139665;weight;month;39,11;1,0;53,0;27,0;36,0;13,63;24,0
桂格濃湯燕麥-洋蔥起司風味-47gX5;米油沖泡;99,0;桂格;規格：235g克x1x1Box盒;桂格濃湯燕麥-洋蔥起司風味;109,0;1;235,0;18,0;7118;9.17%;1;14353013001;unique_master_match;1;1;g;1;box;99,0;109,0;9,174311926605505;weight;month;9,17;1,0;32,0;29,0;32,0;4,08;12,0
馬玉山高纖大黑麥燕麥片800G;米油沖泡;99,0;馬玉山;規格：800g克x1x1CAN罐;馬玉山高纖大黑麥燕麥片800G;109,0;1;800,0;24,0;7119;9.17%;1;14353016001;unique_master_match;1;1;g;1;can;99,0;109,0;9,174311926605505;weight;month;9,17;1,0;54,0;41,0;24,0;12,6;12,0
桂格神奇高鈣燕麥片;米油沖泡;129,0;桂格;規格：700g克x1x1Can罐;桂格神奇高鈣燕麥片;145,0;1;700,0;24,0;7120;11.03%;0;14353017001;unique_master_match;1;1;g;1;can;129,0;145,0;11,03448275862069;weight;month;11,03;0,0;54,0;40,0;18,0;11,15;12,0
桂格即沖即食大燕麥片1100g;米油沖泡;151,0;桂格;規格：1100g克x1x1Can罐;桂格即沖即食大燕麥片1100g;0,0;1;1100,0;24,0;7121;0.00%;0;14353019001;unique_master_match;1;1;g;1;can;151,0;0,0;0,0;weight;month;0,0;0,0;48,0;34,0;22,0;8,956;6,0
桂格大燕麥片嚴選薄片800g;米油沖泡;115,0;桂格;規格：800g克x1x1Can罐;桂格大燕麥片嚴選薄片800g;135,0;1;800,0;24,0;7123;14.81%;1;14353023001;unique_master_match;1;1;g;1;can;115,0;135,0;14,814814814814813;weight;month;14,81;1,0;53,0;41,0;20,0;12,44;12,0
桂格即沖即食大燕麥片1700g;米油沖泡;219,0;桂格;規格：1700g克x1x1Box盒;桂格即沖即食大燕麥片1700g;299,0;1;1700,0;12,0;7124;26.76%;1;14353024001;unique_master_match;1;1;g;1;box;219,0;299,0;26,755852842809364;weight;month;26,76;1,0;49,0;45,0;29,0;12,99;6,0
台糖燕麥片;米油沖泡;68,0;台糖;規格：500g克x1x1Pack包;台糖燕麥片;108,0;1;500,0;14,0;7125;37.04%;1;14353025001;unique_master_match;1;1;g;1;pack;68,0;108,0;37,03703703703704;weight;month;37,04;1,0;53,0;40,0;18,0;14,108;24,0
桂格紅麴蕎麥燕麥片1500g;米油沖泡;219,0;桂格;規格：1500g克x1x1Box盒;桂格紅麴蕎麥燕麥片;285,0;1;1500,0;12,0;7127;23.16%;1;14353029001;unique_master_match;1;1;g;1;box;219,0;285,0;23,157894736842106;weight;month;23,16;1,0;54,0;40,0;18,0;11,17;12,0
日清宇治抹茶綜合水果穀物脆-500g;米油沖泡;175,0;日清;規格：500g克x1x1PC包;日清宇治抹茶綜合水果穀物脆;225,0;1;500,0;10,0;7128;22.22%;0;14353030001;unique_master_match;1;1;g;1;pc;175,0;225,0;22,22222222222222;weight;month;22,22;0,0;49,0;32,0;21,0;7,0;12,0
桂格有機燕麥片730G;米油沖泡;239,0;桂格;規格：730g克x1x1CAN罐;桂格有機燕麥片730G;0,0;1;730,0;24,0;7129;0.00%;1;14353035001;unique_master_match;1;1;g;1;can;239,0;0,0;0,0;weight;month;0,0;1,0;54,0;41,0;19,0;11,39;12,0
桂格紅麴蕎麥燕麥片1500g;米油沖泡;219,0;桂格;規格：1500g克x1x1Box盒;桂格紅麴蕎麥燕麥片1500g;285,0;1;1500,0;12,0;7130;23.16%;0;14353036001;unique_master_match;1;1;g;1;box;219,0;285,0;23,157894736842106;weight;month;23,16;0,0;49,0;46,0;29,0;11,95;6,0
桂格即食大燕麥片2600g;米油沖泡;329,0;桂格;規格：2600g克x1x1Box盒;桂格即食大燕麥片2600g;0,0;1;2600,0;12,0;7132;0.00%;1;14353039001;unique_master_match;1;1;g;1;box;329,0;0,0;0,0;weight;month;0,0;1,0;48,0;40,0;27,0;12,9;4,0
桂格原片原味大燕麥片-800g;米油沖泡;115,0;桂格;規格：800g克x1x1Can罐;桂格原片原味大燕麥片800g;129,0;1;800,0;24,0;7133;10.85%;1;14353040001;unique_master_match;1;1;g;1;can;115,0;129,0;10,852713178294573;weight;month;10,85;1,0;54,0;41,0;22,0;12,59;12,0
桂格紫米山藥大燕麥片700g;米油沖泡;129,0;桂格;規格：700g克x1x1Can罐;桂格紫米山藥大燕麥片700g;145,0;1;700,0;24,0;7135;11.03%;1;14353045001;unique_master_match;1;1;g;1;can;129,0;145,0;11,03448275862069;weight;month;11,03;1,0;54,0;40,0;18,0;11,17;12,0
馬玉山高纖大燕麥片2600g;米油沖泡;279,0;馬玉山;規格：2600g克x1x1BOX盒;馬玉山高纖大燕麥片;335,0;1;2600,0;24,0;7136;16.72%;1;14353047001;unique_master_match;1;1;g;1;box;279,0;335,0;16,716417910447763;weight;month;16,72;1,0;55,0;42,0;24,0;13,5;12,0
日清 豐盛果實綜合水果穀物脆 500g;米油沖泡;175,0;日清;規格：500g克x1x1PC包;日清豐盛果實綜合水果穀物脆;225,0;1;500,0;10,0;7137;22.22%;1;14353052001;unique_master_match;1;1;g;1;pc;175,0;225,0;22,22222222222222;weight;month;22,22;1,0;49,0;32,0;21,0;7,0;12,0
廣吉高纖特級燕麥片;米油沖泡;109,0;廣吉;規格：1800g克x1x1Bag袋;廣吉高纖特級燕麥片;179,0;1;1800,0;18,0;7138;39.11%;1;14353073001;unique_master_match;1;1;g;1;bag;109,0;179,0;39,10614525139665;weight;month;39,11;1,0;48,0;37,0;23,0;12,0;6,0
家樂福即食大燕麥片1700g;米油沖泡;129,0;家樂福;規格：1700g克x1x1Box盒;家樂福即食大燕麥片1700g;159,0;1;1700,0;24,0;7139;18.87%;0;14353899001;unique_master_match;1;1;g;1;box;129,0;159,0;18,867924528301888;weight;month;18,87;0,0;50,0;37,0;36,0;12,68;6,0
台糖什穀大燕麥片800g;米油沖泡;149,0;;規格：800g克x1x1Pack包;台糖什穀大燕麥片800g;0,0;1;800,0;24,0;7140;0.00%;1;14353900001;unique_master_match;1;1;g;1;pack;149,0;0,0;0,0;weight;month;0,0;1,0;41,0;28,0;24,0;6,262;6,0
阿華田營養巧克力麥芽飲品800g;米油沖泡;285,0;阿華田;規格：800g克x1x1CAN罐;阿華田營養麥芽飲品 400g;369,0;1;800,0;24,0;7141;22.76%;0;14360001001;unique_master_match;1;1;g;1;can;285,0;369,0;22,76422764227642;weight;month;22,76;0,0;38,0;28,0;19,0;10,554;12,0
阿華田減糖巧克力麥芽飲品 31g x10;米油沖泡;194,0;阿華田;規格：31g克x10x1Bag袋;阿華田減糖巧克力營養麥芽飲品;0,0;1;31,0;18,0;7142;0.00%;0;14360007001;unique_master_match;1;1;g;10;bag;19,4;0,0;0,0;weight;month;0,0;0,0;52,0;41,0;26,0;9,3;18,0
雀巢美祿三合一雙倍牛奶袋裝;米油沖泡;150,0;雀巢;規格：30g克x14x1Bag袋;雀巢美祿三合一雙倍牛奶袋裝;0,0;1;30,0;15,0;7143;0.00%;0;14360008001;unique_master_match;1;1;g;14;bag;10,714285714285714;0,0;0,0;weight;month;0,0;0,0;40,0;49,0;31,0;13,21;24,0
阿華田營養巧克力麥芽飲品經濟包;米油沖泡;343,0;阿華田;規格：20g克x36x1Box盒;阿華田營養巧克力麥芽飲品經濟包;399,0;1;20,0;18,0;7146;14.04%;1;14360019001;unique_master_match;1;1;g;36;box;9,527777777777779;11,083333333333334;14,035087719298241;weight;month;14,04;1,0;41,0;32,0;31,0;6,49;6,0
阿華田營養麥芽飲品 1150g;米油沖泡;349,0;阿華田;規格：1150g克x1x1Can罐;阿華田營養麥芽飲品 1150g;499,0;1;1150,0;24,0;7147;30.06%;0;14360022001;unique_master_match;1;1;g;1;can;349,0;499,0;30,060120240480963;weight;month;30,06;0,0;47,0;32,0;19,0;10,01;6,0
雀巢美祿三合一雙倍牛奶盒裝30gx10;米油沖泡;102,0;雀巢;規格：30g克x10x1Box箱;雀巢美祿三合一雙倍牛奶盒裝;109,0;1;30,0;15,0;7151;6.42%;0;14360044001;unique_master_match;1;1;g;10;box;10,2;10,9;6,422018348623864;weight;month;6,42;0,0;57,0;39,0;26,0;12,4;32,0
雀巢美祿經典原味袋裝;米油沖泡;121,0;雀巢;規格：25g克x14x1Bag袋;雀巢美祿經典原味袋裝;0,0;1;25,0;15,0;7152;0.00%;1;14360045001;unique_master_match;1;1;g;14;bag;8,642857142857142;0,0;0,0;weight;month;0,0;1,0;49,0;41,0;31,0;11,68;24,0
3點1刻香蟹風味濃湯-15gx12;米油沖泡;149,0;3點1刻;規格：15g克x12x1Bag包;3點1刻香蟹風味濃湯;170,0;1;15,0;18,0;7156;12.35%;1;14361002001;unique_master_match;1;1;g;12;bag;12,416666666666666;14,166666666666666;12,352941176470589;weight;month;12,35;1,0;53,0;32,0;20,0;3,33;12,0
萬歲牌燕麥堅果-核桃紅豆;米油沖泡;99,0;萬歲牌;規格：32g克x10x1Bag袋;萬歲牌燕麥堅果-核桃紅豆;109,0;1;32,0;12,0;7157;9.17%;1;14361004001;unique_master_match;1;1;g;10;bag;9,9;10,9;9,174311926605503;weight;month;9,17;1,0;48,0;33,0;22,0;5,0;12,0
馬玉山32綜合穀類粉;米油沖泡;99,0;馬玉山;規格：25g克x12x1Bag袋;馬玉山32綜合穀類粉;115,0;1;25,0;24,0;7158;13.91%;1;14361007001;unique_master_match;1;1;g;12;bag;8,25;9,583333333333334;13,913043478260875;weight;month;13,91;1,0;43,0;29,0;31,0;4,72;12,0
萬歲牌元氣什穀堅果飲-杏仁;米油沖泡;99,0;萬歲牌;規格：28g克x12x1Bag袋;萬歲牌元氣什穀堅果飲-杏仁;109,0;1;28,0;12,0;7159;9.17%;1;14361008001;unique_master_match;1;1;g;12;bag;8,25;9,083333333333334;9,17431192660551;weight;month;9,17;1,0;48,0;34,0;20,0;5,33;12,0
萬歲牌元氣什穀堅果飲-芝麻;米油沖泡;99,0;萬歲牌;規格：28g克x12x1Bag袋;萬歲牌元氣什穀堅果飲-芝麻;109,0;1;28,0;12,0;7160;9.17%;1;14361009001;unique_master_match;1;1;g;12;bag;8,25;9,083333333333334;9,17431192660551;weight;month;9,17;1,0;47,0;33,0;23,0;5,33;12,0
馬玉山黑芝麻紫米堅果飲 30克x12;米油沖泡;99,0;;規格：30g克x12x1Bag袋;馬玉山黑芝麻紫米堅果飲;105,0;1;30,0;18,0;7161;5.71%;1;14361010001;unique_master_match;1;1;g;12;bag;8,25;8,75;5,714285714285714;weight;month;5,71;1,0;44,0;28,0;31,0;5,73;12,0
馬玉山核桃黑芝麻糊(罐裝)450g;米油沖泡;199,0;馬玉山;規格：450g克x1x1Can罐;馬玉山核桃黑芝麻糊;336,0;1;450,0;18,0;7162;40.77%;0;14361011001;unique_master_match;1;1;g;1;can;199,0;336,0;40,773809523809526;weight;month;40,77;0,0;43,0;33,0;17,0;7,66;12,0
台糖黑五寶30gx15;米油沖泡;125,0;;規格：450g克x1x1Pack包;台糖黑五寶30gx15;150,0;1;450,0;24,0;7164;16.67%;0;14361014001;unique_master_match;1;1;g;1;pack;125,0;150,0;16,666666666666664;weight;month;16,67;0,0;48,0;28,0;29,0;6,66;12,0
廣吉赤阪濃湯-納豆野菜南瓜;米油沖泡;119,0;廣吉;規格：22g克x10x1Bag袋;廣吉赤阪濃湯-納豆野菜南瓜;0,0;1;22,0;18,0;7165;0.00%;0;14361015001;unique_master_match;1;1;g;10;bag;11,9;0,0;0,0;weight;month;0,0;0,0;48,0;30,0;29,0;4,0;12,0
馬玉山黑芝麻粉300g;米油沖泡;99,0;;規格：300g克x1x1Pack包;馬玉山黑芝麻粉300g;0,0;1;300,0;24,0;7168;0.00%;1;14361022001;unique_master_match;1;1;g;1;pack;99,0;0,0;0,0;weight;month;0,0;1,0;38,0;26,0;26,0;6,72;20,0
3點1刻法式磨菇濃湯;米油沖泡;149,0;3點1刻;規格：18g克x12x1Bag包;3點1刻法式磨菇濃湯;189,0;1;18,0;18,0;7173;21.16%;1;14361034001;unique_master_match;1;1;g;12;bag;12,416666666666666;15,75;21,164021164021168;weight;month;21,16;1,0;53,0;32,0;20,0;3,78;12,0
馬玉山黑豆多穀堅果飲 30克x12;米油沖泡;99,0;;規格：30g克x12x1Bag袋;馬玉山黑豆多穀堅果飲;105,0;1;30,0;18,0;7175;5.71%;1;14361041001;unique_master_match;1;1;g;12;bag;8,25;8,75;5,714285714285714;weight;month;5,71;1,0;44,0;28,0;31,0;5,73;12,0
馬玉山薏仁燕麥堅果飲 30克x12;米油沖泡;99,0;;規格：30g克x12x1Bag袋;馬玉山薏仁燕麥堅果飲;105,0;1;30,0;18,0;7177;5.71%;1;14361044001;unique_master_match;1;1;g;12;bag;8,25;8,75;5,714285714285714;weight;month;5,71;1,0;44,0;28,0;31,0;5,73;12,0
萬歲牌元氣什穀堅果飲-松子;米油沖泡;99,0;萬歲牌;規格：28g克x12x1Bag袋;萬歲牌元氣什穀堅果飲-松子;109,0;1;28,0;12,0;7178;9.17%;0;14361051001;unique_master_match;1;1;g;12;bag;8,25;9,083333333333334;9,17431192660551;weight;month;9,17;0,0;48,0;34,0;20,0;5,44;12,0
廣吉赤阪濃湯-馬鈴薯蘑菇濃湯;米油沖泡;119,0;廣吉;規格：20g克x10x1Bag袋;廣吉赤阪濃湯-馬鈴薯蘑菇濃湯;0,0;1;20,0;18,0;7180;0.00%;1;14361054001;unique_master_match;1;1;g;10;bag;11,9;0,0;0,0;weight;month;0,0;1,0;49,0;31,0;28,0;3,95;12,0
馬玉山抹茶牛奶 15克x14;米油沖泡;99,0;;規格：15g克x14x1Bag袋;馬玉山抹茶牛奶;120,0;1;15,0;18,0;7181;17.50%;0;14361055001;unique_master_match;1;1;g;14;bag;7,071428571428571;8,571428571428571;17,5;weight;month;17,5;0,0;44,0;29,0;25,0;3,5;12,0
廣吉赤阪濃湯-蟹肉海鮮味噌;米油沖泡;119,0;廣吉;規格：20g克x10x1Bag袋;廣吉赤阪濃湯-蟹肉海鮮味噌;0,0;1;20,0;18,0;7182;0.00%;1;14361061001;unique_master_match;1;1;g;10;bag;11,9;0,0;0,0;weight;month;0,0;1,0;49,0;30,0;28,0;3,76;12,0
馬玉山炭香紅奶茶 15克x14;米油沖泡;99,0;;規格：15g克x14x1Bag袋;馬玉山炭香紅奶茶;120,0;1;15,0;18,0;7184;17.50%;1;14361065001;unique_master_match;1;1;g;14;bag;7,071428571428571;8,571428571428571;17,5;weight;month;17,5;1,0;43,0;29,0;26,0;3,71;12,0
萬歲牌燕麥堅果-杏仁蓮子;米油沖泡;99,0;萬歲牌;規格：32g克x10x1Bag袋;萬歲牌燕麥堅果-杏仁蓮子;109,0;1;32,0;12,0;7185;9.17%;0;14361070001;unique_master_match;1;1;g;10;bag;9,9;10,9;9,174311926605503;weight;month;9,17;0,0;47,0;34,0;22,0;5,0;12,0
廣吉赤阪濃湯-玉米巧達濃湯;米油沖泡;119,0;廣吉;規格：20g克x10x1Bag袋;廣吉赤阪濃湯-玉米巧達濃湯;0,0;1;20,0;18,0;7186;0.00%;1;14361074001;unique_master_match;1;1;g;10;bag;11,9;0,0;0,0;weight;month;0,0;1,0;48,0;30,0;28,0;4,0;12,0
馬玉山榛果杏仁茶 30克x12;米油沖泡;99,0;馬玉山;規格：30g克x12x1Bag袋;馬玉山榛果杏仁茶;115,0;1;30,0;24,0;7187;13.91%;1;14361081001;unique_master_match;1;1;g;12;bag;8,25;9,583333333333334;13,913043478260875;weight;month;13,91;1,0;44,0;28,0;25,0;7,39;12,0
馬玉山客家擂茶 30克x12;米油沖泡;99,0;;規格：30g克x12x1Bag袋;馬玉山客家擂茶30g X12;115,0;1;30,0;24,0;7188;13.91%;1;14361082001;unique_master_match;1;1;g;12;bag;8,25;9,583333333333334;13,913043478260875;weight;month;13,91;1,0;44,0;28,0;25,0;7,31;12,0
馬玉山紫山藥黑豆漿 30克x12;米油沖泡;99,0;馬玉山;規格：30g克x12x1Bag袋;馬玉山紫山藥黑豆漿30g*12;115,0;1;30,0;24,0;7189;13.91%;1;14361083001;unique_master_match;1;1;g;12;bag;8,25;9,583333333333334;13,913043478260875;weight;month;13,91;1,0;43,0;28,0;25,0;7,4;12,0
馬玉山燕麥薏仁漿 30克x12;米油沖泡;99,0;;規格：30g克x12x1Bag袋;馬玉山燕麥薏仁漿;112,0;1;30,0;24,0;7190;11.61%;1;14361086001;unique_master_match;1;1;g;12;bag;8,25;9,333333333333334;11,607142857142863;weight;month;11,61;1,0;43,0;28,0;25,0;5,39;12,0
馬玉山紫山藥黑米仁 30克x12;米油沖泡;99,0;;規格：30g克x12x1Bag袋;馬玉山紫山藥黑米仁;112,0;1;30,0;24,0;7191;11.61%;1;14361093001;unique_master_match;1;1;g;12;bag;8,25;9,333333333333334;11,607142857142863;weight;month;11,61;1,0;43,0;28,0;25,0;7,4;12,0
馬玉山紅豆紫米堅果飲 30克x12;米油沖泡;99,0;;規格：30g克x12x1Bag包;馬玉山紅豆紫米堅果飲;105,0;1;30,0;18,0;7196;5.71%;1;14361102001;unique_master_match;1;1;g;12;bag;8,25;8,75;5,714285714285714;weight;month;5,71;1,0;44,0;28,0;31,0;5,73;12,0
馬玉山山藥五穀粥;米油沖泡;99,0;馬玉山;規格：35g克x10x1Bag包;馬玉山山藥五穀粥;115,0;1;35,0;24,0;7197;13.91%;1;14361104001;unique_master_match;1;1;g;10;bag;9,9;11,5;13,913043478260867;weight;month;13,91;1,0;43,0;29,0;31,0;8,75;12,0
馬玉山核桃榛果杏仁;米油沖泡;99,0;馬玉山;規格：30g克x12x1Bag袋;馬玉山核桃榛果杏仁;115,0;1;30,0;24,0;7199;13.91%;1;14361109001;unique_master_match;1;1;g;12;bag;8,25;9,583333333333334;13,913043478260875;weight;month;13,91;1,0;43,0;29,0;31,0;6,26;12,0
馬玉山黑芝麻糊 30克x12;米油沖泡;99,0;;規格：30g克x12x1Bag袋;馬玉山黑芝麻糊;115,0;1;30,0;24,0;7200;13.91%;1;14361112001;unique_master_match;1;1;g;12;bag;8,25;9,583333333333334;13,913043478260875;weight;month;13,91;1,0;44,0;29,0;25,0;6,57;12,0
馬玉山高纖蔬菜胚芽;米油沖泡;99,0;馬玉山;規格：35g克x10x1Bag袋;馬玉山高纖蔬菜胚芽;115,0;1;35,0;24,0;7201;13.91%;1;14361114001;unique_master_match;1;1;g;10;bag;9,9;11,5;13,913043478260867;weight;month;13,91;1,0;43,0;29,0;31,0;10,99;12,0
馬玉山高纖山藥多穀粥;米油沖泡;99,0;馬玉山;規格：35g克x10x1Box箱;馬玉山高纖山藥多穀粥;129,0;1;35,0;24,0;7202;23.26%;1;14361115001;unique_master_match;1;1;g;10;box;9,9;12,9;23,25581395348837;weight;month;23,26;1,0;43,0;29,0;31,0;10,91;12,0
3點1刻 奶油玉米濃湯-18gx12;米油沖泡;149,0;3點1刻;規格：18g克x12x1Bag包;3點1刻奶油玉米濃湯;189,0;1;18,0;18,0;7204;21.16%;1;14361118001;unique_master_match;1;1;g;12;bag;12,416666666666666;15,75;21,164021164021168;weight;month;21,16;1,0;53,0;32,0;20,0;3,77;12,0
萬歲牌燕麥堅果飲海苔昆布燕麥;米油沖泡;99,0;萬歲牌;規格：32g克x10x1Bag袋;萬歲牌燕麥堅果飲海苔昆布燕麥;109,0;1;32,0;12,0;7205;9.17%;1;14361120001;unique_master_match;1;1;g;10;bag;9,9;10,9;9,174311926605503;weight;month;9,17;1,0;46,0;34,0;22,0;5,02;12,0
馬玉山銀杏銀耳杏仁粉-400g;米油沖泡;199,0;;規格：400g克x1x1CAN罐;馬玉山全天然銀杏銀耳杏仁粉400g;289,0;1;400,0;18,0;7206;31.14%;1;14361122001;unique_master_match;1;1;g;1;can;199,0;289,0;31,141868512110726;weight;month;31,14;1,0;44,0;33,0;16,0;6,784;12,0
馬玉山100％純杏仁粉380g;米油沖泡;299,0;馬玉山;規格：380g克x1x1Can罐;馬玉山杏仁粉;344,0;1;380,0;24,0;7207;13.08%;1;14361124001;unique_master_match;1;1;g;1;can;299,0;344,0;13,08139534883721;weight;month;13,08;1,0;54,0;38,0;32,0;26,01;40,0
馬玉山冰糖杏仁茶;米油沖泡;99,0;馬玉山;規格：30g克x12x1Bag袋;馬玉山冰糖杏仁茶;115,0;1;30,0;24,0;7208;13.91%;1;14361128001;unique_master_match;1;1;g;12;bag;8,25;9,583333333333334;13,913043478260875;weight;month;13,91;1,0;44,0;29,0;25,0;6,49;12,0
馬玉山山藥黑芝麻糊 30克x12;米油沖泡;99,0;;規格：30g克x12x1Bag袋;馬玉山山藥黑芝麻糊;112,0;1;30,0;24,0;7209;11.61%;1;14361129001;unique_master_match;1;1;g;12;bag;8,25;9,333333333333334;11,607142857142863;weight;month;11,61;1,0;43,0;28,0;25,0;5,5;12,0
萬歲牌全天然無加糖堅果飲藜麥芝麻;米油沖泡;109,0;萬歲牌;規格：23g克x10x1Bag袋;萬歲牌全天然無加糖堅果飲藜麥芝麻;128,0;1;23,0;12,0;7212;14.84%;0;14361146001;unique_master_match;1;1;g;10;bag;10,9;12,8;14,843750000000004;weight;month;14,84;0,0;45,0;33,0;22,0;3,836;12,0
義美杏仁粉（無添加蔗糖）420g;米油沖泡;256,0;義美;規格：420g克x1x1Can罐;義美杏仁粉（無添加蔗糖）420g;285,0;1;420,0;18,0;7214;10.18%;1;14361149001;unique_master_match;1;1;g;1;can;256,0;285,0;10,175438596491228;weight;month;10,18;1,0;43,0;34,0;18,0;7,46;12,0
馬玉山100%純亞麻籽粉罐裝450g;米油沖泡;199,0;馬玉山;規格：450g克x1x1Can罐;馬玉山無加糖亞麻籽杏仁粉;330,0;1;450,0;18,0;7215;39.70%;1;14361157001;unique_master_match;1;1;g;1;can;199,0;330,0;39,696969696969695;weight;month;39,7;1,0;44,0;33,0;17,0;6,8;12,0
馬玉山亞痲籽堅果薏仁飲 28克x10;米油沖泡;99,0;馬玉山;規格：28g克x12x1Bag袋;馬玉山亞痲籽堅果薏仁飲;112,0;1;28,0;18,0;7216;11.61%;1;14361158001;unique_master_match;1;1;g;12;bag;8,25;9,333333333333334;11,607142857142863;weight;month;11,61;1,0;43,0;30,0;26,0;4,28;12,0
馬玉山亞麻籽堅果黑芝麻飲;米油沖泡;99,0;馬玉山;規格：28g克x12x1Bag袋;馬玉山亞麻籽堅果黑芝麻飲;112,0;1;28,0;18,0;7217;11.61%;1;14361159001;unique_master_match;1;1;g;12;bag;8,25;9,333333333333334;11,607142857142863;weight;month;11,61;1,0;43,0;30,0;26,0;4,28;12,0
馬玉山亞麻籽堅果杏仁飲 28克x10;米油沖泡;99,0;;規格：28g克x12x1Bag袋;馬玉山亞麻籽堅果黑豆飲;112,0;1;28,0;18,0;7218;11.61%;1;14361160001;unique_master_match;1;1;g;12;bag;8,25;9,333333333333334;11,607142857142863;weight;month;11,61;1,0;43,0;30,0;26,0;4,28;12,0
馬玉山亞麻籽堅果杏仁飲 28克x10;米油沖泡;99,0;;規格：28g克x12x1Bag袋;馬玉山亞麻籽堅果杏仁飲;112,0;1;28,0;18,0;7219;11.61%;1;14361161001;unique_master_match;1;1;g;12;bag;8,25;9,333333333333334;11,607142857142863;weight;month;11,61;1,0;43,0;30,0;26,0;4,28;12,0
馬玉山亞麻籽堅果紅豆飲;米油沖泡;99,0;馬玉山;規格：28g克x12x1Bag袋;馬玉山亞麻籽堅果紅豆飲;112,0;1;28,0;24,0;7220;11.61%;0;14361162001;unique_master_match;1;1;g;12;bag;8,25;9,333333333333334;11,607142857142863;weight;month;11,61;0,0;43,0;30,0;26,0;4,28;12,0
九鬼黑芝麻粉;米油沖泡;199,0;九鬼;規格：150g克x1x1Bag包;九鬼黑芝麻粉;0,0;1;150,0;12,0;7221;0.00%;1;14361170001;unique_master_match;1;1;g;1;bag;199,0;0,0;0,0;weight;month;0,0;1,0;48,0;33,0;20,0;5,07;24,0
馬玉山黑芝麻紫米堅果飲 30克x12;米油沖泡;99,0;;規格：30g克x12x1Bag袋;義美山藥黑芝麻粉;105,0;1;30,0;18,0;7222;5.71%;1;14361177001;unique_master_match;1;1;g;12;bag;8,25;8,75;5,714285714285714;weight;month;5,71;1,0;44,0;34,0;17,0;7,338;12,0
萬歲牌燕麥堅果-堅果纖蔬;米油沖泡;99,0;萬歲牌;規格：32g克x10x1Bag袋;萬歲牌燕麥堅果-堅果纖蔬;109,0;1;32,0;12,0;7225;9.17%;1;14361899001;unique_master_match;1;1;g;10;bag;9,9;10,9;9,174311926605503;weight;month;9,17;1,0;48,0;33,0;22,0;4,806;12,0
馬玉山杏仁粉(無添加蔗糖)450g;米油沖泡;199,0;馬玉山;規格：450g克x1x1CAN罐;馬玉山杏仁粉(無添加蔗糖);259,0;1;450,0;18,0;7226;23.17%;1;14361902001;unique_master_match;1;1;g;1;can;199,0;259,0;23,166023166023166;weight;month;23,17;1,0;43,0;32,0;16,0;7,408;12,0
桂格美味燕麥-水果優格51.2g x5;米油沖泡;99,0;桂格;規格：256g克x1x1BOX盒;桂格美味大燕麥片水果優格;129,0;1;256,0;18,0;7232;23.26%;1;14362033001;unique_master_match;1;1;g;1;box;99,0;129,0;23,25581395348837;weight;month;23,26;1,0;32,0;29,0;32,0;4,986;12,0
桂格奇亞籽麥片-特濃鮮奶減糖280g;米油沖泡;99,0;桂格;規格：280g克x1x1Bag包;桂格奇亞籽麥片-特濃鮮奶;128,0;1;280,0;24,0;7238;22.66%;0;14362902001;unique_master_match;1;1;g;1;bag;99,0;128,0;22,65625;weight;month;22,66;0,0;48,0;34,0;31,0;5,53;15,0
歐特有機黑芝麻糊(罐);米油沖泡;498,0;歐特OTER;規格：450g克x1x1CAN罐;歐特有機黑芝麻糊(罐) 有機黑芝麻糊;0,0;1;450,0;18,0;7241;0.00%;0;14364197001;unique_master_match;1;1;g;1;can;498,0;0,0;0,0;weight;month;0,0;0,0;44,0;36,0;21,0;7,61;12,0
歐特有機紅藜穀飲(罐);米油沖泡;498,0;歐特 OTER;規格：450g克x1x1CAN罐;歐特有機紅藜穀飲(罐);0,0;1;450,0;18,0;7242;0.00%;0;14364198001;unique_master_match;1;1;g;1;can;498,0;0,0;0,0;weight;month;0,0;0,0;44,0;36,0;21,0;7,63;12,0
台糖精製細砂1Kg;米油沖泡;36,0;台糖;規格：1Kg公斤x1x1Pack包;台糖精製細砂;0,0;1;1000,0;30,0;7245;0.00%;0;14370002001;unique_master_match;1;1;g;1;pack;36,0;0,0;0,0;weight;month;0,0;0,0;44,0;35,0;19,0;20,97;20,0
台糖精製特砂1Kg;米油沖泡;36,0;台糖;規格：1Kg公斤x1x1Pack包;台糖精製特砂;0,0;1;1000,0;30,0;7246;0.00%;0;14370003001;unique_master_match;1;1;g;1;pack;36,0;0,0;0,0;weight;month;0,0;0,0;43,0;35,0;19,0;20,72;20,0
台糖貳號砂糖1Kg;米油沖泡;36,0;台糖;規格：1Kg公斤x1x1Pack包;台糖貳號砂糖;0,0;1;1000,0;30,0;7247;0.00%;0;14370004001;unique_master_match;1;1;g;1;pack;36,0;0,0;0,0;weight;month;0,0;0,0;42,0;34,0;19,0;20,92;20,0
家樂福中粒冰糖;米油沖泡;68,0;家樂福;規格：1000g克x1x1Bag袋;家福中粒冰糖;0,0;1;1000,0;24,0;7249;0.00%;0;14370007001;unique_master_match;1;1;g;1;bag;68,0;0,0;0,0;weight;month;0,0;0,0;44,0;33,0;15,0;12,6;12,0
台糖本土甘蔗糖;米油沖泡;39,0;台糖;規格：600g克x1x1Pack包;台糖本土甘蔗糖;43,0;1;600,0;30,0;7251;9.30%;0;14370017001;unique_master_match;1;1;g;1;pack;39,0;43,0;9,30232558139535;weight;month;9,3;0,0;43,0;32,0;20,0;19,3;30,0
台糖貳號砂糖500克;米油沖泡;18,0;台糖;規格：500g克x1x1Pack包;台糖貳號砂糖500克;0,0;1;500,0;30,0;7252;0.00%;0;14370020001;unique_master_match;1;1;g;1;pack;18,0;0,0;0,0;weight;month;0,0;0,0;44,0;34,0;21,0;21,28;40,0
家樂福結晶冰糖;米油沖泡;68,0;家樂福;規格：1000g克x1x1Bag袋;家福結晶冰糖;0,0;1;1000,0;24,0;7253;0.00%;1;14370025001;unique_master_match;1;1;g;1;bag;68,0;0,0;0,0;weight;month;0,0;1,0;44,0;33,0;15,0;12,6;12,0
台糖晶冰糖1Kg;米油沖泡;75,0;;規格：1Kg公斤x1x1Pack包;台糖晶冰糖;79,0;1;1000,0;24,0;7254;5.06%;1;14370029001;unique_master_match;1;1;g;1;pack;75,0;79,0;5,063291139240507;weight;month;5,06;1,0;43,0;35,0;17,0;20,85;20,0
綠之宣言-黑糖粉;米油沖泡;40,0;;規格：250g克x1x1PacK包;綠之宣言-黑糖粉;42,0;1;250,0;12,0;7255;4.76%;1;14370044001;unique_master_match;1;1;g;1;pack;40,0;42,0;4,761904761904762;weight;month;4,76;1,0;32,0;23,0;19,0;5,54;20,0
優-砂糖糖包 6g*50支;米油沖泡;58,0;優;規格：300g克x1x1Pack包;優-砂糖糖包(6g*50支);60,0;1;300,0;24,0;7256;3.33%;0;14370045001;unique_master_match;1;1;g;1;pack;58,0;60,0;3,3333333333333335;weight;month;3,33;0,0;35,0;26,0;15,0;4,33;12,0
TWS台灣維生糖粉-450g;米油沖泡;49,0;;規格：450g克x1x1Pack包;TWS台灣維生糖粉;0,0;1;450,0;24,0;7257;0.00%;1;14370048001;unique_master_match;1;1;g;1;pack;49,0;0,0;0,0;weight;month;0,0;1,0;42,0;32,0;15,0;11,23;24,0
台糖高級紅糖300g;米油沖泡;35,0;台糖;規格：300g克x1x1Bag包;台糖高級紅糖300克;40,0;1;300,0;24,0;7261;12.50%;1;14370069001;unique_master_match;1;1;g;1;bag;35,0;40,0;12,5;weight;month;12,5;1,0;44,0;35,0;16,0;10,2;30,0
台糖黑糖-300g;米油沖泡;46,0;台糖;規格：300g克x1x1Bag包;台糖黑糖300克;52,0;1;300,0;24,0;7262;11.54%;0;14370072001;unique_master_match;1;1;g;1;bag;46,0;52,0;11,538461538461538;weight;month;11,54;0,0;44,0;35,0;16,0;10,2;30,0
老傳家正宗台灣味傳統黑糖900g;米油沖泡;89,0;老傳家;規格：900g克x1x1Bag包;正宗台灣味傳統黑糖;0,0;1;900,0;24,0;7263;0.00%;1;14370073001;unique_master_match;1;1;g;1;bag;89,0;0,0;0,0;weight;month;0,0;1,0;42,0;34,0;22,0;15,206;16,0
台糖精緻特砂-500g;米油沖泡;19,0;台糖;規格：500g克x1x1Bag包;台糖精緻特砂500克;21,0;1;500,0;30,0;7264;9.52%;1;14370076001;unique_master_match;1;1;g;1;bag;19,0;21,0;9,523809523809524;weight;month;9,52;1,0;40,0;3,0;20,0;21,34;40,0
台灣紅冰糖 600g;米油沖泡;90,0;優;規格：600g克x1x1Bag包;優-台灣紅冰糖;92,0;1;600,0;24,0;7265;2.17%;1;14370077001;unique_master_match;1;1;g;1;bag;90,0;92,0;2,1739130434782608;weight;month;2,17;1,0;34,0;29,0;12,0;7,6;12,0
味味A排骨雞麵(袋)90gx5;米油沖泡;75,0;味丹;規格：90g克x1x5Pack包;味味A排骨雞麵(袋) 90g;77,0;1;90,0;6,0;7288;2.60%;1;14500000001;unique_master_match;1;1;g;5;pack;15,0;15,4;2,5974025974025996;weight;month;2,6;1,0;41,0;32,0;13,0;3,55;30,0
味王麻油雞湯麵(包) 90g;米油沖泡;64,0;味王;規格：90g克x1x5Pack包;味王麻油雞湯麵(包) 90g;66,0;1;90,0;6,0;7290;3.03%;1;14500003001;unique_master_match;1;1;g;5;pack;12,8;13,2;3,0303030303030196;weight;month;3,03;1,0;37,0;31,0;14,0;3,44;30,0
味王排骨雞-精燉肉醬(包) 93gx5;米油沖泡;64,0;味王;規格：93g克x1x5Pack包;味王排骨雞-精燉肉醬(包) 93g;66,0;1;93,0;6,0;7292;3.03%;1;14500005001;unique_master_match;1;1;g;5;pack;12,8;13,2;3,0303030303030196;weight;month;3,03;1,0;40,0;31,0;14,0;3,46;30,0
維力元祖雞汁麵70g;米油沖泡;45,0;維力;規格：70g克x1x5Bag袋;維力元祖雞汁麵70g;50,0;1;70,0;6,0;7294;10.00%;0;14500007001;unique_master_match;1;1;g;5;bag;9,0;10,0;10,0;weight;month;10,0;0,0;38,0;32,0;14,0;2,77;30,0
台酒花雕雞麵(碗)200g;米油沖泡;49,0;台酒;規格：200g克x1x1PC碗;台酒花雕雞麵(碗)200g;0,0;1;200,0;6,0;7295;0.00%;1;14500008001;unique_master_match;1;1;g;1;pc;49,0;0,0;0,0;weight;month;0,0;1,0;49,0;35,0;15,0;3,24;12,0
統一阿Q雞汁排骨(碗) 107gx3;米油沖泡;89,0;統一;規格：107g克x1x3Bowl碗;統一阿Q排骨雞汁(碗) 107g;90,0;1;107,0;6,0;7296;1.11%;0;14500010001;unique_master_match;1;1;g;3;bowl;29,666666666666668;30,0;1,1111111111111072;weight;month;1,11;0,0;42,0;28,0;23,0;2,5;12,0
大補帖麻油雞(碗)105g;米油沖泡;52,0;統一;規格：105g克x1x2PC碗;大補帖麻油雞(碗)105g;0,0;1;105,0;6,0;7298;0.00%;0;14500012001;unique_master_match;1;1;g;2;pc;26,0;0,0;0,0;weight;month;0,0;0,0;43,0;29,0;18,0;3,0;12,0
味味A小排骨雞麵(碗)90gx3;米油沖泡;57,0;味味;規格：90g克x1x3Bowl碗;味味A小排骨雞麵(碗) 90g;0,0;1;90,0;6,0;7299;0.00%;1;14500013001;unique_master_match;1;1;g;3;bowl;19,0;0,0;0,0;weight;month;0,0;1,0;43,0;28,0;17,0;1,61;12,0
味味A冬菜鴨肉冬粉(袋)60g;米油沖泡;89,0;味味;規格：60g克x1x4PC包;味味A冬菜鴨肉冬粉(袋) 60g;94,0;1;60,0;9,0;7301;5.32%;1;14500017001;unique_master_match;1;1;g;4;pc;22,25;23,5;5,319148936170213;weight;month;5,32;1,0;34,0;33,0;15,0;1,6;24,0
韓式小雞麵(雞汁味)30g x3;米油沖泡;32,0;Enaak;規格：30g克x3x1Bag包;韓式小雞麵(雞汁味)30g x3;39,0;1;30,0;12,0;7302;17.95%;0;14500018001;unique_master_match;1;1;g;3;bag;10,666666666666666;13,0;17,948717948717956;weight;month;17,95;0,0;51,0;29,0;41,0;6,22;48,0
統一大補帖當歸鴨細麵(碗)102g;米油沖泡;52,0;統一;規格：102g克x1x2Bowl碗;統一大補帖當歸鴨細麵(碗)102g;0,0;1;102,0;6,0;7304;0.00%;0;14500023001;unique_master_match;1;1;g;2;bowl;26,0;0,0;0,0;weight;month;0,0;0,0;43,0;29,0;18,0;3,0;12,0
台酒米酒麻油雞麵(碗)200g;米油沖泡;49,0;台酒;規格：200g克x1x1PC碗;台酒米酒麻油雞麵(碗)200g;0,0;1;200,0;6,0;7305;0.00%;0;14500024001;unique_master_match;1;1;g;1;pc;49,0;0,0;0,0;weight;month;0,0;0,0;49,0;35,0;15,0;3,24;12,0
味味A冬菜鴨肉冬粉(碗) 60g;米油沖泡;72,0;味味;規格：60g克x1x3PC碗;味味A冬菜鴨肉冬粉(碗) 60g;0,0;1;60,0;9,0;7306;0.00%;1;14500026001;unique_master_match;1;1;g;3;pc;24,0;0,0;0,0;weight;month;0,0;1,0;43,0;28,0;17,0;1,3;12,0
韓式小雞麵(雞汁味)30g x24;米油沖泡;249,0;;規格：30g克x24x1BOX盒;韓式小雞麵(雞汁味)30g x24;312,0;1;30,0;12,0;7312;20.19%;1;14500037001;unique_master_match;1;1;g;24;box;10,375;13,0;20,192307692307693;weight;month;20,19;1,0;41,0;37,0;38,0;6,83;6,0
韓式小雞麵(香辣味)28gx24;米油沖泡;249,0;;規格：28g克x24x1BOX箱;韓式小雞麵(香辣味)28gx24;312,0;1;28,0;12,0;7313;20.19%;0;14500042001;unique_master_match;1;1;g;24;box;10,375;13,0;20,192307692307693;weight;month;20,19;0,0;40,0;37,0;38,0;6,88;6,0
韓式小雞麵(香辣味)袋裝28g*3;米油沖泡;32,0;;規格：28g克x3x1Bag袋;韓式小雞麵(香辣味)袋裝28g*3;39,0;1;28,0;12,0;7315;17.95%;0;14500048001;unique_master_match;1;1;g;3;bag;10,666666666666666;13,0;17,948717948717956;weight;month;17,95;0,0;52,0;29,0;41,0;6,16;48,0
味王當歸藥膳湯麵(包)85gx4;米油沖泡;70,0;味王;規格：85g克x1x4PacK包;味王當歸藥膳湯麵(包)85g;0,0;1;85,0;6,0;7316;0.00%;0;14500051001;unique_master_match;1;1;g;4;pack;17,5;0,0;0,0;weight;month;0,0;0,0;32,0;30,0;14,0;2,5;24,0
上智雞絲麵冬菜口味280g;米油沖泡;89,0;上智;規格：280g克x1x1Bag袋;上智雞絲麵冬菜口味280g;0,0;1;280,0;8,0;7320;0.00%;0;14500058001;unique_master_match;1;1;g;1;bag;89,0;0,0;0,0;weight;month;0,0;0,0;65,0;28,0;40,0;7,03;20,0
上智雞絲麵當歸口味280g;米油沖泡;89,0;上智;規格：280g克x1x1Bag袋;上智雞絲麵當歸口味280g;0,0;1;280,0;8,0;7321;0.00%;0;14500059001;unique_master_match;1;1;g;1;bag;89,0;0,0;0,0;weight;month;0,0;0,0;65,0;28,0;40,0;7,03;20,0
台酒麵攤三杯雞風味乾麵105g;米油沖泡;108,0;台酒;規格：105g克x1x5Bag包;台酒麵攤三杯雞風味乾麵105g;0,0;1;105,0;6,0;7323;0.00%;0;14500064001;unique_master_match;1;1;g;5;bag;21,6;0,0;0,0;weight;month;0,0;0,0;39,0;33,0;14,0;3,98;30,0
味丹雙響泡日式雞白湯麵(桶)107g;米油沖泡;84,0;味丹;規格：107g克x1x3Can桶;雙響泡日式雞白湯麵107g;0,0;1;107,0;6,0;7324;0.00%;1;14500066001;unique_master_match;1;1;g;3;can;28,0;0,0;0,0;weight;month;0,0;1,0;40,0;27,0;23,0;2,03;12,0
美味小舖蔥燒牛肉湯麵(包)72g;米油沖泡;59,0;味丹;規格：72g克x1x5Pack包;美味小舖蔥燒牛肉湯麵(包)72g;65,0;1;72,0;6,0;7327;9.23%;1;14501002001;unique_master_match;1;1;g;5;pack;11,8;13,0;9,230769230769226;weight;month;9,23;1,0;39,0;31,0;14,0;2,8;30,0
味王原汁牛肉麵(袋)82g;米油沖泡;64,0;味王;規格：82g克x1x5Pack包;味王原汁牛肉麵(袋) 82g;66,0;1;82,0;6,0;7328;3.03%;1;14501004001;unique_master_match;1;1;g;5;pack;12,8;13,2;3,0303030303030196;weight;month;3,03;1,0;36,0;31,0;14,0;3,014;30,0
台酒花雕酸菜牛肉麵(包)200g;米油沖泡;137,0;台酒;規格：200g克x1x3Pack包;台酒花雕酸菜牛肉麵(包)200g;139,0;1;200,0;6,0;7329;1.44%;1;14501005001;unique_master_match;1;1;g;3;pack;45,666666666666664;46,333333333333336;1,4388489208633195;weight;month;1,44;1,0;30,0;30,0;13,0;2,98;12,0
味王小館椒麻牛肉湯麵(包)91g;米油沖泡;72,0;味王;規格：91g克x1x4Bag袋;味王小館椒麻牛肉湯麵(包)91g;75,0;1;91,0;6,0;7330;4.00%;0;14501007001;unique_master_match;1;1;g;4;bag;18,0;18,75;4,0;weight;month;4,0;0,0;32,0;30,0;14,0;2,5;24,0
來一客-牛肉蔬菜-65g;米油沖泡;65,0;統一;規格：65g克x1x3Bowl碗;來一客-牛肉蔬菜 65g;0,0;1;65,0;6,0;7331;0.00%;1;14501010001;unique_master_match;1;1;g;3;bowl;21,666666666666668;0,0;0,0;weight;month;0,0;1,0;45,0;34,0;21,0;3,0;24,0
滿漢大餐珍味牛肉麵(碗)187g;米油沖泡;100,0;統一;規格：187g克x1x2Bowl碗;滿漢大餐珍味牛肉麵(碗)187g;108,0;1;187,0;6,0;7332;7.41%;1;14501011001;unique_master_match;1;1;g;2;bowl;50,0;54,0;7,4074074074074066;weight;month;7,41;1,0;50,0;36,0;15,0;3,0;12,0
滿漢大餐蔥燒牛肉(碗) 192g;米油沖泡;100,0;統一;規格：192g克x1x2Bowl碗;滿漢大餐蔥燒牛肉(碗) 192g;108,0;1;192,0;6,0;7333;7.41%;1;14501012001;unique_master_match;1;1;g;2;bowl;50,0;54,0;7,4074074074074066;weight;month;7,41;1,0;50,0;36,0;15,0;3,0;12,0
統一阿Q紅椒牛肉(碗)101g;米油沖泡;89,0;統一;規格：101g克x1x3Bowl碗;統一阿Q紅椒牛肉(碗) 101g;90,0;1;101,0;6,0;7334;1.11%;1;14501013001;unique_master_match;1;1;g;3;bowl;29,666666666666668;30,0;1,1111111111111072;weight;month;1,11;1,0;42,0;28,0;22,0;2,5;12,0
統一辣味蔥燒牛肉(包) 90g;米油沖泡;78,0;統一;規格：90g克x1x5Pack包;統一辣味蔥燒牛肉(包) 90g;80,0;1;90,0;6,0;7335;2.50%;1;14501014001;unique_master_match;1;1;g;5;pack;15,6;16,0;2,500000000000002;weight;month;2,5;1,0;37,0;37,0;14,0;3,24;30,0
滿漢大餐珍味牛肉(袋)173g;米油沖泡;134,0;統一;規格：173g克x1x3Pack包;滿漢大餐珍味牛肉(袋) 173g;139,0;1;173,0;6,0;7336;3.60%;1;14501016001;unique_master_match;1;1;g;3;pack;44,666666666666664;46,333333333333336;3,5971223021582834;weight;month;3,6;1,0;34,0;26,0;15,0;2,78;12,0
味味一品皇朝牛筋麵(碗)185g;米油沖泡;92,0;味丹;規格：185g克x1x2PC碗;味味一品皇朝牛筋麵(碗) 185g;100,0;1;185,0;6,0;7337;8.00%;1;14501017001;unique_master_match;1;1;g;2;pc;46,0;50,0;8,0;weight;month;8,0;1,0;37,0;34,0;16,0;2,15;8,0
滿漢大餐蔥燒牛肉(袋) 187g;米油沖泡;134,0;統一;規格：187g克x1x3Bag袋;滿漢大餐蔥燒牛肉(袋) 187g;139,0;1;187,0;6,0;7339;3.60%;0;14501022001;unique_master_match;1;1;g;3;bag;44,666666666666664;46,333333333333336;3,5971223021582834;weight;month;3,6;0,0;34,0;26,0;15,0;2,75;12,0
味味一品紅燒牛肉麵(碗)181g;米油沖泡;92,0;味丹;規格：181g克x1x2PC碗;味味一品紅燒牛肉麵(碗)181g;100,0;1;181,0;6,0;7341;8.00%;1;14501026001;unique_master_match;1;1;g;2;pc;46,0;50,0;8,0;weight;month;8,0;1,0;37,0;34,0;16,0;2,13;8,0
味味一品皇朝牛筋麵(包)177g;米油沖泡;127,0;味丹;規格：177g克x1x3Pack包;味味一品皇朝牛筋麵(包)177g;129,0;1;177,0;6,0;7342;1.55%;0;14501029001;unique_master_match;1;1;g;3;pack;42,333333333333336;43,0;1,5503875968992191;weight;month;1,55;0,0;35,0;31,0;13,0;2,75;12,0
台酒花雕酸菜牛肉麵(碗)200g;米油沖泡;49,0;台酒;規格：200g克x1x1PC碗;台酒花雕酸菜牛肉麵(碗)200g;0,0;1;200,0;6,0;7343;0.00%;1;14501031001;unique_master_match;1;1;g;1;pc;49,0;0,0;0,0;weight;month;0,0;1,0;49,0;35,0;15,0;3,24;12,0
味味一品原汁珍味牛肉(袋)185g;米油沖泡;127,0;味丹;規格：185g克x1x3Bag袋;味味一品原汁珍味牛肉(袋)185g;135,0;1;185,0;6,0;7344;5.93%;1;14501037001;unique_master_match;1;1;g;3;bag;42,333333333333336;45,0;5,92592592592592;weight;month;5,93;1,0;34,0;30,0;13,0;2,84;12,0
滿漢大餐麻辣鍋牛肉麵(袋)200g;米油沖泡;134,0;統一;規格：200g克x1x3Pack包;滿漢大餐麻辣鍋牛肉麵(袋)200g;139,0;1;200,0;6,0;7345;3.60%;0;14501038001;unique_master_match;1;1;g;3;pack;44,666666666666664;46,333333333333336;3,5971223021582834;weight;month;3,6;0,0;32,0;26,0;15,0;3,0;12,0
來一客川辣牛肉-67g;米油沖泡;65,0;統一;規格：67g克x1x3Cup杯;來一客川辣牛肉 67g;0,0;1;67,0;6,0;7346;0.00%;0;14501045001;unique_master_match;1;1;g;3;cup;21,666666666666668;0,0;0,0;weight;month;0,0;0,0;45,0;34,0;21,0;3,0;24,0
味味A香辣牛肉麵(袋) 83g;米油沖泡;75,0;味味;規格：83g克x1x5Pack包;味味A香辣牛肉麵(袋) 83g;0,0;1;83,0;6,0;7347;0.00%;1;14501047001;unique_master_match;1;1;g;5;pack;15,0;0,0;0,0;weight;month;0,0;1,0;40,0;31,0;14,0;3,28;30,0
味味一品原汁珍味牛肉(袋)185g;米油沖泡;127,0;味丹;規格：185g克x1x3Bag袋;味味一品原汁珍味牛肉(碗)185g;135,0;1;185,0;6,0;7349;5.93%;1;14501053001;unique_master_match;1;1;g;3;bag;42,333333333333336;45,0;5,92592592592592;weight;month;5,93;1,0;36,0;34,0;15,0;2,33;8,0
滿漢大餐麻辣鍋牛肉(碗) 204g;米油沖泡;51,0;統一;規格：204g克x1x1Bowl碗;滿漢大餐麻辣鍋牛肉(碗) 204g;54,0;1;204,0;6,0;7350;5.56%;0;14501058001;unique_master_match;1;1;g;1;bowl;51,0;54,0;5,555555555555555;weight;month;5,56;0,0;49,0;33,0;8,0;1,6;6,0
統一蔥燒牛肉碗麵 90g;米油沖泡;57,0;統一;規格：90g克x1x3Bowl碗;統一蔥燒牛肉碗麵 90g;0,0;1;90,0;6,0;7351;0.00%;0;14501063001;unique_master_match;1;1;g;3;bowl;19,0;0,0;0,0;weight;month;0,0;0,0;42,0;28,0;17,0;1,8;12,0
一度贊-老甕牛肉麵(碗) 185g;米油沖泡;86,0;維力;規格：185g克x1x2Bowl碗;一度贊-老甕牛肉麵(碗) 185g;0,0;1;185,0;6,0;7352;0.00%;1;14501065001;unique_master_match;1;1;g;2;bowl;43,0;0,0;0,0;weight;month;0,0;1,0;49,0;37,0;16,0;3,35;12,0
味王紅燒牛肉麵(包) 83g;米油沖泡;64,0;味王;規格：83g克x1x5Pack包;味王紅燒牛肉麵(包) 83g;66,0;1;83,0;6,0;7353;3.03%;1;14501084001;unique_master_match;1;1;g;5;pack;12,8;13,2;3,0303030303030196;weight;month;3,03;1,0;36,0;31,0;14,0;3,12;30,0
一度贊-紅燒牛肉(袋) 200g;米油沖泡;132,0;維力;規格：200g克x1x3Pack包;一度贊-紅燒牛肉(袋) 200g;135,0;1;200,0;6,0;7354;2.22%;1;14501086001;unique_master_match;1;1;g;3;pack;44,0;45,0;2,2222222222222223;weight;month;2,22;1,0;31,0;30,0;14,0;2,87;12,0
味味一品紅燒牛肉袋麵181g;米油沖泡;127,0;味丹;規格：181g克x1x3Bag包;味味一品紅燒牛肉袋麵181g;135,0;1;181,0;6,0;7355;5.93%;1;14501899001;unique_master_match;1;1;g;3;bag;42,333333333333336;45,0;5,92592592592592;weight;month;5,93;1,0;34,0;32,0;13,0;2,92;12,0
維力大炒一番-鐵板牛肉(包)85g;米油沖泡;55,0;維力;規格：85g克x1x4Bag包;維力大炒一番-鐵板牛肉(包)85g;84,0;1;85,0;6,0;7356;34.52%;0;14501902001;unique_master_match;1;1;g;4;bag;13,75;21,0;34,523809523809526;weight;month;34,52;0,0;32,0;32,0;14,0;2,9;24,0
味丹雙響泡爆香牛肉湯麵(桶)109g;米油沖泡;88,0;味丹;規格：109g克x1x3Bucket桶;雙響泡爆香牛肉湯麵(桶)109g;0,0;1;109,0;6,0;7358;0.00%;1;14501905001;unique_master_match;1;1;g;3;bucket;29,333333333333332;0,0;0,0;weight;month;0,0;1,0;43,0;28,0;23,0;2,37;12,0
維力大乾麵蔥燒牛肉風味麵-95g;米油沖泡;83,0;維力;規格：95g克x1x5Bag包;維力大乾麵蔥燒牛肉風味麵95g;0,0;1;95,0;6,0;7362;0.00%;1;14501926001;unique_master_match;1;1;g;5;bag;16,6;0,0;0,0;weight;month;0,0;1,0;38,0;32,0;14,0;3,72;30,0
真爽蔥辣牛肉風味麵75g;米油沖泡;69,0;維力;規格：75g克x1x5Bag包;真爽蔥辣牛肉風味麵75g;72,0;1;75,0;6,0;7363;4.17%;1;14501928001;unique_master_match;1;1;g;5;bag;13,8;14,4;4,166666666666664;weight;month;4,17;1,0;37,0;32,0;14,0;3,06;30,0
真爽黑胡椒牛肉風味麵80g;米油沖泡;69,0;維力;規格：80g克x1x5PC包;真爽黑胡椒牛肉風味麵80g;72,0;1;80,0;6,0;7364;4.17%;0;14501929001;unique_master_match;1;1;g;5;pc;13,8;14,4;4,166666666666664;weight;month;4,17;0,0;37,0;32,0;14,0;3,12;30,0
味丹 老北京炸醬麵84g;米油沖泡;118,0;味丹;規格：84g克x1x4Bag包;味丹 老北京炸醬麵84g;0,0;1;84,0;6,0;7370;0.00%;0;14501942001;unique_master_match;1;1;g;4;bag;29,5;0,0;0,0;weight;month;0,0;0,0;33,0;31,0;15,0;3,0;24,0
統一大補帖當歸鴨細麵(碗)102g;米油沖泡;52,0;統一;規格：102g克x1x2Bowl碗;薑燒麻油雞麵線;0,0;1;102,0;6,0;7371;0.00%;1;14501943001;unique_master_match;1;1;g;2;bowl;26,0;0,0;0,0;weight;month;0,0;1,0;53,0;19,0;28,0;6,74;12,0
統一阿Q雞汁排骨(碗) 107g x12;米油沖泡;356,0;統一;規格：107g克x1x12Bowl碗;蒜香豆瓣辣雞麵;360,0;1;107,0;6,0;7372;1.11%;1;14501944001;unique_master_match;1;1;g;12;bowl;29,666666666666668;30,0;1,1111111111111072;weight;month;1,11;1,0;54,0;28,0;20,0;6,74;12,0
真爽精燉豬肉風味麵80g;米油沖泡;69,0;維力;規格：80g克x1x5PC包;真爽精燉豬肉風味麵80g;72,0;1;80,0;6,0;7373;4.17%;1;14502002001;unique_master_match;1;1;g;5;pc;13,8;14,4;4,166666666666664;weight;month;4,17;1,0;37,0;32,0;14,0;3,12;30,0
美味小舖肉燥湯麵(包)67g;米油沖泡;59,0;味丹;規格：67g克x1x5Pack包;美味小舖肉燥湯麵(包)67g;65,0;1;67,0;6,0;7374;9.23%;0;14502003001;unique_master_match;1;1;g;5;pack;11,8;13,0;9,230769230769226;weight;month;9,23;0,0;39,0;31,0;14,0;2,62;30,0
一度贊-爌肉(碗) 200g;米油沖泡;86,0;維力;規格：200g克x1x2Bowl碗;一度贊-爌肉(碗) 200g;0,0;1;200,0;6,0;7375;0.00%;1;14502004001;unique_master_match;1;1;g;2;bowl;43,0;0,0;0,0;weight;month;0,0;1,0;50,0;36,0;17,0;3,21;12,0
出前一丁黑蒜油豬骨湯味速食麵;米油沖泡;109,0;日清;規格：100g克x1x5Pack包;日清出前一丁黑蒜油豬骨湯味麵(杯);119,0;1;100,0;12,0;7376;8.40%;1;14502005001;unique_master_match;1;1;g;5;pack;21,8;23,8;8,403361344537814;weight;month;8,4;1,0;42,0;31,0;24,0;2,89;24,0
拉麵道-日式豚骨(袋)94g;米油沖泡;70,0;統一;規格：94g克x1x4Pack包;拉麵道-日式豚骨(袋) 94g;72,0;1;94,0;6,0;7377;2.78%;1;14502006001;unique_master_match;1;1;g;4;pack;17,5;18,0;2,7777777777777777;weight;month;2,78;1,0;37,0;31,0;14,0;3,0;24,0
味王香菇肉羹湯碗麵88g;米油沖泡;60,0;味王;規格：88g克x1x3Bowl碗;味王香菇肉羹湯碗麵 88g;66,0;1;88,0;6,0;7378;9.09%;1;14502007001;unique_master_match;1;1;g;3;bowl;20,0;22,0;9,090909090909092;weight;month;9,09;1,0;43,0;30,0;17,0;1,92;12,0
味丹酒膳排骨袋麵;米油沖泡;119,0;味丹;規格：180g克x1x3Bag袋;味丹酒膳排骨袋麵;138,0;1;180,0;6,0;7379;13.77%;1;14502008001;unique_master_match;1;1;g;3;bag;39,666666666666664;46,0;13,768115942028992;weight;month;13,77;1,0;34,0;31,0;13,0;2,86;12,0
統一肉燥(包) 85g;米油沖泡;78,0;統一;規格：85g克x1x5Pack包;統一肉燥(包) 85g;80,0;1;85,0;6,0;7380;2.50%;0;14502009001;unique_master_match;1;1;g;5;pack;15,6;16,0;2,500000000000002;weight;month;2,5;0,0;37,0;37,0;14,0;2,99;30,0
來一客-京燉肉骨 71g;米油沖泡;65,0;統一;規格：71g克x1x3Bowl碗;來一客-京燉肉骨 71g;0,0;1;71,0;6,0;7382;0.00%;1;14502011001;unique_master_match;1;1;g;3;bowl;21,666666666666668;0,0;0,0;weight;month;0,0;1,0;45,0;33,0;20,0;3,0;24,0
統一肉骨茶(包) 93g;米油沖泡;78,0;統一;規格：93g克x1x5Pack包;統一肉骨茶(包) 93g;80,0;1;93,0;6,0;7383;2.50%;0;14502012001;unique_master_match;1;1;g;5;pack;15,6;16,0;2,500000000000002;weight;month;2,5;0,0;37,0;37,0;14,0;3,19;30,0
來一客-肉燥菠菜-67g;米油沖泡;65,0;統一;規格：67g克x1x3Bowl碗;來一客-肉燥菠菜 67g;0,0;1;67,0;6,0;7385;0.00%;1;14502014001;unique_master_match;1;1;g;3;bowl;21,666666666666668;0,0;0,0;weight;month;0,0;1,0;46,0;33,0;20,0;3,0;24,0
統一阿Q蒜香珍肉(碗)106gx3;米油沖泡;89,0;統一;規格：106g克x1x3Bowl碗;統一阿Q蒜香珍肉(碗)106g;90,0;1;106,0;6,0;7386;1.11%;0;14502015001;unique_master_match;1;1;g;3;bowl;29,666666666666668;30,0;1,1111111111111072;weight;month;1,11;0,0;43,0;28,0;23,0;2,5;12,0
日清咚兵衛油豆腐烏龍麵(碗);米油沖泡;95,0;日清;規格：95g克x1x1Bowl碗;日清咚兵衛油豆腐烏龍麵(碗);0,0;1;95,0;6,0;7388;0.00%;1;14502018001;unique_master_match;1;1;g;1;bowl;95,0;0,0;0,0;weight;month;0,0;1,0;44,0;30,0;16,0;1,6;12,0
真爽精燉豬肉風味麵80g;米油沖泡;69,0;維力;規格：80g克x1x5PC包;真爽麻辣鍋豬肉風味麵80g;72,0;1;80,0;6,0;7389;4.17%;1;14502019001;unique_master_match;1;1;g;5;pc;13,8;14,4;4,166666666666664;weight;month;4,17;1,0;37,0;32,0;14,0;3,12;30,0
浪味炒麵 80g;米油沖泡;68,0;旺旺;規格：80g克x1x5Pack包;浪味炒麵 80g;72,0;1;80,0;8,0;7390;5.56%;1;14502020001;unique_master_match;1;1;g;5;pack;13,6;14,4;5,55555555555556;weight;month;5,56;1,0;36,0;30,0;13,0;2,78;30,0
味味一品原汁珍味爌肉(袋)190g;米油沖泡;127,0;味丹;規格：190g克x1x3Bag袋;味味一品原汁珍味爌肉(袋)190g;135,0;1;190,0;6,0;7391;5.93%;1;14502021001;unique_master_match;1;1;g;3;bag;42,333333333333336;45,0;5,92592592592592;weight;month;5,93;1,0;34,0;31,0;13,0;2,92;12,0
滿漢大餐蔥燒豬肉(袋) 193g;米油沖泡;134,0;統一;規格：193g克x1x3Pack包;滿漢大餐蔥燒豬肉(袋) 193g;135,0;1;193,0;6,0;7392;0.74%;1;14502022001;unique_master_match;1;1;g;3;pack;44,666666666666664;45,0;0,740740740740746;weight;month;0,74;1,0;32,0;26,0;15,0;2,86;12,0
台酒麻辣酒香豚肉麵(包)200g;米油沖泡;137,0;台酒;規格：200g克x1x3Bag袋;台酒麻辣酒香豚肉麵(包)200g;139,0;1;200,0;6,0;7393;1.44%;1;14502023001;unique_master_match;1;1;g;3;bag;45,666666666666664;46,333333333333336;1,4388489208633195;weight;month;1,44;1,0;34,0;30,0;13,0;3,14;12,0
滿漢大餐蔥燒豬肉麵(碗)193g;米油沖泡;100,0;統一;規格：193g克x1x2Bowl碗;滿漢大餐蔥燒豬肉麵(大碗)193g;108,0;1;193,0;6,0;7394;7.41%;1;14502026001;unique_master_match;1;1;g;2;bowl;50,0;54,0;7,4074074074074066;weight;month;7,41;1,0;50,0;36,0;15,0;3,0;12,0
台酒花雕東坡肉麵(包)200g;米油沖泡;137,0;台酒;規格：200g克x1x3Bag包;台酒花雕東坡肉麵(包)200g;145,0;1;200,0;6,0;7395;5.52%;1;14502029001;unique_master_match;1;1;g;3;bag;45,666666666666664;48,333333333333336;5,517241379310354;weight;month;5,52;1,0;35,0;30,0;13,0;3,01;12,0
日清出前一丁 北海道味噌豬骨即食麵 100g x 5Bag;米油沖泡;109,0;日清;規格：100g克x1x5Bag袋;出前一丁北海道味噌豬骨即食麵;119,0;1;100,0;12,0;7399;8.40%;1;14502044001;unique_master_match;1;1;g;5;bag;21,8;23,8;8,403361344537814;weight;month;8,4;1,0;37,0;33,0;14,0;3,12;30,0
味味一品原汁珍味爌肉(碗)190g;米油沖泡;92,0;味丹;規格：190g克x1x2Bowl碗;味味一品原汁珍味爌肉(碗)190g;100,0;1;190,0;6,0;7402;8.00%;1;14502054001;unique_master_match;1;1;g;2;bowl;46,0;50,0;8,0;weight;month;8,0;1,0;36,0;33,0;15,0;2,39;8,0
日清 拉王豚骨味非油炸速食麵 89g x 5;米油沖泡;149,0;日清;規格：445g克x1x1Bag袋;日清拉王辣豚骨味非油炸速食麵;159,0;1;445,0;10,0;7405;6.29%;1;14502068001;unique_master_match;1;1;g;1;bag;149,0;159,0;6,289308176100629;weight;month;6,29;1,0;38,0;35,0;15,0;3,47;6,0
日清 拉王豚骨味非油炸速食麵 89g x 5;米油沖泡;149,0;日清;規格：445g克x1x1Bag袋;日清拉王豚骨味非油炸速食麵;159,0;1;445,0;10,0;7406;6.29%;0;14502069001;unique_master_match;1;1;g;1;bag;149,0;159,0;6,289308176100629;weight;month;6,29;0,0;38,0;35,0;15,0;3,4;6,0
統一肉燥碗麵-85gx3;米油沖泡;57,0;統一;規格：85g克x1x3Bowl碗;統一肉燥碗麵 85g;0,0;1;85,0;6,0;7407;0.00%;0;14502077001;unique_master_match;1;1;g;3;bowl;19,0;0,0;0,0;weight;month;0,0;0,0;43,0;28,0;17,0;1,8;12,0
統一肉骨茶碗麵-93g;米油沖泡;57,0;統一;規格：93g克x1x3Bowl碗;統一肉骨茶碗麵 93g;0,0;1;93,0;6,0;7408;0.00%;1;14502078001;unique_master_match;1;1;g;3;bowl;19,0;0,0;0,0;weight;month;0,0;1,0;43,0;28,0;17,0;1,8;12,0
味王香菇肉羹麵(包) 87g;米油沖泡;64,0;味王;規格：87g克x1x5Pack包;味王香菇肉羹麵(包) 87g;66,0;1;87,0;6,0;7409;3.03%;1;14502080001;unique_master_match;1;1;g;5;pack;12,8;13,2;3,0303030303030196;weight;month;3,03;1,0;40,0;32,0;14,0;3,19;30,0
味味麵精燉肉燥湯麵(包) 78g;米油沖泡;65,0;味丹;規格：78g克x1x5Pack包;味味麵精燉肉燥湯麵(包) 78g;70,0;1;78,0;6,0;7410;7.14%;1;14502081001;unique_master_match;1;1;g;5;pack;13,0;14,0;7,142857142857142;weight;month;7,14;1,0;38,0;31,0;13,0;3,25;30,0
一度贊-爌肉(袋) 200g;米油沖泡;132,0;維力;規格：200g克x1x3Pack包;一度贊-爌肉(袋) 200g;135,0;1;200,0;6,0;7411;2.22%;1;14502111001;unique_master_match;1;1;g;3;pack;44,0;45,0;2,2222222222222223;weight;month;2,22;1,0;31,0;30,0;14,0;2,98;12,0
統一鮮蝦麵(包)83g;米油沖泡;78,0;統一;規格：83g克x1x5Pack包;統一鮮蝦麵(包) 83g;80,0;1;83,0;6,0;7413;2.50%;1;14503000001;unique_master_match;1;1;g;5;pack;15,6;16,0;2,500000000000002;weight;month;2,5;1,0;37,0;37,0;14,0;3,0;30,0
維力媽媽麵-蛤蜊海鮮(包)80g;米油沖泡;59,0;維力;規格：80g克x1x5Bag包;維力媽媽麵-蛤蜊海鮮(包)80g;68,0;1;80,0;6,0;7414;13.24%;0;14503002001;unique_master_match;1;1;g;5;bag;11,8;13,6;13,23529411764705;weight;month;13,24;0,0;38,0;32,0;14,0;3,13;30,0
來一客-鮮蝦魚板-63g;米油沖泡;65,0;統一;規格：63g克x1x3Cup杯;來一客-鮮蝦魚板 63g;0,0;1;63,0;6,0;7415;0.00%;1;14503003001;unique_master_match;1;1;g;3;cup;21,666666666666668;0,0;0,0;weight;month;0,0;1,0;46,0;33,0;20,0;3,0;24,0
維力大炒一番-九層塔蛤蜊85g;米油沖泡;55,0;維力;規格：85g克x1x4Bag包;維力大炒一番-九層塔蛤蜊85g;84,0;1;85,0;6,0;7417;34.52%;1;14503005001;unique_master_match;1;1;g;4;bag;13,75;21,0;34,523809523809526;weight;month;34,52;1,0;32,0;32,0;14,0;3,17;24,0
美味小舖海鮮湯麵(包)68g;米油沖泡;59,0;味丹;規格：68g克x1x5Pack包;美味小舖海鮮湯麵(包)68g;65,0;1;68,0;6,0;7418;9.23%;0;14503010001;unique_master_match;1;1;g;5;pack;11,8;13,0;9,230769230769226;weight;month;9,23;0,0;39,0;31,0;14,0;2,65;30,0
統一鮮蝦碗麵-83g;米油沖泡;57,0;統一;規格：83g克x1x3Bowl碗;統一鮮蝦碗麵83g;0,0;1;83,0;6,0;7419;0.00%;1;14503013001;unique_master_match;1;1;g;3;bowl;19,0;0,0;0,0;weight;month;0,0;1,0;41,0;28,0;17,0;1,7;12,0
統一阿Q桶麵生猛海鮮(碗)98gx3;米油沖泡;89,0;統一;規格：98g克x1x3Bucket桶;統一阿Q桶麵生猛海鮮(碗) 98g;90,0;1;98,0;6,0;7421;1.11%;0;14503019001;unique_master_match;1;1;g;3;bucket;29,666666666666668;30,0;1,1111111111111072;weight;month;1,11;0,0;43,0;29,0;23,0;2,11;12,0
日清合味道香辣海鮮味杯麵;米油沖泡;37,0;日清;規格：71g克x1x1Cup杯;日清合味道香辣海鮮味杯麵;0,0;1;71,0;8,0;7422;0.00%;1;14503024001;unique_master_match;1;1;g;1;cup;37,0;0,0;0,0;weight;month;0,0;1,0;42,0;32,0;13,0;1,51;12,0
[限量]不倒翁海鮮烏龍拉麵(袋)120g克 x 1 x 5Pack包;米油沖泡;160,0;不倒翁;規格：120g克x1x5Pack包;不倒翁海鮮烏龍拉麵(袋)120g;180,0;1;120,0;12,0;7423;11.11%;0;14503034001;unique_master_match;1;1;g;5;pack;32,0;36,0;11,11111111111111;weight;month;11,11;0,0;39,0;33,0;29,0;5,57;40,0
日清合味道XO醬海鮮味杯麵;米油沖泡;37,0;日清;規格：73g克x1x1Cup杯;日清合味道XO醬海鮮味杯麵;0,0;1;73,0;8,0;7425;0.00%;0;14503047001;unique_master_match;1;1;g;1;cup;37,0;0,0;0,0;weight;month;0,0;0,0;42,0;32,0;13,0;1,454;12,0
日清合味道酸辣蝦味杯麵;米油沖泡;37,0;日清;規格：73g克x1x1Cup杯;日清合味道酸辣蝦味杯麵;0,0;1;73,0;8,0;7426;0.00%;0;14503048001;unique_master_match;1;1;g;1;cup;37,0;0,0;0,0;weight;month;0,0;0,0;42,0;32,0;13,0;1,454;12,0
日清合味道海鮮味杯麵;米油沖泡;37,0;日清;規格：68g克x1x1Cup杯;日清合味道海鮮味杯麵;0,0;1;68,0;8,0;7427;0.00%;1;14503049001;unique_master_match;1;1;g;1;cup;37,0;0,0;0,0;weight;month;0,0;1,0;41,0;32,0;13,0;1,44;12,0
隨緣鮮蔬百匯麵(袋) 80g;米油沖泡;77,0;味丹;規格：80g克x1x5Pack包;隨緣鮮蔬百匯麵(袋) 80g;80,0;1;80,0;6,0;7430;3.75%;1;14504001001;unique_master_match;1;1;g;5;pack;15,4;16,0;3,749999999999998;weight;month;3,75;1,0;40,0;31,0;13,0;3,1;30,0
隨緣素魷魚羹麵(袋)94g;米油沖泡;77,0;味丹;規格：94g克x1x5Pack包;隨緣素魷魚羹麵(袋) 94g;79,0;1;94,0;6,0;7431;2.53%;1;14504002001;unique_master_match;1;1;g;5;pack;15,4;15,8;2,531645569620255;weight;month;2,53;1,0;41,0;31,0;13,0;4,05;30,0
維力炸醬麵(包)-素食 90g;米油沖泡;75,0;維力;規格：90g克x1x5Pack包;維力炸醬麵(包)-素食 90g;77,0;1;90,0;6,0;7432;2.60%;1;14504006001;unique_master_match;1;1;g;5;pack;15,0;15,4;2,5974025974025996;weight;month;2,6;1,0;41,0;33,0;14,0;3,35;30,0
【全素】維力素飄香-素排骨雞 90g;米油沖泡;69,0;維力;規格：90g克x1x5Bag袋;維力素飄香-素排骨雞 90g;72,0;1;90,0;6,0;7433;4.17%;1;14504008001;unique_master_match;1;1;g;5;bag;13,8;14,4;4,166666666666664;weight;month;4,17;1,0;39,0;32,0;15,0;3,31;30,0
【全素】味王素食(包)82g;米油沖泡;64,0;味王;規格：82g克x1x5Pack包;味王素食(包)82g;66,0;1;82,0;6,0;7434;3.03%;1;14504009001;unique_master_match;1;1;g;5;pack;12,8;13,2;3,0303030303030196;weight;month;3,03;1,0;36,0;31,0;14,0;3,04;30,0
不倒翁泡菜拉麵(袋)120g克 x 1 x 5Pack包;米油沖泡;160,0;;規格：120g克x1x5Pack包;不倒翁泡菜拉麵(袋)120g;180,0;1;120,0;12,0;7435;11.11%;1;14504012001;unique_master_match;1;1;g;5;pack;32,0;36,0;11,11111111111111;weight;month;11,11;1,0;39,0;33,0;29,0;5,57;40,0
【全素】隨緣素肉骨茶麵(袋) 90g;米油沖泡;77,0;味丹;規格：90g克x1x5Pack包;隨緣素肉骨茶麵(袋) 90g;80,0;1;90,0;6,0;7436;3.75%;1;14504015001;unique_master_match;1;1;g;5;pack;15,4;16,0;3,749999999999998;weight;month;3,75;1,0;40,0;31,0;13,0;3,44;30,0
【全素】隨緣韓式泡菜湯麵(包)75g;米油沖泡;76,0;;規格：75g克x1x5Pack包;隨緣韓式泡菜湯麵(包)75g;79,0;1;75,0;6,0;7437;3.80%;1;14504027001;unique_master_match;1;1;g;5;pack;15,2;15,8;3,797468354430389;weight;month;3,8;1,0;40,0;31,0;13,0;2,95;30,0
【全素】維力素飄香-素紅燒牛肉 85g;米油沖泡;69,0;維力;規格：85g克x1x5Pack包;維力素飄香-素紅燒牛肉 85g;72,0;1;85,0;6,0;7438;4.17%;1;14504028001;unique_master_match;1;1;g;5;pack;13,8;14,4;4,166666666666664;weight;month;4,17;1,0;39,0;33,0;15,0;3,32;30,0
【全素】維力素飄香麻辣燙風味麵90g;米油沖泡;69,0;維力;規格：90g克x1x5Bag包;維力素飄香麻辣燙風味麵90g;72,0;1;90,0;6,0;7446;4.17%;0;14504055001;unique_master_match;1;1;g;5;bag;13,8;14,4;4,166666666666664;weight;month;4,17;0,0;41,0;33,0;15,0;3,13;30,0
維力炸醬麵重量碗110g;米油沖泡;28,0;維力;規格：110g克x1x1Bowl碗;維力素食炸醬重量碗110g;0,0;1;110,0;6,0;7447;0.00%;1;14504056001;unique_master_match;1;1;g;1;bowl;28,0;0,0;0,0;weight;month;0,0;1,0;49,0;35,0;17,0;2,4;12,0
日清 拉王醬油味非油炸速食麵 95g x 5;米油沖泡;149,0;日清;規格：475g克x1x1Bag袋;日清拉王醬油味非油炸速食麵;159,0;1;475,0;10,0;7450;6.29%;1;14504076001;unique_master_match;1;1;g;1;bag;149,0;159,0;6,289308176100629;weight;month;6,29;1,0;38,0;35,0;15,0;3,6;6,0
不倒翁辛辣拉麵(袋)120g;米油沖泡;160,0;不倒翁;規格：120g克x1x5Pack包;不倒翁辛辣拉麵(袋)120g;180,0;1;120,0;12,0;7451;11.11%;1;14505003001;unique_master_match;1;1;g;5;pack;32,0;36,0;11,11111111111111;weight;month;11,11;1,0;39,0;33,0;29,0;5,57;40,0
統一肉燥風味調合米粉(包)60gx5;米油沖泡;78,0;統一;規格：60g克x1x5Pack包;統一肉燥風味調合米粉(包) 60g;80,0;1;60,0;6,0;7452;2.50%;0;14505005001;unique_master_match;1;1;g;5;pack;15,6;16,0;2,500000000000002;weight;month;2,5;0,0;36,0;31,0;15,0;2,0;30,0
王子麵-火鍋/滷味專用50g;米油沖泡;40,0;味王;規格：50g克x1x5Pack包;王子麵-火鍋/滷味專用50g;0,0;1;50,0;6,0;7453;0.00%;1;14505008001;unique_master_match;1;1;g;5;pack;8,0;0,0;0,0;weight;month;0,0;1,0;41,0;30,0;13,0;2,64;40,0
拉麵道-日式味噌(袋)101g;米油沖泡;70,0;統一;規格：101g克x1x4Pack包;拉麵道-日式味噌(袋)101g;72,0;1;101,0;6,0;7455;2.78%;1;14505011001;unique_master_match;1;1;g;4;pack;17,5;18,0;2,7777777777777777;weight;month;2,78;1,0;37,0;32,0;14,0;3,0;24,0
維力炸醬麵(包) 90g;米油沖泡;75,0;維力;規格：90g克x1x5Pack包;維力炸醬麵(包) 90g;77,0;1;90,0;6,0;7456;2.60%;0;14505013001;unique_master_match;1;1;g;5;pack;15,0;15,4;2,5974025974025996;weight;month;2,6;0,0;35,0;32,0;14,0;3,3;30,0
維力炸醬麵(碗) 90g;米油沖泡;60,0;維力;規格：90g克x1x3Bowl碗;維力炸醬麵(碗) 90g;0,0;1;90,0;6,0;7457;0.00%;0;14505014001;unique_master_match;1;1;g;3;bowl;20,0;0,0;0,0;weight;month;0,0;0,0;42,0;29,0;18,0;1,7;12,0
來一客-韓式泡菜-67g;米油沖泡;65,0;統一;規格：67g克x1x3Cup杯;來一客-韓式泡菜 67g;0,0;1;67,0;6,0;7458;0.00%;0;14505016001;unique_master_match;1;1;g;3;cup;21,666666666666668;0,0;0,0;weight;month;0,0;0,0;46,0;33,0;20,0;3,0;24,0
維力大乾麵-地獄辣椒(包)100g;米油沖泡;83,0;維力;規格：100g克x1x5Pack包;維力大乾麵-地獄辣椒(包)100g;0,0;1;100,0;6,0;7459;0.00%;0;14505020001;unique_master_match;1;1;g;5;pack;16,6;0,0;0,0;weight;month;0,0;0,0;40,0;34,0;14,0;3,89;30,0
維力大乾麵-紅油擔擔(包)100g;米油沖泡;83,0;維力;規格：100g克x1x5Pack包;維力大乾麵-紅油擔擔(包)100g;0,0;1;100,0;6,0;7460;0.00%;1;14505021001;unique_master_match;1;1;g;5;pack;16,6;0,0;0,0;weight;month;0,0;1,0;40,0;33,0;14,0;3,79;30,0
統一阿Q桶麵韓式泡菜麵102gx3;米油沖泡;89,0;統一;規格：102g克x1x3Bowl碗;統一阿Q桶麵韓式泡菜麵 102g;90,0;1;102,0;6,0;7462;1.11%;0;14505031001;unique_master_match;1;1;g;3;bowl;29,666666666666668;30,0;1,1111111111111072;weight;month;1,11;0,0;43,0;28,0;22,0;2,5;12,0
三養火辣雞肉風味鐵板炒麵奶油白醬風味杯裝【Mia C'bon 限定】;米油沖泡;49,0;;規格：80g克x1x1Cup杯;火辣雞肉風味鐵板炒麵(奶油白醬風味);0,0;1;80,0;13,0;7464;0.00%;1;14505035001;unique_master_match;1;1;g;1;cup;49,0;0,0;0,0;weight;month;0,0;1,0;42,0;32,0;27,0;6,2;8,0
農心 天婦羅海鮮味烏龍杯麵 62g;米油沖泡;38,0;;規格：62g克x1x1Pack包;農心天婦羅海鮮味烏龍杯麵62g;42,0;1;62,0;10,0;7465;9.52%;0;14505039001;unique_master_match;1;1;g;1;pack;38,0;42,0;9,523809523809524;weight;month;9,52;0,0;36,0;29,0;13,0;1,4;12,0
科學麵-原味(包)40gx5;米油沖泡;50,0;統一;規格：40g克x1x5Pack包;科學麵-原味(包)40g;0,0;1;40,0;6,0;7466;0.00%;1;14505041001;unique_master_match;1;1;g;5;pack;10,0;0,0;0,0;weight;month;0,0;1,0;39,0;31,0;12,0;2,08;40,0
Paldo泡菜麵120g;米油沖泡;125,0;Paldo;規格：120g克x1x5Pack包;Paldo 泡菜麵 120g;140,0;1;120,0;12,0;7467;10.71%;1;14505043001;unique_master_match;1;1;g;5;pack;25,0;28,0;10,714285714285714;weight;month;10,71;1,0;37,0;31,0;14,0;2,89;20,0
農心辛香菇味杯麵68g;米油沖泡;37,0;農心;規格：68g克x1x1Cup杯;農心辛香菇味杯麵68g;42,0;1;68,0;12,0;7468;11.90%;1;14505046001;unique_master_match;1;1;g;1;cup;37,0;42,0;11,904761904761903;weight;month;11,9;1,0;37,0;29,0;13,0;1,42;12,0
張君雅小妹妹-捏碎麵-40g;米油沖泡;35,0;維力;規格：40g克x1x5Bag袋;張君雅小妹妹-捏碎麵 40g;38,0;1;40,0;6,0;7470;7.89%;1;14505048001;unique_master_match;1;1;g;5;bag;7,0;7,6;7,894736842105258;weight;month;7,89;1,0;31,0;30,0;14,0;1,72;30,0
農心 激辣辛杯麵 68g;米油沖泡;48,0;農心;規格：68g克x1x1Cup杯;農心激辣辛杯麵68g;59,0;1;68,0;12,0;7472;18.64%;0;14505053001;unique_master_match;1;1;g;1;cup;48,0;59,0;18,64406779661017;weight;month;18,64;0,0;36,0;29,0;13,0;1,377;12,0
王子麵原味40g;米油沖泡;40,0;味王;規格：40g克x1x5Pack包;王子麵原味40g;0,0;1;40,0;6,0;7474;0.00%;0;14505059001;unique_master_match;1;1;g;5;pack;8,0;0,0;0,0;weight;month;0,0;0,0;41,0;30,0;13,0;2,26;40,0
拉麵道-日式味噌(杯)80g;米油沖泡;84,0;統一;規格：80g克x1x3Cup杯;拉麵道-日式味噌(杯)80G;0,0;1;80,0;6,0;7477;0.00%;1;14505099001;unique_master_match;1;1;g;3;cup;28,0;0,0;0,0;weight;month;0,0;1,0;42,0;33,0;13,0;1,73;12,0
巷口乾麵炸醬風味(袋)100g;米油沖泡;78,0;統一;規格：100g克x1x4Pack包;巷口乾麵炸醬風味(袋) 100g;80,0;1;100,0;6,0;7479;2.50%;1;14505105001;unique_master_match;1;1;g;4;pack;19,5;20,0;2,5;weight;month;2,5;1,0;35,0;34,0;15,0;3,1;24,0
巷口乾麵麻醬風味(袋)100g;米油沖泡;78,0;統一;規格：100g克x1x4Pack包;巷口乾麵麻醬風味(袋) 100g;80,0;1;100,0;6,0;7480;2.50%;1;14505106001;unique_master_match;1;1;g;4;pack;19,5;20,0;2,5;weight;month;2,5;1,0;35,0;34,0;15,0;3,1;24,0
維力炸醬麵重量包(袋)123gx4;米油沖泡;83,0;維力;規格：123g克x1x4Pack包;維力炸醬麵重量包(袋) 123g;88,0;1;123,0;6,0;7481;5.68%;1;14505115001;unique_master_match;1;1;g;4;pack;20,75;22,0;5,681818181818182;weight;month;5,68;1,0;38,0;33,0;14,0;3,75;24,0
營多珍饌系列印尼極品炒麵80g;米油沖泡;69,0;營多;規格：80g克x1x5Bag袋;營多珍饌系列印尼極品炒麵80g;94,0;1;80,0;12,0;7482;26.60%;0;14505125001;unique_master_match;1;1;g;5;bag;13,8;18,8;26,595744680851062;weight;month;26,6;0,0;31,0;20,0;25,0;2,83;30,0
拉麵道-日式豚骨(杯)73g;米油沖泡;84,0;統一;規格：73g克x1x3Cup杯;拉麵道-日式豚骨(杯)73G;0,0;1;73,0;6,0;7483;0.00%;1;14505138001;unique_master_match;1;1;g;3;cup;28,0;0,0;0,0;weight;month;0,0;1,0;42,0;34,0;13,0;1,64;12,0
營多珍饌系列蒜香極品炒麵80g;米油沖泡;69,0;營多;規格：80g克x1x5Bag袋;營多珍饌系列蒜香極品炒麵80g;94,0;1;80,0;12,0;7484;26.60%;0;14505139001;unique_master_match;1;1;g;5;bag;13,8;18,8;26,595744680851062;weight;month;26,6;0,0;31,0;19,0;25,0;2,87;30,0
黑雞牌雞絲麵55g*5(免煮);米油沖泡;118,0;;規格：55g克x5x1Bag袋;黑雞牌雞絲麵55g*5(免煮);0,0;1;55,0;6,0;7485;0.00%;0;14505148001;unique_master_match;1;1;g;5;bag;23,6;0,0;0,0;weight;month;0,0;0,0;55,0;29,0;32,0;5,84;18,0
統一脆麵(包)55gx5;米油沖泡;50,0;統一;規格：55g克x1x5Pack包;統一脆麵(包)55g;0,0;1;55,0;6,0;7486;0.00%;0;14505899001;unique_master_match;1;1;g;5;pack;10,0;0,0;0,0;weight;month;0,0;0,0;40,0;31,0;13,0;3,0;40,0
統一肉燥調合米粉(碗)64g;米油沖泡;19,0;統一;規格：64g克x1x1Bowl碗;統一肉燥調合米粉(碗)64g;0,0;1;64,0;6,0;7487;0.00%;0;14505911001;unique_master_match;1;1;g;1;bowl;19,0;0,0;0,0;weight;month;0,0;0,0;41,0;28,0;17,0;1,9;12,0
三養火辣雞肉風味鐵板炒麵起司風味杯裝【Mia C'bon 限定】;米油沖泡;49,0;;規格：70g克x1x1Cup杯;起司火辣雞肉風味鐵板炒麵;0,0;1;70,0;13,0;7488;0.00%;0;14505913001;unique_master_match;1;1;g;1;cup;49,0;0,0;0,0;weight;month;0,0;0,0;40,0;32,0;28,0;6,67;8,0
科學麵香蔥雞汁風味40gx5;米油沖泡;50,0;統一;規格：40g克x1x5Bag包;科學麵香蔥雞汁風味40g;0,0;1;40,0;6,0;7489;0.00%;1;14505917001;unique_master_match;1;1;g;5;bag;10,0;0,0;0,0;weight;month;0,0;1,0;39,0;31,0;12,0;2,02;40,0
宗家府辣味泡菜拌麵碗裝;米油沖泡;89,0;宗家府;規格：143g克x1x1PC碗;宗家府火辣泡菜麵;0,0;1;143,0;10,0;7496;0.00%;1;14505973001;unique_master_match;1;1;g;1;pc;89,0;0,0;0,0;weight;month;0,0;1,0;37,0;32,0;14,0;3,49;24,0
五木拉麵-海鮮321g;米油沖泡;65,0;五木;規格：321g克x1x1Pack包;五木拉麵-海鮮321g;74,0;1;321,0;10,0;7498;12.16%;1;14506001001;unique_master_match;1;1;g;1;pack;65,0;74,0;12,162162162162163;weight;month;12,16;1,0;46,0;26,0;23,0;4,77;12,0
農心爽口海鮮烏龍麵超值包120g x5;米油沖泡;168,0;農心;規格：120g克x5x1Bag袋;農心爽口海鮮烏龍麵超值包120g x5;190,0;1;120,0;12,0;7499;11.58%;1;14506002001;unique_master_match;1;1;g;5;bag;33,6;38,0;11,578947368421048;weight;month;11,58;1,0;41,0;32,0;28,0;5,66;8,0
桂格雙效健護益生菌高鈣奶粉 2Kg;米油沖泡;789,0;桂格;規格：2Kg公斤x1x1Can罐;家福油麵2000g;818,0;1;2000,0;24,0;7500;3.55%;1;14506004001;unique_master_match;1;1;g;1;can;789,0;818,0;3,5452322738386304;weight;month;3,55;1,0;36,0;23,0;22,0;12,52;6,0
五木拉麵-牛肉321g;米油沖泡;65,0;五木;規格：321g克x1x1Pack包;五木拉麵-牛肉321g;74,0;1;321,0;10,0;7501;12.16%;1;14506005001;unique_master_match;1;1;g;1;pack;65,0;74,0;12,162162162162163;weight;month;12,16;1,0;46,0;25,0;23,0;4,72;12,0
五木拉麵-肉燥321g;米油沖泡;65,0;五木;規格：321g克x1x1Pack包;五木拉麵-肉燥321g;74,0;1;321,0;10,0;7502;12.16%;1;14506006001;unique_master_match;1;1;g;1;pack;65,0;74,0;12,162162162162163;weight;month;12,16;1,0;46,0;26,0;23,0;4,72;12,0
五木細關東麵375g;米油沖泡;36,0;五木;規格：375g克x1x1Pack包;五木關東麵375g;0,0;1;375,0;12,0;7505;0.00%;0;14506011001;unique_master_match;1;1;g;1;pack;36,0;0,0;0,0;weight;month;0,0;0,0;38,0;24,0;13,0;7,84;20,0
五木細關東麵375g;米油沖泡;36,0;五木;規格：375g克x1x1Pack包;五木細關東麵375g;0,0;1;375,0;12,0;7506;0.00%;0;14506012001;unique_master_match;1;1;g;1;pack;36,0;0,0;0,0;weight;month;0,0;0,0;37,0;24,0;11,0;7,85;20,0
上智鍋燒意麵泡菜口味280g;米油沖泡;89,0;上智;規格：280g克x1x1Bag袋;上智鍋燒意麵泡菜口味280g;0,0;1;280,0;8,0;7507;0.00%;1;14506013001;unique_master_match;1;1;g;1;bag;89,0;0,0;0,0;weight;month;0,0;1,0;65,0;28,0;40,0;7,03;20,0
不倒翁Q拉麵(純麵條)110gx5;米油沖泡;88,0;不倒翁;規格：110g克x1x5Pack包;韓國不倒翁Q拉麵(純粗麵條)110g*5;95,0;1;110,0;12,0;7508;7.37%;1;14506014001;unique_master_match;1;1;g;5;pack;17,6;19,0;7,368421052631572;weight;month;7,37;1,0;34,0;32,0;28,0;5,32;8,0
農心 安城湯麵超值包125g x5;米油沖泡;169,0;農心;規格：125g克x5x1Bag袋;農心 安城湯麵超值包125g x5;189,0;1;125,0;12,0;7509;10.58%;1;14506015001;unique_master_match;1;1;g;5;bag;33,8;37,8;10,582010582010582;weight;month;10,58;1,0;39,0;32,0;27,0;5,84;8,0
家樂福麻醬招牌乾麵-100g;米油沖泡;83,0;家樂福;規格：100g克x1x5Pack包;家福麻醬招牌乾麵100g;88,0;1;100,0;9,0;7514;5.68%;1;14506021001;unique_master_match;1;1;g;5;pack;16,6;17,6;5,681818181818182;weight;month;5,68;1,0;66,0;32,0;21,0;7,3;60,0
家樂福有機麵線;米油沖泡;59,0;家樂福;規格：300g克x1x1Bag包;家福麵線;78,0;1;300,0;12,0;7519;24.36%;1;14506033001;unique_master_match;1;1;g;1;bag;59,0;78,0;24,358974358974358;weight;month;24,36;1,0;37,0;24,0;16,0;7,2;24,0
Paldo起司拉麵(包)111g;米油沖泡;152,0;八道 Paldo;規格：111g克x1x4Pack包;Paldo起司拉麵(包)111g;170,0;1;111,0;12,0;7520;10.59%;0;14506036001;unique_master_match;1;1;g;4;pack;38,0;42,5;10,588235294117647;weight;month;10,59;0,0;37,0;32,0;27,0;4,39;32,0
五木銀絲麵400g;米油沖泡;36,0;五木;規格：400g克x1x1Pack包;五木銀絲麵400g;0,0;1;400,0;12,0;7521;0.00%;0;14506038001;unique_master_match;1;1;g;1;pack;36,0;0,0;0,0;weight;month;0,0;0,0;46,0;23,0;14,0;8,72;20,0
福忠眷村醬麵-蒜香麻醬125g x4;米油沖泡;200,0;;規格：125g克x4x1Bag袋;福忠眷村醬麵-蒜香麻醬125g x4;0,0;1;125,0;12,0;7523;0.00%;1;14506041001;unique_master_match;1;1;g;4;bag;50,0;0,0;0,0;weight;month;0,0;1,0;37,0;35,0;21,0;3,98;6,0
好勁道-家常麵條 300g;米油沖泡;24,0;統一;規格：300g克x1x1Pack包;家福營養麵條 300g;26,0;1;300,0;12,0;7524;7.69%;1;14506042001;unique_master_match;1;1;g;1;pack;24,0;26,0;7,6923076923076925;weight;month;7,69;1,0;36,0;24,0;16,0;7,49;24,0
家樂福刀削麵;米油沖泡;57,0;家樂福;規格：600g克x1x1Bag袋;家樂福刀削麵;59,0;1;600,0;12,0;7526;3.39%;0;14506044001;unique_master_match;1;1;g;1;bag;57,0;59,0;3,389830508474576;weight;month;3,39;0,0;50,0;40,0;29,0;11,554;16,0
好勁道-寬版大麵300g;米油沖泡;26,0;統一;規格：300g克x1x1Pack包;好勁道-寬版大麵300g;0,0;1;300,0;12,0;7530;0.00%;1;14506049001;unique_master_match;1;1;g;1;pack;26,0;0,0;0,0;weight;month;0,0;1,0;28,0;25,0;10,0;3,85;12,0
家樂福有機家常麵條-300g;米油沖泡;59,0;家樂福;規格：300g克x1x1Bag包;家福油麵 300g;78,0;1;300,0;12,0;7535;24.36%;1;14506057001;unique_master_match;1;1;g;1;bag;59,0;78,0;24,358974358974358;weight;month;24,36;1,0;36,0;24,0;16,0;7,56;24,0
曾拌麵 麻油椒香 117g x 4;米油沖泡;178,0;曾拌麵;規格：117g克x4x1Bag袋;曾拌麵-麻油椒香117g x4;208,0;1;117,0;12,0;7537;14.42%;1;14506060001;unique_master_match;1;1;g;4;bag;44,5;52,0;14,423076923076922;weight;month;14,42;1,0;51,0;35,0;23,0;7,48;12,0
鄉傳在地小吃台南擔仔麵321g;米油沖泡;65,0;;規格：321g克x1x1Pack包;鄉傳在地小吃台南擔仔麵321g;80,0;1;321,0;10,0;7539;18.75%;1;14506062001;unique_master_match;1;1;g;1;pack;65,0;80,0;18,75;weight;month;18,75;1,0;46,0;26,0;23,0;4,59;12,0
好勁道-家常麵條 300g;米油沖泡;24,0;統一;規格：300g克x1x1Pack包;好勁道-家常麵條 300g;26,0;1;300,0;12,0;7540;7.69%;0;14506065001;unique_master_match;1;1;g;1;pack;24,0;26,0;7,6923076923076925;weight;month;7,69;0,0;28,0;25,0;10,0;4,0;12,0
好勁道-天禧麵線300g;米油沖泡;24,0;統一;規格：300g克x1x1Pack包;好勁道-天禧麵線300g;0,0;1;300,0;12,0;7541;0.00%;0;14506066001;unique_master_match;1;1;g;1;pack;24,0;0,0;0,0;weight;month;0,0;0,0;27,0;24,0;10,0;4,0;12,0
好勁道-千羽拉麵320g;米油沖泡;27,0;統一;規格：320g克x1x1Pack包;好勁道-千羽拉麵320g;0,0;1;320,0;12,0;7542;0.00%;1;14506067001;unique_master_match;1;1;g;1;pack;27,0;0,0;0,0;weight;month;0,0;1,0;29,0;24,0;10,0;3,88;12,0
鄉傳在地小吃南投意麵321g;米油沖泡;65,0;;規格：321g克x1x1Pack包;鄉傳在地小吃南投意麵321g;80,0;1;321,0;10,0;7543;18.75%;1;14506069001;unique_master_match;1;1;g;1;pack;65,0;80,0;18,75;weight;month;18,75;1,0;46,0;26,0;23,0;4,59;12,0
五木純麵煮意(菠菜)504g;米油沖泡;82,0;五木;規格：504g克x1x1Pack包;五木純麵煮意(菠菜)504g;85,0;1;504,0;12,0;7544;3.53%;0;14506070001;unique_master_match;1;1;g;1;pack;82,0;85,0;3,5294117647058822;weight;month;3,53;0,0;52,0;39,0;25,0;7,28;12,0
好勁道-月見雞蛋麵300g;米油沖泡;26,0;統一;規格：300g克x1x1Pack包;好勁道-月見雞蛋麵300g;0,0;1;300,0;12,0;7546;0.00%;1;14506072001;unique_master_match;1;1;g;1;pack;26,0;0,0;0,0;weight;month;0,0;1,0;27,0;24,0;10,0;4,0;12,0
不倒翁辣起司風味拉麵111gx4;米油沖泡;156,0;韓國不倒翁;規格：111g克x4x1Bag袋;不倒翁辣起司風味拉麵111g x4;185,0;1;111,0;12,0;7547;15.68%;1;14506074001;unique_master_match;1;1;g;4;bag;39,0;46,25;15,675675675675677;weight;month;15,68;1,0;38,0;32,0;29,0;4,7;8,0
譽方媽媽 關廟意麵1000g;米油沖泡;105,0;譽方媽媽;規格：1000g克x1x1Bag袋;譽方媽媽 關廟拉麵1000g;129,0;1;1000,0;12,0;7548;18.60%;1;14506076001;unique_master_match;1;1;g;1;bag;105,0;129,0;18,6046511627907;weight;month;18,6;1,0;63,0;35,0;27,0;14,1;12,0
五木細關東麵家庭號1.05Kg;米油沖泡;101,0;五木;規格：1.05Kg公斤x1x1Pack包;家福關東細麵;102,0;1;1050,0;12,0;7549;0.98%;1;14506081001;unique_master_match;1;1;g;1;pack;101,0;102,0;0,9803921568627451;weight;month;0,98;1,0;38,0;26,0;13,0;7,88;20,0
五木細關東麵家庭號1.05Kg;米油沖泡;101,0;五木;規格：1.05Kg公斤x1x1Pack包;家福關東麵;102,0;1;1050,0;12,0;7550;0.98%;1;14506082001;unique_master_match;1;1;g;1;pack;101,0;102,0;0,9803921568627451;weight;month;0,98;1,0;38,0;26,0;13,0;7,83;20,0
不倒翁金拉麵-原味(袋)120g克 x 5Pack包;米油沖泡;165,0;韓國不倒翁;規格：120g克x1x5Pack包;不倒翁金拉麵-原味(袋) 120g;185,0;1;120,0;12,0;7552;10.81%;1;14506085001;unique_master_match;1;1;g;5;pack;33,0;37,0;10,81081081081081;weight;month;10,81;1,0;37,0;32,0;28,0;5,77;40,0
農心辛拉麵超值包120g x5*常態包裝&限量聯名款隨機出貨,恕不指定(以實際出貨為主);米油沖泡;168,0;農心;規格：120g克x5x1Bag袋;農心辛拉麵超值包120g x5;190,0;1;120,0;12,0;7553;11.58%;1;14506087001;unique_master_match;1;1;g;5;bag;33,6;38,0;11,578947368421048;weight;month;11,58;1,0;40,0;32,0;28,0;5,58;8,0
不倒翁起司拉麵(袋)111g克 x 4Pack包;米油沖泡;156,0;韓國不倒翁;規格：111g克x1x4Pack包;不倒翁起司拉麵(袋)111g;180,0;1;111,0;12,0;7554;13.33%;1;14506089001;unique_master_match;1;1;g;4;pack;39,0;45,0;13,333333333333334;weight;month;13,33;1,0;33,0;32,0;28,0;4,3;32,0
五木純麵煮意(原味)504g;米油沖泡;82,0;五木;規格：504g克x1x1Pack包;五木純麵煮意(原味)504g;85,0;1;504,0;12,0;7555;3.53%;0;14506090001;unique_master_match;1;1;g;1;pack;82,0;85,0;3,5294117647058822;weight;month;3,53;0,0;53,0;39,0;25,0;6,4;12,0
維力媽媽拉麵(袋)70gX6;米油沖泡;47,0;維力;規格：70g克x6x1Set組;維力媽媽拉麵(袋)70gX6;0,0;1;70,0;6,0;7558;0.00%;0;14506099001;unique_master_match;1;1;g;6;set;7,833333333333333;0,0;0,0;weight;month;0,0;0,0;53,0;37,0;14,0;5,22;10,0
日正長壽麵線250g;米油沖泡;37,0;日正;規格：250g克x1x1Pack包;日正長壽麵線250g;0,0;1;250,0;12,0;7561;0.00%;1;14506103001;unique_master_match;1;1;g;1;pack;37,0;0,0;0,0;weight;month;0,0;1,0;36,0;27,0;16,0;6,64;24,0
福成關廟麵 1200g;米油沖泡;132,0;福成;規格：1200g克x1x1Bag袋;福成關廟麵 1200g;145,0;1;1200,0;12,0;7563;8.97%;1;14506109001;unique_master_match;1;1;g;1;bag;132,0;145,0;8,96551724137931;weight;month;8,97;1,0;54,0;36,0;29,0;16,16;12,0
Paldo御膳三鮮炸醬麵120g x4;米油沖泡;152,0;Paldo;規格：120g克x4x1Bag袋;Paldo御膳三鮮炸醬麵120g x4;165,0;1;120,0;12,0;7564;7.88%;1;14506111001;unique_master_match;1;1;g;4;bag;38,0;41,25;7,878787878787878;weight;month;7,88;1,0;37,0;31,0;14,0;2,75;8,0
譽方媽媽 關廟意麵1000g;米油沖泡;105,0;譽方媽媽;規格：1000g克x1x1Bag袋;譽方媽媽 關廟意麵1000g;129,0;1;1000,0;12,0;7565;18.60%;0;14506112001;unique_master_match;1;1;g;1;bag;105,0;129,0;18,6046511627907;weight;month;18,6;0,0;63,0;35,0;27,0;14,02;12,0
農心浣熊炸醬烏龍麵140g X5;米油沖泡;299,0;農心;規格：140g克x5x1Bag袋;農心醡醬風味麵(包)140g;0,0;1;140,0;12,0;7567;0.00%;1;14506122001;unique_master_match;1;1;g;5;bag;59,8;0,0;0,0;weight;month;0,0;1,0;36,0;34,0;28,0;5,23;32,0
吳正嘉刀削麵900g;米油沖泡;135,0;吳正嘉;規格：900g克x1x1Bag袋;正嘉刀削麵900g;145,0;1;900,0;12,0;7568;6.90%;0;14506124001;unique_master_match;1;1;g;1;bag;135,0;145,0;6,896551724137931;weight;month;6,9;0,0;53,0;31,0;43,0;12,0;12,0
上智鍋燒意麵海鮮口味280g;米油沖泡;89,0;上智;規格：280g克x1x1Bag袋;上智鍋燒意麵海鮮口味280g;0,0;1;280,0;8,0;7570;0.00%;1;14506127001;unique_master_match;1;1;g;1;bag;89,0;0,0;0,0;weight;month;0,0;1,0;65,0;27,0;41,0;6,87;20,0
Paldo御膳三鮮炸醬麵120g x4;米油沖泡;152,0;Paldo;規格：120g克x4x1Bag袋;Paldo御膳火麵120g x4;165,0;1;120,0;12,0;7572;7.88%;1;14506129001;unique_master_match;1;1;g;4;bag;38,0;41,25;7,878787878787878;weight;month;7,88;1,0;35,0;32,0;14,0;2,37;4,0
福成意麵-1200g;米油沖泡;132,0;福成;規格：1200g克x1x1PacK包;福成意麵 1200g;145,0;1;1200,0;12,0;7573;8.97%;1;14506130001;unique_master_match;1;1;g;1;pack;132,0;145,0;8,96551724137931;weight;month;8,97;1,0;54,0;36,0;29,0;15,96;12,0
福成粄條麵 1200g;米油沖泡;132,0;福成;規格：1200g克x1x1Pack包;福成粄條麵 1200g;145,0;1;1200,0;12,0;7574;8.97%;1;14506131001;unique_master_match;1;1;g;1;pack;132,0;145,0;8,96551724137931;weight;month;8,97;1,0;54,0;36,0;29,0;15,98;12,0
吳正嘉陽春麵1200g;米油沖泡;135,0;吳正嘉;規格：1200g克x1x1Bag袋;正嘉陽春麵1200g;145,0;1;1200,0;12,0;7575;6.90%;1;14506132001;unique_master_match;1;1;g;1;bag;135,0;145,0;6,896551724137931;weight;month;6,9;1,0;48,0;30,0;43,0;15,93;12,0
譽方媽媽 關廟刀削麵800g;米油沖泡;105,0;譽方媽媽;規格：800g克x1x1Bag袋;譽方媽媽 關廟刀削麵800g;129,0;1;800,0;12,0;7576;18.60%;1;14506135001;unique_master_match;1;1;g;1;bag;105,0;129,0;18,6046511627907;weight;month;18,6;1,0;62,0;34,0;27,0;13,5;12,0
吳正嘉關廟麵1200g;米油沖泡;135,0;吳正嘉;規格：1200g克x1x1Bag袋;正嘉關廟麵1200g;145,0;1;1200,0;12,0;7577;6.90%;1;14506139001;unique_master_match;1;1;g;1;bag;135,0;145,0;6,896551724137931;weight;month;6,9;1,0;48,0;30,0;43,0;15,93;12,0
農心爽口海鮮烏龍麵超值包120g x5;米油沖泡;168,0;農心;規格：120g克x5x1Bag袋;農心爽口海鮮烏龍麵(包)120g;190,0;1;120,0;12,0;7578;11.58%;1;14506140001;unique_master_match;1;1;g;5;bag;33,6;38,0;11,578947368421048;weight;month;11,58;1,0;40,0;32,0;27,0;5,54;32,0
家樂福關廟麵1200g;米油沖泡;89,0;家樂福;規格：1200g克x1x1Pack包;家福關廟麵1200g;99,0;1;1200,0;12,0;7579;10.10%;1;14506141001;unique_master_match;1;1;g;1;pack;89,0;99,0;10,1010101010101;weight;month;10,1;1,0;51,0;40,0;28,0;16,03;12,0
農心 安城湯麵超值包125g x5;米油沖泡;169,0;農心;規格：125g克x5x1Bag袋;農心安城湯麵(包)125g;189,0;1;125,0;12,0;7581;10.58%;1;14506143001;unique_master_match;1;1;g;5;bag;33,8;37,8;10,582010582010582;weight;month;10,58;1,0;46,0;32,0;28,0;7,06;48,0
五木南投意麵經濟包 65gX10;米油沖泡;129,0;五木;規格：65g克x10x1Bag袋;五木南投意麵經濟包 65gX10;149,0;1;65,0;12,0;7583;13.42%;1;14506145001;unique_master_match;1;1;g;10;bag;12,9;14,9;13,422818791946309;weight;month;13,42;1,0;46,0;35,0;27,0;4,86;8,0
譽方媽媽 關廟麵1200g;米油沖泡;105,0;譽方媽媽;規格：1200g克x1x1Bag袋;譽方媽媽 關廟麵1200g;129,0;1;1200,0;12,0;7584;18.60%;1;14506150001;unique_master_match;1;1;g;1;bag;105,0;129,0;18,6046511627907;weight;month;18,6;1,0;51,0;40,0;32,0;16,35;12,0
KORMOSA韓素香紅燒湯麵-110gx4;米油沖泡;115,0;KORMOSA;規格：110g克x4x1Bag袋;KORMOSA韓素香紅燒湯麵110g x4;124,0;1;110,0;12,0;7586;7.26%;0;14506159001;unique_master_match;1;1;g;4;bag;28,75;31,0;7,258064516129033;weight;month;7,26;0,0;46,0;30,0;15,0;3,2;6,0
中農經典北方拉麵 900g;米油沖泡;70,0;中農粉絲;規格：900g克x1x1Bag袋;中農經典北方拉麵 900g;90,0;1;900,0;12,0;7589;22.22%;1;14506165001;unique_master_match;1;1;g;1;bag;70,0;90,0;22,22222222222222;weight;month;22,22;1,0;44,0;34,0;13,0;11,28;12,0
家樂福油蔥招牌乾麵100g;米油沖泡;83,0;家樂福;規格：100g克x1x5Bag袋;家樂福油蔥招牌乾麵100g;88,0;1;100,0;9,0;7590;5.68%;1;14506171001;unique_master_match;1;1;g;5;bag;16,6;17,6;5,681818181818182;weight;month;5,68;1,0;65,0;33,0;20,0;7,5;60,0
金雞牌關廟麵 1200g;米油沖泡;125,0;金雞牌;規格：1200g克x1x1PACK包;金雞牌關廟麵 1200g;139,0;1;1200,0;12,0;7591;10.07%;1;14506173001;unique_master_match;1;1;g;1;pack;125,0;139,0;10,071942446043165;weight;month;10,07;1,0;49,0;26,0;49,0;15,58;12,0
韓國不倒翁Q拉麵(純粗麵條)110g*5;米油沖泡;88,0;韓國不倒翁;規格：110g克x5x1Bag袋;不倒翁Q拉麵(純麵條)110g;95,0;1;110,0;12,0;7592;7.37%;1;14506174001;unique_master_match;1;1;g;5;bag;17,6;19,0;7,368421052631572;weight;month;7,37;1,0;34,0;32,0;27,0;5,11;40,0
五木細關東麵家庭號1.05Kg;米油沖泡;101,0;五木;規格：1.05Kg公斤x1x1Pack包;五木細關東麵家庭號1.05Kg;102,0;1;1050,0;12,0;7596;0.98%;1;14506190001;unique_master_match;1;1;g;1;pack;101,0;102,0;0,9803921568627451;weight;month;0,98;1,0;45,0;27,0;18,0;13,39;12,0
維力蒸煮麵65g;米油沖泡;82,0;維力;規格：65g克x1x10Pack包;維力蒸煮麵65g 維力蒸煮麵65g;84,0;1;65,0;10,0;7599;2.38%;1;14506199001;unique_master_match;1;1;g;10;pack;8,2;8,4;2,380952380952394;weight;month;2,38;1,0;52,0;28,0;26,0;6,3;80,0
KORMOSA 泡菜火鍋湯麵(包) 110g x 4包;米油沖泡;115,0;;規格：110g克x1x4Pack包;KORMOSA泡菜火鍋湯麵(包)110g;126,0;1;110,0;12,0;7601;8.73%;0;14506204001;unique_master_match;1;1;g;4;pack;28,75;31,5;8,73015873015873;weight;month;8,73;0,0;47,0;29,0;15,0;3,23;24,0
吳正嘉樹豆簽 900g;米油沖泡;135,0;吳正嘉;規格：900g克x1x1Pack包;正嘉樹豆簽 900g;145,0;1;900,0;12,0;7608;6.90%;1;14506222001;unique_master_match;1;1;g;1;pack;135,0;145,0;6,896551724137931;weight;month;6,9;1,0;39,0;33,0;42,0;12,1;12,0
Paldo御膳炸醬麵(包)200g;米油沖泡;199,0;Paldo八道;規格：200g克x1x4Pack包;Paldo御膳炸醬麵(包)200g;229,0;1;200,0;12,0;7609;13.10%;1;14506225001;unique_master_match;1;1;g;4;pack;49,75;57,25;13,100436681222707;weight;month;13,1;1,0;38,0;32,0;14,0;3,7;16,0
承昌素食蕃茄拉麵420g;米油沖泡;110,0;承昌;規格：420g克x1x1Bag包;原製麵無鹽麵條;0,0;1;420,0;10,0;7616;0.00%;1;14506248001;unique_master_match;1;1;g;1;bag;110,0;0,0;0,0;weight;month;0,0;1,0;40,0;30,0;25,0;7,25;12,0
吳正嘉蔬菜麵1200g;米油沖泡;135,0;吳正嘉;規格：1200g克x1x1Bag袋;正嘉蔬菜麵1200g;145,0;1;1200,0;12,0;7620;6.90%;1;14506262001;unique_master_match;1;1;g;1;bag;135,0;145,0;6,896551724137931;weight;month;6,9;1,0;50,0;29,0;43,0;16,01;12,0
不倒翁金拉麵-辛辣120g克 x 5Bag包;米油沖泡;165,0;韓國不倒翁;規格：120g克x1x5Bag包;不倒翁金拉麵-辛辣120g;185,0;1;120,0;12,0;7621;10.81%;0;14506264001;unique_master_match;1;1;g;5;bag;33,0;37,0;10,81081081081081;weight;month;10,81;0,0;37,0;32,0;28,0;5,6;40,0
三養火辣雞肉風味鐵板炒麵;米油沖泡;235,0;三養Samyang;規格：140g克x1x5Pack包;火辣雞肉風味鐵板炒麵;260,0;1;140,0;12,0;7626;9.62%;0;14506286001;unique_master_match;1;1;g;5;pack;47,0;52,0;9,615384615384617;weight;month;9,62;0,0;40,0;33,0;28,0;5,8;8,0
五木麵大師和風麵條300g;米油沖泡;26,0;五木;規格：300g克x1x1Pack包;五木麵大師和風麵條300g;29,0;1;300,0;12,0;7631;10.34%;1;14506313001;unique_master_match;1;1;g;1;pack;26,0;29,0;10,344827586206897;weight;month;10,34;1,0;38,0;24,0;12,0;6,4;20,0
五木麵大師蘭州拉麵300g;米油沖泡;26,0;五木;規格：300g克x1x1Pack包;五木麵大師蘭州拉麵300g;29,0;1;300,0;12,0;7632;10.34%;1;14506314001;unique_master_match;1;1;g;1;pack;26,0;29,0;10,344827586206897;weight;month;10,34;1,0;38,0;24,0;15,0;6,3;20,0
五木麵大師雲絲細麵300g;米油沖泡;26,0;五木;規格：300g克x1x1Pack包;五木麵大師雲絲細300g;29,0;1;300,0;12,0;7633;10.34%;1;14506315001;unique_master_match;1;1;g;1;pack;26,0;29,0;10,344827586206897;weight;month;10,34;1,0;39,0;24,0;12,0;6,29;20,0
中農經典家常勁麵 900g;米油沖泡;70,0;中農粉絲;規格：900g克x1x1Bag袋;中農經典家常勁麵 900g;90,0;1;900,0;12,0;7635;22.22%;1;14506328001;unique_master_match;1;1;g;1;bag;70,0;90,0;22,22222222222222;weight;month;22,22;1,0;44,0;34,0;13,0;11,28;12,0
中農經典大寬麵片900g;米油沖泡;70,0;中農粉絲;規格：900g克x1x1Bag袋;中農經典大寬麵片900g;90,0;1;900,0;12,0;7636;22.22%;1;14506329001;unique_master_match;1;1;g;1;bag;70,0;90,0;22,22222222222222;weight;month;22,22;1,0;44,0;34,0;13,0;11,28;12,0
PALDO韓國乾拌麵130g x5;米油沖泡;159,0;八道 Paldo;規格：130g克x5x1Bag袋;PALDO韓國乾拌麵130g x5;169,0;1;130,0;12,0;7638;5.92%;1;14506334001;unique_master_match;1;1;g;5;bag;31,8;33,8;5,9171597633136;weight;month;5,92;1,0;38,0;31,0;14,0;3,092;4,0
五木營養麵條-300g;米油沖泡;26,0;五木;規格：300g克x1x1Pack包;五木營養麵條300g;0,0;1;300,0;12,0;7646;0.00%;1;14506352001;unique_master_match;1;1;g;1;pack;26,0;0,0;0,0;weight;month;0,0;1,0;39,0;23,0;12,0;6,328;20,0
家樂福有機薑黃麵線;米油沖泡;59,0;家樂福;規格：300g克x1x1Bag包;家樂福有機薑黃麵線;78,0;1;300,0;12,0;7648;24.36%;1;14506357001;unique_master_match;1;1;g;1;bag;59,0;78,0;24,358974358974358;weight;month;24,36;1,0;28,0;28,0;12,0;4,1;12,0
中農經典蛋黃拉麵 900g;米油沖泡;70,0;中農粉絲;規格：900g克x1x1Bag袋;中農經典蛋黃拉麵 900g;90,0;1;900,0;12,0;7649;22.22%;0;14506358001;unique_master_match;1;1;g;1;bag;70,0;90,0;22,22222222222222;weight;month;22,22;0,0;44,0;34,0;13,0;11,28;12,0
農心頂級辛拉麵(包)130g;米油沖泡;79,0;;規格：130g克x1x1Bag包;農心頂級辛拉麵(包)130g;0,0;1;130,0;12,0;7652;0.00%;1;14506366001;unique_master_match;1;1;g;1;bag;79,0;0,0;0,0;weight;month;0,0;1,0;45,0;27,0;16,0;3,0;20,0
金雞牌關廟板條麵 1200g;米油沖泡;125,0;金雞牌;規格：1200g克x1x1PACK包;金雞牌關廟板條麵 1200g;139,0;1;1200,0;12,0;7654;10.07%;1;14506372001;unique_master_match;1;1;g;1;pack;125,0;139,0;10,071942446043165;weight;month;10,07;1,0;49,0;26,0;49,0;15,382;12,0
不倒翁金螃蟹海鮮風味拉麵520g克 x 1Bag袋;米油沖泡;239,0;韓國不倒翁;規格：520g克x1x1Bag袋;不倒翁金螃蟹海鮮風味拉麵130g*4;269,0;1;520,0;12,0;7663;11.15%;1;14506400001;unique_master_match;1;1;g;1;bag;239,0;269,0;11,152416356877323;weight;month;11,15;1,0;32,0;32,0;28,0;4,83;8,0
金雞牌鹽水意麵(純麵體)600g;米油沖泡;89,0;金雞牌;規格：600g克x1x1Bag袋;金雞牌鹽水意麵600g;99,0;1;600,0;12,0;7672;10.10%;1;14506488001;unique_master_match;1;1;g;1;bag;89,0;99,0;10,1010101010101;weight;month;10,1;1,0;40,0;40,0;27,0;8,37;12,0
農心辛辣白菜風味拉麵超值包120g x5;米油沖泡;169,0;農心;規格：120g克x5x1Bag袋;農心辛辣白菜風味拉麵超值包120g x5;190,0;1;120,0;12,0;7674;11.05%;0;14506490001;unique_master_match;1;1;g;5;bag;33,8;38,0;11,052631578947377;weight;month;11,05;0,0;40,0;32,0;28,0;5,58;8,0
出前一丁麻油味速食麵100g克 x 5Pack包;米油沖泡;109,0;日清;規格：100g克x1x5Pack包;出前一丁麻油味速食麵;119,0;1;100,0;12,0;7689;8.40%;1;14506887001;unique_master_match;1;1;g;5;pack;21,8;23,8;8,403361344537814;weight;month;8,4;1,0;37,0;33,0;14,0;3,15;30,0
QQ義大利麵500g;米油沖泡;51,0;;規格：500g克x1x1Pack包;QQ義大利麵500g;55,0;1;500,0;24,0;7699;7.27%;1;14507042001;unique_master_match;1;1;g;1;pack;51,0;55,0;7,2727272727272725;weight;month;7,27;1,0;42,0;29,0;14,0;12,69;24,0
QQ螺絲麵500g;米油沖泡;51,0;;規格：500g克x1x1Pack包;QQ螺絲麵500g;57,0;1;500,0;24,0;7700;10.53%;1;14507044001;unique_master_match;1;1;g;1;pack;51,0;57,0;10,526315789473683;weight;month;10,53;1,0;42,0;36,0;33,0;13,03;24,0
QQ三色稜紋貝殼麵500g;米油沖泡;52,0;;規格：500g克x1x1Pack包;QQ三色稜紋貝殼麵500g;57,0;1;500,0;24,0;7701;8.77%;1;14507045001;unique_master_match;1;1;g;1;pack;52,0;57,0;8,771929824561402;weight;month;8,77;1,0;42,0;36,0;26,0;12,84;24,0
常春藤細麵500G;米油沖泡;51,0;;規格：500g克x1x1Pack包;常春藤細麵500G;57,0;1;500,0;24,0;7702;10.53%;1;14507047001;unique_master_match;1;1;g;1;pack;51,0;57,0;10,526315789473683;weight;month;10,53;1,0;41,0;28,0;14,0;12,6;24,0
Barilla義大利直麵 N.5;米油沖泡;108,0;百味來Barilla;規格：500g克x1x1Box盒;百味來義大利直麵#5 500g;129,0;1;500,0;32,0;7703;16.28%;0;14507061001;unique_master_match;1;1;g;1;box;108,0;129,0;16,27906976744186;weight;month;16,28;0,0;40,0;30,0;15,0;12,96;24,0
家樂福圓直麵500g;米油沖泡;105,0;家樂福自有品牌;規格：500g克x1x1Bag袋;家福圓直麵500g;0,0;1;500,0;36,0;7704;0.00%;0;14507076001;unique_master_match;1;1;g;1;bag;105,0;0,0;0,0;weight;month;0,0;0,0;31,0;14,0;28,0;10,39;20,0
Agnesi 天使髮絲義大利麵500g;米油沖泡;95,0;Agnesi;規格：500g克x1x1Pack包;Agnesi 天使髮絲義大利麵500g;0,0;1;500,0;36,0;7705;0.00%;0;14507083001;unique_master_match;1;1;g;1;pack;95,0;0,0;0,0;weight;month;0,0;0,0;25,0;21,0;28,0;12,44;24,0
Agnesi 義大利麵 500g;米油沖泡;95,0;Agnesi;規格：500g克x1x1Pack包;Agnesi 義大利麵 500g;0,0;1;500,0;36,0;7706;0.00%;0;14507085001;unique_master_match;1;1;g;1;pack;95,0;0,0;0,0;weight;month;0,0;0,0;25,0;20,0;28,0;12,6;24,0
Agnesi 義大利細扁麵 500g;米油沖泡;95,0;Agnesi;規格：500g克x1x1Pack包;Agnesi 義大利細扁麵 500g;0,0;1;500,0;36,0;7707;0.00%;0;14507087001;unique_master_match;1;1;g;1;pack;95,0;0,0;0,0;weight;month;0,0;0,0;25,0;20,0;28,0;12,57;24,0
De Cecco 義大利蝴蝶結麵;米油沖泡;129,0;De Cecco;規格：500g克x1x1Bag袋;De Cecco 義大利蝴蝶結麵;0,0;1;500,0;36,0;7708;0.00%;1;14507202001;unique_master_match;1;1;g;1;bag;129,0;0,0;0,0;weight;month;0,0;1,0;54,0;26,0;33,0;13,0;24,0
虎牌新竹炊粉400gx2;米油沖泡;99,0;新竹虎牌;規格：400g克x1x2Pack包;虎牌新竹炊粉 400g;125,0;1;400,0;36,0;7711;20.80%;1;14508004001;unique_master_match;1;1;g;2;pack;49,5;62,5;20,8;weight;month;20,8;1,0;52,0;39,0;42,0;11,23;20,0
虎牌新竹炊粉400gx2;米油沖泡;99,0;新竹虎牌;規格：400g克x1x2Pack包;家福炊粉;125,0;1;400,0;36,0;7713;20.80%;1;14508013001;unique_master_match;1;1;g;2;pack;49,5;62,5;20,8;weight;month;20,8;1,0;59,0;43,0;29,0;9,15;16,0
虎牌新竹炊粉400gx2;米油沖泡;99,0;新竹虎牌;規格：400g克x1x2Pack包;家福炊粉(小);125,0;1;400,0;36,0;7714;20.80%;1;14508016001;unique_master_match;1;1;g;2;pack;49,5;62,5;20,8;weight;month;20,8;1,0;53,0;47,0;25,0;6,556;18,0
源順有機糙米米粉200g;米油沖泡;109,0;源順;規格：200g克x1x1Box盒;源順有機糙米米粉200g;0,0;1;200,0;24,0;7717;0.00%;1;14508022001;unique_master_match;1;1;g;1;box;109,0;0,0;0,0;weight;month;0,0;1,0;39,0;25,0;25,0;3,57;12,0
龍口口味粉絲 300g;米油沖泡;72,0;龍口;規格：300g克x1x1Pack包;龍口口味粉絲 300g;79,0;1;300,0;36,0;7726;8.86%;0;14509001001;unique_master_match;1;1;g;1;pack;72,0;79,0;8,860759493670885;weight;month;8,86;0,0;47,0;30,0;39,0;9,29;18,0
日正台灣麵攤寬粉絲150g;米油沖泡;39,0;日正;規格：150g克x1x1Pack包;日正台灣麵攤寬粉絲150g;0,0;1;150,0;36,0;7729;0.00%;0;14509005001;unique_master_match;1;1;g;1;pack;39,0;0,0;0,0;weight;month;0,0;0,0;46,0;33,0;27,0;3,8;24,0
台光超級粉絲 600g;米油沖泡;139,0;;規格：600g克x1x1Bag袋;台光超級粉絲 600g;0,0;1;600,0;36,0;7731;0.00%;1;14509007001;unique_master_match;1;1;g;1;bag;139,0;0,0;0,0;weight;month;0,0;1,0;56,0;35,0;26,0;8,07;12,0
虎牌綠豆粉絲 450g;米油沖泡;95,0;新竹虎牌;規格：450g克x1x1Pack包;虎牌綠豆粉絲 450g;110,0;1;450,0;36,0;7732;13.64%;0;14509008001;unique_master_match;1;1;g;1;pack;95,0;110,0;13,636363636363635;weight;month;13,64;0,0;43,0;31,0;27,0;6,2;12,0
日正台灣麵攤寬粉絲150g;米油沖泡;39,0;日正;規格：150g克x1x1Pack包;日正粉絲150g;0,0;1;150,0;36,0;7736;0.00%;1;14509013001;unique_master_match;1;1;g;1;pack;39,0;0,0;0,0;weight;month;0,0;1,0;44,0;27,0;27,0;4,22;24,0
中農寶鼎100％純綠豆粉絲180g;米油沖泡;99,0;中農粉絲;規格：180g克x1x1Bag包;中農寶鼎100％純綠豆粉絲180g;115,0;1;180,0;36,0;7737;13.91%;1;14509015001;unique_master_match;1;1;g;1;bag;99,0;115,0;13,91304347826087;weight;month;13,91;1,0;30,0;30,0;29,0;3,0;12,0
龍皇粉絲三把 90g;米油沖泡;22,0;;規格：90g克x1x1Pack包;龍皇粉絲三把 90g;25,0;1;90,0;36,0;7738;12.00%;1;14509016001;unique_master_match;1;1;g;1;pack;22,0;25,0;12,0;weight;month;12,0;1,0;49,0;38,0;27,0;4,61;40,0
金龍一番日式豚骨杯39g;米油沖泡;39,0;中農粉絲;規格：39g克x1x1Cup杯;金龍一番日式豚骨杯39g;55,0;1;39,0;12,0;7740;29.09%;1;14509021001;unique_master_match;1;1;g;1;cup;39,0;55,0;29,09090909090909;weight;month;29,09;1,0;33,0;26,0;13,0;0,98;12,0
中農經典寬粉200g;米油沖泡;59,0;中農粉絲;規格：200g克x1x1Bag包;中農經典寬粉200g;70,0;1;200,0;36,0;7741;15.71%;1;14509024001;unique_master_match;1;1;g;1;bag;59,0;70,0;15,714285714285714;weight;month;15,71;1,0;30,0;29,0;37,0;3,0;12,0
中農經典寬粉200g;米油沖泡;59,0;中農粉絲;規格：200g克x1x1Bag包;中農經典粉絲200g;70,0;1;200,0;36,0;7742;15.71%;1;14509025001;unique_master_match;1;1;g;1;bag;59,0;70,0;15,714285714285714;weight;month;15,71;1,0;30,0;29,0;29,0;3,15;12,0
中農經典細寬粉180g;米油沖泡;59,0;中農粉絲;規格：180g克x1x1Bag包;中農經典細寬粉180g;70,0;1;180,0;36,0;7743;15.71%;1;14509026001;unique_master_match;1;1;g;1;bag;59,0;70,0;15,714285714285714;weight;month;15,71;1,0;30,0;30,0;40,0;2,8;12,0
金龍一番紅燒牛肉杯41g;米油沖泡;39,0;中農粉絲;規格：41g克x1x1Cup杯;金龍一番紅燒牛肉杯41g;55,0;1;41,0;12,0;7748;29.09%;1;14509035001;unique_master_match;1;1;g;1;cup;39,0;55,0;29,09090909090909;weight;month;29,09;1,0;33,0;26,0;13,0;1,04;12,0
中農網裝冬粉380g;米油沖泡;75,0;中農粉絲;規格：380g克x1x1Bag袋;中農網裝冬粉380g;110,0;1;380,0;36,0;7749;31.82%;1;14509036001;unique_master_match;1;1;g;1;bag;75,0;110,0;31,818181818181817;weight;month;31,82;1,0;51,0;36,0;23,0;5,29;12,0
金龍一番韓式泡菜杯35.5g;米油沖泡;39,0;中農粉絲;規格：35.5g克x1x1Cup杯;金龍一番韓式泡菜杯35.5g;55,0;1;35,5;12,0;7750;29.09%;1;14509037001;unique_master_match;1;1;g;1;cup;39,0;55,0;29,09090909090909;weight;month;29,09;1,0;33,0;26,0;13,0;0,97;12,0
西螺金農上等米(圓二)3kg;米油沖泡;179,0;金農米;規格：3Kg公斤x1x1Pack包;西螺金農上等米(圓二)3kg;378,0;1;3000,0;12,0;7755;52.65%;1;14510004001;unique_master_match;1;1;g;1;pack;179,0;378,0;52,64550264550265;weight;month;52,65;1,0;;;;;8,0
大倉池農香米(圓ㄧ)1.5Kg;米油沖泡;189,0;大倉米舖;規格：1.5Kg公斤x1x1Bag包;大倉池農香米(圓ㄧ)1.5Kg;199,0;1;1500,0;10,0;7756;5.03%;1;14510005001;unique_master_match;1;1;g;1;bag;189,0;199,0;5,025125628140704;weight;month;5,03;1,0;;;;;12,0
家樂福花蓮富里芋香米(圓二);米油沖泡;119,0;家樂福;規格：1.5Kg公斤x1x1Pack包;家樂福花蓮富里芋香米(圓二);125,0;1;1500,0;8,0;7758;4.80%;0;14510007001;unique_master_match;1;1;g;1;pack;119,0;125,0;4,8;weight;month;4,8;0,0;;;;;12,0
金農美國玫瑰米3kg;米油沖泡;159,0;金農米;規格：3Kg公斤x1x1PACK包;金農美國玫瑰米3kg;0,0;1;3000,0;12,0;7759;0.00%;0;14510009001;unique_master_match;1;1;g;1;pack;159,0;0,0;0,0;weight;month;0,0;0,0;;;;;8,0
義美美味糙米2.6Kg;米油沖泡;255,0;義美;規格：2.6Kg公斤x1x1Pack包;義美純淨精米2.6Kg;0,0;1;2600,0;9,0;7761;0.00%;1;14510014001;unique_master_match;1;1;g;1;pack;255,0;0,0;0,0;weight;month;0,0;1,0;54,0;36,0;13,0;16,3;6,0
天生好米黃金比例(圓二)2kg;米油沖泡;149,0;天生好米;規格：2Kg公斤x1x1Bag包;天生好米黃金比例(圓二)2kg;169,0;1;2000,0;12,0;7762;11.83%;1;14510015001;unique_master_match;1;1;g;1;bag;149,0;169,0;11,834319526627219;weight;month;11,83;1,0;;;;;12,0
台東關山鎮農會關山米 (圓二)6kg;米油沖泡;438,0;樂米穀場;規格：6Kg公斤x1x1PACK包;台東關山鎮農會關山米 (圓二)6kg;499,0;1;6000,0;13,0;7766;12.22%;1;14510030001;unique_master_match;1;1;g;1;pack;438,0;499,0;12,224448897795591;weight;month;12,22;1,0;;;;;4,0
金農西螺王壽司米6kg;米油沖泡;359,0;金農米;規格：6Kg公斤x1x1PACK包;金農西螺王壽司米6kg;389,0;1;6000,0;12,0;7769;7.71%;0;14510034001;unique_master_match;1;1;g;1;pack;359,0;389,0;7,712082262210797;weight;month;7,71;0,0;;;;;4,0
日本一番米(圓一)2Kg;米油沖泡;449,0;;規格：2Kg公斤x1x1Pack包;日本一番米(圓一)2Kg;0,0;1;2000,0;12,0;7771;0.00%;1;14510038001;unique_master_match;1;1;g;1;pack;449,0;0,0;0,0;weight;month;0,0;1,0;;;;;5,0
金農履歷一等小農種米(圓一)2kg;米油沖泡;139,0;;規格：2Kg公斤x1x1Bag包;金農履歷一等小農種米(圓一)2kg;150,0;1;2000,0;12,0;7773;7.33%;1;14510041001;unique_master_match;1;1;g;1;bag;139,0;150,0;7,333333333333333;weight;month;7,33;1,0;;;;;12,0
樂米穀場 有機越光米 1kg;米油沖泡;189,0;樂米穀場;規格：1Kg公斤x1x1PC包;樂米穀場-有機越光米1kg;199,0;1;1000,0;13,0;7774;5.03%;1;14510049001;unique_master_match;1;1;g;1;pc;189,0;199,0;5,025125628140704;weight;month;5,03;1,0;;;;;20,0
三好履歷契作有身分證米(圓一)3Kg;米油沖泡;199,0;三好米;規格：3Kg公斤x1x1Bag包;三好履歷契作有身分證米(圓一)3Kg;299,0;1;3000,0;12,0;7775;33.44%;1;14510050001;unique_master_match;1;1;g;1;bag;199,0;299,0;33,44481605351171;weight;month;33,44;1,0;;;;;8,0
大倉台灣大賞米(圓二)1.5Kg;米油沖泡;149,0;;規格：1.5Kg公斤x1x1Bag包;大倉台灣大賞米(圓二)1.5Kg;179,0;1;1500,0;10,0;7778;16.76%;1;14510063001;unique_master_match;1;1;g;1;bag;149,0;179,0;16,75977653631285;weight;month;16,76;1,0;;;;;12,0
三好台灣米長鮮米(長三)2.7kg;米油沖泡;239,0;三好米;規格：2.7Kg公斤x1x1Pack包;三好台灣米長鮮米(長三)2.7kg;259,0;1;2700,0;12,0;7779;7.72%;1;14510068001;unique_master_match;1;1;g;1;pack;239,0;259,0;7,722007722007722;weight;month;7,72;1,0;;;;;8,0
天生好米花東生態台梗9號米1.5Kg;米油沖泡;159,0;天生好米;規格：1.5Kg公斤x1x1Bag包;天生好米花東生態台梗9號米1.5Kg;172,0;1;1500,0;12,0;7785;7.56%;1;14510088001;unique_master_match;1;1;g;1;bag;159,0;172,0;7,55813953488372;weight;month;7,56;1,0;;;;;12,0
家樂福花蓮富里壽司米(圓一);米油沖泡;109,0;家樂福;規格：1.5Kg公斤x1x1PACK包;家樂福花蓮富里壽司米(圓一);115,0;1;1500,0;8,0;7790;5.22%;1;14510100001;unique_master_match;1;1;g;1;pack;109,0;115,0;5,217391304347826;weight;month;5,22;1,0;;;;;12,0
天生好米花蓮富里特級米(圓二)9Kg;米油沖泡;539,0;天生好米;規格：9Kg公斤x1x1PACK包;天生好米花蓮富里特級米(圓二)9Kg;599,0;1;9000,0;12,0;7791;10.02%;1;14510101001;unique_master_match;1;1;g;1;pack;539,0;599,0;10,01669449081803;weight;month;10,02;1,0;;;;;3,0
樂米穀場 池上壹等特賞米6kg;米油沖泡;438,0;樂米穀場;規格：6Kg公斤x1x1Bag包;池上壹等特賞米6kg;469,0;1;6000,0;12,0;7792;6.61%;1;14510103001;unique_master_match;1;1;g;1;bag;438,0;469,0;6,609808102345416;weight;month;6,61;1,0;;;;;4,0
三好履歷契作台灣越光米1.5kg;米油沖泡;149,0;三好米;規格：1.5Kg公斤x1x1Bag包;三好履歷契作台灣越光米1.5kg;279,0;1;1500,0;12,0;7796;46.59%;1;14510111001;unique_master_match;1;1;g;1;bag;149,0;279,0;46,59498207885305;weight;month;46,59;1,0;;;;;12,0
【有機】天生好米有機生態一等糙米1.5kg;米油沖泡;159,0;天生好米;規格：1.5Kg公斤x1x1Bag包;天生好米有機生態一等米;238,0;1;1500,0;12,0;7799;33.19%;1;14510121001;unique_master_match;1;1;g;1;bag;159,0;238,0;33,193277310924366;weight;month;33,19;1,0;;;;;12,0
三好履歷台梗九號米(圓三)2.2kg;米油沖泡;199,0;三好米;規格：2.2Kg公斤x1x1Pack包;三好履歷台梗九號米(圓三)2.2kg;289,0;1;2200,0;12,0;7801;31.14%;1;14510127001;unique_master_match;1;1;g;1;pack;199,0;289,0;31,141868512110726;weight;month;31,14;1,0;;;;;10,0
金農履歷一等台灣越光米1.8Kg公斤;米油沖泡;169,0;金農米;規格：1.8Kg公斤x1x1Bag包;金農履歷一等台灣越光米1.8Kg;189,0;1;1800,0;12,0;7802;10.58%;1;14510133001;unique_master_match;1;1;g;1;bag;169,0;189,0;10,582010582010582;weight;month;10,58;1,0;;;;;14,0
【有機】樂米穀場-稻鴨有機益全香米1.5kg;米油沖泡;195,0;樂米穀場;規格：1500g克x1x1PC包;樂米穀場-稻鴨有機益全香米1.5kg;199,0;1;1500,0;13,0;7803;2.01%;1;14510138001;unique_master_match;1;1;g;1;pc;195,0;199,0;2,0100502512562812;weight;month;2,01;1,0;;;;;12,0
三好米台東關山好米(圓二)9kg;米油沖泡;549,0;三好米;規格：9Kg公斤x1x1Pack包;台東關山好米(圓二)9kg;670,0;1;9000,0;13,0;7804;18.06%;1;14510139001;unique_master_match;1;1;g;1;pack;549,0;670,0;18,059701492537314;weight;month;18,06;1,0;;;;;3,0
天生好米月之米(圓二)2kg;米油沖泡;149,0;天生好米;規格：2Kg公斤x1x1Bag包;天生好米月之米(圓二)2kg;169,0;1;2000,0;12,0;7805;11.83%;1;14510140001;unique_master_match;1;1;g;1;bag;149,0;169,0;11,834319526627219;weight;month;11,83;1,0;;;;;12,0
天生好米富里履歷契作糙米 3Kg;米油沖泡;199,0;天生好米;規格：3Kg公斤x1x1PACK包;天生好米富里履歷契作米 3Kg;298,0;1;3000,0;12,0;7808;33.22%;1;14510147001;unique_master_match;1;1;g;1;pack;199,0;298,0;33,22147651006711;weight;month;33,22;1,0;;;;;8,0
三好履歷芋香米2.2kg(圓一);米油沖泡;199,0;;規格：2.2Kg公斤x1x1Pack包;三好履歷芋香米2.2kg(圓一);299,0;1;2200,0;12,0;7809;33.44%;1;14510148001;unique_master_match;1;1;g;1;pack;199,0;299,0;33,44481605351171;weight;month;33,44;1,0;;;;;10,0
天生好米嚴選月之米6kg;米油沖泡;389,0;天生好米;規格：6Kg公斤x1x1PACK包;天生好米嚴選月之米6kg;399,0;1;6000,0;12,0;7810;2.51%;1;14510150001;unique_master_match;1;1;g;1;pack;389,0;399,0;2,506265664160401;weight;month;2,51;1,0;;;;;4,0
天生好米嚴選黃金比例6kg;米油沖泡;389,0;天生好米;規格：6Kg公斤x1x1PACK包;天生好米嚴選黃金比例6kg;399,0;1;6000,0;12,0;7811;2.51%;1;14510153001;unique_master_match;1;1;g;1;pack;389,0;399,0;2,506265664160401;weight;month;2,51;1,0;;;;;4,0
樂米穀場 台東關山鎮農會良質米2.5kg;米油沖泡;239,0;樂米穀場;規格：2.5Kg公斤x1x1Pack包;台東關山鎮農會良質米2.5kg;249,0;1;2500,0;13,0;7813;4.02%;1;14510159001;unique_master_match;1;1;g;1;pack;239,0;249,0;4,016064257028113;weight;month;4,02;1,0;;;;;10,0
樂米穀場花蓮富里有機初雪美姬米1.5kg;米油沖泡;219,0;樂米穀場;規格：1500g克x1x1PC包;樂米穀場-花蓮富里契作有機白米;259,0;1;1500,0;13,0;7816;15.44%;1;14510167001;unique_master_match;1;1;g;1;pc;219,0;259,0;15,444015444015443;weight;month;15,44;1,0;;;;;
就是好米契作一等米 3Kg;米油沖泡;199,0;三好米;規格：3Kg公斤x1x1PACK包;就是好米契作一等米 3Kg;225,0;1;3000,0;12,0;7817;11.56%;1;14510169001;unique_master_match;1;1;g;1;pack;199,0;225,0;11,555555555555555;weight;month;11,56;1,0;;;;;8,0
三好米ㄧ等壽司米(圓一)2.7kg;米油沖泡;189,0;三好米;規格：2.7Kg公斤x1x1PACK包;三好ㄧ等壽司米(圓一)2.7kg;199,0;1;2700,0;12,0;7818;5.03%;1;14510175001;unique_master_match;1;1;g;1;pack;189,0;199,0;5,025125628140704;weight;month;5,03;1,0;;;;;8,0
金農履歷台梗九號1.8Kg;米油沖泡;169,0;金農米;規格：1.8Kg公斤x1x1Bag包;金農履歷台梗九號1.8Kg;179,0;1;1800,0;12,0;7820;5.59%;1;14510178001;unique_master_match;1;1;g;1;bag;169,0;179,0;5,58659217877095;weight;month;5,59;1,0;;;;;14,0
天生好米月之米(圓二)2kg;米油沖泡;149,0;天生好米;規格：2Kg公斤x1x1Bag包;三好純淨東部好米2Kg;169,0;1;2000,0;12,0;7824;11.83%;0;14510185001;unique_master_match;1;1;g;1;bag;149,0;169,0;11,834319526627219;weight;month;11,83;0,0;;;;;
皇家博多米舖浪漫米1.5KG;米油沖泡;398,0;;規格：1500g克x1x1PC包;皇家穀堡冠軍米147 1.8Kg;0,0;1;1500,0;13,0;7828;0.00%;1;14510194001;unique_master_match;1;1;g;1;pc;398,0;0,0;0,0;weight;month;0,0;1,0;;;;;10,0
天生好米履歷鷺巡一等白米2.2kg;米油沖泡;199,0;天生好米;規格：2.2Kg公斤x1x1PACK包;天生好米履歷鷺巡一等白米2.2kg;204,0;1;2200,0;12,0;7832;2.45%;1;14510204001;unique_master_match;1;1;g;1;pack;199,0;204,0;2,450980392156863;weight;month;2,45;1,0;;;;;
花蓮越光米1.5kg;米油沖泡;198,0;;規格：1.5Kg公斤x1x1PACK包;花蓮越光米1.5kg;219,0;1;1500,0;10,0;7833;9.59%;0;14510205001;unique_master_match;1;1;g;1;pack;198,0;219,0;9,58904109589041;weight;month;9,59;0,0;;;;;12,0
富里農會有機白米1.5kg;米油沖泡;219,0;富里農會;規格：1.5Kg公斤x1x1PACK包;富里農會有機白米1.5kg;0,0;1;1500,0;10,0;7834;0.00%;1;14510206001;unique_master_match;1;1;g;1;pack;219,0;0,0;0,0;weight;month;0,0;1,0;;;;;10,0
三好米一等皇家香米2.2kg;米油沖泡;199,0;三好米;規格：2.2Kg公斤x1x1Pack包;三好一等皇家香米2.2kg(長一);239,0;1;2200,0;12,0;7836;16.74%;1;14510210001;unique_master_match;1;1;g;1;pack;199,0;239,0;16,736401673640167;weight;month;16,74;1,0;;;;;10,0
中興履歷無洗米1.5Kg;米油沖泡;119,0;中興米;規格：1.5Kg公斤x1x1Bag包;中興履歷無洗米1.5Kg;134,0;1;1500,0;12,0;7837;11.19%;1;14510212001;unique_master_match;1;1;g;1;bag;119,0;134,0;11,194029850746269;weight;month;11,19;1,0;;;;;10,0
天生好米履歷鷺巡芋香米2kg;米油沖泡;199,0;天生好米;規格：2Kg公斤x1x1PACK包;天生好米履歷鷺巡芋香米2kg;215,0;1;2000,0;12,0;7840;7.44%;1;14510217001;unique_master_match;1;1;g;1;pack;199,0;215,0;7,441860465116279;weight;month;7,44;1,0;;;;;
天生好米月之米(圓二)2kg;米油沖泡;149,0;天生好米;規格：2Kg公斤x1x1Bag包;三好花蓮優質米(圓二)2Kg;169,0;1;2000,0;12,0;7841;11.83%;0;14510218001;unique_master_match;1;1;g;1;bag;149,0;169,0;11,834319526627219;weight;month;11,83;0,0;;;;;12,0
中興米台灣魯肉飯(圓一)2.5Kg;米油沖泡;279,0;中興米;規格：2.5Kg公斤x1x1Bag包;中興米台灣魯肉飯(圓一)2.5Kg;0,0;1;2500,0;12,0;7843;0.00%;0;14510225001;unique_master_match;1;1;g;1;bag;279,0;0,0;0,0;weight;month;0,0;0,0;;;;;8,0
樂米穀場初雪美姬米1.5Kg公斤;米油沖泡;169,0;樂米穀場;規格：1.5Kg公斤x1x1Bag包;樂米穀場初雪美姬米 1.5Kg;0,0;1;1500,0;12,0;7845;0.00%;1;14510233001;unique_master_match;1;1;g;1;bag;169,0;0,0;0,0;weight;month;0,0;1,0;;;;;12,0
日本新潟特A級越光米800g;米油沖泡;185,0;;規格：800g克x1x1Bag包;日本新潟特A級越光米800g;199,0;1;800,0;12,0;7851;7.04%;0;14510255001;unique_master_match;1;1;g;1;bag;185,0;199,0;7,035175879396985;weight;month;7,04;0,0;;;;;20,0
天生好米花東生態台灣越光米1.5Kg;米油沖泡;298,0;天生好米;規格：1.5Kg公斤x1x1Bag包;天生好米花東生態台灣越光米1.5Kg;0,0;1;1500,0;12,0;7862;0.00%;1;14510294001;unique_master_match;1;1;g;1;bag;298,0;0,0;0,0;weight;month;0,0;1,0;;;;;12,0
三好花蓮鳳林香米 6k;米油沖泡;399,0;三好米;規格：6Kg公斤x1x1Bag包;三好花蓮新米6Kg;453,0;1;6000,0;12,0;7864;11.92%;0;14510298001;unique_master_match;1;1;g;1;bag;399,0;453,0;11,920529801324504;weight;month;11,92;0,0;;;;;
樂米穀場-花蓮富里產月光の星1.5Kg;米油沖泡;169,0;樂米穀場;規格：1.5Kg公斤x1x1Bag包;樂米穀場-花蓮富里產月光星1.5Kg;0,0;1;1500,0;12,0;7865;0.00%;1;14510300001;unique_master_match;1;1;g;1;bag;169,0;0,0;0,0;weight;month;0,0;1,0;;;;;12,0
天生好米花東生態台梗9號米1.5Kg;米油沖泡;159,0;天生好米;規格：1.5Kg公斤x1x1Bag包;花東產銷履歷生態米;172,0;1;1500,0;12,0;7866;7.56%;0;14510346001;unique_master_match;1;1;g;1;bag;159,0;172,0;7,55813953488372;weight;month;7,56;0,0;;;;;12,0
樂米穀場 台東關山銀飯製米 1.5kg;米油沖泡;179,0;樂米穀場;規格：1.5Kg公斤x1x1Bag包;樂米穀場-台東關山銀飯製米1.5Kg;0,0;1;1500,0;12,0;7867;0.00%;0;14510399001;unique_master_match;1;1;g;1;bag;179,0;0,0;0,0;weight;month;0,0;0,0;;;;;12,0
樂米穀場初雪美姬米1.5Kg公斤;米油沖泡;169,0;樂米穀場;規格：1.5Kg公斤x1x1Bag包;樂米穀場花蓮富里有機初雪美姬米1.5kg;0,0;1;1500,0;12,0;7868;0.00%;1;14510410001;unique_master_match;1;1;g;1;bag;169,0;0,0;0,0;weight;month;0,0;1,0;;;;;12,0
義美美味糙米2.6Kg;米油沖泡;255,0;義美;規格：2.6Kg公斤x1x1Pack包;義美美味糙米2.6Kg;0,0;1;2600,0;9,0;7871;0.00%;1;14511005001;unique_master_match;1;1;g;1;pack;255,0;0,0;0,0;weight;month;0,0;1,0;54,0;36,0;13,0;16,33;6,0
天生好米富里履歷契作糙米 3Kg;米油沖泡;199,0;天生好米;規格：3Kg公斤x1x1PACK包;天生好米富里履歷契作糙米 3Kg;298,0;1;3000,0;12,0;7872;33.22%;1;14511006001;unique_master_match;1;1;g;1;pack;199,0;298,0;33,22147651006711;weight;month;33,22;1,0;;;;;
天生好米履歷鷺巡一等糙米2.2kg;米油沖泡;199,0;天生好米;規格：2.2Kg公斤x1x1PACK包;天生好米履歷鷺巡一等糙米2.2kg;295,0;1;2200,0;12,0;7876;32.54%;0;14511014001;unique_master_match;1;1;g;1;pack;199,0;295,0;32,54237288135593;weight;month;32,54;0,0;;;;;12,0
富里農會有機糙米1.5kg;米油沖泡;219,0;富里農會;規格：1.5Kg公斤x1x1PACK包;富里農會有機糙米1.5kg;0,0;1;1500,0;10,0;7878;0.00%;1;14511021001;unique_master_match;1;1;g;1;pack;219,0;0,0;0,0;weight;month;0,0;1,0;;;;;10,0
三好一等長秈糙米(圓一) 2.2kg;米油沖泡;179,0;三好米;規格：2.2Kg公斤x1x1Pack包;三好一等長秈糙米(圓一) 2.2kg;189,0;1;2200,0;12,0;7880;5.29%;0;14511023001;unique_master_match;1;1;g;1;pack;179,0;189,0;5,291005291005291;weight;month;5,29;0,0;;;;;
三好胚芽糙米(圓三)3Kg;米油沖泡;199,0;;規格：3Kg公斤x1x1Pack包;三好胚芽糙米(圓三)3Kg;0,0;1;3000,0;12,0;7882;0.00%;0;14511034001;unique_master_match;1;1;g;1;pack;199,0;0,0;0,0;weight;month;0,0;0,0;;;;;8,0
皇家榖堡莊園黑米-1kg;米油沖泡;198,0;;規格：1Kg公斤x1x1Bag包;皇家榖堡莊園黑米1kg;0,0;1;1000,0;12,0;7884;0.00%;0;14511051001;unique_master_match;1;1;g;1;bag;198,0;0,0;0,0;weight;month;0,0;0,0;;;;;12,0
皇家榖堡莊園紫米-1kg;米油沖泡;198,0;;規格：1Kg公斤x1x1Bag包;皇家榖堡莊園紫米1kg;0,0;1;1000,0;12,0;7885;0.00%;0;14511052001;unique_master_match;1;1;g;1;bag;198,0;0,0;0,0;weight;month;0,0;0,0;;;;;12,0
樂米穀場花蓮富里養生軟糙米(圓二)3Kg;米油沖泡;239,0;樂米穀場;規格：3Kg公斤x1x1Bag包;樂米穀場花蓮富里養生軟糙米(圓二)3Kg;0,0;1;3000,0;10,0;7887;0.00%;1;14511057001;unique_master_match;1;1;g;1;bag;239,0;0,0;0,0;weight;month;0,0;1,0;;;;;8,0
三好一等糙米3kg;米油沖泡;199,0;三好米;規格：3Kg公斤x1x1Bag包;三好一等糙米3kg;259,0;1;3000,0;12,0;7892;23.17%;1;14511076001;unique_master_match;1;1;g;1;bag;199,0;259,0;23,166023166023166;weight;month;23,17;1,0;;;;;8,0
天生好米履歷鷺巡一等糙米2.2kg;米油沖泡;199,0;天生好米;規格：2.2Kg公斤x1x1PACK包;天生好米履歷一等玄糙米2.2Kg;295,0;1;2200,0;12,0;7893;32.54%;1;14511080001;unique_master_match;1;1;g;1;pack;199,0;295,0;32,54237288135593;weight;month;32,54;1,0;;;;;12,0
馬玉山十二穀米1300g;米油沖泡;134,0;;規格：1300g克x1x1PACK包;家福十榖米;135,0;1;1300,0;18,0;7900;0.74%;1;14512015001;unique_master_match;1;1;g;1;pack;134,0;135,0;0,7407407407407408;weight;month;0,74;1,0;45,0;30,0;21,0;12,44;8,0
【有機】天生好米有機生態一等糙米1.5kg;米油沖泡;159,0;天生好米;規格：1.5Kg公斤x1x1Bag包;天生好米有機生態一等糙米;238,0;1;1500,0;12,0;7902;33.19%;1;14512025001;unique_master_match;1;1;g;1;bag;159,0;238,0;33,193277310924366;weight;month;33,19;1,0;;;;;12,0
三好十七穀米1.2Kg;米油沖泡;149,0;三好米;規格：1.2Kg公斤x1x1Bag包;三好十七穀米1.2Kg;189,0;1;1200,0;12,0;7903;21.16%;0;14512035001;unique_master_match;1;1;g;1;bag;149,0;189,0;21,164021164021165;weight;month;21,16;0,0;;;;;12,0
皇家榖堡莊園黑米-1kg;米油沖泡;198,0;;規格：1Kg公斤x1x1Bag包;皇家穀堡履歷黑米1Kg;0,0;1;1000,0;12,0;7904;0.00%;0;14512048001;unique_master_match;1;1;g;1;bag;198,0;0,0;0,0;weight;month;0,0;0,0;;;;;
【全素】中興養生十榖米1.2Kg;米油沖泡;134,0;;規格：1.2Kg公斤x1x1Pack包;中興養生十榖米1.2Kg;0,0;1;1200,0;12,0;7905;0.00%;0;14512123001;unique_master_match;1;1;g;1;pack;134,0;0,0;0,0;weight;month;0,0;0,0;;;;;10,0
馬玉山五榖米 3Kg;米油沖泡;284,0;馬玉山;規格：3Kg公斤x1x1Bag包;馬玉山五榖米 3Kg;0,0;1;3000,0;18,0;7907;0.00%;0;14512916001;unique_master_match;1;1;g;1;bag;284,0;0,0;0,0;weight;month;0,0;0,0;51,0;39,0;17,0;19,2;6,0
夏林 人蔘湯 1Kg【Mia C'bon 限定】;米油沖泡;500,0;;規格：1Kg公斤x1x1PACK包;韓味不二夏林蔘雞湯;0,0;1;1000,0;18,0;7909;0.00%;0;14520044001;unique_master_match;1;1;g;1;pack;500,0;0,0;0,0;weight;month;0,0;0,0;50,0;31,0;23,0;14,17;12,0
康寶濃湯自然原味火腿玉米49.7g;米油沖泡;100,0;Knorr康寶;規格：49.7g克x1x2Bag包;康寶濃湯自然原味火腿玉米49.7g;0,0;1;49,7;18,0;7910;0.00%;0;14520065001;unique_master_match;1;1;g;2;bag;50,0;0,0;0,0;weight;month;0,0;0,0;35,0;29,0;34,0;6,2;96,0
康寶濃湯自然原味香菇雞蓉36.5g;米油沖泡;100,0;Knorr康寶;規格：36.5g克x1x2Bag包;康寶濃湯-自然原味香菇雞蓉36.5 G;0,0;1;36,5;18,0;7912;0.00%;0;14520067001;unique_master_match;1;1;g;2;bag;50,0;0,0;0,0;weight;month;0,0;0,0;35,0;29,0;34,0;4,84;96,0
康寶濃湯自然原味雞蓉玉米54.1g;米油沖泡;100,0;Knorr康寶;規格：54.1g克x1x2Bag包;康寶濃湯-自然原味雞蓉玉米54.1G;0,0;1;54,1;18,0;7913;0.00%;1;14520068001;unique_master_match;1;1;g;2;bag;50,0;0,0;0,0;weight;month;0,0;1,0;35,0;29,0;34,0;6,68;96,0
真好家香菇海帶嫩芽湯;米油沖泡;49,0;真好家;規格：26.7g克x1x1BOX盒;真好家香菇海帶嫩芽湯;55,0;1;26,7;18,0;7924;10.91%;0;14521148001;unique_master_match;1;1;g;1;box;49,0;55,0;10,909090909090908;weight;month;10,91;0,0;21,0;19,0;13,0;1,15;12,0
康寶濃湯自然原味川式酸辣50.2g;米油沖泡;100,0;Knorr康寶;規格：50.2g克x1x2Bag包;康寶濃湯-自然原味川式酸辣50.2g;0,0;1;50,2;18,0;7925;0.00%;0;14521156001;unique_master_match;1;1;g;2;bag;50,0;0,0;0,0;weight;month;0,0;0,0;35,0;29,0;34,0;6,34;96,0
康寶濃湯自然原味金黃玉米56.3g;米油沖泡;100,0;Knorr康寶;規格：56.3g克x1x2Bag包;康寶濃湯-自然原味金黃玉米56.3G;0,0;1;56,3;18,0;7926;0.00%;0;14521157001;unique_master_match;1;1;g;2;bag;50,0;0,0;0,0;weight;month;0,0;0,0;35,0;29,0;34,0;6,7;96,0
康寶濃湯自然原味港式酸辣46.6g;米油沖泡;100,0;Knorr康寶;規格：46.6g克x1x2Bag包;康寶濃湯-自然原味港式酸辣46.6G;0,0;1;46,6;18,0;7927;0.00%;1;14521158001;unique_master_match;1;1;g;2;bag;50,0;0,0;0,0;weight;month;0,0;1,0;35,0;29,0;34,0;6,06;96,0
VONO醇緻原味-玉米濃湯-19.2gx3;米油沖泡;56,0;VONO;規格：57.6g克x1x1BOX盒;VONO醇緻原味-玉米濃湯57.6g;71,0;1;57,6;18,0;7931;21.13%;1;14521178001;unique_master_match;1;1;g;1;box;56,0;71,0;21,12676056338028;weight;month;21,13;1,0;48,0;27,0;20,0;5,13;60,0
VONO醇緻原味-馬鈴薯濃湯-15.5gx3;米油沖泡;56,0;VONO;規格：46.5g克x1x1BOX盒;VONO醇緻原味-馬鈴薯濃湯46.5g;71,0;1;46,5;18,0;7932;21.13%;1;14521179001;unique_master_match;1;1;g;1;box;56,0;71,0;21,12676056338028;weight;month;21,13;1,0;48,0;27,0;20,0;4,47;60,0
VONO醇緻原味-南瓜濃湯-17.4gx3;米油沖泡;56,0;VONO;規格：52.2g克x1x1BOX盒;VONO醇緻原味-南瓜濃湯52.2g;71,0;1;52,2;18,0;7933;21.13%;1;14521180001;unique_master_match;1;1;g;1;box;56,0;71,0;21,12676056338028;weight;month;21,13;1,0;48,0;27,0;20,0;4,85;60,0
VONO醇緻原味-起司濃湯54g;米油沖泡;56,0;VONO;規格：54g克x1x1BOX盒;VONO醇緻原味-起司濃湯54g;71,0;1;54,0;18,0;7934;21.13%;1;14521181001;unique_master_match;1;1;g;1;box;56,0;71,0;21,12676056338028;weight;month;21,13;1,0;48,0;27,0;20,0;4,91;60,0
真好家柴魚海帶嫩芽湯;米油沖泡;49,0;真好家;規格：13.5g克x1x1BOX盒;真好家柴魚海帶嫩芽湯;55,0;1;13,5;18,0;7938;10.91%;0;14522044001;unique_master_match;1;1;g;1;box;49,0;55,0;10,909090909090908;weight;month;10,91;0,0;21,0;19,0;13,0;0,86;12,0
康寶濃湯自然原味干貝雪菜43.1g;米油沖泡;100,0;Knorr康寶;規格：43.1g克x1x2Bag包;康寶濃湯-自然原味干貝雪菜43.1g;0,0;1;43,1;18,0;7939;0.00%;0;14522048001;unique_master_match;1;1;g;2;bag;50,0;0,0;0,0;weight;month;0,0;0,0;35,0;29,0;34,0;5,9;96,0
康寶濃湯自然原味香蟹南瓜42.2g;米油沖泡;100,0;Knorr康寶;規格：42.2g克x1x2Bag包;康寶濃湯-自然原味香蟹南瓜42.2G;0,0;1;42,2;18,0;7940;0.00%;0;14522049001;unique_master_match;1;1;g;2;bag;50,0;0,0;0,0;weight;month;0,0;0,0;36,0;29,0;34,0;5,39;96,0
康寶濃湯自然原味海鮮總匯38.3g;米油沖泡;100,0;Knorr康寶;規格：38.3g克x1x2Bag包;康寶濃湯-自然原味海鮮總匯38.3G;0,0;1;38,3;18,0;7941;0.00%;0;14522050001;unique_master_match;1;1;g;2;bag;50,0;0,0;0,0;weight;month;0,0;0,0;35,0;29,0;34,0;5,18;96,0
康寶濃湯自然原味銀魚海帶芽37g;米油沖泡;100,0;Knorr康寶;規格：37g克x1x2Bag包;康寶濃湯-自然原味銀魚海帶芽37G;0,0;1;37,0;18,0;7942;0.00%;0;14522051001;unique_master_match;1;1;g;2;bag;50,0;0,0;0,0;weight;month;0,0;0,0;35,0;29,0;34,0;5,1;96,0
康寶濃湯味噌海帶芽豆腐湯34.7gx2;米油沖泡;100,0;Knorr康寶;規格：34.7g克x1x2Bag包;康寶濃湯味噌海帶芽豆腐湯34.7g;0,0;1;34,7;18,0;7944;0.00%;1;14522065001;unique_master_match;1;1;g;2;bag;50,0;0,0;0,0;weight;month;0,0;1,0;36,0;30,0;34,0;4,68;96,0
得意的一天蝦仁干貝海鮮享吃粥;米油沖泡;101,0;得意的一天;規格：40g克x4x1Set組;得意的一天蝦仁干貝海鮮享吃粥;103,0;1;40,0;18,0;7969;1.94%;0;14524015001;unique_master_match;1;1;g;4;set;25,25;25,75;1,9417475728155338;weight;month;1,94;0,0;41,0;31,0;22,0;3,18;12,0
台鹽高級碘鹽 1Kg;米油沖泡;17,0;台鹽;規格：1Kg公斤x1x1Pack包;台鹽高級碘鹽 1Kg;0,0;1;1000,0;36,0;7973;0.00%;0;14600005001;unique_master_match;1;1;g;1;pack;17,0;0,0;0,0;weight;month;0,0;0,0;61,0;38,0;9,0;24,38;24,0
台鹽減鈉含碘鹽600g;米油沖泡;100,0;台鹽;規格：600g克x1x1Can罐;減鈉含碘鹽 600g;0,0;1;600,0;24,0;7975;0.00%;1;14600007001;unique_master_match;1;1;g;1;can;100,0;0,0;0,0;weight;month;0,0;1,0;37,0;19,0;24,0;10,7;16,0
小磨坊自調式研磨器玫瑰鹽78g;米油沖泡;109,0;小磨坊;規格：78g克x1x1CAN罐;小磨坊自調式研磨器玫瑰鹽78g;119,0;1;78,0;24,0;7976;8.40%;0;14600010001;unique_master_match;1;1;g;1;can;109,0;119,0;8,403361344537815;weight;month;8,4;0,0;13,0;9,0;11,0;1,0;6,0
台鹽美味含碘鹽300g;米油沖泡;50,0;台鹽;規格：300g克x1x1Can罐;台鹽美味含碘鹽300g;0,0;1;300,0;24,0;7977;0.00%;0;14600011001;unique_master_match;1;1;g;1;can;50,0;0,0;0,0;weight;month;0,0;0,0;37,0;19,0;20,0;8,59;24,0
台鹽減鈉含碘鹽300g;米油沖泡;50,0;台鹽;規格：300g克x1x1Can罐;台鹽減鈉含碘鹽300g;0,0;1;300,0;24,0;7978;0.00%;1;14600013001;unique_master_match;1;1;g;1;can;50,0;0,0;0,0;weight;month;0,0;1,0;38,0;19,0;21,0;8,5;24,0
日本盒裝家庭料理鹽;米油沖泡;99,0;;規格：800g克x1x1Box盒;日本盒裝家庭料理鹽;0,0;1;800,0;36,0;7980;0.00%;0;14600017001;unique_master_match;1;1;g;1;box;99,0;0,0;0,0;weight;month;0,0;0,0;47,0;32,0;16,0;20,54;24,0
台鹽無碘鹽300g;米油沖泡;50,0;台鹽;規格：300g克x1x1Can罐;無碘鹽;0,0;1;300,0;36,0;7981;0.00%;0;14600020001;unique_master_match;1;1;g;1;can;50,0;0,0;0,0;weight;month;0,0;0,0;38,0;20,0;20,0;8,6;24,0
紐西蘭細精鹽400g;米油沖泡;68,0;;規格：400g克x1x1Can罐;紐西蘭細精鹽400g;0,0;1;400,0;60,0;7983;0.00%;0;14600022001;unique_master_match;1;1;g;1;can;68,0;0,0;0,0;weight;month;0,0;0,0;32,0;25,0;20,0;10,87;24,0
台鹽特級碘鹽 1Kg;米油沖泡;23,0;台鹽;規格：1Kg公斤x1x1Pack包;台鹽特級碘鹽 1Kg;0,0;1;1000,0;36,0;7984;0.00%;0;14600023001;unique_master_match;1;1;g;1;pack;23,0;0,0;0,0;weight;month;0,0;0,0;50,0;36,0;12,0;24,42;24,0
台鹽原味料理海鹽 500g;米油沖泡;50,0;台鹽;規格：500g克x1x1Pack包;台鹽原味料理鹽 500g;0,0;1;500,0;36,0;7988;0.00%;0;14600032001;unique_master_match;1;1;g;1;pack;50,0;0,0;0,0;weight;month;0,0;0,0;37,0;20,0;22,0;12,76;24,0
統一生機海鹽-立袋450g;米油沖泡;53,0;統一;規格：450g克x1x1Pack包;統一生機海鹽-立袋450g;0,0;1;450,0;36,0;7990;0.00%;0;14600898001;unique_master_match;1;1;g;1;pack;53,0;0,0;0,0;weight;month;0,0;0,0;37,0;21,0;12,0;5,73;12,0
統一生機海鹽-小罐300g;米油沖泡;63,0;統一;規格：300g克x1x1Can罐;統一生機海鹽-小罐300g;0,0;1;300,0;36,0;7991;0.00%;0;14600899001;unique_master_match;1;1;g;1;can;63,0;0,0;0,0;weight;month;0,0;0,0;28,0;19,0;16,0;5,0;12,0
喜馬拉雅山玫瑰鹽-500g;米油沖泡;129,0;;規格：500g克x1x1Bag包;喜馬拉雅山玫瑰細鹽500克;0,0;1;500,0;120,0;7992;0.00%;0;14600907001;unique_master_match;1;1;g;1;bag;129,0;0,0;0,0;weight;month;0,0;0,0;20,0;13,0;16,0;6,34;12,0
台鹽氟碘鹽300g;米油沖泡;50,0;台鹽;規格：300g克x1x1CAN罐;台鹽氟碘鹽300g;0,0;1;300,0;24,0;7993;0.00%;0;14600912001;unique_master_match;1;1;g;1;can;50,0;0,0;0,0;weight;month;0,0;0,0;38,0;18,0;20,0;8,51;24,0
統一生機日曬海鹽2公斤;米油沖泡;175,0;統一;規格：2Kg公斤x1x1Bag袋;統一生機日曬海鹽2公斤;0,0;1;2000,0;36,0;7994;0.00%;0;14600999001;unique_master_match;1;1;g;1;bag;175,0;0,0;0,0;weight;month;0,0;0,0;40,0;30,0;15,0;12,56;6,0
味王味精 500g;米油沖泡;62,0;味王;規格：500g克x1x1Box盒;味王味精 500g;0,0;1;500,0;60,0;7995;0.00%;1;14601001001;unique_master_match;1;1;g;1;box;62,0;0,0;0,0;weight;month;0,0;1,0;44,0;34,0;15,0;13,42;24,0
【安心價】【全素】味全高鮮味精200g(罐裝);米油沖泡;69,0;味全;規格：200g克x1x1Can罐;味全高鮮味精200g(罐裝);0,0;1;200,0;60,0;7997;0.00%;1;14601003001;unique_master_match;1;1;g;1;can;69,0;0,0;0,0;weight;month;0,0;1,0;46,0;28,0;16,0;7,694;30,0
味全高鮮味精 500g;米油沖泡;115,0;味全;規格：500g克x1x1Box盒;味全高鮮味精 500g;124,0;1;500,0;60,0;7998;7.26%;1;14601004001;unique_master_match;1;1;g;1;box;115,0;124,0;7,258064516129033;weight;month;7,26;1,0;44,0;22,0;36,0;14,66;24,0
康寶鮮雞晶-220g;米油沖泡;99,0;Knorr康寶;規格：220g克x1x1Can罐;康寶鮮雞晶 220g;109,0;1;220,0;18,0;8000;9.17%;1;14601009001;unique_master_match;1;1;g;1;can;99,0;109,0;9,174311926605505;weight;month;9,17;1,0;32,0;25,0;20,0;3,0;24,0
烹大師鰹魚風味-192;米油沖泡;169,0;烹大師;規格：192g克x1x1Box盒;烹大師鰹魚調味料 192g;179,0;1;192,0;24,0;8003;5.59%;0;14601015001;unique_master_match;1;1;g;1;box;169,0;179,0;5,58659217877095;weight;month;5,59;0,0;50,0;21,0;28,0;14,6;24,0
工研酢,工研鰹魚風味調料鰹魚,海鮮風味,工研鰹魚風味調料;米油沖泡;243,0;工研酢;規格：1Kg公斤x1x1Box盒;工研鰹魚風味調味料 1Kg;0,0;1;1000,0;24,0;8004;0.00%;1;14601016001;unique_master_match;1;1;g;1;box;243,0;0,0;0,0;weight;month;0,0;1,0;52,0;27,0;20,0;11,0;10,0
【全素】味丹御品高鮮味精 500g;米油沖泡;104,0;味丹;規格：500g克x1x1Box盒;味丹御品高鮮味精 500g;112,0;1;500,0;60,0;8008;7.14%;1;14601027001;unique_master_match;1;1;g;1;box;104,0;112,0;7,142857142857142;weight;month;7,14;1,0;42,0;23,0;15,0;6,89;12,0
康寶鮮雞晶-500g;米油沖泡;149,0;Knorr康寶;規格：500g克x1x1Can罐;康寶鮮雞晶 500g;197,0;1;500,0;18,0;8009;24.37%;1;14601028001;unique_master_match;1;1;g;1;can;149,0;197,0;24,36548223350254;weight;month;24,37;1,0;44,0;33,0;14,0;8,8;12,0
烹大師干貝風味-500g;米油沖泡;269,0;烹大師;規格：500g克x1x1Box盒;烹大師干貝風味調味料500g;290,0;1;500,0;24,0;8014;7.24%;0;14601047001;unique_master_match;1;1;g;1;box;269,0;290,0;7,241379310344828;weight;month;7,24;0,0;42,0;25,0;20,0;7,17;12,0
康寶鮮雞晶120g;米油沖泡;59,0;Knorr康寶;規格：120g克x1x1Can罐;康寶鮮雞晶120g;0,0;1;120,0;18,0;8015;0.00%;1;14601051001;unique_master_match;1;1;g;1;can;59,0;0,0;0,0;weight;month;0,0;1,0;30,0;23,0;17,0;4,326;24,0
味全高鮮蔬果本味調味料-320g;米油沖泡;81,0;味全;規格：320g克x1x1Box盒;味全高鮮蔬果本味調味料 320g;88,0;1;320,0;18,0;8016;7.95%;1;14601063001;unique_master_match;1;1;g;1;box;81,0;88,0;7,954545454545454;weight;month;7,95;1,0;34,0;24,0;29,0;9,2;24,0
烹大師鰹魚風味(罐)65g;米油沖泡;65,0;烹大師;規格：65g克x1x1Can罐;烹大師鰹魚風味調味料(罐)65g;69,0;1;65,0;18,0;8017;5.80%;1;14601065001;unique_master_match;1;1;g;1;can;65,0;69,0;5,797101449275362;weight;month;5,8;1,0;34,0;28,0;19,0;10,78;60,0
烹大師鰹魚風味調味料50g;米油沖泡;42,0;烹大師;規格：50g克x1x1Box盒;烹大師鰹魚風味調味料 50g;48,0;1;50,0;24,0;8018;12.50%;0;14601067001;unique_master_match;1;1;g;1;box;42,0;48,0;12,5;weight;month;12,5;0,0;37,0;28,0;21,0;5,31;80,0
【全素】味全高鮮香菇鮮味調味料 320g;米油沖泡;81,0;味全;規格：320g克x1x1Box盒;味全高鮮香菇鮮味調味料 320g;0,0;1;320,0;24,0;8019;0.00%;1;14601073001;unique_master_match;1;1;g;1;box;81,0;0,0;0,0;weight;month;0,0;1,0;34,0;24,0;30,0;11,59;24,0
烹大師鰹魚風味-450g;米油沖泡;249,0;烹大師;規格：450g克x1x1Box盒;烹大師鰹魚調味料450g;269,0;1;450,0;24,0;8021;7.43%;1;14601999001;unique_master_match;1;1;g;1;box;249,0;269,0;7,434944237918216;weight;month;7,43;1,0;37,0;28,0;21,0;6,51;12,0
味好美自磨式七彩胡椒粒24g;米油沖泡;135,0;味好美;規格：24g克x1x1Can罐;味好美自磨式七彩胡椒粒24g;146,0;1;24,0;36,0;8024;7.53%;1;14602013001;unique_master_match;1;1;g;1;can;135,0;146,0;7,534246575342466;weight;month;7,53;1,0;39,0;13,0;18,0;6,0;36,0
味好美嚴選粗粒黑胡椒;米油沖泡;51,0;味好美;規格：32g克x1x1Bottle瓶;味好美粗黑胡椒粉32g;0,0;1;32,0;24,0;8026;0.00%;0;14602022001;unique_master_match;1;1;g;1;bottle;51,0;0,0;0,0;weight;month;0,0;0,0;27,0;18,0;12,0;3,4;24,0
小磨坊鹹酥雞椒鹽粉300g;米油沖泡;122,0;小磨坊;規格：300g克x1x1Pack包;小磨坊鹹酥雞椒鹽粉300g;0,0;1;300,0;24,0;8036;0.00%;0;14602033001;unique_master_match;1;1;g;1;pack;122,0;0,0;0,0;weight;month;0,0;0,0;43,0;33,0;20,0;13,11;20,0
小磨坊粗黑胡椒200g;米油沖泡;147,0;小磨坊;規格：200g克x1x1Pack包;小磨坊粗黑胡椒200g;0,0;1;200,0;24,0;8037;0.00%;0;14602034001;unique_master_match;1;1;g;1;pack;147,0;0,0;0,0;weight;month;0,0;0,0;43,0;32,0;13,0;4,71;20,0
小磨坊調和白胡椒粉200g;米油沖泡;147,0;小磨坊;規格：200g克x1x1Pack包;小磨坊黑胡椒粉200g;0,0;1;200,0;24,0;8038;0.00%;0;14602035001;unique_master_match;1;1;g;1;pack;147,0;0,0;0,0;weight;month;0,0;0,0;43,0;32,0;13,0;4,76;20,0
小磨坊調和白胡椒粉200g;米油沖泡;147,0;小磨坊;規格：200g克x1x1Pack包;小磨坊白胡椒粉200g;0,0;1;200,0;24,0;8039;0.00%;0;14602036001;unique_master_match;1;1;g;1;pack;147,0;0,0;0,0;weight;month;0,0;0,0;43,0;32,0;13,0;4,75;20,0
小磨坊胡椒鹽300g;米油沖泡;122,0;小磨坊;規格：300g克x1x1Pack包;小磨坊胡椒鹽300g;0,0;1;300,0;24,0;8040;0.00%;1;14602037001;unique_master_match;1;1;g;1;pack;122,0;0,0;0,0;weight;month;0,0;1,0;43,0;32,0;13,0;6,726;20,0
小磨坊檸香椒鹽42g;米油沖泡;49,0;小磨坊;規格：42g克x1x1Bottle瓶;小磨坊檸香椒鹽42g;58,0;1;42,0;24,0;8044;15.52%;0;14602049001;unique_master_match;1;1;g;1;bottle;49,0;58,0;15,517241379310345;weight;month;15,52;0,0;14,0;11,0;13,0;0,5;6,0
【全素】秘密味蕾-黑胡椒粗粒50g;米油沖泡;39,0;;規格：50g克x1x1Bottle瓶;秘密味蕾-黑胡椒粗粒50g;0,0;1;50,0;36,0;8045;0.00%;1;14602050001;unique_master_match;1;1;g;1;bottle;39,0;0,0;0,0;weight;month;0,0;1,0;12,0;18,0;12,0;1,2;6,0
小磨坊湯用胡椒粉26g;米油沖泡;49,0;小磨坊;規格：26g克x1x1Bottle瓶;小磨坊湯用胡椒粉26g;58,0;1;26,0;36,0;8047;15.52%;0;14602052001;unique_master_match;1;1;g;1;bottle;49,0;58,0;15,517241379310345;weight;month;15,52;0,0;14,0;11,0;13,0;0,5;6,0
味好美嚴選黑胡椒粉;米油沖泡;49,0;味好美;規格：30g克x1x1Can罐;味好美黑胡椒粉30g;0,0;1;30,0;24,0;8049;0.00%;0;14602058001;unique_master_match;1;1;g;1;can;49,0;0,0;0,0;weight;month;0,0;0,0;27,0;18,0;12,0;3,35;24,0
味好美嚴選黑胡椒鹽;米油沖泡;51,0;味好美;規格：60g克x1x1Can罐;味好美黑胡椒鹽 60g;0,0;1;60,0;24,0;8050;0.00%;0;14602060001;unique_master_match;1;1;g;1;can;51,0;0,0;0,0;weight;month;0,0;0,0;26,0;18,0;12,0;4,1;24,0
味好美嚴選白胡椒粉;米油沖泡;49,0;味好美;規格：30g克x1x1Can罐;味好美白胡椒粉30g;0,0;1;30,0;24,0;8051;0.00%;0;14602061001;unique_master_match;1;1;g;1;can;49,0;0,0;0,0;weight;month;0,0;0,0;27,0;18,0;12,0;3,34;24,0
【純素】味好美白胡椒鹽;米油沖泡;51,0;味好美;規格：60g克x1x1Can罐;味好美白胡椒鹽60g;0,0;1;60,0;24,0;8053;0.00%;0;14602063001;unique_master_match;1;1;g;1;can;51,0;0,0;0,0;weight;month;0,0;0,0;27,0;18,0;12,0;4,17;24,0
【全素】秘密味蕾-白胡椒粉50g;米油沖泡;39,0;;規格：50g克x1x1Bottle瓶;秘密味蕾-白胡椒粉50g;0,0;1;50,0;36,0;8055;0.00%;1;14602074001;unique_master_match;1;1;g;1;bottle;39,0;0,0;0,0;weight;month;0,0;1,0;12,0;18,0;12,0;1,2;6,0
真好家白胡椒粉(罐)290g;米油沖泡;362,0;真好家;規格：290g克x1x1Bottle瓶;真好家白胡椒粉(罐)290g;425,0;1;290,0;36,0;8057;14.82%;1;14602085001;unique_master_match;1;1;g;1;bottle;362,0;425,0;14,823529411764705;weight;month;14,82;1,0;22,0;15,0;17,0;2,13;6,0
真好家黑胡椒粗粒(罐)275g;米油沖泡;233,0;;規格：275g克x1x1Bottle瓶;真好家黑胡椒粗粒(罐)275g;275,0;1;275,0;36,0;8059;15.27%;1;14602087001;unique_master_match;1;1;g;1;bottle;233,0;275,0;15,272727272727273;weight;month;15,27;1,0;22,0;15,0;17,0;2,04;6,0
真好家黑胡椒鹽(罐)400g;米油沖泡;198,0;;規格：400g克x1x1Bottle瓶;真好家黑胡椒鹽(罐)400g;220,0;1;400,0;36,0;8060;10.00%;1;14602089001;unique_master_match;1;1;g;1;bottle;198,0;220,0;10,0;weight;month;10,0;1,0;22,0;15,0;17,0;2,87;6,0
真好家椒鹽粉(罐)400g;米油沖泡;199,0;;規格：400g克x1x1Bottle瓶;真好家椒鹽粉(罐)400g;220,0;1;400,0;24,0;8061;9.55%;1;14602091001;unique_master_match;1;1;g;1;bottle;199,0;220,0;9,545454545454547;weight;month;9,55;1,0;22,0;15,0;17,0;2,87;6,0
真好家白胡椒鹽(罐)485g;米油沖泡;199,0;;規格：485g克x1x1Bottle瓶;真好家白胡椒鹽(罐)485g;220,0;1;485,0;36,0;8062;9.55%;1;14602092001;unique_master_match;1;1;g;1;bottle;199,0;220,0;9,545454545454547;weight;month;9,55;1,0;22,0;15,0;17,0;3,36;6,0
真好家白胡椒減鈉鹽-60g;米油沖泡;63,0;;規格：60g克x1x1BOTTLE瓶;真好家白胡椒減鈉鹽60g;75,0;1;60,0;36,0;8074;16.00%;1;14602112001;unique_master_match;1;1;g;1;bottle;63,0;75,0;16,0;weight;month;16,0;1,0;18,0;13,0;11,0;2,104;12,0
真好家黑胡椒減鈉鹽-60g;米油沖泡;63,0;;規格：60g克x1x1Bottle瓶;真好家黑胡椒減鈉鹽60g;75,0;1;60,0;36,0;8075;16.00%;1;14602113001;unique_master_match;1;1;g;1;bottle;63,0;75,0;16,0;weight;month;16,0;1,0;18,0;13,0;11,0;2,066;12,0
小磨坊自調式研磨器鮮磨白胡椒45g;米油沖泡;109,0;小磨坊;規格：45g克x1x1CAN罐;小磨坊自調式研磨器鮮磨白胡椒45g;119,0;1;45,0;24,0;8076;8.40%;1;14602115001;unique_master_match;1;1;g;1;can;109,0;119,0;8,403361344537815;weight;month;8,4;1,0;13,0;9,0;11,0;1,0;6,0
小磨坊自調式研磨器鮮磨黑胡椒42g;米油沖泡;109,0;小磨坊;規格：42g克x1x1CAN罐;小磨坊自調式研磨器鮮磨黑胡椒42g;119,0;1;42,0;24,0;8077;8.40%;1;14602116001;unique_master_match;1;1;g;1;can;109,0;119,0;8,403361344537815;weight;month;8,4;1,0;13,0;9,0;11,0;1,0;6,0
真好家五香蒸肉粉;米油沖泡;21,0;真好家;規格：50g克x1x1Box盒;真好家五香蒸肉粉;0,0;1;50,0;18,0;8079;0.00%;1;14602120001;unique_master_match;1;1;g;1;box;21,0;0,0;0,0;weight;month;0,0;1,0;22,0;16,0;11,0;0,854;12,0
益壽多蘋果蜂蜜速食咖哩125g;米油沖泡;34,0;工研酢;規格：125g克x1x1Box盒;益壽多蘋果蜂蜜速食咖哩125g;45,0;1;125,0;24,0;8080;24.44%;1;14603001001;unique_master_match;1;1;g;1;box;34,0;45,0;24,444444444444443;weight;month;24,44;1,0;18,0;18,0;15,0;1,17;10,0
佛蒙特咖哩塊-甜味230g克 x 1Box盒;米油沖泡;115,0;House 好侍;規格：230g克x1x1Box盒;佛蒙特咖哩塊-甜味 230g;129,0;1;230,0;18,0;8081;10.85%;1;14603003001;unique_master_match;1;1;g;1;box;115,0;129,0;10,852713178294573;weight;month;10,85;1,0;44,0;32,0;28,0;17,72;60,0
佛蒙特咖哩塊-中辣230g克 x 1Box盒;米油沖泡;115,0;House 好侍;規格：230g克x1x1Box盒;佛蒙特咖哩塊-中辣 230g;129,0;1;230,0;18,0;8082;10.85%;1;14603004001;unique_master_match;1;1;g;1;box;115,0;129,0;10,852713178294573;weight;month;10,85;1,0;44,0;32,0;28,0;17,602;60,0
佛蒙特咖哩塊-辣味230g克x 1Box盒;米油沖泡;115,0;House 好侍;規格：230g克x1x1Box盒;佛蒙特咖哩塊-辣味 230g;129,0;1;230,0;18,0;8083;10.85%;1;14603005001;unique_master_match;1;1;g;1;box;115,0;129,0;10,852713178294573;weight;month;10,85;1,0;42,0;31,0;26,0;15,1;60,0
好侍 北海道白醬塊-奶油玉米 180g;米油沖泡;99,0;House 好侍;規格：180g克x1x1Box盒;北海道白醬塊-奶油玉米180g;125,0;1;180,0;12,0;8085;20.80%;1;14603010001;unique_master_match;1;1;g;1;box;99,0;125,0;20,8;weight;month;20,8;1,0;42,0;31,0;26,0;13,0;60,0
House好侍北海道白醬料理塊-奶油180g;米油沖泡;99,0;House 好侍;規格：180g克x1x1Box盒;北海道白醬塊-奶油 180g;125,0;1;180,0;12,0;8086;20.80%;1;14603012001;unique_master_match;1;1;g;1;box;99,0;125,0;20,8;weight;month;20,8;1,0;42,0;31,0;26,0;13,0;60,0
工研-益壽多中辣咖哩125g;米油沖泡;34,0;工研酢;規格：125g克x1x1Box盒;工研-益壽多中辣咖哩125g;45,0;1;125,0;24,0;8087;24.44%;1;14603013001;unique_master_match;1;1;g;1;box;34,0;45,0;24,444444444444443;weight;month;24,44;1,0;18,0;18,0;15,0;1,64;10,0
工研-益壽多中辣咖哩125g;米油沖泡;34,0;工研酢;規格：125g克x1x1Box盒;工研-益壽多辣味咖哩125g;45,0;1;125,0;24,0;8088;24.44%;1;14603014001;unique_master_match;1;1;g;1;box;34,0;45,0;24,444444444444443;weight;month;24,44;1,0;18,0;18,0;15,0;1,64;10,0
好侍爪哇咖哩塊 (中辣)185g克 x 1Box盒;米油沖泡;99,0;House 好侍;規格：185g克x1x1Box盒;好侍爪哇咖哩-辣味185g;124,0;1;185,0;18,0;8090;20.16%;1;14603019001;unique_master_match;1;1;g;1;box;99,0;124,0;20,161290322580644;weight;month;20,16;1,0;42,0;31,0;26,0;13,05;60,0
工研-益壽多甘味咖哩125g;米油沖泡;34,0;工研酢;規格：125g克x1x1Box盒;工研-益壽多甘味咖哩125g;45,0;1;125,0;24,0;8091;24.44%;1;14603026001;unique_master_match;1;1;g;1;box;34,0;45,0;24,444444444444443;weight;month;24,44;1,0;18,0;18,0;15,0;1,0;10,0
好侍爪哇咖哩塊 (中辣)185g克 x 1Box盒;米油沖泡;99,0;House 好侍;規格：185g克x1x1Box盒;好侍爪哇咖哩塊 (中辣) 185g;124,0;1;185,0;18,0;8092;20.16%;1;14603030001;unique_master_match;1;1;g;1;box;99,0;124,0;20,161290322580644;weight;month;20,16;1,0;43,0;32,0;28,0;14,69;60,0
榖盛素食咖哩 220g;米油沖泡;79,0;穀盛;規格：220g克x1x1Box盒;榖盛素食咖哩 220g;89,0;1;220,0;24,0;8093;11.24%;1;14603038001;unique_master_match;1;1;g;1;box;79,0;89,0;11,235955056179774;weight;month;11,24;1,0;24,0;22,0;13,0;2,75;10,0
佛蒙特咖哩塊-甜味230g克 x 1Box盒;米油沖泡;115,0;House 好侍;規格：230g克x1x1Box盒;兒童咖哩-牛肉風味;129,0;1;230,0;18,0;8097;10.85%;0;14603116001;unique_master_match;1;1;g;1;box;115,0;129,0;10,852713178294573;weight;month;10,85;0,0;27,0;12,0;16,0;1,3;10,0
味好美肉桂粉26g;米油沖泡;51,0;味好美;規格：26g克x1x1Bottle瓶;味好美肉桂粉26g;0,0;1;26,0;36,0;8098;0.00%;1;14604001001;unique_master_match;1;1;g;1;bottle;51,0;0,0;0,0;weight;month;0,0;1,0;27,0;19,0;12,0;3,192;24,0
小磨坊法式香草風味調味料32g;米油沖泡;49,0;小磨坊;規格：32g克x1x1Bottle瓶;小磨坊法式香草風味調味料32g;58,0;1;32,0;24,0;8107;15.52%;1;14604042001;unique_master_match;1;1;g;1;bottle;49,0;58,0;15,517241379310345;weight;month;15,52;1,0;26,0;18,0;13,0;3,4;24,0
黃山舒香小磨香油;米油沖泡;59,0;黃山;規格：220g克x1x1Bottle瓶;黃山舒香小磨香油;65,0;1;220,0;24,0;8241;9.23%;1;14615076001;unique_master_match;1;1;g;1;bottle;59,0;65,0;9,230769230769232;weight;month;9,23;1,0;24,0;18,0;23,0;6,01;12,0
工研烏醋 600g;米油沖泡;37,0;工研酢;規格：600g克x1x1Bottle瓶;工研烏醋 600g;43,0;1;600,0;36,0;8259;13.95%;0;14616006001;unique_master_match;1;1;g;1;bottle;37,0;43,0;13,953488372093023;weight;month;13,95;0,0;31,0;24,0;26,0;11,64;12,0
工研烏醋 600g;米油沖泡;37,0;工研酢;規格：600g克x1x1Bottle瓶;工研素食烏醋(大) 600ml;43,0;1;600,0;36,0;8261;13.95%;0;14616013001;unique_master_match;1;1;g;1;bottle;37,0;43,0;13,953488372093023;weight;month;13,95;0,0;31,0;24,0;26,0;11,59;12,0
【有機】台東池上大地有機糙米(圓二)1.5kg;米油沖泡;209,0;池上大地;規格：1.5Kg公斤x1x1PC包;有機糙米醋;239,0;1;1500,0;12,0;8284;12.55%;1;14616195001;unique_master_match;1;1;g;1;pc;209,0;239,0;12,552301255230125;weight;month;12,55;1,0;24,0;19,0;24,0;6,3;12,0
味全水餃醬汁(香辣);米油沖泡;36,0;味全;規格：230g克x1x1Bottle瓶;味全水餃醬汁(香辣);39,0;1;230,0;18,0;8335;7.69%;0;14620112001;unique_master_match;1;1;g;1;bottle;36,0;39,0;7,6923076923076925;weight;month;7,69;0,0;27,0;20,0;17,0;5,26;12,0
大同淬釀人級蔭油膏420g;米油沖泡;79,0;TATUNG大同;規格：420g克x1x1Bottle瓶;大同淬釀人級蔭油膏420g;0,0;1;420,0;36,0;8342;0.00%;1;14620133001;unique_master_match;1;1;g;1;bottle;79,0;0,0;0,0;weight;month;0,0;1,0;25,0;20,0;28,0;10,2;12,0
【純素】萬家香大吟釀香菇素蠔油 510g;米油沖泡;68,0;萬家香;規格：510g克x1x1Bottle瓶;萬家香大吟釀香菇素蠔油 510g;0,0;1;510,0;36,0;8370;0.00%;0;14621009001;unique_master_match;1;1;g;1;bottle;68,0;0,0;0,0;weight;month;0,0;0,0;32,0;26,0;20,0;7,14;12,0
大同壺底福級油膏 420g;米油沖泡;79,0;大同;規格：420g克x1x1Bottle瓶;大同壺底福級油膏 420g;0,0;1;420,0;36,0;8371;0.00%;1;14621012001;unique_master_match;1;1;g;1;bottle;79,0;0,0;0,0;weight;month;0,0;1,0;26,0;20,0;29,0;9,9;12,0
【純素】萬家香極品香菇素蠔油1200g;米油沖泡;69,0;萬家香;規格：1200g克x1x1Bottle瓶;萬家香極品香菇素蠔油1200g;88,0;1;1200,0;36,0;8372;21.59%;0;14621013001;unique_master_match;1;1;g;1;bottle;69,0;88,0;21,59090909090909;weight;month;21,59;0,0;36,0;28,0;27,0;16,0;12,0
【純素】萬家香香菇素蠔油 4.4Kg;米油沖泡;215,0;萬家香;規格：4400g克x1x1Bucket桶;萬家香香菇素蠔油 4.4Kg;0,0;1;4400,0;36,0;8373;0.00%;0;14621017001;unique_master_match;1;1;g;1;bucket;215,0;0,0;0,0;weight;month;0,0;0,0;31,0;31,0;31,0;18,87;4,0
【純素】丸莊香菇素蠔油 4.5 Kg公斤;米油沖泡;180,0;丸莊;規格：4.4Kg公斤x1x1Can罐;丸莊香菇素蠔油 4.5 Kg公斤;0,0;1;4400,0;24,0;8378;0.00%;0;14621026001;unique_master_match;1;1;g;1;can;180,0;0,0;0,0;weight;month;0,0;0,0;33,0;32,0;33,0;19,4;4,0
黑龍薄鹽黑豆蔭油膏400g;米油沖泡;139,0;黑龍;規格：400g克x1x1Can罐;黑龍薄鹽黑豆蔭油膏400g;0,0;1;400,0;36,0;8383;0.00%;1;14621035001;unique_master_match;1;1;g;1;can;139,0;0,0;0,0;weight;month;0,0;1,0;27,0;20,0;28,0;9,79;12,0
【純素】萬家香極品香菇素蠔油1200g;米油沖泡;69,0;萬家香;規格：1200g克x1x1Bottle瓶;萬家香香菇素蠔油1L;88,0;1;1200,0;36,0;8385;21.59%;1;14621041001;unique_master_match;1;1;g;1;bottle;69,0;88,0;21,59090909090909;weight;month;21,59;1,0;37,0;29,0;27,0;15,99;12,0
【安心價】【純素】丸莊香菇素蠔油 500g;米油沖泡;60,0;;規格：500g克x1x1Bottle瓶;丸莊香菇素蠔油 500g;69,0;1;500,0;36,0;8386;13.04%;0;14621044001;unique_master_match;1;1;g;1;bottle;60,0;69,0;13,043478260869565;weight;month;13,04;0,0;28,0;22,0;25,0;10,21;12,0
【純素】萬家香純佳釀香菇素蠔油510g;米油沖泡;88,0;萬家香;規格：510g克x1x1Bottle瓶;萬家香純佳釀香菇素蠔油510g;103,0;1;510,0;36,0;8388;14.56%;0;14621048001;unique_master_match;1;1;g;1;bottle;88,0;103,0;14,563106796116504;weight;month;14,56;0,0;34,0;33,0;30,0;19,84;12,0
黑龍冬梅級黑豆蔭油膏400g;米油沖泡;129,0;黑龍;規格：400g克x1x1Can罐;黑龍冬梅級黑豆蔭油膏400g;0,0;1;400,0;36,0;8390;0.00%;0;14621058001;unique_master_match;1;1;g;1;can;129,0;0,0;0,0;weight;month;0,0;0,0;27,0;21,0;30,0;10,0;12,0
大同陳年蔭油膏520g;米油沖泡;79,0;大同;規格：520g克x1x1Bottle瓶;大同陳年蔭油膏520g;0,0;1;520,0;36,0;8391;0.00%;1;14621062001;unique_master_match;1;1;g;1;bottle;79,0;0,0;0,0;weight;month;0,0;1,0;28,0;22,0;27,0;10,6;12,0
【安心價】【純素】萬家香香菇素蠔油600g;米油沖泡;49,0;萬家香;規格：600g克x1x1Bottle瓶;萬家香香菇素蠔油600g;58,0;1;600,0;36,0;8393;15.52%;0;14621069001;unique_master_match;1;1;g;1;bottle;49,0;58,0;15,517241379310345;weight;month;15,52;0,0;29,0;22,0;22,0;7,92;12,0
【純素】萬家香大吟釀甘甜油膏510g;米油沖泡;63,0;萬家香;規格：510g克x1x1Bottle瓶;萬家香大吟釀甘甜油膏510g;0,0;1;510,0;36,0;8394;0.00%;1;14621070001;unique_master_match;1;1;g;1;bottle;63,0;0,0;0,0;weight;month;0,0;1,0;32,0;25,0;19,0;10,9;12,0
Casa 去皮整粒蕃茄 400g;米油沖泡;70,0;Casa;規格：400g克x1x1Can罐;Casa 去皮整粒蕃茄;75,0;1;400,0;36,0;8406;6.67%;0;14630050001;unique_master_match;1;1;g;1;can;70,0;75,0;6,666666666666667;weight;month;6,67;0,0;30,0;23,0;11,0;5,54;12,0
可果美蕃茄醬340G;米油沖泡;65,0;;規格：340g克x1x1Bottle瓶;可果美蕃茄醬340G;0,0;1;340,0;24,0;8408;0.00%;0;14630056001;unique_master_match;1;1;g;1;bottle;65,0;0,0;0,0;weight;month;0,0;0,0;38,0;26,0;21,0;13,5;24,0
黑豆桑醇釀極品純黑豆豉300g;米油沖泡;235,0;黑豆桑;規格：300g克x1x1Bottle瓶;黑豆桑醇釀極品純黑豆豉300g;0,0;1;300,0;24,0;8410;0.00%;1;14631013001;unique_master_match;1;1;g;1;bottle;235,0;0,0;0,0;weight;month;0,0;1,0;31,0;25,0;10,0;8,51;12,0
安安辣豆瓣醬 130g;米油沖泡;24,0;安安;規格：130g克x1x1Bottle瓶;安安辣豆瓣醬 130g;29,0;1;130,0;24,0;8411;17.24%;1;14631014001;unique_master_match;1;1;g;1;bottle;24,0;29,0;17,24137931034483;weight;month;17,24;1,0;22,0;17,0;11,0;3,31;12,0
愛之味甜辣醬 165g;米油沖泡;90,0;愛之味;規格：165g克x1x3Bottle瓶;愛之味甜辣醬 165g;99,0;1;165,0;24,0;8412;9.09%;0;14631018001;unique_master_match;1;1;g;3;bottle;30,0;33,0;9,090909090909092;weight;month;9,09;0,0;30,0;39,0;18,0;16,45;48,0
安安辣椒醬130g;米油沖泡;29,0;安安;規格：130g克x1x1Bottle瓶;安安辣椒醬 130g;0,0;1;130,0;24,0;8413;0.00%;1;14631022001;unique_master_match;1;1;g;1;bottle;29,0;0,0;0,0;weight;month;0,0;1,0;21,0;17,0;11,0;3,33;12,0
【純素】愛之味甜辣醬390g;米油沖泡;76,0;愛之味;規格：390g克x1x1Bottle瓶;愛之味甜辣醬390g;0,0;1;390,0;15,0;8416;0.00%;1;14631028001;unique_master_match;1;1;g;1;bottle;76,0;0,0;0,0;weight;month;0,0;1,0;33,0;22,0;18,0;5,77;12,0
寧記蒜蓉辣椒醬245g;米油沖泡;85,0;寧記;規格：245g克x1x1Can罐;寧記蒜蓉辣椒醬245g;89,0;1;245,0;24,0;8421;4.49%;0;14631043001;unique_master_match;1;1;g;1;can;85,0;89,0;4,49438202247191;weight;month;4,49;0,0;27,0;22,0;27,0;10,2;24,0
寧記辣椒大王醬245g;米油沖泡;89,0;寧記;規格：245g克x1x1Can罐;寧記辣椒大王醬245g;0,0;1;245,0;24,0;8423;0.00%;1;14631047001;unique_master_match;1;1;g;1;can;89,0;0,0;0,0;weight;month;0,0;1,0;27,0;22,0;27,0;10,2;24,0
陶華碧老干媽香辣脆油辣椒210g;米油沖泡;82,0;陶華碧;規格：210g克x1x1Bottle瓶;陶華碧老干媽香辣脆油辣椒210g;91,0;1;210,0;18,0;8427;9.89%;1;14631064001;unique_master_match;1;1;g;1;bottle;82,0;91,0;9,89010989010989;weight;month;9,89;1,0;28,0;22,0;14,0;5,52;12,0
寧記金鉤辣椒245g;米油沖泡;85,0;寧記;規格：245g克x1x1Bottle瓶;寧記金鉤辣椒245g;89,0;1;245,0;24,0;8428;4.49%;1;14631082001;unique_master_match;1;1;g;1;bottle;85,0;89,0;4,49438202247191;weight;month;4,49;1,0;27,0;20,0;13,0;9,942;12,0
陶華碧老干媽豆豉油制辣椒210g;米油沖泡;82,0;老干媽;規格：210g克x1x1Bottle瓶;陶華碧老干媽豆鼓油制辣椒210g;91,0;1;210,0;18,0;8429;9.89%;1;14631100001;unique_master_match;1;1;g;1;bottle;82,0;91,0;9,89010989010989;weight;month;9,89;1,0;29,0;22,0;15,0;5,31;12,0
【純素】真好家鮮切辣椒280g;米油沖泡;120,0;;規格：280g克x1x1Can罐;真好家鮮切辣椒280g;142,0;1;280,0;24,0;8433;15.49%;1;14631944001;unique_master_match;1;1;g;1;can;120,0;142,0;15,492957746478872;weight;month;15,49;1,0;31,0;24,0;11,0;5,8;12,0
義美蒜蓉辣椒醬230g;米油沖泡;139,0;義美;規格：230g克x1x1CAN罐;義美蒜蓉辣椒醬230g;150,0;1;230,0;18,0;8434;7.33%;1;14631948001;unique_master_match;1;1;g;1;can;139,0;150,0;7,333333333333333;weight;month;7,33;1,0;28,0;22,0;14,0;5,794;12,0
義美朝天辣椒醬(蒜蓉)230g;米油沖泡;139,0;義美;規格：230g克x1x1CAN罐;義美朝天辣椒醬(蒜蓉)230g;150,0;1;230,0;18,0;8435;7.33%;1;14631949001;unique_master_match;1;1;g;1;can;139,0;150,0;7,333333333333333;weight;month;7,33;1,0;28,0;22,0;14,0;5,832;12,0
味全水餃醬汁230g;米油沖泡;36,0;味全;規格：230g克x1x1Bottle瓶;味全水餃醬汁230g;39,0;1;230,0;18,0;8441;7.69%;1;14632009001;unique_master_match;1;1;g;1;bottle;36,0;39,0;7,6923076923076925;weight;month;7,69;1,0;26,0;20,0;17,0;5,21;12,0
【全素】龍口芝麻醬;米油沖泡;79,0;龍口;規格：40g克x6x1Box盒;龍口芝麻醬;89,0;1;40,0;12,0;8443;11.24%;1;14632019001;unique_master_match;1;1;g;6;box;13,166666666666666;14,833333333333334;11,235955056179783;weight;month;11,24;1,0;29,0;18,0;13,0;2,88;10,0
台灣搵醬蒜蓉醬200g;米油沖泡;38,0;味全;規格：200g克x1x1Bottle瓶;味全台灣搵醬-蒜蓉醬200g;40,0;1;200,0;24,0;8446;5.00%;1;14632030001;unique_master_match;1;1;g;1;bottle;38,0;40,0;5,0;weight;month;5,0;1,0;26,0;19,0;17,0;4,91;12,0
穀盛醇米霖 600g;米油沖泡;75,0;穀盛;規格：600g克x1x1BOTTLE瓶;穀盛醇米霖 600g;85,0;1;600,0;36,0;8448;11.76%;1;14632044001;unique_master_match;1;1;g;1;bottle;75,0;85,0;11,76470588235294;weight;month;11,76;1,0;32,0;25,0;22,0;12,0;12,0
黑豆桑醇釀極品香豆瓣醬-300g;米油沖泡;215,0;黑豆桑;規格：300g克x1x1Can罐;黑豆桑醇釀極品香豆瓣醬-300g;0,0;1;300,0;24,0;8456;0.00%;0;14632103001;unique_master_match;1;1;g;1;can;215,0;0,0;0,0;weight;month;0,0;0,0;31,0;25,0;10,0;8,51;12,0
普格麵醬-蘑菇680g;米油沖泡;149,0;Prego 普格;規格：680g克x1x1Bottle瓶;普格麵醬-蘑菇 680g;169,0;1;680,0;18,0;8465;11.83%;1;14632194001;unique_master_match;1;1;g;1;bottle;149,0;169,0;11,834319526627219;weight;month;11,83;1,0;36,0;26,0;16,0;12,4;12,0
普格麵醬-番茄羅勒大蒜680g;米油沖泡;149,0;Prego 普格;規格：680g克x1x1Bottle瓶;普格麵醬-蕃茄羅勒大蒜 680g;169,0;1;680,0;18,0;8467;11.83%;0;14632215001;unique_master_match;1;1;g;1;bottle;149,0;169,0;11,834319526627219;weight;month;11,83;0,0;36,0;26,0;16,0;12,508;12,0
金蘭甜麵醬200g;米油沖泡;42,0;金蘭;規格：200g克x1x1CAN罐;金蘭甜麵醬200g;0,0;1;200,0;36,0;8480;0.00%;0;14632352001;unique_master_match;1;1;g;1;can;42,0;0,0;0,0;weight;month;0,0;0,0;31,0;23,0;9,0;4,69;12,0
萬泰干貝醬-小辣450g;米油沖泡;259,0;萬泰;規格：450g克x1x1Can罐;萬泰干貝醬-小辣450g;265,0;1;450,0;12,0;8487;2.26%;1;14632482001;unique_master_match;1;1;g;1;can;259,0;265,0;2,2641509433962264;weight;month;2,26;1,0;34,0;27,0;13,0;8,98;12,0
【純素】愛之味素食沙茶醬120g;米油沖泡;93,0;愛之味;規格：120g克x1x3Set組;愛之味素食沙茶醬120g;96,0;1;120,0;36,0;8488;3.13%;0;14633001001;unique_master_match;1;1;g;3;set;31,0;32,0;3,125;weight;month;3,13;0,0;36,0;23,0;18,0;12,59;48,0
牛頭牌沙茶醬(小)127g;米油沖泡;53,0;牛頭牌沙茶醬(小)127;規格：127g克x1x1Bottle瓶;牛頭牌沙茶醬(小) 127g;59,0;1;127,0;36,0;8495;10.17%;1;14633039001;unique_master_match;1;1;g;1;bottle;53,0;59,0;10,16949152542373;weight;month;10,17;1,0;34,0;23,0;11,0;6,66;24,0
牛頭牌雞湯塊11g*6;米油沖泡;26,0;牛頭牌;規格：11g克x6x1Box盒;牛頭牌蛤蜊湯塊 11g*6;28,0;1;11,0;24,0;8498;7.14%;1;14633043001;unique_master_match;1;1;g;6;box;4,333333333333333;4,666666666666667;7,142857142857155;weight;month;7,14;1,0;42,0;30,0;20,0;7,0;72,0
牛頭牌雞湯塊11g*6;米油沖泡;26,0;牛頭牌;規格：11g克x6x1Box盒;牛頭牌雞湯塊 11g*6;28,0;1;11,0;24,0;8499;7.14%;1;14633045001;unique_master_match;1;1;g;6;box;4,333333333333333;4,666666666666667;7,142857142857155;weight;month;7,14;1,0;42,0;30,0;21,0;7,16;72,0
愛之味漢方麻辣醬165g;米油沖泡;52,0;愛之味;規格：165g克x1x1Bottle瓶;愛之味漢方麻辣醬165g;63,0;1;165,0;24,0;8500;17.46%;0;14633046001;unique_master_match;1;1;g;1;bottle;52,0;63,0;17,46031746031746;weight;month;17,46;0,0;27,0;23,0;10,0;4,206;12,0
石二鍋沙茶醬240g;米油沖泡;119,0;石二鍋;規格：240g克x1x1Can罐;石二鍋沙茶醬240g;127,0;1;240,0;36,0;8507;6.30%;1;14633108001;unique_master_match;1;1;g;1;can;119,0;127,0;6,299212598425196;weight;month;6,3;1,0;30,0;25,0;12,0;5,7;12,0
牛頭牌麻辣沙茶醬250g;米油沖泡;98,0;牛頭牌;規格：250g克x1x1Can罐;牛頭牌麻辣沙茶醬 250g;114,0;1;250,0;36,0;8508;14.04%;1;14633896001;unique_master_match;1;1;g;1;can;98,0;114,0;14,035087719298245;weight;month;14,04;1,0;42,0;28,0;10,0;7,55;24,0
【全素】牛頭牌素食沙茶醬 250g;米油沖泡;86,0;牛頭牌;規格：250g克x1x1Can罐;牛頭牌素食沙茶醬 250g;93,0;1;250,0;36,0;8509;7.53%;1;14633897001;unique_master_match;1;1;g;1;can;86,0;93,0;7,526881720430108;weight;month;7,53;1,0;42,0;28,0;10,0;7,466;24,0
牛頭牌麻辣沙茶醬 600g;米油沖泡;179,0;牛頭牌;規格：600g克x1x1Can罐;牛頭牌沙茶醬600g;209,0;1;600,0;36,0;8511;14.35%;1;14633900001;unique_master_match;1;1;g;1;can;179,0;209,0;14,354066985645932;weight;month;14,35;1,0;43,0;33,0;11,0;8,94;12,0
康寶排骨風味湯塊-100g;米油沖泡;42,0;Knorr康寶;規格：100g克x1x1BOX盒;新康寶排骨風味湯塊100G;57,0;1;100,0;12,0;8513;26.32%;1;14633934001;unique_master_match;1;1;g;1;box;42,0;57,0;26,31578947368421;weight;month;26,32;1,0;34,0;28,0;16,0;8,88;72,0
康寶雞湯塊-100g;米油沖泡;42,0;Knorr康寶;規格：100g克x1x1BOX盒;新康寶雞湯塊100g;57,0;1;100,0;12,0;8514;26.32%;1;14633935001;unique_master_match;1;1;g;1;box;42,0;57,0;26,31578947368421;weight;month;26,32;1,0;34,0;28,0;16,0;8,88;72,0
康寶海鮮湯塊-100g;米油沖泡;60,0;Knorr康寶;規格：100g克x1x1BOX盒;新康寶海鮮湯塊100g;62,0;1;100,0;12,0;8515;3.23%;1;14633936001;unique_master_match;1;1;g;1;box;60,0;62,0;3,225806451612903;weight;month;3,23;1,0;34,0;28,0;16,0;8,88;72,0
【奶素】新康寶香菇湯塊100g;米油沖泡;60,0;Knorr康寶;規格：100g克x1x1BOX盒;新康寶香菇湯塊100g;62,0;1;100,0;12,0;8516;3.23%;0;14633937001;unique_master_match;1;1;g;1;box;60,0;62,0;3,225806451612903;weight;month;3,23;0,0;34,0;28,0;16,0;8,88;72,0
健康廚房古早味烤肉醬;米油沖泡;49,0;味全;規格：250g克x1x1Bottle瓶;健康廚房古早味烤肉醬;53,0;1;250,0;24,0;8521;7.55%;1;14634023001;unique_master_match;1;1;g;1;bottle;49,0;53,0;7,547169811320755;weight;month;7,55;1,0;27,0;20,0;12,0;5,58;12,0
金蘭烤肉醬 240g;米油沖泡;40,0;金蘭;規格：240g克x1x1Can罐;金蘭烤肉醬 240g;45,0;1;240,0;36,0;8523;11.11%;1;14634027001;unique_master_match;1;1;g;1;can;40,0;45,0;11,11111111111111;weight;month;11,11;1,0;29,0;23,0;13,0;5,63;12,0
萬家香醃烤肉醬225g;米油沖泡;34,0;萬家香;規格：225g克x1x1BOTTLE瓶;萬家香醃烤肉醬225g;0,0;1;225,0;36,0;8530;0.00%;1;14634047001;unique_master_match;1;1;g;1;bottle;34,0;0,0;0,0;weight;month;0,0;1,0;26,0;20,0;16,0;5,072;12,0
良農萬丹紅豆;米油沖泡;129,0;;規格：500g克x1x1Pack包;良農萬丹紅豆;135,0;1;500,0;12,0;8533;4.44%;1;14700007001;unique_master_match;1;1;g;1;pack;129,0;135,0;4,444444444444445;weight;month;4,44;1,0;32,0;22,0;15,0;6,25;12,0
家樂福屏東紅豆-600g;米油沖泡;85,0;家樂福;規格：600g克x1x1PacK包;屏東紅豆 600g;88,0;1;600,0;12,0;8534;3.41%;0;14700008001;unique_master_match;1;1;g;1;pack;85,0;88,0;3,4090909090909087;weight;month;3,41;0,0;38,0;31,0;16,0;5,18;12,0
綠豆仁400g;米油沖泡;79,0;;規格：400g克x1x1Bag袋;茂喜綠豆400g;0,0;1;400,0;10,0;8537;0.00%;1;14700026001;unique_master_match;1;1;g;1;bag;79,0;0,0;0,0;weight;month;0,0;1,0;36,0;31,0;13,0;5,2;12,0
家樂福非基改黃豆;米油沖泡;32,0;家樂福;規格：600g克x1x1Pack包;家福非基改黃豆;35,0;1;600,0;12,0;8539;8.57%;1;14700031001;unique_master_match;1;1;g;1;pack;32,0;35,0;8,571428571428571;weight;month;8,57;1,0;25,0;42,0;13,0;7,4;12,0
登豐 紅豆;米油沖泡;89,0;;規格：400g克x1x1Pack包;登豐 紅豆;99,0;1;400,0;12,0;8540;10.10%;0;14700035001;unique_master_match;1;1;g;1;pack;89,0;99,0;10,1010101010101;weight;month;10,1;0,0;38,0;22,0;14,0;5,06;12,0
綠豆仁400g;米油沖泡;79,0;;規格：400g克x1x1Bag袋;綠豆仁400g;0,0;1;400,0;10,0;8541;0.00%;1;14700036001;unique_master_match;1;1;g;1;bag;79,0;0,0;0,0;weight;month;0,0;1,0;39,0;32,0;17,0;5,258;12,0
登豐 非基因改造黃豆720g;米油沖泡;89,0;登豐;規格：720g克x1x1Pack包;登豐 非基因改造黃豆720g;99,0;1;720,0;12,0;8542;10.10%;0;14700037001;unique_master_match;1;1;g;1;pack;89,0;99,0;10,1010101010101;weight;month;10,1;0,0;38,0;22,0;16,0;8,8;12,0
家福綠豆;米油沖泡;60,0;家樂福;規格：600g克x1x1PACK包;家樂福綠豆;0,0;1;600,0;12,0;8545;0.00%;1;14700077001;unique_master_match;1;1;g;1;pack;60,0;0,0;0,0;weight;month;0,0;1,0;44,0;33,0;17,0;12,6;20,0
家樂福屏東紅豆-600g;米油沖泡;85,0;家樂福;規格：600g克x1x1PacK包;家樂福屏東紅豆;88,0;1;600,0;12,0;8546;3.41%;0;14700078001;unique_master_match;1;1;g;1;pack;85,0;88,0;3,4090909090909087;weight;month;3,41;0,0;42,0;26,0;12,0;7,73;12,0
卡滋DIY玉米粒;米油沖泡;40,0;;規格：300g克x1x1Bag包;卡滋DIY玉米粒;0,0;1;300,0;12,0;8548;0.00%;0;14701008002;unique_master_match;1;1;g;1;bag;40,0;0,0;0,0;weight;month;0,0;0,0;41,0;22,0;18,0;7,59;24,0
有機青仁黑豆400g;米油沖泡;99,0;;規格：400g克x1x1Pack包;有機青仁黑豆400g;0,0;1;400,0;12,0;8550;0.00%;1;14701012001;unique_master_match;1;1;g;1;pack;99,0;0,0;0,0;weight;month;0,0;1,0;38,0;32,0;16,0;5,0;12,0
登豐紫糯米500g;米油沖泡;89,0;;規格：500g克x1x1Pack包;登豐紫糯米500g;99,0;1;500,0;12,0;8552;10.10%;0;14701022001;unique_master_match;1;1;g;1;pack;89,0;99,0;10,1010101010101;weight;month;10,1;0,0;44,0;22,0;13,0;6,321;12,0
日正特選豆豉40g;米油沖泡;14,0;日正;規格：40g克x1x1Bag包;日正特選豆豉40g;0,0;1;40,0;12,0;8556;0.00%;1;14701045001;unique_master_match;1;1;g;1;bag;14,0;0,0;0,0;weight;month;0,0;1,0;19,0;12,0;10,0;0,58;12,0
真好家熟白芝麻265g;米油沖泡;160,0;;規格：265g克x1x1Can罐;真好家熟白芝麻265g;189,0;1;265,0;18,0;8557;15.34%;1;14701067001;unique_master_match;1;1;g;1;can;160,0;189,0;15,343915343915343;weight;month;15,34;1,0;22,0;17,0;15,0;2,13;6,0
登豐冬瓜茶塊550g;米油沖泡;71,0;登豐;規格：550g克x1x1Pack包;登豐冬瓜茶塊550g;79,0;1;550,0;12,0;8569;10.13%;1;14720003001;unique_master_match;1;1;g;1;pack;71,0;79,0;10,126582278481013;weight;month;10,13;1,0;50,0;21,0;14,0;12,467;20,0
登豐 黑糖冬瓜茶塊-550g;米油沖泡;71,0;;規格：550g克x1x1Pack包;登豐黑糖冬瓜茶塊550g;79,0;1;550,0;12,0;8571;10.13%;1;14720022001;unique_master_match;1;1;g;1;pack;71,0;79,0;10,126582278481013;weight;month;10,13;1,0;41,0;18,0;14,0;12,475;20,0
登豐波霸粉圓500g;米油沖泡;71,0;登豐;規格：500g克x1x1Pack包;登豐波霸粉圓500g;79,0;1;500,0;12,0;8572;10.13%;1;14720029001;unique_master_match;1;1;g;1;pack;71,0;79,0;10,126582278481013;weight;month;10,13;1,0;44,0;22,0;13,0;6,3;12,0
小磨坊萬用滷包;米油沖泡;99,0;小磨坊;規格：300g克x1x1Pack包;小磨坊萬用滷包;245,0;1;300,0;24,0;8574;59.59%;1;14721003001;unique_master_match;1;1;g;1;pack;99,0;245,0;59,591836734693885;weight;month;59,59;1,0;42,0;33,0;19,0;4,9;12,0
家樂福枸杞;米油沖泡;119,0;家樂福;規格：200g克x1x1Bag袋;家樂福枸杞;128,0;1;200,0;10,0;8585;7.03%;1;14721943001;unique_master_match;1;1;g;1;bag;119,0;128,0;7,03125;weight;month;7,03;1,0;43,0;33,0;17,0;4,8;20,0
家樂福紅棗;米油沖泡;65,0;家樂福;規格：300g克x1x1Bag袋;家樂福紅棗;69,0;1;300,0;6,0;8586;5.80%;0;14721944001;unique_master_match;1;1;g;1;bag;65,0;69,0;5,797101449275362;weight;month;5,8;0,0;46,0;35,0;23,0;7,45;20,0
家樂福低筋麵粉1000g;米油沖泡;43,0;家樂福;規格：1000g克x1x1Pack包;家福低筋麵粉;45,0;1;1000,0;9,0;8601;4.44%;1;14740003001;unique_master_match;1;1;g;1;pack;43,0;45,0;4,444444444444445;weight;month;4,44;1,0;45,0;34,0;19,0;12,73;12,0
水手牌特級強力粉-高筋;米油沖泡;77,0;水手牌;規格：1000g克x1x1Pack包;水手牌特級強力粉-高筋;85,0;1;1000,0;12,0;8602;9.41%;0;14740006001;unique_master_match;1;1;g;1;pack;77,0;85,0;9,411764705882353;weight;month;9,41;0,0;38,0;30,0;26,0;13,15;12,0
鑫旺萊-低筋麵粉400g;米油沖泡;30,0;;規格：400g克x1x1Pack包;鑫旺萊-低筋麵粉400g;0,0;1;400,0;12,0;8604;0.00%;0;14740013001;unique_master_match;1;1;g;1;pack;30,0;0,0;0,0;weight;month;0,0;0,0;37,0;29,0;24,0;10,21;24,0
日正中筋麵粉1kg;米油沖泡;75,0;日正;規格：1Kg公斤x1x1Pack包;日正中筋麵粉1kg;0,0;1;1000,0;12,0;8605;0.00%;1;14740016001;unique_master_match;1;1;g;1;pack;75,0;0,0;0,0;weight;month;0,0;1,0;37,0;27,0;26,0;12,53;12,0
駱駝牌中筋麵粉1000g;米油沖泡;64,0;駱駝牌;規格：1Kg公斤x1x1Pack包;駱駝牌中筋麵粉1000g;70,0;1;1000,0;12,0;8606;8.57%;0;14740017001;unique_master_match;1;1;g;1;pack;64,0;70,0;8,571428571428571;weight;month;8,57;0,0;37,0;28,0;26,0;12,83;12,0
日正高筋麵粉1kg;米油沖泡;75,0;日正;規格：1Kg公斤x1x1Pack包;日正高筋麵粉1kg;0,0;1;1000,0;12,0;8607;0.00%;1;14740018001;unique_master_match;1;1;g;1;pack;75,0;0,0;0,0;weight;month;0,0;1,0;37,0;28,0;26,0;12,62;12,0
家樂福中筋麵粉1000g;米油沖泡;43,0;家樂福;規格：1000g克x1x1Pack包;家福中筋麵粉;45,0;1;1000,0;9,0;8608;4.44%;1;14740024001;unique_master_match;1;1;g;1;pack;43,0;45,0;4,444444444444445;weight;month;4,44;1,0;45,0;34,0;19,0;12,73;12,0
水手牌鬆餅預拌粉;米油沖泡;122,0;水手牌;規格：1000g克x1x1Pack包;水手牌鬆餅預拌粉;135,0;1;1000,0;12,0;8609;9.63%;1;14740035001;unique_master_match;1;1;g;1;pack;122,0;135,0;9,62962962962963;weight;month;9,63;1,0;43,0;33,0;25,0;12,9;12,0
水手牌特級粉心粉-中筋;米油沖泡;63,0;水手牌;規格：1000g克x1x1Pack包;水手牌特級粉心粉-中筋;70,0;1;1000,0;12,0;8610;10.00%;1;14740036001;unique_master_match;1;1;g;1;pack;63,0;70,0;10,0;weight;month;10,0;1,0;38,0;31,0;25,0;12,9;12,0
水手牌超級蛋糕粉-低筋;米油沖泡;77,0;水手牌;規格：1000g克x1x1Pack包;水手牌超級蛋糕粉-低筋;85,0;1;1000,0;12,0;8611;9.41%;1;14740037001;unique_master_match;1;1;g;1;pack;77,0;85,0;9,411764705882353;weight;month;9,41;1,0;38,0;30,0;26,0;13,15;12,0
家樂福高筋麵粉1000g;米油沖泡;43,0;家樂福;規格：1000g克x1x1Pack包;家福高筋麵粉;45,0;1;1000,0;9,0;8612;4.44%;1;14740038001;unique_master_match;1;1;g;1;pack;43,0;45,0;4,444444444444445;weight;month;4,44;1,0;45,0;34,0;19,0;12,84;12,0
駱駝牌低筋麵粉1000g;米油沖泡;64,0;駱駝牌;規格：1Kg公斤x1x1Pack包;駱駝牌低筋麵粉1000g;70,0;1;1000,0;12,0;8613;8.57%;1;14740050001;unique_master_match;1;1;g;1;pack;64,0;70,0;8,571428571428571;weight;month;8,57;1,0;37,0;28,0;26,0;12,83;12,0
麥典實作工坊麵包專用粉-1000g;米油沖泡;92,0;;規格：1000g克x1x1Bag包;麥典實作工坊麵包專用粉;103,0;1;1000,0;13,0;8616;10.68%;1;14740061001;unique_master_match;1;1;g;1;bag;92,0;103,0;10,679611650485436;weight;month;10,68;1,0;56,0;29,0;20,0;13,21;12,0
駱駝牌高筋麵粉(無添加)1000g;米油沖泡;64,0;駱駝牌;規格：1000g克x1x1PC包;駱駝牌高筋麵粉(無添加)1000g;75,0;1;1000,0;12,0;8617;14.67%;1;14740074001;unique_master_match;1;1;g;1;pc;64,0;75,0;14,666666666666666;weight;month;14,67;1,0;37,0;35,0;24,0;13,05;12,0
日正寶島地瓜粉 (木薯粉);米油沖泡;87,0;日正;規格：1000g克x1x1Pack包;日正寶島地瓜粉 (木薯粉);96,0;1;1000,0;18,0;8618;9.38%;0;14741003001;unique_master_match;1;1;g;1;pack;87,0;96,0;9,375;weight;month;9,38;0,0;37,0;28,0;26,0;12,548;12,0
日正在來粉 500g;米油沖泡;64,0;日正;規格：500g克x1x1Pack包;日正在來粉 500g;0,0;1;500,0;18,0;8620;0.00%;0;14741008001;unique_master_match;1;1;g;1;pack;64,0;0,0;0,0;weight;month;0,0;0,0;37,0;29,0;16,0;6,57;12,0
日正在來粉 500g;米油沖泡;64,0;日正;規格：500g克x1x1Pack包;日正糯米粉 500g;0,0;1;500,0;18,0;8621;0.00%;1;14741009001;unique_master_match;1;1;g;1;pack;64,0;0,0;0,0;weight;month;0,0;1,0;37,0;29,0;16,0;6,54;12,0
日正麵包粉;米油沖泡;32,0;日正;規格：100g克x1x1Pack包;日正麵包粉;35,0;1;100,0;12,0;8622;8.57%;1;14741010001;unique_master_match;1;1;g;1;pack;32,0;35,0;8,571428571428571;weight;month;8,57;1,0;28,0;22,0;15,0;1,526;12,0
日正-卡啦脆酥粉;米油沖泡;63,0;日正;規格：500g克x1x1Pack包;日正-卡啦脆酥粉;69,0;1;500,0;18,0;8624;8.70%;0;14741015001;unique_master_match;1;1;g;1;pack;63,0;69,0;8,695652173913043;weight;month;8,7;0,0;36,0;28,0;14,0;6,39;12,0
家福太白粉;米油沖泡;25,0;家樂福;規格：600g克x1x1Pack包;家福太白粉;0,0;1;600,0;24,0;8625;0.00%;1;14741017001;unique_master_match;1;1;g;1;pack;25,0;0,0;0,0;weight;month;0,0;1,0;44,0;32,0;16,0;7,84;12,0
日正起司脆酥粉 500g;米油沖泡;63,0;日正;規格：500g克x1x1Pack包;日正黃金傳說起司脆酥粉500g;69,0;1;500,0;12,0;8628;8.70%;1;14741026001;unique_master_match;1;1;g;1;pack;63,0;69,0;8,695652173913043;weight;month;8,7;1,0;36,0;27,0;14,0;6,26;12,0
鑫旺萊寶島木薯粉400g;米油沖泡;38,0;;規格：400g克x1x1Pack包;鑫旺萊寶島木薯粉400g;41,0;1;400,0;18,0;8629;7.32%;1;14741028001;unique_master_match;1;1;g;1;pack;38,0;41,0;7,317073170731707;weight;month;7,32;1,0;36,0;27,0;23,0;10,53;24,0
真好家香酥麵包粉100g;米油沖泡;23,0;;規格：100g克x1x1Bag包;真好家香酥麵包粉100g;28,0;1;100,0;18,0;8634;17.86%;1;14741049001;unique_master_match;1;1;g;1;bag;23,0;28,0;17,857142857142858;weight;month;17,86;1,0;35,0;27,0;9,0;1,308;12,0
真好家炸排粉-110g;米油沖泡;29,0;;規格：110g克x1x1Bag包;真好家炸排粉110g;35,0;1;110,0;18,0;8635;17.14%;1;14741050001;unique_master_match;1;1;g;1;bag;29,0;35,0;17,142857142857142;weight;month;17,14;1,0;24,0;18,0;10,0;1,55;12,0
真好家炸雞粉-120g;米油沖泡;29,0;;規格：120g克x1x1Bag包;真好家炸雞粉120g;35,0;1;120,0;18,0;8636;17.14%;0;14741051001;unique_master_match;1;1;g;1;bag;29,0;35,0;17,142857142857142;weight;month;17,14;0,0;24,0;18,0;10,0;1,732;12,0
日正日式厚燒DIY鬆餅粉-240g;米油沖泡;75,0;日正;規格：240g克x1x1Box盒;日正酵母發粉;0,0;1;240,0;12,0;8638;0.00%;1;14742018001;unique_master_match;1;1;g;1;box;75,0;0,0;0,0;weight;month;0,0;1,0;40,0;28,0;12,0;2,046;24,0
【純素】金錢豹 蘿蔔糕粉500g;米油沖泡;72,0;;規格：500g克x1x1Pack包;金錢豹 蘿蔔糕粉500g;79,0;1;500,0;18,0;8640;8.86%;1;14742048001;unique_master_match;1;1;g;1;pack;72,0;79,0;8,860759493670885;weight;month;8,86;1,0;45,0;32,0;21,0;12,67;24,0
台鳳1/4鳳梨 227g;米油沖泡;109,0;台鳳牌;規格：227g克x1x3Can罐;台鳳1/4鳳梨 227g;135,0;1;227,0;36,0;8642;19.26%;1;14801002001;unique_master_match;1;1;g;3;can;36,333333333333336;45,0;19,259259259259252;weight;month;19,26;1,0;36,0;28,0;12,0;7,34;24,0
台鳳整片鳳梨 565g;米油沖泡;69,0;;規格：565g克x1x1Can罐;台鳳整片鳳梨 565g;75,0;1;565,0;36,0;8643;8.00%;1;14801003001;unique_master_match;1;1;g;1;can;69,0;75,0;8,0;weight;month;8,0;1,0;35,0;27,0;12,0;8,29;12,0
台糖整片鳳梨 565g;米油沖泡;171,0;台糖;規格：565g克x1x3Can罐;台糖整片鳳梨 565g;338,0;1;565,0;36,0;8644;49.41%;0;14801012001;unique_master_match;1;1;g;3;can;57,0;112,66666666666667;49,40828402366864;weight;month;49,41;0,0;34,0;27,0;12,0;7,5;12,0
飯友 新四分片鳳梨切片-227g;米油沖泡;115,0;飯友;規格：227g克x1x3Can罐;飯友新四分片鳳梨切片227g;0,0;1;227,0;36,0;8645;0.00%;1;14801020001;unique_master_match;1;1;g;3;can;38,333333333333336;0,0;0,0;weight;month;0,0;1,0;37,0;27,0;12,0;7,58;24,0
台鳳牌高纖鳳椰果 227g;米油沖泡;180,0;;規格：227g克x1x3Can罐;台鳳牌高纖鳳椰果 227g;0,0;1;227,0;36,0;8648;0.00%;0;14802005001;unique_master_match;1;1;g;3;can;60,0;0,0;0,0;weight;month;0,0;0,0;36,0;28,0;11,0;7,05;24,0
泰山紫米薏仁255g;米油沖泡;144,0;泰山;規格：255g克x1x6Can罐;泰山紫米薏仁 255g;156,0;1;255,0;24,0;8651;7.69%;1;14804001001;unique_master_match;1;1;g;6;can;24,0;26,0;7,6923076923076925;weight;month;7,69;1,0;41,0;28,0;10,0;8,08;24,0
愛之味五穀開運八寶粥;米油沖泡;159,0;愛之味;規格：380g克x1x6Can罐;愛之味甜八寶380g;204,0;1;380,0;24,0;8652;22.06%;1;14804002001;unique_master_match;1;1;g;6;can;26,5;34,0;22,058823529411764;weight;month;22,06;1,0;41,0;28,0;14,0;10,89;24,0
泰山黑八寶 340g;米油沖泡;148,0;泰山;規格：340g克x1x6Can罐;泰山黑八寶 340g;180,0;1;340,0;24,0;8653;17.78%;1;14804004001;unique_master_match;1;1;g;6;can;24,666666666666668;30,0;17,77777777777777;weight;month;17,78;1,0;41,0;28,0;13,0;9,8;24,0
愛之味妞妞甜八寶 260g;米油沖泡;119,0;愛之味;規格：260g克x1x6Can罐;愛之味妞妞甜八寶 260g;132,0;1;260,0;24,0;8654;9.85%;1;14804005001;unique_master_match;1;1;g;6;can;19,833333333333332;22,0;9,848484848484853;weight;month;9,85;1,0;41,0;28,0;10,0;8,06;24,0
泰山八寶粥-375g;米油沖泡;165,0;泰山;規格：375g克x1x6Can罐;泰山八寶粥 375g;178,0;1;375,0;24,0;8655;7.30%;1;14804007001;unique_master_match;1;1;g;6;can;27,5;29,666666666666668;7,303370786516858;weight;month;7,3;1,0;41,0;28,0;13,0;10,8;24,0
愛之味沖繩島黑八寶340g;米油沖泡;147,0;愛之味;規格：340g克x1x6Can罐;愛之味沖繩島黑八寶340g;172,0;1;340,0;24,0;8658;14.53%;1;14804010001;unique_master_match;1;1;g;6;can;24,5;28,666666666666668;14,534883720930235;weight;month;14,53;1,0;40,0;27,0;12,0;10,08;24,0
泰山八寶粥禮盒-375gx12;米油沖泡;316,0;泰山;規格：375g克x12x1Box盒;泰山八寶粥禮盒375g*12;384,0;1;375,0;24,0;8659;17.71%;1;14804012001;unique_master_match;1;1;g;12;box;26,333333333333332;32,0;17,708333333333336;weight;month;17,71;1,0;42,0;28,0;13,0;10,95;2,0
泰山黑八寶禮盒340g*12;米油沖泡;279,0;泰山;規格：340g克x12x1Box盒;泰山黑八寶禮盒340g*12;356,0;1;340,0;24,0;8660;21.63%;1;14804013001;unique_master_match;1;1;g;12;box;23,25;29,666666666666668;21,62921348314607;weight;month;21,63;1,0;43,0;28,0;13,0;10,4;2,0
【限量】愛之味沖繩黑八寶禮盒340gx12(無提袋);米油沖泡;338,0;愛之味;規格：340g克x12x1Box盒;愛之味沖繩黑八寶禮盒340g*12;359,0;1;340,0;24,0;8661;5.85%;1;14804014001;unique_master_match;1;1;g;12;box;28,166666666666668;29,916666666666668;5,8495821727019495;weight;month;5,85;1,0;44,0;28,0;25,0;20,4;4,0
泰山十穀寶;米油沖泡;168,0;泰山;規格：330g克x1x6Can罐;泰山十穀寶;192,0;1;330,0;24,0;8663;12.50%;1;14804016001;unique_master_match;1;1;g;6;can;28,0;32,0;12,5;weight;month;12,5;1,0;41,0;27,0;12,0;9,8;24,0
愛之味花生豆花-340g;米油沖泡;159,0;愛之味;規格：340g克x1x6Set組;愛之味花生豆花;198,0;1;340,0;24,0;8665;19.70%;1;14805001001;unique_master_match;1;1;g;6;set;26,5;33,0;19,696969696969695;weight;month;19,7;1,0;41,0;28,0;13,0;9,86;24,0
名屋紅豆蓮子湯320g;米油沖泡;142,0;名屋;規格：320g克x1x6Can罐;名屋紅豆蓮子湯 320g;156,0;1;320,0;24,0;8666;8.97%;1;14805002001;unique_master_match;1;1;g;6;can;23,666666666666668;26,0;8,974358974358971;weight;month;8,97;1,0;41,0;28,0;12,0;9,94;24,0
愛之味妞妞珍珠圓 260g;米油沖泡;119,0;愛之味;規格：260g克x1x6Can罐;愛之味妞妞珍珠圓 260g;138,0;1;260,0;24,0;8668;13.77%;1;14805004001;unique_master_match;1;1;g;6;can;19,833333333333332;23,0;13,768115942028992;weight;month;13,77;1,0;41,0;28,0;10,0;8,06;24,0
愛之味薏仁寶 340g;米油沖泡;147,0;愛之味;規格：340g克x1x6Can罐;愛之味薏仁寶 340g;174,0;1;340,0;24,0;8669;15.52%;0;14805005001;unique_master_match;1;1;g;6;can;24,5;29,0;15,517241379310345;weight;month;15,52;0,0;41,0;28,0;13,0;9,93;24,0
泰山自然就好系列-花生湯;米油沖泡;168,0;泰山;規格：330g克x1x6CAN罐;泰山台灣花生湯330g;210,0;1;330,0;24,0;8672;20.00%;1;14805010001;unique_master_match;1;1;g;6;can;28,0;35,0;20,0;weight;month;20,0;1,0;41,0;28,0;12,0;9,63;24,0
愛之味牛奶花生-340g;米油沖泡;159,0;愛之味;規格：340g克x1x6Can罐;愛之味牛奶花生340g;186,0;1;340,0;24,0;8673;14.52%;1;14805012001;unique_master_match;1;1;g;6;can;26,5;31,0;14,516129032258066;weight;month;14,52;1,0;41,0;27,0;13,0;10,01;24,0
愛之味牛奶花生禮盒340g*12;米油沖泡;328,0;愛之味;規格：340g克x12x1Box盒;愛之味牛奶花生禮盒340g*12;354,0;1;340,0;24,0;8674;7.34%;1;14805013001;unique_master_match;1;1;g;12;box;27,333333333333332;29,5;7,344632768361587;weight;month;7,34;1,0;44,0;29,0;25,0;20,66;4,0
泰山花生仁湯-320g;米油沖泡;148,0;泰山;規格：320g克x1x6Can罐;泰山花生仁湯 320g;180,0;1;320,0;24,0;8675;17.78%;1;14805016001;unique_master_match;1;1;g;6;can;24,666666666666668;30,0;17,77777777777777;weight;month;17,78;1,0;41,0;27,0;12,0;9,8;24,0
愛之味妞妞紅豆粉粿260g;米油沖泡;119,0;愛之味;規格：260g克x1x6Can罐;愛之味妞妞紅豆粉粿260g;138,0;1;260,0;24,0;8676;13.77%;0;14805017001;unique_master_match;1;1;g;6;can;19,833333333333332;23,0;13,768115942028992;weight;month;13,77;0,0;41,0;28,0;11,0;8,17;24,0
泰山珍珠薏仁饌 330g;米油沖泡;198,0;泰山;規格：330g克x1x6Can罐;泰山珍珠薏仁饌 330g;0,0;1;330,0;24,0;8679;0.00%;0;14805023001;unique_master_match;1;1;g;6;can;33,0;0,0;0,0;weight;month;0,0;0,0;42,0;28,0;12,0;9,68;24,0
泰山珍珠薏仁饌 330g;米油沖泡;198,0;泰山;規格：330g克x1x6Can罐;泰山綠豆椰果湯330g;0,0;1;330,0;24,0;8680;0.00%;1;14805028001;unique_master_match;1;1;g;6;can;33,0;0,0;0,0;weight;month;0,0;1,0;42,0;28,0;13,0;9,8;24,0
愛之味綠豆意人爽-340g;米油沖泡;147,0;愛之味;規格：340g克x1x6CAN罐;愛之味綠豆意人爽340g;174,0;1;340,0;24,0;8681;15.52%;1;14805056001;unique_master_match;1;1;g;6;can;24,5;29,0;15,517241379310345;weight;month;15,52;1,0;41,0;28,0;13,0;9,85;24,0
愛之味蒟蒻紅豆粉粿340g;米油沖泡;147,0;愛之味;規格：340g克x1x6Can罐;愛之味蒟蒻紅豆粉粿340g;174,0;1;340,0;24,0;8682;15.52%;0;14805059001;unique_master_match;1;1;g;6;can;24,5;29,0;15,517241379310345;weight;month;15,52;0,0;41,0;27,0;13,0;10,1;24,0
【純素】親親冰凍燒仙草 320g;米油沖泡;158,0;;規格：320g克x1x6Can罐;親親紅豆蓮子320g;0,0;1;320,0;24,0;8683;0.00%;0;14805063001;unique_master_match;1;1;g;6;can;26,333333333333332;0,0;0,0;weight;month;0,0;0,0;41,0;28,0;13,0;9,9;24,0
【純素】親親冰凍燒仙草 320g;米油沖泡;158,0;;規格：320g克x1x6Can罐;親親冰凍燒仙草 320g;0,0;1;320,0;24,0;8684;0.00%;1;14805066001;unique_master_match;1;1;g;6;can;26,333333333333332;0,0;0,0;weight;month;0,0;1,0;41,0;28,0;13,0;9,9;24,0
名屋嚴選牛奶花生-320g;米油沖泡;154,0;名屋;規格：320g克x1x6Can罐;名屋嚴選牛奶花生320g;168,0;1;320,0;24,0;8685;8.33%;1;14805899001;unique_master_match;1;1;g;6;can;25,666666666666668;28,0;8,333333333333329;weight;month;8,33;1,0;41,0;27,0;13,0;9,74;24,0
綠巨人珍珠玉米粒易開罐340g;米油沖泡;180,0;綠巨人;規格：340g克x1x3Can罐;綠巨人珍珠玉米粒易開罐340g;193,0;1;340,0;48,0;8689;6.74%;1;14810001001;unique_master_match;1;1;g;3;can;60,0;64,33333333333333;6,735751295336781;weight;month;6,74;1,0;35,0;26,0;18,0;10,41;24,0
台鳳非基因改造玉米粒 340g;米油沖泡;99,0;台鳳牌;規格：340g克x1x3Can罐;台鳳非基因改造玉米粒 340g;125,0;1;340,0;36,0;8690;20.80%;1;14810002001;unique_master_match;1;1;g;3;can;33,0;41,666666666666664;20,799999999999997;weight;month;20,8;1,0;35,0;26,0;18,0;10,55;24,0
台糖玉米粒(特級易開罐)340g;米油沖泡;99,0;台糖;規格：340g克x1x3Can罐;台糖玉米粒(特級)340g;129,0;1;340,0;36,0;8691;23.26%;1;14810004001;unique_master_match;1;1;g;3;can;33,0;43,0;23,25581395348837;weight;month;23,26;1,0;35,0;26,0;18,0;10,59;24,0
綠巨人金玉雙色玉米粒易開罐198gx3;米油沖泡;139,0;綠巨人;規格：198g克x1x3Can罐;綠巨人金玉雙色玉米粒;161,0;1;198,0;48,0;8692;13.66%;1;14810005001;unique_master_match;1;1;g;3;can;46,333333333333336;53,666666666666664;13,664596273291918;weight;month;13,66;1,0;35,0;27,0;19,0;10,28;24,0
綠巨人天然特甜玉米粒 340gx3;米油沖泡;169,0;綠巨人;規格：340g克x1x3Can罐;綠巨人天然特甜玉米粒;183,0;1;340,0;48,0;8693;7.65%;1;14810006001;unique_master_match;1;1;g;3;can;56,333333333333336;61,0;7,650273224043712;weight;month;7,65;1,0;35,0;26,0;18,0;10,14;24,0
綠巨人天然特甜玉米粒198gx3;米油沖泡;139,0;綠巨人;規格：198g克x1x3Can罐;綠巨人天然特甜玉米粒198g;179,0;1;198,0;48,0;8694;22.35%;1;14810012001;unique_master_match;1;1;g;3;can;46,333333333333336;59,666666666666664;22,34636871508379;weight;month;22,35;1,0;28,0;21,0;18,0;6,44;24,0
綠巨人金玉雙色玉米粒易開罐198gx3;米油沖泡;139,0;綠巨人;規格：198g克x1x3Can罐;綠巨人金玉雙色玉米粒易開198g;161,0;1;198,0;48,0;8695;13.66%;1;14810013001;unique_master_match;1;1;g;3;can;46,333333333333336;53,666666666666664;13,664596273291918;weight;month;13,66;1,0;28,0;21,0;18,0;6,45;24,0
牛頭牌金鑽玉米粒340g;米油沖泡;99,0;牛頭牌;規格：340g克x1x3Can罐;牛頭牌金鑽玉米粒340g;107,0;1;340,0;36,0;8697;7.48%;1;14810016001;unique_master_match;1;1;g;3;can;33,0;35,666666666666664;7,476635514018685;weight;month;7,48;1,0;35,0;26,0;18,0;10,7;24,0
綠巨人天然無鹽玉米粒3入;米油沖泡;149,0;綠巨人;規格：198g克x3x1SET組;綠巨人天然無鹽玉米粒3入;167,0;1;198,0;48,0;8698;10.78%;1;14810017001;unique_master_match;1;1;g;3;set;49,666666666666664;55,666666666666664;10,778443113772456;weight;month;10,78;1,0;28,0;21,0;17,0;5,83;8,0
永偉鮮嫩玉米粒 340g;米油沖泡;89,0;永偉;規格：340g克x1x3Can罐;永偉鮮嫩玉米粒 340g;105,0;1;340,0;36,0;8699;15.24%;1;14810018001;unique_master_match;1;1;g;3;can;29,666666666666668;35,0;15,238095238095234;weight;month;15,24;1,0;35,0;27,0;18,0;10,6;24,0
牛頭牌金鑽玉米粒185g;米油沖泡;85,0;牛頭牌;規格：185g克x1x3Can罐;牛頭牌185g金鑽玉米粒;99,0;1;185,0;36,0;8701;14.14%;1;14810023001;unique_master_match;1;1;g;3;can;28,333333333333332;33,0;14,141414141414144;weight;month;14,14;1,0;27,0;21,0;17,0;5,91;24,0
飯友牌KA玉米粒340g;米油沖泡;75,0;飯友牌;規格：340g克x1x3Set組;飯友牌KA玉米粒340g;109,0;1;340,0;36,0;8702;31.19%;1;14810025001;unique_master_match;1;1;g;3;set;25,0;36,333333333333336;31,19266055045872;weight;month;31,19;1,0;35,0;26,0;18,0;10,72;24,0
牛頭牌金色蔬菜特選玉米粒(易)340gx2;米油沖泡;95,0;牛頭牌;規格：340g克x1x2Set組;牛頭牌金色蔬菜特選玉米粒-易(2入);126,0;1;340,0;36,0;8703;24.60%;1;14810030001;unique_master_match;1;1;g;2;set;47,5;63,0;24,6031746031746;weight;month;24,6;1,0;36,0;28,0;18,0;10,55;24,0
綠巨人生機玉米粒150gx3入;米油沖泡;149,0;綠巨人;規格：150g克x3x1SET組;綠巨人生機玉米粒150gx3入;185,0;1;150,0;48,0;8704;19.46%;1;14810031001;unique_master_match;1;1;g;3;set;49,666666666666664;61,666666666666664;19,45945945945946;weight;month;19,46;1,0;28,0;22,0;16,0;5,246;8,0
台鳳非基因改造玉米醬 410g;米油沖泡;99,0;台鳳牌;規格：410g克x1x3Can罐;台鳳非基因改造玉米醬 410g;125,0;1;410,0;36,0;8705;20.80%;1;14811004001;unique_master_match;1;1;g;3;can;33,0;41,666666666666664;20,799999999999997;weight;month;20,8;1,0;31,0;23,0;23,0;11,7;24,0
台糖特級玉米醬425g(易開);米油沖泡;99,0;台糖;規格：425g克x1x3Can罐;台糖特級玉米醬 425公克;129,0;1;425,0;36,0;8706;23.26%;1;14811006001;unique_master_match;1;1;g;3;can;33,0;43,0;23,25581395348837;weight;month;23,26;1,0;32,0;24,0;23,0;12,21;24,0
綠巨人珍珠玉米醬(3入組);米油沖泡;169,0;綠巨人;規格：425g克x3x1Can罐;綠巨人珍珠玉米醬(3入組);186,0;1;425,0;36,0;8707;9.14%;0;14811007001;unique_master_match;1;1;g;3;can;56,333333333333336;62,0;9,139784946236555;weight;month;9,14;0,0;31,0;23,0;23,0;11,74;8,0
【全素】金蘭脆瓜396g;米油沖泡;56,0;金蘭;規格：396g克x1x1Bottle瓶;金蘭脆瓜396g;0,0;1;396,0;36,0;8709;0.00%;0;14820001001;unique_master_match;1;1;g;1;bottle;56,0;0,0;0,0;weight;month;0,0;0,0;31,0;23,0;14,0;7,47;12,0
【全素】大茂黑瓜玻璃瓶375g;米油沖泡;55,0;大茂;規格：375g克x1x1Can罐;大茂黑瓜玻璃瓶375g;0,0;1;375,0;36,0;8710;0.00%;1;14820004001;unique_master_match;1;1;g;1;can;55,0;0,0;0,0;weight;month;0,0;1,0;29,0;22,0;15,0;7,82;12,0
大茂黑瓜 170g;米油沖泡;79,0;大茂;規格：170g克x1x3Can罐;大茂黑瓜 170g;84,0;1;170,0;36,0;8711;5.95%;0;14820008001;unique_master_match;1;1;g;3;can;26,333333333333332;28,0;5,952380952380957;weight;month;5,95;0,0;32,0;24,0;23,0;11,58;48,0
大茂幼條瓜375g;米油沖泡;55,0;大茂;規格：375g克x1x1Bottle瓶;大茂幼條瓜;0,0;1;375,0;36,0;8712;0.00%;1;14820009001;unique_master_match;1;1;g;1;bottle;55,0;0,0;0,0;weight;month;0,0;1,0;28,0;21,0;10,0;4,48;12,0
【純素】愛之味鮮味脆瓜180g;米油沖泡;99,0;愛之味;規格：180g克x1x3Can罐;愛之味鮮味脆瓜180g;108,0;1;180,0;24,0;8713;8.33%;1;14820012001;unique_master_match;1;1;g;3;can;33,0;36,0;8,333333333333332;weight;month;8,33;1,0;42,0;29,0;18,0;17,76;48,0
【純素】愛之味壺底蔭瓜140g;米油沖泡;99,0;愛之味;規格：140g克x1x3Can罐;愛之味壺底蔭瓜140g;108,0;1;140,0;24,0;8714;8.33%;1;14820013001;unique_master_match;1;1;g;3;can;33,0;36,0;8,333333333333332;weight;month;8,33;1,0;36,0;25,0;18,0;13,99;48,0
【純素】愛之味青脆菜心180g;米油沖泡;99,0;愛之味;規格：180g克x1x3Can罐;愛之味青脆菜心180g;108,0;1;180,0;24,0;8715;8.33%;0;14820014001;unique_master_match;1;1;g;3;can;33,0;36,0;8,333333333333332;weight;month;8,33;0,0;42,0;29,0;19,0;17,06;48,0
【全素】大茂小蔭瓜;米油沖泡;75,0;大茂;規格：110g克x1x3Can罐;大茂小蔭瓜;0,0;1;110,0;36,0;8716;0.00%;1;14820015001;unique_master_match;1;1;g;3;can;25,0;0,0;0,0;weight;month;0,0;1,0;31,0;24,0;9,0;3,82;24,0
【全素】大茂三合一;米油沖泡;79,0;大茂;規格：170g克x1x3Can罐;大茂三合一;95,0;1;170,0;36,0;8718;16.84%;0;14820017001;unique_master_match;1;1;g;3;can;26,333333333333332;31,666666666666668;16,842105263157904;weight;month;16,84;0,0;28,0;21,0;10,0;4,5;12,0
大茂幼條瓜375g;米油沖泡;55,0;大茂;規格：375g克x1x1Bottle瓶;大茂幼條瓜375g;0,0;1;375,0;36,0;8719;0.00%;1;14820023001;unique_master_match;1;1;g;1;bottle;55,0;0,0;0,0;weight;month;0,0;1,0;29,0;22,0;15,0;7,89;12,0
大茂三寶組合罐 170g;米油沖泡;79,0;大茂;規格：170g克x1x3Can罐;大茂三寶組合罐 170g;89,0;1;170,0;36,0;8720;11.24%;0;14820028001;unique_master_match;1;1;g;3;can;26,333333333333332;29,666666666666668;11,235955056179783;weight;month;11,24;0,0;31,0;23,0;23,0;11,74;48,0
【全素】金蘭香菇麵筋396g;米油沖泡;56,0;金蘭;規格：396g克x1x1Set組;金蘭香菇麵筋396g;0,0;1;396,0;36,0;8721;0.00%;0;14820029001;unique_master_match;1;1;g;1;set;56,0;0,0;0,0;weight;month;0,0;0,0;31,0;23,0;14,0;7,65;12,0
【全素】大茂菜心375g;米油沖泡;55,0;大茂;規格：375g克x1x1Bottle瓶;大茂菜心375g;0,0;1;375,0;36,0;8723;0.00%;1;14820035001;unique_master_match;1;1;g;1;bottle;55,0;0,0;0,0;weight;month;0,0;1,0;29,0;23,0;15,0;7,86;12,0
愛之味醬菜三寶組合包;米油沖泡;105,0;愛之味;規格：530g克x1x1Set組;愛之味醬菜三寶組合包;150,0;1;530,0;24,0;8724;30.00%;0;14820045001;unique_master_match;1;1;g;1;set;105,0;150,0;30,0;weight;month;30,0;0,0;28,0;21,0;10,0;4,32;4,0
大茂幼筍玻璃瓶350g;米油沖泡;55,0;大茂;規格：350g克x1x1Can罐;大茂幼筍玻璃瓶350g;0,0;1;350,0;36,0;8725;0.00%;1;14821001001;unique_master_match;1;1;g;1;can;55,0;0,0;0,0;weight;month;0,0;1,0;29,0;22,0;15,0;7,61;12,0
愛之味珍保玉筍120g;米油沖泡;99,0;愛之味;規格：120g克x1x3Can罐;愛之味珍保玉筍120g;108,0;1;120,0;24,0;8726;8.33%;0;14821003001;unique_master_match;1;1;g;3;can;33,0;36,0;8,333333333333332;weight;month;8,33;0,0;36,0;24,0;19,0;12,8;48,0
【全素】金蘭筍茸350g;米油沖泡;56,0;金蘭;規格：350g克x1x1Can罐;金蘭筍茸350g;0,0;1;350,0;36,0;8727;0.00%;0;14821006001;unique_master_match;1;1;g;1;can;56,0;0,0;0,0;weight;month;0,0;0,0;31,0;23,0;14,0;7,43;12,0
【全素】高慶泉蔭瓜420g;米油沖泡;89,0;高慶泉;規格：420g克x1x1Bottle瓶;高慶泉蔭瓜420g;0,0;1;420,0;36,0;8728;0.00%;1;14821011001;unique_master_match;1;1;g;1;bottle;89,0;0,0;0,0;weight;month;0,0;1,0;31,0;24,0;13,0;7,984;12,0
【純素】橘平屋海苔醬-昆布145g;米油沖泡;138,0;橘平屋;規格：145g克x1x2Can罐;橘平屋海苔醬-昆布145g;158,0;1;145,0;20,0;8729;12.66%;0;14822008001;unique_master_match;1;1;g;2;can;69,0;79,0;12,658227848101266;weight;month;12,66;0,0;33,0;26,0;26,0;16,0;48,0
飯友#4草菇;米油沖泡;47,0;飯友牌;規格：425g克x1x1Can罐;飯友#4洋菇;0,0;1;425,0;36,0;8730;0.00%;0;14822009001;unique_master_match;1;1;g;1;can;47,0;0,0;0,0;weight;month;0,0;0,0;46,0;31,0;13,0;11,9;24,0
飯友#4草菇;米油沖泡;47,0;飯友牌;規格：425g克x1x1Can罐;飯友#4草菇;0,0;1;425,0;36,0;8731;0.00%;0;14822010001;unique_master_match;1;1;g;1;can;47,0;0,0;0,0;weight;month;0,0;0,0;46,0;31,0;13,0;12,3;24,0
愛之味 韓式泡菜190g;米油沖泡;104,0;愛之味;規格：190g克x1x3Bottle瓶;愛之味 韓式泡菜190g;108,0;1;190,0;24,0;8733;3.70%;1;14822014001;unique_master_match;1;1;g;3;bottle;34,666666666666664;36,0;3,7037037037037104;weight;month;3,7;1,0;32,0;24,0;8,0;4,77;12,0
品香世家黃大目 麻油辣腐乳380g;米油沖泡;69,0;品香世家;規格：380g克x1x1Bottle瓶;黃大目豆腐乳-麻油辣;75,0;1;380,0;24,0;8734;8.00%;1;14822017001;unique_master_match;1;1;g;1;bottle;69,0;75,0;8,0;weight;month;8,0;1,0;32,0;25,0;13,0;7,22;12,0
品香世家黃大目 甜酒豆腐乳380g;米油沖泡;69,0;品香世家;規格：380g克x1x1Bottle瓶;黃大目豆腐乳-甜酒香;75,0;1;380,0;24,0;8735;8.00%;0;14822018001;unique_master_match;1;1;g;1;bottle;69,0;75,0;8,0;weight;month;8,0;0,0;32,0;25,0;13,0;7,53;12,0
御膳食堂剝皮辣椒 380g;米油沖泡;75,0;維義;規格：380g克x1x1Bottle瓶;御膳食堂剝皮辣椒 380g;0,0;1;380,0;24,0;8737;0.00%;1;14822021001;unique_master_match;1;1;g;1;bottle;75,0;0,0;0,0;weight;month;0,0;1,0;33,0;25,0;13,0;7,0;12,0
【純素】味島海苔醬--椎茸佃煮190g;米油沖泡;116,0;;規格：190g克x1x2Can罐;味島海苔醬--海苔佃煮190g;120,0;1;190,0;24,0;8739;3.33%;1;14822024001;unique_master_match;1;1;g;2;can;58,0;60,0;3,3333333333333335;weight;month;3,33;1,0;44,0;32,0;11,0;9,75;20,0
【純素】味島海苔醬--椎茸佃煮190g;米油沖泡;116,0;;規格：190g克x1x2Can罐;味島海苔醬--椎茸佃煮190g;120,0;1;190,0;24,0;8740;3.33%;0;14822025001;unique_master_match;1;1;g;2;can;58,0;60,0;3,3333333333333335;weight;month;3,33;0,0;44,0;32,0;11,0;9,703;20,0
味島香鬆3合1-清香.海苔.野菜;米油沖泡;195,0;;規格：52g克x1x3Can罐;味島香鬆3合1-清香.海苔.野菜;0,0;1;52,0;24,0;8741;0.00%;0;14822026001;unique_master_match;1;1;g;3;can;65,0;0,0;0,0;weight;month;0,0;0,0;43,0;40,0;13,0;17,0;30,0
大茂土豆王玻璃瓶360g;米油沖泡;55,0;大茂;規格：360g克x1x1Can罐;大茂土豆王玻璃瓶360g;0,0;1;360,0;36,0;8743;0.00%;0;14822037001;unique_master_match;1;1;g;1;can;55,0;0,0;0,0;weight;month;0,0;0,0;29,0;22,0;15,0;7,93;12,0
味榮有機鳳梨豆豉;米油沖泡;165,0;味榮;規格：280g克x1x1BOTTLE瓶;有機濕豆豉;0,0;1;280,0;24,0;8747;0.00%;1;14822044001;unique_master_match;1;1;g;1;bottle;165,0;0,0;0,0;weight;month;0,0;1,0;30,0;21,0;11,0;4,62;12,0
大茂黑瓜素肉醬 180g;米油沖泡;79,0;大茂;規格：180g克x1x3Can罐;大茂黑瓜素肉醬 180g;84,0;1;180,0;36,0;8748;5.95%;1;14822046001;unique_master_match;1;1;g;3;can;26,333333333333332;28,0;5,952380952380957;weight;month;5,95;1,0;31,0;24,0;11,0;5,95;24,0
【全素】金蘭剝皮辣椒;米油沖泡;83,0;金蘭;規格：450g克x1x1Can罐;金蘭剝皮辣椒;89,0;1;450,0;24,0;8749;6.74%;0;14822049001;unique_master_match;1;1;g;1;can;83,0;89,0;6,741573033707865;weight;month;6,74;0,0;34,0;26,0;15,0;9,13;12,0
味全光州韓式泡菜;米油沖泡;79,0;味全;規格：350g克x1x1Can罐;味全光州韓式泡菜;0,0;1;350,0;36,0;8750;0.00%;0;14822050001;unique_master_match;1;1;g;1;can;79,0;0,0;0,0;weight;month;0,0;0,0;31,0;24,0;14,0;7,8;12,0
丸莊香辣豆腐乳(非基改)350g;米油沖泡;76,0;丸莊;規格：350g克x1x1Bottle瓶;丸莊香辣豆腐乳(非基改)350g;0,0;1;350,0;24,0;8751;0.00%;0;14822053001;unique_master_match;1;1;g;1;bottle;76,0;0,0;0,0;weight;month;0,0;0,0;30,0;23,0;13,0;6,0;12,0
丸莊甜酒豆腐乳(非基改)380g;米油沖泡;76,0;丸莊;規格：380g克x1x1Bottle瓶;丸莊甜酒豆腐乳(非基改)380g;0,0;1;380,0;24,0;8752;0.00%;1;14822062001;unique_master_match;1;1;g;1;bottle;76,0;0,0;0,0;weight;month;0,0;1,0;30,0;23,0;13,0;7,54;12,0
大茂金三寶(組合) 170g;米油沖泡;79,0;大茂;規格：170g克x1x3Can罐;大茂金三寶(組合) 170g;84,0;1;170,0;36,0;8753;5.95%;0;14822063001;unique_master_match;1;1;g;3;can;26,333333333333332;28,0;5,952380952380957;weight;month;5,95;0,0;32,0;24,0;23,0;11,71;48,0
味島香鬆迷你包;米油沖泡;60,0;;規格：3g克x15x1Pack包;味島香鬆迷你包;0,0;1;3,0;24,0;8754;0.00%;0;14822095001;unique_master_match;1;1;g;15;pack;4,0;0,0;0,0;weight;month;0,0;0,0;42,0;35,0;12,0;2,06;20,0
宏昇五香辣豆腐乳;米油沖泡;41,0;宏昇;規格：130g克x1x1Can罐;宏昇五香辣腐乳;0,0;1;130,0;36,0;8755;0.00%;1;14822104001;unique_master_match;1;1;g;1;can;41,0;0,0;0,0;weight;month;0,0;1,0;20,0;15,0;10,0;2,98;12,0
橘平屋海苔醬-香菇150g;米油沖泡;69,0;橘平屋;規格：150g克x1x1Can罐;高岡屋海苔醬150g;79,0;1;150,0;20,0;8756;12.66%;0;14822112001;unique_master_match;1;1;g;1;can;69,0;79,0;12,658227848101266;weight;month;12,66;0,0;36,0;27,0;28,0;15,99;48,0
家樂福雞豆;米油沖泡;79,0;家樂福自有品牌;規格：400g克x1x1Can罐;家福雞豆;0,0;1;400,0;36,0;8757;0.00%;0;14822115001;unique_master_match;1;1;g;1;can;79,0;0,0;0,0;weight;month;0,0;0,0;30,0;23,0;11,0;5,83;12,0
味島海苔香鬆-52g;米油沖泡;73,0;;規格：52g克x1x1Box盒;味島海苔香鬆52g;0,0;1;52,0;24,0;8759;0.00%;0;14822899001;unique_master_match;1;1;g;1;box;73,0;0,0;0,0;weight;month;0,0;0,0;44,0;36,0;12,0;7,54;30,0
【全素】福松剝皮辣椒450g;米油沖泡;119,0;;規格：450g克x1x1BOTTLE瓶;福松剝皮辣椒450g;0,0;1;450,0;24,0;8761;0.00%;0;14822925001;unique_master_match;1;1;g;1;bottle;119,0;0,0;0,0;weight;month;0,0;0,0;33,0;25,0;13,0;9,322;12,0
【全素】福松特級樹子390g;米油沖泡;119,0;福松;規格：390g克x1x1BOTTLE瓶;福松特級樹子390g;0,0;1;390,0;36,0;8762;0.00%;1;14822926001;unique_master_match;1;1;g;1;bottle;119,0;0,0;0,0;weight;month;0,0;1,0;33,0;25,0;13,0;8,238;12,0
愛之味綠美人剝皮辣椒;米油沖泡;50,0;愛之味;規格：200g克x1x1Can罐;愛之味綠美人剝皮辣椒;54,0;1;200,0;24,0;8763;7.41%;1;14822965001;unique_master_match;1;1;g;1;can;50,0;54,0;7,4074074074074066;weight;month;7,41;1,0;31,0;24,0;8,0;4,73;12,0
遠洋牌鮪魚片(水煮)185g;米油沖泡;149,0;遠洋牌;規格：185g克x1x3Can罐;遠洋牌鮪魚片(水煮)185g;161,0;1;185,0;36,0;8765;7.45%;1;14830001001;unique_master_match;1;1;g;3;can;49,666666666666664;53,666666666666664;7,453416149068323;weight;month;7,45;1,0;36,0;28,0;11,0;5,98;24,0
遠洋三明治鮪魚 110g;米油沖泡;107,0;;規格：110g克x1x3Can罐;遠洋三明治鮪魚 110g;116,0;1;110,0;36,0;8766;7.76%;1;14830002001;unique_master_match;1;1;g;3;can;35,666666666666664;38,666666666666664;7,758620689655173;weight;month;7,76;1,0;31,0;24,0;9,0;3,62;24,0
遠洋水煮鮪魚 90g;米油沖泡;107,0;;規格：90g克x1x3Can罐;遠洋水煮鮪魚 90g;116,0;1;90,0;36,0;8768;7.76%;1;14830005001;unique_master_match;1;1;g;3;can;35,666666666666664;38,666666666666664;7,758620689655173;weight;month;7,76;1,0;28,0;22,0;9,0;3,57;24,0
紅鷹牌海底雞-170g;米油沖泡;188,0;紅鷹牌;規格：170g克x1x3Can罐;紅鷹牌海底雞170g;212,0;1;170,0;36,0;8771;11.32%;1;14830009001;unique_master_match;1;1;g;3;can;62,666666666666664;70,66666666666667;11,320754716981142;weight;month;11,32;1,0;35,0;26,0;10,0;5,73;24,0
愛之味鮪魚片185g;米油沖泡;159,0;愛之味;規格：185g克x1x3Can罐;愛之味鮪魚片185g;178,0;1;185,0;36,0;8772;10.67%;1;14830010001;unique_master_match;1;1;g;3;can;53,0;59,333333333333336;10,67415730337079;weight;month;10,67;1,0;35,0;27,0;17,0;11,73;48,0
遠洋牌鮪魚片(水煮)185g;米油沖泡;149,0;遠洋牌;規格：185g克x1x3Can罐;遠洋鮪魚片 185g;161,0;1;185,0;36,0;8773;7.45%;0;14830011001;unique_master_match;1;1;g;3;can;49,666666666666664;53,666666666666664;7,453416149068323;weight;month;7,45;0,0;36,0;27,0;10,0;5,79;24,0
同榮香筍鮪魚 170g;米油沖泡;113,0;同榮;規格：170g克x1x3Can罐;同榮香筍鮪魚 170g;0,0;1;170,0;36,0;8774;0.00%;0;14830012001;unique_master_match;1;1;g;3;can;37,666666666666664;0,0;0,0;weight;month;0,0;0,0;35,0;27,0;10,0;5,35;24,0
新宜興水煮鮪魚185g;米油沖泡;132,0;;規格：185g克x1x3Can罐;新宜興水煮鮪魚185g;0,0;1;185,0;36,0;8775;0.00%;0;14830013001;unique_master_match;1;1;g;3;can;44,0;0,0;0,0;weight;month;0,0;0,0;35,0;27,0;10,0;5,63;24,0
同榮水煮鮪魚(煙仔虎)180g;米油沖泡;109,0;同榮;規格：180g克x1x3Can罐;同榮鮪魚罐;0,0;1;180,0;36,0;8776;0.00%;0;14830017001;unique_master_match;1;1;g;3;can;36,333333333333336;0,0;0,0;weight;month;0,0;0,0;36,0;27,0;10,0;5,7;24,0
紅鷹牌鮪魚醬(辣味);米油沖泡;105,0;紅鷹牌;規格：120g克x1x3Can罐;紅鷹牌鮪魚醬(辣味);0,0;1;120,0;36,0;8777;0.00%;1;14830018001;unique_master_match;1;1;g;3;can;35,0;0,0;0,0;weight;month;0,0;1,0;32,0;23,0;9,0;3,95;24,0
遠洋牌玉米鮪魚三明治110g;米油沖泡;107,0;;規格：110g克x1x3Can罐;遠洋牌玉米鮪魚三明治110g;116,0;1;110,0;36,0;8779;7.76%;1;14830026001;unique_master_match;1;1;g;3;can;35,666666666666664;38,666666666666664;7,758620689655173;weight;month;7,76;1,0;31,0;24,0;9,0;3,62;24,0
海底雞鮮之味片狀 150g;米油沖泡;185,0;;規格：150g克x1x3Can罐;海底雞鮮之味片狀 150g;209,0;1;150,0;36,0;8781;11.48%;0;14830029001;unique_master_match;1;1;g;3;can;61,666666666666664;69,66666666666667;11,483253588516757;weight;month;11,48;0,0;35,0;27,0;9,0;4,88;24,0
同榮蔬菜鮪魚罐180g;米油沖泡;109,0;同榮;規格：180g克x1x3Can罐;同榮蔬菜鮪魚罐180g;0,0;1;180,0;36,0;8783;0.00%;0;14830039001;unique_master_match;1;1;g;3;can;36,333333333333336;0,0;0,0;weight;month;0,0;0,0;36,0;27,0;10,0;5,7;24,0
紅鷹牌幼筍鮪魚-170g;米油沖泡;109,0;紅鷹牌;規格：170g克x1x3Can罐;紅鷹牌幼筍鮪魚170g;126,0;1;170,0;36,0;8786;13.49%;1;14830045001;unique_master_match;1;1;g;3;can;36,333333333333336;42,0;13,492063492063485;weight;month;13,49;1,0;35,0;26,0;10,0;5,39;24,0
遠洋牌鮪魚抹醬 110g;米油沖泡;107,0;;規格：110g克x1x3Can罐;遠洋牌鮪魚抹醬 110g;116,0;1;110,0;36,0;8787;7.76%;1;14830048001;unique_master_match;1;1;g;3;can;35,666666666666664;38,666666666666664;7,758620689655173;weight;month;7,76;1,0;31,0;24,0;10,0;3,78;24,0
紅鷹牌海底雞-170g;米油沖泡;188,0;紅鷹牌;規格：170g克x1x3Can罐;紅鷹牌洋蔥鮪魚170g;212,0;1;170,0;36,0;8790;11.32%;1;14830063001;unique_master_match;1;1;g;3;can;62,666666666666664;70,66666666666667;11,320754716981142;weight;month;11,32;1,0;35,0;27,0;10,0;5,22;24,0
愛之味珍寶三明治鮪魚-110g;米油沖泡;125,0;愛之味;規格：110g克x1x3Can罐;愛之味珍寶三明治鮪魚 110g;138,0;1;110,0;36,0;8791;9.42%;0;14830069001;unique_master_match;1;1;g;3;can;41,666666666666664;46,0;9,42028985507247;weight;month;9,42;0,0;31,0;24,0;9,0;3,68;24,0
東和無添加水煮鮪魚130g;米油沖泡;198,0;東和;規格：130g克x1x3Set組;東和好媽媽無添加水煮鮪魚;0,0;1;130,0;36,0;8792;0.00%;0;14830072001;unique_master_match;1;1;g;3;set;66,0;0,0;0,0;weight;month;0,0;0,0;36,0;26,0;9,0;4,48;24,0
東和無添加水煮鮪魚130g;米油沖泡;198,0;東和;規格：130g克x1x3Set組;東和好媽媽無添加油漬鮪魚;0,0;1;130,0;36,0;8793;0.00%;1;14830073001;unique_master_match;1;1;g;3;set;66,0;0,0;0,0;weight;month;0,0;1,0;36,0;26,0;9,0;4,48;24,0
紅鷹牌紅燒鰻(易開罐)100g;米油沖泡;129,0;紅鷹牌;規格：100g克x1x3Can罐;紅鷹牌紅燒鰻(易開罐)100g;135,0;1;100,0;36,0;8795;4.44%;1;14831002001;unique_master_match;1;1;g;3;can;43,0;45,0;4,444444444444445;weight;month;4,44;1,0;32,0;23,0;18,0;8,13;48,0
同榮豆豉紅燒鰻(易開罐)100g;米油沖泡;119,0;同榮;規格：100g克x1x3Can罐;同榮紅燒鰻;136,0;1;100,0;36,0;8796;12.50%;1;14831005001;unique_master_match;1;1;g;3;can;39,666666666666664;45,333333333333336;12,50000000000001;weight;month;12,5;1,0;30,0;26,0;17,0;7,78;48,0
同榮特選燒鰻(易開罐)100g;米油沖泡;119,0;同榮;規格：100g克x1x3Can罐;同榮特選燒鰻(易開罐)100g;136,0;1;100,0;36,0;8798;12.50%;0;14831007001;unique_master_match;1;1;g;3;can;39,666666666666664;45,333333333333336;12,50000000000001;weight;month;12,5;0,0;32,0;23,0;17,0;7,92;48,0
新東陽海捕豆豉香酥鰻-100g;米油沖泡;149,0;新東陽;規格：100g克x1x3Can桶;新東陽海捕紅燒香酥鰻;0,0;1;100,0;36,0;8799;0.00%;1;14831008001;unique_master_match;1;1;g;3;can;49,666666666666664;0,0;0,0;weight;month;0,0;1,0;23,0;33,0;10,0;3,8;24,0
同榮辣味燒鰻(易開罐)100g;米油沖泡;119,0;同榮;規格：100g克x1x3Can罐;同榮辣味燒鰻(易開罐) 100g;136,0;1;100,0;36,0;8800;12.50%;1;14831009001;unique_master_match;1;1;g;3;can;39,666666666666664;45,333333333333336;12,50000000000001;weight;month;12,5;1,0;32,0;23,0;9,0;3,97;24,0
紅鷹牌香辣紅燒鰻100g;米油沖泡;129,0;紅鷹牌;規格：100g克x1x3Can罐;紅鷹牌香辣紅燒鰻100g;135,0;1;100,0;36,0;8802;4.44%;1;14831011001;unique_master_match;1;1;g;3;can;43,0;45,0;4,444444444444445;weight;month;4,44;1,0;32,0;23,0;17,0;7,71;48,0
紅鷹牌日式蒲燒鰻100g;米油沖泡;129,0;紅鷹牌;規格：100g克x1x3Can罐;紅鷹牌日式蒲燒鰻100g;162,0;1;100,0;36,0;8804;20.37%;1;14831013001;unique_master_match;1;1;g;3;can;43,0;54,0;20,37037037037037;weight;month;20,37;1,0;32,0;23,0;17,0;7,45;48,0
同榮豆豉紅燒鰻(易開罐)100g;米油沖泡;119,0;同榮;規格：100g克x1x3Can罐;同榮易開豆鼓鰻;136,0;1;100,0;36,0;8807;12.50%;0;14831020001;unique_master_match;1;1;g;3;can;39,666666666666664;45,333333333333336;12,50000000000001;weight;month;12,5;0,0;32,0;23,0;17,0;7,85;48,0
遠洋牌紅燒鰻100g;米油沖泡;110,0;;規格：100g克x1x3Can罐;遠洋牌紅燒鰻100g;0,0;1;100,0;36,0;8808;0.00%;0;14831021001;unique_master_match;1;1;g;3;can;36,666666666666664;0,0;0,0;weight;month;0,0;0,0;33,0;23,0;9,0;3,82;24,0
遠洋牌香辣燒鰻-100g;米油沖泡;110,0;;規格：100g克x1x3Can罐;遠洋牌香辣燒鰻100g;0,0;1;100,0;36,0;8809;0.00%;0;14831022001;unique_master_match;1;1;g;3;can;36,666666666666664;0,0;0,0;weight;month;0,0;0,0;33,0;23,0;10,0;3,734;24,0
新東陽海捕豆豉香酥鰻-100g;米油沖泡;149,0;新東陽;規格：100g克x1x3Can桶;新東陽海捕豆豉香酥鰻100g;0,0;1;100,0;36,0;8810;0.00%;1;14831027001;unique_master_match;1;1;g;3;can;49,666666666666664;0,0;0,0;weight;month;0,0;1,0;33,0;23,0;10,0;5,0;24,0
紅鷹牌蕃茄汁鯖魚(紅罐) 220g;米油沖泡;118,0;紅鷹牌;規格：220g克x1x3Can罐;紅鷹牌蕃茄汁鯖魚(黃罐) 220g;125,0;1;220,0;36,0;8812;5.60%;0;14832003001;unique_master_match;1;1;g;3;can;39,333333333333336;41,666666666666664;5,599999999999989;weight;month;5,6;0,0;36,0;26,0;23,0;14,148;48,0
同榮辣味蕃茄汁鯖魚;米油沖泡;117,0;同榮;規格：230g克x1x3Can罐;同榮辣味蕃茄汁鯖魚;0,0;1;230,0;36,0;8813;0.00%;0;14832005001;unique_master_match;1;1;g;3;can;39,0;0,0;0,0;weight;month;0,0;0,0;35,0;26,0;12,0;7,3;24,0
同榮虱目魚罐;米油沖泡;142,0;同榮;規格：230g克x1x3Can罐;同榮虱目魚罐;0,0;1;230,0;36,0;8815;0.00%;1;14832009001;unique_master_match;1;1;g;3;can;47,333333333333336;0,0;0,0;weight;month;0,0;1,0;35,0;26,0;12,0;7,25;24,0
紅鷹牌蕃茄汁鯖魚(紅罐) 220g;米油沖泡;118,0;紅鷹牌;規格：220g克x1x3Can罐;紅鷹牌蕃茄汁鯖魚(紅罐) 220g;125,0;1;220,0;36,0;8816;5.60%;0;14832012001;unique_master_match;1;1;g;3;can;39,333333333333336;41,666666666666664;5,599999999999989;weight;month;5,6;0,0;35,0;28,0;22,0;14,96;48,0
同榮茄汁鯖魚罐(紅)230g;米油沖泡;99,0;同榮;規格：230g克x1x3Can罐;同榮茄汁鯖魚罐(紅) 230g;117,0;1;230,0;36,0;8819;15.38%;1;14832018001;unique_master_match;1;1;g;3;can;33,0;39,0;15,384615384615385;weight;month;15,38;1,0;35,0;27,0;12,0;7,21;24,0
同榮茄汁鯖魚罐(黃)230g;米油沖泡;99,0;同榮;規格：230g克x1x3Can罐;同榮茄汁鯖魚罐(黃) 230g;117,0;1;230,0;36,0;8820;15.38%;0;14832021001;unique_master_match;1;1;g;3;can;33,0;39,0;15,384615384615385;weight;month;15,38;0,0;35,0;27,0;12,0;7,2;24,0
鱈魚肝110g;米油沖泡;128,0;;規格：110g克x1x1Can罐;鱈魚肝110g;0,0;1;110,0;60,0;8821;0.00%;0;14832024001;unique_master_match;1;1;g;1;can;128,0;0,0;0,0;weight;month;0,0;0,0;32,0;23,0;15,0;6,93;12,0
味島香鬆3合1-瀨戶.鰹節.海苔;米油沖泡;198,0;;規格：52g克x1x3Can罐;味島香鬆3合1-瀨戶.鰹節.海苔;0,0;1;52,0;24,0;8823;0.00%;1;14832037001;unique_master_match;1;1;g;3;can;66,0;0,0;0,0;weight;month;0,0;1,0;43,0;40,0;13,0;17,0;30,0
新東陽旗魚鬆;米油沖泡;174,0;新東陽;規格：270g克x1x1Can罐;新東陽旗魚鬆;188,0;1;270,0;12,0;8827;7.45%;0;14832043001;unique_master_match;1;1;g;1;can;174,0;188,0;7,446808510638298;weight;month;7,45;0,0;38,0;29,0;20,0;4,89;12,0
奧斯卡國王 橄欖油迷你沙丁魚(金袋) 106g;米油沖泡;165,0;;規格：106g克x1x1BOX盒;奧斯卡國王橄欖油沙丁魚106g;0,0;1;106,0;61,0;8828;0.00%;0;14832044001;unique_master_match;1;1;g;1;box;165,0;0,0;0,0;weight;month;0,0;0,0;24,0;12,0;8,0;1,54;12,0
東和無添加蕃茄汁鯖魚(紅易);米油沖泡;198,0;東和;規格：230g克x1x3Can罐;東和好媽媽無添加蕃茄汁鯖魚(紅易);0,0;1;230,0;36,0;8830;0.00%;0;14832052001;unique_master_match;1;1;g;3;can;66,0;0,0;0,0;weight;month;0,0;0,0;35,0;26,0;12,0;7,01;24,0
東和無添加蕃茄汁鯖魚(黃易);米油沖泡;198,0;東和;規格：230g克x1x3Can罐;東和好媽媽無添加蕃茄汁鯖魚(黃易);0,0;1;230,0;36,0;8831;0.00%;0;14832054001;unique_master_match;1;1;g;3;can;66,0;0,0;0,0;weight;month;0,0;0,0;35,0;26,0;12,0;7,01;24,0
東和無添加特製燒鰻;米油沖泡;198,0;東和;規格：90g克x1x3Can罐;東和好媽媽無添加特製燒鰻;0,0;1;90,0;36,0;8833;0.00%;0;14832057001;unique_master_match;1;1;g;3;can;66,0;0,0;0,0;weight;month;0,0;0,0;32,0;22,0;9,0;3,65;24,0
新宜興五香黃花魚100g;米油沖泡;123,0;;規格：100g克x1x3Can罐;新宜興五香黃花魚100g;0,0;1;100,0;36,0;8834;0.00%;1;14832909001;unique_master_match;1;1;g;3;can;41,0;0,0;0,0;weight;month;0,0;1,0;32,0;23,0;9,0;3,89;24,0
遠洋牌嘉義雞肉飯料110g;米油沖泡;111,0;遠洋牌;規格：110g克x1x3Can罐;遠洋牌嘉義雞肉飯料110g;0,0;1;110,0;36,0;8840;0.00%;0;14833003001;unique_master_match;1;1;g;3;can;37,0;0,0;0,0;weight;month;0,0;0,0;31,0;24,0;9,0;3,6;24,0
廣達香辣紅燒牛肉-440g;米油沖泡;107,0;;規格：440g克x1x1Can罐;廣達香辣紅燒牛肉;0,0;1;440,0;36,0;8841;0.00%;1;14833005001;unique_master_match;1;1;g;1;can;107,0;0,0;0,0;weight;month;0,0;1,0;31,0;24,0;13,0;6,25;12,0
飯友牌-KA嚕肉飯170g;米油沖泡;75,0;飯友牌;規格：170g克x1x3CAN罐;飯友嚕肉飯150g;99,0;1;170,0;48,0;8844;24.24%;1;14833011001;unique_master_match;1;1;g;3;can;25,0;33,0;24,242424242424242;weight;month;24,24;1,0;36,0;27,0;18,0;10,2;48,0
牛頭牌紅蔥醬360g;米油沖泡;115,0;牛頭牌;規格：360g克x1x1Can罐;牛頭牌紅蔥醬360g;124,0;1;360,0;24,0;8846;7.26%;0;14833017001;unique_master_match;1;1;g;1;can;115,0;124,0;7,258064516129033;weight;month;7,26;0,0;32,0;25,0;11,0;5,4;12,0
廣達香肉醬 150g;米油沖泡;114,0;廣達香;規格：150g克x1x3Can罐;廣達香肉醬 150g;0,0;1;150,0;36,0;8850;0.00%;1;14833024001;unique_master_match;1;1;g;3;can;38,0;0,0;0,0;weight;month;0,0;1,0;31,0;24,0;11,0;5,08;24,0
【全素】維力素食炸醬罐175g;米油沖泡;64,0;維力;規格：175g克x1x1Can罐;維力素食炸醬罐175g;69,0;1;175,0;24,0;8851;7.25%;1;14833033001;unique_master_match;1;1;g;1;can;64,0;69,0;7,246376811594203;weight;month;7,25;1,0;29,0;21,0;10,0;4,632;12,0
味全辣味肉醬150g;米油沖泡;114,0;味全;規格：150g克x1x3Can罐;味全辣味肉醬150g;126,0;1;150,0;36,0;8853;9.52%;0;14833035001;unique_master_match;1;1;g;3;can;38,0;42,0;9,523809523809524;weight;month;9,52;0,0;31,0;24,0;10,0;4,67;24,0
廣達香素食香鬆(珍味)150g;米油沖泡;65,0;廣達香;規格：150g克x1x1Can罐;廣達香素食香鬆(珍味)150g;0,0;1;150,0;12,0;8854;0.00%;0;14833036001;unique_master_match;1;1;g;1;can;65,0;0,0;0,0;weight;month;0,0;0,0;32,0;24,0;13,0;2,9;12,0
維力炸醬罐 800g;米油沖泡;175,0;維力;規格：800g克x1x1Can罐;維力素食炸醬罐800g;0,0;1;800,0;24,0;8855;0.00%;0;14833037001;unique_master_match;1;1;g;1;can;175,0;0,0;0,0;weight;month;0,0;0,0;42,0;32,0;13,0;11,26;12,0
維力炸醬罐 800g;米油沖泡;175,0;維力;規格：800g克x1x1Can罐;維力炸醬罐 800g;0,0;1;800,0;24,0;8856;0.00%;0;14833040001;unique_master_match;1;1;g;1;can;175,0;0,0;0,0;weight;month;0,0;0,0;42,0;33,0;14,0;11,3;12,0
新東陽義大利麵肉醬160g;米油沖泡;124,0;新東陽;規格：160g克x1x3Can罐;新東陽義大利麵肉醬160g;0,0;1;160,0;36,0;8859;0.00%;1;14833049001;unique_master_match;1;1;g;3;can;41,333333333333336;0,0;0,0;weight;month;0,0;1,0;35,0;27,0;10,0;5,078;24,0
昇樺裕順蜂雞肉鬆芝麻海苔1000g;米油沖泡;249,0;昇樺;規格：1000g克x1x1CAN罐;昇樺雞肉鬆(芝麻海苔);299,0;1;1000,0;10,0;8861;16.72%;1;14833051001;unique_master_match;1;1;g;1;can;249,0;299,0;16,722408026755854;weight;month;16,72;1,0;;;;;
新東陽滷肉燥 110g;米油沖泡;105,0;新東陽;規格：110g克x1x3Can罐;新東陽滷肉燥 110g;112,0;1;110,0;36,0;8862;6.25%;1;14833052001;unique_master_match;1;1;g;3;can;35,0;37,333333333333336;6,250000000000005;weight;month;6,25;1,0;31,0;23,0;9,0;3,72;24,0
台糖安心豚豬肉醬(香辣)160g;米油沖泡;102,0;台糖;規格：160g克x1x3Can罐;台糖安心豚豬肉醬160g(香辣);225,0;1;160,0;36,0;8863;54.67%;1;14833056001;unique_master_match;1;1;g;3;can;34,0;75,0;54,666666666666664;weight;month;54,67;1,0;33,0;27,0;9,0;5,6;24,0
德昌精燉牛肉罐;米油沖泡;99,0;德昌;規格：440g克x1x1Can罐;精燉牛肉罐440g;110,0;1;440,0;36,0;8864;10.00%;1;14833058001;unique_master_match;1;1;g;1;can;99,0;110,0;10,0;weight;month;10,0;1,0;31,0;25,0;13,0;6,3;12,0
德昌紅燒牛肉罐;米油沖泡;99,0;德昌;規格：425g克x1x1Can罐;紅燒牛肉罐425g;110,0;1;425,0;36,0;8865;10.00%;0;14833059001;unique_master_match;1;1;g;1;can;99,0;110,0;10,0;weight;month;10,0;0,0;32,0;25,0;13,0;13,88;12,0
維力炸醬175g;米油沖泡;75,0;維力;規格：175g克x1x1Can罐;維力炸醬175g;0,0;1;175,0;24,0;8866;0.00%;0;14833060001;unique_master_match;1;1;g;1;can;75,0;0,0;0,0;weight;month;0,0;0,0;30,0;21,0;10,0;4,57;12,0
香辣牛肉罐180g;米油沖泡;59,0;;規格：180g克x1x1Can罐;香辣牛肉罐180g;0,0;1;180,0;36,0;8867;0.00%;1;14833063001;unique_master_match;1;1;g;1;can;59,0;0,0;0,0;weight;month;0,0;1,0;24,0;17,0;12,0;2,97;12,0
台糖安心豚豬肉醬(五香)160g;米油沖泡;102,0;台糖;規格：160g克x1x3Can罐;台糖安心豚豬肉醬160g(五香);225,0;1;160,0;36,0;8869;54.67%;1;14833066001;unique_master_match;1;1;g;3;can;34,0;75,0;54,666666666666664;weight;month;54,67;1,0;36,0;27,0;10,0;5,03;24,0
廣達香純肉鬆-213g;米油沖泡;189,0;;規格：213g克x1x1Can罐;廣達香純肉鬆-213g;215,0;1;213,0;18,0;8871;12.09%;0;14833069001;unique_master_match;1;1;g;1;can;189,0;215,0;12,093023255813954;weight;month;12,09;0,0;36,0;28,0;17,0;3,978;12,0
義美純豬肉鬆175g;米油沖泡;238,0;義美;規格：175g克x1x1Can罐;義美純豬肉鬆175g;0,0;1;175,0;9,0;8872;0.00%;1;14833072001;unique_master_match;1;1;g;1;can;238,0;0,0;0,0;weight;month;0,0;1,0;37,0;20,0;17,0;2,448;8,0
統一肉燥罐(肉燥風味醬) 737g;米油沖泡;189,0;統一;規格：737g克x1x1Can罐;統一肉燥罐(肉燥風味醬) 737g;204,0;1;737,0;18,0;8873;7.35%;1;14833075001;unique_master_match;1;1;g;1;can;189,0;204,0;7,352941176470589;weight;month;7,35;1,0;32,0;22,0;13,0;5,28;6,0
牛頭牌紅蔥醬737g;米油沖泡;189,0;牛頭牌;規格：737g克x1x1Can罐;牛頭牌紅蔥醬737g;218,0;1;737,0;24,0;8874;13.30%;0;14833077001;unique_master_match;1;1;g;1;can;189,0;218,0;13,302752293577983;weight;month;13,3;0,0;43,0;33,0;13,0;10,354;12,0
青葉嚕肉飯料150G;米油沖泡;144,0;青葉;規格：150g克x1x3Can罐;青葉嚕肉飯料150G;0,0;1;150,0;36,0;8875;0.00%;1;14833078001;unique_master_match;1;1;g;3;can;48,0;0,0;0,0;weight;month;0,0;1,0;35,0;27,0;17,0;9,796;48,0
牛頭牌紅蔥醬175g;米油沖泡;72,0;牛頭牌;規格：175g克x1x1Can罐;牛頭牌紅蔥醬175g;79,0;1;175,0;24,0;8876;8.86%;0;14833079001;unique_master_match;1;1;g;1;can;72,0;79,0;8,860759493670885;weight;month;8,86;0,0;30,0;23,0;10,0;4,65;12,0
義美純豬肉鬆-海苔芝麻175g;米油沖泡;238,0;義美;規格：175g克x1x1Can罐;義美純豬肉鬆-海苔芝麻175g;0,0;1;175,0;9,0;8879;0.00%;0;14833086001;unique_master_match;1;1;g;1;can;238,0;0,0;0,0;weight;month;0,0;0,0;37,0;20,0;17,0;2,444;8,0
大茂大土豆麵筋170g;米油沖泡;79,0;大茂;規格：170g克x1x3Can罐;大茂大土豆麵筋170g;84,0;1;170,0;36,0;8882;5.95%;0;14840003001;unique_master_match;1;1;g;3;can;26,333333333333332;28,0;5,952380952380957;weight;month;5,95;0,0;31,0;23,0;23,0;11,19;48,0
大茂大土豆麵筋玻璃瓶375g;米油沖泡;55,0;大茂;規格：375g克x1x1Can罐;大茂大土豆麵筋玻璃瓶375g;0,0;1;375,0;36,0;8883;0.00%;1;14840005001;unique_master_match;1;1;g;1;can;55,0;0,0;0,0;weight;month;0,0;1,0;29,0;22,0;15,0;7,69;12,0
【純素】愛之味土豆麵筋170g;米油沖泡;99,0;愛之味;規格：170g克x1x3Can罐;愛之味土豆麵筋170g;108,0;1;170,0;24,0;8884;8.33%;1;14840006001;unique_master_match;1;1;g;3;can;33,0;36,0;8,333333333333332;weight;month;8,33;1,0;42,0;29,0;20,0;17,32;48,0
【全素】青葉Q彈麵筋170G;米油沖泡;78,0;青葉;規格：170g克x1x3Can罐;青葉Q彈麵筋170G;85,0;1;170,0;36,0;8886;8.24%;1;14840017001;unique_master_match;1;1;g;3;can;26,0;28,333333333333332;8,235294117647054;weight;month;8,24;1,0;47,0;32,0;12,0;11,08;48,0
【全素】青葉Q彈花生麵筋 170G;米油沖泡;78,0;青葉;規格：170g克x1x3Can罐;青葉Q彈花生麵筋 170G;85,0;1;170,0;36,0;8887;8.24%;1;14840018001;unique_master_match;1;1;g;3;can;26,0;28,333333333333332;8,235294117647054;weight;month;8,24;1,0;46,0;31,0;12,0;11,8;48,0
味全花生麵筋170g;米油沖泡;79,0;味全;規格：170g克x1x3Can桶;味全花生麵筋170g;85,0;1;170,0;36,0;8889;7.06%;1;14840022001;unique_master_match;1;1;g;3;can;26,333333333333332;28,333333333333332;7,0588235294117645;weight;month;7,06;1,0;31,0;23,0;12,0;5,422;24,0
【全素】大茂香菇麵筋 170g;米油沖泡;79,0;大茂;規格：170g克x1x3Can罐;大茂香菇麵筋 170g;87,0;1;170,0;36,0;8891;9.20%;1;14841001001;unique_master_match;1;1;g;3;can;26,333333333333332;29,0;9,19540229885058;weight;month;9,2;1,0;31,0;24,0;11,0;5,68;24,0
【全素】大茂3Q麵筋 170g;米油沖泡;79,0;大茂;規格：170g克x1x3Can罐;大茂3Q麵筋 170g;105,0;1;170,0;36,0;8892;24.76%;0;14841002001;unique_master_match;1;1;g;3;can;26,333333333333332;35,0;24,761904761904766;weight;month;24,76;0,0;31,0;24,0;11,0;5,71;24,0
【全素】金蘭花生麵筋396g;米油沖泡;56,0;金蘭;規格：396g克x1x1Bottle瓶;金蘭花生麵筋396g;0,0;1;396,0;36,0;8893;0.00%;1;14841003001;unique_master_match;1;1;g;1;bottle;56,0;0,0;0,0;weight;month;0,0;1,0;31,0;23,0;13,0;7,64;12,0
