title;category;price;brand;specification;query;original_price;original_price_checked;capacity;shelf_life;order;Discount;Promo;item_code;item_code_resolution_status;master_candidate_count;order_supported_master_candidates;capacity_unit;pieces_per_package;package_unit;price_per_piece;original_price_per_piece;estimation_discount;capacity_category;shelf_life_unit;discount_numeric;promo_numeric;carton_length_cm;carton_width_cm;carton_height_cm;carton_weight;units_per_carton;inventory_quantity;is_new_product;item_role;log_capacity;log_price_per_piece;log_estimation_discount;log_shelf_life;Promo_normalized;log_capacity_normalized;log_price_per_piece_normalized;log_estimation_discount_normalized;log_shelf_life_normalized;cluster;distance_to_new_product;same_cluster_as_new;new_product_first
樹頂蘋果氣泡飲(320ml );飲料零食;114.0;樹頂 Tree Top;規格：320ml毫升x1x6Can罐;樹頂蘋果氣泡飲320ml;132.0;1;320.0;18.0;75;13.64%;0;10002911001;unique_master_match;1;1;ml;6;can;19.0;22.0;13.636364;volume;month;13.64;0.0;40.0;27.0;12.0;8.7;24.0;1979.0;1;new;5.771441123130016;2.995732273553991;2.6835091170308125;2.9444389791664403;-1.4873201444615787;-0.4006531027701066;-0.33192432778101594;0.7089452897718296;0.7666234001518166;118;0.0;0;0
健酪原味乳酸飲料 320ml;飲料零食;90.0;;規格：320ml毫升x1x6Can罐;健酪原味乳酸飲料;108.0;1;320.0;18.0;373;16.67%;0;10024001001;unique_master_match;1;1;ml;6;can;15.0;18.0;16.666667;volume;month;16.67;0.0;40.0;27.0;13.0;8.59;24.0;1223.0;0;historical;5.771441123130016;2.772588722239781;2.8716796437519365;2.9444389791664403;-1.4873201444615787;-0.4006531027701066;-0.6451764257969794;0.8530352674924072;0.7666234001518166;118;0.3448025501514154;0;1
[限量]伯朗曼特寧咖啡Can240mlX24入;飲料零食;502.0;伯朗;規格：240ml毫升x1x24Bottle瓶;伯朗曼特寧咖啡Can240ml;624.0;1;240.0;24.0;238;19.55%;0;10020015001;unique_master_match;1;1;ml;24;bottle;20.916667;26.0;19.551282;volume;month;19.55;0.0;40.0;27.0;10.0;7.21;24.0;4542.0;0;historical;5.484796933490655;3.0872473975988894;3.02292332342464;3.2188758248682006;-1.4873201444615787;-0.6945502389192675;-0.2034540921931229;0.9688488266834043;1.5355366431988628;19;0.8727299421361452;1;1
黑松CC氣泡飲蘋果口味330ml;飲料零食;83.0;黑松汽水C&C氣泡飲;規格：330ml毫升x1x6Can罐;黑松CC氣泡飲蘋果口味330ml;120.0;1;330.0;15.0;85;30.83%;0;10002942001;unique_master_match;1;1;ml;6;can;13.833333;20.0;30.833333;volume;month;30.83;0.0;40.0;28.0;12.0;8.91;24.0;778.0;0;historical;5.802118375377063;2.6968768780321746;3.4605139483473706;2.772588722239781;-1.4873201444615787;-0.3691996252317134;-0.7514617918898343;1.3039301196708868;0.2851357994834125;66;0.8734061268662723;1;1
貝思寶兒覆盆子果茶330ml;飲料零食;96.0;貝思寶兒 Bessie Byer;規格：330ml毫升x1x6Bottle瓶;貝思寶兒覆盆子果茶 330ml;109.0;1;330.0;13.0;533;11.93%;0;10034015001;unique_master_match;1;1;ml;6;bottle;16.0;18.166667;11.926606;volume;month;11.93;0.0;35.0;21.0;14.0;9.0;24.0;282.0;0;historical;5.802118375377063;2.833213344056216;2.559287667994589;2.6390573296152584;-1.4873201444615787;-0.3691996252317134;-0.5600707175496388;0.6138237734752077;-0.0889905532990034;169;0.8911584800786138;1;1
午后時光重乳咖啡拿鐵TP330ml;飲料零食;109.0;光泉;規格：330ml毫升x1x6BOTTLE瓶;午后時光重乳咖啡拿鐵TP330ml;120.0;1;330.0;13.0;252;9.17%;0;10020034001;unique_master_match;1;1;ml;6;bottle;18.166667;20.0;9.166667;volume;month;9.17;0.0;35.0;20.0;14.0;8.73;24.0;998.0;0;historical;5.802118375377063;2.953172676526499;2.319114427732141;2.6390573296152584;-1.4873201444615787;-0.3691996252317134;-0.3916700967313498;0.42991316089673914;-0.0889905532990034;169;0.9024926838711946;1;1
韓國樂天葡萄優格風味碳酸飲;飲料零食;23.0;Lotte;規格：250ml毫升x1x1CAN罐;Lotte 樂天氣泡水;25.0;1;250.0;24.0;668;8.00%;0;10041016001;unique_master_match;1;1;ml;1;can;23.0;25.0;8.0;volume;month;8.0;0.0;37.0;30.0;24.0;11.12;20.0;;0;historical;5.5254529391317835;3.1780538303479458;2.1972245773362196;3.2188758248682006;-1.4873201444615787;-0.6528655159872415;-0.0759787275479964;0.3365770463949071;1.5355366431988628;151;0.9268251915373213;1;1
崇德發天然黑麥汁Btl330ml;飲料零食;169.0;崇德發;規格：330ml毫升x1x6Bottle瓶;崇德發天然黑麥汁Btl330ml;192.0;1;330.0;24.0;137;11.98%;0;10014009001;unique_master_match;1;1;ml;6;bottle;28.166667;32.0;11.979167;volume;month;11.98;0.0;40.0;27.0;17.0;12.08;24.0;4946.0;0;historical;5.802118375377063;3.3730265161240305;2.563345533561745;3.2188758248682006;-1.4873201444615787;-0.3691996252317134;0.19772670787892674;0.6169310494623296;1.5355366431988628;206;0.9387298528212301;1;1
蘋果西打330ml;飲料零食;95.0;蘋果西打;規格：330ml毫升x1x6Bottle瓶;蘋果西打330ml;168.0;1;330.0;15.0;41;43.45%;0;10002005001;unique_master_match;1;1;ml;6;bottle;15.833333;28.0;43.452381;volume;month;43.45;0.0;40.0;27.0;13.0;9.56;24.0;9576.0;0;historical;5.802118375377063;2.823361027811224;3.7944185263295918;2.772588722239781;-1.4873201444615787;-0.3691996252317134;-0.5739015395289605;1.5596147055654748;0.2851357994834125;66;1.0074775713725275;1;1
悅氏礦泉氣泡水PET520ml;飲料零食;456.0;悅氏;規格：520ml毫升x1x24BOTTLE瓶;悅氏礦泉氣泡水PET520ml;600.0;1;520.0;13.0;693;24.00%;0;10041087001;unique_master_match;1;1;ml;24;bottle;19.0;25.0;24.0;volume;month;24.0;0.0;42.0;28.0;23.0;14.0;24.0;220.0;0;historical;6.255750041753367;2.995732273553991;3.2188758248682006;2.6390573296152584;-1.4873201444615787;0.09591026512505307;-0.33192432778101594;1.1188977852492648;-0.0889905532990034;190;1.0708461440483885;1;1
康貝特200P-180ml;飲料零食;96.0;葡萄王;規格：180ml毫升x1x6Bottle瓶;康貝特200P;132.0;1;180.0;24.0;304;27.27%;0;10022012001;unique_master_match;1;1;ml;6;bottle;16.0;22.0;27.272727;volume;month;27.27;0.0;33.0;22.0;16.0;7.84;24.0;1146.0;0;historical;5.198497031265826;2.833213344056216;3.3418976297345613;3.2188758248682006;-1.4873201444615787;-0.9880943761631635;-0.5600707175496388;1.2131006842431655;1.5355366431988628;173;1.1146920031819494;1;1
富維克礦泉水500ml;飲料零食;792.0;;規格：500ml毫升x1x24Bottle瓶;富維克礦泉水500 ml;935.0;1;500.0;24.0;612;15.29%;0;10040021001;unique_master_match;1;1;ml;24;bottle;33.0;38.958333;15.294118;volume;month;15.29;0.0;38.0;25.0;21.0;13.0;24.0;2064.0;0;historical;6.2166061010848646;3.5263605246161616;2.7908041837917716;3.2188758248682006;-1.4873201444615787;0.0557758668854113;0.41297917461825545;0.7911055730452405;1.5355366431988628;72;1.1666989841892346;1;1
黃金康貝特能量飲料150ml;飲料零食;106.0;葡萄王;規格：150ml毫升x6x6BOTTLE瓶;黃金康貝特能量飲料150ml;128.0;1;150.0;25.0;310;17.19%;0;10022024001;unique_master_match;1;1;ml;6;bottle;17.666667;21.333333;17.1875;volume;month;17.19;0.0;31.0;20.0;16.0;7.01;24.0;606.0;0;historical;5.017279836814924;2.926739419924182;2.9007345449317112;3.258096538021482;-1.4873201444615787;-1.1738969020650953;-0.4287774791284805;0.8752838105380027;1.645424678342951;173;1.1862742921074931;1;1
愛之味莎莎亞椰奶TP250ml;飲料零食;79.0;愛之味;規格：250ml毫升x1x6Bottle瓶;愛之味莎莎亞椰奶TP250ml;88.0;1;250.0;12.0;167;10.23%;0;10014067001;unique_master_match;1;1;ml;6;bottle;13.166667;14.666667;10.227273;volume;month;10.23;0.0;41.0;17.0;14.0;6.75;24.0;1746.0;0;historical;5.5254529391317835;2.650891810791673;2.418345907561159;2.5649493574615367;-1.4873201444615787;-0.6528655159872415;-0.8160162847517347;0.5058988211746301;-0.29662521350160326;21;1.2123042551398817;1;1
台鹽海洋鹼性離子水PET420ml*限量包裝,恕不指定(以實際出貨為主);飲料零食;450.0;台鹽;規格：420ml毫升x1x30BOTTLE瓶;台鹽海洋鹼性離子水PET420ml;480.0;1;420.0;12.0;618;6.25%;0;10040027001;unique_master_match;1;1;ml;30;bottle;15.0;16.0;6.25;volume;month;6.25;0.0;36.0;30.0;20.0;14.01;30.0;5428.0;0;historical;6.042632833682381;2.772588722239781;1.9810014688665833;2.5649493574615367;-1.4873201444615787;-0.12259943917061286;-0.6451764257969794;0.1710060431939771;-0.29662521350160326;160;1.2630585751251484;1;1
濃韻烏龍茶(無糖) 600ml;飲料零食;20.0;濃韻;規格：600ml毫升x1x1Bottle瓶;濃韻烏龍茶Pet 600ml;25.0;1;600.0;12.0;398;20.00%;0;10030019001;unique_master_match;1;1;ml;1;bottle;20.0;25.0;20.0;volume;month;20.0;0.0;41.0;28.0;24.0;15.6;24.0;2360.0;0;historical;6.398594934535208;3.044522437723423;3.044522437723423;2.5649493574615367;-1.4873201444615787;0.2423695565376432;-0.26343199986652044;0.9853881644443507;-0.29662521350160326;190;1.274789244055457;1;1
[限量]黑松沙士330mlX6入;飲料零食;83.0;黑松沙士;規格：330ml毫升x1x6Bottle瓶;黑松沙士330ml;120.0;1;330.0;12.0;52;30.83%;0;10002018001;unique_master_match;1;1;ml;6;bottle;13.833333;20.0;30.833333;volume;month;30.83;0.0;41.0;27.0;12.0;9.27;24.0;49336.0;0;historical;5.802118375377063;2.6968768780321746;3.4605139483473706;2.5649493574615367;-1.4873201444615787;-0.3691996252317134;-0.7514617918898343;1.3039301196708868;-0.29662521350160326;162;1.2889940136734714;1;1
愛之味分解茶-秋薑黃(無糖) Pet590ml;飲料零食;129.0;愛之味;規格：590ml毫升x1x6Bottle瓶;愛之味分解茶-秋薑黃Pet590ml;168.0;1;590.0;12.0;584;23.21%;0;10035036001;unique_master_match;1;1;ml;6;bottle;21.5;28.0;23.214286;volume;month;23.21;0.0;39.0;26.0;24.0;15.67;24.0;1965.0;0;historical;6.3818160174060985;3.1135153092103742;3.186942789564602;2.5649493574615367;-1.4873201444615787;0.22516608313693168;-0.1665788234509448;1.0944453355185737;-0.29662521350160326;190;1.3031103901658425;1;1
魔爪芒果狂歡能量碳酸飲料355ml;飲料零食;158.0;Monster 魔爪;規格：355ml毫升x1x4BOTTLE瓶;魔爪芒果狂歡能量碳酸飲料can355ml;204.0;1;355.0;24.0;313;22.55%;0;10022910001;unique_master_match;1;1;ml;4;bottle;39.5;51.0;22.54902;volume;month;22.55;0.0;36.0;24.0;17.0;9.518;24.0;448.0;0;historical;5.87493073085203;3.7013019741124933;3.1590842060084467;3.2188758248682006;-1.4873201444615787;-0.29454490162719504;0.6585644750310572;1.0731128625012538;1.5355366431988628;205;1.3100277154345419;1;1
UCC無糖咖啡飲料Can184ml;飲料零食;119.0;UCC;規格：184ml毫升x1x6Bottle瓶;UCC無糖咖啡飲料Can184ml;166.0;1;184.0;12.0;259;28.31%;0;10020041001;unique_master_match;1;1;ml;6;bottle;19.833333;27.666667;28.313253;volume;month;28.31;0.0;33.0;27.0;11.0;6.17;30.0;8444.0;0;historical;5.220355825078324;3.036554252074246;3.3780397345759097;2.5649493574615367;-1.4873201444615787;-0.9656824901617383;-0.27461785245909953;1.2407761931132806;-0.29662521350160326;6;1.317529492996224;1;1
百事可樂600ml;飲料零食;99.0;百事可樂;規格：600ml毫升x1x4Bottle瓶;百事可樂 - 600ml;125.0;1;600.0;12.0;16;20.80%;0;10000023001;unique_master_match;1;1;ml;4;bottle;24.75;31.25;20.8;volume;month;20.8;0.0;43.0;28.0;25.0;16.27;24.0;673.333333;0;historical;6.398594934535208;3.248434627109745;3.0819099697950434;2.5649493574615367;-1.4873201444615787;0.2423695565376432;0.022822838151853698;1.014017348605647;-0.29662521350160326;53;1.3277387798952158;1;1
金車麥根沙士PET-585ml;飲料零食;79.0;金車;規格：585ml毫升x1x4BOTTLE瓶;金車麥根沙士PET585ml;95.0;1;585.0;11.0;47;16.84%;0;10002011001;unique_master_match;1;1;ml;4;bottle;19.75;23.75;16.842105;volume;month;16.84;0.0;42.0;28.0;24.0;15.72;24.0;599.0;0;historical;6.373319789577012;3.0325462466767075;2.881561113464747;2.4849066497880004;-1.4873201444615787;0.21645487559359763;-0.2802443475661456;0.8606019187399513;-0.5208877311024999;190;1.4367246512567715;1;1
波蜜果菜汁 Pet 580ml;飲料零食;85.0;波蜜;規格：580ml毫升x1x4Bottle瓶;波蜜果菜汁 Pet 580ml;89.0;1;580.0;12.0;96;4.49%;0;10010012001;unique_master_match;1;1;ml;4;bottle;21.25;22.25;4.494382;volume;month;4.49;0.0;42.0;28.0;24.0;15.8;24.0;656.0;0;historical;6.364750756851911;3.1023420086122493;1.7037261156527526;2.5649493574615367;-1.4873201444615787;0.20766902097486545;-0.18226406209446355;-0.041315196286090046;-0.29662521350160326;127;1.4442445820354486;1;1
台鹽海洋鹼性離子水Pet850ml**隨機出貨不挑款，以實際出貨為準。**;飲料零食;440.0;台鹽;規格：850ml毫升x1x20Bottle瓶;台鹽海洋鹼性離子水Pet850ml;490.0;1;850.0;12.0;614;10.20%;0;10040023001;unique_master_match;1;1;ml;20;bottle;22.0;24.5;10.204082;volume;month;10.2;0.0;37.0;30.0;26.0;18.48;20.0;28948.0;0;historical;6.7464121285733745;3.1354942159291497;2.4162781761857888;2.5649493574615367;-1.4873201444615787;0.5989875551786226;-0.1357245209124912;0.5043154734899483;-0.29662521350160326;31;1.4866562431802754;1;1
味丹 多喝水竹炭離子水-微鹼性-850ml;飲料零食;436.0;味丹;規格：850ml毫升x1x20Bottle瓶;味丹多喝水微鹼性竹炭離子水Pet850ml;475.0;1;850.0;12.0;646;8.21%;0;10040078001;unique_master_match;1;1;ml;20;bottle;21.8;23.75;8.210526;volume;month;8.21;0.0;37.0;30.0;25.0;18.4;20.0;486.0;0;historical;6.7464121285733745;3.126760535960395;2.2203469604713586;2.5649493574615367;-1.4873201444615787;0.5989875551786226;-0.147984985342225;0.35428281428982594;-0.29662521350160326;31;1.5130757458474855;1;1
御茶園特上紅茶Pet 550ml;飲料零食;78.0;御茶園特上;規格：550ml毫升x1x4Bottle瓶;御茶園特上紅茶Pet 550ml;100.0;1;550.0;10.0;410;22.00%;0;10031004001;unique_master_match;1;1;ml;4;bottle;19.5;25.0;22.0;volume;month;22.0;0.0;42.0;28.0;24.0;14.85;24.0;4812.0;0;historical;6.311734809152915;3.0204248861443626;3.1354942159291497;2.3978952727983707;-1.4873201444615787;0.15331161286353406;-0.29726048625893847;1.0550490285726168;-0.7646749670766093;59;1.6651549404077854;1;1
光泉午后時光伯爵奶茶250ml;飲料零食;165.0;光泉;規格：250ml毫升x1x24Bottle瓶;午后時光伯爵奶茶250ml;192.0;1;250.0;12.0;466;14.06%;0;10032064001;unique_master_match;1;1;ml;24;bottle;6.875;8.0;14.0625;volume;month;14.06;0.0;34.0;20.0;11.0;6.1;24.0;2081.0;0;historical;5.5254529391317835;2.063693184711697;2.7122082112508736;2.5649493574615367;-1.4873201444615787;-0.6528655159872415;-1.640334085953326;0.7309213766693169;-0.29662521350160326;129;1.704854175433365;1;1
黑松FIN健康補給飲料-300ml;飲料零食;168.0;黑松;規格：300ml毫升x1x24Bottle瓶;黑松FIN健康補給飲料TP300ml;179.0;1;300.0;12.0;287;6.15%;0;10021025001;unique_master_match;1;1;ml;24;bottle;7.0;7.458333;6.145251;volume;month;6.15;0.0;35.0;20.0;13.0;7.77;24.0;103640.0;0;historical;5.707110264748875;2.0794415416798357;1.9664479402259674;2.5649493574615367;-1.4873201444615787;-0.4666117222977574;-1.6182263179648737;0.15986180262600547;-0.29662521350160326;41;1.758099439660079;1;1
鮮採蕃茄綜合蔬菜汁升級配方 530ml;飲料零食;108.0;愛之味;規格：530ml毫升x1x4Bottle瓶;鮮採蕃茄綜合蔬菜汁升級配方 530ml;115.0;1;530.0;10.0;222;6.09%;0;10016020001;unique_master_match;1;1;ml;4;bottle;27.0;28.75;6.086957;volume;month;6.09;0.0;41.0;28.0;25.0;14.5;24.0;2344.0;0;historical;6.274762021241939;3.332204510175204;1.958256052362273;2.3978952727983707;-1.4873201444615787;0.11540330397313796;0.14042019405239078;0.1535889342850535;-0.7646749670766093;170;1.7727715400758148;1;1
悅氏礦泉水 330ml;飲料零食;148.0;悅氏;規格：330ml毫升x1x24Bottle瓶;悅氏礦泉水 330ml;174.0;1;330.0;12.0;622;14.94%;0;10040032001;unique_master_match;1;1;ml;24;bottle;6.166667;7.25;14.942529;volume;month;14.94;0.0;36.0;24.0;19.0;9.2;24.0;18917.0;0;historical;5.802118375377063;1.9694406929771342;2.7689903182428;2.5649493574615367;-1.4873201444615787;-0.3691996252317134;-1.7726470773223213;0.7744017913440325;-0.29662521350160326;129;1.792052881566029;1;1
波蜜BCE果菜汁TP250ml;飲料零食;159.0;波蜜;規格：250ml毫升x1x24Bottle瓶;波蜜果菜汁TP250ml;171.0;1;250.0;12.0;91;7.02%;0;10010002001;unique_master_match;1;1;ml;24;bottle;6.625;7.125;7.017544;volume;month;7.02;0.0;35.0;20.0;11.0;6.63;24.0;59886.0;0;historical;5.5254529391317835;2.031432322493475;2.081632140565125;2.5649493574615367;-1.4873201444615787;-0.6528655159872415;-1.6856223441805684;0.24806312272556053;-0.29662521350160326;41;1.7997275925322915;1;1
波蜜BCE果菜汁TP250ml;飲料零食;159.0;波蜜;規格：250ml毫升x1x24Bottle瓶;波蜜BCE果菜汁TP250ml;171.0;1;250.0;12.0;105;7.02%;0;10010035001;unique_master_match;1;1;ml;24;bottle;6.625;7.125;7.017544;volume;month;7.02;0.0;34.0;20.0;11.0;6.61;24.0;15275.0;0;historical;5.5254529391317835;2.031432322493475;2.081632140565125;2.5649493574615367;-1.4873201444615787;-0.6528655159872415;-1.6856223441805684;0.24806312272556053;-0.29662521350160326;41;1.7997275925322915;1;1
紅茶花伝皇家紅茶470ml;飲料零食;78.0;紅茶花伝;規格：470ml毫升x1x4Bottle瓶;紅茶花伝皇家奶茶Pet 470ml;92.0;1;470.0;9.0;454;15.22%;0;10032020001;unique_master_match;1;1;ml;4;bottle;19.5;23.0;15.217391;volume;month;15.22;0.0;41.0;28.0;21.0;12.47;24.0;2110.666667;0;historical;6.154858094016418;3.0204248861443626;2.7860841849479097;2.302585092994046;-1.4873201444615787;-0.007534547545688383;-0.29726048625893847;0.7874912741425162;-1.0317136705034151;149;1.8428047839433241;1;1
可口可樂 Zero 330ml;飲料零食;83.0;CocaCola 可口可樂;規格：330ml毫升x1x6Bottle瓶;可口可樂 Zero 330ml;94.0;1;330.0;9.0;8;11.70%;0;10000007001;unique_master_match;1;1;ml;6;bottle;13.833333;15.666667;11.702128;volume;month;11.7;0.0;40.0;28.0;12.0;8.58;24.0;29208.0;0;historical;5.802118375377063;2.6968768780321746;2.541769538483213;2.302585092994046;-1.4873201444615787;-0.3691996252317134;-0.7514617918898343;0.6004094150473267;-1.0317136705034151;181;1.8500803390218408;1;1
喬亞黑咖啡350ml;飲料零食;594.0;GEORGIA 喬亞;規格：350ml毫升x1x24BOTTLE瓶;喬亞滴濾無糖黑Pet350ml;750.0;1;350.0;9.0;264;20.80%;0;10020094001;unique_master_match;1;1;ml;24;bottle;24.75;31.25;20.8;volume;month;20.8;0.0;41.0;28.0;16.0;9.468;24.0;0.0;0;historical;5.860786223465865;3.248434627109745;3.0819099697950434;2.302585092994046;-1.4873201444615787;-0.3090473069201985;0.022822838151853698;1.014017348605647;-1.0317136705034151;193;1.8604629408683857;1;1
黑松C&C氣泡飲(葡萄)500ml;飲料零食;85.0;黑松汽水C&C氣泡飲;規格：500ml毫升x1x4BOTTLE瓶;黑松CC氣泡飲葡萄 500ml;107.0;1;500.0;9.0;34;20.56%;0;10001035001;unique_master_match;1;1;ml;4;bottle;21.25;26.75;20.560748;volume;month;20.56;0.0;42.0;28.0;23.0;13.682;24.0;1204.0;0;historical;6.2166061010848646;3.1023420086122493;3.070874439316529;2.302585092994046;-1.4873201444615787;0.0557758668854113;-0.18226406209446355;1.0055669851587692;-1.0317136705034151;149;1.8848677007506998;1;1
味丹竹炭礦泉水700ml;飲料零食;328.0;味丹;規格：700ml毫升x1x24Bottle瓶;味丹竹炭礦泉水700ml;334.0;1;700.0;12.0;624;1.80%;0;10040034001;unique_master_match;1;1;ml;24;bottle;13.666667;13.916667;1.796407;volume;month;1.8;0.0;40.0;28.0;25.0;18.074;24.0;4004.0;0;historical;6.55250788703459;2.685577367977424;1.0283353788709837;2.5649493574615367;-1.4873201444615787;0.40017696234182804;-0.7673242051675497;-0.558489898994964;-0.29662521350160326;147;1.8888598197260777;1;1
泰山純水1500ml;飲料零食;204.0;泰山;規格：1500ml毫升x1x12Bottle瓶;泰山純水1500ml;263.0;1;1500.0;12.0;599;22.43%;0;10040008001;unique_master_match;1;1;ml;12;bottle;17.0;21.916667;22.43346;volume;month;22.43;0.0;37.0;29.0;32.0;20.0;12.0;17952.0;0;historical;7.313886831633462;2.8903717578961645;3.154164915539306;2.5649493574615367;-1.4873201444615787;1.1808210480405814;-0.47983092146690826;1.0693459577343345;-0.29662521350160326;93;1.9450766324342825;1;1
泰山純水1500ml;飲料零食;204.0;泰山;規格：1500ml毫升x1x12Bottle瓶;統一H2O純水1500ml;263.0;1;1500.0;12.0;649;22.43%;0;10040081001;unique_master_match;1;1;ml;12;bottle;17.0;21.916667;22.43346;volume;month;22.43;0.0;36.0;27.0;30.0;19.09;12.0;1464.0;0;historical;7.313886831633462;2.8903717578961645;3.154164915539306;2.5649493574615367;-1.4873201444615787;1.1808210480405814;-0.47983092146690826;1.0693459577343345;-0.29662521350160326;93;1.9450766324342825;1;1
原萃包種烏龍茶580ml;飲料零食;78.0;原萃;規格：580ml毫升x1x4Bottle瓶;原萃文山包種烏龍茶580ml;107.0;1;580.0;9.0;388;27.10%;0;10030007001;unique_master_match;1;1;ml;4;bottle;19.5;26.75;27.102804;volume;month;27.1;0.0;38.0;25.0;24.0;14.88;24.0;11012.0;0;historical;6.364750756851911;3.0204248861443626;3.335869357838229;2.302585092994046;-1.4873201444615787;0.20766902097486545;-0.29726048625893847;1.2084845863963258;-1.0317136705034151;59;1.963367799652321;1;1
茶裏王白毫烏龍茶微甜Pet 600ml;飲料零食;402.0;統一;規格：600ml毫升x1x24Bottle瓶;茶裏王白毫烏龍茶微甜Pet 600ml;432.0;1;600.0;9.0;393;6.94%;0;10030014001;unique_master_match;1;1;ml;24;bottle;16.75;18.0;6.944444;volume;month;6.94;0.0;41.0;27.0;24.0;15.56;24.0;5305.0;0;historical;6.398594934535208;2.8763855159214247;2.072472816419685;2.302585092994046;-1.4873201444615787;0.2423695565376432;-0.49946500731049587;0.24104944829392166;-1.0317136705034151;157;1.9734464162590202;1;1
天地合補含鐵玫瑰四物 120ml*6;飲料零食;296.0;桂格;規格：120ml毫升x6x1BoX盒;天地合補含鐵玫瑰四物120ml x6;309.0;1;120.0;24.0;365;4.21%;0;10023110001;unique_master_match;1;1;ml;6;box;49.333333;51.5;4.20712;volume;month;4.21;0.0;53.0;25.0;12.0;7.25;6.0;160.0;0;historical;4.795790545596741;3.918667541524298;1.6500269198149597;3.2188758248682006;-1.4873201444615787;-1.4009905279942667;0.9637053568856259;-0.08243489800934554;1.5355366431988628;4;1.9740418995145916;1;1
Red Bull 紅牛無糖能量飲料1入;飲料零食;1313.0;紅牛;規格：250ml毫升x1x24Bottle瓶;紅牛能量飲料1入;1370.0;1;250.0;12.0;298;4.16%;0;10022006001;unique_master_match;1;1;ml;24;bottle;54.708333;57.083333;4.160584;volume;month;4.16;0.0;32.0;22.0;14.0;6.74;24.0;1128.0;0;historical;5.5254529391317835;4.020129740770452;1.641049751383865;2.5649493574615367;-1.4873201444615787;-0.6528655159872415;1.1061394384263343;-0.08930908825459763;-0.29662521350160326;106;1.974676217391995;1;1
可口可樂600ml;飲料零食;89.0;CocaCola 可口可樂;規格：600ml毫升x1x4BOTTLE瓶;可口可樂Pet 600ml;120.0;1;600.0;9.0;12;25.83%;0;10000012001;unique_master_match;1;1;ml;4;bottle;22.25;30.0;25.833333;volume;month;25.83;0.0;45.0;30.0;25.0;15.88;24.0;8732.0;0;historical;6.398594934535208;3.1463051320333655;3.2896448833340477;2.302585092994046;-1.4873201444615787;0.2423695565376432;-0.12054800278693913;1.1730885888535014;-1.0317136705034151;59;1.9767658720562913;1;1
芬達汽水橘子口味600ml;飲料零食;267.0;Fanta 芬達;規格：600ml毫升x1x12Bottle瓶;芬達汽水橘子口味600ml;360.0;1;600.0;9.0;56;25.83%;0;10002026001;unique_master_match;1;1;ml;12;bottle;22.25;30.0;25.833333;volume;month;25.83;0.0;31.0;22.0;24.0;7.84;12.0;460.0;0;historical;6.398594934535208;3.1463051320333655;3.2896448833340477;2.302585092994046;-1.4873201444615787;0.2423695565376432;-0.12054800278693913;1.1730885888535014;-1.0317136705034151;59;1.9767658720562913;1;1
KIRIN生茶-焙茶(無糖) 525ml;飲料零食;99.0;KIRIN;規格：525ml毫升x1x3BOTTLE瓶;KIRIN生茶 525ml;126.0;1;525.0;9.0;487;21.43%;0;10033023001;unique_master_match;1;1;ml;3;bottle;33.0;42.0;21.428571;volume;month;21.43;0.0;41.0;26.0;22.0;13.48;24.0;2147.0;0;historical;6.26530121273771;3.5263605246161616;3.1103356371847144;2.302585092994046;-1.4873201444615787;0.1057031090082698;0.41297917461825545;1.035784061237219;-1.0317136705034151;30;2.0376745675693884;1;1
維大力白葡萄風味氣水330ml;飲料零食;119.0;維大力;規格：330ml毫升x1x6Can罐;維大力白葡萄風味氣水330ml;0.0;1;330.0;18.0;86;0.00%;0;10002943001;unique_master_match;1;1;ml;6;can;19.833333;0.0;0.0;volume;month;0.0;0.0;44.0;27.0;12.0;8.82;24.0;6602.0;0;historical;5.802118375377063;3.036554252074246;0.0;2.9444389791664403;-1.4873201444615787;-0.3691996252317134;-0.27461785245909953;-1.3459289544768014;0.7666234001518166;100;2.0559137902741598;1;1
泰山冰鎮紅茶1250ml;飲料零食;42.0;泰山;規格：1250ml毫升x1x1Bottle瓶;泰山冰鎮紅茶1250ml;48.0;1;1250.0;12.0;426;12.50%;0;10031026001;unique_master_match;1;1;ml;1;bottle;42.0;48.0;12.5;volume;month;12.5;0.0;35.0;27.0;30.0;16.49;12.0;188.0;0;historical;7.1316985104669115;3.7612001156935624;2.6026896854443837;2.5649493574615367;-1.4873201444615787;0.9940228230424072;0.742650339968765;0.6470584985745185;-0.29662521350160326;1;2.057707278494967;1;1
波蜜漢宮冬瓜茶TP250ml;飲料零食;155.0;波蜜;規格：250ml毫升x1x24Can罐;波蜜漢宮冬瓜茶TP250ml;159.0;1;250.0;12.0;582;2.52%;0;10035034001;unique_master_match;1;1;ml;24;can;6.458333;6.625;2.515723;volume;month;2.52;0.0;34.0;20.0;11.0;6.58;24.0;15981.0;0;historical;5.5254529391317835;2.0093319308000708;1.2572451940117877;2.5649493574615367;-1.4873201444615787;-0.6528655159872415;-1.716647189058049;-0.38320415824480414;-0.29662521350160326;159;2.074694323307176;1;1
舒味思氣泡水500ml;飲料零食;360.0;Schweppes 舒味思;規格：500ml毫升x1x24Bottle瓶;舒味思氣泡水纖維+Pet500ml;696.0;1;500.0;9.0;664;48.28%;0;10041008001;unique_master_match;1;1;ml;24;bottle;15.0;29.0;48.275862;volume;month;48.28;0.0;40.0;27.0;25.0;12.94;24.0;822.0;0;historical;6.2166061010848646;2.772588722239781;3.8974343465438133;2.302585092994046;-1.4873201444615787;0.0557758668854113;-0.6451764257969794;1.6384981922527013;-1.0317136705034151;155;2.0986993828215734;1;1
古道梅子綠茶1500ml;飲料零食;42.0;古道;規格：1500ml毫升x1x1Bottle瓶;古道梅子綠茶1500ml;46.0;1;1500.0;13.0;494;8.70%;0;10033031001;unique_master_match;1;1;ml;1;bottle;42.0;46.0;8.695652;volume;month;8.7;0.0;38.0;29.0;32.0;19.8;12.0;288.0;0;historical;7.313886831633462;3.7612001156935624;2.2716775375937495;2.6390573296152584;-1.4873201444615787;1.1808210480405814;0.742650339968765;0.3935887664111758;-0.0889905532990034;1;2.118323908286407;1;1
維他露P 330 ml;飲料零食;77.0;維他露;規格：330ml毫升x1x6Bottle瓶;維他露P 330 ml;0.0;1;330.0;18.0;48;0.00%;0;10002012001;unique_master_match;1;1;ml;6;bottle;12.833333;0.0;0.0;volume;month;0.0;0.0;41.0;27.0;13.0;8.78;24.0;2016.0;0;historical;5.802118375377063;2.627081114472157;0.0;2.9444389791664403;-1.4873201444615787;-0.3691996252317134;-0.8494420796419785;-1.3459289544768014;0.7666234001518166;189;2.119273956905257;1;1
金車麥根沙士can-330ml;飲料零食;90.0;金車;規格：330ml毫升x1x6Bottle瓶;金車麥根沙士can330ml;108.0;1;330.0;18.0;63;16.67%;1;10002046001;unique_master_match;1;1;ml;6;bottle;15.0;18.0;16.666667;volume;month;16.67;1.0;43.0;29.0;12.0;8.82;24.0;13349.0;0;historical;5.802118375377063;2.772588722239781;2.8716796437519365;2.9444389791664403;0.6723502022908507;-0.3691996252317134;-0.6451764257969794;0.8530352674924072;0.7666234001518166;62;2.187248071546055;1;1
曼仕德濃醇拿鐵咖啡Can235ml;飲料零食;528.0;統一;規格：235ml毫升x1x24BOTTLE瓶;曼仕德濃醇拿鐵咖啡Can235ml;600.0;1;235.0;18.0;240;12.00%;1;10020017001;unique_master_match;1;1;ml;24;bottle;22.0;25.0;12.0;volume;month;12.0;1.0;40.0;27.0;10.0;7.09;24.0;48.0;0;historical;5.4638318050256105;3.1354942159291497;2.5649493574615367;2.9444389791664403;0.6723502022908507;-0.7160458471945579;-0.1357245209124912;0.6181591639498403;0.7666234001518166;96;2.1932590076719984;1;1
台酒紅麴黑麥汁Can330 ml;飲料零食;139.0;台酒;規格：330ml毫升x1x6Can罐;台酒紅麴黑麥汁Can330 ml;152.0;1;330.0;18.0;169;8.55%;1;10014073001;unique_master_match;1;1;ml;6;can;23.166667;25.333333;8.552632;volume;month;8.55;1.0;41.0;27.0;13.0;9.0;24.0;1082.0;0;historical;5.802118375377063;3.184974286985623;2.2568167186155987;2.9444389791664403;0.6723502022908507;-0.3691996252317134;-0.0662636918760568;0.38220922088519255;0.7666234001518166;96;2.2005675086377012;1;1
台酒原味黑麥汁 330ml;飲料零食;139.0;台酒;規格：330ml毫升x1x6Can罐;台酒原味黑麥汁 330ml;152.0;1;330.0;18.0;200;8.55%;1;10014126001;unique_master_match;1;1;ml;6;can;23.166667;25.333333;8.552632;volume;month;8.55;1.0;41.0;27.0;13.0;9.0;24.0;2398.0;0;historical;5.802118375377063;3.184974286985623;2.2568167186155987;2.9444389791664403;0.6723502022908507;-0.3691996252317134;-0.0662636918760568;0.38220922088519255;0.7666234001518166;96;2.2005675086377012;1;1
統一麥香阿薩姆紅茶Pet600ml;飲料零食;78.0;統一;規格：600ml毫升x1x4Bottle瓶;麥香阿薩姆奶茶Pet600ml;80.0;1;600.0;9.0;451;2.50%;0;10032015001;unique_master_match;1;1;ml;4;bottle;19.5;20.0;2.5;volume;month;2.5;0.0;41.0;27.0;24.0;16.1;24.0;2852.0;0;historical;6.398594934535208;3.0204248861443626;1.252762968495368;2.302585092994046;-1.4873201444615787;0.2423695565376432;-0.29726048625893847;-0.386636384247746;-1.0317136705034151;75;2.202043402486121;1;1
統一嚴選素材番茄汁Can340ml;飲料零食;89.0;統一;規格：340ml毫升x1x6Can罐;統一嚴選素材番茄汁Can340ml;96.0;1;340.0;18.0;219;7.29%;1;10016014001;unique_master_match;1;1;ml;6;can;14.833333;16.0;7.291667;volume;month;7.29;1.0;40.0;27.0;13.0;10.09;24.0;3689.0;0;historical;5.831882477283517;2.762117401319854;2.115251034577551;2.9444389791664403;0.6723502022908507;-0.338682403440599;-0.6598762153622479;0.27380650439988685;0.7666234001518166;202;2.228208827134524;1;1
微舒打葡萄can-320ml;飲料零食;90.0;;規格：320ml毫升x1x6CAN罐;微舒打葡萄can320ml;0.0;1;320.0;13.0;68;0.00%;0;10002073001;unique_master_match;1;1;ml;6;can;15.0;0.0;0.0;volume;month;0.0;0.0;41.0;27.0;12.0;8.64;24.0;3614.0;0;historical;5.771441123130016;2.772588722239781;0.0;2.6390573296152584;-1.4873201444615787;-0.4006531027701066;-0.6451764257969794;-1.3459289544768014;-0.0889905532990034;55;2.247823452570848;1;1
多喝水微鹼性竹炭離子水Pet2000ml;飲料零食;289.0;味丹;規格：2000ml毫升x1x8BOTTLE瓶;多喝水微鹼性竹炭離子水Pet2000ml;400.0;1;2000.0;13.0;633;27.75%;0;10040048001;unique_master_match;1;1;ml;8;bottle;36.125;50.0;27.75;volume;month;27.75;0.0;38.0;22.0;31.0;17.0;8.0;388.0;0;historical;7.601402334583733;3.6142905971228636;3.3586377672433594;2.6390573296152584;-1.4873201444615787;1.4756115443066435;0.5364166637556177;1.2259193019231647;-0.0889905532990034;111;2.296458680236258;1;1
伯朗醇黑咖啡無糖;飲料零食;126.0;伯朗;規格：240ml毫升x1x6Can罐;伯朗醇黑咖啡無糖;144.0;1;240.0;24.0;226;12.50%;1;10020003001;unique_master_match;1;1;ml;6;can;21.0;24.0;12.5;volume;month;12.5;1.0;40.0;27.0;10.0;7.02;24.0;963.0;0;historical;5.484796933490655;3.091042453358316;2.6026896854443837;3.2188758248682006;0.6723502022908507;-0.6945502389192675;-0.19812653882343584;0.6470584985745185;1.5355366431988628;10;2.3159255022271767;1;1
伯朗曼特寧咖啡二合一Can240ml;飲料零食;126.0;伯朗;規格：240ml毫升x1x6CAN罐;伯朗曼特寧咖啡二合一Can240ml;144.0;1;240.0;24.0;229;12.50%;1;10020006001;unique_master_match;1;1;ml;6;can;21.0;24.0;12.5;volume;month;12.5;1.0;40.0;27.0;10.0;7.06;24.0;390.0;0;historical;5.484796933490655;3.091042453358316;2.6026896854443837;3.2188758248682006;0.6723502022908507;-0.6945502389192675;-0.19812653882343584;0.6470584985745185;1.5355366431988628;10;2.3159255022271767;1;1
崇德發易開罐黑麥汁250ml;飲料零食;579.0;崇德發;規格：250ml毫升x1x24Can罐;崇德發易開罐黑麥汁250ml;675.0;1;250.0;24.0;161;14.22%;1;10014051001;unique_master_match;1;1;ml;24;can;24.125;28.125;14.222222;volume;month;14.22;1.0;33.0;22.0;13.0;7.0;24.0;4826.0;0;historical;5.5254529391317835;3.22386336637924;2.7227563338933654;3.2188758248682006;0.6723502022908507;-0.6528655159872415;-0.011670647899597479;0.7389985117182242;1.5355366431988628;10;2.3286219742548693;1;1
伯朗咖啡原味Can240ml;飲料零食;502.0;伯朗;規格：240ml毫升x1x24Bottle瓶;伯朗咖啡原味Can240ml;624.0;1;240.0;24.0;230;19.55%;1;10020007001;unique_master_match;1;1;ml;24;bottle;20.916667;26.0;19.551282;volume;month;19.55;1.0;40.0;27.0;10.0;7.21;24.0;36456.0;0;historical;5.484796933490655;3.0872473975988894;3.02292332342464;3.2188758248682006;0.6723502022908507;-0.6945502389192675;-0.2034540921931229;0.9688488266834043;1.5355366431988628;211;2.3293418724057484;1;1
伯朗藍山咖啡Can240 mlx24入;飲料零食;502.0;伯朗;規格：240ml毫升x1x24Bottle瓶;伯朗藍山咖啡Can240 ml;624.0;1;240.0;24.0;241;19.55%;1;10020018001;unique_master_match;1;1;ml;24;bottle;20.916667;26.0;19.551282;volume;month;19.55;1.0;40.0;27.0;10.0;7.21;24.0;12894.0;0;historical;5.484796933490655;3.0872473975988894;3.02292332342464;3.2188758248682006;0.6723502022908507;-0.6945502389192675;-0.2034540921931229;0.9688488266834043;1.5355366431988628;211;2.3293418724057484;1;1
動元素運動飲料Pet1250ml;飲料零食;27.0;AQUARIUS 動元素;規格：1250ml毫升x1x1Bottle瓶;動元素運動飲料Pet1250ml;30.0;1;1250.0;9.0;292;10.00%;0;10021040001;unique_master_match;1;1;ml;1;bottle;27.0;30.0;10.0;volume;month;10.0;0.0;37.0;27.0;29.0;16.0;12.0;778.0;0;historical;7.1316985104669115;3.332204510175204;2.3978952727983707;2.302585092994046;-1.4873201444615787;0.9940228230424072;0.14042019405239078;0.49023892183391654;-1.0317136705034151;92;2.334540421671138;1;1
貝思寶兒蜜桃果茶 330ml;飲料零食;96.0;貝思寶兒 Bessie Byer;規格：330ml毫升x1x6Bottle瓶;貝思寶兒蜜桃果茶 330ml;109.0;1;330.0;13.0;531;11.93%;1;10034013001;unique_master_match;1;1;ml;6;bottle;16.0;18.166667;11.926606;volume;month;11.93;1.0;35.0;21.0;14.0;9.0;24.0;1112.0;0;historical;5.802118375377063;2.833213344056216;2.559287667994589;2.6390573296152584;0.6723502022908507;-0.3691996252317134;-0.5600707175496388;0.6138237734752077;-0.0889905532990034;68;2.336308935748392;1;1
貝納頌經典拿鐵咖啡Can210ml;飲料零食;132.0;貝納頌;規格：210ml毫升x1x6Bottle瓶;貝納頌經典拿鐵咖啡Can210ml;156.0;1;210.0;24.0;227;15.38%;1;10020004001;unique_master_match;1;1;ml;6;bottle;22.0;26.0;15.384615;volume;month;15.38;1.0;33.0;22.0;13.0;6.43;24.0;2544.0;0;historical;5.351858133476067;3.1354942159291497;2.7963427847737097;3.2188758248682006;0.6723502022908507;-0.8308527840939997;-0.1357245209124912;0.7953467095611274;1.5355366431988628;10;2.3423140091249333;1;1
貝納頌經典曼特寧咖啡Can210ml;飲料零食;132.0;貝納頌;規格：210ml毫升x1x6Bottle瓶;貝納頌經典曼特寧咖啡Can210ml;156.0;1;210.0;24.0;242;15.38%;1;10020019001;unique_master_match;1;1;ml;6;bottle;22.0;26.0;15.384615;volume;month;15.38;1.0;33.0;22.0;13.0;6.42;24.0;1224.0;0;historical;5.351858133476067;3.1354942159291497;2.7963427847737097;3.2188758248682006;0.6723502022908507;-0.8308527840939997;-0.1357245209124912;0.7953467095611274;1.5355366431988628;10;2.3423140091249333;1;1
貝納頌黑咖啡 Can 210ml;飲料零食;132.0;貝納頌;規格：210ml毫升x1x6Bottle瓶;貝納頌黑咖啡 Can 210ml;156.0;1;210.0;24.0;244;15.38%;1;10020024001;unique_master_match;1;1;ml;6;bottle;22.0;26.0;15.384615;volume;month;15.38;1.0;33.0;22.0;13.0;6.5;24.0;1043.0;0;historical;5.351858133476067;3.1354942159291497;2.7963427847737097;3.2188758248682006;0.6723502022908507;-0.8308527840939997;-0.1357245209124912;0.7953467095611274;1.5355366431988628;10;2.3423140091249333;1;1
貝納頌直火炭焙風味 Can 210ml;飲料零食;132.0;貝納頌;規格：210ml毫升x1x6Bottle瓶;貝納頌直火炭焙風味 Can 210ml;156.0;1;210.0;24.0;245;15.38%;1;10020025001;unique_master_match;1;1;ml;6;bottle;22.0;26.0;15.384615;volume;month;15.38;1.0;33.0;22.0;13.0;6.42;24.0;459.0;0;historical;5.351858133476067;3.1354942159291497;2.7963427847737097;3.2188758248682006;0.6723502022908507;-0.8308527840939997;-0.1357245209124912;0.7953467095611274;1.5355366431988628;10;2.3423140091249333;1;1
泰山仙草蜜Can330ml;飲料零食;79.0;泰山;規格：330ml毫升x1x6Can罐;泰山仙草蜜Can330ml;92.0;1;330.0;24.0;574;14.13%;1;10035015001;unique_master_match;1;1;ml;6;can;13.166667;15.333333;14.130435;volume;month;14.13;1.0;41.0;27.0;12.0;9.5;24.0;10262.0;0;historical;5.802118375377063;2.650891810791673;2.7167082782131406;3.2188758248682006;0.6723502022908507;-0.3691996252317134;-0.8160162847517347;0.7343672646074164;1.5355366431988628;185;2.343370265842004;1;1
保力達蠻牛EX能量飲料Can250ml;飲料零食;32.0;保力達;規格：250ml毫升x1x1BOTTLE瓶;保力達蠻牛EX能量飲料Can250ml;0.0;1;250.0;13.0;315;0.00%;0;10022915001;unique_master_match;1;1;ml;1;bottle;32.0;0.0;0.0;volume;month;0.0;0.0;33.0;22.0;14.0;6.682;24.0;174.0;0;historical;5.5254529391317835;3.4965075614664802;0.0;2.6390573296152584;-1.4873201444615787;-0.6528655159872415;0.3710711594255465;-1.3459289544768014;-0.0889905532990034;172;2.3478494741847755;1;1
韋恩特濃咖啡Can320ml;飲料零食;76.0;黑松;規格：320ml毫升x1x4Bottle瓶;韋恩特濃咖啡Can320ml;95.0;1;320.0;25.0;251;20.00%;1;10020033001;unique_master_match;1;1;ml;4;bottle;19.0;23.75;20.0;volume;month;20.0;1.0;40.0;27.0;13.0;9.94;24.0;6452.0;0;historical;5.771441123130016;2.995732273553991;3.044522437723423;3.258096538021482;0.6723502022908507;-0.4006531027701066;-0.33192432778101594;0.9853881644443507;1.645424678342951;146;2.3479540787991016;1;1
健酪乳酸飲料原味Pet580ml;飲料零食;96.0;;規格：580ml毫升x1x4Can罐;健酪乳酸飲料原味Pet580ml;104.0;1;580.0;15.0;381;7.69%;1;10024014001;unique_master_match;1;1;ml;4;can;24.0;26.0;7.692308;volume;month;7.69;1.0;39.0;26.0;24.0;16.08;24.0;1527.0;0;historical;6.364750756851911;3.2188758248682006;2.1624384966490333;2.772588722239781;0.6723502022908507;0.20766902097486545;-0.018672229765052516;0.3099399014682134;0.2851357994834125;145;2.3501902687407017;1;1
崇德發白麥汁330ml;飲料零食;169.0;崇德發;規格：330ml毫升x1x6Bottle瓶;崇德發白麥汁330ml;194.0;1;330.0;24.0;202;12.89%;1;10014130001;unique_master_match;1;1;ml;6;bottle;28.166667;32.333333;12.886598;volume;month;12.89;1.0;40.0;27.0;17.0;11.96;24.0;749.0;0;historical;5.802118375377063;3.3730265161240305;2.630924202361324;3.2188758248682006;0.6723502022908507;-0.3691996252317134;0.19772670787892674;0.6686788393601005;1.5355366431988628;94;2.3534112496179995;1;1
崇德發減糖黑麥汁Can 330ml;飲料零食;169.0;崇德發;規格：330ml毫升x1x6CAN罐;崇德發減糖黑麥汁Can 330ml;193.0;1;330.0;24.0;193;12.44%;1;10014113001;unique_master_match;1;1;ml;6;can;28.166667;32.166667;12.435233;volume;month;12.44;1.0;41.0;28.0;12.0;8.7;24.0;4476.0;0;historical;5.802118375377063;3.3730265161240305;2.5978805846785145;3.2188758248682006;0.6723502022908507;-0.3691996252317134;0.19772670787892674;0.6433759706341196;1.5355366431988628;94;2.353980131269586;1;1
36法郎拿堤烘焙咖啡Can240ml;飲料零食;428.0;36法郎;規格：240ml毫升x1x24Can罐;36法郎拿堤烘焙咖啡Can240ml;460.0;1;240.0;24.0;235;6.96%;1;10020012001;unique_master_match;1;1;ml;24;can;17.833333;19.166667;6.956522;volume;month;6.96;1.0;40.0;27.0;10.0;7.23;24.0;1422.0;0;historical;5.484796933490655;2.9356283317851704;2.073991969699156;3.2188758248682006;0.6723502022908507;-0.6945502389192675;-0.41629909795575853;0.24221272697527182;1.5355366431988628;184;2.359393459266226;1;1
PowerBOMB活力爆發能量飲料-原味225mlx4;飲料零食;88.0;葡萄王;規格：225ml毫升x1x4Bottle瓶;PowerBOMB活力爆發能量飲料;116.0;1;225.0;24.0;308;24.14%;1;10022016001;unique_master_match;1;1;ml;4;bottle;22.0;29.0;24.137931;volume;month;24.14;1.0;33.0;23.0;15.0;6.25;24.0;268.0;0;historical;5.420534999272286;3.1354942159291497;3.224377900650442;3.2188758248682006;0.6723502022908507;-0.760438190298802;-0.1357245209124912;1.12311095290466;1.5355366431988628;211;2.3653491184001614;1;1
悅氏梅子綠茶微甜Pet2000ml;飲料零食;39.0;悅氏;規格：2000ml毫升x1x1Bottle瓶;悅氏綠茶微甜Pet2000ml;45.0;1;2000.0;12.0;484;13.33%;0;10033020001;unique_master_match;1;1;ml;1;bottle;39.0;45.0;13.333333;volume;month;13.33;0.0;36.0;24.0;32.0;17.51;8.0;1450.0;0;historical;7.601402334583733;3.6888794541139363;2.6625878037696387;2.5649493574615367;-1.4873201444615787;1.4756115443066435;0.6411255643868783;0.6929249723809162;-0.29662521350160326;1;2.365998601758508;1;1
義美桂圓紅棗茶TP250ml;飲料零食;78.0;義美;規格：250ml毫升x1x6Pack包;義美桂圓紅棗茶TP250ml;0.0;1;250.0;12.0;568;0.00%;0;10035006001;unique_master_match;1;1;ml;6;pack;13.0;0.0;0.0;volume;month;0.0;0.0;35.0;20.0;11.0;6.73;24.0;2262.0;0;historical;5.5254529391317835;2.6390573296152584;0.0;2.5649493574615367;-1.4873201444615787;-0.6528655159872415;-0.8326296981155035;-1.3459289544768014;-0.29662521350160326;55;2.3806139425314026;1;1
伯朗絲絨奶茶580ml;飲料零食;100.0;;規格：580ml毫升x1x4Bottle瓶;伯朗絲絨奶茶 580ml;140.0;1;580.0;15.0;465;28.57%;1;10032059001;unique_master_match;1;1;ml;4;bottle;25.0;35.0;28.571429;volume;month;28.57;1.0;38.0;25.0;24.0;15.8;24.0;749.333333;0;historical;6.364750756851911;3.258096538021482;3.3868086587028094;2.772588722239781;0.6723502022908507;0.20766902097486545;0.03638636641032071;1.2474909220567298;0.2851357994834125;161;2.385738101298132;1;1
蘋果西打330ml;飲料零食;376.0;蘋果西打;規格：330ml毫升x1x24Bottle瓶;蘋果西打-250ml;672.0;1;330.0;15.0;54;44.05%;1;10002021001;unique_master_match;1;1;ml;24;bottle;15.666667;28.0;44.047619;volume;month;44.05;1.0;40.0;27.0;9.0;6.99;24.0;15832.0;0;historical;5.802118375377063;2.8134107367600363;3.8077201302713726;2.772588722239781;0.6723502022908507;-0.3691996252317134;-0.58786989993775;1.5698002954610681;0.2851357994834125;143;2.388215885177739;1;1
崇德發白麥檸檬汁Can 330ml;飲料零食;169.0;崇德發;規格：330ml毫升x1x6Can罐;崇德發白麥檸檬汁Can 330ml;194.0;1;330.0;25.0;191;12.89%;1;10014111001;unique_master_match;1;1;ml;6;can;28.166667;32.333333;12.886598;volume;month;12.89;1.0;41.0;28.0;12.0;8.71;24.0;467.0;0;historical;5.802118375377063;3.3730265161240305;2.630924202361324;3.258096538021482;0.6723502022908507;-0.3691996252317134;0.19772670787892674;0.6686788393601005;1.645424678342951;94;2.3915703253397753;1;1
崇德發天然黑麥汁Can330ml;飲料零食;169.0;崇德發;規格：330ml毫升x1x6Bottle瓶;崇德發天然黑麥汁Can330ml;226.0;1;330.0;24.0;140;25.22%;1;10014020001;unique_master_match;1;1;ml;6;bottle;28.166667;37.666667;25.221239;volume;month;25.22;1.0;41.0;17.0;13.0;8.92;24.0;4959.0;0;historical;5.802118375377063;3.3730265161240305;3.266569731223695;3.2188758248682006;0.6723502022908507;-0.3691996252317134;0.19772670787892674;1.1554189877134287;1.5355366431988628;195;2.395049453717697;1;1
樹頂100嚴選蔓越莓綜合果汁 200ml;飲料零食;153.0;樹頂 Tree Top;規格：200ml毫升x1x6Bottle瓶;樹頂100蔓越莓綜合果汁200ml;174.0;1;200.0;13.0;173;12.07%;1;10014080001;unique_master_match;1;1;ml;6;bottle;25.5;29.0;12.068966;volume;month;12.07;1.0;41.0;27.0;16.0;12.41;24.0;737.0;0;historical;5.303304908059076;3.2771447329921766;2.5702404120352655;2.6390573296152584;0.6723502022908507;-0.8806345498392307;0.0631264940225462;0.622210743912609;-0.0889905532990034;197;2.406287901886461;1;1
愛健萬丹紅紅豆水Pet530ml;飲料零食;626.0;愛之味;規格：530ml毫升x1x24Bottle瓶;愛健萬丹紅紅豆水Pet530ml;0.0;1;530.0;12.0;334;0.00%;0;10023035001;unique_master_match;1;1;ml;24;bottle;26.083333;0.0;0.0;volume;month;0.0;0.0;41.0;28.0;24.0;14.08;24.0;3320.0;0;historical;6.274762021241939;3.2989185202340447;0.0;2.5649493574615367;-1.4873201444615787;0.11540330397313796;0.09369284691555085;-1.3459289544768014;-0.29662521350160326;116;2.4084164856705614;1;1
光泉冷泡茶茶王烏龍585ml;飲料零食;72.0;光泉;規格：585ml毫升x1x4Bottle瓶;冷泡茶茶王烏龍585ml;80.0;1;585.0;13.0;405;10.00%;1;10030046001;unique_master_match;1;1;ml;4;bottle;18.0;20.0;10.0;volume;month;10.0;1.0;43.0;28.0;24.0;15.24;24.0;4346.0;0;historical;6.373319789577012;2.9444389791664403;2.3978952727983707;2.6390573296152584;0.6723502022908507;0.21645487559359763;-0.4039305855752446;0.49023892183391654;-0.0889905532990034;27;2.4145581122598316;1;1
伊藤園Tea's Tea蘋果紅茶535mlx24;飲料零食;600.0;伊藤園;規格：535ml毫升x1x24Bottle瓶;伊藤園TEASTEA蘋果紅茶535ml;672.0;1;535.0;13.0;539;10.71%;1;10034022001;unique_master_match;1;1;ml;24;bottle;25.0;28.0;10.714286;volume;month;10.71;1.0;42.0;28.0;24.0;14.38;24.0;595.0;0;historical;6.284134161070802;3.258096538021482;2.4608091225991835;2.6390573296152584;0.6723502022908507;0.12501258668268053;0.03638636641032071;0.5384146663252414;-0.0889905532990034;145;2.416052383959868;1;1
伊藤園 Tea's Tea 蜜桃紅茶535mlx24;飲料零食;600.0;伊藤園;規格：535ml毫升x1x24Bottle瓶;伊藤園TEASTEA蜜桃紅茶535ml;672.0;1;535.0;13.0;553;10.71%;1;10034041001;unique_master_match;1;1;ml;24;bottle;25.0;28.0;10.714286;volume;month;10.71;1.0;42.0;28.0;24.0;14.38;24.0;490.0;0;historical;6.284134161070802;3.258096538021482;2.4608091225991835;2.6390573296152584;0.6723502022908507;0.12501258668268053;0.03638636641032071;0.5384146663252414;-0.0889905532990034;145;2.416052383959868;1;1
【限量】舒跑(小)Can245ml x24入;飲料零食;188.0;舒跑;規格：245ml毫升x1x24Bottle瓶;舒跑(小)Can245ml;0.0;1;245.0;15.0;270;0.00%;0;10021001001;unique_master_match;1;1;ml;24;bottle;7.833333;0.0;0.0;volume;month;0.0;0.0;41.0;28.0;10.0;6.48;24.0;30722.0;0;historical;5.5053315359323625;2.178532406588217;0.0;2.772588722239781;-1.4873201444615787;-0.6734960502501288;-1.4791211493684546;-1.3459289544768014;0.2851357994834125;148;2.4176108642053435;1;1
桂格雙效活靈芝盒裝16瓶;飲料零食;912.0;桂格;規格：60ml毫升x16x1Box盒;桂格雙效活靈芝盒裝16瓶;989.0;1;60.0;24.0;343;7.79%;0;10023055001;unique_master_match;1;1;ml;16;box;57.0;61.8125;7.785642;volume;month;7.79;0.0;42.0;39.0;19.0;11.53;4.0;18.0;0;historical;4.110873864173311;4.060443010546419;2.173118798081035;3.2188758248682006;-1.4873201444615787;-2.103237628918904;1.1627317811619011;0.31811825129909277;1.5355366431988628;69;2.424203849105145;1;1
桂格冬蟲夏草養氣人蔘60mlx16;飲料零食;912.0;桂格;規格：60ml毫升x16x1BOX盒;桂格冬蟲夏草養氣人蔘60mlx16;989.0;1;60.0;24.0;350;7.79%;0;10023068001;unique_master_match;1;1;ml;16;box;57.0;61.8125;7.785642;volume;month;7.79;0.0;42.0;37.0;19.0;11.6;4.0;10.333333;0;historical;4.110873864173311;4.060443010546419;2.173118798081035;3.2188758248682006;-1.4873201444615787;-2.103237628918904;1.1627317811619011;0.31811825129909277;1.5355366431988628;69;2.424203849105145;1;1
愛之味麥仔茶冰萃漫香(無糖) 590ml;飲料零食;69.0;愛之味;規格：590ml毫升x1x4Bottle瓶;愛之味麥仔茶590ml;88.0;1;590.0;13.0;589;21.59%;1;10035046001;unique_master_match;1;1;ml;4;bottle;17.25;22.0;21.590909;volume;month;21.59;1.0;39.0;26.0;24.0;13.04;24.0;2193.0;0;historical;6.3818160174060985;2.9041650800285006;3.117547568714168;2.6390573296152584;0.6723502022908507;0.22516608313693168;-0.46046765924796035;1.0413065363639498;-0.0889905532990034;174;2.4320543340418483;1;1
統一咖啡廣場TP300ml;飲料零食;288.0;統一;規格：300ml毫升x1x24BOTTLE瓶;統一咖啡廣場TP300ml;312.0;1;300.0;13.0;234;7.69%;1;10020011001;unique_master_match;1;1;ml;24;bottle;12.0;13.0;7.692308;volume;month;7.69;1.0;34.0;20.0;12.0;7.97;24.0;4012.0;0;historical;5.707110264748875;2.5649493574615367;2.1624384966490333;2.6390573296152584;0.6723502022908507;-0.4666117222977574;-0.9366635257575735;0.3099399014682134;-0.0889905532990034;150;2.434238398541964;1;1
法國Contrex天然礦泉水;飲料零食;780.0;Contrex;規格：1500ml毫升x1x12Bottle瓶;法國Contrex天然礦泉水;864.0;1;1500.0;24.0;592;9.72%;0;10040001001;unique_master_match;1;1;ml;12;bottle;65.0;72.0;9.722222;volume;month;9.72;0.0;36.0;27.0;32.0;20.01;12.0;878.0;0;historical;7.313886831633462;4.189654742026425;2.372318410283332;3.2188758248682006;-1.4873201444615787;1.1808210480405814;1.34412105159344;0.4706536572647418;1.5355366431988628;64;2.4409422526681923;1;1
黑松CC檸檬氣泡飲can-330ml;飲料零食;83.0;黑松汽水C&C氣泡飲;規格：330ml毫升x1x6Bottle瓶;黑松CC檸檬氣泡飲can 330ml;96.0;1;330.0;12.0;31;13.54%;1;10001020001;unique_master_match;1;1;ml;6;bottle;13.833333;16.0;13.541667;volume;month;13.54;1.0;41.0;27.0;12.0;8.58;24.0;2834.0;0;historical;5.802118375377063;2.6968768780321746;2.6770181147771175;2.5649493574615367;0.6723502022908507;-0.3691996252317134;-0.7514617918898343;0.7039748600960639;-0.29662521350160326;68;2.443706064830416;1;1
可口可樂330ml;飲料零食;83.0;CocaCola 可口可樂;規格：330ml毫升x1x6Bottle瓶;可口可樂330ml;95.0;1;330.0;12.0;6;12.63%;1;10000005001;unique_master_match;1;1;ml;6;bottle;13.833333;15.833333;12.631579;volume;month;12.63;1.0;40.0;28.0;12.0;8.89;24.0;60084.0;0;historical;5.802118375377063;2.6968768780321746;2.612389086394101;2.5649493574615367;0.6723502022908507;-0.3691996252317134;-0.7514617918898343;0.6544857322178562;-0.29662521350160326;68;2.444307768986297;1;1
雪碧汽水330ml;飲料零食;83.0;Sprite 雪碧;規格：330ml毫升x1x6Bottle瓶;雪碧汽水330ml;94.0;1;330.0;12.0;23;11.70%;1;10001006001;unique_master_match;1;1;ml;6;bottle;13.833333;15.666667;11.702128;volume;month;11.7;1.0;40.0;28.0;12.0;8.95;24.0;20940.0;0;historical;5.802118375377063;2.6968768780321746;2.541769538483213;2.5649493574615367;0.6723502022908507;-0.3691996252317134;-0.7514617918898343;0.6004094150473267;-0.29662521350160326;68;2.446110108359803;1;1
芬達橘子汽水330ml;飲料零食;83.0;Fanta 芬達;規格：330ml毫升x1x6Bottle瓶;芬達橘子汽水330ml;94.0;1;330.0;12.0;43;11.70%;1;10002007001;unique_master_match;1;1;ml;6;bottle;13.833333;15.666667;11.702128;volume;month;11.7;1.0;40.0;28.0;12.0;8.89;24.0;6204.0;0;historical;5.802118375377063;2.6968768780321746;2.541769538483213;2.5649493574615367;0.6723502022908507;-0.3691996252317134;-0.7514617918898343;0.6004094150473267;-0.29662521350160326;68;2.446110108359803;1;1
統一麥香紅茶TP375ml;飲料零食;69.0;統一;規格：375ml毫升x1x6Bottle瓶;統一麥香紅茶TP375ml;90.0;1;375.0;13.0;417;23.33%;1;10031013001;unique_master_match;1;1;ml;6;bottle;11.5;15.0;23.333333;volume;month;23.33;1.0;40.0;20.0;14.0;9.82;24.0;30245.0;0;historical;5.929589143389895;2.5257286443082556;3.191847138781651;2.6390573296152584;0.6723502022908507;-0.2385034694546176;-0.9917221219329462;1.098200799148996;-0.0889905532990034;51;2.4514070915117463;1;1
統一麥香奶茶TP375ml;飲料零食;69.0;統一;規格：375ml毫升x1x6Bottle瓶;統一麥香奶茶TP375ml;90.0;1;375.0;13.0;449;23.33%;1;10032013001;unique_master_match;1;1;ml;6;bottle;11.5;15.0;23.333333;volume;month;23.33;1.0;40.0;20.0;14.0;9.8;24.0;20740.0;0;historical;5.929589143389895;2.5257286443082556;3.191847138781651;2.6390573296152584;0.6723502022908507;-0.2385034694546176;-0.9917221219329462;1.098200799148996;-0.0889905532990034;51;2.4514070915117463;1;1
統一麥香綠茶TP375ml;飲料零食;69.0;統一;規格：375ml毫升x1x6Bottle瓶;統一麥香綠茶TP375ml;90.0;1;375.0;13.0;515;23.33%;1;10033064001;unique_master_match;1;1;ml;6;bottle;11.5;15.0;23.333333;volume;month;23.33;1.0;40.0;20.0;14.0;9.82;24.0;10392.0;0;historical;5.929589143389895;2.5257286443082556;3.191847138781651;2.6390573296152584;0.6723502022908507;-0.2385034694546176;-0.9917221219329462;1.098200799148996;-0.0889905532990034;51;2.4514070915117463;1;1
光泉午后時光重乳奶茶330ml;飲料零食;112.0;光泉;規格：330ml毫升x1x6Bottle瓶;光泉午后時光重乳奶茶330ml;120.0;1;330.0;12.0;462;6.67%;1;10032055001;unique_master_match;1;1;ml;6;bottle;18.666667;20.0;6.666667;volume;month;6.67;1.0;35.0;20.0;14.0;8.7;24.0;4839.0;0;historical;5.802118375377063;2.978925172186762;2.0368819707392998;2.5649493574615367;0.6723502022908507;-0.3691996252317134;-0.3555183762482196;0.21379606142986968;-0.29662521350160326;208;2.457924404813469;1;1
泰山純水700ml;飲料零食;312.0;泰山;規格：700ml毫升x1x20Bottle瓶;泰山純水700ml;0.0;1;700.0;12.0;607;0.00%;0;10040016001;unique_master_match;1;1;ml;20;bottle;15.6;0.0;0.0;volume;month;0.0;0.0;38.0;31.0;25.0;15.14;20.0;2677.0;0;historical;6.55250788703459;2.8094026953624978;0.0;2.5649493574615367;-1.4873201444615787;0.40017696234182804;-0.593496445582109;-1.3459289544768014;-0.29662521350160326;11;2.462266139171482;1;1
百事可樂330ml;飲料零食;77.0;百事可樂;規格：330ml毫升x1x6Bottle瓶;百事可樂330ml;90.0;1;330.0;12.0;4;14.44%;1;10000003001;unique_master_match;1;1;ml;6;bottle;12.833333;15.0;14.444444;volume;month;14.44;1.0;40.0;27.0;12.0;9.11;24.0;6408.0;0;historical;5.802118375377063;2.627081114472157;2.737249327017494;2.5649493574615367;0.6723502022908507;-0.3691996252317134;-0.8494420796419785;0.750096397730177;-0.29662521350160326;68;2.462758814724731;1;1
悅氏油切綠茶(無糖) 550ml;飲料零食;69.0;悅氏;規格：550ml毫升x1x4Bottle瓶;悅氏油切綠茶550ml;100.0;1;550.0;13.0;476;31.00%;1;10033012001;unique_master_match;1;1;ml;4;bottle;17.25;25.0;31.0;volume;month;31.0;1.0;41.0;28.0;24.0;13.9;24.0;16958.66667;0;historical;6.311734809152915;2.9041650800285006;3.4657359027997265;2.6390573296152584;0.6723502022908507;0.15331161286353406;-0.46046765924796035;1.3079287868044118;-0.0889905532990034;8;2.4654477824384284;1;1
七喜汽水330ml;飲料零食;77.0;七喜;規格：330ml毫升x1x6Bottle瓶;七喜汽水330ml;92.0;1;330.0;12.0;22;16.30%;1;10001005001;unique_master_match;1;1;ml;6;bottle;12.833333;15.333333;16.304348;volume;month;16.3;1.0;40.0;27.0;12.0;9.11;24.0;6266.0;0;historical;5.802118375377063;2.627081114472157;2.8509577994055393;2.5649493574615367;0.6723502022908507;-0.3691996252317134;-0.8494420796419785;0.8371676917236114;-0.29662521350160326;68;2.4657511127809406;1;1
十全青梅醋飲料(即飲品)140mlx6;飲料零食;180.0;十全;規格：140ml毫升x1x6Bag包;十全蘋果醋飲料(即飲品)140ml;0.0;1;140.0;25.0;714;0.00%;0;10053901001;unique_master_match;1;1;ml;6;bag;30.0;0.0;0.0;volume;month;0.0;0.0;42.0;26.0;19.0;6.2;36.0;90.0;0;historical;4.948759890378168;3.4339872044851463;0.0;3.258096538021482;-1.4873201444615787;-1.2441506059765288;0.2833041911319721;-1.3459289544768014;1.645424678342951;95;2.466737524469535;1;1
十全鳳梨醋飲料(即飲品)140mlx6;飲料零食;180.0;十全;規格：140ml毫升x1x6Bag包;十全鳳梨醋飲料(即飲品)140ml;0.0;1;140.0;25.0;716;0.00%;0;10053903001;unique_master_match;1;1;ml;6;bag;30.0;0.0;0.0;volume;month;0.0;0.0;42.0;26.0;19.0;6.2;36.0;39.0;0;historical;4.948759890378168;3.4339872044851463;0.0;3.258096538021482;-1.4873201444615787;-1.2441506059765288;0.2833041911319721;-1.3459289544768014;1.645424678342951;95;2.466737524469535;1;1
維大力汽水Can330ml;飲料零食;82.0;維大力;規格：330ml毫升x1x6Bottle瓶;維大力汽水Can330ml;84.0;1;330.0;18.0;50;2.38%;1;10002014001;unique_master_match;1;1;ml;6;bottle;13.666667;14.0;2.380952;volume;month;2.38;1.0;41.0;27.0;13.0;9.53;24.0;6426.0;0;historical;5.802118375377063;2.685577367977424;1.2181573266418297;2.9444389791664403;0.6723502022908507;-0.3691996252317134;-0.7673242051675497;-0.4131353596748199;0.7666234001518166;141;2.47261063756141;1;1
酷椰嶼椰子水250ml;飲料零食;139.0;酷椰嶼 Koh Coconut;規格：250ml毫升x1x6Bottle瓶;酷椰嶼椰子汁250ml;150.0;1;250.0;12.0;143;7.33%;1;10014024001;unique_master_match;1;1;ml;6;bottle;23.166667;25.0;7.333333;volume;month;7.33;1.0;35.0;18.0;14.0;6.75;24.0;2363.0;0;historical;5.5254529391317835;3.184974286985623;2.1202634962000904;2.5649493574615367;0.6723502022908507;-0.6528655159872415;-0.0662636918760568;0.2776447541837511;-0.29662521350160326;128;2.4728284307501966;1;1
樹頂100%純蘋果汁200ml;飲料零食;364.0;樹頂 Tree Top;規格：200ml毫升x1x24Bottle瓶;樹頂100純蘋果汁200ml;416.0;1;200.0;12.0;111;12.50%;1;10011003001;unique_master_match;1;1;ml;24;bottle;15.166667;17.333333;12.5;volume;month;12.5;1.0;33.0;16.0;13.0;5.44;24.0;12558.0;0;historical;5.303304908059076;2.7829515298938845;2.6026896854443837;2.5649493574615367;0.6723502022908507;-0.8806345498392307;-0.6306289687010188;0.6470584985745185;-0.29662521350160326;103;2.4734814024043312;1;1
樹頂100純蘋果汁 300ml毫升;飲料零食;35.0;樹頂 Tree Top;規格：300ml毫升x1x1Bottle瓶;樹頂100純蘋果汁 300ml;40.0;1;300.0;25.0;118;12.50%;1;10011028001;unique_master_match;1;1;ml;1;bottle;35.0;40.0;12.5;volume;month;12.5;1.0;40.0;27.0;16.0;11.36;24.0;678.0;0;historical;5.707110264748875;3.58351893845611;2.6026896854443837;3.258096538021482;0.6723502022908507;-0.4666117222977574;0.49321897070098597;0.6470584985745185;1.645424678342951;94;2.474976701029038;1;1
義美寶吉蔬果汁葡萄莓果125ml;飲料零食;76.0;義美;規格：125ml毫升x1x6Bottle瓶;義美寶吉蔬果汁葡萄莓果125ml;0.0;1;125.0;13.0;106;0.00%;0;10010042001;unique_master_match;1;1;ml;6;bottle;12.666667;0.0;0.0;volume;month;0.0;0.0;28.0;16.0;9.0;3.42;24.0;1122.0;0;historical;4.836281906951478;2.6149598024264415;0.0;2.6390573296152584;-1.4873201444615787;-1.3594746153364514;-0.8664581502685499;-1.3459289544768014;-0.0889905532990034;119;2.481863915963015;1;1
愛之味分解茶雙纖麥茶(無糖) 590ml;飲料零食;129.0;;規格：590ml毫升x1x6BOTTLE瓶;愛之味多纖微礦麥仔茶(無糖)590ml;188.0;1;590.0;13.0;578;31.38%;1;10035027001;unique_master_match;1;1;ml;6;bottle;21.5;31.333333;31.382979;volume;month;31.38;1.0;40.0;27.0;24.0;15.562;24.0;1653.0;0;historical;6.3818160174060985;3.1135153092103742;3.4776329452529655;2.6390573296152584;0.6723502022908507;0.22516608313693168;-0.1665788234509448;1.3170388457062958;-0.0889905532990034;8;2.4869696029509565;1;1
波蜜一日蔬果100蔬果汁 250ml;飲料零食;225.0;波蜜;規格：250ml毫升x1x18Bottle瓶;波蜜一日水果100蘋果汁250ml;274.0;1;250.0;12.0;112;17.88%;1;10011004001;unique_master_match;1;1;ml;18;bottle;12.5;15.222222;17.883212;volume;month;17.88;1.0;31.0;17.0;13.0;2.0;18.0;1024.0;0;historical;5.5254529391317835;2.6026896854443837;2.9382732733660215;2.5649493574615367;0.6723502022908507;-0.6528655159872415;-0.8836831153858195;0.9040287720259135;-0.29662521350160326;35;2.4901365519195915;1;1
味丹冬瓜茶 560ml;飲料零食;72.0;味丹;規格：560ml毫升x1x4Bottle瓶;味丹冬瓜茶Pet560ml;79.0;1;560.0;12.0;573;8.86%;1;10035013001;unique_master_match;1;1;ml;4;bottle;18.0;19.75;8.860759;volume;month;8.86;1.0;40.0;27.0;24.0;14.9;24.0;2110.0;0;historical;6.329720905522696;2.9444389791664403;2.2885631433395406;2.5649493574615367;0.6723502022908507;0.17175281071314719;-0.4039305855752446;0.4065187751543376;-0.29662521350160326;27;2.4937860471126005;1;1
光泉茉莉茶園蘋果紅茶-585ml;飲料零食;72.0;光泉;規格：585ml毫升x1x4Bottle瓶;光泉茉莉茶園蘋果紅茶585ml;80.0;1;585.0;12.0;424;10.00%;1;10031023001;unique_master_match;1;1;ml;4;bottle;18.0;20.0;10.0;volume;month;10.0;1.0;43.0;27.0;24.0;15.0;24.0;361.0;0;historical;6.373319789577012;2.9444389791664403;2.3978952727983707;2.5649493574615367;0.6723502022908507;0.21645487559359763;-0.4039305855752446;0.49023892183391654;-0.29662521350160326;27;2.4956989511108785;1;1
寶礦力水得(低卡)Pet 580ml;飲料零食;79.0;金車;規格：580ml毫升x1x4Bottle瓶;寶礦力水得(低卡)Pet 580ml;98.0;1;580.0;12.0;277;19.39%;1;10021010001;unique_master_match;1;1;ml;4;bottle;19.75;24.5;19.387755;volume;month;19.39;1.0;42.0;28.0;24.0;15.6;24.0;3667.0;0;historical;6.364750756851911;3.0325462466767075;3.0149344755329217;2.5649493574615367;0.6723502022908507;0.20766902097486545;-0.2802443475661456;0.9627314344711969;-0.29662521350160326;174;2.4963588794305296;1;1
寶礦力水得Pet580ml;飲料零食;79.0;寶礦力;規格：580ml毫升x1x4Bottle瓶;寶礦力水得Pet580ml;98.0;1;580.0;12.0;281;19.39%;1;10021017001;unique_master_match;1;1;ml;4;bottle;19.75;24.5;19.387755;volume;month;19.39;1.0;40.0;28.0;23.0;16.08;24.0;8088.0;0;historical;6.364750756851911;3.0325462466767075;3.0149344755329217;2.5649493574615367;0.6723502022908507;0.20766902097486545;-0.2802443475661456;0.9627314344711969;-0.29662521350160326;174;2.4963588794305296;1;1
光泉果汁時刻100%蘋果綜合果汁200mlx24;飲料零食;329.0;光泉;規格：200ml毫升x1x24Bottle瓶;光泉果汁時刻100葡萄綜合果汁 200ml;368.0;1;200.0;12.0;131;10.60%;1;10013007001;unique_master_match;1;1;ml;24;bottle;13.708333;15.333333;10.597826;volume;month;10.6;1.0;33.0;16.0;13.0;5.38;24.0;1104.0;0;historical;5.303304908059076;2.6884142039224614;2.450817666755056;2.5649493574615367;0.6723502022908507;-0.8806345498392307;-0.7633418144317369;0.5307637941346665;-0.29662521350160326;103;2.4985847001420165;1;1
金車奧利多水Pet585ml;飲料零食;90.0;金車;規格：585ml毫升x1x4Bottle瓶;金車奧利多水Pet585ml;95.0;1;585.0;13.0;66;5.26%;1;10002071001;unique_master_match;1;1;ml;4;bottle;22.5;23.75;5.263158;volume;month;5.26;1.0;42.0;28.0;25.0;15.95;24.0;1409.0;0;historical;6.373319789577012;3.1570004211501135;1.8346845307518114;2.6390573296152584;0.6723502022908507;0.21645487559359763;-0.10553380347453774;0.05896509437766143;-0.0889905532990034;180;2.500160079843297;1;1
鮮剖100%純椰子汁-500ml;飲料零食;936.0;半天水;規格：500ml毫升x1x24Bottle瓶;鮮剖100純椰子汁 500ml;1007.0;1;500.0;15.0;163;7.05%;1;10014055001;unique_master_match;1;1;ml;24;bottle;39.0;41.958333;7.050645;volume;month;7.05;1.0;39.0;26.0;23.0;13.2;24.0;997.0;0;historical;6.2166061010848646;3.6888794541139363;2.0857522124443;2.772588722239781;0.6723502022908507;0.0557758668854113;0.6411255643868783;0.25121803266614534;0.2851357994834125;99;2.5021339003189693;1;1
味丹青草茶 1480ml;飲料零食;32.0;味丹;規格：1480ml毫升x1x1Bottle瓶;味丹青草茶Pet1480ml;40.0;1;1480.0;9.0;567;20.00%;0;10035003001;unique_master_match;1;1;ml;1;bottle;32.0;40.0;20.0;volume;month;20.0;0.0;36.0;27.0;32.0;19.62;12.0;855.0;0;historical;7.300472814267799;3.4965075614664802;3.044522437723423;2.302585092994046;-1.4873201444615787;1.1670676163279645;0.3710711594255465;0.9853881644443507;-1.0317136705034151;178;2.502476331710694;1;1
生活日月潭無糖紅茶590ml;飲料零食;420.0;生活;規格：590ml毫升x1x24Bottle瓶;生活日月潭無糖紅茶590ml;648.0;1;590.0;13.0;418;35.19%;1;10031015001;unique_master_match;1;1;ml;24;bottle;17.5;27.0;35.185185;volume;month;35.19;1.0;41.0;27.0;24.0;15.2;24.0;1867.0;0;historical;6.3818160174060985;2.917770732084279;3.5886497809207465;2.6390573296152584;0.6723502022908507;0.22516608313693168;-0.44136785095752745;1.4020490418125482;-0.0889905532990034;8;2.506047005402943;1;1
味丹多喝水600ml;飲料零食;264.0;味丹;規格：600ml毫升x1x24Bottle瓶;味丹多喝水600ml;0.0;1;600.0;12.0;601;0.00%;0;10040010001;unique_master_match;1;1;ml;24;bottle;11.0;0.0;0.0;volume;month;0.0;0.0;41.0;27.0;24.0;15.72;24.0;12576.0;0;historical;6.398594934535208;2.4849066497880004;0.0;2.5649493574615367;-1.4873201444615787;0.2423695565376432;-1.0490286197158907;-1.3459289544768014;-0.29662521350160326;201;2.5061369635370947;1;1
鮮剖100%純天然椰子汁-520ml;飲料零食;105.0;半天水;規格：520ml毫升x1x3CAN罐;鮮剖100純天然椰子汁520ml;115.0;1;520.0;24.0;190;8.70%;1;10014110001;unique_master_match;1;1;ml;3;can;35.0;38.333333;8.695652;volume;month;8.7;1.0;40.0;27.0;19.0;14.71;24.0;2004.0;0;historical;6.255750041753367;3.58351893845611;2.2716775375937495;3.2188758248682006;0.6723502022908507;0.09591026512505307;0.49321897070098597;0.3935887664111758;1.5355366431988628;90;2.506449672378471;1;1
泰山Cheers奇兒思氣泡水Pet500ml;飲料零食;432.0;泰山;規格：500ml毫升x1x24Bottle瓶;泰山Cheers奇兒思氣泡水Pet500ml;600.0;1;500.0;12.0;660;28.00%;1;10041004001;unique_master_match;1;1;ml;24;bottle;18.0;25.0;28.0;volume;month;28.0;1.0;43.0;28.0;22.0;13.27;24.0;11725.0;0;historical;6.2166061010848646;2.9444389791664403;3.367295829986474;2.5649493574615367;0.6723502022908507;0.0557758668854113;-0.4039305855752446;1.2325491397064625;-0.29662521350160326;8;2.506461034655511;1;1
噶瑪蘭麥汁Btl330ml;飲料零食;149.0;;規格：330ml毫升x1x6BOTTLE瓶;噶瑪蘭麥汁Btl330ml;152.0;1;330.0;18.0;188;1.97%;1;10014106001;unique_master_match;1;1;ml;6;bottle;24.833333;25.333333;1.973684;volume;month;1.97;1.0;39.0;26.0;20.0;13.892;24.0;1272.0;0;historical;5.802118375377063;3.2516656347879658;1.089801588189492;2.9444389791664403;0.6723502022908507;-0.3691996252317134;0.027358572785220504;-0.5114226728698114;0.7666234001518166;2;2.506700519562003;1;1
濃韻烏龍茶(無糖) 600ml;飲料零食;20.0;濃韻;規格：600ml毫升x1x1Bottle瓶;濃韻日式綠茶Pet 600ml;25.0;1;600.0;12.0;492;20.00%;1;10033029001;unique_master_match;1;1;ml;1;bottle;20.0;25.0;20.0;volume;month;20.0;1.0;41.0;28.0;24.0;15.62;24.0;1332.0;0;historical;6.398594934535208;3.044522437723423;3.044522437723423;2.5649493574615367;0.6723502022908507;0.2423695565376432;-0.26343199986652044;0.9853881644443507;-0.29662521350160326;174;2.5078404302110697;1;1
維大力零熱量汽水 330ml;飲料零食;238.0;維大力;規格：330ml毫升x1x24Can罐;維大力零熱量汽水 330ml;476.0;1;330.0;18.0;71;50.00%;1;10002102001;unique_master_match;1;1;ml;24;can;9.916667;19.833333;50.0;volume;month;50.0;1.0;40.0;27.0;12.0;9.0;24.0;23357.0;0;historical;5.802118375377063;2.390290703947502;3.9318256327243257;2.9444389791664403;0.6723502022908507;-0.3691996252317134;-1.181851833139462;1.6648330266493558;0.7666234001518166;115;2.5102317537965866;1;1
波蜜低卡果菜汁TP250ml;飲料零食;79.0;波蜜;規格：250ml毫升x1x6Bottle瓶;波蜜低卡果菜汁TP250ml;85.0;1;250.0;12.0;99;7.06%;1;10010019001;unique_master_match;1;1;ml;6;bottle;13.166667;14.166667;7.058824;volume;month;7.06;1.0;32.0;17.0;14.0;5.1;18.0;1568.0;0;historical;5.5254529391317835;2.650891810791673;2.0867676401660677;2.5649493574615367;0.6723502022908507;-0.6528655159872415;-0.8160162847517347;0.25199558779316683;-0.29662521350160326;103;2.5102654790680243;1;1
海尼根0.0零酒精Can330ml;飲料零食;189.0;海尼根;規格：330ml毫升x1x6CAN罐;海尼根0.0零酒精Can330ml;210.0;1;330.0;12.0;721;10.00%;1;10100132001;unique_master_match;1;1;ml;6;can;31.5;35.0;10.0;volume;month;10.0;1.0;40.0;28.0;12.0;8.55;24.0;1638.0;0;historical;5.802118375377063;3.481240089335692;2.3978952727983707;2.5649493574615367;0.6723502022908507;-0.3691996252317134;0.34963846442628416;0.49023892183391654;-0.29662521350160326;56;2.5115778421989914;1;1
黑松加鹽沙士330mlx6;飲料零食;83.0;黑松沙士;規格：330ml毫升x1x6Can罐;黑松加鹽沙士330 ml;120.0;1;330.0;12.0;72;30.83%;1;10002899001;unique_master_match;1;1;ml;6;can;13.833333;20.0;30.833333;volume;month;30.83;1.0;41.0;27.0;12.0;8.588;24.0;5704.0;0;historical;5.802118375377063;2.6968768780321746;3.4605139483473706;2.5649493574615367;0.6723502022908507;-0.3691996252317134;-0.7514617918898343;1.3039301196708868;-0.29662521350160326;51;2.515090768526616;1;1
光泉果汁時刻100%蘋果綜合果汁200mlx6;飲料零食;85.0;光泉;規格：200ml毫升x1x6Bottle瓶;光泉果汁時刻100蘋果綜合果汁 200ml;92.0;1;200.0;12.0;116;7.61%;1;10011021001;unique_master_match;1;1;ml;6;bottle;14.166667;15.333333;7.608696;volume;month;7.61;1.0;33.0;16.0;13.0;5.38;24.0;1350.0;0;historical;5.303304908059076;2.719100059266817;2.152772855169425;2.5649493574615367;0.6723502022908507;-0.8806345498392307;-0.7202645733041257;0.3025385188514984;-0.29662521350160326;103;2.5181402701897064;1;1
波蜜BCE果菜汁Pet580ml;飲料零食;85.0;波蜜;規格：580ml毫升x1x4Bottle瓶;波蜜BCE果菜汁Pet580ml;92.0;1;580.0;12.0;95;7.61%;1;10010009001;unique_master_match;1;1;ml;4;bottle;21.25;23.0;7.608696;volume;month;7.61;1.0;42.0;28.0;24.0;15.9;24.0;1004.0;0;historical;6.364750756851911;3.1023420086122493;2.152772855169425;2.5649493574615367;0.6723502022908507;0.20766902097486545;-0.18226406209446355;0.3025385188514984;-0.29662521350160326;180;2.520375782674189;1;1
開喜凍頂烏龍茶(無糖)Pet575ml;飲料零食;78.0;統一;規格：575ml毫升x1x4Bottle瓶;開喜凍頂烏龍茶(無糖)Pet575ml;84.0;1;575.0;12.0;400;7.14%;1;10030021001;unique_master_match;1;1;ml;4;bottle;19.5;21.0;7.142857;volume;month;7.14;1.0;43.0;29.0;24.0;15.762;24.0;1235.0;0;historical;6.3561076606958915;3.0204248861443626;2.097141101235377;2.5649493574615367;0.6723502022908507;0.19880722890117364;-0.29726048625893847;0.25993897723043663;-0.29662521350160326;180;2.52127637535757;1;1
開喜凍頂烏龍茶(無糖)Pet575ml;飲料零食;78.0;統一;規格：575ml毫升x1x4Bottle瓶;開喜凍頂烏龍茶有糖Pet575ml;84.0;1;575.0;12.0;401;7.14%;1;10030022001;unique_master_match;1;1;ml;4;bottle;19.5;21.0;7.142857;volume;month;7.14;1.0;40.0;27.0;23.0;15.66;24.0;2186.0;0;historical;6.3561076606958915;3.0204248861443626;2.097141101235377;2.5649493574615367;0.6723502022908507;0.19880722890117364;-0.29726048625893847;0.25993897723043663;-0.29662521350160326;180;2.52127637535757;1;1
舒跑 鹼性離子水PET 850ml;飲料零食;418.0;舒跑;規格：850ml毫升x1x20Bottle瓶;舒跑 鹼性離子水PET 850ml;0.0;1;850.0;12.0;602;0.00%;0;10040011001;unique_master_match;1;1;ml;20;bottle;20.9;0.0;0.0;volume;month;0.0;0.0;36.0;29.0;25.0;17.1;20.0;1420.0;0;historical;6.7464121285733745;3.086486636822455;0.0;2.5649493574615367;-1.4873201444615787;0.5989875551786226;-0.2045220590149414;-1.3459289544768014;-0.29662521350160326;11;2.523592391259574;1;1
紅牌蜂蜜奶茶 300ml;飲料零食;52.0;紅牌;規格：300ml毫升x1x6Bottle瓶;紅牌蜂蜜奶茶 300ml;0.0;1;300.0;12.0;455;0.00%;0;10032023001;unique_master_match;1;1;ml;6;bottle;8.666667;0.0;0.0;volume;month;0.0;0.0;35.0;21.0;13.0;7.96;24.0;2663.0;0;historical;5.707110264748875;2.2686835758011226;0.0;2.5649493574615367;-1.4873201444615787;-0.4666117222977574;-1.3525656530154821;-1.3459289544768014;-0.29662521350160326;5;2.529637331393309;1;1
舒跑TP250 6入;飲料零食;168.0;舒跑;規格：250ml毫升x6x4Set組;舒跑TP250 6入;179.0;1;250.0;12.0;291;6.15%;1;10021035001;unique_master_match;1;1;ml;6;set;28.0;29.833333;6.145251;volume;month;6.15;1.0;34.0;20.0;11.0;6.56;4.0;7532.0;0;historical;5.5254529391317835;3.367295829986474;1.9664479402259674;2.5649493574615367;0.6723502022908507;-0.6528655159872415;0.1896818889940074;0.15986180262600547;-0.29662521350160326;128;2.5361093122523446;1;1
味丹多喝水MORE氣泡水-檸檬風味-560ml;飲料零食;68.0;味丹;規格：560ml毫升x1x4Bottle瓶;味丹多喝水MORE氣泡水Pet560ml;96.0;1;560.0;12.0;677;29.17%;1;10041039001;unique_master_match;1;1;ml;4;bottle;17.0;24.0;29.166667;volume;month;29.17;1.0;42.0;28.0;24.0;14.6;24.0;1203.0;0;historical;6.329720905522696;2.8903717578961645;3.4067375730874945;2.5649493574615367;0.6723502022908507;0.17175281071314719;-0.47983092146690826;1.2627513184627;-0.29662521350160326;8;2.539862127899543;1;1
味丹多喝水MORE氣泡水-檸檬風味-560ml;飲料零食;68.0;味丹;規格：560ml毫升x1x4Bottle瓶;味丹多喝水MORE氣泡水檸檬風味Pet560ml;96.0;1;560.0;12.0;678;29.17%;1;10041040001;unique_master_match;1;1;ml;4;bottle;17.0;24.0;29.166667;volume;month;29.17;1.0;42.0;28.0;24.0;14.6;24.0;2654.0;0;historical;6.329720905522696;2.8903717578961645;3.4067375730874945;2.5649493574615367;0.6723502022908507;0.17175281071314719;-0.47983092146690826;1.2627513184627;-0.29662521350160326;8;2.539862127899543;1;1
晶晶果味棒(綜合口味);飲料零食;34.0;晶晶;規格：680ml毫升x1x1Bag包;晶晶果味棒(綜合口味);0.0;1;680.0;12.0;6358;0.00%;0;14222005001;unique_master_match;1;1;ml;1;bag;34.0;0.0;0.0;volume;month;0.0;0.0;47.0;30.0;15.0;9.24;12.0;85.0;0;historical;6.523562306149512;3.5553480614894135;0.0;2.5649493574615367;-1.4873201444615787;0.3704989725768816;0.45367229206835424;-1.3459289544768014;-0.29662521350160326;204;2.562195025079673;1;1
KIRIN 午後紅茶-紅茶 500ml;飲料零食;99.0;KIRIN 麒麟;規格：500ml毫升x1x3Bottle瓶;KIRIN午後紅茶-紅茶 Pet500ml;117.0;1;500.0;12.0;409;15.38%;1;10031003001;unique_master_match;1;1;ml;3;bottle;33.0;39.0;15.384615;volume;month;15.38;1.0;37.0;25.0;22.0;12.98;24.0;599.0;0;historical;6.2166061010848646;3.5263605246161616;2.7963427847737097;2.5649493574615367;0.6723502022908507;0.0557758668854113;0.41297917461825545;0.7953467095611274;-0.29662521350160326;171;2.5622933982365845;1;1
黑松百香果C/TP300ml;飲料零食;48.0;黑松;規格：300ml毫升x1x6Bottle瓶;黑松百香果C/TP300ml;0.0;1;300.0;12.0;149;0.00%;0;10014032001;unique_master_match;1;1;ml;6;bottle;8.0;0.0;0.0;volume;month;0.0;0.0;35.0;20.0;13.0;7.88;24.0;4967.0;0;historical;5.707110264748875;2.1972245773362196;0.0;2.5649493574615367;-1.4873201444615787;-0.4666117222977574;-1.452880813634802;-1.3459289544768014;-0.29662521350160326;5;2.5717503294021298;1;1
黑松加鹽沙士245ml;飲料零食;235.0;黑松沙士;規格：245ml毫升x1x24Bottle瓶;加鹽黑松沙士Can245ml;264.0;1;245.0;12.0;44;10.98%;1;10002008001;unique_master_match;1;1;ml;24;bottle;9.791667;11.0;10.984848;volume;month;10.98;1.0;40.0;27.0;10.0;6.8;24.0;11857.0;0;historical;5.5053315359323625;2.3787742622396224;2.483643185286107;2.5649493574615367;0.6723502022908507;-0.6734960502501288;-1.1980187781639766;0.5558996552932812;-0.29662521350160326;150;2.577335728671057;1;1
[限量]黑松沙士245ml;飲料零食;235.0;黑松沙士;規格：245ml毫升x1x24Can罐;黑松沙士245ml;286.0;1;245.0;12.0;26;17.83%;1;10001009001;unique_master_match;1;1;ml;24;can;9.791667;11.916667;17.832168;volume;month;17.83;1.0;40.0;27.0;10.0;6.77;24.0;67480.0;0;historical;5.5053315359323625;2.3787742622396224;2.9355664714636855;2.5649493574615367;0.6723502022908507;-0.6734960502501288;-1.1980187781639766;0.9019560615297599;-0.29662521350160326;35;2.580017373985303;1;1
可口可樂 Can 250 ml;飲料零食;239.0;CocaCola 可口可樂;規格：250ml毫升x1x24Bottle瓶;可口可樂 Can 250 ml;259.0;1;250.0;12.0;11;7.72%;1;10000011001;unique_master_match;1;1;ml;24;bottle;9.958333;10.791667;7.722008;volume;month;7.72;1.0;40.0;27.0;10.0;6.76;24.0;65763.0;0;historical;5.5254529391317835;2.3941001714115675;2.1658494866409748;2.5649493574615367;0.6723502022908507;-0.6528655159872415;-1.1765040484133786;0.31255183799466185;-0.29662521350160326;150;2.5939790661402315;1;1
雪碧250ml;飲料零食;239.0;Sprite 雪碧;規格：250ml毫升x1x24Bottle瓶;雪碧汽水Can 250 ml;259.0;1;250.0;12.0;28;7.72%;1;10001012001;unique_master_match;1;1;ml;24;bottle;9.958333;10.791667;7.722008;volume;month;7.72;1.0;40.0;27.0;10.0;6.79;24.0;27655.0;0;historical;5.5254529391317835;2.3941001714115675;2.1658494866409748;2.5649493574615367;0.6723502022908507;-0.6528655159872415;-1.1765040484133786;0.31255183799466185;-0.29662521350160326;150;2.5939790661402315;1;1
家樂福ULTRA爽暢飲氣泡水500ml毫升;飲料零食;300.0;家樂福;規格：500ml毫升x1x24BOTTLE瓶;家樂福爽暢飲氣泡水500ml毫升;456.0;1;500.0;12.0;663;34.21%;1;10041007001;unique_master_match;1;1;ml;24;bottle;12.5;19.0;34.210526;volume;month;34.21;1.0;42.0;29.0;24.0;13.98;24.0;10937.0;0;historical;6.2166061010848646;2.6026896854443837;3.5613450719931783;2.5649493574615367;0.6723502022908507;0.0557758668854113;-0.8836831153858195;1.381140693573342;-0.29662521350160326;203;2.5998625821395787;1;1
悅氏Light鹼性水隨手瓶Pet330ml;飲料零食;179.0;悅氏;規格：330ml毫升x1x24Bottle瓶;悅氏Light鹼性水隨手瓶Pet330ml;0.0;1;330.0;12.0;630;0.00%;0;10040041001;unique_master_match;1;1;ml;24;bottle;7.458333;0.0;0.0;volume;month;0.0;0.0;37.0;25.0;18.0;8.8;24.0;9164.0;0;historical;5.802118375377063;2.135152109284974;0.0;2.5649493574615367;-1.4873201444615787;-0.3691996252317134;-1.5400190290641236;-1.3459289544768014;-0.29662521350160326;5;2.6102658681885034;1;1
波爾天然水1500ml;飲料零食;179.0;波爾;規格：1500ml毫升x1x12Bottle瓶;波爾天然水1500ml;0.0;1;1500.0;18.0;608;0.00%;0;10040017001;unique_master_match;1;1;ml;12;bottle;14.916667;0.0;0.0;volume;month;0.0;0.0;34.0;25.0;31.0;19.22;12.0;744.0;0;historical;7.313886831633462;2.767366799201038;0.0;2.9444389791664403;-1.4873201444615787;1.1808210480405814;-0.6525070357918921;-1.3459289544768014;0.7666234001518166;132;2.612726913022935;1;1
囍瑞純天然蔓越莓汁200ml;飲料零食;848.0;囍瑞;規格：200ml毫升x1x24Set組;囍瑞純天然蔓越莓汁200ml;928.0;1;200.0;12.0;166;8.62%;1;10014062001;unique_master_match;1;1;ml;24;set;35.333333;38.666667;8.62069;volume;month;8.62;1.0;33.0;15.0;13.0;5.5;24.0;221.0;0;historical;5.303304908059076;3.592735584386722;2.263915987677185;2.5649493574615367;0.6723502022908507;-0.8806345498392307;0.5061574296321568;0.3876454256869804;-0.29662521350160326;196;2.6135551353239026;1;1
金車奧利多水Pet2000ml;飲料零食;45.0;金車;規格：2000ml毫升x1x1Bottle瓶;金車奧利多水Pet2000ml;48.0;1;2000.0;11.0;67;6.25%;0;10002072001;unique_master_match;1;1;ml;1;bottle;45.0;48.0;6.25;volume;month;6.25;0.0;34.0;23.0;30.0;13.3;6.0;971.0;0;historical;7.601402334583733;3.828641396489095;1.9810014688665833;2.4849066497880004;-1.4873201444615787;1.4756115443066435;0.837325371255403;0.1710060431939771;-0.5208877311024999;183;2.614302474978616;1;1
台鹽海洋鹼性離子水Pet850ml**隨機出貨不挑款，以實際出貨為準。**;飲料零食;440.0;台鹽;規格：850ml毫升x1x20Bottle瓶;家福鹼性離子水850ml;490.0;1;850.0;12.0;644;10.20%;1;10040071001;unique_master_match;1;1;ml;20;bottle;22.0;24.5;10.204082;volume;month;10.2;1.0;40.0;32.0;25.0;18.4;20.0;435.0;0;historical;6.7464121285733745;3.1354942159291497;2.4162781761857888;2.5649493574615367;0.6723502022908507;0.5989875551786226;-0.1357245209124912;0.5043154734899483;-0.29662521350160326;207;2.6218929787519265;1;1
魔爪ULTRA超越能量碳酸飲料355ml;飲料零食;189.0;Monster 魔爪;規格：355ml毫升x1x4BOTTLE瓶;魔爪能量碳酸飲料Can355ml;204.0;1;355.0;24.0;309;7.35%;1;10022020001;unique_master_match;1;1;ml;4;bottle;47.25;51.0;7.352941;volume;month;7.35;1.0;36.0;24.0;17.0;9.47;24.0;1720.0;0;historical;5.87493073085203;3.876395827784995;2.122613692418284;3.2188758248682006;0.6723502022908507;-0.29454490162719504;0.9043637225987303;0.2794443969153696;1.5355366431988628;152;2.64188222538419;1;1
魔爪ULTRA超越能量碳酸飲料355ml;飲料零食;189.0;Monster 魔爪;規格：355ml毫升x1x4BOTTLE瓶;白魔爪能量碳酸飲料(超越)Can355ml;204.0;1;355.0;24.0;312;7.35%;1;10022908001;unique_master_match;1;1;ml;4;bottle;47.25;51.0;7.352941;volume;month;7.35;1.0;24.0;36.0;17.0;9.32;24.0;1392.0;0;historical;5.87493073085203;3.876395827784995;2.122613692418284;3.2188758248682006;0.6723502022908507;-0.29454490162719504;0.9043637225987303;0.2794443969153696;1.5355366431988628;152;2.64188222538419;1;1
好聖地100椰子水 350ml;飲料零食;89.0;好聖地;規格：350ml毫升x1x3Can罐;好聖地100椰子水 350ml;91.0;1;350.0;24.0;152;2.20%;1;10014037001;unique_master_match;1;1;ml;3;can;29.666667;30.333333;2.197802;volume;month;2.2;1.0;40.0;27.0;13.0;10.08;24.0;298.0;0;historical;5.860786223465865;3.4231762992504957;1.1624636987989705;3.2188758248682006;0.6723502022908507;-0.3090473069201985;0.2681276882652706;-0.45578228071441995;1.5355366431988628;126;2.642053735112175;1;1
光泉正庄冬瓜茶 250ml;飲料零食;175.0;光泉;規格：250ml毫升x1x24BOTTLE瓶;光泉正庄冬瓜茶 250ml;199.0;1;250.0;13.0;579;12.06%;1;10035028001;unique_master_match;1;1;ml;24;bottle;7.291667;8.291667;12.060302;volume;month;12.06;1.0;34.0;20.0;11.0;6.63;24.0;6846.0;0;historical;5.5254529391317835;2.115251034577551;2.5695772476238075;2.6390573296152584;0.6723502022908507;-0.6528655159872415;-1.5679564414076896;0.6217029314143547;-0.0889905532990034;0;2.6448532965687357;1;1
開心成長可爾必思蘋果口味160ml;飲料零食;63.0;可爾必思;規格：160ml毫升x1x6Bottle瓶;開心成長可爾必思蘋果口味160ml;69.0;1;160.0;12.0;375;8.70%;1;10024004001;unique_master_match;1;1;ml;6;bottle;10.5;11.5;8.695652;volume;month;8.7;1.0;33.0;16.0;10.0;4.37;24.0;3228.0;0;historical;5.081404364984463;2.4423470353692043;2.2716775375937495;2.5649493574615367;0.6723502022908507;-1.1081498335141695;-1.1087744130803854;0.3935887664111758;-0.29662521350160326;168;2.6454056469560525;1;1
開心成長可爾必思160mlx6;飲料零食;63.0;可爾必思;規格：160ml毫升x1x6Set組;開心成長可爾必思160ml;69.0;1;160.0;12.0;378;8.70%;1;10024007001;unique_master_match;1;1;ml;6;set;10.5;11.5;8.695652;volume;month;8.7;1.0;33.0;16.0;10.0;4.4;24.0;8280.0;0;historical;5.081404364984463;2.4423470353692043;2.2716775375937495;2.5649493574615367;0.6723502022908507;-1.1081498335141695;-1.1087744130803854;0.3935887664111758;-0.29662521350160326;168;2.6454056469560525;1;1
Asahi 十六茶(無糖) 530ml;飲料零食;89.0;Asahi;規格：530ml毫升x1x4Bottle瓶;Asahi 十六茶 530ml;92.0;1;530.0;12.0;576;3.26%;1;10035021001;unique_master_match;1;1;ml;4;bottle;22.25;23.0;3.26087;volume;month;3.26;1.0;41.0;27.0;24.0;13.91;24.0;8935.0;0;historical;6.274762021241939;3.1463051320333655;1.4494733647822335;2.5649493574615367;0.6723502022908507;0.11540330397313796;-0.12054800278693913;-0.23600707416249908;-0.29662521350160326;47;2.645487243758984;1;1
泰山冰鎮檸檬紅茶Pet535ml;飲料零食;89.0;泰山;規格：535ml毫升x1x4Bottle瓶;泰山冰鎮檸檬紅茶Pet535ml;92.0;1;535.0;12.0;416;3.26%;1;10031012001;unique_master_match;1;1;ml;4;bottle;22.25;23.0;3.26087;volume;month;3.26;1.0;43.0;29.0;24.0;17.0;24.0;1422.0;0;historical;6.284134161070802;3.1463051320333655;1.4494733647822335;2.5649493574615367;0.6723502022908507;0.12501258668268053;-0.12054800278693913;-0.23600707416249908;-0.29662521350160326;47;2.6473785069420335;1;1
泰山冰鎮檸檬紅茶Pet535ml;飲料零食;89.0;泰山;規格：535ml毫升x1x4Bottle瓶;泰山冰鎮芭樂綠茶Pet535ml;92.0;1;535.0;12.0;524;3.26%;1;10034002001;unique_master_match;1;1;ml;4;bottle;22.25;23.0;3.26087;volume;month;3.26;1.0;42.0;29.0;24.0;14.0;24.0;803.0;0;historical;6.284134161070802;3.1463051320333655;1.4494733647822335;2.5649493574615367;0.6723502022908507;0.12501258668268053;-0.12054800278693913;-0.23600707416249908;-0.29662521350160326;47;2.6473785069420335;1;1
泰山冰鎮水果茶 535ml;飲料零食;89.0;泰山;規格：535ml毫升x1x4Bottle瓶;泰山冰鎮水果茶 535ml;92.0;1;535.0;12.0;528;3.26%;1;10034007001;unique_master_match;1;1;ml;4;bottle;22.25;23.0;3.26087;volume;month;3.26;1.0;42.0;27.0;22.0;14.5;24.0;338.0;0;historical;6.284134161070802;3.1463051320333655;1.4494733647822335;2.5649493574615367;0.6723502022908507;0.12501258668268053;-0.12054800278693913;-0.23600707416249908;-0.29662521350160326;47;2.6473785069420335;1;1
波蜜初茗四季青茶(無糖) 580ml;飲料零食;25.0;波蜜;規格：580ml毫升x1x1BOTTLE瓶;波蜜靠茶四季青茶580ml;0.0;1;580.0;10.0;534;0.00%;0;10034016001;unique_master_match;1;1;ml;1;bottle;25.0;0.0;0.0;volume;month;0.0;0.0;43.0;29.0;25.0;15.434;24.0;12244.0;0;historical;6.364750756851911;3.258096538021482;0.0;2.3978952727983707;-1.4873201444615787;0.20766902097486545;0.03638636641032071;-1.3459289544768014;-0.7646749670766093;108;2.659528421139004;1;1
Red Bull 紅牛能量飲料-無糖250mlx4;飲料零食;199.0;紅牛;規格：250ml毫升x4x1Bottle瓶;紅牛無糖能量飲料4入;0.0;1;250.0;12.0;306;0.00%;0;10022014001;unique_master_match;1;1;ml;4;bottle;49.75;0.0;0.0;volume;month;0.0;0.0;33.0;22.0;14.0;6.75;6.0;145.0;0;historical;5.5254529391317835;3.926911617921897;0.0;2.5649493574615367;-1.4873201444615787;-0.6528655159872415;0.9752785088433776;-1.3459289544768014;-0.29662521350160326;50;2.669343764218459;1;1
阿薩姆紅茶-300mlx24;飲料零食;184.0;匯竑;規格：300ml毫升x1x24Bottle瓶;阿薩姆紅茶300ml;216.0;1;300.0;12.0;420;14.81%;1;10031017001;unique_master_match;1;1;ml;24;bottle;7.666667;9.0;14.814815;volume;month;14.81;1.0;35.0;21.0;13.0;7.82;24.0;9888.0;0;historical;5.707110264748875;2.15948428781491;2.7609471589338974;2.5649493574615367;0.6723502022908507;-0.4666117222977574;-1.5058611700137012;0.7682428106268215;-0.29662521350160326;0;2.679676858522025;1;1
[限量]桂格蜜人蔘60mlx19;飲料零食;985.0;桂格;規格：60ml毫升x19x1Box盒;桂格無糖養氣人蔘60mlx19;999.0;1;60.0;24.0;318;1.40%;0;10023002001;unique_master_match;1;1;ml;19;box;51.842105;52.578947;1.401401;volume;month;1.4;0.0;56.0;32.0;20.0;13.58;4.0;196.333333;0;historical;4.110873864173311;3.967308316105154;0.8760523170381467;3.2188758248682006;-1.4873201444615787;-2.103237628918904;1.031987969566284;-0.6750993562200819;1.5355366431988628;12;2.695525548194362;1;1
[限量]桂格蜜人蔘60mlx19;飲料零食;985.0;桂格;規格：60ml毫升x19x1Box盒;桂格養氣人蔘滋補液60mlx19;999.0;1;60.0;24.0;330;1.40%;0;10023027001;unique_master_match;1;1;ml;19;box;51.842105;52.578947;1.401401;volume;month;1.4;0.0;56.0;33.0;20.0;13.58;4.0;1412.0;0;historical;4.110873864173311;3.967308316105154;0.8760523170381467;3.2188758248682006;-1.4873201444615787;-2.103237628918904;1.031987969566284;-0.6750993562200819;1.5355366431988628;12;2.695525548194362;1;1
聖沛黎洛氣泡礦泉水250ml*6入/組;飲料零食;249.0;聖沛黎洛;規格：250ml毫升x1x6Bottle瓶;S.Pellegrino氣泡礦泉水;0.0;1;250.0;30.0;695;0.00%;0;10041899001;unique_master_match;1;1;ml;6;bottle;41.5;0.0;0.0;volume;month;0.0;0.0;26.0;17.0;31.0;6.46;6.0;2865.0;0;historical;5.5254529391317835;3.7495040759303713;0.0;3.4339872044851463;-1.4873201444615787;-0.6528655159872415;0.7262312726342189;-1.3459289544768014;2.1382326408687162;39;2.699467437285975;1;1
優鮮沛蔓越莓綜合果汁Pet500ml;飲料零食;80.0;優鮮沛;規格：500ml毫升x1x4Bottle瓶;優鮮沛蔓越莓綜合果汁Pet500ml;88.0;1;500.0;10.0;147;9.09%;1;10014030001;unique_master_match;1;1;ml;4;bottle;20.0;22.0;9.090909;volume;month;9.09;1.0;42.0;29.0;24.0;13.78;24.0;3001.0;0;historical;6.2166061010848646;3.044522437723423;2.3116349195049546;2.3978952727983707;0.6723502022908507;0.0557758668854113;-0.26343199986652044;0.4241857911933349;-0.7646749670766093;81;2.702435433358737;1;1
泰山冰鎮檸檬紅茶250ml;飲料零食;159.0;泰山;規格：250ml毫升x1x24Bottle瓶;泰山冰鎮檸檬紅茶250ml;191.0;1;250.0;13.0;408;16.75%;1;10031001001;unique_master_match;1;1;ml;24;bottle;6.625;7.958333;16.753927;volume;month;16.75;1.0;35.0;20.0;11.0;6.6;24.0;24320.0;0;historical;5.5254529391317835;2.031432322493475;2.8766067308882093;2.6390573296152584;0.6723502022908507;-0.6528655159872415;-1.6856223441805684;0.8568081424907593;-0.0889905532990034;164;2.7044822218274196;1;1
波蜜靠茶初茗綠茶 250ml;飲料零食;155.0;波蜜;規格：250ml毫升x1x24Bottle瓶;波蜜靠茶初茗綠茶 250ml;179.0;1;250.0;13.0;518;13.41%;1;10033068001;unique_master_match;1;1;ml;24;bottle;6.458333;7.458333;13.407821;volume;month;13.41;1.0;35.0;20.0;11.0;5.0;24.0;10211.0;0;historical;5.5254529391317835;2.0093319308000708;2.6677711841429548;2.6390573296152584;0.6723502022908507;-0.6528655159872415;-1.716647189058049;0.6968941017420477;-0.0889905532990034;164;2.716148924311496;1;1
光泉果汁時刻葡萄汁TP250ml;飲料零食;175.0;光泉;規格：250ml毫升x1x24Bottle瓶;光泉果汁時刻葡萄汁TP250ml;202.0;1;250.0;12.0;129;13.37%;1;10013005001;unique_master_match;1;1;ml;24;bottle;7.291667;8.416667;13.366337;volume;month;13.37;1.0;34.0;20.0;11.0;6.71;24.0;6180.0;0;historical;5.5254529391317835;2.115251034577551;2.6648877615425834;2.5649493574615367;0.6723502022908507;-0.6528655159872415;-1.5679564414076896;0.6946861454510912;-0.29662521350160326;0;2.7177680974600595;1;1
舒跑S補給飲料Pet590ml;飲料零食;78.0;舒跑;規格：590ml毫升x1x4Bottle瓶;舒跑S健康補給飲料Pet590ml;92.0;1;590.0;10.0;279;15.22%;1;10021015001;unique_master_match;1;1;ml;4;bottle;19.5;23.0;15.217391;volume;month;15.22;1.0;43.0;29.0;24.0;16.27;24.0;3421.0;0;historical;6.3818160174060985;3.0204248861443626;2.7860841849479097;2.3978952727983707;0.6723502022908507;0.22516608313693168;-0.29726048625893847;0.7874912741425162;-0.7646749670766093;140;2.721777250830306;1;1
御茶園特上檸檬茶PET550ml;飲料零食;78.0;御茶園特上;規格：550ml毫升x1x4Bottle瓶;御茶園特上檸檬茶PET550ml;100.0;1;550.0;10.0;548;22.00%;1;10034033001;unique_master_match;1;1;ml;4;bottle;19.5;25.0;22.0;volume;month;22.0;1.0;42.0;28.0;24.0;14.5;24.0;2397.0;0;historical;6.311734809152915;3.0204248861443626;3.1354942159291497;2.3978952727983707;0.6723502022908507;0.15331161286353406;-0.29726048625893847;1.0550490285726168;-0.7646749670766093;140;2.727071136257031;1;1
光泉正庄蜂蜜菊花茶250ml;飲料零食;172.0;光泉;規格：250ml毫升x1x24BOTTLE瓶;光泉正庄蜂蜜菊花茶250ml;199.0;1;250.0;12.0;564;13.57%;1;10034999001;unique_master_match;1;1;ml;24;bottle;7.166667;8.291667;13.567839;volume;month;13.57;1.0;34.0;20.0;11.0;6.58;24.0;10057.0;0;historical;5.5254529391317835;2.1000608696988974;2.678816290744248;2.5649493574615367;0.6723502022908507;-0.6528655159872415;-1.5892806113844697;0.7053517980233597;-0.29662521350160326;0;2.7274974719618945;1;1
御茶園特上紅茶Pet 550ml;飲料零食;465.0;御茶園特上;規格：550ml毫升x1x24Bottle瓶;御茶園特上奶茶550ml;600.0;1;550.0;10.0;450;22.50%;1;10032014001;unique_master_match;1;1;ml;24;bottle;19.375;25.0;22.5;volume;month;22.5;1.0;40.0;27.0;24.0;14.6;24.0;2038.0;0;historical;6.311734809152915;3.0143086591269266;3.1570004211501135;2.3978952727983707;0.6723502022908507;0.15331161286353406;-0.30584653292652025;1.0715172219987605;-0.7646749670766093;140;2.7291145193466155;1;1
愛之味健康油切分解茶(無糖) 590ml;飲料零食;129.0;愛之味;規格：590ml毫升x1x6Bottle瓶;愛之味健康油切分解茶無糖 590ml;156.0;1;590.0;10.0;501;17.31%;1;10033041001;unique_master_match;1;1;ml;6;bottle;21.5;26.0;17.307692;volume;month;17.31;1.0;39.0;26.0;24.0;15.762;24.0;23039.0;0;historical;6.3818160174060985;3.1135153092103742;2.907321299403215;2.3978952727983707;0.6723502022908507;0.22516608313693168;-0.1665788234509448;0.8803275616587959;-0.7646749670766093;140;2.7308261329654173;1;1
立頓瑞士巧克力奶茶TP250ml;飲料零食;43.0;立頓;規格：250ml毫升x1x6Bottle瓶;立頓瑞士巧克力奶茶TP250ml;48.0;1;250.0;12.0;446;10.42%;1;10032008001;unique_master_match;1;1;ml;6;bottle;7.166667;8.0;10.416667;volume;month;10.42;1.0;34.0;20.0;11.0;6.62;24.0;22644.0;0;historical;5.5254529391317835;2.1000608696988974;2.4350743052372046;2.5649493574615367;0.6723502022908507;-0.6528655159872415;-1.5892806113844697;0.5187084491777161;-0.29662521350160326;0;2.7341213582968127;1;1
阿薩姆原味奶茶TP250ml;飲料零食;43.0;匯竑;規格：250ml毫升x1x6Bottle瓶;阿薩姆原味奶茶TP250ml;48.0;1;250.0;12.0;457;10.42%;1;10032047001;unique_master_match;1;1;ml;6;bottle;7.166667;8.0;10.416667;volume;month;10.42;1.0;42.0;25.0;8.0;6.13;24.0;22812.0;0;historical;5.5254529391317835;2.1000608696988974;2.4350743052372046;2.5649493574615367;0.6723502022908507;-0.6528655159872415;-1.5892806113844697;0.5187084491777161;-0.29662521350160326;0;2.7341213582968127;1;1
光泉果汁時刻蘋果汁TP-250ml;飲料零食;175.0;光泉;規格：250ml毫升x1x24Bottle瓶;光泉果汁時刻蘋果汁TP250ml;192.0;1;250.0;12.0;109;8.85%;1;10011001001;unique_master_match;1;1;ml;24;bottle;7.291667;8.0;8.854167;volume;month;8.85;1.0;34.0;20.0;11.0;6.59;24.0;7775.0;0;historical;5.5254529391317835;2.115251034577551;2.28789441141068;2.5649493574615367;0.6723502022908507;-0.6528655159872415;-1.5679564414076896;0.40600669937706463;-0.29662521350160326;200;2.7345624691941635;1;1
[限量]舒跑Pet590mlX4入;飲料零食;79.0;舒跑;規格：590ml毫升x1x4Bottle瓶;舒跑Pet590ml;99.0;1;590.0;10.0;280;20.20%;1;10021016001;unique_master_match;1;1;ml;4;bottle;19.75;24.75;20.20202;volume;month;20.2;1.0;43.0;29.0;24.0;16.27;24.0;15725.0;0;historical;6.3818160174060985;3.0325462466767075;3.0540964601576963;2.3978952727983707;0.6723502022908507;0.22516608313693168;-0.2802443475661456;0.9927193905576477;-0.7646749670766093;140;2.735671564753225;1;1
立頓奶茶TP250ml;飲料零食;168.0;立頓;規格：250ml毫升x1x24Bottle瓶;立頓奶茶TP250ml;192.0;1;250.0;12.0;444;12.50%;1;10032006001;unique_master_match;1;1;ml;24;bottle;7.0;8.0;12.5;volume;month;12.5;1.0;34.0;20.0;11.0;6.61;24.0;65181.0;0;historical;5.5254529391317835;2.0794415416798357;2.6026896854443837;2.5649493574615367;0.6723502022908507;-0.6528655159872415;-1.6182263179648737;0.6470584985745185;-0.29662521350160326;0;2.7416578027416447;1;1
悅氏礦泉水600ml;飲料零食;188.0;悅氏;規格：600ml毫升x1x24Bottle瓶;悅氏礦泉水600ml;218.0;1;600.0;12.0;596;13.76%;1;10040005001;unique_master_match;1;1;ml;24;bottle;7.833333;9.083333;13.761468;volume;month;13.76;1.0;41.0;27.0;24.0;15.68;24.0;31392.0;0;historical;6.398594934535208;2.178532406588217;2.692020272221288;2.5649493574615367;0.6723502022908507;0.2423695565376432;-1.4791211493684546;0.7154626343482708;-0.29662521350160326;142;2.7430375106260465;1;1
黑松FIN補給飲料Pet580ml;飲料零食;79.0;黑松;規格：580ml毫升x1x4Bottle瓶;黑松FIN健康補給飲料Pet580ml;104.0;1;580.0;10.0;273;24.04%;1;10021006001;unique_master_match;1;1;ml;4;bottle;19.75;26.0;24.038462;volume;month;24.04;1.0;42.0;28.0;24.0;16.04;24.0;22113.0;0;historical;6.364750756851911;3.0325462466767075;3.2204131226202666;2.3978952727983707;0.6723502022908507;0.20766902097486545;-0.2802443475661456;1.120074957905923;-0.7646749670766093;140;2.747872800318613;1;1
黑松FIN補給飲料Can240ml;飲料零食;172.0;黑松;規格：240ml毫升x1x24Bottle瓶;黑松FIN健康補給飲料Can240ml;219.0;1;240.0;12.0;289;21.46%;1;10021027001;unique_master_match;1;1;ml;24;bottle;7.166667;9.125;21.461187;volume;month;21.46;1.0;40.0;27.0;10.0;6.35;24.0;14104.0;0;historical;5.484796933490655;2.1000608696988974;3.1117887974240515;2.5649493574615367;0.6723502022908507;-0.6945502389192675;-1.5892806113844697;1.0368968063103132;-0.29662521350160326;164;2.751280823331442;1;1
午后時光錫蘭紅茶250ml;飲料零食;165.0;光泉;規格：250ml毫升x1x24Bottle瓶;午后時光錫蘭紅茶 250ml;192.0;1;250.0;12.0;437;14.06%;1;10031911001;unique_master_match;1;1;ml;24;bottle;6.875;8.0;14.0625;volume;month;14.06;1.0;35.0;21.0;12.0;6.6;24.0;2471.0;0;historical;5.5254529391317835;2.063693184711697;2.7122082112508736;2.5649493574615367;0.6723502022908507;-0.6528655159872415;-1.640334085953326;0.7309213766693169;-0.29662521350160326;0;2.751491189543288;1;1
光泉茉莉茶園蘋果紅茶-250ml;飲料零食;165.0;光泉;規格：250ml毫升x1x24Bottle瓶;茉莉茶園蘋果紅茶 250ml;192.0;1;250.0;12.0;529;14.06%;1;10034011001;unique_master_match;1;1;ml;24;bottle;6.875;8.0;14.0625;volume;month;14.06;1.0;34.0;20.0;11.0;6.665;24.0;5058.0;0;historical;5.5254529391317835;2.063693184711697;2.7122082112508736;2.5649493574615367;0.6723502022908507;-0.6528655159872415;-1.640334085953326;0.7309213766693169;-0.29662521350160326;0;2.751491189543288;1;1
光泉正庄蘆筍汁TP250ml;飲料零食;45.0;光泉;規格：250ml毫升x1x6BOTTLE瓶;光泉正庄蘆筍汁TP250ml;48.0;1;250.0;12.0;215;6.25%;1;10015011001;unique_master_match;1;1;ml;6;bottle;7.5;8.0;6.25;volume;month;6.25;1.0;34.0;20.0;11.0;6.65;24.0;4520.0;0;historical;5.5254529391317835;2.1400661634962708;1.9810014688665833;2.5649493574615367;0.6723502022908507;-0.6528655159872415;-1.533120609717533;0.1710060431939771;-0.29662521350160326;200;2.7550927140851993;1;1
阿薩姆草莓奶茶TP250ml;飲料零食;45.0;;規格：250ml毫升x1x6Bottle瓶;阿薩姆草莓奶茶TP250ml;48.0;1;250.0;12.0;448;6.25%;1;10032011001;unique_master_match;1;1;ml;6;bottle;7.5;8.0;6.25;volume;month;6.25;1.0;42.0;25.0;8.0;6.21;24.0;5936.0;0;historical;5.5254529391317835;2.1400661634962708;1.9810014688665833;2.5649493574615367;0.6723502022908507;-0.6528655159872415;-1.533120609717533;0.1710060431939771;-0.29662521350160326;200;2.7550927140851993;1;1
舒跑S運補飲料TP250ml;飲料零食;164.0;舒跑;規格：250ml毫升x1x24BOTTLE瓶;舒跑TP250ml;184.0;1;250.0;12.0;275;10.87%;1;10021008001;unique_master_match;1;1;ml;24;bottle;6.833333;7.666667;10.869565;volume;month;10.87;1.0;35.0;20.0;11.0;6.58;24.0;64639.0;0;historical;5.5254529391317835;2.058388089928811;2.4739775609407917;2.5649493574615367;0.6723502022908507;-0.6528655159872415;-1.6477814536281932;0.5484982857970049;-0.29662521350160326;0;2.7596209774506684;1;1
光泉茉莉蜜茶TP250ml;飲料零食;44.0;光泉;規格：250ml毫升x1x6Bottle瓶;光泉茉莉蜜茶TP250ml;47.0;1;250.0;12.0;554;6.38%;1;10034042001;unique_master_match;1;1;ml;6;bottle;7.333333;7.833333;6.382979;volume;month;6.38;1.0;34.0;20.0;11.0;6.64;24.0;45287.0;0;historical;5.5254529391317835;2.1202634962000904;1.9991772157007768;2.5649493574615367;0.6723502022908507;-0.6528655159872415;-1.5609198763345002;0.18492396648424436;-0.29662521350160326;200;2.7646542510923204;1;1
寶礦力水得Pet900ml;飲料零食;31.0;金車;規格：900ml毫升x1x1Bottle瓶;寶礦力水得Pet900ml;33.0;1;900.0;12.0;282;6.06%;1;10021018001;unique_master_match;1;1;ml;1;bottle;31.0;33.0;6.060606;volume;month;6.06;1.0;33.0;24.0;22.0;11.95;12.0;1155.0;0;historical;6.803505257608338;3.4657359027997265;1.9545308835155293;2.5649493574615367;0.6723502022908507;0.6575253093828197;0.3278734663709148;0.15073641797718246;-0.29662521350160326;182;2.767913554781322;1;1
泰山冰鎮水果茶-250ml;飲料零食;159.0;泰山;規格：250ml毫升x1x24Bottle瓶;泰山冰鎮水果茶TP250ml;191.0;1;250.0;12.0;542;16.75%;1;10034025001;unique_master_match;1;1;ml;24;bottle;6.625;7.958333;16.753927;volume;month;16.75;1.0;35.0;20.0;11.0;6.7;24.0;13678.0;0;historical;5.5254529391317835;2.031432322493475;2.8766067308882093;2.5649493574615367;0.6723502022908507;-0.6528655159872415;-1.6856223441805684;0.8568081424907593;-0.29662521350160326;164;2.77716518509014;1;1
茉莉茶園茉香柚茶 250ml;飲料零食;165.0;光泉;規格：250ml毫升x1x24Bottle瓶;光泉茉莉柚茶TP250ml;179.0;1;250.0;12.0;525;7.82%;1;10034003001;unique_master_match;1;1;ml;24;bottle;6.875;7.458333;7.821229;volume;month;7.82;1.0;34.0;20.0;11.0;6.64;24.0;21328.0;0;historical;5.5254529391317835;2.063693184711697;2.177161202715077;2.5649493574615367;0.6723502022908507;-0.6528655159872415;-1.640334085953326;0.3212136882084017;-0.29662521350160326;200;2.778588960711885;1;1
悅氏light鹼性水Pet1450ml;飲料零食;360.0;悅氏;規格：1450ml毫升x1x12BOTTLE瓶;悅氏light鹼性水Pet1450ml;0.0;1;1450.0;13.0;654;0.00%;0;10040111001;unique_master_match;1;1;ml;12;bottle;30.0;0.0;0.0;volume;month;0.0;0.0;37.0;27.0;31.0;18.6;12.0;516.0;0;historical;7.280008252884188;3.4339872044851463;0.0;2.6390573296152584;-1.4873201444615787;1.1460852409630247;0.2833041911319721;-1.3459289544768014;-0.0889905532990034;40;2.779476395200057;1;1
義美寶吉純果汁蘋果TP125ml;飲料零食;76.0;義美;規格：125ml毫升x1x6Bottle瓶;義美寶吉純果汁蘋果TP125ml;79.0;1;125.0;12.0;117;3.80%;1;10011023001;unique_master_match;1;1;ml;6;bottle;12.666667;13.166667;3.797468;volume;month;3.8;1.0;27.0;16.0;9.0;3.41;24.0;6798.0;0;historical;4.836281906951478;2.6149598024264415;1.5680882787367743;2.5649493574615367;0.6723502022908507;-1.3594746153364514;-0.8664581502685499;-0.14517871433988008;-0.29662521350160326;89;2.780155847397884;1;1
義美寶吉純果汁柳橙TP125ml;飲料零食;76.0;義美;規格：125ml毫升x1x6Bottle瓶;義美寶吉純果汁柳橙TP125ml;79.0;1;125.0;12.0;121;3.80%;1;10012006001;unique_master_match;1;1;ml;6;bottle;12.666667;13.166667;3.797468;volume;month;3.8;1.0;28.0;16.0;9.0;3.4;24.0;2842.0;0;historical;4.836281906951478;2.6149598024264415;1.5680882787367743;2.5649493574615367;0.6723502022908507;-1.3594746153364514;-0.8664581502685499;-0.14517871433988008;-0.29662521350160326;89;2.780155847397884;1;1
義美寶吉純果汁葡萄TP125ml;飲料零食;76.0;義美;規格：125ml毫升x1x6Bottle瓶;義美寶吉純果汁葡萄TP125ml;79.0;1;125.0;12.0;133;3.80%;1;10013012001;unique_master_match;1;1;ml;6;bottle;12.666667;13.166667;3.797468;volume;month;3.8;1.0;27.0;16.0;9.0;3.41;24.0;5952.0;0;historical;4.836281906951478;2.6149598024264415;1.5680882787367743;2.5649493574615367;0.6723502022908507;-1.3594746153364514;-0.8664581502685499;-0.14517871433988008;-0.29662521350160326;89;2.780155847397884;1;1
波蜜靠茶初茗紅茶 250ml;飲料零食;155.0;波蜜;規格：250ml毫升x1x24Bottle瓶;波蜜靠茶初茗紅茶 250ml;179.0;1;250.0;12.0;436;13.41%;1;10031910001;unique_master_match;1;1;ml;24;bottle;6.458333;7.458333;13.407821;volume;month;13.41;1.0;35.0;20.0;11.0;6.6;24.0;12050.0;0;historical;5.5254529391317835;2.0093319308000708;2.6677711841429548;2.5649493574615367;0.6723502022908507;-0.6528655159872415;-1.716647189058049;0.6968941017420477;-0.29662521350160326;0;2.7885278116121905;1;1
原萃冷萃金萱烏龍茶450ml;飲料零食;108.0;原萃;規格：450ml毫升x1x4Bottle瓶;原萃冷萃金萱烏龍 450ml;0.0;1;450.0;9.0;389;0.00%;0;10030008001;unique_master_match;1;1;ml;4;bottle;27.0;0.0;0.0;volume;month;0.0;0.0;40.0;27.0;19.0;12.05;24.0;4296.0;0;historical;6.111467339502679;3.332204510175204;0.0;2.302585092994046;-1.4873201444615787;-0.05202321659208888;0.14042019405239078;-1.3459289544768014;-1.0317136705034151;29;2.7930586324335818;1;1
優鮮沛綜合果汁蔓越莓TP250ml;飲料零食;180.0;優鮮沛;規格：250ml毫升x1x24Bottle瓶;優鮮沛綜合果汁蔓越莓TP250ml;189.0;1;250.0;12.0;142;4.76%;1;10014023001;unique_master_match;1;1;ml;24;bottle;7.5;7.875;4.761905;volume;month;4.76;1.0;35.0;21.0;11.0;6.64;24.0;24352.0;0;historical;5.5254529391317835;2.1400661634962708;1.7512681491956312;2.5649493574615367;0.6723502022908507;-0.6528655159872415;-1.533120609717533;-0.004910289134308556;-0.29662521350160326;43;2.794771371281025;1;1
光泉冷泡茶茶王烏龍-1235ml;飲料零食;384.0;光泉;規格：1235ml毫升x1x12Bottle瓶;冷泡茶茶王烏龍 1235ml;430.0;1;1235.0;13.0;396;10.70%;1;10030017001;unique_master_match;1;1;ml;12;bottle;32.0;35.833333;10.697674;volume;month;10.7;1.0;35.0;26.0;31.0;15.83;12.0;657.0;0;historical;7.119635638017636;3.4965075614664802;2.459390018620888;2.6390573296152584;0.6723502022908507;0.9816547242121634;0.3710711594255465;0.5373279995438976;-0.0889905532990034;14;2.798335455562095;1;1
家樂福竹炭水1500ml;飲料零食;228.0;家樂福;規格：1500ml毫升x1x12Bottle瓶;家福竹炭水1500ml;0.0;1;1500.0;12.0;625;0.00%;0;10040035001;unique_master_match;1;1;ml;12;bottle;19.0;0.0;0.0;volume;month;0.0;0.0;38.0;28.0;31.0;18.72;12.0;552.0;0;historical;7.313886831633462;2.995732273553991;0.0;2.5649493574615367;-1.4873201444615787;1.1808210480405814;-0.33192432778101594;-1.3459289544768014;-0.29662521350160326;57;2.8025107071686075;1;1
味丹多喝水1500ml;飲料零食;220.0;味丹;規格：1500ml毫升x1x12Bottle瓶;味丹多喝水1500ml;0.0;1;1500.0;12.0;600;0.00%;0;10040009001;unique_master_match;1;1;ml;12;bottle;18.333333;0.0;0.0;volume;month;0.0;0.0;37.0;28.0;32.0;19.27;12.0;3216.0;0;historical;7.313886831633462;2.96183070463693;0.0;2.5649493574615367;-1.4873201444615787;1.1808210480405814;-0.3795158334586698;-1.3459289544768014;-0.29662521350160326;57;2.8029147713063547;1;1
茶裏王台式綠茶Pet600ml;飲料零食;68.0;統一;規格：600ml毫升x1x4Bottle瓶;茶裏王台式綠茶微甜Pet600ml;0.0;1;600.0;9.0;478;0.00%;0;10033014001;unique_master_match;1;1;ml;4;bottle;17.0;0.0;0.0;volume;month;0.0;0.0;41.0;27.0;24.0;15.58;24.0;3567.0;0;historical;6.398594934535208;2.8903717578961645;0.0;2.302585092994046;-1.4873201444615787;0.2423695565376432;-0.47983092146690826;-1.3459289544768014;-1.0317136705034151;108;2.8092488106624156;1;1
咖啡廣場奶香特調咖啡Pet600ml;飲料零食;88.0;統一;規格：600ml毫升x1x4Bottle瓶;咖啡廣場奶香特調咖啡Pet600ml;0.0;1;600.0;9.0;254;0.00%;0;10020036001;unique_master_match;1;1;ml;4;bottle;22.0;0.0;0.0;volume;month;0.0;0.0;41.0;27.0;24.0;16.17;24.0;2032.0;0;historical;6.398594934535208;3.1354942159291497;0.0;2.302585092994046;-1.4873201444615787;0.2423695565376432;-0.1357245209124912;-1.3459289544768014;-1.0317136705034151;108;2.8122049861216873;1;1
咖啡廣場調和式冰咖啡Pet600ml;飲料零食;88.0;統一;規格：600ml毫升x1x4Bottle瓶;咖啡廣場調和式冰咖啡Pet600ml;0.0;1;600.0;9.0;260;0.00%;0;10020042001;unique_master_match;1;1;ml;4;bottle;22.0;0.0;0.0;volume;month;0.0;0.0;41.0;27.0;23.0;16.102;24.0;2168.0;0;historical;6.398594934535208;3.1354942159291497;0.0;2.302585092994046;-1.4873201444615787;0.2423695565376432;-0.1357245209124912;-1.3459289544768014;-1.0317136705034151;108;2.8122049861216873;1;1
家樂福純水 600ml;飲料零食;144.0;家樂福;規格：600ml毫升x1x24Bottle瓶;家樂福超值純水 600ml;0.0;1;600.0;12.0;640;0.00%;0;10040063001;unique_master_match;1;1;ml;24;bottle;6.0;0.0;0.0;volume;month;0.0;0.0;40.0;27.0;23.0;15.2;24.0;50166.0;0;historical;6.398594934535208;1.9459101490553132;0.0;2.5649493574615367;-1.4873201444615787;0.2423695565376432;-1.8056795902833973;-1.3459289544768014;-0.29662521350160326;179;2.817523467204661;1;1
家樂福天然水1500ml;飲料零食;180.0;家樂福;規格：1500ml毫升x1x12BOTTLE瓶;家樂福天然水 1500 ml;0.0;1;1500.0;12.0;650;0.00%;0;10040082001;unique_master_match;1;1;ml;12;bottle;15.0;0.0;0.0;volume;month;0.0;0.0;36.0;28.0;31.0;19.13;12.0;1250.0;0;historical;7.313886831633462;2.772588722239781;0.0;2.5649493574615367;-1.4873201444615787;1.1808210480405814;-0.6451764257969794;-1.3459289544768014;-0.29662521350160326;57;2.8199633225817125;1;1
波蜜多果汁TP250ml;飲料零食;159.0;波蜜;規格：250ml毫升x1x24Bottle瓶;波蜜多果汁TP250ml;170.0;1;250.0;12.0;180;6.47%;1;10014090001;unique_master_match;1;1;ml;24;bottle;6.625;7.083333;6.470588;volume;month;6.47;1.0;35.0;20.0;11.0;6.61;24.0;10458.0;0;historical;5.5254529391317835;2.031432322493475;2.010973710906312;2.5649493574615367;0.6723502022908507;-0.6528655159872415;-1.6856223441805684;0.19395703218781;-0.29662521350160326;200;2.8206375072866057;1;1
波蜜紅蕃茄汁-250ml;飲料零食;159.0;波蜜;規格：250ml毫升x1x24Bottle瓶;波蜜紅蕃茄汁TP250ml;170.0;1;250.0;12.0;220;6.47%;1;10016015001;unique_master_match;1;1;ml;24;bottle;6.625;7.083333;6.470588;volume;month;6.47;1.0;35.0;20.0;11.0;6.58;24.0;5080.0;0;historical;5.5254529391317835;2.031432322493475;2.010973710906312;2.5649493574615367;0.6723502022908507;-0.6528655159872415;-1.6856223441805684;0.19395703218781;-0.29662521350160326;200;2.8206375072866057;1;1
紅花牌檸檬果露250ml;飲料零食;69.0;紅花牌;規格：250ml毫升x1x1Bottle瓶;紅花牌檸檬果露250ml;0.0;1;250.0;24.0;696;0.00%;0;10051001001;unique_master_match;1;1;ml;1;bottle;69.0;0.0;0.0;volume;month;0.0;0.0;25.0;19.0;20.0;5.6;12.0;68.0;0;historical;5.5254529391317835;4.248495242049359;0.0;3.2188758248682006;-1.4873201444615787;-0.6528655159872415;1.426722184236249;-1.3459289544768014;1.5355366431988628;113;2.823151499764193;1;1
可口可樂歡聚雙享組 350mlx12;飲料零食;199.0;CocaCola 可口可樂;規格：350ml毫升x12x1SET組;可樂雪碧350ml*12入組;222.0;1;350.0;9.0;19;10.36%;1;10000998001;unique_master_match;1;1;ml;12;set;16.583333;18.5;10.36036;volume;month;10.36;1.0;28.0;20.0;19.0;4.8;1.0;1740.0;0;historical;5.860786223465865;2.86695146473072;2.4301301029317286;2.302585092994046;0.6723502022908507;-0.3090473069201985;-0.5127086628446724;0.5149224683843591;-1.0317136705034151;177;2.8243426986099713;1;1
舒味思氣泡水500ml;飲料零食;120.0;Schweppes 舒味思;規格：500ml毫升x1x4Bottle瓶;舒味思氣泡水Pet500ml;0.0;1;500.0;9.0;672;0.00%;0;10041032001;unique_master_match;1;1;ml;4;bottle;30.0;0.0;0.0;volume;month;0.0;0.0;42.0;25.0;24.0;12.82;24.0;4581.0;0;historical;6.2166061010848646;3.4339872044851463;0.0;2.302585092994046;-1.4873201444615787;0.0557758668854113;0.2833041911319721;-1.3459289544768014;-1.0317136705034151;29;2.8360814364531017;1;1
御茶園特撰日式綠茶550ml;飲料零食;77.0;御茶園;規格：550ml毫升x1x4Bottle瓶;御茶園特撰日式綠茶550ml;80.0;1;550.0;10.0;491;3.75%;1;10033028001;unique_master_match;1;1;ml;4;bottle;19.25;20.0;3.75;volume;month;3.75;1.0;40.0;27.0;24.0;14.48;24.0;7776.0;0;historical;6.311734809152915;3.0081547935525483;1.55814461804655;2.3978952727983707;0.6723502022908507;0.15331161286353406;-0.3144854171368364;-0.15279298779854372;-0.7646749670766093;144;2.8388068932070163;1;1
御茶園特撰冰釀綠茶550ml;飲料零食;77.0;御茶園;規格：550ml毫升x1x4Bottle瓶;御茶園特撰冰釀綠茶550ml;80.0;1;550.0;10.0;511;3.75%;1;10033056001;unique_master_match;1;1;ml;4;bottle;19.25;20.0;3.75;volume;month;3.75;1.0;40.0;27.0;24.0;14.55;24.0;4404.0;0;historical;6.311734809152915;3.0081547935525483;1.55814461804655;2.3978952727983707;0.6723502022908507;0.15331161286353406;-0.3144854171368364;-0.15279298779854372;-0.7646749670766093;144;2.8388068932070163;1;1
每朝健康雙纖綠茶(無糖) 650ml;飲料零食;115.0;每朝;規格：650ml毫升x1x4Bottle瓶;每朝健康雙纖綠茶650ml;156.0;1;650.0;10.0;512;26.28%;1;10033057001;unique_master_match;1;1;ml;4;bottle;28.75;39.0;26.282051;volume;month;26.28;1.0;40.0;27.0;23.0;17.18;24.0;21888.0;0;historical;6.478509642208569;3.392829131991639;3.3062290134335974;2.3978952727983707;0.6723502022908507;0.32430634287525517;0.22552590229973143;1.1857877451889713;-0.7646749670766093;187;2.841257886967313;1;1
可爾必思乳酸菌飲料Pet500ml;飲料零食;80.0;;規格：500ml毫升x1x4Bottle瓶;可爾必思乳酸菌飲料Pet500ml;95.0;1;500.0;9.0;380;15.79%;1;10024011001;unique_master_match;1;1;ml;4;bottle;20.0;23.75;15.789474;volume;month;15.79;1.0;41.0;29.0;21.0;13.3;24.0;5008.0;0;historical;6.2166061010848646;3.044522437723423;2.8207521424271813;2.302585092994046;0.6723502022908507;0.0557758668854113;-0.26343199986652044;0.8140379672290983;-1.0317136705034151;22;2.8499570699422265;1;1
美粒果柳橙汁450ml;飲料零食;78.0;美粒果;規格：450ml毫升x1x4Bottle瓶;美粒果柳橙汁450mlPet;99.0;1;450.0;9.0;125;21.21%;1;10012899001;unique_master_match;1;1;ml;4;bottle;19.5;24.75;21.212121;volume;month;21.21;1.0;40.0;27.0;22.0;11.88;24.0;3369.333333;0;historical;6.111467339502679;3.0204248861443626;3.100638130870376;2.302585092994046;0.6723502022908507;-0.05202321659208888;-0.29726048625893847;1.0283582783947811;-1.0317136705034151;22;2.8500809221987384;1;1
美粒果白葡萄汁450ml;飲料零食;78.0;美粒果;規格：450ml毫升x1x4Bottle瓶;美粒果白葡萄蘆薈450mlPet;99.0;1;450.0;9.0;208;21.21%;1;10014898001;unique_master_match;1;1;ml;4;bottle;19.5;24.75;21.212121;volume;month;21.21;1.0;40.0;27.0;22.0;11.87;24.0;1249.0;0;historical;6.111467339502679;3.0204248861443626;3.100638130870376;2.302585092994046;0.6723502022908507;-0.05202321659208888;-0.29726048625893847;1.0283582783947811;-1.0317136705034151;22;2.8500809221987384;1;1
Arizona綠茶;飲料零食;65.0;Arizona;規格：650ml毫升x1x1Bottle瓶;Arizona綠茶;0.0;1;650.0;24.0;496;0.00%;0;10033033001;unique_master_match;1;1;ml;1;bottle;65.0;0.0;0.0;volume;month;0.0;0.0;44.0;30.0;20.0;17.76;24.0;283.0;0;historical;6.478509642208569;4.189654742026425;0.0;3.2188758248682006;-1.4873201444615787;0.32430634287525517;1.34412105159344;-1.3459289544768014;1.5355366431988628;120;2.854545506129199;1;1
黑松C&C氣泡飲(檸檬)500ml;飲料零食;85.0;黑松汽水C&C氣泡飲;規格：500ml毫升x1x4Bottle瓶;黑松CC檸檬氣泡飲PET 500ml;107.0;1;500.0;9.0;32;20.56%;1;10001022001;unique_master_match;1;1;ml;4;bottle;21.25;26.75;20.560748;volume;month;20.56;1.0;42.0;28.0;23.0;13.81;24.0;1544.0;0;historical;6.2166061010848646;3.1023420086122493;3.070874439316529;2.302585092994046;0.6723502022908507;0.0557758668854113;-0.18226406209446355;1.0055669851587692;-1.0317136705034151;22;2.866513955307908;1;1
立頓英式奶茶-535ml;飲料零食;79.0;立頓;規格：535ml毫升x1x4BOTTLE瓶;立頓英式奶茶535ml;88.0;1;535.0;9.0;458;10.23%;1;10032048001;unique_master_match;1;1;ml;4;bottle;19.75;22.0;10.227273;volume;month;10.23;1.0;42.0;28.0;24.0;15.46;24.0;1282.666667;0;historical;6.284134161070802;3.0325462466767075;2.418345907561159;2.302585092994046;0.6723502022908507;0.12501258668268053;-0.2802443475661456;0.5058988211746301;-1.0317136705034151;191;2.8667778658569407;1;1
立頓萃香奶綠-535ml;飲料零食;473.0;立頓;規格：535ml毫升x1x24Bottle瓶;立頓萃香奶綠535ml;526.0;1;535.0;9.0;445;10.08%;1;10032007001;unique_master_match;1;1;ml;24;bottle;19.708333;21.916667;10.076046;volume;month;10.08;1.0;43.0;28.0;24.0;14.1;24.0;698.666667;0;historical;6.284134161070802;3.0305361796521035;2.4047847584239626;2.302585092994046;0.6723502022908507;0.12501258668268053;-0.28306610830671597;0.49551448675683885;-1.0317136705034151;191;2.8674826026827605;1;1
午后時光阿薩姆奶茶250ml;飲料零食;165.0;光泉;規格：250ml毫升x1x24Bottle瓶;光泉午后時光-阿薩姆奶茶250ml;172.0;1;250.0;12.0;453;4.07%;1;10032019001;unique_master_match;1;1;ml;24;bottle;6.875;7.166667;4.069767;volume;month;4.07;1.0;35.0;20.0;11.0;6.5;24.0;18207.0;0;historical;5.5254529391317835;2.063693184711697;1.6232948599395594;2.5649493574615367;0.6723502022908507;-0.6528655159872415;-1.640334085953326;-0.10290474511552991;-0.29662521350160326;43;2.868679364600655;1;1
可果美100蕃茄檸檬汁280ml;飲料零食;89.0;可果美;規格：280ml毫升x1x4Set組;可果美100蕃茄檸檬汁280ml;95.0;1;280.0;9.0;216;6.32%;1;10016002001;unique_master_match;1;1;ml;4;set;22.25;23.75;6.315789;volume;month;6.32;1.0;36.0;24.0;16.0;7.93;24.0;1190.0;0;historical;5.638354669333745;3.1463051320333655;1.9900348892160478;2.302585092994046;0.6723502022908507;-0.5371070378042759;-0.12054800278693913;0.17792330786648344;-1.0317136705034151;20;2.8711454506443226;1;1
美粒果零加糖蘋果蘇打500ml;飲料零食;76.0;美粒果;規格：500ml毫升x1x4Bottle瓶;美粒果蘋果蘇打Pet 500ml;100.0;1;500.0;9.0;73;24.00%;1;10002906001;unique_master_match;1;1;ml;4;bottle;19.0;25.0;24.0;volume;month;24.0;1.0;42.0;29.0;22.0;13.2;24.0;1149.0;0;historical;6.2166061010848646;2.995732273553991;3.2188758248682006;2.302585092994046;0.6723502022908507;0.0557758668854113;-0.33192432778101594;1.1188977852492648;-1.0317136705034151;131;2.8765570877741284;1;1
阿維拉氣泡水500ml;飲料零食;432.0;AVILA阿維拉;規格：500ml毫升x1x24BOTTLE瓶;阿維拉氣泡水Pet 500ml;576.0;1;500.0;9.0;676;25.00%;1;10041038001;unique_master_match;1;1;ml;24;bottle;18.0;24.0;25.0;volume;month;25.0;1.0;43.0;29.0;24.0;13.9;24.0;1660.0;0;historical;6.2166061010848646;2.9444389791664403;3.258096538021482;2.302585092994046;0.6723502022908507;0.0557758668854113;-0.4039305855752446;1.148930712206083;-1.0317136705034151;131;2.8818903004437164;1;1
味丹青草茶 560ml;飲料零食;72.0;味丹;規格：560ml毫升x1x4Bottle瓶;味丹青草茶Pet560ml;79.0;1;560.0;9.0;572;8.86%;1;10035012001;unique_master_match;1;1;ml;4;bottle;18.0;19.75;8.860759;volume;month;8.86;1.0;41.0;28.0;25.0;16.49;24.0;4093.0;0;historical;6.329720905522696;2.9444389791664403;2.2885631433395406;2.302585092994046;0.6723502022908507;0.17175281071314719;-0.4039305855752446;0.4065187751543376;-1.0317136705034151;191;2.8848721729099904;1;1
椰活100純椰子水500ml;飲料零食;99.0;;規格：500ml毫升x1x3Can罐;椰活100純椰子水 500ml;100.0;1;500.0;24.0;146;1.00%;1;10014029001;unique_master_match;1;1;ml;3;can;33.0;33.333333;1.0;volume;month;1.0;1.0;41.0;28.0;18.0;12.92;24.0;2132.0;0;historical;6.2166061010848646;3.5263605246161616;0.6931471805599453;3.2188758248682006;0.6723502022908507;0.0557758668854113;0.41297917461825545;-0.8151574062205585;1.5355366431988628;126;2.8881657227613604;1;1
[限量]黑松沙士600 ml;飲料零食;89.0;黑松沙士;規格：600ml毫升x1x4Bottle瓶;黑松汽水-600毫升;107.0;1;600.0;9.0;24;16.82%;1;10001007001;unique_master_match;1;1;ml;4;bottle;22.25;26.75;16.82243;volume;month;16.82;1.0;42.0;28.0;24.0;15.97;24.0;364.0;0;historical;6.398594934535208;3.1463051320333655;2.8804577763823516;2.302585092994046;0.6723502022908507;0.2423695565376432;-0.12054800278693913;0.8597570477689715;-1.0317136705034151;175;2.8946665617711482;1;1
黑松加鹽沙士600ml;飲料零食;89.0;黑松沙士;規格：600ml毫升x1x4Bottle瓶;黑松加鹽沙士600 ml;107.0;1;600.0;9.0;40;16.82%;1;10002003001;unique_master_match;1;1;ml;4;bottle;22.25;26.75;16.82243;volume;month;16.82;1.0;43.0;28.0;24.0;16.03;24.0;4236.0;0;historical;6.398594934535208;3.1463051320333655;2.8804577763823516;2.302585092994046;0.6723502022908507;0.2423695565376432;-0.12054800278693913;0.8597570477689715;-1.0317136705034151;175;2.8946665617711482;1;1
[限量]黑松沙士600 ml;飲料零食;89.0;黑松沙士;規格：600ml毫升x1x4Bottle瓶;黑松沙士600 ml;107.0;1;600.0;9.0;45;16.82%;1;10002009001;unique_master_match;1;1;ml;4;bottle;22.25;26.75;16.82243;volume;month;16.82;1.0;43.0;28.0;24.0;16.02;24.0;11015.0;0;historical;6.398594934535208;3.1463051320333655;2.8804577763823516;2.302585092994046;0.6723502022908507;0.2423695565376432;-0.12054800278693913;0.8597570477689715;-1.0317136705034151;175;2.8946665617711482;1;1
泰山Cheers奇兒思強氣泡水-500ml;飲料零食;72.0;泰山;規格：500ml毫升x1x4BOTTLE瓶;奇而思 Cheers EX 強氣泡水 500ml;100.0;1;500.0;9.0;692;28.00%;1;10041085001;unique_master_match;1;1;ml;4;bottle;18.0;25.0;28.0;volume;month;28.0;1.0;43.0;29.0;23.0;14.09;24.0;8632.0;0;historical;6.2166061010848646;2.9444389791664403;3.367295829986474;2.302585092994046;0.6723502022908507;0.0557758668854113;-0.4039305855752446;1.2325491397064625;-1.0317136705034151;131;2.8958358937452404;1;1
【限量】天地合補含鐵玫瑰四物飲 120mlx12入;飲料零食;585.0;天地合補;規格：120ml毫升x12x1Box盒;天地合補含鐵玫瑰四物飲12入;614.0;1;120.0;24.0;342;4.72%;1;10023054001;unique_master_match;1;1;ml;12;box;48.75;51.166667;4.723127;volume;month;4.72;1.0;54.0;25.0;13.0;10.2;3.0;99.0;0;historical;4.795790545596741;3.907010463604602;1.7445153343392283;3.2188758248682006;0.6723502022908507;-1.4009905279942667;0.947340984742339;-0.010081199580089047;1.5355366431988628;85;2.899930581668156;1;1
統一麥香阿薩姆奶茶600ml;飲料零食;90.0;統一;規格：600ml毫升x1x4Bottle瓶;麥香阿薩姆紅茶Pet600ml;100.0;1;600.0;9.0;421;10.00%;1;10031019001;unique_master_match;1;1;ml;4;bottle;22.5;25.0;10.0;volume;month;10.0;1.0;41.0;27.0;23.0;16.0;24.0;1137.0;0;historical;6.398594934535208;3.1570004211501135;2.3978952727983707;2.302585092994046;0.6723502022908507;0.2423695565376432;-0.10553380347453774;0.49023892183391654;-1.0317136705034151;191;2.900130257693638;1;1
泰山Cheers奇兒思檸檬氣泡水-590ml;飲料零食;98.0;泰山;規格：590ml毫升x1x4BOTTLE瓶;泰山奇而思Cheers檸檬氣泡水590ml;116.0;1;590.0;9.0;674;15.52%;1;10041034001;unique_master_match;1;1;ml;4;bottle;24.5;29.0;15.517241;volume;month;15.52;1.0;43.0;29.0;24.0;16.0;24.0;1132.0;0;historical;6.3818160174060985;3.2386784521643803;2.8044047444599314;2.302585092994046;0.6723502022908507;0.22516608313693168;0.00912698069934363;0.8015200865071008;-1.0317136705034151;175;2.9008150523242064;1;1
【限量】原萃冷萃好運澎派組 450mlx12;飲料零食;259.0;原萃;規格：450ml毫升x12x1Set組;原萃冷萃蜜香福氣組 450mlx12入組;379.0;1;450.0;9.0;438;31.66%;1;10031916001;unique_master_match;1;1;ml;12;set;21.583333;31.583333;31.662269;volume;month;31.66;1.0;29.0;21.0;20.0;5.9;1.0;0.0;0;historical;6.111467339502679;3.117212156331553;3.486220558491067;2.302585092994046;0.6723502022908507;-0.05202321659208888;-0.161389136767493;1.3236147373813234;-1.0317136705034151;131;2.9028668252384016;1;1
原萃鐵觀音580ml;飲料零食;78.0;原萃;規格：580ml毫升x1x4Bottle瓶;原萃木柵鐵觀音 580ml;107.0;1;580.0;9.0;406;27.10%;1;10030048001;unique_master_match;1;1;ml;4;bottle;19.5;26.75;27.102804;volume;month;27.1;1.0;38.0;25.0;24.0;14.97;24.0;13804.0;0;historical;6.364750756851911;3.0204248861443626;3.335869357838229;2.302585092994046;0.6723502022908507;0.20766902097486545;-0.29726048625893847;1.2084845863963258;-1.0317136705034151;131;2.918730738412394;1;1
原萃錫蘭紅茶(無糖) 580ml;飲料零食;78.0;原萃;規格：580ml毫升x1x4Bottle瓶;原萃錫蘭無糖紅茶580ml;107.0;1;580.0;9.0;430;27.10%;1;10031033001;unique_master_match;1;1;ml;4;bottle;19.5;26.75;27.102804;volume;month;27.1;1.0;37.0;25.0;24.0;14.95;24.0;10516.0;0;historical;6.364750756851911;3.0204248861443626;3.335869357838229;2.302585092994046;0.6723502022908507;0.20766902097486545;-0.29726048625893847;1.2084845863963258;-1.0317136705034151;131;2.918730738412394;1;1
原萃綠茶玉露580ml;飲料零食;78.0;原萃;規格：580ml毫升x1x4Bottle瓶;原萃綠茶玉露 Pet 580ml;107.0;1;580.0;9.0;482;27.10%;1;10033018001;unique_master_match;1;1;ml;4;bottle;19.5;26.75;27.102804;volume;month;27.1;1.0;37.0;25.0;24.0;14.89;24.0;26808.0;0;historical;6.364750756851911;3.0204248861443626;3.335869357838229;2.302585092994046;0.6723502022908507;0.20766902097486545;-0.29726048625893847;1.2084845863963258;-1.0317136705034151;131;2.918730738412394;1;1
光泉果汁時刻芭芒柳汁TP250ml;飲料零食;169.0;光泉;規格：250ml毫升x1x24Bottle瓶;光泉果汁時刻芭芒柳汁TP250ml;174.0;1;250.0;12.0;145;2.87%;1;10014028001;unique_master_match;1;1;ml;24;bottle;7.041667;7.25;2.873563;volume;month;2.87;1.0;34.0;20.0;11.0;6.63;24.0;11499.0;0;historical;5.5254529391317835;2.0846364000077164;1.3541747553179544;2.5649493574615367;0.6723502022908507;-0.6528655159872415;-1.6109337017968495;-0.3089811724646244;-0.29662521350160326;43;2.9206718377455703;1;1
光泉冷泡茶冷萃綠茶無糖-1235ml;飲料零食;32.0;光泉;規格：1235ml毫升x1x1Bottle瓶;冷泡茶冷萃綠茶無糖1235ml;34.0;1;1235.0;12.0;486;5.88%;1;10033022001;unique_master_match;1;1;ml;1;bottle;32.0;34.0;5.882353;volume;month;5.88;1.0;35.0;26.0;31.0;15.98;12.0;1356.0;0;historical;7.119635638017636;3.4965075614664802;1.9289605992885486;2.5649493574615367;0.6723502022908507;0.9816547242121634;0.3710711594255465;0.1311561906760444;-0.29662521350160326;182;2.921214036608895;1;1
家樂福純水 1500ml;飲料零食;120.0;家樂福;規格：1500ml毫升x1x12Bottle瓶;家樂福超值純水 1500ml;0.0;1;1500.0;12.0;639;0.00%;0;10040062001;unique_master_match;1;1;ml;12;bottle;10.0;0.0;0.0;volume;month;0.0;0.0;37.0;27.0;30.0;15.0;12.0;26824.0;0;historical;7.313886831633462;2.3978952727983707;0.0;2.5649493574615367;-1.4873201444615787;1.1808210480405814;-1.1711764309913302;-1.3459289544768014;-0.29662521350160326;130;2.925476090576989;1;1
雪碧600ml;飲料零食;89.0;Sprite 雪碧;規格：600ml毫升x1x4Bottle瓶;雪碧汽水600ml;120.0;1;600.0;9.0;30;25.83%;1;10001015001;unique_master_match;1;1;ml;4;bottle;22.25;30.0;25.833333;volume;month;25.83;1.0;45.0;30.0;24.0;15.6;24.0;3368.0;0;historical;6.398594934535208;3.1463051320333655;3.2896448833340477;2.302585092994046;0.6723502022908507;0.2423695565376432;-0.12054800278693913;1.1730885888535014;-1.0317136705034151;131;2.9277601198814476;1;1
黑松茶花綠茶-無糖Pet-580ml;飲料零食;75.0;黑松;規格：580ml毫升x1x4Bottle瓶;黑松茶花綠茶-無糖Pet580ml;108.0;1;580.0;9.0;519;30.56%;1;10033070001;unique_master_match;1;1;ml;4;bottle;18.75;27.0;30.555556;volume;month;30.56;1.0;42.0;28.0;24.0;15.46;24.0;18604.0;0;historical;6.364750756851911;2.9831534913471307;3.4517496749094936;2.302585092994046;0.6723502022908507;0.20766902097486545;-0.3495826015405673;1.2972189519529354;-1.0317136705034151;131;2.935068269873859;1;1
悅氏礦泉水1500ml;飲料零食;171.0;悅氏;規格：1500ml毫升x1x12Bottle瓶;悅氏礦泉水1500ml;226.0;1;1500.0;12.0;594;24.34%;1;10040003001;unique_master_match;1;1;ml;12;bottle;14.25;18.833333;24.336283;volume;month;24.34;1.0;35.0;27.0;30.0;19.3;12.0;12674.0;0;historical;7.313886831633462;2.7245795030534206;3.232237479050811;2.5649493574615367;0.6723502022908507;1.1808210480405814;-0.7125724520126742;1.1291293581051762;-0.29662521350160326;104;2.935503663176442;1;1
一日蔬果100葡萄蔬果汁 160ml;飲料零食;69.0;波蜜;規格：160ml毫升x1x6BOTTLE瓶;一日蔬果100葡萄蔬果汁 160ml;70.0;1;160.0;12.0;101;1.43%;1;10010026001;unique_master_match;1;1;ml;6;bottle;11.5;11.666667;1.428571;volume;month;1.43;1.0;33.0;16.0;10.0;4.39;24.0;2724.0;0;historical;5.081404364984463;2.5257286443082556;0.887303018530299;2.5649493574615367;0.6723502022908507;-1.1081498335141695;-0.9917221219329462;-0.6664842274026574;-0.29662521350160326;46;2.9363863388481106;1;1
愛之味麥仔茶1480ml;飲料零食;30.0;愛之味;規格：1480ml毫升x1x1Bottle瓶;愛之味麥仔茶1480ml;35.0;1;1480.0;12.0;565;14.29%;1;10035001001;unique_master_match;1;1;ml;1;bottle;30.0;35.0;14.285714;volume;month;14.29;1.0;36.0;27.0;31.0;19.2;12.0;3865.0;0;historical;7.300472814267799;3.4339872044851463;2.726918666715004;2.5649493574615367;0.6723502022908507;1.1670676163279645;0.2833041911319721;0.7421857826154589;-0.29662521350160326;14;2.938032153502648;1;1
原萃日式綠茶-580ml;飲料零食;78.0;原萃;規格：580ml毫升x1x4Bottle瓶;原萃日式綠茶580ml;114.0;1;580.0;9.0;471;31.58%;1;10033004001;unique_master_match;1;1;ml;4;bottle;19.5;28.5;31.578947;volume;month;31.58;1.0;37.0;25.0;24.0;14.94;24.0;27900.0;0;historical;6.364750756851911;3.0204248861443626;3.4836662822095934;2.302585092994046;0.6723502022908507;0.20766902097486545;-0.29726048625893847;1.3216588220799053;-1.0317136705034151;131;2.9402155511381642;1;1
KIRIN 午後紅茶-無糖紅茶 500ml;飲料零食;99.0;KIRIN 麒麟;規格：500ml毫升x1x3Bottle瓶;KIRIN午後紅茶-無糖紅茶500ml;117.0;1;500.0;9.0;435;15.38%;1;10031909001;unique_master_match;1;1;ml;3;bottle;33.0;39.0;15.384615;volume;month;15.38;1.0;38.0;26.0;23.0;12.81;24.0;612.0;0;historical;6.2166061010848646;3.5263605246161616;2.7963427847737097;2.302585092994046;0.6723502022908507;0.0557758668854113;0.41297917461825545;0.7953467095611274;-1.0317136705034151;107;2.9442938141265222;1;1
KIRIN 午後紅茶-檸檬紅茶 500ml;飲料零食;99.0;KIRIN 麒麟;規格：500ml毫升x1x3Bottle瓶;KIRIN 午後紅茶-檸檬紅茶500ml;117.0;1;500.0;9.0;546;15.38%;1;10034031001;unique_master_match;1;1;ml;3;bottle;33.0;39.0;15.384615;volume;month;15.38;1.0;37.0;25.0;22.0;12.98;24.0;513.0;0;historical;6.2166061010848646;3.5263605246161616;2.7963427847737097;2.302585092994046;0.6723502022908507;0.0557758668854113;0.41297917461825545;0.7953467095611274;-1.0317136705034151;107;2.9442938141265222;1;1
黑松汽水Can 245ml;飲料零食;235.0;黑松汽水;規格：245ml毫升x1x24Bottle瓶;黑松汽水Can 245ml;264.0;1;245.0;9.0;33;10.98%;1;10001025001;unique_master_match;1;1;ml;24;bottle;9.791667;11.0;10.984848;volume;month;10.98;1.0;40.0;27.0;10.0;6.8;24.0;6816.0;0;historical;5.5053315359323625;2.3787742622396224;2.483643185286107;2.302585092994046;0.6723502022908507;-0.6734960502501288;-1.1980187781639766;0.5558996552932812;-1.0317136705034151;137;2.957393795817745;1;1
飛想茶檸檬紅茶580ml;飲料零食;78.0;Fuzetea 飛想茶;規格：580ml毫升x1x4Bottle瓶;飛想茶檸檬紅茶580ml;82.0;1;580.0;9.0;540;4.88%;1;10034023001;unique_master_match;1;1;ml;4;bottle;19.5;20.5;4.878049;volume;month;4.88;1.0;43.0;29.0;24.0;15.37;24.0;787.0;0;historical;6.364750756851911;3.0204248861443626;1.7712249041307448;2.302585092994046;0.6723502022908507;0.20766902097486545;-0.29726048625893847;0.01037142593596518;-1.0317136705034151;144;2.9592997580028673;1;1
台鹽海洋鹼性離子水Pet1500ml;飲料零食;465.0;台鹽;規格：1500ml毫升x1x12Bottle瓶;台鹽海洋鹼性離子水Pet1500ml;0.0;1;1500.0;12.0;635;0.00%;0;10040050001;unique_master_match;1;1;ml;12;bottle;38.75;0.0;0.0;volume;month;0.0;0.0;35.0;26.0;31.0;19.21;12.0;1972.0;0;historical;7.313886831633462;3.6826098411003407;0.0;2.5649493574615367;-1.4873201444615787;1.1808210480405814;0.6323241922715286;-1.3459289544768014;-0.29662521350160326;194;2.9637546241580477;1;1
開喜凍頂烏龍茶(無糖) 1.5L;飲料零食;456.0;統一;規格：1500ml毫升x1x12BOTTLE瓶;開喜凍頂烏龍茶無糖1.5L;504.0;1;1500.0;13.0;385;9.52%;1;10030001001;unique_master_match;1;1;ml;12;bottle;38.0;42.0;9.52381;volume;month;9.52;1.0;38.0;28.0;32.0;19.37;12.0;465.0;0;historical;7.313886831633462;3.6635616461296463;2.3536403090431977;2.6390573296152584;0.6723502022908507;1.1808210480405814;0.6055840646593031;0.4563510603679264;-0.0889905532990034;14;2.973220066575643;1;1
每朝健康綠茶無糖-650ml;飲料零食;115.0;每朝;規格：650ml毫升x1x4Bottle瓶;每朝健康綠茶無糖650ml;156.0;1;650.0;6.0;477;26.28%;0;10033013001;unique_master_match;1;1;ml;4;bottle;28.75;39.0;26.282051;volume;month;26.28;0.0;40.0;27.0;24.0;17.58;24.0;21826.0;0;historical;6.478509642208569;3.392829131991639;3.3062290134335974;1.9459101490553132;-1.4873201444615787;0.32430634287525517;0.22552590229973143;1.1857877451889713;-2.031040445143557;102;2.981714049906304;1;1
維大力加鹽沙士Can330 ml;飲料零食;119.0;維大力;規格：330ml毫升x1x6Bottle瓶;維大力加鹽沙士Can330 ml;0.0;1;330.0;18.0;53;0.00%;1;10002019001;unique_master_match;1;1;ml;6;bottle;19.833333;0.0;0.0;volume;month;0.0;1.0;41.0;27.0;13.0;9.34;24.0;28103.0;0;historical;5.802118375377063;3.036554252074246;0.0;2.9444389791664403;0.6723502022908507;-0.3691996252317134;-0.27461785245909953;-1.3459289544768014;0.7666234001518166;24;2.9817708697485834;1;1
維大力蘋果風味氣水330ml;飲料零食;119.0;維大力;規格：330ml毫升x1x6Can罐;維大力蘋果風味氣水330ml;0.0;1;330.0;18.0;87;0.00%;1;10002944001;unique_master_match;1;1;ml;6;can;19.833333;0.0;0.0;volume;month;0.0;1.0;44.0;27.0;12.0;8.82;24.0;5844.0;0;historical;5.802118375377063;3.036554252074246;0.0;2.9444389791664403;0.6723502022908507;-0.3691996252317134;-0.27461785245909953;-1.3459289544768014;0.7666234001518166;24;2.9817708697485834;1;1
KIRIN 午後紅茶-奶茶 500ml;飲料零食;99.0;KIRIN 麒麟;規格：500ml毫升x1x3Bottle瓶;KIRIN午後紅茶-奶茶 Pet 500ml;135.0;1;500.0;9.0;442;26.67%;1;10032004001;unique_master_match;1;1;ml;3;bottle;33.0;45.0;26.666667;volume;month;26.67;1.0;37.0;25.0;22.0;12.98;24.0;1040.0;0;historical;6.2166061010848646;3.5263605246161616;3.320228331176681;2.302585092994046;0.6723502022908507;0.0557758668854113;0.41297917461825545;1.1965076034837492;-1.0317136705034151;107;2.983138928765172;1;1
波爾茶葡萄柚口味320ml;飲料零食;108.0;波爾;規格：320ml毫升x1x6Can罐;波爾茶葡萄柚口味320ml;0.0;1;320.0;19.0;561;0.00%;1;10034050001;unique_master_match;1;1;ml;6;can;18.0;0.0;0.0;volume;month;0.0;1.0;41.0;27.0;12.0;8.5;24.0;1633.0;0;historical;5.771441123130016;2.9444389791664403;0.0;2.995732273553991;0.6723502022908507;-0.4006531027701066;-0.4039305855752446;-1.3459289544768014;0.9103362213411377;24;2.9853848064284554;1;1
舒跑Pet975ml;飲料零食;30.0;舒跑;規格：975ml毫升x1x1Bottle瓶;舒跑Pet975ml;32.0;1;975.0;10.0;285;6.25%;1;10021022001;unique_master_match;1;1;ml;1;bottle;30.0;32.0;6.25;volume;month;6.25;1.0;42.0;19.0;24.0;13.12;12.0;1574.0;0;historical;6.883462586413092;3.4339872044851463;1.9810014688665833;2.3978952727983707;0.6723502022908507;0.7395057952926143;0.2833041911319721;0.1710060431939771;-0.7646749670766093;3;2.996147154670881;1;1
Red Bull 紅牛能量飲料355mlx24;飲料零食;1727.0;紅牛;規格：355ml毫升x1x24Bottle瓶;紅牛能量飲料Can355ml;1824.0;1;355.0;24.0;296;5.32%;1;10022003001;unique_master_match;1;1;ml;24;bottle;71.958333;76.0;5.317982;volume;month;5.32;1.0;36.0;24.0;17.0;9.4;24.0;304.0;0;historical;5.87493073085203;4.2898884973690885;1.843399853372986;3.2188758248682006;0.6723502022908507;-0.29454490162719504;1.4848306260722284;0.06563877842475897;1.5355366431988628;26;2.9968490723118695;1;1
金車奧利多Can240ml;飲料零食;96.0;金車;規格：240ml毫升x1x6Bottle瓶;金車奧利多Can240ml;0.0;1;240.0;18.0;311;0.00%;1;10022030001;unique_master_match;1;1;ml;6;bottle;16.0;0.0;0.0;volume;month;0.0;1.0;33.0;22.0;14.0;6.53;24.0;6410.0;0;historical;5.484796933490655;2.833213344056216;0.0;2.9444389791664403;0.6723502022908507;-0.6945502389192675;-0.5600707175496388;-1.3459289544768014;0.7666234001518166;110;3.004182162938738;1;1
黑松FIN補給飲料Pet975ml;飲料零食;370.0;黑松;規格：975ml毫升x1x12Bottle瓶;FIN健康補給飲料Pet975ml;394.0;1;975.0;10.0;290;6.09%;1;10021034001;unique_master_match;1;1;ml;12;bottle;30.833333;32.833333;6.091371;volume;month;6.09;1.0;38.0;22.0;21.0;12.85;12.0;2635.0;0;historical;6.883462586413092;3.4605139483473706;1.9588786927952777;2.3978952727983707;0.6723502022908507;0.7395057952926143;0.320542812277125;0.15406571589205056;-0.7646749670766093;3;3.0070945644117106;1;1
韋恩特濃黑咖Can210ml;飲料零食;108.0;黑松;規格：210ml毫升x1x6CAN罐;韋恩特濃黑咖Can210ml;0.0;1;210.0;18.0;262;0.00%;1;10020046001;unique_master_match;1;1;ml;6;can;18.0;0.0;0.0;volume;month;0.0;1.0;33.0;22.0;12.0;6.81;24.0;1284.0;0;historical;5.351858133476067;2.9444389791664403;0.0;2.9444389791664403;0.6723502022908507;-0.8308527840939997;-0.4039305855752446;-1.3459289544768014;0.7666234001518166;110;3.0127961818368747;1;1
寶礦力水得Pet345ml;飲料零食;80.0;金車;規格：345ml毫升x1x4Bottle瓶;寶礦力水得Pet345ml;100.0;1;345.0;8.0;284;20.00%;1;10021021001;unique_master_match;1;1;ml;4;bottle;20.0;25.0;20.0;volume;month;20.0;1.0;38.0;26.0;19.0;9.67;24.0;2220.0;0;historical;5.846438775057725;3.044522437723423;3.044522437723423;2.1972245773362196;0.6723502022908507;-0.323757788243771;-0.26343199986652044;0.9853881644443507;-1.3269112616884122;198;3.022265398389873;1;1
七星藍莓汽泡香檳飲料750ml;飲料零食;65.0;七星;規格：750ml毫升x1x1Bottle瓶;七星藍莓汽泡香檳飲料750ml;69.0;1;750.0;24.0;58;5.80%;1;10002037001;unique_master_match;1;1;ml;1;bottle;65.0;69.0;5.797101;volume;month;5.8;1.0;35.0;27.0;32.0;17.1;12.0;40.333333;0;historical;6.621405651764134;4.189654742026425;1.9164961977509367;3.2188758248682006;0.6723502022908507;0.47081804446725917;1.34412105159344;0.12161168138890953;1.5355366431988628;61;3.0280281411672285;1;1
七星紅葡萄氣泡香檳飲料750ml;飲料零食;65.0;七星;規格：750ml毫升x1x1Bottle瓶;七星紅葡萄氣泡香檳飲料750ml;69.0;1;750.0;24.0;59;5.80%;1;10002038001;unique_master_match;1;1;ml;1;bottle;65.0;69.0;5.797101;volume;month;5.8;1.0;35.0;27.0;32.0;17.1;12.0;83.333333;0;historical;6.621405651764134;4.189654742026425;1.9164961977509367;3.2188758248682006;0.6723502022908507;0.47081804446725917;1.34412105159344;0.12161168138890953;1.5355366431988628;61;3.0280281411672285;1;1
開喜凍頂烏龍茶有糖Pet-1500ml;飲料零食;38.0;統一;規格：1500ml毫升x1x1Bottle瓶;開喜凍頂烏龍茶有糖Pet1500ml;42.0;1;1500.0;12.0;387;9.52%;1;10030005001;unique_master_match;1;1;ml;1;bottle;38.0;42.0;9.52381;volume;month;9.52;1.0;38.0;28.0;32.0;19.37;12.0;909.0;0;historical;7.313886831633462;3.6635616461296463;2.3536403090431977;2.5649493574615367;0.6723502022908507;1.1808210480405814;0.6055840646593031;0.4563510603679264;-0.29662521350160326;14;3.039483499113665;1;1
白蘭氏旭沛蜆精60ml*12;飲料零食;585.0;白蘭氏;規格：60ml毫升x12x1Box盒;白蘭氏旭沛蜆精60ml*12;0.0;1;60.0;24.0;332;0.00%;0;10023031001;unique_master_match;1;1;ml;12;box;48.75;0.0;0.0;volume;month;0.0;0.0;36.0;25.0;25.0;13.0;6.0;69.0;0;historical;4.110873864173311;3.907010463604602;0.0;3.2188758248682006;-1.4873201444615787;-2.103237628918904;0.947340984742339;-1.3459289544768014;1.5355366431988628;65;3.057621550080439;1;1
黑松蘋果汁-TP300ml;飲料零食;189.0;黑松;規格：300ml毫升x1x24Bottle瓶;黑松蘋果C/TP300ml;191.0;1;300.0;12.0;115;1.05%;1;10011016001;unique_master_match;1;1;ml;24;bottle;7.875;7.958333;1.04712;volume;month;1.05;1.0;35.0;20.0;13.0;7.9;24.0;11309.0;0;historical;5.707110264748875;2.1832383353614797;0.7164339273351344;2.5649493574615367;0.6723502022908507;-0.4666117222977574;-1.4725148994783894;-0.7973257782685652;-0.29662521350160326;122;3.0608534011331163;1;1
黑松葡萄汁-TP300ml;飲料零食;189.0;黑松;規格：300ml毫升x1x24Bottle瓶;黑松葡萄C/TP300ml;191.0;1;300.0;12.0;127;1.05%;1;10013003001;unique_master_match;1;1;ml;24;bottle;7.875;7.958333;1.04712;volume;month;1.05;1.0;35.0;20.0;13.0;7.9;24.0;10796.0;0;historical;5.707110264748875;2.1832383353614797;0.7164339273351344;2.5649493574615367;0.6723502022908507;-0.4666117222977574;-1.4725148994783894;-0.7973257782685652;-0.29662521350160326;122;3.0608534011331163;1;1
百家珍梅子醋600ml;飲料零食;105.0;百家珍;規格：600ml毫升x1x1Bottle瓶;百家珍梅子醋600ml;125.0;1;600.0;36.0;703;16.00%;0;10052015001;unique_master_match;1;1;ml;1;bottle;105.0;125.0;16.0;volume;month;16.0;0.0;31.0;24.0;27.0;12.34;12.0;59.0;0;historical;6.398594934535208;4.663439094112067;2.833213344056216;3.6109179126442243;-1.4873201444615787;0.2423695565376432;2.009226278358334;0.8235800262135019;2.633954577394146;121;3.0650499423843214;1;1
御茶園台灣四季春-1250ml;飲料零食;383.0;御茶園;規格：1250ml毫升x1x12Bottle瓶;御茶園台灣四季春 1250ml;430.0;1;1250.0;10.0;516;10.93%;1;10033065001;unique_master_match;1;1;ml;12;bottle;31.916667;35.833333;10.930233;volume;month;10.93;1.0;35.0;26.0;31.0;15.97;12.0;2087.0;0;historical;7.1316985104669115;3.493979125239704;2.4790757665142436;2.3978952727983707;0.6723502022908507;0.9940228230424072;0.36752170461014844;0.5524021932807859;-0.7646749670766093;112;3.076995633316034;1;1
御茶園冰釀綠茶微甜Pet1250ml;飲料零食;32.0;御茶園;規格：1250ml毫升x1x1Bottle瓶;御茶園冰釀綠茶微甜Pet1250ml;36.0;1;1250.0;10.0;500;11.11%;1;10033038001;unique_master_match;1;1;ml;1;bottle;32.0;36.0;11.111111;volume;month;11.11;1.0;35.0;27.0;31.0;16.57;12.0;1230.0;0;historical;7.1316985104669115;3.4965075614664802;2.4941232957186124;2.3978952727983707;0.6723502022908507;0.9940228230424072;0.3710711594255465;0.5639247105718205;-0.7646749670766093;112;3.077239876510035;1;1
可果美蕃茄汁(無添加食鹽)340ml;飲料零食;84.0;可果美;規格：340ml毫升x1x4Can罐;可果美無鹽蕃茄汁Can340ml;0.0;1;340.0;24.0;218;0.00%;1;10016011001;unique_master_match;1;1;ml;4;can;21.0;0.0;0.0;volume;month;0.0;1.0;40.0;27.0;12.0;9.97;24.0;1974.0;0;historical;5.831882477283517;3.091042453358316;0.0;3.2188758248682006;0.6723502022908507;-0.338682403440599;-0.19812653882343584;-1.3459289544768014;1.5355366431988628;153;3.0821508654763465;1;1
金車奧利多Btl150ml;飲料零食;128.0;金車;規格：150ml毫升x1x8Bottle瓶;金車奧利多Btl150ml;0.0;1;150.0;18.0;300;0.00%;1;10022008001;unique_master_match;1;1;ml;8;bottle;16.0;0.0;0.0;volume;month;0.0;1.0;32.0;22.0;16.0;7.74;24.0;2675.0;0;historical;5.017279836814924;2.833213344056216;0.0;2.9444389791664403;0.6723502022908507;-1.1738969020650953;-0.5600707175496388;-1.3459289544768014;0.7666234001518166;110;3.088145222399806;1;1
白蘭氏黑醋栗+金盞花葉黃素精華飲60mlx18;飲料零食;939.0;白蘭氏;規格：60ml毫升x18x1BOX盒;白蘭氏黑醋栗+金盞花葉黃素精華飲60mlx18;0.0;1;60.0;24.0;323;0.00%;0;10023008001;unique_master_match;1;1;ml;18;box;52.166667;0.0;0.0;volume;month;0.0;0.0;48.0;33.0;21.0;13.54;4.0;36.666667;0;historical;4.110873864173311;3.973431639826382;0.0;3.2188758248682006;-1.4873201444615787;-2.103237628918904;1.0405839786878048;-1.3459289544768014;1.5355366431988628;65;3.0977909637379897;1;1
天地合補葉黃素功能飲60mlx18;飲料零食;939.0;天地合補;規格：60ml毫升x18x1BoX盒;天地合補葉黃素功能飲60mlx18;0.0;1;60.0;24.0;339;0.00%;0;10023044001;unique_master_match;1;1;ml;18;box;52.166667;0.0;0.0;volume;month;0.0;0.0;56.0;32.0;20.0;11.28;4.0;184.0;0;historical;4.110873864173311;3.973431639826382;0.0;3.2188758248682006;-1.4873201444615787;-2.103237628918904;1.0405839786878048;-1.3459289544768014;1.5355366431988628;65;3.0977909637379897;1;1
御茶園特上紅茶 1250ml;飲料零食;33.0;御茶園特上;規格：1250ml毫升x1x1Bottle瓶;御茶園特上紅茶 1250ml;36.0;1;1250.0;10.0;433;8.33%;1;10031901001;unique_master_match;1;1;ml;1;bottle;33.0;36.0;8.333333;volume;month;8.33;1.0;35.0;26.0;31.0;15.97;12.0;2118.0;0;historical;7.1316985104669115;3.5263605246161616;2.233592185792808;2.3978952727983707;0.6723502022908507;0.9940228230424072;0.41297917461825545;0.36442523273721733;-0.7646749670766093;112;3.1028610880516436;1;1
VICO 100%椰子水1000ml;飲料零食;399.0;VICO;規格：1000ml毫升x1x6Bottle瓶;VICO 100 椰子水 1000ml;508.0;1;1000.0;13.0;194;21.46%;1;10014116001;unique_master_match;1;1;ml;6;bottle;66.5;84.666667;21.456693;volume;month;21.46;1.0;25.0;16.0;26.0;6.67;6.0;;0;historical;6.90875477931522;4.212127597878484;3.111588698932538;2.6390573296152584;0.6723502022908507;0.7654379555440389;1.3756687669659324;1.036743582595173;-0.0889905532990034;125;3.1271945091834414;1;1
保力達蠻牛Slim維他命B Can250ml;飲料零食;96.0;;規格：250ml毫升x1x4BOTTLE瓶;保力達蠻牛Slim維他命B Can250ml;0.0;1;250.0;13.0;316;0.00%;1;10022916001;unique_master_match;1;1;ml;4;bottle;24.0;0.0;0.0;volume;month;0.0;1.0;32.0;22.0;14.0;6.88;24.0;304.0;0;historical;5.5254529391317835;3.2188758248682006;0.0;2.6390573296152584;0.6723502022908507;-0.6528655159872415;-0.018672229765052516;-1.3459289544768014;-0.0889905532990034;73;3.1273786758162334;1;1
KIRIN午後紅茶 - 檸檬紅茶1500ml;飲料零食;79.0;KIRIN 麒麟;規格：1500ml毫升x1x1Bottle瓶;KIRIN午後紅茶 - 檸檬紅茶1500ml;109.0;1;1500.0;9.0;560;27.52%;0;10034049001;unique_master_match;1;1;ml;1;bottle;79.0;109.0;27.522936;volume;month;27.52;0.0;32.0;19.0;31.0;12.89;8.0;254.0;0;historical;7.313886831633462;4.382026634673881;3.350708535549134;2.302585092994046;-1.4873201444615787;1.1808210480405814;1.614175456554772;1.219847560306288;-1.0317136705034151;54;3.127843060321968;1;1
美粒果零加糖蘋果蘇打1250ml;飲料零食;31.0;美粒果;規格：1250ml毫升x1x1Bottle瓶;美粒果蘋果蘇打1250ml;0.0;1;1250.0;9.0;77;0.00%;0;10002916001;unique_master_match;1;1;ml;1;bottle;31.0;0.0;0.0;volume;month;0.0;0.0;27.0;27.0;30.0;16.2;12.0;1031.0;0;historical;7.1316985104669115;3.4657359027997265;0.0;2.302585092994046;-1.4873201444615787;0.9940228230424072;0.3278734663709148;-1.3459289544768014;-1.0317136705034151;78;3.136395773268732;1;1
悅氏 Light鹼性水2200ml;飲料零食;36.0;悅氏;規格：2200ml毫升x1x1Bottle瓶;悅氏 Light鹼性水2200ml;0.0;1;2200.0;12.0;627;0.00%;0;10040038001;unique_master_match;1;1;ml;1;bottle;36.0;0.0;0.0;volume;month;0.0;0.0;39.0;22.0;31.0;18.5;8.0;2122.0;0;historical;7.696667081526462;3.6109179126442243;0.0;2.5649493574615367;-1.4873201444615787;1.5732867713456702;0.5316820412103668;-1.3459289544768014;-0.29662521350160326;194;3.1615281686708077;1;1
黑松沙士1250 ml;飲料零食;300.0;黑松沙士;規格：1250ml毫升x1x12Bottle瓶;黑松沙士1250 ml;369.0;1;1250.0;9.0;55;18.70%;1;10002025001;unique_master_match;1;1;ml;12;bottle;25.0;30.75;18.699187;volume;month;18.7;1.0;38.0;28.0;30.0;16.2;12.0;1735.0;0;historical;7.1316985104669115;3.258096538021482;2.9805773658568198;2.302585092994046;0.6723502022908507;0.9940228230424072;0.03638636641032071;0.9364227704416286;-1.0317136705034151;80;3.167129920928912;1;1
白蘭氏強化型葉黃素精華飲60ml*14入;飲料零食;939.0;白蘭氏;規格：60ml毫升x14x1BOX盒;白蘭氏強化型金盞花葉黃素精華飲60ml*14入;0.0;1;60.0;18.0;345;0.00%;0;10023058001;unique_master_match;1;1;ml;14;box;67.071429;0.0;0.0;volume;month;0.0;0.0;42.0;28.0;20.0;10.41;4.0;29.0;0;historical;4.110873864173311;4.220557580334851;0.0;2.9444389791664403;-1.4873201444615787;-2.103237628918904;1.3875028964988814;-1.3459289544768014;0.7666234001518166;154;3.174544409510218;1;1
波爾天然水600ml;飲料零食;58.0;波爾;規格：600ml毫升x1x6Bottle瓶;波爾天然水600ml;0.0;1;600.0;18.0;605;0.00%;1;10040014001;unique_master_match;1;1;ml;6;bottle;9.666667;0.0;0.0;volume;month;0.0;1.0;39.0;25.0;24.0;15.6;24.0;588.0;0;historical;6.398594934535208;2.3671236453816165;0.0;2.9444389791664403;0.6723502022908507;0.2423695565376432;-1.214374080176767;-1.3459289544768014;0.7666234001518166;123;3.1747251648299692;1;1
動元素運動飲料Pet1250ml;飲料零食;27.0;AQUARIUS 動元素;規格：1250ml毫升x1x1Bottle瓶;動元素運動飲料Pet600ml;30.0;1;1250.0;9.0;286;10.00%;1;10021023001;unique_master_match;1;1;ml;1;bottle;27.0;30.0;10.0;volume;month;10.0;1.0;43.0;29.0;23.0;15.36;24.0;1752.0;0;historical;7.1316985104669115;3.332204510175204;2.3978952727983707;2.302585092994046;0.6723502022908507;0.9940228230424072;0.14042019405239078;0.49023892183391654;-1.0317136705034151;209;3.1802916512575092;1;1
寶礦力水得Can340ml;飲料零食;360.0;金車;規格：340ml毫升x1x24Can罐;寶礦力水得Can340ml;0.0;1;340.0;12.0;272;0.00%;1;10021005001;unique_master_match;1;1;ml;24;can;15.0;0.0;0.0;volume;month;0.0;1.0;41.0;27.0;13.0;9.07;24.0;5056.0;0;historical;5.831882477283517;2.772588722239781;0.0;2.5649493574615367;0.6723502022908507;-0.338682403440599;-0.6451764257969794;-1.3459289544768014;-0.29662521350160326;15;3.1810609904937146;1;1
寶礦力水得Pet1460ml;飲料零食;35.0;金車;規格：1460ml毫升x1x1Bottle瓶;寶礦力水得Pet1460ml;42.0;1;1460.0;10.0;274;16.67%;1;10021007001;unique_master_match;1;1;ml;1;bottle;35.0;42.0;16.666667;volume;month;16.67;1.0;38.0;29.0;32.0;19.57;12.0;5702.0;0;historical;7.2868764117507;3.58351893845611;2.8716796437519365;2.3978952727983707;0.6723502022908507;1.1531271845796907;0.49321897070098597;0.8530352674924072;-0.7646749670766093;112;3.1819659429642386;1;1
老北京酸梅湯Pet900ml;飲料零食;69.0;老北京;規格：900ml毫升x1x1Bottle瓶;老北京酸梅湯Pet900ml;90.0;1;900.0;12.0;184;23.33%;1;10014097001;unique_master_match;1;1;ml;1;bottle;69.0;90.0;23.333333;volume;month;23.33;1.0;30.0;23.0;24.0;12.18;12.0;86.0;0;historical;6.803505257608338;4.248495242049359;3.191847138781651;2.5649493574615367;0.6723502022908507;0.6575253093828197;1.426722184236249;1.098200799148996;-0.29662521350160326;125;3.1872829461525907;1;1
悅氏四季春茶(無糖) 2000ml;飲料零食;310.0;悅氏;規格：2000ml毫升x1x8BOTTLE瓶;悅氏四季春茶2000ml;358.0;1;2000.0;12.0;509;13.41%;1;10033053001;unique_master_match;1;1;ml;8;bottle;38.75;44.75;13.407821;volume;month;13.41;1.0;38.0;22.0;31.0;17.07;8.0;1361.0;0;historical;7.601402334583733;3.6826098411003407;2.6677711841429548;2.5649493574615367;0.6723502022908507;1.4756115443066435;0.6323241922715286;0.6968941017420477;-0.29662521350160326;98;3.20077538832455;1;1
黑松茶花綠茶(無糖) 1230ml;飲料零食;300.0;黑松茶花;規格：1230ml毫升x1x12Bottle瓶;黑松茶花綠茶 1230ml;428.0;1;1230.0;9.0;474;29.91%;1;10033010001;unique_master_match;1;1;ml;12;bottle;25.0;35.666667;29.906542;volume;month;29.91;1.0;35.0;26.0;31.0;16.27;12.0;4275.0;0;historical;7.115582126184454;3.258096538021482;3.4309678767055534;2.302585092994046;0.6723502022908507;0.9774986465305688;0.03638636641032071;1.281305467028502;-1.0317136705034151;80;3.2032395181128908;1;1
悅氏黑烏龍茶-2000ml;飲料零食;39.0;悅氏;規格：2000ml毫升x1x1Bottle瓶;悅氏黑烏龍茶 2000ml;45.0;1;2000.0;12.0;397;13.33%;1;10030018001;unique_master_match;1;1;ml;1;bottle;39.0;45.0;13.333333;volume;month;13.33;1.0;38.0;21.0;31.0;17.72;8.0;969.0;0;historical;7.601402334583733;3.6888794541139363;2.6625878037696387;2.5649493574615367;0.6723502022908507;1.4756115443066435;0.6411255643868783;0.6929249723809162;-0.29662521350160326;98;3.2034552268082312;1;1
悅氏梅子綠茶微甜Pet2000ml;飲料零食;39.0;悅氏;規格：2000ml毫升x1x1Bottle瓶;悅氏梅子綠茶微甜Pet2000ml;45.0;1;2000.0;12.0;503;13.33%;1;10033044001;unique_master_match;1;1;ml;1;bottle;39.0;45.0;13.333333;volume;month;13.33;1.0;35.0;23.0;31.0;17.67;8.0;1149.0;0;historical;7.601402334583733;3.6888794541139363;2.6625878037696387;2.5649493574615367;0.6723502022908507;1.4756115443066435;0.6411255643868783;0.6929249723809162;-0.29662521350160326;98;3.2034552268082312;1;1
悅氏茶花綠茶無糖-2000ml;飲料零食;39.0;悅氏;規格：2000ml毫升x1x1Bottle瓶;悅氏茶花綠茶無糖 2000ml;45.0;1;2000.0;12.0;522;13.33%;1;10033075001;unique_master_match;1;1;ml;1;bottle;39.0;45.0;13.333333;volume;month;13.33;1.0;34.0;24.0;31.0;17.65;8.0;1448.0;0;historical;7.601402334583733;3.6888794541139363;2.6625878037696387;2.5649493574615367;0.6723502022908507;1.4756115443066435;0.6411255643868783;0.6929249723809162;-0.29662521350160326;98;3.2034552268082312;1;1
悅氏檸檬紅茶2000ml;飲料零食;39.0;悅氏;規格：2000ml毫升x1x1Bottle瓶;悅氏檸檬紅茶2000ml;45.0;1;2000.0;12.0;558;13.33%;1;10034046001;unique_master_match;1;1;ml;1;bottle;39.0;45.0;13.333333;volume;month;13.33;1.0;37.0;21.0;31.0;17.65;8.0;993.0;0;historical;7.601402334583733;3.6888794541139363;2.6625878037696387;2.5649493574615367;0.6723502022908507;1.4756115443066435;0.6411255643868783;0.6929249723809162;-0.29662521350160326;98;3.2034552268082312;1;1
【安心價】悅氏麥仔茶Pet2000ml;飲料零食;39.0;悅氏;規格：2000ml毫升x1x1Bottle瓶;悅氏麥仔茶Pet2000ml;45.0;1;2000.0;12.0;566;13.33%;1;10035002001;unique_master_match;1;1;ml;1;bottle;39.0;45.0;13.333333;volume;month;13.33;1.0;36.0;24.0;31.0;17.3;8.0;1878.0;0;historical;7.601402334583733;3.6888794541139363;2.6625878037696387;2.5649493574615367;0.6723502022908507;1.4756115443066435;0.6411255643868783;0.6929249723809162;-0.29662521350160326;98;3.2034552268082312;1;1
悅氏青草茶Pet2000ml;飲料零食;39.0;悅氏;規格：2000ml毫升x1x1Bottle瓶;悅氏青草茶Pet2000ml;45.0;1;2000.0;12.0;571;13.33%;1;10035011001;unique_master_match;1;1;ml;1;bottle;39.0;45.0;13.333333;volume;month;13.33;1.0;35.0;23.0;31.0;17.54;8.0;507.0;0;historical;7.601402334583733;3.6888794541139363;2.6625878037696387;2.5649493574615367;0.6723502022908507;1.4756115443066435;0.6411255643868783;0.6929249723809162;-0.29662521350160326;98;3.2034552268082312;1;1
韋恩 Flash Brew閃萃黑咖啡-500ml;飲料零食;124.0;黑松韋恩;規格：500ml毫升x1x4BOTTLE瓶;韋恩 Flash Brew閃萃黑咖啡500ml;0.0;1;500.0;13.0;239;0.00%;1;10020016001;unique_master_match;1;1;ml;4;bottle;31.0;0.0;0.0;volume;month;0.0;1.0;42.0;29.0;20.0;13.124;24.0;626.0;0;historical;6.2166061010848646;3.4657359027997265;0.0;2.6390573296152584;0.6723502022908507;0.0557758668854113;0.3278734663709148;-1.3459289544768014;-0.0889905532990034;139;3.2035011998072416;1;1
維他露P 250ml;飲料零食;188.0;維他露P;規格：250ml毫升x1x24Bottle瓶;維他露P 250ml;0.0;1;250.0;18.0;39;0.00%;1;10002001001;unique_master_match;1;1;ml;24;bottle;7.833333;0.0;0.0;volume;month;0.0;1.0;41.0;28.0;10.0;6.82;24.0;38657.0;0;historical;5.5254529391317835;2.178532406588217;0.0;2.9444389791664403;0.6723502022908507;-0.6528655159872415;-1.4791211493684546;-1.3459289544768014;0.7666234001518166;101;3.2041154497238824;1;1
桂格高麗人蔘滋補液60ml*6;飲料零食;370.0;桂格;規格：60ml毫升x6x1Box盒;桂格養氣人蔘60mlX6;0.0;1;60.0;24.0;358;0.00%;0;10023093001;unique_master_match;1;1;ml;6;box;61.666667;0.0;0.0;volume;month;0.0;0.0;37.0;36.0;22.0;12.546;12.0;687.0;0;historical;4.110873864173311;4.137829679480989;0.0;3.2188758248682006;-1.4873201444615787;-2.103237628918904;1.271368290079365;-1.3459289544768014;1.5355366431988628;65;3.206723720899016;1;1
Asahi Wonda 早安咖啡179mlx6;飲料零食;174.0;Asahi Wonda;規格：179ml毫升x1x6BOTTLE瓶;Asahi Wonda 早安咖啡 CAN179ml;0.0;1;179.0;13.0;255;0.00%;1;10020037001;unique_master_match;1;1;ml;6;bottle;29.0;0.0;0.0;volume;month;0.0;1.0;33.0;27.0;11.0;6.592;30.0;120.0;0;historical;5.19295685089021;3.4011973816621555;0.0;2.6390573296152584;0.6723502022908507;-0.9937747395020883;0.23727337046796707;-1.3459289544768014;-0.0889905532990034;73;3.208510355181895;1;1
統一麥香阿薩姆紅茶1250ml;飲料零食;30.0;統一;規格：1250ml毫升x1x1Bottle瓶;麥香阿薩姆紅茶1250ml;33.0;1;1250.0;9.0;415;9.09%;1;10031011001;unique_master_match;1;1;ml;1;bottle;30.0;33.0;9.090909;volume;month;9.09;1.0;35.0;27.0;31.0;16.33;12.0;2805.0;0;historical;7.1316985104669115;3.4339872044851463;2.3116349195049546;2.302585092994046;0.6723502022908507;0.9940228230424072;0.2833041911319721;0.4241857911933349;-1.0317136705034151;209;3.209814210649915;1;1
老協珍 人蔘精麥蘆卡蜂蜜口味 60ml x 14;飲料零食;840.0;老協珍;規格：60ml毫升x14x1BOX盒;老協珍人蔘精麥蘆卡蜂蜜口味60mlx14入;0.0;1;60.0;25.0;368;0.00%;0;10023124001;unique_master_match;1;1;ml;14;box;60.0;0.0;0.0;volume;month;0.0;0.0;46.0;37.0;22.0;14.0;5.0;46.0;0;historical;4.110873864173311;4.110873864173311;0.0;3.258096538021482;-1.4873201444615787;-2.103237628918904;1.2335273323231144;-1.3459289544768014;1.645424678342951;65;3.2162451422475336;1;1
白蘭氏關鍵活躍雞精69mlx15入;飲料零食;1045.0;白蘭氏;規格：69ml毫升x15x1BOX盒;白蘭氏關鍵活躍雞精69mlx15入;0.0;1;69.0;24.0;353;0.00%;0;10023078001;unique_master_match;1;1;ml;15;box;69.666667;0.0;0.0;volume;month;0.0;0.0;39.0;29.0;20.0;11.4;4.0;16.0;0;historical;4.248495242049359;4.257973990720884;0.0;3.2188758248682006;-1.4873201444615787;-1.9621340228016495;1.4400285867311169;-1.3459289544768014;1.5355366431988628;65;3.223627697157366;1;1
七喜汽水2L;飲料零食;216.0;七喜;規格：2000ml毫升x1x6Bottle瓶;七喜汽水2L;310.0;1;2000.0;12.0;20;30.32%;1;10001001001;unique_master_match;1;1;ml;6;bottle;36.0;51.666667;30.322581;volume;month;30.32;1.0;34.0;24.0;31.0;13.34;6.0;1454.0;0;historical;7.601402334583733;3.6109179126442243;3.444339275134706;2.5649493574615367;0.6723502022908507;1.4756115443066435;0.5316820412103668;1.291544501458187;-0.29662521350160326;74;3.224946580792892;1;1
果然好喝蘋果酢360ml;飲料零食;122.0;果然好喝;規格：360ml毫升x1x1BOTTLE瓶;果然好喝紅葡萄蘋果雙果酢360ml;129.0;1;360.0;36.0;712;5.43%;0;10052046001;unique_master_match;1;1;ml;1;bottle;122.0;129.0;5.426357;volume;month;5.43;0.0;26.0;20.0;26.0;9.5;12.0;24.0;0;historical;5.8888779583328805;4.812184355372417;1.8604078147060696;3.6109179126442243;-1.4873201444615787;-0.28024476800509057;2.2180369963258317;0.07866247991648331;2.633954577394146;33;3.2250555138511965;1;1
百事可樂2L;飲料零食;36.0;百事可樂;規格：2000ml毫升x1x1Bottle瓶;百事可樂2L;52.0;1;2000.0;12.0;5;30.77%;1;10000004001;unique_master_match;1;1;ml;1;bottle;36.0;52.0;30.769231;volume;month;30.77;1.0;34.0;23.0;31.0;14.0;6.0;3421.0;0;historical;7.601402334583733;3.6109179126442243;3.4584982427634188;2.5649493574615367;0.6723502022908507;1.4756115443066435;0.5316820412103668;1.3023866102927508;-0.29662521350160326;74;3.226922869919858;1;1
飛想茶檸檬紅茶1250ml;飲料零食;33.0;Fuzetea 飛想茶;規格：1250ml毫升x1x1Bottle瓶;飛想茶檸檬紅茶1250ml;40.0;1;1250.0;9.0;543;17.50%;1;10034026001;unique_master_match;1;1;ml;1;bottle;33.0;40.0;17.5;volume;month;17.5;1.0;38.0;28.0;29.0;15.6;12.0;351.0;0;historical;7.1316985104669115;3.5263605246161616;2.917770732084279;2.302585092994046;0.6723502022908507;0.9940228230424072;0.41297917461825545;0.8883291257105276;-1.0317136705034151;135;3.229608792541037;1;1
老協珍熬雞精42mlx7入;飲料零食;746.0;老協珍;規格：42ml毫升x7x1BOX盒;老協珍熬雞精42mlx7入;777.0;1;42.0;18.0;361;3.99%;0;10023103001;unique_master_match;1;1;ml;7;box;106.571429;111.0;3.989704;volume;month;3.99;0.0;62.0;38.0;25.0;11.812;20.0;60.0;0;historical;3.7612001156935624;4.678155082728644;1.6073765893667327;2.9444389791664403;-1.4873201444615787;-2.461759158324531;2.0298847929395176;-0.11509402519119245;0.7666234001518166;84;3.241194422981526;1;1
舒跑Pet1500ml;飲料零食;34.0;舒跑;規格：1500ml毫升x1x1Bottle瓶;舒跑Pet1500ml;36.0;1;1500.0;10.0;276;5.56%;1;10021009001;unique_master_match;1;1;ml;1;bottle;34.0;36.0;5.555556;volume;month;5.56;1.0;38.0;28.0;31.0;19.78;12.0;7342.0;0;historical;7.313886831633462;3.5553480614894135;1.880312934366108;2.3978952727983707;0.6723502022908507;1.1808210480405814;0.45367229206835424;0.09390465571477417;-0.7646749670766093;71;3.241226344527739;1;1
Evian依雲礦泉水500ml;飲料零食;233.0;Evian 依雲;規格：500ml毫升x1x6Bottle瓶;Evian依雲礦泉水500ml;0.0;1;500.0;24.0;593;0.00%;1;10040002001;unique_master_match;1;1;ml;6;bottle;38.833333;0.0;0.0;volume;month;0.0;1.0;40.0;27.0;23.0;13.67;24.0;4710.0;0;historical;6.2166061010848646;3.684704074335255;0.0;3.2188758248682006;0.6723502022908507;0.0557758668854113;0.6352641067378348;-1.3459289544768014;1.5355366431988628;44;3.2590938332394006;1;1
十全葡萄醋飲料(即飲品)140mlx6;飲料零食;180.0;十全;規格：140ml毫升x1x6Bag包;十全葡萄醋飲料(即飲品)140ml;0.0;1;140.0;25.0;717;0.00%;1;10053904001;unique_master_match;1;1;ml;6;bag;30.0;0.0;0.0;volume;month;0.0;1.0;42.0;26.0;19.0;6.2;36.0;33.0;0;historical;4.948759890378168;3.4339872044851463;0.0;3.258096538021482;0.6723502022908507;-1.2441506059765288;0.2833041911319721;-1.3459289544768014;1.645424678342951;63;3.2785621881043907;1;1
原萃文山包種烏龍茶(無糖) 1250ml;飲料零食;33.0;原萃;規格：1250ml毫升x1x1Bottle瓶;原萃文山包種烏龍茶1250ml;48.0;1;1250.0;9.0;407;31.25%;1;10030049001;unique_master_match;1;1;ml;1;bottle;33.0;48.0;31.25;volume;month;31.25;1.0;35.0;26.0;31.0;15.95;12.0;919.0;0;historical;7.1316985104669115;3.5263605246161616;3.4735180432417816;2.302585092994046;0.6723502022908507;0.9940228230424072;0.41297917461825545;1.3138878945480807;-1.0317136705034151;135;3.2808763992774503;1;1
義美錫蘭紅茶TP250ml;飲料零食;60.0;義美;規格：250ml毫升x1x6Bottle瓶;義美錫蘭紅茶TP250ml;0.0;1;250.0;12.0;429;0.00%;1;10031031001;unique_master_match;1;1;ml;6;bottle;10.0;0.0;0.0;volume;month;0.0;1.0;35.0;21.0;12.0;6.66;24.0;7412.0;0;historical;5.5254529391317835;2.3978952727983707;0.0;2.5649493574615367;0.6723502022908507;-0.6528655159872415;-1.1711764309913302;-1.3459289544768014;-0.29662521350160326;32;3.2840732292197456;1;1
義美寶吉蔬果汁蘋果柳橙125ml;飲料零食;76.0;義美;規格：125ml毫升x1x6Bottle瓶;義美寶吉蔬果汁蘋果柳橙125ml;0.0;1;125.0;13.0;107;0.00%;1;10010043001;unique_master_match;1;1;ml;6;bottle;12.666667;0.0;0.0;volume;month;0.0;1.0;28.0;16.0;9.0;3.42;24.0;1104.0;0;historical;4.836281906951478;2.6149598024264415;0.0;2.6390573296152584;0.6723502022908507;-1.3594746153364514;-0.8664581502685499;-1.3459289544768014;-0.0889905532990034;124;3.289958131040733;1;1
津津蘆筍汁245mlx24;飲料零食;189.0;津津;規格：245ml毫升x1x24Bottle瓶;津津蘆筍汁Can245ml;0.0;1;245.0;24.0;212;0.00%;1;10015007001;unique_master_match;1;1;ml;24;bottle;7.875;0.0;0.0;volume;month;0.0;1.0;33.0;22.0;14.0;7.26;24.0;12170.0;0;historical;5.5053315359323625;2.1832383353614797;0.0;3.2188758248682006;0.6723502022908507;-0.6734960502501288;-1.4725148994783894;-1.3459289544768014;1.5355366431988628;38;3.2944349846196377;1;1
悅氏Light鹼性水720ml;飲料零食;259.0;悅氏;規格：720ml毫升x1x20Bottle瓶;悅氏Light鹼性水720ml;0.0;1;720.0;12.0;641;0.00%;1;10040066001;unique_master_match;1;1;ml;20;bottle;12.95;0.0;0.0;volume;month;0.0;1.0;37.0;30.0;25.0;16.0;20.0;5204.0;0;historical;6.580639137284949;2.6354795082673745;0.0;2.5649493574615367;0.6723502022908507;0.42902001649645044;-0.8376522947218145;-1.3459289544768014;-0.29662521350160326;88;3.3107854116710183;1;1
美粒果柳橙汁Pet1250ml;飲料零食;39.0;美粒果;規格：1250ml毫升x1x1Bottle瓶;雪碧汽水1250ml;52.0;1;1250.0;9.0;27;25.00%;1;10001010001;unique_master_match;1;1;ml;1;bottle;39.0;52.0;25.0;volume;month;25.0;1.0;37.0;28.0;29.0;11.02;12.0;811.0;0;historical;7.1316985104669115;3.6888794541139363;3.258096538021482;2.302585092994046;0.6723502022908507;0.9940228230424072;0.6411255643868783;1.148930712206083;-1.0317136705034151;135;3.314170549168855;1;1
美粒果柳橙汁Pet1250ml;飲料零食;39.0;美粒果;規格：1250ml毫升x1x1Bottle瓶;美粒果柳橙汁Pet1250ml;52.0;1;1250.0;9.0;120;25.00%;1;10012004001;unique_master_match;1;1;ml;1;bottle;39.0;52.0;25.0;volume;month;25.0;1.0;36.0;27.0;30.0;16.2;12.0;6308.0;0;historical;7.1316985104669115;3.6888794541139363;3.258096538021482;2.302585092994046;0.6723502022908507;0.9940228230424072;0.6411255643868783;1.148930712206083;-1.0317136705034151;135;3.314170549168855;1;1
美粒果白葡萄加蘆薈Pet1250ml;飲料零食;39.0;美粒果;規格：1250ml毫升x1x1BOTTLE瓶;美粒果白葡萄加蘆薈Pet1250ml;52.0;1;1250.0;9.0;181;25.00%;1;10014092001;unique_master_match;1;1;ml;1;bottle;39.0;52.0;25.0;volume;month;25.0;1.0;37.0;26.0;28.0;16.31;12.0;938.333333;0;historical;7.1316985104669115;3.6888794541139363;3.258096538021482;2.302585092994046;0.6723502022908507;0.9940228230424072;0.6411255643868783;1.148930712206083;-1.0317136705034151;135;3.314170549168855;1;1
黑松蜜桃C/TP300ml;飲料零食;48.0;黑松;規格：300ml毫升x1x6Bottle瓶;黑松蜜桃C/TP300ml;0.0;1;300.0;12.0;150;0.00%;1;10014033001;unique_master_match;1;1;ml;6;bottle;8.0;0.0;0.0;volume;month;0.0;1.0;35.0;20.0;13.0;7.93;24.0;10296.0;0;historical;5.707110264748875;2.1972245773362196;0.0;2.5649493574615367;0.6723502022908507;-0.4666117222977574;-1.452880813634802;-1.3459289544768014;-0.29662521350160326;32;3.35828464597951;1;1
波蜜芭樂汁300ml;飲料零食;48.0;波蜜;規格：300ml毫升x1x6Bottle瓶;波蜜芭樂汁300ml;0.0;1;300.0;12.0;168;0.00%;1;10014069001;unique_master_match;1;1;ml;6;bottle;8.0;0.0;0.0;volume;month;0.0;1.0;35.0;20.0;13.0;7.97;24.0;6478.0;0;historical;5.707110264748875;2.1972245773362196;0.0;2.5649493574615367;0.6723502022908507;-0.4666117222977574;-1.452880813634802;-1.3459289544768014;-0.29662521350160326;32;3.35828464597951;1;1
阿薩姆蘋果奶茶TP250ml;飲料零食;48.0;;規格：250ml毫升x1x6Bottle瓶;阿薩姆蘋果奶茶TP250ml;0.0;1;250.0;12.0;456;0.00%;1;10032046001;unique_master_match;1;1;ml;6;bottle;8.0;0.0;0.0;volume;month;0.0;1.0;41.0;24.0;8.0;6.22;24.0;6828.0;0;historical;5.5254529391317835;2.1972245773362196;0.0;2.5649493574615367;0.6723502022908507;-0.6528655159872415;-1.452880813634802;-1.3459289544768014;-0.29662521350160326;32;3.3670961265328527;1;1
【限量】李時珍養氣人蔘精華飲35mlx18入(無提袋);飲料零食;499.0;李時珍;規格：35ml毫升x18x1BOX盒;李時珍養氣人蔘精華飲35mlx18入;840.0;1;35.0;25.0;363;40.60%;1;10023106001;unique_master_match;1;1;ml;18;box;27.722222;46.666667;40.595238;volume;month;40.6;1.0;35.0;24.0;22.0;3.73;4.0;107.0;0;historical;3.58351893845611;3.3576711088753206;3.727985689561049;3.258096538021482;0.6723502022908507;-2.6439361953103457;0.1761705683077018;1.5087443267835703;1.645424678342951;82;3.3714426659080745;1;1
家樂福竹炭水600ml;飲料零食;54.0;家樂福;規格：600ml毫升x1x6Bottle瓶;家福竹炭水600ml;0.0;1;600.0;12.0;611;0.00%;1;10040020001;unique_master_match;1;1;ml;6;bottle;9.0;0.0;0.0;volume;month;0.0;1.0;41.0;28.0;24.0;15.15;24.0;5924.0;0;historical;6.398594934535208;2.302585092994046;0.0;2.5649493574615367;0.6723502022908507;0.2423695565376432;-1.3049742199489096;-1.3459289544768014;-0.29662521350160326;192;3.373052921877334;1;1
波蜜果菜汁Can240ml;飲料零食;159.0;波蜜;規格：240ml毫升x1x24Can罐;波蜜果菜汁Can240ml;0.0;1;240.0;24.0;98;0.00%;1;10010018001;unique_master_match;1;1;ml;24;can;6.625;0.0;0.0;volume;month;0.0;1.0;40.0;27.0;10.0;7.25;24.0;3338.0;0;historical;5.484796933490655;2.031432322493475;0.0;3.2188758248682006;0.6723502022908507;-0.6945502389192675;-1.6856223441805684;-1.3459289544768014;1.5355366431988628;38;3.375912556316;1;1
金車冰淇淋汽水Pet 2000ml;飲料零食;270.0;金車;規格：2000ml毫升x1x6Bottle瓶;金車冰淇淋汽水Pet 2000ml;360.0;1;2000.0;11.0;70;25.00%;1;10002078001;unique_master_match;1;1;ml;6;bottle;45.0;60.0;25.0;volume;month;25.0;1.0;34.0;23.0;30.0;13.31;6.0;168.0;0;historical;7.601402334583733;3.828641396489095;3.258096538021482;2.4849066497880004;0.6723502022908507;1.4756115443066435;0.837325371255403;1.148930712206083;-0.5208877311024999;186;3.376827205568413;1;1
古道百香綠茶 Pet 2000ml;飲料零食;53.0;古道;規格：2000ml毫升x1x1Bottle瓶;古道百香綠茶 Pet 2000ml;75.0;1;2000.0;12.0;563;29.33%;1;10034057001;unique_master_match;1;1;ml;1;bottle;53.0;75.0;29.333333;volume;month;29.33;1.0;38.0;22.0;31.0;18.0;8.0;330.0;0;historical;7.601402334583733;3.9889840465642745;3.412247206859729;2.5649493574615367;0.6723502022908507;1.4756115443066435;1.062416668949969;1.2669702735845423;-0.29662521350160326;186;3.4015616038331067;1;1
維大力蘋果風味氣水2000ml;飲料零食;34.0;維大力;規格：2000ml毫升x1x1Bottle瓶;維大力蘋果風味氣水2000ml;0.0;1;2000.0;9.0;79;0.00%;0;10002918001;unique_master_match;1;1;ml;1;bottle;34.0;0.0;0.0;volume;month;0.0;0.0;35.0;23.0;31.0;13.45;6.0;55.333333;0;historical;7.601402334583733;3.5553480614894135;0.0;2.302585092994046;-1.4873201444615787;1.4756115443066435;0.45367229206835424;-1.3459289544768014;-1.0317136705034151;78;3.405004472002646;1;1
囍瑞100純天然蘋果原汁1L;飲料零食;89.0;囍瑞;規格：1000ml毫升x1x1Bottle瓶;囍瑞100純天然蘋果原汁1L;99.0;1;1000.0;12.0;113;10.10%;1;10011007001;unique_master_match;1;1;ml;1;bottle;89.0;99.0;10.10101;volume;month;10.1;1.0;36.0;20.0;20.0;13.28;12.0;199.0;0;historical;6.90875477931522;4.499809670330265;2.4070360951698504;2.5649493574615367;0.6723502022908507;0.7654379555440389;1.7795209608848437;0.4972384286897711;-0.29662521350160326;23;3.414302707642712;1;1
囍瑞100純天然柳橙原汁1L;飲料零食;89.0;囍瑞;規格：1000ml毫升x1x1Bottle瓶;囍瑞100純天然柳橙原汁1L;99.0;1;1000.0;12.0;119;10.10%;1;10012002001;unique_master_match;1;1;ml;1;bottle;89.0;99.0;10.10101;volume;month;10.1;1.0;36.0;20.0;20.0;13.28;12.0;84.0;0;historical;6.90875477931522;4.499809670330265;2.4070360951698504;2.5649493574615367;0.6723502022908507;0.7654379555440389;1.7795209608848437;0.4972384286897711;-0.29662521350160326;23;3.414302707642712;1;1
囍瑞100純天然紅葡萄原汁1L;飲料零食;89.0;囍瑞;規格：1000ml毫升x1x1Bottle瓶;囍瑞100純天然紅葡萄原汁1L;99.0;1;1000.0;12.0;128;10.10%;1;10013004001;unique_master_match;1;1;ml;1;bottle;89.0;99.0;10.10101;volume;month;10.1;1.0;36.0;20.0;20.0;13.28;12.0;150.0;0;historical;6.90875477931522;4.499809670330265;2.4070360951698504;2.5649493574615367;0.6723502022908507;0.7654379555440389;1.7795209608848437;0.4972384286897711;-0.29662521350160326;23;3.414302707642712;1;1
囍瑞100純天然蘋果原汁1L;飲料零食;89.0;囍瑞;規格：1000ml毫升x1x1Bottle瓶;囍瑞100覆盆莓綜合原汁1L;99.0;1;1000.0;12.0;155;10.10%;1;10014043001;unique_master_match;1;1;ml;1;bottle;89.0;99.0;10.10101;volume;month;10.1;1.0;36.0;20.0;20.0;13.3;12.0;139.0;0;historical;6.90875477931522;4.499809670330265;2.4070360951698504;2.5649493574615367;0.6723502022908507;0.7654379555440389;1.7795209608848437;0.4972384286897711;-0.29662521350160326;23;3.414302707642712;1;1
白蘭氏兒童學進雞精41mlx6;飲料零食;369.0;白蘭氏;規格：41ml毫升x6x1BoX盒;白蘭氏兒童學進雞精41mlx6;0.0;1;41.0;24.0;351;0.00%;0;10023073001;unique_master_match;1;1;ml;6;box;61.5;0.0;0.0;volume;month;0.0;0.0;31.0;21.0;16.0;6.7;6.0;198.0;0;historical;3.7376696182833684;4.135166556742356;0.0;3.2188758248682006;-1.4873201444615787;-2.4858850469731792;1.2676297604188058;-1.3459289544768014;1.5355366431988628;65;3.4235217652603285;1;1
Red Bull 紅牛能量飲料-無糖250mlx4;飲料零食;199.0;紅牛;規格：250ml毫升x4x1Bottle瓶;紅牛能量飲料4入;0.0;1;250.0;12.0;303;0.00%;1;10022011001;unique_master_match;1;1;ml;4;bottle;49.75;0.0;0.0;volume;month;0.0;1.0;33.0;22.0;14.0;6.75;6.0;864.0;0;historical;5.5254529391317835;3.926911617921897;0.0;2.5649493574615367;0.6723502022908507;-0.6528655159872415;0.9752785088433776;-1.3459289544768014;-0.29662521350160326;97;3.4335946380162197;1;1
富維克礦泉水1500ml;飲料零食;540.0;富維克;規格：1500ml毫升x1x6Bottle瓶;富維克礦泉水1500ml;0.0;1;1500.0;24.0;615;0.00%;0;10040024001;unique_master_match;1;1;ml;6;bottle;90.0;0.0;0.0;volume;month;0.0;0.0;25.0;17.0;31.0;9.4;6.0;556.0;0;historical;7.313886831633462;4.51085950651685;0.0;3.2188758248682006;-1.4873201444615787;1.1808210480405814;1.7950328784275844;-1.3459289544768014;1.5355366431988628;76;3.440747474275697;1;1
悅氏Light鹼性水6000ml;飲料零食;92.0;悅氏;規格：6000ml毫升x1x2Bucket桶;悅氏Light鹼性水6000ml;98.0;1;6000.0;12.0;610;6.12%;0;10040019001;unique_master_match;1;1;ml;2;bucket;46.0;49.0;6.122449;volume;month;6.12;0.0;35.0;18.0;35.0;12.7;2.0;1776.0;0;historical;8.699681400989514;3.8501476017100584;1.96325162695713;2.5649493574615367;-1.4873201444615787;2.601680322171415;0.8675160886933558;0.15741425297133868;-0.29662521350160326;60;3.4478032725466576;1;1
紅牌速纖纖維飲料TP250ml;飲料零食;159.0;紅牌;規格：250ml毫升x1x24Bottle瓶;紅牌速纖纖維飲料TP250ml;0.0;1;250.0;12.0;92;0.00%;1;10010004001;unique_master_match;1;1;ml;24;bottle;6.625;0.0;0.0;volume;month;0.0;1.0;35.0;20.0;11.0;6.73;24.0;30886.0;0;historical;5.5254529391317835;2.031432322493475;0.0;2.5649493574615367;0.6723502022908507;-0.6528655159872415;-1.6856223441805684;-1.3459289544768014;-0.29662521350160326;32;3.4515635879611075;1;1
開喜凍頂烏龍茶微糖TP 250ml;飲料零食;159.0;開喜;規格：250ml毫升x1x24Bottle瓶;開喜凍頂烏龍茶微糖TP 250ml;0.0;1;250.0;12.0;392;0.00%;1;10030013001;unique_master_match;1;1;ml;24;bottle;6.625;0.0;0.0;volume;month;0.0;1.0;35.0;20.0;11.0;6.58;24.0;26892.0;0;historical;5.5254529391317835;2.031432322493475;0.0;2.5649493574615367;0.6723502022908507;-0.6528655159872415;-1.6856223441805684;-1.3459289544768014;-0.29662521350160326;32;3.4515635879611075;1;1
愛之味麥仔茶 TP250ml;飲料零食;159.0;愛之味;規格：250ml毫升x1x24Bottle瓶;愛之味麥仔茶 TP250ml;0.0;1;250.0;12.0;583;0.00%;1;10035035001;unique_master_match;1;1;ml;24;bottle;6.625;0.0;0.0;volume;month;0.0;1.0;35.0;20.0;11.0;6.57;24.0;54241.0;0;historical;5.5254529391317835;2.031432322493475;0.0;2.5649493574615367;0.6723502022908507;-0.6528655159872415;-1.6856223441805684;-1.3459289544768014;-0.29662521350160326;32;3.4515635879611075;1;1
聖沛黎洛氣泡礦泉水250ml*6入/組;飲料零食;249.0;聖沛黎洛;規格：250ml毫升x1x6Bottle瓶;聖沛黎洛氣泡礦泉水250ml;0.0;1;250.0;30.0;665;0.00%;1;10041009001;unique_master_match;1;1;ml;6;bottle;41.5;0.0;0.0;volume;month;0.0;1.0;35.0;23.0;18.0;10.2;24.0;1284.0;0;historical;5.5254529391317835;3.7495040759303713;0.0;3.4339872044851463;0.6723502022908507;-0.6528655159872415;0.7262312726342189;-1.3459289544768014;2.1382326408687162;117;3.4570652946696088;1;1
白蘭氏雙認證雞精68mlx19(裸瓶裝);飲料零食;959.0;白蘭氏;規格：68ml毫升x19x1BoX盒;白蘭氏雙認證雞精68mlx19;0.0;1;68.0;36.0;340;0.00%;0;10023049001;unique_master_match;1;1;ml;19;box;50.473684;0.0;0.0;volume;month;0.0;0.0;37.0;32.0;20.0;10.33;3.0;129.0;0;historical;4.23410650459726;3.941070686778397;0.0;3.6109179126442243;-1.4873201444615787;-1.9768868379042153;0.9951552115270494;-1.3459289544768014;2.633954577394146;49;3.4576128725758957;1;1
泰山環保包裝水1460ml;飲料零食;215.0;泰山;規格：1460ml毫升x1x12Bottle瓶;泰山環保包裝水1460ml;0.0;1;1460.0;12.0;636;0.00%;1;10040056001;unique_master_match;1;1;ml;12;bottle;17.916667;0.0;0.0;volume;month;0.0;1.0;36.0;28.0;31.0;18.4;12.0;1956.0;0;historical;7.2868764117507;2.9400433853145476;0.0;2.5649493574615367;0.6723502022908507;1.1531271845796907;-0.41010118287918634;-1.3459289544768014;-0.29662521350160326;136;3.5266877637216365;1;1
可口可樂2L;飲料零食;230.0;CocaCola 可口可樂;規格：2000ml毫升x1x6Bottle瓶;可口可樂2L;296.0;1;2000.0;9.0;3;22.30%;1;10000002001;unique_master_match;1;1;ml;6;bottle;38.333333;49.333333;22.297297;volume;month;22.3;1.0;34.0;23.0;31.0;13.31;6.0;13565.0;0;historical;7.601402334583733;3.672072327322979;3.1483373452584478;2.302585092994046;0.6723502022908507;1.4756115443066435;0.6175314802294822;1.0648835454396692;-1.0317136705034151;25;3.527990876606312;1;1
可口可樂ZERO無糖零卡2L;飲料零食;230.0;CocaCola 可口可樂;規格：2000ml毫升x1x6Bottle瓶;可口可樂 Zero 2L;296.0;1;2000.0;9.0;10;22.30%;1;10000010001;unique_master_match;1;1;ml;6;bottle;38.333333;49.333333;22.297297;volume;month;22.3;1.0;34.0;23.0;31.0;12.52;6.0;8378.0;0;historical;7.601402334583733;3.672072327322979;3.1483373452584478;2.302585092994046;0.6723502022908507;1.4756115443066435;0.6175314802294822;1.0648835454396692;-1.0317136705034151;25;3.527990876606312;1;1
原萃冷萃日式深蒸綠茶450ml;飲料零食;108.0;原萃;規格：450ml毫升x1x4Bottle瓶;原萃冷萃日式深蒸綠茶 450ml;0.0;1;450.0;9.0;468;0.00%;1;10033001001;unique_master_match;1;1;ml;4;bottle;27.0;0.0;0.0;volume;month;0.0;1.0;40.0;27.0;19.0;12.05;24.0;5520.0;0;historical;6.111467339502679;3.332204510175204;0.0;2.302585092994046;0.6723502022908507;-0.05202321659208888;0.14042019405239078;-1.3459289544768014;-1.0317136705034151;28;3.530630613764843;1;1
黑松汽水2L;飲料零食;38.0;黑松汽水;規格：2000ml毫升x1x1Bottle瓶;黑松汽水2L;41.0;1;2000.0;9.0;25;7.32%;1;10001008001;unique_master_match;1;1;ml;1;bottle;38.0;41.0;7.317073;volume;month;7.32;1.0;34.0;22.0;31.0;13.02;6.0;2528.0;0;historical;7.601402334583733;3.6635616461296463;2.1183103900513496;2.302585092994046;0.6723502022908507;1.4756115443066435;0.6055840646593031;0.2761491797898129;-1.0317136705034151;71;3.533383040503285;1;1
雪碧汽水2L;飲料零食;39.0;Sprite 雪碧;規格：2000ml毫升x1x1Bottle瓶;雪碧汽水2L;50.0;1;2000.0;9.0;21;22.00%;1;10001004001;unique_master_match;1;1;ml;1;bottle;39.0;50.0;22.0;volume;month;22.0;1.0;34.0;23.0;31.0;12.52;6.0;6673.0;0;historical;7.601402334583733;3.6888794541139363;3.1354942159291497;2.302585092994046;0.6723502022908507;1.4756115443066435;0.6411255643868783;1.0550490285726168;-1.0317136705034151;25;3.5334367325402156;1;1
芬達橘子汽水2L;飲料零食;39.0;Fanta 芬達;規格：2000ml毫升x1x1Bottle瓶;芬達橘子汽水2L;50.0;1;2000.0;9.0;61;22.00%;1;10002040001;unique_master_match;1;1;ml;1;bottle;39.0;50.0;22.0;volume;month;22.0;1.0;34.0;23.0;31.0;13.1;6.0;1104.0;0;historical;7.601402334583733;3.6888794541139363;3.1354942159291497;2.302585092994046;0.6723502022908507;1.4756115443066435;0.6411255643868783;1.0550490285726168;-1.0317136705034151;25;3.5334367325402156;1;1
白蘭氏冬蟲夏草雞精68mlx18;飲料零食;1045.0;白蘭氏;規格：68ml毫升x18x1BoX盒;白蘭氏冬蟲夏草雞精68mlx18;0.0;1;68.0;36.0;347;0.00%;0;10023063001;unique_master_match;1;1;ml;18;box;58.055556;0.0;0.0;volume;month;0.0;0.0;37.0;33.0;21.0;10.45;3.0;23.0;0;historical;4.23410650459726;4.078478627971654;0.0;3.6109179126442243;-1.4873201444615787;-1.9768868379042153;1.188050437982562;-1.3459289544768014;2.633954577394146;49;3.536137718119937;1;1
茶裏王青心烏龍無糖Pet-600mlx4;飲料零食;68.0;統一;規格：600ml毫升x1x4Bottle瓶;茶裏王青心烏龍無糖Pet600ml;0.0;1;600.0;9.0;394;0.00%;1;10030015001;unique_master_match;1;1;ml;4;bottle;17.0;0.0;0.0;volume;month;0.0;1.0;41.0;27.0;24.0;15.56;24.0;2340.0;0;historical;6.398594934535208;2.8903717578961645;0.0;2.302585092994046;0.6723502022908507;0.2423695565376432;-0.47983092146690826;-1.3459289544768014;-1.0317136705034151;79;3.5434523965830214;1;1
茶裏王英式紅茶Pet600ml;飲料零食;68.0;統一;規格：600ml毫升x1x4Bottle瓶;茶裏王英式紅茶Pet600ml;0.0;1;600.0;9.0;413;0.00%;1;10031007001;unique_master_match;1;1;ml;4;bottle;17.0;0.0;0.0;volume;month;0.0;1.0;41.0;27.0;24.0;15.89;24.0;2782.0;0;historical;6.398594934535208;2.8903717578961645;0.0;2.302585092994046;0.6723502022908507;0.2423695565376432;-0.47983092146690826;-1.3459289544768014;-1.0317136705034151;79;3.5434523965830214;1;1
舒味思氣泡水萊姆500ml;飲料零食;120.0;Schweppes 舒味思;規格：500ml毫升x1x4Bottle瓶;舒味思氣泡水萊姆口味Pet500ml;0.0;1;500.0;9.0;673;0.00%;1;10041033001;unique_master_match;1;1;ml;4;bottle;30.0;0.0;0.0;volume;month;0.0;1.0;42.0;25.0;24.0;12.76;24.0;3819.0;0;historical;6.2166061010848646;3.4339872044851463;0.0;2.302585092994046;0.6723502022908507;0.0557758668854113;0.2833041911319721;-1.3459289544768014;-1.0317136705034151;28;3.564762814106382;1;1
Perrier 汽泡礦泉水750ml;飲料零食;75.0;Perrier;規格：750ml毫升x1x1BOTTLE瓶;Perrier 汽泡礦泉水750ml;80.0;1;750.0;36.0;659;6.25%;1;10041003001;unique_master_match;1;1;ml;1;bottle;75.0;80.0;6.25;volume;month;6.25;1.0;36.0;27.0;26.0;15.31;12.0;2202.0;0;historical;6.621405651764134;4.330733340286331;1.9810014688665833;3.6109179126442243;0.6723502022908507;0.47081804446725917;1.542169198760544;0.1710060431939771;2.633954577394146;91;3.565412861344941;1;1
保力達水蠻牛維他命B補給飲料;飲料零食;28.0;保力達;規格：590ml毫升x1x1Bottle瓶;保力達水蠻牛維他命B補給飲料;0.0;1;590.0;9.0;307;0.00%;1;10022015001;unique_master_match;1;1;ml;1;bottle;28.0;0.0;0.0;volume;month;0.0;1.0;41.0;28.0;25.0;11.8;24.0;411.0;0;historical;6.3818160174060985;3.367295829986474;0.0;2.302585092994046;0.6723502022908507;0.22516608313693168;0.1896818889940074;-1.3459289544768014;-1.0317136705034151;28;3.5755311612176843;1;1
貝納頌榛果拿鐵咖啡TP375;飲料零食;62.0;貝納頌;規格：375ml毫升x1x3Bottle瓶;貝納頌榛果拿鐵咖啡TP375;66.0;1;375.0;6.0;225;6.06%;1;10020002001;unique_master_match;1;1;ml;3;bottle;20.666667;22.0;6.060606;volume;month;6.06;1.0;40.0;19.0;14.0;9.6;24.0;2604.0;0;historical;5.929589143389895;3.0757749966121426;1.9545308835155293;1.9459101490553132;0.6723502022908507;-0.2385034694546176;-0.21955921222555652;0.15073641797718246;-2.031040445143557;58;3.5835198569622926;1;1
貝納頌咖啡TP375ml;飲料零食;62.0;貝納頌;規格：375ml毫升x1x3Bottle瓶;貝納頌咖啡TP375ml;66.0;1;375.0;6.0;246;6.06%;1;10020027001;unique_master_match;1;1;ml;3;bottle;20.666667;22.0;6.060606;volume;month;6.06;1.0;39.0;20.0;14.0;9.97;24.0;10787.0;0;historical;5.929589143389895;3.0757749966121426;1.9545308835155293;1.9459101490553132;0.6723502022908507;-0.2385034694546176;-0.21955921222555652;0.15073641797718246;-2.031040445143557;58;3.5835198569622926;1;1
黑松沙士2L;飲料零食;39.0;黑松沙士;規格：2000ml毫升x1x1Bottle瓶;黑松沙士2L;41.0;1;2000.0;9.0;51;4.88%;1;10002017001;unique_master_match;1;1;ml;1;bottle;39.0;41.0;4.878049;volume;month;4.88;1.0;34.0;22.0;31.0;13.03;6.0;8437.0;0;historical;7.601402334583733;3.6888794541139363;1.7712249041307448;2.302585092994046;0.6723502022908507;1.4756115443066435;0.6411255643868783;0.01037142593596518;-1.0317136705034151;71;3.5851628677212366;1;1
黑松加鹽沙士2L;飲料零食;39.0;黑松;規格：2000ml毫升x1x1Bottle瓶;黑松加鹽沙士2L;41.0;1;2000.0;9.0;62;4.88%;1;10002045001;unique_master_match;1;1;ml;1;bottle;39.0;41.0;4.878049;volume;month;4.88;1.0;34.0;22.0;30.0;12.96;6.0;1591.0;0;historical;7.601402334583733;3.6888794541139363;1.7712249041307448;2.302585092994046;0.6723502022908507;1.4756115443066435;0.6411255643868783;0.01037142593596518;-1.0317136705034151;71;3.5851628677212366;1;1
可口可樂纖維+600ml;飲料零食;120.0;CocaCola 可口可樂;規格：600ml毫升x1x4Bottle瓶;可口可樂Zero 600ml;0.0;1;600.0;9.0;2;0.00%;1;10000001001;unique_master_match;1;1;ml;4;bottle;30.0;0.0;0.0;volume;month;0.0;1.0;45.0;30.0;24.0;15.7;24.0;1107.0;0;historical;6.398594934535208;3.4339872044851463;0.0;2.302585092994046;0.6723502022908507;0.2423695565376432;0.2833041911319721;-1.3459289544768014;-1.0317136705034151;28;3.5934224155918635;1;1
可口可樂纖維+600ml;飲料零食;120.0;CocaCola 可口可樂;規格：600ml毫升x1x4Bottle瓶;可口可樂纖維+ Pet 600ml;0.0;1;600.0;9.0;18;0.00%;1;10000027001;unique_master_match;1;1;ml;4;bottle;30.0;0.0;0.0;volume;month;0.0;1.0;45.0;30.0;25.0;15.41;24.0;6872.0;0;historical;6.398594934535208;3.4339872044851463;0.0;2.302585092994046;0.6723502022908507;0.2423695565376432;0.2833041911319721;-1.3459289544768014;-1.0317136705034151;28;3.5934224155918635;1;1
統一 PH9.0鹼性離子水800ml;飲料零食;500.0;統一;規格：800ml毫升x1x20Bottle瓶;統一 PH9.0鹼性離子水800ml;0.0;1;800.0;9.0;613;0.00%;1;10040022001;unique_master_match;1;1;ml;20;bottle;25.0;0.0;0.0;volume;month;0.0;1.0;38.0;31.0;24.0;18.32;20.0;4235.0;0;historical;6.68586094706836;3.258096538021482;0.0;2.302585092994046;0.6723502022908507;0.5369042495405018;0.03638636641032071;-1.3459289544768014;-1.0317136705034151;166;3.624274678102967;1;1
樹頂100%純柳橙汁1000ml;飲料零食;114.0;樹頂 Tree Top;規格：1000ml毫升x1x1Bottle瓶;樹頂100純柳橙汁1000ml;129.0;1;1000.0;12.0;123;11.63%;1;10012009001;unique_master_match;1;1;ml;1;bottle;114.0;129.0;11.627907;volume;month;11.63;1.0;29.0;18.0;26.0;11.27;10.0;353.0;0;historical;6.90875477931522;4.74493212836325;2.535909206081994;2.5649493574615367;0.6723502022908507;0.7654379555440389;2.1236273614392607;0.5959219154381115;-0.29662521350160326;23;3.632760707634927;1;1
飛想茶檸檬紅茶300ml;飲料零食;205.0;Fuzetea 飛想茶;規格：300ml毫升x1x24Bottle瓶;飛想茶檸檬紅茶300ml;0.0;1;300.0;9.0;538;0.00%;1;10034020001;unique_master_match;1;1;ml;24;bottle;8.541667;0.0;0.0;volume;month;0.0;1.0;27.0;21.0;13.0;5.97;18.0;7197.0;0;historical;5.707110264748875;2.2556682081407913;0.0;2.302585092994046;0.6723502022908507;-0.4666117222977574;-1.3708368116576914;-1.3459289544768014;-1.0317136705034151;167;3.6337845388321774;1;1
礦沛氣泡水PET585ml;飲料零食;576.0;礦沛;規格：585ml毫升x1x24BOTTLE瓶;礦沛氣泡水PET585ml;0.0;1;585.0;8.0;688;0.00%;1;10041067001;unique_master_match;1;1;ml;24;bottle;24.0;0.0;0.0;volume;month;0.0;1.0;42.0;28.0;25.0;15.48;24.0;20089.0;0;historical;6.373319789577012;3.2188758248682006;0.0;2.1972245773362196;0.6723502022908507;0.21645487559359763;-0.018672229765052516;-1.3459289544768014;-1.3269112616884122;210;3.7078997667839086;1;1
味丹多喝水2000ml;飲料零食;214.0;味丹;規格：2000ml毫升x1x8Bottle瓶;味丹多喝水2000ml;0.0;1;2000.0;12.0;609;0.00%;1;10040018001;unique_master_match;1;1;ml;8;bottle;26.75;0.0;0.0;volume;month;0.0;1.0;38.0;22.0;31.0;16.93;8.0;3136.0;0;historical;7.601402334583733;3.3232358401924436;0.0;2.5649493574615367;0.6723502022908507;1.4756115443066435;0.12782984729145555;-1.3459289544768014;-0.29662521350160326;42;3.7079542483855796;1;1
百家珍蘆薈醋600ml;飲料零食;149.0;百家珍;規格：600ml毫升x1x1Bottle瓶;百家珍蘆薈醋600ml;198.0;1;600.0;24.0;702;24.75%;1;10052014001;unique_master_match;1;1;ml;1;bottle;149.0;198.0;24.747475;volume;month;24.75;1.0;31.0;24.0;27.0;12.34;12.0;25.0;0;historical;6.398594934535208;5.0106352940962555;3.248336564049293;3.2188758248682006;0.6723502022908507;0.2423695565376432;2.4966252528197184;1.1414570952868386;1.5355366431988628;67;3.7224509283783096;1;1
AW 麥根沙士;飲料零食;50.0;AW;規格：355ml毫升x1x1Can罐;AW 麥根沙士;0.0;1;355.0;9.0;49;0.00%;1;10002013001;unique_master_match;1;1;ml;1;can;50.0;0.0;0.0;volume;month;0.0;1.0;40.0;13.0;13.0;4.69;12.0;69.0;0;historical;5.87493073085203;3.9318256327243257;0.0;2.302585092994046;0.6723502022908507;-0.29454490162719504;0.9821768728672379;-1.3459289544768014;-1.0317136705034151;138;3.7227437867661464;1;1
老協珍熬雞精42ml毫升 x 14 x 1Box盒;飲料零食;1493.0;老協珍;規格：42ml毫升x14x1Box盒;老協珍熬雞精14入;0.0;1;42.0;18.0;326;0.00%;0;10023020001;unique_master_match;1;1;ml;14;box;106.642857;0.0;0.0;volume;month;0.0;0.0;60.0;37.0;29.0;12.52;12.0;730.0;0;historical;3.7612001156935624;4.678818867684097;0.0;2.9444389791664403;-1.4873201444615787;-2.461759158324531;2.0308166237215524;-1.3459289544768014;0.7666234001518166;36;3.748761280186665;1;1
老協珍熬雞精暖薑口味42mlx14入;飲料零食;1493.0;老協珍;規格：42ml毫升x14x1BOX盒;老協珍熬雞精暖薑口味42mlx14入;0.0;1;42.0;19.0;367;0.00%;0;10023114001;unique_master_match;1;1;ml;14;box;106.642857;0.0;0.0;volume;month;0.0;0.0;60.0;38.0;30.0;12.48;12.0;35.0;0;historical;3.7612001156935624;4.678818867684097;0.0;2.995732273553991;-1.4873201444615787;-2.461759158324531;2.0308166237215524;-1.3459289544768014;0.9103362213411377;36;3.751514962092109;1;1
【安心價】健酪乳酸飲料原味 1450ml;飲料零食;42.0;;規格：1450ml毫升x1x1Bottle瓶;健酪乳酸飲料原味Pet1450ml;0.0;1;1450.0;11.0;374;0.00%;1;10024003001;unique_master_match;1;1;ml;1;bottle;42.0;0.0;0.0;volume;month;0.0;1.0;38.0;29.0;32.0;19.87;12.0;482.0;0;historical;7.280008252884188;3.7612001156935624;0.0;2.4849066497880004;0.6723502022908507;1.1460852409630247;0.742650339968765;-1.3459289544768014;-0.5208877311024999;188;3.753861918073942;1;1
白蘭氏養蔘飲60mlx18;飲料零食;899.0;白蘭氏;規格：60ml毫升x18x1Box盒;白蘭氏養蔘飲60mlx18;0.0;1;60.0;24.0;349;0.00%;1;10023066001;unique_master_match;1;1;ml;18;box;49.944444;0.0;0.0;volume;month;0.0;1.0;48.0;33.0;20.0;12.88;4.0;20.666667;0;historical;4.110873864173311;3.9307357056361996;0.0;3.2188758248682006;0.6723502022908507;-2.103237628918904;0.9806468176851404;-1.3459289544768014;1.5355366431988628;163;3.7549365936381576;1;1
天地合補葡萄糖胺18入**隨機出貨不挑款，以實際出貨為準。**;飲料零食;939.0;天地合補;規格：60ml毫升x18x1Box盒;天地合補葡萄糖胺18入;0.0;1;60.0;24.0;369;0.00%;1;10023892001;unique_master_match;1;1;ml;18;box;52.166667;0.0;0.0;volume;month;0.0;1.0;57.0;32.0;20.0;9.38;4.0;89.666667;0;historical;4.110873864173311;3.973431639826382;0.0;3.2188758248682006;0.6723502022908507;-2.103237628918904;1.0405839786878048;-1.3459289544768014;1.5355366431988628;163;3.7763057161276685;1;1
Evian依雲礦泉水-1000ml;飲料零食;225.0;Evian 依雲;規格：1000ml毫升x1x3Bottle瓶;Evian依雲礦泉水1000ml;0.0;1;1000.0;24.0;632;0.00%;1;10040044001;unique_master_match;1;1;ml;3;bottle;75.0;0.0;0.0;volume;month;0.0;1.0;34.0;25.0;25.0;13.02;12.0;1345.0;0;historical;6.90875477931522;4.330733340286331;0.0;3.2188758248682006;0.6723502022908507;0.7654379555440389;1.542169198760544;-1.3459289544768014;1.5355366431988628;77;3.788127062831506;1;1
茶裏王台式綠茶Pet1250ml;飲料零食;360.0;統一;規格：1250ml毫升x1x12Bottle瓶;茶裏王台式綠茶微甜Pet1250ml;0.0;1;1250.0;9.0;489;0.00%;1;10033026001;unique_master_match;1;1;ml;12;bottle;30.0;0.0;0.0;volume;month;0.0;1.0;36.0;27.0;31.0;16.0;12.0;2030.0;0;historical;7.1316985104669115;3.4339872044851463;0.0;2.302585092994046;0.6723502022908507;0.9940228230424072;0.2833041911319721;-1.3459289544768014;-1.0317136705034151;9;3.8005693592586685;1;1
KIRIN午後紅茶-原味紅茶 1500ml;飲料零食;79.0;KIRIN 麒麟;規格：1500ml毫升x1x1Bottle瓶;KIRIN午後紅茶-原味紅茶 1500ml;109.0;1;1500.0;9.0;431;27.52%;1;10031899001;unique_master_match;1;1;ml;1;bottle;79.0;109.0;27.522936;volume;month;27.52;1.0;32.0;19.0;32.0;12.83;8.0;257.0;0;historical;7.313886831633462;4.382026634673881;3.350708535549134;2.302585092994046;0.6723502022908507;1.1808210480405814;1.614175456554772;1.219847560306288;-1.0317136705034151;109;3.800997002977778;1;1
可口可樂 1250ml;飲料零食;31.0;CocaCola 可口可樂;規格：1250ml毫升x1x1Bottle瓶;可口可樂纖維+ 1250ml;0.0;1;1250.0;9.0;9;0.00%;1;10000008001;unique_master_match;1;1;ml;1;bottle;31.0;0.0;0.0;volume;month;0.0;1.0;37.0;26.0;28.0;16.14;12.0;64.0;0;historical;7.1316985104669115;3.4657359027997265;0.0;2.302585092994046;0.6723502022908507;0.9940228230424072;0.3278734663709148;-1.3459289544768014;-1.0317136705034151;9;3.8080381370490146;1;1
可口可樂 1250ml;飲料零食;31.0;CocaCola 可口可樂;規格：1250ml毫升x1x1Bottle瓶;可口可樂1250ml;0.0;1;1250.0;9.0;15;0.00%;1;10000022001;unique_master_match;1;1;ml;1;bottle;31.0;0.0;0.0;volume;month;0.0;1.0;37.0;27.0;29.0;15.12;12.0;1843.333333;0;historical;7.1316985104669115;3.4657359027997265;0.0;2.302585092994046;0.6723502022908507;0.9940228230424072;0.3278734663709148;-1.3459289544768014;-1.0317136705034151;9;3.8080381370490146;1;1
紅花牌檸檬果露960ml;飲料零食;160.0;紅花牌;規格：960ml毫升x1x1Bottle瓶;紅花牌檸檬果露960ml;0.0;1;960.0;24.0;697;0.00%;0;10051034001;unique_master_match;1;1;ml;1;bottle;160.0;0.0;0.0;volume;month;0.0;0.0;38.0;30.0;26.0;17.8;12.0;147.0;0;historical;6.8679744089702925;5.081404364984463;0.0;3.2188758248682006;-1.4873201444615787;0.7236257211130686;2.5959718832726675;-1.3459289544768014;1.5355366431988628;18;3.827572968807278;1;1
悅氏 Light鹼性水2200ml;飲料零食;36.0;悅氏;規格：2200ml毫升x1x1Bottle瓶;悅氏天然水2200ml;0.0;1;2200.0;12.0;623;0.00%;1;10040033001;unique_master_match;1;1;ml;1;bottle;36.0;0.0;0.0;volume;month;0.0;1.0;38.0;23.0;31.0;19.0;8.0;3680.0;0;historical;7.696667081526462;3.6109179126442243;0.0;2.5649493574615367;0.6723502022908507;1.5732867713456702;0.5316820412103668;-1.3459289544768014;-0.29662521350160326;42;3.828764339567108;1;1
黑松FIN補給飲料Pet1460ml;飲料零食;29.0;黑松;規格：1460ml毫升x1x1Bottle瓶;黑松FIN健康補給飲料Pet1460ml;0.0;1;1460.0;9.0;288;0.00%;1;10021026001;unique_master_match;1;1;ml;1;bottle;29.0;0.0;0.0;volume;month;0.0;1.0;39.0;28.0;32.0;19.23;12.0;1557.0;0;historical;7.2868764117507;3.4011973816621555;0.0;2.302585092994046;0.6723502022908507;1.1531271845796907;0.23727337046796707;-1.3459289544768014;-1.0317136705034151;9;3.8547269147190883;1;1
波爾天然水6000ml;飲料零食;100.0;波爾;規格：6000ml毫升x1x2Bottle瓶;波爾天然水6000ml;0.0;1;6000.0;18.0;629;0.00%;0;10040040001;unique_master_match;1;1;ml;2;bottle;50.0;0.0;0.0;volume;month;0.0;0.0;37.0;19.0;32.0;12.6;2.0;1068.0;0;historical;8.699681400989514;3.9318256327243257;0.0;2.9444389791664403;-1.4873201444615787;2.601680322171415;0.9821768728672379;-1.3459289544768014;0.7666234001518166;48;3.8682523340318236;1;1
老協珍人蔘精無糖60mlx14入;飲料零食;840.0;老協珍;規格：60ml毫升x14x1Set組;老協珍人蔘精60mlx14入;0.0;1;60.0;25.0;321;0.00%;1;10023005001;unique_master_match;1;1;ml;14;set;60.0;0.0;0.0;volume;month;0.0;1.0;47.0;37.0;22.0;13.35;5.0;150.0;0;historical;4.110873864173311;4.110873864173311;0.0;3.258096538021482;0.6723502022908507;-2.103237628918904;1.2335273323231144;-1.3459289544768014;1.645424678342951;13;3.8740687683200226;1;1
百家珍蘋果醋600ml;飲料零食;129.0;百家珍;規格：600ml毫升x1x1Bottle瓶;百家珍蘋果醋600ml;0.0;1;600.0;36.0;705;0.00%;0;10052019001;unique_master_match;1;1;ml;1;bottle;129.0;0.0;0.0;volume;month;0.0;0.0;32.0;25.0;27.0;12.34;12.0;103.0;0;historical;6.398594934535208;4.867534450455582;0.0;3.6109179126442243;-1.4873201444615787;0.2423695565376432;2.295738248762072;-1.3459289544768014;2.633954577394146;45;3.8765348755977773;1;1
泰山純水5L;飲料零食;104.0;泰山;規格：5000ml毫升x1x2Bucket桶;泰山純水5L;0.0;1;5000.0;12.0;631;0.00%;0;10040042001;unique_master_match;1;1;ml;2;bucket;52.0;0.0;0.0;volume;month;0.0;0.0;36.0;19.0;32.0;10.65;2.0;1587.333333;0;historical;8.517393171418904;3.970291913552122;0.0;2.5649493574615367;-1.4873201444615787;2.414779660790814;1.0361763861904405;-1.3459289544768014;-0.29662521350160326;17;3.8924756882752387;1;1
蘋果西打 1250ml;飲料零食;42.0;;規格：1250ml毫升x1x1Bottle瓶;蘋果西打1250ml;0.0;1;1250.0;9.0;69;0.00%;1;10002074001;unique_master_match;1;1;ml;1;bottle;42.0;0.0;0.0;volume;month;0.0;1.0;36.0;27.0;28.0;17.0;12.0;1783.0;0;historical;7.1316985104669115;3.7612001156935624;0.0;2.302585092994046;0.6723502022908507;0.9940228230424072;0.742650339968765;-1.3459289544768014;-1.0317136705034151;165;3.9013500279546216;1;1
統一麥香阿薩姆奶茶Pet1250ml;飲料零食;42.0;統一;規格：1250ml毫升x1x1Bottle瓶;麥香阿薩姆奶茶Pet1250ml;0.0;1;1250.0;9.0;440;0.00%;1;10032001001;unique_master_match;1;1;ml;1;bottle;42.0;0.0;0.0;volume;month;0.0;1.0;35.0;27.0;28.0;16.32;12.0;1944.0;0;historical;7.1316985104669115;3.7612001156935624;0.0;2.302585092994046;0.6723502022908507;0.9940228230424072;0.742650339968765;-1.3459289544768014;-1.0317136705034151;165;3.9013500279546216;1;1
家樂福純水6000ml;飲料零食;76.0;家樂福;規格：6000ml毫升x1x2BOTTLE瓶;家樂福超值純水6000ml;0.0;1;6000.0;12.0;628;0.00%;0;10040039001;unique_master_match;1;1;ml;2;bottle;38.0;0.0;0.0;volume;month;0.0;0.0;36.0;18.0;35.0;11.15;2.0;8978.0;0;historical;8.699681400989514;3.6635616461296463;0.0;2.5649493574615367;-1.4873201444615787;2.601680322171415;0.6055840646593031;-1.3459289544768014;-0.29662521350160326;158;3.9046041738605743;1;1
老協珍人蔘精60mlx7入;飲料零食;448.0;老協珍;規格：60ml毫升x7x1BOX盒;老協珍人蔘精60mlx7入 老協珍人蔘精7;0.0;1;60.0;25.0;362;0.00%;1;10023104001;unique_master_match;1;1;ml;7;box;64.0;0.0;0.0;volume;month;0.0;1.0;38.0;32.0;28.0;13.742;10.0;12.0;0;historical;4.110873864173311;4.174387269895637;0.0;3.258096538021482;0.6723502022908507;-2.103237628918904;1.3226883565941778;-1.3459289544768014;1.645424678342951;13;3.9109478463468577;1;1
金車麥根沙士Pet 2000ml;飲料零食;45.0;金車;規格：2000ml毫升x1x1Bottle瓶;金車麥根沙士Pet 2000ml;0.0;1;2000.0;11.0;65;0.00%;1;10002069001;unique_master_match;1;1;ml;1;bottle;45.0;0.0;0.0;volume;month;0.0;1.0;34.0;23.0;30.0;13.28;6.0;362.0;0;historical;7.601402334583733;3.828641396489095;0.0;2.4849066497880004;0.6723502022908507;1.4756115443066435;0.837325371255403;-1.3459289544768014;-0.5208877311024999;188;3.928343539456384;1;1
聖沛黎洛氣泡礦泉水750ml-玻璃瓶裝;飲料零食;83.0;DigiMax;規格：750ml毫升x1x1Bottle瓶;聖沛黎洛氣泡礦泉水750ml;0.0;1;750.0;30.0;657;0.00%;1;10041001001;unique_master_match;1;1;ml;1;bottle;83.0;0.0;0.0;volume;month;0.0;1.0;33.0;25.0;30.0;14.7;12.0;641.0;0;historical;6.621405651764134;4.430816798843313;0.0;3.4339872044851463;0.6723502022908507;0.47081804446725917;1.6826677844692675;-1.3459289544768014;2.1382326408687162;105;3.947915831770784;1;1
家樂福竹炭水6000ml;飲料零食;86.0;家樂福;規格：6000ml毫升x1x2Bottle瓶;家福竹炭水6000ml;0.0;1;6000.0;12.0;626;0.00%;0;10040037001;unique_master_match;1;1;ml;2;bottle;43.0;0.0;0.0;volume;month;0.0;0.0;36.0;18.0;35.0;12.55;2.0;701.333333;0;historical;8.699681400989514;3.784189633918261;0.0;2.5649493574615367;-1.4873201444615787;2.601680322171415;0.7749233533444577;-1.3459289544768014;-0.29662521350160326;158;3.948686307855592;1;1
家樂福天然水6.3L;飲料零食;84.0;家樂福;規格：6300ml毫升x1x2BOTTLE瓶;家樂福天然水 6.3L;0.0;1;6300.0;12.0;653;0.00%;0;10040094001;unique_master_match;1;1;ml;2;bottle;42.0;0.0;0.0;volume;month;0.0;0.0;37.0;18.0;36.0;12.0;2.0;700.0;0;historical;8.748463629942055;3.7612001156935624;0.0;2.5649493574615367;-1.4873201444615787;2.6516968859195322;0.742650339968765;-1.3459289544768014;-0.29662521350160326;158;3.9780091684328096;1;1
統一H2O純水5800ml;飲料零食;84.0;統一;規格：5800ml毫升x1x2Bucket桶;統一H2O純水5800ml;90.0;1;5800.0;12.0;617;6.67%;1;10040026001;unique_master_match;1;1;ml;2;bucket;42.0;45.0;6.666667;volume;month;6.67;1.0;35.0;18.0;25.0;12.39;2.0;3122.0;0;historical;8.665785595466064;3.7612001156935624;2.0368819707392998;2.5649493574615367;0.6723502022908507;2.566926852431301;0.742650339968765;0.21379606142986968;-0.29662521350160326;37;4.000135983499568;1;1
桂格養氣人蔘雞精雙效滋補18入**隨機出貨不挑款，以實際出貨為準。**;飲料零食;759.0;桂格;規格：68ml毫升x18x1Box盒;桂格養氣人蔘雞精雙效滋補18入;0.0;1;68.0;36.0;341;0.00%;1;10023051001;unique_master_match;1;1;ml;18;box;42.166667;0.0;0.0;volume;month;0.0;1.0;69.0;29.0;20.0;14.54;4.0;212.0;0;historical;4.23410650459726;3.7650686001934903;0.0;3.6109179126442243;0.6723502022908507;-1.9768868379042153;0.7480809736510188;-1.3459289544768014;2.633954577394146;87;4.003065591607948;1;1
普娜天然礦泉水Btl750;飲料零食;996.0;;規格：750ml毫升x1x12Bottle瓶;普娜天然礦泉水Btl750;0.0;1;750.0;32.0;621;0.00%;1;10040031001;unique_master_match;1;1;ml;12;bottle;83.0;0.0;0.0;volume;month;0.0;1.0;32.0;25.0;30.0;15.0;12.0;95.0;0;historical;6.621405651764134;4.430816798843313;0.0;3.4965075614664802;0.6723502022908507;0.47081804446725917;1.6826677844692675;-1.3459289544768014;2.3134012860265853;105;4.0121377510944995;1;1
維大力淨化純水6000ml;飲料零食;115.0;維大力;規格：6000ml毫升x1x2Bucket桶;維大力淨化純水6000ml;0.0;1;6000.0;24.0;619;0.00%;0;10040028001;unique_master_match;1;1;ml;2;bucket;57.5;0.0;0.0;volume;month;0.0;0.0;35.0;18.0;34.0;12.56;2.0;80.0;0;historical;8.699681400989514;4.069026754237811;0.0;3.2188758248682006;-1.4873201444615787;2.601680322171415;1.1747817629082862;-1.3459289544768014;1.5355366431988628;133;4.012219457264375;1;1
桂格5X人蔘濃縮精華飲盒裝15ml*18包;飲料零食;939.0;桂格;規格：15ml毫升x18x1BOX盒;桂格5X人蔘濃縮精華飲盒裝15ml*18包;0.0;1;15.0;24.0;352;0.00%;0;10023075001;unique_master_match;1;1;ml;18;box;52.166667;0.0;0.0;volume;month;0.0;0.0;41.0;31.0;15.0;3.93;6.0;12.0;0;historical;2.772588722239781;3.973431639826382;0.0;3.2188758248682006;-1.4873201444615787;-3.475385346478042;1.0405839786878048;-1.3459289544768014;1.5355366431988628;83;4.0188920309996705;1;1
維大力汽水2L;飲料零食;34.0;維大力;規格：2000ml毫升x1x1Bottle瓶;維大力汽水2L;0.0;1;2000.0;9.0;57;0.00%;1;10002035001;unique_master_match;1;1;ml;1;bottle;34.0;0.0;0.0;volume;month;0.0;1.0;34.0;23.0;31.0;13.44;6.0;1742.0;0;historical;7.601402334583733;3.5553480614894135;0.0;2.302585092994046;0.6723502022908507;1.4756115443066435;0.45367229206835424;-1.3459289544768014;-1.0317136705034151;199;4.032149731966781;1;1
維大力白葡萄風味氣水2000ml;飲料零食;34.0;維大力;規格：2000ml毫升x1x1Bottle瓶;維大力白葡萄風味氣水2000ml;0.0;1;2000.0;9.0;80;0.00%;1;10002919001;unique_master_match;1;1;ml;1;bottle;34.0;0.0;0.0;volume;month;0.0;1.0;35.0;23.0;31.0;13.46;6.0;202.0;0;historical;7.601402334583733;3.5553480614894135;0.0;2.302585092994046;0.6723502022908507;1.4756115443066435;0.45367229206835424;-1.3459289544768014;-1.0317136705034151;199;4.032149731966781;1;1
天地合補金盞花葉黃素濃縮飲15mlx16入;飲料零食;799.0;桂格;規格：15ml毫升x16x1BOX盒;天地合補金盞花葉黃素濃縮飲15mlx16入;968.0;1;15.0;24.0;371;17.46%;1;10023998001;unique_master_match;1;1;ml;16;box;49.9375;60.5;17.458678;volume;month;17.46;1.0;46.0;30.0;16.0;3.77;6.0;21.0;0;historical;2.772588722239781;3.9305993910010817;2.915534612209088;3.2188758248682006;0.6723502022908507;-3.475385346478042;0.9804554572573374;0.8866168359666915;1.5355366431988628;34;4.057497976706422;1;1
百家珍蔓越莓醋600ml;飲料零食;219.0;百家珍;規格：600ml毫升x1x1Bottle瓶;百家珍蔓越莓醋600ml;0.0;1;600.0;24.0;706;0.00%;0;10052020001;unique_master_match;1;1;ml;1;bottle;219.0;0.0;0.0;volume;month;0.0;0.0;32.0;25.0;27.0;12.34;12.0;702.0;0;historical;6.398594934535208;5.393627546352362;0.0;3.2188758248682006;-1.4873201444615787;0.2423695565376432;3.03427523569621;-1.3459289544768014;1.5355366431988628;134;4.069215326883917;1;1
百家珍紅葡萄醋600ml;飲料零食;219.0;百家珍;規格：600ml毫升x1x1Bottle瓶;百家珍紅葡萄醋600ml;0.0;1;600.0;24.0;709;0.00%;0;10052025001;unique_master_match;1;1;ml;1;bottle;219.0;0.0;0.0;volume;month;0.0;0.0;32.0;25.0;27.0;12.4;12.0;303.0;0;historical;6.398594934535208;5.393627546352362;0.0;3.2188758248682006;-1.4873201444615787;0.2423695565376432;3.03427523569621;-1.3459289544768014;1.5355366431988628;134;4.069215326883917;1;1
味丹竹炭礦泉水6200ml;飲料零食;110.0;味丹;規格：6200ml毫升x1x2Bucket桶;味丹竹炭礦泉水6200ml;0.0;1;6200.0;12.0;634;0.00%;0;10040049001;unique_master_match;1;1;ml;2;bucket;55.0;0.0;0.0;volume;month;0.0;0.0;36.0;18.0;37.0;12.8;2.0;1788.0;0;historical;8.732465848349879;4.02535169073515;0.0;2.5649493574615367;-1.4873201444615787;2.635294313097122;1.1134700862202855;-1.3459289544768014;-0.29662521350160326;17;4.081561894428329;1;1
味丹多喝水6200ml;飲料零食;96.0;味丹;規格：6200ml毫升x1x2Bucket桶;味丹多喝水6200ml;104.0;1;6200.0;12.0;595;7.69%;1;10040004001;unique_master_match;1;1;ml;2;bucket;48.0;52.0;7.692308;volume;month;7.69;1.0;36.0;18.0;36.0;12.39;2.0;4908.0;0;historical;8.732465848349879;3.8918202981106265;2.1624384966490333;2.5649493574615367;0.6723502022908507;2.635294313097122;0.9260168139017609;0.3099399014682134;-0.29662521350160326;37;4.093076049723737;1;1
茶裏王日式綠茶無糖600ml;飲料零食;68.0;統一;規格：600ml毫升x1x4Bottle瓶;茶裏王日式綠茶無糖600ml;0.0;1;600.0;6.0;479;0.00%;1;10033015001;unique_master_match;1;1;ml;4;bottle;17.0;0.0;0.0;volume;month;0.0;1.0;40.0;28.0;24.0;16.0;24.0;11991.0;0;historical;6.398594934535208;2.8903717578961645;0.0;1.9459101490553132;0.6723502022908507;0.2423695565376432;-0.47983092146690826;-1.3459289544768014;-2.031040445143557;114;4.1411304807298706;1;1
崇德發綜合水果醋;飲料零食;198.0;崇德發;規格：500ml毫升x1x1Bottle瓶;崇德發綜合水果醋;0.0;1;500.0;36.0;704;0.00%;0;10052017001;unique_master_match;1;1;ml;1;bottle;198.0;0.0;0.0;volume;month;0.0;0.0;30.0;23.0;29.0;12.81;12.0;92.0;0;historical;6.2166061010848646;5.293304824724492;0.0;3.6109179126442243;-1.4873201444615787;0.0557758668854113;2.893440769078127;-1.3459289544768014;2.633954577394146;176;4.28027350733053;1;1
茶裏王濃韻烏龍茶-975ml;飲料零食;36.0;濃韻;規格：975ml毫升x1x1Bottle瓶;濃韻烏龍茶 975mL;0.0;1;975.0;6.0;399;0.00%;1;10030020001;unique_master_match;1;1;ml;1;bottle;36.0;0.0;0.0;volume;month;0.0;1.0;40.0;22.0;22.0;12.48;12.0;327.0;0;historical;6.883462586413092;3.6109179126442243;0.0;1.9459101490553132;0.6723502022908507;0.7395057952926143;0.5316820412103668;-1.3459289544768014;-2.031040445143557;52;4.331210619559515;1;1
茶裏王日式綠茶無糖1250ml;飲料零食;30.0;統一;規格：1250ml毫升x1x1Bottle瓶;茶裏王日式綠茶無糖Pet1250 ml;0.0;1;1250.0;6.0;497;0.00%;1;10033034001;unique_master_match;1;1;ml;1;bottle;30.0;0.0;0.0;volume;month;0.0;1.0;35.0;27.0;31.0;16.0;12.0;5695.0;0;historical;7.1316985104669115;3.4339872044851463;0.0;1.9459101490553132;0.6723502022908507;0.9940228230424072;0.2833041911319721;-1.3459289544768014;-2.031040445143557;52;4.363167911748974;1;1
水事紀麥飯石礦泉水5000ml;飲料零食;98.0;統一;規格：5000ml毫升x1x2BOTTLE瓶;水事紀麥飯石礦泉水5000ml;0.0;1;5000.0;12.0;647;0.00%;1;10040079001;unique_master_match;1;1;ml;2;bottle;49.0;0.0;0.0;volume;month;0.0;1.0;35.0;17.0;32.0;10.4;2.0;994.0;0;historical;8.517393171418904;3.912023005428146;0.0;2.5649493574615367;0.6723502022908507;2.414779660790814;0.9543776624028417;-1.3459289544768014;-0.29662521350160326;70;4.427009852805536;1;1
百家珍鳳梨醋600ml;飲料零食;129.0;百家珍;規格：600ml毫升x1x1Bottle瓶;百家珍鳳梨醋600ml;0.0;1;600.0;36.0;699;0.00%;1;10052004001;unique_master_match;1;1;ml;1;bottle;129.0;0.0;0.0;volume;month;0.0;1.0;32.0;25.0;27.0;12.34;12.0;25.666667;0;historical;6.398594934535208;4.867534450455582;0.0;3.6109179126442243;0.6723502022908507;0.2423695565376432;2.295738248762072;-1.3459289544768014;2.633954577394146;7;4.437532946172641;1;1
悅氏天然水6000ml;飲料零食;90.0;悅氏;規格：6000ml毫升x1x2Bucket桶;悅氏天然水6000ml;0.0;1;6000.0;12.0;616;0.00%;1;10040025001;unique_master_match;1;1;ml;2;bucket;45.0;0.0;0.0;volume;month;0.0;1.0;34.0;17.0;35.0;10.69;2.0;7104.0;0;historical;8.699681400989514;3.828641396489095;0.0;2.5649493574615367;0.6723502022908507;2.601680322171415;0.837325371255403;-1.3459289544768014;-0.29662521350160326;70;4.516451331960957;1;1
崇德發水蜜桃醋;飲料零食;198.0;崇德發;規格：500ml毫升x1x1Bottle瓶;崇德發水蜜桃醋;0.0;1;500.0;36.0;711;0.00%;1;10052035001;unique_master_match;1;1;ml;1;bottle;198.0;0.0;0.0;volume;month;0.0;1.0;30.0;24.0;29.0;12.55;12.0;98.0;0;historical;6.2166061010848646;5.293304824724492;0.0;3.6109179126442243;0.6723502022908507;0.0557758668854113;2.893440769078127;-1.3459289544768014;2.633954577394146;156;4.794258785693295;1;1
太陽牌加州梅汁Pet 946ml;飲料零食;249.0;太陽牌;規格：946ml毫升x1x1Bottle瓶;太陽牌加州梅汁Pet 946ml;0.0;1;946.0;24.0;139;0.00%;1;10014018001;unique_master_match;1;1;ml;1;bottle;249.0;0.0;0.0;volume;month;0.0;1.0;38.0;30.0;26.0;23.0;12.0;194.0;0;historical;6.853299093186078;5.521460917862246;0.0;3.2188758248682006;0.6723502022908507;0.7085790763982688;3.213729544754593;-1.3459289544768014;1.5355366431988628;86;4.824932036078918;1;1
【限量】桂格熬雞精52mlx9(無提袋);飲料零食;1269.0;桂格;規格：52ml毫升x1x1BOX盒;桂格滴雞精52mlx9;0.0;1;52.0;24.0;325;0.00%;0;10023017001;unique_master_match;1;1;ml;1;box;1269.0;0.0;0.0;volume;month;0.0;0.0;43.0;36.0;20.0;6.3;6.0;124.0;0;historical;3.970291913552122;7.146772179452637;0.0;3.2188758248682006;-1.4873201444615787;-2.2473767190355134;5.495364660910159;-1.3459289544768014;1.5355366431988628;16;6.494722535074405;1;1
