item_code;sku_role_pre_filter;in_eligible_skus;in_jaccard_similarity_matrix;in_minimum_inventory;in_max_capacity;in_common_optimizer_universe;filter_status;missing_sources
10000001001;historical;1;1;1;1;1;kept;
10000002001;historical;1;1;1;1;1;kept;
10000003001;historical;1;1;1;1;1;kept;
10000004001;historical;1;1;1;1;1;kept;
10000005001;historical;1;1;1;1;1;kept;
10000007001;historical;1;1;1;1;1;kept;
10000008001;historical;1;1;1;1;1;kept;
10000010001;historical;1;1;1;1;1;kept;
10000011001;historical;1;1;1;1;1;kept;
10000012001;historical;1;1;1;1;1;kept;
10000022001;historical;1;1;1;1;1;kept;
10000023001;historical;1;1;1;1;1;kept;
10000027001;historical;1;1;1;1;1;kept;
10000998001;historical;1;1;1;1;1;kept;
10001001001;historical;1;1;1;1;1;kept;
10001004001;historical;1;1;1;1;1;kept;
10001005001;historical;1;1;1;1;1;kept;
10001006001;historical;1;1;1;1;1;kept;
10001007001;historical;1;1;1;1;1;kept;
10001008001;historical;1;1;1;1;1;kept;
10001009001;historical;1;1;1;1;1;kept;
10001010001;historical;1;1;1;1;1;kept;
10001012001;historical;1;1;1;1;1;kept;
10001015001;historical;1;1;1;1;1;kept;
10001020001;historical;1;1;1;1;1;kept;
10001022001;historical;1;1;1;1;1;kept;
10001025001;historical;1;1;1;1;1;kept;
10001035001;historical;1;1;1;1;1;kept;
10002001001;historical;1;1;1;1;1;kept;
10002003001;historical;1;1;1;1;1;kept;
10002005001;historical;1;1;1;1;1;kept;
10002007001;historical;1;1;1;1;1;kept;
10002008001;historical;1;1;1;1;1;kept;
10002009001;historical;1;1;1;1;1;kept;
10002011001;historical;1;1;1;1;1;kept;
10002012001;historical;1;1;1;1;1;kept;
10002013001;historical;1;1;1;1;1;kept;
10002014001;historical;1;1;1;1;1;kept;
10002017001;historical;1;1;1;1;1;kept;
10002018001;historical;1;1;1;1;1;kept;
10002019001;historical;1;1;1;1;1;kept;
10002021001;historical;1;1;1;1;1;kept;
10002025001;historical;1;1;1;1;1;kept;
10002026001;historical;1;1;1;1;1;kept;
10002035001;historical;1;1;1;1;1;kept;
10002037001;historical;1;1;1;1;1;kept;
10002038001;historical;1;1;1;1;1;kept;
10002039001;new;1;1;1;1;1;kept;
10002040001;historical;1;1;1;1;1;kept;
10002045001;historical;1;1;1;1;1;kept;
10002046001;historical;1;1;1;1;1;kept;
10002051001;new;1;1;1;1;1;kept;
10002069001;historical;1;1;1;1;1;kept;
10002071001;historical;1;1;1;1;1;kept;
10002072001;historical;1;1;1;1;1;kept;
10002073001;historical;1;1;1;1;1;kept;
10002074001;historical;1;1;1;1;1;kept;
10002078001;historical;1;1;1;1;1;kept;
10002102001;historical;1;1;1;1;1;kept;
10002899001;historical;1;1;1;1;1;kept;
10002906001;historical;1;1;1;1;1;kept;
10002911001;new;1;1;1;1;1;kept;
10002916001;historical;1;1;1;1;1;kept;
10002918001;historical;1;1;1;1;1;kept;
10002919001;historical;1;1;1;1;1;kept;
10002942001;historical;1;1;1;1;1;kept;
10002943001;historical;1;1;1;1;1;kept;
10002944001;historical;1;1;1;1;1;kept;
10010001001;new;1;1;1;1;1;kept;
10010002001;historical;1;1;1;1;1;kept;
10010004001;historical;1;1;1;1;1;kept;
10010007001;new;1;1;1;1;1;kept;
10010009001;historical;1;1;1;1;1;kept;
10010012001;historical;1;1;1;1;1;kept;
10010018001;historical;1;1;1;1;1;kept;
10010019001;historical;1;1;1;1;1;kept;
10010026001;historical;1;1;1;1;1;kept;
10010027001;new;1;1;1;1;1;kept;
10010035001;historical;1;1;1;1;1;kept;
10010042001;historical;1;1;1;1;1;kept;
10010043001;historical;1;1;1;1;1;kept;
10011001001;historical;1;1;1;1;1;kept;
10011003001;historical;1;1;1;1;1;kept;
10011004001;historical;1;1;1;1;1;kept;
10011007001;historical;1;1;1;1;1;kept;
10011016001;historical;1;1;1;1;1;kept;
10011021001;historical;1;1;1;1;1;kept;
10011023001;historical;1;1;1;1;1;kept;
10011028001;historical;1;1;1;1;1;kept;
10012002001;historical;1;1;1;1;1;kept;
10012004001;historical;1;1;1;1;1;kept;
10012006001;historical;1;1;1;1;1;kept;
10012009001;historical;1;1;1;1;1;kept;
10012899001;historical;1;1;1;1;1;kept;
10013003001;historical;1;1;1;1;1;kept;
10013004001;historical;1;1;1;1;1;kept;
10013005001;historical;1;1;1;1;1;kept;
10013007001;historical;1;1;1;1;1;kept;
10013011001;new;1;1;1;1;1;kept;
10013012001;historical;1;1;1;1;1;kept;
10014005001;new;1;1;1;1;1;kept;
10014006001;new;1;1;1;1;1;kept;
10014009001;historical;1;1;1;1;1;kept;
10014018001;historical;1;1;1;1;1;kept;
10014020001;historical;1;1;1;1;1;kept;
10014023001;historical;1;1;1;1;1;kept;
10014024001;historical;1;1;1;1;1;kept;
10014028001;historical;1;1;1;1;1;kept;
10014029001;historical;1;1;1;1;1;kept;
10014030001;historical;1;1;1;1;1;kept;
10014032001;historical;1;1;1;1;1;kept;
10014033001;historical;1;1;1;1;1;kept;
10014037001;historical;1;1;1;1;1;kept;
10014043001;historical;1;1;1;1;1;kept;
10014051001;historical;1;1;1;1;1;kept;
10014055001;historical;1;1;1;1;1;kept;
10014062001;historical;1;1;1;1;1;kept;
10014067001;historical;1;1;1;1;1;kept;
10014069001;historical;1;1;1;1;1;kept;
10014073001;historical;1;1;1;1;1;kept;
10014075001;new;1;1;1;1;1;kept;
10014080001;historical;1;1;1;1;1;kept;
10014081001;new;1;1;1;1;1;kept;
10014090001;historical;1;1;1;1;1;kept;
10014092001;historical;1;1;1;1;1;kept;
10014097001;historical;1;1;1;1;1;kept;
10014103001;new;1;1;1;1;1;kept;
10014106001;historical;1;1;1;1;1;kept;
10014110001;historical;1;1;1;1;1;kept;
10014111001;historical;1;1;1;1;1;kept;
10014113001;historical;1;1;1;1;1;kept;
10014116001;historical;1;1;0;1;0;dropped;minimum_inventory
10014126001;historical;1;1;1;1;1;kept;
10014130001;historical;1;1;1;1;1;kept;
10014898001;historical;1;1;1;1;1;kept;
10015007001;historical;1;1;1;1;1;kept;
10015011001;historical;1;1;1;1;1;kept;
10016002001;historical;1;1;1;1;1;kept;
10016006001;new;1;1;1;1;1;kept;
10016011001;historical;1;1;1;1;1;kept;
10016014001;historical;1;1;1;1;1;kept;
10016015001;historical;1;1;1;1;1;kept;
10016018001;new;1;1;1;1;1;kept;
10016020001;historical;1;1;1;1;1;kept;
10020002001;historical;1;1;1;1;1;kept;
10020003001;historical;1;1;1;1;1;kept;
10020004001;historical;1;1;1;1;1;kept;
10020006001;historical;1;1;1;1;1;kept;
10020007001;historical;1;1;1;1;1;kept;
10020011001;historical;1;1;1;1;1;kept;
10020012001;historical;1;1;1;1;1;kept;
10020015001;historical;1;1;1;1;1;kept;
10020016001;historical;1;1;1;1;1;kept;
10020017001;historical;1;1;1;1;1;kept;
10020018001;historical;1;1;1;1;1;kept;
10020019001;historical;1;1;1;1;1;kept;
10020024001;historical;1;1;1;1;1;kept;
10020025001;historical;1;1;1;1;1;kept;
10020027001;historical;1;1;1;1;1;kept;
10020028001;historical;1;1;1;1;1;kept;
10020033001;historical;1;1;1;1;1;kept;
10020034001;historical;1;1;1;1;1;kept;
10020036001;historical;1;1;1;1;1;kept;
10020037001;historical;1;1;1;1;1;kept;
10020041001;historical;1;1;1;1;1;kept;
10020042001;historical;1;1;1;1;1;kept;
10020046001;historical;1;1;1;1;1;kept;
10020093001;new;1;1;0;1;0;dropped;minimum_inventory
10020094001;historical;1;1;0;1;0;dropped;minimum_inventory
10021001001;historical;1;1;1;1;1;kept;
10021005001;historical;1;1;1;1;1;kept;
10021006001;historical;1;1;1;1;1;kept;
10021007001;historical;1;1;1;1;1;kept;
10021008001;historical;1;1;1;1;1;kept;
10021009001;historical;1;1;1;1;1;kept;
10021010001;historical;1;1;1;1;1;kept;
10021015001;historical;1;1;1;1;1;kept;
10021016001;historical;1;1;1;1;1;kept;
10021017001;historical;1;1;1;1;1;kept;
10021018001;historical;1;1;1;1;1;kept;
10021021001;historical;1;1;1;1;1;kept;
10021022001;historical;1;1;1;1;1;kept;
10021023001;historical;1;1;1;1;1;kept;
10021025001;historical;1;1;1;1;1;kept;
10021026001;historical;1;1;1;1;1;kept;
10021027001;historical;1;1;1;1;1;kept;
10021034001;historical;1;1;1;1;1;kept;
10021035001;historical;1;1;1;1;1;kept;
10021040001;historical;1;1;1;1;1;kept;
10022003001;historical;1;1;1;1;1;kept;
10022006001;historical;1;1;1;1;1;kept;
10022008001;historical;1;1;1;1;1;kept;
10022011001;historical;1;1;1;1;1;kept;
10022012001;historical;1;1;1;1;1;kept;
10022014001;historical;1;1;1;1;1;kept;
10022015001;historical;1;1;1;1;1;kept;
10022016001;historical;1;1;1;1;1;kept;
10022020001;historical;1;1;1;1;1;kept;
10022024001;historical;1;1;1;1;1;kept;
10022030001;historical;1;1;1;1;1;kept;
10022908001;historical;1;1;1;1;1;kept;
10022910001;historical;1;1;1;1;1;kept;
10022915001;historical;1;1;1;1;1;kept;
10022916001;historical;1;1;1;1;1;kept;
10023002001;historical;1;1;1;1;1;kept;
10023004001;new;1;1;1;1;1;kept;
10023005001;historical;1;1;1;1;1;kept;
10023008001;historical;1;1;1;1;1;kept;
10023011001;historical;1;1;1;1;1;kept;
10023017001;historical;1;1;1;1;1;kept;
10023020001;historical;1;1;1;1;1;kept;
10023023001;new;1;1;1;1;1;kept;
10023025001;new;1;1;1;1;1;kept;
10023027001;historical;1;1;1;1;1;kept;
10023031001;historical;1;1;1;1;1;kept;
10023032001;historical;1;1;1;1;1;kept;
10023035001;historical;1;1;1;1;1;kept;
10023044001;historical;1;1;1;1;1;kept;
10023049001;historical;1;1;1;1;1;kept;
10023051001;historical;1;1;1;1;1;kept;
10023054001;historical;1;1;1;1;1;kept;
10023055001;historical;1;1;1;1;1;kept;
10023058001;historical;1;1;1;1;1;kept;
10023063001;historical;1;1;1;1;1;kept;
10023066001;historical;1;1;1;1;1;kept;
10023068001;historical;1;1;1;1;1;kept;
10023073001;historical;1;1;1;1;1;kept;
10023075001;historical;1;1;1;1;1;kept;
10023078001;historical;1;1;1;1;1;kept;
10023083001;historical;1;1;1;1;1;kept;
10023087001;new;1;1;1;1;1;kept;
10023093001;historical;1;1;1;1;1;kept;
10023100001;new;1;1;1;1;1;kept;
10023102001;historical;1;1;0;1;0;dropped;minimum_inventory
10023103001;historical;1;1;1;1;1;kept;
10023104001;historical;1;1;1;1;1;kept;
10023106001;historical;1;1;1;1;1;kept;
10023110001;historical;1;1;1;1;1;kept;
10023114001;historical;1;1;1;1;1;kept;
10023124001;historical;1;1;1;1;1;kept;
10023892001;historical;1;1;1;1;1;kept;
10023998001;historical;1;1;1;1;1;kept;
10024001001;historical;1;1;1;1;1;kept;
10024003001;historical;1;1;1;1;1;kept;
10024004001;historical;1;1;1;1;1;kept;
10024005001;historical;1;1;1;1;1;kept;
10024006001;historical;1;1;1;1;1;kept;
10024007001;historical;1;1;1;1;1;kept;
10024011001;historical;1;1;1;1;1;kept;
10024014001;historical;1;1;1;1;1;kept;
10030001001;historical;1;1;1;1;1;kept;
10030005001;historical;1;1;1;1;1;kept;
10030007001;historical;1;1;1;1;1;kept;
10030008001;historical;1;1;1;1;1;kept;
10030013001;historical;1;1;1;1;1;kept;
10030014001;historical;1;1;1;1;1;kept;
10030015001;historical;1;1;1;1;1;kept;
10030017001;historical;1;1;1;1;1;kept;
10030018001;historical;1;1;1;1;1;kept;
10030019001;historical;1;1;1;1;1;kept;
10030020001;historical;1;1;1;1;1;kept;
10030021001;historical;1;1;1;1;1;kept;
10030022001;historical;1;1;1;1;1;kept;
10030046001;historical;1;1;1;1;1;kept;
10030048001;historical;1;1;1;1;1;kept;
10030049001;historical;1;1;1;1;1;kept;
10031001001;historical;1;1;1;1;1;kept;
10031003001;historical;1;1;1;1;1;kept;
10031004001;historical;1;1;1;1;1;kept;
10031007001;historical;1;1;1;1;1;kept;
10031011001;historical;1;1;1;1;1;kept;
10031012001;historical;1;1;1;1;1;kept;
10031013001;historical;1;1;1;1;1;kept;
10031015001;historical;1;1;1;1;1;kept;
10031017001;historical;1;1;1;1;1;kept;
10031019001;historical;1;1;1;1;1;kept;
10031023001;historical;1;1;1;1;1;kept;
10031026001;historical;1;1;1;1;1;kept;
10031031001;historical;1;1;1;1;1;kept;
10031033001;historical;1;1;1;1;1;kept;
10031899001;historical;1;1;1;1;1;kept;
10031901001;historical;1;1;1;1;1;kept;
10031909001;historical;1;1;1;1;1;kept;
10031910001;historical;1;1;1;1;1;kept;
10031911001;historical;1;1;1;1;1;kept;
10031916001;historical;1;1;0;1;0;dropped;minimum_inventory
10032001001;historical;1;1;1;1;1;kept;
10032004001;historical;1;1;1;1;1;kept;
10032006001;historical;1;1;1;1;1;kept;
10032007001;historical;1;1;1;1;1;kept;
10032008001;historical;1;1;1;1;1;kept;
10032011001;historical;1;1;1;1;1;kept;
10032013001;historical;1;1;1;1;1;kept;
10032014001;historical;1;1;1;1;1;kept;
10032015001;historical;1;1;1;1;1;kept;
10032019001;historical;1;1;1;1;1;kept;
10032020001;historical;1;1;1;1;1;kept;
10032023001;historical;1;1;1;1;1;kept;
10032046001;historical;1;1;1;1;1;kept;
10032047001;historical;1;1;1;1;1;kept;
10032048001;historical;1;1;1;1;1;kept;
10032055001;historical;1;1;1;1;1;kept;
10032059001;historical;1;1;1;1;1;kept;
10032064001;historical;1;1;1;1;1;kept;
10033001001;historical;1;1;1;1;1;kept;
10033004001;historical;1;1;1;1;1;kept;
10033010001;historical;1;1;1;1;1;kept;
10033012001;historical;1;1;1;1;1;kept;
10033013001;historical;1;1;1;1;1;kept;
10033014001;historical;1;1;1;1;1;kept;
10033015001;historical;1;1;1;1;1;kept;
10033018001;historical;1;1;1;1;1;kept;
10033020001;historical;1;1;1;1;1;kept;
10033022001;historical;1;1;1;1;1;kept;
10033023001;historical;1;1;1;1;1;kept;
10033026001;historical;1;1;1;1;1;kept;
10033028001;historical;1;1;1;1;1;kept;
10033029001;historical;1;1;1;1;1;kept;
10033031001;historical;1;1;1;1;1;kept;
10033033001;historical;1;1;1;1;1;kept;
10033034001;historical;1;1;1;1;1;kept;
10033038001;historical;1;1;1;1;1;kept;
10033041001;historical;1;1;1;1;1;kept;
10033044001;historical;1;1;1;1;1;kept;
10033053001;historical;1;1;1;1;1;kept;
10033056001;historical;1;1;1;1;1;kept;
10033057001;historical;1;1;1;1;1;kept;
10033062001;new;1;1;1;1;1;kept;
10033064001;historical;1;1;1;1;1;kept;
10033065001;historical;1;1;1;1;1;kept;
10033068001;historical;1;1;1;1;1;kept;
10033070001;historical;1;1;1;1;1;kept;
10033075001;historical;1;1;1;1;1;kept;
10034002001;historical;1;1;1;1;1;kept;
10034003001;historical;1;1;1;1;1;kept;
10034007001;historical;1;1;1;1;1;kept;
10034011001;historical;1;1;1;1;1;kept;
10034013001;historical;1;1;1;1;1;kept;
10034015001;historical;1;1;1;1;1;kept;
10034016001;historical;1;1;1;1;1;kept;
10034020001;historical;1;1;1;1;1;kept;
10034022001;historical;1;1;1;1;1;kept;
10034023001;historical;1;1;1;1;1;kept;
10034025001;historical;1;1;1;1;1;kept;
10034026001;historical;1;1;1;1;1;kept;
10034031001;historical;1;1;1;1;1;kept;
10034033001;historical;1;1;1;1;1;kept;
10034041001;historical;1;1;1;1;1;kept;
10034042001;historical;1;1;1;1;1;kept;
10034044001;new;1;1;1;1;1;kept;
10034046001;historical;1;1;1;1;1;kept;
10034049001;historical;1;1;1;1;1;kept;
10034050001;historical;1;1;1;1;1;kept;
10034057001;historical;1;1;1;1;1;kept;
10034999001;historical;1;1;1;1;1;kept;
10035001001;historical;1;1;1;1;1;kept;
10035002001;historical;1;1;1;1;1;kept;
10035003001;historical;1;1;1;1;1;kept;
10035006001;historical;1;1;1;1;1;kept;
10035011001;historical;1;1;1;1;1;kept;
10035012001;historical;1;1;1;1;1;kept;
10035013001;historical;1;1;1;1;1;kept;
10035015001;historical;1;1;1;1;1;kept;
10035021001;historical;1;1;1;1;1;kept;
10035027001;historical;1;1;1;1;1;kept;
10035028001;historical;1;1;1;1;1;kept;
10035034001;historical;1;1;1;1;1;kept;
10035035001;historical;1;1;1;1;1;kept;
10035036001;historical;1;1;1;1;1;kept;
10035041001;new;1;1;1;1;1;kept;
10035046001;historical;1;1;1;1;1;kept;
10040001001;historical;1;1;1;1;1;kept;
10040002001;historical;1;1;1;1;1;kept;
10040003001;historical;1;1;1;1;1;kept;
10040004001;historical;1;1;1;1;1;kept;
10040005001;historical;1;1;1;1;1;kept;
10040008001;historical;1;1;1;1;1;kept;
10040009001;historical;1;1;1;1;1;kept;
10040010001;historical;1;1;1;1;1;kept;
10040011001;historical;1;1;1;1;1;kept;
10040014001;historical;1;1;1;1;1;kept;
10040015001;new;1;1;1;1;1;kept;
10040016001;historical;1;1;1;1;1;kept;
10040017001;historical;1;1;1;1;1;kept;
10040018001;historical;1;1;1;1;1;kept;
10040019001;historical;1;1;1;1;1;kept;
10040020001;historical;1;1;1;1;1;kept;
10040021001;historical;1;1;1;1;1;kept;
10040022001;historical;1;1;1;1;1;kept;
10040023001;historical;1;1;1;1;1;kept;
10040024001;historical;1;1;1;1;1;kept;
10040025001;historical;1;1;1;1;1;kept;
10040026001;historical;1;1;1;1;1;kept;
10040027001;historical;1;1;1;1;1;kept;
10040028001;historical;1;1;1;1;1;kept;
10040031001;historical;1;1;1;1;1;kept;
10040032001;historical;1;1;1;1;1;kept;
10040033001;historical;1;1;1;1;1;kept;
10040034001;historical;1;1;1;1;1;kept;
10040035001;historical;1;1;1;1;1;kept;
10040037001;historical;1;1;1;1;1;kept;
10040038001;historical;1;1;1;1;1;kept;
10040039001;historical;1;1;1;1;1;kept;
10040040001;historical;1;1;1;1;1;kept;
10040041001;historical;1;1;1;1;1;kept;
10040042001;historical;1;1;1;1;1;kept;
10040044001;historical;1;1;1;1;1;kept;
10040048001;historical;1;1;1;1;1;kept;
10040049001;historical;1;1;1;1;1;kept;
10040050001;historical;1;1;1;1;1;kept;
10040056001;historical;1;1;1;1;1;kept;
10040062001;historical;1;1;1;1;1;kept;
10040063001;historical;1;1;1;1;1;kept;
10040066001;historical;1;1;1;1;1;kept;
10040071001;historical;1;1;1;1;1;kept;
10040078001;historical;1;1;1;1;1;kept;
10040079001;historical;1;1;1;1;1;kept;
10040081001;historical;1;1;1;1;1;kept;
10040082001;historical;1;1;1;1;1;kept;
10040094001;historical;1;1;1;1;1;kept;
10040111001;historical;1;1;1;1;1;kept;
10041001001;historical;1;1;1;1;1;kept;
10041003001;historical;1;1;1;1;1;kept;
10041004001;historical;1;1;1;1;1;kept;
10041007001;historical;1;1;1;1;1;kept;
10041008001;historical;1;1;1;1;1;kept;
10041009001;historical;1;1;1;1;1;kept;
10041014001;new;1;1;1;1;1;kept;
10041016001;historical;1;1;0;1;0;dropped;minimum_inventory
10041032001;historical;1;1;1;1;1;kept;
10041033001;historical;1;1;1;1;1;kept;
10041034001;historical;1;1;1;1;1;kept;
10041038001;historical;1;1;1;1;1;kept;
10041039001;historical;1;1;1;1;1;kept;
10041040001;historical;1;1;1;1;1;kept;
10041058001;new;1;1;1;1;1;kept;
10041067001;historical;1;1;1;1;1;kept;
10041069001;new;1;1;1;1;1;kept;
10041085001;historical;1;1;1;1;1;kept;
10041087001;historical;1;1;1;1;1;kept;
10041899001;historical;1;1;1;1;1;kept;
10051001001;historical;1;1;1;1;1;kept;
10051034001;historical;1;1;1;1;1;kept;
10052004001;historical;1;1;1;1;1;kept;
10052014001;historical;1;1;1;1;1;kept;
10052015001;historical;1;1;1;1;1;kept;
10052017001;historical;1;1;1;1;1;kept;
10052019001;historical;1;1;1;1;1;kept;
10052020001;historical;1;1;1;1;1;kept;
10052024001;historical;1;1;1;1;1;kept;
10052025001;historical;1;1;1;1;1;kept;
10052033001;new;1;1;1;1;1;kept;
10052035001;historical;1;1;1;1;1;kept;
10052046001;historical;1;1;1;1;1;kept;
10053901001;historical;1;1;1;1;1;kept;
10053903001;historical;1;1;1;1;1;kept;
10053904001;historical;1;1;1;1;1;kept;
10100132001;historical;1;1;1;1;1;kept;
10904008001;new;1;1;1;1;1;kept;
10904021001;historical;1;1;1;1;1;kept;
10904899001;historical;1;1;1;1;1;kept;
11010001001;historical;1;1;1;1;1;kept;
11010005001;historical;1;1;1;1;1;kept;
11010007001;historical;1;1;1;1;1;kept;
11010012001;historical;1;1;1;1;1;kept;
11010013001;historical;1;1;1;1;1;kept;
11010016001;historical;1;1;1;1;1;kept;
11010018001;historical;1;1;1;1;1;kept;
11010019001;historical;1;1;1;1;1;kept;
11010020001;historical;1;1;1;1;1;kept;
11010021001;historical;1;1;1;1;1;kept;
11010022001;historical;1;1;1;1;1;kept;
11010023001;historical;1;1;1;1;1;kept;
11010025001;historical;1;1;1;1;1;kept;
11010027001;historical;1;1;1;1;1;kept;
11010035001;historical;1;1;1;1;1;kept;
11010038001;historical;1;1;1;1;1;kept;
11010040001;historical;1;1;1;1;1;kept;
11010042001;historical;1;1;1;1;1;kept;
11010043001;historical;1;1;1;1;1;kept;
11010045001;historical;1;1;1;1;1;kept;
11010051001;historical;1;1;1;1;1;kept;
11010052001;new;1;1;0;1;0;dropped;minimum_inventory
11010055001;historical;1;1;0;1;0;dropped;minimum_inventory
11010057001;historical;1;1;0;1;0;dropped;minimum_inventory
11010059001;historical;1;1;1;1;1;kept;
11010112001;historical;1;1;1;1;1;kept;
11010115001;historical;1;1;1;1;1;kept;
11010116001;historical;1;1;1;1;1;kept;
11020002001;historical;1;1;1;1;1;kept;
11020003001;historical;1;1;1;1;1;kept;
11020008001;historical;1;1;1;1;1;kept;
11020010001;historical;1;1;1;1;1;kept;
11020012001;historical;1;1;1;1;1;kept;
11020013001;historical;1;1;1;1;1;kept;
11021002001;historical;1;1;1;1;1;kept;
11021006001;historical;1;1;1;1;1;kept;
11021013001;historical;1;1;1;1;1;kept;
11021018001;historical;1;1;1;1;1;kept;
11021023001;historical;1;1;1;1;1;kept;
11021025001;historical;1;1;1;1;1;kept;
11021026001;historical;1;1;1;1;1;kept;
11021028001;historical;1;1;1;1;1;kept;
11021029001;historical;1;1;1;1;1;kept;
11021030001;historical;1;1;1;1;1;kept;
11021047001;historical;1;1;1;1;1;kept;
11021051002;historical;1;1;1;1;1;kept;
11021052001;historical;1;1;1;1;1;kept;
11021059002;historical;1;1;1;1;1;kept;
11021060001;historical;1;1;1;1;1;kept;
11021061001;historical;1;1;1;1;1;kept;
11021064001;historical;1;1;1;1;1;kept;
11021071001;historical;1;1;1;1;1;kept;
11021095001;historical;1;1;1;1;1;kept;
11022001001;historical;1;1;1;1;1;kept;
11022003002;historical;1;1;1;1;1;kept;
11022006001;new;1;1;1;1;1;kept;
11022007001;historical;1;1;1;1;1;kept;
11022009001;historical;1;1;0;1;0;dropped;minimum_inventory
11022011001;historical;1;1;0;1;0;dropped;minimum_inventory
11022012001;historical;1;1;1;1;1;kept;
11022017001;historical;1;1;1;1;1;kept;
11022021001;historical;1;1;0;1;0;dropped;minimum_inventory
11022024002;historical;1;1;1;1;1;kept;
11022025001;historical;1;1;1;1;1;kept;
11022031001;historical;1;1;1;1;1;kept;
11022032001;historical;1;1;0;1;0;dropped;minimum_inventory
11022035001;historical;1;1;1;1;1;kept;
11022036001;historical;1;1;1;1;1;kept;
11022044001;historical;1;1;1;1;1;kept;
11022051001;historical;1;1;1;1;1;kept;
11022058001;historical;1;1;1;1;1;kept;
11022059001;historical;1;1;1;1;1;kept;
11022063001;historical;1;1;1;1;1;kept;
11022067001;historical;1;1;1;1;1;kept;
11022077001;historical;1;1;1;1;1;kept;
11022082001;historical;1;1;1;1;1;kept;
11022085001;historical;1;1;1;1;1;kept;
11022087001;historical;1;1;1;1;1;kept;
11023010001;historical;1;1;1;1;1;kept;
11023012001;historical;1;1;1;1;1;kept;
11023015001;new;1;1;1;1;1;kept;
11030010001;historical;1;1;1;1;1;kept;
11030016002;historical;1;1;1;1;1;kept;
11030018001;historical;1;1;1;1;1;kept;
11030024001;historical;1;1;1;1;1;kept;
11030062001;historical;1;1;1;1;1;kept;
11030066001;historical;1;1;1;1;1;kept;
11030079002;new;1;1;1;1;1;kept;
11030080001;new;1;1;1;1;1;kept;
11030094001;historical;1;1;1;1;1;kept;
11030095001;historical;1;1;1;1;1;kept;
11030096001;historical;1;1;1;1;1;kept;
11030097001;historical;1;1;1;1;1;kept;
11030108001;historical;1;1;1;1;1;kept;
11030128001;historical;1;1;1;1;1;kept;
11030183001;new;1;1;1;1;1;kept;
11030183002;historical;1;1;1;1;1;kept;
11031011002;historical;1;1;1;1;1;kept;
11031022001;historical;1;1;1;1;1;kept;
11031040001;historical;1;1;0;1;0;dropped;minimum_inventory
11031901001;historical;1;1;1;1;1;kept;
11031907001;historical;1;1;1;1;1;kept;
11031908001;new;1;1;0;1;0;dropped;minimum_inventory
11031917001;historical;1;1;1;1;1;kept;
11031918001;historical;1;1;1;1;1;kept;
11032002001;historical;1;1;1;1;1;kept;
11032003002;historical;1;1;1;1;1;kept;
11032006001;historical;1;1;1;1;1;kept;
11032008001;historical;1;1;1;1;1;kept;
11032011001;historical;1;1;1;1;1;kept;
11032014002;historical;1;1;1;1;1;kept;
11032015001;historical;1;1;1;1;1;kept;
11032017001;historical;1;1;1;1;1;kept;
11032021001;historical;1;1;1;1;1;kept;
11032024001;historical;1;1;1;1;1;kept;
11032026001;historical;1;1;1;1;1;kept;
11032027001;historical;1;1;1;1;1;kept;
11032028001;historical;1;1;1;1;1;kept;
11032031001;historical;1;1;1;1;1;kept;
11032035001;historical;1;1;1;1;1;kept;
11032036001;historical;1;1;1;1;1;kept;
11032037001;historical;1;1;1;1;1;kept;
11032043001;historical;1;1;1;1;1;kept;
11032218001;historical;1;1;1;1;1;kept;
11032220001;historical;1;1;1;1;1;kept;
11032221001;historical;1;1;1;1;1;kept;
11032222002;historical;1;1;1;1;1;kept;
11040001001;historical;1;1;1;1;1;kept;
11040003001;historical;1;1;1;1;1;kept;
11040004001;new;1;1;1;1;1;kept;
11040006001;historical;1;1;1;1;1;kept;
11040007001;historical;1;1;1;1;1;kept;
11040008001;historical;1;1;1;1;1;kept;
11040009001;historical;1;1;1;1;1;kept;
11040010001;historical;1;1;1;1;1;kept;
11040011001;historical;1;1;1;1;1;kept;
11040018001;historical;1;1;1;1;1;kept;
11040020001;historical;1;1;1;1;1;kept;
11040023001;historical;1;1;1;1;1;kept;
11040025001;historical;1;1;1;1;1;kept;
11040026001;historical;1;1;1;1;1;kept;
11040027001;historical;1;1;1;1;1;kept;
11040029001;historical;1;1;1;1;1;kept;
11040029002;historical;1;1;1;1;1;kept;
11040030001;historical;1;1;1;1;1;kept;
11040035001;historical;1;1;1;1;1;kept;
11040039001;historical;1;1;1;1;1;kept;
11040040001;historical;1;1;1;1;1;kept;
11040044001;historical;1;1;1;1;1;kept;
11040046001;historical;1;1;1;1;1;kept;
11040047001;historical;1;1;1;1;1;kept;
11040057001;historical;1;1;1;1;1;kept;
11040060001;historical;1;1;1;1;1;kept;
11040062001;historical;1;1;1;1;1;kept;
11041002001;historical;1;1;1;1;1;kept;
11041005001;historical;1;1;1;1;1;kept;
11041007001;historical;1;1;1;1;1;kept;
11041009001;historical;1;1;1;1;1;kept;
11041013001;historical;1;1;1;1;1;kept;
11041014001;historical;1;1;1;1;1;kept;
11041017001;historical;1;1;1;1;1;kept;
11041019001;historical;1;1;1;1;1;kept;
11041024001;historical;1;1;1;1;1;kept;
11041027001;historical;1;1;1;1;1;kept;
11041031001;historical;1;1;1;1;1;kept;
11041999004;historical;1;1;1;1;1;kept;
11042001001;historical;1;1;1;1;1;kept;
11042002001;historical;1;1;1;1;1;kept;
11042003001;historical;1;1;0;1;0;dropped;minimum_inventory
11042005001;historical;1;1;1;1;1;kept;
11042006001;historical;1;1;1;1;1;kept;
11042007001;historical;1;1;1;1;1;kept;
11042008001;historical;1;1;1;1;1;kept;
11042009001;historical;1;1;1;1;1;kept;
11042010001;historical;1;1;1;1;1;kept;
11042011001;historical;1;1;1;1;1;kept;
11042015001;historical;1;1;1;1;1;kept;
11042017001;historical;1;1;1;1;1;kept;
11042020001;historical;1;1;1;1;1;kept;
11042022001;historical;1;1;1;1;1;kept;
11042023001;historical;1;1;1;1;1;kept;
11042027001;historical;1;1;1;1;1;kept;
11042028001;historical;1;1;1;1;1;kept;
11042030001;historical;1;1;1;1;1;kept;
11050002001;historical;1;1;1;1;1;kept;
11050003001;historical;1;1;1;1;1;kept;
11050004001;historical;1;1;1;1;1;kept;
11050005001;historical;1;1;1;1;1;kept;
11050006001;historical;1;1;1;1;1;kept;
11050008001;historical;1;1;1;1;1;kept;
11050009001;historical;1;1;1;1;1;kept;
11050010001;historical;1;1;1;1;1;kept;
11050011001;historical;1;1;1;1;1;kept;
11050017001;historical;1;1;1;1;1;kept;
11050019002;historical;1;1;1;1;1;kept;
11050020001;historical;1;1;1;1;1;kept;
11050022001;historical;1;1;1;1;1;kept;
11050025001;historical;1;1;1;1;1;kept;
11050029001;historical;1;1;1;1;1;kept;
11050031001;historical;1;1;1;1;1;kept;
11050032001;historical;1;1;1;1;1;kept;
11050033001;historical;1;1;1;1;1;kept;
11050035001;historical;1;1;1;1;1;kept;
11050037001;new;1;1;0;1;0;dropped;minimum_inventory
11050038001;historical;1;1;1;1;1;kept;
11050039001;historical;1;1;1;1;1;kept;
11050046001;historical;1;1;1;1;1;kept;
11050047001;historical;1;1;1;1;1;kept;
11050049001;historical;1;1;1;1;1;kept;
11050052001;historical;1;1;1;1;1;kept;
11050053001;historical;1;1;1;1;1;kept;
11050055001;new;1;1;1;1;1;kept;
11050059001;historical;1;1;1;1;1;kept;
11050061001;historical;1;1;1;1;1;kept;
11050062001;historical;1;1;1;1;1;kept;
11050063001;historical;1;1;1;1;1;kept;
11050064001;historical;1;1;1;1;1;kept;
11050068001;historical;1;1;1;1;1;kept;
11050074001;historical;1;1;1;1;1;kept;
11050076001;historical;1;1;1;1;1;kept;
11050077001;historical;1;1;1;1;1;kept;
11050078001;historical;1;1;1;1;1;kept;
11050087001;historical;1;1;1;1;1;kept;
11050097001;historical;1;1;1;1;1;kept;
11050098001;historical;1;1;1;1;1;kept;
11050101001;historical;1;1;1;1;1;kept;
11050102001;historical;1;1;1;1;1;kept;
11050103001;historical;1;1;1;1;1;kept;
11050104001;historical;1;1;1;1;1;kept;
11050111001;historical;1;1;1;1;1;kept;
11050123001;historical;1;1;1;1;1;kept;
11050129001;historical;1;1;1;1;1;kept;
11050129002;historical;1;1;1;1;1;kept;
11050131001;historical;1;1;1;1;1;kept;
11050140002;historical;1;1;1;1;1;kept;
11051002001;historical;1;1;1;1;1;kept;
11051003001;historical;1;1;1;1;1;kept;
11051004001;historical;1;1;1;1;1;kept;
11051006001;historical;1;1;1;1;1;kept;
11051007001;historical;1;1;1;1;1;kept;
11051009001;historical;1;1;1;1;1;kept;
11051012001;new;1;1;1;1;1;kept;
11051013001;historical;1;1;1;1;1;kept;
11051016001;historical;1;1;1;1;1;kept;
11051019001;historical;1;1;1;1;1;kept;
11051030001;historical;1;1;0;1;0;dropped;minimum_inventory
11051032001;historical;1;1;1;1;1;kept;
11051037001;historical;1;1;1;1;1;kept;
11051039001;historical;1;1;1;1;1;kept;
11051044001;historical;1;1;1;1;1;kept;
11051056001;historical;1;1;1;1;1;kept;
11051999001;historical;1;1;1;1;1;kept;
11061001001;historical;1;1;0;1;0;dropped;minimum_inventory
11061005001;historical;1;1;1;1;1;kept;
11061008001;historical;1;1;1;1;1;kept;
11061011001;historical;1;1;1;1;1;kept;
11061015001;historical;1;1;1;1;1;kept;
11061016001;historical;1;1;1;1;1;kept;
11061023001;historical;1;1;1;1;1;kept;
11061024001;historical;1;1;1;1;1;kept;
11061027001;historical;1;1;1;1;1;kept;
11061028001;historical;1;1;1;1;1;kept;
11061030001;historical;1;1;1;1;1;kept;
11061031001;historical;1;1;1;1;1;kept;
11061049001;historical;1;1;1;1;1;kept;
11061050001;historical;1;1;1;1;1;kept;
11061051001;historical;1;1;1;1;1;kept;
11061052001;historical;1;1;1;1;1;kept;
11061053001;historical;1;1;1;1;1;kept;
11061054001;historical;1;1;1;1;1;kept;
11061055002;historical;1;1;1;1;1;kept;
11061070001;historical;1;1;1;1;1;kept;
11061071001;historical;1;1;1;1;1;kept;
11062004001;historical;1;1;0;1;0;dropped;minimum_inventory
11062015001;historical;1;1;1;1;1;kept;
11062019001;historical;1;1;1;1;1;kept;
11062023001;historical;1;1;1;1;1;kept;
11062025001;historical;1;1;1;1;1;kept;
11070001001;historical;1;1;1;1;1;kept;
11070003001;historical;1;1;1;1;1;kept;
11070004001;historical;1;1;1;1;1;kept;
11070006001;historical;1;1;1;1;1;kept;
11070007001;historical;1;1;1;1;1;kept;
11070011001;historical;1;1;1;1;1;kept;
11070012001;historical;1;1;0;1;0;dropped;minimum_inventory
11070013001;historical;1;1;1;1;1;kept;
11070014001;historical;1;1;1;1;1;kept;
11070015001;historical;1;1;1;1;1;kept;
11070016001;historical;1;1;1;1;1;kept;
11070018001;historical;1;1;1;1;1;kept;
11070019001;historical;1;1;0;1;0;dropped;minimum_inventory
11070027001;historical;1;1;1;1;1;kept;
11070029001;historical;1;1;1;1;1;kept;
11070030001;historical;1;1;1;1;1;kept;
11070034001;new;1;1;1;1;1;kept;
11070037001;new;1;1;1;1;1;kept;
11070040001;new;1;1;1;1;1;kept;
11070042001;new;1;1;1;1;1;kept;
11070045001;historical;1;1;1;1;1;kept;
11070046001;historical;1;1;1;1;1;kept;
11070050001;historical;1;1;1;1;1;kept;
11070051001;historical;1;1;1;1;1;kept;
11070054001;historical;1;1;1;1;1;kept;
11070062001;historical;1;1;1;1;1;kept;
11070063001;new;1;1;1;1;1;kept;
11071001001;historical;1;1;1;1;1;kept;
11071002001;historical;1;1;1;1;1;kept;
11071004001;historical;1;1;1;1;1;kept;
11071005001;historical;1;1;1;1;1;kept;
11071008001;historical;1;1;1;1;1;kept;
11071009001;historical;1;1;1;1;1;kept;
11071011001;historical;1;1;1;1;1;kept;
11071012001;historical;1;1;1;1;1;kept;
11071013001;historical;1;1;1;1;1;kept;
11071014001;historical;1;1;1;1;1;kept;
11071018001;historical;1;1;1;1;1;kept;
11071032001;historical;1;1;1;1;1;kept;
11071033001;historical;1;1;1;1;1;kept;
11071034001;historical;1;1;1;1;1;kept;
11071035001;historical;1;1;1;1;1;kept;
11071898001;historical;1;1;1;1;1;kept;
11071902001;historical;1;1;1;1;1;kept;
11071909001;historical;1;1;1;1;1;kept;
11071911001;historical;1;1;1;1;1;kept;
11071916001;historical;1;1;1;1;1;kept;
11072001001;historical;1;1;1;1;1;kept;
11072004001;new;1;1;0;1;0;dropped;minimum_inventory
11072005001;historical;1;1;1;1;1;kept;
11072008001;historical;1;1;1;1;1;kept;
11072011001;new;1;1;1;1;1;kept;
11072012002;historical;1;1;1;1;1;kept;
11072013001;historical;1;1;1;1;1;kept;
11072017001;historical;1;1;1;1;1;kept;
11072019001;historical;1;1;0;1;0;dropped;minimum_inventory
11072036001;historical;1;1;1;1;1;kept;
11072897001;historical;1;1;1;1;1;kept;
11072902001;historical;1;1;1;1;1;kept;
11072903001;historical;1;1;1;1;1;kept;
11072905001;historical;1;1;1;1;1;kept;
11072906001;historical;1;1;1;1;1;kept;
11073001001;historical;1;1;1;1;1;kept;
11073002001;historical;1;1;1;1;1;kept;
11073006001;historical;1;1;1;1;1;kept;
11073012001;historical;1;1;1;1;1;kept;
11073025001;historical;1;1;1;1;1;kept;
11073032001;historical;1;1;1;1;1;kept;
11073039001;historical;1;1;0;1;0;dropped;minimum_inventory
11073899001;historical;1;1;1;1;1;kept;
11073900001;historical;1;1;1;1;1;kept;
11073901001;historical;1;1;1;1;1;kept;
11073902001;historical;1;1;1;1;1;kept;
11073905001;historical;1;1;1;1;1;kept;
11073907001;historical;1;1;1;1;1;kept;
11074001001;historical;1;1;1;1;1;kept;
11074003001;historical;1;1;1;1;1;kept;
11074005001;historical;1;1;1;1;1;kept;
11074007001;historical;1;1;1;1;1;kept;
11074012001;historical;1;1;1;1;1;kept;
11074015002;historical;1;1;1;1;1;kept;
11074018001;historical;1;1;1;1;1;kept;
11074019001;historical;1;1;1;1;1;kept;
11074020001;historical;1;1;1;1;1;kept;
11074022001;historical;1;1;1;1;1;kept;
11074027001;historical;1;1;1;1;1;kept;
11074031001;historical;1;1;1;1;1;kept;
11074045002;historical;1;1;1;1;1;kept;
11074046001;historical;1;1;1;1;1;kept;
11074047001;historical;1;1;1;1;1;kept;
11074048001;historical;1;1;1;1;1;kept;
11074059001;historical;1;1;1;1;1;kept;
11074060005;historical;1;1;1;1;1;kept;
11075001001;historical;1;1;1;1;1;kept;
11075002001;historical;1;1;1;1;1;kept;
11075003001;historical;1;1;1;1;1;kept;
11075004001;historical;1;1;1;1;1;kept;
11075006001;new;1;1;1;1;1;kept;
11075013001;historical;1;1;1;1;1;kept;
11075039001;historical;1;1;0;1;0;dropped;minimum_inventory
11076883001;historical;1;1;1;1;1;kept;
11076886001;historical;1;1;1;1;1;kept;
11076890001;historical;1;1;1;1;1;kept;
11076896001;historical;1;1;1;1;1;kept;
11076928001;historical;1;1;1;1;1;kept;
11100001001;historical;1;1;1;1;1;kept;
11100003001;historical;1;1;1;1;1;kept;
11100005001;historical;1;1;1;1;1;kept;
11100007001;historical;1;1;1;1;1;kept;
11100008001;historical;1;1;1;1;1;kept;
11100010001;historical;1;1;1;1;1;kept;
11100011001;historical;1;1;1;1;1;kept;
11100015001;historical;1;1;1;1;1;kept;
11100017001;historical;1;1;1;1;1;kept;
11100018001;historical;1;1;1;1;1;kept;
11100019001;historical;1;1;1;1;1;kept;
11100021001;historical;1;1;1;1;1;kept;
11100107001;historical;1;1;1;1;1;kept;
11100108001;historical;1;1;1;1;1;kept;
11100112001;historical;1;1;1;1;1;kept;
11101002001;new;1;1;0;1;0;dropped;minimum_inventory
11101013001;new;1;1;1;1;1;kept;
11101014001;historical;1;1;1;1;1;kept;
11101021001;historical;1;1;1;1;1;kept;
11101023001;historical;1;1;1;1;1;kept;
11101028001;historical;1;1;1;1;1;kept;
11101029001;historical;1;1;1;1;1;kept;
11101034001;historical;1;1;1;1;1;kept;
11101036001;historical;1;1;1;1;1;kept;
11101038001;historical;1;1;1;1;1;kept;
11101039001;historical;1;1;1;1;1;kept;
11101055001;historical;1;1;1;1;1;kept;
11102002001;historical;1;1;1;1;1;kept;
11102003001;historical;1;1;1;1;1;kept;
11102004001;historical;1;1;1;1;1;kept;
11102007001;historical;1;1;1;1;1;kept;
11102012001;historical;1;1;1;1;1;kept;
11102013001;historical;1;1;1;1;1;kept;
11102014001;historical;1;1;0;1;0;dropped;minimum_inventory
11102017001;historical;1;1;1;1;1;kept;
11102043001;historical;1;1;1;1;1;kept;
11103001001;historical;1;1;1;1;1;kept;
11103002001;historical;1;1;1;1;1;kept;
11103005001;historical;1;1;1;1;1;kept;
11103007001;historical;1;1;1;1;1;kept;
11103008001;historical;1;1;1;1;1;kept;
11103011003;historical;1;1;1;1;1;kept;
11103011004;historical;1;1;1;1;1;kept;
11103015001;historical;1;1;1;1;1;kept;
11103018001;historical;1;1;1;1;1;kept;
11103019001;historical;1;1;1;1;1;kept;
11103021001;historical;1;1;1;1;1;kept;
11103022001;historical;1;1;1;1;1;kept;
11103023001;historical;1;1;1;1;1;kept;
11103027001;historical;1;1;1;1;1;kept;
11103035001;historical;1;1;1;1;1;kept;
11103039001;historical;1;1;1;1;1;kept;
11103040001;historical;1;1;1;1;1;kept;
11103045001;new;1;1;0;1;0;dropped;minimum_inventory
11103046001;historical;1;1;1;1;1;kept;
11103047001;historical;1;1;1;1;1;kept;
11103051001;historical;1;1;1;1;1;kept;
11103052001;historical;1;1;1;1;1;kept;
11103054001;historical;1;1;1;1;1;kept;
11103058001;historical;1;1;1;1;1;kept;
11103062001;historical;1;1;1;1;1;kept;
11103065001;historical;1;1;1;1;1;kept;
11103067001;historical;1;1;1;1;1;kept;
11103068001;historical;1;1;1;1;1;kept;
11103069001;historical;1;1;1;1;1;kept;
11103070001;historical;1;1;1;1;1;kept;
11103074001;historical;1;1;1;1;1;kept;
11103076001;historical;1;1;1;1;1;kept;
11103078001;historical;1;1;1;1;1;kept;
11103084001;historical;1;1;1;1;1;kept;
11103085001;historical;1;1;1;1;1;kept;
11103086002;historical;1;1;1;1;1;kept;
11103088001;historical;1;1;1;1;1;kept;
11103090001;historical;1;1;1;1;1;kept;
11103092001;historical;1;1;1;1;1;kept;
11103094001;historical;1;1;1;1;1;kept;
11103096001;historical;1;1;1;1;1;kept;
11103098001;historical;1;1;1;1;1;kept;
11103099001;historical;1;1;1;1;1;kept;
11103100001;historical;1;1;1;1;1;kept;
11103102002;historical;1;1;1;1;1;kept;
11103106001;historical;1;1;1;1;1;kept;
11103108001;historical;1;1;1;1;1;kept;
11103110001;historical;1;1;1;1;1;kept;
11103111001;historical;1;1;1;1;1;kept;
11103112001;historical;1;1;1;1;1;kept;
11103113001;historical;1;1;1;1;1;kept;
11103114001;historical;1;1;1;1;1;kept;
11103115001;historical;1;1;1;1;1;kept;
11103118001;historical;1;1;1;1;1;kept;
11103123001;historical;1;1;1;1;1;kept;
11103128001;new;1;1;1;1;1;kept;
11103132001;historical;1;1;1;1;1;kept;
11103134001;historical;1;1;1;1;1;kept;
11103135001;historical;1;1;1;1;1;kept;
11103136001;historical;1;1;1;1;1;kept;
11103137001;historical;1;1;1;1;1;kept;
11103155001;historical;1;1;0;1;0;dropped;minimum_inventory
11103156001;historical;1;1;1;1;1;kept;
11103157001;historical;1;1;1;1;1;kept;
11103176001;historical;1;1;1;1;1;kept;
11103187001;new;1;1;1;1;1;kept;
11103188001;historical;1;1;1;1;1;kept;
11103188002;historical;1;1;1;1;1;kept;
11103191001;historical;1;1;1;1;1;kept;
11103196001;historical;1;1;1;1;1;kept;
11103206001;historical;1;1;1;1;1;kept;
11103211001;historical;1;1;1;1;1;kept;
11103212001;historical;1;1;0;1;0;dropped;minimum_inventory
11103220001;historical;1;1;0;1;0;dropped;minimum_inventory
11103224001;historical;1;1;1;1;1;kept;
11103233001;historical;1;1;1;1;1;kept;
11103244002;historical;1;1;1;1;1;kept;
11103256001;historical;1;1;1;1;1;kept;
11103262001;historical;1;1;1;1;1;kept;
11103270002;historical;1;1;1;1;1;kept;
11103280001;historical;1;1;1;1;1;kept;
11103283001;historical;1;1;1;1;1;kept;
11103289001;historical;1;1;1;1;1;kept;
11103296001;historical;1;1;1;1;1;kept;
11103313001;historical;1;1;1;1;1;kept;
11103314001;historical;1;1;1;1;1;kept;
11103317001;historical;1;1;0;1;0;dropped;minimum_inventory
11103321001;historical;1;1;1;1;1;kept;
11103321002;historical;1;1;1;1;1;kept;
11103322001;historical;1;1;1;1;1;kept;
11103323001;historical;1;1;1;1;1;kept;
11103346001;historical;1;1;1;1;1;kept;
11103350001;historical;1;1;1;1;1;kept;
11103354001;historical;1;1;1;1;1;kept;
11103361001;historical;1;1;1;1;1;kept;
11103365001;historical;1;1;1;1;1;kept;
11103370001;historical;1;1;1;1;1;kept;
11103375001;historical;1;1;1;1;1;kept;
11103377001;historical;1;1;1;1;1;kept;
11103380001;historical;1;1;1;1;1;kept;
11103884002;historical;1;1;1;1;1;kept;
11103884003;historical;1;1;1;1;1;kept;
11104001001;historical;1;1;1;1;1;kept;
11104005001;historical;1;1;1;1;1;kept;
11104006001;historical;1;1;1;1;1;kept;
11110006001;historical;1;1;1;1;1;kept;
11110007001;historical;1;1;1;1;1;kept;
11110013001;historical;1;1;1;1;1;kept;
11110014001;historical;1;1;1;1;1;kept;
11110016001;historical;1;1;1;1;1;kept;
11110018001;historical;1;1;1;1;1;kept;
11110026001;historical;1;1;1;1;1;kept;
11110028001;historical;1;1;1;1;1;kept;
11110029001;historical;1;1;1;1;1;kept;
11110032001;new;1;1;1;1;1;kept;
11110065001;historical;1;1;1;1;1;kept;
11110066001;historical;1;1;1;1;1;kept;
11110077003;historical;1;1;1;1;1;kept;
11110078003;historical;1;1;1;1;1;kept;
11110082001;historical;1;1;1;1;1;kept;
11110083001;historical;1;1;1;1;1;kept;
11110085001;historical;1;1;1;1;1;kept;
11110086001;historical;1;1;1;1;1;kept;
11110088002;historical;1;1;1;1;1;kept;
11110089001;historical;1;1;1;1;1;kept;
11110090001;historical;1;1;1;1;1;kept;
11110091001;historical;1;1;1;1;1;kept;
11110093001;historical;1;1;1;1;1;kept;
11110094001;historical;1;1;1;1;1;kept;
11110095001;historical;1;1;1;1;1;kept;
11111004001;historical;1;1;1;1;1;kept;
11111007001;historical;1;1;1;1;1;kept;
11111008001;historical;1;1;1;1;1;kept;
11111011001;historical;1;1;1;1;1;kept;
11111012001;historical;1;1;1;1;1;kept;
11111013001;historical;1;1;1;1;1;kept;
11111015001;historical;1;1;1;1;1;kept;
11111017001;historical;1;1;1;1;1;kept;
11111019001;historical;1;1;1;1;1;kept;
11111021001;historical;1;1;1;1;1;kept;
11111022001;historical;1;1;1;1;1;kept;
11111023001;new;1;1;1;1;1;kept;
11111025001;historical;1;1;1;1;1;kept;
11111030001;historical;1;1;1;1;1;kept;
11111033001;historical;1;1;1;1;1;kept;
11111037001;historical;1;1;1;1;1;kept;
11111050001;historical;1;1;1;1;1;kept;
11112001001;historical;1;1;1;1;1;kept;
11112004001;historical;1;1;1;1;1;kept;
11112005001;historical;1;1;1;1;1;kept;
11112007001;historical;1;1;1;1;1;kept;
11112008001;historical;1;1;1;1;1;kept;
11112017001;historical;1;1;1;1;1;kept;
12000011001;historical;1;1;1;1;1;kept;
12000015001;historical;1;1;0;1;0;dropped;minimum_inventory
12000016001;historical;1;1;1;1;1;kept;
12000020001;historical;1;1;1;1;1;kept;
12000042001;historical;1;1;1;1;1;kept;
12000044001;new;1;1;1;1;1;kept;
12000045001;historical;1;1;1;1;1;kept;
12000057001;historical;1;1;1;1;1;kept;
12000059001;historical;1;1;1;1;1;kept;
12000067001;historical;1;1;1;1;1;kept;
12000075001;historical;1;1;1;1;1;kept;
12000076001;historical;1;1;1;1;1;kept;
12000080001;historical;1;1;1;1;1;kept;
12000081001;historical;1;1;1;1;1;kept;
12000089001;historical;1;1;1;1;1;kept;
12000097001;historical;1;1;1;1;1;kept;
12000101001;historical;1;1;1;1;1;kept;
12000108001;historical;1;1;1;1;1;kept;
12000125001;historical;1;1;0;1;0;dropped;minimum_inventory
12000126001;historical;1;1;1;1;1;kept;
12000128001;historical;1;1;1;1;1;kept;
12000129001;historical;1;1;1;1;1;kept;
12000135001;historical;1;1;1;1;1;kept;
12000149001;historical;1;1;1;1;1;kept;
12000150001;historical;1;1;1;1;1;kept;
12000152001;historical;1;1;1;1;1;kept;
12000163001;historical;1;1;1;1;1;kept;
12000165001;historical;1;1;1;1;1;kept;
12000169001;historical;1;1;1;1;1;kept;
12000170001;historical;1;1;1;1;1;kept;
12000178001;historical;1;1;1;1;1;kept;
12000179001;historical;1;1;1;1;1;kept;
12000182001;historical;1;1;1;1;1;kept;
12000193001;historical;1;1;1;1;1;kept;
12000196001;historical;1;1;0;1;0;dropped;minimum_inventory
12000205001;historical;1;1;1;1;1;kept;
12000206001;historical;1;1;1;1;1;kept;
12000207001;historical;1;1;1;1;1;kept;
12000208001;historical;1;1;1;1;1;kept;
12000214001;historical;1;1;1;1;1;kept;
12000217001;historical;1;1;1;1;1;kept;
12000220001;historical;1;1;1;1;1;kept;
12000221001;historical;1;1;1;1;1;kept;
12000223001;historical;1;1;1;1;1;kept;
12000224001;new;1;1;1;1;1;kept;
12000225001;historical;1;1;1;1;1;kept;
12000226001;historical;1;1;1;1;1;kept;
12000232001;historical;1;1;1;1;1;kept;
12000241001;historical;1;1;1;1;1;kept;
12000246001;historical;1;1;1;1;1;kept;
12000261001;historical;1;1;1;1;1;kept;
12000270001;historical;1;1;1;1;1;kept;
12000275001;historical;1;1;0;1;0;dropped;minimum_inventory
12000276001;historical;1;1;1;1;1;kept;
12000285001;historical;1;1;0;1;0;dropped;minimum_inventory
12000288001;historical;1;1;1;1;1;kept;
12000295001;historical;1;1;0;1;0;dropped;minimum_inventory
12000309001;historical;1;1;1;1;1;kept;
12000314001;historical;1;1;1;1;1;kept;
12000317001;historical;1;1;1;1;1;kept;
12000319001;historical;1;1;1;1;1;kept;
12000320001;historical;1;1;1;1;1;kept;
12000350001;historical;1;1;1;1;1;kept;
12000359001;historical;1;1;1;1;1;kept;
12000366001;historical;1;1;1;1;1;kept;
12000372001;historical;1;1;1;1;1;kept;
12000374001;historical;1;1;1;1;1;kept;
12000375001;historical;1;1;1;1;1;kept;
12000377001;historical;1;1;1;1;1;kept;
12000381001;historical;1;1;1;1;1;kept;
12000396001;new;1;1;1;1;1;kept;
12000405001;historical;1;1;0;1;0;dropped;minimum_inventory
12000425001;historical;1;1;1;1;1;kept;
12000468001;new;1;1;1;1;1;kept;
12000469001;historical;1;1;0;1;0;dropped;minimum_inventory
12000485001;historical;1;1;1;1;1;kept;
12000494001;historical;1;1;0;1;0;dropped;minimum_inventory
12000495001;historical;1;1;0;1;0;dropped;minimum_inventory
12000496001;historical;1;1;0;1;0;dropped;minimum_inventory
12000497001;historical;1;1;0;1;0;dropped;minimum_inventory
12000498001;historical;1;1;0;1;0;dropped;minimum_inventory
12000504001;historical;1;1;1;1;1;kept;
12000505001;historical;1;1;1;1;1;kept;
12001004001;historical;1;1;1;1;1;kept;
12001018001;new;1;1;1;1;1;kept;
12001019001;historical;1;1;1;1;1;kept;
12001026001;historical;1;1;1;1;1;kept;
12001027001;historical;1;1;1;1;1;kept;
12001029001;historical;1;1;1;1;1;kept;
12001038001;historical;1;1;1;1;1;kept;
12001041001;historical;1;1;1;1;1;kept;
12001047001;historical;1;1;1;1;1;kept;
12001049001;historical;1;1;1;1;1;kept;
12001051001;historical;1;1;1;1;1;kept;
12001055001;historical;1;1;1;1;1;kept;
12001058001;historical;1;1;1;1;1;kept;
12001063001;historical;1;1;1;1;1;kept;
12001064001;historical;1;1;1;1;1;kept;
12001065001;historical;1;1;0;1;0;dropped;minimum_inventory
12001067001;historical;1;1;1;1;1;kept;
12001070001;historical;1;1;1;1;1;kept;
12001071001;historical;1;1;1;1;1;kept;
12001076001;historical;1;1;0;1;0;dropped;minimum_inventory
12001077001;historical;1;1;1;1;1;kept;
12001087001;historical;1;1;1;1;1;kept;
12001092001;historical;1;1;1;1;1;kept;
12001093001;new;1;1;1;1;1;kept;
12001112001;historical;1;1;1;1;1;kept;
12001999001;historical;1;1;1;1;1;kept;
12002009001;historical;1;1;1;1;1;kept;
12002013001;historical;1;1;0;1;0;dropped;minimum_inventory
12002018001;historical;1;1;1;1;1;kept;
12002023001;historical;1;1;1;1;1;kept;
12002026001;historical;1;1;1;1;1;kept;
12002036001;historical;1;1;1;1;1;kept;
12002037001;new;1;1;1;1;1;kept;
12002042001;historical;1;1;1;1;1;kept;
12002044001;historical;1;1;1;1;1;kept;
12002052001;historical;1;1;1;1;1;kept;
12002062001;historical;1;1;1;1;1;kept;
12002084001;historical;1;1;0;1;0;dropped;minimum_inventory
12002090001;historical;1;1;1;1;1;kept;
12002096001;new;1;1;1;1;1;kept;
12002100001;historical;1;1;0;1;0;dropped;minimum_inventory
12002104001;historical;1;1;1;1;1;kept;
12002105001;historical;1;1;1;1;1;kept;
12002106001;historical;1;1;1;1;1;kept;
12002107001;historical;1;1;1;1;1;kept;
12002114001;historical;1;1;0;1;0;dropped;minimum_inventory
12002118001;historical;1;1;1;1;1;kept;
12002119001;historical;1;1;1;1;1;kept;
12002124001;historical;1;1;1;1;1;kept;
12002158001;new;1;1;1;1;1;kept;
12002159001;historical;1;1;0;1;0;dropped;minimum_inventory
12002948001;historical;1;1;1;1;1;kept;
12002949001;historical;1;1;1;1;1;kept;
12003006001;historical;1;1;1;1;1;kept;
12003031001;new;1;1;0;1;0;dropped;minimum_inventory
12003046001;historical;1;1;1;1;1;kept;
12003058001;new;1;1;1;1;1;kept;
12003069001;historical;1;1;1;1;1;kept;
12003073001;historical;1;1;0;1;0;dropped;minimum_inventory
12003084001;historical;1;1;1;1;1;kept;
12003086001;historical;1;1;1;1;1;kept;
12003090001;historical;1;1;0;1;0;dropped;minimum_inventory
12003104001;historical;1;1;1;1;1;kept;
12003111001;historical;1;1;1;1;1;kept;
12003113001;historical;1;1;1;1;1;kept;
12003115001;historical;1;1;1;1;1;kept;
12003130001;historical;1;1;1;1;1;kept;
12003134001;historical;1;1;1;1;1;kept;
12003135001;historical;1;1;1;1;1;kept;
12003911001;historical;1;1;1;1;1;kept;
12004016001;historical;1;1;1;1;1;kept;
12004020001;historical;1;1;1;1;1;kept;
12004063001;historical;1;1;0;1;0;dropped;minimum_inventory
12005003001;historical;1;1;1;1;1;kept;
12005003002;historical;1;1;1;1;1;kept;
12005003003;historical;1;1;1;1;1;kept;
12005003004;historical;1;1;1;1;1;kept;
12005003005;historical;1;1;0;1;0;dropped;minimum_inventory
12005007001;new;1;1;1;1;1;kept;
12005009007;historical;1;1;1;1;1;kept;
12005015001;historical;1;1;1;1;1;kept;
12005015002;historical;1;1;0;1;0;dropped;minimum_inventory
12005015003;historical;1;1;1;1;1;kept;
12005015004;historical;1;1;1;1;1;kept;
12005015006;historical;1;1;1;1;1;kept;
12005015007;historical;1;1;1;1;1;kept;
12005015008;historical;1;1;1;1;1;kept;
12005015010;historical;1;1;1;1;1;kept;
12005019001;historical;1;1;1;1;1;kept;
12005019002;historical;1;1;1;1;1;kept;
12005019003;historical;1;1;1;1;1;kept;
12005019005;historical;1;1;1;1;1;kept;
12005019006;historical;1;1;1;1;1;kept;
12005019008;historical;1;1;1;1;1;kept;
12005056001;historical;1;1;1;1;1;kept;
12005056002;historical;1;1;1;1;1;kept;
12005056003;historical;1;1;1;1;1;kept;
12005056004;historical;1;1;1;1;1;kept;
12005072003;historical;1;1;1;1;1;kept;
12005072005;new;1;1;1;1;1;kept;
12005082002;historical;1;1;1;1;1;kept;
12005082003;historical;1;1;1;1;1;kept;
12005082006;historical;1;1;1;1;1;kept;
12005082007;historical;1;1;1;1;1;kept;
12005082008;historical;1;1;1;1;1;kept;
12005082010;historical;1;1;1;1;1;kept;
12005082011;historical;1;1;1;1;1;kept;
12005082013;new;1;1;0;1;0;dropped;minimum_inventory
12005083002;historical;1;1;1;1;1;kept;
12005084001;historical;1;1;1;1;1;kept;
12005084002;historical;1;1;1;1;1;kept;
12005084004;historical;1;1;1;1;1;kept;
12005084005;historical;1;1;1;1;1;kept;
12005084006;historical;1;1;1;1;1;kept;
12005084007;historical;1;1;1;1;1;kept;
12005084008;historical;1;1;1;1;1;kept;
12005084009;historical;1;1;1;1;1;kept;
12005089004;historical;1;1;1;1;1;kept;
12005093001;historical;1;1;1;1;1;kept;
12005093002;historical;1;1;1;1;1;kept;
12005093004;historical;1;1;1;1;1;kept;
12005093005;historical;1;1;1;1;1;kept;
12005093007;historical;1;1;1;1;1;kept;
12005093008;historical;1;1;1;1;1;kept;
12005093010;new;1;1;1;1;1;kept;
12005107006;historical;1;1;1;1;1;kept;
12005107007;historical;1;1;1;1;1;kept;
12005108002;historical;1;1;1;1;1;kept;
12005108003;historical;1;1;1;1;1;kept;
12005109003;historical;1;1;1;1;1;kept;
12006020001;new;1;1;1;1;1;kept;
12006048001;historical;1;1;1;1;1;kept;
12006067001;historical;1;1;1;1;1;kept;
12006135001;historical;1;1;1;1;1;kept;
12006144001;new;1;1;1;1;1;kept;
12010001001;historical;1;1;1;1;1;kept;
12010003001;new;1;1;0;1;0;dropped;minimum_inventory
12010009001;historical;1;1;0;1;0;dropped;minimum_inventory
12010010001;historical;1;1;1;1;1;kept;
12010013001;historical;1;1;1;1;1;kept;
12010020001;historical;1;1;1;1;1;kept;
12010022001;historical;1;1;1;1;1;kept;
12010023002;historical;1;1;1;1;1;kept;
12010034001;historical;1;1;1;1;1;kept;
12010036001;historical;1;1;1;1;1;kept;
12010037001;historical;1;1;1;1;1;kept;
12010040001;historical;1;1;1;1;1;kept;
12010041001;historical;1;1;1;1;1;kept;
12010042001;historical;1;1;1;1;1;kept;
12010049001;historical;1;1;1;1;1;kept;
12010051001;historical;1;1;1;1;1;kept;
12010052001;historical;1;1;1;1;1;kept;
12010053001;historical;1;1;1;1;1;kept;
12010054001;historical;1;1;1;1;1;kept;
12010055001;historical;1;1;1;1;1;kept;
12010056001;historical;1;1;0;1;0;dropped;minimum_inventory
12010058001;new;1;1;1;1;1;kept;
12010059001;historical;1;1;1;1;1;kept;
12010060001;historical;1;1;1;1;1;kept;
12010065001;historical;1;1;1;1;1;kept;
12010067001;historical;1;1;1;1;1;kept;
12010068001;historical;1;1;1;1;1;kept;
12010071001;historical;1;1;1;1;1;kept;
12010074001;historical;1;1;1;1;1;kept;
12010077001;historical;1;1;1;1;1;kept;
12010079001;historical;1;1;1;1;1;kept;
12010080001;historical;1;1;1;1;1;kept;
12010084001;historical;1;1;1;1;1;kept;
12010106001;historical;1;1;1;1;1;kept;
12010107001;historical;1;1;1;1;1;kept;
12010110001;historical;1;1;1;1;1;kept;
12010113001;historical;1;1;1;1;1;kept;
12010118001;historical;1;1;1;1;1;kept;
12010119001;historical;1;1;1;1;1;kept;
12010123001;historical;1;1;1;1;1;kept;
12010124001;historical;1;1;1;1;1;kept;
12010137001;historical;1;1;1;1;1;kept;
12010144001;historical;1;1;1;1;1;kept;
12010145001;historical;1;1;1;1;1;kept;
12010147001;new;1;1;1;1;1;kept;
12010149001;historical;1;1;1;1;1;kept;
12010153001;historical;1;1;1;1;1;kept;
12010156001;historical;1;1;1;1;1;kept;
12010161001;historical;1;1;1;1;1;kept;
12010163001;historical;1;1;1;1;1;kept;
12010171001;historical;1;1;1;1;1;kept;
12010172001;historical;1;1;1;1;1;kept;
12010173001;historical;1;1;1;1;1;kept;
12010175001;historical;1;1;1;1;1;kept;
12010176001;historical;1;1;1;1;1;kept;
12010180001;historical;1;1;1;1;1;kept;
12010192001;historical;1;1;1;1;1;kept;
12010193001;historical;1;1;1;1;1;kept;
12010198001;historical;1;1;1;1;1;kept;
12010200001;historical;1;1;1;1;1;kept;
12010206001;historical;1;1;1;1;1;kept;
12010214001;historical;1;1;1;1;1;kept;
12010227001;historical;1;1;0;1;0;dropped;minimum_inventory
12010228001;historical;1;1;0;1;0;dropped;minimum_inventory
12010234001;historical;1;1;1;1;1;kept;
12010243001;historical;1;1;0;1;0;dropped;minimum_inventory
12010261001;new;1;1;1;1;1;kept;
12010263001;historical;1;1;1;1;1;kept;
12011003001;historical;1;1;1;1;1;kept;
12011005001;historical;1;1;1;1;1;kept;
12011018001;historical;1;1;1;1;1;kept;
12011022001;historical;1;1;1;1;1;kept;
12011033001;historical;1;1;1;1;1;kept;
12011034001;historical;1;1;1;1;1;kept;
12011038001;historical;1;1;1;1;1;kept;
12011042001;historical;1;1;1;1;1;kept;
12011044001;historical;1;1;0;1;0;dropped;minimum_inventory
12011047001;historical;1;1;1;1;1;kept;
12011050001;historical;1;1;1;1;1;kept;
12011051001;historical;1;1;1;1;1;kept;
12011056001;historical;1;1;1;1;1;kept;
12011060001;historical;1;1;1;1;1;kept;
12011061001;historical;1;1;1;1;1;kept;
12011062001;historical;1;1;1;1;1;kept;
12011065001;historical;1;1;1;1;1;kept;
12011068001;historical;1;1;1;1;1;kept;
12011069001;historical;1;1;1;1;1;kept;
12011074001;historical;1;1;1;1;1;kept;
12011075001;historical;1;1;1;1;1;kept;
12011084001;historical;1;1;1;1;1;kept;
12011085001;historical;1;1;1;1;1;kept;
12011088001;historical;1;1;1;1;1;kept;
12011092001;historical;1;1;0;1;0;dropped;minimum_inventory
12011096001;historical;1;1;1;1;1;kept;
12011100001;historical;1;1;1;1;1;kept;
12011101001;new;1;1;1;1;1;kept;
12011102001;historical;1;1;1;1;1;kept;
12011103001;historical;1;1;1;1;1;kept;
12011109001;historical;1;1;1;1;1;kept;
12011111001;historical;1;1;1;1;1;kept;
12011117001;historical;1;1;1;1;1;kept;
12011118001;historical;1;1;1;1;1;kept;
12011120001;historical;1;1;1;1;1;kept;
12011131001;historical;1;1;1;1;1;kept;
12011133001;historical;1;1;1;1;1;kept;
12011134001;historical;1;1;1;1;1;kept;
12011136001;historical;1;1;1;1;1;kept;
12011139001;historical;1;1;1;1;1;kept;
12011140001;new;1;1;0;1;0;dropped;minimum_inventory
12011142001;historical;1;1;1;1;1;kept;
12011144001;historical;1;1;1;1;1;kept;
12011150001;historical;1;1;1;1;1;kept;
12011152001;historical;1;1;1;1;1;kept;
12011153001;historical;1;1;1;1;1;kept;
12011154001;historical;1;1;0;1;0;dropped;minimum_inventory
12011158002;historical;1;1;1;1;1;kept;
12011159001;historical;1;1;0;1;0;dropped;minimum_inventory
12011163001;historical;1;1;1;1;1;kept;
12011168001;historical;1;1;1;1;1;kept;
12011169001;historical;1;1;1;1;1;kept;
12011171001;historical;1;1;1;1;1;kept;
12011172001;historical;1;1;1;1;1;kept;
12011173001;historical;1;1;1;1;1;kept;
12011174001;historical;1;1;1;1;1;kept;
12011177001;new;1;1;1;1;1;kept;
12011178001;historical;1;1;1;1;1;kept;
12011179001;historical;1;1;1;1;1;kept;
12011182001;historical;1;1;1;1;1;kept;
12011184001;historical;1;1;1;1;1;kept;
12011186001;historical;1;1;1;1;1;kept;
12011189001;historical;1;1;1;1;1;kept;
12011196001;historical;1;1;1;1;1;kept;
12011199001;historical;1;1;1;1;1;kept;
12011204001;historical;1;1;1;1;1;kept;
12011210001;historical;1;1;1;1;1;kept;
12011213001;historical;1;1;1;1;1;kept;
12011215001;historical;1;1;1;1;1;kept;
12011216001;historical;1;1;1;1;1;kept;
12011220001;historical;1;1;1;1;1;kept;
12011221001;historical;1;1;1;1;1;kept;
12011226001;historical;1;1;1;1;1;kept;
12011230001;historical;1;1;1;1;1;kept;
12011231001;historical;1;1;1;1;1;kept;
12011235001;historical;1;1;1;1;1;kept;
12011237001;historical;1;1;1;1;1;kept;
12011240001;historical;1;1;0;1;0;dropped;minimum_inventory
12011243001;historical;1;1;1;1;1;kept;
12011244001;historical;1;1;1;1;1;kept;
12011247001;historical;1;1;1;1;1;kept;
12011251001;historical;1;1;1;1;1;kept;
12011252001;historical;1;1;1;1;1;kept;
12011254001;historical;1;1;1;1;1;kept;
12011255001;historical;1;1;1;1;1;kept;
12011257001;historical;1;1;1;1;1;kept;
12011262001;historical;1;1;1;1;1;kept;
12011263001;historical;1;1;1;1;1;kept;
12011264001;historical;1;1;1;1;1;kept;
12011265001;historical;1;1;1;1;1;kept;
12011267001;historical;1;1;1;1;1;kept;
12011268001;historical;1;1;1;1;1;kept;
12011275001;historical;1;1;1;1;1;kept;
12011276001;historical;1;1;1;1;1;kept;
12011277001;historical;1;1;1;1;1;kept;
12011291001;historical;1;1;1;1;1;kept;
12011293001;new;1;1;0;1;0;dropped;minimum_inventory
12011299001;historical;1;1;1;1;1;kept;
12011304001;historical;1;1;1;1;1;kept;
12011308001;historical;1;1;1;1;1;kept;
12011310001;historical;1;1;1;1;1;kept;
12011322001;new;1;1;1;1;1;kept;
12011329001;historical;1;1;1;1;1;kept;
12011333001;historical;1;1;1;1;1;kept;
12011334001;historical;1;1;1;1;1;kept;
12011335001;historical;1;1;0;1;0;dropped;minimum_inventory
12011337001;historical;1;1;1;1;1;kept;
12011338001;historical;1;1;0;1;0;dropped;minimum_inventory
12011339001;historical;1;1;1;1;1;kept;
12011341001;historical;1;1;0;1;0;dropped;minimum_inventory
12011342001;historical;1;1;1;1;1;kept;
12011345001;historical;1;1;1;1;1;kept;
12011347001;historical;1;1;1;1;1;kept;
12011349001;historical;1;1;1;1;1;kept;
12011351001;historical;1;1;1;1;1;kept;
12011354001;historical;1;1;1;1;1;kept;
12011355001;historical;1;1;1;1;1;kept;
12011357001;historical;1;1;1;1;1;kept;
12011358001;historical;1;1;1;1;1;kept;
12011360001;historical;1;1;1;1;1;kept;
12011362001;historical;1;1;1;1;1;kept;
12011365001;historical;1;1;0;1;0;dropped;minimum_inventory
12011367001;historical;1;1;1;1;1;kept;
12011373001;historical;1;1;1;1;1;kept;
12011374001;historical;1;1;1;1;1;kept;
12011376001;historical;1;1;1;1;1;kept;
12011378001;historical;1;1;0;1;0;dropped;minimum_inventory
12011386001;historical;1;1;1;1;1;kept;
12011398001;historical;1;1;1;1;1;kept;
12011400001;historical;1;1;1;1;1;kept;
12011402001;historical;1;1;1;1;1;kept;
12011403001;historical;1;1;1;1;1;kept;
12011409001;historical;1;1;1;1;1;kept;
12011417001;historical;1;1;1;1;1;kept;
12011433001;historical;1;1;1;1;1;kept;
12011439001;historical;1;1;1;1;1;kept;
12011451001;historical;1;1;1;1;1;kept;
12011466001;historical;1;1;1;1;1;kept;
12011473001;historical;1;1;1;1;1;kept;
12011477001;historical;1;1;1;1;1;kept;
12011479001;historical;1;1;1;1;1;kept;
12011489001;historical;1;1;1;1;1;kept;
12011999001;historical;1;1;1;1;1;kept;
12012003001;historical;1;1;0;1;0;dropped;minimum_inventory
12012012001;historical;1;1;1;1;1;kept;
12012014001;historical;1;1;0;1;0;dropped;minimum_inventory
12012022001;historical;1;1;1;1;1;kept;
12012045001;historical;1;1;1;1;1;kept;
12012048001;new;1;1;0;1;0;dropped;minimum_inventory
12012072001;historical;1;1;1;1;1;kept;
12012098001;historical;1;1;1;1;1;kept;
12012118001;historical;1;1;1;1;1;kept;
12012119001;historical;1;1;0;1;0;dropped;minimum_inventory
12012120001;historical;1;1;1;1;1;kept;
12012164001;historical;1;1;1;1;1;kept;
12012165001;historical;1;1;1;1;1;kept;
12012168001;historical;1;1;0;1;0;dropped;minimum_inventory
12012169001;historical;1;1;1;1;1;kept;
12012170001;historical;1;1;1;1;1;kept;
12012171001;historical;1;1;1;1;1;kept;
12012196001;historical;1;1;1;1;1;kept;
12012928001;historical;1;1;1;1;1;kept;
12012969001;historical;1;1;1;1;1;kept;
12012984001;historical;1;1;1;1;1;kept;
12013034001;historical;1;1;0;1;0;dropped;minimum_inventory
12014004001;historical;1;1;1;1;1;kept;
12014022001;historical;1;1;1;1;1;kept;
12014032001;historical;1;1;1;1;1;kept;
12014035001;historical;1;1;1;1;1;kept;
12016005001;historical;1;1;1;1;1;kept;
12016035001;new;1;1;1;1;1;kept;
12016042001;historical;1;1;0;1;0;dropped;minimum_inventory
12016077001;historical;1;1;1;1;1;kept;
12016078001;historical;1;1;1;1;1;kept;
12016079001;historical;1;1;1;1;1;kept;
12016099001;historical;1;1;1;1;1;kept;
12016106001;historical;1;1;1;1;1;kept;
12016111001;historical;1;1;1;1;1;kept;
12016114001;historical;1;1;1;1;1;kept;
12016139001;historical;1;1;1;1;1;kept;
12017009001;historical;1;1;1;1;1;kept;
12017016001;historical;1;1;1;1;1;kept;
12017017001;historical;1;1;1;1;1;kept;
12017018001;historical;1;1;1;1;1;kept;
12017019001;historical;1;1;1;1;1;kept;
12017039001;historical;1;1;0;1;0;dropped;minimum_inventory
12017040001;historical;1;1;1;1;1;kept;
12020003001;historical;1;1;1;1;1;kept;
12020005003;historical;1;1;1;1;1;kept;
12020008001;historical;1;1;1;1;1;kept;
12020009001;historical;1;1;1;1;1;kept;
12020020001;historical;1;1;1;1;1;kept;
12020021001;historical;1;1;1;1;1;kept;
12020026001;historical;1;1;1;1;1;kept;
12020028001;historical;1;1;1;1;1;kept;
12020032003;historical;1;1;0;1;0;dropped;minimum_inventory
12020035001;historical;1;1;1;1;1;kept;
12020036001;historical;1;1;1;1;1;kept;
12020045001;historical;1;1;1;1;1;kept;
12020046001;historical;1;1;1;1;1;kept;
12020050001;historical;1;1;1;1;1;kept;
12020051001;historical;1;1;1;1;1;kept;
12020057001;historical;1;1;1;1;1;kept;
12020068001;historical;1;1;1;1;1;kept;
12020070001;historical;1;1;1;1;1;kept;
12020078001;historical;1;1;1;1;1;kept;
12020089001;historical;1;1;1;1;1;kept;
12020090001;historical;1;1;0;1;0;dropped;minimum_inventory
12020093001;historical;1;1;1;1;1;kept;
12020101001;historical;1;1;1;1;1;kept;
12020133001;historical;1;1;1;1;1;kept;
12020138001;historical;1;1;1;1;1;kept;
12020141001;historical;1;1;1;1;1;kept;
12020147001;historical;1;1;0;1;0;dropped;minimum_inventory
12020148001;historical;1;1;0;1;0;dropped;minimum_inventory
12020163001;historical;1;1;0;1;0;dropped;minimum_inventory
12020164001;historical;1;1;1;1;1;kept;
12020165001;historical;1;1;1;1;1;kept;
12020166001;historical;1;1;1;1;1;kept;
12020175001;historical;1;1;1;1;1;kept;
12020189001;historical;1;1;1;1;1;kept;
12020190001;historical;1;1;0;1;0;dropped;minimum_inventory
12020196001;historical;1;1;1;1;1;kept;
12020203001;historical;1;1;1;1;1;kept;
12020217001;historical;1;1;1;1;1;kept;
12020221001;historical;1;1;1;1;1;kept;
12020222001;historical;1;1;1;1;1;kept;
12020225001;historical;1;1;1;1;1;kept;
12020228001;historical;1;1;0;1;0;dropped;minimum_inventory
12020232001;historical;1;1;1;1;1;kept;
12020234001;new;1;1;0;1;0;dropped;minimum_inventory
12020237001;historical;1;1;1;1;1;kept;
12020240001;historical;1;1;1;1;1;kept;
12020242001;historical;1;1;1;1;1;kept;
12020246001;historical;1;1;1;1;1;kept;
12020249001;historical;1;1;1;1;1;kept;
12020250001;historical;1;1;0;1;0;dropped;minimum_inventory
12020253001;historical;1;1;1;1;1;kept;
12020260001;historical;1;1;1;1;1;kept;
12020264001;historical;1;1;0;1;0;dropped;minimum_inventory
12020266001;historical;1;1;1;1;1;kept;
12020271001;historical;1;1;1;1;1;kept;
12020272001;historical;1;1;0;1;0;dropped;minimum_inventory
12020282001;historical;1;1;1;1;1;kept;
12020283001;historical;1;1;1;1;1;kept;
12020312001;historical;1;1;1;1;1;kept;
12020323001;historical;1;1;0;1;0;dropped;minimum_inventory
12020324001;historical;1;1;0;1;0;dropped;minimum_inventory
12020325001;historical;1;1;1;1;1;kept;
12020326001;historical;1;1;1;1;1;kept;
12020341001;new;1;1;1;1;1;kept;
12020342001;new;1;1;1;1;1;kept;
12020344001;historical;1;1;1;1;1;kept;
12020362001;historical;1;1;1;1;1;kept;
12020372001;historical;1;1;1;1;1;kept;
12020383001;historical;1;1;1;1;1;kept;
12020384001;new;1;1;0;1;0;dropped;minimum_inventory
12020416001;historical;1;1;1;1;1;kept;
12020423001;historical;1;1;1;1;1;kept;
12020425001;historical;1;1;0;1;0;dropped;minimum_inventory
12020437001;historical;1;1;1;1;1;kept;
12020471001;historical;1;1;1;1;1;kept;
12020473001;historical;1;1;1;1;1;kept;
12020485001;historical;1;1;1;1;1;kept;
12020498001;historical;1;1;1;1;1;kept;
12020901001;historical;1;1;1;1;1;kept;
12020903001;historical;1;1;0;1;0;dropped;minimum_inventory
12020920001;historical;1;1;1;1;1;kept;
12020923001;historical;1;1;1;1;1;kept;
12020926001;historical;1;1;1;1;1;kept;
12020927001;historical;1;1;1;1;1;kept;
12020956001;historical;1;1;1;1;1;kept;
12020961001;historical;1;1;1;1;1;kept;
12020964001;new;1;1;1;1;1;kept;
12020965001;historical;1;1;1;1;1;kept;
12020966001;new;1;1;1;1;1;kept;
12021028001;historical;1;1;1;1;1;kept;
12021042001;historical;1;1;1;1;1;kept;
12021052001;historical;1;1;1;1;1;kept;
12021069001;new;1;1;1;1;1;kept;
12021094001;historical;1;1;1;1;1;kept;
12021912001;historical;1;1;0;1;0;dropped;minimum_inventory
12021923001;historical;1;1;1;1;1;kept;
12021969001;historical;1;1;1;1;1;kept;
12021993001;historical;1;1;0;1;0;dropped;minimum_inventory
12021994001;new;1;1;1;1;1;kept;
12022005001;historical;1;1;1;1;1;kept;
12022008001;historical;1;1;1;1;1;kept;
12022027001;historical;1;1;1;1;1;kept;
12022030001;new;1;1;1;1;1;kept;
12022043001;historical;1;1;1;1;1;kept;
12022047001;historical;1;1;1;1;1;kept;
12022062001;new;1;1;1;1;1;kept;
12022096001;historical;1;1;1;1;1;kept;
12022100001;historical;1;1;0;1;0;dropped;minimum_inventory
12022109001;historical;1;1;1;1;1;kept;
12022127001;new;1;1;1;1;1;kept;
12022128001;new;1;1;1;1;1;kept;
12022153001;historical;1;1;1;1;1;kept;
12022184001;historical;1;1;1;1;1;kept;
12022224001;historical;1;1;1;1;1;kept;
12022275001;historical;1;1;1;1;1;kept;
12023020001;historical;1;1;0;1;0;dropped;minimum_inventory
12023022001;historical;1;1;0;1;0;dropped;minimum_inventory
12023079001;historical;1;1;1;1;1;kept;
12023093001;historical;1;1;1;1;1;kept;
12023125001;historical;1;1;1;1;1;kept;
12023195001;historical;1;1;1;1;1;kept;
12023199001;historical;1;1;0;1;0;dropped;minimum_inventory
12023202001;historical;1;1;1;1;1;kept;
12023217001;historical;1;1;0;1;0;dropped;minimum_inventory
12023227001;historical;1;1;1;1;1;kept;
12023263001;historical;1;1;1;1;1;kept;
12023278001;historical;1;1;1;1;1;kept;
12023463001;historical;1;1;1;1;1;kept;
12031016001;historical;1;1;1;1;1;kept;
12032035001;historical;1;1;1;1;1;kept;
12032072001;historical;1;1;1;1;1;kept;
12032121001;historical;1;1;1;1;1;kept;
12032224001;historical;1;1;0;1;0;dropped;minimum_inventory
12032227001;historical;1;1;1;1;1;kept;
12032540001;historical;1;1;1;1;1;kept;
12032541001;historical;1;1;1;1;1;kept;
12034001001;historical;1;1;1;1;1;kept;
12034025001;historical;1;1;1;1;1;kept;
12034038001;historical;1;1;0;1;0;dropped;minimum_inventory
12034051001;historical;1;1;1;1;1;kept;
12034053001;historical;1;1;1;1;1;kept;
12034063001;historical;1;1;1;1;1;kept;
12034071001;historical;1;1;1;1;1;kept;
12034075001;historical;1;1;1;1;1;kept;
12034085001;historical;1;1;1;1;1;kept;
12034100001;historical;1;1;1;1;1;kept;
12034103001;new;1;1;1;1;1;kept;
12034104001;historical;1;1;1;1;1;kept;
12034154001;historical;1;1;1;1;1;kept;
12034167001;historical;1;1;1;1;1;kept;
12034171001;historical;1;1;1;1;1;kept;
12034172001;historical;1;1;0;1;0;dropped;minimum_inventory
12034201001;historical;1;1;1;1;1;kept;
12034211001;historical;1;1;1;1;1;kept;
12100002001;historical;1;1;1;1;1;kept;
12100003001;historical;1;1;1;1;1;kept;
12100008001;historical;1;1;1;1;1;kept;
12100009001;historical;1;1;1;1;1;kept;
12100011001;historical;1;1;1;1;1;kept;
12100012001;historical;1;1;1;1;1;kept;
12100013001;historical;1;1;1;1;1;kept;
12100017001;historical;1;1;1;1;1;kept;
12100018001;historical;1;1;1;1;1;kept;
12100019001;historical;1;1;1;1;1;kept;
12100023001;historical;1;1;1;1;1;kept;
12100026001;historical;1;1;1;1;1;kept;
12100027001;historical;1;1;1;1;1;kept;
12100028001;historical;1;1;1;1;1;kept;
12100036001;historical;1;1;0;1;0;dropped;minimum_inventory
12100039001;historical;1;1;1;1;1;kept;
12100040001;historical;1;1;1;1;1;kept;
12100046001;historical;1;1;1;1;1;kept;
12100051001;historical;1;1;1;1;1;kept;
12100056001;historical;1;1;1;1;1;kept;
12100059001;historical;1;1;1;1;1;kept;
12100061001;historical;1;1;1;1;1;kept;
12100069001;historical;1;1;1;1;1;kept;
12100078001;historical;1;1;1;1;1;kept;
12100091001;historical;1;1;1;1;1;kept;
12100092001;historical;1;1;1;1;1;kept;
12100093001;historical;1;1;1;1;1;kept;
12100101001;historical;1;1;1;1;1;kept;
12100103001;historical;1;1;1;1;1;kept;
12101001002;historical;1;1;1;1;1;kept;
12101003001;historical;1;1;1;1;1;kept;
12101004001;historical;1;1;1;1;1;kept;
12101005001;historical;1;1;1;1;1;kept;
12101010001;historical;1;1;1;1;1;kept;
12101016001;historical;1;1;1;1;1;kept;
12101020001;historical;1;1;1;1;1;kept;
12101033001;historical;1;1;1;1;1;kept;
12101040001;historical;1;1;0;1;0;dropped;minimum_inventory
12101040002;historical;1;1;1;1;1;kept;
12102002001;historical;1;1;0;1;0;dropped;minimum_inventory
12102010001;historical;1;1;1;1;1;kept;
12102013001;historical;1;1;1;1;1;kept;
12102016001;historical;1;1;1;1;1;kept;
12102020001;historical;1;1;1;1;1;kept;
12102021001;historical;1;1;1;1;1;kept;
12102022001;historical;1;1;1;1;1;kept;
12102024001;historical;1;1;1;1;1;kept;
12102026001;historical;1;1;1;1;1;kept;
12102027001;historical;1;1;0;1;0;dropped;minimum_inventory
12102033001;historical;1;1;1;1;1;kept;
12102035001;historical;1;1;1;1;1;kept;
12102041001;historical;1;1;1;1;1;kept;
12102042001;historical;1;1;1;1;1;kept;
12102046001;historical;1;1;1;1;1;kept;
12102047001;historical;1;1;0;1;0;dropped;minimum_inventory
12102056001;historical;1;1;0;1;0;dropped;minimum_inventory
12102057001;historical;1;1;1;1;1;kept;
12102058001;historical;1;1;1;1;1;kept;
12102059001;historical;1;1;1;1;1;kept;
12102060001;historical;1;1;1;1;1;kept;
12102067001;historical;1;1;1;1;1;kept;
12102075001;historical;1;1;0;1;0;dropped;minimum_inventory
12102080001;historical;1;1;1;1;1;kept;
12102087001;historical;1;1;1;1;1;kept;
12102091001;historical;1;1;1;1;1;kept;
12102095001;historical;1;1;1;1;1;kept;
12102100001;historical;1;1;1;1;1;kept;
12102107001;historical;1;1;0;1;0;dropped;minimum_inventory
12102109001;historical;1;1;0;1;0;dropped;minimum_inventory
12102112002;historical;1;1;1;1;1;kept;
12102116001;historical;1;1;1;1;1;kept;
12102118001;historical;1;1;1;1;1;kept;
12102122001;historical;1;1;1;1;1;kept;
12102132001;historical;1;1;1;1;1;kept;
12102140001;historical;1;1;1;1;1;kept;
12102141001;historical;1;1;0;1;0;dropped;minimum_inventory
12102142001;historical;1;1;1;1;1;kept;
12102144001;historical;1;1;1;1;1;kept;
12102996001;historical;1;1;0;1;0;dropped;minimum_inventory
12102997001;historical;1;1;1;1;1;kept;
12103004001;historical;1;1;1;1;1;kept;
12103005001;historical;1;1;1;1;1;kept;
12103008001;historical;1;1;1;1;1;kept;
12103011001;historical;1;1;1;1;1;kept;
12103016001;historical;1;1;1;1;1;kept;
12103024001;historical;1;1;1;1;1;kept;
12103025001;historical;1;1;1;1;1;kept;
12103026001;historical;1;1;1;1;1;kept;
12103027001;historical;1;1;1;1;1;kept;
12103029001;historical;1;1;1;1;1;kept;
12103030001;historical;1;1;1;1;1;kept;
12103031001;historical;1;1;1;1;1;kept;
12103039001;historical;1;1;1;1;1;kept;
12103040001;historical;1;1;1;1;1;kept;
12103041001;historical;1;1;1;1;1;kept;
12103047001;historical;1;1;1;1;1;kept;
12103060001;historical;1;1;1;1;1;kept;
12103066001;historical;1;1;1;1;1;kept;
12103072001;historical;1;1;1;1;1;kept;
12103080001;historical;1;1;1;1;1;kept;
12103081001;new;1;1;1;1;1;kept;
12103083001;historical;1;1;1;1;1;kept;
12103089001;historical;1;1;1;1;1;kept;
12103098001;historical;1;1;1;1;1;kept;
12103099001;historical;1;1;1;1;1;kept;
12103101001;historical;1;1;1;1;1;kept;
12103105001;historical;1;1;1;1;1;kept;
12103125001;historical;1;1;1;1;1;kept;
12103144001;historical;1;1;1;1;1;kept;
12103147001;new;1;1;0;1;0;dropped;minimum_inventory
12103154001;historical;1;1;1;1;1;kept;
12103160001;historical;1;1;1;1;1;kept;
12103179001;new;1;1;1;1;1;kept;
12103183001;historical;1;1;1;1;1;kept;
12104001001;historical;1;1;1;1;1;kept;
12104002001;historical;1;1;0;1;0;dropped;minimum_inventory
12104003001;historical;1;1;1;1;1;kept;
12104011001;historical;1;1;1;1;1;kept;
12104015001;historical;1;1;1;1;1;kept;
12104021001;historical;1;1;1;1;1;kept;
12104027001;historical;1;1;1;1;1;kept;
12104027002;new;1;1;0;1;0;dropped;minimum_inventory
12105001001;historical;1;1;1;1;1;kept;
12105002001;historical;1;1;1;1;1;kept;
12105005001;historical;1;1;1;1;1;kept;
12105006001;historical;1;1;1;1;1;kept;
12105009001;historical;1;1;1;1;1;kept;
12105012001;historical;1;1;1;1;1;kept;
12105013001;historical;1;1;1;1;1;kept;
12105018001;new;1;1;1;1;1;kept;
12105021001;historical;1;1;1;1;1;kept;
12105025001;historical;1;1;1;1;1;kept;
12105034001;historical;1;1;1;1;1;kept;
12105036001;historical;1;1;1;1;1;kept;
12105043002;historical;1;1;1;1;1;kept;
12105044001;historical;1;1;1;1;1;kept;
12105045001;historical;1;1;1;1;1;kept;
12105047001;historical;1;1;1;1;1;kept;
12105051001;historical;1;1;1;1;1;kept;
12105051002;historical;1;1;1;1;1;kept;
12105058001;historical;1;1;1;1;1;kept;
12105059001;historical;1;1;1;1;1;kept;
12105066001;historical;1;1;1;1;1;kept;
12105067001;historical;1;1;1;1;1;kept;
12105068001;historical;1;1;1;1;1;kept;
12105070001;historical;1;1;1;1;1;kept;
12105071001;historical;1;1;1;1;1;kept;
12105072001;historical;1;1;1;1;1;kept;
12106001001;historical;1;1;1;1;1;kept;
12106002001;historical;1;1;1;1;1;kept;
12106004001;historical;1;1;1;1;1;kept;
12106005001;historical;1;1;1;1;1;kept;
12106006001;historical;1;1;1;1;1;kept;
12106007001;historical;1;1;1;1;1;kept;
12106011001;historical;1;1;0;1;0;dropped;minimum_inventory
12106012001;historical;1;1;1;1;1;kept;
12106014001;historical;1;1;1;1;1;kept;
12106016002;historical;1;1;1;1;1;kept;
12106019001;historical;1;1;1;1;1;kept;
12106026001;historical;1;1;0;1;0;dropped;minimum_inventory
12106027001;historical;1;1;1;1;1;kept;
12106029001;historical;1;1;1;1;1;kept;
12106030001;historical;1;1;1;1;1;kept;
12106031001;historical;1;1;1;1;1;kept;
12106034001;historical;1;1;1;1;1;kept;
12106035001;historical;1;1;1;1;1;kept;
12106036002;historical;1;1;0;1;0;dropped;minimum_inventory
12106038001;historical;1;1;1;1;1;kept;
12106039001;historical;1;1;1;1;1;kept;
12106040001;historical;1;1;1;1;1;kept;
12106044001;historical;1;1;1;1;1;kept;
12106055001;historical;1;1;1;1;1;kept;
12106056001;historical;1;1;1;1;1;kept;
12106063001;historical;1;1;1;1;1;kept;
12106064001;historical;1;1;1;1;1;kept;
12106066001;historical;1;1;1;1;1;kept;
12106067001;historical;1;1;1;1;1;kept;
12106070001;historical;1;1;1;1;1;kept;
12106073001;historical;1;1;1;1;1;kept;
12106086001;historical;1;1;1;1;1;kept;
12106087001;historical;1;1;1;1;1;kept;
12106088001;historical;1;1;1;1;1;kept;
12106097001;historical;1;1;1;1;1;kept;
12106098001;historical;1;1;1;1;1;kept;
12106101001;historical;1;1;1;1;1;kept;
12106105001;historical;1;1;1;1;1;kept;
12106107001;historical;1;1;1;1;1;kept;
12106113001;historical;1;1;1;1;1;kept;
12106999001;historical;1;1;1;1;1;kept;
12110015001;historical;1;1;1;1;1;kept;
12110016001;historical;1;1;1;1;1;kept;
12110022001;historical;1;1;1;1;1;kept;
12110028001;historical;1;1;1;1;1;kept;
12110037001;historical;1;1;1;1;1;kept;
12110059001;historical;1;1;1;1;1;kept;
12110068001;historical;1;1;1;1;1;kept;
12110074001;historical;1;1;1;1;1;kept;
12111003001;historical;1;1;0;1;0;dropped;minimum_inventory
12111014001;historical;1;1;1;1;1;kept;
12111030001;historical;1;1;1;1;1;kept;
12112002001;historical;1;1;1;1;1;kept;
12112009001;historical;1;1;0;1;0;dropped;minimum_inventory
12112025001;historical;1;1;1;1;1;kept;
12112026001;historical;1;1;1;1;1;kept;
12120001001;historical;1;1;1;1;1;kept;
12120004001;historical;1;1;1;1;1;kept;
12120006001;historical;1;1;1;1;1;kept;
12120007001;historical;1;1;1;1;1;kept;
12120011001;new;1;1;1;1;1;kept;
12120015001;historical;1;1;1;1;1;kept;
12120018001;historical;1;1;1;1;1;kept;
12120024001;historical;1;1;1;1;1;kept;
12120031001;new;1;1;1;1;1;kept;
12120034001;historical;1;1;1;1;1;kept;
12120038001;historical;1;1;1;1;1;kept;
12120039001;historical;1;1;1;1;1;kept;
12120040001;historical;1;1;1;1;1;kept;
12120041001;new;1;1;0;1;0;dropped;minimum_inventory
12120052001;historical;1;1;1;1;1;kept;
12120053001;historical;1;1;1;1;1;kept;
12120064001;historical;1;1;1;1;1;kept;
12120065001;historical;1;1;1;1;1;kept;
12120072001;historical;1;1;1;1;1;kept;
12120085001;historical;1;1;1;1;1;kept;
12120086001;historical;1;1;1;1;1;kept;
12120087001;historical;1;1;1;1;1;kept;
12120088001;historical;1;1;1;1;1;kept;
12120090001;new;1;1;1;1;1;kept;
12120091001;historical;1;1;1;1;1;kept;
12120898001;historical;1;1;1;1;1;kept;
12121004001;historical;1;1;1;1;1;kept;
12121006002;historical;1;1;1;1;1;kept;
12121007001;historical;1;1;1;1;1;kept;
12121010001;new;1;1;1;1;1;kept;
12121023001;historical;1;1;1;1;1;kept;
12121024001;historical;1;1;1;1;1;kept;
12121027001;historical;1;1;1;1;1;kept;
12121032001;historical;1;1;1;1;1;kept;
12121034001;historical;1;1;1;1;1;kept;
12121037001;historical;1;1;1;1;1;kept;
12121038001;historical;1;1;1;1;1;kept;
12121048001;historical;1;1;1;1;1;kept;
12121050001;historical;1;1;1;1;1;kept;
12121051001;historical;1;1;1;1;1;kept;
12121056001;historical;1;1;1;1;1;kept;
12121059001;historical;1;1;1;1;1;kept;
12121066001;historical;1;1;1;1;1;kept;
12121078001;historical;1;1;1;1;1;kept;
12121087001;historical;1;1;1;1;1;kept;
12121091001;historical;1;1;1;1;1;kept;
12121103001;historical;1;1;1;1;1;kept;
12122002002;historical;1;1;1;1;1;kept;
12122005001;historical;1;1;1;1;1;kept;
12122007001;historical;1;1;1;1;1;kept;
12122008001;historical;1;1;1;1;1;kept;
12122009001;historical;1;1;1;1;1;kept;
12122012001;historical;1;1;1;1;1;kept;
12122014001;historical;1;1;1;1;1;kept;
12122015001;historical;1;1;1;1;1;kept;
12122016001;historical;1;1;1;1;1;kept;
12122021001;historical;1;1;1;1;1;kept;
12122023002;historical;1;1;1;1;1;kept;
12122030001;historical;1;1;1;1;1;kept;
12122034001;historical;1;1;1;1;1;kept;
12122037001;new;1;1;0;1;0;dropped;minimum_inventory
12122045001;historical;1;1;1;1;1;kept;
12122052001;historical;1;1;1;1;1;kept;
12123001001;historical;1;1;1;1;1;kept;
12123005001;historical;1;1;1;1;1;kept;
12123013001;historical;1;1;1;1;1;kept;
12123014001;historical;1;1;1;1;1;kept;
12123015001;historical;1;1;1;1;1;kept;
12123016002;historical;1;1;1;1;1;kept;
12123024001;historical;1;1;1;1;1;kept;
12123025001;historical;1;1;1;1;1;kept;
12123029001;historical;1;1;1;1;1;kept;
12123031001;historical;1;1;1;1;1;kept;
12123034001;historical;1;1;1;1;1;kept;
12123038001;historical;1;1;1;1;1;kept;
12123042001;historical;1;1;1;1;1;kept;
12123055001;historical;1;1;1;1;1;kept;
12123056001;historical;1;1;1;1;1;kept;
12123057001;historical;1;1;1;1;1;kept;
12123063001;historical;1;1;1;1;1;kept;
12123064001;historical;1;1;1;1;1;kept;
12123066001;historical;1;1;1;1;1;kept;
12123068001;historical;1;1;1;1;1;kept;
12123069001;historical;1;1;1;1;1;kept;
12123075001;historical;1;1;1;1;1;kept;
12123077001;historical;1;1;1;1;1;kept;
12123079001;historical;1;1;1;1;1;kept;
12123080001;historical;1;1;1;1;1;kept;
12123085001;historical;1;1;1;1;1;kept;
12123086001;historical;1;1;1;1;1;kept;
12123090001;historical;1;1;1;1;1;kept;
12123096001;historical;1;1;1;1;1;kept;
12123102001;historical;1;1;0;1;0;dropped;minimum_inventory
12123109001;historical;1;1;1;1;1;kept;
12123110001;historical;1;1;0;1;0;dropped;minimum_inventory
12123127001;historical;1;1;1;1;1;kept;
12123128001;historical;1;1;1;1;1;kept;
12123131001;historical;1;1;1;1;1;kept;
12123132001;historical;1;1;1;1;1;kept;
12123133001;historical;1;1;1;1;1;kept;
12123147001;historical;1;1;1;1;1;kept;
12123151001;historical;1;1;1;1;1;kept;
12123897001;historical;1;1;1;1;1;kept;
12123898001;historical;1;1;1;1;1;kept;
12125001001;historical;1;1;1;1;1;kept;
12125004001;historical;1;1;1;1;1;kept;
12125005001;historical;1;1;1;1;1;kept;
12125006001;historical;1;1;1;1;1;kept;
12130001001;historical;1;1;1;1;1;kept;
12130004001;historical;1;1;1;1;1;kept;
12130008001;historical;1;1;1;1;1;kept;
12130010001;historical;1;1;1;1;1;kept;
12130011001;historical;1;1;1;1;1;kept;
12130012001;historical;1;1;1;1;1;kept;
12130016001;historical;1;1;1;1;1;kept;
12130026001;historical;1;1;1;1;1;kept;
12130031001;historical;1;1;1;1;1;kept;
12130035001;historical;1;1;1;1;1;kept;
12130038001;new;1;1;1;1;1;kept;
12130041001;historical;1;1;1;1;1;kept;
12130045001;historical;1;1;1;1;1;kept;
12130047001;historical;1;1;1;1;1;kept;
12130048001;historical;1;1;1;1;1;kept;
12130049001;historical;1;1;1;1;1;kept;
12130051001;new;1;1;1;1;1;kept;
12130052001;historical;1;1;1;1;1;kept;
12130071001;historical;1;1;1;1;1;kept;
12130075001;historical;1;1;1;1;1;kept;
12130084001;historical;1;1;1;1;1;kept;
12130085001;historical;1;1;1;1;1;kept;
12130086001;historical;1;1;1;1;1;kept;
12130088001;historical;1;1;1;1;1;kept;
12130089001;historical;1;1;1;1;1;kept;
12130111001;historical;1;1;1;1;1;kept;
12130112001;historical;1;1;1;1;1;kept;
12150004001;historical;1;1;0;1;0;dropped;minimum_inventory
12150005001;historical;1;1;1;1;1;kept;
12150007001;historical;1;1;1;1;1;kept;
12150009001;historical;1;1;1;1;1;kept;
12150016001;historical;1;1;1;1;1;kept;
12150039001;historical;1;1;1;1;1;kept;
12151006001;historical;1;1;1;1;1;kept;
12151015001;historical;1;1;1;1;1;kept;
12151088001;historical;1;1;1;1;1;kept;
12151089001;historical;1;1;1;1;1;kept;
12151092001;historical;1;1;1;1;1;kept;
12151093001;historical;1;1;0;1;0;dropped;minimum_inventory
12151094001;historical;1;1;1;1;1;kept;
12151096001;historical;1;1;1;1;1;kept;
12151110001;historical;1;1;1;1;1;kept;
12152004001;historical;1;1;1;1;1;kept;
12152005001;historical;1;1;0;1;0;dropped;minimum_inventory
12152062001;historical;1;1;1;1;1;kept;
12201064001;historical;1;1;1;1;1;kept;
12201067001;historical;1;1;1;1;1;kept;
12201077001;new;1;1;1;1;1;kept;
12201080001;historical;1;1;1;1;1;kept;
12201084001;historical;1;1;1;1;1;kept;
12201099001;historical;1;1;1;1;1;kept;
12201103001;historical;1;1;1;1;1;kept;
12201104001;historical;1;1;1;1;1;kept;
12201110001;historical;1;1;1;1;1;kept;
12201111001;historical;1;1;1;1;1;kept;
12201112001;historical;1;1;1;1;1;kept;
12201129001;historical;1;1;1;1;1;kept;
12211017001;historical;1;1;1;1;1;kept;
12212003001;historical;1;1;1;1;1;kept;
12212005001;historical;1;1;1;1;1;kept;
12212006001;historical;1;1;1;1;1;kept;
12212010001;historical;1;1;1;1;1;kept;
12212011001;historical;1;1;1;1;1;kept;
12212017001;historical;1;1;1;1;1;kept;
12212020001;historical;1;1;1;1;1;kept;
12212030001;historical;1;1;1;1;1;kept;
12212033001;historical;1;1;1;1;1;kept;
12212035001;historical;1;1;1;1;1;kept;
12212036001;historical;1;1;1;1;1;kept;
12212037001;historical;1;1;1;1;1;kept;
12212040001;historical;1;1;1;1;1;kept;
12212056001;historical;1;1;1;1;1;kept;
12212057001;historical;1;1;1;1;1;kept;
12212058001;historical;1;1;1;1;1;kept;
12212059001;historical;1;1;1;1;1;kept;
12212061001;historical;1;1;1;1;1;kept;
12212062001;historical;1;1;1;1;1;kept;
12212069001;historical;1;1;1;1;1;kept;
12230008001;historical;1;1;1;1;1;kept;
12230999001;new;1;1;1;1;1;kept;
12231005001;historical;1;1;1;1;1;kept;
12232010001;new;1;1;1;1;1;kept;
12232017001;new;1;1;1;1;1;kept;
12232999001;historical;1;1;1;1;1;kept;
12233011001;historical;1;1;1;1;1;kept;
12233023001;historical;1;1;1;1;1;kept;
12233028001;new;1;1;1;1;1;kept;
12233034001;historical;1;1;1;1;1;kept;
12233035001;historical;1;1;1;1;1;kept;
12234005001;historical;1;1;1;1;1;kept;
12234029001;historical;1;1;1;1;1;kept;
12234038001;historical;1;1;1;1;1;kept;
12234901001;historical;1;1;1;1;1;kept;
12234915001;historical;1;1;1;1;1;kept;
12234916001;new;1;1;1;1;1;kept;
12234920001;historical;1;1;1;1;1;kept;
12234921001;historical;1;1;1;1;1;kept;
12234934001;new;1;1;1;1;1;kept;
12301001001;historical;1;1;1;1;1;kept;
12301004001;historical;1;1;1;1;1;kept;
12301010001;historical;1;1;1;1;1;kept;
12301011001;historical;1;1;1;1;1;kept;
12301023001;historical;1;1;1;1;1;kept;
12301027001;historical;1;1;1;1;1;kept;
12302044001;historical;1;1;1;1;1;kept;
12302047001;historical;1;1;1;1;1;kept;
12320030001;historical;1;1;1;1;1;kept;
12321040001;historical;1;1;1;1;1;kept;
12322054001;historical;1;1;0;1;0;dropped;minimum_inventory
12323010001;historical;1;1;1;1;1;kept;
12323109001;historical;1;1;0;1;0;dropped;minimum_inventory
12324139001;historical;1;1;1;1;1;kept;
12325047001;historical;1;1;1;1;1;kept;
12326002001;historical;1;1;1;1;1;kept;
12326005001;historical;1;1;1;1;1;kept;
12326090001;historical;1;1;1;1;1;kept;
12326152001;historical;1;1;1;1;1;kept;
12326167001;historical;1;1;1;1;1;kept;
12327002001;historical;1;1;1;1;1;kept;
12327007001;historical;1;1;1;1;1;kept;
12327009001;historical;1;1;1;1;1;kept;
12327014001;historical;1;1;1;1;1;kept;
12327015001;historical;1;1;1;1;1;kept;
12327022001;historical;1;1;1;1;1;kept;
12327023001;historical;1;1;1;1;1;kept;
12327025001;historical;1;1;1;1;1;kept;
12327027001;historical;1;1;1;1;1;kept;
12327028001;historical;1;1;1;1;1;kept;
12327040001;historical;1;1;1;1;1;kept;
12327048001;historical;1;1;1;1;1;kept;
12327050001;historical;1;1;1;1;1;kept;
12327052001;historical;1;1;1;1;1;kept;
12327054001;historical;1;1;0;1;0;dropped;minimum_inventory
12327056001;historical;1;1;1;1;1;kept;
12327057001;historical;1;1;1;1;1;kept;
12327058001;historical;1;1;1;1;1;kept;
12327059001;historical;1;1;1;1;1;kept;
12327062001;historical;1;1;1;1;1;kept;
12327063001;historical;1;1;1;1;1;kept;
12327064001;historical;1;1;1;1;1;kept;
12327077001;historical;1;1;1;1;1;kept;
12327086001;new;1;1;1;1;1;kept;
12327088001;historical;1;1;1;1;1;kept;
12343304001;historical;1;1;1;1;1;kept;
12344036001;historical;1;1;1;1;1;kept;
12344037001;historical;1;1;1;1;1;kept;
14000002001;historical;1;1;1;1;1;kept;
14000003001;historical;1;1;1;1;1;kept;
14000006001;historical;1;1;1;1;1;kept;
14000008001;historical;1;1;1;1;1;kept;
14000010001;historical;1;1;1;1;1;kept;
14000011001;historical;1;1;1;1;1;kept;
14000014001;historical;1;1;1;1;1;kept;
14000015001;historical;1;1;1;1;1;kept;
14000018001;historical;1;1;1;1;1;kept;
14000020001;historical;1;1;1;1;1;kept;
14000021001;historical;1;1;1;1;1;kept;
14000022001;historical;1;1;1;1;1;kept;
14000023001;historical;1;1;1;1;1;kept;
14000025001;new;1;1;1;1;1;kept;
14000027001;historical;1;1;1;1;1;kept;
14000032001;historical;1;1;1;1;1;kept;
14000033001;historical;1;1;1;1;1;kept;
14000036001;historical;1;1;1;1;1;kept;
14000039001;historical;1;1;1;1;1;kept;
14000040001;historical;1;1;1;1;1;kept;
14000041001;historical;1;1;1;1;1;kept;
14000042001;historical;1;1;1;1;1;kept;
14000043001;historical;1;1;1;1;1;kept;
14000050001;historical;1;1;1;1;1;kept;
14000055001;historical;1;1;1;1;1;kept;
14000057001;historical;1;1;1;1;1;kept;
14000060001;historical;1;1;1;1;1;kept;
14000061001;historical;1;1;1;1;1;kept;
14000066001;historical;1;1;1;1;1;kept;
14000067001;historical;1;1;1;1;1;kept;
14000071001;historical;1;1;1;1;1;kept;
14000073001;historical;1;1;1;1;1;kept;
14000075001;historical;1;1;1;1;1;kept;
14000098001;historical;1;1;1;1;1;kept;
14000099001;historical;1;1;1;1;1;kept;
14000102001;historical;1;1;1;1;1;kept;
14000106001;historical;1;1;1;1;1;kept;
14000123001;historical;1;1;1;1;1;kept;
14000131001;historical;1;1;1;1;1;kept;
14000196001;historical;1;1;1;1;1;kept;
14000197001;historical;1;1;1;1;1;kept;
14000219001;historical;1;1;1;1;1;kept;
14000220001;historical;1;1;1;1;1;kept;
14000322001;historical;1;1;0;1;0;dropped;minimum_inventory
14001001001;historical;1;1;1;1;1;kept;
14001002001;historical;1;1;1;1;1;kept;
14001003001;historical;1;1;1;1;1;kept;
14001007001;historical;1;1;1;1;1;kept;
14001008001;historical;1;1;1;1;1;kept;
14001009001;historical;1;1;1;1;1;kept;
14001010001;historical;1;1;1;1;1;kept;
14001012001;historical;1;1;1;1;1;kept;
14001014001;historical;1;1;1;1;1;kept;
14001017001;historical;1;1;1;1;1;kept;
14001018001;historical;1;1;1;1;1;kept;
14001019001;historical;1;1;1;1;1;kept;
14001029001;historical;1;1;1;1;1;kept;
14001030001;historical;1;1;1;1;1;kept;
14001031001;historical;1;1;1;1;1;kept;
14001033001;historical;1;1;1;1;1;kept;
14001034001;historical;1;1;1;1;1;kept;
14001036001;historical;1;1;1;1;1;kept;
14001044001;historical;1;1;1;1;1;kept;
14001045001;historical;1;1;1;1;1;kept;
14001047001;historical;1;1;1;1;1;kept;
14001050001;historical;1;1;1;1;1;kept;
14001052001;historical;1;1;1;1;1;kept;
14001053001;historical;1;1;1;1;1;kept;
14001058001;historical;1;1;1;1;1;kept;
14001060001;historical;1;1;1;1;1;kept;
14001066001;historical;1;1;1;1;1;kept;
14001070001;historical;1;1;1;1;1;kept;
14001074001;historical;1;1;1;1;1;kept;
14001075001;historical;1;1;1;1;1;kept;
14001080001;historical;1;1;1;1;1;kept;
14001084001;historical;1;1;1;1;1;kept;
14001085001;historical;1;1;1;1;1;kept;
14001086001;historical;1;1;1;1;1;kept;
14001089001;historical;1;1;1;1;1;kept;
14001090001;historical;1;1;1;1;1;kept;
14001092001;historical;1;1;1;1;1;kept;
14001093001;historical;1;1;1;1;1;kept;
14001096001;historical;1;1;1;1;1;kept;
14001097001;historical;1;1;1;1;1;kept;
14001104001;historical;1;1;1;1;1;kept;
14001128001;historical;1;1;0;1;0;dropped;minimum_inventory
14001136001;historical;1;1;1;1;1;kept;
14001138001;historical;1;1;1;1;1;kept;
14001143001;new;1;1;1;1;1;kept;
14001149001;historical;1;1;1;1;1;kept;
14001150001;historical;1;1;1;1;1;kept;
14001635001;historical;1;1;1;1;1;kept;
14002002001;historical;1;1;1;1;1;kept;
14002003001;historical;1;1;1;1;1;kept;
14002008001;historical;1;1;1;1;1;kept;
14002013001;historical;1;1;1;1;1;kept;
14002021001;historical;1;1;1;1;1;kept;
14002022001;historical;1;1;1;1;1;kept;
14002024001;historical;1;1;1;1;1;kept;
14002026001;historical;1;1;1;1;1;kept;
14002027001;historical;1;1;1;1;1;kept;
14002032001;new;1;1;1;1;1;kept;
14002040001;historical;1;1;1;1;1;kept;
14002046001;historical;1;1;1;1;1;kept;
14002052001;new;1;1;1;1;1;kept;
14003005001;historical;1;1;1;1;1;kept;
14003009001;historical;1;1;1;1;1;kept;
14003011001;historical;1;1;1;1;1;kept;
14003013001;historical;1;1;1;1;1;kept;
14003019001;historical;1;1;1;1;1;kept;
14003029001;historical;1;1;1;1;1;kept;
14003037001;historical;1;1;1;1;1;kept;
14003041001;historical;1;1;1;1;1;kept;
14010002001;historical;1;1;1;1;1;kept;
14010006001;historical;1;1;1;1;1;kept;
14010011001;historical;1;1;1;1;1;kept;
14010012001;historical;1;1;1;1;1;kept;
14010019001;historical;1;1;1;1;1;kept;
14010023001;historical;1;1;1;1;1;kept;
14010025001;historical;1;1;1;1;1;kept;
14010027001;historical;1;1;1;1;1;kept;
14010029001;historical;1;1;1;1;1;kept;
14010030001;historical;1;1;1;1;1;kept;
14010031001;historical;1;1;1;1;1;kept;
14010034001;historical;1;1;1;1;1;kept;
14010036001;historical;1;1;1;1;1;kept;
14010038001;historical;1;1;1;1;1;kept;
14010040001;historical;1;1;1;1;1;kept;
14010041001;historical;1;1;1;1;1;kept;
14010047001;historical;1;1;1;1;1;kept;
14010048001;historical;1;1;1;1;1;kept;
14010049001;historical;1;1;1;1;1;kept;
14010050001;historical;1;1;1;1;1;kept;
14010060001;historical;1;1;1;1;1;kept;
14010062001;historical;1;1;1;1;1;kept;
14010064001;historical;1;1;1;1;1;kept;
14010071001;historical;1;1;1;1;1;kept;
14010072001;historical;1;1;1;1;1;kept;
14010078001;historical;1;1;1;1;1;kept;
14010079001;historical;1;1;1;1;1;kept;
14010084001;historical;1;1;1;1;1;kept;
14010088001;historical;1;1;1;1;1;kept;
14010094001;historical;1;1;1;1;1;kept;
14010097001;historical;1;1;1;1;1;kept;
14010140001;historical;1;1;1;1;1;kept;
14010142001;historical;1;1;1;1;1;kept;
14010145001;historical;1;1;1;1;1;kept;
14010149001;historical;1;1;1;1;1;kept;
14010151001;historical;1;1;1;1;1;kept;
14010170001;historical;1;1;1;1;1;kept;
14010173001;historical;1;1;1;1;1;kept;
14010178001;historical;1;1;1;1;1;kept;
14010187001;historical;1;1;1;1;1;kept;
14010194001;historical;1;1;1;1;1;kept;
14010210001;historical;1;1;1;1;1;kept;
14010219001;historical;1;1;1;1;1;kept;
14010247001;historical;1;1;1;1;1;kept;
14010283001;historical;1;1;1;1;1;kept;
14010284001;historical;1;1;1;1;1;kept;
14010285001;historical;1;1;1;1;1;kept;
14010897001;historical;1;1;1;1;1;kept;
14010898001;historical;1;1;1;1;1;kept;
14010899001;new;1;1;1;1;1;kept;
14011003001;historical;1;1;1;1;1;kept;
14011004001;historical;1;1;1;1;1;kept;
14011005001;historical;1;1;1;1;1;kept;
14011006001;historical;1;1;1;1;1;kept;
14011009001;historical;1;1;1;1;1;kept;
14011010001;historical;1;1;1;1;1;kept;
14011014001;historical;1;1;1;1;1;kept;
14011015001;historical;1;1;1;1;1;kept;
14011018001;historical;1;1;1;1;1;kept;
14011022001;historical;1;1;1;1;1;kept;
14011024001;historical;1;1;1;1;1;kept;
14011027001;historical;1;1;1;1;1;kept;
14011028001;historical;1;1;1;1;1;kept;
14011029001;historical;1;1;1;1;1;kept;
14011030001;historical;1;1;1;1;1;kept;
14011031001;historical;1;1;1;1;1;kept;
14011032001;historical;1;1;1;1;1;kept;
14011034001;historical;1;1;1;1;1;kept;
14011042001;historical;1;1;1;1;1;kept;
14011044001;historical;1;1;1;1;1;kept;
14011045001;historical;1;1;1;1;1;kept;
14011051001;historical;1;1;1;1;1;kept;
14011052001;historical;1;1;1;1;1;kept;
14011053001;historical;1;1;1;1;1;kept;
14011059001;historical;1;1;1;1;1;kept;
14011063001;historical;1;1;1;1;1;kept;
14011065001;historical;1;1;1;1;1;kept;
14011095001;historical;1;1;1;1;1;kept;
14011929001;historical;1;1;1;1;1;kept;
14012019001;historical;1;1;1;1;1;kept;
14013001001;historical;1;1;1;1;1;kept;
14013002001;historical;1;1;1;1;1;kept;
14013004001;historical;1;1;1;1;1;kept;
14013006001;historical;1;1;1;1;1;kept;
14013007001;historical;1;1;1;1;1;kept;
14013014001;historical;1;1;1;1;1;kept;
14013015001;new;1;1;1;1;1;kept;
14013022001;historical;1;1;0;1;0;dropped;minimum_inventory
14013964001;historical;1;1;1;1;1;kept;
14014005001;historical;1;1;1;1;1;kept;
14014006001;historical;1;1;1;1;1;kept;
14014011001;historical;1;1;1;1;1;kept;
14014013001;historical;1;1;1;1;1;kept;
14014014001;historical;1;1;1;1;1;kept;
14014015001;historical;1;1;1;1;1;kept;
14014018001;historical;1;1;1;1;1;kept;
14014026001;historical;1;1;1;1;1;kept;
14014031001;historical;1;1;1;1;1;kept;
14020006001;historical;1;1;1;1;1;kept;
14020008001;historical;1;1;1;1;1;kept;
14020013001;historical;1;1;1;1;1;kept;
14020015001;historical;1;1;1;1;1;kept;
14020030001;historical;1;1;1;1;1;kept;
14020053001;historical;1;1;1;1;1;kept;
14020926001;historical;1;1;1;1;1;kept;
14020949001;historical;1;1;1;1;1;kept;
14020951001;historical;1;1;1;1;1;kept;
14020956001;historical;1;1;1;1;1;kept;
14020976001;historical;1;1;1;1;1;kept;
14020977001;historical;1;1;1;1;1;kept;
14021005001;historical;1;1;1;1;1;kept;
14021006001;historical;1;1;1;1;1;kept;
14021010001;historical;1;1;1;1;1;kept;
14021015001;historical;1;1;1;1;1;kept;
14021017001;historical;1;1;1;1;1;kept;
14021036001;historical;1;1;1;1;1;kept;
14021055001;historical;1;1;1;1;1;kept;
14021068001;historical;1;1;1;1;1;kept;
14021109001;historical;1;1;1;1;1;kept;
14022001001;historical;1;1;1;1;1;kept;
14022002001;historical;1;1;1;1;1;kept;
14022003001;historical;1;1;1;1;1;kept;
14022012001;historical;1;1;1;1;1;kept;
14022019001;historical;1;1;1;1;1;kept;
14022020001;historical;1;1;1;1;1;kept;
14022027001;historical;1;1;1;1;1;kept;
14022029001;historical;1;1;1;1;1;kept;
14022032001;historical;1;1;1;1;1;kept;
14022033001;historical;1;1;1;1;1;kept;
14022041001;historical;1;1;1;1;1;kept;
14022059001;historical;1;1;1;1;1;kept;
14022086001;historical;1;1;1;1;1;kept;
14022118001;historical;1;1;1;1;1;kept;
14023003001;historical;1;1;1;1;1;kept;
14023012001;historical;1;1;1;1;1;kept;
14023017001;historical;1;1;1;1;1;kept;
14023019001;historical;1;1;1;1;1;kept;
14023027001;historical;1;1;1;1;1;kept;
14023028001;historical;1;1;1;1;1;kept;
14023029001;historical;1;1;1;1;1;kept;
14023034001;historical;1;1;1;1;1;kept;
14023044001;historical;1;1;1;1;1;kept;
14023050001;historical;1;1;1;1;1;kept;
14023056001;historical;1;1;1;1;1;kept;
14023083001;historical;1;1;1;1;1;kept;
14023115001;historical;1;1;1;1;1;kept;
14023126001;historical;1;1;1;1;1;kept;
14023127001;historical;1;1;1;1;1;kept;
14023129001;historical;1;1;1;1;1;kept;
14023132001;historical;1;1;1;1;1;kept;
14023140001;historical;1;1;1;1;1;kept;
14023194001;historical;1;1;1;1;1;kept;
14023210001;historical;1;1;1;1;1;kept;
14023212001;historical;1;1;1;1;1;kept;
14023257001;historical;1;1;1;1;1;kept;
14023307001;historical;1;1;0;1;0;dropped;minimum_inventory
14023310001;historical;1;1;1;1;1;kept;
14023503001;historical;1;1;0;1;0;dropped;minimum_inventory
14100001001;historical;1;1;1;1;1;kept;
14100003001;historical;1;1;1;1;1;kept;
14100005001;historical;1;1;1;1;1;kept;
14100007001;historical;1;1;1;1;1;kept;
14100009001;historical;1;1;1;1;1;kept;
14100012001;historical;1;1;1;1;1;kept;
14100020001;historical;1;1;1;1;1;kept;
14100027001;historical;1;1;1;1;1;kept;
14100031001;historical;1;1;1;1;1;kept;
14101002001;historical;1;1;1;1;1;kept;
14101004001;historical;1;1;1;1;1;kept;
14101007001;historical;1;1;1;1;1;kept;
14101016001;historical;1;1;1;1;1;kept;
14101017001;historical;1;1;1;1;1;kept;
14101021001;historical;1;1;1;1;1;kept;
14101024001;historical;1;1;1;1;1;kept;
14101074001;historical;1;1;1;1;1;kept;
14102007001;historical;1;1;1;1;1;kept;
14102008001;historical;1;1;1;1;1;kept;
14102025001;historical;1;1;1;1;1;kept;
14102026001;historical;1;1;1;1;1;kept;
14102040001;historical;1;1;1;1;1;kept;
14102067001;historical;1;1;1;1;1;kept;
14102087001;historical;1;1;1;1;1;kept;
14102115001;historical;1;1;1;1;1;kept;
14102223001;historical;1;1;1;1;1;kept;
14102238001;historical;1;1;1;1;1;kept;
14102246001;historical;1;1;1;1;1;kept;
14102249001;historical;1;1;1;1;1;kept;
14102250001;historical;1;1;1;1;1;kept;
14102258001;historical;1;1;1;1;1;kept;
14103009001;historical;1;1;1;1;1;kept;
14103018001;historical;1;1;1;1;1;kept;
14103030001;historical;1;1;1;1;1;kept;
14103057001;historical;1;1;1;1;1;kept;
14103058001;historical;1;1;1;1;1;kept;
14103084001;historical;1;1;1;1;1;kept;
14103106001;historical;1;1;1;1;1;kept;
14104002001;historical;1;1;1;1;1;kept;
14104012001;historical;1;1;1;1;1;kept;
14104016001;historical;1;1;1;1;1;kept;
14104017001;historical;1;1;1;1;1;kept;
14104028001;historical;1;1;1;1;1;kept;
14104030001;historical;1;1;1;1;1;kept;
14104042001;historical;1;1;1;1;1;kept;
14104067001;historical;1;1;1;1;1;kept;
14104088002;historical;1;1;1;1;1;kept;
14104090001;historical;1;1;1;1;1;kept;
14104098001;historical;1;1;1;1;1;kept;
14104101001;historical;1;1;1;1;1;kept;
14104108001;historical;1;1;1;1;1;kept;
14104113001;historical;1;1;1;1;1;kept;
14104114001;historical;1;1;1;1;1;kept;
14104117001;historical;1;1;1;1;1;kept;
14104118001;historical;1;1;1;1;1;kept;
14104129001;historical;1;1;1;1;1;kept;
14104139001;historical;1;1;1;1;1;kept;
14104146001;historical;1;1;1;1;1;kept;
14104148001;historical;1;1;1;1;1;kept;
14104150001;historical;1;1;1;1;1;kept;
14104151001;historical;1;1;1;1;1;kept;
14104162001;historical;1;1;1;1;1;kept;
14104169001;historical;1;1;1;1;1;kept;
14104193001;historical;1;1;1;1;1;kept;
14104200001;historical;1;1;1;1;1;kept;
14105008001;historical;1;1;1;1;1;kept;
14105026001;historical;1;1;1;1;1;kept;
14105129001;historical;1;1;1;1;1;kept;
14105130001;historical;1;1;1;1;1;kept;
14110002001;historical;1;1;1;1;1;kept;
14110003001;historical;1;1;1;1;1;kept;
14110006001;historical;1;1;1;1;1;kept;
14110010001;historical;1;1;1;1;1;kept;
14110011001;historical;1;1;1;1;1;kept;
14110015001;historical;1;1;1;1;1;kept;
14110019001;historical;1;1;1;1;1;kept;
14110028001;historical;1;1;1;1;1;kept;
14110029001;historical;1;1;1;1;1;kept;
14110054001;historical;1;1;1;1;1;kept;
14110056001;historical;1;1;1;1;1;kept;
14110078001;historical;1;1;1;1;1;kept;
14110081001;historical;1;1;1;1;1;kept;
14110084001;historical;1;1;1;1;1;kept;
14110086001;historical;1;1;1;1;1;kept;
14110106001;historical;1;1;1;1;1;kept;
14110145001;historical;1;1;1;1;1;kept;
14110154001;historical;1;1;1;1;1;kept;
14110163001;historical;1;1;1;1;1;kept;
14110270001;historical;1;1;0;1;0;dropped;minimum_inventory
14111001001;historical;1;1;1;1;1;kept;
14111002001;historical;1;1;1;1;1;kept;
14111004001;historical;1;1;1;1;1;kept;
14111005001;historical;1;1;1;1;1;kept;
14111006001;historical;1;1;1;1;1;kept;
14111007001;new;1;1;1;1;1;kept;
14111008001;historical;1;1;1;1;1;kept;
14111010001;historical;1;1;1;1;1;kept;
14111011001;historical;1;1;1;1;1;kept;
14111012001;historical;1;1;1;1;1;kept;
14111015001;historical;1;1;1;1;1;kept;
14111017001;historical;1;1;1;1;1;kept;
14111018001;historical;1;1;1;1;1;kept;
14111020001;historical;1;1;1;1;1;kept;
14111023001;historical;1;1;1;1;1;kept;
14111024001;historical;1;1;1;1;1;kept;
14111029001;historical;1;1;1;1;1;kept;
14111034001;historical;1;1;1;1;1;kept;
14111035001;new;1;1;1;1;1;kept;
14111036001;historical;1;1;1;1;1;kept;
14111037001;historical;1;1;1;1;1;kept;
14111038001;historical;1;1;1;1;1;kept;
14111040001;historical;1;1;1;1;1;kept;
14111041001;historical;1;1;1;1;1;kept;
14111050001;historical;1;1;1;1;1;kept;
14111055001;historical;1;1;1;1;1;kept;
14111090001;historical;1;1;1;1;1;kept;
14111098001;historical;1;1;1;1;1;kept;
14111102001;historical;1;1;1;1;1;kept;
14111107001;historical;1;1;1;1;1;kept;
14111118001;historical;1;1;1;1;1;kept;
14111119001;historical;1;1;1;1;1;kept;
14111120001;historical;1;1;1;1;1;kept;
14111132001;historical;1;1;1;1;1;kept;
14111134001;historical;1;1;1;1;1;kept;
14111230001;historical;1;1;0;1;0;dropped;minimum_inventory
14112007001;historical;1;1;1;1;1;kept;
14112009001;historical;1;1;1;1;1;kept;
14112013001;historical;1;1;1;1;1;kept;
14112014001;historical;1;1;1;1;1;kept;
14112016001;historical;1;1;1;1;1;kept;
14112021001;historical;1;1;1;1;1;kept;
14112038001;historical;1;1;1;1;1;kept;
14112040001;historical;1;1;1;1;1;kept;
14112054001;historical;1;1;1;1;1;kept;
14113013001;historical;1;1;1;1;1;kept;
14113066001;historical;1;1;1;1;1;kept;
14120002001;historical;1;1;1;1;1;kept;
14120017001;historical;1;1;1;1;1;kept;
14120019001;historical;1;1;1;1;1;kept;
14120020001;historical;1;1;1;1;1;kept;
14120024001;historical;1;1;1;1;1;kept;
14121006001;historical;1;1;1;1;1;kept;
14121014001;historical;1;1;1;1;1;kept;
14121017001;historical;1;1;1;1;1;kept;
14121019001;historical;1;1;1;1;1;kept;
14121057001;historical;1;1;1;1;1;kept;
14121059001;historical;1;1;1;1;1;kept;
14121061001;historical;1;1;1;1;1;kept;
14121062001;historical;1;1;1;1;1;kept;
14121063001;historical;1;1;1;1;1;kept;
14121064001;historical;1;1;1;1;1;kept;
14121074001;historical;1;1;1;1;1;kept;
14121075001;historical;1;1;1;1;1;kept;
14121104001;historical;1;1;1;1;1;kept;
14121112001;historical;1;1;1;1;1;kept;
14121131001;historical;1;1;1;1;1;kept;
14121136001;historical;1;1;1;1;1;kept;
14121143001;historical;1;1;1;1;1;kept;
14121164001;historical;1;1;1;1;1;kept;
14130001001;historical;1;1;1;1;1;kept;
14130007001;historical;1;1;1;1;1;kept;
14130009001;historical;1;1;1;1;1;kept;
14130013001;historical;1;1;1;1;1;kept;
14130015001;historical;1;1;1;1;1;kept;
14130016001;historical;1;1;1;1;1;kept;
14130017001;historical;1;1;1;1;1;kept;
14130042001;historical;1;1;1;1;1;kept;
14130054001;historical;1;1;0;1;0;dropped;minimum_inventory
14131008001;historical;1;1;1;1;1;kept;
14131011001;historical;1;1;1;1;1;kept;
14131020001;historical;1;1;1;1;1;kept;
14131022001;historical;1;1;1;1;1;kept;
14131026001;historical;1;1;1;1;1;kept;
14131027001;historical;1;1;1;1;1;kept;
14131033001;historical;1;1;1;1;1;kept;
14131040001;historical;1;1;1;1;1;kept;
14131041001;historical;1;1;1;1;1;kept;
14131043001;historical;1;1;1;1;1;kept;
14131044001;historical;1;1;1;1;1;kept;
14131047001;historical;1;1;1;1;1;kept;
14131056001;historical;1;1;1;1;1;kept;
14131074001;historical;1;1;1;1;1;kept;
14131075001;historical;1;1;1;1;1;kept;
14131092001;historical;1;1;1;1;1;kept;
14131105001;historical;1;1;1;1;1;kept;
14131121001;historical;1;1;0;1;0;dropped;minimum_inventory
14132003001;historical;1;1;1;1;1;kept;
14132015001;historical;1;1;1;1;1;kept;
14132031001;historical;1;1;1;1;1;kept;
14132038001;historical;1;1;1;1;1;kept;
14132071001;historical;1;1;1;1;1;kept;
14132074001;historical;1;1;1;1;1;kept;
14132075001;historical;1;1;1;1;1;kept;
14132116001;historical;1;1;1;1;1;kept;
14132130001;historical;1;1;1;1;1;kept;
14132131001;historical;1;1;1;1;1;kept;
14132149001;historical;1;1;1;1;1;kept;
14132153001;historical;1;1;1;1;1;kept;
14133003001;historical;1;1;1;1;1;kept;
14133007001;historical;1;1;1;1;1;kept;
14133013001;historical;1;1;0;1;0;dropped;minimum_inventory
14133027001;historical;1;1;1;1;1;kept;
14133028001;historical;1;1;1;1;1;kept;
14133029001;historical;1;1;1;1;1;kept;
14133030001;historical;1;1;1;1;1;kept;
14133899001;historical;1;1;0;1;0;dropped;minimum_inventory
14133914001;historical;1;1;1;1;1;kept;
14133918001;historical;1;1;1;1;1;kept;
14200006001;historical;1;1;1;1;1;kept;
14200011001;historical;1;1;1;1;1;kept;
14200012001;historical;1;1;1;1;1;kept;
14200015001;historical;1;1;1;1;1;kept;
14200018001;historical;1;1;1;1;1;kept;
14200019001;historical;1;1;1;1;1;kept;
14200033001;historical;1;1;1;1;1;kept;
14200046001;historical;1;1;1;1;1;kept;
14200047001;historical;1;1;1;1;1;kept;
14200049001;historical;1;1;1;1;1;kept;
14200059001;historical;1;1;1;1;1;kept;
14200060001;historical;1;1;1;1;1;kept;
14200061001;historical;1;1;1;1;1;kept;
14200069001;historical;1;1;1;1;1;kept;
14200070001;historical;1;1;1;1;1;kept;
14200086001;historical;1;1;1;1;1;kept;
14200087001;historical;1;1;1;1;1;kept;
14200088001;historical;1;1;1;1;1;kept;
14200089001;historical;1;1;1;1;1;kept;
14200090001;historical;1;1;1;1;1;kept;
14200091001;historical;1;1;1;1;1;kept;
14200092001;historical;1;1;1;1;1;kept;
14200093001;historical;1;1;1;1;1;kept;
14200096001;historical;1;1;1;1;1;kept;
14200119001;historical;1;1;1;1;1;kept;
14201002001;historical;1;1;1;1;1;kept;
14201003001;historical;1;1;1;1;1;kept;
14201013001;historical;1;1;1;1;1;kept;
14201019001;historical;1;1;1;1;1;kept;
14201020001;historical;1;1;1;1;1;kept;
14201021001;historical;1;1;1;1;1;kept;
14201022001;historical;1;1;1;1;1;kept;
14201049001;historical;1;1;1;1;1;kept;
14202001001;historical;1;1;1;1;1;kept;
14202009001;historical;1;1;1;1;1;kept;
14202011001;historical;1;1;1;1;1;kept;
14202013001;historical;1;1;1;1;1;kept;
14202017001;historical;1;1;1;1;1;kept;
14202018001;historical;1;1;1;1;1;kept;
14202023001;historical;1;1;1;1;1;kept;
14203001001;historical;1;1;1;1;1;kept;
14203002001;historical;1;1;1;1;1;kept;
14203003001;historical;1;1;1;1;1;kept;
14203004001;historical;1;1;1;1;1;kept;
14203016001;historical;1;1;1;1;1;kept;
14203017001;historical;1;1;1;1;1;kept;
14203027001;historical;1;1;1;1;1;kept;
14203032001;historical;1;1;1;1;1;kept;
14203048001;historical;1;1;1;1;1;kept;
14203053001;historical;1;1;0;1;0;dropped;minimum_inventory
14203055001;historical;1;1;1;1;1;kept;
14203058001;historical;1;1;1;1;1;kept;
14203061001;historical;1;1;1;1;1;kept;
14203062001;historical;1;1;1;1;1;kept;
14203064001;historical;1;1;1;1;1;kept;
14203065001;historical;1;1;1;1;1;kept;
14203078001;historical;1;1;1;1;1;kept;
14203080001;historical;1;1;1;1;1;kept;
14203083001;historical;1;1;1;1;1;kept;
14203089001;historical;1;1;1;1;1;kept;
14204010001;historical;1;1;1;1;1;kept;
14204022001;historical;1;1;1;1;1;kept;
14204025001;historical;1;1;1;1;1;kept;
14204041001;historical;1;1;1;1;1;kept;
14204044001;historical;1;1;1;1;1;kept;
14204051001;historical;1;1;1;1;1;kept;
14204052001;historical;1;1;1;1;1;kept;
14204053001;historical;1;1;1;1;1;kept;
14204054001;historical;1;1;1;1;1;kept;
14204055001;historical;1;1;1;1;1;kept;
14204061001;historical;1;1;1;1;1;kept;
14204062001;historical;1;1;1;1;1;kept;
14204065001;historical;1;1;1;1;1;kept;
14204066001;historical;1;1;1;1;1;kept;
14204067001;new;1;1;0;1;0;dropped;minimum_inventory
14204070001;historical;1;1;1;1;1;kept;
14204071001;historical;1;1;1;1;1;kept;
14204073001;historical;1;1;1;1;1;kept;
14204077001;historical;1;1;1;1;1;kept;
14204078001;historical;1;1;1;1;1;kept;
14204083001;historical;1;1;1;1;1;kept;
14204086001;historical;1;1;1;1;1;kept;
14204107001;historical;1;1;1;1;1;kept;
14204118001;historical;1;1;1;1;1;kept;
14204125001;historical;1;1;1;1;1;kept;
14204126001;historical;1;1;1;1;1;kept;
14204127001;historical;1;1;1;1;1;kept;
14204129001;historical;1;1;1;1;1;kept;
14204131001;historical;1;1;1;1;1;kept;
14204132001;historical;1;1;1;1;1;kept;
14204135001;historical;1;1;1;1;1;kept;
14204136001;historical;1;1;1;1;1;kept;
14204148001;historical;1;1;1;1;1;kept;
14204150001;historical;1;1;1;1;1;kept;
14204197001;historical;1;1;0;1;0;dropped;minimum_inventory
14204198001;historical;1;1;0;1;0;dropped;minimum_inventory
14204892001;historical;1;1;1;1;1;kept;
14210009001;historical;1;1;1;1;1;kept;
14210010001;historical;1;1;1;1;1;kept;
14210015001;historical;1;1;1;1;1;kept;
14210019001;historical;1;1;1;1;1;kept;
14210021001;historical;1;1;1;1;1;kept;
14210025001;historical;1;1;1;1;1;kept;
14210026001;historical;1;1;1;1;1;kept;
14210029001;historical;1;1;1;1;1;kept;
14210031001;historical;1;1;1;1;1;kept;
14210034001;historical;1;1;1;1;1;kept;
14210035001;historical;1;1;1;1;1;kept;
14210045001;historical;1;1;1;1;1;kept;
14210046001;historical;1;1;1;1;1;kept;
14210047001;historical;1;1;0;1;0;dropped;minimum_inventory
14210048001;historical;1;1;1;1;1;kept;
14210051001;historical;1;1;1;1;1;kept;
14210056001;historical;1;1;1;1;1;kept;
14210068001;historical;1;1;1;1;1;kept;
14210084001;historical;1;1;1;1;1;kept;
14210108001;historical;1;1;1;1;1;kept;
14210110001;historical;1;1;1;1;1;kept;
14210114001;historical;1;1;1;1;1;kept;
14210127001;historical;1;1;1;1;1;kept;
14211055001;historical;1;1;1;1;1;kept;
14213004001;historical;1;1;1;1;1;kept;
14213008001;historical;1;1;1;1;1;kept;
14213010001;historical;1;1;1;1;1;kept;
14213055001;historical;1;1;1;1;1;kept;
14213092001;historical;1;1;1;1;1;kept;
14220002001;historical;1;1;1;1;1;kept;
14220005001;historical;1;1;1;1;1;kept;
14220085001;historical;1;1;1;1;1;kept;
14220086001;historical;1;1;1;1;1;kept;
14220140001;historical;1;1;1;1;1;kept;
14220141001;historical;1;1;1;1;1;kept;
14220155001;historical;1;1;1;1;1;kept;
14221113001;historical;1;1;1;1;1;kept;
14222001001;historical;1;1;1;1;1;kept;
14222005001;historical;1;1;1;1;1;kept;
14222006001;new;1;1;1;1;1;kept;
14222019001;historical;1;1;1;1;1;kept;
14222025001;historical;1;1;1;1;1;kept;
14222027001;historical;1;1;1;1;1;kept;
14222036001;new;1;1;1;1;1;kept;
14222042001;historical;1;1;1;1;1;kept;
14222043001;historical;1;1;1;1;1;kept;
14222045001;historical;1;1;1;1;1;kept;
14222046001;historical;1;1;1;1;1;kept;
14222048001;historical;1;1;1;1;1;kept;
14222049001;historical;1;1;1;1;1;kept;
14222053001;historical;1;1;1;1;1;kept;
14222068001;historical;1;1;1;1;1;kept;
14222072001;historical;1;1;1;1;1;kept;
14222087001;historical;1;1;1;1;1;kept;
14222095001;historical;1;1;1;1;1;kept;
14222114001;historical;1;1;1;1;1;kept;
14222119001;historical;1;1;1;1;1;kept;
14222120001;new;1;1;1;1;1;kept;
14222121001;new;1;1;1;1;1;kept;
14222122001;historical;1;1;1;1;1;kept;
14222137001;historical;1;1;1;1;1;kept;
14222141001;historical;1;1;1;1;1;kept;
14222142001;historical;1;1;1;1;1;kept;
14222896001;historical;1;1;1;1;1;kept;
14222897001;historical;1;1;1;1;1;kept;
14222898001;historical;1;1;1;1;1;kept;
14222999001;historical;1;1;1;1;1;kept;
14223005001;historical;1;1;1;1;1;kept;
14223008001;historical;1;1;1;1;1;kept;
14223018001;historical;1;1;1;1;1;kept;
14223037001;historical;1;1;1;1;1;kept;
14223039001;historical;1;1;0;1;0;dropped;minimum_inventory
14223045001;historical;1;1;1;1;1;kept;
14223046001;historical;1;1;0;1;0;dropped;minimum_inventory
14223048001;historical;1;1;1;1;1;kept;
14223065001;historical;1;1;1;1;1;kept;
14223080001;historical;1;1;1;1;1;kept;
14223094001;historical;1;1;1;1;1;kept;
14223155001;historical;1;1;1;1;1;kept;
14223171001;historical;1;1;1;1;1;kept;
14223176001;historical;1;1;1;1;1;kept;
14223178001;historical;1;1;1;1;1;kept;
14223179001;historical;1;1;1;1;1;kept;
14223215001;historical;1;1;1;1;1;kept;
14223247001;historical;1;1;1;1;1;kept;
14224002001;historical;1;1;1;1;1;kept;
14224003001;historical;1;1;1;1;1;kept;
14225008001;historical;1;1;1;1;1;kept;
14225014001;historical;1;1;1;1;1;kept;
14225016001;historical;1;1;1;1;1;kept;
14225018001;historical;1;1;1;1;1;kept;
14225023001;historical;1;1;1;1;1;kept;
14225029001;historical;1;1;1;1;1;kept;
14225030001;historical;1;1;1;1;1;kept;
14225035001;historical;1;1;1;1;1;kept;
14225041001;historical;1;1;1;1;1;kept;
14225045001;historical;1;1;1;1;1;kept;
14225052001;historical;1;1;1;1;1;kept;
14225056001;historical;1;1;1;1;1;kept;
14225057001;historical;1;1;1;1;1;kept;
14226003001;historical;1;1;1;1;1;kept;
14226005001;historical;1;1;1;1;1;kept;
14226007001;historical;1;1;1;1;1;kept;
14226009001;historical;1;1;1;1;1;kept;
14226012001;historical;1;1;1;1;1;kept;
14226016001;historical;1;1;1;1;1;kept;
14226019001;historical;1;1;1;1;1;kept;
14226020001;historical;1;1;1;1;1;kept;
14226032001;historical;1;1;1;1;1;kept;
14226035001;historical;1;1;1;1;1;kept;
14226042001;historical;1;1;1;1;1;kept;
14226046001;historical;1;1;1;1;1;kept;
14226051001;historical;1;1;1;1;1;kept;
14226059001;historical;1;1;1;1;1;kept;
14226063001;historical;1;1;1;1;1;kept;
14226067001;historical;1;1;1;1;1;kept;
14226100001;historical;1;1;1;1;1;kept;
14227002001;historical;1;1;1;1;1;kept;
14227005001;historical;1;1;1;1;1;kept;
14230034001;historical;1;1;0;1;0;dropped;minimum_inventory
14230431001;historical;1;1;0;1;0;dropped;minimum_inventory
14231003001;historical;1;1;1;1;1;kept;
14232107001;historical;1;1;0;1;0;dropped;minimum_inventory
14240001001;historical;1;1;1;1;1;kept;
14240008001;historical;1;1;1;1;1;kept;
14240014001;historical;1;1;1;1;1;kept;
14240015001;historical;1;1;1;1;1;kept;
14241001001;new;1;1;1;1;1;kept;
14241002001;historical;1;1;1;1;1;kept;
14241004001;historical;1;1;1;1;1;kept;
14241025001;new;1;1;1;1;1;kept;
14241030001;historical;1;1;1;1;1;kept;
14241032001;historical;1;1;1;1;1;kept;
14241033001;historical;1;1;1;1;1;kept;
14241035001;historical;1;1;1;1;1;kept;
14241042001;historical;1;1;1;1;1;kept;
14241043001;historical;1;1;1;1;1;kept;
14241044001;historical;1;1;1;1;1;kept;
14242003001;historical;1;1;1;1;1;kept;
14242007001;historical;1;1;1;1;1;kept;
14242036001;historical;1;1;1;1;1;kept;
14242037001;historical;1;1;1;1;1;kept;
14242039001;historical;1;1;1;1;1;kept;
14242042001;historical;1;1;1;1;1;kept;
14242056001;historical;1;1;1;1;1;kept;
14242072001;historical;1;1;1;1;1;kept;
14242081001;historical;1;1;1;1;1;kept;
14242105001;historical;1;1;1;1;1;kept;
14242126001;historical;1;1;1;1;1;kept;
14242131001;historical;1;1;1;1;1;kept;
14242144001;historical;1;1;1;1;1;kept;
14242145001;historical;1;1;1;1;1;kept;
14242149001;historical;1;1;1;1;1;kept;
14242150001;historical;1;1;1;1;1;kept;
14242151001;historical;1;1;1;1;1;kept;
14242154001;historical;1;1;1;1;1;kept;
14242155001;historical;1;1;1;1;1;kept;
14242164001;historical;1;1;1;1;1;kept;
14242169001;new;1;1;0;1;0;dropped;minimum_inventory
14242210001;historical;1;1;1;1;1;kept;
14243006001;historical;1;1;1;1;1;kept;
14243007001;historical;1;1;1;1;1;kept;
14243009001;historical;1;1;1;1;1;kept;
14243012001;historical;1;1;1;1;1;kept;
14243013001;historical;1;1;1;1;1;kept;
14243016001;historical;1;1;1;1;1;kept;
14243017001;historical;1;1;1;1;1;kept;
14243020001;historical;1;1;1;1;1;kept;
14243021001;historical;1;1;1;1;1;kept;
14243026001;historical;1;1;1;1;1;kept;
14243028001;historical;1;1;1;1;1;kept;
14243031001;historical;1;1;1;1;1;kept;
14243036001;historical;1;1;1;1;1;kept;
14243040001;historical;1;1;1;1;1;kept;
14243042001;historical;1;1;1;1;1;kept;
14243044001;historical;1;1;1;1;1;kept;
14243045001;historical;1;1;1;1;1;kept;
14243046001;historical;1;1;1;1;1;kept;
14243053001;historical;1;1;1;1;1;kept;
14243054001;historical;1;1;1;1;1;kept;
14243055001;historical;1;1;1;1;1;kept;
14243058001;historical;1;1;1;1;1;kept;
14243061001;historical;1;1;1;1;1;kept;
14243076001;historical;1;1;0;1;0;dropped;minimum_inventory
14243081001;historical;1;1;1;1;1;kept;
14243088001;historical;1;1;1;1;1;kept;
14243094001;historical;1;1;1;1;1;kept;
14243106001;historical;1;1;1;1;1;kept;
14243107001;historical;1;1;1;1;1;kept;
14243108001;historical;1;1;1;1;1;kept;
14243110001;historical;1;1;1;1;1;kept;
14243111001;historical;1;1;1;1;1;kept;
14243120001;historical;1;1;1;1;1;kept;
14243129001;historical;1;1;1;1;1;kept;
14243147001;historical;1;1;0;1;0;dropped;minimum_inventory
14243166001;historical;1;1;1;1;1;kept;
14244003001;historical;1;1;1;1;1;kept;
14244005001;historical;1;1;1;1;1;kept;
14244009001;historical;1;1;1;1;1;kept;
14244011001;historical;1;1;1;1;1;kept;
14244012001;historical;1;1;1;1;1;kept;
14244014001;historical;1;1;1;1;1;kept;
14244016001;historical;1;1;1;1;1;kept;
14244017001;historical;1;1;1;1;1;kept;
14244020001;historical;1;1;1;1;1;kept;
14244021001;historical;1;1;1;1;1;kept;
14244022001;historical;1;1;1;1;1;kept;
14244025001;historical;1;1;1;1;1;kept;
14244026001;historical;1;1;1;1;1;kept;
14244027001;historical;1;1;1;1;1;kept;
14244028001;historical;1;1;1;1;1;kept;
14244031001;historical;1;1;1;1;1;kept;
14244034001;historical;1;1;1;1;1;kept;
14244039001;historical;1;1;1;1;1;kept;
14244046001;historical;1;1;1;1;1;kept;
14244049001;historical;1;1;1;1;1;kept;
14244050001;historical;1;1;1;1;1;kept;
14244051001;historical;1;1;1;1;1;kept;
14244052001;historical;1;1;1;1;1;kept;
14244053001;historical;1;1;1;1;1;kept;
14244056001;historical;1;1;1;1;1;kept;
14244059001;historical;1;1;1;1;1;kept;
14244062001;historical;1;1;1;1;1;kept;
14244896001;historical;1;1;1;1;1;kept;
14244898001;historical;1;1;1;1;1;kept;
14244906001;historical;1;1;1;1;1;kept;
14244918001;historical;1;1;1;1;1;kept;
14244919001;historical;1;1;1;1;1;kept;
14244930001;historical;1;1;1;1;1;kept;
14244999001;historical;1;1;1;1;1;kept;
14300003001;historical;1;1;1;1;1;kept;
14300008001;historical;1;1;1;1;1;kept;
14300016001;historical;1;1;1;1;1;kept;
14300019001;historical;1;1;1;1;1;kept;
14300025001;historical;1;1;1;1;1;kept;
14300029001;historical;1;1;1;1;1;kept;
14300046001;historical;1;1;1;1;1;kept;
14300057001;historical;1;1;1;1;1;kept;
14300070001;historical;1;1;1;1;1;kept;
14300096001;historical;1;1;1;1;1;kept;
14301013001;historical;1;1;1;1;1;kept;
14301018001;historical;1;1;1;1;1;kept;
14301023001;historical;1;1;1;1;1;kept;
14301030001;historical;1;1;1;1;1;kept;
14301031001;historical;1;1;1;1;1;kept;
14301108001;historical;1;1;1;1;1;kept;
14301109001;historical;1;1;1;1;1;kept;
14301110001;historical;1;1;1;1;1;kept;
14302005001;historical;1;1;1;1;1;kept;
14302006001;historical;1;1;1;1;1;kept;
14302017001;historical;1;1;1;1;1;kept;
14302018001;historical;1;1;1;1;1;kept;
14302060001;historical;1;1;1;1;1;kept;
14302072001;historical;1;1;1;1;1;kept;
14302079001;historical;1;1;1;1;1;kept;
14302080001;historical;1;1;1;1;1;kept;
14303015001;historical;1;1;1;1;1;kept;
14303021001;historical;1;1;1;1;1;kept;
14303022001;historical;1;1;1;1;1;kept;
14303024001;historical;1;1;1;1;1;kept;
14303026001;historical;1;1;1;1;1;kept;
14303033001;historical;1;1;1;1;1;kept;
14303034001;historical;1;1;1;1;1;kept;
14303036001;historical;1;1;1;1;1;kept;
14303037001;historical;1;1;1;1;1;kept;
14303038001;historical;1;1;1;1;1;kept;
14303039001;historical;1;1;1;1;1;kept;
14303040001;historical;1;1;1;1;1;kept;
14303048001;historical;1;1;1;1;1;kept;
14303058001;historical;1;1;1;1;1;kept;
14303897001;historical;1;1;1;1;1;kept;
14303898001;historical;1;1;1;1;1;kept;
14303899001;historical;1;1;1;1;1;kept;
14303933001;historical;1;1;1;1;1;kept;
14303934001;historical;1;1;1;1;1;kept;
14304001001;historical;1;1;1;1;1;kept;
14304003001;historical;1;1;1;1;1;kept;
14304008001;historical;1;1;1;1;1;kept;
14304009001;historical;1;1;1;1;1;kept;
14304013001;historical;1;1;1;1;1;kept;
14304014001;new;1;1;0;1;0;dropped;minimum_inventory
14304028001;historical;1;1;1;1;1;kept;
14304047001;historical;1;1;1;1;1;kept;
14304062001;historical;1;1;1;1;1;kept;
14304064001;historical;1;1;1;1;1;kept;
14304084001;new;1;1;1;1;1;kept;
14304128001;historical;1;1;1;1;1;kept;
14304135001;historical;1;1;1;1;1;kept;
14304157001;new;1;1;1;1;1;kept;
14304194001;historical;1;1;1;1;1;kept;
14304230001;historical;1;1;1;1;1;kept;
14304301001;new;1;1;0;1;0;dropped;minimum_inventory
14304302001;new;1;1;0;1;0;dropped;minimum_inventory
14304303001;new;1;1;0;1;0;dropped;minimum_inventory
14310015001;historical;1;1;1;1;1;kept;
14310016001;historical;1;1;1;1;1;kept;
14310020001;historical;1;1;1;1;1;kept;
14310028001;historical;1;1;1;1;1;kept;
14310071001;historical;1;1;1;1;1;kept;
14310096001;historical;1;1;1;1;1;kept;
14310101001;historical;1;1;0;1;0;dropped;minimum_inventory
14310111001;historical;1;1;1;1;1;kept;
14310127001;historical;1;1;1;1;1;kept;
14310128001;historical;1;1;1;1;1;kept;
14310134001;historical;1;1;1;1;1;kept;
14310139001;historical;1;1;1;1;1;kept;
14310209001;historical;1;1;1;1;1;kept;
14311002001;historical;1;1;1;1;1;kept;
14311004001;historical;1;1;1;1;1;kept;
14311005001;historical;1;1;1;1;1;kept;
14311020001;historical;1;1;1;1;1;kept;
14311022001;historical;1;1;1;1;1;kept;
14311025001;new;1;1;1;1;1;kept;
14311027001;historical;1;1;1;1;1;kept;
14311031001;historical;1;1;1;1;1;kept;
14311036001;historical;1;1;1;1;1;kept;
14311040001;historical;1;1;1;1;1;kept;
14311041001;historical;1;1;1;1;1;kept;
14311043001;historical;1;1;1;1;1;kept;
14311044001;historical;1;1;1;1;1;kept;
14311046001;historical;1;1;1;1;1;kept;
14311054001;historical;1;1;1;1;1;kept;
14311058001;historical;1;1;1;1;1;kept;
14311059001;historical;1;1;1;1;1;kept;
14311065001;historical;1;1;1;1;1;kept;
14311071001;historical;1;1;1;1;1;kept;
14311076001;historical;1;1;0;1;0;dropped;minimum_inventory
14311081001;historical;1;1;1;1;1;kept;
14311086001;historical;1;1;1;1;1;kept;
14311095001;historical;1;1;1;1;1;kept;
14311104001;new;1;1;0;1;0;dropped;minimum_inventory
14311112001;historical;1;1;1;1;1;kept;
14311115001;new;1;1;1;1;1;kept;
14311117001;historical;1;1;1;1;1;kept;
14311118001;historical;1;1;1;1;1;kept;
14311119001;historical;1;1;1;1;1;kept;
14311134001;historical;1;1;1;1;1;kept;
14311135001;historical;1;1;1;1;1;kept;
14311158001;historical;1;1;1;1;1;kept;
14311161001;new;1;1;1;1;1;kept;
14311220001;historical;1;1;1;1;1;kept;
14311234001;historical;1;1;1;1;1;kept;
14311235001;historical;1;1;1;1;1;kept;
14311256001;historical;1;1;1;1;1;kept;
14311258001;historical;1;1;1;1;1;kept;
14311261001;historical;1;1;0;1;0;dropped;minimum_inventory
14311262001;historical;1;1;0;1;0;dropped;minimum_inventory
14311270001;historical;1;1;1;1;1;kept;
14311898001;historical;1;1;1;1;1;kept;
14312001001;historical;1;1;1;1;1;kept;
14312003001;historical;1;1;1;1;1;kept;
14312008001;historical;1;1;1;1;1;kept;
14312011001;historical;1;1;1;1;1;kept;
14312012001;historical;1;1;1;1;1;kept;
14312016001;historical;1;1;1;1;1;kept;
14312018001;historical;1;1;1;1;1;kept;
14312032001;historical;1;1;1;1;1;kept;
14312042001;historical;1;1;1;1;1;kept;
14312045001;historical;1;1;1;1;1;kept;
14312055001;historical;1;1;1;1;1;kept;
14312068001;historical;1;1;1;1;1;kept;
14312070001;historical;1;1;1;1;1;kept;
14312999001;historical;1;1;1;1;1;kept;
14315008001;historical;1;1;1;1;1;kept;
14315016001;historical;1;1;1;1;1;kept;
14315017001;historical;1;1;1;1;1;kept;
14320008001;historical;1;1;1;1;1;kept;
14320899001;historical;1;1;1;1;1;kept;
14321008001;historical;1;1;1;1;1;kept;
14321009001;historical;1;1;1;1;1;kept;
14321011001;historical;1;1;1;1;1;kept;
14330003001;historical;1;1;1;1;1;kept;
14330004001;historical;1;1;1;1;1;kept;
14330006001;historical;1;1;1;1;1;kept;
14330011001;historical;1;1;1;1;1;kept;
14330015001;historical;1;1;1;1;1;kept;
14330897001;historical;1;1;1;1;1;kept;
14331004001;historical;1;1;1;1;1;kept;
14331005001;historical;1;1;1;1;1;kept;
14331007001;historical;1;1;1;1;1;kept;
14331020001;historical;1;1;1;1;1;kept;
14331022001;historical;1;1;1;1;1;kept;
14331025001;historical;1;1;1;1;1;kept;
14331026001;historical;1;1;1;1;1;kept;
14331028001;historical;1;1;1;1;1;kept;
14331029001;historical;1;1;1;1;1;kept;
14331037001;historical;1;1;1;1;1;kept;
14331039001;historical;1;1;1;1;1;kept;
14331044001;historical;1;1;1;1;1;kept;
14331898001;historical;1;1;1;1;1;kept;
14331997001;historical;1;1;1;1;1;kept;
14332004001;historical;1;1;0;1;0;dropped;minimum_inventory
14332005001;historical;1;1;1;1;1;kept;
14332007001;historical;1;1;1;1;1;kept;
14332008001;historical;1;1;1;1;1;kept;
14332010001;historical;1;1;1;1;1;kept;
14332013001;historical;1;1;1;1;1;kept;
14332014001;historical;1;1;1;1;1;kept;
14332016001;historical;1;1;1;1;1;kept;
14332017001;historical;1;1;1;1;1;kept;
14332018001;historical;1;1;1;1;1;kept;
14333004001;historical;1;1;1;1;1;kept;
14333006001;historical;1;1;1;1;1;kept;
14340002001;historical;1;1;1;1;1;kept;
14340006001;historical;1;1;1;1;1;kept;
14340008001;historical;1;1;1;1;1;kept;
14340026001;historical;1;1;1;1;1;kept;
14341019001;historical;1;1;1;1;1;kept;
14341068001;historical;1;1;1;1;1;kept;
14342007001;historical;1;1;1;1;1;kept;
14342010001;historical;1;1;1;1;1;kept;
14342020001;historical;1;1;1;1;1;kept;
14343012001;historical;1;1;1;1;1;kept;
14343026001;historical;1;1;1;1;1;kept;
14343027001;historical;1;1;1;1;1;kept;
14343028001;historical;1;1;1;1;1;kept;
14343036001;historical;1;1;1;1;1;kept;
14344005001;historical;1;1;1;1;1;kept;
14344010001;historical;1;1;1;1;1;kept;
14350005001;historical;1;1;1;1;1;kept;
14350006001;historical;1;1;1;1;1;kept;
14350007001;historical;1;1;1;1;1;kept;
14350011001;historical;1;1;1;1;1;kept;
14351007001;historical;1;1;1;1;1;kept;
14351017001;historical;1;1;1;1;1;kept;
14351024001;historical;1;1;1;1;1;kept;
14351034001;historical;1;1;1;1;1;kept;
14351038001;historical;1;1;1;1;1;kept;
14351041001;historical;1;1;1;1;1;kept;
14351042001;historical;1;1;1;1;1;kept;
14351059001;historical;1;1;1;1;1;kept;
14351068001;historical;1;1;1;1;1;kept;
14351069001;historical;1;1;1;1;1;kept;
14352027001;historical;1;1;1;1;1;kept;
14352028001;historical;1;1;1;1;1;kept;
14352031001;historical;1;1;1;1;1;kept;
14352058001;historical;1;1;1;1;1;kept;
14352060001;historical;1;1;1;1;1;kept;
14352069001;historical;1;1;1;1;1;kept;
14352076001;historical;1;1;1;1;1;kept;
14352079001;historical;1;1;1;1;1;kept;
14353001001;historical;1;1;1;1;1;kept;
14353002001;historical;1;1;1;1;1;kept;
14353003001;historical;1;1;1;1;1;kept;
14353009001;new;1;1;0;1;0;dropped;minimum_inventory
14353010001;historical;1;1;1;1;1;kept;
14353011001;historical;1;1;1;1;1;kept;
14353013001;historical;1;1;1;1;1;kept;
14353016001;historical;1;1;1;1;1;kept;
14353017001;historical;1;1;1;1;1;kept;
14353019001;historical;1;1;1;1;1;kept;
14353023001;historical;1;1;1;1;1;kept;
14353024001;historical;1;1;1;1;1;kept;
14353025001;historical;1;1;1;1;1;kept;
14353029001;historical;1;1;1;1;1;kept;
14353030001;new;1;1;0;1;0;dropped;minimum_inventory
14353035001;historical;1;1;1;1;1;kept;
14353036001;historical;1;1;1;1;1;kept;
14353039001;historical;1;1;1;1;1;kept;
14353040001;historical;1;1;1;1;1;kept;
14353045001;historical;1;1;1;1;1;kept;
14353047001;historical;1;1;1;1;1;kept;
14353052001;historical;1;1;1;1;1;kept;
14353073001;historical;1;1;1;1;1;kept;
14353899001;historical;1;1;1;1;1;kept;
14353900001;historical;1;1;1;1;1;kept;
14360001001;historical;1;1;1;1;1;kept;
14360007001;historical;1;1;1;1;1;kept;
14360008001;historical;1;1;1;1;1;kept;
14360019001;historical;1;1;1;1;1;kept;
14360022001;historical;1;1;1;1;1;kept;
14360044001;historical;1;1;1;1;1;kept;
14360045001;historical;1;1;1;1;1;kept;
14361002001;historical;1;1;1;1;1;kept;
14361004001;historical;1;1;1;1;1;kept;
14361007001;historical;1;1;1;1;1;kept;
14361008001;historical;1;1;1;1;1;kept;
14361009001;historical;1;1;1;1;1;kept;
14361010001;historical;1;1;1;1;1;kept;
14361011001;historical;1;1;1;1;1;kept;
14361014001;historical;1;1;1;1;1;kept;
14361015001;historical;1;1;1;1;1;kept;
14361022001;historical;1;1;1;1;1;kept;
14361034001;historical;1;1;1;1;1;kept;
14361041001;historical;1;1;1;1;1;kept;
14361044001;historical;1;1;1;1;1;kept;
14361051001;historical;1;1;1;1;1;kept;
14361054001;historical;1;1;1;1;1;kept;
14361055001;historical;1;1;1;1;1;kept;
14361061001;historical;1;1;1;1;1;kept;
14361065001;historical;1;1;1;1;1;kept;
14361070001;historical;1;1;1;1;1;kept;
14361074001;historical;1;1;1;1;1;kept;
14361081001;historical;1;1;1;1;1;kept;
14361082001;historical;1;1;1;1;1;kept;
14361083001;historical;1;1;1;1;1;kept;
14361086001;historical;1;1;1;1;1;kept;
14361093001;historical;1;1;1;1;1;kept;
14361102001;historical;1;1;1;1;1;kept;
14361104001;historical;1;1;1;1;1;kept;
14361109001;historical;1;1;1;1;1;kept;
14361112001;historical;1;1;1;1;1;kept;
14361114001;historical;1;1;1;1;1;kept;
14361115001;historical;1;1;1;1;1;kept;
14361118001;historical;1;1;1;1;1;kept;
14361120001;historical;1;1;1;1;1;kept;
14361122001;historical;1;1;0;1;0;dropped;minimum_inventory
14361124001;historical;1;1;1;1;1;kept;
14361128001;historical;1;1;1;1;1;kept;
14361129001;historical;1;1;1;1;1;kept;
14361146001;historical;1;1;1;1;1;kept;
14361149001;historical;1;1;1;1;1;kept;
14361157001;historical;1;1;1;1;1;kept;
14361158001;historical;1;1;1;1;1;kept;
14361159001;historical;1;1;1;1;1;kept;
14361160001;historical;1;1;1;1;1;kept;
14361161001;historical;1;1;1;1;1;kept;
14361162001;historical;1;1;1;1;1;kept;
14361170001;historical;1;1;1;1;1;kept;
14361177001;historical;1;1;1;1;1;kept;
14361899001;historical;1;1;1;1;1;kept;
14361902001;historical;1;1;1;1;1;kept;
14362033001;historical;1;1;1;1;1;kept;
14362902001;historical;1;1;1;1;1;kept;
14364197001;historical;1;1;0;1;0;dropped;minimum_inventory
14364198001;historical;1;1;1;1;1;kept;
14370002001;historical;1;1;1;1;1;kept;
14370003001;historical;1;1;1;1;1;kept;
14370004001;historical;1;1;1;1;1;kept;
14370007001;historical;1;1;1;1;1;kept;
14370017001;historical;1;1;1;1;1;kept;
14370020001;historical;1;1;1;1;1;kept;
14370025001;historical;1;1;1;1;1;kept;
14370029001;historical;1;1;1;1;1;kept;
14370044001;historical;1;1;1;1;1;kept;
14370045001;historical;1;1;1;1;1;kept;
14370048001;historical;1;1;1;1;1;kept;
14370069001;historical;1;1;1;1;1;kept;
14370072001;historical;1;1;1;1;1;kept;
14370076001;historical;1;1;1;1;1;kept;
14370077001;historical;1;1;1;1;1;kept;
14411001001;historical;1;1;1;1;1;kept;
14411015001;historical;1;1;1;1;1;kept;
14411016001;historical;1;1;1;1;1;kept;
14411023001;historical;1;1;1;1;1;kept;
14411901001;new;1;1;1;1;1;kept;
14412023001;historical;1;1;1;1;1;kept;
14412037001;historical;1;1;1;1;1;kept;
14412060001;historical;1;1;1;1;1;kept;
14413010001;historical;1;1;1;1;1;kept;
14500000001;historical;1;1;1;1;1;kept;
14500003001;historical;1;1;1;1;1;kept;
14500005001;historical;1;1;1;1;1;kept;
14500007001;historical;1;1;1;1;1;kept;
14500008001;historical;1;1;1;1;1;kept;
14500010001;historical;1;1;1;1;1;kept;
14500012001;historical;1;1;1;1;1;kept;
14500013001;historical;1;1;1;1;1;kept;
14500017001;historical;1;1;1;1;1;kept;
14500018001;historical;1;1;1;1;1;kept;
14500023001;historical;1;1;1;1;1;kept;
14500024001;historical;1;1;1;1;1;kept;
14500026001;historical;1;1;1;1;1;kept;
14500037001;historical;1;1;1;1;1;kept;
14500042001;historical;1;1;1;1;1;kept;
14500048001;historical;1;1;1;1;1;kept;
14500051001;historical;1;1;1;1;1;kept;
14500058001;historical;1;1;1;1;1;kept;
14500059001;historical;1;1;1;1;1;kept;
14500064001;historical;1;1;1;1;1;kept;
14500066001;historical;1;1;1;1;1;kept;
14501002001;historical;1;1;1;1;1;kept;
14501004001;historical;1;1;1;1;1;kept;
14501005001;historical;1;1;1;1;1;kept;
14501007001;historical;1;1;1;1;1;kept;
14501010001;historical;1;1;1;1;1;kept;
14501011001;historical;1;1;1;1;1;kept;
14501012001;historical;1;1;1;1;1;kept;
14501013001;historical;1;1;1;1;1;kept;
14501014001;historical;1;1;1;1;1;kept;
14501016001;historical;1;1;1;1;1;kept;
14501017001;historical;1;1;1;1;1;kept;
14501022001;historical;1;1;1;1;1;kept;
14501026001;historical;1;1;1;1;1;kept;
14501029001;historical;1;1;1;1;1;kept;
14501031001;historical;1;1;1;1;1;kept;
14501037001;historical;1;1;1;1;1;kept;
14501038001;historical;1;1;1;1;1;kept;
14501045001;historical;1;1;1;1;1;kept;
14501047001;historical;1;1;1;1;1;kept;
14501053001;historical;1;1;1;1;1;kept;
14501058001;historical;1;1;1;1;1;kept;
14501063001;historical;1;1;1;1;1;kept;
14501065001;historical;1;1;1;1;1;kept;
14501084001;historical;1;1;1;1;1;kept;
14501086001;historical;1;1;1;1;1;kept;
14501899001;historical;1;1;1;1;1;kept;
14501902001;historical;1;1;1;1;1;kept;
14501905001;historical;1;1;1;1;1;kept;
14501926001;historical;1;1;1;1;1;kept;
14501928001;historical;1;1;1;1;1;kept;
14501929001;historical;1;1;1;1;1;kept;
14501942001;historical;1;1;0;1;0;dropped;minimum_inventory
14501943001;historical;1;1;0;1;0;dropped;minimum_inventory
14501944001;historical;1;1;0;1;0;dropped;minimum_inventory
14502002001;historical;1;1;1;1;1;kept;
14502003001;historical;1;1;1;1;1;kept;
14502004001;historical;1;1;1;1;1;kept;
14502005001;historical;1;1;1;1;1;kept;
14502006001;historical;1;1;1;1;1;kept;
14502007001;historical;1;1;1;1;1;kept;
14502008001;historical;1;1;1;1;1;kept;
14502009001;historical;1;1;1;1;1;kept;
14502011001;historical;1;1;1;1;1;kept;
14502012001;historical;1;1;1;1;1;kept;
14502014001;historical;1;1;1;1;1;kept;
14502015001;historical;1;1;1;1;1;kept;
14502018001;historical;1;1;1;1;1;kept;
14502019001;historical;1;1;1;1;1;kept;
14502020001;historical;1;1;1;1;1;kept;
14502021001;historical;1;1;1;1;1;kept;
14502022001;historical;1;1;1;1;1;kept;
14502023001;historical;1;1;1;1;1;kept;
14502026001;historical;1;1;1;1;1;kept;
14502029001;historical;1;1;1;1;1;kept;
14502044001;historical;1;1;1;1;1;kept;
14502054001;historical;1;1;1;1;1;kept;
14502068001;historical;1;1;0;1;0;dropped;minimum_inventory
14502069001;historical;1;1;0;1;0;dropped;minimum_inventory
14502077001;historical;1;1;1;1;1;kept;
14502078001;historical;1;1;1;1;1;kept;
14502080001;historical;1;1;1;1;1;kept;
14502081001;historical;1;1;1;1;1;kept;
14502111001;historical;1;1;1;1;1;kept;
14503000001;historical;1;1;1;1;1;kept;
14503002001;historical;1;1;1;1;1;kept;
14503003001;historical;1;1;1;1;1;kept;
14503005001;historical;1;1;1;1;1;kept;
14503010001;historical;1;1;1;1;1;kept;
14503013001;historical;1;1;1;1;1;kept;
14503019001;historical;1;1;1;1;1;kept;
14503024001;historical;1;1;1;1;1;kept;
14503034001;historical;1;1;1;1;1;kept;
14503047001;historical;1;1;1;1;1;kept;
14503048001;historical;1;1;1;1;1;kept;
14503049001;historical;1;1;0;1;0;dropped;minimum_inventory
14504001001;historical;1;1;1;1;1;kept;
14504002001;historical;1;1;1;1;1;kept;
14504006001;historical;1;1;1;1;1;kept;
14504008001;historical;1;1;1;1;1;kept;
14504009001;historical;1;1;1;1;1;kept;
14504012001;historical;1;1;1;1;1;kept;
14504015001;historical;1;1;1;1;1;kept;
14504027001;historical;1;1;1;1;1;kept;
14504028001;historical;1;1;1;1;1;kept;
14504055001;historical;1;1;1;1;1;kept;
14504056001;historical;1;1;1;1;1;kept;
14504076001;historical;1;1;0;1;0;dropped;minimum_inventory
14505003001;historical;1;1;1;1;1;kept;
14505005001;historical;1;1;1;1;1;kept;
14505008001;historical;1;1;1;1;1;kept;
14505011001;historical;1;1;1;1;1;kept;
14505013001;historical;1;1;1;1;1;kept;
14505014001;historical;1;1;1;1;1;kept;
14505016001;historical;1;1;1;1;1;kept;
14505020001;historical;1;1;1;1;1;kept;
14505021001;historical;1;1;1;1;1;kept;
14505031001;historical;1;1;1;1;1;kept;
14505035001;historical;1;1;1;1;1;kept;
14505039001;historical;1;1;1;1;1;kept;
14505041001;historical;1;1;1;1;1;kept;
14505043001;historical;1;1;1;1;1;kept;
14505046001;historical;1;1;1;1;1;kept;
14505048001;historical;1;1;1;1;1;kept;
14505053001;historical;1;1;1;1;1;kept;
14505059001;historical;1;1;1;1;1;kept;
14505099001;historical;1;1;1;1;1;kept;
14505105001;historical;1;1;1;1;1;kept;
14505106001;historical;1;1;1;1;1;kept;
14505115001;historical;1;1;1;1;1;kept;
14505125001;historical;1;1;1;1;1;kept;
14505138001;historical;1;1;1;1;1;kept;
14505139001;historical;1;1;1;1;1;kept;
14505148001;historical;1;1;1;1;1;kept;
14505899001;historical;1;1;1;1;1;kept;
14505911001;historical;1;1;1;1;1;kept;
14505913001;historical;1;1;0;1;0;dropped;minimum_inventory
14505917001;historical;1;1;1;1;1;kept;
14505973001;historical;1;1;1;1;1;kept;
14506001001;historical;1;1;1;1;1;kept;
14506002001;historical;1;1;1;1;1;kept;
14506004001;historical;1;1;1;1;1;kept;
14506005001;historical;1;1;1;1;1;kept;
14506006001;historical;1;1;1;1;1;kept;
14506011001;historical;1;1;1;1;1;kept;
14506012001;historical;1;1;0;1;0;dropped;minimum_inventory
14506013001;historical;1;1;1;1;1;kept;
14506014001;historical;1;1;1;1;1;kept;
14506015001;historical;1;1;1;1;1;kept;
14506021001;historical;1;1;1;1;1;kept;
14506033001;historical;1;1;1;1;1;kept;
14506036001;historical;1;1;1;1;1;kept;
14506038001;historical;1;1;1;1;1;kept;
14506041001;historical;1;1;1;1;1;kept;
14506042001;historical;1;1;1;1;1;kept;
14506044001;historical;1;1;1;1;1;kept;
14506049001;historical;1;1;1;1;1;kept;
14506057001;historical;1;1;1;1;1;kept;
14506060001;historical;1;1;1;1;1;kept;
14506062001;historical;1;1;1;1;1;kept;
14506065001;historical;1;1;1;1;1;kept;
14506066001;historical;1;1;1;1;1;kept;
14506067001;historical;1;1;1;1;1;kept;
14506069001;historical;1;1;1;1;1;kept;
14506070001;historical;1;1;1;1;1;kept;
14506072001;historical;1;1;1;1;1;kept;
14506074001;historical;1;1;1;1;1;kept;
14506076001;historical;1;1;1;1;1;kept;
14506081001;historical;1;1;1;1;1;kept;
14506082001;historical;1;1;1;1;1;kept;
14506085001;historical;1;1;1;1;1;kept;
14506087001;historical;1;1;1;1;1;kept;
14506089001;historical;1;1;1;1;1;kept;
14506090001;historical;1;1;1;1;1;kept;
14506099001;historical;1;1;1;1;1;kept;
14506103001;historical;1;1;1;1;1;kept;
14506109001;historical;1;1;1;1;1;kept;
14506111001;historical;1;1;1;1;1;kept;
14506112001;historical;1;1;1;1;1;kept;
14506124001;historical;1;1;1;1;1;kept;
14506127001;new;1;1;1;1;1;kept;
14506129001;historical;1;1;1;1;1;kept;
14506130001;historical;1;1;1;1;1;kept;
14506131001;historical;1;1;1;1;1;kept;
14506132001;new;1;1;1;1;1;kept;
14506135001;historical;1;1;1;1;1;kept;
14506139001;historical;1;1;1;1;1;kept;
14506140001;historical;1;1;1;1;1;kept;
14506141001;historical;1;1;1;1;1;kept;
14506143001;historical;1;1;1;1;1;kept;
14506145001;historical;1;1;1;1;1;kept;
14506150001;historical;1;1;1;1;1;kept;
14506159001;historical;1;1;1;1;1;kept;
14506164001;historical;1;1;1;1;1;kept;
14506165001;historical;1;1;1;1;1;kept;
14506171001;historical;1;1;1;1;1;kept;
14506174001;historical;1;1;1;1;1;kept;
14506190001;historical;1;1;1;1;1;kept;
14506199001;historical;1;1;1;1;1;kept;
14506204001;historical;1;1;1;1;1;kept;
14506222001;historical;1;1;1;1;1;kept;
14506225001;historical;1;1;1;1;1;kept;
14506248001;historical;1;1;1;1;1;kept;
14506262001;historical;1;1;1;1;1;kept;
14506264001;historical;1;1;1;1;1;kept;
14506286001;historical;1;1;1;1;1;kept;
14506313001;historical;1;1;1;1;1;kept;
14506314001;historical;1;1;1;1;1;kept;
14506315001;historical;1;1;1;1;1;kept;
14506328001;historical;1;1;1;1;1;kept;
14506329001;historical;1;1;1;1;1;kept;
14506334001;historical;1;1;1;1;1;kept;
14506352001;historical;1;1;1;1;1;kept;
14506357001;historical;1;1;0;1;0;dropped;minimum_inventory
14506358001;historical;1;1;1;1;1;kept;
14506366001;historical;1;1;1;1;1;kept;
14506400001;historical;1;1;1;1;1;kept;
14506488001;historical;1;1;1;1;1;kept;
14506490001;historical;1;1;1;1;1;kept;
14506887001;historical;1;1;1;1;1;kept;
14507042001;historical;1;1;1;1;1;kept;
14507044001;historical;1;1;1;1;1;kept;
14507045001;historical;1;1;1;1;1;kept;
14507047001;historical;1;1;1;1;1;kept;
14507061001;historical;1;1;1;1;1;kept;
14507076001;historical;1;1;1;1;1;kept;
14507083001;historical;1;1;1;1;1;kept;
14507085001;historical;1;1;1;1;1;kept;
14507087001;historical;1;1;1;1;1;kept;
14507202001;historical;1;1;1;1;1;kept;
14508004001;historical;1;1;1;1;1;kept;
14508013001;historical;1;1;1;1;1;kept;
14508016001;historical;1;1;1;1;1;kept;
14508022001;historical;1;1;1;1;1;kept;
14508918001;historical;1;1;1;1;1;kept;
14509001001;historical;1;1;1;1;1;kept;
14509005001;historical;1;1;1;1;1;kept;
14509007001;historical;1;1;1;1;1;kept;
14509008001;historical;1;1;1;1;1;kept;
14509013001;historical;1;1;1;1;1;kept;
14509015001;historical;1;1;1;1;1;kept;
14509016001;historical;1;1;1;1;1;kept;
14509021001;historical;1;1;1;1;1;kept;
14509024001;historical;1;1;1;1;1;kept;
14509025001;historical;1;1;1;1;1;kept;
14509026001;historical;1;1;0;1;0;dropped;minimum_inventory
14509035001;historical;1;1;1;1;1;kept;
14509036001;historical;1;1;1;1;1;kept;
14509037001;historical;1;1;1;1;1;kept;
14510014001;historical;1;1;1;1;1;kept;
14511005001;historical;1;1;1;1;1;kept;
14512015001;historical;1;1;1;1;1;kept;
14512916001;historical;1;1;1;1;1;kept;
14520044001;historical;1;1;1;1;1;kept;
14520065001;historical;1;1;1;1;1;kept;
14520067001;historical;1;1;1;1;1;kept;
14520068001;historical;1;1;1;1;1;kept;
14521148001;historical;1;1;0;1;0;dropped;minimum_inventory
14521156001;historical;1;1;1;1;1;kept;
14521157001;historical;1;1;1;1;1;kept;
14521158001;historical;1;1;1;1;1;kept;
14521178001;historical;1;1;1;1;1;kept;
14521179001;historical;1;1;1;1;1;kept;
14521180001;historical;1;1;1;1;1;kept;
14521181001;historical;1;1;1;1;1;kept;
14522044001;new;1;1;0;1;0;dropped;minimum_inventory
14522048001;historical;1;1;1;1;1;kept;
14522049001;historical;1;1;1;1;1;kept;
14522050001;historical;1;1;1;1;1;kept;
14522051001;historical;1;1;1;1;1;kept;
14522065001;historical;1;1;1;1;1;kept;
14524015001;historical;1;1;1;1;1;kept;
14600005001;historical;1;1;1;1;1;kept;
14600007001;historical;1;1;1;1;1;kept;
14600010001;historical;1;1;1;1;1;kept;
14600011001;historical;1;1;1;1;1;kept;
14600013001;historical;1;1;1;1;1;kept;
14600017001;historical;1;1;1;1;1;kept;
14600020001;historical;1;1;1;1;1;kept;
14600022001;historical;1;1;1;1;1;kept;
14600023001;historical;1;1;1;1;1;kept;
14600032001;historical;1;1;1;1;1;kept;
14600898001;historical;1;1;1;1;1;kept;
14600899001;historical;1;1;1;1;1;kept;
14600907001;historical;1;1;1;1;1;kept;
14600912001;historical;1;1;1;1;1;kept;
14600999001;historical;1;1;1;1;1;kept;
14601001001;historical;1;1;1;1;1;kept;
14601003001;historical;1;1;1;1;1;kept;
14601004001;historical;1;1;1;1;1;kept;
14601009001;historical;1;1;1;1;1;kept;
14601015001;historical;1;1;1;1;1;kept;
14601016001;historical;1;1;1;1;1;kept;
14601027001;historical;1;1;1;1;1;kept;
14601028001;historical;1;1;1;1;1;kept;
14601047001;historical;1;1;1;1;1;kept;
14601051001;historical;1;1;1;1;1;kept;
14601063001;historical;1;1;1;1;1;kept;
14601065001;historical;1;1;1;1;1;kept;
14601067001;historical;1;1;1;1;1;kept;
14601073001;historical;1;1;1;1;1;kept;
14601999001;historical;1;1;1;1;1;kept;
14602013001;historical;1;1;1;1;1;kept;
14602022001;historical;1;1;1;1;1;kept;
14602033001;historical;1;1;1;1;1;kept;
14602034001;historical;1;1;1;1;1;kept;
14602035001;historical;1;1;1;1;1;kept;
14602036001;historical;1;1;1;1;1;kept;
14602037001;historical;1;1;1;1;1;kept;
14602049001;historical;1;1;1;1;1;kept;
14602050001;historical;1;1;1;1;1;kept;
14602052001;historical;1;1;1;1;1;kept;
14602058001;historical;1;1;1;1;1;kept;
14602060001;historical;1;1;1;1;1;kept;
14602061001;historical;1;1;1;1;1;kept;
14602063001;historical;1;1;1;1;1;kept;
14602074001;historical;1;1;1;1;1;kept;
14602085001;new;1;1;0;1;0;dropped;minimum_inventory
14602087001;new;1;1;0;1;0;dropped;minimum_inventory
14602089001;historical;1;1;0;1;0;dropped;minimum_inventory
14602091001;historical;1;1;0;1;0;dropped;minimum_inventory
14602092001;historical;1;1;0;1;0;dropped;minimum_inventory
14602112001;historical;1;1;0;1;0;dropped;minimum_inventory
14602113001;historical;1;1;0;1;0;dropped;minimum_inventory
14602115001;new;1;1;1;1;1;kept;
14602116001;historical;1;1;1;1;1;kept;
14602120001;historical;1;1;1;1;1;kept;
14603001001;historical;1;1;0;1;0;dropped;minimum_inventory
14603003001;historical;1;1;1;1;1;kept;
14603004001;historical;1;1;1;1;1;kept;
14603005001;historical;1;1;1;1;1;kept;
14603010001;historical;1;1;1;1;1;kept;
14603012001;historical;1;1;1;1;1;kept;
14603013001;new;1;1;1;1;1;kept;
14603014001;historical;1;1;1;1;1;kept;
14603019001;historical;1;1;1;1;1;kept;
14603026001;historical;1;1;1;1;1;kept;
14603030001;historical;1;1;1;1;1;kept;
14603038001;historical;1;1;1;1;1;kept;
14603116001;historical;1;1;0;1;0;dropped;minimum_inventory
14604001001;historical;1;1;1;1;1;kept;
14604042001;historical;1;1;1;1;1;kept;
14610001001;historical;1;1;1;1;1;kept;
14610002001;historical;1;1;1;1;1;kept;
14610008001;historical;1;1;1;1;1;kept;
14610009001;historical;1;1;1;1;1;kept;
14610010001;historical;1;1;1;1;1;kept;
14610011001;historical;1;1;1;1;1;kept;
14611002001;historical;1;1;1;1;1;kept;
14611007001;historical;1;1;1;1;1;kept;
14611009001;historical;1;1;1;1;1;kept;
14611010001;historical;1;1;1;1;1;kept;
14611013001;historical;1;1;1;1;1;kept;
14611014001;new;1;1;1;1;1;kept;
14611020001;historical;1;1;1;1;1;kept;
14611022001;historical;1;1;1;1;1;kept;
14611899001;historical;1;1;1;1;1;kept;
14611901001;historical;1;1;1;1;1;kept;
14612005001;historical;1;1;1;1;1;kept;
14612012001;historical;1;1;1;1;1;kept;
14612018002;historical;1;1;1;1;1;kept;
14612031001;historical;1;1;1;1;1;kept;
14612034001;historical;1;1;1;1;1;kept;
14612035001;historical;1;1;1;1;1;kept;
14612059001;historical;1;1;1;1;1;kept;
14612075001;historical;1;1;1;1;1;kept;
14612088001;historical;1;1;1;1;1;kept;
14612900001;historical;1;1;1;1;1;kept;
14612922001;historical;1;1;1;1;1;kept;
14612946001;historical;1;1;1;1;1;kept;
14613007001;historical;1;1;1;1;1;kept;
14613013001;historical;1;1;1;1;1;kept;
14613017001;historical;1;1;1;1;1;kept;
14613018001;historical;1;1;1;1;1;kept;
14613019001;historical;1;1;1;1;1;kept;
14613024001;historical;1;1;1;1;1;kept;
14613026001;historical;1;1;1;1;1;kept;
14613899001;historical;1;1;1;1;1;kept;
14613900001;historical;1;1;1;1;1;kept;
14613902001;historical;1;1;1;1;1;kept;
14613904001;historical;1;1;1;1;1;kept;
14613907001;historical;1;1;1;1;1;kept;
14613908001;historical;1;1;1;1;1;kept;
14613918001;historical;1;1;1;1;1;kept;
14614001001;historical;1;1;1;1;1;kept;
14615002001;historical;1;1;1;1;1;kept;
14615009001;historical;1;1;1;1;1;kept;
14615011001;historical;1;1;1;1;1;kept;
14615012001;historical;1;1;1;1;1;kept;
14615013001;historical;1;1;1;1;1;kept;
14615019001;historical;1;1;0;1;0;dropped;minimum_inventory
14615021001;historical;1;1;1;1;1;kept;
14615030001;historical;1;1;1;1;1;kept;
14615031001;historical;1;1;1;1;1;kept;
14615035001;historical;1;1;1;1;1;kept;
14615038001;historical;1;1;1;1;1;kept;
14615041001;historical;1;1;1;1;1;kept;
14615048001;historical;1;1;1;1;1;kept;
14615052001;historical;1;1;1;1;1;kept;
14615057001;historical;1;1;1;1;1;kept;
14615059001;historical;1;1;0;1;0;dropped;minimum_inventory
14615061001;historical;1;1;1;1;1;kept;
14615063001;historical;1;1;1;1;1;kept;
14615067001;historical;1;1;1;1;1;kept;
14615070001;historical;1;1;1;1;1;kept;
14615072001;historical;1;1;1;1;1;kept;
14615076001;historical;1;1;1;1;1;kept;
14615079001;historical;1;1;1;1;1;kept;
14615082001;historical;1;1;1;1;1;kept;
14615083001;historical;1;1;0;1;0;dropped;minimum_inventory
14615084001;historical;1;1;1;1;1;kept;
14615107001;historical;1;1;1;1;1;kept;
14615108001;historical;1;1;1;1;1;kept;
14615114001;historical;1;1;1;1;1;kept;
14615133001;historical;1;1;1;1;1;kept;
14615897001;historical;1;1;1;1;1;kept;
14615898001;historical;1;1;1;1;1;kept;
14616001001;historical;1;1;1;1;1;kept;
14616002001;historical;1;1;1;1;1;kept;
14616006001;historical;1;1;1;1;1;kept;
14616009001;historical;1;1;1;1;1;kept;
14616013001;historical;1;1;1;1;1;kept;
14616017001;historical;1;1;1;1;1;kept;
14616018001;historical;1;1;1;1;1;kept;
14616019001;historical;1;1;1;1;1;kept;
14616020001;historical;1;1;1;1;1;kept;
14616021001;historical;1;1;1;1;1;kept;
14616022001;historical;1;1;1;1;1;kept;
14616033001;historical;1;1;1;1;1;kept;
14616038001;historical;1;1;1;1;1;kept;
14616044001;historical;1;1;1;1;1;kept;
14616053001;historical;1;1;1;1;1;kept;
14616054001;historical;1;1;1;1;1;kept;
14616060001;historical;1;1;1;1;1;kept;
14616075001;historical;1;1;0;1;0;dropped;minimum_inventory
14616194001;historical;1;1;1;1;1;kept;
14616195001;historical;1;1;1;1;1;kept;
14616203001;historical;1;1;0;1;0;dropped;minimum_inventory
14620001001;historical;1;1;1;1;1;kept;
14620006001;historical;1;1;1;1;1;kept;
14620007001;historical;1;1;1;1;1;kept;
14620012001;historical;1;1;1;1;1;kept;
14620014001;historical;1;1;1;1;1;kept;
14620019001;historical;1;1;1;1;1;kept;
14620021001;historical;1;1;1;1;1;kept;
14620022001;new;1;1;1;1;1;kept;
14620028001;historical;1;1;1;1;1;kept;
14620030001;historical;1;1;1;1;1;kept;
14620035001;historical;1;1;1;1;1;kept;
14620036001;historical;1;1;1;1;1;kept;
14620039001;historical;1;1;1;1;1;kept;
14620042001;historical;1;1;1;1;1;kept;
14620046001;historical;1;1;1;1;1;kept;
14620051001;historical;1;1;1;1;1;kept;
14620057001;historical;1;1;1;1;1;kept;
14620060001;historical;1;1;1;1;1;kept;
14620061001;new;1;1;1;1;1;kept;
14620062001;historical;1;1;1;1;1;kept;
14620070001;historical;1;1;1;1;1;kept;
14620072001;historical;1;1;1;1;1;kept;
14620081001;historical;1;1;1;1;1;kept;
14620083001;historical;1;1;1;1;1;kept;
14620084001;historical;1;1;1;1;1;kept;
14620092001;historical;1;1;1;1;1;kept;
14620103001;historical;1;1;1;1;1;kept;
14620107001;historical;1;1;1;1;1;kept;
14620110001;historical;1;1;1;1;1;kept;
14620111001;historical;1;1;1;1;1;kept;
14620112001;historical;1;1;1;1;1;kept;
14620113001;historical;1;1;1;1;1;kept;
14620114001;historical;1;1;1;1;1;kept;
14620115001;historical;1;1;1;1;1;kept;
14620119001;historical;1;1;1;1;1;kept;
14620133001;historical;1;1;1;1;1;kept;
14620138001;historical;1;1;1;1;1;kept;
14620149001;historical;1;1;1;1;1;kept;
14620158001;historical;1;1;1;1;1;kept;
14620168001;new;1;1;0;1;0;dropped;minimum_inventory
14620171001;historical;1;1;1;1;1;kept;
14620178001;historical;1;1;1;1;1;kept;
14620894001;historical;1;1;1;1;1;kept;
14620907001;historical;1;1;1;1;1;kept;
14620908001;historical;1;1;1;1;1;kept;
14620909001;historical;1;1;1;1;1;kept;
14620920001;historical;1;1;1;1;1;kept;
14620922001;historical;1;1;1;1;1;kept;
14620999001;historical;1;1;1;1;1;kept;
14621005001;historical;1;1;1;1;1;kept;
14621009001;historical;1;1;1;1;1;kept;
14621012001;historical;1;1;1;1;1;kept;
14621013001;historical;1;1;1;1;1;kept;
14621017001;new;1;1;1;1;1;kept;
14621018001;new;1;1;1;1;1;kept;
14621021001;historical;1;1;1;1;1;kept;
14621026001;new;1;1;1;1;1;kept;
14621029001;historical;1;1;1;1;1;kept;
14621034001;historical;1;1;1;1;1;kept;
14621035001;historical;1;1;1;1;1;kept;
14621041001;historical;1;1;1;1;1;kept;
14621044001;historical;1;1;1;1;1;kept;
14621045001;historical;1;1;1;1;1;kept;
14621048001;historical;1;1;1;1;1;kept;
14621058001;historical;1;1;1;1;1;kept;
14621062001;new;1;1;1;1;1;kept;
14621069001;historical;1;1;1;1;1;kept;
14621070001;historical;1;1;1;1;1;kept;
14621095001;historical;1;1;1;1;1;kept;
14630050001;historical;1;1;1;1;1;kept;
14630056001;historical;1;1;1;1;1;kept;
14631013001;historical;1;1;1;1;1;kept;
14631014001;historical;1;1;1;1;1;kept;
14631018001;historical;1;1;1;1;1;kept;
14631022001;historical;1;1;1;1;1;kept;
14631028001;historical;1;1;1;1;1;kept;
14631042001;historical;1;1;1;1;1;kept;
14631043001;historical;1;1;1;1;1;kept;
14631047001;historical;1;1;1;1;1;kept;
14631064001;historical;1;1;1;1;1;kept;
14631082001;historical;1;1;1;1;1;kept;
14631100001;historical;1;1;1;1;1;kept;
14631925001;historical;1;1;1;1;1;kept;
14631944001;historical;1;1;0;1;0;dropped;minimum_inventory
14631948001;historical;1;1;1;1;1;kept;
14631949001;new;1;1;1;1;1;kept;
14632005001;historical;1;1;1;1;1;kept;
14632009001;historical;1;1;1;1;1;kept;
14632014001;new;1;1;1;1;1;kept;
14632022001;historical;1;1;1;1;1;kept;
14632030001;historical;1;1;1;1;1;kept;
14632044001;historical;1;1;1;1;1;kept;
14632058001;historical;1;1;1;1;1;kept;
14632059001;historical;1;1;1;1;1;kept;
14632067001;historical;1;1;1;1;1;kept;
14632071001;historical;1;1;1;1;1;kept;
14632103001;historical;1;1;1;1;1;kept;
14632186001;historical;1;1;1;1;1;kept;
14632194001;historical;1;1;1;1;1;kept;
14632215001;historical;1;1;1;1;1;kept;
14632223001;historical;1;1;1;1;1;kept;
14632295001;historical;1;1;0;1;0;dropped;minimum_inventory
14632352001;historical;1;1;1;1;1;kept;
14632449001;historical;1;1;1;1;1;kept;
14632450001;historical;1;1;1;1;1;kept;
14632482001;historical;1;1;1;1;1;kept;
14633001001;historical;1;1;1;1;1;kept;
14633039001;historical;1;1;1;1;1;kept;
14633043001;new;1;1;1;1;1;kept;
14633045001;historical;1;1;0;1;0;dropped;minimum_inventory
14633046001;historical;1;1;1;1;1;kept;
14633108001;historical;1;1;0;1;0;dropped;minimum_inventory
14633896001;historical;1;1;1;1;1;kept;
14633897001;historical;1;1;1;1;1;kept;
14633900001;historical;1;1;1;1;1;kept;
14633934001;historical;1;1;1;1;1;kept;
14633935001;historical;1;1;1;1;1;kept;
14633936001;historical;1;1;1;1;1;kept;
14633937001;historical;1;1;1;1;1;kept;
14633938001;historical;1;1;1;1;1;kept;
14634023001;historical;1;1;1;1;1;kept;
14634027001;historical;1;1;1;1;1;kept;
14634047001;historical;1;1;1;1;1;kept;
14700007001;historical;1;1;1;1;1;kept;
14700008001;historical;1;1;1;1;1;kept;
14700026001;historical;1;1;1;1;1;kept;
14700031001;new;1;1;1;1;1;kept;
14700035001;historical;1;1;1;1;1;kept;
14700036001;historical;1;1;1;1;1;kept;
14700037001;historical;1;1;1;1;1;kept;
14700077001;historical;1;1;1;1;1;kept;
14700078001;historical;1;1;1;1;1;kept;
14701008002;historical;1;1;1;1;1;kept;
14701012001;historical;1;1;1;1;1;kept;
14701022001;historical;1;1;1;1;1;kept;
14701045001;historical;1;1;0;1;0;dropped;minimum_inventory
14701067001;new;1;1;0;1;0;dropped;minimum_inventory
14710006001;historical;1;1;1;1;1;kept;
14710007001;historical;1;1;1;1;1;kept;
14711001001;historical;1;1;1;1;1;kept;
14711008001;historical;1;1;1;1;1;kept;
14711014001;historical;1;1;1;1;1;kept;
14720003001;new;1;1;1;1;1;kept;
14720022001;historical;1;1;1;1;1;kept;
14720029001;historical;1;1;1;1;1;kept;
14721003001;historical;1;1;1;1;1;kept;
14721943001;historical;1;1;1;1;1;kept;
14721944001;historical;1;1;1;1;1;kept;
14730041001;historical;1;1;1;1;1;kept;
14730898001;historical;1;1;1;1;1;kept;
14730900001;historical;1;1;1;1;1;kept;
14731905001;historical;1;1;1;1;1;kept;
14740003001;historical;1;1;1;1;1;kept;
14740006001;historical;1;1;1;1;1;kept;
14740013001;historical;1;1;1;1;1;kept;
14740016001;historical;1;1;1;1;1;kept;
14740017001;historical;1;1;1;1;1;kept;
14740018001;historical;1;1;1;1;1;kept;
14740024001;historical;1;1;1;1;1;kept;
14740035001;historical;1;1;1;1;1;kept;
14740036001;historical;1;1;1;1;1;kept;
14740037001;historical;1;1;1;1;1;kept;
14740038001;historical;1;1;1;1;1;kept;
14740050001;historical;1;1;1;1;1;kept;
14740061001;historical;1;1;1;1;1;kept;
14740074001;historical;1;1;1;1;1;kept;
14741003001;historical;1;1;1;1;1;kept;
14741008001;historical;1;1;1;1;1;kept;
14741009001;historical;1;1;1;1;1;kept;
14741010001;historical;1;1;1;1;1;kept;
14741015001;historical;1;1;1;1;1;kept;
14741017001;historical;1;1;1;1;1;kept;
14741026001;historical;1;1;1;1;1;kept;
14741028001;historical;1;1;1;1;1;kept;
14741049001;historical;1;1;0;1;0;dropped;minimum_inventory
14741050001;new;1;1;0;1;0;dropped;minimum_inventory
14741051001;new;1;1;0;1;0;dropped;minimum_inventory
14742018001;historical;1;1;1;1;1;kept;
14742048001;historical;1;1;1;1;1;kept;
14801002001;historical;1;1;1;1;1;kept;
14801003001;historical;1;1;1;1;1;kept;
14801012001;historical;1;1;1;1;1;kept;
14801020001;historical;1;1;1;1;1;kept;
14802005001;historical;1;1;1;1;1;kept;
14802010001;historical;1;1;1;1;1;kept;
14804001001;historical;1;1;1;1;1;kept;
14804002001;historical;1;1;1;1;1;kept;
14804004001;historical;1;1;1;1;1;kept;
14804005001;historical;1;1;1;1;1;kept;
14804007001;historical;1;1;1;1;1;kept;
14804010001;historical;1;1;1;1;1;kept;
14804012001;historical;1;1;1;1;1;kept;
14804013001;historical;1;1;1;1;1;kept;
14804014001;historical;1;1;1;1;1;kept;
14804016001;historical;1;1;1;1;1;kept;
14805001001;historical;1;1;1;1;1;kept;
14805002001;historical;1;1;1;1;1;kept;
14805004001;historical;1;1;1;1;1;kept;
14805005001;historical;1;1;1;1;1;kept;
14805010001;historical;1;1;1;1;1;kept;
14805012001;historical;1;1;1;1;1;kept;
14805013001;historical;1;1;1;1;1;kept;
14805016001;historical;1;1;1;1;1;kept;
14805017001;historical;1;1;1;1;1;kept;
14805023001;historical;1;1;1;1;1;kept;
14805028001;historical;1;1;1;1;1;kept;
14805056001;historical;1;1;1;1;1;kept;
14805059001;historical;1;1;1;1;1;kept;
14805063001;historical;1;1;1;1;1;kept;
14805066001;historical;1;1;1;1;1;kept;
14805899001;historical;1;1;1;1;1;kept;
14810001001;historical;1;1;1;1;1;kept;
14810002001;historical;1;1;1;1;1;kept;
14810004001;historical;1;1;1;1;1;kept;
14810005001;historical;1;1;1;1;1;kept;
14810006001;historical;1;1;1;1;1;kept;
14810012001;historical;1;1;1;1;1;kept;
14810013001;historical;1;1;1;1;1;kept;
14810016001;historical;1;1;1;1;1;kept;
14810017001;historical;1;1;1;1;1;kept;
14810018001;historical;1;1;1;1;1;kept;
14810023001;historical;1;1;1;1;1;kept;
14810025001;historical;1;1;1;1;1;kept;
14810030001;historical;1;1;1;1;1;kept;
14810031001;historical;1;1;1;1;1;kept;
14811004001;historical;1;1;1;1;1;kept;
14811006001;historical;1;1;1;1;1;kept;
14811007001;historical;1;1;1;1;1;kept;
14820001001;historical;1;1;1;1;1;kept;
14820004001;historical;1;1;1;1;1;kept;
14820008001;historical;1;1;1;1;1;kept;
14820009001;historical;1;1;1;1;1;kept;
14820012001;historical;1;1;1;1;1;kept;
14820013001;historical;1;1;1;1;1;kept;
14820014001;historical;1;1;1;1;1;kept;
14820015001;historical;1;1;1;1;1;kept;
14820017001;historical;1;1;1;1;1;kept;
14820023001;historical;1;1;1;1;1;kept;
14820028001;historical;1;1;1;1;1;kept;
14820029001;historical;1;1;1;1;1;kept;
14820035001;historical;1;1;1;1;1;kept;
14820045001;historical;1;1;1;1;1;kept;
14821001001;historical;1;1;1;1;1;kept;
14821003001;historical;1;1;1;1;1;kept;
14821006001;historical;1;1;1;1;1;kept;
14821011001;historical;1;1;1;1;1;kept;
14822008001;historical;1;1;1;1;1;kept;
14822009001;historical;1;1;1;1;1;kept;
14822010001;historical;1;1;1;1;1;kept;
14822014001;historical;1;1;1;1;1;kept;
14822017001;historical;1;1;1;1;1;kept;
14822018001;historical;1;1;1;1;1;kept;
14822021001;historical;1;1;1;1;1;kept;
14822024001;historical;1;1;1;1;1;kept;
14822025001;historical;1;1;1;1;1;kept;
14822026001;historical;1;1;1;1;1;kept;
14822037001;historical;1;1;1;1;1;kept;
14822044001;historical;1;1;1;1;1;kept;
14822046001;historical;1;1;1;1;1;kept;
14822049001;historical;1;1;1;1;1;kept;
14822050001;historical;1;1;1;1;1;kept;
14822053001;historical;1;1;1;1;1;kept;
14822062001;historical;1;1;1;1;1;kept;
14822063001;historical;1;1;1;1;1;kept;
14822095001;historical;1;1;1;1;1;kept;
14822104001;historical;1;1;1;1;1;kept;
14822112001;historical;1;1;1;1;1;kept;
14822115001;historical;1;1;1;1;1;kept;
14822899001;historical;1;1;1;1;1;kept;
14822925001;historical;1;1;1;1;1;kept;
14822926001;historical;1;1;1;1;1;kept;
14822965001;historical;1;1;1;1;1;kept;
14830001001;historical;1;1;1;1;1;kept;
14830002001;historical;1;1;1;1;1;kept;
14830005001;historical;1;1;1;1;1;kept;
14830009001;historical;1;1;1;1;1;kept;
14830010001;historical;1;1;1;1;1;kept;
14830011001;historical;1;1;1;1;1;kept;
14830012001;historical;1;1;1;1;1;kept;
14830013001;historical;1;1;1;1;1;kept;
14830017001;historical;1;1;1;1;1;kept;
14830018001;historical;1;1;1;1;1;kept;
14830026001;historical;1;1;1;1;1;kept;
14830029001;historical;1;1;1;1;1;kept;
14830039001;historical;1;1;1;1;1;kept;
14830045001;historical;1;1;1;1;1;kept;
14830048001;historical;1;1;1;1;1;kept;
14830063001;historical;1;1;1;1;1;kept;
14830069001;historical;1;1;1;1;1;kept;
14830072001;historical;1;1;1;1;1;kept;
14830073001;historical;1;1;1;1;1;kept;
14831002001;historical;1;1;1;1;1;kept;
14831005001;historical;1;1;1;1;1;kept;
14831007001;historical;1;1;1;1;1;kept;
14831008001;historical;1;1;1;1;1;kept;
14831009001;historical;1;1;1;1;1;kept;
14831011001;historical;1;1;1;1;1;kept;
14831013001;historical;1;1;1;1;1;kept;
14831020001;historical;1;1;1;1;1;kept;
14831021001;historical;1;1;1;1;1;kept;
14831022001;historical;1;1;1;1;1;kept;
14831027001;historical;1;1;1;1;1;kept;
14832003001;historical;1;1;1;1;1;kept;
14832005001;historical;1;1;1;1;1;kept;
14832009001;historical;1;1;1;1;1;kept;
14832012001;historical;1;1;1;1;1;kept;
14832018001;historical;1;1;1;1;1;kept;
14832021001;historical;1;1;1;1;1;kept;
14832024001;historical;1;1;1;1;1;kept;
14832037001;historical;1;1;1;1;1;kept;
14832043001;historical;1;1;1;1;1;kept;
14832044001;new;1;1;0;1;0;dropped;minimum_inventory
14832052001;historical;1;1;1;1;1;kept;
14832054001;historical;1;1;1;1;1;kept;
14832057001;historical;1;1;1;1;1;kept;
14832909001;historical;1;1;1;1;1;kept;
14833003001;historical;1;1;1;1;1;kept;
14833005001;historical;1;1;1;1;1;kept;
14833011001;historical;1;1;1;1;1;kept;
14833017001;historical;1;1;1;1;1;kept;
14833024001;historical;1;1;1;1;1;kept;
14833033001;historical;1;1;1;1;1;kept;
14833035001;historical;1;1;1;1;1;kept;
14833036001;historical;1;1;1;1;1;kept;
14833037001;historical;1;1;1;1;1;kept;
14833040001;historical;1;1;1;1;1;kept;
14833049001;historical;1;1;1;1;1;kept;
14833052001;historical;1;1;1;1;1;kept;
14833056001;historical;1;1;1;1;1;kept;
14833058001;historical;1;1;1;1;1;kept;
14833059001;historical;1;1;1;1;1;kept;
14833060001;historical;1;1;1;1;1;kept;
14833063001;historical;1;1;1;1;1;kept;
14833066001;historical;1;1;1;1;1;kept;
14833069001;historical;1;1;1;1;1;kept;
14833072001;historical;1;1;1;1;1;kept;
14833075001;historical;1;1;1;1;1;kept;
14833077001;historical;1;1;1;1;1;kept;
14833078001;historical;1;1;1;1;1;kept;
14833079001;historical;1;1;1;1;1;kept;
14833086001;historical;1;1;1;1;1;kept;
14840003001;historical;1;1;1;1;1;kept;
14840005001;historical;1;1;1;1;1;kept;
14840006001;historical;1;1;1;1;1;kept;
14840017001;historical;1;1;1;1;1;kept;
14840018001;historical;1;1;1;1;1;kept;
14840022001;historical;1;1;0;1;0;dropped;minimum_inventory
14841001001;historical;1;1;1;1;1;kept;
14841002001;historical;1;1;1;1;1;kept;
14841003001;historical;1;1;1;1;1;kept;
14850001001;historical;1;1;1;1;1;kept;
14850003001;new;1;1;0;1;0;dropped;minimum_inventory
14850010001;historical;1;1;1;1;1;kept;
14850011001;historical;1;1;1;1;1;kept;
14850019001;historical;1;1;1;1;1;kept;
14850020001;historical;1;1;1;1;1;kept;
14850034001;historical;1;1;1;1;1;kept;
14850042001;historical;1;1;1;1;1;kept;
14850060001;historical;1;1;1;1;1;kept;
14850082001;new;1;1;0;1;0;dropped;minimum_inventory
14850093001;historical;1;1;1;1;1;kept;
14850102001;historical;1;1;1;1;1;kept;
14850103001;new;1;1;1;1;1;kept;
14850126001;historical;1;1;1;1;1;kept;
14850133001;historical;1;1;1;1;1;kept;
14850175001;historical;1;1;0;1;0;dropped;minimum_inventory
14850194001;historical;1;1;1;1;1;kept;
14850195001;historical;1;1;1;1;1;kept;
14851001001;historical;1;1;1;1;1;kept;
14851006001;historical;1;1;1;1;1;kept;
14851009001;historical;1;1;1;1;1;kept;
14851010001;historical;1;1;1;1;1;kept;
14851014001;historical;1;1;1;1;1;kept;
14851023001;historical;1;1;1;1;1;kept;
14851025001;historical;1;1;1;1;1;kept;
14851032001;historical;1;1;1;1;1;kept;
14851034001;historical;1;1;1;1;1;kept;
14851063001;historical;1;1;1;1;1;kept;
14851071001;historical;1;1;1;1;1;kept;
14851072001;historical;1;1;1;1;1;kept;
14851121001;historical;1;1;1;1;1;kept;
14852005001;historical;1;1;1;1;1;kept;
14852006001;historical;1;1;1;1;1;kept;
14852008001;historical;1;1;1;1;1;kept;
14852009001;historical;1;1;1;1;1;kept;
14852011001;historical;1;1;1;1;1;kept;
14852012001;historical;1;1;1;1;1;kept;
14852016001;historical;1;1;1;1;1;kept;
14852019001;historical;1;1;1;1;1;kept;
14852020001;historical;1;1;1;1;1;kept;
14852031001;historical;1;1;1;1;1;kept;
14852044001;historical;1;1;1;1;1;kept;
14852062001;historical;1;1;1;1;1;kept;
14852064001;historical;1;1;1;1;1;kept;
14852898001;historical;1;1;1;1;1;kept;
14852899001;historical;1;1;1;1;1;kept;
14853003001;historical;1;1;1;1;1;kept;
14853013001;historical;1;1;1;1;1;kept;
14853031001;historical;1;1;1;1;1;kept;
14853046001;historical;1;1;0;1;0;dropped;minimum_inventory
14853047001;new;1;1;0;1;0;dropped;minimum_inventory
14853048001;historical;1;1;1;1;1;kept;
14853049001;historical;1;1;0;1;0;dropped;minimum_inventory
14854027001;new;1;1;1;1;1;kept;
15020001001;historical;1;1;1;1;1;kept;
15020007001;historical;1;1;1;1;1;kept;
15020010001;historical;1;1;1;1;1;kept;
15020046001;historical;1;1;1;1;1;kept;
15020047001;historical;1;1;1;1;1;kept;
15020050001;historical;1;1;1;1;1;kept;
15020920001;historical;1;1;1;1;1;kept;
15020922001;historical;1;1;1;1;1;kept;
15020925001;historical;1;1;1;1;1;kept;
15021001001;historical;1;1;1;1;1;kept;
15021003001;historical;1;1;1;1;1;kept;
15021035001;historical;1;1;1;1;1;kept;
15021042001;historical;1;1;1;1;1;kept;
15021047001;historical;1;1;1;1;1;kept;
15021057001;historical;1;1;1;1;1;kept;
15021060001;historical;1;1;1;1;1;kept;
15022004001;historical;1;1;1;1;1;kept;
15022005001;historical;1;1;1;1;1;kept;
15022009001;historical;1;1;1;1;1;kept;
15022013001;historical;1;1;1;1;1;kept;
15022014001;new;1;1;1;1;1;kept;
15022017001;historical;1;1;1;1;1;kept;
15022019001;historical;1;1;1;1;1;kept;
15022021001;historical;1;1;1;1;1;kept;
15022026001;historical;1;1;1;1;1;kept;
15023001001;historical;1;1;1;1;1;kept;
15023003001;historical;1;1;1;1;1;kept;
15023004001;historical;1;1;1;1;1;kept;
15023005001;historical;1;1;1;1;1;kept;
15023008001;historical;1;1;1;1;1;kept;
15023011001;historical;1;1;1;1;1;kept;
15023012001;historical;1;1;1;1;1;kept;
15023013001;historical;1;1;1;1;1;kept;
15023017001;historical;1;1;1;1;1;kept;
15023020001;historical;1;1;1;1;1;kept;
15023035001;historical;1;1;1;1;1;kept;
15023036001;historical;1;1;1;1;1;kept;
15023038001;historical;1;1;0;1;0;dropped;minimum_inventory
15024004001;historical;1;1;1;1;1;kept;
15024011001;historical;1;1;1;1;1;kept;
15024014001;historical;1;1;1;1;1;kept;
15081020001;historical;1;1;1;1;1;kept;
30000004001;historical;1;1;1;1;1;kept;
30000056001;historical;1;1;1;1;1;kept;
30001041001;historical;1;1;1;1;1;kept;
30001907001;historical;1;1;1;1;1;kept;
30002001001;historical;1;1;1;1;1;kept;
30003001001;historical;1;1;1;1;1;kept;
30005001001;historical;1;1;1;1;1;kept;
30010002001;historical;1;1;1;1;1;kept;
30010005001;new;1;1;0;1;0;dropped;minimum_inventory
30011002001;historical;1;1;1;1;1;kept;
30013002001;historical;1;1;1;1;1;kept;
30045078002;historical;1;1;1;1;1;kept;
30045079001;new;1;1;0;1;0;dropped;minimum_inventory
30071041001;historical;1;1;1;1;1;kept;
30071043001;historical;1;1;1;1;1;kept;
30071044001;new;1;1;1;1;1;kept;
30071051001;historical;1;1;1;1;1;kept;
30073007001;historical;1;1;1;1;1;kept;
30073017001;historical;1;1;1;1;1;kept;
30073022001;historical;1;1;1;1;1;kept;
30073068001;historical;1;1;0;1;0;dropped;minimum_inventory
30435004001;historical;1;1;1;1;1;kept;
30450006001;historical;1;1;1;1;1;kept;
30450011001;historical;1;1;1;1;1;kept;
30450013001;historical;1;1;1;1;1;kept;
30450034001;historical;1;1;1;1;1;kept;
30450039001;historical;1;1;1;1;1;kept;
31042914001;historical;1;1;1;1;1;kept;
31118021001;historical;1;1;0;1;0;dropped;minimum_inventory
31118023001;historical;1;1;1;1;1;kept;
31170002001;historical;1;1;0;1;0;dropped;minimum_inventory
31175002001;new;1;1;1;1;1;kept;
31182015001;historical;1;1;0;1;0;dropped;minimum_inventory
31214010001;historical;1;1;1;1;1;kept;
31225014001;historical;1;1;1;1;1;kept;
31226017001;historical;1;1;1;1;1;kept;
31227009001;historical;1;1;1;1;1;kept;
31235015001;historical;1;1;1;1;1;kept;
31235016001;historical;1;1;1;1;1;kept;
31236026001;historical;1;1;1;1;1;kept;
31236027001;historical;1;1;1;1;1;kept;
31240002001;historical;1;1;1;1;1;kept;
31244001001;historical;1;1;1;1;1;kept;
31244002001;historical;1;1;1;1;1;kept;
31250003001;historical;1;1;1;1;1;kept;
31251002001;historical;1;1;1;1;1;kept;
31253001001;historical;1;1;1;1;1;kept;
31253002001;historical;1;1;1;1;1;kept;
31253004001;historical;1;1;1;1;1;kept;
31254009001;historical;1;1;1;1;1;kept;
31254899001;historical;1;1;1;1;1;kept;
31255010001;historical;1;1;1;1;1;kept;
31258003001;historical;1;1;1;1;1;kept;
31258006001;historical;1;1;1;1;1;kept;
31260001001;historical;1;1;1;1;1;kept;
31268003001;historical;1;1;1;1;1;kept;
31270006001;historical;1;1;1;1;1;kept;
31271003001;historical;1;1;1;1;1;kept;
31273002001;historical;1;1;1;1;1;kept;
31401023001;historical;1;1;0;1;0;dropped;minimum_inventory
31403064001;historical;1;1;1;1;1;kept;
31420003001;historical;1;1;1;1;1;kept;
31421003001;historical;1;1;1;1;1;kept;
31421011001;historical;1;1;1;1;1;kept;
31421034001;historical;1;1;1;1;1;kept;
31421035001;historical;1;1;1;1;1;kept;
31421038001;historical;1;1;1;1;1;kept;
31421039001;historical;1;1;1;1;1;kept;
31421040001;historical;1;1;1;1;1;kept;
31421041001;historical;1;1;1;1;1;kept;
31421049001;historical;1;1;1;1;1;kept;
31422002001;historical;1;1;1;1;1;kept;
31422011001;historical;1;1;1;1;1;kept;
31422013001;historical;1;1;1;1;1;kept;
31422014001;historical;1;1;1;1;1;kept;
31422019001;historical;1;1;1;1;1;kept;
31422898001;historical;1;1;1;1;1;kept;
31423001001;historical;1;1;1;1;1;kept;
31423013001;historical;1;1;1;1;1;kept;
31423019001;historical;1;1;1;1;1;kept;
31423896001;historical;1;1;1;1;1;kept;
31423897001;historical;1;1;1;1;1;kept;
31423902001;historical;1;1;1;1;1;kept;
31424001001;historical;1;1;1;1;1;kept;
31424002001;historical;1;1;1;1;1;kept;
31455002001;historical;1;1;1;1;1;kept;
31455003001;historical;1;1;1;1;1;kept;
31455016001;historical;1;1;1;1;1;kept;
31466156001;historical;1;1;1;1;1;kept;
31473013001;historical;1;1;1;1;1;kept;
31500006001;historical;1;1;1;1;1;kept;
31500008001;historical;1;1;1;1;1;kept;
31500014001;historical;1;1;1;1;1;kept;
31500015001;historical;1;1;1;1;1;kept;
31500022004;historical;1;1;1;1;1;kept;
31500025002;historical;1;1;1;1;1;kept;
31500030001;historical;1;1;1;1;1;kept;
31500032001;historical;1;1;1;1;1;kept;
31501003001;historical;1;1;1;1;1;kept;
31501007001;historical;1;1;1;1;1;kept;
31501010001;historical;1;1;1;1;1;kept;
31501013001;historical;1;1;1;1;1;kept;
31501021001;historical;1;1;1;1;1;kept;
31501901003;historical;1;1;1;1;1;kept;
31501903003;historical;1;1;1;1;1;kept;
31501904001;historical;1;1;1;1;1;kept;
31501907002;historical;1;1;1;1;1;kept;
31502003001;historical;1;1;1;1;1;kept;
31502006001;historical;1;1;1;1;1;kept;
31502010001;historical;1;1;1;1;1;kept;
31502012001;historical;1;1;1;1;1;kept;
31502025001;historical;1;1;1;1;1;kept;
31502032004;historical;1;1;1;1;1;kept;
31502034001;historical;1;1;1;1;1;kept;
31502037001;historical;1;1;1;1;1;kept;
31502041001;historical;1;1;1;1;1;kept;
31503003001;historical;1;1;1;1;1;kept;
31504009001;historical;1;1;1;1;1;kept;
31504015001;historical;1;1;1;1;1;kept;
31530003001;historical;1;1;1;1;1;kept;
31530005001;historical;1;1;1;1;1;kept;
31530008001;historical;1;1;1;1;1;kept;
31530011001;historical;1;1;1;1;1;kept;
31530027001;historical;1;1;1;1;1;kept;
31530043001;historical;1;1;1;1;1;kept;
31530107001;historical;1;1;1;1;1;kept;
31530108001;historical;1;1;1;1;1;kept;
31531002001;historical;1;1;1;1;1;kept;
31531021001;historical;1;1;1;1;1;kept;
31531022001;historical;1;1;1;1;1;kept;
31531042001;historical;1;1;1;1;1;kept;
31531047001;historical;1;1;1;1;1;kept;
31531056001;historical;1;1;1;1;1;kept;
31532003001;historical;1;1;1;1;1;kept;
31532060001;historical;1;1;1;1;1;kept;
31532098001;historical;1;1;1;1;1;kept;
31532099001;historical;1;1;1;1;1;kept;
31532100001;historical;1;1;1;1;1;kept;
31533003001;historical;1;1;1;1;1;kept;
31533005001;historical;1;1;1;1;1;kept;
31533008001;historical;1;1;1;1;1;kept;
31533034001;new;1;1;1;1;1;kept;
31533084001;historical;1;1;1;1;1;kept;
31533085001;historical;1;1;1;1;1;kept;
31533096001;historical;1;1;1;1;1;kept;
31533097001;historical;1;1;1;1;1;kept;
31533309001;historical;1;1;1;1;1;kept;
31543032001;historical;1;1;1;1;1;kept;
31545005001;historical;1;1;0;1;0;dropped;minimum_inventory
31545011001;historical;1;1;1;1;1;kept;
31546020001;historical;1;1;1;1;1;kept;
31552006001;historical;1;1;1;1;1;kept;
31553006001;historical;1;1;1;1;1;kept;
31556012001;historical;1;1;1;1;1;kept;
31563039001;historical;1;1;1;1;1;kept;
31564005001;historical;1;1;1;1;1;kept;
31564007001;historical;1;1;1;1;1;kept;
31567004001;historical;1;1;1;1;1;kept;
31567010001;historical;1;1;1;1;1;kept;
31567018001;historical;1;1;1;1;1;kept;
31567025001;historical;1;1;1;1;1;kept;
31567030001;historical;1;1;1;1;1;kept;
31567031001;historical;1;1;1;1;1;kept;
31567037001;historical;1;1;1;1;1;kept;
31567051001;historical;1;1;1;1;1;kept;
31567052001;historical;1;1;1;1;1;kept;
31567056001;historical;1;1;1;1;1;kept;
31568007001;historical;1;1;1;1;1;kept;
31568011001;historical;1;1;1;1;1;kept;
31568012001;historical;1;1;1;1;1;kept;
31568016001;historical;1;1;1;1;1;kept;
31568019001;historical;1;1;1;1;1;kept;
31568028001;historical;1;1;1;1;1;kept;
31568043001;historical;1;1;1;1;1;kept;
31580049002;historical;1;1;1;1;1;kept;
31602031001;historical;1;1;0;1;0;dropped;minimum_inventory
31602059001;historical;1;1;1;1;1;kept;
31607015001;historical;1;1;1;1;1;kept;
31611044001;historical;1;1;1;1;1;kept;
31611047001;historical;1;1;1;1;1;kept;
31623006001;historical;1;1;1;1;1;kept;
31623026001;historical;1;1;1;1;1;kept;
31623898001;historical;1;1;1;1;1;kept;
31623904001;historical;1;1;1;1;1;kept;
31628003001;historical;1;1;1;1;1;kept;
31644022001;historical;1;1;1;1;1;kept;
31707014001;historical;1;1;1;1;1;kept;
31707023001;historical;1;1;0;1;0;dropped;minimum_inventory
31707041001;historical;1;1;1;1;1;kept;
31707055001;historical;1;1;1;1;1;kept;
31707075001;historical;1;1;1;1;1;kept;
31707076001;historical;1;1;1;1;1;kept;
31707086001;historical;1;1;1;1;1;kept;
31707941001;new;1;1;1;1;1;kept;
31709944001;historical;1;1;1;1;1;kept;
31709974001;historical;1;1;1;1;1;kept;
31753028001;new;1;1;1;1;1;kept;
31761004001;new;1;1;1;1;1;kept;
31762003001;historical;1;1;1;1;1;kept;
31762007001;historical;1;1;1;1;1;kept;
31762009001;historical;1;1;1;1;1;kept;
31762901001;historical;1;1;1;1;1;kept;
31821064001;historical;1;1;1;1;1;kept;
31821065001;historical;1;1;1;1;1;kept;
31822063001;historical;1;1;1;1;1;kept;
31822064001;historical;1;1;1;1;1;kept;
31827020001;historical;1;1;1;1;1;kept;
31827023001;historical;1;1;1;1;1;kept;
31912024001;historical;1;1;1;1;1;kept;
31912036001;historical;1;1;1;1;1;kept;
31914003001;historical;1;1;1;1;1;kept;
32400180001;historical;1;1;1;1;1;kept;
32410009001;historical;1;1;1;1;1;kept;
32410016001;historical;1;1;1;1;1;kept;
32410019001;historical;1;1;1;1;1;kept;
32410022001;historical;1;1;1;1;1;kept;
32410035001;historical;1;1;1;1;1;kept;
32410102001;historical;1;1;1;1;1;kept;
32412056001;historical;1;1;0;1;0;dropped;minimum_inventory
32420004001;historical;1;1;1;1;1;kept;
32420014001;historical;1;1;1;1;1;kept;
32420015001;historical;1;1;1;1;1;kept;
32421010001;historical;1;1;1;1;1;kept;
32421016001;historical;1;1;1;1;1;kept;
32424001001;historical;1;1;1;1;1;kept;
32431010001;historical;1;1;1;1;1;kept;
32431020001;historical;1;1;1;1;1;kept;
32431035001;historical;1;1;1;1;1;kept;
32431036001;historical;1;1;0;1;0;dropped;minimum_inventory
32431040001;historical;1;1;0;1;0;dropped;minimum_inventory
32431067001;new;1;1;1;1;1;kept;
32470025001;historical;1;1;1;1;1;kept;
32470079001;historical;1;1;1;1;1;kept;
32470093001;historical;1;1;1;1;1;kept;
32500008001;historical;1;1;1;1;1;kept;
32501007001;historical;1;1;1;1;1;kept;
32501008001;historical;1;1;1;1;1;kept;
32501100001;historical;1;1;1;1;1;kept;
32502011001;historical;1;1;1;1;1;kept;
32503007003;historical;1;1;1;1;1;kept;
32503008003;historical;1;1;1;1;1;kept;
32503035001;historical;1;1;1;1;1;kept;
32503040003;new;1;1;1;1;1;kept;
32504024001;historical;1;1;1;1;1;kept;
32504025002;historical;1;1;1;1;1;kept;
32504043005;historical;1;1;1;1;1;kept;
32510002001;historical;1;1;1;1;1;kept;
32511012001;historical;1;1;1;1;1;kept;
32511021001;historical;1;1;1;1;1;kept;
32514005001;historical;1;1;1;1;1;kept;
32517006001;historical;1;1;1;1;1;kept;
32517009001;historical;1;1;1;1;1;kept;
32523001001;historical;1;1;1;1;1;kept;
32524007001;historical;1;1;0;1;0;dropped;minimum_inventory
32524032001;historical;1;1;1;1;1;kept;
32600042001;historical;1;1;1;1;1;kept;
33550920001;historical;1;1;1;1;1;kept;
33550938001;historical;1;1;1;1;1;kept;
33551004001;historical;1;1;1;1;1;kept;
33551902001;historical;1;1;1;1;1;kept;
33551908001;historical;1;1;1;1;1;kept;
34123005001;new;1;1;1;1;1;kept;
34511006001;new;1;1;1;1;1;kept;
35131010001;historical;1;1;1;1;1;kept;
35300004001;historical;1;1;0;1;0;dropped;minimum_inventory
35301005001;historical;1;1;1;1;1;kept;
35301020001;historical;1;1;1;1;1;kept;
35302003001;historical;1;1;1;1;1;kept;
35302015001;historical;1;1;1;1;1;kept;
35302038001;historical;1;1;0;1;0;dropped;minimum_inventory
35302040001;historical;1;1;1;1;1;kept;
35307005001;historical;1;1;1;1;1;kept;
35307925001;historical;1;1;1;1;1;kept;
35311004001;historical;1;1;1;1;1;kept;
35750013001;historical;1;1;1;1;1;kept;
35751018001;historical;1;1;1;1;1;kept;
35751019001;historical;1;1;1;1;1;kept;
35751021001;historical;1;1;1;1;1;kept;
35752005001;historical;1;1;1;1;1;kept;
41100017001;historical;1;1;1;1;1;kept;
41212906001;historical;1;1;1;1;1;kept;
41212916001;new;1;1;1;1;1;kept;
41220010001;new;1;1;1;1;1;kept;
41223020001;historical;1;1;1;1;1;kept;
41232043001;new;1;1;1;1;1;kept;
41232047001;historical;1;1;1;1;1;kept;
41232052001;historical;1;1;1;1;1;kept;
41234002001;historical;1;1;1;1;1;kept;
41234006001;historical;1;1;1;1;1;kept;
41244001001;historical;1;1;1;1;1;kept;
41300016001;historical;1;1;1;1;1;kept;
41301002001;historical;1;1;1;1;1;kept;
41302008001;historical;1;1;1;1;1;kept;
41302901001;historical;1;1;1;1;1;kept;
41303049001;historical;1;1;1;1;1;kept;
41303054001;new;1;1;1;1;1;kept;
41310001001;historical;1;1;1;1;1;kept;
41313936001;historical;1;1;1;1;1;kept;
41332022001;historical;1;1;1;1;1;kept;
41333047001;historical;1;1;1;1;1;kept;
41401011001;historical;1;1;1;1;1;kept;
41401022001;historical;1;1;1;1;1;kept;
41401031001;historical;1;1;1;1;1;kept;
41401040001;historical;1;1;1;1;1;kept;
41401071001;historical;1;1;1;1;1;kept;
41414006001;historical;1;1;1;1;1;kept;
41417001001;new;1;1;1;1;1;kept;
41417013001;historical;1;1;1;1;1;kept;
41420006001;historical;1;1;1;1;1;kept;
41422018001;historical;1;1;0;1;0;dropped;minimum_inventory
41521020001;historical;1;1;1;1;1;kept;
41521089001;new;1;1;0;1;0;dropped;minimum_inventory
41522003001;historical;1;1;0;1;0;dropped;minimum_inventory
41522089001;historical;1;1;1;1;1;kept;
41601014001;historical;1;1;1;1;1;kept;
41601020001;new;1;1;1;1;1;kept;
42014003001;historical;1;1;1;1;1;kept;
42015012001;historical;1;1;1;1;1;kept;
42613064002;historical;1;1;1;1;1;kept;
60011899001;historical;1;1;1;1;1;kept;
60014001010;historical;1;1;1;1;1;kept;
61062008001;historical;1;1;1;1;1;kept;
61063005002;historical;1;1;1;1;1;kept;
61064012003;historical;1;1;1;1;1;kept;
61064105002;historical;1;1;1;1;1;kept;
61064195002;historical;1;1;1;1;1;kept;
61064197001;historical;1;1;0;1;0;dropped;minimum_inventory
61080007004;historical;1;1;1;1;1;kept;
61080010003;historical;1;1;1;1;1;kept;
61080025003;new;1;1;0;1;0;dropped;minimum_inventory
65011150001;historical;1;1;1;1;1;kept;
65090016001;historical;1;1;1;1;1;kept;
65106030001;historical;1;1;1;1;1;kept;
65106036001;historical;1;1;1;1;1;kept;
65106084001;historical;1;1;1;1;1;kept;
