item_code;order_date;daily_order_frequency
10000001001;2021-08-01;1
10000001001;2021-08-02;1
10000001001;2021-08-03;1
10000001001;2021-08-04;1
10000001001;2021-08-05;2
10000001001;2021-08-07;2
10000001001;2021-08-09;1
10000001001;2021-08-10;3
10000001001;2021-08-12;1
10000001001;2021-08-13;3
10000001001;2021-08-17;2
10000002001;2021-08-01;5
10000002001;2021-08-02;1
10000002001;2021-08-03;5
10000002001;2021-08-04;18
10000002001;2021-08-05;18
10000002001;2021-08-06;10
10000002001;2021-08-07;3
10000002001;2021-08-08;18
10000002001;2021-08-09;20
10000002001;2021-08-10;18
10000002001;2021-08-11;17
10000002001;2021-08-12;22
10000002001;2021-08-13;22
10000002001;2021-08-14;53
10000002001;2021-08-15;27
10000002001;2021-08-16;20
10000002001;2021-08-17;13
10000003001;2021-08-01;2
10000003001;2021-08-02;3
10000003001;2021-08-03;8
10000003001;2021-08-04;12
10000003001;2021-08-05;5
10000003001;2021-08-06;4
10000003001;2021-08-07;5
10000003001;2021-08-08;4
10000003001;2021-08-09;8
10000003001;2021-08-10;7
10000003001;2021-08-11;6
10000003001;2021-08-12;6
10000003001;2021-08-13;4
10000003001;2021-08-14;3
10000003001;2021-08-15;5
10000003001;2021-08-16;6
10000003001;2021-08-17;8
10000004001;2021-08-01;8
10000004001;2021-08-02;3
10000004001;2021-08-03;5
10000004001;2021-08-04;5
10000004001;2021-08-05;3
10000004001;2021-08-06;3
10000004001;2021-08-08;3
10000004001;2021-08-09;2
10000004001;2021-08-10;5
10000004001;2021-08-11;2
10000004001;2021-08-12;5
10000004001;2021-08-13;5
10000004001;2021-08-14;21
10000004001;2021-08-15;1
10000004001;2021-08-16;2
10000004001;2021-08-17;10
10000005001;2021-08-01;46
10000005001;2021-08-02;5
10000005001;2021-08-03;11
10000005001;2021-08-04;4
10000005001;2021-08-05;10
10000005001;2021-08-06;2
10000005001;2021-08-07;6
10000005001;2021-08-09;2
10000005001;2021-08-10;1
10000005001;2021-08-11;22
10000005001;2021-08-12;23
10000005001;2021-08-13;20
10000005001;2021-08-14;21
10000005001;2021-08-15;26
10000005001;2021-08-16;35
10000005001;2021-08-17;24
10000007001;2021-08-01;7
10000007001;2021-08-02;10
10000007001;2021-08-03;11
10000007001;2021-08-04;14
10000007001;2021-08-05;13
10000007001;2021-08-06;8
10000007001;2021-08-07;6
10000007001;2021-08-08;11
10000007001;2021-08-09;11
10000007001;2021-08-10;7
10000007001;2021-08-11;12
10000007001;2021-08-12;18
10000007001;2021-08-13;11
10000007001;2021-08-14;13
10000007001;2021-08-15;18
10000007001;2021-08-16;14
10000007001;2021-08-17;8
10000008001;2021-08-09;1
10000008001;2021-08-12;1
10000010001;2021-08-01;12
10000010001;2021-08-02;5
10000010001;2021-08-03;5
10000010001;2021-08-04;3
10000010001;2021-08-05;7
10000010001;2021-08-06;6
10000010001;2021-08-07;7
10000010001;2021-08-08;4
10000010001;2021-08-09;8
10000010001;2021-08-10;5
10000010001;2021-08-11;10
10000010001;2021-08-12;11
10000010001;2021-08-13;7
10000010001;2021-08-14;16
10000010001;2021-08-15;7
10000010001;2021-08-16;6
10000010001;2021-08-17;2
10000011001;2021-08-01;35
10000011001;2021-08-02;37
10000011001;2021-08-03;35
10000011001;2021-08-04;22
10000011001;2021-08-05;18
10000011001;2021-08-06;6
10000011001;2021-08-07;17
10000011001;2021-08-08;24
10000011001;2021-08-09;39
10000011001;2021-08-10;30
10000011001;2021-08-11;45
10000011001;2021-08-12;27
10000011001;2021-08-13;32
10000011001;2021-08-14;33
10000011001;2021-08-15;55
10000011001;2021-08-16;88
10000011001;2021-08-17;60
10000012001;2021-08-01;3
10000012001;2021-08-02;3
10000012001;2021-08-03;3
10000012001;2021-08-04;5
10000012001;2021-08-05;5
10000012001;2021-08-07;10
10000012001;2021-08-08;1
10000012001;2021-08-09;5
10000012001;2021-08-10;9
10000012001;2021-08-11;4
10000012001;2021-08-12;10
10000012001;2021-08-13;6
10000012001;2021-08-14;7
10000012001;2021-08-15;3
10000012001;2021-08-16;2
10000012001;2021-08-17;2
10000022001;2021-08-01;3
10000022001;2021-08-02;2
10000022001;2021-08-03;2
10000022001;2021-08-04;1
10000022001;2021-08-05;1
10000022001;2021-08-06;2
10000022001;2021-08-07;2
10000022001;2021-08-08;3
10000022001;2021-08-09;3
10000022001;2021-08-10;1
10000022001;2021-08-11;3
10000022001;2021-08-12;3
10000022001;2021-08-13;1
10000022001;2021-08-14;3
10000022001;2021-08-15;4
10000022001;2021-08-17;4
10000023001;2021-08-01;1
10000023001;2021-08-03;2
10000023001;2021-08-05;1
10000023001;2021-08-07;1
10000023001;2021-08-08;1
10000023001;2021-08-09;1
10000023001;2021-08-11;1
10000023001;2021-08-12;2
10000023001;2021-08-15;1
10000023001;2021-08-16;1
10000027001;2021-08-01;4
10000027001;2021-08-02;3
10000027001;2021-08-03;5
10000027001;2021-08-04;1
10000027001;2021-08-05;4
10000027001;2021-08-06;4
10000027001;2021-08-08;4
10000027001;2021-08-09;1
10000027001;2021-08-10;1
10000027001;2021-08-11;3
10000027001;2021-08-12;5
10000027001;2021-08-13;3
10000027001;2021-08-14;3
10000027001;2021-08-15;2
10000027001;2021-08-16;1
10000027001;2021-08-17;3
10000998001;2021-08-01;13
10000998001;2021-08-02;8
10000998001;2021-08-03;15
10000998001;2021-08-04;19
10000998001;2021-08-05;26
10000998001;2021-08-06;7
10000998001;2021-08-07;8
10000998001;2021-08-08;23
10000998001;2021-08-09;20
10000998001;2021-08-10;11
10000998001;2021-08-11;24
10000998001;2021-08-12;26
10000998001;2021-08-13;22
10000998001;2021-08-14;8
10000998001;2021-08-15;57
10000998001;2021-08-16;14
10000998001;2021-08-17;33
10001001001;2021-08-01;9
10001001001;2021-08-02;3
10001001001;2021-08-03;7
10001001001;2021-08-04;8
10001001001;2021-08-05;3
10001001001;2021-08-06;3
10001001001;2021-08-07;3
10001001001;2021-08-08;2
10001001001;2021-08-09;7
10001001001;2021-08-10;6
10001001001;2021-08-11;6
10001001001;2021-08-12;9
10001001001;2021-08-13;8
10001001001;2021-08-14;10
10001001001;2021-08-15;7
10001001001;2021-08-16;1
10001001001;2021-08-17;10
10001004001;2021-08-01;7
10001004001;2021-08-02;2
10001004001;2021-08-03;5
10001004001;2021-08-04;14
10001004001;2021-08-05;11
10001004001;2021-08-06;10
10001004001;2021-08-07;1
10001004001;2021-08-08;8
10001004001;2021-08-09;14
10001004001;2021-08-10;17
10001004001;2021-08-11;15
10001004001;2021-08-12;22
10001004001;2021-08-13;16
10001004001;2021-08-14;21
10001004001;2021-08-15;48
10001004001;2021-08-16;13
10001004001;2021-08-17;19
10001005001;2021-08-01;2
10001005001;2021-08-02;1
10001005001;2021-08-03;3
10001005001;2021-08-04;3
10001005001;2021-08-05;3
10001005001;2021-08-06;2
10001005001;2021-08-07;1
10001005001;2021-08-09;2
10001005001;2021-08-10;3
10001005001;2021-08-12;2
10001005001;2021-08-13;3
10001005001;2021-08-14;2
10001005001;2021-08-15;8
10001005001;2021-08-16;10
10001005001;2021-08-17;8
10001006001;2021-08-01;14
10001006001;2021-08-02;9
10001006001;2021-08-03;16
10001006001;2021-08-04;15
10001006001;2021-08-05;18
10001006001;2021-08-06;6
10001006001;2021-08-07;12
10001006001;2021-08-08;21
10001006001;2021-08-09;17
10001006001;2021-08-10;26
10001006001;2021-08-11;24
10001006001;2021-08-12;29
10001006001;2021-08-13;23
10001006001;2021-08-14;13
10001006001;2021-08-15;41
10001006001;2021-08-16;29
10001006001;2021-08-17;28
10001007001;2021-08-02;1
10001007001;2021-08-04;1
10001007001;2021-08-06;1
10001007001;2021-08-14;2
10001007001;2021-08-15;1
10001007001;2021-08-16;1
10001007001;2021-08-17;3
10001008001;2021-08-01;1
10001008001;2021-08-02;1
10001008001;2021-08-03;5
10001008001;2021-08-04;2
10001008001;2021-08-05;1
10001008001;2021-08-06;4
10001008001;2021-08-08;1
10001008001;2021-08-09;1
10001008001;2021-08-10;2
10001008001;2021-08-11;3
10001008001;2021-08-12;3
10001008001;2021-08-13;1
10001008001;2021-08-14;3
10001008001;2021-08-15;1
10001008001;2021-08-16;1
10001008001;2021-08-17;2
10001009001;2021-08-01;28
10001009001;2021-08-02;16
10001009001;2021-08-03;12
10001009001;2021-08-04;10
10001009001;2021-08-05;13
10001009001;2021-08-06;9
10001009001;2021-08-07;16
10001009001;2021-08-08;12
10001009001;2021-08-09;11
10001009001;2021-08-10;2
10001009001;2021-08-11;26
10001009001;2021-08-12;23
10001009001;2021-08-13;13
10001009001;2021-08-14;11
10001009001;2021-08-15;14
10001009001;2021-08-16;10
10001009001;2021-08-17;30
10001010001;2021-08-08;1
10001010001;2021-08-11;1
10001012001;2021-08-01;10
10001012001;2021-08-02;8
10001012001;2021-08-03;16
10001012001;2021-08-04;25
10001012001;2021-08-05;20
10001012001;2021-08-06;7
10001012001;2021-08-07;10
10001012001;2021-08-08;16
10001012001;2021-08-09;11
10001012001;2021-08-10;12
10001012001;2021-08-11;18
10001012001;2021-08-12;16
10001012001;2021-08-13;10
10001012001;2021-08-14;18
10001012001;2021-08-15;21
10001012001;2021-08-16;10
10001012001;2021-08-17;41
10001015001;2021-08-02;2
10001015001;2021-08-03;4
10001015001;2021-08-04;1
10001015001;2021-08-05;5
10001015001;2021-08-06;4
10001015001;2021-08-08;1
10001015001;2021-08-09;3
10001015001;2021-08-10;2
10001015001;2021-08-11;3
10001015001;2021-08-12;1
10001015001;2021-08-13;3
10001015001;2021-08-15;1
10001015001;2021-08-16;1
10001015001;2021-08-17;2
10001020001;2021-08-01;4
10001020001;2021-08-02;1
10001020001;2021-08-03;3
10001020001;2021-08-04;5
10001020001;2021-08-05;3
10001020001;2021-08-06;3
10001020001;2021-08-07;1
10001020001;2021-08-08;2
10001020001;2021-08-09;2
10001020001;2021-08-10;5
10001020001;2021-08-11;4
10001020001;2021-08-12;6
10001020001;2021-08-13;6
10001020001;2021-08-14;2
10001020001;2021-08-15;10
10001020001;2021-08-16;7
10001020001;2021-08-17;10
10001022001;2021-08-01;6
10001022001;2021-08-02;1
10001022001;2021-08-03;1
10001022001;2021-08-04;1
10001022001;2021-08-05;6
10001022001;2021-08-06;5
10001022001;2021-08-07;2
10001022001;2021-08-08;1
10001022001;2021-08-09;3
10001022001;2021-08-10;4
10001022001;2021-08-11;5
10001022001;2021-08-12;10
10001022001;2021-08-13;2
10001022001;2021-08-14;4
10001022001;2021-08-15;4
10001022001;2021-08-16;2
10001022001;2021-08-17;5
10001025001;2021-08-01;7
10001025001;2021-08-02;1
10001025001;2021-08-03;14
10001025001;2021-08-04;12
10001025001;2021-08-05;9
10001025001;2021-08-06;6
10001025001;2021-08-07;6
10001025001;2021-08-08;10
10001025001;2021-08-09;8
10001025001;2021-08-10;7
10001025001;2021-08-11;12
10001025001;2021-08-12;15
10001025001;2021-08-13;10
10001025001;2021-08-14;5
10001025001;2021-08-15;19
10001025001;2021-08-16;14
10001025001;2021-08-17;11
10001035001;2021-08-01;3
10001035001;2021-08-02;1
10001035001;2021-08-04;5
10001035001;2021-08-05;3
10001035001;2021-08-06;5
10001035001;2021-08-07;1
10001035001;2021-08-08;1
10001035001;2021-08-09;3
10001035001;2021-08-10;1
10001035001;2021-08-11;7
10001035001;2021-08-12;5
10001035001;2021-08-13;4
10001035001;2021-08-14;3
10001035001;2021-08-15;4
10001035001;2021-08-16;2
10001035001;2021-08-17;6
10002001001;2021-08-01;16
10002001001;2021-08-02;13
10002001001;2021-08-03;21
10002001001;2021-08-04;11
10002001001;2021-08-05;8
10002001001;2021-08-06;5
10002001001;2021-08-07;11
10002001001;2021-08-08;5
10002001001;2021-08-09;11
10002001001;2021-08-10;12
10002001001;2021-08-11;14
10002001001;2021-08-12;11
10002001001;2021-08-13;7
10002001001;2021-08-14;2
10002001001;2021-08-15;12
10002001001;2021-08-16;5
10002001001;2021-08-17;20
10002003001;2021-08-01;6
10002003001;2021-08-02;4
10002003001;2021-08-03;7
10002003001;2021-08-04;13
10002003001;2021-08-05;6
10002003001;2021-08-06;5
10002003001;2021-08-07;4
10002003001;2021-08-08;4
10002003001;2021-08-09;1
10002003001;2021-08-10;3
10002003001;2021-08-11;12
10002003001;2021-08-12;4
10002003001;2021-08-13;10
10002003001;2021-08-14;7
10002003001;2021-08-15;10
10002003001;2021-08-16;4
10002003001;2021-08-17;10
10002005001;2021-08-01;7
10002005001;2021-08-02;5
10002005001;2021-08-03;17
10002005001;2021-08-04;13
10002005001;2021-08-05;19
10002005001;2021-08-06;4
10002005001;2021-08-07;11
10002005001;2021-08-08;14
10002005001;2021-08-09;8
10002005001;2021-08-10;15
10002005001;2021-08-11;15
10002005001;2021-08-12;17
10002005001;2021-08-13;14
10002005001;2021-08-14;5
10002005001;2021-08-15;16
10002005001;2021-08-16;17
10002005001;2021-08-17;15
10002007001;2021-08-01;6
10002007001;2021-08-02;5
10002007001;2021-08-03;5
10002007001;2021-08-04;5
10002007001;2021-08-05;9
10002007001;2021-08-06;5
10002007001;2021-08-08;8
10002007001;2021-08-09;5
10002007001;2021-08-10;7
10002007001;2021-08-11;10
10002007001;2021-08-12;7
10002007001;2021-08-13;4
10002007001;2021-08-14;5
10002007001;2021-08-15;8
10002007001;2021-08-16;6
10002007001;2021-08-17;14
10002008001;2021-08-01;9
10002008001;2021-08-02;7
10002008001;2021-08-03;6
10002008001;2021-08-04;4
10002008001;2021-08-05;7
10002008001;2021-08-06;2
10002008001;2021-08-07;1
10002008001;2021-08-08;8
10002008001;2021-08-09;18
10002008001;2021-08-10;21
10002008001;2021-08-11;13
10002008001;2021-08-12;6
10002008001;2021-08-13;15
10002008001;2021-08-14;12
10002008001;2021-08-15;22
10002008001;2021-08-16;44
10002008001;2021-08-17;37
10002008001;2021-08-18;1
10002009001;2021-08-01;5
10002009001;2021-08-02;3
10002009001;2021-08-03;14
10002009001;2021-08-04;11
10002009001;2021-08-05;10
10002009001;2021-08-06;15
10002009001;2021-08-07;3
10002009001;2021-08-08;7
10002009001;2021-08-09;11
10002009001;2021-08-10;8
10002009001;2021-08-11;12
10002009001;2021-08-12;6
10002009001;2021-08-13;14
10002009001;2021-08-14;9
10002009001;2021-08-15;4
10002009001;2021-08-16;4
10002009001;2021-08-17;4
10002011001;2021-08-01;1
10002011001;2021-08-11;1
10002012001;2021-08-01;2
10002012001;2021-08-09;1
10002012001;2021-08-10;1
10002012001;2021-08-11;1
10002012001;2021-08-12;2
10002012001;2021-08-13;3
10002012001;2021-08-14;2
10002012001;2021-08-15;2
10002012001;2021-08-16;7
10002012001;2021-08-17;4
10002013001;2021-08-01;1
10002013001;2021-08-03;1
10002013001;2021-08-09;1
10002013001;2021-08-12;1
10002014001;2021-08-01;3
10002014001;2021-08-02;7
10002014001;2021-08-03;7
10002014001;2021-08-04;4
10002014001;2021-08-05;6
10002014001;2021-08-06;4
10002014001;2021-08-07;1
10002014001;2021-08-08;2
10002014001;2021-08-09;3
10002014001;2021-08-10;6
10002014001;2021-08-11;3
10002014001;2021-08-12;9
10002014001;2021-08-13;8
10002014001;2021-08-14;5
10002014001;2021-08-15;9
10002014001;2021-08-16;9
10002014001;2021-08-17;1
10002017001;2021-08-01;5
10002017001;2021-08-02;7
10002017001;2021-08-03;4
10002017001;2021-08-04;3
10002017001;2021-08-05;6
10002017001;2021-08-06;4
10002017001;2021-08-07;3
10002017001;2021-08-08;6
10002017001;2021-08-09;4
10002017001;2021-08-10;3
10002017001;2021-08-12;3
10002017001;2021-08-13;10
10002017001;2021-08-14;12
10002017001;2021-08-15;23
10002017001;2021-08-16;7
10002017001;2021-08-17;6
10002018001;2021-08-01;21
10002018001;2021-08-02;9
10002018001;2021-08-03;14
10002018001;2021-08-04;18
10002018001;2021-08-05;34
10002018001;2021-08-06;15
10002018001;2021-08-07;7
10002018001;2021-08-08;31
10002018001;2021-08-09;42
10002018001;2021-08-10;42
10002018001;2021-08-11;45
10002018001;2021-08-12;45
10002018001;2021-08-13;38
10002018001;2021-08-14;33
10002018001;2021-08-15;36
10002018001;2021-08-16;39
10002018001;2021-08-17;31
10002019001;2021-08-01;16
10002019001;2021-08-02;28
10002019001;2021-08-03;30
10002019001;2021-08-04;18
10002019001;2021-08-05;11
10002019001;2021-08-06;8
10002019001;2021-08-07;7
10002019001;2021-08-08;10
10002019001;2021-08-09;10
10002019001;2021-08-10;11
10002019001;2021-08-11;13
10002019001;2021-08-12;17
10002019001;2021-08-13;12
10002019001;2021-08-14;12
10002019001;2021-08-15;17
10002019001;2021-08-16;8
10002019001;2021-08-17;8
10002021001;2021-08-01;11
10002021001;2021-08-02;10
10002021001;2021-08-03;7
10002021001;2021-08-04;10
10002021001;2021-08-05;24
10002021001;2021-08-06;4
10002021001;2021-08-07;3
10002021001;2021-08-08;19
10002021001;2021-08-09;25
10002021001;2021-08-10;15
10002021001;2021-08-11;23
10002021001;2021-08-12;28
10002021001;2021-08-13;22
10002021001;2021-08-14;8
10002021001;2021-08-15;19
10002021001;2021-08-16;17
10002021001;2021-08-17;18
10002025001;2021-08-01;4
10002025001;2021-08-03;4
10002025001;2021-08-04;2
10002025001;2021-08-05;3
10002025001;2021-08-06;2
10002025001;2021-08-07;3
10002025001;2021-08-08;3
10002025001;2021-08-09;2
10002025001;2021-08-10;4
10002025001;2021-08-11;8
10002025001;2021-08-12;5
10002025001;2021-08-13;4
10002025001;2021-08-15;1
10002025001;2021-08-16;2
10002025001;2021-08-17;6
10002026001;2021-08-10;1
10002035001;2021-08-01;3
10002035001;2021-08-03;11
10002035001;2021-08-04;8
10002035001;2021-08-05;6
10002035001;2021-08-06;5
10002035001;2021-08-07;5
10002035001;2021-08-08;2
10002035001;2021-08-09;9
10002035001;2021-08-10;5
10002035001;2021-08-11;6
10002035001;2021-08-12;4
10002035001;2021-08-13;7
10002035001;2021-08-14;10
10002035001;2021-08-15;30
10002035001;2021-08-16;3
10002035001;2021-08-17;6
10002037001;2021-08-02;1
10002037001;2021-08-12;1
10002037001;2021-08-13;2
10002038001;2021-08-02;1
10002038001;2021-08-05;1
10002038001;2021-08-12;1
10002038001;2021-08-13;1
10002040001;2021-08-01;5
10002040001;2021-08-02;7
10002040001;2021-08-03;5
10002040001;2021-08-04;3
10002040001;2021-08-05;2
10002040001;2021-08-06;1
10002040001;2021-08-07;7
10002040001;2021-08-08;2
10002040001;2021-08-09;1
10002040001;2021-08-10;4
10002040001;2021-08-11;3
10002040001;2021-08-12;3
10002040001;2021-08-13;3
10002040001;2021-08-14;2
10002040001;2021-08-15;2
10002040001;2021-08-16;6
10002040001;2021-08-17;1
10002045001;2021-08-01;4
10002045001;2021-08-02;4
10002045001;2021-08-03;7
10002045001;2021-08-04;12
10002045001;2021-08-05;7
10002045001;2021-08-06;15
10002045001;2021-08-07;4
10002045001;2021-08-08;4
10002045001;2021-08-09;14
10002045001;2021-08-10;19
10002045001;2021-08-11;8
10002045001;2021-08-12;10
10002045001;2021-08-13;14
10002045001;2021-08-14;14
10002045001;2021-08-15;14
10002045001;2021-08-16;4
10002045001;2021-08-17;8
10002046001;2021-08-01;7
10002046001;2021-08-02;6
10002046001;2021-08-04;1
10002046001;2021-08-07;3
10002046001;2021-08-08;14
10002046001;2021-08-09;5
10002046001;2021-08-12;3
10002046001;2021-08-13;2
10002046001;2021-08-14;5
10002046001;2021-08-15;3
10002046001;2021-08-16;7
10002046001;2021-08-17;6
10002069001;2021-08-01;3
10002069001;2021-08-02;3
10002069001;2021-08-03;4
10002069001;2021-08-04;1
10002069001;2021-08-05;2
10002069001;2021-08-06;3
10002069001;2021-08-07;2
10002069001;2021-08-08;1
10002069001;2021-08-10;3
10002069001;2021-08-11;2
10002069001;2021-08-12;3
10002069001;2021-08-13;4
10002069001;2021-08-14;2
10002069001;2021-08-16;3
10002069001;2021-08-17;2
10002071001;2021-08-01;3
10002071001;2021-08-02;4
10002071001;2021-08-03;6
10002071001;2021-08-04;5
10002071001;2021-08-05;10
10002071001;2021-08-06;4
10002071001;2021-08-07;1
10002071001;2021-08-08;3
10002071001;2021-08-09;3
10002071001;2021-08-10;2
10002071001;2021-08-11;5
10002071001;2021-08-12;10
10002071001;2021-08-13;8
10002071001;2021-08-14;9
10002071001;2021-08-15;6
10002071001;2021-08-16;5
10002071001;2021-08-17;9
10002072001;2021-08-01;3
10002072001;2021-08-03;1
10002072001;2021-08-04;2
10002072001;2021-08-05;1
10002072001;2021-08-09;1
10002072001;2021-08-10;2
10002072001;2021-08-11;2
10002072001;2021-08-12;2
10002072001;2021-08-13;4
10002072001;2021-08-14;1
10002072001;2021-08-15;1
10002072001;2021-08-16;1
10002072001;2021-08-17;6
10002073001;2021-08-10;2
10002073001;2021-08-11;2
10002073001;2021-08-12;6
10002073001;2021-08-13;5
10002073001;2021-08-14;4
10002073001;2021-08-15;4
10002073001;2021-08-16;3
10002073001;2021-08-17;8
10002074001;2021-08-01;5
10002074001;2021-08-02;5
10002074001;2021-08-03;3
10002074001;2021-08-04;4
10002074001;2021-08-05;1
10002074001;2021-08-06;8
10002074001;2021-08-07;2
10002074001;2021-08-08;3
10002074001;2021-08-09;7
10002074001;2021-08-10;2
10002074001;2021-08-11;4
10002074001;2021-08-12;5
10002074001;2021-08-13;5
10002074001;2021-08-14;1
10002074001;2021-08-15;5
10002074001;2021-08-16;5
10002078001;2021-08-13;1
10002078001;2021-08-14;2
10002078001;2021-08-17;1
10002102001;2021-08-01;24
10002102001;2021-08-02;18
10002102001;2021-08-03;21
10002102001;2021-08-04;15
10002102001;2021-08-05;12
10002102001;2021-08-06;16
10002102001;2021-08-07;7
10002102001;2021-08-08;9
10002102001;2021-08-09;15
10002102001;2021-08-10;8
10002102001;2021-08-11;12
10002102001;2021-08-12;9
10002102001;2021-08-13;11
10002102001;2021-08-14;16
10002102001;2021-08-15;12
10002102001;2021-08-16;13
10002102001;2021-08-17;13
10002899001;2021-08-03;1
10002899001;2021-08-06;1
10002899001;2021-08-12;1
10002906001;2021-08-02;3
10002906001;2021-08-03;4
10002906001;2021-08-04;3
10002906001;2021-08-05;8
10002906001;2021-08-06;1
10002906001;2021-08-08;2
10002906001;2021-08-09;3
10002906001;2021-08-10;3
10002906001;2021-08-11;3
10002906001;2021-08-12;6
10002906001;2021-08-13;3
10002906001;2021-08-14;1
10002906001;2021-08-15;7
10002906001;2021-08-16;5
10002906001;2021-08-17;4
10002916001;2021-08-01;1
10002916001;2021-08-02;1
10002916001;2021-08-04;1
10002916001;2021-08-05;2
10002916001;2021-08-06;1
10002916001;2021-08-07;1
10002916001;2021-08-12;2
10002916001;2021-08-13;1
10002918001;2021-08-13;2
10002918001;2021-08-14;1
10002919001;2021-08-12;1
10002919001;2021-08-13;2
10002919001;2021-08-14;2
10002919001;2021-08-15;1
10002942001;2021-08-01;2
10002942001;2021-08-03;1
10002942001;2021-08-04;1
10002942001;2021-08-05;2
10002942001;2021-08-07;1
10002942001;2021-08-08;2
10002942001;2021-08-09;2
10002942001;2021-08-10;1
10002942001;2021-08-11;1
10002942001;2021-08-13;2
10002942001;2021-08-15;1
10002942001;2021-08-17;5
10002943001;2021-08-01;3
10002943001;2021-08-02;5
10002943001;2021-08-03;5
10002943001;2021-08-04;4
10002943001;2021-08-06;3
10002943001;2021-08-08;1
10002943001;2021-08-09;1
10002943001;2021-08-11;7
10002943001;2021-08-12;11
10002943001;2021-08-13;6
10002943001;2021-08-14;8
10002943001;2021-08-15;6
10002943001;2021-08-16;5
10002943001;2021-08-17;9
10002944001;2021-08-01;2
10002944001;2021-08-02;2
10002944001;2021-08-03;2
10002944001;2021-08-04;4
10002944001;2021-08-06;4
10002944001;2021-08-07;1
10002944001;2021-08-08;1
10002944001;2021-08-10;5
10002944001;2021-08-11;4
10002944001;2021-08-12;7
10002944001;2021-08-13;7
10002944001;2021-08-14;6
10002944001;2021-08-15;9
10002944001;2021-08-16;4
10002944001;2021-08-17;5
10010002001;2021-08-01;19
10010002001;2021-08-02;17
10010002001;2021-08-03;13
10010002001;2021-08-04;35
10010002001;2021-08-05;37
10010002001;2021-08-06;9
10010002001;2021-08-07;11
10010002001;2021-08-08;25
10010002001;2021-08-09;26
10010002001;2021-08-10;16
10010002001;2021-08-11;23
10010002001;2021-08-12;28
10010002001;2021-08-13;30
10010002001;2021-08-14;11
10010002001;2021-08-15;22
10010002001;2021-08-16;17
10010002001;2021-08-17;38
10010004001;2021-08-01;8
10010004001;2021-08-02;12
10010004001;2021-08-03;8
10010004001;2021-08-04;12
10010004001;2021-08-05;21
10010004001;2021-08-06;7
10010004001;2021-08-07;4
10010004001;2021-08-08;13
10010004001;2021-08-09;11
10010004001;2021-08-10;7
10010004001;2021-08-11;10
10010004001;2021-08-12;8
10010004001;2021-08-13;15
10010004001;2021-08-14;15
10010004001;2021-08-15;17
10010004001;2021-08-16;20
10010004001;2021-08-17;12
10010009001;2021-08-02;1
10010009001;2021-08-05;1
10010009001;2021-08-12;1
10010009001;2021-08-13;2
10010009001;2021-08-15;1
10010009001;2021-08-16;1
10010009001;2021-08-17;3
10010012001;2021-08-02;1
10010012001;2021-08-03;2
10010012001;2021-08-07;1
10010012001;2021-08-10;2
10010012001;2021-08-11;3
10010012001;2021-08-12;1
10010012001;2021-08-15;2
10010012001;2021-08-16;1
10010012001;2021-08-17;1
10010018001;2021-08-14;2
10010018001;2021-08-15;1
10010018001;2021-08-16;5
10010018001;2021-08-17;1
10010019001;2021-08-10;1
10010019001;2021-08-11;2
10010019001;2021-08-12;3
10010019001;2021-08-13;2
10010019001;2021-08-14;1
10010019001;2021-08-15;2
10010019001;2021-08-17;2
10010026001;2021-08-01;2
10010026001;2021-08-02;2
10010026001;2021-08-03;7
10010026001;2021-08-04;4
10010026001;2021-08-05;3
10010026001;2021-08-06;1
10010026001;2021-08-07;3
10010026001;2021-08-08;2
10010026001;2021-08-09;2
10010026001;2021-08-11;1
10010026001;2021-08-12;3
10010026001;2021-08-13;1
10010026001;2021-08-14;3
10010026001;2021-08-15;5
10010026001;2021-08-16;5
10010026001;2021-08-17;4
10010035001;2021-08-01;8
10010035001;2021-08-02;20
10010035001;2021-08-03;19
10010035001;2021-08-04;20
10010035001;2021-08-05;12
10010035001;2021-08-06;11
10010035001;2021-08-07;6
10010035001;2021-08-08;16
10010035001;2021-08-09;19
10010035001;2021-08-10;29
10010035001;2021-08-11;18
10010035001;2021-08-12;25
10010035001;2021-08-13;15
10010035001;2021-08-14;15
10010035001;2021-08-15;15
10010035001;2021-08-16;14
10010035001;2021-08-17;18
10010042001;2021-08-02;3
10010042001;2021-08-05;1
10010042001;2021-08-06;1
10010042001;2021-08-07;1
10010042001;2021-08-08;2
10010042001;2021-08-09;2
10010042001;2021-08-10;2
10010042001;2021-08-11;2
10010042001;2021-08-13;1
10010042001;2021-08-15;1
10010042001;2021-08-17;1
10010043001;2021-08-01;1
10010043001;2021-08-02;1
10010043001;2021-08-03;3
10010043001;2021-08-04;2
10010043001;2021-08-07;3
10010043001;2021-08-08;4
10010043001;2021-08-09;1
10010043001;2021-08-10;3
10010043001;2021-08-11;1
10010043001;2021-08-12;1
10010043001;2021-08-13;1
10010043001;2021-08-17;2
10011001001;2021-08-01;2
10011001001;2021-08-02;4
10011001001;2021-08-03;4
10011001001;2021-08-04;7
10011001001;2021-08-05;8
10011001001;2021-08-06;6
10011001001;2021-08-07;1
10011001001;2021-08-08;4
10011001001;2021-08-09;7
10011001001;2021-08-10;9
10011001001;2021-08-11;15
10011001001;2021-08-12;12
10011001001;2021-08-13;6
10011001001;2021-08-14;13
10011001001;2021-08-15;8
10011001001;2021-08-16;9
10011001001;2021-08-17;17
10011003001;2021-08-01;10
10011003001;2021-08-02;7
10011003001;2021-08-03;14
10011003001;2021-08-04;13
10011003001;2021-08-05;10
10011003001;2021-08-06;7
10011003001;2021-08-07;6
10011003001;2021-08-08;9
10011003001;2021-08-09;12
10011003001;2021-08-10;6
10011003001;2021-08-11;17
10011003001;2021-08-12;14
10011003001;2021-08-13;8
10011003001;2021-08-14;7
10011003001;2021-08-15;10
10011003001;2021-08-16;2
10011003001;2021-08-17;4
10011004001;2021-08-03;1
10011004001;2021-08-04;1
10011004001;2021-08-11;1
10011004001;2021-08-15;1
10011004001;2021-08-17;1
10011007001;2021-08-02;2
10011007001;2021-08-03;1
10011007001;2021-08-05;2
10011007001;2021-08-09;1
10011007001;2021-08-11;1
10011007001;2021-08-14;2
10011016001;2021-08-01;4
10011016001;2021-08-02;3
10011016001;2021-08-03;3
10011016001;2021-08-04;9
10011016001;2021-08-05;9
10011016001;2021-08-06;10
10011016001;2021-08-07;6
10011016001;2021-08-08;5
10011016001;2021-08-09;3
10011016001;2021-08-10;5
10011016001;2021-08-11;6
10011016001;2021-08-12;6
10011016001;2021-08-13;5
10011016001;2021-08-14;10
10011016001;2021-08-15;12
10011016001;2021-08-16;11
10011016001;2021-08-17;6
10011021001;2021-08-01;2
10011021001;2021-08-02;1
10011021001;2021-08-04;1
10011021001;2021-08-05;1
10011021001;2021-08-06;2
10011021001;2021-08-09;3
10011021001;2021-08-11;3
10011021001;2021-08-12;3
10011021001;2021-08-13;1
10011021001;2021-08-14;1
10011021001;2021-08-16;5
10011021001;2021-08-17;1
10011023001;2021-08-01;3
10011023001;2021-08-02;11
10011023001;2021-08-03;5
10011023001;2021-08-04;7
10011023001;2021-08-05;9
10011023001;2021-08-07;2
10011023001;2021-08-08;3
10011023001;2021-08-09;6
10011023001;2021-08-10;6
10011023001;2021-08-11;5
10011023001;2021-08-12;2
10011023001;2021-08-13;2
10011023001;2021-08-14;1
10011023001;2021-08-15;7
10011023001;2021-08-16;4
10011023001;2021-08-17;6
10011028001;2021-08-03;4
10011028001;2021-08-08;1
10011028001;2021-08-09;1
10011028001;2021-08-12;1
10011028001;2021-08-15;2
10012002001;2021-08-10;1
10012004001;2021-08-01;20
10012004001;2021-08-02;5
10012004001;2021-08-03;8
10012004001;2021-08-04;5
10012004001;2021-08-05;12
10012004001;2021-08-06;4
10012004001;2021-08-07;2
10012004001;2021-08-08;5
10012004001;2021-08-09;2
10012004001;2021-08-10;5
10012004001;2021-08-12;1
10012004001;2021-08-13;1
10012004001;2021-08-14;12
10012004001;2021-08-15;3
10012004001;2021-08-16;2
10012004001;2021-08-17;2
10012006001;2021-08-01;1
10012006001;2021-08-02;9
10012006001;2021-08-04;1
10012006001;2021-08-05;3
10012006001;2021-08-07;2
10012006001;2021-08-08;3
10012006001;2021-08-09;5
10012006001;2021-08-10;2
10012006001;2021-08-11;4
10012006001;2021-08-12;3
10012006001;2021-08-13;4
10012006001;2021-08-14;3
10012006001;2021-08-15;4
10012006001;2021-08-16;4
10012006001;2021-08-17;5
10012009001;2021-08-02;2
10012009001;2021-08-04;1
10012009001;2021-08-17;1
10012899001;2021-08-01;4
10012899001;2021-08-02;4
10012899001;2021-08-03;4
10012899001;2021-08-04;5
10012899001;2021-08-05;4
10012899001;2021-08-06;4
10012899001;2021-08-08;3
10012899001;2021-08-09;3
10012899001;2021-08-10;4
10012899001;2021-08-11;2
10012899001;2021-08-12;4
10012899001;2021-08-13;3
10012899001;2021-08-14;4
10012899001;2021-08-15;2
10012899001;2021-08-16;1
10012899001;2021-08-17;2
10013003001;2021-08-01;5
10013003001;2021-08-02;3
10013003001;2021-08-03;7
10013003001;2021-08-04;11
10013003001;2021-08-05;8
10013003001;2021-08-06;4
10013003001;2021-08-07;8
10013003001;2021-08-08;6
10013003001;2021-08-09;2
10013003001;2021-08-10;3
10013003001;2021-08-11;6
10013003001;2021-08-12;6
10013003001;2021-08-13;12
10013003001;2021-08-14;9
10013003001;2021-08-15;39
10013003001;2021-08-16;17
10013003001;2021-08-17;6
10013004001;2021-08-12;1
10013004001;2021-08-14;1
10013005001;2021-08-02;2
10013005001;2021-08-03;5
10013005001;2021-08-04;1
10013005001;2021-08-05;4
10013005001;2021-08-06;2
10013005001;2021-08-07;2
10013005001;2021-08-08;5
10013005001;2021-08-09;3
10013005001;2021-08-10;9
10013005001;2021-08-11;9
10013005001;2021-08-12;8
10013005001;2021-08-13;5
10013005001;2021-08-14;7
10013005001;2021-08-15;12
10013005001;2021-08-16;13
10013005001;2021-08-17;10
10013007001;2021-08-14;2
10013007001;2021-08-16;2
10013007001;2021-08-17;1
10013012001;2021-08-01;2
10013012001;2021-08-02;9
10013012001;2021-08-03;4
10013012001;2021-08-04;7
10013012001;2021-08-05;3
10013012001;2021-08-07;4
10013012001;2021-08-08;4
10013012001;2021-08-09;10
10013012001;2021-08-10;8
10013012001;2021-08-11;4
10013012001;2021-08-12;9
10013012001;2021-08-13;2
10013012001;2021-08-14;1
10013012001;2021-08-15;4
10013012001;2021-08-16;3
10013012001;2021-08-17;5
10014009001;2021-08-02;1
10014009001;2021-08-03;6
10014009001;2021-08-04;6
10014009001;2021-08-05;3
10014009001;2021-08-06;8
10014009001;2021-08-07;4
10014009001;2021-08-08;4
10014009001;2021-08-09;1
10014009001;2021-08-10;10
10014009001;2021-08-11;10
10014009001;2021-08-12;6
10014009001;2021-08-13;3
10014009001;2021-08-14;4
10014009001;2021-08-15;8
10014009001;2021-08-16;5
10014009001;2021-08-17;7
10014018001;2021-08-16;1
10014020001;2021-08-01;3
10014020001;2021-08-02;3
10014020001;2021-08-03;1
10014020001;2021-08-04;7
10014020001;2021-08-05;4
10014020001;2021-08-06;1
10014020001;2021-08-07;2
10014020001;2021-08-08;3
10014020001;2021-08-11;3
10014020001;2021-08-12;3
10014020001;2021-08-13;2
10014020001;2021-08-14;4
10014020001;2021-08-15;7
10014020001;2021-08-16;3
10014020001;2021-08-17;10
10014023001;2021-08-01;8
10014023001;2021-08-02;14
10014023001;2021-08-03;21
10014023001;2021-08-04;10
10014023001;2021-08-05;13
10014023001;2021-08-06;1
10014023001;2021-08-07;4
10014023001;2021-08-08;5
10014023001;2021-08-09;4
10014023001;2021-08-10;2
10014023001;2021-08-11;10
10014023001;2021-08-12;10
10014023001;2021-08-13;7
10014023001;2021-08-14;1
10014023001;2021-08-15;6
10014023001;2021-08-16;3
10014023001;2021-08-17;5
10014024001;2021-08-02;2
10014024001;2021-08-03;3
10014024001;2021-08-04;5
10014024001;2021-08-05;1
10014024001;2021-08-06;1
10014024001;2021-08-11;2
10014024001;2021-08-15;1
10014028001;2021-08-01;3
10014028001;2021-08-02;6
10014028001;2021-08-03;8
10014028001;2021-08-04;7
10014028001;2021-08-05;11
10014028001;2021-08-06;5
10014028001;2021-08-07;2
10014028001;2021-08-08;5
10014028001;2021-08-09;9
10014028001;2021-08-10;14
10014028001;2021-08-11;2
10014028001;2021-08-12;13
10014028001;2021-08-13;4
10014028001;2021-08-14;12
10014028001;2021-08-15;6
10014028001;2021-08-16;17
10014028001;2021-08-17;15
10014029001;2021-08-01;1
10014029001;2021-08-02;1
10014029001;2021-08-05;1
10014029001;2021-08-06;1
10014029001;2021-08-10;1
10014029001;2021-08-11;3
10014029001;2021-08-12;3
10014029001;2021-08-13;1
10014029001;2021-08-14;4
10014029001;2021-08-15;4
10014029001;2021-08-17;1
10014030001;2021-08-01;1
10014030001;2021-08-02;1
10014030001;2021-08-04;3
10014030001;2021-08-05;3
10014030001;2021-08-06;1
10014030001;2021-08-09;1
10014030001;2021-08-11;1
10014032001;2021-08-01;1
10014032001;2021-08-02;3
10014032001;2021-08-03;1
10014032001;2021-08-04;3
10014032001;2021-08-05;4
10014032001;2021-08-07;3
10014032001;2021-08-08;1
10014032001;2021-08-09;1
10014032001;2021-08-10;1
10014032001;2021-08-11;2
10014032001;2021-08-12;1
10014032001;2021-08-13;3
10014032001;2021-08-14;8
10014032001;2021-08-15;10
10014032001;2021-08-16;2
10014032001;2021-08-17;1
10014033001;2021-08-01;3
10014033001;2021-08-02;5
10014033001;2021-08-03;3
10014033001;2021-08-04;5
10014033001;2021-08-05;11
10014033001;2021-08-06;5
10014033001;2021-08-07;5
10014033001;2021-08-08;3
10014033001;2021-08-09;3
10014033001;2021-08-10;3
10014033001;2021-08-11;5
10014033001;2021-08-12;5
10014033001;2021-08-13;7
10014033001;2021-08-14;8
10014033001;2021-08-15;9
10014033001;2021-08-16;14
10014033001;2021-08-17;4
10014037001;2021-08-01;1
10014037001;2021-08-02;1
10014037001;2021-08-03;1
10014037001;2021-08-04;2
10014037001;2021-08-05;1
10014037001;2021-08-09;1
10014037001;2021-08-11;1
10014037001;2021-08-13;2
10014037001;2021-08-14;3
10014037001;2021-08-17;1
10014043001;2021-08-04;1
10014051001;2021-08-01;1
10014051001;2021-08-02;2
10014051001;2021-08-03;2
10014051001;2021-08-04;1
10014051001;2021-08-05;2
10014051001;2021-08-07;3
10014051001;2021-08-08;2
10014051001;2021-08-09;2
10014051001;2021-08-10;2
10014051001;2021-08-11;3
10014051001;2021-08-12;3
10014051001;2021-08-13;1
10014051001;2021-08-14;6
10014051001;2021-08-15;3
10014051001;2021-08-16;4
10014051001;2021-08-17;8
10014055001;2021-08-05;1
10014062001;2021-08-01;1
10014062001;2021-08-03;1
10014062001;2021-08-05;1
10014067001;2021-08-01;1
10014067001;2021-08-14;1
10014067001;2021-08-15;1
10014067001;2021-08-16;1
10014069001;2021-08-03;1
10014073001;2021-08-17;1
10014080001;2021-08-01;2
10014080001;2021-08-03;2
10014080001;2021-08-04;2
10014080001;2021-08-05;2
10014080001;2021-08-07;1
10014080001;2021-08-09;1
10014080001;2021-08-11;1
10014080001;2021-08-12;1
10014080001;2021-08-13;1
10014080001;2021-08-16;1
10014090001;2021-08-01;8
10014090001;2021-08-02;7
10014090001;2021-08-03;12
10014090001;2021-08-04;9
10014090001;2021-08-05;12
10014090001;2021-08-06;7
10014090001;2021-08-07;4
10014090001;2021-08-08;8
10014090001;2021-08-09;10
10014090001;2021-08-10;12
10014090001;2021-08-11;12
10014090001;2021-08-12;19
10014090001;2021-08-13;5
10014090001;2021-08-14;13
10014090001;2021-08-15;16
10014090001;2021-08-16;28
10014090001;2021-08-17;23
10014092001;2021-08-01;2
10014092001;2021-08-02;2
10014092001;2021-08-03;3
10014092001;2021-08-05;6
10014092001;2021-08-06;4
10014092001;2021-08-07;4
10014092001;2021-08-08;3
10014092001;2021-08-09;1
10014092001;2021-08-10;2
10014092001;2021-08-12;3
10014092001;2021-08-13;4
10014092001;2021-08-14;5
10014092001;2021-08-15;4
10014092001;2021-08-16;2
10014097001;2021-08-01;1
10014097001;2021-08-14;1
10014097001;2021-08-17;1
10014106001;2021-08-05;1
10014106001;2021-08-09;1
10014106001;2021-08-12;1
10014106001;2021-08-14;1
10014110001;2021-08-14;1
10014110001;2021-08-15;2
10014111001;2021-08-08;1
10014111001;2021-08-09;2
10014111001;2021-08-11;1
10014111001;2021-08-12;1
10014111001;2021-08-14;2
10014111001;2021-08-15;1
10014111001;2021-08-16;2
10014111001;2021-08-17;1
10014113001;2021-08-01;2
10014113001;2021-08-02;3
10014113001;2021-08-03;3
10014113001;2021-08-04;1
10014113001;2021-08-05;1
10014113001;2021-08-07;3
10014113001;2021-08-08;2
10014113001;2021-08-09;1
10014113001;2021-08-10;6
10014113001;2021-08-11;5
10014113001;2021-08-12;4
10014113001;2021-08-13;3
10014113001;2021-08-14;4
10014113001;2021-08-15;7
10014113001;2021-08-16;6
10014113001;2021-08-17;5
10014126001;2021-08-08;1
10014126001;2021-08-09;1
10014126001;2021-08-10;1
10014126001;2021-08-11;1
10014126001;2021-08-12;1
10014126001;2021-08-13;1
10014126001;2021-08-14;4
10014126001;2021-08-15;1
10014126001;2021-08-16;2
10014126001;2021-08-17;5
10014130001;2021-08-01;2
10014130001;2021-08-08;2
10014130001;2021-08-09;1
10014130001;2021-08-10;2
10014130001;2021-08-15;1
10014130001;2021-08-17;4
10014898001;2021-08-10;1
10014898001;2021-08-11;1
10014898001;2021-08-12;3
10014898001;2021-08-13;1
10014898001;2021-08-15;4
10014898001;2021-08-16;3
10014898001;2021-08-17;1
10015007001;2021-08-01;7
10015007001;2021-08-02;3
10015007001;2021-08-03;13
10015007001;2021-08-04;5
10015007001;2021-08-05;5
10015007001;2021-08-06;3
10015007001;2021-08-07;4
10015007001;2021-08-08;6
10015007001;2021-08-09;6
10015007001;2021-08-10;11
10015007001;2021-08-11;12
10015007001;2021-08-12;5
10015007001;2021-08-13;13
10015007001;2021-08-14;11
10015007001;2021-08-15;8
10015007001;2021-08-16;13
10015007001;2021-08-17;7
10015011001;2021-08-01;1
10015011001;2021-08-02;2
10015011001;2021-08-03;4
10015011001;2021-08-04;3
10015011001;2021-08-05;1
10015011001;2021-08-06;1
10015011001;2021-08-07;1
10015011001;2021-08-09;1
10015011001;2021-08-10;8
10015011001;2021-08-11;3
10015011001;2021-08-12;3
10015011001;2021-08-13;1
10015011001;2021-08-14;5
10015011001;2021-08-15;9
10015011001;2021-08-16;10
10015011001;2021-08-17;8
10016002001;2021-08-03;1
10016002001;2021-08-11;1
10016002001;2021-08-13;1
10016002001;2021-08-14;1
10016002001;2021-08-15;2
10016002001;2021-08-17;1
10016011001;2021-08-02;1
10016011001;2021-08-04;1
10016011001;2021-08-05;1
10016011001;2021-08-06;1
10016011001;2021-08-09;1
10016011001;2021-08-12;1
10016011001;2021-08-13;1
10016011001;2021-08-14;2
10016011001;2021-08-15;1
10016011001;2021-08-16;1
10016011001;2021-08-17;1
10016014001;2021-08-01;4
10016014001;2021-08-03;2
10016014001;2021-08-04;1
10016014001;2021-08-05;2
10016014001;2021-08-08;1
10016014001;2021-08-09;1
10016014001;2021-08-13;1
10016014001;2021-08-17;3
10016015001;2021-08-01;2
10016015001;2021-08-02;4
10016015001;2021-08-03;5
10016015001;2021-08-04;3
10016015001;2021-08-05;2
10016015001;2021-08-06;2
10016015001;2021-08-07;1
10016015001;2021-08-08;4
10016015001;2021-08-09;3
10016015001;2021-08-10;4
10016015001;2021-08-11;3
10016015001;2021-08-12;5
10016015001;2021-08-13;6
10016015001;2021-08-14;3
10016015001;2021-08-15;3
10016015001;2021-08-16;6
10016015001;2021-08-17;4
10016020001;2021-08-01;2
10016020001;2021-08-02;1
10016020001;2021-08-03;4
10016020001;2021-08-04;3
10016020001;2021-08-05;5
10016020001;2021-08-06;1
10016020001;2021-08-09;3
10016020001;2021-08-10;1
10016020001;2021-08-11;2
10016020001;2021-08-12;2
10016020001;2021-08-13;3
10016020001;2021-08-14;6
10016020001;2021-08-15;1
10016020001;2021-08-17;4
10020002001;2021-08-01;3
10020002001;2021-08-02;1
10020002001;2021-08-03;2
10020002001;2021-08-04;2
10020002001;2021-08-05;2
10020002001;2021-08-06;1
10020002001;2021-08-08;5
10020002001;2021-08-09;4
10020002001;2021-08-10;3
10020002001;2021-08-11;4
10020002001;2021-08-12;1
10020002001;2021-08-13;2
10020002001;2021-08-15;3
10020002001;2021-08-16;1
10020002001;2021-08-17;2
10020003001;2021-08-01;1
10020003001;2021-08-02;1
10020003001;2021-08-03;1
10020003001;2021-08-04;1
10020003001;2021-08-05;1
10020003001;2021-08-06;1
10020003001;2021-08-07;1
10020003001;2021-08-08;1
10020004001;2021-08-01;3
10020004001;2021-08-02;1
10020004001;2021-08-03;2
10020004001;2021-08-04;6
10020004001;2021-08-06;2
10020004001;2021-08-08;1
10020004001;2021-08-09;2
10020004001;2021-08-10;2
10020004001;2021-08-12;2
10020004001;2021-08-13;2
10020004001;2021-08-14;2
10020004001;2021-08-15;3
10020004001;2021-08-16;3
10020004001;2021-08-17;2
10020006001;2021-08-03;1
10020007001;2021-08-01;7
10020007001;2021-08-02;10
10020007001;2021-08-03;15
10020007001;2021-08-04;8
10020007001;2021-08-05;15
10020007001;2021-08-06;4
10020007001;2021-08-07;7
10020007001;2021-08-08;13
10020007001;2021-08-09;8
10020007001;2021-08-10;23
10020007001;2021-08-11;19
10020007001;2021-08-12;19
10020007001;2021-08-13;12
10020007001;2021-08-14;11
10020007001;2021-08-15;20
10020007001;2021-08-16;25
10020007001;2021-08-17;15
10020011001;2021-08-01;4
10020011001;2021-08-02;1
10020011001;2021-08-03;3
10020011001;2021-08-05;4
10020011001;2021-08-07;2
10020011001;2021-08-08;2
10020011001;2021-08-09;7
10020011001;2021-08-10;4
10020011001;2021-08-11;3
10020011001;2021-08-12;6
10020011001;2021-08-13;2
10020011001;2021-08-14;2
10020011001;2021-08-15;2
10020011001;2021-08-16;7
10020011001;2021-08-17;5
10020012001;2021-08-01;1
10020012001;2021-08-02;1
10020012001;2021-08-03;1
10020012001;2021-08-04;1
10020012001;2021-08-05;1
10020012001;2021-08-06;2
10020012001;2021-08-09;1
10020012001;2021-08-10;3
10020012001;2021-08-12;1
10020015001;2021-08-01;1
10020015001;2021-08-02;1
10020015001;2021-08-03;4
10020015001;2021-08-04;3
10020015001;2021-08-05;2
10020015001;2021-08-08;2
10020015001;2021-08-09;2
10020015001;2021-08-10;2
10020015001;2021-08-11;2
10020015001;2021-08-12;3
10020015001;2021-08-13;1
10020015001;2021-08-14;2
10020015001;2021-08-15;3
10020015001;2021-08-16;2
10020015001;2021-08-17;2
10020016001;2021-08-05;1
10020016001;2021-08-09;3
10020016001;2021-08-10;1
10020016001;2021-08-11;3
10020016001;2021-08-12;1
10020016001;2021-08-14;2
10020016001;2021-08-15;1
10020016001;2021-08-16;3
10020017001;2021-08-06;1
10020017001;2021-08-09;1
10020018001;2021-08-01;6
10020018001;2021-08-02;10
10020018001;2021-08-03;8
10020018001;2021-08-04;12
10020018001;2021-08-05;5
10020018001;2021-08-06;2
10020018001;2021-08-07;4
10020018001;2021-08-08;5
10020018001;2021-08-09;4
10020018001;2021-08-10;12
10020018001;2021-08-11;9
10020018001;2021-08-12;10
10020018001;2021-08-13;5
10020018001;2021-08-14;6
10020018001;2021-08-15;16
10020018001;2021-08-16;15
10020018001;2021-08-17;8
10020019001;2021-08-01;1
10020019001;2021-08-02;2
10020019001;2021-08-03;1
10020019001;2021-08-04;3
10020019001;2021-08-05;1
10020019001;2021-08-13;1
10020019001;2021-08-16;3
10020024001;2021-08-02;1
10020024001;2021-08-03;1
10020024001;2021-08-04;1
10020024001;2021-08-05;2
10020024001;2021-08-06;2
10020024001;2021-08-09;3
10020024001;2021-08-10;1
10020024001;2021-08-11;1
10020024001;2021-08-12;1
10020024001;2021-08-13;2
10020024001;2021-08-14;1
10020024001;2021-08-15;3
10020024001;2021-08-16;1
10020024001;2021-08-17;5
10020025001;2021-08-02;2
10020025001;2021-08-03;2
10020025001;2021-08-04;1
10020025001;2021-08-09;1
10020025001;2021-08-10;2
10020025001;2021-08-11;1
10020025001;2021-08-12;2
10020025001;2021-08-16;1
10020025001;2021-08-17;4
10020027001;2021-08-01;4
10020027001;2021-08-02;5
10020027001;2021-08-03;4
10020027001;2021-08-04;7
10020027001;2021-08-05;7
10020027001;2021-08-06;3
10020027001;2021-08-07;6
10020027001;2021-08-08;3
10020027001;2021-08-09;3
10020027001;2021-08-10;5
10020027001;2021-08-11;2
10020027001;2021-08-12;3
10020027001;2021-08-13;7
10020027001;2021-08-14;2
10020027001;2021-08-15;7
10020027001;2021-08-16;6
10020027001;2021-08-17;4
10020028001;2021-08-04;1
10020028001;2021-08-06;1
10020028001;2021-08-09;1
10020033001;2021-08-01;2
10020033001;2021-08-02;3
10020033001;2021-08-03;6
10020033001;2021-08-04;3
10020033001;2021-08-05;4
10020033001;2021-08-06;1
10020033001;2021-08-07;4
10020033001;2021-08-09;2
10020033001;2021-08-11;2
10020033001;2021-08-12;3
10020033001;2021-08-13;1
10020033001;2021-08-14;1
10020033001;2021-08-15;3
10020033001;2021-08-16;2
10020033001;2021-08-17;1
10020034001;2021-08-02;1
10020034001;2021-08-05;2
10020034001;2021-08-06;1
10020034001;2021-08-08;1
10020034001;2021-08-10;1
10020034001;2021-08-11;2
10020034001;2021-08-15;2
10020034001;2021-08-16;4
10020034001;2021-08-17;1
10020036001;2021-08-01;2
10020036001;2021-08-02;3
10020036001;2021-08-03;2
10020036001;2021-08-04;2
10020036001;2021-08-05;2
10020036001;2021-08-07;1
10020036001;2021-08-10;1
10020036001;2021-08-11;4
10020036001;2021-08-14;4
10020036001;2021-08-15;1
10020036001;2021-08-16;2
10020036001;2021-08-17;1
10020037001;2021-08-01;1
10020041001;2021-08-01;2
10020041001;2021-08-02;2
10020041001;2021-08-03;5
10020041001;2021-08-04;9
10020041001;2021-08-05;3
10020041001;2021-08-06;2
10020041001;2021-08-08;6
10020041001;2021-08-09;6
10020041001;2021-08-10;6
10020041001;2021-08-11;5
10020041001;2021-08-12;2
10020041001;2021-08-13;5
10020041001;2021-08-14;4
10020041001;2021-08-15;10
10020041001;2021-08-16;13
10020041001;2021-08-17;6
10020042001;2021-08-01;2
10020042001;2021-08-10;4
10020042001;2021-08-11;3
10020042001;2021-08-12;2
10020042001;2021-08-13;3
10020042001;2021-08-14;1
10020042001;2021-08-15;3
10020042001;2021-08-16;1
10020042001;2021-08-17;2
10020046001;2021-08-03;2
10020046001;2021-08-08;2
10020046001;2021-08-10;1
10020046001;2021-08-12;2
10020046001;2021-08-15;1
10020046001;2021-08-16;1
10021001001;2021-08-01;17
10021001001;2021-08-02;15
10021001001;2021-08-03;12
10021001001;2021-08-04;24
10021001001;2021-08-05;12
10021001001;2021-08-06;10
10021001001;2021-08-07;9
10021001001;2021-08-08;17
10021001001;2021-08-09;18
10021001001;2021-08-10;8
10021001001;2021-08-11;16
10021001001;2021-08-12;11
10021001001;2021-08-13;8
10021001001;2021-08-14;4
10021001001;2021-08-15;11
10021001001;2021-08-16;3
10021001001;2021-08-17;6
10021001001;2021-08-18;1
10021005001;2021-08-15;2
10021005001;2021-08-16;2
10021005001;2021-08-17;3
10021006001;2021-08-01;12
10021006001;2021-08-02;10
10021006001;2021-08-03;26
10021006001;2021-08-04;19
10021006001;2021-08-05;17
10021006001;2021-08-06;10
10021006001;2021-08-07;7
10021006001;2021-08-08;9
10021006001;2021-08-09;4
10021006001;2021-08-10;8
10021006001;2021-08-11;14
10021006001;2021-08-12;17
10021006001;2021-08-13;18
10021006001;2021-08-14;29
10021006001;2021-08-15;21
10021006001;2021-08-16;21
10021006001;2021-08-17;34
10021007001;2021-08-01;6
10021007001;2021-08-02;6
10021007001;2021-08-03;5
10021007001;2021-08-04;3
10021007001;2021-08-05;3
10021007001;2021-08-06;4
10021007001;2021-08-07;4
10021007001;2021-08-08;2
10021007001;2021-08-09;3
10021007001;2021-08-10;1
10021007001;2021-08-11;4
10021007001;2021-08-12;5
10021007001;2021-08-13;7
10021007001;2021-08-14;5
10021007001;2021-08-15;6
10021007001;2021-08-16;4
10021007001;2021-08-17;1
10021008001;2021-08-01;41
10021008001;2021-08-02;25
10021008001;2021-08-03;23
10021008001;2021-08-04;33
10021008001;2021-08-05;42
10021008001;2021-08-06;27
10021008001;2021-08-07;5
10021008001;2021-08-08;30
10021008001;2021-08-09;55
10021008001;2021-08-10;40
10021008001;2021-08-11;16
10021008001;2021-08-12;13
10021008001;2021-08-13;8
10021008001;2021-08-14;9
10021008001;2021-08-15;24
10021008001;2021-08-16;18
10021008001;2021-08-17;24
10021009001;2021-08-03;3
10021009001;2021-08-04;3
10021009001;2021-08-05;10
10021009001;2021-08-06;3
10021009001;2021-08-07;1
10021009001;2021-08-08;8
10021009001;2021-08-09;8
10021009001;2021-08-10;1
10021009001;2021-08-11;4
10021009001;2021-08-12;1
10021009001;2021-08-13;22
10021009001;2021-08-14;9
10021009001;2021-08-15;7
10021009001;2021-08-16;12
10021009001;2021-08-17;10
10021010001;2021-08-01;1
10021010001;2021-08-02;1
10021010001;2021-08-03;2
10021010001;2021-08-04;2
10021010001;2021-08-05;3
10021010001;2021-08-06;2
10021010001;2021-08-07;1
10021010001;2021-08-08;3
10021010001;2021-08-09;1
10021010001;2021-08-10;1
10021010001;2021-08-11;3
10021010001;2021-08-12;2
10021010001;2021-08-13;1
10021010001;2021-08-15;2
10021010001;2021-08-16;3
10021010001;2021-08-17;4
10021015001;2021-08-01;3
10021015001;2021-08-02;1
10021015001;2021-08-03;4
10021015001;2021-08-04;3
10021015001;2021-08-05;3
10021015001;2021-08-06;1
10021015001;2021-08-08;2
10021015001;2021-08-10;7
10021015001;2021-08-11;1
10021015001;2021-08-12;3
10021015001;2021-08-13;4
10021015001;2021-08-14;3
10021015001;2021-08-15;3
10021015001;2021-08-16;4
10021015001;2021-08-17;1
10021016001;2021-08-01;14
10021016001;2021-08-02;13
10021016001;2021-08-03;15
10021016001;2021-08-04;5
10021016001;2021-08-05;14
10021016001;2021-08-06;8
10021016001;2021-08-07;3
10021016001;2021-08-08;12
10021016001;2021-08-09;10
10021016001;2021-08-10;14
10021016001;2021-08-11;10
10021016001;2021-08-12;10
10021016001;2021-08-13;12
10021016001;2021-08-14;9
10021016001;2021-08-15;6
10021016001;2021-08-16;10
10021016001;2021-08-17;12
10021017001;2021-08-01;7
10021017001;2021-08-02;6
10021017001;2021-08-03;5
10021017001;2021-08-04;2
10021017001;2021-08-05;5
10021017001;2021-08-06;3
10021017001;2021-08-08;4
10021017001;2021-08-09;2
10021017001;2021-08-10;5
10021017001;2021-08-11;8
10021017001;2021-08-12;2
10021017001;2021-08-13;5
10021017001;2021-08-15;1
10021017001;2021-08-16;3
10021017001;2021-08-17;3
10021018001;2021-08-01;2
10021018001;2021-08-02;2
10021018001;2021-08-03;1
10021018001;2021-08-04;1
10021018001;2021-08-06;1
10021018001;2021-08-08;1
10021018001;2021-08-09;1
10021018001;2021-08-10;1
10021021001;2021-08-01;4
10021021001;2021-08-02;1
10021021001;2021-08-03;8
10021021001;2021-08-04;4
10021021001;2021-08-05;3
10021021001;2021-08-06;4
10021021001;2021-08-07;3
10021021001;2021-08-09;2
10021021001;2021-08-10;3
10021021001;2021-08-11;1
10021021001;2021-08-12;2
10021021001;2021-08-14;2
10021021001;2021-08-15;1
10021021001;2021-08-16;5
10021021001;2021-08-17;3
10021022001;2021-08-01;1
10021022001;2021-08-02;1
10021022001;2021-08-03;5
10021022001;2021-08-04;1
10021022001;2021-08-06;1
10021022001;2021-08-07;1
10021022001;2021-08-10;1
10021022001;2021-08-12;1
10021022001;2021-08-14;3
10021022001;2021-08-15;1
10021023001;2021-08-06;1
10021023001;2021-08-08;1
10021023001;2021-08-11;1
10021023001;2021-08-13;1
10021025001;2021-08-01;51
10021025001;2021-08-02;32
10021025001;2021-08-03;78
10021025001;2021-08-04;65
10021025001;2021-08-05;59
10021025001;2021-08-06;45
10021025001;2021-08-07;36
10021025001;2021-08-08;52
10021025001;2021-08-09;55
10021025001;2021-08-10;40
10021025001;2021-08-11;44
10021025001;2021-08-12;73
10021025001;2021-08-13;47
10021025001;2021-08-14;75
10021025001;2021-08-15;75
10021025001;2021-08-16;92
10021025001;2021-08-17;88
10021025001;2021-08-18;1
10021026001;2021-08-01;96
10021026001;2021-08-02;82
10021026001;2021-08-03;155
10021026001;2021-08-04;111
10021026001;2021-08-05;99
10021026001;2021-08-06;85
10021026001;2021-08-07;71
10021026001;2021-08-08;87
10021026001;2021-08-09;80
10021026001;2021-08-10;43
10021026001;2021-08-11;98
10021026001;2021-08-12;110
10021026001;2021-08-13;95
10021026001;2021-08-14;51
10021026001;2021-08-15;86
10021026001;2021-08-16;40
10021026001;2021-08-17;106
10021027001;2021-08-01;5
10021027001;2021-08-02;2
10021027001;2021-08-03;11
10021027001;2021-08-04;4
10021027001;2021-08-05;5
10021027001;2021-08-06;2
10021027001;2021-08-07;2
10021027001;2021-08-08;2
10021027001;2021-08-09;5
10021027001;2021-08-10;14
10021027001;2021-08-11;12
10021027001;2021-08-12;14
10021027001;2021-08-13;8
10021027001;2021-08-15;21
10021027001;2021-08-16;24
10021027001;2021-08-17;20
10021034001;2021-08-01;4
10021034001;2021-08-03;2
10021034001;2021-08-05;2
10021034001;2021-08-06;2
10021034001;2021-08-09;2
10021034001;2021-08-10;1
10021034001;2021-08-11;3
10021034001;2021-08-12;2
10021034001;2021-08-13;2
10021034001;2021-08-14;8
10021034001;2021-08-15;1
10021034001;2021-08-16;2
10021035001;2021-08-01;9
10021035001;2021-08-02;23
10021035001;2021-08-03;43
10021035001;2021-08-04;27
10021035001;2021-08-05;19
10021035001;2021-08-06;12
10021035001;2021-08-07;15
10021035001;2021-08-08;15
10021035001;2021-08-09;11
10021035001;2021-08-10;21
10021035001;2021-08-11;37
10021035001;2021-08-12;37
10021035001;2021-08-13;33
10021035001;2021-08-14;19
10021035001;2021-08-15;42
10021035001;2021-08-16;16
10021035001;2021-08-17;30
10021040001;2021-08-02;1
10021040001;2021-08-05;1
10021040001;2021-08-08;1
10021040001;2021-08-10;1
10021040001;2021-08-14;3
10022003001;2021-08-02;1
10022003001;2021-08-03;1
10022003001;2021-08-11;1
10022006001;2021-08-10;1
10022006001;2021-08-15;1
10022006001;2021-08-16;1
10022008001;2021-08-04;1
10022008001;2021-08-08;2
10022008001;2021-08-10;1
10022008001;2021-08-12;2
10022008001;2021-08-13;1
10022008001;2021-08-15;2
10022008001;2021-08-16;1
10022008001;2021-08-17;6
10022011001;2021-08-01;1
10022011001;2021-08-02;2
10022011001;2021-08-03;6
10022011001;2021-08-04;1
10022011001;2021-08-05;1
10022011001;2021-08-06;2
10022011001;2021-08-07;2
10022011001;2021-08-08;1
10022011001;2021-08-09;3
10022011001;2021-08-10;1
10022011001;2021-08-11;2
10022011001;2021-08-12;5
10022011001;2021-08-13;1
10022011001;2021-08-14;3
10022011001;2021-08-15;1
10022011001;2021-08-17;3
10022012001;2021-08-08;1
10022012001;2021-08-11;1
10022012001;2021-08-13;1
10022014001;2021-08-02;1
10022014001;2021-08-03;2
10022014001;2021-08-04;2
10022014001;2021-08-05;2
10022014001;2021-08-07;1
10022014001;2021-08-08;1
10022014001;2021-08-09;1
10022014001;2021-08-15;3
10022015001;2021-08-02;1
10022015001;2021-08-03;1
10022015001;2021-08-09;1
10022015001;2021-08-14;1
10022015001;2021-08-16;1
10022016001;2021-08-11;2
10022016001;2021-08-13;2
10022016001;2021-08-14;2
10022016001;2021-08-15;1
10022016001;2021-08-17;1
10022020001;2021-08-02;1
10022020001;2021-08-08;1
10022020001;2021-08-11;1
10022020001;2021-08-14;1
10022020001;2021-08-15;2
10022020001;2021-08-16;1
10022020001;2021-08-17;3
10022024001;2021-08-05;2
10022024001;2021-08-11;1
10022024001;2021-08-13;1
10022030001;2021-08-01;1
10022030001;2021-08-02;3
10022030001;2021-08-03;4
10022030001;2021-08-04;6
10022030001;2021-08-05;5
10022030001;2021-08-06;4
10022030001;2021-08-07;1
10022030001;2021-08-08;3
10022030001;2021-08-09;3
10022030001;2021-08-10;3
10022030001;2021-08-11;8
10022030001;2021-08-12;2
10022030001;2021-08-13;4
10022030001;2021-08-14;7
10022030001;2021-08-15;8
10022030001;2021-08-16;10
10022030001;2021-08-17;11
10022908001;2021-08-03;1
10022908001;2021-08-06;1
10022908001;2021-08-14;2
10022908001;2021-08-17;1
10022910001;2021-08-14;1
10022910001;2021-08-17;1
10022915001;2021-08-06;1
10022915001;2021-08-14;1
10022915001;2021-08-17;1
10022916001;2021-08-02;1
10022916001;2021-08-03;1
10022916001;2021-08-09;1
10022916001;2021-08-14;1
10022916001;2021-08-15;1
10023002001;2021-08-02;2
10023002001;2021-08-04;2
10023002001;2021-08-05;3
10023002001;2021-08-06;3
10023002001;2021-08-08;4
10023002001;2021-08-10;3
10023002001;2021-08-15;1
10023002001;2021-08-17;1
10023005001;2021-08-01;2
10023005001;2021-08-03;3
10023005001;2021-08-04;2
10023005001;2021-08-05;1
10023005001;2021-08-08;1
10023005001;2021-08-09;1
10023005001;2021-08-14;2
10023008001;2021-08-01;1
10023008001;2021-08-04;3
10023008001;2021-08-07;1
10023008001;2021-08-09;1
10023008001;2021-08-13;1
10023008001;2021-08-14;1
10023011001;2021-08-02;1
10023011001;2021-08-04;3
10023011001;2021-08-06;1
10023011001;2021-08-07;1
10023011001;2021-08-11;1
10023017001;2021-08-04;1
10023017001;2021-08-08;1
10023017001;2021-08-09;1
10023017001;2021-08-11;1
10023017001;2021-08-13;1
10023017001;2021-08-17;1
10023020001;2021-08-01;4
10023020001;2021-08-02;3
10023020001;2021-08-03;8
10023020001;2021-08-04;4
10023020001;2021-08-05;5
10023020001;2021-08-06;6
10023020001;2021-08-07;5
10023020001;2021-08-08;6
10023020001;2021-08-09;5
10023020001;2021-08-10;2
10023020001;2021-08-11;2
10023020001;2021-08-12;7
10023020001;2021-08-13;4
10023020001;2021-08-14;6
10023020001;2021-08-15;13
10023020001;2021-08-16;2
10023020001;2021-08-17;8
10023027001;2021-08-01;1
10023027001;2021-08-02;2
10023027001;2021-08-03;2
10023027001;2021-08-04;2
10023027001;2021-08-06;2
10023027001;2021-08-07;1
10023027001;2021-08-08;5
10023027001;2021-08-09;3
10023027001;2021-08-11;3
10023027001;2021-08-13;2
10023027001;2021-08-14;3
10023027001;2021-08-16;2
10023027001;2021-08-17;3
10023031001;2021-08-09;2
10023031001;2021-08-11;1
10023031001;2021-08-12;1
10023032001;2021-08-01;1
10023032001;2021-08-06;1
10023035001;2021-08-01;1
10023035001;2021-08-03;1
10023035001;2021-08-04;1
10023035001;2021-08-05;1
10023035001;2021-08-14;1
10023035001;2021-08-16;2
10023035001;2021-08-17;2
10023044001;2021-08-01;1
10023044001;2021-08-02;1
10023044001;2021-08-06;1
10023044001;2021-08-07;1
10023044001;2021-08-08;4
10023044001;2021-08-11;1
10023044001;2021-08-12;1
10023044001;2021-08-17;1
10023049001;2021-08-02;2
10023049001;2021-08-03;1
10023049001;2021-08-05;1
10023049001;2021-08-10;2
10023049001;2021-08-11;2
10023049001;2021-08-13;2
10023049001;2021-08-14;2
10023051001;2021-08-02;1
10023051001;2021-08-03;1
10023051001;2021-08-08;1
10023051001;2021-08-10;1
10023051001;2021-08-12;2
10023051001;2021-08-14;2
10023051001;2021-08-16;1
10023051001;2021-08-17;1
10023054001;2021-08-01;1
10023054001;2021-08-04;1
10023054001;2021-08-06;1
10023054001;2021-08-08;1
10023055001;2021-08-06;1
10023055001;2021-08-07;1
10023058001;2021-08-04;1
10023058001;2021-08-05;1
10023058001;2021-08-07;1
10023063001;2021-08-02;1
10023063001;2021-08-09;2
10023063001;2021-08-15;1
10023066001;2021-08-01;1
10023066001;2021-08-04;1
10023066001;2021-08-11;1
10023066001;2021-08-12;1
10023066001;2021-08-14;2
10023066001;2021-08-17;1
10023068001;2021-08-05;1
10023068001;2021-08-14;2
10023073001;2021-08-01;2
10023075001;2021-08-02;1
10023078001;2021-08-04;1
10023078001;2021-08-05;1
10023078001;2021-08-09;1
10023078001;2021-08-13;1
10023078001;2021-08-15;1
10023083001;2021-08-06;1
10023083001;2021-08-10;2
10023083001;2021-08-14;1
10023083001;2021-08-16;1
10023083001;2021-08-17;1
10023093001;2021-08-05;1
10023093001;2021-08-09;2
10023093001;2021-08-13;2
10023093001;2021-08-14;1
10023103001;2021-08-01;1
10023103001;2021-08-03;2
10023103001;2021-08-04;1
10023103001;2021-08-05;2
10023103001;2021-08-17;2
10023104001;2021-08-09;1
10023104001;2021-08-12;1
10023106001;2021-08-01;3
10023106001;2021-08-02;3
10023106001;2021-08-03;1
10023106001;2021-08-05;1
10023106001;2021-08-06;1
10023106001;2021-08-07;2
10023106001;2021-08-08;1
10023106001;2021-08-10;1
10023106001;2021-08-12;3
10023106001;2021-08-13;1
10023106001;2021-08-14;2
10023106001;2021-08-15;1
10023106001;2021-08-17;4
10023110001;2021-08-07;1
10023110001;2021-08-08;1
10023110001;2021-08-13;1
10023110001;2021-08-14;1
10023114001;2021-08-02;1
10023114001;2021-08-06;1
10023114001;2021-08-11;1
10023114001;2021-08-14;3
10023124001;2021-08-01;1
10023124001;2021-08-03;1
10023124001;2021-08-05;2
10023892001;2021-08-02;1
10023892001;2021-08-03;1
10023892001;2021-08-05;1
10023892001;2021-08-06;2
10023892001;2021-08-07;1
10023892001;2021-08-11;1
10023892001;2021-08-14;1
10023892001;2021-08-15;1
10023892001;2021-08-17;2
10023998001;2021-08-02;1
10023998001;2021-08-15;1
10023998001;2021-08-17;1
10024001001;2021-08-01;2
10024001001;2021-08-02;2
10024001001;2021-08-03;2
10024001001;2021-08-04;3
10024001001;2021-08-05;2
10024003001;2021-08-01;1
10024003001;2021-08-02;1
10024003001;2021-08-05;1
10024003001;2021-08-07;1
10024003001;2021-08-12;3
10024003001;2021-08-13;1
10024003001;2021-08-15;2
10024003001;2021-08-17;1
10024004001;2021-08-01;2
10024004001;2021-08-02;4
10024004001;2021-08-03;1
10024004001;2021-08-04;3
10024004001;2021-08-05;7
10024004001;2021-08-06;3
10024004001;2021-08-08;3
10024004001;2021-08-09;2
10024004001;2021-08-10;4
10024004001;2021-08-11;2
10024004001;2021-08-12;2
10024004001;2021-08-14;3
10024004001;2021-08-15;3
10024004001;2021-08-16;3
10024004001;2021-08-17;2
10024005001;2021-08-09;2
10024005001;2021-08-12;1
10024005001;2021-08-14;1
10024005001;2021-08-15;2
10024005001;2021-08-17;2
10024006001;2021-08-05;1
10024007001;2021-08-01;2
10024007001;2021-08-02;6
10024007001;2021-08-03;11
10024007001;2021-08-04;7
10024007001;2021-08-05;11
10024007001;2021-08-06;3
10024007001;2021-08-07;5
10024007001;2021-08-08;6
10024007001;2021-08-09;4
10024007001;2021-08-10;10
10024007001;2021-08-11;8
10024007001;2021-08-12;10
10024007001;2021-08-13;2
10024007001;2021-08-14;5
10024007001;2021-08-15;7
10024007001;2021-08-16;5
10024007001;2021-08-17;11
10024011001;2021-08-01;8
10024011001;2021-08-02;6
10024011001;2021-08-03;4
10024011001;2021-08-04;10
10024011001;2021-08-05;1
10024011001;2021-08-06;3
10024011001;2021-08-07;2
10024011001;2021-08-08;6
10024011001;2021-08-09;2
10024011001;2021-08-10;1
10024011001;2021-08-11;6
10024011001;2021-08-12;1
10024011001;2021-08-13;3
10024011001;2021-08-14;1
10024011001;2021-08-15;3
10024011001;2021-08-16;1
10024011001;2021-08-17;1
10024014001;2021-08-02;2
10024014001;2021-08-05;1
10024014001;2021-08-08;1
10024014001;2021-08-11;1
10024014001;2021-08-12;3
10024014001;2021-08-13;3
10024014001;2021-08-14;1
10024014001;2021-08-15;1
10024014001;2021-08-17;3
10030001001;2021-08-02;1
10030001001;2021-08-03;1
10030001001;2021-08-11;1
10030001001;2021-08-13;1
10030001001;2021-08-14;1
10030001001;2021-08-17;1
10030005001;2021-08-01;1
10030005001;2021-08-02;2
10030005001;2021-08-03;1
10030005001;2021-08-04;2
10030005001;2021-08-05;2
10030005001;2021-08-06;5
10030005001;2021-08-08;2
10030005001;2021-08-09;3
10030005001;2021-08-10;3
10030005001;2021-08-11;2
10030005001;2021-08-12;3
10030005001;2021-08-13;2
10030005001;2021-08-14;3
10030005001;2021-08-15;2
10030005001;2021-08-16;2
10030005001;2021-08-17;2
10030007001;2021-08-01;16
10030007001;2021-08-02;13
10030007001;2021-08-03;21
10030007001;2021-08-04;25
10030007001;2021-08-05;24
10030007001;2021-08-06;8
10030007001;2021-08-07;11
10030007001;2021-08-08;15
10030007001;2021-08-09;11
10030007001;2021-08-10;21
10030007001;2021-08-11;21
10030007001;2021-08-12;20
10030007001;2021-08-13;18
10030007001;2021-08-14;14
10030007001;2021-08-15;28
10030007001;2021-08-16;21
10030007001;2021-08-17;26
10030008001;2021-08-03;6
10030008001;2021-08-05;1
10030008001;2021-08-06;1
10030008001;2021-08-07;1
10030008001;2021-08-08;6
10030008001;2021-08-10;3
10030008001;2021-08-11;6
10030008001;2021-08-12;2
10030008001;2021-08-13;1
10030008001;2021-08-14;2
10030008001;2021-08-15;2
10030008001;2021-08-16;2
10030008001;2021-08-17;2
10030013001;2021-08-01;15
10030013001;2021-08-02;15
10030013001;2021-08-03;25
10030013001;2021-08-04;16
10030013001;2021-08-05;13
10030013001;2021-08-06;5
10030013001;2021-08-07;7
10030013001;2021-08-08;5
10030013001;2021-08-09;6
10030013001;2021-08-10;2
10030013001;2021-08-11;16
10030013001;2021-08-12;13
10030013001;2021-08-13;6
10030013001;2021-08-14;10
10030013001;2021-08-15;15
10030013001;2021-08-16;15
10030013001;2021-08-17;12
10030014001;2021-08-01;7
10030014001;2021-08-02;1
10030014001;2021-08-03;6
10030014001;2021-08-04;2
10030014001;2021-08-05;11
10030014001;2021-08-06;3
10030014001;2021-08-07;2
10030014001;2021-08-08;3
10030014001;2021-08-09;9
10030014001;2021-08-10;8
10030014001;2021-08-11;7
10030014001;2021-08-12;6
10030014001;2021-08-13;3
10030014001;2021-08-14;4
10030014001;2021-08-15;6
10030014001;2021-08-16;4
10030014001;2021-08-17;10
10030015001;2021-08-01;7
10030015001;2021-08-02;2
10030015001;2021-08-03;4
10030015001;2021-08-04;3
10030015001;2021-08-05;2
10030015001;2021-08-08;2
10030015001;2021-08-10;1
10030015001;2021-08-11;1
10030015001;2021-08-12;5
10030015001;2021-08-13;2
10030015001;2021-08-14;1
10030015001;2021-08-15;5
10030015001;2021-08-16;7
10030015001;2021-08-17;3
10030017001;2021-08-09;2
10030017001;2021-08-10;2
10030017001;2021-08-11;2
10030017001;2021-08-12;1
10030017001;2021-08-13;1
10030017001;2021-08-14;4
10030017001;2021-08-15;1
10030017001;2021-08-16;3
10030017001;2021-08-17;1
10030018001;2021-08-01;2
10030018001;2021-08-02;5
10030018001;2021-08-03;4
10030018001;2021-08-04;7
10030018001;2021-08-05;1
10030018001;2021-08-06;1
10030018001;2021-08-07;3
10030018001;2021-08-08;3
10030018001;2021-08-09;2
10030018001;2021-08-11;2
10030018001;2021-08-12;1
10030018001;2021-08-13;3
10030018001;2021-08-14;3
10030018001;2021-08-15;10
10030018001;2021-08-16;3
10030018001;2021-08-17;3
10030019001;2021-08-01;2
10030019001;2021-08-02;1
10030019001;2021-08-03;1
10030019001;2021-08-05;1
10030019001;2021-08-06;1
10030019001;2021-08-08;2
10030019001;2021-08-09;1
10030019001;2021-08-11;6
10030019001;2021-08-12;1
10030019001;2021-08-14;3
10030019001;2021-08-15;1
10030019001;2021-08-16;1
10030019001;2021-08-17;5
10030020001;2021-08-01;1
10030020001;2021-08-10;1
10030020001;2021-08-13;1
10030020001;2021-08-14;1
10030020001;2021-08-16;1
10030021001;2021-08-01;1
10030021001;2021-08-02;2
10030021001;2021-08-03;1
10030021001;2021-08-05;1
10030021001;2021-08-06;1
10030021001;2021-08-11;1
10030021001;2021-08-12;2
10030021001;2021-08-13;1
10030021001;2021-08-14;1
10030021001;2021-08-15;2
10030021001;2021-08-16;1
10030022001;2021-08-01;2
10030022001;2021-08-02;4
10030022001;2021-08-03;3
10030022001;2021-08-04;1
10030022001;2021-08-06;3
10030022001;2021-08-09;2
10030022001;2021-08-10;4
10030022001;2021-08-11;1
10030022001;2021-08-12;2
10030022001;2021-08-13;7
10030022001;2021-08-14;2
10030022001;2021-08-15;5
10030022001;2021-08-16;5
10030022001;2021-08-17;3
10030046001;2021-08-01;5
10030046001;2021-08-02;4
10030046001;2021-08-03;9
10030046001;2021-08-04;7
10030046001;2021-08-05;5
10030046001;2021-08-06;3
10030046001;2021-08-08;4
10030046001;2021-08-09;3
10030046001;2021-08-10;1
10030046001;2021-08-11;2
10030046001;2021-08-12;8
10030046001;2021-08-13;6
10030046001;2021-08-14;4
10030046001;2021-08-15;2
10030046001;2021-08-16;4
10030046001;2021-08-17;7
10030048001;2021-08-01;18
10030048001;2021-08-02;13
10030048001;2021-08-03;24
10030048001;2021-08-04;29
10030048001;2021-08-05;28
10030048001;2021-08-06;17
10030048001;2021-08-07;15
10030048001;2021-08-08;12
10030048001;2021-08-09;16
10030048001;2021-08-10;25
10030048001;2021-08-11;21
10030048001;2021-08-12;13
10030048001;2021-08-13;10
10030048001;2021-08-14;4
10030048001;2021-08-15;25
10030048001;2021-08-16;15
10030048001;2021-08-17;22
10030049001;2021-08-01;1
10030049001;2021-08-02;2
10030049001;2021-08-03;2
10030049001;2021-08-04;2
10030049001;2021-08-05;1
10030049001;2021-08-06;3
10030049001;2021-08-07;1
10030049001;2021-08-08;3
10030049001;2021-08-09;5
10030049001;2021-08-10;1
10030049001;2021-08-11;2
10030049001;2021-08-12;3
10030049001;2021-08-13;1
10030049001;2021-08-14;9
10030049001;2021-08-15;2
10030049001;2021-08-16;3
10030049001;2021-08-17;1
10031001001;2021-08-01;20
10031001001;2021-08-02;16
10031001001;2021-08-03;25
10031001001;2021-08-04;26
10031001001;2021-08-05;32
10031001001;2021-08-06;17
10031001001;2021-08-07;11
10031001001;2021-08-08;27
10031001001;2021-08-09;32
10031001001;2021-08-10;20
10031001001;2021-08-11;14
10031001001;2021-08-12;33
10031001001;2021-08-13;12
10031001001;2021-08-14;14
10031001001;2021-08-15;39
10031001001;2021-08-16;28
10031001001;2021-08-17;38
10031003001;2021-08-09;1
10031003001;2021-08-14;1
10031003001;2021-08-17;1
10031004001;2021-08-01;3
10031004001;2021-08-02;4
10031004001;2021-08-03;4
10031004001;2021-08-04;2
10031004001;2021-08-06;2
10031004001;2021-08-07;3
10031004001;2021-08-08;3
10031004001;2021-08-11;4
10031004001;2021-08-12;7
10031004001;2021-08-14;9
10031004001;2021-08-15;9
10031004001;2021-08-16;9
10031004001;2021-08-17;11
10031007001;2021-08-01;1
10031007001;2021-08-02;3
10031007001;2021-08-03;3
10031007001;2021-08-04;5
10031007001;2021-08-05;4
10031007001;2021-08-06;1
10031007001;2021-08-07;2
10031007001;2021-08-08;6
10031007001;2021-08-09;1
10031007001;2021-08-11;3
10031007001;2021-08-12;2
10031007001;2021-08-13;2
10031007001;2021-08-14;3
10031007001;2021-08-15;7
10031007001;2021-08-16;5
10031007001;2021-08-17;2
10031011001;2021-08-01;5
10031011001;2021-08-02;2
10031011001;2021-08-03;3
10031011001;2021-08-04;2
10031011001;2021-08-05;3
10031011001;2021-08-06;1
10031011001;2021-08-07;2
10031011001;2021-08-08;3
10031011001;2021-08-09;6
10031011001;2021-08-10;6
10031011001;2021-08-11;2
10031011001;2021-08-12;2
10031011001;2021-08-13;2
10031011001;2021-08-14;3
10031011001;2021-08-15;4
10031011001;2021-08-16;2
10031011001;2021-08-17;2
10031012001;2021-08-01;6
10031012001;2021-08-02;3
10031012001;2021-08-03;2
10031012001;2021-08-05;1
10031012001;2021-08-07;1
10031012001;2021-08-08;1
10031012001;2021-08-09;1
10031012001;2021-08-10;1
10031012001;2021-08-11;1
10031012001;2021-08-12;1
10031012001;2021-08-14;2
10031012001;2021-08-15;5
10031012001;2021-08-16;1
10031012001;2021-08-17;2
10031013001;2021-08-01;34
10031013001;2021-08-02;13
10031013001;2021-08-03;30
10031013001;2021-08-04;22
10031013001;2021-08-05;12
10031013001;2021-08-06;8
10031013001;2021-08-07;12
10031013001;2021-08-08;15
10031013001;2021-08-09;17
10031013001;2021-08-10;28
10031013001;2021-08-11;26
10031013001;2021-08-12;33
10031013001;2021-08-13;18
10031013001;2021-08-14;5
10031013001;2021-08-15;43
10031013001;2021-08-16;37
10031013001;2021-08-17;40
10031015001;2021-08-02;1
10031015001;2021-08-13;1
10031017001;2021-08-01;5
10031017001;2021-08-02;1
10031017001;2021-08-03;2
10031017001;2021-08-04;7
10031017001;2021-08-05;7
10031017001;2021-08-06;2
10031017001;2021-08-07;2
10031017001;2021-08-08;5
10031017001;2021-08-09;5
10031017001;2021-08-10;5
10031017001;2021-08-11;8
10031017001;2021-08-12;3
10031017001;2021-08-13;4
10031017001;2021-08-14;8
10031017001;2021-08-15;5
10031017001;2021-08-16;12
10031017001;2021-08-17;15
10031019001;2021-08-01;3
10031019001;2021-08-03;5
10031019001;2021-08-04;2
10031019001;2021-08-05;6
10031019001;2021-08-06;2
10031019001;2021-08-07;1
10031019001;2021-08-08;2
10031019001;2021-08-09;7
10031019001;2021-08-10;1
10031019001;2021-08-11;3
10031019001;2021-08-12;3
10031019001;2021-08-13;3
10031019001;2021-08-15;4
10031019001;2021-08-16;1
10031019001;2021-08-17;1
10031023001;2021-08-02;1
10031023001;2021-08-04;1
10031023001;2021-08-05;1
10031023001;2021-08-09;2
10031023001;2021-08-10;1
10031023001;2021-08-14;1
10031023001;2021-08-15;1
10031026001;2021-08-01;1
10031026001;2021-08-02;1
10031026001;2021-08-03;1
10031026001;2021-08-04;1
10031026001;2021-08-09;1
10031026001;2021-08-12;1
10031026001;2021-08-14;2
10031026001;2021-08-16;1
10031026001;2021-08-17;1
10031031001;2021-08-01;7
10031031001;2021-08-02;1
10031031001;2021-08-03;16
10031031001;2021-08-04;12
10031031001;2021-08-05;10
10031031001;2021-08-06;2
10031031001;2021-08-07;5
10031031001;2021-08-08;10
10031031001;2021-08-09;13
10031031001;2021-08-10;11
10031031001;2021-08-11;17
10031031001;2021-08-12;9
10031031001;2021-08-13;4
10031031001;2021-08-14;11
10031031001;2021-08-15;33
10031031001;2021-08-16;9
10031031001;2021-08-17;22
10031033001;2021-08-01;4
10031033001;2021-08-02;4
10031033001;2021-08-03;10
10031033001;2021-08-04;17
10031033001;2021-08-05;11
10031033001;2021-08-06;3
10031033001;2021-08-07;4
10031033001;2021-08-08;10
10031033001;2021-08-09;4
10031033001;2021-08-10;7
10031033001;2021-08-11;13
10031033001;2021-08-12;11
10031033001;2021-08-13;11
10031033001;2021-08-14;8
10031033001;2021-08-15;19
10031033001;2021-08-16;14
10031033001;2021-08-17;17
10031899001;2021-08-04;2
10031899001;2021-08-05;1
10031899001;2021-08-08;4
10031901001;2021-08-01;4
10031901001;2021-08-02;3
10031901001;2021-08-03;6
10031901001;2021-08-04;1
10031901001;2021-08-05;4
10031901001;2021-08-06;2
10031901001;2021-08-07;3
10031901001;2021-08-08;4
10031901001;2021-08-09;6
10031901001;2021-08-10;6
10031901001;2021-08-11;2
10031901001;2021-08-12;2
10031901001;2021-08-13;2
10031901001;2021-08-15;1
10031901001;2021-08-16;6
10031901001;2021-08-17;10
10031909001;2021-08-03;1
10031910001;2021-08-01;5
10031910001;2021-08-02;5
10031910001;2021-08-03;3
10031910001;2021-08-04;17
10031910001;2021-08-05;12
10031910001;2021-08-06;5
10031910001;2021-08-07;1
10031910001;2021-08-08;8
10031910001;2021-08-09;15
10031910001;2021-08-10;12
10031910001;2021-08-11;15
10031910001;2021-08-12;23
10031910001;2021-08-13;7
10031910001;2021-08-14;4
10031910001;2021-08-15;25
10031910001;2021-08-16;23
10031910001;2021-08-17;28
10031911001;2021-08-02;5
10031911001;2021-08-03;2
10031911001;2021-08-04;1
10031911001;2021-08-05;3
10031911001;2021-08-06;4
10031911001;2021-08-08;11
10031911001;2021-08-09;5
10031911001;2021-08-10;1
10031911001;2021-08-11;4
10031911001;2021-08-12;6
10031911001;2021-08-13;3
10031911001;2021-08-14;4
10031911001;2021-08-15;11
10031911001;2021-08-16;23
10031911001;2021-08-17;19
10032001001;2021-08-01;3
10032001001;2021-08-02;2
10032001001;2021-08-03;1
10032001001;2021-08-04;1
10032001001;2021-08-05;1
10032001001;2021-08-06;2
10032001001;2021-08-08;2
10032001001;2021-08-09;2
10032001001;2021-08-11;1
10032001001;2021-08-12;1
10032001001;2021-08-14;1
10032001001;2021-08-16;4
10032001001;2021-08-17;12
10032004001;2021-08-11;1
10032004001;2021-08-13;1
10032004001;2021-08-17;1
10032006001;2021-08-01;33
10032006001;2021-08-02;30
10032006001;2021-08-03;42
10032006001;2021-08-04;30
10032006001;2021-08-05;19
10032006001;2021-08-06;16
10032006001;2021-08-07;11
10032006001;2021-08-08;17
10032006001;2021-08-09;11
10032006001;2021-08-10;7
10032006001;2021-08-11;27
10032006001;2021-08-12;26
10032006001;2021-08-13;19
10032006001;2021-08-14;11
10032006001;2021-08-15;22
10032006001;2021-08-16;20
10032006001;2021-08-17;30
10032006001;2021-08-18;1
10032007001;2021-08-01;1
10032007001;2021-08-03;1
10032007001;2021-08-04;1
10032007001;2021-08-10;2
10032008001;2021-08-01;6
10032008001;2021-08-02;9
10032008001;2021-08-03;16
10032008001;2021-08-04;12
10032008001;2021-08-05;18
10032008001;2021-08-06;11
10032008001;2021-08-07;9
10032008001;2021-08-08;9
10032008001;2021-08-09;13
10032008001;2021-08-10;18
10032008001;2021-08-11;16
10032008001;2021-08-12;10
10032008001;2021-08-13;7
10032008001;2021-08-14;12
10032008001;2021-08-15;20
10032008001;2021-08-16;12
10032008001;2021-08-17;19
10032011001;2021-08-01;3
10032011001;2021-08-02;3
10032011001;2021-08-03;2
10032011001;2021-08-04;3
10032011001;2021-08-05;3
10032011001;2021-08-06;4
10032011001;2021-08-07;2
10032011001;2021-08-08;2
10032011001;2021-08-09;1
10032011001;2021-08-10;5
10032011001;2021-08-11;4
10032011001;2021-08-12;4
10032011001;2021-08-13;2
10032011001;2021-08-14;10
10032011001;2021-08-15;31
10032011001;2021-08-16;6
10032011001;2021-08-17;4
10032013001;2021-08-01;16
10032013001;2021-08-02;16
10032013001;2021-08-03;16
10032013001;2021-08-04;16
10032013001;2021-08-05;25
10032013001;2021-08-06;4
10032013001;2021-08-07;12
10032013001;2021-08-08;11
10032013001;2021-08-09;19
10032013001;2021-08-10;27
10032013001;2021-08-11;27
10032013001;2021-08-12;27
10032013001;2021-08-13;18
10032013001;2021-08-14;29
10032013001;2021-08-15;28
10032013001;2021-08-16;37
10032013001;2021-08-17;41
10032014001;2021-08-01;1
10032014001;2021-08-04;1
10032014001;2021-08-05;3
10032014001;2021-08-06;1
10032014001;2021-08-07;2
10032014001;2021-08-09;4
10032014001;2021-08-10;4
10032014001;2021-08-11;2
10032014001;2021-08-12;2
10032014001;2021-08-13;3
10032014001;2021-08-14;3
10032014001;2021-08-15;6
10032014001;2021-08-16;9
10032014001;2021-08-17;3
10032015001;2021-08-01;1
10032015001;2021-08-03;5
10032015001;2021-08-04;1
10032015001;2021-08-05;3
10032015001;2021-08-06;1
10032015001;2021-08-07;1
10032015001;2021-08-09;5
10032015001;2021-08-10;1
10032015001;2021-08-11;1
10032015001;2021-08-12;1
10032015001;2021-08-13;1
10032015001;2021-08-14;3
10032015001;2021-08-16;4
10032015001;2021-08-17;4
10032019001;2021-08-01;6
10032019001;2021-08-02;6
10032019001;2021-08-03;4
10032019001;2021-08-04;4
10032019001;2021-08-05;5
10032019001;2021-08-06;4
10032019001;2021-08-07;2
10032019001;2021-08-08;6
10032019001;2021-08-09;4
10032019001;2021-08-10;5
10032019001;2021-08-11;2
10032019001;2021-08-12;12
10032019001;2021-08-13;6
10032019001;2021-08-14;4
10032019001;2021-08-15;10
10032019001;2021-08-16;14
10032019001;2021-08-17;8
10032020001;2021-08-01;2
10032020001;2021-08-02;6
10032020001;2021-08-04;5
10032020001;2021-08-05;5
10032020001;2021-08-06;3
10032020001;2021-08-07;1
10032020001;2021-08-08;2
10032020001;2021-08-09;4
10032020001;2021-08-10;4
10032020001;2021-08-11;3
10032020001;2021-08-12;2
10032020001;2021-08-13;3
10032020001;2021-08-15;8
10032020001;2021-08-16;5
10032020001;2021-08-17;6
10032023001;2021-08-14;2
10032023001;2021-08-16;3
10032023001;2021-08-17;1
10032046001;2021-08-01;1
10032046001;2021-08-02;1
10032046001;2021-08-03;4
10032046001;2021-08-04;8
10032046001;2021-08-05;5
10032046001;2021-08-06;3
10032046001;2021-08-07;1
10032046001;2021-08-08;1
10032046001;2021-08-09;2
10032046001;2021-08-10;6
10032046001;2021-08-12;3
10032046001;2021-08-13;2
10032046001;2021-08-14;6
10032046001;2021-08-15;8
10032046001;2021-08-16;3
10032046001;2021-08-17;4
10032047001;2021-08-01;14
10032047001;2021-08-02;14
10032047001;2021-08-03;14
10032047001;2021-08-04;22
10032047001;2021-08-05;28
10032047001;2021-08-06;8
10032047001;2021-08-07;6
10032047001;2021-08-08;20
10032047001;2021-08-09;12
10032047001;2021-08-10;19
10032047001;2021-08-11;21
10032047001;2021-08-12;27
10032047001;2021-08-13;10
10032047001;2021-08-14;26
10032047001;2021-08-15;54
10032047001;2021-08-16;32
10032047001;2021-08-17;22
10032048001;2021-08-01;1
10032048001;2021-08-05;1
10032048001;2021-08-13;1
10032048001;2021-08-14;3
10032048001;2021-08-15;2
10032048001;2021-08-16;2
10032048001;2021-08-17;2
10032055001;2021-08-01;6
10032055001;2021-08-02;3
10032055001;2021-08-03;3
10032055001;2021-08-04;2
10032055001;2021-08-05;8
10032055001;2021-08-06;1
10032055001;2021-08-08;10
10032055001;2021-08-09;6
10032055001;2021-08-10;1
10032055001;2021-08-11;8
10032055001;2021-08-12;6
10032055001;2021-08-13;4
10032055001;2021-08-14;7
10032055001;2021-08-15;14
10032055001;2021-08-16;4
10032055001;2021-08-17;3
10032059001;2021-08-02;1
10032059001;2021-08-05;1
10032059001;2021-08-09;1
10032059001;2021-08-12;1
10032059001;2021-08-14;1
10032059001;2021-08-15;2
10032059001;2021-08-17;1
10032064001;2021-08-02;2
10032064001;2021-08-03;5
10032064001;2021-08-04;4
10032064001;2021-08-06;2
10032064001;2021-08-08;8
10032064001;2021-08-09;4
10032064001;2021-08-10;2
10032064001;2021-08-11;4
10032064001;2021-08-12;9
10032064001;2021-08-13;5
10032064001;2021-08-14;6
10032064001;2021-08-15;8
10032064001;2021-08-16;8
10032064001;2021-08-17;8
10033001001;2021-08-01;5
10033001001;2021-08-03;2
10033001001;2021-08-04;3
10033001001;2021-08-05;1
10033001001;2021-08-09;2
10033001001;2021-08-11;2
10033001001;2021-08-12;2
10033001001;2021-08-14;6
10033001001;2021-08-16;1
10033001001;2021-08-17;2
10033004001;2021-08-01;31
10033004001;2021-08-02;22
10033004001;2021-08-03;13
10033004001;2021-08-04;22
10033004001;2021-08-05;36
10033004001;2021-08-06;21
10033004001;2021-08-07;12
10033004001;2021-08-08;20
10033004001;2021-08-09;32
10033004001;2021-08-10;20
10033004001;2021-08-11;19
10033004001;2021-08-12;22
10033004001;2021-08-13;23
10033004001;2021-08-14;25
10033004001;2021-08-15;38
10033004001;2021-08-16;25
10033004001;2021-08-17;26
10033010001;2021-08-01;6
10033010001;2021-08-02;5
10033010001;2021-08-03;7
10033010001;2021-08-04;8
10033010001;2021-08-05;4
10033010001;2021-08-06;4
10033010001;2021-08-07;6
10033010001;2021-08-08;3
10033010001;2021-08-09;1
10033010001;2021-08-11;1
10033010001;2021-08-12;5
10033010001;2021-08-13;4
10033010001;2021-08-14;11
10033010001;2021-08-15;6
10033010001;2021-08-16;6
10033010001;2021-08-17;2
10033012001;2021-08-03;1
10033012001;2021-08-08;1
10033012001;2021-08-09;1
10033012001;2021-08-10;2
10033012001;2021-08-11;1
10033012001;2021-08-12;3
10033012001;2021-08-13;2
10033012001;2021-08-17;2
10033013001;2021-08-01;9
10033013001;2021-08-02;6
10033013001;2021-08-03;12
10033013001;2021-08-04;14
10033013001;2021-08-05;14
10033013001;2021-08-06;8
10033013001;2021-08-07;11
10033013001;2021-08-08;9
10033013001;2021-08-09;14
10033013001;2021-08-10;5
10033013001;2021-08-11;13
10033013001;2021-08-12;17
10033013001;2021-08-13;16
10033013001;2021-08-14;15
10033013001;2021-08-15;23
10033013001;2021-08-16;14
10033013001;2021-08-17;9
10033014001;2021-08-01;3
10033014001;2021-08-02;4
10033014001;2021-08-03;2
10033014001;2021-08-04;6
10033014001;2021-08-05;5
10033014001;2021-08-06;6
10033014001;2021-08-07;1
10033014001;2021-08-08;4
10033014001;2021-08-09;9
10033014001;2021-08-10;1
10033014001;2021-08-11;2
10033014001;2021-08-12;4
10033014001;2021-08-13;5
10033014001;2021-08-15;8
10033014001;2021-08-16;4
10033014001;2021-08-17;5
10033015001;2021-08-01;13
10033015001;2021-08-02;9
10033015001;2021-08-03;12
10033015001;2021-08-04;5
10033015001;2021-08-05;12
10033015001;2021-08-06;8
10033015001;2021-08-07;5
10033015001;2021-08-08;16
10033015001;2021-08-09;9
10033015001;2021-08-10;11
10033015001;2021-08-11;7
10033015001;2021-08-12;15
10033015001;2021-08-13;16
10033015001;2021-08-14;12
10033015001;2021-08-15;26
10033015001;2021-08-16;18
10033015001;2021-08-17;16
10033018001;2021-08-01;31
10033018001;2021-08-02;17
10033018001;2021-08-03;19
10033018001;2021-08-04;28
10033018001;2021-08-05;30
10033018001;2021-08-06;9
10033018001;2021-08-07;11
10033018001;2021-08-08;16
10033018001;2021-08-09;18
10033018001;2021-08-10;20
10033018001;2021-08-11;17
10033018001;2021-08-12;31
10033018001;2021-08-13;24
10033018001;2021-08-14;12
10033018001;2021-08-15;32
10033018001;2021-08-16;29
10033018001;2021-08-17;39
10033020001;2021-08-02;4
10033020001;2021-08-03;2
10033020001;2021-08-04;4
10033020001;2021-08-05;2
10033020001;2021-08-06;1
10033020001;2021-08-07;1
10033020001;2021-08-08;1
10033020001;2021-08-09;2
10033020001;2021-08-11;1
10033020001;2021-08-12;1
10033020001;2021-08-13;2
10033020001;2021-08-14;4
10033020001;2021-08-15;4
10033020001;2021-08-16;1
10033020001;2021-08-17;1
10033022001;2021-08-01;3
10033022001;2021-08-03;1
10033022001;2021-08-04;2
10033022001;2021-08-08;1
10033022001;2021-08-09;1
10033023001;2021-08-01;1
10033023001;2021-08-15;2
10033023001;2021-08-17;3
10033026001;2021-08-01;6
10033026001;2021-08-02;2
10033026001;2021-08-05;2
10033026001;2021-08-06;3
10033026001;2021-08-07;3
10033026001;2021-08-09;4
10033026001;2021-08-10;1
10033026001;2021-08-13;1
10033026001;2021-08-14;1
10033026001;2021-08-15;4
10033026001;2021-08-16;3
10033026001;2021-08-17;4
10033028001;2021-08-02;3
10033028001;2021-08-03;4
10033028001;2021-08-04;2
10033028001;2021-08-05;2
10033028001;2021-08-06;2
10033028001;2021-08-07;1
10033028001;2021-08-08;4
10033028001;2021-08-09;11
10033028001;2021-08-10;7
10033028001;2021-08-11;6
10033028001;2021-08-12;1
10033028001;2021-08-13;3
10033028001;2021-08-14;4
10033028001;2021-08-15;12
10033028001;2021-08-16;9
10033028001;2021-08-17;6
10033029001;2021-08-09;1
10033029001;2021-08-12;1
10033029001;2021-08-16;1
10033031001;2021-08-12;2
10033031001;2021-08-15;5
10033031001;2021-08-16;1
10033033001;2021-08-09;1
10033033001;2021-08-10;2
10033033001;2021-08-12;1
10033033001;2021-08-17;2
10033034001;2021-08-01;3
10033034001;2021-08-02;5
10033034001;2021-08-03;4
10033034001;2021-08-04;4
10033034001;2021-08-05;3
10033034001;2021-08-06;4
10033034001;2021-08-07;2
10033034001;2021-08-09;1
10033034001;2021-08-10;1
10033034001;2021-08-11;5
10033034001;2021-08-12;6
10033034001;2021-08-13;3
10033034001;2021-08-14;11
10033034001;2021-08-15;5
10033034001;2021-08-17;5
10033038001;2021-08-01;5
10033038001;2021-08-02;5
10033038001;2021-08-03;3
10033038001;2021-08-04;4
10033038001;2021-08-05;4
10033038001;2021-08-06;1
10033038001;2021-08-07;1
10033038001;2021-08-08;4
10033038001;2021-08-09;3
10033038001;2021-08-10;1
10033038001;2021-08-11;3
10033038001;2021-08-12;2
10033038001;2021-08-13;2
10033038001;2021-08-14;3
10033038001;2021-08-15;1
10033038001;2021-08-16;4
10033038001;2021-08-17;3
10033041001;2021-08-01;12
10033041001;2021-08-02;6
10033041001;2021-08-03;12
10033041001;2021-08-04;20
10033041001;2021-08-05;17
10033041001;2021-08-06;10
10033041001;2021-08-07;7
10033041001;2021-08-08;10
10033041001;2021-08-09;24
10033041001;2021-08-10;13
10033041001;2021-08-11;18
10033041001;2021-08-12;14
10033041001;2021-08-13;7
10033041001;2021-08-14;14
10033041001;2021-08-15;16
10033041001;2021-08-16;18
10033041001;2021-08-17;17
10033044001;2021-08-01;3
10033044001;2021-08-02;4
10033044001;2021-08-03;2
10033044001;2021-08-04;4
10033044001;2021-08-05;6
10033044001;2021-08-06;6
10033044001;2021-08-07;3
10033044001;2021-08-08;7
10033044001;2021-08-09;3
10033044001;2021-08-10;2
10033044001;2021-08-12;4
10033044001;2021-08-13;8
10033044001;2021-08-14;3
10033044001;2021-08-15;7
10033044001;2021-08-16;2
10033044001;2021-08-17;6
10033053001;2021-08-01;2
10033053001;2021-08-02;3
10033053001;2021-08-03;1
10033053001;2021-08-04;3
10033053001;2021-08-05;3
10033053001;2021-08-06;3
10033053001;2021-08-07;1
10033053001;2021-08-08;5
10033053001;2021-08-09;3
10033053001;2021-08-10;2
10033053001;2021-08-11;5
10033053001;2021-08-12;3
10033053001;2021-08-13;5
10033053001;2021-08-14;4
10033053001;2021-08-15;2
10033053001;2021-08-16;3
10033053001;2021-08-17;6
10033056001;2021-08-01;3
10033056001;2021-08-02;4
10033056001;2021-08-03;3
10033056001;2021-08-04;2
10033056001;2021-08-05;5
10033056001;2021-08-07;3
10033056001;2021-08-08;1
10033056001;2021-08-09;1
10033056001;2021-08-10;1
10033056001;2021-08-11;2
10033056001;2021-08-12;7
10033056001;2021-08-13;4
10033056001;2021-08-14;4
10033056001;2021-08-15;7
10033056001;2021-08-16;8
10033056001;2021-08-17;7
10033057001;2021-08-01;19
10033057001;2021-08-02;9
10033057001;2021-08-03;22
10033057001;2021-08-04;8
10033057001;2021-08-05;12
10033057001;2021-08-06;11
10033057001;2021-08-07;7
10033057001;2021-08-08;9
10033057001;2021-08-09;9
10033057001;2021-08-10;4
10033057001;2021-08-11;17
10033057001;2021-08-12;20
10033057001;2021-08-13;15
10033057001;2021-08-14;25
10033057001;2021-08-15;20
10033057001;2021-08-16;18
10033057001;2021-08-17;15
10033064001;2021-08-01;8
10033064001;2021-08-02;3
10033064001;2021-08-03;14
10033064001;2021-08-04;8
10033064001;2021-08-05;11
10033064001;2021-08-06;9
10033064001;2021-08-07;3
10033064001;2021-08-08;15
10033064001;2021-08-09;12
10033064001;2021-08-10;20
10033064001;2021-08-11;17
10033064001;2021-08-12;23
10033064001;2021-08-13;10
10033064001;2021-08-14;20
10033064001;2021-08-15;33
10033064001;2021-08-16;27
10033064001;2021-08-17;33
10033065001;2021-08-01;4
10033065001;2021-08-02;4
10033065001;2021-08-03;6
10033065001;2021-08-04;4
10033065001;2021-08-05;2
10033065001;2021-08-06;4
10033065001;2021-08-07;1
10033065001;2021-08-08;3
10033065001;2021-08-09;13
10033065001;2021-08-10;2
10033065001;2021-08-11;4
10033065001;2021-08-12;1
10033065001;2021-08-13;6
10033065001;2021-08-14;8
10033065001;2021-08-15;3
10033065001;2021-08-16;4
10033065001;2021-08-17;4
10033068001;2021-08-01;5
10033068001;2021-08-02;1
10033068001;2021-08-03;3
10033068001;2021-08-04;12
10033068001;2021-08-05;9
10033068001;2021-08-06;5
10033068001;2021-08-07;2
10033068001;2021-08-08;7
10033068001;2021-08-09;3
10033068001;2021-08-10;5
10033068001;2021-08-11;12
10033068001;2021-08-12;19
10033068001;2021-08-13;7
10033068001;2021-08-14;16
10033068001;2021-08-15;20
10033068001;2021-08-16;16
10033068001;2021-08-17;18
10033070001;2021-08-01;11
10033070001;2021-08-02;10
10033070001;2021-08-03;20
10033070001;2021-08-04;17
10033070001;2021-08-05;5
10033070001;2021-08-06;3
10033070001;2021-08-07;6
10033070001;2021-08-08;7
10033070001;2021-08-09;8
10033070001;2021-08-10;2
10033070001;2021-08-11;8
10033070001;2021-08-12;11
10033070001;2021-08-13;6
10033070001;2021-08-14;3
10033070001;2021-08-15;8
10033070001;2021-08-16;2
10033070001;2021-08-17;3
10033075001;2021-08-01;2
10033075001;2021-08-02;6
10033075001;2021-08-03;5
10033075001;2021-08-04;1
10033075001;2021-08-05;7
10033075001;2021-08-06;9
10033075001;2021-08-07;4
10033075001;2021-08-08;5
10033075001;2021-08-09;7
10033075001;2021-08-10;3
10033075001;2021-08-11;5
10033075001;2021-08-12;5
10033075001;2021-08-13;10
10033075001;2021-08-14;3
10033075001;2021-08-15;18
10033075001;2021-08-16;2
10033075001;2021-08-17;3
10034002001;2021-08-01;2
10034002001;2021-08-05;1
10034002001;2021-08-07;1
10034002001;2021-08-10;1
10034002001;2021-08-11;1
10034002001;2021-08-13;2
10034002001;2021-08-14;4
10034002001;2021-08-16;3
10034002001;2021-08-17;3
10034003001;2021-08-01;9
10034003001;2021-08-02;8
10034003001;2021-08-03;12
10034003001;2021-08-04;7
10034003001;2021-08-05;11
10034003001;2021-08-06;6
10034003001;2021-08-07;6
10034003001;2021-08-08;10
10034003001;2021-08-09;4
10034003001;2021-08-10;12
10034003001;2021-08-11;20
10034003001;2021-08-12;14
10034003001;2021-08-13;10
10034003001;2021-08-14;8
10034003001;2021-08-15;19
10034003001;2021-08-16;9
10034003001;2021-08-17;22
10034007001;2021-08-01;6
10034007001;2021-08-02;3
10034007001;2021-08-03;2
10034007001;2021-08-04;1
10034007001;2021-08-05;4
10034007001;2021-08-08;1
10034007001;2021-08-10;1
10034007001;2021-08-11;2
10034007001;2021-08-12;2
10034007001;2021-08-13;1
10034007001;2021-08-14;3
10034007001;2021-08-15;1
10034007001;2021-08-16;1
10034011001;2021-08-01;8
10034011001;2021-08-02;9
10034011001;2021-08-03;9
10034011001;2021-08-04;14
10034011001;2021-08-05;5
10034011001;2021-08-06;4
10034011001;2021-08-07;3
10034011001;2021-08-08;13
10034011001;2021-08-09;10
10034011001;2021-08-10;7
10034011001;2021-08-11;14
10034011001;2021-08-12;9
10034011001;2021-08-13;6
10034011001;2021-08-14;4
10034011001;2021-08-15;11
10034011001;2021-08-16;12
10034011001;2021-08-17;9
10034013001;2021-08-11;1
10034013001;2021-08-12;2
10034013001;2021-08-13;1
10034013001;2021-08-14;2
10034013001;2021-08-15;1
10034013001;2021-08-16;2
10034013001;2021-08-17;4
10034015001;2021-08-03;2
10034015001;2021-08-04;2
10034015001;2021-08-05;3
10034015001;2021-08-07;1
10034015001;2021-08-10;1
10034015001;2021-08-17;1
10034016001;2021-08-01;1
10034016001;2021-08-02;1
10034016001;2021-08-04;3
10034016001;2021-08-06;2
10034016001;2021-08-09;1
10034016001;2021-08-11;6
10034016001;2021-08-13;1
10034016001;2021-08-15;2
10034016001;2021-08-17;1
10034020001;2021-08-01;3
10034020001;2021-08-02;1
10034020001;2021-08-03;4
10034020001;2021-08-04;4
10034020001;2021-08-05;7
10034020001;2021-08-06;1
10034020001;2021-08-08;2
10034020001;2021-08-09;2
10034020001;2021-08-10;5
10034020001;2021-08-11;3
10034020001;2021-08-12;1
10034020001;2021-08-13;1
10034020001;2021-08-14;1
10034020001;2021-08-15;9
10034020001;2021-08-16;11
10034020001;2021-08-17;1
10034022001;2021-08-06;1
10034022001;2021-08-13;1
10034022001;2021-08-16;2
10034023001;2021-08-04;1
10034023001;2021-08-05;3
10034023001;2021-08-07;1
10034023001;2021-08-11;2
10034023001;2021-08-12;1
10034023001;2021-08-13;1
10034023001;2021-08-14;1
10034023001;2021-08-16;3
10034025001;2021-08-01;9
10034025001;2021-08-02;8
10034025001;2021-08-03;19
10034025001;2021-08-04;18
10034025001;2021-08-05;20
10034025001;2021-08-06;10
10034025001;2021-08-07;7
10034025001;2021-08-08;13
10034025001;2021-08-09;9
10034025001;2021-08-10;26
10034025001;2021-08-11;16
10034025001;2021-08-12;6
10034025001;2021-08-13;9
10034025001;2021-08-14;8
10034025001;2021-08-15;28
10034025001;2021-08-16;25
10034025001;2021-08-17;29
10034026001;2021-08-01;1
10034026001;2021-08-03;1
10034026001;2021-08-04;1
10034026001;2021-08-05;1
10034026001;2021-08-06;1
10034026001;2021-08-10;1
10034026001;2021-08-13;1
10034026001;2021-08-14;1
10034026001;2021-08-15;1
10034031001;2021-08-01;1
10034031001;2021-08-13;1
10034031001;2021-08-17;1
10034033001;2021-08-01;1
10034033001;2021-08-03;4
10034033001;2021-08-04;1
10034033001;2021-08-05;2
10034033001;2021-08-06;2
10034033001;2021-08-10;2
10034033001;2021-08-11;1
10034033001;2021-08-12;2
10034033001;2021-08-13;1
10034033001;2021-08-14;2
10034033001;2021-08-15;2
10034033001;2021-08-17;3
10034041001;2021-08-01;1
10034041001;2021-08-11;1
10034041001;2021-08-12;1
10034042001;2021-08-01;23
10034042001;2021-08-02;23
10034042001;2021-08-03;33
10034042001;2021-08-04;22
10034042001;2021-08-05;36
10034042001;2021-08-06;19
10034042001;2021-08-07;16
10034042001;2021-08-08;22
10034042001;2021-08-09;24
10034042001;2021-08-10;32
10034042001;2021-08-11;26
10034042001;2021-08-12;31
10034042001;2021-08-13;22
10034042001;2021-08-14;16
10034042001;2021-08-15;29
10034042001;2021-08-16;32
10034042001;2021-08-17;44
10034046001;2021-08-01;3
10034046001;2021-08-02;5
10034046001;2021-08-03;2
10034046001;2021-08-04;2
10034046001;2021-08-05;1
10034046001;2021-08-06;3
10034046001;2021-08-07;1
10034046001;2021-08-08;1
10034046001;2021-08-09;1
10034046001;2021-08-12;1
10034049001;2021-08-03;1
10034049001;2021-08-04;2
10034049001;2021-08-06;1
10034049001;2021-08-07;1
10034049001;2021-08-11;1
10034049001;2021-08-15;1
10034050001;2021-08-01;3
10034050001;2021-08-03;1
10034050001;2021-08-05;1
10034050001;2021-08-06;1
10034050001;2021-08-07;2
10034050001;2021-08-08;1
10034050001;2021-08-09;3
10034050001;2021-08-10;3
10034050001;2021-08-11;8
10034050001;2021-08-12;2
10034050001;2021-08-13;3
10034050001;2021-08-14;1
10034050001;2021-08-15;6
10034050001;2021-08-17;6
10034057001;2021-08-15;1
10034057001;2021-08-16;3
10034057001;2021-08-17;1
10034999001;2021-08-01;5
10034999001;2021-08-02;10
10034999001;2021-08-03;15
10034999001;2021-08-04;13
10034999001;2021-08-05;8
10034999001;2021-08-06;7
10034999001;2021-08-07;2
10034999001;2021-08-08;2
10034999001;2021-08-09;7
10034999001;2021-08-10;7
10034999001;2021-08-11;12
10034999001;2021-08-12;10
10034999001;2021-08-13;4
10034999001;2021-08-14;18
10034999001;2021-08-15;13
10034999001;2021-08-16;14
10034999001;2021-08-17;10
10035001001;2021-08-01;5
10035001001;2021-08-02;5
10035001001;2021-08-03;1
10035001001;2021-08-04;3
10035001001;2021-08-06;4
10035001001;2021-08-07;1
10035001001;2021-08-08;3
10035001001;2021-08-09;1
10035001001;2021-08-10;5
10035001001;2021-08-11;5
10035001001;2021-08-12;10
10035001001;2021-08-13;6
10035001001;2021-08-14;5
10035001001;2021-08-15;4
10035001001;2021-08-16;1
10035001001;2021-08-17;2
10035002001;2021-08-01;4
10035002001;2021-08-02;7
10035002001;2021-08-03;3
10035002001;2021-08-04;3
10035002001;2021-08-05;1
10035002001;2021-08-07;2
10035002001;2021-08-08;2
10035002001;2021-08-09;7
10035002001;2021-08-10;2
10035002001;2021-08-11;4
10035002001;2021-08-12;3
10035002001;2021-08-13;6
10035002001;2021-08-14;3
10035002001;2021-08-15;10
10035002001;2021-08-16;3
10035002001;2021-08-17;6
10035003001;2021-08-02;4
10035003001;2021-08-03;4
10035003001;2021-08-04;2
10035003001;2021-08-05;2
10035003001;2021-08-08;2
10035003001;2021-08-09;1
10035003001;2021-08-10;2
10035003001;2021-08-11;1
10035003001;2021-08-13;2
10035003001;2021-08-15;2
10035003001;2021-08-16;1
10035006001;2021-08-01;2
10035006001;2021-08-03;5
10035006001;2021-08-04;3
10035006001;2021-08-05;2
10035006001;2021-08-06;1
10035006001;2021-08-07;1
10035006001;2021-08-08;3
10035006001;2021-08-10;4
10035006001;2021-08-11;3
10035006001;2021-08-12;3
10035006001;2021-08-13;1
10035006001;2021-08-14;4
10035006001;2021-08-15;9
10035006001;2021-08-16;5
10035006001;2021-08-17;3
10035011001;2021-08-01;1
10035011001;2021-08-09;1
10035011001;2021-08-12;3
10035011001;2021-08-13;1
10035012001;2021-08-01;3
10035012001;2021-08-02;4
10035012001;2021-08-03;5
10035012001;2021-08-04;1
10035012001;2021-08-05;4
10035012001;2021-08-06;3
10035012001;2021-08-07;1
10035012001;2021-08-08;3
10035012001;2021-08-09;3
10035012001;2021-08-10;1
10035012001;2021-08-11;5
10035012001;2021-08-12;5
10035012001;2021-08-13;9
10035012001;2021-08-14;2
10035012001;2021-08-15;3
10035012001;2021-08-16;3
10035012001;2021-08-17;7
10035013001;2021-08-01;3
10035013001;2021-08-02;2
10035013001;2021-08-03;3
10035013001;2021-08-04;1
10035013001;2021-08-05;7
10035013001;2021-08-06;1
10035013001;2021-08-09;3
10035013001;2021-08-10;4
10035013001;2021-08-11;2
10035013001;2021-08-13;2
10035013001;2021-08-14;2
10035013001;2021-08-15;3
10035013001;2021-08-16;1
10035013001;2021-08-17;3
10035015001;2021-08-01;8
10035015001;2021-08-02;9
10035015001;2021-08-03;16
10035015001;2021-08-04;9
10035015001;2021-08-05;11
10035015001;2021-08-06;4
10035015001;2021-08-07;5
10035015001;2021-08-08;9
10035015001;2021-08-09;13
10035015001;2021-08-10;7
10035015001;2021-08-11;7
10035015001;2021-08-12;11
10035015001;2021-08-13;12
10035015001;2021-08-14;6
10035015001;2021-08-15;15
10035015001;2021-08-16;11
10035015001;2021-08-17;13
10035021001;2021-08-01;11
10035021001;2021-08-02;5
10035021001;2021-08-03;16
10035021001;2021-08-04;4
10035021001;2021-08-05;2
10035021001;2021-08-06;1
10035021001;2021-08-07;10
10035021001;2021-08-08;5
10035021001;2021-08-09;1
10035021001;2021-08-10;2
10035021001;2021-08-11;17
10035021001;2021-08-12;13
10035021001;2021-08-13;8
10035021001;2021-08-14;13
10035021001;2021-08-15;37
10035021001;2021-08-16;18
10035021001;2021-08-17;21
10035027001;2021-08-01;1
10035027001;2021-08-02;1
10035028001;2021-08-01;3
10035028001;2021-08-02;4
10035028001;2021-08-03;10
10035028001;2021-08-04;6
10035028001;2021-08-05;4
10035028001;2021-08-06;2
10035028001;2021-08-08;2
10035028001;2021-08-09;2
10035028001;2021-08-10;5
10035028001;2021-08-11;6
10035028001;2021-08-12;4
10035028001;2021-08-13;1
10035028001;2021-08-14;8
10035028001;2021-08-15;16
10035028001;2021-08-16;8
10035028001;2021-08-17;9
10035034001;2021-08-01;6
10035034001;2021-08-02;4
10035034001;2021-08-03;7
10035034001;2021-08-04;12
10035034001;2021-08-05;16
10035034001;2021-08-06;8
10035034001;2021-08-07;1
10035034001;2021-08-08;8
10035034001;2021-08-09;14
10035034001;2021-08-10;17
10035034001;2021-08-11;20
10035034001;2021-08-12;13
10035034001;2021-08-13;9
10035034001;2021-08-14;11
10035034001;2021-08-15;20
10035034001;2021-08-16;27
10035034001;2021-08-17;19
10035035001;2021-08-01;27
10035035001;2021-08-02;20
10035035001;2021-08-03;28
10035035001;2021-08-04;42
10035035001;2021-08-05;26
10035035001;2021-08-06;15
10035035001;2021-08-07;13
10035035001;2021-08-08;21
10035035001;2021-08-09;18
10035035001;2021-08-10;17
10035035001;2021-08-11;21
10035035001;2021-08-12;25
10035035001;2021-08-13;26
10035035001;2021-08-14;20
10035035001;2021-08-15;38
10035035001;2021-08-16;35
10035035001;2021-08-17;33
10035036001;2021-08-01;1
10035036001;2021-08-03;2
10035036001;2021-08-04;1
10035036001;2021-08-05;2
10035036001;2021-08-08;1
10035036001;2021-08-11;2
10035036001;2021-08-12;2
10035036001;2021-08-13;1
10035036001;2021-08-14;2
10035036001;2021-08-15;2
10035046001;2021-08-05;1
10040001001;2021-08-11;1
10040001001;2021-08-12;2
10040002001;2021-08-01;6
10040002001;2021-08-02;2
10040002001;2021-08-03;2
10040002001;2021-08-05;4
10040002001;2021-08-07;2
10040002001;2021-08-08;1
10040002001;2021-08-09;1
10040002001;2021-08-10;3
10040002001;2021-08-11;2
10040002001;2021-08-12;2
10040002001;2021-08-13;3
10040002001;2021-08-14;6
10040002001;2021-08-15;3
10040002001;2021-08-16;1
10040003001;2021-08-01;19
10040003001;2021-08-02;13
10040003001;2021-08-03;3
10040003001;2021-08-04;8
10040003001;2021-08-05;5
10040003001;2021-08-06;6
10040003001;2021-08-07;5
10040003001;2021-08-08;5
10040003001;2021-08-09;6
10040003001;2021-08-10;1
10040003001;2021-08-11;6
10040003001;2021-08-12;11
10040003001;2021-08-13;8
10040003001;2021-08-14;8
10040003001;2021-08-15;20
10040003001;2021-08-16;9
10040003001;2021-08-17;9
10040004001;2021-08-01;24
10040004001;2021-08-02;11
10040004001;2021-08-03;14
10040004001;2021-08-04;11
10040004001;2021-08-05;12
10040004001;2021-08-06;21
10040004001;2021-08-07;9
10040004001;2021-08-08;13
10040004001;2021-08-09;13
10040004001;2021-08-10;13
10040004001;2021-08-11;10
10040004001;2021-08-12;9
10040004001;2021-08-13;17
10040004001;2021-08-14;11
10040004001;2021-08-15;22
10040004001;2021-08-16;1
10040004001;2021-08-17;10
10040005001;2021-08-01;16
10040005001;2021-08-02;8
10040005001;2021-08-03;8
10040005001;2021-08-04;4
10040005001;2021-08-05;8
10040005001;2021-08-06;13
10040005001;2021-08-07;8
10040005001;2021-08-08;11
10040005001;2021-08-09;10
10040005001;2021-08-10;8
10040005001;2021-08-11;8
10040005001;2021-08-12;11
10040005001;2021-08-13;4
10040005001;2021-08-14;16
10040005001;2021-08-15;16
10040005001;2021-08-16;13
10040005001;2021-08-17;8
10040008001;2021-08-01;6
10040008001;2021-08-02;4
10040008001;2021-08-03;1
10040008001;2021-08-04;4
10040008001;2021-08-05;7
10040008001;2021-08-06;7
10040008001;2021-08-07;1
10040008001;2021-08-08;6
10040008001;2021-08-09;9
10040008001;2021-08-10;3
10040008001;2021-08-11;5
10040008001;2021-08-12;3
10040008001;2021-08-13;5
10040008001;2021-08-14;5
10040008001;2021-08-15;2
10040008001;2021-08-16;5
10040008001;2021-08-17;9
10040009001;2021-08-01;4
10040009001;2021-08-03;5
10040009001;2021-08-04;4
10040009001;2021-08-05;3
10040009001;2021-08-06;5
10040009001;2021-08-07;6
10040009001;2021-08-08;8
10040009001;2021-08-09;7
10040009001;2021-08-10;6
10040009001;2021-08-11;4
10040009001;2021-08-12;6
10040009001;2021-08-13;3
10040009001;2021-08-14;1
10040009001;2021-08-15;3
10040009001;2021-08-17;3
10040010001;2021-08-01;5
10040010001;2021-08-02;1
10040010001;2021-08-03;6
10040010001;2021-08-04;9
10040010001;2021-08-05;4
10040010001;2021-08-06;3
10040010001;2021-08-07;2
10040010001;2021-08-08;1
10040010001;2021-08-09;4
10040010001;2021-08-10;2
10040010001;2021-08-11;3
10040010001;2021-08-12;1
10040010001;2021-08-13;1
10040010001;2021-08-14;6
10040010001;2021-08-15;6
10040010001;2021-08-16;7
10040010001;2021-08-17;4
10040011001;2021-08-02;1
10040011001;2021-08-03;1
10040011001;2021-08-05;1
10040011001;2021-08-06;1
10040011001;2021-08-08;1
10040011001;2021-08-09;2
10040011001;2021-08-10;2
10040011001;2021-08-11;2
10040011001;2021-08-12;1
10040011001;2021-08-13;1
10040011001;2021-08-14;1
10040011001;2021-08-15;4
10040011001;2021-08-17;1
10040014001;2021-08-04;2
10040014001;2021-08-10;1
10040014001;2021-08-12;1
10040014001;2021-08-14;1
10040014001;2021-08-17;1
10040016001;2021-08-03;1
10040016001;2021-08-04;1
10040016001;2021-08-05;2
10040016001;2021-08-06;1
10040016001;2021-08-08;2
10040016001;2021-08-09;2
10040016001;2021-08-10;1
10040016001;2021-08-11;2
10040016001;2021-08-14;4
10040016001;2021-08-15;2
10040016001;2021-08-16;3
10040016001;2021-08-17;5
10040017001;2021-08-01;1
10040017001;2021-08-07;1
10040018001;2021-08-01;1
10040018001;2021-08-03;4
10040018001;2021-08-04;1
10040018001;2021-08-05;5
10040018001;2021-08-06;2
10040018001;2021-08-07;1
10040018001;2021-08-08;3
10040018001;2021-08-09;5
10040018001;2021-08-10;1
10040018001;2021-08-11;3
10040018001;2021-08-12;3
10040018001;2021-08-13;1
10040018001;2021-08-14;2
10040018001;2021-08-15;5
10040019001;2021-08-01;8
10040019001;2021-08-02;13
10040019001;2021-08-03;6
10040019001;2021-08-04;10
10040019001;2021-08-05;3
10040019001;2021-08-06;8
10040019001;2021-08-07;5
10040019001;2021-08-08;2
10040019001;2021-08-09;3
10040019001;2021-08-10;3
10040019001;2021-08-11;5
10040019001;2021-08-12;3
10040019001;2021-08-13;3
10040019001;2021-08-14;5
10040019001;2021-08-15;7
10040019001;2021-08-16;1
10040019001;2021-08-17;5
10040020001;2021-08-01;3
10040020001;2021-08-02;3
10040020001;2021-08-03;4
10040020001;2021-08-04;6
10040020001;2021-08-05;2
10040020001;2021-08-06;4
10040020001;2021-08-07;2
10040020001;2021-08-08;2
10040020001;2021-08-09;6
10040020001;2021-08-10;4
10040020001;2021-08-11;6
10040020001;2021-08-12;5
10040020001;2021-08-13;1
10040020001;2021-08-14;2
10040020001;2021-08-15;6
10040020001;2021-08-16;6
10040020001;2021-08-17;8
10040021001;2021-08-01;1
10040021001;2021-08-02;1
10040021001;2021-08-03;2
10040021001;2021-08-07;1
10040021001;2021-08-09;1
10040021001;2021-08-10;2
10040021001;2021-08-15;1
10040022001;2021-08-01;1
10040022001;2021-08-02;2
10040022001;2021-08-03;7
10040022001;2021-08-04;1
10040022001;2021-08-05;2
10040022001;2021-08-06;3
10040022001;2021-08-08;2
10040022001;2021-08-09;4
10040022001;2021-08-11;3
10040022001;2021-08-13;3
10040022001;2021-08-14;2
10040022001;2021-08-15;5
10040022001;2021-08-17;7
10040023001;2021-08-01;9
10040023001;2021-08-02;7
10040023001;2021-08-03;11
10040023001;2021-08-04;3
10040023001;2021-08-05;10
10040023001;2021-08-06;12
10040023001;2021-08-07;1
10040023001;2021-08-08;5
10040023001;2021-08-09;5
10040023001;2021-08-10;4
10040023001;2021-08-11;7
10040023001;2021-08-12;2
10040023001;2021-08-13;7
10040023001;2021-08-14;9
10040023001;2021-08-15;5
10040023001;2021-08-16;15
10040023001;2021-08-17;11
10040024001;2021-08-16;1
10040024001;2021-08-17;1
10040025001;2021-08-01;27
10040025001;2021-08-02;18
10040025001;2021-08-03;21
10040025001;2021-08-04;13
10040025001;2021-08-05;12
10040025001;2021-08-06;19
10040025001;2021-08-07;8
10040025001;2021-08-08;14
10040025001;2021-08-09;9
10040025001;2021-08-10;10
10040025001;2021-08-11;11
10040025001;2021-08-12;9
10040025001;2021-08-13;14
10040025001;2021-08-14;11
10040025001;2021-08-15;13
10040025001;2021-08-16;2
10040025001;2021-08-17;7
10040026001;2021-08-01;11
10040026001;2021-08-02;1
10040026001;2021-08-04;5
10040026001;2021-08-05;10
10040026001;2021-08-06;13
10040026001;2021-08-07;3
10040026001;2021-08-08;14
10040026001;2021-08-09;11
10040026001;2021-08-10;8
10040026001;2021-08-11;8
10040026001;2021-08-12;2
10040026001;2021-08-13;12
10040026001;2021-08-14;9
10040026001;2021-08-15;16
10040026001;2021-08-16;4
10040026001;2021-08-17;8
10040027001;2021-08-01;4
10040027001;2021-08-04;3
10040027001;2021-08-05;4
10040027001;2021-08-06;1
10040027001;2021-08-08;3
10040027001;2021-08-09;4
10040027001;2021-08-10;2
10040027001;2021-08-11;2
10040027001;2021-08-12;1
10040027001;2021-08-13;4
10040027001;2021-08-15;2
10040027001;2021-08-17;3
10040028001;2021-08-01;2
10040028001;2021-08-02;2
10040028001;2021-08-03;3
10040028001;2021-08-15;1
10040031001;2021-08-06;2
10040031001;2021-08-16;1
10040031001;2021-08-17;1
10040032001;2021-08-01;14
10040032001;2021-08-02;2
10040032001;2021-08-03;3
10040032001;2021-08-04;2
10040032001;2021-08-06;1
10040032001;2021-08-08;1
10040032001;2021-08-09;4
10040032001;2021-08-10;4
10040032001;2021-08-11;5
10040032001;2021-08-12;5
10040032001;2021-08-13;5
10040032001;2021-08-14;3
10040032001;2021-08-15;15
10040032001;2021-08-16;6
10040032001;2021-08-17;12
10040033001;2021-08-01;10
10040033001;2021-08-02;4
10040033001;2021-08-05;7
10040033001;2021-08-06;4
10040033001;2021-08-07;8
10040033001;2021-08-08;3
10040033001;2021-08-09;5
10040033001;2021-08-10;2
10040033001;2021-08-11;2
10040033001;2021-08-12;1
10040033001;2021-08-13;2
10040033001;2021-08-14;3
10040033001;2021-08-15;4
10040033001;2021-08-16;1
10040033001;2021-08-17;3
10040034001;2021-08-01;2
10040034001;2021-08-03;1
10040034001;2021-08-04;1
10040034001;2021-08-05;1
10040034001;2021-08-06;2
10040034001;2021-08-07;2
10040035001;2021-08-02;2
10040035001;2021-08-03;2
10040035001;2021-08-06;1
10040035001;2021-08-07;1
10040035001;2021-08-10;2
10040035001;2021-08-11;2
10040035001;2021-08-15;2
10040035001;2021-08-17;4
10040037001;2021-08-01;2
10040037001;2021-08-02;6
10040037001;2021-08-03;2
10040037001;2021-08-04;2
10040037001;2021-08-05;3
10040037001;2021-08-06;5
10040037001;2021-08-07;2
10040037001;2021-08-08;6
10040037001;2021-08-09;6
10040037001;2021-08-11;4
10040037001;2021-08-12;1
10040037001;2021-08-13;2
10040037001;2021-08-14;4
10040037001;2021-08-15;4
10040037001;2021-08-16;2
10040037001;2021-08-17;3
10040038001;2021-08-01;2
10040038001;2021-08-02;2
10040038001;2021-08-03;1
10040038001;2021-08-04;2
10040038001;2021-08-06;2
10040038001;2021-08-11;1
10040038001;2021-08-13;1
10040038001;2021-08-14;1
10040038001;2021-08-15;1
10040038001;2021-08-16;1
10040038001;2021-08-17;4
10040039001;2021-08-01;29
10040039001;2021-08-02;25
10040039001;2021-08-03;18
10040039001;2021-08-04;17
10040039001;2021-08-05;17
10040039001;2021-08-06;16
10040039001;2021-08-07;8
10040039001;2021-08-08;20
10040039001;2021-08-09;20
10040039001;2021-08-10;9
10040039001;2021-08-11;14
10040039001;2021-08-12;11
10040039001;2021-08-13;19
10040039001;2021-08-14;16
10040039001;2021-08-15;16
10040039001;2021-08-16;8
10040039001;2021-08-17;8
10040040001;2021-08-01;10
10040040001;2021-08-02;6
10040040001;2021-08-03;8
10040040001;2021-08-04;2
10040040001;2021-08-05;1
10040040001;2021-08-06;7
10040040001;2021-08-07;4
10040040001;2021-08-08;2
10040040001;2021-08-09;2
10040040001;2021-08-10;1
10040040001;2021-08-11;1
10040040001;2021-08-12;1
10040040001;2021-08-13;2
10040040001;2021-08-14;1
10040040001;2021-08-15;3
10040040001;2021-08-16;1
10040040001;2021-08-17;6
10040041001;2021-08-01;5
10040041001;2021-08-02;5
10040041001;2021-08-03;2
10040041001;2021-08-04;1
10040041001;2021-08-05;1
10040041001;2021-08-06;1
10040041001;2021-08-07;2
10040041001;2021-08-08;2
10040041001;2021-08-09;3
10040041001;2021-08-10;5
10040041001;2021-08-11;10
10040041001;2021-08-12;8
10040041001;2021-08-14;3
10040041001;2021-08-15;5
10040041001;2021-08-16;5
10040041001;2021-08-17;2
10040042001;2021-08-01;4
10040042001;2021-08-02;3
10040042001;2021-08-03;3
10040042001;2021-08-04;1
10040042001;2021-08-06;5
10040042001;2021-08-07;3
10040042001;2021-08-08;3
10040042001;2021-08-09;4
10040042001;2021-08-10;5
10040042001;2021-08-11;2
10040042001;2021-08-12;4
10040042001;2021-08-13;4
10040042001;2021-08-14;2
10040042001;2021-08-15;6
10040042001;2021-08-16;1
10040042001;2021-08-17;5
10040044001;2021-08-01;4
10040044001;2021-08-02;1
10040044001;2021-08-03;1
10040044001;2021-08-07;1
10040048001;2021-08-09;2
10040048001;2021-08-11;2
10040048001;2021-08-12;1
10040048001;2021-08-13;3
10040048001;2021-08-14;1
10040048001;2021-08-15;3
10040048001;2021-08-16;1
10040049001;2021-08-01;8
10040049001;2021-08-02;8
10040049001;2021-08-03;5
10040049001;2021-08-04;6
10040049001;2021-08-05;7
10040049001;2021-08-06;11
10040049001;2021-08-07;5
10040049001;2021-08-08;5
10040049001;2021-08-09;4
10040049001;2021-08-10;1
10040049001;2021-08-11;4
10040049001;2021-08-12;6
10040049001;2021-08-13;3
10040049001;2021-08-14;8
10040049001;2021-08-15;16
10040049001;2021-08-16;2
10040049001;2021-08-17;4
10040050001;2021-08-01;2
10040050001;2021-08-02;1
10040050001;2021-08-03;4
10040050001;2021-08-05;1
10040050001;2021-08-06;1
10040050001;2021-08-07;1
10040050001;2021-08-08;3
10040050001;2021-08-09;3
10040050001;2021-08-11;1
10040050001;2021-08-12;1
10040050001;2021-08-16;2
10040056001;2021-08-02;1
10040056001;2021-08-03;1
10040056001;2021-08-05;1
10040056001;2021-08-11;2
10040056001;2021-08-12;1
10040056001;2021-08-17;2
10040062001;2021-08-01;18
10040062001;2021-08-02;12
10040062001;2021-08-03;15
10040062001;2021-08-04;15
10040062001;2021-08-05;9
10040062001;2021-08-06;15
10040062001;2021-08-07;13
10040062001;2021-08-08;16
10040062001;2021-08-09;23
10040062001;2021-08-10;11
10040062001;2021-08-11;10
10040062001;2021-08-12;8
10040062001;2021-08-13;14
10040062001;2021-08-14;26
10040062001;2021-08-15;15
10040062001;2021-08-16;15
10040062001;2021-08-17;12
10040063001;2021-08-01;15
10040063001;2021-08-02;13
10040063001;2021-08-03;17
10040063001;2021-08-04;11
10040063001;2021-08-05;10
10040063001;2021-08-06;14
10040063001;2021-08-07;11
10040063001;2021-08-08;11
10040063001;2021-08-09;25
10040063001;2021-08-10;11
10040063001;2021-08-11;5
10040063001;2021-08-12;5
10040063001;2021-08-13;7
10040063001;2021-08-14;14
10040063001;2021-08-15;15
10040063001;2021-08-16;20
10040063001;2021-08-17;16
10040066001;2021-08-01;7
10040066001;2021-08-02;8
10040066001;2021-08-03;2
10040066001;2021-08-04;2
10040066001;2021-08-07;1
10040066001;2021-08-08;1
10040066001;2021-08-09;4
10040066001;2021-08-10;2
10040066001;2021-08-11;2
10040066001;2021-08-12;2
10040066001;2021-08-14;3
10040066001;2021-08-15;16
10040066001;2021-08-16;5
10040066001;2021-08-17;2
10040071001;2021-08-03;1
10040071001;2021-08-05;1
10040071001;2021-08-08;1
10040071001;2021-08-11;1
10040071001;2021-08-12;2
10040071001;2021-08-14;2
10040071001;2021-08-15;2
10040071001;2021-08-16;5
10040071001;2021-08-17;2
10040078001;2021-08-05;1
10040079001;2021-08-01;3
10040079001;2021-08-02;4
10040079001;2021-08-03;4
10040079001;2021-08-04;2
10040079001;2021-08-05;2
10040079001;2021-08-06;4
10040079001;2021-08-07;3
10040079001;2021-08-08;4
10040079001;2021-08-09;6
10040079001;2021-08-10;2
10040079001;2021-08-11;2
10040079001;2021-08-12;2
10040079001;2021-08-13;6
10040079001;2021-08-14;4
10040079001;2021-08-15;6
10040079001;2021-08-16;1
10040079001;2021-08-17;3
10040081001;2021-08-01;8
10040081001;2021-08-02;8
10040081001;2021-08-03;3
10040081001;2021-08-04;3
10040081001;2021-08-05;6
10040081001;2021-08-06;2
10040081001;2021-08-07;7
10040081001;2021-08-08;3
10040081001;2021-08-09;8
10040081001;2021-08-10;1
10040081001;2021-08-11;2
10040081001;2021-08-12;3
10040081001;2021-08-13;2
10040081001;2021-08-14;9
10040081001;2021-08-15;2
10040081001;2021-08-16;2
10040081001;2021-08-17;1
10040082001;2021-08-13;2
10040082001;2021-08-14;3
10040082001;2021-08-15;3
10040082001;2021-08-16;5
10040094001;2021-08-01;5
10040094001;2021-08-02;8
10040094001;2021-08-03;7
10040094001;2021-08-04;4
10040094001;2021-08-05;1
10040094001;2021-08-06;2
10040094001;2021-08-07;1
10040094001;2021-08-08;4
10040094001;2021-08-09;5
10040094001;2021-08-10;3
10040094001;2021-08-11;7
10040094001;2021-08-12;2
10040094001;2021-08-13;9
10040094001;2021-08-14;7
10040094001;2021-08-15;7
10040094001;2021-08-16;3
10040094001;2021-08-17;2
10040111001;2021-08-01;6
10040111001;2021-08-02;3
10040111001;2021-08-04;2
10040111001;2021-08-06;3
10040111001;2021-08-07;2
10040111001;2021-08-09;3
10040111001;2021-08-10;1
10040111001;2021-08-11;2
10040111001;2021-08-12;3
10040111001;2021-08-13;1
10040111001;2021-08-15;1
10040111001;2021-08-16;2
10040111001;2021-08-17;1
10041001001;2021-08-02;1
10041001001;2021-08-04;1
10041001001;2021-08-11;1
10041003001;2021-08-01;2
10041003001;2021-08-02;5
10041003001;2021-08-03;4
10041003001;2021-08-04;3
10041003001;2021-08-05;3
10041003001;2021-08-06;1
10041003001;2021-08-08;2
10041003001;2021-08-09;4
10041003001;2021-08-11;2
10041003001;2021-08-12;1
10041003001;2021-08-13;1
10041003001;2021-08-14;3
10041003001;2021-08-15;1
10041004001;2021-08-01;11
10041004001;2021-08-02;7
10041004001;2021-08-03;5
10041004001;2021-08-04;2
10041004001;2021-08-05;2
10041004001;2021-08-06;1
10041004001;2021-08-08;2
10041004001;2021-08-09;3
10041004001;2021-08-10;1
10041004001;2021-08-12;3
10041004001;2021-08-13;1
10041004001;2021-08-14;1
10041004001;2021-08-15;1
10041007001;2021-08-15;2
10041007001;2021-08-16;2
10041007001;2021-08-17;4
10041008001;2021-08-10;1
10041008001;2021-08-12;3
10041008001;2021-08-13;2
10041008001;2021-08-14;1
10041008001;2021-08-15;1
10041008001;2021-08-16;1
10041008001;2021-08-17;2
10041009001;2021-08-01;1
10041009001;2021-08-02;2
10041009001;2021-08-03;1
10041009001;2021-08-15;1
10041032001;2021-08-01;1
10041032001;2021-08-02;2
10041032001;2021-08-03;2
10041032001;2021-08-04;1
10041032001;2021-08-07;2
10041032001;2021-08-08;4
10041032001;2021-08-09;2
10041032001;2021-08-10;2
10041032001;2021-08-11;1
10041032001;2021-08-12;4
10041032001;2021-08-13;3
10041032001;2021-08-14;4
10041032001;2021-08-15;4
10041032001;2021-08-16;5
10041032001;2021-08-17;2
10041033001;2021-08-02;3
10041033001;2021-08-03;1
10041033001;2021-08-04;4
10041033001;2021-08-05;2
10041033001;2021-08-06;1
10041033001;2021-08-07;1
10041033001;2021-08-08;2
10041033001;2021-08-11;4
10041033001;2021-08-12;1
10041033001;2021-08-13;5
10041033001;2021-08-14;2
10041033001;2021-08-15;1
10041033001;2021-08-16;2
10041033001;2021-08-17;2
10041034001;2021-08-01;1
10041034001;2021-08-02;1
10041034001;2021-08-04;2
10041034001;2021-08-07;2
10041034001;2021-08-08;1
10041034001;2021-08-09;2
10041034001;2021-08-10;3
10041034001;2021-08-11;3
10041034001;2021-08-12;6
10041034001;2021-08-13;1
10041034001;2021-08-15;2
10041034001;2021-08-16;1
10041034001;2021-08-17;2
10041038001;2021-08-08;1
10041038001;2021-08-11;2
10041039001;2021-08-01;1
10041039001;2021-08-02;2
10041039001;2021-08-03;1
10041039001;2021-08-04;1
10041039001;2021-08-05;1
10041039001;2021-08-06;2
10041039001;2021-08-07;1
10041039001;2021-08-08;5
10041039001;2021-08-09;2
10041039001;2021-08-10;1
10041039001;2021-08-11;3
10041039001;2021-08-12;3
10041039001;2021-08-13;1
10041039001;2021-08-14;1
10041039001;2021-08-15;4
10041039001;2021-08-16;1
10041039001;2021-08-17;1
10041040001;2021-08-01;1
10041040001;2021-08-02;3
10041040001;2021-08-04;3
10041040001;2021-08-05;5
10041040001;2021-08-06;3
10041040001;2021-08-07;1
10041040001;2021-08-08;4
10041040001;2021-08-09;2
10041040001;2021-08-10;2
10041040001;2021-08-11;1
10041040001;2021-08-12;6
10041040001;2021-08-13;2
10041040001;2021-08-14;3
10041040001;2021-08-15;3
10041040001;2021-08-16;3
10041040001;2021-08-17;6
10041067001;2021-08-01;45
10041067001;2021-08-02;17
10041067001;2021-08-03;18
10041067001;2021-08-04;31
10041067001;2021-08-05;18
10041067001;2021-08-06;7
10041067001;2021-08-07;17
10041067001;2021-08-08;16
10041067001;2021-08-09;8
10041067001;2021-08-10;4
10041067001;2021-08-11;31
10041067001;2021-08-12;11
10041067001;2021-08-13;4
10041067001;2021-08-14;3
10041067001;2021-08-15;1
10041067001;2021-08-16;1
10041067001;2021-08-17;3
10041085001;2021-08-04;2
10041085001;2021-08-05;2
10041085001;2021-08-06;1
10041085001;2021-08-08;2
10041085001;2021-08-09;5
10041085001;2021-08-10;5
10041085001;2021-08-11;2
10041085001;2021-08-12;4
10041085001;2021-08-13;6
10041085001;2021-08-14;3
10041085001;2021-08-15;5
10041085001;2021-08-16;1
10041085001;2021-08-17;6
10041087001;2021-08-01;1
10041899001;2021-08-07;1
10041899001;2021-08-13;5
10041899001;2021-08-14;11
10041899001;2021-08-15;7
10041899001;2021-08-17;2
10051001001;2021-08-01;1
10051001001;2021-08-03;1
10051001001;2021-08-12;1
10051034001;2021-08-01;1
10051034001;2021-08-03;1
10051034001;2021-08-04;1
10051034001;2021-08-09;1
10051034001;2021-08-10;1
10051034001;2021-08-11;1
10051034001;2021-08-17;1
10052004001;2021-08-03;2
10052004001;2021-08-15;2
10052014001;2021-08-01;2
10052014001;2021-08-08;1
10052015001;2021-08-09;1
10052015001;2021-08-14;1
10052015001;2021-08-15;2
10052017001;2021-08-01;2
10052017001;2021-08-03;2
10052017001;2021-08-04;1
10052017001;2021-08-06;2
10052017001;2021-08-07;1
10052017001;2021-08-08;1
10052017001;2021-08-09;3
10052017001;2021-08-13;1
10052017001;2021-08-14;3
10052017001;2021-08-16;2
10052017001;2021-08-17;1
10052019001;2021-08-09;2
10052019001;2021-08-11;1
10052019001;2021-08-12;1
10052019001;2021-08-15;5
10052019001;2021-08-17;3
10052020001;2021-08-01;3
10052020001;2021-08-02;2
10052020001;2021-08-03;7
10052020001;2021-08-04;4
10052020001;2021-08-05;4
10052020001;2021-08-06;2
10052020001;2021-08-07;1
10052020001;2021-08-08;4
10052020001;2021-08-09;5
10052020001;2021-08-10;1
10052020001;2021-08-11;1
10052020001;2021-08-12;2
10052020001;2021-08-13;3
10052020001;2021-08-14;3
10052020001;2021-08-15;1
10052020001;2021-08-16;1
10052020001;2021-08-17;2
10052024001;2021-08-03;1
10052024001;2021-08-04;1
10052024001;2021-08-08;1
10052024001;2021-08-09;1
10052024001;2021-08-12;1
10052024001;2021-08-13;1
10052025001;2021-08-01;4
10052025001;2021-08-02;3
10052025001;2021-08-03;5
10052025001;2021-08-05;3
10052025001;2021-08-06;3
10052025001;2021-08-07;2
10052025001;2021-08-08;5
10052025001;2021-08-09;5
10052025001;2021-08-11;1
10052025001;2021-08-12;6
10052025001;2021-08-13;3
10052025001;2021-08-14;5
10052025001;2021-08-15;2
10052025001;2021-08-16;2
10052025001;2021-08-17;3
10052035001;2021-08-02;2
10052035001;2021-08-03;2
10052035001;2021-08-04;2
10052035001;2021-08-05;3
10052035001;2021-08-06;1
10052035001;2021-08-08;1
10052035001;2021-08-09;3
10052035001;2021-08-10;1
10052035001;2021-08-11;2
10052035001;2021-08-12;2
10052035001;2021-08-13;2
10052035001;2021-08-15;2
10052035001;2021-08-16;2
10052046001;2021-08-13;1
10053901001;2021-08-03;2
10053901001;2021-08-07;1
10053901001;2021-08-09;1
10053901001;2021-08-11;1
10053901001;2021-08-12;1
10053901001;2021-08-15;1
10053901001;2021-08-16;1
10053901001;2021-08-17;3
10053903001;2021-08-02;2
10053903001;2021-08-06;1
10053904001;2021-08-04;1
10100132001;2021-08-02;1
10100132001;2021-08-03;1
10100132001;2021-08-08;2
10100132001;2021-08-10;1
10100132001;2021-08-11;2
10100132001;2021-08-12;2
10100132001;2021-08-13;3
10100132001;2021-08-14;1
10100132001;2021-08-15;4
10100132001;2021-08-17;3
10904021001;2021-08-14;1
10904899001;2021-08-03;1
11010001001;2021-08-04;1
11010001001;2021-08-05;1
11010007001;2021-08-08;2
11010007001;2021-08-10;1
11010007001;2021-08-11;4
11010007001;2021-08-12;1
11010007001;2021-08-14;5
11010007001;2021-08-15;1
11010007001;2021-08-17;1
11010012001;2021-08-03;1
11010012001;2021-08-04;1
11010013001;2021-08-04;3
11010013001;2021-08-08;1
11010013001;2021-08-10;1
11010013001;2021-08-15;3
11010016001;2021-08-01;1
11010016001;2021-08-04;1
11010016001;2021-08-10;1
11010016001;2021-08-14;1
11010018001;2021-08-02;1
11010018001;2021-08-03;2
11010019001;2021-08-04;2
11010019001;2021-08-09;1
11010019001;2021-08-11;1
11010019001;2021-08-14;2
11010019001;2021-08-15;1
11010020001;2021-08-03;1
11010020001;2021-08-04;1
11010020001;2021-08-08;2
11010020001;2021-08-09;2
11010020001;2021-08-15;1
11010020001;2021-08-16;1
11010021001;2021-08-01;2
11010021001;2021-08-04;1
11010021001;2021-08-15;1
11010021001;2021-08-16;1
11010022001;2021-08-03;1
11010022001;2021-08-04;1
11010022001;2021-08-08;1
11010022001;2021-08-09;1
11010022001;2021-08-15;1
11010023001;2021-08-03;1
11010023001;2021-08-05;1
11010023001;2021-08-08;2
11010023001;2021-08-12;2
11010023001;2021-08-17;1
11010025001;2021-08-01;1
11010025001;2021-08-04;1
11010025001;2021-08-09;1
11010025001;2021-08-12;1
11010025001;2021-08-13;1
11010025001;2021-08-14;2
11010025001;2021-08-17;1
11010027001;2021-08-02;2
11010027001;2021-08-04;1
11010027001;2021-08-05;1
11010027001;2021-08-08;1
11010027001;2021-08-09;1
11010027001;2021-08-14;1
11010027001;2021-08-15;1
11010035001;2021-08-01;1
11010035001;2021-08-05;1
11010035001;2021-08-08;1
11010038001;2021-08-06;1
11010040001;2021-08-01;1
11010040001;2021-08-05;2
11010040001;2021-08-06;1
11010040001;2021-08-11;1
11010040001;2021-08-14;1
11010042001;2021-08-01;1
11010042001;2021-08-02;2
11010042001;2021-08-03;1
11010042001;2021-08-04;1
11010042001;2021-08-05;2
11010042001;2021-08-06;1
11010042001;2021-08-08;1
11010042001;2021-08-09;2
11010042001;2021-08-10;2
11010042001;2021-08-11;1
11010042001;2021-08-12;1
11010042001;2021-08-14;2
11010042001;2021-08-17;4
11010043001;2021-08-01;2
11010043001;2021-08-02;1
11010043001;2021-08-03;1
11010043001;2021-08-07;1
11010043001;2021-08-08;1
11010043001;2021-08-09;1
11010043001;2021-08-12;1
11010043001;2021-08-17;1
11010045001;2021-08-01;3
11010051001;2021-08-05;1
11010051001;2021-08-17;1
11010059001;2021-08-02;1
11010059001;2021-08-04;2
11010112001;2021-08-01;2
11010112001;2021-08-02;1
11010112001;2021-08-09;1
11010112001;2021-08-11;1
11010112001;2021-08-13;1
11010112001;2021-08-15;1
11010115001;2021-08-01;1
11010115001;2021-08-02;1
11010115001;2021-08-05;1
11010115001;2021-08-08;1
11010115001;2021-08-09;2
11010115001;2021-08-10;1
11010115001;2021-08-12;1
11010115001;2021-08-17;2
11010116001;2021-08-09;1
11010116001;2021-08-10;1
11010116001;2021-08-11;1
11010116001;2021-08-13;1
11010116001;2021-08-17;1
11020002001;2021-08-01;5
11020002001;2021-08-02;1
11020002001;2021-08-03;2
11020002001;2021-08-04;1
11020002001;2021-08-05;1
11020002001;2021-08-12;1
11020002001;2021-08-15;1
11020002001;2021-08-17;1
11020003001;2021-08-01;1
11020003001;2021-08-04;1
11020003001;2021-08-08;1
11020008001;2021-08-03;3
11020008001;2021-08-05;1
11020008001;2021-08-08;1
11020010001;2021-08-03;1
11020010001;2021-08-08;1
11020012001;2021-08-08;1
11020012001;2021-08-10;2
11020012001;2021-08-11;1
11020012001;2021-08-13;1
11020013001;2021-08-01;1
11020013001;2021-08-09;1
11020013001;2021-08-14;1
11020013001;2021-08-15;1
11020013001;2021-08-16;1
11021002001;2021-08-11;1
11021006001;2021-08-15;3
11021013001;2021-08-03;2
11021013001;2021-08-04;2
11021013001;2021-08-06;1
11021013001;2021-08-09;1
11021013001;2021-08-10;1
11021013001;2021-08-12;1
11021013001;2021-08-13;2
11021013001;2021-08-14;1
11021013001;2021-08-15;1
11021018001;2021-08-03;1
11021023001;2021-08-05;1
11021023001;2021-08-07;1
11021023001;2021-08-12;1
11021025001;2021-08-01;1
11021025001;2021-08-02;1
11021025001;2021-08-11;1
11021025001;2021-08-14;1
11021026001;2021-08-09;1
11021026001;2021-08-10;1
11021026001;2021-08-11;1
11021026001;2021-08-12;1
11021026001;2021-08-16;1
11021026001;2021-08-17;1
11021028001;2021-08-12;1
11021028001;2021-08-15;1
11021029001;2021-08-01;1
11021029001;2021-08-03;1
11021029001;2021-08-06;1
11021029001;2021-08-07;2
11021029001;2021-08-08;1
11021029001;2021-08-09;2
11021029001;2021-08-10;1
11021029001;2021-08-11;2
11021029001;2021-08-12;1
11021029001;2021-08-14;1
11021030001;2021-08-02;2
11021030001;2021-08-03;1
11021030001;2021-08-07;2
11021030001;2021-08-12;1
11021030001;2021-08-17;1
11021047001;2021-08-01;1
11021047001;2021-08-03;1
11021047001;2021-08-04;1
11021047001;2021-08-07;1
11021047001;2021-08-09;1
11021047001;2021-08-13;1
11021047001;2021-08-14;1
11021047001;2021-08-17;1
11021051002;2021-08-02;1
11021052001;2021-08-05;1
11021052001;2021-08-07;1
11021052001;2021-08-09;1
11021052001;2021-08-10;1
11021052001;2021-08-13;1
11021052001;2021-08-14;1
11021059002;2021-08-07;1
11021060001;2021-08-09;1
11021060001;2021-08-10;2
11021061001;2021-08-10;1
11021061001;2021-08-11;3
11021061001;2021-08-12;1
11021061001;2021-08-13;1
11021061001;2021-08-14;2
11021064001;2021-08-02;1
11021064001;2021-08-05;1
11021071001;2021-08-01;2
11021071001;2021-08-02;3
11021071001;2021-08-03;1
11021071001;2021-08-04;3
11021071001;2021-08-05;3
11021071001;2021-08-06;2
11021071001;2021-08-08;1
11021071001;2021-08-09;3
11021071001;2021-08-10;2
11021071001;2021-08-11;1
11021071001;2021-08-12;3
11021071001;2021-08-13;4
11021071001;2021-08-14;2
11021071001;2021-08-15;2
11021071001;2021-08-17;2
11021095001;2021-08-05;1
11022001001;2021-08-01;1
11022001001;2021-08-04;1
11022001001;2021-08-08;1
11022001001;2021-08-10;1
11022001001;2021-08-17;1
11022003002;2021-08-01;1
11022003002;2021-08-02;1
11022003002;2021-08-13;1
11022003002;2021-08-14;1
11022003002;2021-08-15;1
11022003002;2021-08-17;2
11022007001;2021-08-01;4
11022007001;2021-08-02;2
11022007001;2021-08-03;1
11022007001;2021-08-04;2
11022007001;2021-08-05;1
11022007001;2021-08-06;1
11022007001;2021-08-09;1
11022007001;2021-08-10;4
11022007001;2021-08-11;1
11022007001;2021-08-12;2
11022007001;2021-08-13;3
11022007001;2021-08-14;3
11022007001;2021-08-15;1
11022012001;2021-08-01;1
11022012001;2021-08-03;1
11022012001;2021-08-04;1
11022012001;2021-08-15;1
11022012001;2021-08-17;1
11022017001;2021-08-03;2
11022017001;2021-08-05;1
11022017001;2021-08-07;1
11022017001;2021-08-11;1
11022017001;2021-08-12;1
11022017001;2021-08-14;1
11022017001;2021-08-15;1
11022024002;2021-08-02;1
11022024002;2021-08-03;1
11022024002;2021-08-09;1
11022024002;2021-08-12;1
11022024002;2021-08-17;1
11022025001;2021-08-01;1
11022025001;2021-08-02;2
11022025001;2021-08-04;1
11022025001;2021-08-05;2
11022025001;2021-08-06;2
11022025001;2021-08-08;2
11022025001;2021-08-09;1
11022025001;2021-08-10;1
11022025001;2021-08-11;1
11022025001;2021-08-12;1
11022025001;2021-08-13;1
11022025001;2021-08-14;1
11022025001;2021-08-15;1
11022025001;2021-08-17;1
11022031001;2021-08-02;2
11022031001;2021-08-03;1
11022031001;2021-08-05;1
11022031001;2021-08-13;1
11022035001;2021-08-03;1
11022035001;2021-08-08;1
11022035001;2021-08-10;1
11022036001;2021-08-02;1
11022036001;2021-08-03;1
11022036001;2021-08-09;1
11022036001;2021-08-10;1
11022036001;2021-08-13;1
11022044001;2021-08-07;1
11022051001;2021-08-01;2
11022051001;2021-08-02;1
11022051001;2021-08-03;5
11022051001;2021-08-04;2
11022051001;2021-08-06;4
11022051001;2021-08-08;2
11022051001;2021-08-09;2
11022051001;2021-08-10;1
11022051001;2021-08-12;1
11022051001;2021-08-13;1
11022051001;2021-08-14;2
11022051001;2021-08-15;3
11022051001;2021-08-16;1
11022051001;2021-08-17;1
11022058001;2021-08-02;1
11022059001;2021-08-02;2
11022059001;2021-08-03;1
11022059001;2021-08-15;1
11022063001;2021-08-01;1
11022063001;2021-08-04;1
11022063001;2021-08-05;1
11022063001;2021-08-10;1
11022063001;2021-08-15;1
11022063001;2021-08-17;1
11022067001;2021-08-09;1
11022067001;2021-08-13;1
11022067001;2021-08-15;1
11022077001;2021-08-10;1
11022082001;2021-08-09;1
11022082001;2021-08-13;3
11022082001;2021-08-14;1
11022085001;2021-08-01;1
11022085001;2021-08-08;1
11022085001;2021-08-09;1
11022085001;2021-08-15;1
11022087001;2021-08-01;1
11022087001;2021-08-08;1
11022087001;2021-08-15;1
11023010001;2021-08-01;1
11023010001;2021-08-03;3
11023010001;2021-08-05;1
11023010001;2021-08-06;2
11023010001;2021-08-09;1
11023010001;2021-08-10;2
11023010001;2021-08-11;1
11023012001;2021-08-06;1
11023012001;2021-08-14;1
11030010001;2021-08-08;1
11030010001;2021-08-11;3
11030016002;2021-08-05;1
11030018001;2021-08-05;1
11030018001;2021-08-06;1
11030018001;2021-08-17;1
11030024001;2021-08-01;1
11030024001;2021-08-05;1
11030024001;2021-08-11;2
11030062001;2021-08-08;1
11030062001;2021-08-14;1
11030066001;2021-08-02;2
11030066001;2021-08-03;2
11030066001;2021-08-07;1
11030066001;2021-08-10;1
11030066001;2021-08-12;1
11030066001;2021-08-13;1
11030066001;2021-08-15;1
11030094001;2021-08-03;1
11030095001;2021-08-01;2
11030095001;2021-08-06;1
11030095001;2021-08-11;1
11030095001;2021-08-12;1
11030096001;2021-08-02;1
11030097001;2021-08-09;1
11030097001;2021-08-13;1
11030108001;2021-08-02;1
11030108001;2021-08-08;1
11030128001;2021-08-14;1
11030183002;2021-08-02;1
11030183002;2021-08-12;1
11030183002;2021-08-14;1
11030183002;2021-08-17;1
11031011002;2021-08-14;1
11031022001;2021-08-02;1
11031022001;2021-08-04;1
11031022001;2021-08-09;1
11031022001;2021-08-12;1
11031901001;2021-08-06;1
11031907001;2021-08-01;2
11031907001;2021-08-03;1
11031907001;2021-08-05;1
11031907001;2021-08-09;2
11031907001;2021-08-14;1
11031907001;2021-08-17;1
11031917001;2021-08-03;1
11031917001;2021-08-10;1
11031917001;2021-08-12;2
11031918001;2021-08-05;1
11032002001;2021-08-01;1
11032002001;2021-08-02;2
11032002001;2021-08-03;1
11032002001;2021-08-05;1
11032002001;2021-08-06;1
11032002001;2021-08-07;2
11032002001;2021-08-08;2
11032002001;2021-08-09;1
11032002001;2021-08-11;1
11032002001;2021-08-12;1
11032003002;2021-08-03;1
11032003002;2021-08-06;1
11032003002;2021-08-08;1
11032003002;2021-08-09;1
11032003002;2021-08-14;1
11032003002;2021-08-15;1
11032003002;2021-08-17;1
11032006001;2021-08-15;1
11032008001;2021-08-01;1
11032008001;2021-08-08;1
11032008001;2021-08-11;1
11032008001;2021-08-12;2
11032008001;2021-08-15;1
11032011001;2021-08-08;1
11032014002;2021-08-02;3
11032014002;2021-08-04;1
11032014002;2021-08-06;1
11032014002;2021-08-09;1
11032014002;2021-08-11;1
11032014002;2021-08-13;1
11032014002;2021-08-15;1
11032015001;2021-08-08;1
11032015001;2021-08-12;1
11032015001;2021-08-15;1
11032015001;2021-08-17;1
11032017001;2021-08-08;1
11032017001;2021-08-09;1
11032017001;2021-08-10;1
11032017001;2021-08-11;1
11032021001;2021-08-02;1
11032021001;2021-08-03;1
11032021001;2021-08-06;1
11032021001;2021-08-08;2
11032021001;2021-08-09;3
11032021001;2021-08-10;1
11032021001;2021-08-12;1
11032021001;2021-08-14;1
11032021001;2021-08-15;3
11032021001;2021-08-17;1
11032024001;2021-08-03;2
11032024001;2021-08-08;2
11032024001;2021-08-09;1
11032024001;2021-08-10;1
11032024001;2021-08-11;2
11032024001;2021-08-12;2
11032024001;2021-08-13;1
11032024001;2021-08-15;2
11032024001;2021-08-17;1
11032026001;2021-08-12;2
11032026001;2021-08-14;1
11032026001;2021-08-15;1
11032027001;2021-08-01;2
11032027001;2021-08-02;1
11032027001;2021-08-03;1
11032027001;2021-08-05;2
11032027001;2021-08-06;1
11032027001;2021-08-12;1
11032027001;2021-08-13;1
11032027001;2021-08-14;1
11032027001;2021-08-15;1
11032027001;2021-08-16;2
11032027001;2021-08-17;1
11032028001;2021-08-07;1
11032028001;2021-08-10;1
11032028001;2021-08-14;1
11032028001;2021-08-15;1
11032028001;2021-08-17;1
11032031001;2021-08-06;1
11032035001;2021-08-03;1
11032035001;2021-08-05;1
11032035001;2021-08-06;1
11032035001;2021-08-10;1
11032035001;2021-08-11;1
11032035001;2021-08-12;1
11032035001;2021-08-13;1
11032035001;2021-08-16;1
11032036001;2021-08-01;1
11032036001;2021-08-03;1
11032036001;2021-08-04;1
11032036001;2021-08-09;1
11032036001;2021-08-12;2
11032037001;2021-08-01;2
11032037001;2021-08-02;1
11032037001;2021-08-06;1
11032037001;2021-08-07;2
11032037001;2021-08-08;2
11032037001;2021-08-09;2
11032037001;2021-08-10;3
11032037001;2021-08-11;1
11032037001;2021-08-12;2
11032037001;2021-08-13;2
11032037001;2021-08-14;2
11032037001;2021-08-15;1
11032037001;2021-08-16;2
11032043001;2021-08-02;1
11032043001;2021-08-06;1
11032218001;2021-08-01;2
11032218001;2021-08-02;2
11032218001;2021-08-03;2
11032218001;2021-08-06;2
11032218001;2021-08-08;3
11032218001;2021-08-09;3
11032218001;2021-08-10;3
11032218001;2021-08-12;2
11032218001;2021-08-13;1
11032218001;2021-08-14;2
11032218001;2021-08-15;1
11032218001;2021-08-17;1
11032220001;2021-08-01;1
11032220001;2021-08-02;1
11032220001;2021-08-03;4
11032220001;2021-08-04;1
11032220001;2021-08-05;1
11032220001;2021-08-07;3
11032220001;2021-08-08;1
11032220001;2021-08-10;1
11032220001;2021-08-12;1
11032220001;2021-08-15;2
11032220001;2021-08-16;3
11032220001;2021-08-17;3
11032221001;2021-08-08;1
11032221001;2021-08-10;1
11032221001;2021-08-17;1
11032222002;2021-08-03;1
11032222002;2021-08-05;1
11032222002;2021-08-06;1
11032222002;2021-08-10;1
11032222002;2021-08-11;1
11040001001;2021-08-01;1
11040001001;2021-08-03;5
11040001001;2021-08-04;1
11040001001;2021-08-05;2
11040001001;2021-08-09;1
11040001001;2021-08-15;1
11040003001;2021-08-13;1
11040003001;2021-08-17;1
11040006001;2021-08-01;7
11040006001;2021-08-02;1
11040006001;2021-08-03;6
11040006001;2021-08-04;5
11040006001;2021-08-05;7
11040006001;2021-08-07;2
11040006001;2021-08-08;3
11040006001;2021-08-09;2
11040006001;2021-08-10;1
11040006001;2021-08-11;2
11040006001;2021-08-12;3
11040006001;2021-08-13;8
11040006001;2021-08-14;6
11040006001;2021-08-15;6
11040006001;2021-08-16;1
11040006001;2021-08-17;5
11040007001;2021-08-01;1
11040008001;2021-08-01;1
11040008001;2021-08-09;1
11040008001;2021-08-10;1
11040008001;2021-08-17;2
11040009001;2021-08-01;5
11040009001;2021-08-02;8
11040009001;2021-08-03;9
11040009001;2021-08-04;3
11040009001;2021-08-05;4
11040009001;2021-08-06;2
11040009001;2021-08-07;3
11040009001;2021-08-08;3
11040009001;2021-08-09;5
11040009001;2021-08-10;2
11040009001;2021-08-11;4
11040009001;2021-08-12;3
11040009001;2021-08-13;7
11040009001;2021-08-14;3
11040009001;2021-08-15;5
11040009001;2021-08-16;1
11040009001;2021-08-17;6
11040010001;2021-08-01;5
11040010001;2021-08-02;2
11040010001;2021-08-03;1
11040010001;2021-08-04;6
11040010001;2021-08-05;9
11040010001;2021-08-06;5
11040010001;2021-08-07;3
11040010001;2021-08-08;5
11040010001;2021-08-09;5
11040010001;2021-08-10;3
11040010001;2021-08-11;6
11040010001;2021-08-12;4
11040010001;2021-08-13;3
11040010001;2021-08-14;2
11040010001;2021-08-15;5
11040010001;2021-08-16;1
11040010001;2021-08-17;2
11040011001;2021-08-02;1
11040011001;2021-08-03;1
11040018001;2021-08-05;1
11040018001;2021-08-09;1
11040018001;2021-08-17;2
11040020001;2021-08-02;1
11040020001;2021-08-04;1
11040020001;2021-08-08;1
11040020001;2021-08-14;2
11040023001;2021-08-08;1
11040023001;2021-08-15;1
11040025001;2021-08-09;1
11040026001;2021-08-02;1
11040026001;2021-08-03;2
11040026001;2021-08-04;1
11040026001;2021-08-05;2
11040026001;2021-08-11;1
11040026001;2021-08-12;1
11040026001;2021-08-14;3
11040026001;2021-08-15;1
11040026001;2021-08-17;2
11040027001;2021-08-01;1
11040027001;2021-08-03;1
11040029001;2021-08-12;1
11040029002;2021-08-06;1
11040029002;2021-08-12;1
11040030001;2021-08-01;1
11040030001;2021-08-02;2
11040030001;2021-08-03;2
11040030001;2021-08-04;2
11040030001;2021-08-05;1
11040030001;2021-08-06;1
11040030001;2021-08-08;1
11040030001;2021-08-10;2
11040030001;2021-08-11;2
11040030001;2021-08-13;1
11040030001;2021-08-14;1
11040030001;2021-08-15;3
11040035001;2021-08-01;5
11040035001;2021-08-02;6
11040035001;2021-08-03;5
11040035001;2021-08-04;3
11040035001;2021-08-05;4
11040035001;2021-08-06;5
11040035001;2021-08-07;3
11040035001;2021-08-08;4
11040035001;2021-08-09;8
11040035001;2021-08-10;8
11040035001;2021-08-11;9
11040035001;2021-08-12;9
11040035001;2021-08-13;1
11040035001;2021-08-14;3
11040035001;2021-08-15;8
11040035001;2021-08-16;2
11040035001;2021-08-17;5
11040039001;2021-08-01;1
11040039001;2021-08-02;2
11040039001;2021-08-03;1
11040039001;2021-08-04;3
11040039001;2021-08-05;3
11040039001;2021-08-08;1
11040039001;2021-08-10;2
11040039001;2021-08-11;2
11040039001;2021-08-13;1
11040039001;2021-08-14;2
11040039001;2021-08-15;1
11040039001;2021-08-17;1
11040040001;2021-08-04;2
11040040001;2021-08-07;1
11040040001;2021-08-08;2
11040040001;2021-08-11;2
11040040001;2021-08-12;1
11040040001;2021-08-14;2
11040040001;2021-08-15;2
11040044001;2021-08-07;1
11040044001;2021-08-08;1
11040044001;2021-08-09;1
11040044001;2021-08-11;1
11040044001;2021-08-13;1
11040044001;2021-08-14;4
11040046001;2021-08-01;1
11040046001;2021-08-02;1
11040046001;2021-08-03;1
11040046001;2021-08-04;1
11040046001;2021-08-05;1
11040046001;2021-08-08;1
11040046001;2021-08-09;1
11040046001;2021-08-10;2
11040046001;2021-08-11;2
11040046001;2021-08-12;1
11040046001;2021-08-14;2
11040046001;2021-08-15;1
11040047001;2021-08-01;1
11040047001;2021-08-03;2
11040047001;2021-08-16;1
11040047001;2021-08-17;2
11040057001;2021-08-11;1
11040060001;2021-08-14;1
11040062001;2021-08-09;1
11040062001;2021-08-13;2
11041002001;2021-08-01;1
11041002001;2021-08-02;2
11041002001;2021-08-03;1
11041002001;2021-08-04;1
11041002001;2021-08-05;1
11041002001;2021-08-08;1
11041002001;2021-08-09;2
11041005001;2021-08-01;1
11041005001;2021-08-03;1
11041005001;2021-08-15;1
11041005001;2021-08-16;1
11041007001;2021-08-02;1
11041007001;2021-08-03;1
11041007001;2021-08-05;2
11041007001;2021-08-09;1
11041007001;2021-08-10;1
11041009001;2021-08-01;2
11041013001;2021-08-06;1
11041013001;2021-08-09;1
11041014001;2021-08-06;1
11041014001;2021-08-17;1
11041017001;2021-08-01;2
11041017001;2021-08-03;2
11041017001;2021-08-04;1
11041017001;2021-08-05;1
11041017001;2021-08-08;1
11041017001;2021-08-09;1
11041017001;2021-08-10;1
11041017001;2021-08-14;2
11041017001;2021-08-15;1
11041017001;2021-08-17;1
11041019001;2021-08-01;1
11041019001;2021-08-02;1
11041019001;2021-08-03;2
11041019001;2021-08-04;1
11041019001;2021-08-06;1
11041019001;2021-08-12;2
11041019001;2021-08-14;1
11041024001;2021-08-01;1
11041024001;2021-08-02;1
11041024001;2021-08-11;2
11041027001;2021-08-01;3
11041027001;2021-08-02;1
11041027001;2021-08-03;1
11041027001;2021-08-04;1
11041027001;2021-08-06;1
11041027001;2021-08-07;1
11041027001;2021-08-08;1
11041027001;2021-08-13;1
11041027001;2021-08-14;2
11041027001;2021-08-15;2
11041027001;2021-08-16;1
11041027001;2021-08-17;1
11041031001;2021-08-09;2
11041031001;2021-08-14;1
11041999004;2021-08-10;1
11042001001;2021-08-01;2
11042001001;2021-08-09;1
11042001001;2021-08-15;1
11042001001;2021-08-16;1
11042002001;2021-08-08;1
11042002001;2021-08-10;2
11042002001;2021-08-11;1
11042002001;2021-08-17;1
11042005001;2021-08-01;1
11042005001;2021-08-02;1
11042005001;2021-08-04;1
11042005001;2021-08-05;1
11042005001;2021-08-08;2
11042005001;2021-08-11;1
11042005001;2021-08-12;1
11042005001;2021-08-14;2
11042005001;2021-08-15;1
11042005001;2021-08-17;1
11042006001;2021-08-02;1
11042006001;2021-08-05;1
11042006001;2021-08-07;1
11042006001;2021-08-11;1
11042006001;2021-08-13;1
11042006001;2021-08-14;1
11042007001;2021-08-02;1
11042007001;2021-08-04;1
11042007001;2021-08-08;1
11042007001;2021-08-10;1
11042007001;2021-08-14;1
11042007001;2021-08-17;1
11042008001;2021-08-03;1
11042008001;2021-08-05;5
11042008001;2021-08-06;1
11042008001;2021-08-07;1
11042008001;2021-08-08;1
11042008001;2021-08-10;1
11042008001;2021-08-11;2
11042008001;2021-08-12;1
11042008001;2021-08-13;1
11042008001;2021-08-14;1
11042008001;2021-08-15;1
11042008001;2021-08-16;1
11042009001;2021-08-03;1
11042009001;2021-08-06;1
11042009001;2021-08-08;1
11042009001;2021-08-09;1
11042009001;2021-08-11;2
11042009001;2021-08-15;2
11042010001;2021-08-04;1
11042010001;2021-08-16;1
11042010001;2021-08-17;1
11042011001;2021-08-02;2
11042011001;2021-08-04;1
11042011001;2021-08-05;1
11042011001;2021-08-06;1
11042011001;2021-08-10;5
11042011001;2021-08-11;3
11042011001;2021-08-14;1
11042011001;2021-08-16;1
11042015001;2021-08-01;2
11042015001;2021-08-02;1
11042015001;2021-08-09;1
11042015001;2021-08-13;1
11042017001;2021-08-03;1
11042017001;2021-08-06;1
11042017001;2021-08-08;1
11042017001;2021-08-10;2
11042017001;2021-08-11;1
11042017001;2021-08-12;1
11042017001;2021-08-14;1
11042017001;2021-08-16;1
11042020001;2021-08-10;1
11042020001;2021-08-12;1
11042020001;2021-08-14;2
11042020001;2021-08-15;1
11042020001;2021-08-17;1
11042022001;2021-08-01;1
11042022001;2021-08-04;1
11042022001;2021-08-10;1
11042023001;2021-08-01;2
11042023001;2021-08-05;1
11042023001;2021-08-06;1
11042023001;2021-08-08;1
11042023001;2021-08-12;1
11042023001;2021-08-17;3
11042027001;2021-08-10;1
11042027001;2021-08-12;1
11042027001;2021-08-13;1
11042028001;2021-08-04;1
11042028001;2021-08-13;1
11042030001;2021-08-14;1
11050002001;2021-08-01;1
11050002001;2021-08-03;2
11050002001;2021-08-09;1
11050002001;2021-08-10;1
11050002001;2021-08-13;1
11050002001;2021-08-15;1
11050003001;2021-08-05;1
11050003001;2021-08-09;1
11050003001;2021-08-12;1
11050003001;2021-08-14;1
11050003001;2021-08-17;1
11050004001;2021-08-01;6
11050004001;2021-08-02;3
11050004001;2021-08-03;6
11050004001;2021-08-04;4
11050004001;2021-08-05;3
11050004001;2021-08-06;10
11050004001;2021-08-07;6
11050004001;2021-08-08;3
11050004001;2021-08-09;3
11050004001;2021-08-10;3
11050004001;2021-08-11;1
11050004001;2021-08-12;2
11050004001;2021-08-13;6
11050004001;2021-08-14;4
11050004001;2021-08-15;6
11050004001;2021-08-17;2
11050005001;2021-08-01;1
11050005001;2021-08-03;2
11050005001;2021-08-04;1
11050005001;2021-08-05;2
11050005001;2021-08-07;1
11050005001;2021-08-10;1
11050005001;2021-08-11;1
11050005001;2021-08-14;1
11050006001;2021-08-02;1
11050008001;2021-08-02;1
11050009001;2021-08-01;1
11050009001;2021-08-03;1
11050010001;2021-08-03;1
11050010001;2021-08-12;1
11050010001;2021-08-15;1
11050010001;2021-08-17;1
11050011001;2021-08-05;1
11050011001;2021-08-06;2
11050011001;2021-08-07;1
11050011001;2021-08-09;3
11050011001;2021-08-10;3
11050011001;2021-08-11;1
11050011001;2021-08-12;4
11050011001;2021-08-13;3
11050011001;2021-08-15;2
11050011001;2021-08-16;1
11050011001;2021-08-17;1
11050017001;2021-08-01;2
11050017001;2021-08-02;7
11050017001;2021-08-03;7
11050017001;2021-08-04;5
11050017001;2021-08-05;6
11050017001;2021-08-06;2
11050017001;2021-08-07;2
11050017001;2021-08-08;5
11050017001;2021-08-09;5
11050017001;2021-08-11;2
11050017001;2021-08-12;2
11050017001;2021-08-13;2
11050017001;2021-08-14;5
11050017001;2021-08-15;1
11050017001;2021-08-17;2
11050019002;2021-08-01;3
11050019002;2021-08-02;1
11050019002;2021-08-03;2
11050019002;2021-08-05;2
11050019002;2021-08-06;1
11050019002;2021-08-09;3
11050019002;2021-08-11;1
11050019002;2021-08-14;1
11050019002;2021-08-17;1
11050020001;2021-08-01;5
11050020001;2021-08-02;1
11050020001;2021-08-04;4
11050020001;2021-08-05;3
11050020001;2021-08-06;3
11050020001;2021-08-07;2
11050020001;2021-08-08;2
11050020001;2021-08-09;6
11050020001;2021-08-10;7
11050020001;2021-08-11;3
11050020001;2021-08-12;1
11050020001;2021-08-13;3
11050020001;2021-08-14;2
11050020001;2021-08-15;4
11050022001;2021-08-02;2
11050022001;2021-08-09;1
11050022001;2021-08-10;1
11050022001;2021-08-12;3
11050025001;2021-08-01;5
11050025001;2021-08-02;2
11050025001;2021-08-03;2
11050025001;2021-08-04;3
11050025001;2021-08-05;3
11050025001;2021-08-06;4
11050025001;2021-08-07;1
11050025001;2021-08-08;2
11050025001;2021-08-09;4
11050025001;2021-08-11;2
11050025001;2021-08-12;1
11050025001;2021-08-13;4
11050025001;2021-08-15;2
11050025001;2021-08-16;2
11050029001;2021-08-01;3
11050029001;2021-08-02;2
11050029001;2021-08-03;1
11050029001;2021-08-04;1
11050029001;2021-08-06;2
11050029001;2021-08-07;1
11050029001;2021-08-09;3
11050029001;2021-08-13;1
11050029001;2021-08-14;1
11050029001;2021-08-15;1
11050029001;2021-08-17;2
11050031001;2021-08-03;2
11050031001;2021-08-05;1
11050031001;2021-08-06;1
11050031001;2021-08-07;1
11050031001;2021-08-09;3
11050031001;2021-08-10;3
11050031001;2021-08-11;1
11050031001;2021-08-12;3
11050031001;2021-08-13;1
11050031001;2021-08-17;1
11050032001;2021-08-03;1
11050032001;2021-08-06;1
11050032001;2021-08-11;3
11050032001;2021-08-12;2
11050032001;2021-08-15;2
11050032001;2021-08-16;1
11050033001;2021-08-01;3
11050033001;2021-08-02;1
11050033001;2021-08-06;1
11050033001;2021-08-08;1
11050033001;2021-08-12;2
11050033001;2021-08-13;2
11050033001;2021-08-14;1
11050033001;2021-08-15;2
11050033001;2021-08-16;2
11050033001;2021-08-17;2
11050035001;2021-08-01;3
11050035001;2021-08-02;6
11050035001;2021-08-03;4
11050035001;2021-08-04;11
11050035001;2021-08-05;4
11050035001;2021-08-06;7
11050035001;2021-08-07;4
11050035001;2021-08-08;4
11050035001;2021-08-09;5
11050035001;2021-08-10;4
11050035001;2021-08-11;4
11050035001;2021-08-12;3
11050035001;2021-08-13;3
11050035001;2021-08-14;1
11050035001;2021-08-15;2
11050035001;2021-08-16;2
11050035001;2021-08-17;6
11050038001;2021-08-01;2
11050038001;2021-08-02;1
11050038001;2021-08-05;1
11050038001;2021-08-06;2
11050038001;2021-08-07;1
11050038001;2021-08-08;2
11050038001;2021-08-09;1
11050038001;2021-08-10;2
11050038001;2021-08-11;1
11050038001;2021-08-13;1
11050038001;2021-08-15;1
11050038001;2021-08-16;1
11050038001;2021-08-17;1
11050039001;2021-08-03;1
11050039001;2021-08-04;2
11050039001;2021-08-07;1
11050039001;2021-08-09;1
11050039001;2021-08-12;2
11050039001;2021-08-13;1
11050039001;2021-08-14;1
11050046001;2021-08-02;2
11050046001;2021-08-03;1
11050046001;2021-08-04;1
11050046001;2021-08-05;2
11050046001;2021-08-13;1
11050046001;2021-08-15;2
11050046001;2021-08-17;2
11050047001;2021-08-09;1
11050047001;2021-08-11;1
11050047001;2021-08-12;1
11050047001;2021-08-13;1
11050047001;2021-08-14;1
11050047001;2021-08-15;4
11050047001;2021-08-17;2
11050049001;2021-08-02;1
11050049001;2021-08-04;1
11050049001;2021-08-07;1
11050049001;2021-08-09;1
11050049001;2021-08-10;1
11050052001;2021-08-04;1
11050052001;2021-08-08;1
11050053001;2021-08-01;1
11050053001;2021-08-04;1
11050053001;2021-08-10;1
11050053001;2021-08-13;2
11050053001;2021-08-15;1
11050059001;2021-08-01;2
11050059001;2021-08-03;1
11050059001;2021-08-04;3
11050059001;2021-08-05;1
11050059001;2021-08-09;1
11050059001;2021-08-10;1
11050059001;2021-08-15;1
11050059001;2021-08-17;2
11050061001;2021-08-05;1
11050062001;2021-08-16;1
11050064001;2021-08-02;1
11050064001;2021-08-08;2
11050064001;2021-08-10;2
11050064001;2021-08-13;1
11050064001;2021-08-14;1
11050064001;2021-08-17;1
11050068001;2021-08-01;1
11050068001;2021-08-04;2
11050068001;2021-08-05;1
11050074001;2021-08-03;1
11050074001;2021-08-05;1
11050074001;2021-08-06;1
11050074001;2021-08-10;1
11050076001;2021-08-01;1
11050076001;2021-08-02;3
11050076001;2021-08-03;3
11050076001;2021-08-05;3
11050076001;2021-08-07;1
11050076001;2021-08-08;4
11050076001;2021-08-10;3
11050076001;2021-08-13;2
11050076001;2021-08-14;6
11050076001;2021-08-15;1
11050076001;2021-08-17;2
11050077001;2021-08-09;5
11050077001;2021-08-10;3
11050077001;2021-08-11;7
11050077001;2021-08-12;6
11050077001;2021-08-13;5
11050077001;2021-08-14;9
11050077001;2021-08-15;12
11050077001;2021-08-16;2
11050077001;2021-08-17;6
11050078001;2021-08-05;1
11050078001;2021-08-09;1
11050078001;2021-08-12;1
11050078001;2021-08-13;1
11050078001;2021-08-14;2
11050087001;2021-08-01;2
11050087001;2021-08-07;1
11050087001;2021-08-08;1
11050087001;2021-08-09;1
11050087001;2021-08-11;1
11050087001;2021-08-15;1
11050097001;2021-08-01;1
11050097001;2021-08-06;1
11050098001;2021-08-02;2
11050098001;2021-08-03;1
11050098001;2021-08-04;1
11050098001;2021-08-05;3
11050098001;2021-08-09;4
11050098001;2021-08-11;1
11050098001;2021-08-12;1
11050101001;2021-08-05;1
11050101001;2021-08-06;1
11050101001;2021-08-08;1
11050101001;2021-08-14;1
11050101001;2021-08-15;2
11050101001;2021-08-16;1
11050101001;2021-08-17;1
11050102001;2021-08-01;1
11050102001;2021-08-03;1
11050102001;2021-08-04;1
11050102001;2021-08-09;1
11050102001;2021-08-11;1
11050103001;2021-08-01;1
11050103001;2021-08-05;2
11050103001;2021-08-09;1
11050103001;2021-08-10;1
11050103001;2021-08-17;1
11050104001;2021-08-13;1
11050111001;2021-08-01;1
11050123001;2021-08-01;1
11050123001;2021-08-02;1
11050123001;2021-08-04;1
11050123001;2021-08-09;1
11050123001;2021-08-11;1
11050123001;2021-08-14;4
11050129001;2021-08-06;1
11050129001;2021-08-09;1
11050129001;2021-08-11;1
11050129001;2021-08-12;2
11050129002;2021-08-04;1
11050129002;2021-08-10;1
11050129002;2021-08-12;1
11050131001;2021-08-08;1
11050131001;2021-08-09;3
11050131001;2021-08-10;1
11050131001;2021-08-11;2
11050131001;2021-08-12;1
11050131001;2021-08-13;1
11050131001;2021-08-15;2
11050131001;2021-08-17;1
11050140002;2021-08-01;1
11050140002;2021-08-09;1
11051002001;2021-08-01;2
11051002001;2021-08-02;2
11051002001;2021-08-03;8
11051002001;2021-08-05;4
11051002001;2021-08-06;3
11051002001;2021-08-07;2
11051002001;2021-08-08;6
11051002001;2021-08-09;8
11051002001;2021-08-10;4
11051002001;2021-08-11;2
11051002001;2021-08-12;3
11051002001;2021-08-13;1
11051002001;2021-08-14;1
11051002001;2021-08-15;2
11051002001;2021-08-17;1
11051003001;2021-08-05;1
11051003001;2021-08-10;1
11051003001;2021-08-11;1
11051003001;2021-08-15;1
11051003001;2021-08-17;1
11051004001;2021-08-03;1
11051004001;2021-08-05;1
11051004001;2021-08-08;1
11051004001;2021-08-09;2
11051004001;2021-08-17;1
11051006001;2021-08-01;5
11051006001;2021-08-02;1
11051006001;2021-08-03;1
11051006001;2021-08-05;2
11051006001;2021-08-06;2
11051006001;2021-08-07;4
11051006001;2021-08-08;4
11051006001;2021-08-09;3
11051006001;2021-08-10;3
11051006001;2021-08-12;3
11051006001;2021-08-13;2
11051006001;2021-08-14;3
11051006001;2021-08-15;1
11051006001;2021-08-16;1
11051006001;2021-08-17;5
11051007001;2021-08-08;2
11051007001;2021-08-09;1
11051007001;2021-08-11;2
11051007001;2021-08-13;2
11051007001;2021-08-15;1
11051007001;2021-08-17;1
11051009001;2021-08-01;2
11051009001;2021-08-09;2
11051009001;2021-08-10;1
11051009001;2021-08-12;1
11051013001;2021-08-01;2
11051013001;2021-08-02;2
11051013001;2021-08-03;2
11051013001;2021-08-05;2
11051013001;2021-08-06;2
11051013001;2021-08-07;2
11051013001;2021-08-08;2
11051013001;2021-08-09;1
11051013001;2021-08-10;1
11051013001;2021-08-11;1
11051013001;2021-08-12;2
11051013001;2021-08-13;1
11051013001;2021-08-14;2
11051013001;2021-08-15;2
11051013001;2021-08-17;4
11051016001;2021-08-07;1
11051019001;2021-08-02;1
11051019001;2021-08-12;1
11051019001;2021-08-13;1
11051019001;2021-08-14;1
11051032001;2021-08-11;1
11051032001;2021-08-14;1
11051037001;2021-08-10;1
11051037001;2021-08-17;1
11051039001;2021-08-01;1
11051039001;2021-08-03;1
11051044001;2021-08-08;1
11051044001;2021-08-09;3
11051044001;2021-08-12;2
11051044001;2021-08-13;2
11051044001;2021-08-14;4
11051044001;2021-08-15;2
11051044001;2021-08-17;2
11051056001;2021-08-07;2
11061005001;2021-08-04;1
11061005001;2021-08-13;1
11061008001;2021-08-03;2
11061008001;2021-08-09;1
11061008001;2021-08-13;1
11061011001;2021-08-01;1
11061011001;2021-08-02;1
11061011001;2021-08-05;1
11061011001;2021-08-08;1
11061011001;2021-08-09;2
11061011001;2021-08-11;3
11061011001;2021-08-12;1
11061011001;2021-08-14;1
11061011001;2021-08-15;1
11061015001;2021-08-02;1
11061015001;2021-08-04;2
11061016001;2021-08-08;1
11061016001;2021-08-10;1
11061016001;2021-08-14;1
11061023001;2021-08-01;1
11061023001;2021-08-02;1
11061023001;2021-08-04;1
11061023001;2021-08-05;1
11061023001;2021-08-06;3
11061023001;2021-08-08;2
11061023001;2021-08-09;1
11061023001;2021-08-11;1
11061023001;2021-08-12;1
11061023001;2021-08-13;1
11061023001;2021-08-14;5
11061024001;2021-08-11;1
11061027001;2021-08-03;1
11061028001;2021-08-09;1
11061028001;2021-08-13;1
11061028001;2021-08-14;2
11061030001;2021-08-11;2
11061030001;2021-08-14;1
11061030001;2021-08-16;1
11061031001;2021-08-02;1
11061031001;2021-08-12;2
11061049001;2021-08-01;1
11061049001;2021-08-12;1
11061050001;2021-08-14;1
11061051001;2021-08-06;2
11061052001;2021-08-01;1
11061052001;2021-08-09;1
11061052001;2021-08-11;1
11061053001;2021-08-03;1
11061053001;2021-08-07;1
11061053001;2021-08-09;2
11061053001;2021-08-11;1
11061053001;2021-08-14;2
11061054001;2021-08-03;2
11061054001;2021-08-07;1
11061054001;2021-08-12;1
11061054001;2021-08-15;1
11061055002;2021-08-17;1
11061070001;2021-08-03;1
11061070001;2021-08-04;2
11061070001;2021-08-05;2
11061070001;2021-08-08;2
11061070001;2021-08-09;1
11061070001;2021-08-11;2
11061070001;2021-08-12;1
11061070001;2021-08-14;4
11061070001;2021-08-15;1
11061071001;2021-08-01;5
11061071001;2021-08-02;4
11061071001;2021-08-03;5
11061071001;2021-08-04;9
11061071001;2021-08-05;5
11061071001;2021-08-06;5
11061071001;2021-08-07;2
11061071001;2021-08-08;3
11061071001;2021-08-09;3
11061071001;2021-08-11;2
11061071001;2021-08-12;6
11061071001;2021-08-13;7
11061071001;2021-08-14;3
11061071001;2021-08-15;7
11061071001;2021-08-17;5
11062015001;2021-08-03;1
11062015001;2021-08-04;1
11062015001;2021-08-09;1
11062015001;2021-08-10;3
11062015001;2021-08-11;1
11062015001;2021-08-12;1
11062015001;2021-08-17;2
11062019001;2021-08-01;2
11062019001;2021-08-02;2
11062019001;2021-08-03;1
11062019001;2021-08-04;1
11062019001;2021-08-05;1
11062019001;2021-08-08;1
11062019001;2021-08-17;1
11062023001;2021-08-01;1
11062023001;2021-08-04;1
11062023001;2021-08-07;1
11062023001;2021-08-08;1
11062023001;2021-08-10;1
11062023001;2021-08-14;2
11062023001;2021-08-17;2
11062025001;2021-08-04;2
11062025001;2021-08-05;1
11062025001;2021-08-07;1
11062025001;2021-08-08;3
11062025001;2021-08-09;2
11062025001;2021-08-11;4
11062025001;2021-08-12;2
11062025001;2021-08-13;1
11062025001;2021-08-15;2
11062025001;2021-08-16;1
11070001001;2021-08-01;4
11070001001;2021-08-02;1
11070001001;2021-08-03;5
11070001001;2021-08-04;5
11070001001;2021-08-05;2
11070001001;2021-08-06;2
11070001001;2021-08-08;3
11070001001;2021-08-09;2
11070001001;2021-08-10;2
11070001001;2021-08-11;4
11070001001;2021-08-12;5
11070001001;2021-08-14;2
11070001001;2021-08-15;4
11070001001;2021-08-16;2
11070003001;2021-08-01;2
11070003001;2021-08-02;2
11070003001;2021-08-03;1
11070003001;2021-08-04;1
11070003001;2021-08-05;3
11070003001;2021-08-09;1
11070003001;2021-08-10;1
11070003001;2021-08-13;2
11070003001;2021-08-15;1
11070004001;2021-08-01;2
11070004001;2021-08-02;1
11070004001;2021-08-03;2
11070004001;2021-08-04;1
11070004001;2021-08-05;9
11070004001;2021-08-06;1
11070004001;2021-08-07;1
11070004001;2021-08-08;2
11070004001;2021-08-09;2
11070004001;2021-08-11;2
11070004001;2021-08-12;6
11070004001;2021-08-13;1
11070004001;2021-08-14;4
11070004001;2021-08-15;1
11070004001;2021-08-16;2
11070004001;2021-08-17;1
11070006001;2021-08-13;1
11070007001;2021-08-01;1
11070007001;2021-08-03;1
11070007001;2021-08-04;5
11070007001;2021-08-05;2
11070007001;2021-08-06;3
11070007001;2021-08-08;2
11070007001;2021-08-09;2
11070007001;2021-08-10;3
11070007001;2021-08-11;2
11070007001;2021-08-12;1
11070007001;2021-08-14;3
11070007001;2021-08-15;1
11070007001;2021-08-16;2
11070011001;2021-08-01;1
11070011001;2021-08-02;1
11070011001;2021-08-03;1
11070011001;2021-08-05;3
11070011001;2021-08-09;1
11070011001;2021-08-10;1
11070011001;2021-08-13;1
11070011001;2021-08-14;1
11070011001;2021-08-15;2
11070011001;2021-08-16;1
11070011001;2021-08-17;1
11070013001;2021-08-09;1
11070013001;2021-08-12;1
11070014001;2021-08-01;1
11070014001;2021-08-02;1
11070014001;2021-08-07;1
11070014001;2021-08-11;1
11070014001;2021-08-12;2
11070014001;2021-08-13;1
11070014001;2021-08-14;1
11070014001;2021-08-15;1
11070015001;2021-08-03;1
11070015001;2021-08-04;1
11070015001;2021-08-05;1
11070015001;2021-08-11;1
11070015001;2021-08-12;1
11070016001;2021-08-05;1
11070016001;2021-08-08;1
11070016001;2021-08-09;1
11070016001;2021-08-10;1
11070016001;2021-08-11;1
11070016001;2021-08-15;3
11070016001;2021-08-16;1
11070018001;2021-08-02;2
11070018001;2021-08-03;1
11070018001;2021-08-12;1
11070027001;2021-08-02;1
11070029001;2021-08-01;5
11070029001;2021-08-02;1
11070029001;2021-08-03;1
11070029001;2021-08-07;1
11070029001;2021-08-08;1
11070029001;2021-08-12;1
11070029001;2021-08-14;1
11070029001;2021-08-15;3
11070029001;2021-08-16;1
11070030001;2021-08-03;1
11070030001;2021-08-12;1
11070045001;2021-08-01;1
11070045001;2021-08-02;1
11070045001;2021-08-04;1
11070045001;2021-08-05;2
11070045001;2021-08-07;1
11070045001;2021-08-09;2
11070045001;2021-08-10;1
11070045001;2021-08-12;4
11070045001;2021-08-13;1
11070045001;2021-08-15;1
11070045001;2021-08-16;2
11070045001;2021-08-17;2
11070046001;2021-08-03;1
11070050001;2021-08-02;2
11070050001;2021-08-05;2
11070050001;2021-08-08;2
11070051001;2021-08-13;1
11070054001;2021-08-17;1
11070062001;2021-08-15;1
11071001001;2021-08-02;2
11071001001;2021-08-03;1
11071001001;2021-08-04;2
11071001001;2021-08-05;1
11071001001;2021-08-06;1
11071001001;2021-08-07;1
11071001001;2021-08-08;2
11071001001;2021-08-09;1
11071001001;2021-08-10;1
11071001001;2021-08-12;3
11071001001;2021-08-13;1
11071001001;2021-08-15;1
11071001001;2021-08-17;2
11071002001;2021-08-08;1
11071002001;2021-08-11;1
11071002001;2021-08-12;1
11071002001;2021-08-15;1
11071004001;2021-08-03;1
11071004001;2021-08-04;1
11071004001;2021-08-10;1
11071004001;2021-08-12;2
11071004001;2021-08-14;1
11071004001;2021-08-15;3
11071004001;2021-08-17;1
11071005001;2021-08-01;1
11071005001;2021-08-04;1
11071005001;2021-08-16;1
11071008001;2021-08-03;1
11071008001;2021-08-06;1
11071008001;2021-08-12;1
11071008001;2021-08-15;1
11071009001;2021-08-03;1
11071009001;2021-08-04;2
11071009001;2021-08-05;1
11071009001;2021-08-06;1
11071009001;2021-08-13;2
11071009001;2021-08-14;1
11071011001;2021-08-15;1
11071012001;2021-08-02;1
11071012001;2021-08-03;1
11071013001;2021-08-05;1
11071013001;2021-08-15;1
11071014001;2021-08-01;2
11071014001;2021-08-05;1
11071014001;2021-08-06;1
11071018001;2021-08-03;1
11071018001;2021-08-13;1
11071018001;2021-08-14;2
11071018001;2021-08-15;1
11071032001;2021-08-08;2
11071032001;2021-08-09;1
11071033001;2021-08-01;2
11071033001;2021-08-02;1
11071033001;2021-08-03;2
11071033001;2021-08-04;2
11071033001;2021-08-08;1
11071033001;2021-08-09;1
11071033001;2021-08-11;1
11071033001;2021-08-14;2
11071033001;2021-08-15;1
11071034001;2021-08-01;1
11071034001;2021-08-04;1
11071034001;2021-08-08;2
11071034001;2021-08-09;1
11071034001;2021-08-10;1
11071034001;2021-08-11;1
11071034001;2021-08-12;1
11071034001;2021-08-13;2
11071034001;2021-08-14;2
11071034001;2021-08-17;1
11071035001;2021-08-09;1
11071035001;2021-08-15;1
11071035001;2021-08-17;1
11071898001;2021-08-02;3
11071898001;2021-08-03;1
11071898001;2021-08-04;2
11071898001;2021-08-05;3
11071898001;2021-08-08;2
11071898001;2021-08-09;3
11071898001;2021-08-10;2
11071898001;2021-08-11;2
11071898001;2021-08-12;1
11071898001;2021-08-13;2
11071898001;2021-08-14;2
11071898001;2021-08-15;1
11071898001;2021-08-16;1
11071898001;2021-08-17;2
11071902001;2021-08-02;2
11071902001;2021-08-03;1
11071902001;2021-08-04;1
11071902001;2021-08-11;1
11071902001;2021-08-13;1
11071902001;2021-08-14;1
11071902001;2021-08-15;2
11071902001;2021-08-17;2
11071909001;2021-08-14;1
11071911001;2021-08-04;1
11071911001;2021-08-15;1
11071916001;2021-08-01;4
11071916001;2021-08-03;1
11071916001;2021-08-04;1
11071916001;2021-08-08;1
11071916001;2021-08-09;3
11071916001;2021-08-12;1
11071916001;2021-08-13;2
11071916001;2021-08-14;3
11071916001;2021-08-15;2
11072001001;2021-08-04;1
11072001001;2021-08-06;1
11072001001;2021-08-08;1
11072001001;2021-08-09;3
11072001001;2021-08-10;3
11072001001;2021-08-11;1
11072001001;2021-08-12;3
11072001001;2021-08-13;1
11072001001;2021-08-14;2
11072001001;2021-08-16;2
11072001001;2021-08-17;1
11072005001;2021-08-04;1
11072005001;2021-08-14;1
11072008001;2021-08-01;1
11072008001;2021-08-05;1
11072008001;2021-08-09;1
11072008001;2021-08-13;1
11072008001;2021-08-14;1
11072008001;2021-08-16;1
11072012002;2021-08-05;1
11072012002;2021-08-09;1
11072012002;2021-08-12;1
11072012002;2021-08-13;2
11072012002;2021-08-14;1
11072012002;2021-08-15;1
11072013001;2021-08-10;1
11072017001;2021-08-06;1
11072017001;2021-08-09;1
11072036001;2021-08-07;1
11072036001;2021-08-10;1
11072036001;2021-08-13;1
11072897001;2021-08-03;2
11072897001;2021-08-04;1
11072897001;2021-08-11;1
11072897001;2021-08-13;1
11072902001;2021-08-11;1
11072902001;2021-08-15;1
11072902001;2021-08-16;1
11072903001;2021-08-01;1
11072903001;2021-08-03;1
11072903001;2021-08-04;1
11072903001;2021-08-09;1
11072903001;2021-08-14;1
11072905001;2021-08-08;1
11072906001;2021-08-10;1
11073001001;2021-08-14;1
11073002001;2021-08-15;1
11073006001;2021-08-01;1
11073006001;2021-08-02;2
11073006001;2021-08-04;1
11073006001;2021-08-05;1
11073006001;2021-08-08;2
11073012001;2021-08-08;2
11073012001;2021-08-09;1
11073025001;2021-08-01;2
11073025001;2021-08-03;1
11073025001;2021-08-04;1
11073025001;2021-08-10;2
11073025001;2021-08-13;1
11073025001;2021-08-15;1
11073025001;2021-08-17;1
11073032001;2021-08-11;1
11073899001;2021-08-08;1
11073900001;2021-08-01;1
11073900001;2021-08-06;1
11073901001;2021-08-06;1
11073902001;2021-08-01;1
11073902001;2021-08-04;1
11073902001;2021-08-05;3
11073902001;2021-08-08;1
11073902001;2021-08-09;3
11073902001;2021-08-10;1
11073902001;2021-08-11;5
11073902001;2021-08-12;2
11073902001;2021-08-14;2
11073902001;2021-08-15;3
11073905001;2021-08-10;1
11073907001;2021-08-02;1
11073907001;2021-08-03;1
11073907001;2021-08-04;2
11073907001;2021-08-05;1
11073907001;2021-08-09;4
11073907001;2021-08-11;3
11074001001;2021-08-04;1
11074001001;2021-08-15;1
11074003001;2021-08-01;1
11074003001;2021-08-02;1
11074003001;2021-08-03;1
11074003001;2021-08-05;2
11074003001;2021-08-06;1
11074003001;2021-08-07;2
11074003001;2021-08-08;2
11074003001;2021-08-09;1
11074003001;2021-08-10;2
11074003001;2021-08-11;1
11074003001;2021-08-12;1
11074003001;2021-08-13;2
11074003001;2021-08-14;2
11074003001;2021-08-16;2
11074005001;2021-08-01;1
11074005001;2021-08-02;2
11074005001;2021-08-03;1
11074005001;2021-08-04;1
11074005001;2021-08-09;1
11074005001;2021-08-14;1
11074005001;2021-08-15;1
11074007001;2021-08-01;1
11074007001;2021-08-02;1
11074007001;2021-08-03;1
11074007001;2021-08-09;1
11074007001;2021-08-10;1
11074007001;2021-08-15;1
11074012001;2021-08-13;1
11074015002;2021-08-01;7
11074015002;2021-08-03;1
11074015002;2021-08-05;7
11074015002;2021-08-06;2
11074015002;2021-08-09;2
11074015002;2021-08-10;4
11074015002;2021-08-11;2
11074015002;2021-08-12;4
11074015002;2021-08-13;3
11074015002;2021-08-14;3
11074015002;2021-08-16;1
11074015002;2021-08-17;2
11074018001;2021-08-01;1
11074018001;2021-08-03;1
11074018001;2021-08-05;1
11074018001;2021-08-15;1
11074019001;2021-08-03;1
11074020001;2021-08-01;1
11074020001;2021-08-02;1
11074020001;2021-08-04;1
11074020001;2021-08-05;1
11074020001;2021-08-09;1
11074020001;2021-08-10;1
11074020001;2021-08-15;1
11074022001;2021-08-02;1
11074027001;2021-08-04;1
11074027001;2021-08-07;1
11074027001;2021-08-14;1
11074027001;2021-08-17;1
11074031001;2021-08-01;1
11074031001;2021-08-06;1
11074031001;2021-08-07;1
11074031001;2021-08-15;1
11074045002;2021-08-02;1
11074046001;2021-08-01;1
11074046001;2021-08-03;1
11074046001;2021-08-04;1
11074046001;2021-08-09;1
11074046001;2021-08-12;1
11074047001;2021-08-03;1
11074047001;2021-08-09;1
11074048001;2021-08-01;2
11074048001;2021-08-04;2
11074048001;2021-08-06;2
11074048001;2021-08-09;1
11074048001;2021-08-11;1
11074048001;2021-08-12;1
11074048001;2021-08-13;2
11074048001;2021-08-16;1
11074048001;2021-08-17;1
11074059001;2021-08-02;1
11074059001;2021-08-05;1
11074059001;2021-08-08;1
11074059001;2021-08-12;1
11074059001;2021-08-13;1
11074060005;2021-08-10;1
11074060005;2021-08-11;1
11075001001;2021-08-03;1
11075001001;2021-08-11;1
11075001001;2021-08-15;2
11075002001;2021-08-14;1
11075003001;2021-08-01;1
11075003001;2021-08-03;1
11075003001;2021-08-09;1
11075003001;2021-08-10;1
11075003001;2021-08-12;2
11075004001;2021-08-10;1
11075004001;2021-08-12;1
11075013001;2021-08-01;1
11075013001;2021-08-05;1
11075013001;2021-08-08;1
11075013001;2021-08-11;2
11075013001;2021-08-12;1
11075013001;2021-08-16;1
11076883001;2021-08-01;2
11076886001;2021-08-01;1
11076886001;2021-08-08;1
11076890001;2021-08-01;1
11076890001;2021-08-15;1
11076896001;2021-08-01;1
11076896001;2021-08-09;1
11076896001;2021-08-13;1
11076928001;2021-08-05;1
11076928001;2021-08-13;1
11076928001;2021-08-17;1
11100001001;2021-08-01;1
11100001001;2021-08-02;1
11100001001;2021-08-03;2
11100001001;2021-08-04;5
11100001001;2021-08-05;1
11100001001;2021-08-06;2
11100001001;2021-08-07;1
11100001001;2021-08-08;1
11100001001;2021-08-10;7
11100001001;2021-08-11;5
11100001001;2021-08-12;4
11100001001;2021-08-14;2
11100001001;2021-08-17;3
11100003001;2021-08-03;1
11100003001;2021-08-04;1
11100003001;2021-08-06;1
11100003001;2021-08-07;1
11100003001;2021-08-14;2
11100003001;2021-08-17;1
11100005001;2021-08-02;2
11100005001;2021-08-04;1
11100005001;2021-08-05;3
11100005001;2021-08-08;1
11100005001;2021-08-09;1
11100005001;2021-08-12;1
11100005001;2021-08-13;2
11100005001;2021-08-14;3
11100005001;2021-08-15;1
11100005001;2021-08-17;1
11100007001;2021-08-04;1
11100007001;2021-08-06;1
11100008001;2021-08-01;3
11100008001;2021-08-02;5
11100008001;2021-08-04;1
11100008001;2021-08-05;4
11100008001;2021-08-06;1
11100008001;2021-08-07;1
11100008001;2021-08-08;2
11100008001;2021-08-09;2
11100008001;2021-08-10;3
11100008001;2021-08-11;1
11100008001;2021-08-12;5
11100008001;2021-08-13;3
11100008001;2021-08-14;5
11100008001;2021-08-15;3
11100008001;2021-08-16;1
11100008001;2021-08-17;1
11100010001;2021-08-01;1
11100010001;2021-08-02;1
11100010001;2021-08-08;1
11100010001;2021-08-09;1
11100010001;2021-08-12;1
11100010001;2021-08-13;1
11100010001;2021-08-14;1
11100010001;2021-08-17;1
11100011001;2021-08-01;3
11100011001;2021-08-02;2
11100011001;2021-08-03;1
11100011001;2021-08-04;1
11100011001;2021-08-05;1
11100011001;2021-08-06;2
11100011001;2021-08-09;1
11100011001;2021-08-10;3
11100011001;2021-08-11;1
11100011001;2021-08-13;3
11100011001;2021-08-14;1
11100015001;2021-08-02;2
11100015001;2021-08-06;1
11100015001;2021-08-10;1
11100015001;2021-08-11;1
11100015001;2021-08-13;1
11100015001;2021-08-14;4
11100015001;2021-08-17;1
11100017001;2021-08-03;2
11100017001;2021-08-04;1
11100017001;2021-08-05;1
11100017001;2021-08-06;1
11100017001;2021-08-08;2
11100017001;2021-08-09;2
11100017001;2021-08-10;2
11100017001;2021-08-15;2
11100018001;2021-08-01;3
11100018001;2021-08-02;3
11100018001;2021-08-03;1
11100018001;2021-08-04;3
11100018001;2021-08-05;1
11100018001;2021-08-06;1
11100018001;2021-08-10;1
11100018001;2021-08-13;1
11100018001;2021-08-14;2
11100019001;2021-08-02;2
11100019001;2021-08-08;1
11100019001;2021-08-14;1
11100019001;2021-08-15;1
11100021001;2021-08-03;1
11100021001;2021-08-07;1
11100021001;2021-08-12;1
11100021001;2021-08-14;1
11100107001;2021-08-04;2
11100107001;2021-08-14;1
11100108001;2021-08-01;1
11100108001;2021-08-13;1
11100108001;2021-08-14;2
11100108001;2021-08-15;1
11100112001;2021-08-02;2
11100112001;2021-08-03;2
11100112001;2021-08-05;2
11100112001;2021-08-12;2
11100112001;2021-08-14;1
11100112001;2021-08-15;2
11100112001;2021-08-17;1
11101014001;2021-08-01;5
11101014001;2021-08-03;5
11101014001;2021-08-05;5
11101014001;2021-08-06;2
11101014001;2021-08-07;1
11101014001;2021-08-08;2
11101014001;2021-08-11;4
11101014001;2021-08-12;8
11101014001;2021-08-14;5
11101014001;2021-08-15;1
11101014001;2021-08-16;4
11101014001;2021-08-17;1
11101021001;2021-08-09;1
11101021001;2021-08-14;1
11101021001;2021-08-17;1
11101023001;2021-08-06;1
11101023001;2021-08-09;1
11101023001;2021-08-12;1
11101023001;2021-08-13;1
11101028001;2021-08-01;1
11101028001;2021-08-02;1
11101028001;2021-08-03;1
11101028001;2021-08-05;2
11101028001;2021-08-07;1
11101028001;2021-08-08;6
11101028001;2021-08-09;5
11101028001;2021-08-11;5
11101028001;2021-08-12;4
11101028001;2021-08-13;2
11101028001;2021-08-14;5
11101028001;2021-08-15;2
11101028001;2021-08-17;4
11101029001;2021-08-01;1
11101029001;2021-08-03;1
11101029001;2021-08-04;2
11101029001;2021-08-07;1
11101029001;2021-08-08;2
11101029001;2021-08-09;5
11101029001;2021-08-11;1
11101029001;2021-08-12;3
11101029001;2021-08-13;3
11101029001;2021-08-14;1
11101029001;2021-08-15;1
11101034001;2021-08-17;1
11101036001;2021-08-02;1
11101036001;2021-08-03;2
11101036001;2021-08-04;1
11101036001;2021-08-05;4
11101036001;2021-08-06;1
11101036001;2021-08-07;2
11101036001;2021-08-08;1
11101036001;2021-08-09;2
11101036001;2021-08-12;1
11101036001;2021-08-14;1
11101036001;2021-08-15;1
11101036001;2021-08-16;1
11101036001;2021-08-17;2
11101038001;2021-08-03;1
11101038001;2021-08-05;1
11101038001;2021-08-13;1
11101038001;2021-08-15;2
11101038001;2021-08-17;1
11101039001;2021-08-02;2
11101039001;2021-08-03;3
11101039001;2021-08-06;1
11101039001;2021-08-09;1
11101039001;2021-08-12;1
11101039001;2021-08-16;1
11101055001;2021-08-02;1
11101055001;2021-08-04;1
11101055001;2021-08-05;2
11101055001;2021-08-07;2
11101055001;2021-08-10;1
11101055001;2021-08-11;1
11101055001;2021-08-12;2
11101055001;2021-08-13;2
11101055001;2021-08-14;3
11101055001;2021-08-15;1
11101055001;2021-08-17;3
11102002001;2021-08-01;7
11102002001;2021-08-02;6
11102002001;2021-08-03;4
11102002001;2021-08-04;5
11102002001;2021-08-05;6
11102002001;2021-08-06;4
11102002001;2021-08-07;4
11102002001;2021-08-08;1
11102002001;2021-08-09;2
11102002001;2021-08-10;6
11102002001;2021-08-11;3
11102002001;2021-08-12;3
11102002001;2021-08-14;6
11102002001;2021-08-15;7
11102002001;2021-08-16;2
11102003001;2021-08-01;1
11102003001;2021-08-02;1
11102003001;2021-08-03;2
11102003001;2021-08-08;1
11102003001;2021-08-09;1
11102003001;2021-08-10;1
11102003001;2021-08-11;1
11102003001;2021-08-12;1
11102004001;2021-08-02;1
11102004001;2021-08-10;1
11102004001;2021-08-11;1
11102004001;2021-08-12;2
11102007001;2021-08-02;1
11102007001;2021-08-03;1
11102007001;2021-08-04;1
11102007001;2021-08-05;2
11102007001;2021-08-07;1
11102007001;2021-08-10;1
11102007001;2021-08-13;1
11102007001;2021-08-14;1
11102012001;2021-08-03;1
11102012001;2021-08-10;1
11102012001;2021-08-11;1
11102012001;2021-08-17;1
11102013001;2021-08-11;1
11102013001;2021-08-16;1
11102013001;2021-08-17;1
11102017001;2021-08-01;1
11102017001;2021-08-02;1
11102017001;2021-08-08;1
11102017001;2021-08-14;2
11102043001;2021-08-04;1
11102043001;2021-08-09;1
11102043001;2021-08-17;1
11103001001;2021-08-05;2
11103001001;2021-08-08;1
11103001001;2021-08-11;1
11103001001;2021-08-13;1
11103002001;2021-08-08;1
11103005001;2021-08-05;1
11103005001;2021-08-08;2
11103005001;2021-08-10;2
11103005001;2021-08-13;2
11103005001;2021-08-14;1
11103005001;2021-08-16;1
11103007001;2021-08-01;2
11103007001;2021-08-02;1
11103007001;2021-08-05;3
11103007001;2021-08-06;2
11103007001;2021-08-07;1
11103007001;2021-08-09;6
11103007001;2021-08-10;4
11103007001;2021-08-11;1
11103007001;2021-08-13;2
11103007001;2021-08-14;4
11103007001;2021-08-15;2
11103007001;2021-08-16;4
11103007001;2021-08-17;2
11103008001;2021-08-14;2
11103008001;2021-08-15;1
11103011003;2021-08-02;1
11103011004;2021-08-07;1
11103015001;2021-08-01;5
11103015001;2021-08-02;6
11103015001;2021-08-03;1
11103015001;2021-08-04;2
11103015001;2021-08-05;6
11103015001;2021-08-06;1
11103015001;2021-08-07;2
11103015001;2021-08-08;6
11103015001;2021-08-09;2
11103015001;2021-08-10;8
11103015001;2021-08-11;1
11103015001;2021-08-12;2
11103015001;2021-08-13;5
11103015001;2021-08-14;3
11103015001;2021-08-15;1
11103015001;2021-08-16;1
11103015001;2021-08-17;3
11103018001;2021-08-01;1
11103018001;2021-08-04;2
11103018001;2021-08-06;1
11103018001;2021-08-10;2
11103018001;2021-08-12;1
11103018001;2021-08-13;1
11103018001;2021-08-14;1
11103018001;2021-08-15;2
11103018001;2021-08-17;1
11103019001;2021-08-06;3
11103019001;2021-08-07;1
11103019001;2021-08-08;9
11103019001;2021-08-09;18
11103019001;2021-08-10;4
11103019001;2021-08-11;2
11103019001;2021-08-12;2
11103019001;2021-08-13;3
11103019001;2021-08-14;6
11103019001;2021-08-15;8
11103019001;2021-08-16;7
11103019001;2021-08-17;5
11103021001;2021-08-01;11
11103021001;2021-08-02;15
11103021001;2021-08-03;8
11103021001;2021-08-04;16
11103021001;2021-08-05;8
11103021001;2021-08-06;5
11103021001;2021-08-07;2
11103021001;2021-08-08;8
11103021001;2021-08-09;4
11103021001;2021-08-10;1
11103021001;2021-08-11;5
11103021001;2021-08-12;12
11103021001;2021-08-13;4
11103021001;2021-08-14;17
11103021001;2021-08-15;14
11103021001;2021-08-16;7
11103021001;2021-08-17;11
11103022001;2021-08-01;10
11103022001;2021-08-02;7
11103022001;2021-08-03;13
11103022001;2021-08-04;7
11103022001;2021-08-05;3
11103022001;2021-08-06;2
11103022001;2021-08-07;7
11103022001;2021-08-08;1
11103022001;2021-08-09;5
11103022001;2021-08-10;2
11103022001;2021-08-11;5
11103022001;2021-08-12;7
11103022001;2021-08-13;10
11103022001;2021-08-14;13
11103022001;2021-08-15;9
11103022001;2021-08-16;2
11103022001;2021-08-17;6
11103023001;2021-08-03;1
11103023001;2021-08-04;1
11103023001;2021-08-08;1
11103023001;2021-08-09;1
11103023001;2021-08-10;2
11103023001;2021-08-11;2
11103023001;2021-08-15;2
11103027001;2021-08-04;1
11103027001;2021-08-07;1
11103027001;2021-08-10;1
11103027001;2021-08-11;2
11103027001;2021-08-14;1
11103027001;2021-08-15;1
11103027001;2021-08-16;1
11103035001;2021-08-01;2
11103035001;2021-08-02;1
11103035001;2021-08-04;1
11103035001;2021-08-06;3
11103035001;2021-08-08;1
11103035001;2021-08-09;2
11103035001;2021-08-10;3
11103035001;2021-08-12;3
11103035001;2021-08-13;4
11103035001;2021-08-15;1
11103035001;2021-08-16;2
11103035001;2021-08-17;1
11103039001;2021-08-03;1
11103039001;2021-08-06;1
11103040001;2021-08-11;1
11103046001;2021-08-05;3
11103046001;2021-08-07;1
11103046001;2021-08-09;1
11103046001;2021-08-10;1
11103046001;2021-08-12;1
11103046001;2021-08-13;1
11103046001;2021-08-14;1
11103046001;2021-08-15;2
11103047001;2021-08-01;1
11103047001;2021-08-05;2
11103047001;2021-08-09;1
11103047001;2021-08-12;1
11103051001;2021-08-01;1
11103051001;2021-08-02;1
11103051001;2021-08-03;3
11103051001;2021-08-04;6
11103051001;2021-08-06;1
11103051001;2021-08-07;1
11103051001;2021-08-08;1
11103051001;2021-08-11;1
11103051001;2021-08-13;3
11103051001;2021-08-14;5
11103051001;2021-08-15;3
11103051001;2021-08-16;2
11103052001;2021-08-10;1
11103052001;2021-08-11;2
11103052001;2021-08-12;1
11103052001;2021-08-14;1
11103054001;2021-08-01;3
11103054001;2021-08-02;1
11103054001;2021-08-05;1
11103054001;2021-08-07;1
11103054001;2021-08-08;4
11103054001;2021-08-09;1
11103054001;2021-08-11;1
11103054001;2021-08-17;1
11103058001;2021-08-01;1
11103058001;2021-08-02;1
11103058001;2021-08-03;1
11103058001;2021-08-04;1
11103058001;2021-08-10;2
11103058001;2021-08-11;1
11103058001;2021-08-12;1
11103058001;2021-08-13;2
11103058001;2021-08-14;1
11103058001;2021-08-16;2
11103058001;2021-08-17;1
11103062001;2021-08-01;2
11103062001;2021-08-03;1
11103062001;2021-08-05;1
11103062001;2021-08-15;1
11103062001;2021-08-17;2
11103067001;2021-08-01;1
11103067001;2021-08-05;1
11103067001;2021-08-06;1
11103067001;2021-08-14;1
11103067001;2021-08-16;1
11103068001;2021-08-09;1
11103068001;2021-08-11;2
11103068001;2021-08-15;2
11103069001;2021-08-01;2
11103069001;2021-08-02;1
11103069001;2021-08-06;1
11103069001;2021-08-08;1
11103069001;2021-08-10;2
11103069001;2021-08-11;1
11103069001;2021-08-12;1
11103069001;2021-08-14;1
11103069001;2021-08-16;1
11103070001;2021-08-01;7
11103070001;2021-08-02;2
11103070001;2021-08-03;5
11103070001;2021-08-04;4
11103070001;2021-08-05;5
11103070001;2021-08-06;4
11103070001;2021-08-07;5
11103070001;2021-08-08;11
11103070001;2021-08-09;4
11103070001;2021-08-10;1
11103070001;2021-08-11;2
11103070001;2021-08-12;3
11103070001;2021-08-13;5
11103070001;2021-08-14;9
11103070001;2021-08-15;6
11103070001;2021-08-16;3
11103070001;2021-08-17;5
11103074001;2021-08-03;1
11103074001;2021-08-10;1
11103074001;2021-08-11;1
11103074001;2021-08-12;1
11103074001;2021-08-14;1
11103076001;2021-08-02;1
11103076001;2021-08-05;2
11103076001;2021-08-06;1
11103076001;2021-08-07;1
11103076001;2021-08-09;1
11103076001;2021-08-10;1
11103076001;2021-08-12;2
11103076001;2021-08-15;3
11103076001;2021-08-17;2
11103078001;2021-08-03;1
11103078001;2021-08-05;1
11103078001;2021-08-14;1
11103078001;2021-08-16;1
11103084001;2021-08-01;3
11103084001;2021-08-02;1
11103084001;2021-08-03;1
11103084001;2021-08-04;1
11103084001;2021-08-09;1
11103085001;2021-08-12;1
11103085001;2021-08-15;1
11103086002;2021-08-12;1
11103088001;2021-08-10;1
11103088001;2021-08-13;3
11103088001;2021-08-14;1
11103088001;2021-08-15;2
11103088001;2021-08-17;1
11103090001;2021-08-01;1
11103090001;2021-08-02;5
11103090001;2021-08-03;7
11103090001;2021-08-04;10
11103090001;2021-08-05;5
11103090001;2021-08-06;9
11103090001;2021-08-07;4
11103090001;2021-08-08;12
11103090001;2021-08-09;8
11103090001;2021-08-10;14
11103090001;2021-08-11;7
11103090001;2021-08-12;5
11103090001;2021-08-13;6
11103090001;2021-08-14;9
11103090001;2021-08-15;11
11103090001;2021-08-16;2
11103090001;2021-08-17;5
11103092001;2021-08-08;1
11103092001;2021-08-11;1
11103094001;2021-08-04;5
11103094001;2021-08-08;2
11103094001;2021-08-11;3
11103094001;2021-08-12;3
11103094001;2021-08-13;5
11103094001;2021-08-14;8
11103094001;2021-08-15;3
11103094001;2021-08-16;2
11103094001;2021-08-17;5
11103096001;2021-08-01;2
11103096001;2021-08-03;1
11103096001;2021-08-04;2
11103096001;2021-08-05;3
11103096001;2021-08-07;2
11103096001;2021-08-09;1
11103096001;2021-08-10;4
11103096001;2021-08-11;3
11103096001;2021-08-13;1
11103096001;2021-08-14;1
11103096001;2021-08-15;7
11103096001;2021-08-17;1
11103098001;2021-08-02;3
11103098001;2021-08-03;3
11103098001;2021-08-04;2
11103098001;2021-08-05;3
11103098001;2021-08-09;1
11103098001;2021-08-10;2
11103098001;2021-08-11;1
11103098001;2021-08-12;1
11103098001;2021-08-13;4
11103098001;2021-08-14;2
11103098001;2021-08-15;4
11103098001;2021-08-17;1
11103099001;2021-08-01;1
11103100001;2021-08-03;1
11103100001;2021-08-05;1
11103100001;2021-08-07;3
11103102002;2021-08-01;3
11103102002;2021-08-07;1
11103106001;2021-08-01;1
11103106001;2021-08-02;2
11103106001;2021-08-05;1
11103106001;2021-08-11;2
11103106001;2021-08-12;1
11103106001;2021-08-14;1
11103106001;2021-08-15;1
11103106001;2021-08-16;1
11103108001;2021-08-14;1
11103108001;2021-08-15;1
11103110001;2021-08-04;1
11103111001;2021-08-01;1
11103111001;2021-08-02;1
11103111001;2021-08-05;1
11103111001;2021-08-09;1
11103111001;2021-08-10;1
11103111001;2021-08-11;2
11103111001;2021-08-12;2
11103111001;2021-08-16;1
11103112001;2021-08-04;1
11103112001;2021-08-06;1
11103112001;2021-08-12;1
11103112001;2021-08-13;1
11103112001;2021-08-17;1
11103113001;2021-08-02;1
11103113001;2021-08-08;1
11103113001;2021-08-13;1
11103114001;2021-08-01;3
11103114001;2021-08-03;1
11103114001;2021-08-05;1
11103114001;2021-08-06;1
11103114001;2021-08-07;2
11103114001;2021-08-08;3
11103114001;2021-08-09;1
11103114001;2021-08-10;1
11103114001;2021-08-12;1
11103114001;2021-08-13;5
11103114001;2021-08-15;2
11103114001;2021-08-17;1
11103115001;2021-08-01;2
11103115001;2021-08-06;1
11103115001;2021-08-13;1
11103118001;2021-08-01;1
11103118001;2021-08-08;1
11103118001;2021-08-16;1
11103123001;2021-08-05;1
11103132001;2021-08-03;1
11103132001;2021-08-05;1
11103132001;2021-08-08;3
11103132001;2021-08-10;1
11103134001;2021-08-01;3
11103134001;2021-08-03;3
11103134001;2021-08-04;4
11103134001;2021-08-05;4
11103134001;2021-08-06;1
11103134001;2021-08-07;1
11103134001;2021-08-08;3
11103134001;2021-08-09;4
11103134001;2021-08-10;1
11103134001;2021-08-11;2
11103134001;2021-08-12;1
11103134001;2021-08-13;2
11103134001;2021-08-14;1
11103134001;2021-08-15;10
11103134001;2021-08-17;2
11103135001;2021-08-02;1
11103135001;2021-08-04;1
11103135001;2021-08-06;1
11103135001;2021-08-08;1
11103135001;2021-08-10;1
11103135001;2021-08-11;1
11103135001;2021-08-12;1
11103135001;2021-08-14;1
11103135001;2021-08-15;4
11103136001;2021-08-01;9
11103136001;2021-08-02;12
11103136001;2021-08-03;17
11103136001;2021-08-04;14
11103136001;2021-08-05;11
11103136001;2021-08-06;12
11103136001;2021-08-07;8
11103136001;2021-08-08;11
11103136001;2021-08-09;18
11103136001;2021-08-10;11
11103136001;2021-08-11;4
11103136001;2021-08-12;9
11103136001;2021-08-13;7
11103136001;2021-08-14;9
11103136001;2021-08-15;21
11103136001;2021-08-16;4
11103136001;2021-08-17;7
11103137001;2021-08-01;7
11103137001;2021-08-02;3
11103137001;2021-08-03;3
11103137001;2021-08-04;1
11103137001;2021-08-06;1
11103137001;2021-08-07;1
11103137001;2021-08-11;3
11103137001;2021-08-12;1
11103137001;2021-08-13;1
11103137001;2021-08-14;6
11103137001;2021-08-15;19
11103137001;2021-08-17;4
11103156001;2021-08-01;1
11103156001;2021-08-03;1
11103156001;2021-08-04;1
11103156001;2021-08-05;1
11103156001;2021-08-09;2
11103156001;2021-08-13;1
11103156001;2021-08-14;1
11103156001;2021-08-15;1
11103156001;2021-08-17;1
11103157001;2021-08-01;1
11103157001;2021-08-13;1
11103157001;2021-08-17;1
11103176001;2021-08-01;2
11103176001;2021-08-05;1
11103176001;2021-08-08;1
11103176001;2021-08-09;3
11103176001;2021-08-11;3
11103176001;2021-08-12;1
11103176001;2021-08-13;4
11103176001;2021-08-14;3
11103176001;2021-08-15;5
11103176001;2021-08-16;1
11103176001;2021-08-17;6
11103188001;2021-08-01;1
11103188002;2021-08-01;1
11103188002;2021-08-02;1
11103188002;2021-08-05;1
11103191001;2021-08-04;1
11103191001;2021-08-07;1
11103191001;2021-08-08;1
11103196001;2021-08-01;1
11103196001;2021-08-06;1
11103196001;2021-08-10;1
11103196001;2021-08-15;2
11103206001;2021-08-05;1
11103211001;2021-08-08;1
11103211001;2021-08-17;1
11103224001;2021-08-01;1
11103224001;2021-08-06;1
11103224001;2021-08-10;1
11103224001;2021-08-12;1
11103224001;2021-08-17;1
11103233001;2021-08-03;1
11103233001;2021-08-09;1
11103233001;2021-08-13;1
11103244002;2021-08-05;1
11103244002;2021-08-06;2
11103244002;2021-08-09;1
11103244002;2021-08-11;1
11103244002;2021-08-13;1
11103262001;2021-08-02;1
11103262001;2021-08-05;1
11103262001;2021-08-06;1
11103262001;2021-08-08;2
11103262001;2021-08-09;1
11103262001;2021-08-10;1
11103262001;2021-08-14;1
11103270002;2021-08-03;1
11103270002;2021-08-04;1
11103270002;2021-08-05;1
11103270002;2021-08-06;2
11103270002;2021-08-12;2
11103270002;2021-08-13;1
11103270002;2021-08-15;1
11103280001;2021-08-01;1
11103280001;2021-08-02;3
11103280001;2021-08-03;1
11103280001;2021-08-06;1
11103280001;2021-08-09;1
11103280001;2021-08-13;1
11103280001;2021-08-16;1
11103283001;2021-08-02;1
11103283001;2021-08-08;1
11103283001;2021-08-10;1
11103289001;2021-08-01;1
11103289001;2021-08-02;1
11103289001;2021-08-03;3
11103289001;2021-08-06;2
11103289001;2021-08-08;1
11103289001;2021-08-11;1
11103289001;2021-08-12;2
11103289001;2021-08-14;1
11103296001;2021-08-14;1
11103313001;2021-08-06;1
11103314001;2021-08-05;1
11103314001;2021-08-06;1
11103314001;2021-08-09;1
11103314001;2021-08-15;2
11103321001;2021-08-01;1
11103321002;2021-08-15;1
11103321002;2021-08-16;1
11103322001;2021-08-02;2
11103322001;2021-08-03;2
11103322001;2021-08-09;1
11103323001;2021-08-04;1
11103346001;2021-08-01;2
11103346001;2021-08-02;1
11103346001;2021-08-03;3
11103346001;2021-08-04;3
11103346001;2021-08-08;2
11103346001;2021-08-09;1
11103346001;2021-08-10;2
11103346001;2021-08-12;1
11103346001;2021-08-15;1
11103346001;2021-08-17;1
11103350001;2021-08-03;1
11103350001;2021-08-05;1
11103354001;2021-08-07;1
11103354001;2021-08-08;1
11103361001;2021-08-03;1
11103365001;2021-08-01;1
11103365001;2021-08-14;1
11103365001;2021-08-15;1
11103370001;2021-08-01;1
11103370001;2021-08-04;1
11103370001;2021-08-05;2
11103370001;2021-08-15;1
11103375001;2021-08-01;4
11103375001;2021-08-02;5
11103375001;2021-08-03;2
11103375001;2021-08-04;1
11103375001;2021-08-05;3
11103375001;2021-08-06;3
11103375001;2021-08-07;2
11103375001;2021-08-08;2
11103375001;2021-08-10;2
11103375001;2021-08-11;2
11103375001;2021-08-12;3
11103375001;2021-08-13;4
11103375001;2021-08-14;3
11103375001;2021-08-16;1
11103375001;2021-08-17;3
11103377001;2021-08-08;1
11103377001;2021-08-10;1
11103377001;2021-08-14;1
11103380001;2021-08-13;1
11103884002;2021-08-01;1
11103884002;2021-08-05;1
11103884002;2021-08-09;1
11103884003;2021-08-03;1
11103884003;2021-08-09;1
11103884003;2021-08-14;1
11104001001;2021-08-04;1
11104001001;2021-08-05;1
11104001001;2021-08-13;1
11104001001;2021-08-14;1
11104001001;2021-08-15;1
11104005001;2021-08-02;2
11104005001;2021-08-03;1
11104005001;2021-08-05;1
11104005001;2021-08-06;2
11104005001;2021-08-09;2
11104005001;2021-08-10;1
11104005001;2021-08-15;1
11104006001;2021-08-01;1
11104006001;2021-08-03;2
11104006001;2021-08-04;1
11104006001;2021-08-05;2
11104006001;2021-08-10;1
11104006001;2021-08-12;1
11104006001;2021-08-13;3
11104006001;2021-08-15;1
11110006001;2021-08-01;1
11110006001;2021-08-02;2
11110006001;2021-08-03;3
11110006001;2021-08-04;2
11110006001;2021-08-05;2
11110006001;2021-08-10;1
11110006001;2021-08-11;1
11110006001;2021-08-12;2
11110006001;2021-08-13;2
11110006001;2021-08-14;2
11110006001;2021-08-15;2
11110006001;2021-08-17;3
11110007001;2021-08-01;2
11110007001;2021-08-02;1
11110007001;2021-08-03;3
11110007001;2021-08-04;1
11110007001;2021-08-05;1
11110007001;2021-08-06;1
11110007001;2021-08-07;1
11110007001;2021-08-09;2
11110007001;2021-08-10;4
11110007001;2021-08-11;5
11110007001;2021-08-12;3
11110007001;2021-08-13;2
11110007001;2021-08-14;1
11110007001;2021-08-15;6
11110007001;2021-08-16;1
11110007001;2021-08-17;2
11110013001;2021-08-01;1
11110013001;2021-08-04;1
11110013001;2021-08-05;1
11110013001;2021-08-07;2
11110013001;2021-08-09;1
11110013001;2021-08-12;1
11110013001;2021-08-13;1
11110014001;2021-08-06;1
11110014001;2021-08-12;1
11110014001;2021-08-16;1
11110016001;2021-08-10;2
11110016001;2021-08-14;1
11110018001;2021-08-04;1
11110018001;2021-08-05;1
11110018001;2021-08-07;1
11110018001;2021-08-08;1
11110018001;2021-08-14;1
11110018001;2021-08-17;1
11110026001;2021-08-10;2
11110028001;2021-08-07;1
11110028001;2021-08-14;1
11110028001;2021-08-17;1
11110029001;2021-08-04;1
11110029001;2021-08-08;1
11110029001;2021-08-12;1
11110029001;2021-08-14;2
11110029001;2021-08-17;1
11110065001;2021-08-05;1
11110066001;2021-08-01;1
11110066001;2021-08-02;1
11110066001;2021-08-04;1
11110066001;2021-08-08;2
11110066001;2021-08-09;1
11110066001;2021-08-12;1
11110077003;2021-08-01;1
11110077003;2021-08-03;1
11110077003;2021-08-08;1
11110077003;2021-08-11;1
11110077003;2021-08-12;1
11110077003;2021-08-13;1
11110077003;2021-08-14;1
11110077003;2021-08-17;1
11110078003;2021-08-02;1
11110078003;2021-08-08;1
11110078003;2021-08-09;1
11110078003;2021-08-10;1
11110078003;2021-08-12;1
11110078003;2021-08-15;1
11110078003;2021-08-17;1
11110082001;2021-08-02;1
11110082001;2021-08-03;2
11110082001;2021-08-04;1
11110082001;2021-08-05;1
11110082001;2021-08-14;2
11110083001;2021-08-02;2
11110083001;2021-08-04;1
11110083001;2021-08-05;1
11110083001;2021-08-07;1
11110083001;2021-08-09;2
11110083001;2021-08-17;1
11110085001;2021-08-01;2
11110085001;2021-08-02;1
11110085001;2021-08-03;2
11110085001;2021-08-04;4
11110085001;2021-08-08;1
11110085001;2021-08-09;3
11110085001;2021-08-10;1
11110085001;2021-08-11;2
11110085001;2021-08-12;1
11110085001;2021-08-13;1
11110085001;2021-08-14;2
11110085001;2021-08-15;1
11110085001;2021-08-16;1
11110085001;2021-08-17;1
11110086001;2021-08-02;1
11110086001;2021-08-03;1
11110086001;2021-08-04;1
11110086001;2021-08-08;1
11110086001;2021-08-10;1
11110086001;2021-08-12;1
11110086001;2021-08-13;1
11110088002;2021-08-02;1
11110088002;2021-08-03;2
11110088002;2021-08-05;1
11110088002;2021-08-10;1
11110088002;2021-08-12;1
11110088002;2021-08-15;1
11110089001;2021-08-01;3
11110089001;2021-08-02;1
11110089001;2021-08-04;2
11110089001;2021-08-05;1
11110089001;2021-08-07;1
11110089001;2021-08-09;1
11110089001;2021-08-10;3
11110089001;2021-08-11;2
11110089001;2021-08-13;2
11110089001;2021-08-14;2
11110089001;2021-08-16;1
11110090001;2021-08-01;1
11110090001;2021-08-03;2
11110090001;2021-08-05;1
11110090001;2021-08-12;1
11110090001;2021-08-14;2
11110090001;2021-08-15;1
11110091001;2021-08-02;2
11110091001;2021-08-09;1
11110091001;2021-08-12;1
11110091001;2021-08-15;1
11110091001;2021-08-17;1
11110093001;2021-08-01;1
11110093001;2021-08-02;1
11110093001;2021-08-05;1
11110093001;2021-08-09;1
11110093001;2021-08-11;1
11110093001;2021-08-12;2
11110093001;2021-08-13;1
11110093001;2021-08-14;2
11110093001;2021-08-15;2
11110093001;2021-08-17;1
11110094001;2021-08-02;1
11110094001;2021-08-04;1
11110094001;2021-08-06;2
11110094001;2021-08-09;3
11110094001;2021-08-10;1
11110094001;2021-08-12;1
11110094001;2021-08-14;1
11110095001;2021-08-03;1
11110095001;2021-08-04;1
11110095001;2021-08-07;1
11110095001;2021-08-11;1
11110095001;2021-08-13;1
11110095001;2021-08-14;2
11110095001;2021-08-17;1
11111004001;2021-08-01;3
11111004001;2021-08-03;1
11111004001;2021-08-04;1
11111004001;2021-08-05;1
11111004001;2021-08-06;1
11111004001;2021-08-09;2
11111004001;2021-08-10;1
11111004001;2021-08-13;1
11111004001;2021-08-14;2
11111004001;2021-08-15;1
11111007001;2021-08-04;1
11111007001;2021-08-05;1
11111007001;2021-08-06;2
11111007001;2021-08-08;1
11111007001;2021-08-09;1
11111007001;2021-08-10;2
11111007001;2021-08-12;3
11111007001;2021-08-13;1
11111007001;2021-08-15;1
11111008001;2021-08-14;1
11111008001;2021-08-16;1
11111011001;2021-08-01;2
11111011001;2021-08-03;1
11111011001;2021-08-04;2
11111011001;2021-08-05;2
11111011001;2021-08-06;6
11111011001;2021-08-07;1
11111011001;2021-08-08;1
11111011001;2021-08-09;2
11111011001;2021-08-10;5
11111011001;2021-08-11;4
11111011001;2021-08-12;6
11111011001;2021-08-13;4
11111011001;2021-08-14;6
11111011001;2021-08-15;10
11111011001;2021-08-16;2
11111011001;2021-08-17;4
11111012001;2021-08-12;1
11111012001;2021-08-14;1
11111013001;2021-08-01;1
11111013001;2021-08-03;1
11111013001;2021-08-04;2
11111013001;2021-08-05;1
11111013001;2021-08-06;4
11111013001;2021-08-08;1
11111013001;2021-08-10;1
11111013001;2021-08-12;2
11111013001;2021-08-13;2
11111013001;2021-08-14;6
11111013001;2021-08-15;2
11111013001;2021-08-17;1
11111015001;2021-08-01;1
11111015001;2021-08-03;1
11111015001;2021-08-04;1
11111015001;2021-08-07;1
11111015001;2021-08-08;1
11111015001;2021-08-09;1
11111015001;2021-08-11;1
11111015001;2021-08-12;1
11111015001;2021-08-14;4
11111017001;2021-08-01;3
11111017001;2021-08-02;9
11111017001;2021-08-03;8
11111017001;2021-08-04;6
11111017001;2021-08-05;10
11111017001;2021-08-06;3
11111017001;2021-08-07;4
11111017001;2021-08-08;10
11111017001;2021-08-09;12
11111017001;2021-08-10;5
11111017001;2021-08-11;2
11111017001;2021-08-14;7
11111017001;2021-08-15;14
11111017001;2021-08-16;5
11111017001;2021-08-17;10
11111019001;2021-08-01;2
11111019001;2021-08-02;2
11111019001;2021-08-03;1
11111019001;2021-08-04;2
11111019001;2021-08-05;3
11111019001;2021-08-08;4
11111019001;2021-08-09;2
11111019001;2021-08-11;1
11111019001;2021-08-12;1
11111019001;2021-08-14;5
11111019001;2021-08-15;4
11111019001;2021-08-17;1
11111021001;2021-08-01;4
11111021001;2021-08-02;2
11111021001;2021-08-03;3
11111021001;2021-08-04;4
11111021001;2021-08-05;2
11111021001;2021-08-06;3
11111021001;2021-08-07;1
11111021001;2021-08-08;1
11111021001;2021-08-09;3
11111021001;2021-08-10;2
11111021001;2021-08-11;2
11111021001;2021-08-12;3
11111021001;2021-08-14;3
11111021001;2021-08-15;4
11111021001;2021-08-17;3
11111022001;2021-08-01;1
11111022001;2021-08-03;2
11111022001;2021-08-04;2
11111022001;2021-08-06;1
11111022001;2021-08-07;1
11111022001;2021-08-08;1
11111022001;2021-08-13;4
11111022001;2021-08-14;2
11111022001;2021-08-15;2
11111025001;2021-08-01;3
11111025001;2021-08-02;2
11111025001;2021-08-03;2
11111025001;2021-08-04;2
11111025001;2021-08-05;1
11111025001;2021-08-06;1
11111025001;2021-08-08;2
11111025001;2021-08-09;1
11111025001;2021-08-10;1
11111025001;2021-08-11;1
11111025001;2021-08-12;1
11111025001;2021-08-13;2
11111025001;2021-08-14;2
11111025001;2021-08-15;2
11111025001;2021-08-16;1
11111025001;2021-08-17;1
11111030001;2021-08-09;1
11111030001;2021-08-13;1
11111030001;2021-08-14;2
11111030001;2021-08-17;1
11111033001;2021-08-09;2
11111033001;2021-08-10;2
11111033001;2021-08-11;8
11111033001;2021-08-12;9
11111033001;2021-08-13;1
11111033001;2021-08-14;6
11111033001;2021-08-15;15
11111033001;2021-08-16;1
11111033001;2021-08-17;4
11111037001;2021-08-01;3
11111037001;2021-08-02;1
11111037001;2021-08-07;1
11111050001;2021-08-01;1
11111050001;2021-08-09;1
11111050001;2021-08-11;3
11111050001;2021-08-12;8
11111050001;2021-08-13;1
11111050001;2021-08-14;5
11111050001;2021-08-15;2
11111050001;2021-08-16;1
11111050001;2021-08-17;1
11112001001;2021-08-12;1
11112004001;2021-08-01;1
11112004001;2021-08-04;1
11112004001;2021-08-05;1
11112004001;2021-08-06;1
11112004001;2021-08-08;2
11112005001;2021-08-12;1
11112007001;2021-08-06;1
11112007001;2021-08-08;1
11112007001;2021-08-10;2
11112007001;2021-08-15;1
11112008001;2021-08-17;1
11112017001;2021-08-03;1
12000011001;2021-08-01;1
12000011001;2021-08-03;1
12000011001;2021-08-04;1
12000011001;2021-08-05;1
12000011001;2021-08-06;1
12000011001;2021-08-07;1
12000011001;2021-08-08;1
12000011001;2021-08-09;1
12000011001;2021-08-10;2
12000011001;2021-08-12;1
12000011001;2021-08-13;1
12000011001;2021-08-14;5
12000011001;2021-08-15;1
12000016001;2021-08-01;2
12000016001;2021-08-02;1
12000016001;2021-08-03;1
12000016001;2021-08-06;1
12000016001;2021-08-07;1
12000016001;2021-08-11;1
12000016001;2021-08-12;3
12000016001;2021-08-13;2
12000020001;2021-08-17;1
12000042001;2021-08-01;1
12000042001;2021-08-06;1
12000045001;2021-08-01;1
12000045001;2021-08-03;1
12000045001;2021-08-04;1
12000045001;2021-08-06;1
12000045001;2021-08-08;2
12000045001;2021-08-10;3
12000045001;2021-08-12;1
12000045001;2021-08-15;1
12000045001;2021-08-17;3
12000057001;2021-08-15;3
12000059001;2021-08-02;1
12000059001;2021-08-03;4
12000059001;2021-08-04;1
12000059001;2021-08-05;1
12000059001;2021-08-06;1
12000059001;2021-08-07;1
12000059001;2021-08-08;1
12000059001;2021-08-11;1
12000059001;2021-08-12;2
12000059001;2021-08-13;2
12000059001;2021-08-14;1
12000059001;2021-08-15;2
12000059001;2021-08-16;1
12000067001;2021-08-01;1
12000067001;2021-08-03;1
12000067001;2021-08-07;1
12000067001;2021-08-08;2
12000067001;2021-08-15;3
12000075001;2021-08-15;1
12000076001;2021-08-05;1
12000076001;2021-08-09;1
12000076001;2021-08-15;1
12000080001;2021-08-15;1
12000081001;2021-08-09;2
12000081001;2021-08-11;1
12000081001;2021-08-13;2
12000081001;2021-08-14;1
12000081001;2021-08-15;3
12000081001;2021-08-16;2
12000081001;2021-08-17;1
12000089001;2021-08-01;1
12000089001;2021-08-05;1
12000089001;2021-08-06;2
12000089001;2021-08-10;1
12000089001;2021-08-12;1
12000089001;2021-08-15;2
12000097001;2021-08-01;2
12000097001;2021-08-04;1
12000097001;2021-08-08;1
12000097001;2021-08-10;1
12000101001;2021-08-01;1
12000101001;2021-08-02;1
12000101001;2021-08-05;1
12000101001;2021-08-17;1
12000108001;2021-08-01;1
12000108001;2021-08-08;4
12000108001;2021-08-10;1
12000108001;2021-08-12;1
12000108001;2021-08-14;1
12000126001;2021-08-02;1
12000126001;2021-08-11;1
12000128001;2021-08-01;1
12000128001;2021-08-15;1
12000129001;2021-08-01;1
12000129001;2021-08-04;1
12000129001;2021-08-05;1
12000129001;2021-08-06;1
12000129001;2021-08-08;1
12000129001;2021-08-15;1
12000129001;2021-08-16;1
12000129001;2021-08-17;2
12000135001;2021-08-05;2
12000135001;2021-08-08;1
12000149001;2021-08-10;1
12000150001;2021-08-01;1
12000150001;2021-08-03;1
12000152001;2021-08-01;1
12000152001;2021-08-02;1
12000152001;2021-08-06;2
12000152001;2021-08-08;1
12000152001;2021-08-09;1
12000152001;2021-08-10;3
12000152001;2021-08-13;2
12000152001;2021-08-14;1
12000152001;2021-08-15;1
12000152001;2021-08-16;1
12000163001;2021-08-03;1
12000163001;2021-08-04;1
12000163001;2021-08-05;1
12000165001;2021-08-01;1
12000165001;2021-08-08;1
12000165001;2021-08-15;1
12000169001;2021-08-02;1
12000169001;2021-08-04;1
12000169001;2021-08-05;1
12000169001;2021-08-08;1
12000169001;2021-08-15;1
12000169001;2021-08-16;1
12000170001;2021-08-01;1
12000170001;2021-08-07;3
12000170001;2021-08-08;1
12000170001;2021-08-10;1
12000170001;2021-08-13;2
12000178001;2021-08-01;2
12000178001;2021-08-02;9
12000178001;2021-08-03;2
12000178001;2021-08-04;4
12000178001;2021-08-05;4
12000178001;2021-08-06;6
12000178001;2021-08-07;3
12000178001;2021-08-08;5
12000178001;2021-08-09;3
12000178001;2021-08-10;2
12000178001;2021-08-11;2
12000178001;2021-08-13;7
12000178001;2021-08-14;5
12000178001;2021-08-15;5
12000178001;2021-08-17;3
12000179001;2021-08-01;3
12000179001;2021-08-02;2
12000179001;2021-08-03;1
12000179001;2021-08-04;1
12000179001;2021-08-06;1
12000179001;2021-08-08;4
12000179001;2021-08-09;2
12000179001;2021-08-10;2
12000179001;2021-08-11;2
12000179001;2021-08-12;6
12000179001;2021-08-13;3
12000179001;2021-08-14;4
12000179001;2021-08-15;2
12000179001;2021-08-17;4
12000182001;2021-08-03;1
12000182001;2021-08-05;1
12000182001;2021-08-06;1
12000182001;2021-08-07;1
12000182001;2021-08-09;1
12000182001;2021-08-11;1
12000182001;2021-08-15;1
12000182001;2021-08-17;1
12000193001;2021-08-02;1
12000205001;2021-08-14;1
12000205001;2021-08-17;1
12000206001;2021-08-14;1
12000207001;2021-08-13;1
12000207001;2021-08-17;2
12000208001;2021-08-08;2
12000208001;2021-08-10;1
12000208001;2021-08-13;1
12000214001;2021-08-01;1
12000214001;2021-08-02;1
12000214001;2021-08-04;1
12000214001;2021-08-06;1
12000214001;2021-08-10;2
12000214001;2021-08-13;1
12000214001;2021-08-15;1
12000217001;2021-08-02;1
12000217001;2021-08-04;1
12000217001;2021-08-06;1
12000220001;2021-08-09;1
12000220001;2021-08-11;2
12000220001;2021-08-13;1
12000220001;2021-08-14;1
12000220001;2021-08-16;2
12000221001;2021-08-02;1
12000221001;2021-08-04;1
12000221001;2021-08-08;2
12000223001;2021-08-01;2
12000223001;2021-08-03;1
12000223001;2021-08-04;1
12000223001;2021-08-06;3
12000223001;2021-08-08;3
12000223001;2021-08-09;1
12000223001;2021-08-12;1
12000223001;2021-08-17;1
12000225001;2021-08-01;1
12000226001;2021-08-12;1
12000226001;2021-08-14;2
12000226001;2021-08-15;1
12000232001;2021-08-03;1
12000232001;2021-08-06;1
12000232001;2021-08-15;1
12000241001;2021-08-09;1
12000241001;2021-08-13;1
12000241001;2021-08-15;1
12000241001;2021-08-17;1
12000246001;2021-08-01;1
12000246001;2021-08-02;1
12000246001;2021-08-04;1
12000246001;2021-08-06;1
12000246001;2021-08-09;1
12000246001;2021-08-10;1
12000246001;2021-08-12;1
12000246001;2021-08-14;1
12000261001;2021-08-04;1
12000261001;2021-08-11;1
12000261001;2021-08-14;1
12000270001;2021-08-02;1
12000276001;2021-08-11;1
12000288001;2021-08-01;1
12000288001;2021-08-11;1
12000309001;2021-08-02;1
12000314001;2021-08-05;2
12000317001;2021-08-01;1
12000317001;2021-08-02;1
12000317001;2021-08-03;3
12000317001;2021-08-07;1
12000317001;2021-08-08;1
12000317001;2021-08-09;1
12000317001;2021-08-10;5
12000317001;2021-08-12;3
12000317001;2021-08-13;1
12000317001;2021-08-14;1
12000317001;2021-08-15;2
12000319001;2021-08-12;1
12000319001;2021-08-14;2
12000320001;2021-08-01;1
12000320001;2021-08-05;1
12000320001;2021-08-09;1
12000320001;2021-08-16;1
12000320001;2021-08-17;1
12000350001;2021-08-01;2
12000350001;2021-08-03;1
12000350001;2021-08-10;2
12000350001;2021-08-13;2
12000359001;2021-08-01;2
12000359001;2021-08-02;1
12000359001;2021-08-04;1
12000359001;2021-08-08;1
12000359001;2021-08-11;1
12000359001;2021-08-13;2
12000366001;2021-08-05;1
12000366001;2021-08-09;1
12000366001;2021-08-12;1
12000366001;2021-08-13;1
12000372001;2021-08-08;2
12000372001;2021-08-14;1
12000374001;2021-08-08;1
12000374001;2021-08-10;1
12000374001;2021-08-13;1
12000374001;2021-08-16;1
12000375001;2021-08-10;1
12000375001;2021-08-11;1
12000375001;2021-08-14;1
12000375001;2021-08-15;1
12000375001;2021-08-17;1
12000377001;2021-08-01;1
12000377001;2021-08-02;1
12000377001;2021-08-06;1
12000377001;2021-08-07;1
12000377001;2021-08-08;1
12000377001;2021-08-09;1
12000377001;2021-08-10;1
12000377001;2021-08-11;1
12000377001;2021-08-12;1
12000377001;2021-08-15;3
12000377001;2021-08-17;2
12000381001;2021-08-05;1
12000381001;2021-08-06;1
12000381001;2021-08-13;1
12000425001;2021-08-02;1
12000425001;2021-08-05;1
12000485001;2021-08-06;1
12000504001;2021-08-14;1
12000505001;2021-08-17;1
12001004001;2021-08-07;1
12001004001;2021-08-08;1
12001004001;2021-08-12;2
12001004001;2021-08-13;1
12001004001;2021-08-14;1
12001004001;2021-08-15;1
12001019001;2021-08-02;1
12001019001;2021-08-07;1
12001019001;2021-08-10;1
12001019001;2021-08-13;2
12001026001;2021-08-03;1
12001026001;2021-08-04;2
12001026001;2021-08-08;1
12001026001;2021-08-09;1
12001026001;2021-08-12;1
12001026001;2021-08-13;2
12001026001;2021-08-14;2
12001027001;2021-08-01;1
12001027001;2021-08-04;1
12001029001;2021-08-14;1
12001029001;2021-08-15;1
12001029001;2021-08-17;2
12001038001;2021-08-01;1
12001038001;2021-08-04;1
12001038001;2021-08-06;1
12001041001;2021-08-02;1
12001041001;2021-08-04;1
12001041001;2021-08-08;1
12001041001;2021-08-10;1
12001047001;2021-08-15;1
12001049001;2021-08-01;2
12001049001;2021-08-04;1
12001049001;2021-08-05;2
12001049001;2021-08-06;2
12001049001;2021-08-08;2
12001049001;2021-08-09;1
12001049001;2021-08-10;2
12001049001;2021-08-11;1
12001049001;2021-08-12;3
12001049001;2021-08-13;2
12001049001;2021-08-14;1
12001049001;2021-08-15;2
12001049001;2021-08-16;3
12001049001;2021-08-17;3
12001051001;2021-08-03;3
12001051001;2021-08-12;1
12001055001;2021-08-06;1
12001058001;2021-08-09;1
12001058001;2021-08-13;1
12001058001;2021-08-14;1
12001058001;2021-08-16;1
12001063001;2021-08-02;1
12001063001;2021-08-16;1
12001064001;2021-08-05;1
12001067001;2021-08-06;1
12001070001;2021-08-05;1
12001070001;2021-08-06;1
12001070001;2021-08-07;1
12001071001;2021-08-10;1
12001077001;2021-08-03;1
12001077001;2021-08-05;1
12001077001;2021-08-07;1
12001077001;2021-08-13;1
12001077001;2021-08-15;1
12001087001;2021-08-13;1
12001087001;2021-08-17;1
12001092001;2021-08-13;1
12001112001;2021-08-02;1
12001112001;2021-08-08;2
12001112001;2021-08-09;1
12001112001;2021-08-14;1
12001112001;2021-08-15;2
12001999001;2021-08-04;1
12001999001;2021-08-08;1
12001999001;2021-08-12;1
12002009001;2021-08-12;1
12002018001;2021-08-01;1
12002018001;2021-08-02;1
12002018001;2021-08-16;1
12002023001;2021-08-03;1
12002023001;2021-08-05;1
12002023001;2021-08-07;1
12002023001;2021-08-08;1
12002023001;2021-08-10;1
12002023001;2021-08-13;2
12002023001;2021-08-14;1
12002023001;2021-08-15;3
12002023001;2021-08-16;1
12002026001;2021-08-10;1
12002036001;2021-08-10;1
12002042001;2021-08-12;1
12002044001;2021-08-01;3
12002044001;2021-08-03;1
12002044001;2021-08-06;1
12002044001;2021-08-09;1
12002044001;2021-08-13;1
12002044001;2021-08-14;1
12002052001;2021-08-01;1
12002052001;2021-08-02;1
12002052001;2021-08-05;1
12002052001;2021-08-06;1
12002052001;2021-08-08;1
12002052001;2021-08-17;1
12002062001;2021-08-05;1
12002090001;2021-08-12;1
12002104001;2021-08-03;1
12002104001;2021-08-04;1
12002105001;2021-08-04;1
12002105001;2021-08-16;1
12002105001;2021-08-17;1
12002106001;2021-08-01;1
12002106001;2021-08-06;1
12002107001;2021-08-04;1
12002107001;2021-08-10;1
12002107001;2021-08-15;1
12002118001;2021-08-13;1
12002119001;2021-08-03;1
12002124001;2021-08-14;1
12002124001;2021-08-17;1
12002948001;2021-08-15;1
12002949001;2021-08-17;3
12003006001;2021-08-01;1
12003006001;2021-08-15;1
12003046001;2021-08-14;1
12003069001;2021-08-02;1
12003069001;2021-08-06;1
12003084001;2021-08-10;1
12003084001;2021-08-11;1
12003086001;2021-08-14;1
12003104001;2021-08-13;1
12003104001;2021-08-17;1
12003111001;2021-08-01;1
12003111001;2021-08-12;1
12003113001;2021-08-14;1
12003115001;2021-08-06;1
12003130001;2021-08-01;1
12003130001;2021-08-05;1
12003130001;2021-08-06;2
12003130001;2021-08-07;1
12003130001;2021-08-08;1
12003130001;2021-08-09;1
12003130001;2021-08-10;1
12003130001;2021-08-11;1
12003130001;2021-08-12;1
12003130001;2021-08-14;1
12003130001;2021-08-15;1
12003134001;2021-08-02;1
12003134001;2021-08-04;1
12003134001;2021-08-07;1
12003135001;2021-08-04;1
12003135001;2021-08-08;1
12003135001;2021-08-16;1
12003911001;2021-08-01;1
12003911001;2021-08-10;1
12004016001;2021-08-13;2
12004020001;2021-08-11;1
12004020001;2021-08-14;1
12005003001;2021-08-04;1
12005003001;2021-08-11;1
12005003001;2021-08-13;1
12005003002;2021-08-06;1
12005003002;2021-08-08;1
12005003002;2021-08-10;1
12005003002;2021-08-12;1
12005003002;2021-08-17;1
12005003003;2021-08-02;1
12005003003;2021-08-07;1
12005003003;2021-08-10;1
12005003003;2021-08-17;1
12005003004;2021-08-07;1
12005003004;2021-08-09;1
12005003004;2021-08-14;1
12005009007;2021-08-08;1
12005009007;2021-08-13;1
12005015001;2021-08-01;1
12005015003;2021-08-17;1
12005015004;2021-08-03;1
12005015006;2021-08-11;1
12005015007;2021-08-09;1
12005015007;2021-08-17;1
12005015008;2021-08-03;1
12005015010;2021-08-06;1
12005015010;2021-08-09;1
12005019001;2021-08-16;1
12005019001;2021-08-17;1
12005019003;2021-08-01;1
12005019003;2021-08-02;1
12005019005;2021-08-14;1
12005019006;2021-08-12;1
12005019006;2021-08-16;1
12005019008;2021-08-03;1
12005019008;2021-08-13;1
12005056001;2021-08-08;1
12005056001;2021-08-12;1
12005056002;2021-08-08;1
12005056002;2021-08-17;1
12005056003;2021-08-10;1
12005056003;2021-08-14;1
12005056004;2021-08-02;1
12005056004;2021-08-04;1
12005056004;2021-08-08;1
12005056004;2021-08-12;1
12005072003;2021-08-08;1
12005082002;2021-08-14;1
12005082003;2021-08-02;1
12005082003;2021-08-17;1
12005082006;2021-08-17;1
12005082007;2021-08-05;2
12005082007;2021-08-12;1
12005082007;2021-08-13;1
12005082008;2021-08-12;1
12005082010;2021-08-02;1
12005082010;2021-08-13;1
12005082011;2021-08-14;1
12005082011;2021-08-17;1
12005083002;2021-08-14;1
12005084001;2021-08-11;1
12005084002;2021-08-10;1
12005084004;2021-08-02;1
12005084004;2021-08-08;1
12005084004;2021-08-11;1
12005084004;2021-08-12;1
12005084005;2021-08-12;1
12005084006;2021-08-12;1
12005084007;2021-08-09;1
12005084007;2021-08-10;1
12005084007;2021-08-11;1
12005084007;2021-08-17;1
12005084008;2021-08-17;2
12005084009;2021-08-06;1
12005089004;2021-08-15;1
12005093001;2021-08-02;1
12005093001;2021-08-08;4
12005093001;2021-08-09;3
12005093001;2021-08-12;1
12005093001;2021-08-15;1
12005093002;2021-08-14;1
12005093004;2021-08-03;1
12005093004;2021-08-04;1
12005093004;2021-08-08;3
12005093004;2021-08-09;3
12005093004;2021-08-12;2
12005093005;2021-08-08;1
12005093005;2021-08-09;2
12005093005;2021-08-11;1
12005093005;2021-08-12;1
12005093005;2021-08-15;1
12005093007;2021-08-07;2
12005093007;2021-08-08;1
12005093007;2021-08-09;1
12005093007;2021-08-11;2
12005093007;2021-08-12;3
12005093007;2021-08-14;2
12005093008;2021-08-04;1
12005093008;2021-08-05;1
12005093008;2021-08-08;1
12005093008;2021-08-10;1
12005093008;2021-08-12;1
12005093008;2021-08-14;3
12005093008;2021-08-16;1
12005107006;2021-08-09;1
12005107007;2021-08-10;1
12005108002;2021-08-01;1
12005108002;2021-08-05;1
12005108003;2021-08-12;1
12005109003;2021-08-08;1
12006048001;2021-08-15;1
12006067001;2021-08-10;1
12006135001;2021-08-08;1
12010001001;2021-08-10;2
12010001001;2021-08-11;1
12010001001;2021-08-12;1
12010001001;2021-08-14;1
12010001001;2021-08-15;2
12010010001;2021-08-01;5
12010010001;2021-08-02;3
12010010001;2021-08-03;1
12010013001;2021-08-01;2
12010013001;2021-08-03;1
12010013001;2021-08-04;3
12010013001;2021-08-05;2
12010013001;2021-08-08;1
12010013001;2021-08-11;1
12010013001;2021-08-12;1
12010013001;2021-08-14;1
12010013001;2021-08-17;1
12010020001;2021-08-02;2
12010020001;2021-08-03;3
12010020001;2021-08-04;1
12010020001;2021-08-06;1
12010020001;2021-08-08;1
12010020001;2021-08-09;3
12010020001;2021-08-11;3
12010020001;2021-08-13;2
12010020001;2021-08-14;2
12010020001;2021-08-16;2
12010020001;2021-08-17;3
12010022001;2021-08-02;1
12010022001;2021-08-03;2
12010022001;2021-08-04;2
12010022001;2021-08-05;1
12010022001;2021-08-06;3
12010022001;2021-08-08;1
12010023002;2021-08-02;1
12010023002;2021-08-03;2
12010023002;2021-08-04;2
12010023002;2021-08-05;3
12010023002;2021-08-07;2
12010023002;2021-08-09;1
12010023002;2021-08-10;1
12010023002;2021-08-11;1
12010023002;2021-08-12;4
12010023002;2021-08-13;2
12010023002;2021-08-14;2
12010023002;2021-08-15;3
12010023002;2021-08-16;1
12010023002;2021-08-17;1
12010034001;2021-08-15;2
12010036001;2021-08-03;1
12010036001;2021-08-07;2
12010036001;2021-08-08;1
12010036001;2021-08-09;1
12010036001;2021-08-10;2
12010036001;2021-08-13;1
12010036001;2021-08-15;2
12010036001;2021-08-17;1
12010037001;2021-08-01;1
12010037001;2021-08-02;1
12010037001;2021-08-03;1
12010037001;2021-08-05;5
12010037001;2021-08-06;1
12010037001;2021-08-07;1
12010037001;2021-08-08;1
12010037001;2021-08-09;1
12010037001;2021-08-10;2
12010037001;2021-08-12;1
12010037001;2021-08-15;1
12010037001;2021-08-17;2
12010040001;2021-08-02;1
12010040001;2021-08-04;1
12010040001;2021-08-08;1
12010040001;2021-08-10;1
12010040001;2021-08-13;1
12010041001;2021-08-01;3
12010041001;2021-08-02;4
12010041001;2021-08-05;1
12010041001;2021-08-06;1
12010041001;2021-08-07;2
12010041001;2021-08-08;4
12010041001;2021-08-09;3
12010041001;2021-08-10;2
12010041001;2021-08-11;2
12010041001;2021-08-12;3
12010041001;2021-08-13;1
12010041001;2021-08-14;1
12010041001;2021-08-15;1
12010042001;2021-08-01;2
12010042001;2021-08-02;1
12010042001;2021-08-03;4
12010042001;2021-08-06;1
12010042001;2021-08-07;1
12010042001;2021-08-08;1
12010042001;2021-08-11;1
12010042001;2021-08-12;2
12010042001;2021-08-13;1
12010042001;2021-08-14;1
12010042001;2021-08-15;1
12010042001;2021-08-17;1
12010049001;2021-08-01;2
12010049001;2021-08-02;1
12010049001;2021-08-03;3
12010049001;2021-08-05;1
12010049001;2021-08-06;1
12010051001;2021-08-01;1
12010052001;2021-08-12;1
12010052001;2021-08-14;2
12010053001;2021-08-07;1
12010053001;2021-08-09;2
12010053001;2021-08-11;1
12010053001;2021-08-15;1
12010053001;2021-08-17;3
12010054001;2021-08-01;1
12010054001;2021-08-02;2
12010054001;2021-08-14;1
12010055001;2021-08-05;1
12010055001;2021-08-06;1
12010055001;2021-08-10;1
12010055001;2021-08-11;1
12010055001;2021-08-14;1
12010055001;2021-08-15;1
12010059001;2021-08-08;2
12010059001;2021-08-09;2
12010059001;2021-08-10;3
12010059001;2021-08-11;1
12010059001;2021-08-12;2
12010059001;2021-08-14;2
12010059001;2021-08-15;2
12010060001;2021-08-17;2
12010065001;2021-08-05;1
12010065001;2021-08-06;1
12010065001;2021-08-09;1
12010065001;2021-08-10;1
12010065001;2021-08-11;1
12010065001;2021-08-15;1
12010067001;2021-08-03;1
12010067001;2021-08-05;1
12010067001;2021-08-09;1
12010067001;2021-08-10;1
12010067001;2021-08-11;1
12010067001;2021-08-15;1
12010068001;2021-08-02;2
12010068001;2021-08-05;1
12010068001;2021-08-06;2
12010068001;2021-08-07;1
12010068001;2021-08-09;1
12010068001;2021-08-10;2
12010068001;2021-08-11;1
12010068001;2021-08-13;1
12010068001;2021-08-14;1
12010068001;2021-08-15;1
12010071001;2021-08-14;1
12010071001;2021-08-15;3
12010071001;2021-08-17;3
12010074001;2021-08-02;1
12010074001;2021-08-04;1
12010074001;2021-08-06;1
12010074001;2021-08-09;2
12010074001;2021-08-13;2
12010074001;2021-08-17;1
12010077001;2021-08-02;2
12010077001;2021-08-03;1
12010077001;2021-08-05;1
12010077001;2021-08-06;1
12010077001;2021-08-11;1
12010077001;2021-08-13;1
12010077001;2021-08-15;1
12010079001;2021-08-02;1
12010079001;2021-08-05;1
12010079001;2021-08-09;1
12010079001;2021-08-11;1
12010079001;2021-08-15;1
12010080001;2021-08-01;2
12010080001;2021-08-03;1
12010080001;2021-08-05;2
12010080001;2021-08-07;1
12010080001;2021-08-08;2
12010080001;2021-08-09;1
12010080001;2021-08-10;1
12010080001;2021-08-11;1
12010080001;2021-08-12;2
12010080001;2021-08-13;1
12010080001;2021-08-14;1
12010080001;2021-08-15;4
12010080001;2021-08-17;3
12010084001;2021-08-02;1
12010084001;2021-08-03;1
12010084001;2021-08-05;1
12010084001;2021-08-06;3
12010084001;2021-08-11;1
12010084001;2021-08-13;2
12010084001;2021-08-15;2
12010106001;2021-08-03;1
12010106001;2021-08-06;1
12010106001;2021-08-09;1
12010106001;2021-08-13;1
12010106001;2021-08-14;1
12010106001;2021-08-15;1
12010107001;2021-08-08;1
12010110001;2021-08-01;4
12010110001;2021-08-02;3
12010110001;2021-08-03;3
12010110001;2021-08-04;2
12010110001;2021-08-05;3
12010110001;2021-08-06;4
12010110001;2021-08-07;3
12010110001;2021-08-08;3
12010110001;2021-08-09;2
12010110001;2021-08-10;3
12010110001;2021-08-11;3
12010110001;2021-08-12;2
12010110001;2021-08-14;4
12010110001;2021-08-15;4
12010110001;2021-08-16;3
12010110001;2021-08-17;4
12010113001;2021-08-01;1
12010113001;2021-08-02;1
12010113001;2021-08-06;1
12010113001;2021-08-09;2
12010113001;2021-08-15;1
12010113001;2021-08-16;1
12010118001;2021-08-07;1
12010118001;2021-08-13;1
12010118001;2021-08-14;1
12010118001;2021-08-15;1
12010119001;2021-08-12;1
12010123001;2021-08-01;2
12010123001;2021-08-10;1
12010124001;2021-08-01;2
12010124001;2021-08-06;1
12010124001;2021-08-17;1
12010137001;2021-08-01;4
12010137001;2021-08-02;1
12010137001;2021-08-03;3
12010137001;2021-08-04;12
12010137001;2021-08-05;7
12010137001;2021-08-06;1
12010137001;2021-08-07;1
12010137001;2021-08-08;1
12010137001;2021-08-09;2
12010137001;2021-08-10;1
12010137001;2021-08-11;1
12010137001;2021-08-13;1
12010137001;2021-08-14;1
12010137001;2021-08-15;4
12010137001;2021-08-17;2
12010144001;2021-08-01;1
12010144001;2021-08-02;1
12010144001;2021-08-04;1
12010144001;2021-08-05;2
12010144001;2021-08-06;1
12010144001;2021-08-07;1
12010144001;2021-08-10;1
12010144001;2021-08-11;1
12010144001;2021-08-12;1
12010144001;2021-08-13;2
12010144001;2021-08-15;1
12010144001;2021-08-17;1
12010145001;2021-08-02;1
12010145001;2021-08-03;2
12010145001;2021-08-06;2
12010145001;2021-08-11;1
12010149001;2021-08-13;1
12010153001;2021-08-05;1
12010153001;2021-08-06;1
12010153001;2021-08-13;1
12010156001;2021-08-13;1
12010161001;2021-08-09;1
12010161001;2021-08-10;1
12010163001;2021-08-02;1
12010163001;2021-08-06;1
12010163001;2021-08-10;1
12010163001;2021-08-11;1
12010163001;2021-08-12;2
12010163001;2021-08-14;1
12010171001;2021-08-05;1
12010171001;2021-08-12;1
12010171001;2021-08-14;1
12010171001;2021-08-15;1
12010172001;2021-08-08;1
12010172001;2021-08-10;1
12010172001;2021-08-13;1
12010172001;2021-08-16;1
12010173001;2021-08-05;1
12010173001;2021-08-06;1
12010173001;2021-08-09;1
12010173001;2021-08-10;1
12010173001;2021-08-12;1
12010175001;2021-08-13;1
12010176001;2021-08-14;1
12010180001;2021-08-06;1
12010192001;2021-08-03;1
12010192001;2021-08-04;1
12010192001;2021-08-06;2
12010192001;2021-08-08;1
12010192001;2021-08-09;1
12010192001;2021-08-10;1
12010192001;2021-08-11;1
12010192001;2021-08-12;1
12010192001;2021-08-13;1
12010192001;2021-08-14;2
12010192001;2021-08-15;3
12010193001;2021-08-13;1
12010198001;2021-08-01;2
12010198001;2021-08-02;2
12010198001;2021-08-04;1
12010198001;2021-08-05;1
12010198001;2021-08-06;2
12010198001;2021-08-09;1
12010198001;2021-08-11;2
12010198001;2021-08-12;1
12010198001;2021-08-13;1
12010198001;2021-08-15;1
12010200001;2021-08-06;1
12010206001;2021-08-13;1
12010214001;2021-08-12;1
12010234001;2021-08-01;3
12010234001;2021-08-02;1
12010234001;2021-08-03;1
12010234001;2021-08-04;2
12010234001;2021-08-05;3
12010234001;2021-08-07;1
12010234001;2021-08-08;2
12010234001;2021-08-09;5
12010234001;2021-08-10;2
12010234001;2021-08-11;4
12010234001;2021-08-13;1
12010234001;2021-08-15;7
12010234001;2021-08-17;2
12010263001;2021-08-01;1
12010263001;2021-08-10;1
12011003001;2021-08-04;1
12011003001;2021-08-05;3
12011003001;2021-08-06;1
12011003001;2021-08-10;2
12011003001;2021-08-17;1
12011005001;2021-08-05;1
12011005001;2021-08-12;2
12011005001;2021-08-14;3
12011005001;2021-08-16;1
12011018001;2021-08-01;1
12011018001;2021-08-02;1
12011018001;2021-08-04;1
12011018001;2021-08-05;1
12011018001;2021-08-07;1
12011018001;2021-08-08;2
12011018001;2021-08-13;1
12011022001;2021-08-01;1
12011022001;2021-08-05;3
12011022001;2021-08-06;1
12011022001;2021-08-08;1
12011022001;2021-08-09;1
12011022001;2021-08-10;1
12011022001;2021-08-12;1
12011022001;2021-08-15;2
12011022001;2021-08-17;1
12011033001;2021-08-05;1
12011033001;2021-08-06;2
12011033001;2021-08-07;1
12011033001;2021-08-08;4
12011033001;2021-08-09;2
12011033001;2021-08-10;9
12011033001;2021-08-11;4
12011033001;2021-08-12;4
12011033001;2021-08-13;5
12011033001;2021-08-14;7
12011033001;2021-08-15;3
12011033001;2021-08-16;1
12011033001;2021-08-17;1
12011034001;2021-08-07;1
12011034001;2021-08-10;1
12011038001;2021-08-01;1
12011042001;2021-08-02;1
12011042001;2021-08-04;1
12011042001;2021-08-06;1
12011042001;2021-08-07;1
12011042001;2021-08-08;1
12011042001;2021-08-14;1
12011042001;2021-08-15;2
12011042001;2021-08-16;1
12011047001;2021-08-02;1
12011050001;2021-08-02;1
12011050001;2021-08-17;1
12011051001;2021-08-03;1
12011051001;2021-08-06;1
12011051001;2021-08-10;2
12011051001;2021-08-14;1
12011056001;2021-08-01;2
12011056001;2021-08-03;3
12011056001;2021-08-04;1
12011056001;2021-08-08;1
12011056001;2021-08-12;3
12011060001;2021-08-01;1
12011060001;2021-08-03;1
12011060001;2021-08-14;2
12011061001;2021-08-06;1
12011062001;2021-08-03;1
12011062001;2021-08-04;1
12011062001;2021-08-06;1
12011062001;2021-08-10;1
12011062001;2021-08-14;1
12011062001;2021-08-15;1
12011062001;2021-08-16;1
12011065001;2021-08-01;1
12011065001;2021-08-03;1
12011065001;2021-08-04;3
12011065001;2021-08-05;2
12011065001;2021-08-06;1
12011065001;2021-08-12;2
12011065001;2021-08-13;3
12011065001;2021-08-14;1
12011065001;2021-08-16;2
12011065001;2021-08-17;1
12011068001;2021-08-01;1
12011068001;2021-08-09;2
12011068001;2021-08-10;1
12011068001;2021-08-11;1
12011068001;2021-08-13;2
12011068001;2021-08-14;1
12011069001;2021-08-04;1
12011069001;2021-08-05;2
12011069001;2021-08-06;1
12011069001;2021-08-07;1
12011069001;2021-08-09;1
12011069001;2021-08-10;1
12011069001;2021-08-11;1
12011069001;2021-08-14;1
12011074001;2021-08-08;1
12011074001;2021-08-10;1
12011074001;2021-08-17;1
12011075001;2021-08-01;2
12011075001;2021-08-02;4
12011075001;2021-08-03;3
12011075001;2021-08-04;3
12011075001;2021-08-05;1
12011075001;2021-08-06;3
12011075001;2021-08-09;1
12011075001;2021-08-10;5
12011075001;2021-08-11;3
12011075001;2021-08-12;2
12011075001;2021-08-13;2
12011075001;2021-08-14;1
12011075001;2021-08-15;1
12011075001;2021-08-17;1
12011084001;2021-08-01;3
12011084001;2021-08-09;1
12011084001;2021-08-11;1
12011084001;2021-08-13;1
12011084001;2021-08-14;1
12011084001;2021-08-15;1
12011085001;2021-08-01;5
12011085001;2021-08-02;1
12011085001;2021-08-03;1
12011085001;2021-08-04;1
12011085001;2021-08-05;1
12011085001;2021-08-06;2
12011085001;2021-08-08;1
12011085001;2021-08-09;1
12011085001;2021-08-10;1
12011085001;2021-08-11;1
12011085001;2021-08-12;1
12011085001;2021-08-13;1
12011085001;2021-08-14;3
12011085001;2021-08-15;1
12011088001;2021-08-06;1
12011088001;2021-08-12;1
12011096001;2021-08-01;1
12011096001;2021-08-05;1
12011100001;2021-08-01;1
12011100001;2021-08-03;1
12011102001;2021-08-05;2
12011102001;2021-08-06;2
12011102001;2021-08-08;1
12011102001;2021-08-13;1
12011102001;2021-08-14;1
12011102001;2021-08-15;1
12011103001;2021-08-13;1
12011109001;2021-08-01;4
12011109001;2021-08-03;2
12011109001;2021-08-05;3
12011109001;2021-08-06;1
12011109001;2021-08-08;1
12011109001;2021-08-11;1
12011109001;2021-08-12;1
12011109001;2021-08-14;1
12011109001;2021-08-16;1
12011111001;2021-08-03;1
12011111001;2021-08-13;1
12011111001;2021-08-17;1
12011117001;2021-08-08;2
12011117001;2021-08-14;2
12011118001;2021-08-13;1
12011118001;2021-08-17;1
12011120001;2021-08-05;1
12011120001;2021-08-11;1
12011131001;2021-08-14;1
12011133001;2021-08-13;1
12011134001;2021-08-17;1
12011136001;2021-08-02;1
12011136001;2021-08-06;2
12011136001;2021-08-09;2
12011136001;2021-08-10;1
12011136001;2021-08-13;1
12011136001;2021-08-14;2
12011136001;2021-08-15;1
12011139001;2021-08-07;1
12011139001;2021-08-14;1
12011142001;2021-08-12;1
12011144001;2021-08-11;1
12011144001;2021-08-12;1
12011144001;2021-08-15;3
12011144001;2021-08-16;1
12011144001;2021-08-17;1
12011150001;2021-08-01;1
12011150001;2021-08-05;1
12011150001;2021-08-12;1
12011150001;2021-08-14;1
12011150001;2021-08-15;1
12011152001;2021-08-04;1
12011152001;2021-08-14;1
12011153001;2021-08-03;1
12011153001;2021-08-15;1
12011158002;2021-08-05;1
12011158002;2021-08-12;1
12011158002;2021-08-13;1
12011158002;2021-08-14;2
12011158002;2021-08-16;1
12011163001;2021-08-01;4
12011163001;2021-08-02;1
12011163001;2021-08-05;1
12011163001;2021-08-14;1
12011168001;2021-08-05;1
12011168001;2021-08-06;2
12011168001;2021-08-07;1
12011168001;2021-08-09;3
12011168001;2021-08-10;1
12011168001;2021-08-11;5
12011168001;2021-08-12;5
12011168001;2021-08-13;3
12011168001;2021-08-14;5
12011168001;2021-08-15;4
12011168001;2021-08-16;1
12011168001;2021-08-17;1
12011169001;2021-08-10;1
12011169001;2021-08-12;4
12011169001;2021-08-14;1
12011169001;2021-08-15;1
12011169001;2021-08-17;2
12011171001;2021-08-01;2
12011171001;2021-08-12;1
12011172001;2021-08-03;2
12011172001;2021-08-08;2
12011172001;2021-08-10;1
12011172001;2021-08-11;1
12011173001;2021-08-02;1
12011174001;2021-08-01;1
12011178001;2021-08-08;1
12011178001;2021-08-15;1
12011179001;2021-08-03;1
12011179001;2021-08-12;1
12011179001;2021-08-13;1
12011182001;2021-08-04;1
12011182001;2021-08-15;1
12011184001;2021-08-06;1
12011184001;2021-08-09;2
12011184001;2021-08-14;1
12011184001;2021-08-15;1
12011184001;2021-08-17;1
12011186001;2021-08-06;1
12011186001;2021-08-10;1
12011189001;2021-08-01;2
12011189001;2021-08-02;1
12011189001;2021-08-03;1
12011189001;2021-08-06;1
12011189001;2021-08-08;1
12011189001;2021-08-11;1
12011189001;2021-08-12;1
12011189001;2021-08-13;1
12011189001;2021-08-16;1
12011189001;2021-08-17;1
12011196001;2021-08-06;1
12011196001;2021-08-10;2
12011196001;2021-08-14;1
12011199001;2021-08-01;2
12011199001;2021-08-02;1
12011199001;2021-08-04;1
12011199001;2021-08-05;2
12011199001;2021-08-06;2
12011199001;2021-08-07;3
12011199001;2021-08-08;1
12011199001;2021-08-14;2
12011199001;2021-08-16;2
12011199001;2021-08-17;1
12011204001;2021-08-17;1
12011210001;2021-08-01;3
12011210001;2021-08-02;1
12011210001;2021-08-03;1
12011210001;2021-08-04;1
12011210001;2021-08-06;1
12011210001;2021-08-11;1
12011213001;2021-08-08;2
12011213001;2021-08-15;1
12011213001;2021-08-17;1
12011215001;2021-08-01;1
12011215001;2021-08-03;2
12011215001;2021-08-07;1
12011215001;2021-08-08;1
12011215001;2021-08-09;2
12011215001;2021-08-11;1
12011216001;2021-08-17;1
12011220001;2021-08-11;1
12011220001;2021-08-13;1
12011221001;2021-08-10;1
12011221001;2021-08-12;1
12011221001;2021-08-14;2
12011221001;2021-08-17;1
12011226001;2021-08-05;1
12011226001;2021-08-11;1
12011230001;2021-08-04;1
12011230001;2021-08-07;2
12011230001;2021-08-09;1
12011230001;2021-08-12;1
12011230001;2021-08-13;1
12011230001;2021-08-15;1
12011230001;2021-08-16;1
12011231001;2021-08-10;1
12011231001;2021-08-17;1
12011235001;2021-08-01;1
12011235001;2021-08-02;1
12011235001;2021-08-08;1
12011235001;2021-08-13;1
12011237001;2021-08-01;1
12011237001;2021-08-02;1
12011237001;2021-08-04;2
12011237001;2021-08-05;2
12011237001;2021-08-06;4
12011237001;2021-08-07;1
12011237001;2021-08-10;1
12011237001;2021-08-13;2
12011237001;2021-08-16;1
12011237001;2021-08-17;1
12011243001;2021-08-06;1
12011243001;2021-08-07;1
12011243001;2021-08-10;1
12011243001;2021-08-12;1
12011244001;2021-08-01;2
12011244001;2021-08-02;2
12011244001;2021-08-04;1
12011244001;2021-08-09;1
12011244001;2021-08-12;1
12011244001;2021-08-15;1
12011244001;2021-08-16;1
12011247001;2021-08-01;1
12011247001;2021-08-11;1
12011251001;2021-08-02;1
12011251001;2021-08-05;1
12011251001;2021-08-13;1
12011251001;2021-08-17;1
12011252001;2021-08-01;1
12011252001;2021-08-03;1
12011252001;2021-08-05;2
12011252001;2021-08-09;2
12011252001;2021-08-10;1
12011252001;2021-08-11;1
12011252001;2021-08-12;2
12011252001;2021-08-14;1
12011252001;2021-08-16;1
12011254001;2021-08-01;3
12011254001;2021-08-03;1
12011254001;2021-08-05;1
12011254001;2021-08-06;2
12011254001;2021-08-08;1
12011254001;2021-08-09;1
12011254001;2021-08-11;1
12011254001;2021-08-12;1
12011254001;2021-08-13;2
12011254001;2021-08-14;1
12011254001;2021-08-15;3
12011255001;2021-08-01;1
12011255001;2021-08-03;1
12011255001;2021-08-04;1
12011255001;2021-08-05;1
12011255001;2021-08-06;1
12011255001;2021-08-09;1
12011255001;2021-08-10;1
12011255001;2021-08-11;1
12011255001;2021-08-13;1
12011255001;2021-08-14;1
12011255001;2021-08-15;1
12011257001;2021-08-05;2
12011257001;2021-08-09;1
12011257001;2021-08-12;1
12011257001;2021-08-13;1
12011257001;2021-08-16;1
12011262001;2021-08-02;1
12011262001;2021-08-03;1
12011262001;2021-08-06;1
12011262001;2021-08-07;1
12011262001;2021-08-09;1
12011263001;2021-08-11;1
12011263001;2021-08-12;1
12011263001;2021-08-14;2
12011264001;2021-08-13;1
12011264001;2021-08-14;1
12011264001;2021-08-15;1
12011264001;2021-08-16;1
12011265001;2021-08-17;1
12011267001;2021-08-03;1
12011267001;2021-08-08;1
12011267001;2021-08-10;1
12011268001;2021-08-01;1
12011268001;2021-08-04;1
12011268001;2021-08-05;3
12011268001;2021-08-07;1
12011268001;2021-08-08;1
12011268001;2021-08-10;1
12011268001;2021-08-12;2
12011268001;2021-08-13;1
12011268001;2021-08-15;2
12011275001;2021-08-06;3
12011275001;2021-08-10;1
12011276001;2021-08-04;1
12011276001;2021-08-11;1
12011276001;2021-08-13;1
12011277001;2021-08-01;5
12011277001;2021-08-02;2
12011277001;2021-08-03;2
12011277001;2021-08-04;3
12011277001;2021-08-05;4
12011277001;2021-08-06;3
12011277001;2021-08-07;1
12011277001;2021-08-08;2
12011277001;2021-08-09;2
12011277001;2021-08-11;2
12011277001;2021-08-12;1
12011277001;2021-08-14;1
12011277001;2021-08-15;2
12011291001;2021-08-07;1
12011291001;2021-08-08;1
12011291001;2021-08-13;1
12011291001;2021-08-15;1
12011291001;2021-08-16;1
12011299001;2021-08-01;2
12011299001;2021-08-10;1
12011299001;2021-08-12;1
12011299001;2021-08-13;1
12011299001;2021-08-14;2
12011299001;2021-08-15;2
12011299001;2021-08-17;3
12011304001;2021-08-01;1
12011304001;2021-08-05;1
12011304001;2021-08-14;2
12011304001;2021-08-17;1
12011308001;2021-08-04;1
12011308001;2021-08-06;1
12011308001;2021-08-12;1
12011308001;2021-08-14;1
12011310001;2021-08-06;1
12011310001;2021-08-09;1
12011310001;2021-08-14;1
12011310001;2021-08-15;1
12011329001;2021-08-07;1
12011329001;2021-08-09;1
12011329001;2021-08-10;1
12011333001;2021-08-03;1
12011333001;2021-08-04;1
12011333001;2021-08-07;1
12011333001;2021-08-10;1
12011333001;2021-08-13;1
12011333001;2021-08-14;2
12011333001;2021-08-15;1
12011333001;2021-08-16;1
12011333001;2021-08-17;1
12011334001;2021-08-01;2
12011334001;2021-08-02;1
12011334001;2021-08-04;2
12011334001;2021-08-09;1
12011334001;2021-08-12;2
12011334001;2021-08-14;2
12011337001;2021-08-16;1
12011339001;2021-08-17;1
12011342001;2021-08-03;1
12011345001;2021-08-05;1
12011345001;2021-08-17;1
12011347001;2021-08-02;1
12011347001;2021-08-09;1
12011347001;2021-08-13;1
12011347001;2021-08-14;1
12011347001;2021-08-17;1
12011349001;2021-08-03;1
12011349001;2021-08-04;1
12011349001;2021-08-06;1
12011349001;2021-08-09;1
12011349001;2021-08-12;2
12011349001;2021-08-15;1
12011349001;2021-08-17;1
12011351001;2021-08-05;1
12011351001;2021-08-10;1
12011354001;2021-08-01;2
12011354001;2021-08-04;2
12011354001;2021-08-07;1
12011354001;2021-08-10;1
12011354001;2021-08-14;1
12011354001;2021-08-15;1
12011354001;2021-08-17;1
12011355001;2021-08-01;1
12011355001;2021-08-14;1
12011357001;2021-08-08;1
12011358001;2021-08-10;1
12011360001;2021-08-12;1
12011362001;2021-08-08;1
12011362001;2021-08-17;1
12011367001;2021-08-05;1
12011367001;2021-08-12;1
12011367001;2021-08-15;1
12011373001;2021-08-03;1
12011373001;2021-08-10;1
12011373001;2021-08-12;1
12011374001;2021-08-09;1
12011374001;2021-08-10;1
12011374001;2021-08-12;2
12011374001;2021-08-13;1
12011374001;2021-08-15;1
12011374001;2021-08-17;1
12011376001;2021-08-05;1
12011376001;2021-08-06;1
12011376001;2021-08-13;1
12011386001;2021-08-06;1
12011398001;2021-08-03;1
12011398001;2021-08-06;1
12011398001;2021-08-12;1
12011398001;2021-08-14;1
12011398001;2021-08-15;1
12011400001;2021-08-01;2
12011400001;2021-08-03;1
12011400001;2021-08-05;2
12011400001;2021-08-07;1
12011400001;2021-08-08;1
12011400001;2021-08-09;1
12011400001;2021-08-10;2
12011400001;2021-08-11;2
12011400001;2021-08-14;2
12011400001;2021-08-15;2
12011400001;2021-08-16;1
12011400001;2021-08-17;1
12011402001;2021-08-01;1
12011402001;2021-08-09;1
12011402001;2021-08-15;1
12011403001;2021-08-05;2
12011403001;2021-08-10;1
12011403001;2021-08-11;1
12011409001;2021-08-01;1
12011409001;2021-08-03;1
12011409001;2021-08-08;2
12011409001;2021-08-10;2
12011409001;2021-08-11;1
12011409001;2021-08-13;1
12011409001;2021-08-14;1
12011409001;2021-08-15;1
12011417001;2021-08-09;1
12011433001;2021-08-17;1
12011439001;2021-08-07;1
12011439001;2021-08-10;1
12011439001;2021-08-14;1
12011451001;2021-08-03;1
12011451001;2021-08-04;1
12011466001;2021-08-01;1
12011466001;2021-08-09;1
12011473001;2021-08-01;3
12011473001;2021-08-09;1
12011473001;2021-08-10;1
12011473001;2021-08-11;1
12011473001;2021-08-12;2
12011473001;2021-08-13;2
12011473001;2021-08-15;1
12011473001;2021-08-16;1
12011477001;2021-08-04;1
12011477001;2021-08-09;1
12011477001;2021-08-11;1
12011479001;2021-08-16;1
12011489001;2021-08-04;1
12011489001;2021-08-05;1
12011999001;2021-08-09;1
12011999001;2021-08-15;1
12012012001;2021-08-07;1
12012022001;2021-08-07;1
12012022001;2021-08-08;1
12012022001;2021-08-10;1
12012022001;2021-08-13;1
12012022001;2021-08-17;1
12012045001;2021-08-10;2
12012045001;2021-08-11;1
12012072001;2021-08-01;1
12012072001;2021-08-02;1
12012098001;2021-08-02;1
12012098001;2021-08-04;1
12012098001;2021-08-14;1
12012118001;2021-08-10;1
12012120001;2021-08-03;1
12012120001;2021-08-10;2
12012164001;2021-08-06;1
12012164001;2021-08-08;1
12012164001;2021-08-14;1
12012164001;2021-08-15;3
12012165001;2021-08-09;1
12012169001;2021-08-15;1
12012169001;2021-08-16;1
12012170001;2021-08-16;1
12012171001;2021-08-14;1
12012196001;2021-08-01;1
12012196001;2021-08-02;2
12012196001;2021-08-13;1
12012928001;2021-08-08;1
12012928001;2021-08-14;1
12012969001;2021-08-11;1
12012969001;2021-08-14;1
12012984001;2021-08-12;1
12012984001;2021-08-15;1
12014004001;2021-08-02;1
12014004001;2021-08-04;1
12014004001;2021-08-14;1
12014004001;2021-08-16;1
12014022001;2021-08-14;1
12014035001;2021-08-03;1
12014035001;2021-08-08;1
12014035001;2021-08-10;1
12014035001;2021-08-11;1
12016005001;2021-08-01;1
12016005001;2021-08-08;1
12016077001;2021-08-07;1
12016077001;2021-08-09;1
12016077001;2021-08-11;1
12016077001;2021-08-16;1
12016078001;2021-08-02;1
12016078001;2021-08-12;1
12016079001;2021-08-03;1
12016079001;2021-08-05;1
12016079001;2021-08-06;1
12016099001;2021-08-08;1
12016099001;2021-08-09;1
12016099001;2021-08-16;1
12016106001;2021-08-12;1
12016111001;2021-08-02;1
12016111001;2021-08-03;1
12016111001;2021-08-12;1
12016111001;2021-08-14;2
12016114001;2021-08-12;1
12016139001;2021-08-16;1
12017009001;2021-08-03;1
12017009001;2021-08-07;1
12017009001;2021-08-14;1
12017009001;2021-08-17;1
12017016001;2021-08-01;1
12017016001;2021-08-03;1
12017016001;2021-08-10;1
12017017001;2021-08-14;1
12017018001;2021-08-14;1
12017019001;2021-08-01;1
12017019001;2021-08-03;1
12017019001;2021-08-06;1
12017040001;2021-08-01;1
12017040001;2021-08-08;1
12017040001;2021-08-11;1
12020003001;2021-08-06;2
12020003001;2021-08-09;1
12020003001;2021-08-15;1
12020003001;2021-08-17;1
12020005003;2021-08-14;1
12020008001;2021-08-10;1
12020020001;2021-08-01;1
12020020001;2021-08-08;2
12020021001;2021-08-01;1
12020026001;2021-08-02;1
12020026001;2021-08-08;1
12020028001;2021-08-02;1
12020028001;2021-08-03;2
12020028001;2021-08-04;1
12020028001;2021-08-08;1
12020028001;2021-08-09;1
12020028001;2021-08-10;1
12020028001;2021-08-12;1
12020028001;2021-08-13;1
12020028001;2021-08-15;1
12020028001;2021-08-16;1
12020035001;2021-08-01;1
12020035001;2021-08-07;1
12020035001;2021-08-09;1
12020035001;2021-08-11;1
12020035001;2021-08-12;1
12020035001;2021-08-13;1
12020035001;2021-08-17;1
12020036001;2021-08-02;1
12020036001;2021-08-03;1
12020036001;2021-08-08;2
12020036001;2021-08-09;1
12020036001;2021-08-11;1
12020036001;2021-08-15;1
12020045001;2021-08-15;1
12020045001;2021-08-16;1
12020046001;2021-08-06;1
12020046001;2021-08-09;1
12020050001;2021-08-13;1
12020051001;2021-08-06;1
12020057001;2021-08-07;1
12020057001;2021-08-10;2
12020068001;2021-08-08;1
12020068001;2021-08-12;3
12020068001;2021-08-13;2
12020068001;2021-08-15;1
12020068001;2021-08-17;1
12020070001;2021-08-08;1
12020078001;2021-08-08;1
12020078001;2021-08-14;1
12020089001;2021-08-02;1
12020089001;2021-08-09;1
12020093001;2021-08-01;1
12020093001;2021-08-02;1
12020093001;2021-08-05;1
12020093001;2021-08-08;2
12020093001;2021-08-09;1
12020093001;2021-08-11;1
12020093001;2021-08-12;1
12020093001;2021-08-13;1
12020101001;2021-08-01;1
12020133001;2021-08-04;1
12020133001;2021-08-05;2
12020133001;2021-08-08;1
12020133001;2021-08-09;1
12020138001;2021-08-15;1
12020141001;2021-08-02;1
12020141001;2021-08-05;1
12020141001;2021-08-06;1
12020141001;2021-08-07;1
12020141001;2021-08-11;1
12020141001;2021-08-16;1
12020164001;2021-08-03;1
12020164001;2021-08-11;1
12020165001;2021-08-01;1
12020165001;2021-08-06;2
12020165001;2021-08-07;2
12020165001;2021-08-08;1
12020165001;2021-08-11;3
12020165001;2021-08-14;2
12020165001;2021-08-17;1
12020166001;2021-08-06;1
12020175001;2021-08-07;1
12020189001;2021-08-05;1
12020196001;2021-08-09;1
12020196001;2021-08-10;1
12020196001;2021-08-15;1
12020203001;2021-08-08;2
12020217001;2021-08-05;1
12020221001;2021-08-07;1
12020222001;2021-08-05;2
12020225001;2021-08-08;1
12020225001;2021-08-09;1
12020225001;2021-08-11;2
12020225001;2021-08-12;2
12020225001;2021-08-15;1
12020225001;2021-08-17;3
12020232001;2021-08-02;1
12020232001;2021-08-03;3
12020232001;2021-08-04;2
12020232001;2021-08-06;3
12020232001;2021-08-08;4
12020232001;2021-08-09;2
12020232001;2021-08-10;2
12020232001;2021-08-12;1
12020232001;2021-08-13;2
12020232001;2021-08-14;2
12020232001;2021-08-15;2
12020237001;2021-08-05;1
12020237001;2021-08-13;1
12020240001;2021-08-08;1
12020240001;2021-08-13;1
12020240001;2021-08-14;2
12020240001;2021-08-15;2
12020242001;2021-08-04;1
12020242001;2021-08-16;1
12020253001;2021-08-06;1
12020253001;2021-08-14;1
12020260001;2021-08-15;1
12020266001;2021-08-02;1
12020271001;2021-08-16;1
12020282001;2021-08-08;1
12020282001;2021-08-13;1
12020283001;2021-08-08;1
12020312001;2021-08-11;1
12020325001;2021-08-03;1
12020325001;2021-08-04;1
12020325001;2021-08-05;1
12020326001;2021-08-01;1
12020326001;2021-08-02;1
12020326001;2021-08-05;1
12020326001;2021-08-08;1
12020326001;2021-08-14;1
12020344001;2021-08-03;2
12020344001;2021-08-05;1
12020344001;2021-08-08;1
12020344001;2021-08-10;2
12020344001;2021-08-12;2
12020344001;2021-08-13;5
12020344001;2021-08-15;4
12020362001;2021-08-03;1
12020362001;2021-08-17;1
12020372001;2021-08-01;1
12020372001;2021-08-05;1
12020372001;2021-08-16;1
12020383001;2021-08-03;1
12020383001;2021-08-07;1
12020383001;2021-08-08;1
12020383001;2021-08-10;1
12020383001;2021-08-16;1
12020416001;2021-08-05;1
12020416001;2021-08-07;1
12020423001;2021-08-03;1
12020423001;2021-08-04;1
12020423001;2021-08-09;1
12020437001;2021-08-04;1
12020471001;2021-08-05;1
12020473001;2021-08-01;1
12020473001;2021-08-02;1
12020473001;2021-08-03;1
12020473001;2021-08-04;2
12020473001;2021-08-05;1
12020473001;2021-08-06;1
12020473001;2021-08-07;2
12020473001;2021-08-08;3
12020473001;2021-08-12;3
12020473001;2021-08-13;1
12020473001;2021-08-14;2
12020473001;2021-08-15;1
12020473001;2021-08-16;1
12020473001;2021-08-17;1
12020485001;2021-08-01;1
12020485001;2021-08-03;1
12020485001;2021-08-04;1
12020485001;2021-08-05;1
12020485001;2021-08-06;1
12020485001;2021-08-09;1
12020485001;2021-08-10;2
12020485001;2021-08-11;1
12020485001;2021-08-12;1
12020485001;2021-08-15;3
12020498001;2021-08-06;2
12020498001;2021-08-10;1
12020498001;2021-08-15;1
12020901001;2021-08-01;1
12020901001;2021-08-03;2
12020901001;2021-08-05;1
12020920001;2021-08-03;1
12020920001;2021-08-06;1
12020920001;2021-08-14;1
12020923001;2021-08-01;2
12020923001;2021-08-14;1
12020926001;2021-08-12;1
12020927001;2021-08-11;1
12020956001;2021-08-12;1
12020961001;2021-08-10;1
12020961001;2021-08-13;1
12020965001;2021-08-15;1
12020965001;2021-08-17;1
12021028001;2021-08-15;2
12021042001;2021-08-17;1
12021052001;2021-08-11;1
12021923001;2021-08-05;2
12021969001;2021-08-02;1
12021969001;2021-08-17;1
12022005001;2021-08-02;1
12022008001;2021-08-08;1
12022027001;2021-08-10;1
12022043001;2021-08-01;2
12022043001;2021-08-02;1
12022043001;2021-08-03;1
12022043001;2021-08-17;1
12022047001;2021-08-06;2
12022096001;2021-08-01;1
12022096001;2021-08-02;1
12022096001;2021-08-03;2
12022096001;2021-08-06;1
12022109001;2021-08-02;1
12022109001;2021-08-14;1
12022109001;2021-08-15;1
12022153001;2021-08-15;2
12022184001;2021-08-02;1
12022184001;2021-08-04;1
12022224001;2021-08-06;1
12022275001;2021-08-05;1
12023079001;2021-08-14;1
12023093001;2021-08-06;1
12023125001;2021-08-05;1
12023195001;2021-08-08;1
12023202001;2021-08-09;1
12023227001;2021-08-11;1
12023263001;2021-08-12;1
12023278001;2021-08-01;1
12023463001;2021-08-07;1
12023463001;2021-08-08;1
12031016001;2021-08-02;1
12032035001;2021-08-10;1
12032072001;2021-08-02;1
12032121001;2021-08-06;1
12032227001;2021-08-07;1
12032227001;2021-08-10;1
12032540001;2021-08-17;1
12032541001;2021-08-12;2
12034025001;2021-08-14;1
12034051001;2021-08-06;1
12034051001;2021-08-08;2
12034053001;2021-08-03;1
12034053001;2021-08-06;1
12034053001;2021-08-09;1
12034063001;2021-08-05;1
12034071001;2021-08-08;1
12034075001;2021-08-01;2
12034075001;2021-08-02;3
12034075001;2021-08-03;2
12034075001;2021-08-05;1
12034075001;2021-08-06;1
12034075001;2021-08-07;1
12034075001;2021-08-08;1
12034075001;2021-08-09;3
12034075001;2021-08-10;2
12034075001;2021-08-12;1
12034075001;2021-08-13;2
12034075001;2021-08-14;1
12034075001;2021-08-15;2
12034075001;2021-08-17;3
12034085001;2021-08-08;1
12034085001;2021-08-09;1
12034100001;2021-08-17;1
12034104001;2021-08-02;1
12034104001;2021-08-04;1
12034104001;2021-08-06;1
12034104001;2021-08-17;1
12034154001;2021-08-01;1
12034167001;2021-08-15;1
12034171001;2021-08-04;1
12034201001;2021-08-03;1
12034201001;2021-08-11;1
12034201001;2021-08-12;1
12034211001;2021-08-04;1
12034211001;2021-08-15;1
12100002001;2021-08-10;1
12100002001;2021-08-13;3
12100002001;2021-08-14;2
12100003001;2021-08-01;2
12100003001;2021-08-02;6
12100003001;2021-08-03;2
12100003001;2021-08-04;1
12100003001;2021-08-05;3
12100003001;2021-08-06;2
12100003001;2021-08-07;2
12100008001;2021-08-10;1
12100008001;2021-08-17;1
12100009001;2021-08-09;1
12100009001;2021-08-12;1
12100011001;2021-08-01;2
12100011001;2021-08-02;2
12100011001;2021-08-05;1
12100011001;2021-08-07;1
12100011001;2021-08-08;1
12100011001;2021-08-09;3
12100011001;2021-08-10;1
12100011001;2021-08-11;1
12100011001;2021-08-12;2
12100011001;2021-08-13;4
12100011001;2021-08-14;2
12100011001;2021-08-15;1
12100011001;2021-08-17;1
12100012001;2021-08-01;5
12100012001;2021-08-02;1
12100012001;2021-08-03;4
12100012001;2021-08-06;1
12100013001;2021-08-01;1
12100013001;2021-08-02;2
12100013001;2021-08-04;1
12100013001;2021-08-05;1
12100013001;2021-08-07;2
12100013001;2021-08-08;1
12100013001;2021-08-09;3
12100013001;2021-08-10;2
12100013001;2021-08-11;1
12100013001;2021-08-12;1
12100013001;2021-08-13;1
12100013001;2021-08-14;2
12100013001;2021-08-16;1
12100013001;2021-08-17;1
12100017001;2021-08-01;1
12100018001;2021-08-08;1
12100018001;2021-08-10;1
12100018001;2021-08-12;1
12100018001;2021-08-13;1
12100018001;2021-08-14;1
12100018001;2021-08-15;2
12100018001;2021-08-17;2
12100019001;2021-08-09;1
12100023001;2021-08-01;3
12100023001;2021-08-02;1
12100023001;2021-08-03;1
12100023001;2021-08-10;1
12100023001;2021-08-11;1
12100023001;2021-08-12;2
12100023001;2021-08-13;1
12100023001;2021-08-14;2
12100023001;2021-08-17;1
12100026001;2021-08-01;6
12100026001;2021-08-02;1
12100026001;2021-08-03;2
12100026001;2021-08-05;1
12100026001;2021-08-06;4
12100026001;2021-08-08;2
12100026001;2021-08-09;3
12100026001;2021-08-11;3
12100026001;2021-08-12;2
12100026001;2021-08-13;1
12100026001;2021-08-14;4
12100026001;2021-08-15;3
12100026001;2021-08-16;1
12100026001;2021-08-17;2
12100027001;2021-08-09;1
12100027001;2021-08-11;1
12100027001;2021-08-12;1
12100027001;2021-08-13;1
12100027001;2021-08-14;3
12100027001;2021-08-15;3
12100027001;2021-08-16;1
12100027001;2021-08-17;1
12100028001;2021-08-07;3
12100028001;2021-08-08;1
12100028001;2021-08-09;2
12100028001;2021-08-11;2
12100028001;2021-08-13;1
12100028001;2021-08-14;1
12100039001;2021-08-05;9
12100039001;2021-08-06;6
12100039001;2021-08-07;3
12100039001;2021-08-08;8
12100039001;2021-08-09;8
12100039001;2021-08-10;11
12100039001;2021-08-11;4
12100039001;2021-08-12;3
12100039001;2021-08-13;5
12100039001;2021-08-14;10
12100039001;2021-08-15;7
12100039001;2021-08-16;2
12100039001;2021-08-17;1
12100040001;2021-08-10;1
12100040001;2021-08-11;1
12100040001;2021-08-12;1
12100040001;2021-08-14;2
12100046001;2021-08-09;3
12100046001;2021-08-10;1
12100046001;2021-08-11;2
12100046001;2021-08-12;1
12100046001;2021-08-13;1
12100051001;2021-08-01;1
12100051001;2021-08-02;1
12100051001;2021-08-11;2
12100051001;2021-08-13;1
12100056001;2021-08-01;1
12100056001;2021-08-14;1
12100059001;2021-08-02;2
12100059001;2021-08-07;1
12100061001;2021-08-08;1
12100061001;2021-08-12;1
12100069001;2021-08-02;1
12100069001;2021-08-04;1
12100069001;2021-08-09;1
12100069001;2021-08-15;1
12100078001;2021-08-17;1
12100091001;2021-08-14;1
12100091001;2021-08-15;1
12100091001;2021-08-17;1
12100092001;2021-08-03;1
12100092001;2021-08-06;1
12100092001;2021-08-13;1
12100093001;2021-08-02;1
12100093001;2021-08-06;1
12100093001;2021-08-14;1
12100101001;2021-08-13;1
12100101001;2021-08-15;2
12100101001;2021-08-16;1
12100103001;2021-08-01;1
12100103001;2021-08-03;1
12100103001;2021-08-04;2
12100103001;2021-08-05;1
12101001002;2021-08-01;1
12101003001;2021-08-02;3
12101003001;2021-08-03;2
12101003001;2021-08-06;2
12101003001;2021-08-08;1
12101003001;2021-08-13;1
12101003001;2021-08-14;1
12101004001;2021-08-02;1
12101004001;2021-08-03;2
12101004001;2021-08-06;1
12101004001;2021-08-08;3
12101004001;2021-08-09;1
12101004001;2021-08-10;1
12101004001;2021-08-11;1
12101004001;2021-08-12;2
12101004001;2021-08-14;2
12101004001;2021-08-15;1
12101005001;2021-08-06;1
12101005001;2021-08-10;1
12101005001;2021-08-11;1
12101005001;2021-08-16;1
12101010001;2021-08-11;1
12101010001;2021-08-13;1
12101010001;2021-08-15;2
12101010001;2021-08-16;1
12101016001;2021-08-07;1
12101016001;2021-08-14;1
12101020001;2021-08-01;1
12101033001;2021-08-01;1
12101033001;2021-08-06;1
12101033001;2021-08-09;1
12101033001;2021-08-15;1
12101040002;2021-08-01;1
12102010001;2021-08-01;2
12102010001;2021-08-07;1
12102010001;2021-08-08;1
12102010001;2021-08-10;1
12102013001;2021-08-03;2
12102013001;2021-08-04;2
12102013001;2021-08-07;1
12102013001;2021-08-09;3
12102013001;2021-08-11;1
12102013001;2021-08-17;1
12102016001;2021-08-01;1
12102016001;2021-08-04;1
12102016001;2021-08-06;1
12102016001;2021-08-10;1
12102016001;2021-08-11;1
12102016001;2021-08-12;1
12102020001;2021-08-02;1
12102020001;2021-08-03;1
12102020001;2021-08-04;1
12102020001;2021-08-07;1
12102020001;2021-08-08;1
12102020001;2021-08-10;1
12102021001;2021-08-11;2
12102022001;2021-08-02;1
12102022001;2021-08-06;1
12102024001;2021-08-14;1
12102024001;2021-08-15;1
12102026001;2021-08-05;1
12102026001;2021-08-10;1
12102026001;2021-08-11;1
12102026001;2021-08-12;1
12102026001;2021-08-13;1
12102026001;2021-08-15;2
12102033001;2021-08-06;1
12102033001;2021-08-10;1
12102033001;2021-08-17;1
12102035001;2021-08-01;2
12102035001;2021-08-07;1
12102035001;2021-08-09;3
12102035001;2021-08-13;1
12102035001;2021-08-14;1
12102035001;2021-08-17;1
12102041001;2021-08-08;1
12102041001;2021-08-13;1
12102042001;2021-08-04;2
12102042001;2021-08-09;1
12102046001;2021-08-04;1
12102046001;2021-08-16;1
12102057001;2021-08-05;1
12102057001;2021-08-06;1
12102057001;2021-08-08;1
12102057001;2021-08-09;2
12102057001;2021-08-14;1
12102057001;2021-08-15;1
12102057001;2021-08-17;1
12102058001;2021-08-05;1
12102058001;2021-08-08;1
12102058001;2021-08-12;1
12102058001;2021-08-13;3
12102058001;2021-08-14;1
12102059001;2021-08-04;1
12102059001;2021-08-05;2
12102059001;2021-08-10;1
12102059001;2021-08-12;1
12102059001;2021-08-14;1
12102060001;2021-08-12;1
12102067001;2021-08-12;1
12102067001;2021-08-15;1
12102080001;2021-08-01;7
12102080001;2021-08-02;2
12102080001;2021-08-06;1
12102080001;2021-08-13;2
12102080001;2021-08-14;2
12102080001;2021-08-16;2
12102080001;2021-08-17;2
12102087001;2021-08-01;1
12102087001;2021-08-03;1
12102087001;2021-08-06;1
12102087001;2021-08-08;1
12102087001;2021-08-09;1
12102087001;2021-08-10;1
12102087001;2021-08-15;1
12102091001;2021-08-01;1
12102091001;2021-08-06;1
12102091001;2021-08-11;1
12102091001;2021-08-15;1
12102095001;2021-08-01;6
12102095001;2021-08-02;3
12102095001;2021-08-03;2
12102095001;2021-08-04;1
12102095001;2021-08-05;3
12102095001;2021-08-06;4
12102095001;2021-08-08;4
12102095001;2021-08-09;2
12102095001;2021-08-11;3
12102095001;2021-08-12;4
12102095001;2021-08-13;2
12102095001;2021-08-14;3
12102095001;2021-08-15;2
12102095001;2021-08-17;1
12102100001;2021-08-15;1
12102112002;2021-08-01;1
12102112002;2021-08-05;1
12102112002;2021-08-06;1
12102112002;2021-08-13;1
12102112002;2021-08-15;1
12102116001;2021-08-01;2
12102116001;2021-08-09;1
12102116001;2021-08-10;1
12102116001;2021-08-12;2
12102118001;2021-08-14;1
12102122001;2021-08-05;1
12102122001;2021-08-13;1
12102132001;2021-08-04;1
12102132001;2021-08-05;1
12102132001;2021-08-06;1
12102132001;2021-08-10;1
12102132001;2021-08-16;1
12102140001;2021-08-01;4
12102140001;2021-08-02;3
12102140001;2021-08-03;3
12102140001;2021-08-04;5
12102140001;2021-08-05;3
12102140001;2021-08-06;3
12102140001;2021-08-07;2
12102140001;2021-08-08;4
12102140001;2021-08-09;3
12102140001;2021-08-10;5
12102140001;2021-08-11;4
12102140001;2021-08-12;3
12102140001;2021-08-13;5
12102140001;2021-08-14;3
12102140001;2021-08-15;4
12102140001;2021-08-16;1
12102140001;2021-08-17;4
12102142001;2021-08-01;1
12102142001;2021-08-09;2
12102142001;2021-08-10;1
12102142001;2021-08-11;1
12102142001;2021-08-12;4
12102142001;2021-08-15;2
12102142001;2021-08-16;1
12102142001;2021-08-17;3
12102144001;2021-08-03;1
12102144001;2021-08-04;1
12102997001;2021-08-08;2
12102997001;2021-08-09;1
12103004001;2021-08-02;1
12103004001;2021-08-03;1
12103004001;2021-08-04;1
12103004001;2021-08-06;2
12103004001;2021-08-09;1
12103004001;2021-08-10;2
12103005001;2021-08-09;1
12103008001;2021-08-01;3
12103008001;2021-08-02;6
12103008001;2021-08-03;3
12103008001;2021-08-04;1
12103008001;2021-08-05;2
12103008001;2021-08-06;1
12103008001;2021-08-07;2
12103008001;2021-08-08;1
12103008001;2021-08-09;3
12103008001;2021-08-10;2
12103008001;2021-08-11;2
12103008001;2021-08-12;1
12103008001;2021-08-13;2
12103008001;2021-08-14;2
12103008001;2021-08-15;1
12103008001;2021-08-17;1
12103011001;2021-08-04;1
12103011001;2021-08-05;2
12103011001;2021-08-13;1
12103011001;2021-08-14;2
12103016001;2021-08-04;1
12103016001;2021-08-06;1
12103016001;2021-08-12;1
12103016001;2021-08-13;1
12103016001;2021-08-15;1
12103024001;2021-08-01;1
12103024001;2021-08-02;2
12103024001;2021-08-10;1
12103024001;2021-08-14;2
12103026001;2021-08-01;2
12103026001;2021-08-04;2
12103026001;2021-08-06;2
12103026001;2021-08-15;1
12103027001;2021-08-01;3
12103027001;2021-08-02;2
12103027001;2021-08-04;6
12103027001;2021-08-05;4
12103027001;2021-08-06;5
12103027001;2021-08-08;2
12103027001;2021-08-10;5
12103027001;2021-08-13;2
12103027001;2021-08-14;4
12103027001;2021-08-15;5
12103029001;2021-08-01;1
12103029001;2021-08-02;1
12103029001;2021-08-03;1
12103029001;2021-08-04;1
12103030001;2021-08-02;1
12103030001;2021-08-03;1
12103030001;2021-08-04;2
12103030001;2021-08-06;3
12103030001;2021-08-08;1
12103030001;2021-08-13;1
12103030001;2021-08-14;1
12103030001;2021-08-15;2
12103030001;2021-08-17;1
12103031001;2021-08-07;1
12103031001;2021-08-09;1
12103031001;2021-08-13;1
12103039001;2021-08-12;1
12103039001;2021-08-16;1
12103040001;2021-08-02;1
12103040001;2021-08-04;1
12103040001;2021-08-14;1
12103040001;2021-08-15;1
12103041001;2021-08-08;1
12103041001;2021-08-13;1
12103041001;2021-08-14;1
12103047001;2021-08-11;1
12103047001;2021-08-15;1
12103060001;2021-08-04;1
12103060001;2021-08-08;2
12103060001;2021-08-10;1
12103060001;2021-08-12;1
12103060001;2021-08-14;1
12103066001;2021-08-03;1
12103072001;2021-08-09;1
12103072001;2021-08-10;1
12103080001;2021-08-13;1
12103080001;2021-08-14;1
12103080001;2021-08-15;1
12103083001;2021-08-08;1
12103089001;2021-08-02;1
12103089001;2021-08-03;1
12103089001;2021-08-04;1
12103089001;2021-08-05;1
12103098001;2021-08-15;1
12103099001;2021-08-06;1
12103101001;2021-08-03;1
12103101001;2021-08-05;1
12103101001;2021-08-08;1
12103101001;2021-08-10;2
12103101001;2021-08-12;1
12103101001;2021-08-13;1
12103105001;2021-08-01;1
12103105001;2021-08-02;1
12103105001;2021-08-05;1
12103105001;2021-08-06;1
12103105001;2021-08-12;1
12103105001;2021-08-13;1
12103105001;2021-08-17;1
12103125001;2021-08-03;1
12103125001;2021-08-04;2
12103125001;2021-08-08;2
12103125001;2021-08-10;1
12103125001;2021-08-14;1
12103144001;2021-08-04;2
12103144001;2021-08-08;1
12103144001;2021-08-10;1
12103144001;2021-08-16;1
12103154001;2021-08-13;1
12103160001;2021-08-01;1
12103160001;2021-08-11;1
12103183001;2021-08-02;1
12104001001;2021-08-10;1
12104001001;2021-08-11;3
12104003001;2021-08-01;1
12104003001;2021-08-05;2
12104003001;2021-08-06;1
12104003001;2021-08-07;2
12104003001;2021-08-08;1
12104003001;2021-08-09;3
12104003001;2021-08-13;2
12104003001;2021-08-14;2
12104003001;2021-08-15;1
12104003001;2021-08-16;3
12104003001;2021-08-17;1
12104011001;2021-08-01;1
12104011001;2021-08-02;1
12104011001;2021-08-04;1
12104011001;2021-08-05;1
12104011001;2021-08-06;1
12104011001;2021-08-12;1
12104011001;2021-08-14;1
12104015001;2021-08-02;1
12104021001;2021-08-01;1
12104021001;2021-08-02;4
12104021001;2021-08-04;1
12104021001;2021-08-08;1
12104021001;2021-08-12;1
12104021001;2021-08-14;1
12104021001;2021-08-15;1
12104027001;2021-08-12;1
12105001001;2021-08-01;1
12105001001;2021-08-02;1
12105001001;2021-08-04;2
12105001001;2021-08-08;2
12105001001;2021-08-09;2
12105001001;2021-08-10;2
12105001001;2021-08-11;1
12105001001;2021-08-17;1
12105002001;2021-08-05;1
12105005001;2021-08-11;1
12105005001;2021-08-13;1
12105005001;2021-08-15;1
12105006001;2021-08-01;1
12105006001;2021-08-03;1
12105006001;2021-08-07;1
12105006001;2021-08-09;1
12105006001;2021-08-12;1
12105006001;2021-08-14;1
12105009001;2021-08-01;2
12105009001;2021-08-02;1
12105009001;2021-08-03;3
12105009001;2021-08-04;1
12105009001;2021-08-06;1
12105009001;2021-08-07;1
12105009001;2021-08-08;1
12105009001;2021-08-11;1
12105009001;2021-08-12;2
12105009001;2021-08-13;1
12105009001;2021-08-14;2
12105009001;2021-08-15;2
12105009001;2021-08-16;1
12105012001;2021-08-10;1
12105012001;2021-08-14;1
12105013001;2021-08-02;1
12105013001;2021-08-04;1
12105021001;2021-08-01;1
12105021001;2021-08-02;1
12105021001;2021-08-03;1
12105021001;2021-08-05;1
12105021001;2021-08-06;1
12105025001;2021-08-05;2
12105034001;2021-08-05;1
12105034001;2021-08-06;1
12105034001;2021-08-07;1
12105034001;2021-08-12;2
12105034001;2021-08-13;1
12105034001;2021-08-14;3
12105034001;2021-08-15;2
12105034001;2021-08-17;2
12105036001;2021-08-15;1
12105043002;2021-08-01;1
12105043002;2021-08-02;1
12105043002;2021-08-05;1
12105043002;2021-08-06;3
12105043002;2021-08-11;1
12105043002;2021-08-15;1
12105044001;2021-08-06;1
12105044001;2021-08-11;1
12105044001;2021-08-14;1
12105045001;2021-08-02;4
12105045001;2021-08-03;2
12105045001;2021-08-06;2
12105045001;2021-08-07;1
12105045001;2021-08-08;1
12105045001;2021-08-09;2
12105045001;2021-08-13;1
12105045001;2021-08-14;2
12105047001;2021-08-07;1
12105047001;2021-08-08;1
12105047001;2021-08-10;1
12105051001;2021-08-01;1
12105051001;2021-08-06;1
12105051001;2021-08-11;1
12105051001;2021-08-14;1
12105051002;2021-08-09;1
12105051002;2021-08-14;1
12105058001;2021-08-01;2
12105058001;2021-08-02;1
12105058001;2021-08-04;1
12105058001;2021-08-11;1
12105059001;2021-08-01;1
12105059001;2021-08-03;1
12105059001;2021-08-06;1
12105066001;2021-08-03;2
12105066001;2021-08-04;1
12105066001;2021-08-05;1
12105066001;2021-08-06;2
12105066001;2021-08-11;1
12105066001;2021-08-16;2
12105067001;2021-08-02;1
12105067001;2021-08-06;1
12105067001;2021-08-10;1
12105067001;2021-08-11;1
12105067001;2021-08-12;3
12105067001;2021-08-13;1
12105067001;2021-08-15;1
12105068001;2021-08-02;1
12105068001;2021-08-08;1
12105068001;2021-08-09;1
12105070001;2021-08-01;1
12105070001;2021-08-04;1
12105070001;2021-08-05;1
12105070001;2021-08-14;1
12105071001;2021-08-05;1
12105071001;2021-08-17;1
12105072001;2021-08-01;1
12105072001;2021-08-08;1
12105072001;2021-08-11;1
12105072001;2021-08-15;2
12105072001;2021-08-17;1
12106001001;2021-08-01;2
12106001001;2021-08-03;1
12106001001;2021-08-05;2
12106001001;2021-08-06;1
12106001001;2021-08-07;1
12106001001;2021-08-08;1
12106001001;2021-08-10;2
12106001001;2021-08-11;2
12106001001;2021-08-12;3
12106001001;2021-08-13;5
12106001001;2021-08-15;4
12106001001;2021-08-17;1
12106002001;2021-08-14;1
12106004001;2021-08-13;1
12106004001;2021-08-15;1
12106005001;2021-08-08;1
12106006001;2021-08-02;2
12106006001;2021-08-06;1
12106006001;2021-08-07;1
12106006001;2021-08-08;3
12106006001;2021-08-11;1
12106006001;2021-08-12;2
12106006001;2021-08-13;1
12106006001;2021-08-14;3
12106007001;2021-08-01;1
12106007001;2021-08-07;1
12106007001;2021-08-09;1
12106012001;2021-08-06;1
12106012001;2021-08-17;1
12106014001;2021-08-02;1
12106014001;2021-08-10;1
12106014001;2021-08-17;1
12106016002;2021-08-01;1
12106016002;2021-08-02;1
12106016002;2021-08-04;1
12106016002;2021-08-06;4
12106016002;2021-08-16;1
12106016002;2021-08-17;1
12106019001;2021-08-02;1
12106019001;2021-08-03;1
12106019001;2021-08-05;1
12106019001;2021-08-06;1
12106019001;2021-08-10;1
12106019001;2021-08-12;1
12106019001;2021-08-15;1
12106027001;2021-08-06;1
12106027001;2021-08-14;1
12106029001;2021-08-03;1
12106029001;2021-08-11;1
12106030001;2021-08-04;1
12106030001;2021-08-05;1
12106030001;2021-08-07;1
12106030001;2021-08-08;4
12106030001;2021-08-09;2
12106030001;2021-08-15;1
12106030001;2021-08-17;2
12106031001;2021-08-03;1
12106031001;2021-08-06;1
12106031001;2021-08-08;1
12106034001;2021-08-01;1
12106035001;2021-08-03;1
12106035001;2021-08-17;1
12106038001;2021-08-08;1
12106038001;2021-08-14;1
12106038001;2021-08-15;1
12106038001;2021-08-16;1
12106039001;2021-08-01;1
12106039001;2021-08-12;1
12106039001;2021-08-14;1
12106039001;2021-08-15;1
12106040001;2021-08-15;1
12106044001;2021-08-02;1
12106044001;2021-08-04;1
12106044001;2021-08-05;2
12106044001;2021-08-08;1
12106044001;2021-08-09;1
12106044001;2021-08-10;3
12106044001;2021-08-12;3
12106044001;2021-08-13;1
12106055001;2021-08-01;1
12106055001;2021-08-14;1
12106056001;2021-08-02;1
12106056001;2021-08-15;1
12106063001;2021-08-07;1
12106063001;2021-08-17;1
12106064001;2021-08-08;1
12106064001;2021-08-11;1
12106064001;2021-08-12;2
12106064001;2021-08-14;1
12106066001;2021-08-04;1
12106067001;2021-08-08;1
12106067001;2021-08-12;1
12106067001;2021-08-14;1
12106067001;2021-08-17;1
12106070001;2021-08-02;1
12106070001;2021-08-06;1
12106073001;2021-08-01;1
12106073001;2021-08-13;1
12106073001;2021-08-14;1
12106086001;2021-08-05;1
12106086001;2021-08-15;1
12106087001;2021-08-10;1
12106087001;2021-08-11;1
12106087001;2021-08-16;1
12106088001;2021-08-01;1
12106088001;2021-08-17;1
12106097001;2021-08-01;4
12106097001;2021-08-02;2
12106097001;2021-08-03;2
12106097001;2021-08-05;1
12106097001;2021-08-06;1
12106097001;2021-08-07;1
12106097001;2021-08-08;1
12106097001;2021-08-12;1
12106097001;2021-08-13;2
12106097001;2021-08-14;2
12106097001;2021-08-17;2
12106098001;2021-08-09;1
12106098001;2021-08-14;1
12106098001;2021-08-15;1
12106101001;2021-08-04;1
12106101001;2021-08-11;1
12106105001;2021-08-01;5
12106105001;2021-08-02;6
12106105001;2021-08-03;11
12106105001;2021-08-04;6
12106105001;2021-08-05;5
12106105001;2021-08-06;5
12106105001;2021-08-07;3
12106105001;2021-08-08;9
12106105001;2021-08-09;3
12106105001;2021-08-10;2
12106105001;2021-08-11;3
12106105001;2021-08-12;6
12106105001;2021-08-13;5
12106105001;2021-08-14;6
12106105001;2021-08-15;7
12106105001;2021-08-17;4
12106107001;2021-08-03;1
12106107001;2021-08-05;1
12106107001;2021-08-06;1
12106107001;2021-08-14;1
12106107001;2021-08-15;1
12106107001;2021-08-17;1
12106113001;2021-08-10;1
12106113001;2021-08-12;1
12106999001;2021-08-08;1
12106999001;2021-08-10;1
12110015001;2021-08-10;1
12110016001;2021-08-01;1
12110016001;2021-08-09;1
12110022001;2021-08-02;2
12110022001;2021-08-03;1
12110022001;2021-08-06;2
12110022001;2021-08-07;1
12110022001;2021-08-08;1
12110022001;2021-08-14;1
12110022001;2021-08-16;1
12110028001;2021-08-06;1
12110028001;2021-08-12;2
12110028001;2021-08-13;1
12110028001;2021-08-16;1
12110037001;2021-08-01;1
12110037001;2021-08-03;1
12110059001;2021-08-15;1
12110059001;2021-08-17;1
12110068001;2021-08-09;1
12110068001;2021-08-13;1
12110074001;2021-08-02;1
12111014001;2021-08-09;1
12111014001;2021-08-15;1
12111030001;2021-08-07;1
12111030001;2021-08-09;1
12111030001;2021-08-11;1
12111030001;2021-08-12;1
12111030001;2021-08-15;1
12111030001;2021-08-17;1
12112002001;2021-08-10;1
12112002001;2021-08-11;1
12112002001;2021-08-12;1
12112002001;2021-08-15;2
12112025001;2021-08-02;1
12112025001;2021-08-04;1
12112025001;2021-08-08;1
12112025001;2021-08-09;1
12112025001;2021-08-13;1
12112025001;2021-08-15;1
12112026001;2021-08-01;1
12112026001;2021-08-13;1
12120001001;2021-08-01;5
12120001001;2021-08-02;2
12120001001;2021-08-03;3
12120001001;2021-08-04;1
12120001001;2021-08-05;1
12120001001;2021-08-08;3
12120001001;2021-08-09;2
12120001001;2021-08-10;1
12120001001;2021-08-11;2
12120001001;2021-08-12;3
12120001001;2021-08-13;4
12120001001;2021-08-14;3
12120001001;2021-08-15;2
12120001001;2021-08-17;2
12120004001;2021-08-01;2
12120004001;2021-08-05;1
12120006001;2021-08-01;1
12120006001;2021-08-03;1
12120006001;2021-08-04;3
12120006001;2021-08-06;1
12120006001;2021-08-07;2
12120006001;2021-08-08;1
12120006001;2021-08-09;2
12120006001;2021-08-10;3
12120006001;2021-08-13;1
12120006001;2021-08-14;1
12120006001;2021-08-16;1
12120007001;2021-08-01;1
12120007001;2021-08-03;1
12120007001;2021-08-04;2
12120007001;2021-08-06;2
12120007001;2021-08-07;1
12120007001;2021-08-08;1
12120007001;2021-08-09;3
12120007001;2021-08-10;1
12120007001;2021-08-13;1
12120007001;2021-08-16;1
12120015001;2021-08-05;1
12120015001;2021-08-06;2
12120015001;2021-08-11;1
12120015001;2021-08-15;1
12120015001;2021-08-16;1
12120018001;2021-08-02;1
12120018001;2021-08-05;1
12120018001;2021-08-09;1
12120018001;2021-08-13;1
12120018001;2021-08-16;1
12120024001;2021-08-04;2
12120024001;2021-08-05;2
12120024001;2021-08-07;1
12120024001;2021-08-08;1
12120024001;2021-08-13;1
12120034001;2021-08-06;1
12120034001;2021-08-11;4
12120034001;2021-08-12;1
12120034001;2021-08-13;1
12120034001;2021-08-17;1
12120038001;2021-08-04;1
12120038001;2021-08-05;1
12120038001;2021-08-06;1
12120038001;2021-08-08;3
12120038001;2021-08-09;2
12120038001;2021-08-10;2
12120038001;2021-08-12;5
12120038001;2021-08-13;2
12120038001;2021-08-14;1
12120039001;2021-08-01;1
12120039001;2021-08-04;1
12120039001;2021-08-06;1
12120039001;2021-08-07;1
12120039001;2021-08-08;1
12120039001;2021-08-09;1
12120039001;2021-08-10;1
12120039001;2021-08-16;1
12120040001;2021-08-01;1
12120052001;2021-08-01;4
12120052001;2021-08-02;1
12120052001;2021-08-03;3
12120052001;2021-08-04;2
12120052001;2021-08-05;4
12120052001;2021-08-06;2
12120052001;2021-08-07;1
12120052001;2021-08-08;2
12120052001;2021-08-09;4
12120052001;2021-08-10;2
12120052001;2021-08-11;1
12120052001;2021-08-12;3
12120052001;2021-08-13;3
12120052001;2021-08-14;7
12120052001;2021-08-15;3
12120052001;2021-08-16;1
12120052001;2021-08-17;2
12120053001;2021-08-06;1
12120053001;2021-08-07;1
12120053001;2021-08-08;1
12120053001;2021-08-09;1
12120053001;2021-08-10;2
12120053001;2021-08-11;1
12120053001;2021-08-12;2
12120053001;2021-08-13;2
12120053001;2021-08-14;4
12120053001;2021-08-15;1
12120053001;2021-08-16;2
12120053001;2021-08-17;1
12120064001;2021-08-09;1
12120064001;2021-08-10;1
12120064001;2021-08-12;2
12120065001;2021-08-15;1
12120072001;2021-08-01;1
12120085001;2021-08-01;1
12120085001;2021-08-05;1
12120086001;2021-08-06;2
12120087001;2021-08-15;1
12120088001;2021-08-01;1
12120088001;2021-08-03;2
12120088001;2021-08-05;2
12120088001;2021-08-09;1
12120088001;2021-08-11;1
12120088001;2021-08-17;2
12120091001;2021-08-02;1
12120091001;2021-08-05;1
12120898001;2021-08-01;1
12120898001;2021-08-03;1
12120898001;2021-08-04;1
12120898001;2021-08-05;1
12120898001;2021-08-06;1
12120898001;2021-08-07;1
12120898001;2021-08-08;1
12120898001;2021-08-11;2
12120898001;2021-08-12;1
12120898001;2021-08-15;1
12121004001;2021-08-01;1
12121004001;2021-08-02;3
12121004001;2021-08-03;2
12121004001;2021-08-04;1
12121004001;2021-08-05;2
12121004001;2021-08-06;3
12121004001;2021-08-07;2
12121004001;2021-08-08;1
12121004001;2021-08-09;5
12121004001;2021-08-10;4
12121004001;2021-08-11;4
12121004001;2021-08-12;2
12121004001;2021-08-13;3
12121004001;2021-08-14;3
12121004001;2021-08-15;4
12121004001;2021-08-17;3
12121006002;2021-08-01;2
12121007001;2021-08-01;1
12121007001;2021-08-04;1
12121023001;2021-08-01;1
12121023001;2021-08-02;4
12121023001;2021-08-03;1
12121023001;2021-08-04;2
12121023001;2021-08-05;2
12121023001;2021-08-08;3
12121023001;2021-08-09;2
12121023001;2021-08-10;1
12121023001;2021-08-11;1
12121023001;2021-08-13;1
12121023001;2021-08-14;1
12121023001;2021-08-15;1
12121023001;2021-08-16;1
12121024001;2021-08-11;1
12121027001;2021-08-06;1
12121027001;2021-08-09;2
12121032001;2021-08-01;1
12121034001;2021-08-05;3
12121034001;2021-08-06;1
12121034001;2021-08-09;4
12121034001;2021-08-10;2
12121034001;2021-08-12;2
12121034001;2021-08-14;2
12121034001;2021-08-15;2
12121034001;2021-08-16;3
12121034001;2021-08-17;1
12121037001;2021-08-01;1
12121037001;2021-08-02;1
12121037001;2021-08-04;1
12121037001;2021-08-06;1
12121037001;2021-08-07;1
12121037001;2021-08-12;1
12121038001;2021-08-04;1
12121038001;2021-08-05;2
12121038001;2021-08-06;1
12121038001;2021-08-08;2
12121038001;2021-08-09;1
12121038001;2021-08-11;1
12121038001;2021-08-12;1
12121048001;2021-08-09;1
12121048001;2021-08-10;2
12121048001;2021-08-17;1
12121050001;2021-08-02;4
12121050001;2021-08-04;1
12121050001;2021-08-05;2
12121050001;2021-08-06;1
12121050001;2021-08-07;2
12121050001;2021-08-08;1
12121050001;2021-08-10;1
12121050001;2021-08-11;1
12121050001;2021-08-12;2
12121050001;2021-08-13;1
12121050001;2021-08-14;1
12121050001;2021-08-15;2
12121050001;2021-08-17;1
12121051001;2021-08-14;1
12121051001;2021-08-17;2
12121056001;2021-08-01;1
12121056001;2021-08-02;1
12121056001;2021-08-03;1
12121056001;2021-08-04;1
12121056001;2021-08-06;1
12121056001;2021-08-08;2
12121056001;2021-08-09;2
12121056001;2021-08-10;1
12121056001;2021-08-11;2
12121056001;2021-08-13;1
12121056001;2021-08-17;1
12121059001;2021-08-03;1
12121059001;2021-08-04;1
12121059001;2021-08-05;1
12121059001;2021-08-06;2
12121059001;2021-08-07;1
12121059001;2021-08-08;2
12121059001;2021-08-09;2
12121059001;2021-08-11;1
12121066001;2021-08-03;1
12121066001;2021-08-07;1
12121078001;2021-08-07;2
12121078001;2021-08-11;1
12121087001;2021-08-01;2
12121091001;2021-08-01;2
12121091001;2021-08-03;1
12121091001;2021-08-04;1
12121091001;2021-08-05;1
12121091001;2021-08-07;1
12121091001;2021-08-08;2
12121091001;2021-08-09;2
12121091001;2021-08-15;3
12121103001;2021-08-03;1
12121103001;2021-08-14;1
12121103001;2021-08-17;1
12122002002;2021-08-06;2
12122002002;2021-08-08;1
12122002002;2021-08-09;1
12122002002;2021-08-10;1
12122002002;2021-08-11;1
12122002002;2021-08-13;3
12122005001;2021-08-02;1
12122005001;2021-08-13;1
12122005001;2021-08-14;1
12122005001;2021-08-17;1
12122007001;2021-08-01;1
12122007001;2021-08-02;1
12122007001;2021-08-03;2
12122007001;2021-08-05;1
12122007001;2021-08-08;1
12122007001;2021-08-12;1
12122007001;2021-08-14;1
12122007001;2021-08-15;1
12122007001;2021-08-17;1
12122008001;2021-08-10;1
12122008001;2021-08-11;1
12122008001;2021-08-12;1
12122008001;2021-08-14;1
12122009001;2021-08-02;1
12122009001;2021-08-03;1
12122009001;2021-08-10;2
12122009001;2021-08-11;2
12122009001;2021-08-14;1
12122012001;2021-08-09;2
12122012001;2021-08-14;1
12122014001;2021-08-04;2
12122014001;2021-08-09;1
12122014001;2021-08-10;1
12122014001;2021-08-11;2
12122014001;2021-08-14;1
12122015001;2021-08-06;1
12122015001;2021-08-09;1
12122016001;2021-08-01;1
12122016001;2021-08-04;1
12122016001;2021-08-05;2
12122016001;2021-08-11;2
12122016001;2021-08-12;1
12122016001;2021-08-13;1
12122016001;2021-08-15;1
12122016001;2021-08-16;2
12122016001;2021-08-17;1
12122021001;2021-08-01;1
12122021001;2021-08-03;2
12122021001;2021-08-07;2
12122021001;2021-08-08;1
12122021001;2021-08-11;1
12122021001;2021-08-13;1
12122021001;2021-08-17;1
12122023002;2021-08-01;1
12122023002;2021-08-03;1
12122023002;2021-08-11;1
12122030001;2021-08-01;2
12122030001;2021-08-04;1
12122030001;2021-08-08;1
12122030001;2021-08-10;1
12122030001;2021-08-14;2
12122030001;2021-08-17;1
12122034001;2021-08-01;2
12122034001;2021-08-04;2
12122034001;2021-08-05;1
12122034001;2021-08-09;1
12122034001;2021-08-11;2
12122034001;2021-08-13;1
12122034001;2021-08-15;1
12122034001;2021-08-17;2
12122045001;2021-08-05;1
12122045001;2021-08-09;1
12122045001;2021-08-14;2
12122045001;2021-08-15;1
12122052001;2021-08-02;1
12122052001;2021-08-04;2
12122052001;2021-08-06;1
12122052001;2021-08-08;2
12122052001;2021-08-09;1
12122052001;2021-08-10;1
12122052001;2021-08-11;1
12122052001;2021-08-12;1
12122052001;2021-08-13;2
12122052001;2021-08-14;3
12122052001;2021-08-15;3
12122052001;2021-08-16;1
12122052001;2021-08-17;3
12123001001;2021-08-06;1
12123001001;2021-08-14;1
12123005001;2021-08-10;1
12123005001;2021-08-12;1
12123005001;2021-08-13;1
12123005001;2021-08-14;2
12123005001;2021-08-17;1
12123013001;2021-08-02;1
12123013001;2021-08-03;1
12123013001;2021-08-05;1
12123013001;2021-08-06;2
12123013001;2021-08-10;1
12123013001;2021-08-12;1
12123013001;2021-08-13;1
12123014001;2021-08-01;1
12123014001;2021-08-03;3
12123014001;2021-08-05;1
12123014001;2021-08-09;1
12123014001;2021-08-11;1
12123014001;2021-08-13;1
12123014001;2021-08-15;1
12123015001;2021-08-01;3
12123015001;2021-08-02;2
12123015001;2021-08-04;1
12123015001;2021-08-10;1
12123015001;2021-08-11;1
12123015001;2021-08-12;1
12123015001;2021-08-13;1
12123015001;2021-08-14;1
12123015001;2021-08-16;1
12123016002;2021-08-07;1
12123016002;2021-08-09;1
12123016002;2021-08-16;1
12123024001;2021-08-05;1
12123024001;2021-08-06;1
12123024001;2021-08-07;3
12123024001;2021-08-08;1
12123024001;2021-08-09;1
12123024001;2021-08-10;1
12123024001;2021-08-13;1
12123024001;2021-08-14;1
12123024001;2021-08-17;1
12123025001;2021-08-17;1
12123029001;2021-08-03;1
12123029001;2021-08-04;2
12123029001;2021-08-05;1
12123029001;2021-08-06;1
12123029001;2021-08-10;1
12123029001;2021-08-12;1
12123029001;2021-08-13;1
12123029001;2021-08-14;3
12123029001;2021-08-15;1
12123029001;2021-08-16;1
12123031001;2021-08-13;1
12123031001;2021-08-14;1
12123031001;2021-08-17;1
12123034001;2021-08-02;1
12123034001;2021-08-04;1
12123034001;2021-08-09;1
12123034001;2021-08-10;1
12123034001;2021-08-11;2
12123034001;2021-08-13;1
12123034001;2021-08-14;1
12123034001;2021-08-15;2
12123034001;2021-08-16;1
12123034001;2021-08-17;1
12123038001;2021-08-05;1
12123038001;2021-08-08;1
12123038001;2021-08-09;2
12123038001;2021-08-11;1
12123038001;2021-08-13;1
12123042001;2021-08-03;1
12123042001;2021-08-05;2
12123042001;2021-08-06;1
12123042001;2021-08-08;2
12123042001;2021-08-10;1
12123042001;2021-08-11;3
12123042001;2021-08-12;2
12123055001;2021-08-13;1
12123055001;2021-08-15;2
12123055001;2021-08-16;1
12123055001;2021-08-17;1
12123056001;2021-08-01;2
12123056001;2021-08-02;1
12123056001;2021-08-04;1
12123056001;2021-08-07;1
12123056001;2021-08-17;1
12123057001;2021-08-01;3
12123057001;2021-08-02;2
12123057001;2021-08-03;5
12123057001;2021-08-04;5
12123057001;2021-08-05;4
12123057001;2021-08-06;1
12123057001;2021-08-07;2
12123057001;2021-08-08;3
12123057001;2021-08-09;3
12123057001;2021-08-10;1
12123057001;2021-08-12;4
12123057001;2021-08-13;2
12123057001;2021-08-15;3
12123057001;2021-08-16;1
12123057001;2021-08-17;3
12123063001;2021-08-01;7
12123063001;2021-08-03;7
12123063001;2021-08-04;4
12123063001;2021-08-05;2
12123063001;2021-08-06;1
12123063001;2021-08-07;2
12123063001;2021-08-08;5
12123063001;2021-08-09;4
12123063001;2021-08-11;3
12123063001;2021-08-12;1
12123063001;2021-08-13;1
12123063001;2021-08-14;1
12123064001;2021-08-01;6
12123064001;2021-08-02;4
12123064001;2021-08-03;2
12123064001;2021-08-04;3
12123064001;2021-08-05;1
12123064001;2021-08-06;4
12123064001;2021-08-07;1
12123064001;2021-08-08;2
12123064001;2021-08-09;4
12123064001;2021-08-10;2
12123064001;2021-08-11;2
12123064001;2021-08-12;2
12123064001;2021-08-13;2
12123064001;2021-08-14;3
12123064001;2021-08-15;2
12123064001;2021-08-16;2
12123064001;2021-08-17;2
12123066001;2021-08-02;2
12123066001;2021-08-05;2
12123066001;2021-08-06;1
12123066001;2021-08-09;2
12123066001;2021-08-10;1
12123066001;2021-08-11;2
12123066001;2021-08-12;1
12123066001;2021-08-15;1
12123066001;2021-08-16;1
12123066001;2021-08-17;1
12123068001;2021-08-04;1
12123068001;2021-08-08;1
12123068001;2021-08-10;1
12123068001;2021-08-17;1
12123069001;2021-08-01;1
12123069001;2021-08-03;2
12123069001;2021-08-05;2
12123069001;2021-08-06;1
12123069001;2021-08-09;2
12123069001;2021-08-10;1
12123069001;2021-08-12;1
12123069001;2021-08-17;2
12123075001;2021-08-01;1
12123075001;2021-08-05;3
12123075001;2021-08-06;1
12123075001;2021-08-08;1
12123075001;2021-08-11;2
12123075001;2021-08-12;1
12123075001;2021-08-13;3
12123075001;2021-08-14;2
12123075001;2021-08-15;2
12123077001;2021-08-01;3
12123077001;2021-08-02;1
12123077001;2021-08-03;1
12123077001;2021-08-04;2
12123077001;2021-08-05;1
12123077001;2021-08-06;1
12123077001;2021-08-07;1
12123077001;2021-08-08;4
12123077001;2021-08-09;3
12123077001;2021-08-10;2
12123077001;2021-08-11;2
12123077001;2021-08-12;1
12123077001;2021-08-15;1
12123077001;2021-08-17;1
12123079001;2021-08-02;1
12123079001;2021-08-04;1
12123079001;2021-08-06;1
12123079001;2021-08-08;1
12123079001;2021-08-09;4
12123079001;2021-08-10;1
12123079001;2021-08-11;1
12123079001;2021-08-12;2
12123079001;2021-08-15;1
12123079001;2021-08-17;1
12123080001;2021-08-02;3
12123080001;2021-08-08;1
12123080001;2021-08-12;1
12123085001;2021-08-02;1
12123085001;2021-08-04;1
12123085001;2021-08-06;2
12123085001;2021-08-07;2
12123085001;2021-08-08;1
12123085001;2021-08-12;1
12123085001;2021-08-13;3
12123085001;2021-08-15;2
12123085001;2021-08-17;1
12123086001;2021-08-01;1
12123086001;2021-08-02;2
12123086001;2021-08-03;2
12123086001;2021-08-04;1
12123086001;2021-08-05;3
12123086001;2021-08-06;2
12123086001;2021-08-07;1
12123086001;2021-08-09;1
12123086001;2021-08-11;2
12123086001;2021-08-12;4
12123086001;2021-08-13;1
12123086001;2021-08-14;2
12123086001;2021-08-15;1
12123086001;2021-08-16;1
12123086001;2021-08-17;4
12123090001;2021-08-08;1
12123090001;2021-08-11;1
12123090001;2021-08-14;1
12123096001;2021-08-01;1
12123096001;2021-08-14;1
12123096001;2021-08-16;1
12123096001;2021-08-17;1
12123109001;2021-08-01;1
12123109001;2021-08-09;1
12123127001;2021-08-01;1
12123127001;2021-08-10;1
12123127001;2021-08-12;1
12123127001;2021-08-15;2
12123128001;2021-08-01;2
12123128001;2021-08-08;2
12123128001;2021-08-10;1
12123128001;2021-08-15;1
12123131001;2021-08-06;1
12123131001;2021-08-12;2
12123131001;2021-08-14;2
12123132001;2021-08-09;1
12123132001;2021-08-14;1
12123133001;2021-08-01;1
12123133001;2021-08-08;1
12123133001;2021-08-11;1
12123147001;2021-08-01;2
12123147001;2021-08-02;1
12123147001;2021-08-03;1
12123147001;2021-08-05;1
12123147001;2021-08-07;2
12123151001;2021-08-15;1
12123897001;2021-08-01;1
12123897001;2021-08-02;1
12123897001;2021-08-08;4
12123897001;2021-08-09;2
12123897001;2021-08-11;1
12123897001;2021-08-13;2
12123897001;2021-08-14;5
12123897001;2021-08-15;2
12123897001;2021-08-17;2
12123898001;2021-08-03;1
12123898001;2021-08-05;1
12123898001;2021-08-08;3
12123898001;2021-08-12;1
12123898001;2021-08-13;1
12125001001;2021-08-01;1
12125001001;2021-08-02;2
12125001001;2021-08-03;1
12125001001;2021-08-05;1
12125001001;2021-08-06;1
12125001001;2021-08-08;1
12125001001;2021-08-09;1
12125001001;2021-08-12;2
12125001001;2021-08-17;1
12125004001;2021-08-01;2
12125004001;2021-08-02;2
12125004001;2021-08-05;2
12125004001;2021-08-08;1
12125004001;2021-08-09;1
12125004001;2021-08-13;1
12125004001;2021-08-14;1
12125005001;2021-08-06;1
12125006001;2021-08-01;2
12125006001;2021-08-02;1
12125006001;2021-08-04;1
12125006001;2021-08-09;1
12125006001;2021-08-12;1
12125006001;2021-08-13;2
12125006001;2021-08-14;1
12125006001;2021-08-17;1
12130001001;2021-08-02;1
12130001001;2021-08-05;1
12130001001;2021-08-07;1
12130001001;2021-08-08;1
12130001001;2021-08-14;1
12130004001;2021-08-09;1
12130004001;2021-08-10;1
12130004001;2021-08-11;2
12130004001;2021-08-12;2
12130004001;2021-08-13;2
12130004001;2021-08-14;6
12130004001;2021-08-15;1
12130004001;2021-08-17;2
12130008001;2021-08-01;5
12130008001;2021-08-02;1
12130008001;2021-08-03;4
12130008001;2021-08-04;6
12130008001;2021-08-06;2
12130008001;2021-08-07;3
12130008001;2021-08-08;1
12130008001;2021-08-09;1
12130008001;2021-08-10;8
12130008001;2021-08-11;5
12130008001;2021-08-12;8
12130008001;2021-08-13;1
12130008001;2021-08-15;3
12130008001;2021-08-16;2
12130008001;2021-08-17;2
12130010001;2021-08-01;2
12130010001;2021-08-02;1
12130010001;2021-08-03;2
12130010001;2021-08-04;1
12130010001;2021-08-05;2
12130010001;2021-08-07;1
12130010001;2021-08-08;1
12130010001;2021-08-09;2
12130010001;2021-08-10;2
12130010001;2021-08-11;2
12130010001;2021-08-13;1
12130010001;2021-08-17;1
12130011001;2021-08-05;1
12130011001;2021-08-08;1
12130012001;2021-08-12;1
12130012001;2021-08-15;1
12130012001;2021-08-17;2
12130016001;2021-08-03;1
12130016001;2021-08-05;2
12130016001;2021-08-06;1
12130016001;2021-08-13;1
12130016001;2021-08-15;1
12130016001;2021-08-17;1
12130026001;2021-08-01;2
12130026001;2021-08-03;1
12130026001;2021-08-04;3
12130026001;2021-08-05;1
12130026001;2021-08-06;4
12130026001;2021-08-07;1
12130026001;2021-08-08;2
12130026001;2021-08-09;2
12130026001;2021-08-10;3
12130026001;2021-08-11;3
12130026001;2021-08-12;2
12130026001;2021-08-14;2
12130026001;2021-08-15;9
12130026001;2021-08-17;1
12130031001;2021-08-01;1
12130031001;2021-08-02;1
12130031001;2021-08-03;1
12130031001;2021-08-05;1
12130031001;2021-08-10;1
12130031001;2021-08-11;1
12130031001;2021-08-13;1
12130031001;2021-08-15;1
12130031001;2021-08-16;1
12130031001;2021-08-17;1
12130035001;2021-08-04;1
12130035001;2021-08-05;1
12130035001;2021-08-13;1
12130035001;2021-08-14;1
12130041001;2021-08-01;1
12130045001;2021-08-03;1
12130045001;2021-08-04;1
12130045001;2021-08-05;1
12130045001;2021-08-07;2
12130045001;2021-08-08;3
12130045001;2021-08-09;1
12130045001;2021-08-10;3
12130045001;2021-08-11;2
12130045001;2021-08-12;4
12130045001;2021-08-13;1
12130045001;2021-08-14;3
12130045001;2021-08-15;2
12130045001;2021-08-17;3
12130047001;2021-08-13;3
12130047001;2021-08-14;1
12130047001;2021-08-15;2
12130048001;2021-08-09;1
12130048001;2021-08-10;1
12130049001;2021-08-03;2
12130049001;2021-08-05;2
12130049001;2021-08-07;1
12130049001;2021-08-13;1
12130049001;2021-08-16;1
12130052001;2021-08-15;1
12130052001;2021-08-17;2
12130071001;2021-08-05;1
12130071001;2021-08-06;1
12130075001;2021-08-02;2
12130075001;2021-08-04;1
12130075001;2021-08-05;2
12130075001;2021-08-06;1
12130075001;2021-08-10;2
12130075001;2021-08-11;1
12130075001;2021-08-12;2
12130075001;2021-08-13;2
12130075001;2021-08-14;2
12130075001;2021-08-15;1
12130075001;2021-08-17;2
12130084001;2021-08-11;1
12130085001;2021-08-04;1
12130085001;2021-08-05;1
12130085001;2021-08-15;1
12130086001;2021-08-01;2
12130086001;2021-08-03;1
12130086001;2021-08-05;2
12130086001;2021-08-06;1
12130086001;2021-08-07;1
12130086001;2021-08-13;1
12130086001;2021-08-14;3
12130086001;2021-08-15;1
12130086001;2021-08-17;1
12130088001;2021-08-07;1
12130088001;2021-08-12;1
12130089001;2021-08-06;1
12130089001;2021-08-11;1
12130111001;2021-08-06;1
12130111001;2021-08-08;1
12130112001;2021-08-08;1
12130112001;2021-08-11;1
12150005001;2021-08-02;1
12150005001;2021-08-03;2
12150005001;2021-08-07;1
12150007001;2021-08-02;1
12150007001;2021-08-05;1
12150009001;2021-08-01;1
12150009001;2021-08-02;4
12150009001;2021-08-04;1
12150009001;2021-08-05;1
12150009001;2021-08-06;1
12150009001;2021-08-08;2
12150009001;2021-08-09;1
12150009001;2021-08-11;1
12150009001;2021-08-12;1
12150009001;2021-08-13;1
12150009001;2021-08-15;1
12150016001;2021-08-02;1
12150016001;2021-08-04;2
12150016001;2021-08-05;1
12150016001;2021-08-06;1
12150016001;2021-08-08;2
12150016001;2021-08-09;1
12150016001;2021-08-11;2
12150016001;2021-08-13;1
12150016001;2021-08-15;1
12150039001;2021-08-02;1
12150039001;2021-08-03;1
12151006001;2021-08-04;1
12151015001;2021-08-01;2
12151015001;2021-08-02;1
12151015001;2021-08-03;1
12151015001;2021-08-04;1
12151015001;2021-08-05;1
12151015001;2021-08-11;1
12151015001;2021-08-12;1
12151015001;2021-08-13;1
12151015001;2021-08-15;1
12151015001;2021-08-17;3
12151088001;2021-08-09;1
12151089001;2021-08-05;1
12151089001;2021-08-08;1
12151092001;2021-08-05;1
12151092001;2021-08-07;1
12151092001;2021-08-08;1
12151092001;2021-08-15;1
12151094001;2021-08-04;1
12151094001;2021-08-05;1
12151094001;2021-08-07;1
12151094001;2021-08-09;1
12151096001;2021-08-03;1
12151096001;2021-08-05;1
12151096001;2021-08-07;1
12151096001;2021-08-11;2
12151110001;2021-08-01;1
12151110001;2021-08-07;1
12152004001;2021-08-05;1
12152004001;2021-08-06;1
12152062001;2021-08-07;1
12152062001;2021-08-11;1
12152062001;2021-08-14;1
12201064001;2021-08-01;1
12201064001;2021-08-06;1
12201064001;2021-08-11;2
12201064001;2021-08-12;1
12201064001;2021-08-14;1
12201064001;2021-08-16;3
12201067001;2021-08-01;2
12201067001;2021-08-02;3
12201067001;2021-08-03;1
12201067001;2021-08-04;1
12201067001;2021-08-10;1
12201067001;2021-08-11;2
12201067001;2021-08-12;1
12201067001;2021-08-13;2
12201067001;2021-08-14;3
12201067001;2021-08-15;1
12201067001;2021-08-16;3
12201080001;2021-08-01;2
12201080001;2021-08-02;1
12201080001;2021-08-03;3
12201080001;2021-08-04;3
12201080001;2021-08-05;1
12201080001;2021-08-06;2
12201080001;2021-08-08;1
12201080001;2021-08-09;2
12201080001;2021-08-13;1
12201080001;2021-08-14;7
12201080001;2021-08-15;2
12201084001;2021-08-01;7
12201084001;2021-08-02;4
12201084001;2021-08-03;8
12201084001;2021-08-04;1
12201084001;2021-08-05;9
12201084001;2021-08-06;9
12201084001;2021-08-07;3
12201084001;2021-08-08;16
12201084001;2021-08-09;4
12201084001;2021-08-11;5
12201084001;2021-08-12;11
12201084001;2021-08-13;13
12201084001;2021-08-14;17
12201084001;2021-08-15;12
12201084001;2021-08-16;2
12201084001;2021-08-17;5
12201099001;2021-08-02;1
12201103001;2021-08-01;19
12201103001;2021-08-02;10
12201103001;2021-08-03;9
12201103001;2021-08-04;5
12201103001;2021-08-05;13
12201103001;2021-08-06;7
12201103001;2021-08-07;3
12201103001;2021-08-08;5
12201103001;2021-08-09;11
12201103001;2021-08-10;10
12201103001;2021-08-11;5
12201103001;2021-08-12;7
12201103001;2021-08-13;5
12201103001;2021-08-14;12
12201103001;2021-08-15;6
12201103001;2021-08-17;10
12201104001;2021-08-01;3
12201104001;2021-08-04;5
12201104001;2021-08-05;9
12201104001;2021-08-06;5
12201104001;2021-08-07;4
12201104001;2021-08-08;8
12201104001;2021-08-09;17
12201104001;2021-08-10;12
12201104001;2021-08-11;6
12201104001;2021-08-12;4
12201104001;2021-08-13;14
12201104001;2021-08-14;6
12201104001;2021-08-15;2
12201104001;2021-08-16;6
12201110001;2021-08-02;1
12201110001;2021-08-08;1
12201110001;2021-08-09;1
12201110001;2021-08-10;1
12201110001;2021-08-14;2
12201110001;2021-08-16;6
12201111001;2021-08-05;1
12201111001;2021-08-08;1
12201111001;2021-08-10;1
12201112001;2021-08-06;1
12201112001;2021-08-08;1
12201112001;2021-08-09;1
12201112001;2021-08-13;2
12201112001;2021-08-14;3
12201129001;2021-08-16;1
12211017001;2021-08-11;2
12211017001;2021-08-12;2
12211017001;2021-08-13;2
12212003001;2021-08-05;2
12212003001;2021-08-06;1
12212005001;2021-08-01;5
12212005001;2021-08-02;5
12212005001;2021-08-03;3
12212005001;2021-08-04;3
12212005001;2021-08-05;2
12212005001;2021-08-06;4
12212005001;2021-08-08;5
12212005001;2021-08-09;1
12212005001;2021-08-10;1
12212005001;2021-08-12;3
12212005001;2021-08-13;1
12212005001;2021-08-14;1
12212005001;2021-08-15;6
12212005001;2021-08-16;2
12212005001;2021-08-17;1
12212006001;2021-08-02;1
12212006001;2021-08-03;1
12212006001;2021-08-04;1
12212006001;2021-08-06;1
12212006001;2021-08-08;1
12212006001;2021-08-11;2
12212006001;2021-08-15;4
12212010001;2021-08-01;1
12212011001;2021-08-01;1
12212011001;2021-08-02;1
12212011001;2021-08-03;1
12212011001;2021-08-05;1
12212011001;2021-08-09;2
12212011001;2021-08-10;1
12212011001;2021-08-12;1
12212011001;2021-08-13;1
12212011001;2021-08-14;3
12212011001;2021-08-17;1
12212017001;2021-08-02;1
12212017001;2021-08-03;1
12212017001;2021-08-07;1
12212017001;2021-08-09;1
12212020001;2021-08-01;1
12212020001;2021-08-05;1
12212020001;2021-08-07;1
12212020001;2021-08-17;2
12212030001;2021-08-02;1
12212030001;2021-08-05;1
12212030001;2021-08-14;1
12212033001;2021-08-01;10
12212033001;2021-08-02;5
12212033001;2021-08-03;10
12212033001;2021-08-04;6
12212033001;2021-08-05;8
12212033001;2021-08-06;5
12212033001;2021-08-07;3
12212033001;2021-08-08;10
12212033001;2021-08-09;5
12212033001;2021-08-10;10
12212033001;2021-08-11;3
12212033001;2021-08-12;5
12212033001;2021-08-13;3
12212033001;2021-08-14;1
12212033001;2021-08-15;2
12212033001;2021-08-16;1
12212033001;2021-08-17;1
12212035001;2021-08-01;2
12212035001;2021-08-02;2
12212035001;2021-08-03;4
12212035001;2021-08-04;3
12212035001;2021-08-05;1
12212035001;2021-08-08;1
12212035001;2021-08-09;1
12212035001;2021-08-10;1
12212035001;2021-08-11;1
12212035001;2021-08-12;3
12212035001;2021-08-14;2
12212035001;2021-08-15;3
12212035001;2021-08-16;1
12212035001;2021-08-17;3
12212036001;2021-08-05;1
12212036001;2021-08-12;1
12212036001;2021-08-14;1
12212036001;2021-08-17;1
12212037001;2021-08-03;1
12212037001;2021-08-05;1
12212037001;2021-08-13;1
12212037001;2021-08-17;1
12212040001;2021-08-03;1
12212040001;2021-08-06;1
12212040001;2021-08-07;1
12212040001;2021-08-09;1
12212040001;2021-08-12;1
12212040001;2021-08-14;1
12212040001;2021-08-17;2
12212056001;2021-08-03;1
12212056001;2021-08-06;2
12212056001;2021-08-08;2
12212056001;2021-08-13;1
12212056001;2021-08-14;1
12212056001;2021-08-15;1
12212057001;2021-08-05;1
12212057001;2021-08-13;1
12212057001;2021-08-15;1
12212058001;2021-08-03;2
12212058001;2021-08-13;2
12212059001;2021-08-01;1
12212059001;2021-08-04;1
12212059001;2021-08-08;1
12212059001;2021-08-09;1
12212059001;2021-08-14;1
12212059001;2021-08-15;2
12212059001;2021-08-17;2
12212061001;2021-08-01;2
12212061001;2021-08-02;3
12212061001;2021-08-03;1
12212061001;2021-08-04;4
12212061001;2021-08-05;2
12212061001;2021-08-06;2
12212061001;2021-08-07;1
12212061001;2021-08-08;2
12212061001;2021-08-09;3
12212061001;2021-08-11;5
12212061001;2021-08-12;2
12212061001;2021-08-13;4
12212061001;2021-08-14;8
12212061001;2021-08-15;4
12212061001;2021-08-16;1
12212061001;2021-08-17;4
12212062001;2021-08-04;2
12212062001;2021-08-06;1
12212062001;2021-08-10;1
12212062001;2021-08-15;2
12212062001;2021-08-17;2
12212069001;2021-08-01;1
12212069001;2021-08-02;1
12212069001;2021-08-03;2
12212069001;2021-08-05;3
12212069001;2021-08-06;1
12212069001;2021-08-08;2
12212069001;2021-08-09;3
12212069001;2021-08-12;3
12212069001;2021-08-13;1
12212069001;2021-08-14;2
12212069001;2021-08-15;1
12212069001;2021-08-16;2
12230008001;2021-08-01;1
12231005001;2021-08-13;1
12232999001;2021-08-01;2
12232999001;2021-08-05;1
12232999001;2021-08-07;1
12232999001;2021-08-09;1
12232999001;2021-08-11;1
12232999001;2021-08-13;2
12232999001;2021-08-14;1
12233011001;2021-08-16;1
12233023001;2021-08-02;2
12233023001;2021-08-03;1
12233023001;2021-08-05;1
12233023001;2021-08-07;1
12233023001;2021-08-08;1
12233023001;2021-08-09;2
12233023001;2021-08-10;1
12233023001;2021-08-11;2
12233023001;2021-08-12;2
12233023001;2021-08-13;5
12233023001;2021-08-14;2
12233023001;2021-08-15;1
12233034001;2021-08-01;1
12233034001;2021-08-03;1
12233034001;2021-08-04;1
12233035001;2021-08-08;1
12233035001;2021-08-11;1
12234005001;2021-08-10;1
12234029001;2021-08-01;1
12234029001;2021-08-02;3
12234029001;2021-08-03;3
12234029001;2021-08-04;1
12234029001;2021-08-05;2
12234029001;2021-08-06;4
12234029001;2021-08-08;2
12234029001;2021-08-09;2
12234029001;2021-08-11;3
12234029001;2021-08-12;2
12234029001;2021-08-13;1
12234029001;2021-08-14;1
12234038001;2021-08-10;1
12234038001;2021-08-13;1
12234901001;2021-08-10;2
12234915001;2021-08-10;1
12234915001;2021-08-14;1
12234920001;2021-08-14;1
12234921001;2021-08-14;1
12301001001;2021-08-01;2
12301001001;2021-08-02;4
12301001001;2021-08-03;1
12301001001;2021-08-04;1
12301001001;2021-08-06;4
12301001001;2021-08-08;3
12301001001;2021-08-09;1
12301001001;2021-08-11;1
12301001001;2021-08-14;2
12301001001;2021-08-15;1
12301004001;2021-08-03;1
12301004001;2021-08-10;1
12301004001;2021-08-12;1
12301004001;2021-08-13;1
12301010001;2021-08-01;1
12301010001;2021-08-03;2
12301010001;2021-08-05;1
12301010001;2021-08-09;1
12301010001;2021-08-10;2
12301010001;2021-08-14;1
12301011001;2021-08-01;3
12301011001;2021-08-02;3
12301011001;2021-08-03;2
12301011001;2021-08-04;2
12301011001;2021-08-05;2
12301011001;2021-08-06;4
12301011001;2021-08-07;2
12301011001;2021-08-09;1
12301011001;2021-08-10;1
12301011001;2021-08-11;3
12301011001;2021-08-12;1
12301011001;2021-08-13;2
12301011001;2021-08-14;7
12301011001;2021-08-15;2
12301011001;2021-08-16;3
12301011001;2021-08-17;3
12301023001;2021-08-01;1
12301023001;2021-08-02;1
12301023001;2021-08-04;1
12301023001;2021-08-10;1
12301027001;2021-08-09;1
12301027001;2021-08-11;1
12301027001;2021-08-12;1
12301027001;2021-08-13;1
12301027001;2021-08-14;1
12302044001;2021-08-13;1
12302044001;2021-08-15;1
12302047001;2021-08-04;1
12320030001;2021-08-10;1
12320030001;2021-08-17;1
12321040001;2021-08-06;1
12321040001;2021-08-09;1
12323010001;2021-08-12;1
12323010001;2021-08-15;1
12324139001;2021-08-10;1
12324139001;2021-08-14;1
12325047001;2021-08-01;1
12325047001;2021-08-14;1
12326002001;2021-08-06;1
12326005001;2021-08-09;1
12326090001;2021-08-14;1
12326152001;2021-08-02;3
12326152001;2021-08-03;1
12326152001;2021-08-04;3
12326152001;2021-08-07;1
12326152001;2021-08-09;1
12326167001;2021-08-11;1
12327002001;2021-08-06;1
12327002001;2021-08-09;1
12327007001;2021-08-01;1
12327007001;2021-08-06;1
12327007001;2021-08-09;1
12327009001;2021-08-02;1
12327009001;2021-08-09;2
12327009001;2021-08-10;1
12327009001;2021-08-11;1
12327009001;2021-08-15;1
12327014001;2021-08-06;1
12327015001;2021-08-09;1
12327022001;2021-08-09;1
12327023001;2021-08-03;1
12327023001;2021-08-08;2
12327025001;2021-08-05;2
12327025001;2021-08-07;2
12327025001;2021-08-08;2
12327025001;2021-08-10;1
12327025001;2021-08-14;1
12327027001;2021-08-10;1
12327027001;2021-08-17;3
12327028001;2021-08-14;1
12327040001;2021-08-11;1
12327040001;2021-08-15;1
12327040001;2021-08-17;2
12327048001;2021-08-04;1
12327048001;2021-08-05;1
12327048001;2021-08-08;1
12327048001;2021-08-10;1
12327048001;2021-08-12;1
12327048001;2021-08-14;1
12327050001;2021-08-02;1
12327050001;2021-08-03;2
12327050001;2021-08-10;2
12327050001;2021-08-12;2
12327050001;2021-08-14;1
12327050001;2021-08-15;1
12327052001;2021-08-04;1
12327052001;2021-08-08;1
12327052001;2021-08-09;1
12327056001;2021-08-02;1
12327056001;2021-08-16;1
12327057001;2021-08-07;1
12327057001;2021-08-08;5
12327057001;2021-08-09;12
12327057001;2021-08-10;6
12327057001;2021-08-11;1
12327057001;2021-08-13;2
12327057001;2021-08-14;1
12327058001;2021-08-17;1
12327059001;2021-08-02;1
12327059001;2021-08-06;1
12327059001;2021-08-14;1
12327062001;2021-08-05;1
12327062001;2021-08-06;1
12327062001;2021-08-07;1
12327062001;2021-08-14;1
12327062001;2021-08-17;1
12327063001;2021-08-17;2
12327064001;2021-08-09;1
12327064001;2021-08-11;1
12327064001;2021-08-13;1
12327077001;2021-08-17;2
12327088001;2021-08-01;1
12327088001;2021-08-05;1
12327088001;2021-08-11;1
12327088001;2021-08-15;1
12343304001;2021-08-14;1
12344036001;2021-08-14;1
12344037001;2021-08-14;1
12344037001;2021-08-16;1
14000002001;2021-08-01;5
14000002001;2021-08-02;6
14000002001;2021-08-03;7
14000002001;2021-08-04;5
14000002001;2021-08-05;2
14000002001;2021-08-07;2
14000002001;2021-08-08;1
14000002001;2021-08-09;4
14000002001;2021-08-10;2
14000002001;2021-08-11;3
14000002001;2021-08-12;9
14000002001;2021-08-13;6
14000002001;2021-08-14;4
14000002001;2021-08-15;16
14000002001;2021-08-16;4
14000002001;2021-08-17;8
14000003001;2021-08-02;1
14000003001;2021-08-05;1
14000003001;2021-08-13;1
14000003001;2021-08-14;3
14000003001;2021-08-15;13
14000003001;2021-08-16;8
14000003001;2021-08-17;18
14000006001;2021-08-01;2
14000006001;2021-08-02;4
14000006001;2021-08-03;4
14000006001;2021-08-04;6
14000006001;2021-08-05;4
14000006001;2021-08-06;5
14000006001;2021-08-08;8
14000006001;2021-08-09;8
14000006001;2021-08-10;23
14000006001;2021-08-11;21
14000006001;2021-08-12;20
14000006001;2021-08-13;19
14000006001;2021-08-14;15
14000006001;2021-08-15;50
14000006001;2021-08-16;26
14000006001;2021-08-17;41
14000008001;2021-08-02;1
14000008001;2021-08-08;2
14000008001;2021-08-10;2
14000008001;2021-08-13;1
14000008001;2021-08-16;2
14000010001;2021-08-01;1
14000010001;2021-08-03;3
14000010001;2021-08-04;1
14000010001;2021-08-06;1
14000010001;2021-08-07;2
14000010001;2021-08-08;3
14000010001;2021-08-09;2
14000010001;2021-08-10;4
14000010001;2021-08-11;4
14000010001;2021-08-12;11
14000010001;2021-08-13;3
14000010001;2021-08-14;2
14000010001;2021-08-15;14
14000010001;2021-08-16;6
14000010001;2021-08-17;3
14000011001;2021-08-01;4
14000011001;2021-08-02;8
14000011001;2021-08-03;24
14000011001;2021-08-04;13
14000011001;2021-08-05;21
14000011001;2021-08-06;7
14000011001;2021-08-07;5
14000011001;2021-08-08;8
14000011001;2021-08-09;6
14000011001;2021-08-10;13
14000011001;2021-08-11;8
14000011001;2021-08-12;13
14000011001;2021-08-13;10
14000011001;2021-08-14;7
14000011001;2021-08-15;11
14000011001;2021-08-16;5
14000011001;2021-08-17;9
14000014001;2021-08-01;3
14000014001;2021-08-02;5
14000014001;2021-08-03;10
14000014001;2021-08-04;9
14000014001;2021-08-05;4
14000014001;2021-08-07;2
14000014001;2021-08-08;2
14000014001;2021-08-09;5
14000014001;2021-08-10;2
14000014001;2021-08-11;2
14000014001;2021-08-12;7
14000014001;2021-08-13;8
14000014001;2021-08-14;3
14000014001;2021-08-15;16
14000014001;2021-08-16;9
14000014001;2021-08-17;8
14000015001;2021-08-01;1
14000015001;2021-08-02;3
14000015001;2021-08-07;1
14000015001;2021-08-08;1
14000015001;2021-08-10;2
14000015001;2021-08-11;1
14000015001;2021-08-12;2
14000015001;2021-08-14;1
14000015001;2021-08-15;6
14000015001;2021-08-16;3
14000015001;2021-08-17;1
14000018001;2021-08-01;1
14000018001;2021-08-02;3
14000018001;2021-08-03;4
14000018001;2021-08-04;3
14000018001;2021-08-05;5
14000018001;2021-08-06;1
14000018001;2021-08-07;1
14000018001;2021-08-08;1
14000018001;2021-08-09;2
14000018001;2021-08-10;1
14000018001;2021-08-11;2
14000018001;2021-08-12;3
14000018001;2021-08-15;6
14000018001;2021-08-17;1
14000020001;2021-08-17;1
14000021001;2021-08-01;3
14000021001;2021-08-02;2
14000021001;2021-08-03;5
14000021001;2021-08-04;4
14000021001;2021-08-05;2
14000021001;2021-08-06;1
14000021001;2021-08-07;3
14000021001;2021-08-08;1
14000021001;2021-08-09;2
14000021001;2021-08-10;1
14000021001;2021-08-13;3
14000021001;2021-08-14;3
14000021001;2021-08-15;5
14000021001;2021-08-16;1
14000021001;2021-08-17;5
14000022001;2021-08-01;5
14000022001;2021-08-02;4
14000022001;2021-08-03;6
14000022001;2021-08-04;6
14000022001;2021-08-05;13
14000022001;2021-08-06;5
14000022001;2021-08-07;2
14000022001;2021-08-08;13
14000022001;2021-08-09;8
14000022001;2021-08-10;10
14000022001;2021-08-11;12
14000022001;2021-08-12;10
14000022001;2021-08-13;15
14000022001;2021-08-14;3
14000022001;2021-08-15;9
14000022001;2021-08-16;2
14000022001;2021-08-17;11
14000023001;2021-08-01;1
14000023001;2021-08-17;1
14000027001;2021-08-01;2
14000027001;2021-08-02;2
14000027001;2021-08-03;1
14000027001;2021-08-04;2
14000027001;2021-08-05;2
14000027001;2021-08-06;1
14000027001;2021-08-08;5
14000027001;2021-08-09;4
14000027001;2021-08-10;6
14000027001;2021-08-11;4
14000027001;2021-08-12;14
14000027001;2021-08-13;5
14000027001;2021-08-14;3
14000027001;2021-08-15;10
14000027001;2021-08-16;5
14000027001;2021-08-17;8
14000032001;2021-08-01;5
14000032001;2021-08-02;10
14000032001;2021-08-03;19
14000032001;2021-08-04;17
14000032001;2021-08-05;19
14000032001;2021-08-06;4
14000032001;2021-08-07;7
14000032001;2021-08-08;12
14000032001;2021-08-09;11
14000032001;2021-08-10;17
14000032001;2021-08-11;17
14000032001;2021-08-12;25
14000032001;2021-08-13;11
14000032001;2021-08-14;8
14000032001;2021-08-15;40
14000032001;2021-08-16;25
14000032001;2021-08-17;33
14000033001;2021-08-01;6
14000033001;2021-08-02;3
14000033001;2021-08-03;1
14000033001;2021-08-04;2
14000033001;2021-08-05;8
14000033001;2021-08-06;1
14000033001;2021-08-07;1
14000033001;2021-08-08;4
14000033001;2021-08-09;5
14000033001;2021-08-10;4
14000033001;2021-08-11;7
14000033001;2021-08-12;6
14000033001;2021-08-13;4
14000033001;2021-08-14;4
14000033001;2021-08-15;7
14000033001;2021-08-16;6
14000033001;2021-08-17;10
14000036001;2021-08-01;1
14000036001;2021-08-02;1
14000036001;2021-08-04;1
14000036001;2021-08-05;1
14000036001;2021-08-06;1
14000036001;2021-08-08;1
14000036001;2021-08-09;1
14000036001;2021-08-10;2
14000036001;2021-08-15;1
14000039001;2021-08-01;12
14000039001;2021-08-02;16
14000039001;2021-08-03;15
14000039001;2021-08-04;16
14000039001;2021-08-05;21
14000039001;2021-08-06;7
14000039001;2021-08-07;7
14000039001;2021-08-08;12
14000039001;2021-08-09;22
14000039001;2021-08-10;23
14000039001;2021-08-11;18
14000039001;2021-08-12;26
14000039001;2021-08-13;21
14000039001;2021-08-14;13
14000039001;2021-08-15;37
14000039001;2021-08-16;16
14000039001;2021-08-17;18
14000040001;2021-08-01;2
14000040001;2021-08-02;1
14000040001;2021-08-03;2
14000040001;2021-08-04;6
14000040001;2021-08-05;4
14000040001;2021-08-06;2
14000040001;2021-08-08;4
14000040001;2021-08-09;3
14000040001;2021-08-10;11
14000040001;2021-08-11;12
14000040001;2021-08-12;9
14000040001;2021-08-13;7
14000040001;2021-08-14;2
14000040001;2021-08-15;9
14000040001;2021-08-16;5
14000040001;2021-08-17;13
14000041001;2021-08-01;2
14000041001;2021-08-02;2
14000041001;2021-08-03;2
14000041001;2021-08-04;1
14000041001;2021-08-05;1
14000041001;2021-08-06;1
14000041001;2021-08-08;5
14000041001;2021-08-09;2
14000041001;2021-08-10;6
14000041001;2021-08-11;4
14000041001;2021-08-12;12
14000041001;2021-08-13;4
14000041001;2021-08-14;2
14000041001;2021-08-15;9
14000041001;2021-08-16;8
14000041001;2021-08-17;7
14000042001;2021-08-01;6
14000042001;2021-08-02;2
14000042001;2021-08-03;7
14000042001;2021-08-04;9
14000042001;2021-08-05;6
14000042001;2021-08-06;4
14000042001;2021-08-07;3
14000042001;2021-08-08;4
14000042001;2021-08-09;13
14000042001;2021-08-10;10
14000042001;2021-08-11;4
14000042001;2021-08-12;11
14000042001;2021-08-13;4
14000042001;2021-08-14;4
14000042001;2021-08-15;12
14000042001;2021-08-16;4
14000042001;2021-08-17;6
14000043001;2021-08-01;4
14000043001;2021-08-02;5
14000043001;2021-08-03;4
14000043001;2021-08-04;5
14000043001;2021-08-05;9
14000043001;2021-08-06;1
14000043001;2021-08-07;4
14000043001;2021-08-08;2
14000043001;2021-08-09;3
14000043001;2021-08-10;7
14000043001;2021-08-11;5
14000043001;2021-08-12;4
14000043001;2021-08-13;6
14000043001;2021-08-14;4
14000043001;2021-08-15;16
14000043001;2021-08-16;2
14000043001;2021-08-17;5
14000050001;2021-08-01;4
14000050001;2021-08-02;2
14000050001;2021-08-03;3
14000050001;2021-08-04;1
14000050001;2021-08-06;1
14000050001;2021-08-07;1
14000050001;2021-08-09;3
14000050001;2021-08-10;4
14000050001;2021-08-11;4
14000050001;2021-08-12;1
14000050001;2021-08-13;2
14000050001;2021-08-14;1
14000050001;2021-08-15;5
14000050001;2021-08-17;4
14000055001;2021-08-02;1
14000055001;2021-08-03;3
14000055001;2021-08-05;2
14000055001;2021-08-10;2
14000055001;2021-08-12;1
14000055001;2021-08-13;2
14000055001;2021-08-15;4
14000055001;2021-08-16;3
14000055001;2021-08-17;4
14000057001;2021-08-01;21
14000057001;2021-08-02;31
14000057001;2021-08-03;27
14000057001;2021-08-04;42
14000057001;2021-08-05;37
14000057001;2021-08-06;13
14000057001;2021-08-07;13
14000057001;2021-08-08;17
14000057001;2021-08-09;20
14000057001;2021-08-10;20
14000057001;2021-08-11;25
14000057001;2021-08-12;37
14000057001;2021-08-13;25
14000057001;2021-08-14;13
14000057001;2021-08-15;65
14000057001;2021-08-16;31
14000057001;2021-08-17;51
14000060001;2021-08-01;11
14000060001;2021-08-02;2
14000060001;2021-08-03;4
14000060001;2021-08-04;2
14000060001;2021-08-05;8
14000060001;2021-08-06;3
14000060001;2021-08-08;6
14000060001;2021-08-09;8
14000060001;2021-08-10;1
14000060001;2021-08-11;5
14000060001;2021-08-12;5
14000060001;2021-08-13;9
14000060001;2021-08-14;6
14000060001;2021-08-15;11
14000060001;2021-08-16;8
14000060001;2021-08-17;10
14000061001;2021-08-01;2
14000061001;2021-08-02;1
14000061001;2021-08-03;3
14000061001;2021-08-04;3
14000061001;2021-08-05;1
14000061001;2021-08-06;1
14000061001;2021-08-07;1
14000061001;2021-08-09;3
14000061001;2021-08-10;3
14000061001;2021-08-11;2
14000061001;2021-08-13;3
14000061001;2021-08-14;1
14000061001;2021-08-15;2
14000061001;2021-08-16;3
14000061001;2021-08-17;1
14000066001;2021-08-01;2
14000066001;2021-08-02;1
14000066001;2021-08-04;5
14000066001;2021-08-05;4
14000066001;2021-08-07;1
14000066001;2021-08-08;1
14000066001;2021-08-10;1
14000066001;2021-08-16;1
14000066001;2021-08-17;1
14000067001;2021-08-09;1
14000067001;2021-08-10;2
14000067001;2021-08-11;1
14000067001;2021-08-12;2
14000067001;2021-08-13;2
14000067001;2021-08-15;2
14000067001;2021-08-17;2
14000071001;2021-08-01;2
14000071001;2021-08-02;4
14000071001;2021-08-03;4
14000071001;2021-08-04;3
14000071001;2021-08-05;6
14000071001;2021-08-06;6
14000071001;2021-08-08;7
14000071001;2021-08-09;1
14000071001;2021-08-10;4
14000071001;2021-08-11;11
14000071001;2021-08-12;15
14000071001;2021-08-13;10
14000071001;2021-08-14;5
14000071001;2021-08-15;13
14000071001;2021-08-16;7
14000071001;2021-08-17;7
14000073001;2021-08-01;5
14000073001;2021-08-02;5
14000073001;2021-08-03;5
14000073001;2021-08-04;10
14000073001;2021-08-05;11
14000073001;2021-08-06;2
14000073001;2021-08-07;2
14000073001;2021-08-08;8
14000073001;2021-08-09;7
14000073001;2021-08-10;10
14000073001;2021-08-11;16
14000073001;2021-08-12;24
14000073001;2021-08-13;11
14000073001;2021-08-14;20
14000073001;2021-08-15;20
14000073001;2021-08-16;17
14000073001;2021-08-17;23
14000075001;2021-08-01;6
14000075001;2021-08-02;4
14000075001;2021-08-03;8
14000075001;2021-08-04;15
14000075001;2021-08-05;9
14000075001;2021-08-06;4
14000075001;2021-08-07;5
14000075001;2021-08-08;6
14000075001;2021-08-09;4
14000075001;2021-08-10;4
14000075001;2021-08-11;4
14000075001;2021-08-12;12
14000075001;2021-08-13;5
14000075001;2021-08-14;3
14000075001;2021-08-15;12
14000075001;2021-08-16;7
14000075001;2021-08-17;6
14000098001;2021-08-01;2
14000098001;2021-08-04;1
14000098001;2021-08-05;2
14000098001;2021-08-10;3
14000098001;2021-08-12;1
14000098001;2021-08-15;2
14000099001;2021-08-02;1
14000099001;2021-08-03;1
14000099001;2021-08-09;1
14000099001;2021-08-12;1
14000099001;2021-08-15;2
14000099001;2021-08-17;1
14000102001;2021-08-01;2
14000102001;2021-08-02;2
14000102001;2021-08-05;2
14000102001;2021-08-12;1
14000102001;2021-08-15;1
14000102001;2021-08-16;1
14000102001;2021-08-17;1
14000106001;2021-08-11;2
14000106001;2021-08-12;2
14000106001;2021-08-14;1
14000106001;2021-08-15;4
14000106001;2021-08-16;3
14000106001;2021-08-17;1
14000123001;2021-08-01;3
14000123001;2021-08-03;5
14000123001;2021-08-04;2
14000123001;2021-08-05;3
14000123001;2021-08-07;1
14000123001;2021-08-08;4
14000123001;2021-08-09;6
14000123001;2021-08-10;2
14000123001;2021-08-11;2
14000123001;2021-08-12;2
14000123001;2021-08-13;3
14000123001;2021-08-15;9
14000123001;2021-08-16;3
14000123001;2021-08-17;3
14000131001;2021-08-08;1
14000131001;2021-08-09;1
14000131001;2021-08-10;2
14000131001;2021-08-11;1
14000131001;2021-08-12;3
14000131001;2021-08-13;2
14000131001;2021-08-15;3
14000131001;2021-08-16;1
14000131001;2021-08-17;1
14000196001;2021-08-01;15
14000196001;2021-08-02;8
14000196001;2021-08-03;13
14000196001;2021-08-04;12
14000196001;2021-08-05;7
14000196001;2021-08-07;2
14000196001;2021-08-08;23
14000196001;2021-08-09;12
14000196001;2021-08-10;3
14000196001;2021-08-11;11
14000196001;2021-08-12;12
14000196001;2021-08-13;2
14000196001;2021-08-14;17
14000196001;2021-08-15;26
14000196001;2021-08-16;14
14000196001;2021-08-17;16
14000197001;2021-08-01;13
14000197001;2021-08-02;13
14000197001;2021-08-03;20
14000197001;2021-08-04;28
14000197001;2021-08-05;21
14000197001;2021-08-06;10
14000197001;2021-08-07;13
14000197001;2021-08-08;7
14000197001;2021-08-09;12
14000197001;2021-08-10;3
14000197001;2021-08-11;18
14000197001;2021-08-12;23
14000197001;2021-08-13;10
14000197001;2021-08-14;13
14000197001;2021-08-15;37
14000197001;2021-08-16;12
14000197001;2021-08-17;19
14000219001;2021-08-11;1
14000219001;2021-08-14;1
14000220001;2021-08-01;2
14000220001;2021-08-02;2
14000220001;2021-08-03;4
14000220001;2021-08-04;3
14000220001;2021-08-05;2
14000220001;2021-08-06;2
14000220001;2021-08-07;1
14000220001;2021-08-08;1
14001001001;2021-08-14;3
14001001001;2021-08-15;2
14001001001;2021-08-16;1
14001001001;2021-08-17;5
14001002001;2021-08-01;6
14001002001;2021-08-02;3
14001002001;2021-08-03;1
14001002001;2021-08-04;4
14001002001;2021-08-05;2
14001002001;2021-08-06;1
14001002001;2021-08-08;4
14001002001;2021-08-09;4
14001002001;2021-08-10;2
14001002001;2021-08-11;4
14001002001;2021-08-12;8
14001002001;2021-08-13;2
14001002001;2021-08-14;1
14001002001;2021-08-15;5
14001002001;2021-08-16;2
14001002001;2021-08-17;6
14001003001;2021-08-02;1
14001003001;2021-08-03;2
14001003001;2021-08-04;4
14001003001;2021-08-05;4
14001003001;2021-08-06;1
14001003001;2021-08-07;1
14001003001;2021-08-08;4
14001003001;2021-08-09;5
14001003001;2021-08-10;2
14001003001;2021-08-11;1
14001003001;2021-08-12;3
14001003001;2021-08-13;1
14001003001;2021-08-14;1
14001003001;2021-08-15;3
14001003001;2021-08-17;1
14001007001;2021-08-01;4
14001007001;2021-08-02;1
14001007001;2021-08-04;1
14001007001;2021-08-05;3
14001007001;2021-08-06;1
14001007001;2021-08-07;4
14001007001;2021-08-08;4
14001007001;2021-08-09;2
14001007001;2021-08-10;5
14001007001;2021-08-12;1
14001007001;2021-08-13;2
14001007001;2021-08-14;3
14001007001;2021-08-15;1
14001007001;2021-08-17;2
14001008001;2021-08-02;2
14001008001;2021-08-03;1
14001008001;2021-08-04;2
14001008001;2021-08-05;4
14001008001;2021-08-06;1
14001008001;2021-08-07;1
14001008001;2021-08-08;1
14001008001;2021-08-09;2
14001008001;2021-08-10;1
14001008001;2021-08-11;2
14001008001;2021-08-12;4
14001008001;2021-08-13;2
14001008001;2021-08-14;2
14001008001;2021-08-15;1
14001008001;2021-08-16;4
14001009001;2021-08-01;1
14001009001;2021-08-02;2
14001009001;2021-08-03;2
14001009001;2021-08-04;4
14001009001;2021-08-06;1
14001009001;2021-08-07;1
14001009001;2021-08-08;6
14001009001;2021-08-09;4
14001009001;2021-08-10;3
14001009001;2021-08-11;1
14001009001;2021-08-12;3
14001009001;2021-08-13;4
14001009001;2021-08-14;5
14001009001;2021-08-15;5
14001009001;2021-08-16;1
14001009001;2021-08-17;6
14001010001;2021-08-04;1
14001010001;2021-08-06;1
14001010001;2021-08-07;2
14001010001;2021-08-08;1
14001010001;2021-08-09;2
14001010001;2021-08-10;2
14001010001;2021-08-12;1
14001010001;2021-08-13;3
14001010001;2021-08-14;1
14001010001;2021-08-15;1
14001010001;2021-08-16;4
14001010001;2021-08-17;1
14001012001;2021-08-01;11
14001012001;2021-08-02;9
14001012001;2021-08-03;3
14001012001;2021-08-04;6
14001012001;2021-08-05;12
14001012001;2021-08-06;1
14001012001;2021-08-07;6
14001012001;2021-08-08;9
14001012001;2021-08-09;8
14001012001;2021-08-10;6
14001012001;2021-08-11;9
14001012001;2021-08-12;8
14001012001;2021-08-13;6
14001012001;2021-08-14;4
14001012001;2021-08-15;8
14001012001;2021-08-16;4
14001012001;2021-08-17;4
14001014001;2021-08-16;2
14001014001;2021-08-17;1
14001017001;2021-08-01;10
14001017001;2021-08-02;7
14001017001;2021-08-03;8
14001017001;2021-08-04;6
14001017001;2021-08-05;11
14001017001;2021-08-06;1
14001017001;2021-08-07;9
14001017001;2021-08-08;6
14001017001;2021-08-09;5
14001017001;2021-08-10;8
14001017001;2021-08-11;8
14001017001;2021-08-12;15
14001017001;2021-08-13;13
14001017001;2021-08-14;7
14001017001;2021-08-15;22
14001017001;2021-08-16;7
14001017001;2021-08-17;15
14001018001;2021-08-01;3
14001018001;2021-08-04;2
14001018001;2021-08-05;1
14001018001;2021-08-07;2
14001018001;2021-08-08;1
14001018001;2021-08-09;1
14001018001;2021-08-10;5
14001018001;2021-08-11;2
14001018001;2021-08-12;5
14001018001;2021-08-13;1
14001018001;2021-08-14;2
14001018001;2021-08-15;5
14001018001;2021-08-16;3
14001018001;2021-08-17;2
14001019001;2021-08-03;4
14001019001;2021-08-04;1
14001019001;2021-08-05;4
14001019001;2021-08-06;2
14001019001;2021-08-07;1
14001019001;2021-08-09;1
14001019001;2021-08-10;1
14001019001;2021-08-12;1
14001019001;2021-08-15;2
14001019001;2021-08-16;1
14001019001;2021-08-17;1
14001029001;2021-08-02;2
14001029001;2021-08-03;1
14001029001;2021-08-05;1
14001029001;2021-08-06;1
14001029001;2021-08-07;1
14001029001;2021-08-14;1
14001029001;2021-08-15;3
14001029001;2021-08-16;1
14001029001;2021-08-17;1
14001030001;2021-08-02;1
14001030001;2021-08-03;1
14001030001;2021-08-04;1
14001030001;2021-08-05;2
14001030001;2021-08-06;1
14001030001;2021-08-08;3
14001030001;2021-08-09;4
14001030001;2021-08-10;1
14001030001;2021-08-11;1
14001030001;2021-08-12;6
14001030001;2021-08-13;4
14001030001;2021-08-15;6
14001030001;2021-08-16;1
14001030001;2021-08-17;2
14001031001;2021-08-01;5
14001031001;2021-08-02;6
14001031001;2021-08-03;4
14001031001;2021-08-04;4
14001031001;2021-08-05;1
14001031001;2021-08-06;2
14001031001;2021-08-07;1
14001031001;2021-08-09;1
14001031001;2021-08-10;3
14001031001;2021-08-11;6
14001031001;2021-08-12;3
14001031001;2021-08-14;1
14001031001;2021-08-15;6
14001031001;2021-08-16;3
14001031001;2021-08-17;5
14001033001;2021-08-01;2
14001033001;2021-08-02;2
14001033001;2021-08-05;2
14001033001;2021-08-08;2
14001033001;2021-08-09;4
14001033001;2021-08-10;1
14001033001;2021-08-11;4
14001033001;2021-08-12;3
14001033001;2021-08-13;1
14001033001;2021-08-14;2
14001033001;2021-08-15;3
14001033001;2021-08-16;1
14001033001;2021-08-17;3
14001034001;2021-08-01;4
14001034001;2021-08-02;5
14001034001;2021-08-03;2
14001034001;2021-08-05;5
14001034001;2021-08-06;4
14001034001;2021-08-07;2
14001034001;2021-08-08;4
14001034001;2021-08-09;2
14001034001;2021-08-10;5
14001034001;2021-08-11;6
14001034001;2021-08-12;9
14001034001;2021-08-13;3
14001034001;2021-08-14;2
14001034001;2021-08-15;6
14001034001;2021-08-16;4
14001034001;2021-08-17;7
14001036001;2021-08-01;5
14001036001;2021-08-02;5
14001036001;2021-08-03;1
14001036001;2021-08-04;1
14001036001;2021-08-05;3
14001036001;2021-08-06;1
14001036001;2021-08-07;2
14001036001;2021-08-08;1
14001036001;2021-08-09;3
14001036001;2021-08-10;2
14001036001;2021-08-11;4
14001036001;2021-08-13;2
14001036001;2021-08-14;1
14001036001;2021-08-15;3
14001036001;2021-08-16;2
14001036001;2021-08-17;8
14001045001;2021-08-01;9
14001045001;2021-08-02;6
14001045001;2021-08-03;8
14001045001;2021-08-04;7
14001045001;2021-08-05;15
14001045001;2021-08-06;7
14001045001;2021-08-07;6
14001045001;2021-08-08;13
14001045001;2021-08-09;9
14001045001;2021-08-10;14
14001045001;2021-08-11;13
14001045001;2021-08-12;17
14001045001;2021-08-13;16
14001045001;2021-08-14;7
14001045001;2021-08-15;21
14001045001;2021-08-16;10
14001045001;2021-08-17;29
14001047001;2021-08-01;21
14001047001;2021-08-02;27
14001047001;2021-08-03;10
14001047001;2021-08-04;5
14001047001;2021-08-05;9
14001047001;2021-08-06;3
14001047001;2021-08-07;2
14001047001;2021-08-08;7
14001047001;2021-08-09;8
14001047001;2021-08-10;2
14001047001;2021-08-11;11
14001047001;2021-08-12;15
14001047001;2021-08-13;22
14001047001;2021-08-14;14
14001047001;2021-08-15;28
14001047001;2021-08-16;18
14001047001;2021-08-17;27
14001050001;2021-08-02;1
14001050001;2021-08-04;2
14001050001;2021-08-05;2
14001050001;2021-08-13;1
14001052001;2021-08-01;8
14001052001;2021-08-02;6
14001052001;2021-08-03;4
14001052001;2021-08-04;8
14001052001;2021-08-05;13
14001052001;2021-08-06;2
14001052001;2021-08-07;8
14001052001;2021-08-08;9
14001052001;2021-08-09;9
14001052001;2021-08-10;8
14001052001;2021-08-11;12
14001052001;2021-08-12;21
14001052001;2021-08-13;7
14001052001;2021-08-14;4
14001052001;2021-08-15;20
14001052001;2021-08-16;4
14001052001;2021-08-17;13
14001053001;2021-08-01;9
14001053001;2021-08-02;3
14001053001;2021-08-03;7
14001053001;2021-08-04;9
14001053001;2021-08-05;3
14001053001;2021-08-06;2
14001053001;2021-08-07;2
14001053001;2021-08-08;2
14001053001;2021-08-09;3
14001053001;2021-08-11;3
14001053001;2021-08-12;19
14001053001;2021-08-13;20
14001053001;2021-08-14;10
14001053001;2021-08-15;26
14001053001;2021-08-16;7
14001053001;2021-08-17;33
14001058001;2021-08-01;1
14001058001;2021-08-02;1
14001058001;2021-08-04;2
14001058001;2021-08-05;2
14001058001;2021-08-06;1
14001058001;2021-08-08;1
14001058001;2021-08-10;1
14001058001;2021-08-11;2
14001058001;2021-08-13;1
14001058001;2021-08-14;1
14001058001;2021-08-15;3
14001058001;2021-08-16;1
14001058001;2021-08-17;1
14001060001;2021-08-01;1
14001060001;2021-08-02;1
14001060001;2021-08-03;1
14001060001;2021-08-04;3
14001060001;2021-08-05;1
14001060001;2021-08-06;1
14001060001;2021-08-07;3
14001060001;2021-08-08;4
14001060001;2021-08-09;4
14001060001;2021-08-10;5
14001060001;2021-08-11;5
14001060001;2021-08-12;4
14001060001;2021-08-13;2
14001060001;2021-08-14;5
14001060001;2021-08-15;1
14001066001;2021-08-01;4
14001066001;2021-08-02;5
14001066001;2021-08-03;6
14001066001;2021-08-04;1
14001066001;2021-08-05;5
14001066001;2021-08-07;1
14001066001;2021-08-08;7
14001066001;2021-08-09;3
14001066001;2021-08-10;5
14001066001;2021-08-11;3
14001066001;2021-08-12;1
14001066001;2021-08-14;3
14001066001;2021-08-15;3
14001066001;2021-08-16;2
14001066001;2021-08-17;2
14001070001;2021-08-17;2
14001074001;2021-08-01;3
14001074001;2021-08-02;5
14001074001;2021-08-03;1
14001074001;2021-08-04;3
14001074001;2021-08-05;1
14001074001;2021-08-06;1
14001074001;2021-08-08;2
14001074001;2021-08-09;4
14001074001;2021-08-10;4
14001074001;2021-08-11;17
14001074001;2021-08-12;15
14001074001;2021-08-13;8
14001074001;2021-08-14;6
14001074001;2021-08-15;35
14001074001;2021-08-16;11
14001074001;2021-08-17;8
14001075001;2021-08-02;5
14001075001;2021-08-03;3
14001075001;2021-08-04;4
14001075001;2021-08-05;1
14001075001;2021-08-07;1
14001075001;2021-08-08;3
14001075001;2021-08-09;1
14001075001;2021-08-10;3
14001075001;2021-08-12;2
14001075001;2021-08-13;4
14001075001;2021-08-14;1
14001075001;2021-08-15;1
14001075001;2021-08-16;2
14001075001;2021-08-17;4
14001080001;2021-08-01;1
14001080001;2021-08-02;3
14001080001;2021-08-05;1
14001080001;2021-08-08;1
14001084001;2021-08-01;1
14001084001;2021-08-02;1
14001084001;2021-08-03;2
14001084001;2021-08-04;1
14001084001;2021-08-05;1
14001084001;2021-08-06;1
14001084001;2021-08-07;2
14001084001;2021-08-08;2
14001084001;2021-08-09;1
14001084001;2021-08-10;1
14001084001;2021-08-11;3
14001084001;2021-08-14;1
14001084001;2021-08-15;1
14001085001;2021-08-02;1
14001085001;2021-08-03;2
14001085001;2021-08-05;4
14001085001;2021-08-06;1
14001085001;2021-08-07;1
14001085001;2021-08-08;1
14001085001;2021-08-09;1
14001085001;2021-08-10;1
14001085001;2021-08-11;2
14001085001;2021-08-12;3
14001085001;2021-08-16;1
14001086001;2021-08-01;5
14001086001;2021-08-03;1
14001086001;2021-08-05;1
14001086001;2021-08-07;1
14001086001;2021-08-10;1
14001086001;2021-08-12;2
14001086001;2021-08-13;1
14001086001;2021-08-14;2
14001086001;2021-08-15;2
14001086001;2021-08-16;3
14001086001;2021-08-17;5
14001089001;2021-08-01;1
14001089001;2021-08-02;1
14001089001;2021-08-04;2
14001089001;2021-08-05;2
14001089001;2021-08-08;1
14001089001;2021-08-11;1
14001089001;2021-08-12;2
14001089001;2021-08-16;1
14001089001;2021-08-17;1
14001090001;2021-08-01;9
14001090001;2021-08-02;11
14001090001;2021-08-03;11
14001090001;2021-08-04;7
14001090001;2021-08-05;9
14001090001;2021-08-06;2
14001090001;2021-08-07;3
14001090001;2021-08-08;15
14001090001;2021-08-09;12
14001090001;2021-08-10;4
14001090001;2021-08-11;12
14001090001;2021-08-12;16
14001090001;2021-08-13;8
14001090001;2021-08-14;6
14001090001;2021-08-15;15
14001090001;2021-08-16;5
14001090001;2021-08-17;8
14001092001;2021-08-02;1
14001092001;2021-08-05;2
14001092001;2021-08-06;2
14001092001;2021-08-08;6
14001092001;2021-08-09;4
14001092001;2021-08-10;2
14001092001;2021-08-11;1
14001092001;2021-08-12;3
14001092001;2021-08-14;2
14001092001;2021-08-15;4
14001092001;2021-08-16;2
14001092001;2021-08-17;5
14001093001;2021-08-01;6
14001093001;2021-08-02;9
14001093001;2021-08-03;7
14001093001;2021-08-04;5
14001093001;2021-08-05;5
14001093001;2021-08-06;2
14001093001;2021-08-09;2
14001093001;2021-08-10;2
14001093001;2021-08-11;7
14001093001;2021-08-12;17
14001093001;2021-08-13;13
14001093001;2021-08-14;10
14001093001;2021-08-15;40
14001093001;2021-08-16;15
14001093001;2021-08-17;16
14001096001;2021-08-01;1
14001096001;2021-08-02;1
14001096001;2021-08-06;1
14001096001;2021-08-08;2
14001096001;2021-08-09;2
14001096001;2021-08-10;1
14001096001;2021-08-12;1
14001096001;2021-08-15;1
14001096001;2021-08-17;2
14001097001;2021-08-01;1
14001097001;2021-08-08;1
14001097001;2021-08-10;1
14001097001;2021-08-11;1
14001097001;2021-08-12;1
14001097001;2021-08-13;1
14001097001;2021-08-15;2
14001097001;2021-08-16;2
14001104001;2021-08-01;2
14001104001;2021-08-02;1
14001104001;2021-08-03;4
14001104001;2021-08-04;1
14001104001;2021-08-05;4
14001104001;2021-08-06;1
14001104001;2021-08-08;3
14001104001;2021-08-09;3
14001104001;2021-08-10;3
14001104001;2021-08-11;2
14001104001;2021-08-12;1
14001104001;2021-08-13;1
14001104001;2021-08-15;2
14001104001;2021-08-17;2
14001136001;2021-08-01;1
14001136001;2021-08-02;1
14001136001;2021-08-04;1
14001136001;2021-08-05;1
14001136001;2021-08-07;1
14001136001;2021-08-08;1
14001136001;2021-08-09;2
14001138001;2021-08-01;2
14001138001;2021-08-02;3
14001138001;2021-08-03;5
14001138001;2021-08-04;3
14001138001;2021-08-05;3
14001138001;2021-08-06;2
14001138001;2021-08-07;2
14001138001;2021-08-08;3
14001138001;2021-08-09;3
14001138001;2021-08-10;1
14001138001;2021-08-11;1
14001138001;2021-08-12;4
14001138001;2021-08-13;1
14001138001;2021-08-14;2
14001138001;2021-08-15;6
14001138001;2021-08-16;5
14001138001;2021-08-17;5
14001149001;2021-08-03;1
14001149001;2021-08-09;1
14001149001;2021-08-10;1
14001149001;2021-08-11;1
14001149001;2021-08-12;2
14001149001;2021-08-14;1
14001149001;2021-08-17;2
14001150001;2021-08-04;2
14001150001;2021-08-07;2
14001150001;2021-08-08;1
14001635001;2021-08-01;1
14001635001;2021-08-02;5
14001635001;2021-08-03;1
14001635001;2021-08-04;1
14001635001;2021-08-05;3
14001635001;2021-08-06;2
14001635001;2021-08-07;3
14001635001;2021-08-08;3
14001635001;2021-08-09;4
14001635001;2021-08-10;5
14001635001;2021-08-11;2
14001635001;2021-08-12;4
14001635001;2021-08-13;2
14001635001;2021-08-15;4
14001635001;2021-08-17;4
14002002001;2021-08-01;14
14002002001;2021-08-02;15
14002002001;2021-08-03;20
14002002001;2021-08-04;17
14002002001;2021-08-05;22
14002002001;2021-08-06;7
14002002001;2021-08-07;7
14002002001;2021-08-08;8
14002002001;2021-08-09;19
14002002001;2021-08-10;7
14002002001;2021-08-11;8
14002002001;2021-08-12;15
14002002001;2021-08-13;11
14002002001;2021-08-14;2
14002002001;2021-08-15;19
14002002001;2021-08-16;5
14002002001;2021-08-17;9
14002003001;2021-08-04;1
14002003001;2021-08-05;4
14002003001;2021-08-08;1
14002003001;2021-08-12;4
14002003001;2021-08-13;2
14002003001;2021-08-15;1
14002003001;2021-08-16;1
14002003001;2021-08-17;4
14002008001;2021-08-06;1
14002008001;2021-08-08;1
14002008001;2021-08-15;1
14002013001;2021-08-01;2
14002013001;2021-08-03;2
14002013001;2021-08-04;2
14002013001;2021-08-05;2
14002013001;2021-08-06;1
14002013001;2021-08-07;1
14002013001;2021-08-09;7
14002013001;2021-08-10;3
14002013001;2021-08-11;2
14002013001;2021-08-12;2
14002013001;2021-08-13;1
14002013001;2021-08-15;9
14002013001;2021-08-17;1
14002021001;2021-08-04;2
14002021001;2021-08-05;3
14002021001;2021-08-07;1
14002021001;2021-08-08;4
14002021001;2021-08-09;2
14002021001;2021-08-11;2
14002021001;2021-08-12;1
14002021001;2021-08-13;1
14002021001;2021-08-15;3
14002021001;2021-08-16;1
14002021001;2021-08-17;1
14002022001;2021-08-15;4
14002024001;2021-08-05;1
14002024001;2021-08-08;1
14002024001;2021-08-15;1
14002026001;2021-08-02;1
14002026001;2021-08-10;2
14002026001;2021-08-15;2
14002026001;2021-08-16;4
14002027001;2021-08-01;3
14002027001;2021-08-02;1
14002027001;2021-08-05;3
14002027001;2021-08-06;1
14002027001;2021-08-09;1
14002027001;2021-08-10;1
14002027001;2021-08-12;2
14002027001;2021-08-13;2
14002027001;2021-08-14;2
14002027001;2021-08-15;1
14002027001;2021-08-16;1
14002027001;2021-08-17;3
14002040001;2021-08-01;4
14002040001;2021-08-02;1
14002040001;2021-08-05;2
14002040001;2021-08-15;4
14002040001;2021-08-16;1
14002040001;2021-08-17;1
14002046001;2021-08-01;3
14002046001;2021-08-02;1
14002046001;2021-08-05;1
14002046001;2021-08-06;1
14002046001;2021-08-07;3
14002046001;2021-08-08;1
14002046001;2021-08-17;1
14003005001;2021-08-09;1
14003005001;2021-08-14;1
14003005001;2021-08-17;1
14003009001;2021-08-01;3
14003009001;2021-08-02;8
14003009001;2021-08-03;5
14003009001;2021-08-04;4
14003009001;2021-08-05;7
14003009001;2021-08-06;2
14003009001;2021-08-07;1
14003009001;2021-08-08;11
14003009001;2021-08-09;14
14003009001;2021-08-10;6
14003009001;2021-08-11;10
14003009001;2021-08-12;12
14003009001;2021-08-13;6
14003009001;2021-08-14;1
14003009001;2021-08-15;11
14003009001;2021-08-16;6
14003009001;2021-08-17;4
14003011001;2021-08-01;1
14003011001;2021-08-02;2
14003011001;2021-08-03;4
14003011001;2021-08-04;2
14003011001;2021-08-05;1
14003011001;2021-08-10;1
14003011001;2021-08-11;2
14003011001;2021-08-12;3
14003011001;2021-08-13;3
14003011001;2021-08-15;4
14003011001;2021-08-16;2
14003011001;2021-08-17;8
14003013001;2021-08-01;3
14003013001;2021-08-02;6
14003013001;2021-08-04;4
14003013001;2021-08-05;6
14003013001;2021-08-06;1
14003013001;2021-08-07;1
14003013001;2021-08-09;4
14003013001;2021-08-10;1
14003013001;2021-08-11;6
14003013001;2021-08-12;9
14003013001;2021-08-13;4
14003013001;2021-08-14;4
14003013001;2021-08-15;5
14003013001;2021-08-16;4
14003013001;2021-08-17;3
14003019001;2021-08-02;7
14003019001;2021-08-03;3
14003019001;2021-08-04;11
14003019001;2021-08-05;12
14003019001;2021-08-06;3
14003019001;2021-08-07;2
14003019001;2021-08-08;9
14003019001;2021-08-09;9
14003019001;2021-08-10;8
14003019001;2021-08-11;3
14003019001;2021-08-12;4
14003019001;2021-08-13;4
14003019001;2021-08-14;3
14003019001;2021-08-15;16
14003019001;2021-08-16;5
14003019001;2021-08-17;16
14003029001;2021-08-01;20
14003029001;2021-08-02;11
14003029001;2021-08-03;14
14003029001;2021-08-04;11
14003029001;2021-08-05;14
14003029001;2021-08-06;3
14003029001;2021-08-07;6
14003029001;2021-08-08;2
14003029001;2021-08-10;7
14003029001;2021-08-11;8
14003029001;2021-08-12;13
14003029001;2021-08-13;11
14003029001;2021-08-14;13
14003029001;2021-08-15;29
14003029001;2021-08-16;9
14003029001;2021-08-17;20
14003037001;2021-08-01;7
14003037001;2021-08-02;6
14003037001;2021-08-03;7
14003037001;2021-08-04;10
14003037001;2021-08-05;11
14003037001;2021-08-06;4
14003037001;2021-08-07;7
14003037001;2021-08-08;6
14003037001;2021-08-09;8
14003037001;2021-08-10;4
14003037001;2021-08-11;12
14003037001;2021-08-12;12
14003037001;2021-08-13;11
14003037001;2021-08-14;7
14003037001;2021-08-15;9
14003037001;2021-08-16;2
14003037001;2021-08-17;9
14003041001;2021-08-01;8
14003041001;2021-08-02;3
14003041001;2021-08-03;10
14003041001;2021-08-04;7
14003041001;2021-08-05;16
14003041001;2021-08-06;3
14003041001;2021-08-07;6
14003041001;2021-08-08;11
14003041001;2021-08-09;13
14003041001;2021-08-10;13
14003041001;2021-08-11;11
14003041001;2021-08-12;26
14003041001;2021-08-13;13
14003041001;2021-08-14;9
14003041001;2021-08-15;21
14003041001;2021-08-16;13
14003041001;2021-08-17;15
14010002001;2021-08-01;5
14010002001;2021-08-03;6
14010002001;2021-08-04;1
14010002001;2021-08-05;1
14010002001;2021-08-07;2
14010002001;2021-08-08;3
14010002001;2021-08-11;8
14010002001;2021-08-12;14
14010002001;2021-08-13;6
14010002001;2021-08-14;10
14010002001;2021-08-15;27
14010002001;2021-08-16;8
14010002001;2021-08-17;15
14010006001;2021-08-03;1
14010006001;2021-08-10;1
14010006001;2021-08-11;1
14010006001;2021-08-12;2
14010006001;2021-08-14;1
14010006001;2021-08-15;1
14010006001;2021-08-17;1
14010011001;2021-08-01;14
14010011001;2021-08-02;18
14010011001;2021-08-03;21
14010011001;2021-08-04;34
14010011001;2021-08-05;37
14010011001;2021-08-06;15
14010011001;2021-08-07;6
14010011001;2021-08-08;19
14010011001;2021-08-09;16
14010011001;2021-08-10;22
14010011001;2021-08-11;17
14010011001;2021-08-12;17
14010011001;2021-08-13;12
14010011001;2021-08-14;6
14010011001;2021-08-15;44
14010011001;2021-08-16;11
14010011001;2021-08-17;15
14010012001;2021-08-01;2
14010012001;2021-08-02;1
14010012001;2021-08-03;1
14010012001;2021-08-04;2
14010012001;2021-08-05;3
14010012001;2021-08-07;1
14010012001;2021-08-08;3
14010012001;2021-08-09;5
14010012001;2021-08-10;2
14010012001;2021-08-11;4
14010012001;2021-08-12;2
14010012001;2021-08-14;4
14010012001;2021-08-15;2
14010012001;2021-08-17;5
14010019001;2021-08-01;4
14010019001;2021-08-02;4
14010019001;2021-08-03;2
14010019001;2021-08-04;5
14010019001;2021-08-05;8
14010019001;2021-08-06;1
14010019001;2021-08-07;2
14010019001;2021-08-08;5
14010019001;2021-08-09;5
14010019001;2021-08-10;3
14010019001;2021-08-11;4
14010019001;2021-08-12;5
14010019001;2021-08-13;1
14010019001;2021-08-14;1
14010019001;2021-08-15;7
14010019001;2021-08-16;5
14010019001;2021-08-17;3
14010023001;2021-08-02;1
14010023001;2021-08-04;1
14010023001;2021-08-05;1
14010023001;2021-08-09;1
14010025001;2021-08-01;10
14010025001;2021-08-02;1
14010025001;2021-08-03;6
14010025001;2021-08-04;3
14010025001;2021-08-05;2
14010025001;2021-08-06;2
14010025001;2021-08-10;1
14010025001;2021-08-13;3
14010025001;2021-08-14;1
14010025001;2021-08-15;8
14010025001;2021-08-16;2
14010025001;2021-08-17;4
14010027001;2021-08-01;5
14010027001;2021-08-02;8
14010027001;2021-08-03;11
14010027001;2021-08-04;10
14010027001;2021-08-05;8
14010027001;2021-08-06;6
14010027001;2021-08-07;5
14010027001;2021-08-08;4
14010027001;2021-08-09;1
14010027001;2021-08-10;1
14010027001;2021-08-11;3
14010027001;2021-08-12;5
14010027001;2021-08-13;2
14010027001;2021-08-14;1
14010027001;2021-08-15;10
14010027001;2021-08-16;4
14010027001;2021-08-17;8
14010029001;2021-08-02;4
14010029001;2021-08-03;1
14010029001;2021-08-04;2
14010029001;2021-08-05;3
14010029001;2021-08-09;1
14010029001;2021-08-10;1
14010029001;2021-08-11;3
14010029001;2021-08-12;4
14010029001;2021-08-14;3
14010029001;2021-08-15;3
14010029001;2021-08-16;1
14010029001;2021-08-17;4
14010030001;2021-08-01;1
14010030001;2021-08-03;2
14010030001;2021-08-04;1
14010030001;2021-08-05;3
14010030001;2021-08-06;1
14010030001;2021-08-07;2
14010030001;2021-08-08;4
14010030001;2021-08-09;2
14010030001;2021-08-10;3
14010030001;2021-08-11;4
14010030001;2021-08-12;3
14010030001;2021-08-13;1
14010030001;2021-08-14;3
14010030001;2021-08-15;4
14010030001;2021-08-16;2
14010030001;2021-08-17;7
14010031001;2021-08-01;13
14010031001;2021-08-02;6
14010031001;2021-08-03;13
14010031001;2021-08-04;19
14010031001;2021-08-05;9
14010031001;2021-08-06;7
14010031001;2021-08-07;5
14010031001;2021-08-08;6
14010031001;2021-08-09;4
14010031001;2021-08-10;12
14010031001;2021-08-11;8
14010031001;2021-08-12;7
14010031001;2021-08-13;10
14010031001;2021-08-14;3
14010031001;2021-08-15;27
14010031001;2021-08-16;12
14010031001;2021-08-17;16
14010034001;2021-08-01;9
14010034001;2021-08-02;10
14010034001;2021-08-03;17
14010034001;2021-08-04;18
14010034001;2021-08-05;19
14010034001;2021-08-06;9
14010034001;2021-08-07;5
14010034001;2021-08-08;8
14010034001;2021-08-09;10
14010034001;2021-08-10;12
14010034001;2021-08-11;11
14010034001;2021-08-12;15
14010034001;2021-08-13;3
14010034001;2021-08-14;10
14010034001;2021-08-15;20
14010034001;2021-08-16;12
14010034001;2021-08-17;17
14010036001;2021-08-01;4
14010036001;2021-08-02;4
14010036001;2021-08-03;8
14010036001;2021-08-04;3
14010036001;2021-08-05;9
14010036001;2021-08-06;6
14010036001;2021-08-07;5
14010036001;2021-08-08;4
14010036001;2021-08-09;7
14010036001;2021-08-10;8
14010036001;2021-08-11;11
14010036001;2021-08-12;16
14010036001;2021-08-13;7
14010036001;2021-08-14;4
14010036001;2021-08-15;11
14010036001;2021-08-16;9
14010036001;2021-08-17;17
14010038001;2021-08-01;2
14010038001;2021-08-03;2
14010038001;2021-08-06;1
14010038001;2021-08-08;2
14010038001;2021-08-09;1
14010038001;2021-08-12;1
14010038001;2021-08-16;1
14010040001;2021-08-01;32
14010040001;2021-08-02;37
14010040001;2021-08-03;26
14010040001;2021-08-04;11
14010040001;2021-08-05;20
14010040001;2021-08-06;3
14010040001;2021-08-07;10
14010040001;2021-08-08;17
14010040001;2021-08-09;29
14010040001;2021-08-10;42
14010040001;2021-08-11;51
14010040001;2021-08-12;65
14010040001;2021-08-13;45
14010040001;2021-08-14;29
14010040001;2021-08-15;130
14010040001;2021-08-16;66
14010040001;2021-08-17;90
14010041001;2021-08-01;4
14010041001;2021-08-02;3
14010041001;2021-08-03;1
14010041001;2021-08-04;1
14010041001;2021-08-05;3
14010041001;2021-08-06;1
14010041001;2021-08-07;2
14010041001;2021-08-08;1
14010041001;2021-08-09;2
14010041001;2021-08-10;6
14010041001;2021-08-11;2
14010041001;2021-08-13;6
14010041001;2021-08-14;4
14010041001;2021-08-15;3
14010041001;2021-08-17;2
14010047001;2021-08-01;1
14010047001;2021-08-02;1
14010047001;2021-08-09;1
14010047001;2021-08-10;2
14010047001;2021-08-11;1
14010047001;2021-08-12;1
14010047001;2021-08-13;3
14010047001;2021-08-14;2
14010047001;2021-08-15;2
14010048001;2021-08-01;1
14010048001;2021-08-05;1
14010048001;2021-08-08;1
14010048001;2021-08-09;1
14010048001;2021-08-10;3
14010048001;2021-08-11;1
14010048001;2021-08-12;2
14010048001;2021-08-14;1
14010048001;2021-08-15;1
14010049001;2021-08-01;5
14010049001;2021-08-02;1
14010049001;2021-08-03;3
14010049001;2021-08-04;5
14010049001;2021-08-05;1
14010049001;2021-08-06;4
14010049001;2021-08-07;2
14010049001;2021-08-08;2
14010049001;2021-08-09;5
14010049001;2021-08-11;6
14010049001;2021-08-12;5
14010049001;2021-08-13;4
14010049001;2021-08-14;4
14010049001;2021-08-15;5
14010049001;2021-08-16;4
14010049001;2021-08-17;3
14010050001;2021-08-01;1
14010050001;2021-08-03;1
14010050001;2021-08-04;1
14010050001;2021-08-05;1
14010050001;2021-08-06;1
14010050001;2021-08-08;1
14010050001;2021-08-11;1
14010050001;2021-08-12;1
14010050001;2021-08-14;2
14010050001;2021-08-16;1
14010050001;2021-08-17;3
14010060001;2021-08-01;4
14010060001;2021-08-02;5
14010060001;2021-08-03;8
14010060001;2021-08-04;4
14010060001;2021-08-05;14
14010060001;2021-08-06;5
14010060001;2021-08-07;8
14010060001;2021-08-08;3
14010060001;2021-08-09;3
14010060001;2021-08-10;6
14010060001;2021-08-11;7
14010060001;2021-08-12;9
14010060001;2021-08-13;7
14010060001;2021-08-14;5
14010060001;2021-08-15;7
14010060001;2021-08-16;4
14010060001;2021-08-17;13
14010062001;2021-08-01;1
14010062001;2021-08-03;6
14010062001;2021-08-05;4
14010062001;2021-08-06;4
14010062001;2021-08-07;1
14010062001;2021-08-08;2
14010062001;2021-08-09;3
14010062001;2021-08-10;4
14010062001;2021-08-11;4
14010062001;2021-08-12;1
14010062001;2021-08-13;2
14010062001;2021-08-14;1
14010062001;2021-08-15;1
14010062001;2021-08-17;3
14010064001;2021-08-01;5
14010064001;2021-08-02;2
14010064001;2021-08-03;2
14010064001;2021-08-04;7
14010064001;2021-08-05;2
14010064001;2021-08-06;3
14010064001;2021-08-07;1
14010064001;2021-08-08;2
14010064001;2021-08-09;5
14010064001;2021-08-10;2
14010064001;2021-08-12;4
14010064001;2021-08-14;3
14010064001;2021-08-15;4
14010064001;2021-08-16;2
14010064001;2021-08-17;1
14010071001;2021-08-01;6
14010071001;2021-08-02;8
14010071001;2021-08-03;16
14010071001;2021-08-04;13
14010071001;2021-08-05;19
14010071001;2021-08-06;2
14010071001;2021-08-07;5
14010071001;2021-08-08;8
14010071001;2021-08-09;5
14010071001;2021-08-10;20
14010071001;2021-08-11;12
14010071001;2021-08-12;18
14010071001;2021-08-13;10
14010071001;2021-08-14;5
14010071001;2021-08-15;28
14010071001;2021-08-16;27
14010071001;2021-08-17;21
14010072001;2021-08-01;2
14010072001;2021-08-02;1
14010072001;2021-08-03;5
14010072001;2021-08-04;7
14010072001;2021-08-05;3
14010072001;2021-08-06;2
14010072001;2021-08-07;6
14010072001;2021-08-09;2
14010072001;2021-08-10;2
14010072001;2021-08-11;4
14010072001;2021-08-12;1
14010072001;2021-08-13;5
14010072001;2021-08-14;3
14010072001;2021-08-15;6
14010072001;2021-08-17;4
14010078001;2021-08-01;4
14010078001;2021-08-02;6
14010078001;2021-08-03;5
14010078001;2021-08-04;5
14010078001;2021-08-05;10
14010078001;2021-08-06;4
14010078001;2021-08-07;1
14010078001;2021-08-08;1
14010078001;2021-08-09;5
14010078001;2021-08-10;4
14010078001;2021-08-11;2
14010078001;2021-08-12;7
14010078001;2021-08-13;1
14010078001;2021-08-14;2
14010078001;2021-08-17;5
14010079001;2021-08-02;2
14010079001;2021-08-03;7
14010079001;2021-08-04;3
14010079001;2021-08-05;6
14010079001;2021-08-06;1
14010079001;2021-08-07;3
14010079001;2021-08-08;2
14010079001;2021-08-09;4
14010079001;2021-08-10;7
14010079001;2021-08-11;2
14010079001;2021-08-12;1
14010079001;2021-08-13;6
14010079001;2021-08-14;3
14010079001;2021-08-15;2
14010079001;2021-08-16;1
14010079001;2021-08-17;4
14010084001;2021-08-01;2
14010084001;2021-08-02;7
14010084001;2021-08-03;10
14010084001;2021-08-04;7
14010084001;2021-08-05;11
14010084001;2021-08-06;2
14010084001;2021-08-07;5
14010084001;2021-08-08;5
14010084001;2021-08-09;5
14010084001;2021-08-10;8
14010084001;2021-08-11;10
14010084001;2021-08-12;8
14010084001;2021-08-13;1
14010084001;2021-08-14;4
14010084001;2021-08-15;10
14010084001;2021-08-16;6
14010084001;2021-08-17;9
14010088001;2021-08-08;2
14010088001;2021-08-12;8
14010088001;2021-08-13;1
14010088001;2021-08-14;1
14010088001;2021-08-16;1
14010088001;2021-08-17;3
14010094001;2021-08-01;5
14010094001;2021-08-02;2
14010094001;2021-08-03;4
14010094001;2021-08-04;8
14010094001;2021-08-05;7
14010094001;2021-08-06;1
14010094001;2021-08-07;1
14010094001;2021-08-08;3
14010094001;2021-08-09;5
14010094001;2021-08-10;2
14010094001;2021-08-11;11
14010094001;2021-08-12;6
14010094001;2021-08-13;1
14010094001;2021-08-14;2
14010094001;2021-08-15;13
14010094001;2021-08-17;3
14010097001;2021-08-09;3
14010097001;2021-08-10;4
14010097001;2021-08-11;7
14010097001;2021-08-12;5
14010097001;2021-08-13;1
14010097001;2021-08-15;1
14010097001;2021-08-16;2
14010097001;2021-08-17;6
14010140001;2021-08-02;2
14010140001;2021-08-03;2
14010140001;2021-08-04;1
14010140001;2021-08-05;2
14010140001;2021-08-08;1
14010140001;2021-08-09;1
14010140001;2021-08-11;1
14010140001;2021-08-13;1
14010140001;2021-08-16;1
14010142001;2021-08-01;12
14010142001;2021-08-02;21
14010142001;2021-08-03;27
14010142001;2021-08-04;35
14010142001;2021-08-05;29
14010142001;2021-08-06;16
14010142001;2021-08-07;28
14010142001;2021-08-08;34
14010142001;2021-08-09;25
14010142001;2021-08-10;48
14010142001;2021-08-11;33
14010142001;2021-08-12;45
14010142001;2021-08-13;43
14010142001;2021-08-14;14
14010142001;2021-08-15;84
14010142001;2021-08-16;40
14010142001;2021-08-17;79
14010145001;2021-08-01;1
14010145001;2021-08-05;4
14010145001;2021-08-07;1
14010145001;2021-08-08;1
14010145001;2021-08-09;1
14010145001;2021-08-11;1
14010145001;2021-08-12;2
14010145001;2021-08-13;2
14010145001;2021-08-15;1
14010145001;2021-08-16;1
14010145001;2021-08-17;2
14010149001;2021-08-01;3
14010149001;2021-08-02;1
14010149001;2021-08-03;1
14010149001;2021-08-04;2
14010149001;2021-08-05;7
14010149001;2021-08-06;2
14010149001;2021-08-07;2
14010149001;2021-08-08;3
14010149001;2021-08-09;2
14010149001;2021-08-10;1
14010149001;2021-08-11;3
14010149001;2021-08-12;4
14010149001;2021-08-13;3
14010149001;2021-08-14;4
14010149001;2021-08-15;3
14010149001;2021-08-16;1
14010149001;2021-08-17;5
14010151001;2021-08-01;1
14010151001;2021-08-02;1
14010151001;2021-08-03;2
14010151001;2021-08-05;1
14010151001;2021-08-07;1
14010151001;2021-08-08;1
14010151001;2021-08-12;1
14010151001;2021-08-13;2
14010151001;2021-08-14;2
14010151001;2021-08-15;2
14010151001;2021-08-17;2
14010170001;2021-08-01;8
14010170001;2021-08-02;2
14010170001;2021-08-03;6
14010170001;2021-08-04;6
14010170001;2021-08-05;9
14010170001;2021-08-06;2
14010170001;2021-08-07;2
14010170001;2021-08-08;1
14010170001;2021-08-09;1
14010170001;2021-08-10;4
14010170001;2021-08-11;10
14010170001;2021-08-12;16
14010170001;2021-08-13;8
14010170001;2021-08-14;11
14010170001;2021-08-15;29
14010170001;2021-08-16;16
14010170001;2021-08-17;27
14010173001;2021-08-01;11
14010173001;2021-08-02;6
14010173001;2021-08-03;3
14010173001;2021-08-04;5
14010173001;2021-08-05;6
14010173001;2021-08-06;6
14010173001;2021-08-07;2
14010173001;2021-08-08;5
14010173001;2021-08-09;8
14010173001;2021-08-10;2
14010173001;2021-08-11;5
14010173001;2021-08-12;10
14010173001;2021-08-13;8
14010173001;2021-08-14;11
14010173001;2021-08-15;7
14010173001;2021-08-16;1
14010173001;2021-08-17;7
14010178001;2021-08-01;3
14010178001;2021-08-02;6
14010178001;2021-08-03;4
14010178001;2021-08-04;6
14010178001;2021-08-05;4
14010178001;2021-08-06;3
14010178001;2021-08-07;7
14010178001;2021-08-08;1
14010178001;2021-08-09;1
14010178001;2021-08-11;3
14010178001;2021-08-12;4
14010178001;2021-08-13;6
14010178001;2021-08-14;5
14010178001;2021-08-15;5
14010178001;2021-08-16;2
14010178001;2021-08-17;8
14010187001;2021-08-02;3
14010187001;2021-08-03;4
14010187001;2021-08-04;1
14010187001;2021-08-05;6
14010187001;2021-08-06;2
14010187001;2021-08-07;1
14010187001;2021-08-08;2
14010187001;2021-08-09;4
14010187001;2021-08-10;2
14010187001;2021-08-11;5
14010187001;2021-08-12;2
14010187001;2021-08-13;2
14010187001;2021-08-14;3
14010187001;2021-08-15;2
14010187001;2021-08-16;3
14010187001;2021-08-17;5
14010194001;2021-08-01;4
14010194001;2021-08-02;2
14010194001;2021-08-03;2
14010194001;2021-08-04;1
14010194001;2021-08-06;1
14010194001;2021-08-07;1
14010194001;2021-08-09;1
14010194001;2021-08-10;1
14010194001;2021-08-12;1
14010194001;2021-08-14;2
14010194001;2021-08-15;3
14010194001;2021-08-17;4
14010210001;2021-08-01;10
14010210001;2021-08-02;6
14010210001;2021-08-03;10
14010210001;2021-08-04;6
14010210001;2021-08-05;4
14010210001;2021-08-08;9
14010210001;2021-08-09;14
14010210001;2021-08-10;15
14010210001;2021-08-11;5
14010210001;2021-08-12;7
14010210001;2021-08-13;4
14010210001;2021-08-14;3
14010210001;2021-08-15;9
14010210001;2021-08-16;4
14010210001;2021-08-17;12
14010219001;2021-08-04;1
14010219001;2021-08-09;1
14010219001;2021-08-11;2
14010219001;2021-08-12;2
14010219001;2021-08-13;3
14010219001;2021-08-14;1
14010219001;2021-08-15;4
14010219001;2021-08-16;3
14010219001;2021-08-17;2
14010247001;2021-08-01;17
14010247001;2021-08-02;12
14010247001;2021-08-03;16
14010247001;2021-08-04;12
14010247001;2021-08-05;21
14010247001;2021-08-06;7
14010247001;2021-08-07;6
14010247001;2021-08-08;8
14010247001;2021-08-09;13
14010247001;2021-08-10;16
14010247001;2021-08-11;12
14010247001;2021-08-12;16
14010247001;2021-08-13;8
14010247001;2021-08-14;7
14010247001;2021-08-15;19
14010247001;2021-08-16;13
14010247001;2021-08-17;8
14010283001;2021-08-03;1
14010283001;2021-08-11;1
14010283001;2021-08-17;1
14010284001;2021-08-03;2
14010284001;2021-08-06;1
14010284001;2021-08-11;2
14010284001;2021-08-15;1
14010285001;2021-08-01;1
14010285001;2021-08-05;4
14010285001;2021-08-11;1
14010285001;2021-08-15;2
14010285001;2021-08-17;1
14010897001;2021-08-13;1
14010897001;2021-08-17;1
14010898001;2021-08-11;1
14010898001;2021-08-17;1
14011003001;2021-08-01;21
14011003001;2021-08-02;21
14011003001;2021-08-03;20
14011003001;2021-08-04;15
14011003001;2021-08-05;17
14011003001;2021-08-06;6
14011003001;2021-08-07;8
14011003001;2021-08-08;20
14011003001;2021-08-09;22
14011003001;2021-08-10;19
14011003001;2021-08-11;25
14011003001;2021-08-12;26
14011003001;2021-08-13;32
14011003001;2021-08-14;17
14011003001;2021-08-15;80
14011003001;2021-08-16;30
14011003001;2021-08-17;43
14011004001;2021-08-01;1
14011004001;2021-08-02;4
14011004001;2021-08-03;4
14011004001;2021-08-05;4
14011004001;2021-08-07;1
14011004001;2021-08-08;1
14011004001;2021-08-09;1
14011004001;2021-08-10;1
14011004001;2021-08-11;1
14011004001;2021-08-12;2
14011004001;2021-08-13;2
14011004001;2021-08-14;1
14011004001;2021-08-15;3
14011004001;2021-08-17;1
14011005001;2021-08-01;2
14011005001;2021-08-02;1
14011005001;2021-08-03;2
14011005001;2021-08-04;3
14011005001;2021-08-05;3
14011005001;2021-08-06;2
14011005001;2021-08-07;1
14011005001;2021-08-08;4
14011005001;2021-08-09;3
14011005001;2021-08-10;3
14011005001;2021-08-11;2
14011005001;2021-08-12;5
14011005001;2021-08-13;3
14011005001;2021-08-14;4
14011005001;2021-08-15;4
14011005001;2021-08-16;1
14011005001;2021-08-17;3
14011006001;2021-08-01;4
14011006001;2021-08-02;2
14011006001;2021-08-03;3
14011006001;2021-08-04;4
14011006001;2021-08-05;12
14011006001;2021-08-06;8
14011006001;2021-08-07;5
14011006001;2021-08-08;6
14011006001;2021-08-09;8
14011006001;2021-08-10;6
14011006001;2021-08-11;3
14011006001;2021-08-12;9
14011006001;2021-08-13;4
14011006001;2021-08-14;4
14011006001;2021-08-15;3
14011006001;2021-08-16;3
14011006001;2021-08-17;4
14011009001;2021-08-01;1
14011009001;2021-08-02;3
14011009001;2021-08-03;2
14011009001;2021-08-04;1
14011009001;2021-08-05;6
14011009001;2021-08-06;4
14011009001;2021-08-07;1
14011009001;2021-08-08;6
14011009001;2021-08-09;2
14011009001;2021-08-10;1
14011009001;2021-08-12;6
14011009001;2021-08-13;3
14011009001;2021-08-14;3
14011009001;2021-08-15;3
14011009001;2021-08-16;1
14011009001;2021-08-17;3
14011010001;2021-08-01;6
14011010001;2021-08-02;5
14011010001;2021-08-03;6
14011010001;2021-08-04;3
14011010001;2021-08-05;8
14011010001;2021-08-06;2
14011010001;2021-08-07;3
14011010001;2021-08-08;4
14011010001;2021-08-09;3
14011010001;2021-08-10;2
14011010001;2021-08-11;2
14011010001;2021-08-12;6
14011010001;2021-08-13;4
14011010001;2021-08-14;7
14011010001;2021-08-15;5
14011010001;2021-08-16;1
14011010001;2021-08-17;6
14011014001;2021-08-03;4
14011014001;2021-08-04;2
14011014001;2021-08-07;2
14011014001;2021-08-08;1
14011014001;2021-08-10;1
14011014001;2021-08-11;1
14011014001;2021-08-12;5
14011014001;2021-08-13;3
14011014001;2021-08-14;3
14011014001;2021-08-15;5
14011014001;2021-08-16;2
14011014001;2021-08-17;2
14011015001;2021-08-01;3
14011015001;2021-08-02;1
14011015001;2021-08-03;4
14011015001;2021-08-04;2
14011015001;2021-08-05;2
14011015001;2021-08-06;1
14011015001;2021-08-11;2
14011015001;2021-08-12;3
14011015001;2021-08-17;1
14011018001;2021-08-07;2
14011018001;2021-08-11;1
14011018001;2021-08-15;1
14011022001;2021-08-17;1
14011024001;2021-08-01;5
14011024001;2021-08-02;8
14011024001;2021-08-03;7
14011024001;2021-08-04;4
14011024001;2021-08-05;4
14011024001;2021-08-06;1
14011024001;2021-08-08;1
14011024001;2021-08-09;5
14011024001;2021-08-10;9
14011024001;2021-08-11;11
14011024001;2021-08-12;18
14011024001;2021-08-13;12
14011024001;2021-08-14;5
14011024001;2021-08-15;28
14011024001;2021-08-16;10
14011024001;2021-08-17;19
14011027001;2021-08-01;1
14011027001;2021-08-02;2
14011027001;2021-08-03;7
14011027001;2021-08-04;7
14011027001;2021-08-05;1
14011027001;2021-08-06;1
14011027001;2021-08-08;1
14011027001;2021-08-10;2
14011027001;2021-08-11;1
14011027001;2021-08-13;1
14011027001;2021-08-14;1
14011027001;2021-08-15;2
14011027001;2021-08-17;2
14011028001;2021-08-01;13
14011028001;2021-08-02;6
14011028001;2021-08-03;10
14011028001;2021-08-04;12
14011028001;2021-08-05;15
14011028001;2021-08-06;4
14011028001;2021-08-07;4
14011028001;2021-08-08;6
14011028001;2021-08-09;9
14011028001;2021-08-10;3
14011028001;2021-08-11;17
14011028001;2021-08-12;26
14011028001;2021-08-13;12
14011028001;2021-08-14;6
14011028001;2021-08-15;39
14011028001;2021-08-16;20
14011028001;2021-08-17;27
14011029001;2021-08-01;18
14011029001;2021-08-02;11
14011029001;2021-08-03;20
14011029001;2021-08-04;9
14011029001;2021-08-05;10
14011029001;2021-08-06;3
14011029001;2021-08-07;6
14011029001;2021-08-08;6
14011029001;2021-08-09;17
14011029001;2021-08-10;38
14011029001;2021-08-11;44
14011029001;2021-08-12;46
14011029001;2021-08-13;39
14011029001;2021-08-14;19
14011029001;2021-08-15;106
14011029001;2021-08-16;46
14011029001;2021-08-17;74
14011030001;2021-08-01;20
14011030001;2021-08-02;14
14011030001;2021-08-03;24
14011030001;2021-08-04;15
14011030001;2021-08-05;10
14011030001;2021-08-06;4
14011030001;2021-08-07;6
14011030001;2021-08-08;8
14011030001;2021-08-10;3
14011031001;2021-08-01;4
14011031001;2021-08-02;2
14011031001;2021-08-03;10
14011031001;2021-08-04;4
14011031001;2021-08-05;6
14011031001;2021-08-06;2
14011031001;2021-08-08;1
14011031001;2021-08-09;6
14011031001;2021-08-10;7
14011031001;2021-08-11;10
14011031001;2021-08-12;21
14011031001;2021-08-13;10
14011031001;2021-08-14;9
14011031001;2021-08-15;32
14011031001;2021-08-16;14
14011031001;2021-08-17;22
14011032001;2021-08-01;13
14011032001;2021-08-02;14
14011032001;2021-08-03;21
14011032001;2021-08-04;39
14011032001;2021-08-05;26
14011032001;2021-08-06;5
14011032001;2021-08-07;12
14011032001;2021-08-08;14
14011032001;2021-08-09;10
14011032001;2021-08-10;14
14011032001;2021-08-11;16
14011032001;2021-08-12;14
14011032001;2021-08-13;11
14011032001;2021-08-14;9
14011032001;2021-08-15;39
14011032001;2021-08-16;15
14011032001;2021-08-17;23
14011034001;2021-08-01;9
14011034001;2021-08-02;7
14011034001;2021-08-03;11
14011034001;2021-08-04;20
14011034001;2021-08-05;24
14011034001;2021-08-06;8
14011034001;2021-08-07;9
14011034001;2021-08-08;9
14011034001;2021-08-09;9
14011034001;2021-08-10;8
14011034001;2021-08-11;10
14011034001;2021-08-12;6
14011034001;2021-08-13;6
14011034001;2021-08-14;11
14011034001;2021-08-15;27
14011034001;2021-08-16;12
14011034001;2021-08-17;19
14011042001;2021-08-01;2
14011042001;2021-08-02;4
14011042001;2021-08-03;6
14011042001;2021-08-04;1
14011042001;2021-08-05;6
14011042001;2021-08-06;1
14011042001;2021-08-08;4
14011042001;2021-08-09;3
14011042001;2021-08-10;1
14011042001;2021-08-11;3
14011042001;2021-08-12;4
14011042001;2021-08-13;2
14011042001;2021-08-15;5
14011042001;2021-08-16;1
14011042001;2021-08-17;2
14011044001;2021-08-01;3
14011044001;2021-08-02;1
14011044001;2021-08-03;1
14011044001;2021-08-04;5
14011044001;2021-08-05;3
14011044001;2021-08-07;1
14011044001;2021-08-08;3
14011044001;2021-08-09;2
14011044001;2021-08-10;4
14011044001;2021-08-11;2
14011044001;2021-08-12;4
14011044001;2021-08-13;1
14011044001;2021-08-14;1
14011044001;2021-08-15;7
14011044001;2021-08-16;1
14011044001;2021-08-17;4
14011045001;2021-08-08;1
14011051001;2021-08-01;1
14011051001;2021-08-02;1
14011051001;2021-08-04;1
14011051001;2021-08-05;1
14011051001;2021-08-06;1
14011051001;2021-08-07;1
14011051001;2021-08-11;3
14011051001;2021-08-12;7
14011051001;2021-08-13;3
14011051001;2021-08-14;3
14011051001;2021-08-15;8
14011051001;2021-08-16;4
14011051001;2021-08-17;5
14011052001;2021-08-01;11
14011052001;2021-08-02;13
14011052001;2021-08-03;11
14011052001;2021-08-04;7
14011052001;2021-08-05;1
14011052001;2021-08-06;1
14011052001;2021-08-07;1
14011052001;2021-08-09;4
14011052001;2021-08-10;4
14011052001;2021-08-11;25
14011052001;2021-08-12;29
14011052001;2021-08-13;23
14011052001;2021-08-14;4
14011052001;2021-08-15;40
14011052001;2021-08-16;19
14011052001;2021-08-17;27
14011053001;2021-08-01;13
14011053001;2021-08-02;12
14011053001;2021-08-03;22
14011053001;2021-08-04;20
14011053001;2021-08-05;15
14011053001;2021-08-06;3
14011053001;2021-08-07;9
14011053001;2021-08-08;16
14011053001;2021-08-09;11
14011053001;2021-08-10;25
14011053001;2021-08-11;31
14011053001;2021-08-12;23
14011053001;2021-08-13;18
14011053001;2021-08-14;7
14011053001;2021-08-15;44
14011053001;2021-08-16;9
14011053001;2021-08-17;31
14011059001;2021-08-01;13
14011059001;2021-08-02;10
14011059001;2021-08-03;14
14011059001;2021-08-04;13
14011059001;2021-08-05;6
14011059001;2021-08-06;4
14011059001;2021-08-07;4
14011059001;2021-08-08;1
14011059001;2021-08-09;8
14011059001;2021-08-10;6
14011059001;2021-08-11;17
14011059001;2021-08-12;10
14011059001;2021-08-13;7
14011059001;2021-08-14;7
14011059001;2021-08-15;23
14011059001;2021-08-16;20
14011059001;2021-08-17;23
14011063001;2021-08-09;1
14011063001;2021-08-10;1
14011063001;2021-08-11;1
14011063001;2021-08-12;1
14011063001;2021-08-16;1
14011065001;2021-08-14;4
14011065001;2021-08-17;2
14011095001;2021-08-01;11
14011095001;2021-08-02;4
14011095001;2021-08-03;5
14011095001;2021-08-04;7
14011095001;2021-08-05;8
14011095001;2021-08-06;5
14011095001;2021-08-08;5
14011095001;2021-08-09;4
14011095001;2021-08-10;9
14011095001;2021-08-11;6
14011095001;2021-08-12;13
14011095001;2021-08-13;8
14011095001;2021-08-14;4
14011095001;2021-08-15;21
14011095001;2021-08-16;5
14011095001;2021-08-17;10
14011929001;2021-08-01;3
14011929001;2021-08-02;4
14011929001;2021-08-04;2
14011929001;2021-08-05;3
14011929001;2021-08-06;3
14011929001;2021-08-08;2
14011929001;2021-08-09;5
14011929001;2021-08-10;4
14011929001;2021-08-12;7
14011929001;2021-08-13;3
14011929001;2021-08-15;5
14011929001;2021-08-17;1
14012019001;2021-08-01;1
14012019001;2021-08-02;3
14012019001;2021-08-03;6
14012019001;2021-08-04;3
14012019001;2021-08-05;8
14012019001;2021-08-06;5
14012019001;2021-08-07;6
14012019001;2021-08-08;4
14012019001;2021-08-09;6
14012019001;2021-08-10;3
14012019001;2021-08-11;3
14012019001;2021-08-12;10
14012019001;2021-08-13;3
14012019001;2021-08-14;6
14012019001;2021-08-15;13
14012019001;2021-08-16;4
14012019001;2021-08-17;13
14013001001;2021-08-01;3
14013001001;2021-08-02;1
14013001001;2021-08-04;2
14013001001;2021-08-05;1
14013001001;2021-08-06;2
14013001001;2021-08-10;3
14013001001;2021-08-11;1
14013001001;2021-08-12;1
14013001001;2021-08-14;2
14013001001;2021-08-15;1
14013001001;2021-08-16;2
14013001001;2021-08-17;2
14013002001;2021-08-01;2
14013002001;2021-08-02;2
14013002001;2021-08-03;2
14013002001;2021-08-04;1
14013002001;2021-08-05;1
14013002001;2021-08-06;1
14013002001;2021-08-07;2
14013002001;2021-08-08;3
14013002001;2021-08-09;2
14013002001;2021-08-10;5
14013002001;2021-08-11;1
14013002001;2021-08-14;1
14013002001;2021-08-15;1
14013002001;2021-08-16;1
14013002001;2021-08-17;2
14013004001;2021-08-01;1
14013004001;2021-08-02;4
14013004001;2021-08-03;5
14013004001;2021-08-04;5
14013004001;2021-08-05;4
14013004001;2021-08-07;3
14013004001;2021-08-08;2
14013004001;2021-08-10;1
14013004001;2021-08-11;2
14013004001;2021-08-12;3
14013004001;2021-08-13;4
14013004001;2021-08-14;5
14013004001;2021-08-15;6
14013004001;2021-08-16;6
14013004001;2021-08-17;4
14013006001;2021-08-01;1
14013007001;2021-08-02;1
14013007001;2021-08-05;4
14013007001;2021-08-07;1
14013007001;2021-08-10;3
14013007001;2021-08-12;1
14013007001;2021-08-17;1
14013014001;2021-08-03;1
14013014001;2021-08-04;1
14013014001;2021-08-05;2
14013014001;2021-08-10;2
14013014001;2021-08-15;1
14013014001;2021-08-17;1
14013964001;2021-08-12;1
14013964001;2021-08-17;2
14014005001;2021-08-01;15
14014005001;2021-08-02;12
14014005001;2021-08-03;9
14014005001;2021-08-04;13
14014005001;2021-08-05;9
14014005001;2021-08-06;5
14014005001;2021-08-07;4
14014005001;2021-08-08;7
14014005001;2021-08-09;12
14014005001;2021-08-10;30
14014005001;2021-08-11;30
14014005001;2021-08-12;27
14014005001;2021-08-13;21
14014005001;2021-08-14;17
14014005001;2021-08-15;72
14014005001;2021-08-16;43
14014005001;2021-08-17;62
14014006001;2021-08-01;30
14014006001;2021-08-02;29
14014006001;2021-08-03;54
14014006001;2021-08-04;59
14014006001;2021-08-05;62
14014006001;2021-08-06;30
14014006001;2021-08-07;22
14014006001;2021-08-08;35
14014006001;2021-08-09;28
14014006001;2021-08-10;55
14014006001;2021-08-11;46
14014006001;2021-08-12;66
14014006001;2021-08-13;52
14014006001;2021-08-14;25
14014006001;2021-08-15;102
14014006001;2021-08-16;56
14014006001;2021-08-17;89
14014011001;2021-08-01;2
14014011001;2021-08-02;12
14014011001;2021-08-03;10
14014011001;2021-08-04;1
14014011001;2021-08-05;6
14014011001;2021-08-07;3
14014011001;2021-08-09;2
14014011001;2021-08-12;3
14014011001;2021-08-13;3
14014011001;2021-08-14;3
14014011001;2021-08-15;12
14014011001;2021-08-16;5
14014011001;2021-08-17;7
14014013001;2021-08-01;1
14014013001;2021-08-02;7
14014013001;2021-08-03;9
14014013001;2021-08-04;5
14014013001;2021-08-05;3
14014013001;2021-08-06;2
14014013001;2021-08-07;3
14014013001;2021-08-08;1
14014013001;2021-08-09;1
14014014001;2021-08-01;33
14014014001;2021-08-02;43
14014014001;2021-08-03;51
14014014001;2021-08-04;66
14014014001;2021-08-05;58
14014014001;2021-08-06;16
14014014001;2021-08-07;29
14014014001;2021-08-08;21
14014014001;2021-08-09;18
14014014001;2021-08-10;45
14014014001;2021-08-11;24
14014014001;2021-08-12;46
14014014001;2021-08-13;41
14014014001;2021-08-14;15
14014014001;2021-08-15;87
14014014001;2021-08-16;26
14014014001;2021-08-17;87
14014015001;2021-08-01;26
14014015001;2021-08-02;25
14014015001;2021-08-03;40
14014015001;2021-08-04;49
14014015001;2021-08-05;69
14014015001;2021-08-06;17
14014015001;2021-08-07;10
14014015001;2021-08-08;50
14014015001;2021-08-09;31
14014015001;2021-08-10;31
14014015001;2021-08-11;32
14014015001;2021-08-12;42
14014015001;2021-08-13;33
14014015001;2021-08-14;16
14014015001;2021-08-15;55
14014015001;2021-08-16;15
14014015001;2021-08-17;47
14014018001;2021-08-01;9
14014018001;2021-08-02;13
14014018001;2021-08-03;9
14014018001;2021-08-04;5
14014018001;2021-08-05;2
14014018001;2021-08-06;3
14014018001;2021-08-07;9
14014018001;2021-08-08;6
14014018001;2021-08-09;6
14014018001;2021-08-10;1
14014018001;2021-08-11;7
14014018001;2021-08-12;7
14014018001;2021-08-13;3
14014018001;2021-08-14;1
14014018001;2021-08-15;5
14014018001;2021-08-16;1
14014018001;2021-08-17;7
14014026001;2021-08-02;2
14014026001;2021-08-03;3
14014026001;2021-08-04;1
14014026001;2021-08-05;2
14014026001;2021-08-06;1
14014026001;2021-08-07;1
14014026001;2021-08-10;3
14014026001;2021-08-15;2
14014026001;2021-08-16;3
14014026001;2021-08-17;2
14014031001;2021-08-09;1
14014031001;2021-08-10;6
14014031001;2021-08-11;15
14014031001;2021-08-12;16
14014031001;2021-08-13;17
14014031001;2021-08-14;7
14014031001;2021-08-15;47
14014031001;2021-08-16;16
14014031001;2021-08-17;38
14020006001;2021-08-01;4
14020006001;2021-08-02;1
14020006001;2021-08-03;4
14020006001;2021-08-04;1
14020006001;2021-08-05;5
14020006001;2021-08-06;4
14020006001;2021-08-07;5
14020006001;2021-08-08;6
14020006001;2021-08-09;4
14020006001;2021-08-10;5
14020006001;2021-08-11;4
14020006001;2021-08-12;10
14020006001;2021-08-13;11
14020006001;2021-08-14;8
14020006001;2021-08-15;4
14020006001;2021-08-16;3
14020006001;2021-08-17;9
14020008001;2021-08-01;1
14020008001;2021-08-02;2
14020008001;2021-08-04;4
14020008001;2021-08-05;5
14020008001;2021-08-06;3
14020008001;2021-08-07;4
14020008001;2021-08-08;1
14020008001;2021-08-09;5
14020008001;2021-08-10;4
14020008001;2021-08-11;3
14020008001;2021-08-12;5
14020008001;2021-08-13;7
14020008001;2021-08-14;4
14020008001;2021-08-16;2
14020008001;2021-08-17;4
14020013001;2021-08-03;1
14020013001;2021-08-04;2
14020013001;2021-08-05;2
14020013001;2021-08-06;1
14020013001;2021-08-07;2
14020013001;2021-08-09;1
14020013001;2021-08-10;5
14020013001;2021-08-11;6
14020013001;2021-08-12;1
14020013001;2021-08-13;7
14020013001;2021-08-14;1
14020013001;2021-08-15;5
14020013001;2021-08-17;5
14020015001;2021-08-01;4
14020015001;2021-08-02;8
14020015001;2021-08-03;3
14020015001;2021-08-04;3
14020015001;2021-08-05;5
14020015001;2021-08-06;5
14020015001;2021-08-07;2
14020015001;2021-08-08;8
14020015001;2021-08-09;8
14020015001;2021-08-10;4
14020015001;2021-08-11;9
14020015001;2021-08-12;10
14020015001;2021-08-13;7
14020015001;2021-08-14;7
14020015001;2021-08-15;9
14020015001;2021-08-16;4
14020015001;2021-08-17;6
14020030001;2021-08-01;1
14020030001;2021-08-02;1
14020030001;2021-08-03;3
14020030001;2021-08-04;1
14020030001;2021-08-05;3
14020030001;2021-08-06;2
14020030001;2021-08-09;2
14020030001;2021-08-11;2
14020030001;2021-08-12;1
14020030001;2021-08-13;1
14020030001;2021-08-14;1
14020030001;2021-08-15;3
14020030001;2021-08-16;1
14020030001;2021-08-17;1
14020053001;2021-08-01;9
14020053001;2021-08-02;10
14020053001;2021-08-03;22
14020053001;2021-08-04;18
14020053001;2021-08-05;15
14020053001;2021-08-06;17
14020053001;2021-08-07;11
14020053001;2021-08-08;13
14020053001;2021-08-09;20
14020053001;2021-08-10;15
14020053001;2021-08-11;15
14020053001;2021-08-12;29
14020053001;2021-08-13;14
14020053001;2021-08-14;10
14020053001;2021-08-15;26
14020053001;2021-08-16;15
14020053001;2021-08-17;20
14020926001;2021-08-01;14
14020926001;2021-08-02;14
14020926001;2021-08-03;17
14020926001;2021-08-04;20
14020926001;2021-08-05;18
14020926001;2021-08-06;7
14020926001;2021-08-07;11
14020926001;2021-08-08;9
14020926001;2021-08-09;5
14020926001;2021-08-10;12
14020926001;2021-08-11;16
14020926001;2021-08-12;30
14020926001;2021-08-13;13
14020926001;2021-08-14;12
14020926001;2021-08-15;16
14020926001;2021-08-16;15
14020926001;2021-08-17;25
14020949001;2021-08-01;1
14020949001;2021-08-04;2
14020949001;2021-08-06;1
14020949001;2021-08-09;1
14020949001;2021-08-12;2
14020949001;2021-08-14;1
14020949001;2021-08-15;2
14020949001;2021-08-17;2
14020951001;2021-08-01;4
14020951001;2021-08-02;3
14020951001;2021-08-03;2
14020951001;2021-08-04;5
14020951001;2021-08-05;3
14020951001;2021-08-06;1
14020951001;2021-08-07;2
14020951001;2021-08-08;4
14020951001;2021-08-09;9
14020951001;2021-08-10;6
14020951001;2021-08-11;5
14020951001;2021-08-12;8
14020951001;2021-08-13;3
14020951001;2021-08-14;1
14020951001;2021-08-15;3
14020951001;2021-08-16;1
14020951001;2021-08-17;4
14020956001;2021-08-01;2
14020956001;2021-08-06;2
14020956001;2021-08-09;2
14020956001;2021-08-13;2
14020956001;2021-08-15;1
14020956001;2021-08-17;1
14020976001;2021-08-02;1
14020976001;2021-08-03;3
14020976001;2021-08-04;2
14020976001;2021-08-05;2
14020976001;2021-08-08;5
14020976001;2021-08-09;1
14020976001;2021-08-10;2
14020976001;2021-08-12;2
14020976001;2021-08-13;1
14020976001;2021-08-14;2
14020976001;2021-08-16;2
14020976001;2021-08-17;4
14020977001;2021-08-01;1
14020977001;2021-08-02;2
14020977001;2021-08-03;3
14020977001;2021-08-04;1
14020977001;2021-08-07;1
14020977001;2021-08-08;1
14020977001;2021-08-09;1
14020977001;2021-08-11;1
14020977001;2021-08-12;1
14020977001;2021-08-17;1
14021005001;2021-08-01;4
14021005001;2021-08-02;2
14021005001;2021-08-03;10
14021005001;2021-08-04;9
14021005001;2021-08-05;8
14021005001;2021-08-06;8
14021005001;2021-08-07;6
14021005001;2021-08-08;14
14021005001;2021-08-09;8
14021005001;2021-08-10;13
14021005001;2021-08-11;9
14021005001;2021-08-12;17
14021005001;2021-08-13;5
14021005001;2021-08-14;4
14021005001;2021-08-15;7
14021005001;2021-08-16;3
14021005001;2021-08-17;3
14021006001;2021-08-01;3
14021006001;2021-08-03;2
14021006001;2021-08-04;3
14021006001;2021-08-05;3
14021006001;2021-08-06;2
14021006001;2021-08-07;1
14021006001;2021-08-08;2
14021006001;2021-08-09;4
14021006001;2021-08-10;3
14021006001;2021-08-11;5
14021006001;2021-08-12;3
14021006001;2021-08-13;3
14021006001;2021-08-14;3
14021006001;2021-08-15;2
14021006001;2021-08-16;2
14021006001;2021-08-17;3
14021010001;2021-08-01;11
14021010001;2021-08-02;13
14021010001;2021-08-03;14
14021010001;2021-08-04;14
14021010001;2021-08-05;19
14021010001;2021-08-06;8
14021010001;2021-08-07;7
14021010001;2021-08-08;15
14021010001;2021-08-09;14
14021010001;2021-08-10;14
14021010001;2021-08-11;25
14021010001;2021-08-12;27
14021010001;2021-08-13;17
14021010001;2021-08-14;6
14021010001;2021-08-15;26
14021010001;2021-08-16;7
14021010001;2021-08-17;29
14021015001;2021-08-13;1
14021015001;2021-08-14;1
14021015001;2021-08-15;3
14021015001;2021-08-17;1
14021017001;2021-08-01;12
14021017001;2021-08-02;13
14021017001;2021-08-03;20
14021017001;2021-08-04;20
14021017001;2021-08-05;29
14021017001;2021-08-06;11
14021017001;2021-08-07;12
14021017001;2021-08-08;14
14021017001;2021-08-09;7
14021017001;2021-08-10;15
14021017001;2021-08-11;11
14021017001;2021-08-12;19
14021017001;2021-08-13;11
14021017001;2021-08-14;8
14021017001;2021-08-15;29
14021017001;2021-08-16;14
14021017001;2021-08-17;27
14021036001;2021-08-01;3
14021036001;2021-08-02;1
14021036001;2021-08-03;2
14021036001;2021-08-04;1
14021036001;2021-08-05;5
14021036001;2021-08-06;1
14021036001;2021-08-08;3
14021036001;2021-08-10;2
14021036001;2021-08-12;1
14021036001;2021-08-13;1
14021036001;2021-08-14;1
14021036001;2021-08-15;2
14021036001;2021-08-17;1
14021055001;2021-08-01;2
14021055001;2021-08-02;1
14021055001;2021-08-03;3
14021055001;2021-08-04;1
14021055001;2021-08-05;3
14021055001;2021-08-06;5
14021055001;2021-08-07;1
14021055001;2021-08-08;2
14021055001;2021-08-09;1
14021055001;2021-08-10;1
14021055001;2021-08-11;5
14021055001;2021-08-12;1
14021055001;2021-08-15;5
14021055001;2021-08-17;5
14021109001;2021-08-01;1
14021109001;2021-08-02;1
14021109001;2021-08-03;2
14021109001;2021-08-04;1
14021109001;2021-08-06;1
14021109001;2021-08-07;2
14021109001;2021-08-08;2
14021109001;2021-08-09;1
14021109001;2021-08-10;1
14021109001;2021-08-11;2
14021109001;2021-08-12;1
14021109001;2021-08-13;2
14022001001;2021-08-01;1
14022001001;2021-08-02;1
14022001001;2021-08-03;3
14022001001;2021-08-04;2
14022001001;2021-08-05;1
14022001001;2021-08-06;1
14022001001;2021-08-08;1
14022001001;2021-08-10;2
14022001001;2021-08-11;1
14022001001;2021-08-12;2
14022002001;2021-08-01;2
14022002001;2021-08-02;2
14022002001;2021-08-04;2
14022002001;2021-08-05;1
14022002001;2021-08-06;1
14022002001;2021-08-07;1
14022002001;2021-08-08;1
14022002001;2021-08-09;1
14022002001;2021-08-10;2
14022002001;2021-08-11;3
14022002001;2021-08-12;7
14022002001;2021-08-13;2
14022002001;2021-08-14;2
14022002001;2021-08-15;5
14022002001;2021-08-16;2
14022002001;2021-08-17;6
14022003001;2021-08-01;1
14022003001;2021-08-02;1
14022003001;2021-08-03;4
14022003001;2021-08-04;2
14022003001;2021-08-05;2
14022003001;2021-08-06;2
14022003001;2021-08-07;4
14022003001;2021-08-08;4
14022003001;2021-08-09;3
14022003001;2021-08-10;3
14022003001;2021-08-12;3
14022003001;2021-08-13;2
14022003001;2021-08-14;6
14022003001;2021-08-15;10
14022003001;2021-08-16;1
14022003001;2021-08-17;6
14022012001;2021-08-01;1
14022012001;2021-08-02;2
14022012001;2021-08-04;5
14022012001;2021-08-06;1
14022012001;2021-08-09;5
14022012001;2021-08-10;1
14022012001;2021-08-11;1
14022012001;2021-08-12;2
14022012001;2021-08-13;4
14022012001;2021-08-14;3
14022012001;2021-08-16;1
14022012001;2021-08-17;5
14022019001;2021-08-01;8
14022019001;2021-08-02;8
14022019001;2021-08-03;11
14022019001;2021-08-04;12
14022019001;2021-08-05;14
14022019001;2021-08-06;10
14022019001;2021-08-07;6
14022019001;2021-08-08;7
14022019001;2021-08-09;15
14022019001;2021-08-10;8
14022019001;2021-08-11;10
14022019001;2021-08-12;12
14022019001;2021-08-13;7
14022019001;2021-08-14;12
14022019001;2021-08-15;14
14022019001;2021-08-16;8
14022019001;2021-08-17;9
14022020001;2021-08-01;1
14022020001;2021-08-02;1
14022020001;2021-08-03;1
14022020001;2021-08-06;1
14022020001;2021-08-08;1
14022020001;2021-08-10;1
14022020001;2021-08-11;2
14022020001;2021-08-12;3
14022020001;2021-08-13;3
14022020001;2021-08-14;2
14022020001;2021-08-16;1
14022027001;2021-08-01;2
14022027001;2021-08-02;1
14022027001;2021-08-06;1
14022027001;2021-08-07;1
14022027001;2021-08-12;1
14022027001;2021-08-14;2
14022027001;2021-08-16;2
14022027001;2021-08-17;3
14022029001;2021-08-01;3
14022029001;2021-08-02;2
14022029001;2021-08-03;6
14022029001;2021-08-04;4
14022029001;2021-08-05;2
14022029001;2021-08-07;3
14022029001;2021-08-08;2
14022029001;2021-08-09;4
14022029001;2021-08-11;3
14022029001;2021-08-12;7
14022029001;2021-08-13;2
14022029001;2021-08-14;3
14022029001;2021-08-15;6
14022029001;2021-08-16;3
14022029001;2021-08-17;5
14022032001;2021-08-01;8
14022032001;2021-08-02;6
14022032001;2021-08-03;5
14022032001;2021-08-04;7
14022032001;2021-08-05;6
14022032001;2021-08-06;6
14022032001;2021-08-07;3
14022032001;2021-08-08;12
14022032001;2021-08-09;5
14022032001;2021-08-10;10
14022032001;2021-08-11;9
14022032001;2021-08-12;17
14022032001;2021-08-13;11
14022032001;2021-08-14;12
14022032001;2021-08-15;14
14022032001;2021-08-16;12
14022032001;2021-08-17;15
14022033001;2021-08-01;1
14022033001;2021-08-04;2
14022033001;2021-08-05;1
14022033001;2021-08-08;3
14022033001;2021-08-10;2
14022033001;2021-08-11;1
14022033001;2021-08-12;2
14022033001;2021-08-13;3
14022033001;2021-08-14;2
14022033001;2021-08-15;4
14022033001;2021-08-16;1
14022033001;2021-08-17;1
14022041001;2021-08-01;1
14022041001;2021-08-03;1
14022041001;2021-08-04;1
14022041001;2021-08-05;2
14022041001;2021-08-06;1
14022041001;2021-08-10;2
14022041001;2021-08-11;2
14022041001;2021-08-12;2
14022041001;2021-08-13;3
14022041001;2021-08-14;1
14022041001;2021-08-15;2
14022041001;2021-08-17;2
14022059001;2021-08-01;3
14022059001;2021-08-03;1
14022059001;2021-08-07;1
14022059001;2021-08-17;1
14022086001;2021-08-01;1
14022086001;2021-08-02;2
14022086001;2021-08-03;2
14022086001;2021-08-04;2
14022086001;2021-08-05;1
14022086001;2021-08-06;1
14022086001;2021-08-07;2
14022086001;2021-08-08;3
14022086001;2021-08-09;3
14022086001;2021-08-10;1
14022086001;2021-08-12;1
14022086001;2021-08-13;3
14022086001;2021-08-14;1
14022086001;2021-08-15;4
14022086001;2021-08-17;4
14022118001;2021-08-01;3
14022118001;2021-08-03;1
14022118001;2021-08-04;2
14022118001;2021-08-05;2
14022118001;2021-08-06;1
14022118001;2021-08-07;1
14022118001;2021-08-08;1
14022118001;2021-08-09;3
14022118001;2021-08-10;1
14022118001;2021-08-11;3
14022118001;2021-08-12;2
14022118001;2021-08-14;3
14022118001;2021-08-17;6
14023003001;2021-08-02;2
14023003001;2021-08-03;1
14023003001;2021-08-04;4
14023003001;2021-08-05;3
14023003001;2021-08-06;1
14023003001;2021-08-08;1
14023003001;2021-08-09;5
14023003001;2021-08-10;1
14023003001;2021-08-11;2
14023003001;2021-08-12;2
14023003001;2021-08-13;3
14023003001;2021-08-14;4
14023003001;2021-08-15;5
14023003001;2021-08-16;2
14023003001;2021-08-17;6
14023012001;2021-08-02;3
14023012001;2021-08-03;1
14023012001;2021-08-04;2
14023012001;2021-08-05;1
14023012001;2021-08-06;1
14023012001;2021-08-07;1
14023012001;2021-08-08;1
14023012001;2021-08-11;1
14023012001;2021-08-12;1
14023012001;2021-08-13;1
14023012001;2021-08-15;1
14023012001;2021-08-16;1
14023012001;2021-08-17;1
14023017001;2021-08-02;1
14023017001;2021-08-03;2
14023017001;2021-08-05;3
14023017001;2021-08-06;3
14023017001;2021-08-08;1
14023017001;2021-08-09;2
14023017001;2021-08-10;1
14023017001;2021-08-11;2
14023017001;2021-08-12;5
14023017001;2021-08-13;3
14023017001;2021-08-14;2
14023017001;2021-08-15;1
14023017001;2021-08-16;1
14023017001;2021-08-17;1
14023019001;2021-08-01;1
14023019001;2021-08-02;1
14023019001;2021-08-03;1
14023019001;2021-08-07;1
14023019001;2021-08-08;1
14023019001;2021-08-16;1
14023019001;2021-08-17;1
14023027001;2021-08-01;7
14023027001;2021-08-02;1
14023027001;2021-08-03;5
14023027001;2021-08-04;8
14023027001;2021-08-05;7
14023027001;2021-08-06;2
14023027001;2021-08-07;5
14023027001;2021-08-08;7
14023027001;2021-08-09;3
14023027001;2021-08-10;5
14023027001;2021-08-11;9
14023027001;2021-08-12;8
14023027001;2021-08-13;8
14023027001;2021-08-14;2
14023027001;2021-08-15;11
14023027001;2021-08-16;6
14023027001;2021-08-17;13
14023028001;2021-08-01;20
14023028001;2021-08-02;16
14023028001;2021-08-03;23
14023028001;2021-08-04;27
14023028001;2021-08-05;31
14023028001;2021-08-06;17
14023028001;2021-08-07;12
14023028001;2021-08-08;22
14023028001;2021-08-09;22
14023028001;2021-08-10;31
14023028001;2021-08-11;32
14023028001;2021-08-12;46
14023028001;2021-08-13;29
14023028001;2021-08-14;16
14023028001;2021-08-15;45
14023028001;2021-08-16;38
14023028001;2021-08-17;64
14023029001;2021-08-01;15
14023029001;2021-08-02;11
14023029001;2021-08-03;28
14023029001;2021-08-04;20
14023029001;2021-08-05;23
14023029001;2021-08-06;3
14023029001;2021-08-07;10
14023029001;2021-08-08;17
14023029001;2021-08-09;14
14023029001;2021-08-10;25
14023029001;2021-08-11;13
14023029001;2021-08-12;22
14023029001;2021-08-13;9
14023029001;2021-08-14;4
14023029001;2021-08-15;13
14023029001;2021-08-16;11
14023029001;2021-08-17;18
14023034001;2021-08-01;2
14023034001;2021-08-02;2
14023034001;2021-08-03;1
14023034001;2021-08-04;3
14023034001;2021-08-05;4
14023034001;2021-08-07;3
14023034001;2021-08-08;2
14023034001;2021-08-10;1
14023034001;2021-08-11;4
14023034001;2021-08-12;2
14023034001;2021-08-13;1
14023034001;2021-08-14;3
14023034001;2021-08-15;1
14023034001;2021-08-16;1
14023044001;2021-08-01;4
14023044001;2021-08-04;1
14023044001;2021-08-07;1
14023044001;2021-08-08;1
14023044001;2021-08-09;3
14023044001;2021-08-11;3
14023044001;2021-08-12;3
14023044001;2021-08-14;1
14023044001;2021-08-15;1
14023044001;2021-08-17;1
14023050001;2021-08-01;6
14023050001;2021-08-03;7
14023050001;2021-08-04;9
14023050001;2021-08-05;6
14023050001;2021-08-06;2
14023050001;2021-08-07;2
14023050001;2021-08-08;6
14023050001;2021-08-09;2
14023050001;2021-08-10;8
14023050001;2021-08-11;7
14023050001;2021-08-12;8
14023050001;2021-08-13;15
14023050001;2021-08-14;2
14023050001;2021-08-15;17
14023050001;2021-08-16;6
14023050001;2021-08-17;16
14023056001;2021-08-01;44
14023056001;2021-08-02;32
14023056001;2021-08-03;70
14023056001;2021-08-04;68
14023056001;2021-08-05;81
14023056001;2021-08-06;36
14023056001;2021-08-07;31
14023056001;2021-08-08;61
14023056001;2021-08-09;55
14023056001;2021-08-10;74
14023056001;2021-08-11;74
14023056001;2021-08-12;55
14023056001;2021-08-13;93
14023056001;2021-08-14;44
14023056001;2021-08-15;143
14023056001;2021-08-16;38
14023056001;2021-08-17;103
14023083001;2021-08-01;3
14023083001;2021-08-02;1
14023083001;2021-08-03;8
14023083001;2021-08-04;5
14023083001;2021-08-05;4
14023083001;2021-08-06;5
14023083001;2021-08-07;3
14023083001;2021-08-08;4
14023083001;2021-08-09;1
14023083001;2021-08-10;6
14023083001;2021-08-11;7
14023083001;2021-08-12;12
14023083001;2021-08-13;12
14023083001;2021-08-14;1
14023083001;2021-08-15;16
14023083001;2021-08-16;2
14023083001;2021-08-17;8
14023115001;2021-08-03;2
14023115001;2021-08-04;2
14023115001;2021-08-05;3
14023115001;2021-08-06;1
14023115001;2021-08-07;1
14023115001;2021-08-08;1
14023115001;2021-08-09;4
14023115001;2021-08-10;1
14023115001;2021-08-11;3
14023115001;2021-08-12;3
14023115001;2021-08-13;1
14023115001;2021-08-14;1
14023115001;2021-08-16;3
14023115001;2021-08-17;2
14023126001;2021-08-01;4
14023126001;2021-08-02;5
14023126001;2021-08-03;2
14023126001;2021-08-04;7
14023126001;2021-08-05;3
14023126001;2021-08-06;1
14023126001;2021-08-07;2
14023126001;2021-08-08;4
14023126001;2021-08-09;3
14023126001;2021-08-10;2
14023126001;2021-08-12;1
14023126001;2021-08-13;2
14023126001;2021-08-14;1
14023126001;2021-08-15;2
14023127001;2021-08-01;3
14023127001;2021-08-02;8
14023127001;2021-08-03;7
14023127001;2021-08-04;3
14023127001;2021-08-05;5
14023127001;2021-08-06;4
14023127001;2021-08-07;4
14023127001;2021-08-08;6
14023127001;2021-08-09;13
14023127001;2021-08-10;4
14023127001;2021-08-11;6
14023127001;2021-08-12;14
14023127001;2021-08-13;6
14023127001;2021-08-14;10
14023127001;2021-08-15;13
14023127001;2021-08-16;6
14023127001;2021-08-17;16
14023129001;2021-08-01;3
14023129001;2021-08-03;2
14023129001;2021-08-04;3
14023129001;2021-08-05;6
14023129001;2021-08-06;3
14023129001;2021-08-07;2
14023129001;2021-08-08;1
14023129001;2021-08-09;4
14023129001;2021-08-10;1
14023129001;2021-08-11;4
14023129001;2021-08-12;6
14023129001;2021-08-13;2
14023129001;2021-08-15;7
14023129001;2021-08-17;2
14023132001;2021-08-01;1
14023132001;2021-08-02;1
14023132001;2021-08-03;3
14023132001;2021-08-04;2
14023132001;2021-08-05;4
14023132001;2021-08-06;2
14023132001;2021-08-07;2
14023132001;2021-08-08;6
14023132001;2021-08-09;4
14023132001;2021-08-10;2
14023132001;2021-08-11;6
14023132001;2021-08-12;2
14023132001;2021-08-13;1
14023132001;2021-08-15;4
14023140001;2021-08-01;2
14023140001;2021-08-08;2
14023140001;2021-08-13;1
14023194001;2021-08-05;1
14023194001;2021-08-06;1
14023194001;2021-08-10;1
14023210001;2021-08-13;1
14023210001;2021-08-14;2
14023210001;2021-08-15;7
14023210001;2021-08-17;2
14023212001;2021-08-01;1
14023212001;2021-08-02;1
14023212001;2021-08-03;2
14023212001;2021-08-06;1
14023212001;2021-08-07;1
14023212001;2021-08-08;2
14023212001;2021-08-09;1
14023212001;2021-08-10;2
14023212001;2021-08-11;2
14023212001;2021-08-12;2
14023212001;2021-08-13;2
14023212001;2021-08-15;1
14023212001;2021-08-17;1
14023257001;2021-08-01;1
14023257001;2021-08-02;2
14023257001;2021-08-03;1
14023257001;2021-08-04;2
14023257001;2021-08-05;1
14023257001;2021-08-06;1
14023257001;2021-08-08;3
14023257001;2021-08-09;1
14023257001;2021-08-10;2
14023257001;2021-08-11;2
14023257001;2021-08-17;1
14023310001;2021-08-02;2
14023310001;2021-08-03;1
14023310001;2021-08-11;4
14023310001;2021-08-12;5
14023310001;2021-08-13;2
14023310001;2021-08-14;2
14023310001;2021-08-15;4
14023310001;2021-08-16;2
14023310001;2021-08-17;1
14100001001;2021-08-01;2
14100001001;2021-08-02;2
14100001001;2021-08-03;1
14100001001;2021-08-04;3
14100001001;2021-08-05;3
14100001001;2021-08-06;4
14100001001;2021-08-07;1
14100001001;2021-08-08;5
14100001001;2021-08-09;7
14100001001;2021-08-10;3
14100001001;2021-08-11;3
14100001001;2021-08-12;3
14100001001;2021-08-13;6
14100001001;2021-08-14;2
14100001001;2021-08-15;8
14100001001;2021-08-16;4
14100001001;2021-08-17;6
14100003001;2021-08-01;17
14100003001;2021-08-02;15
14100003001;2021-08-03;19
14100003001;2021-08-04;23
14100003001;2021-08-05;20
14100003001;2021-08-06;6
14100003001;2021-08-07;13
14100003001;2021-08-08;10
14100003001;2021-08-09;15
14100003001;2021-08-10;17
14100003001;2021-08-11;16
14100003001;2021-08-12;31
14100003001;2021-08-13;18
14100003001;2021-08-14;15
14100003001;2021-08-15;27
14100003001;2021-08-16;15
14100003001;2021-08-17;27
14100005001;2021-08-01;1
14100005001;2021-08-05;1
14100005001;2021-08-06;1
14100005001;2021-08-07;1
14100005001;2021-08-09;1
14100005001;2021-08-12;1
14100005001;2021-08-15;1
14100007001;2021-08-11;1
14100007001;2021-08-12;2
14100007001;2021-08-15;1
14100007001;2021-08-17;4
14100009001;2021-08-01;2
14100009001;2021-08-02;3
14100009001;2021-08-03;2
14100009001;2021-08-04;3
14100009001;2021-08-09;4
14100009001;2021-08-10;1
14100009001;2021-08-12;2
14100009001;2021-08-13;3
14100009001;2021-08-14;2
14100009001;2021-08-15;9
14100009001;2021-08-16;2
14100009001;2021-08-17;3
14100012001;2021-08-01;8
14100012001;2021-08-02;6
14100012001;2021-08-03;4
14100012001;2021-08-04;6
14100012001;2021-08-05;2
14100012001;2021-08-06;3
14100012001;2021-08-07;1
14100012001;2021-08-08;2
14100012001;2021-08-09;2
14100012001;2021-08-10;2
14100012001;2021-08-11;2
14100012001;2021-08-12;3
14100012001;2021-08-13;2
14100012001;2021-08-14;1
14100012001;2021-08-15;17
14100012001;2021-08-16;3
14100012001;2021-08-17;9
14100020001;2021-08-01;1
14100020001;2021-08-03;1
14100020001;2021-08-04;2
14100020001;2021-08-06;2
14100020001;2021-08-08;1
14100020001;2021-08-10;1
14100020001;2021-08-11;1
14100020001;2021-08-17;1
14100027001;2021-08-02;2
14100027001;2021-08-03;4
14100027001;2021-08-04;2
14100027001;2021-08-05;2
14100027001;2021-08-06;2
14100027001;2021-08-08;2
14100027001;2021-08-11;1
14100027001;2021-08-13;2
14100027001;2021-08-14;1
14100027001;2021-08-15;1
14100027001;2021-08-17;2
14100031001;2021-08-11;1
14101002001;2021-08-10;1
14101002001;2021-08-12;1
14101002001;2021-08-14;2
14101002001;2021-08-15;2
14101004001;2021-08-01;5
14101004001;2021-08-02;3
14101004001;2021-08-03;1
14101004001;2021-08-04;7
14101004001;2021-08-05;6
14101004001;2021-08-06;2
14101004001;2021-08-08;2
14101004001;2021-08-09;4
14101004001;2021-08-10;1
14101004001;2021-08-11;3
14101004001;2021-08-12;5
14101004001;2021-08-13;1
14101004001;2021-08-14;4
14101004001;2021-08-15;3
14101004001;2021-08-16;2
14101004001;2021-08-17;8
14101007001;2021-08-01;1
14101007001;2021-08-02;2
14101007001;2021-08-03;4
14101007001;2021-08-04;1
14101007001;2021-08-05;1
14101007001;2021-08-06;3
14101007001;2021-08-07;2
14101007001;2021-08-08;5
14101007001;2021-08-09;3
14101007001;2021-08-10;7
14101007001;2021-08-11;2
14101007001;2021-08-12;2
14101007001;2021-08-13;4
14101007001;2021-08-14;1
14101007001;2021-08-15;4
14101007001;2021-08-16;1
14101007001;2021-08-17;4
14101016001;2021-08-04;1
14101016001;2021-08-05;1
14101016001;2021-08-08;1
14101016001;2021-08-09;2
14101016001;2021-08-10;1
14101016001;2021-08-12;1
14101016001;2021-08-15;1
14101016001;2021-08-17;1
14101017001;2021-08-05;2
14101017001;2021-08-10;1
14101017001;2021-08-12;1
14101017001;2021-08-15;1
14101021001;2021-08-02;1
14101021001;2021-08-03;1
14101021001;2021-08-04;1
14101021001;2021-08-05;2
14101021001;2021-08-06;1
14101021001;2021-08-07;1
14101021001;2021-08-08;1
14101021001;2021-08-10;1
14101021001;2021-08-12;1
14101021001;2021-08-15;1
14101021001;2021-08-17;1
14101024001;2021-08-01;8
14101024001;2021-08-02;4
14101024001;2021-08-03;2
14101024001;2021-08-04;5
14101024001;2021-08-05;7
14101024001;2021-08-07;3
14101024001;2021-08-08;3
14101024001;2021-08-09;6
14101024001;2021-08-10;3
14101024001;2021-08-11;3
14101024001;2021-08-12;6
14101024001;2021-08-13;4
14101024001;2021-08-14;13
14101024001;2021-08-15;6
14101024001;2021-08-16;1
14101024001;2021-08-17;8
14101074001;2021-08-01;4
14101074001;2021-08-02;3
14101074001;2021-08-03;5
14101074001;2021-08-04;5
14101074001;2021-08-05;2
14101074001;2021-08-06;1
14101074001;2021-08-08;1
14101074001;2021-08-09;1
14101074001;2021-08-10;1
14101074001;2021-08-11;1
14101074001;2021-08-12;3
14101074001;2021-08-13;1
14101074001;2021-08-14;1
14101074001;2021-08-15;2
14101074001;2021-08-16;1
14101074001;2021-08-17;4
14102007001;2021-08-10;1
14102007001;2021-08-14;2
14102007001;2021-08-15;3
14102007001;2021-08-17;5
14102008001;2021-08-01;1
14102008001;2021-08-02;1
14102008001;2021-08-04;1
14102008001;2021-08-06;2
14102008001;2021-08-08;3
14102008001;2021-08-09;2
14102008001;2021-08-10;1
14102008001;2021-08-11;2
14102008001;2021-08-12;1
14102008001;2021-08-15;2
14102008001;2021-08-17;2
14102025001;2021-08-01;2
14102025001;2021-08-02;2
14102025001;2021-08-04;2
14102025001;2021-08-05;2
14102025001;2021-08-07;1
14102025001;2021-08-09;1
14102025001;2021-08-12;1
14102025001;2021-08-14;2
14102025001;2021-08-17;2
14102026001;2021-08-01;2
14102026001;2021-08-03;3
14102026001;2021-08-04;2
14102026001;2021-08-05;1
14102026001;2021-08-06;2
14102026001;2021-08-07;3
14102026001;2021-08-08;5
14102026001;2021-08-10;2
14102026001;2021-08-11;1
14102026001;2021-08-15;3
14102026001;2021-08-16;3
14102026001;2021-08-17;3
14102040001;2021-08-01;4
14102040001;2021-08-02;5
14102040001;2021-08-03;8
14102040001;2021-08-04;8
14102040001;2021-08-05;9
14102040001;2021-08-06;1
14102040001;2021-08-07;1
14102040001;2021-08-08;7
14102040001;2021-08-09;3
14102040001;2021-08-10;7
14102040001;2021-08-11;5
14102040001;2021-08-12;13
14102040001;2021-08-14;5
14102040001;2021-08-15;8
14102040001;2021-08-16;5
14102040001;2021-08-17;10
14102067001;2021-08-03;1
14102067001;2021-08-07;1
14102067001;2021-08-08;2
14102067001;2021-08-11;2
14102067001;2021-08-12;1
14102067001;2021-08-13;1
14102067001;2021-08-14;2
14102067001;2021-08-15;2
14102067001;2021-08-17;2
14102087001;2021-08-01;1
14102087001;2021-08-02;4
14102087001;2021-08-03;3
14102087001;2021-08-05;2
14102087001;2021-08-07;1
14102087001;2021-08-09;3
14102087001;2021-08-10;2
14102087001;2021-08-11;1
14102087001;2021-08-12;2
14102087001;2021-08-13;1
14102087001;2021-08-14;1
14102087001;2021-08-15;5
14102087001;2021-08-16;1
14102087001;2021-08-17;1
14102115001;2021-08-01;3
14102115001;2021-08-02;2
14102115001;2021-08-03;3
14102115001;2021-08-04;1
14102115001;2021-08-05;3
14102115001;2021-08-06;1
14102115001;2021-08-07;1
14102115001;2021-08-09;4
14102115001;2021-08-11;3
14102115001;2021-08-12;3
14102115001;2021-08-13;3
14102115001;2021-08-15;3
14102115001;2021-08-16;2
14102115001;2021-08-17;1
14102223001;2021-08-05;2
14102223001;2021-08-08;1
14102223001;2021-08-10;1
14102238001;2021-08-01;5
14102238001;2021-08-02;4
14102238001;2021-08-03;8
14102238001;2021-08-04;13
14102238001;2021-08-05;14
14102238001;2021-08-06;9
14102238001;2021-08-07;9
14102238001;2021-08-08;11
14102238001;2021-08-09;5
14102238001;2021-08-10;17
14102238001;2021-08-11;10
14102238001;2021-08-12;10
14102238001;2021-08-13;6
14102238001;2021-08-14;5
14102238001;2021-08-15;12
14102238001;2021-08-16;6
14102238001;2021-08-17;7
14102246001;2021-08-01;3
14102246001;2021-08-02;3
14102246001;2021-08-03;8
14102246001;2021-08-04;10
14102246001;2021-08-05;10
14102246001;2021-08-06;4
14102246001;2021-08-07;3
14102246001;2021-08-08;7
14102246001;2021-08-09;12
14102246001;2021-08-10;6
14102246001;2021-08-11;15
14102246001;2021-08-12;24
14102246001;2021-08-13;16
14102246001;2021-08-14;9
14102246001;2021-08-15;30
14102246001;2021-08-16;6
14102246001;2021-08-17;26
14102249001;2021-08-01;30
14102249001;2021-08-02;40
14102249001;2021-08-03;40
14102249001;2021-08-04;46
14102249001;2021-08-05;41
14102249001;2021-08-06;18
14102249001;2021-08-07;24
14102249001;2021-08-08;25
14102249001;2021-08-09;11
14102249001;2021-08-10;12
14102249001;2021-08-11;19
14102249001;2021-08-12;22
14102249001;2021-08-13;13
14102249001;2021-08-14;15
14102249001;2021-08-15;62
14102249001;2021-08-16;24
14102249001;2021-08-17;48
14102250001;2021-08-01;14
14102250001;2021-08-02;17
14102250001;2021-08-03;19
14102250001;2021-08-04;31
14102250001;2021-08-05;30
14102250001;2021-08-06;7
14102250001;2021-08-07;18
14102250001;2021-08-08;13
14102250001;2021-08-09;24
14102250001;2021-08-10;35
14102250001;2021-08-11;34
14102250001;2021-08-12;42
14102250001;2021-08-13;15
14102250001;2021-08-14;7
14102250001;2021-08-15;39
14102250001;2021-08-16;18
14102250001;2021-08-17;38
14102258001;2021-08-01;4
14102258001;2021-08-02;6
14102258001;2021-08-03;10
14102258001;2021-08-04;9
14102258001;2021-08-05;17
14102258001;2021-08-06;8
14102258001;2021-08-07;11
14102258001;2021-08-08;19
14102258001;2021-08-09;17
14102258001;2021-08-10;16
14102258001;2021-08-11;14
14102258001;2021-08-12;15
14102258001;2021-08-13;9
14102258001;2021-08-14;6
14102258001;2021-08-15;22
14102258001;2021-08-16;7
14102258001;2021-08-17;20
14103009001;2021-08-01;11
14103009001;2021-08-02;11
14103009001;2021-08-03;13
14103009001;2021-08-04;18
14103009001;2021-08-05;12
14103009001;2021-08-06;8
14103009001;2021-08-07;10
14103009001;2021-08-08;9
14103009001;2021-08-09;8
14103009001;2021-08-10;6
14103009001;2021-08-11;8
14103009001;2021-08-12;22
14103009001;2021-08-13;18
14103009001;2021-08-14;12
14103009001;2021-08-15;17
14103009001;2021-08-16;9
14103009001;2021-08-17;18
14103018001;2021-08-01;5
14103018001;2021-08-02;9
14103018001;2021-08-03;9
14103018001;2021-08-04;1
14103018001;2021-08-05;3
14103018001;2021-08-06;1
14103018001;2021-08-07;1
14103018001;2021-08-08;1
14103018001;2021-08-09;2
14103018001;2021-08-10;2
14103018001;2021-08-11;8
14103018001;2021-08-12;8
14103018001;2021-08-13;6
14103018001;2021-08-14;3
14103018001;2021-08-15;14
14103018001;2021-08-16;3
14103018001;2021-08-17;9
14103030001;2021-08-01;3
14103030001;2021-08-02;3
14103030001;2021-08-03;6
14103030001;2021-08-04;3
14103030001;2021-08-05;4
14103030001;2021-08-06;7
14103030001;2021-08-07;5
14103030001;2021-08-08;2
14103030001;2021-08-09;3
14103030001;2021-08-10;5
14103030001;2021-08-11;8
14103030001;2021-08-12;3
14103030001;2021-08-13;3
14103030001;2021-08-14;1
14103030001;2021-08-15;8
14103030001;2021-08-16;1
14103030001;2021-08-17;3
14103057001;2021-08-03;1
14103057001;2021-08-05;2
14103057001;2021-08-06;2
14103057001;2021-08-07;1
14103057001;2021-08-08;1
14103057001;2021-08-09;2
14103057001;2021-08-10;3
14103057001;2021-08-11;3
14103057001;2021-08-12;5
14103057001;2021-08-13;3
14103057001;2021-08-14;1
14103057001;2021-08-15;2
14103057001;2021-08-17;3
14103058001;2021-08-12;1
14103058001;2021-08-17;1
14103084001;2021-08-03;1
14103084001;2021-08-07;1
14103084001;2021-08-11;1
14103084001;2021-08-13;1
14103084001;2021-08-17;1
14103106001;2021-08-04;1
14103106001;2021-08-05;2
14103106001;2021-08-06;1
14103106001;2021-08-08;1
14103106001;2021-08-11;4
14103106001;2021-08-13;1
14103106001;2021-08-15;4
14103106001;2021-08-16;1
14104002001;2021-08-01;9
14104002001;2021-08-02;6
14104002001;2021-08-03;8
14104002001;2021-08-04;6
14104002001;2021-08-05;15
14104002001;2021-08-06;7
14104002001;2021-08-07;7
14104002001;2021-08-08;16
14104002001;2021-08-09;14
14104002001;2021-08-10;13
14104002001;2021-08-11;10
14104002001;2021-08-12;21
14104002001;2021-08-13;13
14104002001;2021-08-14;13
14104002001;2021-08-15;23
14104002001;2021-08-16;6
14104002001;2021-08-17;13
14104012001;2021-08-01;8
14104012001;2021-08-02;16
14104012001;2021-08-03;14
14104012001;2021-08-04;17
14104012001;2021-08-05;14
14104012001;2021-08-06;8
14104012001;2021-08-07;11
14104012001;2021-08-08;6
14104012001;2021-08-09;12
14104012001;2021-08-10;18
14104012001;2021-08-11;13
14104012001;2021-08-12;31
14104012001;2021-08-13;20
14104012001;2021-08-14;7
14104012001;2021-08-15;29
14104012001;2021-08-16;19
14104012001;2021-08-17;26
14104016001;2021-08-02;2
14104016001;2021-08-03;1
14104016001;2021-08-04;2
14104016001;2021-08-05;3
14104016001;2021-08-06;1
14104016001;2021-08-07;1
14104016001;2021-08-08;1
14104016001;2021-08-09;4
14104016001;2021-08-11;3
14104016001;2021-08-13;3
14104016001;2021-08-15;3
14104016001;2021-08-17;2
14104017001;2021-08-01;9
14104017001;2021-08-02;8
14104017001;2021-08-03;15
14104017001;2021-08-04;10
14104017001;2021-08-05;8
14104017001;2021-08-06;6
14104017001;2021-08-07;6
14104017001;2021-08-08;7
14104017001;2021-08-09;8
14104017001;2021-08-10;10
14104017001;2021-08-11;14
14104017001;2021-08-12;21
14104017001;2021-08-13;13
14104017001;2021-08-14;4
14104017001;2021-08-15;16
14104017001;2021-08-16;6
14104017001;2021-08-17;9
14104028001;2021-08-05;1
14104030001;2021-08-08;1
14104030001;2021-08-11;1
14104030001;2021-08-14;2
14104030001;2021-08-15;2
14104030001;2021-08-17;3
14104042001;2021-08-01;4
14104042001;2021-08-02;7
14104042001;2021-08-03;9
14104042001;2021-08-04;9
14104042001;2021-08-05;5
14104042001;2021-08-06;4
14104042001;2021-08-07;3
14104042001;2021-08-08;5
14104042001;2021-08-09;6
14104042001;2021-08-10;5
14104042001;2021-08-11;12
14104042001;2021-08-12;8
14104042001;2021-08-13;6
14104042001;2021-08-14;4
14104042001;2021-08-15;13
14104042001;2021-08-16;5
14104042001;2021-08-17;12
14104067001;2021-08-01;18
14104067001;2021-08-02;11
14104067001;2021-08-03;11
14104067001;2021-08-04;19
14104067001;2021-08-05;14
14104067001;2021-08-06;4
14104067001;2021-08-07;11
14104067001;2021-08-08;8
14104067001;2021-08-09;6
14104067001;2021-08-10;5
14104067001;2021-08-11;9
14104067001;2021-08-12;10
14104067001;2021-08-13;10
14104067001;2021-08-14;6
14104067001;2021-08-15;18
14104067001;2021-08-16;12
14104067001;2021-08-17;15
14104088002;2021-08-06;1
14104088002;2021-08-12;2
14104090001;2021-08-01;5
14104090001;2021-08-04;2
14104090001;2021-08-05;2
14104090001;2021-08-06;4
14104090001;2021-08-07;2
14104090001;2021-08-08;3
14104090001;2021-08-09;2
14104090001;2021-08-10;1
14104090001;2021-08-11;2
14104090001;2021-08-12;2
14104090001;2021-08-13;1
14104090001;2021-08-14;1
14104090001;2021-08-15;3
14104090001;2021-08-16;2
14104090001;2021-08-17;1
14104098001;2021-08-03;2
14104098001;2021-08-04;1
14104098001;2021-08-06;1
14104098001;2021-08-10;2
14104098001;2021-08-13;1
14104098001;2021-08-14;1
14104098001;2021-08-16;4
14104098001;2021-08-17;3
14104101001;2021-08-01;8
14104101001;2021-08-02;6
14104101001;2021-08-03;3
14104101001;2021-08-04;4
14104101001;2021-08-05;10
14104101001;2021-08-06;5
14104101001;2021-08-07;1
14104101001;2021-08-08;5
14104101001;2021-08-09;5
14104101001;2021-08-11;7
14104101001;2021-08-12;7
14104101001;2021-08-13;2
14104101001;2021-08-14;3
14104101001;2021-08-15;10
14104101001;2021-08-16;6
14104101001;2021-08-17;6
14104108001;2021-08-01;3
14104108001;2021-08-02;2
14104108001;2021-08-03;4
14104108001;2021-08-04;6
14104108001;2021-08-05;2
14104108001;2021-08-07;1
14104108001;2021-08-08;1
14104108001;2021-08-09;1
14104108001;2021-08-10;4
14104108001;2021-08-11;2
14104108001;2021-08-12;6
14104108001;2021-08-13;4
14104108001;2021-08-14;1
14104108001;2021-08-15;1
14104108001;2021-08-17;2
14104113001;2021-08-01;5
14104113001;2021-08-02;3
14104113001;2021-08-03;4
14104113001;2021-08-04;1
14104113001;2021-08-05;3
14104113001;2021-08-07;5
14104113001;2021-08-08;2
14104113001;2021-08-09;1
14104113001;2021-08-10;4
14104113001;2021-08-11;4
14104113001;2021-08-12;4
14104113001;2021-08-13;2
14104113001;2021-08-15;3
14104113001;2021-08-16;4
14104113001;2021-08-17;6
14104114001;2021-08-02;1
14104114001;2021-08-04;1
14104114001;2021-08-06;2
14104114001;2021-08-07;1
14104114001;2021-08-10;2
14104114001;2021-08-11;2
14104114001;2021-08-12;2
14104114001;2021-08-13;1
14104114001;2021-08-15;2
14104114001;2021-08-16;2
14104114001;2021-08-17;4
14104117001;2021-08-01;1
14104117001;2021-08-02;1
14104117001;2021-08-08;1
14104118001;2021-08-01;28
14104118001;2021-08-02;19
14104118001;2021-08-03;15
14104118001;2021-08-04;25
14104118001;2021-08-05;24
14104118001;2021-08-06;4
14104118001;2021-08-07;9
14104118001;2021-08-08;12
14104118001;2021-08-09;9
14104118001;2021-08-10;17
14104118001;2021-08-11;18
14104118001;2021-08-12;27
14104118001;2021-08-13;15
14104118001;2021-08-14;7
14104118001;2021-08-15;17
14104118001;2021-08-16;15
14104118001;2021-08-17;16
14104129001;2021-08-01;17
14104129001;2021-08-02;18
14104129001;2021-08-03;14
14104129001;2021-08-04;12
14104129001;2021-08-05;20
14104129001;2021-08-06;15
14104129001;2021-08-07;10
14104129001;2021-08-08;22
14104129001;2021-08-09;15
14104129001;2021-08-10;15
14104129001;2021-08-11;15
14104129001;2021-08-12;20
14104129001;2021-08-13;10
14104129001;2021-08-14;6
14104129001;2021-08-15;33
14104129001;2021-08-16;10
14104129001;2021-08-17;24
14104139001;2021-08-01;1
14104139001;2021-08-06;1
14104139001;2021-08-12;1
14104139001;2021-08-13;1
14104139001;2021-08-15;1
14104139001;2021-08-17;2
14104146001;2021-08-01;1
14104146001;2021-08-03;2
14104146001;2021-08-04;2
14104146001;2021-08-05;4
14104146001;2021-08-06;4
14104146001;2021-08-07;2
14104148001;2021-08-02;1
14104148001;2021-08-03;2
14104148001;2021-08-04;1
14104148001;2021-08-05;1
14104148001;2021-08-06;3
14104148001;2021-08-07;3
14104148001;2021-08-10;1
14104148001;2021-08-11;1
14104148001;2021-08-12;1
14104148001;2021-08-13;1
14104148001;2021-08-14;1
14104148001;2021-08-15;5
14104148001;2021-08-16;2
14104150001;2021-08-01;3
14104150001;2021-08-02;1
14104150001;2021-08-03;1
14104150001;2021-08-04;1
14104150001;2021-08-05;1
14104150001;2021-08-07;1
14104150001;2021-08-10;2
14104150001;2021-08-11;2
14104150001;2021-08-12;3
14104150001;2021-08-13;7
14104150001;2021-08-14;1
14104150001;2021-08-15;5
14104150001;2021-08-16;3
14104150001;2021-08-17;10
14104151001;2021-08-01;3
14104151001;2021-08-02;1
14104151001;2021-08-03;1
14104151001;2021-08-04;2
14104151001;2021-08-05;3
14104151001;2021-08-07;1
14104151001;2021-08-08;1
14104151001;2021-08-09;1
14104151001;2021-08-11;1
14104151001;2021-08-12;2
14104151001;2021-08-13;1
14104151001;2021-08-14;2
14104151001;2021-08-15;8
14104151001;2021-08-16;4
14104151001;2021-08-17;4
14104162001;2021-08-01;2
14104162001;2021-08-03;2
14104162001;2021-08-08;1
14104162001;2021-08-09;1
14104162001;2021-08-11;1
14104162001;2021-08-12;2
14104162001;2021-08-13;1
14104162001;2021-08-15;3
14104162001;2021-08-17;4
14104169001;2021-08-01;4
14104169001;2021-08-02;7
14104169001;2021-08-03;6
14104169001;2021-08-04;19
14104169001;2021-08-05;4
14104169001;2021-08-06;8
14104169001;2021-08-07;4
14104169001;2021-08-08;6
14104169001;2021-08-09;4
14104169001;2021-08-10;12
14104169001;2021-08-11;8
14104169001;2021-08-12;9
14104169001;2021-08-13;5
14104169001;2021-08-14;6
14104169001;2021-08-15;13
14104169001;2021-08-16;6
14104169001;2021-08-17;7
14104193001;2021-08-08;2
14104193001;2021-08-09;1
14104193001;2021-08-12;2
14104193001;2021-08-13;1
14104193001;2021-08-14;1
14104193001;2021-08-15;4
14104193001;2021-08-16;1
14104193001;2021-08-17;1
14104200001;2021-08-02;1
14104200001;2021-08-03;2
14104200001;2021-08-04;4
14104200001;2021-08-05;3
14104200001;2021-08-06;2
14104200001;2021-08-07;2
14104200001;2021-08-08;3
14104200001;2021-08-09;2
14104200001;2021-08-10;3
14104200001;2021-08-12;1
14105008001;2021-08-04;3
14105008001;2021-08-07;2
14105008001;2021-08-10;1
14105008001;2021-08-12;2
14105008001;2021-08-13;2
14105008001;2021-08-15;3
14105026001;2021-08-04;2
14105026001;2021-08-09;1
14105026001;2021-08-13;2
14105026001;2021-08-14;1
14105026001;2021-08-15;10
14105026001;2021-08-16;4
14105026001;2021-08-17;4
14105129001;2021-08-02;1
14105129001;2021-08-03;2
14105129001;2021-08-04;4
14105129001;2021-08-05;2
14105129001;2021-08-06;2
14105129001;2021-08-07;4
14105129001;2021-08-09;1
14105129001;2021-08-10;5
14105129001;2021-08-11;8
14105129001;2021-08-12;2
14105129001;2021-08-14;3
14105129001;2021-08-15;1
14105129001;2021-08-16;3
14105129001;2021-08-17;5
14105130001;2021-08-02;1
14105130001;2021-08-04;1
14105130001;2021-08-05;6
14105130001;2021-08-06;2
14105130001;2021-08-07;2
14105130001;2021-08-08;3
14105130001;2021-08-09;1
14105130001;2021-08-10;2
14105130001;2021-08-11;7
14105130001;2021-08-12;8
14105130001;2021-08-13;2
14105130001;2021-08-14;3
14105130001;2021-08-15;7
14105130001;2021-08-16;5
14105130001;2021-08-17;10
14110002001;2021-08-01;1
14110002001;2021-08-02;1
14110002001;2021-08-04;2
14110002001;2021-08-05;2
14110002001;2021-08-07;1
14110002001;2021-08-08;2
14110002001;2021-08-10;2
14110002001;2021-08-11;1
14110002001;2021-08-12;1
14110002001;2021-08-13;1
14110002001;2021-08-15;1
14110003001;2021-08-04;2
14110003001;2021-08-05;3
14110003001;2021-08-06;1
14110003001;2021-08-09;2
14110003001;2021-08-10;2
14110003001;2021-08-11;1
14110003001;2021-08-12;1
14110003001;2021-08-13;4
14110003001;2021-08-14;1
14110003001;2021-08-15;4
14110003001;2021-08-16;2
14110006001;2021-08-01;6
14110006001;2021-08-02;2
14110006001;2021-08-03;5
14110006001;2021-08-04;7
14110006001;2021-08-05;7
14110006001;2021-08-06;3
14110006001;2021-08-07;5
14110006001;2021-08-08;5
14110006001;2021-08-09;9
14110006001;2021-08-10;6
14110006001;2021-08-11;1
14110006001;2021-08-12;6
14110006001;2021-08-13;4
14110006001;2021-08-14;2
14110006001;2021-08-15;7
14110006001;2021-08-16;5
14110006001;2021-08-17;8
14110010001;2021-08-02;1
14110010001;2021-08-03;1
14110010001;2021-08-04;1
14110010001;2021-08-06;1
14110010001;2021-08-08;1
14110010001;2021-08-09;1
14110010001;2021-08-11;4
14110010001;2021-08-15;2
14110010001;2021-08-16;2
14110010001;2021-08-17;3
14110011001;2021-08-02;2
14110011001;2021-08-03;1
14110011001;2021-08-05;1
14110011001;2021-08-06;2
14110011001;2021-08-08;1
14110011001;2021-08-09;2
14110011001;2021-08-10;1
14110011001;2021-08-13;1
14110011001;2021-08-15;1
14110011001;2021-08-16;2
14110011001;2021-08-17;2
14110015001;2021-08-01;14
14110015001;2021-08-02;21
14110015001;2021-08-03;22
14110015001;2021-08-04;18
14110015001;2021-08-05;17
14110015001;2021-08-06;4
14110015001;2021-08-07;14
14110015001;2021-08-08;8
14110015001;2021-08-09;11
14110015001;2021-08-10;10
14110015001;2021-08-11;17
14110015001;2021-08-12;28
14110015001;2021-08-13;21
14110015001;2021-08-14;13
14110015001;2021-08-15;59
14110015001;2021-08-16;27
14110015001;2021-08-17;28
14110019001;2021-08-01;1
14110019001;2021-08-05;1
14110019001;2021-08-06;1
14110019001;2021-08-07;1
14110019001;2021-08-08;1
14110019001;2021-08-10;2
14110019001;2021-08-11;2
14110019001;2021-08-12;1
14110019001;2021-08-15;3
14110019001;2021-08-17;4
14110028001;2021-08-01;3
14110028001;2021-08-03;2
14110028001;2021-08-04;1
14110028001;2021-08-06;1
14110028001;2021-08-12;2
14110029001;2021-08-01;3
14110029001;2021-08-02;4
14110029001;2021-08-03;4
14110029001;2021-08-04;8
14110029001;2021-08-05;10
14110029001;2021-08-06;4
14110029001;2021-08-07;4
14110029001;2021-08-08;6
14110029001;2021-08-09;5
14110029001;2021-08-10;9
14110029001;2021-08-11;2
14110029001;2021-08-12;9
14110029001;2021-08-13;6
14110029001;2021-08-15;10
14110029001;2021-08-16;6
14110029001;2021-08-17;10
14110054001;2021-08-01;8
14110054001;2021-08-02;6
14110054001;2021-08-03;11
14110054001;2021-08-04;12
14110054001;2021-08-05;18
14110054001;2021-08-06;7
14110054001;2021-08-07;6
14110054001;2021-08-08;9
14110054001;2021-08-09;10
14110054001;2021-08-10;6
14110054001;2021-08-11;9
14110054001;2021-08-12;8
14110054001;2021-08-13;8
14110054001;2021-08-14;5
14110054001;2021-08-15;21
14110054001;2021-08-16;5
14110054001;2021-08-17;11
14110056001;2021-08-01;7
14110056001;2021-08-03;3
14110056001;2021-08-04;2
14110056001;2021-08-07;1
14110056001;2021-08-08;1
14110056001;2021-08-09;1
14110056001;2021-08-12;2
14110056001;2021-08-13;4
14110056001;2021-08-14;1
14110056001;2021-08-15;3
14110056001;2021-08-16;3
14110056001;2021-08-17;8
14110078001;2021-08-01;1
14110078001;2021-08-02;1
14110078001;2021-08-04;2
14110078001;2021-08-09;1
14110078001;2021-08-11;2
14110078001;2021-08-15;1
14110078001;2021-08-16;1
14110081001;2021-08-01;3
14110081001;2021-08-02;6
14110081001;2021-08-03;1
14110081001;2021-08-04;7
14110081001;2021-08-05;7
14110081001;2021-08-07;1
14110081001;2021-08-08;2
14110081001;2021-08-09;1
14110081001;2021-08-11;4
14110081001;2021-08-12;7
14110081001;2021-08-13;3
14110081001;2021-08-14;2
14110081001;2021-08-15;6
14110081001;2021-08-16;7
14110081001;2021-08-17;12
14110084001;2021-08-01;8
14110084001;2021-08-02;7
14110084001;2021-08-03;17
14110084001;2021-08-04;8
14110084001;2021-08-05;11
14110084001;2021-08-06;3
14110084001;2021-08-07;8
14110084001;2021-08-08;6
14110084001;2021-08-09;4
14110084001;2021-08-10;10
14110084001;2021-08-11;10
14110084001;2021-08-12;11
14110084001;2021-08-13;4
14110084001;2021-08-14;4
14110084001;2021-08-15;18
14110084001;2021-08-16;6
14110084001;2021-08-17;9
14110086001;2021-08-01;2
14110086001;2021-08-02;2
14110086001;2021-08-03;6
14110086001;2021-08-04;3
14110086001;2021-08-05;8
14110086001;2021-08-06;3
14110086001;2021-08-07;1
14110086001;2021-08-08;7
14110086001;2021-08-09;6
14110086001;2021-08-10;6
14110086001;2021-08-11;2
14110086001;2021-08-12;2
14110086001;2021-08-13;1
14110086001;2021-08-14;2
14110086001;2021-08-15;6
14110086001;2021-08-16;4
14110086001;2021-08-17;3
14110106001;2021-08-09;7
14110106001;2021-08-10;8
14110106001;2021-08-11;11
14110106001;2021-08-12;6
14110106001;2021-08-13;5
14110106001;2021-08-14;13
14110106001;2021-08-15;32
14110106001;2021-08-16;8
14110106001;2021-08-17;25
14110145001;2021-08-02;1
14110145001;2021-08-04;1
14110145001;2021-08-06;1
14110145001;2021-08-07;1
14110145001;2021-08-08;1
14110145001;2021-08-12;1
14110145001;2021-08-14;1
14110154001;2021-08-13;1
14110154001;2021-08-14;7
14110154001;2021-08-15;9
14110154001;2021-08-16;2
14110154001;2021-08-17;8
14110163001;2021-08-01;1
14110163001;2021-08-03;2
14110163001;2021-08-05;2
14110163001;2021-08-06;1
14110163001;2021-08-07;1
14110163001;2021-08-08;2
14110163001;2021-08-10;2
14110163001;2021-08-11;2
14110163001;2021-08-12;3
14110163001;2021-08-13;3
14110163001;2021-08-15;1
14110163001;2021-08-16;1
14110163001;2021-08-17;1
14111001001;2021-08-01;6
14111001001;2021-08-02;2
14111001001;2021-08-03;13
14111001001;2021-08-04;6
14111001001;2021-08-05;2
14111001001;2021-08-06;1
14111001001;2021-08-07;4
14111001001;2021-08-08;3
14111001001;2021-08-09;1
14111001001;2021-08-10;1
14111001001;2021-08-11;8
14111001001;2021-08-12;16
14111001001;2021-08-13;7
14111001001;2021-08-14;2
14111001001;2021-08-15;21
14111001001;2021-08-16;9
14111001001;2021-08-17;9
14111002001;2021-08-01;5
14111002001;2021-08-02;3
14111002001;2021-08-03;3
14111002001;2021-08-04;8
14111002001;2021-08-05;4
14111002001;2021-08-06;2
14111002001;2021-08-08;3
14111002001;2021-08-09;3
14111002001;2021-08-10;3
14111002001;2021-08-11;1
14111002001;2021-08-12;3
14111002001;2021-08-13;2
14111002001;2021-08-14;3
14111002001;2021-08-15;3
14111002001;2021-08-16;2
14111002001;2021-08-17;2
14111004001;2021-08-01;2
14111004001;2021-08-02;1
14111004001;2021-08-03;2
14111004001;2021-08-04;1
14111004001;2021-08-05;1
14111004001;2021-08-06;3
14111004001;2021-08-08;2
14111004001;2021-08-09;1
14111004001;2021-08-11;1
14111004001;2021-08-12;6
14111004001;2021-08-13;1
14111004001;2021-08-14;2
14111004001;2021-08-15;5
14111004001;2021-08-17;3
14111005001;2021-08-01;1
14111005001;2021-08-04;1
14111005001;2021-08-06;2
14111005001;2021-08-08;3
14111005001;2021-08-09;1
14111005001;2021-08-10;1
14111005001;2021-08-11;1
14111005001;2021-08-12;4
14111005001;2021-08-13;3
14111005001;2021-08-15;1
14111005001;2021-08-17;2
14111006001;2021-08-02;1
14111006001;2021-08-03;2
14111006001;2021-08-04;2
14111006001;2021-08-05;2
14111006001;2021-08-06;1
14111006001;2021-08-07;2
14111006001;2021-08-08;6
14111006001;2021-08-09;3
14111006001;2021-08-10;3
14111006001;2021-08-12;2
14111006001;2021-08-13;2
14111006001;2021-08-14;1
14111006001;2021-08-16;1
14111006001;2021-08-17;1
14111008001;2021-08-02;1
14111008001;2021-08-03;1
14111008001;2021-08-04;1
14111008001;2021-08-05;3
14111008001;2021-08-06;2
14111008001;2021-08-07;1
14111008001;2021-08-08;1
14111008001;2021-08-10;4
14111008001;2021-08-11;5
14111008001;2021-08-12;6
14111008001;2021-08-13;1
14111008001;2021-08-14;1
14111008001;2021-08-15;3
14111008001;2021-08-16;4
14111008001;2021-08-17;10
14111010001;2021-08-02;1
14111010001;2021-08-03;2
14111010001;2021-08-04;3
14111010001;2021-08-05;1
14111010001;2021-08-08;4
14111010001;2021-08-09;8
14111010001;2021-08-11;2
14111010001;2021-08-12;4
14111010001;2021-08-13;1
14111010001;2021-08-15;7
14111010001;2021-08-16;3
14111010001;2021-08-17;5
14111011001;2021-08-01;5
14111011001;2021-08-02;2
14111011001;2021-08-03;1
14111011001;2021-08-06;3
14111011001;2021-08-08;1
14111011001;2021-08-09;2
14111011001;2021-08-12;5
14111011001;2021-08-13;4
14111011001;2021-08-14;2
14111011001;2021-08-15;4
14111011001;2021-08-16;3
14111011001;2021-08-17;11
14111012001;2021-08-03;1
14111012001;2021-08-04;1
14111012001;2021-08-06;1
14111012001;2021-08-16;1
14111015001;2021-08-02;2
14111015001;2021-08-03;1
14111015001;2021-08-04;1
14111015001;2021-08-05;3
14111015001;2021-08-08;3
14111015001;2021-08-09;3
14111015001;2021-08-11;1
14111015001;2021-08-15;4
14111015001;2021-08-16;3
14111015001;2021-08-17;1
14111017001;2021-08-02;3
14111017001;2021-08-03;1
14111017001;2021-08-04;2
14111017001;2021-08-05;2
14111017001;2021-08-07;2
14111017001;2021-08-08;2
14111017001;2021-08-09;1
14111017001;2021-08-12;1
14111017001;2021-08-16;2
14111017001;2021-08-17;1
14111018001;2021-08-01;1
14111018001;2021-08-04;1
14111018001;2021-08-06;1
14111018001;2021-08-09;1
14111018001;2021-08-12;1
14111018001;2021-08-13;1
14111018001;2021-08-14;1
14111020001;2021-08-01;1
14111020001;2021-08-02;4
14111020001;2021-08-03;1
14111020001;2021-08-04;3
14111020001;2021-08-05;6
14111020001;2021-08-06;3
14111020001;2021-08-07;3
14111020001;2021-08-08;3
14111020001;2021-08-09;2
14111020001;2021-08-10;2
14111020001;2021-08-11;3
14111020001;2021-08-12;7
14111020001;2021-08-13;3
14111020001;2021-08-14;1
14111020001;2021-08-15;3
14111020001;2021-08-16;6
14111020001;2021-08-17;7
14111023001;2021-08-03;1
14111023001;2021-08-04;1
14111023001;2021-08-05;1
14111023001;2021-08-07;1
14111023001;2021-08-08;1
14111023001;2021-08-09;1
14111023001;2021-08-12;1
14111023001;2021-08-13;2
14111023001;2021-08-15;1
14111024001;2021-08-03;2
14111024001;2021-08-04;1
14111024001;2021-08-05;4
14111024001;2021-08-07;1
14111024001;2021-08-08;1
14111024001;2021-08-09;9
14111024001;2021-08-10;6
14111024001;2021-08-11;5
14111024001;2021-08-12;5
14111024001;2021-08-13;8
14111024001;2021-08-14;2
14111024001;2021-08-15;2
14111024001;2021-08-16;11
14111024001;2021-08-17;3
14111029001;2021-08-02;2
14111029001;2021-08-03;1
14111029001;2021-08-04;1
14111029001;2021-08-05;2
14111029001;2021-08-07;1
14111029001;2021-08-08;3
14111029001;2021-08-09;2
14111029001;2021-08-10;2
14111029001;2021-08-12;3
14111029001;2021-08-13;2
14111029001;2021-08-15;9
14111029001;2021-08-16;1
14111034001;2021-08-02;3
14111034001;2021-08-05;1
14111034001;2021-08-07;2
14111034001;2021-08-08;2
14111034001;2021-08-09;1
14111034001;2021-08-10;2
14111034001;2021-08-11;1
14111034001;2021-08-13;4
14111034001;2021-08-14;1
14111034001;2021-08-15;1
14111034001;2021-08-16;2
14111034001;2021-08-17;1
14111036001;2021-08-01;5
14111036001;2021-08-02;3
14111036001;2021-08-03;4
14111036001;2021-08-04;2
14111036001;2021-08-05;2
14111036001;2021-08-07;2
14111036001;2021-08-11;5
14111036001;2021-08-12;12
14111036001;2021-08-13;5
14111036001;2021-08-14;2
14111036001;2021-08-15;14
14111036001;2021-08-16;8
14111036001;2021-08-17;7
14111037001;2021-08-01;2
14111037001;2021-08-02;2
14111037001;2021-08-03;2
14111037001;2021-08-04;1
14111037001;2021-08-05;4
14111037001;2021-08-06;3
14111037001;2021-08-07;2
14111037001;2021-08-08;2
14111037001;2021-08-09;1
14111037001;2021-08-10;1
14111037001;2021-08-11;3
14111037001;2021-08-12;4
14111037001;2021-08-13;2
14111037001;2021-08-15;22
14111037001;2021-08-16;1
14111037001;2021-08-17;1
14111038001;2021-08-01;2
14111038001;2021-08-02;5
14111038001;2021-08-03;2
14111038001;2021-08-04;2
14111038001;2021-08-05;5
14111038001;2021-08-06;2
14111038001;2021-08-07;4
14111038001;2021-08-08;5
14111038001;2021-08-09;1
14111038001;2021-08-11;2
14111038001;2021-08-12;1
14111038001;2021-08-13;3
14111038001;2021-08-14;2
14111038001;2021-08-15;2
14111038001;2021-08-16;2
14111038001;2021-08-17;1
14111040001;2021-08-06;1
14111040001;2021-08-12;1
14111040001;2021-08-13;1
14111041001;2021-08-04;1
14111041001;2021-08-09;1
14111041001;2021-08-12;5
14111041001;2021-08-13;2
14111041001;2021-08-14;1
14111041001;2021-08-15;1
14111041001;2021-08-16;5
14111050001;2021-08-02;1
14111050001;2021-08-03;2
14111050001;2021-08-04;2
14111050001;2021-08-05;1
14111050001;2021-08-07;1
14111050001;2021-08-08;1
14111050001;2021-08-14;2
14111050001;2021-08-16;2
14111050001;2021-08-17;1
14111055001;2021-08-04;1
14111055001;2021-08-06;1
14111055001;2021-08-07;1
14111055001;2021-08-08;3
14111055001;2021-08-09;3
14111055001;2021-08-10;1
14111055001;2021-08-11;2
14111055001;2021-08-12;1
14111055001;2021-08-13;2
14111055001;2021-08-14;1
14111055001;2021-08-16;2
14111055001;2021-08-17;1
14111090001;2021-08-02;2
14111090001;2021-08-05;1
14111090001;2021-08-13;1
14111098001;2021-08-04;2
14111098001;2021-08-06;1
14111098001;2021-08-11;1
14111098001;2021-08-12;1
14111098001;2021-08-16;1
14111098001;2021-08-17;1
14111102001;2021-08-01;1
14111102001;2021-08-04;1
14111102001;2021-08-05;2
14111102001;2021-08-06;1
14111102001;2021-08-08;1
14111102001;2021-08-12;1
14111107001;2021-08-03;1
14111107001;2021-08-09;1
14111107001;2021-08-15;1
14111118001;2021-08-01;7
14111118001;2021-08-02;5
14111118001;2021-08-03;13
14111118001;2021-08-04;11
14111118001;2021-08-05;9
14111118001;2021-08-06;2
14111118001;2021-08-07;2
14111118001;2021-08-08;3
14111118001;2021-08-09;5
14111118001;2021-08-10;1
14111118001;2021-08-11;2
14111118001;2021-08-12;10
14111118001;2021-08-13;10
14111118001;2021-08-14;3
14111118001;2021-08-15;6
14111118001;2021-08-16;4
14111118001;2021-08-17;9
14111119001;2021-08-17;1
14111120001;2021-08-07;1
14111120001;2021-08-10;2
14111120001;2021-08-12;3
14111120001;2021-08-13;1
14111120001;2021-08-15;3
14111120001;2021-08-16;1
14111120001;2021-08-17;3
14111132001;2021-08-01;10
14111132001;2021-08-02;3
14111132001;2021-08-03;4
14111132001;2021-08-04;3
14111132001;2021-08-05;2
14111132001;2021-08-07;1
14111132001;2021-08-09;2
14111132001;2021-08-10;1
14111132001;2021-08-11;2
14111132001;2021-08-12;3
14111132001;2021-08-13;4
14111132001;2021-08-14;2
14111132001;2021-08-15;4
14111132001;2021-08-17;4
14111134001;2021-08-04;3
14111134001;2021-08-05;7
14111134001;2021-08-06;1
14111134001;2021-08-08;6
14111134001;2021-08-09;7
14111134001;2021-08-10;2
14111134001;2021-08-11;5
14111134001;2021-08-12;5
14111134001;2021-08-13;3
14111134001;2021-08-14;2
14111134001;2021-08-15;5
14111134001;2021-08-17;4
14112007001;2021-08-01;51
14112007001;2021-08-02;47
14112007001;2021-08-03;66
14112007001;2021-08-04;65
14112007001;2021-08-05;82
14112007001;2021-08-06;27
14112007001;2021-08-07;44
14112007001;2021-08-08;42
14112007001;2021-08-09;14
14112007001;2021-08-10;22
14112007001;2021-08-11;5
14112007001;2021-08-12;12
14112007001;2021-08-13;5
14112007001;2021-08-14;1
14112007001;2021-08-16;1
14112009001;2021-08-01;3
14112009001;2021-08-02;1
14112009001;2021-08-03;1
14112009001;2021-08-05;1
14112009001;2021-08-06;2
14112009001;2021-08-07;2
14112009001;2021-08-09;1
14112009001;2021-08-10;1
14112009001;2021-08-11;2
14112009001;2021-08-12;4
14112009001;2021-08-13;5
14112009001;2021-08-14;4
14112009001;2021-08-15;5
14112009001;2021-08-16;2
14112009001;2021-08-17;4
14112013001;2021-08-01;49
14112013001;2021-08-02;40
14112013001;2021-08-03;57
14112013001;2021-08-04;59
14112013001;2021-08-05;84
14112013001;2021-08-06;18
14112013001;2021-08-07;39
14112013001;2021-08-08;45
14112013001;2021-08-09;39
14112013001;2021-08-10;27
14112013001;2021-08-11;20
14112013001;2021-08-12;33
14112013001;2021-08-13;14
14112013001;2021-08-14;12
14112013001;2021-08-15;19
14112013001;2021-08-16;8
14112013001;2021-08-17;7
14112014001;2021-08-01;21
14112014001;2021-08-02;22
14112014001;2021-08-03;38
14112014001;2021-08-04;19
14112014001;2021-08-05;20
14112014001;2021-08-06;5
14112014001;2021-08-07;16
14112014001;2021-08-08;10
14112014001;2021-08-09;10
14112014001;2021-08-10;2
14112014001;2021-08-11;21
14112014001;2021-08-12;28
14112014001;2021-08-13;23
14112014001;2021-08-14;14
14112014001;2021-08-15;36
14112014001;2021-08-16;19
14112014001;2021-08-17;21
14112016001;2021-08-01;10
14112016001;2021-08-02;7
14112016001;2021-08-03;9
14112016001;2021-08-04;13
14112016001;2021-08-05;13
14112016001;2021-08-06;5
14112016001;2021-08-07;5
14112016001;2021-08-08;9
14112016001;2021-08-09;12
14112016001;2021-08-10;11
14112016001;2021-08-11;16
14112016001;2021-08-12;17
14112016001;2021-08-13;9
14112016001;2021-08-14;7
14112016001;2021-08-15;19
14112016001;2021-08-16;9
14112016001;2021-08-17;10
14112021001;2021-08-01;4
14112021001;2021-08-02;3
14112021001;2021-08-03;2
14112021001;2021-08-04;7
14112021001;2021-08-05;3
14112021001;2021-08-06;2
14112021001;2021-08-07;3
14112021001;2021-08-08;2
14112021001;2021-08-09;2
14112021001;2021-08-10;1
14112021001;2021-08-11;4
14112021001;2021-08-12;4
14112021001;2021-08-13;4
14112021001;2021-08-14;2
14112021001;2021-08-15;11
14112021001;2021-08-16;2
14112021001;2021-08-17;5
14112038001;2021-08-03;1
14112038001;2021-08-04;1
14112038001;2021-08-05;3
14112038001;2021-08-06;1
14112038001;2021-08-07;1
14112038001;2021-08-08;4
14112038001;2021-08-10;2
14112038001;2021-08-11;2
14112038001;2021-08-12;5
14112038001;2021-08-13;3
14112038001;2021-08-14;1
14112038001;2021-08-15;3
14112038001;2021-08-16;2
14112038001;2021-08-17;1
14112040001;2021-08-01;5
14112040001;2021-08-02;3
14112040001;2021-08-03;1
14112040001;2021-08-04;7
14112040001;2021-08-05;8
14112040001;2021-08-06;6
14112040001;2021-08-07;5
14112040001;2021-08-08;9
14112040001;2021-08-09;20
14112040001;2021-08-10;11
14112040001;2021-08-11;5
14112040001;2021-08-12;1
14112040001;2021-08-13;1
14112040001;2021-08-15;3
14112054001;2021-08-01;3
14112054001;2021-08-02;6
14112054001;2021-08-03;6
14112054001;2021-08-04;7
14112054001;2021-08-05;6
14112054001;2021-08-06;2
14112054001;2021-08-07;2
14112054001;2021-08-08;3
14112054001;2021-08-09;5
14112054001;2021-08-10;3
14112054001;2021-08-11;10
14112054001;2021-08-12;12
14112054001;2021-08-13;1
14112054001;2021-08-14;4
14112054001;2021-08-15;6
14112054001;2021-08-16;3
14112054001;2021-08-17;7
14113013001;2021-08-05;2
14113013001;2021-08-09;1
14113013001;2021-08-11;2
14113013001;2021-08-12;2
14113013001;2021-08-14;1
14113013001;2021-08-16;2
14113013001;2021-08-17;1
14113066001;2021-08-01;15
14113066001;2021-08-02;13
14113066001;2021-08-03;16
14113066001;2021-08-04;16
14113066001;2021-08-05;21
14113066001;2021-08-06;12
14113066001;2021-08-07;9
14113066001;2021-08-08;12
14113066001;2021-08-09;14
14113066001;2021-08-10;6
14113066001;2021-08-11;10
14113066001;2021-08-12;24
14113066001;2021-08-13;19
14113066001;2021-08-14;6
14113066001;2021-08-15;39
14113066001;2021-08-16;14
14113066001;2021-08-17;33
14120002001;2021-08-01;1
14120002001;2021-08-03;1
14120002001;2021-08-04;1
14120002001;2021-08-05;2
14120002001;2021-08-06;2
14120002001;2021-08-07;1
14120002001;2021-08-08;1
14120002001;2021-08-09;3
14120002001;2021-08-10;1
14120002001;2021-08-11;1
14120002001;2021-08-12;3
14120002001;2021-08-13;2
14120002001;2021-08-14;1
14120002001;2021-08-15;4
14120002001;2021-08-16;1
14120002001;2021-08-17;2
14120017001;2021-08-01;6
14120017001;2021-08-02;6
14120017001;2021-08-03;5
14120017001;2021-08-05;2
14120017001;2021-08-06;1
14120017001;2021-08-07;2
14120017001;2021-08-08;3
14120017001;2021-08-11;1
14120017001;2021-08-12;1
14120017001;2021-08-13;1
14120017001;2021-08-14;1
14120017001;2021-08-15;3
14120017001;2021-08-16;2
14120017001;2021-08-17;10
14120019001;2021-08-01;5
14120019001;2021-08-02;6
14120019001;2021-08-03;14
14120019001;2021-08-04;12
14120019001;2021-08-05;12
14120019001;2021-08-06;3
14120019001;2021-08-07;5
14120019001;2021-08-08;2
14120019001;2021-08-09;6
14120019001;2021-08-10;5
14120019001;2021-08-11;5
14120019001;2021-08-12;8
14120019001;2021-08-13;5
14120019001;2021-08-14;7
14120019001;2021-08-15;14
14120019001;2021-08-16;8
14120019001;2021-08-17;13
14120020001;2021-08-01;3
14120020001;2021-08-02;3
14120020001;2021-08-03;3
14120020001;2021-08-04;8
14120020001;2021-08-05;7
14120020001;2021-08-06;1
14120020001;2021-08-07;4
14120020001;2021-08-08;8
14120020001;2021-08-09;5
14120020001;2021-08-10;3
14120020001;2021-08-11;2
14120020001;2021-08-12;6
14120020001;2021-08-13;1
14120020001;2021-08-14;2
14120020001;2021-08-15;2
14120020001;2021-08-16;2
14120020001;2021-08-17;3
14120024001;2021-08-01;1
14120024001;2021-08-03;1
14120024001;2021-08-04;1
14120024001;2021-08-11;1
14120024001;2021-08-12;1
14120024001;2021-08-15;4
14120024001;2021-08-16;2
14120024001;2021-08-17;2
14121006001;2021-08-02;1
14121006001;2021-08-09;4
14121006001;2021-08-10;1
14121006001;2021-08-11;2
14121006001;2021-08-12;2
14121006001;2021-08-13;5
14121006001;2021-08-15;6
14121006001;2021-08-16;1
14121006001;2021-08-17;5
14121014001;2021-08-01;16
14121014001;2021-08-02;14
14121014001;2021-08-03;18
14121014001;2021-08-04;9
14121014001;2021-08-05;10
14121014001;2021-08-06;3
14121014001;2021-08-07;11
14121014001;2021-08-08;4
14121014001;2021-08-09;12
14121014001;2021-08-10;12
14121014001;2021-08-11;21
14121014001;2021-08-12;20
14121014001;2021-08-13;19
14121014001;2021-08-14;8
14121014001;2021-08-15;40
14121014001;2021-08-16;18
14121014001;2021-08-17;24
14121017001;2021-08-01;14
14121017001;2021-08-02;7
14121017001;2021-08-03;10
14121017001;2021-08-04;5
14121017001;2021-08-05;5
14121017001;2021-08-07;2
14121017001;2021-08-08;2
14121017001;2021-08-09;6
14121017001;2021-08-11;5
14121017001;2021-08-12;9
14121017001;2021-08-13;9
14121017001;2021-08-14;6
14121017001;2021-08-15;14
14121017001;2021-08-16;12
14121017001;2021-08-17;18
14121019001;2021-08-01;18
14121019001;2021-08-02;17
14121019001;2021-08-03;15
14121019001;2021-08-04;8
14121019001;2021-08-05;9
14121019001;2021-08-06;1
14121019001;2021-08-07;4
14121019001;2021-08-08;3
14121019001;2021-08-09;8
14121019001;2021-08-10;14
14121019001;2021-08-11;12
14121019001;2021-08-12;32
14121019001;2021-08-13;23
14121019001;2021-08-14;7
14121019001;2021-08-15;37
14121019001;2021-08-16;9
14121019001;2021-08-17;19
14121057001;2021-08-01;14
14121057001;2021-08-02;5
14121057001;2021-08-03;3
14121057001;2021-08-04;10
14121057001;2021-08-05;4
14121057001;2021-08-06;3
14121057001;2021-08-08;2
14121057001;2021-08-09;9
14121057001;2021-08-10;12
14121057001;2021-08-11;10
14121057001;2021-08-12;5
14121057001;2021-08-13;3
14121057001;2021-08-14;5
14121057001;2021-08-15;25
14121057001;2021-08-16;7
14121057001;2021-08-17;11
14121059001;2021-08-01;3
14121059001;2021-08-02;6
14121059001;2021-08-03;2
14121059001;2021-08-04;4
14121059001;2021-08-05;2
14121059001;2021-08-06;1
14121059001;2021-08-09;5
14121059001;2021-08-10;3
14121059001;2021-08-11;3
14121059001;2021-08-12;2
14121059001;2021-08-13;2
14121059001;2021-08-14;2
14121059001;2021-08-15;3
14121059001;2021-08-16;3
14121059001;2021-08-17;3
14121061001;2021-08-01;2
14121061001;2021-08-02;1
14121061001;2021-08-05;1
14121061001;2021-08-07;2
14121061001;2021-08-10;2
14121061001;2021-08-11;1
14121061001;2021-08-14;1
14121061001;2021-08-15;4
14121061001;2021-08-16;1
14121061001;2021-08-17;1
14121062001;2021-08-01;3
14121062001;2021-08-02;4
14121062001;2021-08-03;8
14121062001;2021-08-04;14
14121062001;2021-08-05;4
14121062001;2021-08-06;1
14121062001;2021-08-07;6
14121062001;2021-08-08;4
14121062001;2021-08-09;7
14121062001;2021-08-10;10
14121062001;2021-08-11;8
14121062001;2021-08-12;10
14121062001;2021-08-13;4
14121062001;2021-08-14;4
14121062001;2021-08-15;13
14121062001;2021-08-16;2
14121062001;2021-08-17;3
14121063001;2021-08-01;3
14121063001;2021-08-02;5
14121063001;2021-08-03;12
14121063001;2021-08-04;10
14121063001;2021-08-05;7
14121063001;2021-08-06;7
14121063001;2021-08-07;5
14121063001;2021-08-08;9
14121063001;2021-08-09;6
14121063001;2021-08-10;7
14121063001;2021-08-11;8
14121063001;2021-08-12;19
14121063001;2021-08-13;11
14121063001;2021-08-14;6
14121063001;2021-08-15;24
14121063001;2021-08-16;8
14121063001;2021-08-17;18
14121064001;2021-08-01;1
14121064001;2021-08-02;1
14121064001;2021-08-03;4
14121064001;2021-08-04;2
14121064001;2021-08-06;1
14121064001;2021-08-09;3
14121064001;2021-08-10;1
14121064001;2021-08-14;1
14121064001;2021-08-15;3
14121064001;2021-08-17;1
14121074001;2021-08-01;4
14121074001;2021-08-02;14
14121074001;2021-08-03;14
14121074001;2021-08-04;11
14121074001;2021-08-05;16
14121074001;2021-08-06;3
14121074001;2021-08-07;2
14121074001;2021-08-08;6
14121074001;2021-08-09;12
14121074001;2021-08-10;9
14121074001;2021-08-11;7
14121074001;2021-08-12;9
14121074001;2021-08-13;5
14121074001;2021-08-14;3
14121074001;2021-08-15;17
14121074001;2021-08-16;8
14121074001;2021-08-17;14
14121075001;2021-08-01;1
14121075001;2021-08-02;1
14121075001;2021-08-03;2
14121075001;2021-08-04;1
14121075001;2021-08-05;2
14121075001;2021-08-08;1
14121075001;2021-08-09;2
14121075001;2021-08-10;2
14121075001;2021-08-11;2
14121075001;2021-08-12;2
14121075001;2021-08-13;1
14121075001;2021-08-15;2
14121075001;2021-08-16;1
14121075001;2021-08-17;3
14121104001;2021-08-01;5
14121104001;2021-08-02;1
14121104001;2021-08-03;4
14121104001;2021-08-05;1
14121104001;2021-08-06;3
14121104001;2021-08-07;3
14121104001;2021-08-08;2
14121104001;2021-08-09;4
14121104001;2021-08-10;6
14121104001;2021-08-11;5
14121104001;2021-08-12;4
14121104001;2021-08-13;3
14121104001;2021-08-14;7
14121104001;2021-08-15;7
14121104001;2021-08-16;1
14121104001;2021-08-17;5
14121112001;2021-08-03;2
14121112001;2021-08-05;4
14121112001;2021-08-06;1
14121112001;2021-08-07;1
14121112001;2021-08-08;1
14121112001;2021-08-09;5
14121112001;2021-08-10;4
14121112001;2021-08-11;2
14121112001;2021-08-13;1
14121112001;2021-08-16;1
14121131001;2021-08-06;1
14121131001;2021-08-08;1
14121131001;2021-08-09;1
14121131001;2021-08-12;1
14121136001;2021-08-01;6
14121136001;2021-08-02;9
14121136001;2021-08-03;8
14121136001;2021-08-04;2
14121136001;2021-08-05;1
14121136001;2021-08-06;1
14121136001;2021-08-08;2
14121136001;2021-08-09;2
14121136001;2021-08-11;1
14121136001;2021-08-12;4
14121136001;2021-08-13;2
14121136001;2021-08-14;9
14121136001;2021-08-15;16
14121136001;2021-08-16;8
14121136001;2021-08-17;16
14121143001;2021-08-01;7
14121143001;2021-08-02;4
14121143001;2021-08-03;3
14121143001;2021-08-04;5
14121143001;2021-08-05;15
14121143001;2021-08-06;1
14121143001;2021-08-07;3
14121143001;2021-08-08;3
14121143001;2021-08-09;3
14121143001;2021-08-10;5
14121143001;2021-08-11;4
14121143001;2021-08-12;11
14121143001;2021-08-13;6
14121143001;2021-08-14;2
14121143001;2021-08-15;8
14121143001;2021-08-16;2
14121143001;2021-08-17;4
14121164001;2021-08-01;3
14121164001;2021-08-02;3
14121164001;2021-08-03;3
14121164001;2021-08-05;3
14121164001;2021-08-06;1
14121164001;2021-08-07;1
14121164001;2021-08-09;4
14121164001;2021-08-10;3
14121164001;2021-08-11;7
14121164001;2021-08-12;6
14121164001;2021-08-13;8
14121164001;2021-08-14;7
14121164001;2021-08-15;19
14121164001;2021-08-16;3
14121164001;2021-08-17;10
14130001001;2021-08-01;3
14130001001;2021-08-02;1
14130001001;2021-08-03;8
14130001001;2021-08-04;10
14130001001;2021-08-05;6
14130001001;2021-08-06;4
14130001001;2021-08-07;5
14130001001;2021-08-08;6
14130001001;2021-08-09;4
14130001001;2021-08-10;3
14130001001;2021-08-11;4
14130001001;2021-08-12;9
14130001001;2021-08-13;3
14130001001;2021-08-14;3
14130001001;2021-08-15;15
14130001001;2021-08-16;4
14130001001;2021-08-17;14
14130007001;2021-08-01;13
14130007001;2021-08-02;19
14130007001;2021-08-03;19
14130007001;2021-08-04;17
14130007001;2021-08-05;11
14130007001;2021-08-06;5
14130007001;2021-08-07;10
14130007001;2021-08-08;5
14130007001;2021-08-09;9
14130007001;2021-08-10;7
14130007001;2021-08-11;7
14130007001;2021-08-12;18
14130007001;2021-08-13;14
14130007001;2021-08-14;9
14130007001;2021-08-15;21
14130007001;2021-08-16;17
14130007001;2021-08-17;25
14130009001;2021-08-01;1
14130009001;2021-08-02;3
14130009001;2021-08-03;1
14130009001;2021-08-04;2
14130009001;2021-08-05;7
14130009001;2021-08-06;7
14130009001;2021-08-08;6
14130009001;2021-08-09;7
14130009001;2021-08-10;11
14130009001;2021-08-11;8
14130009001;2021-08-12;11
14130009001;2021-08-13;4
14130009001;2021-08-14;4
14130009001;2021-08-15;21
14130009001;2021-08-16;2
14130009001;2021-08-17;3
14130013001;2021-08-03;2
14130013001;2021-08-04;1
14130013001;2021-08-05;3
14130013001;2021-08-08;3
14130013001;2021-08-09;2
14130013001;2021-08-10;3
14130013001;2021-08-12;1
14130013001;2021-08-13;4
14130013001;2021-08-14;1
14130013001;2021-08-16;2
14130013001;2021-08-17;3
14130015001;2021-08-01;1
14130015001;2021-08-02;3
14130015001;2021-08-04;1
14130015001;2021-08-05;3
14130015001;2021-08-08;3
14130015001;2021-08-09;3
14130015001;2021-08-10;1
14130015001;2021-08-11;5
14130015001;2021-08-12;8
14130015001;2021-08-13;1
14130015001;2021-08-14;1
14130015001;2021-08-15;8
14130015001;2021-08-16;3
14130015001;2021-08-17;6
14130016001;2021-08-01;4
14130016001;2021-08-02;12
14130016001;2021-08-03;6
14130016001;2021-08-04;6
14130016001;2021-08-05;10
14130016001;2021-08-06;1
14130016001;2021-08-07;3
14130016001;2021-08-08;4
14130016001;2021-08-09;6
14130016001;2021-08-10;5
14130016001;2021-08-11;10
14130016001;2021-08-12;8
14130016001;2021-08-13;4
14130016001;2021-08-14;4
14130016001;2021-08-15;19
14130016001;2021-08-16;2
14130016001;2021-08-17;10
14130017001;2021-08-01;2
14130017001;2021-08-02;2
14130017001;2021-08-03;8
14130017001;2021-08-04;7
14130017001;2021-08-05;8
14130017001;2021-08-06;2
14130017001;2021-08-07;4
14130017001;2021-08-08;5
14130017001;2021-08-09;4
14130017001;2021-08-10;7
14130017001;2021-08-11;9
14130017001;2021-08-12;12
14130017001;2021-08-13;7
14130017001;2021-08-14;3
14130017001;2021-08-15;26
14130017001;2021-08-16;4
14130017001;2021-08-17;13
14130042001;2021-08-01;3
14130042001;2021-08-02;2
14130042001;2021-08-03;3
14130042001;2021-08-04;3
14130042001;2021-08-05;3
14130042001;2021-08-06;1
14130042001;2021-08-09;5
14130042001;2021-08-10;4
14130042001;2021-08-11;2
14130042001;2021-08-12;6
14130042001;2021-08-13;10
14130042001;2021-08-14;2
14130042001;2021-08-15;17
14130042001;2021-08-16;6
14130042001;2021-08-17;11
14131008001;2021-08-01;2
14131008001;2021-08-02;3
14131008001;2021-08-03;1
14131008001;2021-08-04;1
14131008001;2021-08-05;4
14131008001;2021-08-08;3
14131008001;2021-08-09;3
14131008001;2021-08-10;8
14131008001;2021-08-11;4
14131008001;2021-08-12;8
14131008001;2021-08-13;4
14131008001;2021-08-14;5
14131008001;2021-08-15;7
14131008001;2021-08-16;6
14131008001;2021-08-17;10
14131011001;2021-08-01;2
14131011001;2021-08-02;2
14131011001;2021-08-03;2
14131011001;2021-08-04;2
14131011001;2021-08-05;3
14131011001;2021-08-06;1
14131011001;2021-08-07;3
14131011001;2021-08-08;2
14131011001;2021-08-09;2
14131011001;2021-08-10;5
14131011001;2021-08-11;2
14131011001;2021-08-12;1
14131011001;2021-08-13;1
14131011001;2021-08-14;1
14131011001;2021-08-15;4
14131020001;2021-08-01;2
14131020001;2021-08-02;4
14131020001;2021-08-03;2
14131020001;2021-08-04;3
14131020001;2021-08-05;4
14131020001;2021-08-06;3
14131020001;2021-08-07;2
14131020001;2021-08-08;4
14131020001;2021-08-09;8
14131020001;2021-08-10;7
14131020001;2021-08-11;6
14131020001;2021-08-12;11
14131020001;2021-08-13;7
14131020001;2021-08-14;4
14131020001;2021-08-15;10
14131020001;2021-08-16;4
14131020001;2021-08-17;14
14131022001;2021-08-01;6
14131022001;2021-08-02;4
14131022001;2021-08-03;11
14131022001;2021-08-04;11
14131022001;2021-08-05;2
14131022001;2021-08-06;1
14131022001;2021-08-07;3
14131022001;2021-08-08;2
14131022001;2021-08-09;1
14131022001;2021-08-10;10
14131022001;2021-08-11;8
14131022001;2021-08-12;11
14131022001;2021-08-13;4
14131022001;2021-08-14;8
14131022001;2021-08-15;18
14131022001;2021-08-16;3
14131022001;2021-08-17;10
14131026001;2021-08-01;1
14131026001;2021-08-03;3
14131026001;2021-08-04;2
14131026001;2021-08-05;1
14131026001;2021-08-06;2
14131026001;2021-08-08;1
14131026001;2021-08-10;2
14131026001;2021-08-11;3
14131026001;2021-08-12;1
14131026001;2021-08-13;1
14131026001;2021-08-14;3
14131026001;2021-08-15;4
14131026001;2021-08-17;1
14131027001;2021-08-01;12
14131027001;2021-08-02;14
14131027001;2021-08-03;9
14131027001;2021-08-04;11
14131027001;2021-08-05;6
14131027001;2021-08-06;1
14131027001;2021-08-07;6
14131027001;2021-08-08;1
14131027001;2021-08-09;10
14131027001;2021-08-10;12
14131027001;2021-08-11;7
14131027001;2021-08-12;8
14131027001;2021-08-13;8
14131027001;2021-08-14;7
14131027001;2021-08-15;44
14131027001;2021-08-16;3
14131027001;2021-08-17;12
14131033001;2021-08-01;20
14131033001;2021-08-02;13
14131033001;2021-08-03;17
14131033001;2021-08-04;31
14131033001;2021-08-05;27
14131033001;2021-08-06;8
14131033001;2021-08-07;7
14131033001;2021-08-08;22
14131033001;2021-08-09;20
14131033001;2021-08-10;31
14131033001;2021-08-11;18
14131033001;2021-08-12;41
14131033001;2021-08-13;21
14131033001;2021-08-14;9
14131033001;2021-08-15;51
14131033001;2021-08-16;30
14131033001;2021-08-17;39
14131040001;2021-08-01;1
14131040001;2021-08-04;1
14131040001;2021-08-05;2
14131040001;2021-08-08;2
14131040001;2021-08-09;4
14131040001;2021-08-10;4
14131040001;2021-08-11;1
14131040001;2021-08-12;1
14131040001;2021-08-13;1
14131040001;2021-08-14;1
14131040001;2021-08-15;7
14131040001;2021-08-16;1
14131040001;2021-08-17;4
14131041001;2021-08-01;17
14131041001;2021-08-02;25
14131041001;2021-08-03;17
14131041001;2021-08-04;24
14131041001;2021-08-05;22
14131041001;2021-08-06;1
14131041001;2021-08-07;7
14131041001;2021-08-08;14
14131041001;2021-08-09;17
14131041001;2021-08-10;17
14131041001;2021-08-11;18
14131041001;2021-08-12;19
14131041001;2021-08-13;12
14131041001;2021-08-14;8
14131041001;2021-08-15;51
14131041001;2021-08-16;8
14131041001;2021-08-17;28
14131043001;2021-08-01;1
14131043001;2021-08-03;1
14131043001;2021-08-04;2
14131043001;2021-08-05;4
14131043001;2021-08-06;3
14131043001;2021-08-08;5
14131043001;2021-08-09;6
14131043001;2021-08-10;3
14131043001;2021-08-11;2
14131043001;2021-08-12;7
14131043001;2021-08-13;4
14131043001;2021-08-14;1
14131043001;2021-08-15;9
14131043001;2021-08-16;1
14131043001;2021-08-17;4
14131044001;2021-08-01;2
14131044001;2021-08-04;2
14131044001;2021-08-05;1
14131044001;2021-08-06;3
14131044001;2021-08-07;1
14131044001;2021-08-09;2
14131044001;2021-08-10;1
14131044001;2021-08-11;1
14131044001;2021-08-13;2
14131044001;2021-08-15;1
14131044001;2021-08-17;1
14131047001;2021-08-01;23
14131047001;2021-08-02;13
14131047001;2021-08-03;25
14131047001;2021-08-04;9
14131047001;2021-08-05;14
14131047001;2021-08-06;10
14131047001;2021-08-07;8
14131047001;2021-08-08;20
14131047001;2021-08-09;25
14131047001;2021-08-10;9
14131047001;2021-08-11;19
14131047001;2021-08-12;37
14131047001;2021-08-13;28
14131047001;2021-08-14;10
14131047001;2021-08-15;37
14131047001;2021-08-16;15
14131047001;2021-08-17;29
14131056001;2021-08-01;4
14131056001;2021-08-02;1
14131056001;2021-08-04;1
14131056001;2021-08-05;6
14131056001;2021-08-06;2
14131056001;2021-08-08;1
14131056001;2021-08-09;4
14131056001;2021-08-10;3
14131056001;2021-08-11;5
14131056001;2021-08-12;10
14131056001;2021-08-13;2
14131056001;2021-08-14;5
14131056001;2021-08-15;6
14131056001;2021-08-16;3
14131056001;2021-08-17;8
14131074001;2021-08-01;2
14131074001;2021-08-03;1
14131074001;2021-08-04;1
14131074001;2021-08-11;1
14131074001;2021-08-12;1
14131074001;2021-08-13;2
14131074001;2021-08-14;1
14131074001;2021-08-15;3
14131074001;2021-08-16;2
14131074001;2021-08-17;2
14131075001;2021-08-01;9
14131075001;2021-08-02;10
14131075001;2021-08-03;19
14131075001;2021-08-04;15
14131075001;2021-08-05;20
14131075001;2021-08-06;4
14131075001;2021-08-07;7
14131075001;2021-08-08;7
14131075001;2021-08-09;6
14131075001;2021-08-10;8
14131075001;2021-08-11;3
14131075001;2021-08-12;13
14131075001;2021-08-13;10
14131075001;2021-08-14;4
14131075001;2021-08-15;24
14131075001;2021-08-16;8
14131075001;2021-08-17;20
14131092001;2021-08-01;9
14131092001;2021-08-02;8
14131092001;2021-08-03;15
14131092001;2021-08-04;5
14131092001;2021-08-05;6
14131092001;2021-08-06;2
14131092001;2021-08-07;6
14131092001;2021-08-08;4
14131092001;2021-08-09;1
14131092001;2021-08-11;3
14131092001;2021-08-12;5
14131092001;2021-08-13;4
14131092001;2021-08-14;5
14131092001;2021-08-15;17
14131092001;2021-08-16;3
14131092001;2021-08-17;16
14131105001;2021-08-01;6
14131105001;2021-08-02;6
14131105001;2021-08-03;10
14131105001;2021-08-04;5
14131105001;2021-08-05;6
14131105001;2021-08-06;3
14131105001;2021-08-07;1
14131105001;2021-08-08;5
14131105001;2021-08-09;9
14131105001;2021-08-10;10
14131105001;2021-08-11;8
14131105001;2021-08-12;14
14131105001;2021-08-13;8
14131105001;2021-08-14;1
14131105001;2021-08-15;14
14131105001;2021-08-16;8
14131105001;2021-08-17;7
14132003001;2021-08-02;5
14132003001;2021-08-03;4
14132003001;2021-08-04;4
14132003001;2021-08-05;2
14132003001;2021-08-07;2
14132003001;2021-08-08;3
14132003001;2021-08-09;6
14132003001;2021-08-10;6
14132003001;2021-08-11;3
14132003001;2021-08-12;1
14132003001;2021-08-13;2
14132003001;2021-08-14;2
14132003001;2021-08-15;11
14132003001;2021-08-16;5
14132003001;2021-08-17;6
14132015001;2021-08-01;11
14132015001;2021-08-02;10
14132015001;2021-08-03;16
14132015001;2021-08-04;18
14132015001;2021-08-05;19
14132015001;2021-08-06;5
14132015001;2021-08-07;9
14132015001;2021-08-08;7
14132015001;2021-08-09;8
14132015001;2021-08-10;13
14132015001;2021-08-11;9
14132015001;2021-08-12;27
14132015001;2021-08-13;15
14132015001;2021-08-14;9
14132015001;2021-08-15;25
14132015001;2021-08-16;13
14132015001;2021-08-17;14
14132031001;2021-08-01;10
14132031001;2021-08-02;14
14132031001;2021-08-03;11
14132031001;2021-08-04;17
14132031001;2021-08-05;9
14132031001;2021-08-06;4
14132031001;2021-08-07;7
14132031001;2021-08-08;4
14132031001;2021-08-09;5
14132031001;2021-08-10;3
14132031001;2021-08-11;8
14132031001;2021-08-12;10
14132031001;2021-08-13;13
14132031001;2021-08-14;11
14132031001;2021-08-15;14
14132031001;2021-08-16;10
14132031001;2021-08-17;18
14132038001;2021-08-01;1
14132038001;2021-08-02;2
14132038001;2021-08-03;3
14132038001;2021-08-04;2
14132038001;2021-08-05;2
14132038001;2021-08-07;2
14132038001;2021-08-08;1
14132038001;2021-08-09;2
14132038001;2021-08-10;5
14132038001;2021-08-11;3
14132038001;2021-08-12;6
14132038001;2021-08-13;2
14132038001;2021-08-14;3
14132038001;2021-08-15;9
14132038001;2021-08-16;4
14132038001;2021-08-17;11
14132071001;2021-08-02;4
14132071001;2021-08-03;1
14132071001;2021-08-04;2
14132071001;2021-08-05;2
14132071001;2021-08-06;1
14132071001;2021-08-07;2
14132071001;2021-08-08;2
14132071001;2021-08-09;3
14132071001;2021-08-10;2
14132071001;2021-08-11;1
14132071001;2021-08-12;3
14132071001;2021-08-15;4
14132071001;2021-08-16;2
14132071001;2021-08-17;1
14132074001;2021-08-01;1
14132074001;2021-08-02;3
14132074001;2021-08-03;2
14132074001;2021-08-04;1
14132074001;2021-08-05;4
14132074001;2021-08-07;1
14132074001;2021-08-08;2
14132074001;2021-08-10;3
14132074001;2021-08-11;5
14132074001;2021-08-12;3
14132074001;2021-08-13;1
14132074001;2021-08-14;1
14132074001;2021-08-15;2
14132074001;2021-08-16;6
14132074001;2021-08-17;3
14132075001;2021-08-01;2
14132075001;2021-08-02;3
14132075001;2021-08-03;2
14132075001;2021-08-04;1
14132075001;2021-08-05;1
14132075001;2021-08-08;2
14132075001;2021-08-11;2
14132075001;2021-08-12;2
14132075001;2021-08-14;1
14132075001;2021-08-15;2
14132075001;2021-08-16;1
14132075001;2021-08-17;1
14132116001;2021-08-01;2
14132116001;2021-08-02;3
14132116001;2021-08-03;1
14132116001;2021-08-04;4
14132116001;2021-08-05;4
14132116001;2021-08-06;2
14132116001;2021-08-07;1
14132116001;2021-08-08;2
14132116001;2021-08-09;1
14132116001;2021-08-13;1
14132116001;2021-08-14;1
14132116001;2021-08-15;2
14132116001;2021-08-16;3
14132116001;2021-08-17;2
14132130001;2021-08-01;3
14132130001;2021-08-02;4
14132130001;2021-08-03;5
14132130001;2021-08-05;1
14132131001;2021-08-01;1
14132131001;2021-08-02;1
14132131001;2021-08-03;1
14132149001;2021-08-01;2
14132149001;2021-08-02;1
14132149001;2021-08-03;1
14132149001;2021-08-04;2
14132149001;2021-08-05;1
14132149001;2021-08-08;2
14132149001;2021-08-10;2
14132149001;2021-08-11;3
14132149001;2021-08-12;1
14132149001;2021-08-13;1
14132153001;2021-08-01;1
14132153001;2021-08-03;2
14132153001;2021-08-04;2
14132153001;2021-08-05;1
14132153001;2021-08-07;1
14132153001;2021-08-11;2
14132153001;2021-08-13;1
14132153001;2021-08-15;2
14133003001;2021-08-01;25
14133003001;2021-08-02;18
14133003001;2021-08-03;30
14133003001;2021-08-04;24
14133003001;2021-08-05;21
14133003001;2021-08-06;9
14133003001;2021-08-07;17
14133003001;2021-08-08;3
14133003001;2021-08-09;3
14133003001;2021-08-10;2
14133003001;2021-08-11;16
14133003001;2021-08-12;18
14133003001;2021-08-13;12
14133003001;2021-08-14;18
14133003001;2021-08-15;31
14133003001;2021-08-16;18
14133003001;2021-08-17;30
14133007001;2021-08-04;1
14133007001;2021-08-05;1
14133007001;2021-08-06;1
14133007001;2021-08-07;2
14133007001;2021-08-08;1
14133007001;2021-08-09;1
14133007001;2021-08-11;2
14133007001;2021-08-12;1
14133007001;2021-08-14;1
14133007001;2021-08-15;4
14133007001;2021-08-17;3
14133027001;2021-08-01;1
14133027001;2021-08-02;1
14133027001;2021-08-04;3
14133027001;2021-08-05;2
14133027001;2021-08-07;1
14133027001;2021-08-08;1
14133027001;2021-08-11;1
14133027001;2021-08-12;1
14133027001;2021-08-14;1
14133027001;2021-08-15;1
14133027001;2021-08-17;2
14133028001;2021-08-01;1
14133028001;2021-08-02;1
14133028001;2021-08-04;3
14133028001;2021-08-05;2
14133028001;2021-08-07;1
14133028001;2021-08-09;3
14133028001;2021-08-10;1
14133028001;2021-08-11;1
14133028001;2021-08-12;2
14133028001;2021-08-13;1
14133028001;2021-08-14;3
14133028001;2021-08-15;3
14133028001;2021-08-17;1
14133029001;2021-08-01;2
14133029001;2021-08-02;3
14133029001;2021-08-03;3
14133029001;2021-08-04;8
14133029001;2021-08-05;7
14133029001;2021-08-06;6
14133029001;2021-08-07;2
14133029001;2021-08-08;2
14133029001;2021-08-09;3
14133029001;2021-08-10;7
14133029001;2021-08-11;5
14133029001;2021-08-12;8
14133029001;2021-08-13;6
14133029001;2021-08-14;3
14133029001;2021-08-15;6
14133029001;2021-08-16;4
14133029001;2021-08-17;8
14133030001;2021-08-02;3
14133030001;2021-08-03;2
14133030001;2021-08-04;3
14133030001;2021-08-05;8
14133030001;2021-08-06;3
14133030001;2021-08-07;3
14133030001;2021-08-08;2
14133030001;2021-08-09;4
14133030001;2021-08-10;3
14133030001;2021-08-11;3
14133030001;2021-08-12;5
14133030001;2021-08-13;4
14133030001;2021-08-14;3
14133030001;2021-08-15;8
14133030001;2021-08-16;3
14133030001;2021-08-17;2
14133914001;2021-08-01;1
14133914001;2021-08-02;1
14133914001;2021-08-04;1
14133914001;2021-08-06;1
14133914001;2021-08-07;1
14133914001;2021-08-08;1
14133914001;2021-08-10;1
14133914001;2021-08-14;1
14133914001;2021-08-16;1
14133914001;2021-08-17;2
14133918001;2021-08-01;1
14133918001;2021-08-15;2
14133918001;2021-08-17;1
14200006001;2021-08-01;3
14200006001;2021-08-02;2
14200006001;2021-08-03;6
14200006001;2021-08-04;1
14200006001;2021-08-05;3
14200006001;2021-08-06;4
14200006001;2021-08-07;1
14200006001;2021-08-08;3
14200006001;2021-08-09;8
14200006001;2021-08-10;4
14200006001;2021-08-11;3
14200006001;2021-08-12;2
14200006001;2021-08-13;2
14200006001;2021-08-14;2
14200006001;2021-08-15;3
14200006001;2021-08-16;2
14200006001;2021-08-17;4
14200011001;2021-08-08;1
14200011001;2021-08-09;2
14200011001;2021-08-10;1
14200011001;2021-08-11;3
14200011001;2021-08-12;3
14200011001;2021-08-14;2
14200011001;2021-08-15;1
14200011001;2021-08-16;1
14200011001;2021-08-17;3
14200012001;2021-08-01;2
14200012001;2021-08-02;1
14200012001;2021-08-03;1
14200012001;2021-08-05;1
14200012001;2021-08-07;2
14200012001;2021-08-08;1
14200012001;2021-08-12;1
14200012001;2021-08-13;1
14200012001;2021-08-14;1
14200012001;2021-08-15;1
14200012001;2021-08-16;2
14200015001;2021-08-01;1
14200015001;2021-08-04;1
14200015001;2021-08-05;2
14200015001;2021-08-06;3
14200015001;2021-08-08;3
14200015001;2021-08-09;4
14200015001;2021-08-10;2
14200015001;2021-08-11;2
14200015001;2021-08-12;1
14200015001;2021-08-13;2
14200015001;2021-08-14;7
14200015001;2021-08-15;2
14200015001;2021-08-16;1
14200015001;2021-08-17;4
14200018001;2021-08-01;2
14200018001;2021-08-02;1
14200018001;2021-08-05;2
14200018001;2021-08-07;1
14200018001;2021-08-10;2
14200018001;2021-08-12;4
14200018001;2021-08-14;4
14200018001;2021-08-15;1
14200018001;2021-08-16;1
14200018001;2021-08-17;2
14200019001;2021-08-06;1
14200019001;2021-08-07;1
14200019001;2021-08-09;2
14200019001;2021-08-10;2
14200019001;2021-08-12;1
14200019001;2021-08-14;2
14200019001;2021-08-17;1
14200033001;2021-08-10;1
14200033001;2021-08-11;3
14200033001;2021-08-12;2
14200033001;2021-08-13;1
14200033001;2021-08-14;1
14200033001;2021-08-15;1
14200033001;2021-08-16;3
14200033001;2021-08-17;1
14200046001;2021-08-01;1
14200046001;2021-08-03;1
14200046001;2021-08-04;3
14200046001;2021-08-05;3
14200046001;2021-08-07;1
14200046001;2021-08-08;2
14200046001;2021-08-09;1
14200046001;2021-08-12;2
14200046001;2021-08-13;2
14200046001;2021-08-14;3
14200046001;2021-08-15;1
14200046001;2021-08-17;1
14200047001;2021-08-04;4
14200047001;2021-08-05;2
14200047001;2021-08-06;1
14200047001;2021-08-09;2
14200047001;2021-08-10;1
14200047001;2021-08-11;2
14200047001;2021-08-12;1
14200047001;2021-08-13;2
14200047001;2021-08-16;1
14200047001;2021-08-17;3
14200049001;2021-08-01;3
14200049001;2021-08-03;3
14200049001;2021-08-04;2
14200049001;2021-08-05;1
14200049001;2021-08-07;1
14200049001;2021-08-08;1
14200049001;2021-08-10;1
14200049001;2021-08-12;1
14200049001;2021-08-14;1
14200059001;2021-08-01;1
14200059001;2021-08-03;1
14200059001;2021-08-04;1
14200059001;2021-08-09;1
14200060001;2021-08-11;2
14200060001;2021-08-13;1
14200060001;2021-08-14;1
14200060001;2021-08-17;2
14200061001;2021-08-01;1
14200061001;2021-08-14;1
14200061001;2021-08-15;1
14200069001;2021-08-01;8
14200069001;2021-08-02;11
14200069001;2021-08-03;20
14200069001;2021-08-04;10
14200069001;2021-08-05;15
14200069001;2021-08-06;4
14200069001;2021-08-07;2
14200069001;2021-08-08;3
14200069001;2021-08-09;13
14200069001;2021-08-10;8
14200069001;2021-08-11;7
14200069001;2021-08-12;18
14200069001;2021-08-13;6
14200069001;2021-08-14;3
14200069001;2021-08-15;19
14200069001;2021-08-16;14
14200069001;2021-08-17;10
14200070001;2021-08-04;1
14200070001;2021-08-09;1
14200070001;2021-08-10;1
14200070001;2021-08-13;1
14200070001;2021-08-14;2
14200070001;2021-08-15;1
14200070001;2021-08-17;1
14200086001;2021-08-03;3
14200086001;2021-08-04;1
14200086001;2021-08-07;1
14200086001;2021-08-08;2
14200086001;2021-08-10;1
14200086001;2021-08-11;2
14200086001;2021-08-12;1
14200086001;2021-08-13;3
14200086001;2021-08-14;2
14200086001;2021-08-15;1
14200087001;2021-08-01;3
14200087001;2021-08-03;1
14200087001;2021-08-04;4
14200087001;2021-08-05;2
14200087001;2021-08-06;2
14200087001;2021-08-07;2
14200087001;2021-08-09;3
14200087001;2021-08-10;3
14200087001;2021-08-12;1
14200087001;2021-08-13;3
14200087001;2021-08-14;3
14200087001;2021-08-15;1
14200087001;2021-08-16;1
14200088001;2021-08-04;1
14200088001;2021-08-05;2
14200088001;2021-08-06;3
14200088001;2021-08-08;1
14200088001;2021-08-09;1
14200088001;2021-08-13;2
14200088001;2021-08-14;1
14200088001;2021-08-15;1
14200089001;2021-08-07;1
14200089001;2021-08-09;1
14200089001;2021-08-12;1
14200089001;2021-08-15;1
14200089001;2021-08-17;1
14200090001;2021-08-02;1
14200090001;2021-08-03;1
14200090001;2021-08-05;1
14200090001;2021-08-06;1
14200090001;2021-08-09;1
14200090001;2021-08-12;1
14200091001;2021-08-01;1
14200091001;2021-08-02;1
14200091001;2021-08-04;1
14200091001;2021-08-06;1
14200091001;2021-08-08;3
14200091001;2021-08-09;1
14200091001;2021-08-10;1
14200091001;2021-08-11;1
14200091001;2021-08-12;1
14200091001;2021-08-13;1
14200091001;2021-08-15;4
14200091001;2021-08-16;2
14200092001;2021-08-01;1
14200092001;2021-08-02;3
14200092001;2021-08-03;1
14200092001;2021-08-05;1
14200092001;2021-08-13;2
14200092001;2021-08-14;1
14200092001;2021-08-15;1
14200093001;2021-08-02;1
14200093001;2021-08-03;1
14200093001;2021-08-05;1
14200093001;2021-08-06;1
14200093001;2021-08-07;1
14200093001;2021-08-08;2
14200093001;2021-08-09;1
14200093001;2021-08-11;2
14200093001;2021-08-12;1
14200093001;2021-08-13;1
14200093001;2021-08-14;1
14200093001;2021-08-15;1
14200096001;2021-08-02;1
14200096001;2021-08-06;1
14200096001;2021-08-07;1
14200096001;2021-08-10;1
14200096001;2021-08-12;2
14200096001;2021-08-13;2
14200096001;2021-08-14;1
14200119001;2021-08-01;3
14200119001;2021-08-02;5
14200119001;2021-08-03;9
14200119001;2021-08-04;8
14200119001;2021-08-05;5
14200119001;2021-08-06;2
14200119001;2021-08-07;7
14200119001;2021-08-09;4
14200119001;2021-08-10;4
14200119001;2021-08-11;2
14200119001;2021-08-12;5
14200119001;2021-08-13;1
14200119001;2021-08-14;2
14200119001;2021-08-15;6
14200119001;2021-08-16;4
14200119001;2021-08-17;5
14201002001;2021-08-13;1
14201003001;2021-08-02;3
14201003001;2021-08-06;1
14201003001;2021-08-07;2
14201013001;2021-08-02;1
14201013001;2021-08-03;1
14201013001;2021-08-06;2
14201013001;2021-08-08;1
14201013001;2021-08-09;2
14201013001;2021-08-10;1
14201013001;2021-08-11;1
14201013001;2021-08-12;3
14201013001;2021-08-13;1
14201013001;2021-08-15;1
14201013001;2021-08-17;1
14201019001;2021-08-01;1
14201019001;2021-08-07;1
14201020001;2021-08-01;2
14201020001;2021-08-02;1
14201020001;2021-08-03;1
14201020001;2021-08-04;1
14201020001;2021-08-05;1
14201020001;2021-08-15;2
14201021001;2021-08-03;1
14201021001;2021-08-05;2
14201021001;2021-08-06;2
14201021001;2021-08-08;1
14201021001;2021-08-09;1
14201021001;2021-08-10;2
14201021001;2021-08-11;3
14201021001;2021-08-12;3
14201021001;2021-08-13;1
14201021001;2021-08-14;1
14201021001;2021-08-15;5
14201021001;2021-08-16;2
14201021001;2021-08-17;1
14201022001;2021-08-02;1
14201022001;2021-08-03;1
14201022001;2021-08-04;2
14201022001;2021-08-06;1
14201022001;2021-08-11;2
14201022001;2021-08-12;1
14201022001;2021-08-13;2
14201049001;2021-08-13;1
14201049001;2021-08-17;1
14202001001;2021-08-09;1
14202001001;2021-08-11;5
14202001001;2021-08-12;6
14202001001;2021-08-13;3
14202001001;2021-08-14;3
14202001001;2021-08-15;7
14202001001;2021-08-16;1
14202001001;2021-08-17;4
14202009001;2021-08-03;1
14202009001;2021-08-04;1
14202009001;2021-08-05;1
14202009001;2021-08-07;1
14202009001;2021-08-08;1
14202009001;2021-08-09;1
14202009001;2021-08-10;1
14202009001;2021-08-11;2
14202009001;2021-08-12;3
14202009001;2021-08-14;1
14202009001;2021-08-15;3
14202009001;2021-08-17;1
14202011001;2021-08-05;1
14202011001;2021-08-12;1
14202011001;2021-08-13;1
14202011001;2021-08-14;1
14202011001;2021-08-15;3
14202013001;2021-08-01;1
14202013001;2021-08-02;1
14202013001;2021-08-03;3
14202013001;2021-08-05;1
14202013001;2021-08-07;1
14202013001;2021-08-09;3
14202013001;2021-08-12;1
14202013001;2021-08-13;1
14202013001;2021-08-14;1
14202013001;2021-08-17;4
14202017001;2021-08-02;1
14202017001;2021-08-03;1
14202017001;2021-08-04;1
14202017001;2021-08-06;3
14202017001;2021-08-07;3
14202017001;2021-08-09;2
14202017001;2021-08-10;1
14202017001;2021-08-11;1
14202017001;2021-08-12;1
14202017001;2021-08-13;2
14202017001;2021-08-14;1
14202017001;2021-08-15;4
14202017001;2021-08-17;2
14202018001;2021-08-01;2
14202018001;2021-08-02;1
14202018001;2021-08-07;1
14202018001;2021-08-08;1
14202018001;2021-08-09;1
14202018001;2021-08-11;1
14202018001;2021-08-13;1
14202023001;2021-08-01;2
14202023001;2021-08-03;3
14202023001;2021-08-05;1
14202023001;2021-08-06;2
14202023001;2021-08-09;1
14202023001;2021-08-10;2
14202023001;2021-08-12;2
14202023001;2021-08-13;1
14202023001;2021-08-14;2
14202023001;2021-08-15;2
14203001001;2021-08-01;1
14203001001;2021-08-02;2
14203001001;2021-08-03;3
14203001001;2021-08-04;3
14203001001;2021-08-05;1
14203001001;2021-08-06;3
14203001001;2021-08-07;1
14203001001;2021-08-08;4
14203001001;2021-08-09;3
14203001001;2021-08-10;10
14203001001;2021-08-11;3
14203001001;2021-08-12;8
14203001001;2021-08-13;3
14203001001;2021-08-14;4
14203001001;2021-08-15;8
14203001001;2021-08-16;6
14203001001;2021-08-17;2
14203002001;2021-08-02;1
14203002001;2021-08-05;1
14203002001;2021-08-10;1
14203002001;2021-08-11;1
14203002001;2021-08-14;1
14203002001;2021-08-15;1
14203002001;2021-08-17;1
14203003001;2021-08-01;1
14203003001;2021-08-02;1
14203003001;2021-08-03;1
14203003001;2021-08-05;2
14203003001;2021-08-09;1
14203003001;2021-08-12;2
14203003001;2021-08-14;1
14203003001;2021-08-16;1
14203004001;2021-08-03;1
14203004001;2021-08-08;4
14203004001;2021-08-09;1
14203004001;2021-08-10;3
14203004001;2021-08-11;2
14203004001;2021-08-12;1
14203004001;2021-08-13;1
14203004001;2021-08-14;2
14203004001;2021-08-15;2
14203004001;2021-08-16;2
14203004001;2021-08-17;2
14203016001;2021-08-04;1
14203016001;2021-08-09;1
14203016001;2021-08-10;1
14203016001;2021-08-12;2
14203016001;2021-08-14;2
14203016001;2021-08-16;1
14203016001;2021-08-17;1
14203017001;2021-08-01;26
14203017001;2021-08-02;15
14203017001;2021-08-03;25
14203017001;2021-08-04;28
14203017001;2021-08-05;28
14203017001;2021-08-06;18
14203017001;2021-08-07;11
14203017001;2021-08-08;21
14203017001;2021-08-09;21
14203017001;2021-08-10;24
14203017001;2021-08-11;25
14203017001;2021-08-12;43
14203017001;2021-08-13;22
14203017001;2021-08-14;24
14203017001;2021-08-15;50
14203017001;2021-08-16;20
14203017001;2021-08-17;26
14203027001;2021-08-02;2
14203027001;2021-08-03;2
14203027001;2021-08-04;4
14203027001;2021-08-05;4
14203027001;2021-08-08;5
14203027001;2021-08-09;1
14203027001;2021-08-10;1
14203027001;2021-08-11;3
14203027001;2021-08-12;9
14203027001;2021-08-13;2
14203027001;2021-08-14;5
14203027001;2021-08-15;3
14203027001;2021-08-16;1
14203027001;2021-08-17;2
14203032001;2021-08-03;1
14203032001;2021-08-05;1
14203032001;2021-08-07;1
14203032001;2021-08-10;2
14203032001;2021-08-11;3
14203032001;2021-08-12;6
14203032001;2021-08-13;1
14203032001;2021-08-14;1
14203032001;2021-08-15;4
14203032001;2021-08-17;4
14203048001;2021-08-03;1
14203048001;2021-08-04;3
14203048001;2021-08-08;1
14203048001;2021-08-10;2
14203048001;2021-08-11;1
14203048001;2021-08-14;3
14203048001;2021-08-15;1
14203048001;2021-08-16;1
14203055001;2021-08-11;2
14203058001;2021-08-01;1
14203058001;2021-08-05;2
14203058001;2021-08-07;1
14203058001;2021-08-10;2
14203061001;2021-08-05;2
14203061001;2021-08-10;1
14203061001;2021-08-11;1
14203062001;2021-08-01;2
14203062001;2021-08-02;1
14203062001;2021-08-03;1
14203062001;2021-08-04;1
14203062001;2021-08-05;6
14203062001;2021-08-06;2
14203062001;2021-08-07;1
14203062001;2021-08-09;1
14203062001;2021-08-10;2
14203062001;2021-08-11;1
14203062001;2021-08-12;1
14203062001;2021-08-13;2
14203062001;2021-08-14;1
14203062001;2021-08-15;1
14203062001;2021-08-17;1
14203064001;2021-08-02;1
14203064001;2021-08-03;1
14203064001;2021-08-04;1
14203064001;2021-08-05;3
14203064001;2021-08-07;1
14203064001;2021-08-08;2
14203064001;2021-08-11;1
14203064001;2021-08-12;1
14203064001;2021-08-13;1
14203064001;2021-08-14;2
14203064001;2021-08-17;3
14203065001;2021-08-03;1
14203065001;2021-08-04;1
14203065001;2021-08-05;1
14203078001;2021-08-01;2
14203078001;2021-08-02;5
14203078001;2021-08-03;8
14203078001;2021-08-04;7
14203078001;2021-08-05;4
14203078001;2021-08-06;5
14203078001;2021-08-07;6
14203078001;2021-08-08;4
14203078001;2021-08-09;4
14203078001;2021-08-10;7
14203078001;2021-08-11;6
14203078001;2021-08-12;10
14203078001;2021-08-13;6
14203078001;2021-08-14;4
14203078001;2021-08-15;6
14203078001;2021-08-16;8
14203078001;2021-08-17;7
14203080001;2021-08-01;1
14203080001;2021-08-05;3
14203080001;2021-08-07;1
14203080001;2021-08-08;2
14203080001;2021-08-09;1
14203080001;2021-08-10;4
14203080001;2021-08-11;1
14203080001;2021-08-13;1
14203083001;2021-08-02;1
14203083001;2021-08-03;2
14203083001;2021-08-04;2
14203083001;2021-08-05;3
14203083001;2021-08-06;1
14203083001;2021-08-08;1
14203083001;2021-08-10;1
14203083001;2021-08-11;1
14203083001;2021-08-12;5
14203083001;2021-08-13;3
14203083001;2021-08-14;1
14203083001;2021-08-15;2
14203083001;2021-08-16;1
14203083001;2021-08-17;3
14203089001;2021-08-05;3
14203089001;2021-08-07;2
14203089001;2021-08-08;1
14203089001;2021-08-10;1
14203089001;2021-08-14;1
14203089001;2021-08-16;1
14204010001;2021-08-02;2
14204010001;2021-08-03;4
14204010001;2021-08-04;1
14204010001;2021-08-08;1
14204010001;2021-08-11;1
14204010001;2021-08-12;4
14204010001;2021-08-13;1
14204010001;2021-08-14;1
14204010001;2021-08-15;1
14204010001;2021-08-16;1
14204010001;2021-08-17;1
14204022001;2021-08-09;1
14204025001;2021-08-09;2
14204025001;2021-08-11;1
14204025001;2021-08-12;1
14204025001;2021-08-13;2
14204025001;2021-08-14;2
14204025001;2021-08-15;2
14204025001;2021-08-16;1
14204025001;2021-08-17;1
14204041001;2021-08-01;7
14204041001;2021-08-02;8
14204041001;2021-08-03;9
14204041001;2021-08-04;16
14204041001;2021-08-05;7
14204041001;2021-08-06;2
14204041001;2021-08-07;4
14204041001;2021-08-08;1
14204041001;2021-08-09;7
14204041001;2021-08-10;6
14204041001;2021-08-11;11
14204041001;2021-08-12;9
14204041001;2021-08-13;2
14204041001;2021-08-14;9
14204041001;2021-08-15;11
14204041001;2021-08-16;6
14204041001;2021-08-17;6
14204044001;2021-08-01;1
14204044001;2021-08-02;2
14204044001;2021-08-04;1
14204044001;2021-08-06;1
14204044001;2021-08-08;1
14204044001;2021-08-09;1
14204044001;2021-08-10;3
14204044001;2021-08-13;2
14204044001;2021-08-14;1
14204044001;2021-08-15;2
14204044001;2021-08-16;1
14204044001;2021-08-17;2
14204051001;2021-08-01;2
14204051001;2021-08-04;1
14204051001;2021-08-07;1
14204051001;2021-08-08;1
14204051001;2021-08-12;3
14204051001;2021-08-14;1
14204052001;2021-08-03;3
14204052001;2021-08-04;1
14204052001;2021-08-07;2
14204052001;2021-08-09;1
14204052001;2021-08-17;1
14204053001;2021-08-01;2
14204053001;2021-08-05;2
14204053001;2021-08-10;1
14204053001;2021-08-13;1
14204053001;2021-08-15;3
14204053001;2021-08-16;1
14204053001;2021-08-17;1
14204054001;2021-08-01;4
14204054001;2021-08-02;1
14204054001;2021-08-03;8
14204054001;2021-08-04;3
14204054001;2021-08-05;3
14204054001;2021-08-06;2
14204054001;2021-08-07;6
14204054001;2021-08-08;1
14204054001;2021-08-09;3
14204054001;2021-08-10;4
14204054001;2021-08-11;4
14204054001;2021-08-12;4
14204054001;2021-08-14;7
14204054001;2021-08-15;7
14204054001;2021-08-16;3
14204054001;2021-08-17;5
14204055001;2021-08-01;1
14204055001;2021-08-02;3
14204055001;2021-08-04;1
14204055001;2021-08-05;3
14204055001;2021-08-07;1
14204055001;2021-08-09;3
14204055001;2021-08-10;2
14204055001;2021-08-11;1
14204055001;2021-08-12;2
14204055001;2021-08-13;1
14204055001;2021-08-14;3
14204055001;2021-08-15;2
14204055001;2021-08-16;4
14204055001;2021-08-17;1
14204061001;2021-08-01;6
14204061001;2021-08-02;5
14204061001;2021-08-03;7
14204061001;2021-08-04;3
14204061001;2021-08-05;7
14204061001;2021-08-06;5
14204061001;2021-08-07;3
14204061001;2021-08-08;7
14204061001;2021-08-09;8
14204061001;2021-08-10;8
14204061001;2021-08-11;4
14204061001;2021-08-12;10
14204061001;2021-08-13;7
14204061001;2021-08-14;4
14204061001;2021-08-15;7
14204061001;2021-08-16;3
14204061001;2021-08-17;5
14204062001;2021-08-01;1
14204062001;2021-08-02;2
14204062001;2021-08-03;4
14204062001;2021-08-04;4
14204062001;2021-08-05;3
14204062001;2021-08-07;2
14204062001;2021-08-08;4
14204062001;2021-08-09;2
14204062001;2021-08-10;5
14204062001;2021-08-14;2
14204062001;2021-08-15;2
14204062001;2021-08-16;1
14204062001;2021-08-17;7
14204065001;2021-08-01;1
14204065001;2021-08-02;1
14204065001;2021-08-03;1
14204065001;2021-08-06;3
14204065001;2021-08-09;2
14204065001;2021-08-11;1
14204065001;2021-08-13;1
14204065001;2021-08-14;3
14204065001;2021-08-15;1
14204065001;2021-08-17;3
14204070001;2021-08-01;1
14204070001;2021-08-02;3
14204070001;2021-08-03;1
14204070001;2021-08-04;2
14204070001;2021-08-06;2
14204070001;2021-08-07;1
14204070001;2021-08-08;2
14204070001;2021-08-09;4
14204070001;2021-08-10;3
14204070001;2021-08-11;1
14204070001;2021-08-12;4
14204070001;2021-08-14;1
14204070001;2021-08-15;8
14204070001;2021-08-16;1
14204070001;2021-08-17;7
14204071001;2021-08-01;3
14204071001;2021-08-02;4
14204071001;2021-08-03;3
14204071001;2021-08-04;4
14204071001;2021-08-05;3
14204071001;2021-08-06;4
14204071001;2021-08-07;1
14204071001;2021-08-08;3
14204071001;2021-08-09;3
14204071001;2021-08-10;6
14204071001;2021-08-11;5
14204071001;2021-08-12;7
14204071001;2021-08-13;2
14204071001;2021-08-14;5
14204071001;2021-08-15;2
14204071001;2021-08-17;7
14204073001;2021-08-17;1
14204077001;2021-08-02;1
14204077001;2021-08-03;1
14204077001;2021-08-05;2
14204077001;2021-08-06;1
14204077001;2021-08-12;1
14204077001;2021-08-13;2
14204077001;2021-08-14;1
14204077001;2021-08-15;1
14204077001;2021-08-17;2
14204078001;2021-08-04;1
14204078001;2021-08-05;2
14204078001;2021-08-12;2
14204078001;2021-08-14;2
14204078001;2021-08-15;3
14204078001;2021-08-17;2
14204083001;2021-08-01;3
14204083001;2021-08-03;1
14204083001;2021-08-04;2
14204083001;2021-08-07;2
14204083001;2021-08-08;1
14204083001;2021-08-09;1
14204083001;2021-08-11;1
14204083001;2021-08-12;2
14204083001;2021-08-13;2
14204083001;2021-08-14;4
14204083001;2021-08-15;4
14204083001;2021-08-16;1
14204083001;2021-08-17;8
14204086001;2021-08-01;1
14204086001;2021-08-02;1
14204086001;2021-08-04;1
14204086001;2021-08-05;1
14204086001;2021-08-06;1
14204086001;2021-08-07;1
14204086001;2021-08-08;2
14204086001;2021-08-09;1
14204086001;2021-08-10;1
14204086001;2021-08-11;2
14204086001;2021-08-12;4
14204086001;2021-08-13;1
14204086001;2021-08-14;2
14204086001;2021-08-15;1
14204086001;2021-08-16;1
14204086001;2021-08-17;3
14204107001;2021-08-14;2
14204107001;2021-08-15;1
14204107001;2021-08-17;1
14204118001;2021-08-03;1
14204118001;2021-08-06;2
14204118001;2021-08-10;2
14204118001;2021-08-13;1
14204118001;2021-08-14;1
14204118001;2021-08-15;2
14204118001;2021-08-16;1
14204125001;2021-08-01;4
14204125001;2021-08-02;3
14204125001;2021-08-03;4
14204125001;2021-08-04;5
14204125001;2021-08-07;1
14204125001;2021-08-08;1
14204125001;2021-08-09;3
14204125001;2021-08-11;2
14204125001;2021-08-12;3
14204125001;2021-08-13;2
14204125001;2021-08-14;4
14204125001;2021-08-15;2
14204125001;2021-08-16;1
14204125001;2021-08-17;2
14204126001;2021-08-01;2
14204126001;2021-08-04;2
14204126001;2021-08-05;3
14204126001;2021-08-06;1
14204126001;2021-08-07;2
14204126001;2021-08-09;2
14204126001;2021-08-10;3
14204126001;2021-08-11;1
14204126001;2021-08-12;4
14204126001;2021-08-13;2
14204126001;2021-08-15;4
14204126001;2021-08-17;2
14204127001;2021-08-01;1
14204127001;2021-08-02;1
14204127001;2021-08-14;1
14204127001;2021-08-15;1
14204129001;2021-08-05;4
14204129001;2021-08-07;1
14204129001;2021-08-08;3
14204129001;2021-08-09;3
14204129001;2021-08-10;2
14204129001;2021-08-11;4
14204129001;2021-08-12;4
14204129001;2021-08-13;1
14204129001;2021-08-14;5
14204129001;2021-08-15;7
14204129001;2021-08-16;5
14204129001;2021-08-17;7
14204131001;2021-08-01;4
14204131001;2021-08-02;2
14204131001;2021-08-03;4
14204131001;2021-08-04;4
14204131001;2021-08-05;1
14204131001;2021-08-06;7
14204131001;2021-08-07;3
14204131001;2021-08-08;6
14204131001;2021-08-09;3
14204131001;2021-08-13;1
14204132001;2021-08-02;2
14204132001;2021-08-03;1
14204132001;2021-08-05;1
14204132001;2021-08-06;3
14204132001;2021-08-08;2
14204132001;2021-08-09;1
14204132001;2021-08-10;1
14204132001;2021-08-11;3
14204132001;2021-08-12;5
14204132001;2021-08-13;2
14204132001;2021-08-14;4
14204132001;2021-08-15;2
14204132001;2021-08-16;1
14204132001;2021-08-17;2
14204135001;2021-08-02;1
14204135001;2021-08-04;4
14204135001;2021-08-05;1
14204135001;2021-08-06;1
14204135001;2021-08-08;1
14204135001;2021-08-16;1
14204136001;2021-08-02;2
14204136001;2021-08-03;1
14204136001;2021-08-04;2
14204136001;2021-08-05;2
14204136001;2021-08-07;1
14204136001;2021-08-08;1
14204148001;2021-08-02;1
14204148001;2021-08-03;2
14204148001;2021-08-04;1
14204148001;2021-08-06;2
14204148001;2021-08-11;1
14204148001;2021-08-13;1
14204148001;2021-08-17;1
14204150001;2021-08-04;1
14204150001;2021-08-06;1
14204150001;2021-08-07;1
14204150001;2021-08-08;1
14204150001;2021-08-10;1
14204150001;2021-08-11;2
14204150001;2021-08-15;1
14204150001;2021-08-17;1
14204892001;2021-08-02;2
14204892001;2021-08-03;4
14204892001;2021-08-04;6
14204892001;2021-08-05;5
14204892001;2021-08-06;1
14204892001;2021-08-07;1
14204892001;2021-08-08;6
14204892001;2021-08-09;5
14204892001;2021-08-10;12
14204892001;2021-08-11;4
14204892001;2021-08-12;10
14204892001;2021-08-14;2
14204892001;2021-08-15;14
14204892001;2021-08-16;1
14204892001;2021-08-17;10
14210009001;2021-08-02;1
14210009001;2021-08-03;1
14210009001;2021-08-05;1
14210009001;2021-08-08;2
14210009001;2021-08-11;1
14210009001;2021-08-12;1
14210009001;2021-08-14;1
14210010001;2021-08-01;1
14210010001;2021-08-02;1
14210010001;2021-08-03;1
14210010001;2021-08-10;2
14210010001;2021-08-12;2
14210010001;2021-08-15;2
14210010001;2021-08-17;2
14210015001;2021-08-03;1
14210015001;2021-08-05;1
14210015001;2021-08-06;1
14210015001;2021-08-07;1
14210015001;2021-08-08;1
14210015001;2021-08-10;1
14210015001;2021-08-15;1
14210019001;2021-08-08;1
14210019001;2021-08-12;1
14210021001;2021-08-01;1
14210021001;2021-08-04;1
14210021001;2021-08-09;1
14210021001;2021-08-10;1
14210021001;2021-08-14;2
14210025001;2021-08-01;1
14210025001;2021-08-06;1
14210025001;2021-08-08;1
14210025001;2021-08-11;1
14210026001;2021-08-06;1
14210026001;2021-08-10;1
14210026001;2021-08-11;1
14210029001;2021-08-02;1
14210029001;2021-08-11;1
14210029001;2021-08-12;1
14210031001;2021-08-06;1
14210031001;2021-08-07;1
14210031001;2021-08-09;1
14210031001;2021-08-11;1
14210031001;2021-08-17;1
14210034001;2021-08-04;1
14210034001;2021-08-06;1
14210034001;2021-08-07;1
14210034001;2021-08-09;2
14210034001;2021-08-10;1
14210034001;2021-08-12;2
14210034001;2021-08-16;1
14210035001;2021-08-05;2
14210035001;2021-08-06;1
14210035001;2021-08-08;1
14210035001;2021-08-12;1
14210035001;2021-08-15;1
14210035001;2021-08-16;1
14210035001;2021-08-17;2
14210045001;2021-08-10;1
14210045001;2021-08-11;1
14210045001;2021-08-15;1
14210046001;2021-08-01;1
14210046001;2021-08-02;1
14210046001;2021-08-03;1
14210046001;2021-08-04;2
14210046001;2021-08-08;1
14210046001;2021-08-10;1
14210046001;2021-08-11;1
14210046001;2021-08-12;1
14210046001;2021-08-14;3
14210046001;2021-08-17;1
14210048001;2021-08-02;2
14210048001;2021-08-11;1
14210048001;2021-08-13;2
14210048001;2021-08-14;1
14210051001;2021-08-04;1
14210051001;2021-08-05;3
14210051001;2021-08-06;2
14210051001;2021-08-08;5
14210051001;2021-08-09;1
14210051001;2021-08-10;1
14210051001;2021-08-11;1
14210051001;2021-08-12;2
14210051001;2021-08-14;2
14210051001;2021-08-15;1
14210056001;2021-08-07;1
14210056001;2021-08-08;1
14210056001;2021-08-10;1
14210056001;2021-08-11;1
14210056001;2021-08-12;1
14210056001;2021-08-15;1
14210068001;2021-08-01;1
14210068001;2021-08-03;2
14210068001;2021-08-11;1
14210068001;2021-08-14;1
14210084001;2021-08-13;1
14210084001;2021-08-16;1
14210108001;2021-08-09;1
14210108001;2021-08-10;3
14210108001;2021-08-11;1
14210108001;2021-08-13;1
14210108001;2021-08-15;1
14210108001;2021-08-16;2
14210110001;2021-08-03;1
14210110001;2021-08-04;2
14210110001;2021-08-07;1
14210110001;2021-08-08;1
14210110001;2021-08-09;1
14210110001;2021-08-12;2
14210110001;2021-08-13;1
14210110001;2021-08-17;1
14210114001;2021-08-05;1
14210114001;2021-08-09;1
14210114001;2021-08-11;1
14210127001;2021-08-01;1
14210127001;2021-08-04;2
14210127001;2021-08-14;1
14211055001;2021-08-08;1
14211055001;2021-08-09;1
14211055001;2021-08-10;3
14211055001;2021-08-11;2
14211055001;2021-08-12;2
14211055001;2021-08-13;1
14211055001;2021-08-15;2
14211055001;2021-08-16;1
14211055001;2021-08-17;1
14213004001;2021-08-01;1
14213004001;2021-08-02;3
14213004001;2021-08-03;4
14213004001;2021-08-04;5
14213004001;2021-08-05;3
14213004001;2021-08-06;2
14213004001;2021-08-08;2
14213004001;2021-08-09;1
14213004001;2021-08-11;1
14213004001;2021-08-13;1
14213004001;2021-08-15;2
14213004001;2021-08-16;1
14213004001;2021-08-17;1
14213008001;2021-08-04;1
14213008001;2021-08-17;1
14213010001;2021-08-13;1
14213010001;2021-08-17;1
14213055001;2021-08-01;2
14213055001;2021-08-02;1
14213055001;2021-08-04;1
14213055001;2021-08-15;1
14213092001;2021-08-04;1
14213092001;2021-08-05;1
14213092001;2021-08-08;1
14213092001;2021-08-11;1
14213092001;2021-08-12;2
14220002001;2021-08-02;1
14220002001;2021-08-03;1
14220002001;2021-08-04;1
14220002001;2021-08-05;1
14220002001;2021-08-07;1
14220002001;2021-08-09;1
14220002001;2021-08-10;3
14220002001;2021-08-11;1
14220002001;2021-08-12;4
14220002001;2021-08-14;2
14220002001;2021-08-15;1
14220002001;2021-08-16;3
14220002001;2021-08-17;3
14220005001;2021-08-02;1
14220005001;2021-08-03;3
14220005001;2021-08-06;2
14220005001;2021-08-09;1
14220005001;2021-08-12;2
14220005001;2021-08-13;2
14220005001;2021-08-14;1
14220005001;2021-08-16;1
14220005001;2021-08-17;2
14220085001;2021-08-05;1
14220085001;2021-08-10;1
14220085001;2021-08-11;1
14220085001;2021-08-15;1
14220086001;2021-08-01;1
14220086001;2021-08-02;1
14220086001;2021-08-04;1
14220086001;2021-08-05;2
14220086001;2021-08-06;1
14220086001;2021-08-13;1
14220086001;2021-08-15;4
14220140001;2021-08-01;4
14220140001;2021-08-02;4
14220140001;2021-08-03;1
14220140001;2021-08-04;3
14220140001;2021-08-05;3
14220140001;2021-08-06;1
14220140001;2021-08-07;1
14220140001;2021-08-08;1
14220140001;2021-08-17;3
14220141001;2021-08-01;1
14220141001;2021-08-02;4
14220141001;2021-08-03;1
14220141001;2021-08-04;1
14220141001;2021-08-05;1
14220141001;2021-08-06;3
14220141001;2021-08-07;1
14220141001;2021-08-08;3
14220141001;2021-08-09;4
14220141001;2021-08-10;3
14220141001;2021-08-11;5
14220141001;2021-08-12;3
14220141001;2021-08-13;2
14220141001;2021-08-16;1
14220155001;2021-08-05;1
14220155001;2021-08-09;1
14220155001;2021-08-10;1
14221113001;2021-08-02;1
14221113001;2021-08-11;2
14221113001;2021-08-12;1
14221113001;2021-08-13;1
14221113001;2021-08-15;1
14221113001;2021-08-17;4
14222001001;2021-08-07;1
14222001001;2021-08-12;1
14222001001;2021-08-17;1
14222005001;2021-08-03;1
14222005001;2021-08-07;1
14222005001;2021-08-08;2
14222005001;2021-08-11;1
14222005001;2021-08-14;1
14222005001;2021-08-16;1
14222005001;2021-08-17;4
14222019001;2021-08-01;1
14222019001;2021-08-03;2
14222019001;2021-08-04;1
14222019001;2021-08-05;1
14222019001;2021-08-06;2
14222019001;2021-08-09;1
14222019001;2021-08-10;2
14222019001;2021-08-13;2
14222019001;2021-08-14;2
14222019001;2021-08-16;1
14222019001;2021-08-17;1
14222025001;2021-08-03;1
14222025001;2021-08-04;1
14222025001;2021-08-06;1
14222025001;2021-08-07;1
14222025001;2021-08-08;1
14222025001;2021-08-11;1
14222025001;2021-08-14;1
14222025001;2021-08-15;1
14222025001;2021-08-16;1
14222025001;2021-08-17;1
14222027001;2021-08-04;1
14222027001;2021-08-06;1
14222027001;2021-08-08;1
14222027001;2021-08-09;1
14222027001;2021-08-11;1
14222027001;2021-08-17;2
14222042001;2021-08-01;1
14222042001;2021-08-02;1
14222042001;2021-08-03;3
14222042001;2021-08-04;3
14222042001;2021-08-06;1
14222042001;2021-08-07;1
14222042001;2021-08-09;3
14222042001;2021-08-10;1
14222042001;2021-08-11;1
14222042001;2021-08-12;1
14222042001;2021-08-13;2
14222042001;2021-08-14;1
14222042001;2021-08-15;3
14222042001;2021-08-16;1
14222042001;2021-08-17;2
14222043001;2021-08-01;1
14222043001;2021-08-03;4
14222043001;2021-08-04;3
14222043001;2021-08-05;2
14222043001;2021-08-07;2
14222043001;2021-08-09;3
14222043001;2021-08-10;6
14222043001;2021-08-11;2
14222043001;2021-08-12;6
14222043001;2021-08-13;5
14222043001;2021-08-14;3
14222043001;2021-08-15;4
14222043001;2021-08-16;1
14222043001;2021-08-17;3
14222045001;2021-08-03;1
14222045001;2021-08-05;1
14222046001;2021-08-01;2
14222046001;2021-08-02;4
14222046001;2021-08-03;3
14222046001;2021-08-04;3
14222046001;2021-08-05;4
14222046001;2021-08-06;2
14222046001;2021-08-07;1
14222046001;2021-08-08;1
14222046001;2021-08-09;2
14222046001;2021-08-10;2
14222046001;2021-08-11;4
14222046001;2021-08-12;4
14222046001;2021-08-13;4
14222046001;2021-08-15;6
14222046001;2021-08-16;5
14222046001;2021-08-17;6
14222048001;2021-08-03;1
14222048001;2021-08-06;1
14222048001;2021-08-09;2
14222048001;2021-08-10;1
14222048001;2021-08-12;1
14222049001;2021-08-02;1
14222049001;2021-08-03;1
14222049001;2021-08-05;1
14222049001;2021-08-08;1
14222049001;2021-08-10;1
14222049001;2021-08-11;1
14222049001;2021-08-13;1
14222053001;2021-08-03;3
14222053001;2021-08-04;2
14222053001;2021-08-05;2
14222053001;2021-08-07;1
14222053001;2021-08-10;1
14222053001;2021-08-12;1
14222053001;2021-08-15;2
14222053001;2021-08-16;1
14222053001;2021-08-17;1
14222068001;2021-08-01;6
14222068001;2021-08-02;6
14222068001;2021-08-03;8
14222068001;2021-08-04;4
14222068001;2021-08-05;5
14222068001;2021-08-06;2
14222068001;2021-08-07;1
14222068001;2021-08-08;2
14222068001;2021-08-09;2
14222068001;2021-08-10;5
14222068001;2021-08-11;8
14222068001;2021-08-12;5
14222068001;2021-08-13;2
14222068001;2021-08-14;4
14222068001;2021-08-15;6
14222068001;2021-08-16;5
14222068001;2021-08-17;9
14222072001;2021-08-01;3
14222072001;2021-08-03;7
14222072001;2021-08-04;5
14222072001;2021-08-05;1
14222072001;2021-08-06;3
14222072001;2021-08-08;1
14222072001;2021-08-10;6
14222072001;2021-08-11;8
14222072001;2021-08-12;8
14222072001;2021-08-13;4
14222072001;2021-08-14;4
14222072001;2021-08-15;9
14222072001;2021-08-16;4
14222072001;2021-08-17;8
14222087001;2021-08-02;1
14222087001;2021-08-05;1
14222087001;2021-08-07;1
14222087001;2021-08-08;2
14222087001;2021-08-10;1
14222087001;2021-08-11;2
14222087001;2021-08-12;3
14222087001;2021-08-14;1
14222087001;2021-08-15;2
14222087001;2021-08-16;1
14222095001;2021-08-01;1
14222095001;2021-08-02;4
14222095001;2021-08-03;5
14222095001;2021-08-05;1
14222095001;2021-08-06;1
14222095001;2021-08-08;1
14222095001;2021-08-09;1
14222095001;2021-08-10;6
14222095001;2021-08-11;5
14222095001;2021-08-12;6
14222095001;2021-08-13;1
14222095001;2021-08-14;2
14222095001;2021-08-15;4
14222095001;2021-08-16;1
14222095001;2021-08-17;2
14222114001;2021-08-01;1
14222114001;2021-08-02;3
14222114001;2021-08-03;3
14222114001;2021-08-04;1
14222114001;2021-08-05;3
14222114001;2021-08-06;2
14222114001;2021-08-07;1
14222114001;2021-08-08;3
14222114001;2021-08-09;2
14222114001;2021-08-10;5
14222114001;2021-08-11;8
14222114001;2021-08-12;9
14222114001;2021-08-13;2
14222114001;2021-08-14;3
14222114001;2021-08-15;5
14222114001;2021-08-16;1
14222114001;2021-08-17;3
14222119001;2021-08-07;1
14222122001;2021-08-09;1
14222137001;2021-08-17;1
14222141001;2021-08-01;1
14222141001;2021-08-04;1
14222141001;2021-08-07;1
14222141001;2021-08-09;1
14222141001;2021-08-12;1
14222141001;2021-08-13;3
14222142001;2021-08-01;3
14222142001;2021-08-02;3
14222142001;2021-08-03;3
14222142001;2021-08-04;2
14222142001;2021-08-05;5
14222142001;2021-08-06;1
14222142001;2021-08-08;3
14222142001;2021-08-09;2
14222142001;2021-08-10;3
14222142001;2021-08-11;4
14222142001;2021-08-12;6
14222142001;2021-08-13;3
14222142001;2021-08-14;1
14222142001;2021-08-15;5
14222142001;2021-08-17;7
14222896001;2021-08-02;1
14222896001;2021-08-06;2
14222896001;2021-08-07;1
14222896001;2021-08-11;1
14222896001;2021-08-13;1
14222896001;2021-08-15;2
14222897001;2021-08-02;2
14222897001;2021-08-04;1
14222897001;2021-08-06;2
14222897001;2021-08-10;1
14222897001;2021-08-11;1
14222897001;2021-08-12;1
14222897001;2021-08-13;2
14222897001;2021-08-14;2
14222897001;2021-08-15;2
14222897001;2021-08-16;2
14222898001;2021-08-02;1
14222898001;2021-08-06;1
14222898001;2021-08-10;1
14222898001;2021-08-11;1
14222898001;2021-08-13;2
14222898001;2021-08-14;1
14222898001;2021-08-16;1
14222999001;2021-08-03;1
14222999001;2021-08-05;1
14222999001;2021-08-08;1
14222999001;2021-08-10;3
14222999001;2021-08-11;2
14222999001;2021-08-14;1
14222999001;2021-08-15;1
14223005001;2021-08-03;1
14223005001;2021-08-05;1
14223005001;2021-08-08;1
14223005001;2021-08-09;2
14223005001;2021-08-10;1
14223005001;2021-08-11;1
14223005001;2021-08-12;2
14223005001;2021-08-17;2
14223008001;2021-08-02;2
14223008001;2021-08-04;2
14223008001;2021-08-05;2
14223018001;2021-08-01;3
14223018001;2021-08-03;1
14223018001;2021-08-05;2
14223018001;2021-08-07;1
14223018001;2021-08-10;2
14223018001;2021-08-11;3
14223018001;2021-08-12;1
14223018001;2021-08-13;3
14223018001;2021-08-15;5
14223018001;2021-08-16;3
14223018001;2021-08-17;4
14223037001;2021-08-01;1
14223037001;2021-08-02;5
14223037001;2021-08-03;3
14223037001;2021-08-04;4
14223037001;2021-08-05;3
14223037001;2021-08-06;3
14223037001;2021-08-07;5
14223037001;2021-08-08;5
14223037001;2021-08-09;3
14223037001;2021-08-10;2
14223037001;2021-08-11;1
14223037001;2021-08-12;4
14223037001;2021-08-14;1
14223037001;2021-08-15;6
14223037001;2021-08-16;1
14223037001;2021-08-17;3
14223045001;2021-08-01;6
14223045001;2021-08-02;1
14223045001;2021-08-03;2
14223045001;2021-08-04;1
14223045001;2021-08-05;2
14223045001;2021-08-06;1
14223045001;2021-08-07;1
14223045001;2021-08-08;2
14223045001;2021-08-09;2
14223045001;2021-08-10;4
14223045001;2021-08-11;5
14223045001;2021-08-12;6
14223045001;2021-08-13;5
14223045001;2021-08-14;7
14223045001;2021-08-15;6
14223045001;2021-08-17;7
14223048001;2021-08-01;1
14223048001;2021-08-04;1
14223048001;2021-08-10;1
14223065001;2021-08-10;1
14223065001;2021-08-11;1
14223065001;2021-08-13;1
14223065001;2021-08-14;1
14223065001;2021-08-15;1
14223080001;2021-08-03;1
14223080001;2021-08-04;1
14223080001;2021-08-05;1
14223080001;2021-08-06;1
14223080001;2021-08-09;2
14223080001;2021-08-10;2
14223080001;2021-08-11;2
14223080001;2021-08-12;3
14223080001;2021-08-13;2
14223080001;2021-08-14;2
14223080001;2021-08-15;2
14223080001;2021-08-16;1
14223080001;2021-08-17;3
14223094001;2021-08-01;1
14223094001;2021-08-02;3
14223094001;2021-08-03;1
14223094001;2021-08-04;4
14223094001;2021-08-05;1
14223094001;2021-08-07;2
14223094001;2021-08-08;1
14223094001;2021-08-12;4
14223094001;2021-08-13;5
14223094001;2021-08-14;4
14223094001;2021-08-15;11
14223094001;2021-08-16;5
14223094001;2021-08-17;7
14223171001;2021-08-04;1
14223171001;2021-08-06;2
14223176001;2021-08-03;2
14223176001;2021-08-05;2
14223176001;2021-08-08;1
14223176001;2021-08-09;3
14223176001;2021-08-10;3
14223176001;2021-08-11;2
14223176001;2021-08-13;3
14223176001;2021-08-15;3
14223176001;2021-08-16;1
14223176001;2021-08-17;3
14223178001;2021-08-01;1
14223178001;2021-08-02;1
14223178001;2021-08-03;1
14223178001;2021-08-04;2
14223178001;2021-08-05;1
14223178001;2021-08-08;1
14223178001;2021-08-10;2
14223178001;2021-08-11;2
14223178001;2021-08-15;2
14223178001;2021-08-16;3
14223178001;2021-08-17;1
14223179001;2021-08-01;4
14223179001;2021-08-02;4
14223179001;2021-08-03;3
14223179001;2021-08-04;4
14223179001;2021-08-05;14
14223179001;2021-08-06;2
14223179001;2021-08-07;4
14223179001;2021-08-08;4
14223179001;2021-08-09;5
14223179001;2021-08-10;9
14223179001;2021-08-11;7
14223179001;2021-08-12;11
14223179001;2021-08-13;7
14223179001;2021-08-15;7
14223179001;2021-08-16;2
14223179001;2021-08-17;4
14223215001;2021-08-01;2
14223215001;2021-08-02;4
14223215001;2021-08-03;6
14223215001;2021-08-04;2
14223215001;2021-08-05;3
14223215001;2021-08-06;2
14223215001;2021-08-07;3
14223215001;2021-08-08;1
14223215001;2021-08-09;1
14223215001;2021-08-10;6
14223215001;2021-08-11;5
14223215001;2021-08-12;4
14223215001;2021-08-13;3
14223215001;2021-08-14;1
14223215001;2021-08-15;11
14223215001;2021-08-16;1
14223215001;2021-08-17;14
14223247001;2021-08-05;1
14223247001;2021-08-09;1
14223247001;2021-08-12;2
14223247001;2021-08-15;1
14223247001;2021-08-16;1
14223247001;2021-08-17;4
14224002001;2021-08-02;3
14224002001;2021-08-05;2
14224002001;2021-08-06;1
14224002001;2021-08-09;1
14224002001;2021-08-10;1
14224002001;2021-08-11;1
14224002001;2021-08-16;1
14224002001;2021-08-17;1
14224003001;2021-08-02;3
14224003001;2021-08-03;1
14224003001;2021-08-04;5
14224003001;2021-08-09;1
14224003001;2021-08-10;2
14224003001;2021-08-11;2
14224003001;2021-08-12;3
14224003001;2021-08-15;6
14224003001;2021-08-16;2
14224003001;2021-08-17;2
14225008001;2021-08-15;1
14225014001;2021-08-04;1
14225014001;2021-08-11;1
14225014001;2021-08-14;1
14225016001;2021-08-01;1
14225016001;2021-08-10;1
14225016001;2021-08-16;1
14225018001;2021-08-01;1
14225018001;2021-08-04;2
14225018001;2021-08-05;1
14225018001;2021-08-09;1
14225018001;2021-08-11;1
14225018001;2021-08-14;1
14225018001;2021-08-16;1
14225023001;2021-08-02;1
14225023001;2021-08-04;1
14225023001;2021-08-06;1
14225023001;2021-08-08;1
14225023001;2021-08-10;1
14225029001;2021-08-08;1
14225029001;2021-08-09;1
14225029001;2021-08-10;1
14225029001;2021-08-14;1
14225029001;2021-08-15;1
14225030001;2021-08-04;1
14225030001;2021-08-09;1
14225030001;2021-08-15;1
14225035001;2021-08-04;1
14225041001;2021-08-01;1
14225041001;2021-08-03;2
14225041001;2021-08-12;1
14225045001;2021-08-12;1
14225052001;2021-08-03;2
14225052001;2021-08-06;1
14225052001;2021-08-09;1
14225056001;2021-08-05;1
14225056001;2021-08-10;1
14225056001;2021-08-14;3
14225057001;2021-08-05;1
14225057001;2021-08-06;1
14225057001;2021-08-12;1
14225057001;2021-08-17;1
14226003001;2021-08-05;1
14226003001;2021-08-08;1
14226003001;2021-08-13;1
14226003001;2021-08-15;1
14226003001;2021-08-17;1
14226005001;2021-08-03;1
14226005001;2021-08-09;1
14226005001;2021-08-12;1
14226005001;2021-08-13;2
14226005001;2021-08-15;3
14226007001;2021-08-01;1
14226007001;2021-08-02;1
14226007001;2021-08-04;1
14226007001;2021-08-05;2
14226007001;2021-08-09;2
14226007001;2021-08-11;2
14226007001;2021-08-12;1
14226007001;2021-08-14;1
14226007001;2021-08-15;5
14226007001;2021-08-16;1
14226007001;2021-08-17;2
14226009001;2021-08-01;2
14226009001;2021-08-02;2
14226009001;2021-08-03;2
14226009001;2021-08-04;4
14226009001;2021-08-05;3
14226009001;2021-08-08;1
14226009001;2021-08-09;1
14226009001;2021-08-10;1
14226009001;2021-08-12;4
14226009001;2021-08-13;2
14226012001;2021-08-03;1
14226012001;2021-08-05;1
14226012001;2021-08-09;1
14226012001;2021-08-11;1
14226012001;2021-08-12;2
14226012001;2021-08-13;1
14226016001;2021-08-04;2
14226016001;2021-08-07;1
14226016001;2021-08-11;1
14226016001;2021-08-17;1
14226019001;2021-08-07;1
14226019001;2021-08-13;1
14226020001;2021-08-04;1
14226020001;2021-08-11;2
14226020001;2021-08-13;1
14226032001;2021-08-02;1
14226032001;2021-08-13;1
14226035001;2021-08-13;1
14226042001;2021-08-01;1
14226042001;2021-08-02;1
14226042001;2021-08-04;1
14226042001;2021-08-09;1
14226042001;2021-08-12;1
14226042001;2021-08-13;2
14226042001;2021-08-14;1
14226042001;2021-08-16;1
14226046001;2021-08-03;1
14226046001;2021-08-08;2
14226046001;2021-08-11;1
14226051001;2021-08-02;1
14226051001;2021-08-05;1
14226051001;2021-08-06;1
14226051001;2021-08-08;1
14226051001;2021-08-09;1
14226059001;2021-08-02;1
14226059001;2021-08-04;1
14226059001;2021-08-05;1
14226059001;2021-08-07;1
14226059001;2021-08-08;2
14226059001;2021-08-11;1
14226059001;2021-08-15;2
14226059001;2021-08-17;1
14226063001;2021-08-08;1
14226063001;2021-08-09;2
14226063001;2021-08-11;1
14226063001;2021-08-14;1
14226063001;2021-08-17;1
14226067001;2021-08-01;1
14226067001;2021-08-03;1
14226067001;2021-08-04;1
14226067001;2021-08-05;1
14226067001;2021-08-09;1
14226067001;2021-08-13;1
14226100001;2021-08-11;1
14226100001;2021-08-15;1
14227002001;2021-08-03;1
14227002001;2021-08-05;2
14227002001;2021-08-07;1
14227002001;2021-08-10;1
14227002001;2021-08-13;1
14227002001;2021-08-15;3
14227002001;2021-08-16;2
14227002001;2021-08-17;1
14227005001;2021-08-03;2
14227005001;2021-08-05;1
14227005001;2021-08-11;1
14227005001;2021-08-12;1
14227005001;2021-08-14;1
14227005001;2021-08-15;3
14227005001;2021-08-16;3
14231003001;2021-08-01;7
14231003001;2021-08-02;3
14231003001;2021-08-03;7
14231003001;2021-08-04;1
14231003001;2021-08-05;3
14231003001;2021-08-06;1
14231003001;2021-08-08;4
14231003001;2021-08-09;4
14231003001;2021-08-10;9
14231003001;2021-08-11;3
14231003001;2021-08-12;17
14231003001;2021-08-13;5
14231003001;2021-08-14;3
14231003001;2021-08-15;23
14231003001;2021-08-16;8
14231003001;2021-08-17;19
14240001001;2021-08-02;1
14240001001;2021-08-04;2
14240001001;2021-08-08;1
14240001001;2021-08-09;1
14240001001;2021-08-11;1
14240001001;2021-08-12;1
14240001001;2021-08-13;1
14240001001;2021-08-14;1
14240001001;2021-08-15;1
14240001001;2021-08-16;1
14240001001;2021-08-17;2
14240008001;2021-08-02;1
14240008001;2021-08-03;1
14240008001;2021-08-04;1
14240008001;2021-08-11;1
14240008001;2021-08-17;1
14240014001;2021-08-04;2
14240014001;2021-08-06;1
14240014001;2021-08-11;2
14240014001;2021-08-12;1
14240015001;2021-08-05;1
14240015001;2021-08-06;1
14240015001;2021-08-09;1
14240015001;2021-08-10;1
14240015001;2021-08-12;2
14241002001;2021-08-01;1
14241004001;2021-08-09;1
14241004001;2021-08-10;2
14241004001;2021-08-12;2
14241004001;2021-08-13;3
14241004001;2021-08-16;1
14241004001;2021-08-17;2
14241030001;2021-08-02;1
14241030001;2021-08-03;4
14241030001;2021-08-07;1
14241030001;2021-08-08;1
14241030001;2021-08-09;1
14241030001;2021-08-10;2
14241030001;2021-08-11;3
14241030001;2021-08-12;2
14241030001;2021-08-15;2
14241030001;2021-08-16;1
14241030001;2021-08-17;2
14241032001;2021-08-03;1
14241032001;2021-08-04;1
14241032001;2021-08-07;2
14241032001;2021-08-09;1
14241032001;2021-08-14;1
14241032001;2021-08-15;1
14241032001;2021-08-17;1
14241033001;2021-08-01;3
14241033001;2021-08-02;1
14241033001;2021-08-03;3
14241033001;2021-08-04;1
14241033001;2021-08-05;1
14241033001;2021-08-15;2
14241033001;2021-08-16;1
14241033001;2021-08-17;2
14241035001;2021-08-01;1
14241035001;2021-08-04;1
14241035001;2021-08-07;1
14241042001;2021-08-02;2
14241042001;2021-08-03;3
14241042001;2021-08-04;5
14241042001;2021-08-05;2
14241042001;2021-08-06;1
14241042001;2021-08-07;1
14241042001;2021-08-09;1
14241042001;2021-08-10;1
14241042001;2021-08-11;1
14241042001;2021-08-12;4
14241042001;2021-08-13;1
14241042001;2021-08-14;2
14241042001;2021-08-15;4
14241042001;2021-08-16;6
14241042001;2021-08-17;5
14241043001;2021-08-01;1
14241043001;2021-08-12;1
14241044001;2021-08-04;1
14241044001;2021-08-07;1
14242003001;2021-08-01;2
14242003001;2021-08-02;1
14242003001;2021-08-04;1
14242003001;2021-08-08;2
14242003001;2021-08-10;1
14242003001;2021-08-13;2
14242003001;2021-08-14;1
14242003001;2021-08-15;1
14242003001;2021-08-16;2
14242003001;2021-08-17;1
14242007001;2021-08-01;1
14242007001;2021-08-10;1
14242007001;2021-08-11;1
14242007001;2021-08-14;1
14242007001;2021-08-17;2
14242036001;2021-08-02;1
14242036001;2021-08-03;1
14242036001;2021-08-08;1
14242036001;2021-08-09;1
14242036001;2021-08-10;1
14242036001;2021-08-11;1
14242036001;2021-08-12;2
14242036001;2021-08-13;4
14242036001;2021-08-15;3
14242036001;2021-08-16;2
14242036001;2021-08-17;1
14242037001;2021-08-01;2
14242037001;2021-08-02;2
14242037001;2021-08-03;2
14242037001;2021-08-04;3
14242037001;2021-08-05;2
14242037001;2021-08-06;5
14242037001;2021-08-07;1
14242037001;2021-08-08;1
14242037001;2021-08-09;2
14242037001;2021-08-10;2
14242037001;2021-08-11;1
14242037001;2021-08-12;3
14242037001;2021-08-13;2
14242037001;2021-08-14;2
14242037001;2021-08-16;1
14242037001;2021-08-17;1
14242039001;2021-08-01;1
14242039001;2021-08-02;1
14242039001;2021-08-03;1
14242039001;2021-08-07;1
14242039001;2021-08-10;2
14242039001;2021-08-11;2
14242039001;2021-08-13;2
14242039001;2021-08-14;1
14242039001;2021-08-15;1
14242039001;2021-08-16;1
14242039001;2021-08-17;3
14242042001;2021-08-02;1
14242042001;2021-08-03;2
14242042001;2021-08-04;1
14242042001;2021-08-08;1
14242042001;2021-08-10;1
14242042001;2021-08-11;1
14242042001;2021-08-12;2
14242042001;2021-08-15;2
14242042001;2021-08-16;1
14242042001;2021-08-17;1
14242056001;2021-08-01;1
14242056001;2021-08-02;1
14242056001;2021-08-03;3
14242056001;2021-08-04;2
14242056001;2021-08-05;1
14242056001;2021-08-06;2
14242056001;2021-08-08;1
14242056001;2021-08-09;3
14242056001;2021-08-10;2
14242056001;2021-08-15;4
14242056001;2021-08-16;1
14242072001;2021-08-02;2
14242072001;2021-08-08;1
14242072001;2021-08-09;1
14242072001;2021-08-16;2
14242072001;2021-08-17;1
14242081001;2021-08-08;1
14242081001;2021-08-15;2
14242081001;2021-08-16;1
14242081001;2021-08-17;2
14242105001;2021-08-07;1
14242105001;2021-08-08;1
14242105001;2021-08-12;2
14242105001;2021-08-15;2
14242126001;2021-08-01;1
14242126001;2021-08-12;1
14242131001;2021-08-01;1
14242131001;2021-08-03;3
14242131001;2021-08-04;3
14242131001;2021-08-05;2
14242131001;2021-08-06;1
14242131001;2021-08-07;2
14242131001;2021-08-08;4
14242131001;2021-08-09;1
14242131001;2021-08-10;2
14242131001;2021-08-11;2
14242131001;2021-08-12;3
14242131001;2021-08-13;1
14242131001;2021-08-15;3
14242131001;2021-08-16;3
14242144001;2021-08-01;1
14242144001;2021-08-02;1
14242144001;2021-08-05;1
14242144001;2021-08-06;1
14242144001;2021-08-07;1
14242144001;2021-08-12;3
14242144001;2021-08-15;1
14242144001;2021-08-17;2
14242145001;2021-08-03;1
14242145001;2021-08-04;1
14242145001;2021-08-08;1
14242145001;2021-08-11;2
14242145001;2021-08-12;1
14242145001;2021-08-15;2
14242145001;2021-08-17;2
14242149001;2021-08-01;1
14242149001;2021-08-04;1
14242149001;2021-08-07;2
14242149001;2021-08-08;1
14242149001;2021-08-09;1
14242149001;2021-08-10;3
14242149001;2021-08-11;2
14242149001;2021-08-12;3
14242149001;2021-08-15;1
14242149001;2021-08-16;2
14242149001;2021-08-17;3
14242150001;2021-08-02;1
14242150001;2021-08-03;2
14242150001;2021-08-05;3
14242150001;2021-08-11;3
14242150001;2021-08-15;1
14242151001;2021-08-01;1
14242151001;2021-08-02;1
14242151001;2021-08-03;1
14242151001;2021-08-04;1
14242151001;2021-08-05;4
14242151001;2021-08-06;2
14242151001;2021-08-09;3
14242151001;2021-08-10;1
14242151001;2021-08-11;6
14242151001;2021-08-12;1
14242151001;2021-08-15;5
14242151001;2021-08-16;1
14242151001;2021-08-17;5
14242154001;2021-08-03;1
14242154001;2021-08-06;1
14242154001;2021-08-10;2
14242154001;2021-08-11;1
14242154001;2021-08-12;1
14242154001;2021-08-13;2
14242154001;2021-08-15;2
14242154001;2021-08-16;1
14242155001;2021-08-01;1
14242155001;2021-08-03;2
14242155001;2021-08-05;1
14242155001;2021-08-06;1
14242155001;2021-08-08;1
14242155001;2021-08-11;1
14242155001;2021-08-13;3
14242155001;2021-08-14;1
14242155001;2021-08-15;4
14242155001;2021-08-16;1
14242155001;2021-08-17;2
14242164001;2021-08-08;1
14242164001;2021-08-10;1
14242164001;2021-08-11;1
14242164001;2021-08-13;2
14242164001;2021-08-15;2
14242164001;2021-08-17;1
14242210001;2021-08-01;1
14243006001;2021-08-01;1
14243006001;2021-08-03;2
14243006001;2021-08-07;3
14243006001;2021-08-12;1
14243006001;2021-08-15;1
14243006001;2021-08-16;2
14243006001;2021-08-17;1
14243007001;2021-08-07;1
14243007001;2021-08-08;1
14243007001;2021-08-09;1
14243007001;2021-08-11;1
14243007001;2021-08-12;1
14243007001;2021-08-13;1
14243007001;2021-08-15;1
14243009001;2021-08-01;1
14243009001;2021-08-06;1
14243009001;2021-08-10;1
14243009001;2021-08-14;1
14243012001;2021-08-03;2
14243012001;2021-08-06;1
14243013001;2021-08-03;4
14243013001;2021-08-05;1
14243013001;2021-08-10;2
14243013001;2021-08-13;1
14243013001;2021-08-15;4
14243016001;2021-08-07;1
14243016001;2021-08-10;1
14243016001;2021-08-13;1
14243016001;2021-08-17;2
14243017001;2021-08-09;1
14243017001;2021-08-10;1
14243020001;2021-08-01;2
14243020001;2021-08-02;1
14243020001;2021-08-09;1
14243020001;2021-08-10;1
14243020001;2021-08-12;1
14243020001;2021-08-13;1
14243020001;2021-08-15;3
14243020001;2021-08-16;2
14243020001;2021-08-17;2
14243021001;2021-08-03;2
14243026001;2021-08-03;1
14243026001;2021-08-09;2
14243026001;2021-08-12;1
14243026001;2021-08-13;1
14243026001;2021-08-15;1
14243026001;2021-08-16;1
14243026001;2021-08-17;1
14243028001;2021-08-01;1
14243028001;2021-08-03;1
14243028001;2021-08-05;1
14243028001;2021-08-17;2
14243031001;2021-08-02;1
14243031001;2021-08-08;1
14243031001;2021-08-17;1
14243036001;2021-08-02;2
14243036001;2021-08-04;1
14243036001;2021-08-05;1
14243036001;2021-08-09;1
14243036001;2021-08-12;1
14243036001;2021-08-15;1
14243040001;2021-08-02;2
14243040001;2021-08-03;1
14243040001;2021-08-04;2
14243040001;2021-08-06;1
14243040001;2021-08-07;1
14243040001;2021-08-10;6
14243040001;2021-08-12;6
14243040001;2021-08-13;1
14243040001;2021-08-14;3
14243040001;2021-08-15;1
14243040001;2021-08-17;1
14243042001;2021-08-04;1
14243042001;2021-08-05;2
14243042001;2021-08-07;2
14243042001;2021-08-08;3
14243042001;2021-08-09;2
14243042001;2021-08-10;2
14243042001;2021-08-11;1
14243042001;2021-08-12;7
14243042001;2021-08-13;1
14243042001;2021-08-14;1
14243042001;2021-08-15;1
14243042001;2021-08-17;2
14243044001;2021-08-02;2
14243044001;2021-08-03;4
14243044001;2021-08-04;4
14243044001;2021-08-05;2
14243044001;2021-08-08;1
14243044001;2021-08-09;3
14243044001;2021-08-10;2
14243044001;2021-08-11;1
14243044001;2021-08-12;4
14243044001;2021-08-15;2
14243044001;2021-08-17;3
14243045001;2021-08-01;2
14243045001;2021-08-03;1
14243045001;2021-08-04;1
14243045001;2021-08-05;4
14243045001;2021-08-06;1
14243045001;2021-08-07;2
14243045001;2021-08-08;2
14243045001;2021-08-09;4
14243045001;2021-08-10;2
14243045001;2021-08-12;6
14243045001;2021-08-13;3
14243045001;2021-08-14;1
14243045001;2021-08-15;5
14243045001;2021-08-16;1
14243045001;2021-08-17;3
14243046001;2021-08-01;2
14243046001;2021-08-02;2
14243046001;2021-08-03;3
14243046001;2021-08-04;2
14243046001;2021-08-05;5
14243046001;2021-08-06;1
14243046001;2021-08-09;3
14243046001;2021-08-10;2
14243046001;2021-08-11;1
14243046001;2021-08-12;4
14243046001;2021-08-13;1
14243046001;2021-08-14;1
14243046001;2021-08-15;2
14243046001;2021-08-17;1
14243053001;2021-08-10;1
14243053001;2021-08-15;1
14243054001;2021-08-04;1
14243054001;2021-08-10;2
14243054001;2021-08-15;1
14243054001;2021-08-16;1
14243054001;2021-08-17;1
14243055001;2021-08-05;1
14243055001;2021-08-09;1
14243055001;2021-08-13;1
14243055001;2021-08-16;1
14243058001;2021-08-01;2
14243058001;2021-08-03;2
14243058001;2021-08-04;3
14243058001;2021-08-05;2
14243058001;2021-08-06;2
14243058001;2021-08-07;1
14243058001;2021-08-09;1
14243058001;2021-08-10;1
14243058001;2021-08-11;3
14243058001;2021-08-12;6
14243058001;2021-08-13;3
14243058001;2021-08-14;1
14243058001;2021-08-15;7
14243058001;2021-08-16;5
14243058001;2021-08-17;5
14243061001;2021-08-02;1
14243061001;2021-08-03;2
14243061001;2021-08-06;1
14243061001;2021-08-07;2
14243061001;2021-08-08;2
14243061001;2021-08-09;1
14243061001;2021-08-10;1
14243061001;2021-08-11;1
14243061001;2021-08-12;1
14243061001;2021-08-13;3
14243061001;2021-08-14;1
14243061001;2021-08-15;3
14243061001;2021-08-17;1
14243081001;2021-08-09;1
14243081001;2021-08-12;1
14243081001;2021-08-15;1
14243081001;2021-08-17;1
14243088001;2021-08-01;1
14243088001;2021-08-08;1
14243088001;2021-08-11;1
14243088001;2021-08-12;1
14243088001;2021-08-15;1
14243094001;2021-08-09;1
14243094001;2021-08-11;1
14243094001;2021-08-15;1
14243094001;2021-08-16;1
14243106001;2021-08-13;1
14243107001;2021-08-01;1
14243107001;2021-08-02;2
14243107001;2021-08-04;1
14243107001;2021-08-06;1
14243107001;2021-08-09;1
14243107001;2021-08-11;1
14243107001;2021-08-12;3
14243107001;2021-08-13;1
14243107001;2021-08-14;1
14243107001;2021-08-15;1
14243107001;2021-08-16;1
14243107001;2021-08-17;1
14243108001;2021-08-06;1
14243108001;2021-08-08;1
14243108001;2021-08-10;1
14243108001;2021-08-15;1
14243108001;2021-08-16;1
14243108001;2021-08-17;1
14243110001;2021-08-14;1
14243110001;2021-08-17;1
14243111001;2021-08-09;1
14243120001;2021-08-05;2
14243120001;2021-08-12;3
14243120001;2021-08-13;1
14243120001;2021-08-14;1
14243120001;2021-08-16;2
14243129001;2021-08-01;5
14243129001;2021-08-02;4
14243129001;2021-08-03;4
14243129001;2021-08-05;4
14243129001;2021-08-09;1
14243129001;2021-08-15;1
14243129001;2021-08-17;2
14243166001;2021-08-01;1
14243166001;2021-08-06;1
14243166001;2021-08-09;2
14243166001;2021-08-10;2
14243166001;2021-08-11;1
14243166001;2021-08-12;1
14243166001;2021-08-13;1
14243166001;2021-08-15;3
14243166001;2021-08-17;3
14244003001;2021-08-01;10
14244003001;2021-08-02;9
14244003001;2021-08-03;14
14244003001;2021-08-04;9
14244003001;2021-08-05;14
14244003001;2021-08-06;6
14244003001;2021-08-07;5
14244003001;2021-08-08;9
14244003001;2021-08-09;18
14244003001;2021-08-10;6
14244003001;2021-08-11;13
14244003001;2021-08-12;25
14244003001;2021-08-13;10
14244003001;2021-08-14;5
14244003001;2021-08-15;18
14244003001;2021-08-16;10
14244003001;2021-08-17;17
14244005001;2021-08-06;1
14244005001;2021-08-09;1
14244005001;2021-08-11;1
14244005001;2021-08-12;1
14244005001;2021-08-14;1
14244009001;2021-08-01;1
14244009001;2021-08-03;1
14244009001;2021-08-08;1
14244009001;2021-08-14;1
14244009001;2021-08-16;2
14244009001;2021-08-17;2
14244011001;2021-08-02;2
14244011001;2021-08-03;1
14244011001;2021-08-05;1
14244011001;2021-08-06;1
14244011001;2021-08-08;1
14244011001;2021-08-14;3
14244011001;2021-08-15;3
14244011001;2021-08-16;2
14244011001;2021-08-17;1
14244012001;2021-08-04;2
14244012001;2021-08-10;1
14244012001;2021-08-13;1
14244012001;2021-08-16;1
14244014001;2021-08-01;3
14244014001;2021-08-02;4
14244014001;2021-08-03;5
14244014001;2021-08-04;3
14244014001;2021-08-05;4
14244014001;2021-08-06;2
14244014001;2021-08-07;3
14244014001;2021-08-08;1
14244014001;2021-08-09;1
14244014001;2021-08-11;5
14244014001;2021-08-12;4
14244014001;2021-08-13;1
14244014001;2021-08-14;6
14244014001;2021-08-15;16
14244014001;2021-08-16;5
14244014001;2021-08-17;9
14244016001;2021-08-01;3
14244016001;2021-08-02;7
14244016001;2021-08-03;10
14244016001;2021-08-04;6
14244016001;2021-08-05;5
14244016001;2021-08-06;2
14244016001;2021-08-07;5
14244016001;2021-08-08;5
14244016001;2021-08-09;6
14244016001;2021-08-10;3
14244016001;2021-08-11;5
14244016001;2021-08-12;3
14244016001;2021-08-13;5
14244016001;2021-08-14;3
14244016001;2021-08-15;18
14244016001;2021-08-16;5
14244016001;2021-08-17;11
14244017001;2021-08-01;4
14244017001;2021-08-02;3
14244017001;2021-08-03;8
14244017001;2021-08-04;5
14244017001;2021-08-05;11
14244017001;2021-08-06;4
14244017001;2021-08-07;2
14244017001;2021-08-08;11
14244017001;2021-08-09;7
14244017001;2021-08-10;9
14244017001;2021-08-11;9
14244017001;2021-08-12;10
14244017001;2021-08-13;2
14244017001;2021-08-14;1
14244017001;2021-08-15;12
14244017001;2021-08-16;3
14244017001;2021-08-17;3
14244020001;2021-08-01;6
14244020001;2021-08-02;2
14244020001;2021-08-03;7
14244020001;2021-08-04;8
14244020001;2021-08-05;9
14244020001;2021-08-06;5
14244020001;2021-08-07;3
14244020001;2021-08-08;11
14244020001;2021-08-09;7
14244020001;2021-08-10;7
14244020001;2021-08-11;10
14244020001;2021-08-12;12
14244020001;2021-08-13;6
14244020001;2021-08-14;1
14244020001;2021-08-15;13
14244020001;2021-08-16;1
14244020001;2021-08-17;5
14244021001;2021-08-01;5
14244021001;2021-08-02;5
14244021001;2021-08-03;10
14244021001;2021-08-04;5
14244021001;2021-08-05;2
14244021001;2021-08-06;2
14244021001;2021-08-08;1
14244021001;2021-08-09;3
14244021001;2021-08-10;5
14244021001;2021-08-11;9
14244021001;2021-08-12;9
14244021001;2021-08-13;4
14244021001;2021-08-14;3
14244021001;2021-08-15;16
14244021001;2021-08-16;4
14244021001;2021-08-17;12
14244022001;2021-08-17;1
14244025001;2021-08-04;3
14244025001;2021-08-07;1
14244025001;2021-08-12;2
14244025001;2021-08-14;1
14244025001;2021-08-15;1
14244026001;2021-08-01;1
14244026001;2021-08-02;1
14244026001;2021-08-04;2
14244026001;2021-08-06;2
14244026001;2021-08-08;2
14244026001;2021-08-09;3
14244026001;2021-08-10;1
14244026001;2021-08-11;1
14244026001;2021-08-14;2
14244026001;2021-08-15;2
14244026001;2021-08-17;1
14244027001;2021-08-01;3
14244027001;2021-08-04;1
14244027001;2021-08-05;2
14244027001;2021-08-06;1
14244027001;2021-08-09;1
14244027001;2021-08-10;1
14244027001;2021-08-11;3
14244027001;2021-08-12;3
14244027001;2021-08-13;4
14244027001;2021-08-16;2
14244028001;2021-08-01;1
14244028001;2021-08-02;3
14244028001;2021-08-03;3
14244028001;2021-08-04;1
14244028001;2021-08-05;2
14244028001;2021-08-06;1
14244028001;2021-08-07;1
14244028001;2021-08-08;2
14244028001;2021-08-09;2
14244028001;2021-08-10;2
14244028001;2021-08-11;2
14244028001;2021-08-12;4
14244028001;2021-08-13;1
14244028001;2021-08-14;2
14244028001;2021-08-15;4
14244031001;2021-08-02;2
14244031001;2021-08-04;1
14244031001;2021-08-06;1
14244031001;2021-08-09;1
14244031001;2021-08-12;1
14244031001;2021-08-14;2
14244031001;2021-08-16;1
14244034001;2021-08-03;1
14244034001;2021-08-09;1
14244034001;2021-08-15;2
14244034001;2021-08-17;1
14244039001;2021-08-01;1
14244039001;2021-08-04;1
14244039001;2021-08-05;1
14244039001;2021-08-08;1
14244039001;2021-08-09;2
14244039001;2021-08-10;1
14244039001;2021-08-11;2
14244039001;2021-08-14;1
14244039001;2021-08-15;1
14244046001;2021-08-02;1
14244046001;2021-08-04;1
14244046001;2021-08-08;1
14244046001;2021-08-12;1
14244046001;2021-08-15;1
14244049001;2021-08-01;1
14244049001;2021-08-02;1
14244049001;2021-08-04;1
14244049001;2021-08-05;1
14244049001;2021-08-07;1
14244049001;2021-08-08;1
14244049001;2021-08-10;2
14244049001;2021-08-11;1
14244049001;2021-08-12;2
14244049001;2021-08-13;1
14244049001;2021-08-14;2
14244049001;2021-08-15;3
14244049001;2021-08-16;2
14244049001;2021-08-17;4
14244050001;2021-08-01;4
14244050001;2021-08-02;2
14244050001;2021-08-03;2
14244050001;2021-08-05;1
14244050001;2021-08-06;2
14244050001;2021-08-07;2
14244050001;2021-08-08;2
14244050001;2021-08-09;2
14244050001;2021-08-10;2
14244050001;2021-08-11;1
14244050001;2021-08-14;2
14244050001;2021-08-15;2
14244050001;2021-08-16;1
14244050001;2021-08-17;1
14244051001;2021-08-03;2
14244051001;2021-08-05;1
14244051001;2021-08-09;1
14244052001;2021-08-01;5
14244052001;2021-08-02;5
14244052001;2021-08-03;9
14244052001;2021-08-04;5
14244052001;2021-08-05;5
14244052001;2021-08-06;2
14244052001;2021-08-07;1
14244052001;2021-08-09;4
14244052001;2021-08-11;4
14244052001;2021-08-12;3
14244052001;2021-08-13;3
14244052001;2021-08-14;5
14244052001;2021-08-15;12
14244052001;2021-08-16;6
14244052001;2021-08-17;3
14244053001;2021-08-01;2
14244053001;2021-08-03;2
14244053001;2021-08-04;1
14244053001;2021-08-05;1
14244053001;2021-08-07;2
14244053001;2021-08-09;4
14244053001;2021-08-10;2
14244053001;2021-08-11;1
14244053001;2021-08-12;4
14244053001;2021-08-13;1
14244053001;2021-08-14;2
14244053001;2021-08-16;2
14244053001;2021-08-17;1
14244056001;2021-08-04;1
14244056001;2021-08-05;1
14244056001;2021-08-06;1
14244056001;2021-08-09;1
14244056001;2021-08-10;1
14244056001;2021-08-11;1
14244056001;2021-08-12;1
14244056001;2021-08-14;3
14244056001;2021-08-15;1
14244056001;2021-08-16;1
14244056001;2021-08-17;2
14244059001;2021-08-01;1
14244059001;2021-08-02;5
14244059001;2021-08-03;4
14244059001;2021-08-04;3
14244059001;2021-08-05;2
14244059001;2021-08-06;4
14244059001;2021-08-08;3
14244059001;2021-08-09;3
14244059001;2021-08-12;3
14244059001;2021-08-13;4
14244059001;2021-08-14;3
14244059001;2021-08-15;5
14244059001;2021-08-16;3
14244059001;2021-08-17;3
14244062001;2021-08-03;1
14244896001;2021-08-01;1
14244896001;2021-08-02;3
14244896001;2021-08-03;5
14244896001;2021-08-04;4
14244896001;2021-08-05;5
14244896001;2021-08-07;5
14244896001;2021-08-08;3
14244896001;2021-08-09;2
14244896001;2021-08-11;1
14244896001;2021-08-12;5
14244896001;2021-08-13;3
14244896001;2021-08-14;2
14244896001;2021-08-15;8
14244896001;2021-08-16;8
14244896001;2021-08-17;6
14244898001;2021-08-01;1
14244898001;2021-08-03;3
14244898001;2021-08-05;1
14244898001;2021-08-09;1
14244898001;2021-08-11;3
14244898001;2021-08-12;3
14244898001;2021-08-13;4
14244898001;2021-08-15;3
14244898001;2021-08-17;2
14244906001;2021-08-01;2
14244906001;2021-08-02;1
14244906001;2021-08-03;1
14244906001;2021-08-11;1
14244906001;2021-08-12;1
14244906001;2021-08-13;1
14244906001;2021-08-15;2
14244918001;2021-08-01;2
14244918001;2021-08-02;2
14244918001;2021-08-03;5
14244918001;2021-08-04;2
14244918001;2021-08-05;1
14244918001;2021-08-06;3
14244918001;2021-08-07;2
14244918001;2021-08-08;1
14244918001;2021-08-09;6
14244918001;2021-08-10;2
14244918001;2021-08-12;2
14244918001;2021-08-13;2
14244918001;2021-08-14;3
14244918001;2021-08-15;4
14244918001;2021-08-16;3
14244918001;2021-08-17;2
14244919001;2021-08-01;3
14244919001;2021-08-03;1
14244919001;2021-08-04;1
14244919001;2021-08-09;1
14244919001;2021-08-12;2
14244919001;2021-08-13;1
14244919001;2021-08-14;4
14244919001;2021-08-16;3
14244919001;2021-08-17;2
14244930001;2021-08-07;1
14244930001;2021-08-15;1
14244999001;2021-08-10;3
14244999001;2021-08-11;5
14244999001;2021-08-12;5
14244999001;2021-08-14;10
14244999001;2021-08-15;8
14244999001;2021-08-16;1
14244999001;2021-08-17;6
14300003001;2021-08-02;1
14300003001;2021-08-05;1
14300003001;2021-08-15;1
14300003001;2021-08-17;1
14300008001;2021-08-04;1
14300008001;2021-08-05;1
14300008001;2021-08-07;1
14300008001;2021-08-08;1
14300008001;2021-08-10;1
14300008001;2021-08-11;3
14300008001;2021-08-12;4
14300008001;2021-08-14;2
14300008001;2021-08-15;3
14300008001;2021-08-17;2
14300016001;2021-08-04;1
14300016001;2021-08-14;1
14300019001;2021-08-01;1
14300019001;2021-08-03;1
14300019001;2021-08-04;1
14300019001;2021-08-06;1
14300019001;2021-08-09;1
14300019001;2021-08-13;1
14300019001;2021-08-15;1
14300025001;2021-08-01;1
14300025001;2021-08-02;1
14300025001;2021-08-04;2
14300025001;2021-08-05;4
14300025001;2021-08-06;1
14300025001;2021-08-07;1
14300025001;2021-08-09;1
14300025001;2021-08-10;3
14300025001;2021-08-11;1
14300025001;2021-08-12;2
14300025001;2021-08-13;1
14300025001;2021-08-16;1
14300029001;2021-08-08;1
14300029001;2021-08-11;1
14300029001;2021-08-14;1
14300029001;2021-08-15;1
14300046001;2021-08-01;1
14300046001;2021-08-02;1
14300046001;2021-08-07;1
14300046001;2021-08-08;2
14300046001;2021-08-09;1
14300046001;2021-08-10;1
14300046001;2021-08-12;1
14300046001;2021-08-15;1
14300046001;2021-08-17;3
14300057001;2021-08-01;1
14300057001;2021-08-02;2
14300057001;2021-08-09;1
14300057001;2021-08-12;1
14300070001;2021-08-01;1
14300070001;2021-08-08;1
14300070001;2021-08-11;2
14300070001;2021-08-14;1
14300096001;2021-08-12;1
14300096001;2021-08-13;1
14301013001;2021-08-02;1
14301013001;2021-08-04;2
14301013001;2021-08-05;1
14301013001;2021-08-08;1
14301013001;2021-08-09;1
14301013001;2021-08-10;3
14301013001;2021-08-11;2
14301013001;2021-08-14;1
14301013001;2021-08-15;3
14301013001;2021-08-16;1
14301013001;2021-08-17;4
14301018001;2021-08-01;2
14301018001;2021-08-08;2
14301018001;2021-08-09;1
14301018001;2021-08-15;1
14301018001;2021-08-16;1
14301023001;2021-08-03;1
14301023001;2021-08-04;3
14301023001;2021-08-09;1
14301023001;2021-08-11;1
14301023001;2021-08-13;1
14301023001;2021-08-15;3
14301030001;2021-08-10;1
14301030001;2021-08-12;1
14301030001;2021-08-13;1
14301030001;2021-08-15;1
14301030001;2021-08-17;1
14301031001;2021-08-01;4
14301108001;2021-08-04;1
14301108001;2021-08-06;1
14301108001;2021-08-07;2
14301108001;2021-08-09;1
14301108001;2021-08-10;2
14301108001;2021-08-12;1
14301108001;2021-08-13;3
14301108001;2021-08-15;1
14301109001;2021-08-10;2
14301109001;2021-08-13;1
14301109001;2021-08-17;1
14301110001;2021-08-12;1
14301110001;2021-08-13;1
14302005001;2021-08-02;3
14302005001;2021-08-03;5
14302005001;2021-08-04;1
14302005001;2021-08-05;3
14302005001;2021-08-07;3
14302005001;2021-08-08;1
14302005001;2021-08-10;2
14302005001;2021-08-14;2
14302005001;2021-08-15;1
14302005001;2021-08-17;3
14302006001;2021-08-03;1
14302006001;2021-08-04;1
14302006001;2021-08-05;2
14302006001;2021-08-09;2
14302006001;2021-08-10;2
14302006001;2021-08-13;1
14302017001;2021-08-12;1
14302017001;2021-08-13;2
14302017001;2021-08-14;1
14302017001;2021-08-15;3
14302017001;2021-08-16;3
14302017001;2021-08-17;1
14302018001;2021-08-03;3
14302018001;2021-08-05;1
14302018001;2021-08-14;1
14302018001;2021-08-15;1
14302060001;2021-08-09;1
14302060001;2021-08-10;1
14302060001;2021-08-15;1
14302072001;2021-08-11;1
14302072001;2021-08-12;1
14302072001;2021-08-13;1
14302072001;2021-08-15;2
14302072001;2021-08-17;1
14302079001;2021-08-04;1
14302079001;2021-08-05;1
14302079001;2021-08-06;1
14302079001;2021-08-07;1
14302079001;2021-08-09;1
14302079001;2021-08-10;1
14302079001;2021-08-11;1
14302079001;2021-08-12;1
14302079001;2021-08-13;2
14302079001;2021-08-14;4
14302079001;2021-08-15;1
14302079001;2021-08-17;1
14302080001;2021-08-01;1
14302080001;2021-08-06;1
14302080001;2021-08-09;1
14302080001;2021-08-10;2
14302080001;2021-08-12;2
14302080001;2021-08-13;1
14302080001;2021-08-15;2
14302080001;2021-08-17;2
14303015001;2021-08-01;2
14303015001;2021-08-02;2
14303015001;2021-08-03;1
14303015001;2021-08-04;1
14303015001;2021-08-09;1
14303015001;2021-08-12;2
14303015001;2021-08-13;3
14303015001;2021-08-14;1
14303015001;2021-08-15;2
14303015001;2021-08-16;2
14303015001;2021-08-17;1
14303021001;2021-08-01;1
14303021001;2021-08-05;1
14303021001;2021-08-10;1
14303021001;2021-08-17;1
14303022001;2021-08-06;1
14303022001;2021-08-10;1
14303022001;2021-08-14;1
14303022001;2021-08-15;1
14303024001;2021-08-02;1
14303024001;2021-08-05;2
14303024001;2021-08-07;2
14303024001;2021-08-08;1
14303024001;2021-08-13;1
14303024001;2021-08-15;1
14303024001;2021-08-17;2
14303026001;2021-08-02;1
14303026001;2021-08-17;1
14303033001;2021-08-01;2
14303033001;2021-08-02;2
14303033001;2021-08-05;1
14303033001;2021-08-13;1
14303033001;2021-08-15;2
14303033001;2021-08-16;1
14303034001;2021-08-02;1
14303034001;2021-08-04;1
14303034001;2021-08-05;1
14303034001;2021-08-15;1
14303034001;2021-08-17;2
14303036001;2021-08-03;1
14303036001;2021-08-09;1
14303036001;2021-08-10;1
14303036001;2021-08-11;4
14303036001;2021-08-13;1
14303036001;2021-08-15;1
14303037001;2021-08-09;1
14303037001;2021-08-11;1
14303037001;2021-08-12;1
14303037001;2021-08-13;1
14303038001;2021-08-11;2
14303038001;2021-08-15;1
14303039001;2021-08-05;1
14303039001;2021-08-15;1
14303039001;2021-08-17;1
14303040001;2021-08-04;2
14303040001;2021-08-07;1
14303040001;2021-08-11;1
14303040001;2021-08-13;1
14303040001;2021-08-17;1
14303048001;2021-08-02;1
14303048001;2021-08-03;1
14303048001;2021-08-04;2
14303048001;2021-08-05;1
14303048001;2021-08-06;1
14303048001;2021-08-07;3
14303048001;2021-08-09;3
14303048001;2021-08-11;2
14303048001;2021-08-12;4
14303048001;2021-08-13;1
14303048001;2021-08-15;2
14303048001;2021-08-16;1
14303048001;2021-08-17;4
14303058001;2021-08-01;1
14303058001;2021-08-10;1
14303058001;2021-08-15;1
14303058001;2021-08-17;2
14303897001;2021-08-01;1
14303897001;2021-08-03;1
14303897001;2021-08-05;1
14303897001;2021-08-06;1
14303897001;2021-08-11;1
14303898001;2021-08-01;1
14303898001;2021-08-02;1
14303898001;2021-08-03;1
14303898001;2021-08-04;1
14303898001;2021-08-06;1
14303898001;2021-08-08;1
14303898001;2021-08-10;1
14303898001;2021-08-12;1
14303898001;2021-08-16;1
14303899001;2021-08-07;1
14303899001;2021-08-09;1
14303899001;2021-08-14;1
14303899001;2021-08-15;1
14303933001;2021-08-01;3
14303933001;2021-08-02;2
14303933001;2021-08-03;2
14303933001;2021-08-04;2
14303933001;2021-08-05;2
14303933001;2021-08-06;2
14303933001;2021-08-07;1
14303933001;2021-08-08;1
14303933001;2021-08-09;3
14303933001;2021-08-10;2
14303933001;2021-08-11;3
14303933001;2021-08-12;2
14303933001;2021-08-14;2
14303933001;2021-08-15;1
14303933001;2021-08-17;2
14303934001;2021-08-01;1
14303934001;2021-08-02;1
14303934001;2021-08-03;3
14303934001;2021-08-04;2
14303934001;2021-08-05;2
14303934001;2021-08-06;1
14303934001;2021-08-07;1
14303934001;2021-08-08;3
14303934001;2021-08-09;4
14303934001;2021-08-10;1
14303934001;2021-08-11;2
14303934001;2021-08-12;1
14303934001;2021-08-14;2
14303934001;2021-08-15;4
14303934001;2021-08-16;3
14303934001;2021-08-17;4
14304001001;2021-08-01;1
14304001001;2021-08-04;2
14304001001;2021-08-06;1
14304001001;2021-08-14;1
14304003001;2021-08-14;1
14304003001;2021-08-15;1
14304003001;2021-08-17;2
14304008001;2021-08-09;1
14304009001;2021-08-04;1
14304009001;2021-08-08;1
14304009001;2021-08-13;1
14304009001;2021-08-16;1
14304013001;2021-08-04;1
14304013001;2021-08-11;1
14304013001;2021-08-12;1
14304013001;2021-08-15;1
14304028001;2021-08-03;3
14304028001;2021-08-04;2
14304028001;2021-08-05;1
14304028001;2021-08-06;1
14304028001;2021-08-09;1
14304028001;2021-08-10;1
14304028001;2021-08-11;1
14304028001;2021-08-13;1
14304047001;2021-08-14;2
14304047001;2021-08-15;1
14304062001;2021-08-03;1
14304062001;2021-08-04;1
14304062001;2021-08-11;1
14304064001;2021-08-14;1
14304064001;2021-08-16;1
14304064001;2021-08-17;1
14304128001;2021-08-12;1
14304135001;2021-08-03;1
14304135001;2021-08-05;1
14304135001;2021-08-06;1
14304135001;2021-08-07;1
14304135001;2021-08-16;1
14304194001;2021-08-04;2
14304194001;2021-08-05;1
14304194001;2021-08-09;2
14304194001;2021-08-10;1
14304194001;2021-08-17;1
14304230001;2021-08-05;1
14304230001;2021-08-09;1
14304230001;2021-08-10;1
14304230001;2021-08-12;1
14304230001;2021-08-14;1
14304230001;2021-08-16;1
14310015001;2021-08-09;1
14310015001;2021-08-11;2
14310015001;2021-08-14;1
14310015001;2021-08-16;1
14310016001;2021-08-01;1
14310016001;2021-08-02;1
14310016001;2021-08-07;1
14310016001;2021-08-08;2
14310016001;2021-08-09;2
14310016001;2021-08-10;1
14310016001;2021-08-11;1
14310016001;2021-08-15;2
14310020001;2021-08-01;1
14310020001;2021-08-03;1
14310020001;2021-08-05;1
14310020001;2021-08-08;1
14310020001;2021-08-10;1
14310020001;2021-08-15;1
14310028001;2021-08-03;1
14310028001;2021-08-04;1
14310028001;2021-08-09;1
14310028001;2021-08-12;2
14310071001;2021-08-06;1
14310071001;2021-08-07;1
14310071001;2021-08-10;1
14310096001;2021-08-01;1
14310111001;2021-08-11;2
14310111001;2021-08-15;1
14310127001;2021-08-11;1
14310127001;2021-08-12;1
14310128001;2021-08-04;1
14310128001;2021-08-06;1
14310134001;2021-08-05;2
14310139001;2021-08-15;1
14310139001;2021-08-16;1
14310139001;2021-08-17;1
14310209001;2021-08-17;1
14311002001;2021-08-17;1
14311004001;2021-08-01;7
14311004001;2021-08-02;7
14311004001;2021-08-03;9
14311004001;2021-08-04;5
14311004001;2021-08-05;10
14311004001;2021-08-06;7
14311004001;2021-08-07;3
14311004001;2021-08-08;8
14311004001;2021-08-09;4
14311004001;2021-08-10;16
14311004001;2021-08-11;8
14311004001;2021-08-12;6
14311004001;2021-08-13;4
14311004001;2021-08-14;9
14311004001;2021-08-15;15
14311004001;2021-08-16;3
14311004001;2021-08-17;7
14311005001;2021-08-01;3
14311005001;2021-08-02;3
14311005001;2021-08-03;1
14311005001;2021-08-04;2
14311005001;2021-08-05;3
14311005001;2021-08-06;9
14311005001;2021-08-07;2
14311005001;2021-08-08;5
14311005001;2021-08-09;3
14311005001;2021-08-10;10
14311005001;2021-08-11;8
14311005001;2021-08-12;8
14311005001;2021-08-13;2
14311005001;2021-08-14;4
14311005001;2021-08-15;12
14311005001;2021-08-16;3
14311005001;2021-08-17;4
14311020001;2021-08-04;1
14311020001;2021-08-06;1
14311020001;2021-08-07;1
14311020001;2021-08-08;2
14311020001;2021-08-09;1
14311020001;2021-08-12;1
14311020001;2021-08-14;2
14311020001;2021-08-15;3
14311020001;2021-08-17;3
14311022001;2021-08-02;1
14311022001;2021-08-07;1
14311022001;2021-08-08;1
14311022001;2021-08-09;2
14311022001;2021-08-10;3
14311022001;2021-08-11;4
14311022001;2021-08-12;2
14311022001;2021-08-13;3
14311022001;2021-08-14;1
14311022001;2021-08-15;3
14311022001;2021-08-17;3
14311027001;2021-08-06;2
14311027001;2021-08-08;4
14311027001;2021-08-09;4
14311027001;2021-08-10;2
14311027001;2021-08-11;4
14311027001;2021-08-12;2
14311027001;2021-08-13;2
14311027001;2021-08-14;3
14311027001;2021-08-15;3
14311027001;2021-08-16;1
14311027001;2021-08-17;1
14311031001;2021-08-16;1
14311036001;2021-08-07;1
14311036001;2021-08-15;1
14311040001;2021-08-01;1
14311040001;2021-08-03;2
14311040001;2021-08-04;1
14311040001;2021-08-06;1
14311040001;2021-08-07;2
14311040001;2021-08-09;1
14311041001;2021-08-03;2
14311041001;2021-08-04;1
14311043001;2021-08-01;3
14311043001;2021-08-02;1
14311043001;2021-08-05;1
14311043001;2021-08-08;2
14311043001;2021-08-10;2
14311043001;2021-08-11;3
14311043001;2021-08-12;1
14311043001;2021-08-13;2
14311043001;2021-08-15;4
14311043001;2021-08-16;1
14311043001;2021-08-17;3
14311044001;2021-08-01;1
14311044001;2021-08-03;1
14311044001;2021-08-06;1
14311044001;2021-08-12;2
14311044001;2021-08-13;2
14311044001;2021-08-15;1
14311044001;2021-08-17;2
14311046001;2021-08-03;1
14311046001;2021-08-05;1
14311046001;2021-08-07;1
14311046001;2021-08-11;1
14311046001;2021-08-12;2
14311046001;2021-08-14;1
14311046001;2021-08-16;1
14311054001;2021-08-02;1
14311054001;2021-08-03;1
14311054001;2021-08-04;1
14311054001;2021-08-06;1
14311054001;2021-08-08;1
14311054001;2021-08-10;1
14311054001;2021-08-15;1
14311058001;2021-08-02;1
14311058001;2021-08-03;1
14311058001;2021-08-04;2
14311058001;2021-08-05;3
14311058001;2021-08-06;1
14311058001;2021-08-08;1
14311058001;2021-08-09;3
14311058001;2021-08-10;3
14311058001;2021-08-14;5
14311058001;2021-08-15;3
14311058001;2021-08-16;2
14311058001;2021-08-17;3
14311059001;2021-08-08;1
14311059001;2021-08-14;1
14311059001;2021-08-17;1
14311065001;2021-08-01;1
14311065001;2021-08-02;2
14311065001;2021-08-03;2
14311065001;2021-08-04;1
14311065001;2021-08-08;1
14311065001;2021-08-13;2
14311065001;2021-08-15;1
14311071001;2021-08-02;2
14311071001;2021-08-06;1
14311071001;2021-08-14;1
14311081001;2021-08-02;2
14311081001;2021-08-08;1
14311081001;2021-08-10;1
14311081001;2021-08-12;2
14311081001;2021-08-13;1
14311081001;2021-08-14;1
14311081001;2021-08-17;2
14311086001;2021-08-03;1
14311086001;2021-08-12;1
14311086001;2021-08-14;2
14311086001;2021-08-15;1
14311086001;2021-08-17;1
14311095001;2021-08-02;1
14311095001;2021-08-04;1
14311095001;2021-08-05;2
14311095001;2021-08-17;1
14311112001;2021-08-01;5
14311112001;2021-08-04;3
14311112001;2021-08-05;4
14311112001;2021-08-09;3
14311112001;2021-08-10;1
14311112001;2021-08-11;3
14311112001;2021-08-12;4
14311112001;2021-08-13;3
14311112001;2021-08-14;5
14311112001;2021-08-15;4
14311112001;2021-08-16;2
14311112001;2021-08-17;5
14311117001;2021-08-12;1
14311118001;2021-08-01;1
14311118001;2021-08-04;1
14311118001;2021-08-05;2
14311118001;2021-08-06;1
14311118001;2021-08-08;1
14311118001;2021-08-09;3
14311118001;2021-08-10;1
14311118001;2021-08-11;1
14311118001;2021-08-12;1
14311118001;2021-08-13;1
14311118001;2021-08-14;1
14311118001;2021-08-15;1
14311119001;2021-08-01;1
14311119001;2021-08-02;1
14311119001;2021-08-04;1
14311119001;2021-08-10;1
14311119001;2021-08-11;2
14311119001;2021-08-12;2
14311119001;2021-08-15;1
14311134001;2021-08-05;2
14311134001;2021-08-10;1
14311134001;2021-08-12;1
14311134001;2021-08-13;1
14311134001;2021-08-15;1
14311135001;2021-08-01;2
14311135001;2021-08-02;6
14311135001;2021-08-03;4
14311135001;2021-08-04;2
14311135001;2021-08-06;3
14311135001;2021-08-07;1
14311135001;2021-08-08;2
14311135001;2021-08-09;5
14311135001;2021-08-10;1
14311135001;2021-08-11;1
14311135001;2021-08-13;1
14311135001;2021-08-14;3
14311135001;2021-08-15;1
14311135001;2021-08-16;1
14311135001;2021-08-17;1
14311158001;2021-08-04;1
14311158001;2021-08-05;3
14311158001;2021-08-08;3
14311158001;2021-08-09;2
14311158001;2021-08-10;1
14311158001;2021-08-11;2
14311158001;2021-08-12;7
14311158001;2021-08-13;4
14311158001;2021-08-14;4
14311158001;2021-08-15;5
14311158001;2021-08-16;1
14311158001;2021-08-17;5
14311220001;2021-08-12;1
14311220001;2021-08-14;1
14311234001;2021-08-08;1
14311234001;2021-08-12;1
14311235001;2021-08-06;1
14311235001;2021-08-07;1
14311235001;2021-08-10;1
14311235001;2021-08-13;1
14311256001;2021-08-10;1
14311256001;2021-08-14;1
14311258001;2021-08-04;1
14311258001;2021-08-05;1
14311270001;2021-08-04;1
14311270001;2021-08-05;1
14311270001;2021-08-13;1
14311270001;2021-08-15;1
14311270001;2021-08-17;1
14311898001;2021-08-05;1
14311898001;2021-08-07;1
14312001001;2021-08-03;1
14312001001;2021-08-13;1
14312001001;2021-08-17;1
14312003001;2021-08-14;1
14312003001;2021-08-17;2
14312008001;2021-08-08;1
14312008001;2021-08-16;1
14312011001;2021-08-02;1
14312011001;2021-08-03;1
14312011001;2021-08-04;1
14312011001;2021-08-12;2
14312012001;2021-08-02;1
14312016001;2021-08-02;1
14312016001;2021-08-03;1
14312016001;2021-08-04;1
14312016001;2021-08-05;1
14312018001;2021-08-10;1
14312018001;2021-08-12;2
14312018001;2021-08-16;1
14312018001;2021-08-17;1
14312032001;2021-08-01;3
14312032001;2021-08-02;1
14312032001;2021-08-04;1
14312032001;2021-08-05;1
14312032001;2021-08-06;1
14312032001;2021-08-09;1
14312032001;2021-08-13;1
14312032001;2021-08-16;1
14312032001;2021-08-17;1
14312042001;2021-08-09;1
14312042001;2021-08-10;1
14312042001;2021-08-13;1
14312042001;2021-08-17;1
14312045001;2021-08-01;1
14312045001;2021-08-04;1
14312045001;2021-08-05;1
14312045001;2021-08-08;2
14312045001;2021-08-10;1
14312045001;2021-08-11;1
14312045001;2021-08-13;1
14312045001;2021-08-14;1
14312045001;2021-08-15;1
14312045001;2021-08-17;1
14312055001;2021-08-01;2
14312055001;2021-08-05;1
14312055001;2021-08-11;1
14312055001;2021-08-12;1
14312055001;2021-08-14;1
14312055001;2021-08-17;5
14312068001;2021-08-01;1
14312068001;2021-08-11;1
14312068001;2021-08-16;1
14312070001;2021-08-01;1
14312070001;2021-08-02;2
14312070001;2021-08-04;1
14312070001;2021-08-05;1
14312070001;2021-08-08;2
14312070001;2021-08-09;1
14312070001;2021-08-13;1
14312070001;2021-08-15;1
14312999001;2021-08-01;1
14312999001;2021-08-04;3
14312999001;2021-08-06;3
14312999001;2021-08-07;2
14312999001;2021-08-08;2
14312999001;2021-08-09;4
14312999001;2021-08-10;1
14312999001;2021-08-11;3
14312999001;2021-08-12;5
14312999001;2021-08-13;4
14312999001;2021-08-14;7
14312999001;2021-08-15;1
14312999001;2021-08-16;1
14312999001;2021-08-17;2
14315008001;2021-08-01;1
14315008001;2021-08-04;1
14315008001;2021-08-09;2
14315008001;2021-08-10;1
14315008001;2021-08-11;1
14315008001;2021-08-14;2
14315008001;2021-08-15;1
14315008001;2021-08-17;1
14315016001;2021-08-01;2
14315016001;2021-08-02;5
14315016001;2021-08-03;3
14315016001;2021-08-07;4
14315016001;2021-08-08;3
14315016001;2021-08-09;2
14315016001;2021-08-10;1
14315016001;2021-08-12;3
14315016001;2021-08-13;2
14315016001;2021-08-14;3
14315016001;2021-08-15;1
14315016001;2021-08-17;2
14315017001;2021-08-01;1
14315017001;2021-08-02;5
14315017001;2021-08-05;2
14315017001;2021-08-07;1
14315017001;2021-08-08;5
14315017001;2021-08-09;3
14315017001;2021-08-10;3
14315017001;2021-08-11;1
14315017001;2021-08-12;1
14315017001;2021-08-13;2
14315017001;2021-08-14;3
14315017001;2021-08-15;1
14315017001;2021-08-17;2
14320008001;2021-08-01;2
14320008001;2021-08-04;1
14320008001;2021-08-06;2
14320008001;2021-08-07;1
14320899001;2021-08-06;1
14320899001;2021-08-07;1
14320899001;2021-08-14;1
14321008001;2021-08-03;2
14321008001;2021-08-10;1
14321009001;2021-08-01;1
14321009001;2021-08-02;1
14321009001;2021-08-08;1
14321011001;2021-08-02;1
14321011001;2021-08-09;1
14321011001;2021-08-10;1
14321011001;2021-08-12;1
14321011001;2021-08-14;2
14330003001;2021-08-03;1
14330003001;2021-08-07;1
14330003001;2021-08-10;3
14330003001;2021-08-13;1
14330004001;2021-08-02;1
14330004001;2021-08-04;1
14330004001;2021-08-08;2
14330004001;2021-08-09;2
14330004001;2021-08-11;1
14330004001;2021-08-12;1
14330004001;2021-08-16;1
14330004001;2021-08-17;2
14330006001;2021-08-07;1
14330006001;2021-08-14;1
14330011001;2021-08-01;3
14330011001;2021-08-02;1
14330011001;2021-08-03;3
14330011001;2021-08-04;2
14330011001;2021-08-05;5
14330011001;2021-08-06;1
14330011001;2021-08-08;4
14330011001;2021-08-09;1
14330011001;2021-08-11;1
14330011001;2021-08-12;1
14330011001;2021-08-13;2
14330011001;2021-08-14;1
14330011001;2021-08-15;3
14330011001;2021-08-16;2
14330011001;2021-08-17;1
14330015001;2021-08-12;1
14330015001;2021-08-13;1
14330015001;2021-08-14;2
14330897001;2021-08-07;1
14330897001;2021-08-08;1
14330897001;2021-08-12;1
14330897001;2021-08-17;1
14331004001;2021-08-06;1
14331004001;2021-08-08;1
14331004001;2021-08-10;1
14331004001;2021-08-11;1
14331004001;2021-08-13;2
14331004001;2021-08-15;1
14331005001;2021-08-02;1
14331005001;2021-08-05;2
14331005001;2021-08-07;1
14331005001;2021-08-11;2
14331005001;2021-08-17;1
14331007001;2021-08-02;1
14331007001;2021-08-04;2
14331007001;2021-08-05;1
14331007001;2021-08-07;1
14331007001;2021-08-15;1
14331007001;2021-08-17;1
14331020001;2021-08-06;1
14331020001;2021-08-07;1
14331020001;2021-08-10;2
14331020001;2021-08-11;1
14331022001;2021-08-01;1
14331022001;2021-08-03;1
14331022001;2021-08-05;1
14331022001;2021-08-06;2
14331022001;2021-08-07;1
14331022001;2021-08-09;1
14331022001;2021-08-10;1
14331022001;2021-08-11;1
14331022001;2021-08-12;2
14331022001;2021-08-13;1
14331022001;2021-08-14;1
14331022001;2021-08-15;3
14331022001;2021-08-16;1
14331025001;2021-08-01;1
14331025001;2021-08-12;1
14331026001;2021-08-03;3
14331026001;2021-08-04;1
14331026001;2021-08-10;2
14331026001;2021-08-12;1
14331026001;2021-08-13;2
14331026001;2021-08-15;2
14331028001;2021-08-02;2
14331028001;2021-08-04;3
14331028001;2021-08-05;1
14331028001;2021-08-08;2
14331028001;2021-08-09;2
14331028001;2021-08-10;3
14331028001;2021-08-11;2
14331028001;2021-08-12;2
14331028001;2021-08-13;1
14331028001;2021-08-14;3
14331028001;2021-08-15;1
14331028001;2021-08-16;1
14331028001;2021-08-17;2
14331029001;2021-08-05;1
14331029001;2021-08-17;1
14331037001;2021-08-03;1
14331037001;2021-08-04;1
14331037001;2021-08-05;1
14331037001;2021-08-07;1
14331037001;2021-08-08;1
14331037001;2021-08-11;2
14331037001;2021-08-12;1
14331037001;2021-08-16;1
14331039001;2021-08-01;1
14331039001;2021-08-07;1
14331039001;2021-08-08;1
14331039001;2021-08-12;1
14331039001;2021-08-13;2
14331039001;2021-08-14;1
14331039001;2021-08-17;1
14331044001;2021-08-02;1
14331044001;2021-08-03;1
14331044001;2021-08-04;1
14331044001;2021-08-06;2
14331044001;2021-08-07;3
14331044001;2021-08-09;1
14331044001;2021-08-10;1
14331044001;2021-08-13;3
14331044001;2021-08-14;2
14331044001;2021-08-15;1
14331044001;2021-08-17;2
14331898001;2021-08-08;1
14331898001;2021-08-13;1
14331898001;2021-08-15;1
14331997001;2021-08-02;1
14331997001;2021-08-05;1
14331997001;2021-08-06;1
14331997001;2021-08-11;1
14331997001;2021-08-12;1
14332005001;2021-08-13;1
14332007001;2021-08-02;1
14332007001;2021-08-04;1
14332007001;2021-08-05;1
14332007001;2021-08-09;1
14332007001;2021-08-11;1
14332008001;2021-08-03;1
14332008001;2021-08-04;1
14332008001;2021-08-05;5
14332008001;2021-08-06;2
14332008001;2021-08-11;1
14332008001;2021-08-12;2
14332008001;2021-08-14;4
14332008001;2021-08-15;2
14332008001;2021-08-17;2
14332010001;2021-08-11;1
14332010001;2021-08-12;1
14332010001;2021-08-15;1
14332010001;2021-08-17;1
14332013001;2021-08-05;1
14332013001;2021-08-08;2
14332013001;2021-08-09;1
14332013001;2021-08-10;2
14332013001;2021-08-11;1
14332013001;2021-08-13;1
14332014001;2021-08-01;2
14332014001;2021-08-03;2
14332014001;2021-08-05;1
14332014001;2021-08-06;1
14332014001;2021-08-08;2
14332014001;2021-08-09;1
14332014001;2021-08-10;2
14332014001;2021-08-12;2
14332014001;2021-08-13;1
14332014001;2021-08-17;1
14332016001;2021-08-01;1
14332016001;2021-08-02;1
14332016001;2021-08-03;2
14332016001;2021-08-04;3
14332016001;2021-08-05;2
14332016001;2021-08-08;1
14332016001;2021-08-09;1
14332016001;2021-08-10;1
14332016001;2021-08-11;2
14332016001;2021-08-12;1
14332016001;2021-08-13;2
14332016001;2021-08-14;1
14332017001;2021-08-10;1
14332017001;2021-08-12;1
14332018001;2021-08-02;1
14332018001;2021-08-03;1
14332018001;2021-08-05;1
14332018001;2021-08-13;1
14333004001;2021-08-06;1
14333006001;2021-08-07;1
14333006001;2021-08-09;1
14333006001;2021-08-10;1
14333006001;2021-08-13;1
14333006001;2021-08-15;2
14340002001;2021-08-01;1
14340002001;2021-08-07;1
14340002001;2021-08-08;2
14340002001;2021-08-10;2
14340002001;2021-08-13;1
14340006001;2021-08-03;1
14340006001;2021-08-05;3
14340006001;2021-08-06;1
14340006001;2021-08-08;2
14340006001;2021-08-09;1
14340006001;2021-08-10;2
14340006001;2021-08-11;1
14340006001;2021-08-12;2
14340006001;2021-08-13;1
14340006001;2021-08-14;1
14340006001;2021-08-15;1
14340006001;2021-08-16;1
14340008001;2021-08-09;2
14340008001;2021-08-10;1
14340008001;2021-08-14;1
14340008001;2021-08-17;1
14340026001;2021-08-02;1
14341019001;2021-08-10;2
14341068001;2021-08-01;1
14341068001;2021-08-02;1
14341068001;2021-08-03;1
14341068001;2021-08-05;1
14341068001;2021-08-07;1
14341068001;2021-08-15;1
14342007001;2021-08-02;1
14342007001;2021-08-03;1
14342007001;2021-08-06;1
14342010001;2021-08-07;2
14342010001;2021-08-09;1
14342010001;2021-08-13;1
14342010001;2021-08-14;2
14342020001;2021-08-10;1
14342020001;2021-08-12;1
14343012001;2021-08-14;1
14343026001;2021-08-02;1
14343026001;2021-08-04;1
14343026001;2021-08-05;1
14343026001;2021-08-10;1
14343026001;2021-08-11;1
14343026001;2021-08-13;1
14343026001;2021-08-14;1
14343026001;2021-08-16;1
14343027001;2021-08-03;1
14343027001;2021-08-05;1
14343027001;2021-08-13;1
14343028001;2021-08-02;1
14343028001;2021-08-07;1
14343028001;2021-08-13;2
14343028001;2021-08-15;1
14343028001;2021-08-17;2
14343036001;2021-08-02;1
14343036001;2021-08-10;1
14343036001;2021-08-15;1
14344005001;2021-08-11;1
14344005001;2021-08-12;1
14344005001;2021-08-13;1
14344010001;2021-08-01;1
14344010001;2021-08-09;1
14350005001;2021-08-01;4
14350005001;2021-08-02;1
14350005001;2021-08-03;6
14350005001;2021-08-04;1
14350005001;2021-08-05;3
14350005001;2021-08-06;5
14350005001;2021-08-07;3
14350005001;2021-08-08;3
14350005001;2021-08-10;3
14350005001;2021-08-11;5
14350005001;2021-08-12;6
14350005001;2021-08-13;1
14350005001;2021-08-14;2
14350005001;2021-08-15;1
14350005001;2021-08-17;3
14350006001;2021-08-06;2
14350006001;2021-08-07;1
14350006001;2021-08-08;1
14350006001;2021-08-11;1
14350006001;2021-08-12;1
14350006001;2021-08-14;2
14350006001;2021-08-15;2
14350006001;2021-08-16;2
14350007001;2021-08-05;3
14350007001;2021-08-09;1
14350007001;2021-08-10;1
14350007001;2021-08-11;1
14350007001;2021-08-12;2
14350007001;2021-08-14;1
14350007001;2021-08-15;2
14350007001;2021-08-17;1
14350011001;2021-08-03;1
14350011001;2021-08-08;2
14350011001;2021-08-09;1
14350011001;2021-08-17;1
14351007001;2021-08-02;1
14351007001;2021-08-03;2
14351007001;2021-08-05;1
14351007001;2021-08-06;1
14351007001;2021-08-12;1
14351017001;2021-08-03;1
14351017001;2021-08-06;1
14351017001;2021-08-08;1
14351017001;2021-08-12;1
14351017001;2021-08-14;1
14351017001;2021-08-15;1
14351024001;2021-08-04;1
14351024001;2021-08-08;1
14351024001;2021-08-09;1
14351024001;2021-08-12;2
14351024001;2021-08-13;1
14351024001;2021-08-15;2
14351024001;2021-08-16;1
14351034001;2021-08-02;3
14351034001;2021-08-03;1
14351034001;2021-08-04;1
14351034001;2021-08-05;1
14351034001;2021-08-09;1
14351034001;2021-08-11;1
14351034001;2021-08-12;1
14351038001;2021-08-02;1
14351038001;2021-08-04;2
14351038001;2021-08-07;1
14351038001;2021-08-09;1
14351038001;2021-08-10;1
14351038001;2021-08-11;2
14351038001;2021-08-12;1
14351041001;2021-08-01;1
14351041001;2021-08-03;1
14351041001;2021-08-09;1
14351041001;2021-08-11;1
14351041001;2021-08-12;3
14351041001;2021-08-14;1
14351042001;2021-08-01;2
14351042001;2021-08-02;1
14351042001;2021-08-04;1
14351042001;2021-08-05;3
14351042001;2021-08-06;2
14351042001;2021-08-09;2
14351042001;2021-08-12;2
14351042001;2021-08-13;1
14351042001;2021-08-14;1
14351042001;2021-08-17;1
14351059001;2021-08-04;1
14351059001;2021-08-13;1
14351068001;2021-08-14;1
14351069001;2021-08-01;1
14351069001;2021-08-03;1
14351069001;2021-08-07;1
14351069001;2021-08-10;1
14352027001;2021-08-02;1
14352027001;2021-08-12;1
14352027001;2021-08-14;1
14352028001;2021-08-01;1
14352028001;2021-08-02;2
14352028001;2021-08-04;1
14352028001;2021-08-06;1
14352028001;2021-08-08;1
14352031001;2021-08-09;1
14352031001;2021-08-14;1
14352031001;2021-08-15;1
14352031001;2021-08-17;1
14352058001;2021-08-01;2
14352058001;2021-08-02;1
14352058001;2021-08-04;2
14352058001;2021-08-06;1
14352060001;2021-08-01;2
14352060001;2021-08-02;4
14352060001;2021-08-03;3
14352060001;2021-08-04;1
14352060001;2021-08-05;2
14352060001;2021-08-07;2
14352060001;2021-08-08;3
14352060001;2021-08-09;4
14352060001;2021-08-11;2
14352060001;2021-08-12;4
14352060001;2021-08-13;4
14352060001;2021-08-14;5
14352060001;2021-08-15;3
14352060001;2021-08-16;1
14352060001;2021-08-17;4
14352069001;2021-08-01;1
14352069001;2021-08-02;2
14352069001;2021-08-04;1
14352069001;2021-08-05;1
14352069001;2021-08-08;1
14352069001;2021-08-09;4
14352069001;2021-08-13;1
14352069001;2021-08-14;2
14352069001;2021-08-17;1
14352076001;2021-08-03;1
14352076001;2021-08-12;2
14352076001;2021-08-15;2
14352079001;2021-08-01;1
14352079001;2021-08-05;1
14353001001;2021-08-11;2
14353002001;2021-08-04;1
14353002001;2021-08-06;2
14353003001;2021-08-01;1
14353003001;2021-08-04;1
14353010001;2021-08-10;2
14353010001;2021-08-11;1
14353010001;2021-08-12;2
14353010001;2021-08-14;3
14353010001;2021-08-15;1
14353010001;2021-08-16;1
14353010001;2021-08-17;3
14353011001;2021-08-01;3
14353011001;2021-08-02;2
14353011001;2021-08-03;2
14353011001;2021-08-05;2
14353011001;2021-08-10;1
14353011001;2021-08-11;1
14353011001;2021-08-12;3
14353011001;2021-08-13;2
14353011001;2021-08-14;1
14353011001;2021-08-15;12
14353011001;2021-08-16;1
14353013001;2021-08-09;1
14353013001;2021-08-10;2
14353013001;2021-08-11;1
14353013001;2021-08-12;3
14353013001;2021-08-14;2
14353013001;2021-08-17;3
14353016001;2021-08-08;1
14353016001;2021-08-14;1
14353016001;2021-08-17;1
14353017001;2021-08-01;1
14353017001;2021-08-02;1
14353017001;2021-08-05;1
14353017001;2021-08-08;1
14353017001;2021-08-10;1
14353017001;2021-08-11;1
14353017001;2021-08-15;1
14353017001;2021-08-16;1
14353017001;2021-08-17;1
14353019001;2021-08-01;4
14353019001;2021-08-02;12
14353019001;2021-08-03;8
14353019001;2021-08-04;9
14353019001;2021-08-05;5
14353019001;2021-08-06;4
14353019001;2021-08-07;5
14353019001;2021-08-08;4
14353019001;2021-08-09;2
14353019001;2021-08-10;1
14353019001;2021-08-11;5
14353019001;2021-08-12;3
14353019001;2021-08-13;6
14353019001;2021-08-14;6
14353019001;2021-08-15;6
14353019001;2021-08-16;2
14353019001;2021-08-17;13
14353023001;2021-08-08;1
14353023001;2021-08-09;1
14353023001;2021-08-10;1
14353023001;2021-08-15;2
14353024001;2021-08-01;9
14353024001;2021-08-02;15
14353024001;2021-08-03;14
14353024001;2021-08-04;15
14353024001;2021-08-05;2
14353024001;2021-08-06;3
14353024001;2021-08-07;5
14353024001;2021-08-08;6
14353024001;2021-08-09;1
14353024001;2021-08-11;2
14353024001;2021-08-12;9
14353024001;2021-08-13;4
14353024001;2021-08-14;5
14353024001;2021-08-15;5
14353024001;2021-08-16;2
14353024001;2021-08-17;5
14353025001;2021-08-01;1
14353025001;2021-08-04;1
14353025001;2021-08-05;2
14353025001;2021-08-07;1
14353025001;2021-08-14;1
14353025001;2021-08-15;2
14353025001;2021-08-17;2
14353029001;2021-08-09;1
14353029001;2021-08-10;1
14353029001;2021-08-11;1
14353035001;2021-08-09;1
14353036001;2021-08-01;1
14353036001;2021-08-05;3
14353036001;2021-08-06;2
14353036001;2021-08-07;1
14353036001;2021-08-08;1
14353036001;2021-08-10;1
14353036001;2021-08-13;2
14353036001;2021-08-14;1
14353036001;2021-08-15;2
14353036001;2021-08-17;1
14353039001;2021-08-07;3
14353039001;2021-08-08;18
14353039001;2021-08-09;15
14353039001;2021-08-10;10
14353039001;2021-08-11;10
14353039001;2021-08-12;16
14353039001;2021-08-13;21
14353039001;2021-08-14;18
14353039001;2021-08-15;9
14353039001;2021-08-16;4
14353039001;2021-08-17;11
14353040001;2021-08-01;1
14353040001;2021-08-02;1
14353040001;2021-08-04;2
14353040001;2021-08-05;1
14353040001;2021-08-06;1
14353040001;2021-08-07;2
14353040001;2021-08-08;1
14353040001;2021-08-09;2
14353040001;2021-08-10;2
14353040001;2021-08-11;1
14353040001;2021-08-14;1
14353040001;2021-08-17;1
14353045001;2021-08-03;1
14353045001;2021-08-05;2
14353045001;2021-08-08;2
14353045001;2021-08-10;1
14353045001;2021-08-11;2
14353045001;2021-08-12;1
14353045001;2021-08-13;1
14353045001;2021-08-17;1
14353047001;2021-08-04;1
14353047001;2021-08-05;1
14353047001;2021-08-07;1
14353047001;2021-08-12;1
14353052001;2021-08-01;1
14353052001;2021-08-02;1
14353052001;2021-08-05;3
14353052001;2021-08-06;1
14353052001;2021-08-07;1
14353052001;2021-08-08;1
14353052001;2021-08-14;2
14353052001;2021-08-15;3
14353052001;2021-08-17;2
14353073001;2021-08-10;1
14353073001;2021-08-14;2
14353073001;2021-08-15;11
14353073001;2021-08-16;1
14353899001;2021-08-01;2
14353899001;2021-08-02;1
14353899001;2021-08-03;2
14353899001;2021-08-05;1
14353899001;2021-08-06;2
14353899001;2021-08-07;1
14353899001;2021-08-12;3
14353899001;2021-08-13;3
14353899001;2021-08-14;3
14353899001;2021-08-15;2
14353899001;2021-08-17;4
14353900001;2021-08-14;2
14360001001;2021-08-05;1
14360001001;2021-08-09;1
14360001001;2021-08-12;1
14360001001;2021-08-14;1
14360007001;2021-08-01;1
14360007001;2021-08-09;3
14360007001;2021-08-11;1
14360007001;2021-08-14;2
14360007001;2021-08-15;1
14360008001;2021-08-01;2
14360008001;2021-08-03;1
14360008001;2021-08-04;1
14360008001;2021-08-05;2
14360008001;2021-08-08;1
14360008001;2021-08-09;2
14360008001;2021-08-10;4
14360008001;2021-08-11;2
14360008001;2021-08-12;3
14360008001;2021-08-14;1
14360008001;2021-08-15;1
14360008001;2021-08-16;1
14360008001;2021-08-17;1
14360019001;2021-08-01;1
14360019001;2021-08-03;1
14360019001;2021-08-07;1
14360019001;2021-08-09;1
14360022001;2021-08-01;3
14360022001;2021-08-02;1
14360022001;2021-08-03;2
14360022001;2021-08-05;3
14360022001;2021-08-06;2
14360022001;2021-08-07;1
14360022001;2021-08-08;3
14360022001;2021-08-09;3
14360022001;2021-08-10;2
14360022001;2021-08-11;1
14360022001;2021-08-12;3
14360022001;2021-08-14;1
14360022001;2021-08-15;2
14360022001;2021-08-17;3
14360044001;2021-08-06;2
14360045001;2021-08-01;7
14360045001;2021-08-02;1
14360045001;2021-08-03;3
14360045001;2021-08-04;2
14360045001;2021-08-05;5
14360045001;2021-08-07;2
14360045001;2021-08-08;4
14360045001;2021-08-10;4
14360045001;2021-08-11;3
14360045001;2021-08-13;2
14360045001;2021-08-14;3
14360045001;2021-08-15;4
14360045001;2021-08-16;1
14360045001;2021-08-17;3
14361002001;2021-08-01;3
14361002001;2021-08-04;1
14361002001;2021-08-10;1
14361002001;2021-08-11;1
14361002001;2021-08-15;1
14361002001;2021-08-16;1
14361002001;2021-08-17;1
14361004001;2021-08-03;1
14361004001;2021-08-05;1
14361004001;2021-08-08;1
14361004001;2021-08-12;2
14361004001;2021-08-14;3
14361007001;2021-08-01;4
14361007001;2021-08-05;1
14361007001;2021-08-09;1
14361007001;2021-08-10;2
14361007001;2021-08-13;2
14361007001;2021-08-14;1
14361007001;2021-08-15;2
14361007001;2021-08-16;1
14361007001;2021-08-17;1
14361008001;2021-08-04;1
14361008001;2021-08-08;1
14361008001;2021-08-10;2
14361008001;2021-08-11;1
14361008001;2021-08-12;3
14361009001;2021-08-01;3
14361009001;2021-08-02;1
14361009001;2021-08-03;1
14361009001;2021-08-05;1
14361009001;2021-08-07;2
14361009001;2021-08-08;1
14361009001;2021-08-09;1
14361009001;2021-08-10;1
14361009001;2021-08-11;2
14361009001;2021-08-12;1
14361010001;2021-08-01;4
14361010001;2021-08-02;1
14361010001;2021-08-05;3
14361010001;2021-08-06;1
14361010001;2021-08-07;1
14361010001;2021-08-08;3
14361010001;2021-08-09;2
14361010001;2021-08-10;2
14361010001;2021-08-11;2
14361010001;2021-08-12;1
14361010001;2021-08-13;4
14361010001;2021-08-14;2
14361010001;2021-08-15;1
14361010001;2021-08-17;3
14361011001;2021-08-08;1
14361014001;2021-08-03;1
14361014001;2021-08-07;1
14361014001;2021-08-12;1
14361014001;2021-08-14;3
14361014001;2021-08-17;1
14361015001;2021-08-04;2
14361015001;2021-08-08;1
14361015001;2021-08-11;1
14361015001;2021-08-15;1
14361015001;2021-08-16;1
14361022001;2021-08-02;1
14361022001;2021-08-03;1
14361022001;2021-08-04;1
14361022001;2021-08-05;2
14361022001;2021-08-08;2
14361022001;2021-08-14;2
14361034001;2021-08-03;2
14361034001;2021-08-04;2
14361034001;2021-08-05;1
14361034001;2021-08-08;2
14361034001;2021-08-10;1
14361034001;2021-08-13;1
14361041001;2021-08-01;1
14361041001;2021-08-06;1
14361041001;2021-08-07;1
14361041001;2021-08-10;1
14361041001;2021-08-11;2
14361041001;2021-08-12;2
14361041001;2021-08-13;1
14361041001;2021-08-14;1
14361041001;2021-08-15;1
14361041001;2021-08-17;1
14361044001;2021-08-05;2
14361044001;2021-08-07;3
14361044001;2021-08-09;1
14361044001;2021-08-10;3
14361044001;2021-08-11;2
14361044001;2021-08-12;1
14361044001;2021-08-13;1
14361044001;2021-08-15;1
14361044001;2021-08-16;1
14361051001;2021-08-05;1
14361051001;2021-08-15;1
14361054001;2021-08-03;1
14361054001;2021-08-11;1
14361055001;2021-08-04;1
14361055001;2021-08-05;1
14361055001;2021-08-08;1
14361055001;2021-08-11;1
14361055001;2021-08-13;2
14361055001;2021-08-14;3
14361055001;2021-08-17;1
14361061001;2021-08-02;1
14361061001;2021-08-10;3
14361061001;2021-08-11;1
14361061001;2021-08-16;2
14361065001;2021-08-01;2
14361065001;2021-08-03;1
14361065001;2021-08-05;1
14361065001;2021-08-06;1
14361065001;2021-08-08;1
14361065001;2021-08-09;1
14361065001;2021-08-11;4
14361065001;2021-08-12;1
14361065001;2021-08-13;2
14361065001;2021-08-14;1
14361065001;2021-08-15;3
14361065001;2021-08-17;2
14361070001;2021-08-08;1
14361070001;2021-08-15;2
14361074001;2021-08-11;1
14361074001;2021-08-15;2
14361074001;2021-08-17;1
14361081001;2021-08-02;1
14361081001;2021-08-08;1
14361081001;2021-08-13;1
14361081001;2021-08-14;1
14361082001;2021-08-01;2
14361082001;2021-08-02;2
14361082001;2021-08-03;1
14361082001;2021-08-07;1
14361082001;2021-08-08;1
14361082001;2021-08-09;1
14361082001;2021-08-10;2
14361082001;2021-08-11;1
14361082001;2021-08-12;2
14361082001;2021-08-13;2
14361082001;2021-08-14;1
14361082001;2021-08-15;1
14361082001;2021-08-16;1
14361082001;2021-08-17;1
14361083001;2021-08-01;1
14361083001;2021-08-04;1
14361083001;2021-08-11;2
14361083001;2021-08-13;1
14361083001;2021-08-14;1
14361083001;2021-08-15;1
14361083001;2021-08-16;1
14361086001;2021-08-02;1
14361086001;2021-08-05;1
14361086001;2021-08-09;1
14361086001;2021-08-10;1
14361086001;2021-08-11;2
14361086001;2021-08-12;1
14361086001;2021-08-13;1
14361086001;2021-08-17;1
14361093001;2021-08-01;2
14361093001;2021-08-03;1
14361093001;2021-08-07;1
14361093001;2021-08-13;1
14361093001;2021-08-14;1
14361093001;2021-08-16;1
14361093001;2021-08-17;1
14361102001;2021-08-02;1
14361102001;2021-08-08;1
14361102001;2021-08-11;1
14361102001;2021-08-13;1
14361104001;2021-08-01;1
14361104001;2021-08-04;1
14361104001;2021-08-05;2
14361104001;2021-08-06;1
14361104001;2021-08-08;1
14361104001;2021-08-10;2
14361104001;2021-08-11;1
14361104001;2021-08-12;1
14361104001;2021-08-13;2
14361104001;2021-08-15;3
14361104001;2021-08-16;1
14361104001;2021-08-17;3
14361109001;2021-08-01;1
14361109001;2021-08-03;1
14361109001;2021-08-05;2
14361109001;2021-08-06;1
14361109001;2021-08-07;1
14361109001;2021-08-11;1
14361109001;2021-08-13;1
14361109001;2021-08-17;2
14361112001;2021-08-01;2
14361112001;2021-08-02;1
14361112001;2021-08-04;1
14361112001;2021-08-05;1
14361112001;2021-08-06;2
14361112001;2021-08-07;3
14361112001;2021-08-09;1
14361112001;2021-08-10;1
14361112001;2021-08-11;1
14361112001;2021-08-13;1
14361112001;2021-08-17;1
14361114001;2021-08-01;2
14361114001;2021-08-04;2
14361114001;2021-08-05;2
14361114001;2021-08-08;1
14361114001;2021-08-11;1
14361114001;2021-08-12;3
14361114001;2021-08-15;2
14361114001;2021-08-16;2
14361114001;2021-08-17;2
14361115001;2021-08-01;1
14361115001;2021-08-02;1
14361115001;2021-08-06;1
14361115001;2021-08-08;1
14361115001;2021-08-11;1
14361118001;2021-08-01;2
14361118001;2021-08-05;1
14361118001;2021-08-14;1
14361118001;2021-08-15;1
14361118001;2021-08-16;1
14361118001;2021-08-17;1
14361120001;2021-08-03;1
14361120001;2021-08-08;2
14361120001;2021-08-10;2
14361120001;2021-08-11;2
14361120001;2021-08-12;2
14361120001;2021-08-14;2
14361120001;2021-08-15;2
14361120001;2021-08-16;1
14361124001;2021-08-11;1
14361128001;2021-08-04;1
14361128001;2021-08-06;2
14361128001;2021-08-07;1
14361128001;2021-08-08;1
14361128001;2021-08-10;3
14361128001;2021-08-12;1
14361128001;2021-08-13;3
14361128001;2021-08-14;2
14361128001;2021-08-15;1
14361128001;2021-08-17;1
14361129001;2021-08-01;1
14361129001;2021-08-02;2
14361129001;2021-08-03;2
14361129001;2021-08-05;3
14361129001;2021-08-07;2
14361129001;2021-08-08;1
14361129001;2021-08-09;2
14361129001;2021-08-10;2
14361129001;2021-08-11;2
14361129001;2021-08-12;2
14361129001;2021-08-13;5
14361129001;2021-08-14;4
14361129001;2021-08-15;2
14361129001;2021-08-17;2
14361146001;2021-08-10;1
14361146001;2021-08-11;1
14361146001;2021-08-12;1
14361146001;2021-08-13;1
14361146001;2021-08-15;1
14361146001;2021-08-17;2
14361149001;2021-08-03;1
14361149001;2021-08-07;1
14361149001;2021-08-14;1
14361149001;2021-08-15;2
14361149001;2021-08-17;1
14361157001;2021-08-08;1
14361157001;2021-08-10;2
14361157001;2021-08-14;1
14361158001;2021-08-02;1
14361158001;2021-08-03;1
14361158001;2021-08-05;1
14361158001;2021-08-06;2
14361158001;2021-08-11;1
14361158001;2021-08-12;1
14361158001;2021-08-14;1
14361159001;2021-08-01;1
14361159001;2021-08-06;1
14361159001;2021-08-07;1
14361159001;2021-08-08;1
14361159001;2021-08-09;3
14361159001;2021-08-13;1
14361159001;2021-08-16;1
14361159001;2021-08-17;2
14361160001;2021-08-01;2
14361160001;2021-08-02;2
14361160001;2021-08-03;2
14361160001;2021-08-04;1
14361160001;2021-08-05;1
14361160001;2021-08-08;1
14361160001;2021-08-10;1
14361160001;2021-08-11;3
14361160001;2021-08-14;1
14361160001;2021-08-15;1
14361160001;2021-08-17;1
14361161001;2021-08-02;3
14361161001;2021-08-06;2
14361161001;2021-08-08;1
14361161001;2021-08-12;3
14361161001;2021-08-13;1
14361161001;2021-08-14;1
14361161001;2021-08-15;1
14361161001;2021-08-16;1
14361162001;2021-08-01;2
14361162001;2021-08-02;1
14361162001;2021-08-03;2
14361162001;2021-08-05;3
14361162001;2021-08-06;1
14361162001;2021-08-10;1
14361162001;2021-08-11;3
14361162001;2021-08-13;1
14361162001;2021-08-14;1
14361170001;2021-08-07;1
14361170001;2021-08-15;1
14361170001;2021-08-17;1
14361177001;2021-08-04;1
14361177001;2021-08-08;2
14361177001;2021-08-09;1
14361899001;2021-08-02;1
14361899001;2021-08-05;1
14361899001;2021-08-09;1
14361899001;2021-08-11;1
14361899001;2021-08-14;1
14361899001;2021-08-15;1
14361899001;2021-08-16;1
14361899001;2021-08-17;1
14361902001;2021-08-02;1
14361902001;2021-08-05;1
14361902001;2021-08-11;1
14361902001;2021-08-13;2
14361902001;2021-08-17;2
14362033001;2021-08-11;1
14362902001;2021-08-05;3
14362902001;2021-08-07;1
14362902001;2021-08-09;1
14362902001;2021-08-15;1
14364198001;2021-08-06;1
14370002001;2021-08-01;2
14370002001;2021-08-02;2
14370002001;2021-08-03;1
14370002001;2021-08-04;5
14370002001;2021-08-05;1
14370002001;2021-08-08;1
14370002001;2021-08-09;2
14370002001;2021-08-10;1
14370002001;2021-08-11;1
14370002001;2021-08-12;5
14370002001;2021-08-13;1
14370002001;2021-08-14;2
14370002001;2021-08-15;3
14370002001;2021-08-16;1
14370002001;2021-08-17;2
14370003001;2021-08-01;3
14370003001;2021-08-03;2
14370003001;2021-08-06;1
14370003001;2021-08-07;1
14370003001;2021-08-08;2
14370003001;2021-08-09;2
14370003001;2021-08-10;4
14370003001;2021-08-12;3
14370003001;2021-08-13;4
14370003001;2021-08-14;1
14370003001;2021-08-15;1
14370003001;2021-08-16;2
14370003001;2021-08-17;3
14370004001;2021-08-01;12
14370004001;2021-08-02;9
14370004001;2021-08-03;11
14370004001;2021-08-04;7
14370004001;2021-08-05;13
14370004001;2021-08-06;5
14370004001;2021-08-07;4
14370004001;2021-08-08;12
14370004001;2021-08-09;9
14370004001;2021-08-10;10
14370004001;2021-08-11;9
14370004001;2021-08-12;15
14370004001;2021-08-13;8
14370004001;2021-08-14;10
14370004001;2021-08-15;29
14370004001;2021-08-16;4
14370004001;2021-08-17;9
14370007001;2021-08-02;1
14370007001;2021-08-04;1
14370007001;2021-08-07;1
14370007001;2021-08-09;1
14370007001;2021-08-12;1
14370007001;2021-08-14;3
14370007001;2021-08-15;1
14370007001;2021-08-16;2
14370007001;2021-08-17;2
14370017001;2021-08-07;1
14370017001;2021-08-08;1
14370017001;2021-08-11;1
14370017001;2021-08-12;1
14370017001;2021-08-16;1
14370017001;2021-08-17;1
14370020001;2021-08-01;8
14370020001;2021-08-02;3
14370020001;2021-08-03;10
14370020001;2021-08-04;11
14370020001;2021-08-05;8
14370020001;2021-08-06;9
14370020001;2021-08-07;4
14370020001;2021-08-08;6
14370020001;2021-08-09;9
14370020001;2021-08-10;9
14370020001;2021-08-11;11
14370020001;2021-08-12;20
14370020001;2021-08-13;13
14370020001;2021-08-14;7
14370020001;2021-08-15;10
14370020001;2021-08-16;4
14370020001;2021-08-17;20
14370025001;2021-08-01;1
14370025001;2021-08-03;2
14370025001;2021-08-04;2
14370025001;2021-08-06;2
14370025001;2021-08-07;1
14370025001;2021-08-08;1
14370025001;2021-08-09;1
14370025001;2021-08-11;1
14370025001;2021-08-12;2
14370025001;2021-08-13;1
14370025001;2021-08-14;2
14370025001;2021-08-15;2
14370025001;2021-08-16;1
14370025001;2021-08-17;2
14370029001;2021-08-06;1
14370029001;2021-08-09;1
14370029001;2021-08-10;1
14370029001;2021-08-11;1
14370029001;2021-08-12;1
14370029001;2021-08-14;3
14370029001;2021-08-15;1
14370029001;2021-08-16;1
14370029001;2021-08-17;3
14370044001;2021-08-12;1
14370045001;2021-08-01;1
14370045001;2021-08-02;1
14370045001;2021-08-04;1
14370045001;2021-08-05;1
14370045001;2021-08-07;1
14370045001;2021-08-12;3
14370045001;2021-08-15;1
14370048001;2021-08-08;1
14370048001;2021-08-10;1
14370048001;2021-08-12;1
14370048001;2021-08-14;1
14370048001;2021-08-16;1
14370069001;2021-08-07;1
14370069001;2021-08-13;1
14370069001;2021-08-15;4
14370069001;2021-08-16;1
14370069001;2021-08-17;1
14370072001;2021-08-01;3
14370072001;2021-08-03;2
14370072001;2021-08-04;1
14370072001;2021-08-06;2
14370072001;2021-08-07;1
14370072001;2021-08-09;1
14370072001;2021-08-14;2
14370072001;2021-08-15;1
14370072001;2021-08-17;2
14370076001;2021-08-01;3
14370076001;2021-08-04;2
14370076001;2021-08-06;1
14370076001;2021-08-07;1
14370076001;2021-08-12;1
14370076001;2021-08-13;1
14370076001;2021-08-14;1
14370076001;2021-08-16;1
14370076001;2021-08-17;1
14370077001;2021-08-14;1
14370077001;2021-08-15;1
14370077001;2021-08-17;1
14411001001;2021-08-04;2
14411001001;2021-08-09;2
14411001001;2021-08-17;1
14411015001;2021-08-04;1
14411015001;2021-08-09;1
14411015001;2021-08-17;1
14411016001;2021-08-08;1
14411016001;2021-08-17;1
14411023001;2021-08-08;2
14412023001;2021-08-01;1
14412023001;2021-08-04;1
14412023001;2021-08-05;1
14412023001;2021-08-08;1
14412023001;2021-08-13;1
14412023001;2021-08-17;2
14412037001;2021-08-04;1
14412037001;2021-08-13;1
14412060001;2021-08-01;2
14412060001;2021-08-08;1
14413010001;2021-08-02;1
14500000001;2021-08-01;25
14500000001;2021-08-02;16
14500000001;2021-08-03;42
14500000001;2021-08-04;29
14500000001;2021-08-05;37
14500000001;2021-08-06;23
14500000001;2021-08-07;24
14500000001;2021-08-08;31
14500000001;2021-08-09;35
14500000001;2021-08-10;39
14500000001;2021-08-11;44
14500000001;2021-08-12;56
14500000001;2021-08-13;48
14500000001;2021-08-14;25
14500000001;2021-08-15;59
14500000001;2021-08-16;23
14500000001;2021-08-17;49
14500003001;2021-08-09;1
14500003001;2021-08-10;2
14500003001;2021-08-11;3
14500003001;2021-08-12;4
14500003001;2021-08-13;2
14500003001;2021-08-14;2
14500003001;2021-08-15;8
14500003001;2021-08-16;5
14500003001;2021-08-17;9
14500005001;2021-08-11;3
14500005001;2021-08-17;1
14500007001;2021-08-01;6
14500007001;2021-08-02;2
14500007001;2021-08-03;2
14500007001;2021-08-04;5
14500007001;2021-08-05;2
14500007001;2021-08-06;5
14500007001;2021-08-07;2
14500007001;2021-08-08;1
14500007001;2021-08-09;4
14500007001;2021-08-10;4
14500007001;2021-08-11;6
14500007001;2021-08-12;7
14500007001;2021-08-13;6
14500007001;2021-08-14;5
14500007001;2021-08-15;9
14500007001;2021-08-16;5
14500007001;2021-08-17;4
14500008001;2021-08-01;1
14500008001;2021-08-02;1
14500008001;2021-08-03;1
14500008001;2021-08-04;2
14500008001;2021-08-05;1
14500008001;2021-08-06;1
14500008001;2021-08-08;2
14500008001;2021-08-09;4
14500008001;2021-08-10;7
14500008001;2021-08-11;5
14500008001;2021-08-12;4
14500008001;2021-08-13;2
14500008001;2021-08-15;11
14500008001;2021-08-16;8
14500008001;2021-08-17;6
14500010001;2021-08-01;6
14500010001;2021-08-02;3
14500010001;2021-08-03;9
14500010001;2021-08-04;4
14500010001;2021-08-05;1
14500010001;2021-08-06;1
14500010001;2021-08-08;1
14500010001;2021-08-09;4
14500010001;2021-08-10;5
14500010001;2021-08-11;9
14500010001;2021-08-12;5
14500010001;2021-08-13;8
14500010001;2021-08-14;9
14500010001;2021-08-15;37
14500010001;2021-08-16;31
14500010001;2021-08-17;31
14500012001;2021-08-15;6
14500012001;2021-08-16;4
14500012001;2021-08-17;7
14500013001;2021-08-01;6
14500013001;2021-08-02;10
14500013001;2021-08-03;25
14500013001;2021-08-04;23
14500013001;2021-08-05;25
14500013001;2021-08-06;12
14500013001;2021-08-07;10
14500013001;2021-08-08;10
14500013001;2021-08-09;11
14500013001;2021-08-10;15
14500013001;2021-08-11;15
14500013001;2021-08-12;31
14500013001;2021-08-13;18
14500013001;2021-08-14;3
14500013001;2021-08-15;44
14500013001;2021-08-16;18
14500013001;2021-08-17;28
14500017001;2021-08-07;2
14500017001;2021-08-08;2
14500017001;2021-08-09;4
14500017001;2021-08-10;3
14500017001;2021-08-11;1
14500017001;2021-08-12;2
14500017001;2021-08-13;1
14500017001;2021-08-14;2
14500017001;2021-08-15;1
14500017001;2021-08-17;1
14500018001;2021-08-07;1
14500018001;2021-08-11;1
14500018001;2021-08-15;1
14500023001;2021-08-01;7
14500023001;2021-08-02;11
14500023001;2021-08-03;9
14500023001;2021-08-04;6
14500023001;2021-08-05;3
14500023001;2021-08-06;3
14500023001;2021-08-07;5
14500023001;2021-08-08;2
14500023001;2021-08-09;7
14500023001;2021-08-10;9
14500023001;2021-08-11;3
14500023001;2021-08-12;3
14500023001;2021-08-13;7
14500023001;2021-08-14;7
14500023001;2021-08-15;17
14500023001;2021-08-16;11
14500023001;2021-08-17;17
14500024001;2021-08-03;1
14500024001;2021-08-04;2
14500024001;2021-08-05;2
14500024001;2021-08-08;2
14500024001;2021-08-09;6
14500024001;2021-08-10;1
14500024001;2021-08-11;2
14500024001;2021-08-12;3
14500024001;2021-08-13;1
14500024001;2021-08-14;3
14500024001;2021-08-15;5
14500024001;2021-08-16;12
14500024001;2021-08-17;6
14500026001;2021-08-01;3
14500026001;2021-08-02;2
14500026001;2021-08-03;2
14500026001;2021-08-04;3
14500026001;2021-08-05;1
14500026001;2021-08-07;2
14500026001;2021-08-08;1
14500026001;2021-08-09;4
14500026001;2021-08-10;11
14500026001;2021-08-11;10
14500026001;2021-08-12;15
14500026001;2021-08-13;10
14500026001;2021-08-14;11
14500026001;2021-08-15;19
14500026001;2021-08-16;15
14500026001;2021-08-17;11
14500037001;2021-08-01;12
14500037001;2021-08-02;7
14500037001;2021-08-03;15
14500037001;2021-08-04;19
14500037001;2021-08-05;12
14500037001;2021-08-06;10
14500037001;2021-08-07;9
14500037001;2021-08-08;15
14500037001;2021-08-09;12
14500037001;2021-08-10;11
14500037001;2021-08-11;15
14500037001;2021-08-12;18
14500037001;2021-08-13;10
14500037001;2021-08-14;9
14500037001;2021-08-15;28
14500037001;2021-08-16;16
14500037001;2021-08-17;23
14500042001;2021-08-01;6
14500042001;2021-08-02;8
14500042001;2021-08-03;6
14500042001;2021-08-04;13
14500042001;2021-08-05;3
14500042001;2021-08-07;3
14500042001;2021-08-08;9
14500042001;2021-08-09;13
14500042001;2021-08-10;6
14500042001;2021-08-11;12
14500042001;2021-08-12;19
14500042001;2021-08-13;8
14500042001;2021-08-14;6
14500042001;2021-08-15;18
14500042001;2021-08-16;8
14500042001;2021-08-17;16
14500048001;2021-08-01;1
14500048001;2021-08-02;3
14500048001;2021-08-03;2
14500048001;2021-08-04;8
14500048001;2021-08-05;5
14500048001;2021-08-06;2
14500048001;2021-08-09;2
14500048001;2021-08-10;1
14500048001;2021-08-13;2
14500048001;2021-08-14;2
14500048001;2021-08-15;3
14500048001;2021-08-17;4
14500051001;2021-08-15;3
14500051001;2021-08-17;3
14500058001;2021-08-01;1
14500058001;2021-08-02;3
14500058001;2021-08-04;1
14500058001;2021-08-05;2
14500058001;2021-08-10;1
14500058001;2021-08-11;1
14500058001;2021-08-13;1
14500058001;2021-08-14;1
14500058001;2021-08-15;4
14500058001;2021-08-16;2
14500058001;2021-08-17;1
14500059001;2021-08-01;1
14500059001;2021-08-04;1
14500059001;2021-08-05;1
14500059001;2021-08-08;1
14500059001;2021-08-10;1
14500059001;2021-08-11;2
14500059001;2021-08-13;1
14500059001;2021-08-15;4
14500059001;2021-08-17;1
14500064001;2021-08-07;1
14500064001;2021-08-08;3
14500064001;2021-08-09;2
14500064001;2021-08-10;3
14500064001;2021-08-11;7
14500064001;2021-08-12;8
14500064001;2021-08-13;3
14500064001;2021-08-14;4
14500064001;2021-08-15;12
14500064001;2021-08-16;6
14500064001;2021-08-17;8
14500066001;2021-08-08;1
14500066001;2021-08-10;2
14500066001;2021-08-11;2
14500066001;2021-08-13;1
14500066001;2021-08-14;1
14500066001;2021-08-16;1
14500066001;2021-08-17;2
14501002001;2021-08-01;4
14501002001;2021-08-02;3
14501002001;2021-08-03;1
14501002001;2021-08-04;1
14501002001;2021-08-05;1
14501002001;2021-08-06;1
14501002001;2021-08-07;1
14501002001;2021-08-08;1
14501002001;2021-08-09;1
14501002001;2021-08-10;1
14501002001;2021-08-11;1
14501002001;2021-08-12;1
14501002001;2021-08-13;1
14501002001;2021-08-14;4
14501002001;2021-08-15;1
14501002001;2021-08-16;1
14501002001;2021-08-17;1
14501004001;2021-08-01;5
14501004001;2021-08-02;5
14501004001;2021-08-03;9
14501004001;2021-08-04;5
14501004001;2021-08-05;5
14501004001;2021-08-06;2
14501004001;2021-08-07;2
14501004001;2021-08-08;5
14501004001;2021-08-09;3
14501004001;2021-08-11;6
14501004001;2021-08-12;9
14501004001;2021-08-13;4
14501004001;2021-08-14;7
14501004001;2021-08-15;9
14501004001;2021-08-16;3
14501004001;2021-08-17;9
14501005001;2021-08-01;4
14501005001;2021-08-02;6
14501005001;2021-08-03;9
14501005001;2021-08-04;10
14501005001;2021-08-05;8
14501005001;2021-08-06;13
14501005001;2021-08-07;3
14501005001;2021-08-08;6
14501005001;2021-08-09;11
14501005001;2021-08-10;7
14501005001;2021-08-11;12
14501005001;2021-08-12;9
14501005001;2021-08-13;7
14501005001;2021-08-14;10
14501005001;2021-08-15;17
14501005001;2021-08-16;10
14501005001;2021-08-17;9
14501007001;2021-08-01;1
14501007001;2021-08-05;1
14501007001;2021-08-06;2
14501007001;2021-08-07;1
14501007001;2021-08-09;1
14501007001;2021-08-10;1
14501007001;2021-08-11;1
14501007001;2021-08-12;1
14501007001;2021-08-14;2
14501007001;2021-08-15;2
14501010001;2021-08-01;17
14501010001;2021-08-02;7
14501010001;2021-08-03;12
14501010001;2021-08-04;4
14501010001;2021-08-05;8
14501010001;2021-08-06;6
14501010001;2021-08-07;4
14501010001;2021-08-08;10
14501010001;2021-08-09;19
14501010001;2021-08-10;21
14501010001;2021-08-11;9
14501010001;2021-08-12;14
14501010001;2021-08-13;34
14501010001;2021-08-14;15
14501010001;2021-08-15;75
14501010001;2021-08-16;30
14501010001;2021-08-17;48
14501011001;2021-08-01;8
14501011001;2021-08-02;7
14501011001;2021-08-03;12
14501011001;2021-08-04;13
14501011001;2021-08-05;14
14501011001;2021-08-06;2
14501011001;2021-08-07;7
14501011001;2021-08-08;6
14501011001;2021-08-09;6
14501011001;2021-08-10;5
14501011001;2021-08-11;15
14501011001;2021-08-12;17
14501011001;2021-08-13;16
14501011001;2021-08-14;5
14501011001;2021-08-15;32
14501011001;2021-08-16;19
14501011001;2021-08-17;24
14501012001;2021-08-01;9
14501012001;2021-08-02;11
14501012001;2021-08-03;21
14501012001;2021-08-04;21
14501012001;2021-08-05;25
14501012001;2021-08-06;8
14501012001;2021-08-07;13
14501012001;2021-08-08;14
14501012001;2021-08-09;18
14501012001;2021-08-10;17
14501012001;2021-08-11;31
14501012001;2021-08-12;33
14501012001;2021-08-13;23
14501012001;2021-08-14;8
14501012001;2021-08-15;46
14501012001;2021-08-16;30
14501012001;2021-08-17;33
14501013001;2021-08-01;6
14501013001;2021-08-02;11
14501013001;2021-08-03;18
14501013001;2021-08-04;9
14501013001;2021-08-05;5
14501013001;2021-08-06;3
14501013001;2021-08-07;9
14501013001;2021-08-08;7
14501013001;2021-08-09;4
14501013001;2021-08-10;3
14501013001;2021-08-11;10
14501013001;2021-08-12;20
14501013001;2021-08-13;9
14501013001;2021-08-14;13
14501013001;2021-08-15;37
14501013001;2021-08-16;23
14501013001;2021-08-17;22
14501014001;2021-08-01;12
14501014001;2021-08-02;8
14501014001;2021-08-03;13
14501014001;2021-08-04;12
14501014001;2021-08-05;14
14501014001;2021-08-06;12
14501014001;2021-08-07;6
14501014001;2021-08-08;21
14501014001;2021-08-09;28
14501014001;2021-08-10;18
14501014001;2021-08-11;16
14501014001;2021-08-12;18
14501014001;2021-08-13;18
14501014001;2021-08-14;7
14501014001;2021-08-15;24
14501014001;2021-08-16;14
14501014001;2021-08-17;15
14501016001;2021-08-01;2
14501016001;2021-08-02;5
14501016001;2021-08-03;7
14501016001;2021-08-04;3
14501016001;2021-08-05;5
14501016001;2021-08-06;3
14501016001;2021-08-07;4
14501016001;2021-08-08;6
14501016001;2021-08-09;9
14501016001;2021-08-10;8
14501016001;2021-08-11;3
14501016001;2021-08-12;7
14501016001;2021-08-13;7
14501016001;2021-08-14;11
14501016001;2021-08-15;10
14501016001;2021-08-16;8
14501016001;2021-08-17;16
14501017001;2021-08-17;5
14501022001;2021-08-01;12
14501022001;2021-08-02;9
14501022001;2021-08-03;28
14501022001;2021-08-04;20
14501022001;2021-08-05;21
14501022001;2021-08-06;20
14501022001;2021-08-07;9
14501022001;2021-08-08;16
14501022001;2021-08-09;22
14501022001;2021-08-10;12
14501022001;2021-08-11;20
14501022001;2021-08-12;16
14501022001;2021-08-13;13
14501022001;2021-08-14;20
14501022001;2021-08-15;25
14501022001;2021-08-16;16
14501022001;2021-08-17;26
14501026001;2021-08-01;5
14501026001;2021-08-02;4
14501026001;2021-08-03;10
14501026001;2021-08-04;8
14501026001;2021-08-05;4
14501026001;2021-08-06;7
14501026001;2021-08-07;7
14501026001;2021-08-08;7
14501026001;2021-08-09;11
14501026001;2021-08-10;4
14501026001;2021-08-11;8
14501026001;2021-08-12;12
14501026001;2021-08-13;7
14501026001;2021-08-14;2
14501026001;2021-08-15;17
14501026001;2021-08-16;12
14501026001;2021-08-17;18
14501029001;2021-08-03;1
14501029001;2021-08-10;2
14501029001;2021-08-16;1
14501031001;2021-08-08;1
14501031001;2021-08-09;4
14501031001;2021-08-10;1
14501031001;2021-08-11;2
14501031001;2021-08-12;3
14501031001;2021-08-13;1
14501031001;2021-08-15;9
14501031001;2021-08-16;12
14501031001;2021-08-17;4
14501037001;2021-08-01;4
14501037001;2021-08-03;7
14501037001;2021-08-04;7
14501037001;2021-08-05;1
14501037001;2021-08-06;1
14501037001;2021-08-07;2
14501037001;2021-08-11;2
14501037001;2021-08-12;3
14501037001;2021-08-13;1
14501037001;2021-08-14;3
14501037001;2021-08-15;2
14501037001;2021-08-16;3
14501037001;2021-08-17;4
14501038001;2021-08-01;7
14501038001;2021-08-02;3
14501038001;2021-08-03;14
14501038001;2021-08-04;6
14501038001;2021-08-05;6
14501038001;2021-08-06;6
14501038001;2021-08-07;5
14501038001;2021-08-08;7
14501038001;2021-08-09;5
14501038001;2021-08-10;4
14501038001;2021-08-11;3
14501038001;2021-08-12;11
14501038001;2021-08-13;10
14501038001;2021-08-14;11
14501038001;2021-08-15;10
14501038001;2021-08-16;5
14501038001;2021-08-17;7
14501045001;2021-08-01;7
14501045001;2021-08-02;4
14501045001;2021-08-03;7
14501045001;2021-08-04;4
14501045001;2021-08-05;3
14501045001;2021-08-06;1
14501045001;2021-08-07;1
14501045001;2021-08-08;7
14501045001;2021-08-09;18
14501045001;2021-08-10;17
14501045001;2021-08-11;19
14501045001;2021-08-12;19
14501045001;2021-08-13;25
14501045001;2021-08-14;13
14501045001;2021-08-15;52
14501045001;2021-08-16;25
14501045001;2021-08-17;37
14501047001;2021-08-01;5
14501047001;2021-08-02;2
14501047001;2021-08-03;4
14501047001;2021-08-04;1
14501047001;2021-08-05;8
14501047001;2021-08-06;2
14501047001;2021-08-07;3
14501047001;2021-08-08;4
14501047001;2021-08-09;4
14501047001;2021-08-10;3
14501047001;2021-08-11;7
14501047001;2021-08-12;3
14501047001;2021-08-13;2
14501047001;2021-08-14;9
14501047001;2021-08-15;9
14501047001;2021-08-16;2
14501047001;2021-08-17;7
14501053001;2021-08-01;4
14501053001;2021-08-02;1
14501053001;2021-08-03;2
14501053001;2021-08-04;5
14501053001;2021-08-05;3
14501053001;2021-08-06;2
14501053001;2021-08-07;3
14501053001;2021-08-08;3
14501053001;2021-08-09;4
14501053001;2021-08-10;7
14501053001;2021-08-11;10
14501053001;2021-08-12;13
14501053001;2021-08-13;10
14501053001;2021-08-15;8
14501053001;2021-08-16;8
14501053001;2021-08-17;20
14501058001;2021-08-01;3
14501058001;2021-08-02;2
14501058001;2021-08-03;3
14501058001;2021-08-04;4
14501058001;2021-08-05;3
14501058001;2021-08-07;2
14501058001;2021-08-09;3
14501058001;2021-08-11;2
14501058001;2021-08-12;3
14501058001;2021-08-13;3
14501058001;2021-08-15;1
14501058001;2021-08-16;2
14501058001;2021-08-17;3
14501063001;2021-08-01;5
14501063001;2021-08-02;6
14501063001;2021-08-03;13
14501063001;2021-08-04;23
14501063001;2021-08-05;21
14501063001;2021-08-06;10
14501063001;2021-08-07;10
14501063001;2021-08-08;12
14501063001;2021-08-09;16
14501063001;2021-08-10;18
14501063001;2021-08-11;18
14501063001;2021-08-12;30
14501063001;2021-08-13;17
14501063001;2021-08-14;10
14501063001;2021-08-15;52
14501063001;2021-08-16;28
14501063001;2021-08-17;38
14501065001;2021-08-15;11
14501065001;2021-08-16;3
14501065001;2021-08-17;13
14501084001;2021-08-01;2
14501084001;2021-08-02;1
14501084001;2021-08-06;4
14501084001;2021-08-08;3
14501084001;2021-08-09;1
14501084001;2021-08-10;3
14501084001;2021-08-11;6
14501084001;2021-08-12;1
14501084001;2021-08-13;1
14501084001;2021-08-14;2
14501084001;2021-08-15;3
14501084001;2021-08-16;1
14501084001;2021-08-17;4
14501086001;2021-08-01;9
14501086001;2021-08-02;2
14501086001;2021-08-03;8
14501086001;2021-08-04;8
14501086001;2021-08-05;8
14501086001;2021-08-06;10
14501086001;2021-08-07;4
14501086001;2021-08-08;6
14501086001;2021-08-09;8
14501086001;2021-08-10;9
14501086001;2021-08-11;9
14501086001;2021-08-12;13
14501086001;2021-08-13;13
14501086001;2021-08-14;12
14501086001;2021-08-15;14
14501086001;2021-08-16;7
14501086001;2021-08-17;12
14501899001;2021-08-01;1
14501899001;2021-08-03;1
14501899001;2021-08-04;1
14501899001;2021-08-08;1
14501899001;2021-08-10;1
14501899001;2021-08-11;2
14501899001;2021-08-12;6
14501899001;2021-08-13;2
14501899001;2021-08-14;2
14501899001;2021-08-15;4
14501899001;2021-08-16;2
14501899001;2021-08-17;1
14501902001;2021-08-01;6
14501902001;2021-08-02;2
14501902001;2021-08-03;5
14501902001;2021-08-04;5
14501902001;2021-08-05;2
14501902001;2021-08-06;3
14501902001;2021-08-07;1
14501902001;2021-08-08;10
14501902001;2021-08-09;3
14501902001;2021-08-10;1
14501902001;2021-08-11;7
14501902001;2021-08-12;20
14501902001;2021-08-13;6
14501902001;2021-08-14;10
14501902001;2021-08-15;13
14501902001;2021-08-16;2
14501902001;2021-08-17;13
14501905001;2021-08-16;1
14501926001;2021-08-15;1
14501926001;2021-08-16;1
14501926001;2021-08-17;1
14501928001;2021-08-01;4
14501928001;2021-08-02;1
14501928001;2021-08-03;2
14501928001;2021-08-04;1
14501928001;2021-08-05;1
14501928001;2021-08-06;1
14501928001;2021-08-08;1
14501928001;2021-08-09;2
14501928001;2021-08-10;1
14501928001;2021-08-11;3
14501928001;2021-08-12;2
14501928001;2021-08-13;1
14501928001;2021-08-14;3
14501928001;2021-08-15;6
14501928001;2021-08-17;2
14501929001;2021-08-01;3
14501929001;2021-08-02;1
14501929001;2021-08-03;5
14501929001;2021-08-04;2
14501929001;2021-08-05;2
14501929001;2021-08-06;2
14501929001;2021-08-07;1
14501929001;2021-08-08;4
14501929001;2021-08-09;2
14501929001;2021-08-10;4
14501929001;2021-08-11;4
14501929001;2021-08-12;6
14501929001;2021-08-14;4
14501929001;2021-08-15;3
14501929001;2021-08-17;1
14502002001;2021-08-02;1
14502002001;2021-08-03;2
14502002001;2021-08-04;3
14502002001;2021-08-05;2
14502002001;2021-08-06;1
14502002001;2021-08-07;1
14502002001;2021-08-08;6
14502002001;2021-08-09;1
14502002001;2021-08-10;3
14502002001;2021-08-11;4
14502002001;2021-08-12;5
14502002001;2021-08-13;2
14502002001;2021-08-14;1
14502002001;2021-08-15;3
14502002001;2021-08-16;2
14502002001;2021-08-17;1
14502003001;2021-08-02;4
14502003001;2021-08-04;1
14502003001;2021-08-07;2
14502003001;2021-08-08;1
14502003001;2021-08-09;1
14502003001;2021-08-10;1
14502003001;2021-08-12;3
14502003001;2021-08-14;4
14502003001;2021-08-15;3
14502003001;2021-08-17;1
14502004001;2021-08-01;26
14502004001;2021-08-02;3
14502004001;2021-08-03;3
14502004001;2021-08-04;4
14502004001;2021-08-05;3
14502004001;2021-08-06;1
14502004001;2021-08-07;1
14502004001;2021-08-08;6
14502004001;2021-08-09;5
14502004001;2021-08-10;6
14502004001;2021-08-11;15
14502004001;2021-08-12;24
14502004001;2021-08-13;8
14502004001;2021-08-14;5
14502004001;2021-08-15;13
14502004001;2021-08-16;12
14502004001;2021-08-17;27
14502005001;2021-08-11;1
14502005001;2021-08-12;1
14502005001;2021-08-14;1
14502005001;2021-08-15;2
14502006001;2021-08-01;12
14502006001;2021-08-02;10
14502006001;2021-08-03;15
14502006001;2021-08-04;6
14502006001;2021-08-05;9
14502006001;2021-08-06;7
14502006001;2021-08-07;11
14502006001;2021-08-08;19
14502006001;2021-08-09;15
14502006001;2021-08-10;14
14502006001;2021-08-11;16
14502006001;2021-08-12;18
14502006001;2021-08-13;15
14502006001;2021-08-14;10
14502006001;2021-08-15;25
14502006001;2021-08-16;4
14502006001;2021-08-17;17
14502007001;2021-08-01;4
14502007001;2021-08-02;8
14502007001;2021-08-03;5
14502007001;2021-08-04;5
14502007001;2021-08-05;5
14502007001;2021-08-06;1
14502007001;2021-08-07;2
14502007001;2021-08-08;5
14502007001;2021-08-09;5
14502007001;2021-08-10;2
14502007001;2021-08-11;5
14502007001;2021-08-12;7
14502007001;2021-08-13;2
14502007001;2021-08-14;3
14502007001;2021-08-15;7
14502007001;2021-08-16;5
14502007001;2021-08-17;5
14502008001;2021-08-09;1
14502008001;2021-08-11;3
14502008001;2021-08-12;1
14502008001;2021-08-14;3
14502008001;2021-08-16;1
14502009001;2021-08-01;36
14502009001;2021-08-02;30
14502009001;2021-08-03;48
14502009001;2021-08-04;45
14502009001;2021-08-05;48
14502009001;2021-08-06;37
14502009001;2021-08-07;21
14502009001;2021-08-08;42
14502009001;2021-08-09;39
14502009001;2021-08-10;31
14502009001;2021-08-11;38
14502009001;2021-08-12;52
14502009001;2021-08-13;52
14502009001;2021-08-14;22
14502009001;2021-08-15;42
14502009001;2021-08-16;16
14502009001;2021-08-17;31
14502011001;2021-08-01;13
14502011001;2021-08-02;14
14502011001;2021-08-03;29
14502011001;2021-08-04;25
14502011001;2021-08-05;18
14502011001;2021-08-06;5
14502011001;2021-08-07;19
14502011001;2021-08-08;19
14502011001;2021-08-09;17
14502011001;2021-08-10;10
14502011001;2021-08-11;22
14502011001;2021-08-12;29
14502011001;2021-08-13;33
14502011001;2021-08-14;8
14502011001;2021-08-15;28
14502011001;2021-08-16;22
14502011001;2021-08-17;38
14502012001;2021-08-01;4
14502012001;2021-08-02;6
14502012001;2021-08-03;5
14502012001;2021-08-04;11
14502012001;2021-08-05;11
14502012001;2021-08-06;9
14502012001;2021-08-07;6
14502012001;2021-08-08;8
14502012001;2021-08-09;10
14502012001;2021-08-10;12
14502012001;2021-08-11;6
14502012001;2021-08-12;11
14502012001;2021-08-13;9
14502012001;2021-08-14;4
14502012001;2021-08-15;11
14502012001;2021-08-16;2
14502012001;2021-08-17;10
14502014001;2021-08-01;12
14502014001;2021-08-02;11
14502014001;2021-08-03;22
14502014001;2021-08-04;19
14502014001;2021-08-05;33
14502014001;2021-08-06;16
14502014001;2021-08-07;16
14502014001;2021-08-08;23
14502014001;2021-08-09;20
14502014001;2021-08-10;30
14502014001;2021-08-11;31
14502014001;2021-08-12;39
14502014001;2021-08-13;33
14502014001;2021-08-14;25
14502014001;2021-08-15;55
14502014001;2021-08-16;43
14502014001;2021-08-17;52
14502015001;2021-08-01;5
14502015001;2021-08-02;7
14502015001;2021-08-03;11
14502015001;2021-08-04;11
14502015001;2021-08-05;19
14502015001;2021-08-06;7
14502015001;2021-08-07;8
14502015001;2021-08-08;9
14502015001;2021-08-09;1
14502015001;2021-08-10;8
14502015001;2021-08-11;9
14502015001;2021-08-12;13
14502015001;2021-08-13;9
14502015001;2021-08-14;3
14502015001;2021-08-15;12
14502015001;2021-08-16;13
14502015001;2021-08-17;8
14502018001;2021-08-10;2
14502018001;2021-08-11;3
14502018001;2021-08-15;3
14502018001;2021-08-16;1
14502018001;2021-08-17;2
14502019001;2021-08-01;4
14502019001;2021-08-02;4
14502019001;2021-08-03;3
14502019001;2021-08-04;4
14502019001;2021-08-05;4
14502019001;2021-08-06;3
14502019001;2021-08-08;3
14502019001;2021-08-09;2
14502019001;2021-08-10;4
14502019001;2021-08-11;2
14502019001;2021-08-12;4
14502019001;2021-08-13;1
14502019001;2021-08-14;3
14502019001;2021-08-15;2
14502019001;2021-08-16;1
14502019001;2021-08-17;4
14502020001;2021-08-07;1
14502020001;2021-08-08;2
14502020001;2021-08-09;2
14502020001;2021-08-10;1
14502020001;2021-08-11;3
14502020001;2021-08-12;3
14502020001;2021-08-13;2
14502020001;2021-08-14;2
14502020001;2021-08-15;2
14502020001;2021-08-17;4
14502021001;2021-08-03;2
14502021001;2021-08-04;1
14502021001;2021-08-05;2
14502021001;2021-08-07;1
14502021001;2021-08-08;2
14502021001;2021-08-09;2
14502021001;2021-08-10;1
14502021001;2021-08-11;1
14502021001;2021-08-12;4
14502021001;2021-08-13;5
14502021001;2021-08-14;3
14502021001;2021-08-15;7
14502021001;2021-08-16;4
14502021001;2021-08-17;6
14502022001;2021-08-01;3
14502022001;2021-08-02;1
14502022001;2021-08-03;4
14502022001;2021-08-04;3
14502022001;2021-08-05;1
14502022001;2021-08-06;1
14502022001;2021-08-07;1
14502022001;2021-08-09;6
14502022001;2021-08-10;2
14502022001;2021-08-11;3
14502022001;2021-08-12;9
14502022001;2021-08-13;8
14502022001;2021-08-14;4
14502022001;2021-08-15;11
14502022001;2021-08-16;8
14502022001;2021-08-17;10
14502023001;2021-08-08;2
14502023001;2021-08-09;6
14502023001;2021-08-10;2
14502023001;2021-08-11;5
14502023001;2021-08-12;3
14502023001;2021-08-13;6
14502023001;2021-08-14;3
14502023001;2021-08-15;11
14502023001;2021-08-16;2
14502023001;2021-08-17;6
14502026001;2021-08-01;7
14502026001;2021-08-02;3
14502026001;2021-08-03;13
14502026001;2021-08-04;9
14502026001;2021-08-05;10
14502026001;2021-08-06;5
14502026001;2021-08-07;7
14502026001;2021-08-08;8
14502026001;2021-08-09;7
14502026001;2021-08-10;9
14502026001;2021-08-11;9
14502026001;2021-08-12;17
14502026001;2021-08-13;11
14502026001;2021-08-14;4
14502026001;2021-08-15;29
14502026001;2021-08-16;15
14502026001;2021-08-17;25
14502029001;2021-08-03;2
14502029001;2021-08-04;3
14502029001;2021-08-05;2
14502029001;2021-08-06;2
14502029001;2021-08-07;3
14502029001;2021-08-08;5
14502029001;2021-08-09;4
14502029001;2021-08-10;5
14502029001;2021-08-11;7
14502029001;2021-08-12;5
14502029001;2021-08-13;6
14502029001;2021-08-14;7
14502029001;2021-08-15;2
14502029001;2021-08-16;7
14502029001;2021-08-17;4
14502044001;2021-08-03;1
14502054001;2021-08-01;3
14502054001;2021-08-02;1
14502054001;2021-08-03;1
14502054001;2021-08-04;5
14502054001;2021-08-05;2
14502054001;2021-08-06;1
14502054001;2021-08-08;1
14502054001;2021-08-11;1
14502054001;2021-08-12;7
14502054001;2021-08-13;6
14502054001;2021-08-14;3
14502054001;2021-08-15;13
14502054001;2021-08-16;7
14502054001;2021-08-17;11
14502077001;2021-08-01;2
14502077001;2021-08-02;6
14502077001;2021-08-03;4
14502077001;2021-08-04;8
14502077001;2021-08-05;3
14502077001;2021-08-06;2
14502077001;2021-08-07;1
14502077001;2021-08-08;1
14502077001;2021-08-09;12
14502077001;2021-08-10;25
14502077001;2021-08-11;10
14502077001;2021-08-12;12
14502077001;2021-08-13;13
14502077001;2021-08-14;7
14502077001;2021-08-15;62
14502077001;2021-08-16;52
14502077001;2021-08-17;50
14502078001;2021-08-01;5
14502078001;2021-08-02;10
14502078001;2021-08-03;6
14502078001;2021-08-04;4
14502078001;2021-08-05;3
14502078001;2021-08-06;1
14502078001;2021-08-07;2
14502078001;2021-08-08;1
14502078001;2021-08-09;6
14502078001;2021-08-10;9
14502078001;2021-08-11;4
14502078001;2021-08-12;4
14502078001;2021-08-13;2
14502078001;2021-08-14;7
14502078001;2021-08-15;35
14502078001;2021-08-16;20
14502078001;2021-08-17;24
14502080001;2021-08-09;1
14502080001;2021-08-10;1
14502080001;2021-08-11;3
14502080001;2021-08-12;5
14502080001;2021-08-13;4
14502080001;2021-08-14;3
14502080001;2021-08-16;2
14502080001;2021-08-17;1
14502081001;2021-08-01;9
14502081001;2021-08-02;6
14502081001;2021-08-03;9
14502081001;2021-08-04;8
14502081001;2021-08-05;16
14502081001;2021-08-06;12
14502081001;2021-08-07;12
14502081001;2021-08-08;11
14502081001;2021-08-09;14
14502081001;2021-08-10;15
14502081001;2021-08-11;19
14502081001;2021-08-12;20
14502081001;2021-08-13;12
14502081001;2021-08-14;9
14502081001;2021-08-15;16
14502081001;2021-08-16;10
14502081001;2021-08-17;13
14502111001;2021-08-01;7
14502111001;2021-08-02;6
14502111001;2021-08-03;14
14502111001;2021-08-04;7
14502111001;2021-08-05;14
14502111001;2021-08-06;12
14502111001;2021-08-07;5
14502111001;2021-08-08;11
14502111001;2021-08-09;7
14502111001;2021-08-10;10
14502111001;2021-08-11;9
14502111001;2021-08-12;10
14502111001;2021-08-13;8
14502111001;2021-08-14;6
14502111001;2021-08-15;13
14502111001;2021-08-16;5
14502111001;2021-08-17;10
14503000001;2021-08-01;6
14503000001;2021-08-02;7
14503000001;2021-08-03;12
14503000001;2021-08-04;15
14503000001;2021-08-05;12
14503000001;2021-08-06;10
14503000001;2021-08-07;7
14503000001;2021-08-08;12
14503000001;2021-08-09;13
14503000001;2021-08-10;10
14503000001;2021-08-11;9
14503000001;2021-08-12;15
14503000001;2021-08-13;9
14503000001;2021-08-14;12
14503000001;2021-08-15;8
14503000001;2021-08-16;10
14503000001;2021-08-17;15
14503002001;2021-08-01;4
14503002001;2021-08-02;4
14503002001;2021-08-04;3
14503002001;2021-08-05;6
14503002001;2021-08-06;3
14503002001;2021-08-07;1
14503002001;2021-08-08;2
14503002001;2021-08-09;5
14503002001;2021-08-10;2
14503002001;2021-08-11;4
14503002001;2021-08-12;7
14503002001;2021-08-13;5
14503002001;2021-08-14;4
14503002001;2021-08-15;11
14503002001;2021-08-16;1
14503002001;2021-08-17;2
14503003001;2021-08-01;39
14503003001;2021-08-02;36
14503003001;2021-08-03;66
14503003001;2021-08-04;70
14503003001;2021-08-05;93
14503003001;2021-08-06;46
14503003001;2021-08-07;59
14503003001;2021-08-08;76
14503003001;2021-08-09;94
14503003001;2021-08-10;86
14503003001;2021-08-11;87
14503003001;2021-08-12;119
14503003001;2021-08-13;128
14503003001;2021-08-14;55
14503003001;2021-08-15;156
14503003001;2021-08-16;56
14503003001;2021-08-17;131
14503005001;2021-08-01;14
14503005001;2021-08-02;14
14503005001;2021-08-03;16
14503005001;2021-08-04;5
14503005001;2021-08-05;5
14503005001;2021-08-06;2
14503005001;2021-08-07;3
14503005001;2021-08-08;11
14503005001;2021-08-10;1
14503005001;2021-08-11;11
14503005001;2021-08-12;19
14503005001;2021-08-13;5
14503005001;2021-08-14;6
14503005001;2021-08-15;6
14503005001;2021-08-17;9
14503010001;2021-08-02;1
14503010001;2021-08-04;1
14503010001;2021-08-07;1
14503010001;2021-08-11;1
14503010001;2021-08-13;1
14503010001;2021-08-14;2
14503010001;2021-08-15;2
14503010001;2021-08-16;1
14503010001;2021-08-17;1
14503013001;2021-08-01;1
14503013001;2021-08-02;3
14503013001;2021-08-03;4
14503013001;2021-08-04;4
14503013001;2021-08-06;1
14503013001;2021-08-08;1
14503013001;2021-08-09;4
14503013001;2021-08-10;10
14503013001;2021-08-11;8
14503013001;2021-08-12;13
14503013001;2021-08-13;5
14503013001;2021-08-14;9
14503013001;2021-08-15;27
14503013001;2021-08-16;25
14503013001;2021-08-17;29
14503019001;2021-08-01;8
14503019001;2021-08-02;11
14503019001;2021-08-03;15
14503019001;2021-08-04;9
14503019001;2021-08-05;4
14503019001;2021-08-06;2
14503019001;2021-08-07;10
14503019001;2021-08-08;7
14503019001;2021-08-09;9
14503019001;2021-08-10;11
14503019001;2021-08-11;16
14503019001;2021-08-12;23
14503019001;2021-08-13;13
14503019001;2021-08-14;14
14503019001;2021-08-15;40
14503019001;2021-08-16;29
14503019001;2021-08-17;39
14503024001;2021-08-01;1
14503024001;2021-08-02;1
14503024001;2021-08-04;2
14503024001;2021-08-05;1
14503024001;2021-08-07;2
14503024001;2021-08-11;1
14503024001;2021-08-12;1
14503024001;2021-08-13;1
14503024001;2021-08-14;1
14503024001;2021-08-15;1
14503024001;2021-08-16;2
14503024001;2021-08-17;3
14503034001;2021-08-01;4
14503034001;2021-08-03;1
14503034001;2021-08-04;3
14503034001;2021-08-05;3
14503034001;2021-08-06;1
14503034001;2021-08-07;2
14503034001;2021-08-08;3
14503034001;2021-08-09;5
14503034001;2021-08-10;2
14503034001;2021-08-11;2
14503034001;2021-08-12;5
14503034001;2021-08-13;2
14503034001;2021-08-14;5
14503034001;2021-08-15;6
14503034001;2021-08-16;3
14503034001;2021-08-17;5
14503047001;2021-08-14;1
14503047001;2021-08-15;1
14503047001;2021-08-16;1
14503047001;2021-08-17;1
14503048001;2021-08-01;1
14503048001;2021-08-02;1
14503048001;2021-08-04;1
14503048001;2021-08-05;1
14503048001;2021-08-07;2
14503048001;2021-08-09;1
14503048001;2021-08-10;1
14503048001;2021-08-12;2
14503048001;2021-08-14;2
14503048001;2021-08-15;2
14503048001;2021-08-16;1
14503048001;2021-08-17;3
14504001001;2021-08-01;6
14504001001;2021-08-02;4
14504001001;2021-08-03;11
14504001001;2021-08-04;3
14504001001;2021-08-05;4
14504001001;2021-08-07;5
14504001001;2021-08-08;5
14504001001;2021-08-09;4
14504001001;2021-08-11;1
14504001001;2021-08-12;13
14504001001;2021-08-13;4
14504001001;2021-08-14;11
14504001001;2021-08-15;15
14504001001;2021-08-16;7
14504001001;2021-08-17;11
14504002001;2021-08-01;1
14504002001;2021-08-02;1
14504002001;2021-08-04;2
14504002001;2021-08-05;5
14504002001;2021-08-06;3
14504002001;2021-08-08;3
14504002001;2021-08-09;4
14504002001;2021-08-10;5
14504002001;2021-08-11;5
14504002001;2021-08-12;11
14504002001;2021-08-13;4
14504002001;2021-08-14;6
14504002001;2021-08-15;7
14504002001;2021-08-17;10
14504006001;2021-08-01;5
14504006001;2021-08-02;4
14504006001;2021-08-03;12
14504006001;2021-08-04;11
14504006001;2021-08-05;9
14504006001;2021-08-06;12
14504006001;2021-08-07;5
14504006001;2021-08-08;6
14504006001;2021-08-09;5
14504006001;2021-08-10;13
14504006001;2021-08-11;14
14504006001;2021-08-12;11
14504006001;2021-08-13;11
14504006001;2021-08-14;5
14504006001;2021-08-15;10
14504006001;2021-08-16;6
14504006001;2021-08-17;15
14504008001;2021-08-01;3
14504008001;2021-08-02;4
14504008001;2021-08-04;2
14504008001;2021-08-05;1
14504008001;2021-08-06;3
14504008001;2021-08-08;8
14504008001;2021-08-09;4
14504008001;2021-08-10;3
14504008001;2021-08-11;10
14504008001;2021-08-12;3
14504008001;2021-08-13;6
14504008001;2021-08-14;4
14504008001;2021-08-15;18
14504008001;2021-08-16;2
14504008001;2021-08-17;3
14504009001;2021-08-01;1
14504009001;2021-08-02;1
14504009001;2021-08-04;1
14504009001;2021-08-05;4
14504009001;2021-08-06;1
14504009001;2021-08-07;1
14504009001;2021-08-09;3
14504009001;2021-08-10;1
14504009001;2021-08-11;4
14504009001;2021-08-13;2
14504009001;2021-08-14;2
14504009001;2021-08-15;25
14504009001;2021-08-16;1
14504009001;2021-08-17;4
14504012001;2021-08-10;3
14504012001;2021-08-11;5
14504012001;2021-08-12;1
14504012001;2021-08-13;10
14504012001;2021-08-14;2
14504012001;2021-08-15;5
14504012001;2021-08-16;3
14504012001;2021-08-17;2
14504015001;2021-08-01;1
14504015001;2021-08-02;3
14504015001;2021-08-03;1
14504015001;2021-08-04;4
14504015001;2021-08-05;2
14504015001;2021-08-06;6
14504015001;2021-08-07;2
14504015001;2021-08-08;6
14504015001;2021-08-09;5
14504015001;2021-08-10;7
14504015001;2021-08-11;10
14504015001;2021-08-12;7
14504015001;2021-08-13;6
14504015001;2021-08-14;4
14504015001;2021-08-15;14
14504015001;2021-08-16;3
14504015001;2021-08-17;20
14504027001;2021-08-01;5
14504027001;2021-08-02;3
14504027001;2021-08-03;6
14504027001;2021-08-04;3
14504027001;2021-08-05;4
14504027001;2021-08-06;2
14504027001;2021-08-07;1
14504027001;2021-08-08;5
14504027001;2021-08-09;4
14504027001;2021-08-10;3
14504027001;2021-08-11;5
14504027001;2021-08-12;10
14504027001;2021-08-13;2
14504027001;2021-08-14;2
14504027001;2021-08-15;29
14504027001;2021-08-16;5
14504027001;2021-08-17;10
14504028001;2021-08-01;1
14504028001;2021-08-02;3
14504028001;2021-08-04;1
14504028001;2021-08-07;1
14504028001;2021-08-08;2
14504028001;2021-08-09;1
14504028001;2021-08-10;3
14504028001;2021-08-11;6
14504028001;2021-08-12;2
14504028001;2021-08-13;4
14504028001;2021-08-14;4
14504028001;2021-08-15;24
14504028001;2021-08-16;3
14504028001;2021-08-17;7
14504055001;2021-08-01;16
14504055001;2021-08-02;9
14504055001;2021-08-03;21
14504055001;2021-08-04;14
14504055001;2021-08-05;12
14504055001;2021-08-06;11
14504055001;2021-08-07;7
14504055001;2021-08-08;10
14504055001;2021-08-09;4
14504055001;2021-08-10;2
14504055001;2021-08-11;16
14504055001;2021-08-12;13
14504055001;2021-08-13;9
14504055001;2021-08-14;3
14504055001;2021-08-15;5
14504055001;2021-08-16;4
14504055001;2021-08-17;10
14504056001;2021-08-03;3
14505003001;2021-08-10;3
14505003001;2021-08-11;1
14505003001;2021-08-12;2
14505003001;2021-08-13;2
14505003001;2021-08-14;1
14505003001;2021-08-15;4
14505003001;2021-08-16;1
14505003001;2021-08-17;3
14505005001;2021-08-01;11
14505005001;2021-08-02;7
14505005001;2021-08-03;10
14505005001;2021-08-04;12
14505005001;2021-08-05;6
14505005001;2021-08-06;7
14505005001;2021-08-07;5
14505005001;2021-08-08;5
14505005001;2021-08-09;16
14505005001;2021-08-10;9
14505005001;2021-08-11;10
14505005001;2021-08-12;12
14505005001;2021-08-13;10
14505005001;2021-08-14;9
14505005001;2021-08-15;18
14505005001;2021-08-16;3
14505005001;2021-08-17;9
14505008001;2021-08-14;4
14505008001;2021-08-15;5
14505008001;2021-08-17;6
14505011001;2021-08-01;8
14505011001;2021-08-02;2
14505011001;2021-08-03;9
14505011001;2021-08-04;1
14505011001;2021-08-05;7
14505011001;2021-08-06;2
14505011001;2021-08-07;1
14505011001;2021-08-08;9
14505011001;2021-08-09;7
14505011001;2021-08-10;8
14505011001;2021-08-11;7
14505011001;2021-08-12;11
14505011001;2021-08-13;4
14505011001;2021-08-14;5
14505011001;2021-08-15;15
14505011001;2021-08-16;2
14505011001;2021-08-17;8
14505013001;2021-08-01;32
14505013001;2021-08-02;14
14505013001;2021-08-03;23
14505013001;2021-08-04;21
14505013001;2021-08-05;16
14505013001;2021-08-06;25
14505013001;2021-08-07;19
14505013001;2021-08-08;18
14505013001;2021-08-09;26
14505013001;2021-08-10;27
14505013001;2021-08-11;18
14505013001;2021-08-12;38
14505013001;2021-08-13;29
14505013001;2021-08-14;24
14505013001;2021-08-15;32
14505013001;2021-08-16;11
14505013001;2021-08-17;27
14505014001;2021-08-01;16
14505014001;2021-08-02;10
14505014001;2021-08-03;8
14505014001;2021-08-04;5
14505014001;2021-08-05;5
14505014001;2021-08-07;8
14505014001;2021-08-08;3
14505014001;2021-08-09;16
14505014001;2021-08-10;17
14505014001;2021-08-11;20
14505014001;2021-08-12;27
14505014001;2021-08-13;13
14505014001;2021-08-14;10
14505014001;2021-08-15;30
14505014001;2021-08-16;44
14505014001;2021-08-17;31
14505016001;2021-08-01;23
14505016001;2021-08-02;16
14505016001;2021-08-03;22
14505016001;2021-08-04;17
14505016001;2021-08-05;10
14505016001;2021-08-06;5
14505016001;2021-08-07;9
14505016001;2021-08-08;8
14505016001;2021-08-09;5
14505016001;2021-08-10;1
14505016001;2021-08-11;17
14505016001;2021-08-12;24
14505016001;2021-08-13;19
14505016001;2021-08-14;19
14505016001;2021-08-15;59
14505016001;2021-08-16;31
14505016001;2021-08-17;44
14505020001;2021-08-01;6
14505020001;2021-08-02;3
14505020001;2021-08-03;8
14505020001;2021-08-04;6
14505020001;2021-08-05;5
14505020001;2021-08-06;3
14505020001;2021-08-07;5
14505020001;2021-08-08;4
14505020001;2021-08-09;5
14505020001;2021-08-10;6
14505020001;2021-08-11;5
14505020001;2021-08-12;8
14505020001;2021-08-13;2
14505020001;2021-08-14;4
14505020001;2021-08-15;6
14505020001;2021-08-16;2
14505020001;2021-08-17;2
14505021001;2021-08-01;7
14505021001;2021-08-02;1
14505021001;2021-08-03;5
14505021001;2021-08-04;5
14505021001;2021-08-05;11
14505021001;2021-08-06;5
14505021001;2021-08-07;2
14505021001;2021-08-08;3
14505021001;2021-08-09;3
14505021001;2021-08-10;3
14505021001;2021-08-11;4
14505021001;2021-08-12;11
14505021001;2021-08-13;6
14505021001;2021-08-14;5
14505021001;2021-08-15;6
14505021001;2021-08-16;3
14505021001;2021-08-17;1
14505031001;2021-08-01;4
14505031001;2021-08-02;7
14505031001;2021-08-03;8
14505031001;2021-08-04;5
14505031001;2021-08-05;3
14505031001;2021-08-06;2
14505031001;2021-08-07;2
14505031001;2021-08-08;2
14505031001;2021-08-09;2
14505031001;2021-08-10;11
14505031001;2021-08-11;10
14505031001;2021-08-12;6
14505031001;2021-08-13;9
14505031001;2021-08-14;3
14505031001;2021-08-15;18
14505031001;2021-08-16;7
14505031001;2021-08-17;12
14505035001;2021-08-10;1
14505039001;2021-08-02;1
14505039001;2021-08-04;1
14505039001;2021-08-06;1
14505039001;2021-08-12;2
14505039001;2021-08-15;1
14505039001;2021-08-17;1
14505041001;2021-08-01;21
14505041001;2021-08-02;28
14505041001;2021-08-03;27
14505041001;2021-08-04;10
14505041001;2021-08-05;12
14505041001;2021-08-06;2
14505041001;2021-08-07;13
14505041001;2021-08-08;12
14505041001;2021-08-09;26
14505041001;2021-08-10;10
14505041001;2021-08-11;7
14505041001;2021-08-12;18
14505041001;2021-08-13;13
14505041001;2021-08-14;16
14505041001;2021-08-15;22
14505041001;2021-08-16;16
14505041001;2021-08-17;21
14505043001;2021-08-02;1
14505046001;2021-08-01;2
14505046001;2021-08-03;1
14505046001;2021-08-04;4
14505046001;2021-08-05;1
14505046001;2021-08-06;1
14505046001;2021-08-07;1
14505046001;2021-08-08;1
14505046001;2021-08-10;1
14505046001;2021-08-11;2
14505046001;2021-08-12;5
14505046001;2021-08-13;5
14505046001;2021-08-14;1
14505046001;2021-08-15;6
14505046001;2021-08-16;1
14505046001;2021-08-17;5
14505048001;2021-08-01;2
14505048001;2021-08-02;1
14505048001;2021-08-03;1
14505048001;2021-08-04;1
14505048001;2021-08-06;1
14505048001;2021-08-07;1
14505048001;2021-08-08;2
14505048001;2021-08-12;5
14505048001;2021-08-13;1
14505048001;2021-08-14;2
14505048001;2021-08-15;2
14505048001;2021-08-16;2
14505048001;2021-08-17;2
14505053001;2021-08-04;1
14505053001;2021-08-11;1
14505053001;2021-08-13;1
14505053001;2021-08-17;1
14505059001;2021-08-14;1
14505059001;2021-08-15;4
14505059001;2021-08-16;2
14505059001;2021-08-17;2
14505099001;2021-08-01;3
14505099001;2021-08-02;3
14505099001;2021-08-03;4
14505099001;2021-08-04;7
14505099001;2021-08-05;3
14505099001;2021-08-06;2
14505099001;2021-08-07;3
14505099001;2021-08-08;4
14505099001;2021-08-09;5
14505099001;2021-08-10;6
14505099001;2021-08-11;8
14505099001;2021-08-12;10
14505099001;2021-08-13;4
14505099001;2021-08-14;1
14505099001;2021-08-15;9
14505099001;2021-08-16;8
14505099001;2021-08-17;11
14505105001;2021-08-01;5
14505105001;2021-08-02;4
14505105001;2021-08-03;1
14505105001;2021-08-04;4
14505105001;2021-08-06;1
14505105001;2021-08-07;5
14505105001;2021-08-08;3
14505105001;2021-08-09;1
14505105001;2021-08-10;1
14505105001;2021-08-11;2
14505105001;2021-08-12;3
14505105001;2021-08-14;9
14505105001;2021-08-15;7
14505105001;2021-08-16;2
14505105001;2021-08-17;7
14505106001;2021-08-01;3
14505106001;2021-08-02;3
14505106001;2021-08-03;2
14505106001;2021-08-04;4
14505106001;2021-08-05;3
14505106001;2021-08-06;1
14505106001;2021-08-07;2
14505106001;2021-08-08;1
14505106001;2021-08-09;1
14505106001;2021-08-10;2
14505106001;2021-08-13;1
14505106001;2021-08-14;8
14505106001;2021-08-15;6
14505106001;2021-08-16;3
14505106001;2021-08-17;5
14505115001;2021-08-08;7
14505115001;2021-08-09;8
14505115001;2021-08-10;4
14505115001;2021-08-11;7
14505115001;2021-08-12;16
14505115001;2021-08-13;10
14505115001;2021-08-14;6
14505115001;2021-08-15;8
14505115001;2021-08-16;14
14505115001;2021-08-17;19
14505125001;2021-08-08;2
14505125001;2021-08-10;1
14505125001;2021-08-11;1
14505125001;2021-08-12;4
14505125001;2021-08-13;2
14505125001;2021-08-14;1
14505125001;2021-08-15;6
14505125001;2021-08-16;4
14505125001;2021-08-17;7
14505138001;2021-08-01;7
14505138001;2021-08-02;4
14505138001;2021-08-03;13
14505138001;2021-08-04;11
14505138001;2021-08-05;3
14505138001;2021-08-06;2
14505138001;2021-08-07;7
14505138001;2021-08-08;3
14505138001;2021-08-09;4
14505138001;2021-08-10;5
14505138001;2021-08-11;7
14505138001;2021-08-12;13
14505138001;2021-08-13;11
14505138001;2021-08-14;5
14505138001;2021-08-15;18
14505138001;2021-08-16;18
14505138001;2021-08-17;19
14505139001;2021-08-02;1
14505139001;2021-08-03;1
14505139001;2021-08-05;1
14505139001;2021-08-06;2
14505139001;2021-08-09;1
14505139001;2021-08-12;3
14505139001;2021-08-15;1
14505139001;2021-08-16;1
14505139001;2021-08-17;3
14505148001;2021-08-04;2
14505148001;2021-08-05;3
14505148001;2021-08-07;2
14505148001;2021-08-08;1
14505148001;2021-08-09;5
14505148001;2021-08-10;4
14505148001;2021-08-11;2
14505148001;2021-08-12;1
14505148001;2021-08-13;2
14505148001;2021-08-15;2
14505148001;2021-08-16;2
14505148001;2021-08-17;1
14505899001;2021-08-01;8
14505899001;2021-08-02;7
14505899001;2021-08-03;19
14505899001;2021-08-04;16
14505899001;2021-08-05;18
14505899001;2021-08-06;8
14505899001;2021-08-07;10
14505899001;2021-08-08;13
14505899001;2021-08-09;11
14505899001;2021-08-10;11
14505899001;2021-08-11;16
14505899001;2021-08-12;29
14505899001;2021-08-13;14
14505899001;2021-08-14;5
14505899001;2021-08-15;20
14505899001;2021-08-16;15
14505899001;2021-08-17;23
14505911001;2021-08-02;1
14505911001;2021-08-05;1
14505911001;2021-08-06;1
14505911001;2021-08-09;1
14505911001;2021-08-10;5
14505911001;2021-08-11;3
14505911001;2021-08-12;2
14505911001;2021-08-13;2
14505911001;2021-08-15;4
14505911001;2021-08-16;1
14505911001;2021-08-17;2
14505917001;2021-08-01;3
14505917001;2021-08-02;5
14505917001;2021-08-03;13
14505917001;2021-08-04;11
14505917001;2021-08-05;14
14505917001;2021-08-06;7
14505917001;2021-08-07;8
14505917001;2021-08-08;10
14505917001;2021-08-09;8
14505917001;2021-08-10;5
14505917001;2021-08-11;10
14505917001;2021-08-12;13
14505917001;2021-08-13;5
14505917001;2021-08-14;11
14505917001;2021-08-15;13
14505917001;2021-08-16;6
14505917001;2021-08-17;8
14506001001;2021-08-01;5
14506001001;2021-08-02;3
14506001001;2021-08-03;5
14506001001;2021-08-04;3
14506001001;2021-08-05;6
14506001001;2021-08-06;3
14506001001;2021-08-07;3
14506001001;2021-08-08;4
14506001001;2021-08-09;6
14506001001;2021-08-10;4
14506001001;2021-08-11;6
14506001001;2021-08-12;7
14506001001;2021-08-13;6
14506001001;2021-08-14;8
14506001001;2021-08-15;10
14506001001;2021-08-16;4
14506001001;2021-08-17;8
14506002001;2021-08-01;8
14506002001;2021-08-02;4
14506002001;2021-08-03;5
14506002001;2021-08-04;4
14506002001;2021-08-05;5
14506002001;2021-08-06;1
14506002001;2021-08-07;2
14506002001;2021-08-08;1
14506002001;2021-08-09;2
14506002001;2021-08-11;6
14506002001;2021-08-12;9
14506002001;2021-08-13;1
14506002001;2021-08-14;6
14506002001;2021-08-15;4
14506002001;2021-08-16;2
14506002001;2021-08-17;3
14506004001;2021-08-01;2
14506004001;2021-08-02;1
14506004001;2021-08-03;1
14506004001;2021-08-05;1
14506004001;2021-08-07;2
14506004001;2021-08-09;2
14506004001;2021-08-10;1
14506004001;2021-08-11;1
14506004001;2021-08-12;2
14506004001;2021-08-14;2
14506004001;2021-08-15;1
14506005001;2021-08-01;5
14506005001;2021-08-04;1
14506005001;2021-08-05;3
14506005001;2021-08-07;1
14506005001;2021-08-08;1
14506005001;2021-08-12;3
14506005001;2021-08-14;3
14506005001;2021-08-15;6
14506005001;2021-08-16;2
14506005001;2021-08-17;3
14506006001;2021-08-12;1
14506011001;2021-08-01;1
14506011001;2021-08-03;1
14506011001;2021-08-04;1
14506011001;2021-08-06;1
14506013001;2021-08-01;2
14506013001;2021-08-02;1
14506013001;2021-08-03;1
14506013001;2021-08-05;2
14506013001;2021-08-07;1
14506013001;2021-08-08;1
14506013001;2021-08-11;1
14506013001;2021-08-16;1
14506014001;2021-08-01;1
14506014001;2021-08-11;1
14506014001;2021-08-12;2
14506014001;2021-08-14;1
14506014001;2021-08-15;3
14506014001;2021-08-16;1
14506015001;2021-08-01;5
14506015001;2021-08-02;5
14506015001;2021-08-03;4
14506015001;2021-08-04;1
14506015001;2021-08-05;1
14506015001;2021-08-06;1
14506015001;2021-08-07;3
14506015001;2021-08-08;1
14506015001;2021-08-09;1
14506015001;2021-08-11;4
14506015001;2021-08-12;3
14506015001;2021-08-13;6
14506015001;2021-08-14;4
14506015001;2021-08-15;11
14506015001;2021-08-16;3
14506015001;2021-08-17;2
14506021001;2021-08-17;1
14506033001;2021-08-01;1
14506033001;2021-08-03;1
14506033001;2021-08-14;2
14506033001;2021-08-15;2
14506033001;2021-08-16;1
14506033001;2021-08-17;1
14506036001;2021-08-01;2
14506036001;2021-08-03;1
14506036001;2021-08-09;1
14506036001;2021-08-10;1
14506036001;2021-08-11;1
14506036001;2021-08-12;2
14506036001;2021-08-15;2
14506038001;2021-08-03;1
14506038001;2021-08-10;1
14506038001;2021-08-11;1
14506038001;2021-08-13;2
14506038001;2021-08-14;1
14506038001;2021-08-17;1
14506041001;2021-08-01;1
14506041001;2021-08-12;2
14506041001;2021-08-15;2
14506041001;2021-08-16;1
14506042001;2021-08-08;1
14506042001;2021-08-10;1
14506042001;2021-08-11;1
14506042001;2021-08-14;2
14506042001;2021-08-15;1
14506042001;2021-08-16;1
14506042001;2021-08-17;1
14506044001;2021-08-03;1
14506044001;2021-08-07;2
14506044001;2021-08-08;2
14506044001;2021-08-10;1
14506044001;2021-08-11;1
14506044001;2021-08-12;1
14506044001;2021-08-14;1
14506044001;2021-08-17;1
14506049001;2021-08-01;2
14506049001;2021-08-02;1
14506049001;2021-08-03;1
14506049001;2021-08-04;2
14506049001;2021-08-05;2
14506049001;2021-08-06;2
14506049001;2021-08-07;2
14506049001;2021-08-08;2
14506049001;2021-08-09;2
14506049001;2021-08-11;4
14506049001;2021-08-12;2
14506049001;2021-08-13;4
14506049001;2021-08-14;2
14506049001;2021-08-15;1
14506049001;2021-08-16;1
14506049001;2021-08-17;3
14506057001;2021-08-10;1
14506057001;2021-08-11;1
14506060001;2021-08-01;2
14506060001;2021-08-03;5
14506060001;2021-08-04;1
14506060001;2021-08-05;4
14506060001;2021-08-06;4
14506060001;2021-08-07;2
14506060001;2021-08-08;3
14506060001;2021-08-09;1
14506060001;2021-08-10;2
14506060001;2021-08-11;3
14506060001;2021-08-12;4
14506060001;2021-08-13;1
14506060001;2021-08-17;1
14506062001;2021-08-04;1
14506062001;2021-08-06;1
14506062001;2021-08-09;2
14506062001;2021-08-10;1
14506062001;2021-08-14;1
14506062001;2021-08-15;2
14506065001;2021-08-01;7
14506065001;2021-08-02;3
14506065001;2021-08-03;5
14506065001;2021-08-04;6
14506065001;2021-08-05;8
14506065001;2021-08-06;3
14506065001;2021-08-07;3
14506065001;2021-08-08;2
14506065001;2021-08-09;2
14506065001;2021-08-10;7
14506065001;2021-08-11;7
14506065001;2021-08-12;10
14506065001;2021-08-13;3
14506065001;2021-08-14;2
14506065001;2021-08-15;4
14506065001;2021-08-16;1
14506065001;2021-08-17;4
14506066001;2021-08-01;2
14506066001;2021-08-02;3
14506066001;2021-08-03;3
14506066001;2021-08-04;2
14506066001;2021-08-05;1
14506066001;2021-08-06;3
14506066001;2021-08-07;2
14506066001;2021-08-09;3
14506066001;2021-08-10;2
14506066001;2021-08-11;2
14506066001;2021-08-12;3
14506066001;2021-08-14;1
14506066001;2021-08-15;3
14506066001;2021-08-17;1
14506067001;2021-08-01;7
14506067001;2021-08-02;4
14506067001;2021-08-03;6
14506067001;2021-08-05;5
14506067001;2021-08-07;2
14506067001;2021-08-09;3
14506067001;2021-08-10;1
14506067001;2021-08-11;6
14506067001;2021-08-12;1
14506067001;2021-08-13;3
14506067001;2021-08-14;1
14506067001;2021-08-15;2
14506067001;2021-08-16;2
14506067001;2021-08-17;2
14506069001;2021-08-01;2
14506069001;2021-08-07;1
14506069001;2021-08-08;1
14506069001;2021-08-09;1
14506069001;2021-08-12;1
14506069001;2021-08-13;1
14506069001;2021-08-14;1
14506069001;2021-08-17;2
14506070001;2021-08-01;2
14506070001;2021-08-02;2
14506070001;2021-08-03;1
14506070001;2021-08-04;2
14506070001;2021-08-05;1
14506070001;2021-08-06;5
14506070001;2021-08-07;1
14506070001;2021-08-08;2
14506070001;2021-08-09;6
14506070001;2021-08-10;1
14506070001;2021-08-11;1
14506070001;2021-08-12;5
14506070001;2021-08-13;2
14506070001;2021-08-14;2
14506070001;2021-08-15;1
14506070001;2021-08-16;1
14506070001;2021-08-17;3
14506072001;2021-08-01;6
14506072001;2021-08-02;2
14506072001;2021-08-03;6
14506072001;2021-08-04;7
14506072001;2021-08-05;7
14506072001;2021-08-06;4
14506072001;2021-08-07;7
14506072001;2021-08-08;6
14506072001;2021-08-09;2
14506072001;2021-08-10;5
14506072001;2021-08-11;8
14506072001;2021-08-12;9
14506072001;2021-08-13;10
14506072001;2021-08-14;4
14506072001;2021-08-15;4
14506072001;2021-08-16;4
14506072001;2021-08-17;9
14506074001;2021-08-01;1
14506074001;2021-08-02;1
14506074001;2021-08-04;1
14506074001;2021-08-09;1
14506074001;2021-08-10;1
14506074001;2021-08-12;1
14506074001;2021-08-15;1
14506076001;2021-08-07;1
14506076001;2021-08-16;1
14506081001;2021-08-16;1
14506082001;2021-08-11;1
14506082001;2021-08-14;1
14506085001;2021-08-02;1
14506085001;2021-08-03;3
14506085001;2021-08-05;1
14506085001;2021-08-07;2
14506085001;2021-08-08;2
14506087001;2021-08-01;17
14506087001;2021-08-02;7
14506087001;2021-08-03;5
14506087001;2021-08-04;3
14506087001;2021-08-05;6
14506087001;2021-08-06;3
14506087001;2021-08-09;3
14506087001;2021-08-10;2
14506087001;2021-08-11;10
14506087001;2021-08-12;18
14506087001;2021-08-13;15
14506087001;2021-08-14;17
14506087001;2021-08-15;26
14506087001;2021-08-16;7
14506087001;2021-08-17;19
14506089001;2021-08-16;1
14506089001;2021-08-17;3
14506090001;2021-08-01;2
14506090001;2021-08-02;8
14506090001;2021-08-03;2
14506090001;2021-08-04;6
14506090001;2021-08-05;5
14506090001;2021-08-06;2
14506090001;2021-08-07;3
14506090001;2021-08-08;3
14506090001;2021-08-09;4
14506090001;2021-08-10;2
14506090001;2021-08-11;3
14506090001;2021-08-12;8
14506090001;2021-08-13;3
14506090001;2021-08-14;4
14506090001;2021-08-15;2
14506090001;2021-08-16;2
14506090001;2021-08-17;3
14506099001;2021-08-01;2
14506099001;2021-08-02;2
14506099001;2021-08-04;1
14506099001;2021-08-07;2
14506099001;2021-08-10;1
14506099001;2021-08-11;1
14506099001;2021-08-12;2
14506099001;2021-08-13;2
14506099001;2021-08-14;3
14506099001;2021-08-15;4
14506099001;2021-08-17;1
14506103001;2021-08-01;2
14506103001;2021-08-03;2
14506103001;2021-08-05;3
14506103001;2021-08-06;1
14506103001;2021-08-07;2
14506103001;2021-08-09;1
14506103001;2021-08-10;1
14506103001;2021-08-13;1
14506103001;2021-08-14;1
14506103001;2021-08-15;4
14506103001;2021-08-17;1
14506109001;2021-08-01;2
14506109001;2021-08-02;1
14506109001;2021-08-05;1
14506109001;2021-08-06;1
14506109001;2021-08-10;2
14506109001;2021-08-11;1
14506109001;2021-08-12;1
14506109001;2021-08-13;3
14506109001;2021-08-14;2
14506109001;2021-08-15;3
14506109001;2021-08-17;2
14506111001;2021-08-03;1
14506111001;2021-08-04;2
14506111001;2021-08-15;1
14506112001;2021-08-03;1
14506112001;2021-08-04;1
14506112001;2021-08-07;1
14506112001;2021-08-08;1
14506112001;2021-08-16;1
14506124001;2021-08-01;1
14506124001;2021-08-05;1
14506124001;2021-08-09;1
14506124001;2021-08-10;1
14506124001;2021-08-14;2
14506124001;2021-08-16;1
14506124001;2021-08-17;2
14506129001;2021-08-01;1
14506129001;2021-08-04;1
14506129001;2021-08-13;1
14506129001;2021-08-15;1
14506129001;2021-08-17;1
14506130001;2021-08-05;2
14506130001;2021-08-11;1
14506130001;2021-08-14;1
14506130001;2021-08-16;1
14506130001;2021-08-17;2
14506131001;2021-08-12;1
14506131001;2021-08-14;1
14506131001;2021-08-17;2
14506135001;2021-08-02;1
14506135001;2021-08-03;1
14506135001;2021-08-05;1
14506135001;2021-08-07;2
14506135001;2021-08-12;1
14506135001;2021-08-16;1
14506139001;2021-08-01;2
14506139001;2021-08-02;1
14506139001;2021-08-03;4
14506139001;2021-08-04;2
14506139001;2021-08-06;3
14506139001;2021-08-07;2
14506139001;2021-08-08;1
14506139001;2021-08-09;2
14506139001;2021-08-10;1
14506139001;2021-08-12;1
14506139001;2021-08-13;2
14506139001;2021-08-15;2
14506140001;2021-08-04;1
14506140001;2021-08-06;1
14506140001;2021-08-07;2
14506140001;2021-08-08;2
14506140001;2021-08-10;1
14506140001;2021-08-11;1
14506140001;2021-08-12;1
14506141001;2021-08-01;2
14506141001;2021-08-03;2
14506141001;2021-08-04;2
14506141001;2021-08-05;2
14506141001;2021-08-07;1
14506141001;2021-08-08;2
14506141001;2021-08-09;1
14506141001;2021-08-10;2
14506141001;2021-08-17;1
14506143001;2021-08-04;1
14506143001;2021-08-05;3
14506143001;2021-08-06;1
14506143001;2021-08-08;7
14506143001;2021-08-09;3
14506143001;2021-08-10;2
14506143001;2021-08-11;3
14506143001;2021-08-12;5
14506143001;2021-08-13;1
14506143001;2021-08-15;7
14506145001;2021-08-02;2
14506145001;2021-08-04;1
14506145001;2021-08-06;1
14506145001;2021-08-07;3
14506145001;2021-08-08;3
14506145001;2021-08-09;1
14506150001;2021-08-05;1
14506150001;2021-08-06;1
14506150001;2021-08-10;3
14506150001;2021-08-11;2
14506150001;2021-08-13;3
14506150001;2021-08-15;1
14506150001;2021-08-16;1
14506150001;2021-08-17;1
14506159001;2021-08-01;2
14506159001;2021-08-02;1
14506159001;2021-08-04;1
14506159001;2021-08-05;1
14506159001;2021-08-06;2
14506159001;2021-08-07;1
14506159001;2021-08-08;1
14506159001;2021-08-09;2
14506159001;2021-08-10;3
14506159001;2021-08-11;3
14506159001;2021-08-12;2
14506159001;2021-08-13;2
14506159001;2021-08-15;2
14506159001;2021-08-16;1
14506159001;2021-08-17;1
14506164001;2021-08-01;1
14506164001;2021-08-03;3
14506164001;2021-08-04;2
14506164001;2021-08-06;1
14506164001;2021-08-07;2
14506164001;2021-08-08;3
14506164001;2021-08-09;4
14506164001;2021-08-10;1
14506164001;2021-08-11;1
14506164001;2021-08-12;1
14506164001;2021-08-13;1
14506164001;2021-08-15;1
14506164001;2021-08-17;1
14506165001;2021-08-02;1
14506165001;2021-08-11;2
14506171001;2021-08-15;2
14506171001;2021-08-17;2
14506174001;2021-08-05;1
14506174001;2021-08-09;1
14506174001;2021-08-10;2
14506174001;2021-08-12;3
14506174001;2021-08-13;1
14506174001;2021-08-14;5
14506174001;2021-08-15;3
14506174001;2021-08-16;1
14506174001;2021-08-17;5
14506190001;2021-08-01;2
14506190001;2021-08-02;1
14506190001;2021-08-03;1
14506190001;2021-08-04;1
14506190001;2021-08-05;2
14506190001;2021-08-06;3
14506190001;2021-08-07;1
14506190001;2021-08-08;2
14506190001;2021-08-09;2
14506190001;2021-08-10;3
14506190001;2021-08-13;1
14506190001;2021-08-17;1
14506199001;2021-08-14;1
14506199001;2021-08-15;1
14506199001;2021-08-16;1
14506204001;2021-08-03;1
14506204001;2021-08-04;1
14506204001;2021-08-06;3
14506204001;2021-08-07;1
14506204001;2021-08-09;2
14506204001;2021-08-14;3
14506204001;2021-08-17;1
14506222001;2021-08-04;1
14506222001;2021-08-13;1
14506225001;2021-08-01;4
14506225001;2021-08-05;1
14506225001;2021-08-07;1
14506225001;2021-08-10;1
14506225001;2021-08-11;1
14506225001;2021-08-14;1
14506225001;2021-08-15;2
14506225001;2021-08-16;1
14506225001;2021-08-17;4
14506248001;2021-08-04;1
14506248001;2021-08-17;1
14506262001;2021-08-07;1
14506262001;2021-08-15;1
14506264001;2021-08-15;1
14506264001;2021-08-16;1
14506264001;2021-08-17;2
14506286001;2021-08-01;1
14506286001;2021-08-03;2
14506286001;2021-08-04;1
14506286001;2021-08-08;2
14506286001;2021-08-09;1
14506286001;2021-08-10;3
14506286001;2021-08-11;3
14506286001;2021-08-12;4
14506286001;2021-08-13;1
14506286001;2021-08-14;1
14506286001;2021-08-15;2
14506286001;2021-08-16;1
14506286001;2021-08-17;1
14506313001;2021-08-03;1
14506313001;2021-08-05;1
14506313001;2021-08-10;1
14506313001;2021-08-13;1
14506313001;2021-08-17;3
14506314001;2021-08-01;1
14506314001;2021-08-02;1
14506314001;2021-08-04;1
14506314001;2021-08-06;1
14506314001;2021-08-08;2
14506314001;2021-08-09;2
14506314001;2021-08-10;1
14506314001;2021-08-11;1
14506314001;2021-08-12;1
14506314001;2021-08-13;1
14506314001;2021-08-15;2
14506314001;2021-08-16;2
14506314001;2021-08-17;3
14506315001;2021-08-01;1
14506315001;2021-08-02;1
14506315001;2021-08-09;1
14506315001;2021-08-13;2
14506315001;2021-08-17;4
14506328001;2021-08-11;1
14506328001;2021-08-13;1
14506329001;2021-08-05;1
14506329001;2021-08-06;1
14506329001;2021-08-11;1
14506334001;2021-08-05;2
14506334001;2021-08-06;1
14506334001;2021-08-12;1
14506334001;2021-08-14;1
14506334001;2021-08-15;1
14506352001;2021-08-02;2
14506352001;2021-08-05;3
14506352001;2021-08-06;1
14506352001;2021-08-09;1
14506352001;2021-08-11;2
14506352001;2021-08-13;4
14506352001;2021-08-14;2
14506352001;2021-08-15;4
14506352001;2021-08-16;2
14506352001;2021-08-17;2
14506358001;2021-08-02;1
14506358001;2021-08-11;2
14506366001;2021-08-01;1
14506400001;2021-08-08;2
14506400001;2021-08-09;2
14506400001;2021-08-12;1
14506400001;2021-08-14;2
14506400001;2021-08-15;3
14506400001;2021-08-17;2
14506488001;2021-08-02;1
14506490001;2021-08-01;3
14506490001;2021-08-02;2
14506490001;2021-08-03;4
14506490001;2021-08-04;1
14506490001;2021-08-05;6
14506490001;2021-08-06;1
14506490001;2021-08-07;1
14506490001;2021-08-08;2
14506490001;2021-08-09;1
14506490001;2021-08-11;3
14506490001;2021-08-12;6
14506490001;2021-08-13;1
14506490001;2021-08-14;4
14506490001;2021-08-15;7
14506490001;2021-08-17;3
14506887001;2021-08-01;2
14506887001;2021-08-02;1
14506887001;2021-08-03;1
14506887001;2021-08-04;1
14506887001;2021-08-05;1
14506887001;2021-08-07;1
14506887001;2021-08-08;1
14506887001;2021-08-09;2
14506887001;2021-08-10;2
14506887001;2021-08-11;1
14506887001;2021-08-12;3
14506887001;2021-08-13;2
14506887001;2021-08-14;3
14506887001;2021-08-15;3
14506887001;2021-08-17;4
14507042001;2021-08-03;2
14507042001;2021-08-05;1
14507042001;2021-08-09;1
14507042001;2021-08-12;1
14507042001;2021-08-13;1
14507042001;2021-08-15;1
14507042001;2021-08-17;1
14507044001;2021-08-10;1
14507044001;2021-08-14;1
14507045001;2021-08-01;1
14507045001;2021-08-02;1
14507045001;2021-08-03;1
14507045001;2021-08-11;1
14507045001;2021-08-17;2
14507047001;2021-08-02;2
14507047001;2021-08-04;1
14507047001;2021-08-07;1
14507047001;2021-08-16;1
14507061001;2021-08-17;2
14507076001;2021-08-02;2
14507076001;2021-08-05;1
14507076001;2021-08-08;2
14507076001;2021-08-09;1
14507076001;2021-08-10;1
14507076001;2021-08-11;2
14507076001;2021-08-14;2
14507076001;2021-08-15;1
14507076001;2021-08-17;1
14507083001;2021-08-02;1
14507083001;2021-08-04;1
14507083001;2021-08-05;1
14507083001;2021-08-06;1
14507083001;2021-08-07;1
14507083001;2021-08-11;2
14507083001;2021-08-14;1
14507083001;2021-08-15;2
14507083001;2021-08-16;1
14507085001;2021-08-02;1
14507085001;2021-08-05;1
14507085001;2021-08-07;1
14507085001;2021-08-09;3
14507085001;2021-08-10;1
14507087001;2021-08-03;1
14507087001;2021-08-05;1
14507087001;2021-08-06;1
14507087001;2021-08-08;1
14507087001;2021-08-09;1
14507087001;2021-08-12;1
14507202001;2021-08-01;1
14507202001;2021-08-03;1
14508004001;2021-08-01;3
14508004001;2021-08-02;3
14508004001;2021-08-03;3
14508004001;2021-08-05;2
14508004001;2021-08-06;3
14508004001;2021-08-07;6
14508004001;2021-08-08;1
14508004001;2021-08-09;4
14508004001;2021-08-10;4
14508004001;2021-08-11;6
14508004001;2021-08-12;4
14508004001;2021-08-13;5
14508004001;2021-08-14;6
14508004001;2021-08-15;13
14508004001;2021-08-16;1
14508004001;2021-08-17;6
14508013001;2021-08-01;2
14508013001;2021-08-02;1
14508013001;2021-08-03;1
14508013001;2021-08-04;1
14508013001;2021-08-05;4
14508013001;2021-08-06;1
14508013001;2021-08-08;1
14508013001;2021-08-10;1
14508013001;2021-08-11;1
14508013001;2021-08-12;1
14508013001;2021-08-14;1
14508013001;2021-08-15;2
14508013001;2021-08-17;1
14508016001;2021-08-03;2
14508016001;2021-08-06;1
14508016001;2021-08-08;1
14508016001;2021-08-15;1
14508022001;2021-08-15;1
14508918001;2021-08-08;1
14508918001;2021-08-12;1
14509001001;2021-08-01;5
14509001001;2021-08-02;6
14509001001;2021-08-03;6
14509001001;2021-08-04;9
14509001001;2021-08-05;7
14509001001;2021-08-06;6
14509001001;2021-08-07;4
14509001001;2021-08-08;9
14509001001;2021-08-09;8
14509001001;2021-08-10;7
14509001001;2021-08-11;9
14509001001;2021-08-12;14
14509001001;2021-08-13;9
14509001001;2021-08-14;10
14509001001;2021-08-15;11
14509001001;2021-08-16;6
14509001001;2021-08-17;7
14509005001;2021-08-09;1
14509005001;2021-08-12;4
14509005001;2021-08-14;1
14509005001;2021-08-15;3
14509005001;2021-08-17;1
14509007001;2021-08-01;2
14509007001;2021-08-02;1
14509007001;2021-08-13;2
14509007001;2021-08-14;1
14509007001;2021-08-15;3
14509008001;2021-08-01;9
14509008001;2021-08-02;6
14509008001;2021-08-03;7
14509008001;2021-08-04;1
14509008001;2021-08-05;5
14509008001;2021-08-06;4
14509008001;2021-08-07;7
14509008001;2021-08-08;8
14509008001;2021-08-09;6
14509008001;2021-08-10;8
14509008001;2021-08-11;7
14509008001;2021-08-12;10
14509008001;2021-08-13;2
14509008001;2021-08-14;5
14509008001;2021-08-15;28
14509008001;2021-08-16;4
14509008001;2021-08-17;6
14509013001;2021-08-01;1
14509013001;2021-08-02;1
14509013001;2021-08-06;1
14509013001;2021-08-09;1
14509013001;2021-08-10;1
14509013001;2021-08-11;1
14509013001;2021-08-12;2
14509013001;2021-08-17;1
14509015001;2021-08-06;1
14509015001;2021-08-10;1
14509015001;2021-08-11;3
14509015001;2021-08-12;3
14509016001;2021-08-04;1
14509016001;2021-08-05;1
14509016001;2021-08-07;2
14509016001;2021-08-09;2
14509016001;2021-08-11;3
14509016001;2021-08-13;1
14509016001;2021-08-14;2
14509016001;2021-08-15;4
14509016001;2021-08-17;3
14509021001;2021-08-10;1
14509024001;2021-08-02;1
14509024001;2021-08-16;1
14509025001;2021-08-13;1
14509035001;2021-08-10;1
14509036001;2021-08-01;1
14509036001;2021-08-05;1
14509036001;2021-08-06;2
14509036001;2021-08-09;1
14509036001;2021-08-10;2
14509036001;2021-08-11;3
14509036001;2021-08-12;1
14509036001;2021-08-13;2
14509036001;2021-08-14;1
14509036001;2021-08-15;3
14509037001;2021-08-12;1
14510014001;2021-08-08;1
14510014001;2021-08-09;1
14510014001;2021-08-10;1
14510014001;2021-08-15;1
14511005001;2021-08-07;1
14511005001;2021-08-09;1
14511005001;2021-08-10;1
14511005001;2021-08-12;2
14511005001;2021-08-13;1
14511005001;2021-08-14;1
14511005001;2021-08-15;2
14512015001;2021-08-01;1
14512015001;2021-08-03;1
14512015001;2021-08-05;1
14512015001;2021-08-11;1
14512015001;2021-08-15;2
14512916001;2021-08-02;1
14512916001;2021-08-05;2
14512916001;2021-08-06;1
14512916001;2021-08-10;1
14512916001;2021-08-12;2
14512916001;2021-08-15;3
14512916001;2021-08-17;1
14520044001;2021-08-01;1
14520044001;2021-08-09;1
14520044001;2021-08-10;2
14520044001;2021-08-16;1
14520065001;2021-08-01;12
14520065001;2021-08-02;5
14520065001;2021-08-03;8
14520065001;2021-08-04;6
14520065001;2021-08-05;8
14520065001;2021-08-06;7
14520065001;2021-08-07;14
14520065001;2021-08-08;13
14520065001;2021-08-09;12
14520065001;2021-08-10;11
14520065001;2021-08-11;8
14520065001;2021-08-12;9
14520065001;2021-08-13;9
14520065001;2021-08-14;7
14520065001;2021-08-15;6
14520065001;2021-08-16;6
14520065001;2021-08-17;15
14520067001;2021-08-01;1
14520067001;2021-08-03;1
14520067001;2021-08-05;4
14520067001;2021-08-08;2
14520067001;2021-08-09;3
14520067001;2021-08-10;3
14520067001;2021-08-11;4
14520067001;2021-08-12;1
14520067001;2021-08-13;1
14520067001;2021-08-14;2
14520067001;2021-08-15;2
14520067001;2021-08-16;1
14520067001;2021-08-17;2
14520068001;2021-08-01;7
14520068001;2021-08-02;2
14520068001;2021-08-03;4
14520068001;2021-08-04;9
14520068001;2021-08-05;3
14520068001;2021-08-06;2
14520068001;2021-08-08;4
14520068001;2021-08-09;1
14520068001;2021-08-10;7
14520068001;2021-08-11;8
14520068001;2021-08-12;5
14520068001;2021-08-13;2
14520068001;2021-08-14;7
14520068001;2021-08-15;5
14520068001;2021-08-17;8
14521156001;2021-08-01;1
14521156001;2021-08-03;2
14521156001;2021-08-05;3
14521156001;2021-08-06;2
14521156001;2021-08-07;2
14521156001;2021-08-08;4
14521156001;2021-08-10;6
14521156001;2021-08-11;3
14521156001;2021-08-12;3
14521156001;2021-08-13;2
14521156001;2021-08-14;5
14521156001;2021-08-15;5
14521156001;2021-08-16;4
14521156001;2021-08-17;4
14521157001;2021-08-01;10
14521157001;2021-08-02;11
14521157001;2021-08-03;6
14521157001;2021-08-04;6
14521157001;2021-08-05;17
14521157001;2021-08-06;4
14521157001;2021-08-07;15
14521157001;2021-08-08;11
14521157001;2021-08-09;9
14521157001;2021-08-10;8
14521157001;2021-08-11;10
14521157001;2021-08-12;6
14521157001;2021-08-13;10
14521157001;2021-08-14;10
14521157001;2021-08-15;12
14521157001;2021-08-16;5
14521157001;2021-08-17;12
14521158001;2021-08-01;5
14521158001;2021-08-02;1
14521158001;2021-08-03;8
14521158001;2021-08-04;4
14521158001;2021-08-05;5
14521158001;2021-08-06;8
14521158001;2021-08-07;5
14521158001;2021-08-08;5
14521158001;2021-08-09;4
14521158001;2021-08-10;8
14521158001;2021-08-11;6
14521158001;2021-08-12;7
14521158001;2021-08-13;5
14521158001;2021-08-14;10
14521158001;2021-08-15;6
14521158001;2021-08-16;4
14521158001;2021-08-17;13
14521178001;2021-08-01;2
14521178001;2021-08-03;1
14521178001;2021-08-04;2
14521178001;2021-08-05;2
14521178001;2021-08-06;1
14521178001;2021-08-08;1
14521178001;2021-08-09;1
14521178001;2021-08-10;1
14521178001;2021-08-11;1
14521178001;2021-08-12;2
14521178001;2021-08-13;1
14521178001;2021-08-14;2
14521178001;2021-08-15;5
14521178001;2021-08-16;1
14521178001;2021-08-17;1
14521179001;2021-08-01;2
14521179001;2021-08-02;1
14521179001;2021-08-03;1
14521179001;2021-08-05;1
14521179001;2021-08-07;1
14521179001;2021-08-12;2
14521179001;2021-08-14;1
14521179001;2021-08-15;3
14521179001;2021-08-16;1
14521179001;2021-08-17;3
14521180001;2021-08-01;1
14521180001;2021-08-03;1
14521180001;2021-08-05;1
14521180001;2021-08-06;1
14521180001;2021-08-08;1
14521180001;2021-08-10;1
14521180001;2021-08-11;1
14521180001;2021-08-12;1
14521180001;2021-08-14;4
14521180001;2021-08-15;3
14521180001;2021-08-16;1
14521180001;2021-08-17;1
14521181001;2021-08-01;4
14521181001;2021-08-02;1
14521181001;2021-08-03;1
14521181001;2021-08-05;2
14521181001;2021-08-06;1
14521181001;2021-08-10;1
14521181001;2021-08-11;1
14521181001;2021-08-12;3
14521181001;2021-08-14;3
14521181001;2021-08-15;3
14521181001;2021-08-16;1
14521181001;2021-08-17;3
14522048001;2021-08-01;3
14522048001;2021-08-03;3
14522048001;2021-08-04;1
14522048001;2021-08-05;5
14522048001;2021-08-06;2
14522049001;2021-08-01;1
14522049001;2021-08-03;2
14522049001;2021-08-05;1
14522049001;2021-08-06;1
14522049001;2021-08-07;2
14522049001;2021-08-08;1
14522049001;2021-08-09;1
14522049001;2021-08-10;5
14522049001;2021-08-11;2
14522049001;2021-08-12;1
14522049001;2021-08-13;2
14522049001;2021-08-14;2
14522049001;2021-08-16;1
14522049001;2021-08-17;3
14522050001;2021-08-01;2
14522050001;2021-08-02;1
14522050001;2021-08-03;2
14522050001;2021-08-04;1
14522050001;2021-08-05;3
14522050001;2021-08-08;4
14522050001;2021-08-09;3
14522050001;2021-08-10;4
14522050001;2021-08-11;1
14522050001;2021-08-12;3
14522050001;2021-08-14;1
14522050001;2021-08-15;2
14522050001;2021-08-17;1
14522051001;2021-08-01;1
14522051001;2021-08-02;1
14522051001;2021-08-03;1
14522051001;2021-08-05;2
14522051001;2021-08-06;1
14522051001;2021-08-07;1
14522051001;2021-08-08;3
14522051001;2021-08-09;2
14522051001;2021-08-10;1
14522051001;2021-08-11;3
14522051001;2021-08-12;1
14522051001;2021-08-14;4
14522051001;2021-08-15;4
14522051001;2021-08-17;1
14522065001;2021-08-01;1
14522065001;2021-08-02;1
14522065001;2021-08-03;1
14522065001;2021-08-05;2
14522065001;2021-08-09;1
14522065001;2021-08-10;1
14522065001;2021-08-12;1
14522065001;2021-08-13;1
14522065001;2021-08-14;1
14522065001;2021-08-15;1
14522065001;2021-08-16;1
14522065001;2021-08-17;1
14524015001;2021-08-01;1
14524015001;2021-08-05;1
14524015001;2021-08-08;1
14600005001;2021-08-01;16
14600005001;2021-08-02;19
14600005001;2021-08-03;30
14600005001;2021-08-04;28
14600005001;2021-08-05;15
14600005001;2021-08-06;9
14600005001;2021-08-07;8
14600005001;2021-08-08;6
14600005001;2021-08-09;6
14600005001;2021-08-10;7
14600005001;2021-08-11;2
14600005001;2021-08-12;8
14600005001;2021-08-13;3
14600005001;2021-08-14;2
14600005001;2021-08-15;1
14600007001;2021-08-09;2
14600007001;2021-08-10;2
14600007001;2021-08-11;3
14600007001;2021-08-13;1
14600007001;2021-08-15;1
14600007001;2021-08-17;1
14600011001;2021-08-02;1
14600011001;2021-08-03;1
14600011001;2021-08-04;2
14600011001;2021-08-05;1
14600011001;2021-08-06;1
14600011001;2021-08-08;1
14600011001;2021-08-09;5
14600011001;2021-08-10;4
14600011001;2021-08-11;2
14600011001;2021-08-12;1
14600011001;2021-08-13;3
14600011001;2021-08-14;1
14600011001;2021-08-15;5
14600011001;2021-08-16;2
14600011001;2021-08-17;3
14600013001;2021-08-01;7
14600013001;2021-08-02;6
14600013001;2021-08-03;1
14600013001;2021-08-04;1
14600013001;2021-08-06;1
14600013001;2021-08-07;4
14600013001;2021-08-12;3
14600013001;2021-08-13;3
14600013001;2021-08-14;1
14600013001;2021-08-15;6
14600013001;2021-08-16;10
14600013001;2021-08-17;8
14600017001;2021-08-05;2
14600017001;2021-08-08;2
14600017001;2021-08-09;1
14600017001;2021-08-10;1
14600017001;2021-08-11;1
14600017001;2021-08-12;1
14600017001;2021-08-13;1
14600017001;2021-08-15;1
14600017001;2021-08-17;1
14600020001;2021-08-01;3
14600020001;2021-08-02;1
14600020001;2021-08-03;2
14600020001;2021-08-08;1
14600020001;2021-08-13;1
14600020001;2021-08-14;1
14600020001;2021-08-17;3
14600022001;2021-08-01;1
14600022001;2021-08-03;1
14600022001;2021-08-05;1
14600022001;2021-08-11;1
14600022001;2021-08-13;1
14600022001;2021-08-15;1
14600023001;2021-08-02;1
14600023001;2021-08-05;4
14600023001;2021-08-06;2
14600023001;2021-08-08;4
14600023001;2021-08-09;5
14600023001;2021-08-10;3
14600023001;2021-08-11;11
14600023001;2021-08-12;21
14600023001;2021-08-13;10
14600023001;2021-08-14;16
14600023001;2021-08-15;11
14600023001;2021-08-16;12
14600023001;2021-08-17;19
14600032001;2021-08-01;1
14600032001;2021-08-02;1
14600032001;2021-08-04;1
14600032001;2021-08-05;1
14600032001;2021-08-07;1
14600032001;2021-08-09;1
14600032001;2021-08-10;2
14600032001;2021-08-11;1
14600032001;2021-08-12;2
14600898001;2021-08-01;1
14600898001;2021-08-02;2
14600898001;2021-08-03;2
14600898001;2021-08-04;2
14600898001;2021-08-05;1
14600898001;2021-08-06;1
14600898001;2021-08-07;1
14600898001;2021-08-08;2
14600898001;2021-08-09;2
14600898001;2021-08-10;2
14600898001;2021-08-11;1
14600898001;2021-08-14;4
14600898001;2021-08-15;2
14600898001;2021-08-17;1
14600899001;2021-08-01;1
14600899001;2021-08-03;1
14600899001;2021-08-04;3
14600899001;2021-08-06;3
14600899001;2021-08-09;1
14600899001;2021-08-13;2
14600899001;2021-08-14;1
14600899001;2021-08-17;1
14600907001;2021-08-07;1
14600907001;2021-08-08;1
14600907001;2021-08-15;1
14600912001;2021-08-04;1
14600912001;2021-08-07;1
14600912001;2021-08-09;2
14600912001;2021-08-13;2
14600912001;2021-08-14;1
14600912001;2021-08-15;1
14600999001;2021-08-13;1
14601001001;2021-08-02;1
14601001001;2021-08-03;1
14601001001;2021-08-05;2
14601001001;2021-08-06;1
14601001001;2021-08-09;3
14601001001;2021-08-10;2
14601001001;2021-08-12;1
14601001001;2021-08-13;2
14601001001;2021-08-17;1
14601003001;2021-08-03;1
14601003001;2021-08-04;1
14601003001;2021-08-06;1
14601003001;2021-08-12;3
14601003001;2021-08-13;2
14601003001;2021-08-15;3
14601003001;2021-08-16;2
14601003001;2021-08-17;4
14601004001;2021-08-01;2
14601004001;2021-08-02;2
14601004001;2021-08-03;1
14601004001;2021-08-04;3
14601004001;2021-08-05;2
14601004001;2021-08-06;3
14601004001;2021-08-07;2
14601004001;2021-08-08;3
14601004001;2021-08-09;3
14601004001;2021-08-10;4
14601004001;2021-08-11;2
14601004001;2021-08-12;5
14601004001;2021-08-13;3
14601004001;2021-08-14;2
14601004001;2021-08-15;5
14601004001;2021-08-16;1
14601004001;2021-08-17;4
14601009001;2021-08-10;1
14601009001;2021-08-15;1
14601015001;2021-08-01;1
14601015001;2021-08-03;3
14601015001;2021-08-05;2
14601015001;2021-08-06;1
14601016001;2021-08-03;1
14601016001;2021-08-08;1
14601027001;2021-08-02;1
14601027001;2021-08-03;1
14601027001;2021-08-05;1
14601027001;2021-08-06;1
14601027001;2021-08-08;2
14601027001;2021-08-11;1
14601027001;2021-08-12;1
14601027001;2021-08-14;1
14601028001;2021-08-12;2
14601028001;2021-08-14;1
14601028001;2021-08-15;1
14601047001;2021-08-05;1
14601047001;2021-08-07;1
14601047001;2021-08-08;1
14601047001;2021-08-09;3
14601047001;2021-08-10;1
14601047001;2021-08-11;3
14601047001;2021-08-12;1
14601047001;2021-08-13;2
14601047001;2021-08-14;1
14601047001;2021-08-15;3
14601047001;2021-08-17;1
14601051001;2021-08-02;1
14601051001;2021-08-04;1
14601051001;2021-08-05;1
14601051001;2021-08-06;1
14601051001;2021-08-09;1
14601051001;2021-08-13;1
14601051001;2021-08-14;1
14601051001;2021-08-15;1
14601051001;2021-08-16;1
14601063001;2021-08-02;1
14601063001;2021-08-04;1
14601063001;2021-08-09;1
14601063001;2021-08-12;1
14601063001;2021-08-13;2
14601063001;2021-08-14;1
14601063001;2021-08-15;1
14601063001;2021-08-17;1
14601065001;2021-08-01;1
14601065001;2021-08-03;2
14601065001;2021-08-04;1
14601065001;2021-08-05;3
14601065001;2021-08-08;1
14601065001;2021-08-09;1
14601065001;2021-08-11;1
14601065001;2021-08-12;2
14601067001;2021-08-02;1
14601067001;2021-08-05;1
14601067001;2021-08-10;2
14601067001;2021-08-11;1
14601067001;2021-08-13;1
14601067001;2021-08-15;1
14601073001;2021-08-10;1
14601073001;2021-08-12;1
14601073001;2021-08-15;1
14601999001;2021-08-02;3
14601999001;2021-08-03;1
14601999001;2021-08-04;1
14601999001;2021-08-07;1
14601999001;2021-08-08;2
14601999001;2021-08-09;1
14601999001;2021-08-10;1
14601999001;2021-08-11;1
14601999001;2021-08-12;1
14601999001;2021-08-14;1
14601999001;2021-08-15;5
14602013001;2021-08-06;1
14602022001;2021-08-04;1
14602022001;2021-08-05;1
14602022001;2021-08-06;1
14602022001;2021-08-09;2
14602022001;2021-08-16;1
14602022001;2021-08-17;2
14602033001;2021-08-13;1
14602034001;2021-08-03;2
14602034001;2021-08-07;1
14602034001;2021-08-12;1
14602034001;2021-08-14;1
14602034001;2021-08-16;1
14602035001;2021-08-10;1
14602035001;2021-08-12;1
14602035001;2021-08-14;2
14602036001;2021-08-01;1
14602036001;2021-08-11;1
14602036001;2021-08-12;1
14602036001;2021-08-14;1
14602037001;2021-08-05;1
14602037001;2021-08-08;1
14602037001;2021-08-11;1
14602049001;2021-08-09;1
14602049001;2021-08-10;1
14602049001;2021-08-12;2
14602049001;2021-08-15;1
14602049001;2021-08-16;1
14602050001;2021-08-01;1
14602050001;2021-08-04;1
14602050001;2021-08-12;3
14602050001;2021-08-15;1
14602050001;2021-08-16;1
14602052001;2021-08-01;1
14602052001;2021-08-06;1
14602058001;2021-08-05;1
14602058001;2021-08-09;1
14602058001;2021-08-13;2
14602058001;2021-08-17;1
14602060001;2021-08-02;1
14602060001;2021-08-04;1
14602060001;2021-08-05;2
14602060001;2021-08-06;1
14602060001;2021-08-09;1
14602061001;2021-08-01;1
14602061001;2021-08-04;1
14602061001;2021-08-05;1
14602063001;2021-08-01;2
14602063001;2021-08-02;1
14602063001;2021-08-05;2
14602063001;2021-08-07;1
14602074001;2021-08-06;1
14602074001;2021-08-07;1
14602116001;2021-08-01;2
14602116001;2021-08-04;1
14602120001;2021-08-02;1
14602120001;2021-08-15;1
14603003001;2021-08-01;2
14603003001;2021-08-02;4
14603003001;2021-08-03;1
14603003001;2021-08-05;4
14603003001;2021-08-06;2
14603003001;2021-08-07;3
14603003001;2021-08-08;3
14603003001;2021-08-09;6
14603003001;2021-08-10;1
14603003001;2021-08-11;2
14603003001;2021-08-12;2
14603003001;2021-08-13;4
14603003001;2021-08-14;3
14603003001;2021-08-15;8
14603003001;2021-08-17;8
14603004001;2021-08-01;2
14603004001;2021-08-02;3
14603004001;2021-08-03;3
14603004001;2021-08-04;1
14603004001;2021-08-07;1
14603004001;2021-08-08;1
14603004001;2021-08-10;1
14603004001;2021-08-11;5
14603004001;2021-08-14;1
14603004001;2021-08-15;3
14603004001;2021-08-16;1
14603004001;2021-08-17;5
14603005001;2021-08-01;2
14603005001;2021-08-02;2
14603005001;2021-08-04;1
14603005001;2021-08-08;2
14603005001;2021-08-09;2
14603005001;2021-08-10;1
14603005001;2021-08-11;2
14603005001;2021-08-14;3
14603005001;2021-08-15;5
14603005001;2021-08-16;2
14603005001;2021-08-17;1
14603010001;2021-08-01;1
14603010001;2021-08-02;1
14603010001;2021-08-03;1
14603010001;2021-08-04;1
14603010001;2021-08-05;1
14603010001;2021-08-06;2
14603010001;2021-08-12;2
14603010001;2021-08-14;1
14603010001;2021-08-15;1
14603012001;2021-08-02;1
14603012001;2021-08-04;1
14603012001;2021-08-05;1
14603012001;2021-08-06;1
14603012001;2021-08-09;1
14603012001;2021-08-13;2
14603012001;2021-08-17;1
14603014001;2021-08-08;1
14603019001;2021-08-01;1
14603019001;2021-08-03;2
14603019001;2021-08-05;1
14603019001;2021-08-14;3
14603019001;2021-08-15;1
14603019001;2021-08-16;1
14603019001;2021-08-17;1
14603026001;2021-08-01;1
14603026001;2021-08-03;1
14603030001;2021-08-14;1
14603030001;2021-08-15;1
14603030001;2021-08-17;1
14603038001;2021-08-02;1
14603038001;2021-08-05;1
14603038001;2021-08-10;1
14603038001;2021-08-12;3
14604001001;2021-08-08;1
14604001001;2021-08-14;1
14604042001;2021-08-02;1
14604042001;2021-08-12;1
14610001001;2021-08-04;1
14610001001;2021-08-08;2
14610001001;2021-08-11;3
14610001001;2021-08-12;4
14610001001;2021-08-13;1
14610001001;2021-08-15;1
14610001001;2021-08-16;2
14610001001;2021-08-17;3
14610002001;2021-08-01;8
14610002001;2021-08-02;9
14610002001;2021-08-03;8
14610002001;2021-08-04;8
14610002001;2021-08-05;5
14610002001;2021-08-06;12
14610002001;2021-08-07;5
14610002001;2021-08-08;6
14610002001;2021-08-09;6
14610002001;2021-08-10;10
14610002001;2021-08-11;11
14610002001;2021-08-12;10
14610002001;2021-08-13;11
14610002001;2021-08-14;11
14610002001;2021-08-15;4
14610002001;2021-08-16;7
14610002001;2021-08-17;7
14610008001;2021-08-11;1
14610008001;2021-08-12;1
14610008001;2021-08-14;1
14610008001;2021-08-15;18
14610008001;2021-08-17;1
14610009001;2021-08-02;1
14610009001;2021-08-04;1
14610009001;2021-08-10;1
14610009001;2021-08-12;3
14610009001;2021-08-13;3
14610009001;2021-08-15;1
14610010001;2021-08-01;2
14610010001;2021-08-03;1
14610010001;2021-08-05;1
14610010001;2021-08-12;1
14610010001;2021-08-13;2
14610010001;2021-08-15;1
14610010001;2021-08-17;2
14610011001;2021-08-01;1
14610011001;2021-08-03;1
14610011001;2021-08-04;1
14610011001;2021-08-05;3
14610011001;2021-08-06;1
14610011001;2021-08-07;1
14610011001;2021-08-08;1
14610011001;2021-08-09;3
14610011001;2021-08-11;1
14610011001;2021-08-12;2
14610011001;2021-08-14;1
14610011001;2021-08-15;2
14610011001;2021-08-17;2
14611002001;2021-08-01;6
14611002001;2021-08-02;5
14611002001;2021-08-03;7
14611002001;2021-08-04;8
14611002001;2021-08-05;6
14611002001;2021-08-06;2
14611002001;2021-08-07;6
14611002001;2021-08-08;10
14611002001;2021-08-09;6
14611002001;2021-08-10;6
14611002001;2021-08-11;7
14611002001;2021-08-12;8
14611002001;2021-08-13;9
14611002001;2021-08-14;9
14611002001;2021-08-15;11
14611002001;2021-08-16;6
14611002001;2021-08-17;14
14611007001;2021-08-08;2
14611007001;2021-08-11;1
14611007001;2021-08-12;1
14611007001;2021-08-15;1
14611009001;2021-08-02;1
14611009001;2021-08-03;1
14611009001;2021-08-05;1
14611009001;2021-08-07;1
14611009001;2021-08-17;1
14611010001;2021-08-01;17
14611010001;2021-08-02;29
14611010001;2021-08-03;22
14611010001;2021-08-04;26
14611010001;2021-08-05;21
14611010001;2021-08-06;16
14611010001;2021-08-07;21
14611010001;2021-08-08;29
14611010001;2021-08-09;28
14611010001;2021-08-10;31
14611010001;2021-08-11;31
14611010001;2021-08-12;32
14611010001;2021-08-13;34
14611010001;2021-08-14;25
14611010001;2021-08-15;32
14611010001;2021-08-16;8
14611010001;2021-08-17;24
14611013001;2021-08-02;1
14611013001;2021-08-03;1
14611013001;2021-08-04;2
14611013001;2021-08-06;1
14611013001;2021-08-08;2
14611013001;2021-08-09;2
14611013001;2021-08-10;1
14611013001;2021-08-11;2
14611013001;2021-08-12;1
14611013001;2021-08-14;2
14611013001;2021-08-17;1
14611020001;2021-08-01;2
14611020001;2021-08-03;1
14611020001;2021-08-04;1
14611020001;2021-08-06;2
14611020001;2021-08-07;2
14611020001;2021-08-08;2
14611020001;2021-08-09;1
14611020001;2021-08-10;1
14611020001;2021-08-12;1
14611020001;2021-08-16;1
14611022001;2021-08-01;7
14611022001;2021-08-02;5
14611022001;2021-08-03;10
14611022001;2021-08-04;7
14611022001;2021-08-05;5
14611022001;2021-08-06;7
14611022001;2021-08-07;10
14611022001;2021-08-08;3
14611022001;2021-08-09;7
14611022001;2021-08-10;7
14611022001;2021-08-11;15
14611022001;2021-08-12;6
14611022001;2021-08-13;8
14611022001;2021-08-14;10
14611022001;2021-08-15;13
14611022001;2021-08-16;4
14611022001;2021-08-17;13
14611899001;2021-08-03;4
14611899001;2021-08-06;1
14611899001;2021-08-08;1
14611899001;2021-08-09;1
14611899001;2021-08-14;1
14611899001;2021-08-15;7
14611899001;2021-08-16;1
14611899001;2021-08-17;2
14611901001;2021-08-02;1
14611901001;2021-08-03;2
14611901001;2021-08-07;1
14611901001;2021-08-09;2
14611901001;2021-08-11;1
14611901001;2021-08-15;2
14611901001;2021-08-16;1
14612005001;2021-08-07;1
14612005001;2021-08-08;1
14612005001;2021-08-09;2
14612005001;2021-08-10;2
14612005001;2021-08-12;2
14612005001;2021-08-14;1
14612005001;2021-08-15;1
14612005001;2021-08-16;2
14612005001;2021-08-17;2
14612012001;2021-08-10;2
14612012001;2021-08-11;1
14612012001;2021-08-12;3
14612012001;2021-08-16;1
14612012001;2021-08-17;2
14612018002;2021-08-01;4
14612018002;2021-08-02;11
14612018002;2021-08-03;13
14612018002;2021-08-04;10
14612018002;2021-08-05;7
14612018002;2021-08-06;8
14612018002;2021-08-07;6
14612018002;2021-08-08;12
14612018002;2021-08-09;13
14612018002;2021-08-10;14
14612018002;2021-08-11;9
14612018002;2021-08-12;6
14612018002;2021-08-13;3
14612018002;2021-08-14;7
14612018002;2021-08-15;9
14612018002;2021-08-16;5
14612018002;2021-08-17;4
14612031001;2021-08-01;1
14612031001;2021-08-16;1
14612034001;2021-08-04;1
14612034001;2021-08-05;4
14612034001;2021-08-06;4
14612034001;2021-08-08;7
14612034001;2021-08-09;4
14612034001;2021-08-10;3
14612034001;2021-08-11;2
14612034001;2021-08-12;1
14612034001;2021-08-13;1
14612034001;2021-08-14;4
14612034001;2021-08-15;7
14612034001;2021-08-16;1
14612035001;2021-08-02;1
14612035001;2021-08-04;2
14612035001;2021-08-05;2
14612035001;2021-08-07;1
14612035001;2021-08-08;1
14612035001;2021-08-09;2
14612035001;2021-08-15;1
14612059001;2021-08-01;1
14612059001;2021-08-04;1
14612059001;2021-08-05;1
14612059001;2021-08-06;1
14612059001;2021-08-09;1
14612059001;2021-08-15;2
14612075001;2021-08-07;2
14612075001;2021-08-08;2
14612075001;2021-08-11;2
14612075001;2021-08-12;5
14612075001;2021-08-13;4
14612075001;2021-08-14;9
14612075001;2021-08-15;6
14612075001;2021-08-17;3
14612088001;2021-08-02;2
14612088001;2021-08-03;2
14612088001;2021-08-04;2
14612088001;2021-08-05;3
14612088001;2021-08-06;3
14612088001;2021-08-07;1
14612088001;2021-08-08;2
14612088001;2021-08-09;2
14612088001;2021-08-10;3
14612088001;2021-08-11;1
14612088001;2021-08-12;3
14612088001;2021-08-13;2
14612088001;2021-08-14;2
14612088001;2021-08-16;4
14612088001;2021-08-17;3
14612900001;2021-08-01;5
14612900001;2021-08-02;4
14612900001;2021-08-03;6
14612900001;2021-08-04;2
14612900001;2021-08-05;1
14612900001;2021-08-06;3
14612900001;2021-08-07;2
14612900001;2021-08-08;4
14612900001;2021-08-09;2
14612900001;2021-08-10;2
14612900001;2021-08-11;4
14612900001;2021-08-12;3
14612900001;2021-08-13;4
14612900001;2021-08-14;5
14612900001;2021-08-15;3
14612900001;2021-08-17;3
14612922001;2021-08-11;1
14612946001;2021-08-02;1
14612946001;2021-08-05;1
14612946001;2021-08-10;1
14613007001;2021-08-02;1
14613007001;2021-08-03;2
14613007001;2021-08-04;1
14613007001;2021-08-10;2
14613007001;2021-08-11;4
14613007001;2021-08-14;2
14613007001;2021-08-16;1
14613007001;2021-08-17;1
14613013001;2021-08-17;1
14613017001;2021-08-03;1
14613018001;2021-08-01;2
14613018001;2021-08-05;2
14613018001;2021-08-06;3
14613018001;2021-08-10;1
14613018001;2021-08-11;1
14613018001;2021-08-12;1
14613018001;2021-08-13;1
14613018001;2021-08-17;1
14613019001;2021-08-04;2
14613019001;2021-08-05;5
14613019001;2021-08-06;1
14613019001;2021-08-07;3
14613019001;2021-08-08;6
14613019001;2021-08-09;4
14613019001;2021-08-10;1
14613019001;2021-08-11;7
14613019001;2021-08-12;3
14613019001;2021-08-13;6
14613019001;2021-08-14;3
14613019001;2021-08-15;4
14613019001;2021-08-16;5
14613019001;2021-08-17;6
14613024001;2021-08-02;1
14613024001;2021-08-03;1
14613024001;2021-08-04;1
14613024001;2021-08-06;1
14613024001;2021-08-08;1
14613024001;2021-08-09;1
14613024001;2021-08-10;3
14613024001;2021-08-11;1
14613024001;2021-08-12;2
14613024001;2021-08-15;2
14613024001;2021-08-16;1
14613024001;2021-08-17;2
14613026001;2021-08-01;3
14613026001;2021-08-02;4
14613026001;2021-08-03;4
14613026001;2021-08-04;3
14613026001;2021-08-05;1
14613026001;2021-08-06;3
14613026001;2021-08-08;4
14613026001;2021-08-09;12
14613026001;2021-08-10;9
14613026001;2021-08-11;8
14613026001;2021-08-12;6
14613026001;2021-08-13;7
14613026001;2021-08-14;8
14613026001;2021-08-15;5
14613026001;2021-08-16;2
14613026001;2021-08-17;4
14613899001;2021-08-03;1
14613899001;2021-08-05;2
14613899001;2021-08-07;1
14613899001;2021-08-08;1
14613899001;2021-08-10;1
14613899001;2021-08-15;2
14613899001;2021-08-17;1
14613900001;2021-08-02;1
14613900001;2021-08-03;6
14613900001;2021-08-04;2
14613900001;2021-08-05;1
14613900001;2021-08-10;3
14613900001;2021-08-11;5
14613900001;2021-08-12;3
14613900001;2021-08-13;1
14613900001;2021-08-14;3
14613900001;2021-08-15;1
14613900001;2021-08-16;1
14613900001;2021-08-17;4
14613902001;2021-08-01;2
14613902001;2021-08-02;9
14613902001;2021-08-03;3
14613902001;2021-08-04;3
14613902001;2021-08-05;3
14613902001;2021-08-06;4
14613902001;2021-08-08;2
14613902001;2021-08-09;6
14613902001;2021-08-10;5
14613902001;2021-08-11;2
14613902001;2021-08-12;5
14613902001;2021-08-13;2
14613902001;2021-08-14;4
14613902001;2021-08-15;4
14613902001;2021-08-16;3
14613902001;2021-08-17;6
14613904001;2021-08-01;9
14613904001;2021-08-02;5
14613904001;2021-08-03;8
14613904001;2021-08-04;1
14613904001;2021-08-05;1
14613904001;2021-08-06;3
14613904001;2021-08-08;4
14613904001;2021-08-11;2
14613904001;2021-08-12;4
14613904001;2021-08-13;6
14613904001;2021-08-14;4
14613904001;2021-08-15;4
14613904001;2021-08-16;1
14613904001;2021-08-17;4
14613907001;2021-08-01;2
14613907001;2021-08-02;4
14613907001;2021-08-03;7
14613907001;2021-08-04;2
14613907001;2021-08-05;3
14613907001;2021-08-06;1
14613907001;2021-08-08;2
14613907001;2021-08-09;3
14613907001;2021-08-11;1
14613907001;2021-08-12;2
14613907001;2021-08-13;2
14613907001;2021-08-14;5
14613907001;2021-08-15;4
14613907001;2021-08-17;1
14613908001;2021-08-01;2
14613908001;2021-08-02;1
14613908001;2021-08-03;3
14613908001;2021-08-04;4
14613908001;2021-08-05;2
14613908001;2021-08-07;2
14613908001;2021-08-09;2
14613908001;2021-08-10;2
14613908001;2021-08-11;2
14613908001;2021-08-12;2
14613908001;2021-08-13;2
14613908001;2021-08-14;2
14613908001;2021-08-15;1
14613918001;2021-08-13;1
14613918001;2021-08-14;1
14613918001;2021-08-17;1
14614001001;2021-08-02;1
14614001001;2021-08-11;1
14614001001;2021-08-13;1
14614001001;2021-08-17;1
14615002001;2021-08-01;1
14615002001;2021-08-02;1
14615002001;2021-08-09;1
14615002001;2021-08-10;3
14615002001;2021-08-11;1
14615002001;2021-08-12;1
14615002001;2021-08-14;6
14615002001;2021-08-15;2
14615002001;2021-08-16;1
14615002001;2021-08-17;2
14615009001;2021-08-01;1
14615009001;2021-08-07;2
14615009001;2021-08-08;3
14615009001;2021-08-10;4
14615009001;2021-08-11;5
14615009001;2021-08-12;7
14615009001;2021-08-13;4
14615009001;2021-08-15;8
14615009001;2021-08-16;3
14615009001;2021-08-17;2
14615011001;2021-08-14;2
14615011001;2021-08-15;1
14615011001;2021-08-17;1
14615012001;2021-08-15;2
14615013001;2021-08-09;2
14615013001;2021-08-10;1
14615013001;2021-08-12;1
14615013001;2021-08-13;3
14615013001;2021-08-15;2
14615013001;2021-08-17;2
14615021001;2021-08-02;1
14615021001;2021-08-08;1
14615021001;2021-08-10;1
14615021001;2021-08-16;1
14615030001;2021-08-01;1
14615030001;2021-08-04;1
14615030001;2021-08-05;2
14615030001;2021-08-17;1
14615031001;2021-08-15;1
14615031001;2021-08-17;2
14615035001;2021-08-03;2
14615038001;2021-08-08;1
14615038001;2021-08-09;2
14615038001;2021-08-10;3
14615038001;2021-08-11;3
14615038001;2021-08-12;2
14615038001;2021-08-13;4
14615038001;2021-08-14;3
14615038001;2021-08-15;3
14615038001;2021-08-17;2
14615041001;2021-08-01;1
14615041001;2021-08-05;3
14615041001;2021-08-06;3
14615041001;2021-08-07;1
14615041001;2021-08-10;2
14615041001;2021-08-12;3
14615041001;2021-08-13;1
14615041001;2021-08-14;1
14615041001;2021-08-15;3
14615041001;2021-08-16;1
14615041001;2021-08-17;1
14615048001;2021-08-06;1
14615048001;2021-08-12;1
14615048001;2021-08-16;1
14615048001;2021-08-17;2
14615052001;2021-08-01;2
14615052001;2021-08-02;1
14615052001;2021-08-03;2
14615052001;2021-08-13;1
14615057001;2021-08-16;1
14615061001;2021-08-02;1
14615061001;2021-08-05;1
14615061001;2021-08-07;1
14615061001;2021-08-08;1
14615063001;2021-08-02;1
14615063001;2021-08-04;2
14615063001;2021-08-11;1
14615067001;2021-08-10;1
14615067001;2021-08-11;1
14615067001;2021-08-14;1
14615070001;2021-08-11;14
14615070001;2021-08-12;12
14615070001;2021-08-13;5
14615070001;2021-08-14;6
14615070001;2021-08-15;5
14615070001;2021-08-16;1
14615070001;2021-08-17;11
14615072001;2021-08-02;3
14615072001;2021-08-06;1
14615072001;2021-08-12;1
14615076001;2021-08-01;1
14615079001;2021-08-08;1
14615079001;2021-08-09;3
14615079001;2021-08-10;1
14615079001;2021-08-11;3
14615079001;2021-08-12;4
14615079001;2021-08-14;1
14615079001;2021-08-15;1
14615079001;2021-08-17;1
14615082001;2021-08-01;3
14615082001;2021-08-02;1
14615082001;2021-08-04;1
14615082001;2021-08-05;3
14615082001;2021-08-06;1
14615082001;2021-08-07;1
14615082001;2021-08-08;2
14615082001;2021-08-09;7
14615082001;2021-08-11;2
14615082001;2021-08-13;2
14615082001;2021-08-14;1
14615082001;2021-08-15;5
14615082001;2021-08-16;1
14615084001;2021-08-01;9
14615084001;2021-08-02;6
14615084001;2021-08-03;11
14615084001;2021-08-04;3
14615084001;2021-08-05;9
14615084001;2021-08-06;4
14615084001;2021-08-07;6
14615084001;2021-08-08;6
14615084001;2021-08-09;3
14615084001;2021-08-10;2
14615084001;2021-08-11;3
14615084001;2021-08-12;4
14615084001;2021-08-13;2
14615084001;2021-08-14;6
14615084001;2021-08-15;6
14615084001;2021-08-16;6
14615084001;2021-08-17;5
14615107001;2021-08-01;2
14615107001;2021-08-02;1
14615107001;2021-08-05;2
14615107001;2021-08-06;1
14615107001;2021-08-07;1
14615107001;2021-08-09;2
14615107001;2021-08-14;2
14615107001;2021-08-15;2
14615107001;2021-08-17;1
14615108001;2021-08-03;3
14615108001;2021-08-05;3
14615108001;2021-08-06;2
14615108001;2021-08-07;2
14615108001;2021-08-08;2
14615108001;2021-08-09;3
14615108001;2021-08-10;3
14615108001;2021-08-11;2
14615108001;2021-08-14;3
14615108001;2021-08-15;1
14615108001;2021-08-17;1
14615114001;2021-08-03;1
14615114001;2021-08-07;1
14615114001;2021-08-08;1
14615114001;2021-08-13;1
14615114001;2021-08-15;2
14615133001;2021-08-01;2
14615133001;2021-08-02;1
14615133001;2021-08-03;1
14615133001;2021-08-06;3
14615133001;2021-08-08;2
14615133001;2021-08-09;3
14615133001;2021-08-10;5
14615133001;2021-08-12;5
14615133001;2021-08-13;3
14615133001;2021-08-14;6
14615133001;2021-08-15;5
14615133001;2021-08-16;1
14615133001;2021-08-17;5
14615897001;2021-08-03;1
14615897001;2021-08-08;1
14615897001;2021-08-11;1
14615898001;2021-08-04;1
14615898001;2021-08-09;1
14615898001;2021-08-10;1
14615898001;2021-08-16;1
14616001001;2021-08-03;3
14616001001;2021-08-04;1
14616001001;2021-08-05;2
14616001001;2021-08-10;1
14616001001;2021-08-13;4
14616001001;2021-08-14;1
14616001001;2021-08-15;20
14616001001;2021-08-16;1
14616001001;2021-08-17;4
14616002001;2021-08-04;2
14616002001;2021-08-05;4
14616002001;2021-08-06;5
14616002001;2021-08-08;5
14616002001;2021-08-09;6
14616002001;2021-08-10;4
14616002001;2021-08-11;3
14616002001;2021-08-12;3
14616002001;2021-08-13;5
14616002001;2021-08-14;6
14616002001;2021-08-15;6
14616002001;2021-08-17;4
14616006001;2021-08-01;6
14616006001;2021-08-02;7
14616006001;2021-08-03;10
14616006001;2021-08-04;2
14616006001;2021-08-05;11
14616006001;2021-08-06;10
14616006001;2021-08-07;5
14616006001;2021-08-08;9
14616006001;2021-08-09;10
14616006001;2021-08-10;11
14616006001;2021-08-11;5
14616006001;2021-08-12;6
14616006001;2021-08-13;10
14616006001;2021-08-14;9
14616006001;2021-08-15;7
14616006001;2021-08-16;5
14616006001;2021-08-17;8
14616009001;2021-08-01;1
14616009001;2021-08-02;1
14616009001;2021-08-05;1
14616009001;2021-08-06;1
14616009001;2021-08-12;2
14616009001;2021-08-16;1
14616009001;2021-08-17;2
14616013001;2021-08-03;1
14616013001;2021-08-05;3
14616013001;2021-08-08;1
14616013001;2021-08-10;1
14616013001;2021-08-15;20
14616013001;2021-08-17;1
14616017001;2021-08-01;3
14616017001;2021-08-02;2
14616017001;2021-08-03;4
14616017001;2021-08-06;1
14616017001;2021-08-09;1
14616017001;2021-08-10;1
14616017001;2021-08-12;1
14616017001;2021-08-13;1
14616017001;2021-08-14;1
14616017001;2021-08-17;2
14616018001;2021-08-05;2
14616018001;2021-08-07;1
14616018001;2021-08-08;2
14616018001;2021-08-09;1
14616018001;2021-08-11;1
14616018001;2021-08-15;1
14616018001;2021-08-17;2
14616019001;2021-08-01;2
14616019001;2021-08-09;1
14616019001;2021-08-10;3
14616019001;2021-08-11;2
14616019001;2021-08-12;1
14616019001;2021-08-13;2
14616019001;2021-08-14;3
14616019001;2021-08-15;1
14616020001;2021-08-02;1
14616020001;2021-08-10;1
14616020001;2021-08-17;1
14616021001;2021-08-01;1
14616021001;2021-08-02;2
14616021001;2021-08-04;2
14616021001;2021-08-08;1
14616021001;2021-08-09;1
14616021001;2021-08-13;1
14616021001;2021-08-14;1
14616021001;2021-08-17;2
14616022001;2021-08-09;1
14616022001;2021-08-10;1
14616022001;2021-08-12;1
14616022001;2021-08-13;1
14616022001;2021-08-14;1
14616022001;2021-08-15;2
14616022001;2021-08-16;1
14616022001;2021-08-17;1
14616033001;2021-08-05;1
14616033001;2021-08-07;1
14616033001;2021-08-13;1
14616033001;2021-08-15;1
14616038001;2021-08-13;1
14616038001;2021-08-17;1
14616044001;2021-08-03;1
14616053001;2021-08-01;1
14616054001;2021-08-02;4
14616054001;2021-08-03;4
14616054001;2021-08-06;2
14616054001;2021-08-08;3
14616054001;2021-08-09;3
14616054001;2021-08-10;1
14616054001;2021-08-11;2
14616054001;2021-08-13;2
14616054001;2021-08-14;3
14616054001;2021-08-15;3
14616060001;2021-08-10;1
14616194001;2021-08-09;1
14616195001;2021-08-04;1
14620001001;2021-08-04;1
14620001001;2021-08-08;1
14620001001;2021-08-09;1
14620001001;2021-08-12;1
14620001001;2021-08-14;1
14620006001;2021-08-01;3
14620006001;2021-08-02;5
14620006001;2021-08-03;5
14620006001;2021-08-04;5
14620006001;2021-08-05;14
14620006001;2021-08-06;5
14620006001;2021-08-07;3
14620006001;2021-08-08;6
14620006001;2021-08-09;6
14620006001;2021-08-10;7
14620006001;2021-08-11;7
14620006001;2021-08-12;10
14620006001;2021-08-13;2
14620006001;2021-08-14;12
14620006001;2021-08-15;8
14620006001;2021-08-16;1
14620006001;2021-08-17;8
14620007001;2021-08-05;1
14620007001;2021-08-14;1
14620007001;2021-08-15;1
14620012001;2021-08-01;1
14620012001;2021-08-07;1
14620012001;2021-08-09;1
14620012001;2021-08-11;1
14620012001;2021-08-14;1
14620012001;2021-08-15;2
14620014001;2021-08-01;12
14620014001;2021-08-02;3
14620014001;2021-08-03;8
14620014001;2021-08-04;8
14620014001;2021-08-05;6
14620014001;2021-08-06;13
14620014001;2021-08-07;9
14620014001;2021-08-08;7
14620014001;2021-08-09;5
14620014001;2021-08-10;4
14620014001;2021-08-11;7
14620014001;2021-08-12;10
14620014001;2021-08-13;6
14620014001;2021-08-14;13
14620014001;2021-08-15;13
14620014001;2021-08-16;2
14620014001;2021-08-17;8
14620019001;2021-08-01;1
14620019001;2021-08-13;3
14620019001;2021-08-17;1
14620021001;2021-08-01;1
14620021001;2021-08-03;3
14620021001;2021-08-04;1
14620021001;2021-08-05;2
14620021001;2021-08-06;3
14620021001;2021-08-07;2
14620021001;2021-08-08;1
14620021001;2021-08-09;2
14620021001;2021-08-10;1
14620021001;2021-08-11;1
14620021001;2021-08-12;1
14620021001;2021-08-13;1
14620021001;2021-08-14;1
14620021001;2021-08-15;4
14620021001;2021-08-17;4
14620028001;2021-08-05;1
14620028001;2021-08-08;1
14620028001;2021-08-10;1
14620030001;2021-08-01;1
14620030001;2021-08-02;3
14620030001;2021-08-03;10
14620030001;2021-08-04;2
14620030001;2021-08-05;4
14620030001;2021-08-06;2
14620030001;2021-08-07;2
14620030001;2021-08-08;1
14620030001;2021-08-09;4
14620030001;2021-08-10;4
14620030001;2021-08-11;3
14620030001;2021-08-12;1
14620030001;2021-08-13;6
14620030001;2021-08-14;3
14620030001;2021-08-15;2
14620030001;2021-08-16;2
14620030001;2021-08-17;4
14620035001;2021-08-12;1
14620036001;2021-08-01;1
14620036001;2021-08-12;1
14620036001;2021-08-13;1
14620036001;2021-08-14;1
14620039001;2021-08-15;1
14620039001;2021-08-17;2
14620042001;2021-08-01;2
14620042001;2021-08-03;1
14620042001;2021-08-05;1
14620042001;2021-08-09;1
14620042001;2021-08-10;2
14620042001;2021-08-11;3
14620042001;2021-08-12;2
14620042001;2021-08-13;11
14620042001;2021-08-14;3
14620042001;2021-08-15;6
14620042001;2021-08-17;3
14620046001;2021-08-10;1
14620046001;2021-08-17;1
14620051001;2021-08-01;2
14620051001;2021-08-03;3
14620051001;2021-08-04;2
14620051001;2021-08-05;1
14620051001;2021-08-06;1
14620051001;2021-08-07;3
14620051001;2021-08-08;1
14620051001;2021-08-09;2
14620051001;2021-08-15;1
14620051001;2021-08-16;1
14620057001;2021-08-04;2
14620057001;2021-08-05;2
14620057001;2021-08-07;1
14620057001;2021-08-08;1
14620057001;2021-08-09;2
14620057001;2021-08-10;3
14620057001;2021-08-11;8
14620057001;2021-08-12;3
14620057001;2021-08-13;1
14620057001;2021-08-14;1
14620057001;2021-08-15;4
14620057001;2021-08-16;1
14620057001;2021-08-17;2
14620060001;2021-08-10;1
14620060001;2021-08-11;2
14620062001;2021-08-01;1
14620062001;2021-08-02;3
14620062001;2021-08-03;2
14620062001;2021-08-04;1
14620062001;2021-08-05;5
14620062001;2021-08-06;1
14620062001;2021-08-07;2
14620062001;2021-08-09;6
14620062001;2021-08-10;7
14620062001;2021-08-11;2
14620062001;2021-08-12;4
14620062001;2021-08-13;5
14620062001;2021-08-14;3
14620062001;2021-08-15;8
14620062001;2021-08-17;6
14620070001;2021-08-01;2
14620070001;2021-08-05;2
14620070001;2021-08-07;1
14620070001;2021-08-08;1
14620070001;2021-08-09;1
14620070001;2021-08-16;1
14620072001;2021-08-03;1
14620072001;2021-08-06;1
14620072001;2021-08-08;1
14620081001;2021-08-07;1
14620081001;2021-08-11;1
14620083001;2021-08-06;1
14620083001;2021-08-07;1
14620083001;2021-08-09;1
14620083001;2021-08-14;1
14620084001;2021-08-02;1
14620084001;2021-08-06;1
14620084001;2021-08-08;1
14620084001;2021-08-15;15
14620084001;2021-08-17;2
14620092001;2021-08-04;1
14620092001;2021-08-05;1
14620092001;2021-08-08;2
14620092001;2021-08-11;1
14620092001;2021-08-12;1
14620092001;2021-08-13;1
14620092001;2021-08-15;2
14620092001;2021-08-17;1
14620103001;2021-08-15;1
14620103001;2021-08-17;1
14620107001;2021-08-06;1
14620107001;2021-08-09;4
14620107001;2021-08-11;1
14620107001;2021-08-15;1
14620110001;2021-08-02;1
14620110001;2021-08-03;1
14620110001;2021-08-05;1
14620110001;2021-08-06;1
14620110001;2021-08-07;1
14620110001;2021-08-08;2
14620110001;2021-08-11;1
14620110001;2021-08-12;2
14620110001;2021-08-13;2
14620110001;2021-08-14;2
14620110001;2021-08-15;1
14620110001;2021-08-17;5
14620111001;2021-08-03;3
14620111001;2021-08-06;1
14620111001;2021-08-08;1
14620111001;2021-08-11;1
14620111001;2021-08-13;1
14620111001;2021-08-14;1
14620111001;2021-08-15;1
14620111001;2021-08-17;3
14620112001;2021-08-04;2
14620112001;2021-08-05;1
14620112001;2021-08-10;2
14620112001;2021-08-11;1
14620112001;2021-08-14;1
14620113001;2021-08-02;2
14620113001;2021-08-03;1
14620114001;2021-08-01;1
14620114001;2021-08-03;2
14620114001;2021-08-04;2
14620114001;2021-08-05;1
14620114001;2021-08-06;1
14620114001;2021-08-07;2
14620114001;2021-08-08;2
14620114001;2021-08-09;1
14620114001;2021-08-10;1
14620114001;2021-08-11;4
14620114001;2021-08-12;2
14620114001;2021-08-13;3
14620114001;2021-08-14;1
14620114001;2021-08-15;6
14620114001;2021-08-17;4
14620115001;2021-08-01;1
14620115001;2021-08-09;1
14620119001;2021-08-02;2
14620119001;2021-08-03;2
14620119001;2021-08-11;1
14620119001;2021-08-13;2
14620119001;2021-08-17;3
14620133001;2021-08-03;3
14620133001;2021-08-05;1
14620133001;2021-08-06;1
14620133001;2021-08-07;1
14620133001;2021-08-08;1
14620133001;2021-08-10;3
14620133001;2021-08-17;1
14620138001;2021-08-05;2
14620138001;2021-08-09;1
14620138001;2021-08-14;1
14620149001;2021-08-02;2
14620149001;2021-08-03;1
14620149001;2021-08-05;1
14620149001;2021-08-10;1
14620149001;2021-08-16;1
14620158001;2021-08-05;1
14620158001;2021-08-06;1
14620158001;2021-08-07;1
14620158001;2021-08-09;1
14620158001;2021-08-10;1
14620158001;2021-08-11;2
14620158001;2021-08-12;1
14620158001;2021-08-15;1
14620158001;2021-08-16;1
14620158001;2021-08-17;1
14620171001;2021-08-04;1
14620171001;2021-08-08;1
14620171001;2021-08-11;1
14620178001;2021-08-02;1
14620178001;2021-08-15;1
14620894001;2021-08-02;3
14620894001;2021-08-03;4
14620894001;2021-08-05;1
14620894001;2021-08-06;2
14620894001;2021-08-07;2
14620894001;2021-08-08;3
14620894001;2021-08-09;2
14620894001;2021-08-10;1
14620894001;2021-08-11;4
14620894001;2021-08-12;5
14620894001;2021-08-15;2
14620894001;2021-08-16;1
14620894001;2021-08-17;2
14620907001;2021-08-01;9
14620907001;2021-08-02;5
14620907001;2021-08-03;13
14620907001;2021-08-04;5
14620907001;2021-08-05;11
14620907001;2021-08-06;9
14620907001;2021-08-07;3
14620907001;2021-08-08;10
14620907001;2021-08-09;6
14620907001;2021-08-10;4
14620907001;2021-08-11;14
14620907001;2021-08-12;12
14620907001;2021-08-13;11
14620907001;2021-08-14;8
14620907001;2021-08-15;10
14620907001;2021-08-16;4
14620907001;2021-08-17;6
14620908001;2021-08-02;3
14620908001;2021-08-03;1
14620908001;2021-08-04;7
14620908001;2021-08-05;3
14620908001;2021-08-06;3
14620908001;2021-08-08;1
14620908001;2021-08-09;1
14620908001;2021-08-10;2
14620908001;2021-08-11;2
14620908001;2021-08-12;5
14620908001;2021-08-15;1
14620908001;2021-08-17;5
14620909001;2021-08-13;2
14620909001;2021-08-14;2
14620909001;2021-08-15;2
14620909001;2021-08-17;1
14620920001;2021-08-01;1
14620920001;2021-08-03;1
14620920001;2021-08-06;1
14620920001;2021-08-09;1
14620920001;2021-08-11;1
14620920001;2021-08-15;1
14620922001;2021-08-05;1
14620922001;2021-08-06;1
14620922001;2021-08-07;1
14620922001;2021-08-09;2
14620922001;2021-08-11;1
14620922001;2021-08-12;1
14620922001;2021-08-14;1
14620922001;2021-08-15;1
14620999001;2021-08-01;2
14620999001;2021-08-03;3
14620999001;2021-08-04;1
14620999001;2021-08-06;1
14620999001;2021-08-07;2
14620999001;2021-08-08;2
14620999001;2021-08-09;5
14620999001;2021-08-10;1
14620999001;2021-08-11;4
14620999001;2021-08-12;1
14620999001;2021-08-14;1
14620999001;2021-08-16;2
14620999001;2021-08-17;1
14621005001;2021-08-09;1
14621005001;2021-08-10;1
14621005001;2021-08-11;4
14621005001;2021-08-12;4
14621005001;2021-08-13;3
14621005001;2021-08-14;2
14621005001;2021-08-15;2
14621005001;2021-08-16;1
14621005001;2021-08-17;1
14621009001;2021-08-01;1
14621009001;2021-08-03;2
14621009001;2021-08-05;1
14621009001;2021-08-06;3
14621009001;2021-08-08;1
14621009001;2021-08-11;1
14621009001;2021-08-13;1
14621009001;2021-08-14;1
14621009001;2021-08-15;2
14621012001;2021-08-02;1
14621012001;2021-08-05;1
14621012001;2021-08-06;1
14621012001;2021-08-09;2
14621012001;2021-08-11;2
14621012001;2021-08-12;1
14621012001;2021-08-17;1
14621013001;2021-08-01;2
14621013001;2021-08-02;1
14621013001;2021-08-03;1
14621013001;2021-08-08;1
14621013001;2021-08-10;1
14621013001;2021-08-13;1
14621013001;2021-08-14;3
14621013001;2021-08-15;1
14621013001;2021-08-17;2
14621021001;2021-08-05;1
14621021001;2021-08-06;1
14621021001;2021-08-07;1
14621021001;2021-08-08;1
14621021001;2021-08-11;1
14621021001;2021-08-13;1
14621021001;2021-08-15;1
14621021001;2021-08-16;1
14621029001;2021-08-01;3
14621029001;2021-08-03;4
14621029001;2021-08-04;2
14621029001;2021-08-05;5
14621029001;2021-08-07;1
14621029001;2021-08-08;5
14621029001;2021-08-09;2
14621029001;2021-08-10;1
14621029001;2021-08-11;3
14621029001;2021-08-12;1
14621029001;2021-08-14;4
14621029001;2021-08-15;2
14621029001;2021-08-17;3
14621034001;2021-08-04;1
14621034001;2021-08-05;1
14621034001;2021-08-10;2
14621034001;2021-08-12;1
14621034001;2021-08-13;2
14621035001;2021-08-02;1
14621035001;2021-08-03;1
14621041001;2021-08-01;11
14621041001;2021-08-02;11
14621041001;2021-08-03;11
14621041001;2021-08-04;6
14621041001;2021-08-05;7
14621041001;2021-08-06;4
14621041001;2021-08-07;6
14621041001;2021-08-08;7
14621041001;2021-08-09;5
14621041001;2021-08-10;3
14621041001;2021-08-11;9
14621041001;2021-08-12;12
14621041001;2021-08-13;7
14621041001;2021-08-14;9
14621041001;2021-08-15;7
14621041001;2021-08-16;3
14621041001;2021-08-17;5
14621044001;2021-08-01;1
14621045001;2021-08-01;2
14621045001;2021-08-02;1
14621045001;2021-08-06;1
14621045001;2021-08-08;1
14621045001;2021-08-09;2
14621045001;2021-08-11;1
14621045001;2021-08-12;1
14621045001;2021-08-13;2
14621045001;2021-08-14;3
14621045001;2021-08-16;1
14621048001;2021-08-02;1
14621048001;2021-08-03;3
14621048001;2021-08-04;5
14621048001;2021-08-05;1
14621048001;2021-08-09;1
14621048001;2021-08-13;1
14621048001;2021-08-14;1
14621048001;2021-08-15;1
14621058001;2021-08-02;1
14621058001;2021-08-09;2
14621058001;2021-08-11;1
14621058001;2021-08-12;1
14621058001;2021-08-13;1
14621058001;2021-08-15;4
14621069001;2021-08-01;3
14621069001;2021-08-02;1
14621069001;2021-08-03;2
14621069001;2021-08-04;3
14621069001;2021-08-05;9
14621069001;2021-08-06;6
14621069001;2021-08-08;5
14621069001;2021-08-09;8
14621069001;2021-08-10;6
14621069001;2021-08-11;7
14621069001;2021-08-12;7
14621069001;2021-08-13;6
14621069001;2021-08-14;3
14621069001;2021-08-15;29
14621069001;2021-08-16;3
14621069001;2021-08-17;10
14621070001;2021-08-01;1
14621070001;2021-08-05;2
14621070001;2021-08-06;1
14621070001;2021-08-12;1
14621070001;2021-08-13;1
14621095001;2021-08-01;1
14621095001;2021-08-03;1
14621095001;2021-08-05;1
14621095001;2021-08-07;1
14621095001;2021-08-09;1
14621095001;2021-08-11;2
14621095001;2021-08-12;1
14621095001;2021-08-17;1
14630050001;2021-08-06;1
14630056001;2021-08-02;1
14630056001;2021-08-03;1
14630056001;2021-08-08;1
14630056001;2021-08-13;1
14630056001;2021-08-14;3
14630056001;2021-08-17;1
14631013001;2021-08-15;1
14631014001;2021-08-01;1
14631014001;2021-08-09;1
14631018001;2021-08-01;4
14631018001;2021-08-02;1
14631018001;2021-08-04;3
14631018001;2021-08-05;2
14631018001;2021-08-09;4
14631018001;2021-08-10;3
14631018001;2021-08-11;2
14631018001;2021-08-12;2
14631018001;2021-08-14;3
14631018001;2021-08-15;1
14631018001;2021-08-17;3
14631022001;2021-08-06;1
14631022001;2021-08-09;1
14631028001;2021-08-01;2
14631028001;2021-08-04;1
14631028001;2021-08-05;1
14631028001;2021-08-14;1
14631028001;2021-08-17;1
14631042001;2021-08-08;1
14631043001;2021-08-01;1
14631043001;2021-08-06;1
14631043001;2021-08-17;1
14631047001;2021-08-02;1
14631047001;2021-08-03;1
14631047001;2021-08-07;2
14631047001;2021-08-09;1
14631047001;2021-08-10;2
14631047001;2021-08-13;1
14631047001;2021-08-15;1
14631064001;2021-08-01;1
14631064001;2021-08-02;2
14631064001;2021-08-03;1
14631064001;2021-08-04;1
14631064001;2021-08-06;1
14631064001;2021-08-07;1
14631064001;2021-08-10;3
14631064001;2021-08-11;1
14631064001;2021-08-14;1
14631082001;2021-08-05;1
14631100001;2021-08-10;1
14631100001;2021-08-15;1
14631925001;2021-08-04;1
14631925001;2021-08-05;1
14631925001;2021-08-06;1
14631925001;2021-08-13;1
14631948001;2021-08-01;1
14631948001;2021-08-09;1
14631948001;2021-08-10;1
14631948001;2021-08-11;1
14631948001;2021-08-12;2
14631948001;2021-08-17;1
14632005001;2021-08-02;2
14632005001;2021-08-03;2
14632005001;2021-08-06;3
14632005001;2021-08-08;1
14632005001;2021-08-09;2
14632005001;2021-08-10;1
14632005001;2021-08-11;1
14632005001;2021-08-13;1
14632005001;2021-08-14;2
14632005001;2021-08-15;1
14632009001;2021-08-01;1
14632009001;2021-08-02;1
14632009001;2021-08-04;1
14632009001;2021-08-05;1
14632009001;2021-08-08;2
14632009001;2021-08-09;1
14632009001;2021-08-10;1
14632009001;2021-08-14;1
14632009001;2021-08-15;2
14632009001;2021-08-16;1
14632009001;2021-08-17;1
14632022001;2021-08-01;3
14632022001;2021-08-10;1
14632022001;2021-08-11;1
14632022001;2021-08-12;1
14632022001;2021-08-14;1
14632022001;2021-08-15;1
14632022001;2021-08-17;1
14632030001;2021-08-05;1
14632030001;2021-08-08;1
14632030001;2021-08-09;1
14632030001;2021-08-10;2
14632030001;2021-08-11;1
14632030001;2021-08-16;1
14632044001;2021-08-01;1
14632044001;2021-08-04;2
14632044001;2021-08-05;1
14632044001;2021-08-06;1
14632044001;2021-08-13;1
14632058001;2021-08-01;1
14632058001;2021-08-02;3
14632058001;2021-08-06;1
14632058001;2021-08-08;2
14632058001;2021-08-09;1
14632058001;2021-08-15;1
14632058001;2021-08-17;2
14632059001;2021-08-03;2
14632059001;2021-08-09;1
14632059001;2021-08-11;1
14632059001;2021-08-13;1
14632067001;2021-08-03;1
14632067001;2021-08-06;1
14632067001;2021-08-08;1
14632067001;2021-08-09;1
14632067001;2021-08-13;1
14632067001;2021-08-14;3
14632071001;2021-08-10;1
14632071001;2021-08-14;1
14632103001;2021-08-01;1
14632103001;2021-08-03;1
14632103001;2021-08-15;1
14632103001;2021-08-17;2
14632186001;2021-08-09;1
14632186001;2021-08-13;1
14632194001;2021-08-01;1
14632194001;2021-08-03;1
14632215001;2021-08-01;1
14632215001;2021-08-02;1
14632223001;2021-08-01;1
14632223001;2021-08-02;1
14632223001;2021-08-03;4
14632223001;2021-08-04;4
14632223001;2021-08-07;1
14632223001;2021-08-08;2
14632223001;2021-08-09;1
14632223001;2021-08-10;1
14632223001;2021-08-11;2
14632223001;2021-08-13;1
14632223001;2021-08-16;1
14632223001;2021-08-17;1
14632352001;2021-08-02;1
14632352001;2021-08-03;1
14632352001;2021-08-06;1
14632352001;2021-08-07;1
14632352001;2021-08-08;1
14632352001;2021-08-09;2
14632352001;2021-08-11;1
14632352001;2021-08-12;2
14632449001;2021-08-02;1
14632449001;2021-08-13;1
14632449001;2021-08-14;1
14632449001;2021-08-15;1
14632450001;2021-08-05;1
14632450001;2021-08-15;1
14632482001;2021-08-02;1
14632482001;2021-08-11;1
14632482001;2021-08-15;1
14632482001;2021-08-17;1
14633001001;2021-08-01;1
14633001001;2021-08-03;1
14633001001;2021-08-05;1
14633001001;2021-08-06;1
14633001001;2021-08-07;1
14633001001;2021-08-09;1
14633001001;2021-08-10;1
14633001001;2021-08-11;3
14633001001;2021-08-13;1
14633001001;2021-08-14;2
14633001001;2021-08-15;2
14633039001;2021-08-08;2
14633039001;2021-08-09;6
14633039001;2021-08-10;1
14633039001;2021-08-11;2
14633039001;2021-08-12;4
14633039001;2021-08-13;3
14633039001;2021-08-14;4
14633039001;2021-08-15;1
14633039001;2021-08-17;3
14633046001;2021-08-02;1
14633046001;2021-08-05;1
14633046001;2021-08-09;1
14633046001;2021-08-10;1
14633896001;2021-08-08;1
14633896001;2021-08-09;1
14633896001;2021-08-10;1
14633896001;2021-08-11;2
14633896001;2021-08-12;1
14633896001;2021-08-15;2
14633896001;2021-08-17;1
14633897001;2021-08-01;1
14633897001;2021-08-03;1
14633897001;2021-08-05;1
14633897001;2021-08-06;1
14633897001;2021-08-07;1
14633897001;2021-08-08;1
14633897001;2021-08-09;1
14633897001;2021-08-12;1
14633897001;2021-08-17;1
14633900001;2021-08-01;7
14633900001;2021-08-02;1
14633900001;2021-08-03;6
14633900001;2021-08-04;6
14633900001;2021-08-05;4
14633900001;2021-08-06;5
14633900001;2021-08-08;2
14633900001;2021-08-10;2
14633900001;2021-08-11;2
14633900001;2021-08-12;2
14633934001;2021-08-01;2
14633934001;2021-08-06;1
14633934001;2021-08-07;1
14633934001;2021-08-09;2
14633934001;2021-08-10;1
14633934001;2021-08-12;1
14633934001;2021-08-13;1
14633934001;2021-08-14;1
14633934001;2021-08-15;1
14633934001;2021-08-17;2
14633935001;2021-08-01;4
14633935001;2021-08-02;2
14633935001;2021-08-03;3
14633935001;2021-08-04;1
14633935001;2021-08-05;1
14633935001;2021-08-06;1
14633935001;2021-08-07;2
14633935001;2021-08-08;2
14633935001;2021-08-09;1
14633935001;2021-08-12;2
14633935001;2021-08-13;2
14633935001;2021-08-14;2
14633935001;2021-08-15;2
14633935001;2021-08-17;2
14633936001;2021-08-01;1
14633936001;2021-08-04;1
14633936001;2021-08-08;1
14633936001;2021-08-10;1
14633936001;2021-08-12;1
14633936001;2021-08-13;1
14633936001;2021-08-15;1
14633936001;2021-08-16;1
14633936001;2021-08-17;1
14633937001;2021-08-02;1
14633937001;2021-08-04;1
14633937001;2021-08-08;1
14633937001;2021-08-11;1
14633937001;2021-08-14;1
14633937001;2021-08-15;1
14633937001;2021-08-16;1
14633938001;2021-08-16;1
14634023001;2021-08-01;1
14634027001;2021-08-02;1
14634027001;2021-08-04;1
14634027001;2021-08-05;1
14634027001;2021-08-09;2
14634027001;2021-08-10;2
14634027001;2021-08-12;1
14634047001;2021-08-02;1
14700007001;2021-08-05;1
14700007001;2021-08-06;1
14700007001;2021-08-09;1
14700007001;2021-08-11;2
14700007001;2021-08-14;1
14700008001;2021-08-02;1
14700008001;2021-08-03;1
14700008001;2021-08-06;1
14700008001;2021-08-12;2
14700026001;2021-08-01;2
14700026001;2021-08-02;2
14700026001;2021-08-03;1
14700026001;2021-08-04;3
14700026001;2021-08-05;2
14700026001;2021-08-06;1
14700026001;2021-08-07;2
14700026001;2021-08-08;1
14700026001;2021-08-10;3
14700026001;2021-08-11;2
14700026001;2021-08-12;4
14700026001;2021-08-15;2
14700026001;2021-08-16;2
14700026001;2021-08-17;1
14700035001;2021-08-12;1
14700036001;2021-08-09;1
14700036001;2021-08-13;1
14700037001;2021-08-04;1
14700037001;2021-08-15;1
14700037001;2021-08-17;1
14700077001;2021-08-07;2
14700077001;2021-08-08;1
14700077001;2021-08-17;1
14700078001;2021-08-01;1
14700078001;2021-08-02;3
14700078001;2021-08-03;1
14700078001;2021-08-04;1
14700078001;2021-08-06;1
14700078001;2021-08-08;1
14700078001;2021-08-09;2
14700078001;2021-08-10;4
14700078001;2021-08-12;1
14700078001;2021-08-15;1
14700078001;2021-08-16;1
14700078001;2021-08-17;2
14701008002;2021-08-01;2
14701008002;2021-08-06;1
14701008002;2021-08-07;1
14701008002;2021-08-11;1
14701008002;2021-08-12;1
14701008002;2021-08-13;1
14701008002;2021-08-14;1
14701008002;2021-08-17;1
14701012001;2021-08-10;1
14701012001;2021-08-14;1
14701012001;2021-08-17;1
14701022001;2021-08-12;1
14701022001;2021-08-13;1
14710006001;2021-08-14;1
14710007001;2021-08-01;2
14710007001;2021-08-05;2
14710007001;2021-08-12;1
14710007001;2021-08-13;1
14710007001;2021-08-14;1
14711001001;2021-08-03;1
14711008001;2021-08-01;1
14711008001;2021-08-02;1
14711008001;2021-08-11;1
14711008001;2021-08-14;1
14711014001;2021-08-01;2
14711014001;2021-08-04;1
14711014001;2021-08-09;1
14711014001;2021-08-11;1
14711014001;2021-08-12;1
14711014001;2021-08-13;1
14720022001;2021-08-01;3
14720022001;2021-08-13;1
14720029001;2021-08-01;1
14720029001;2021-08-03;1
14720029001;2021-08-13;1
14720029001;2021-08-14;1
14720029001;2021-08-16;1
14721003001;2021-08-02;1
14721003001;2021-08-05;1
14721003001;2021-08-11;1
14721003001;2021-08-12;1
14721003001;2021-08-13;1
14721003001;2021-08-14;1
14721943001;2021-08-01;1
14721943001;2021-08-02;1
14721943001;2021-08-15;1
14721943001;2021-08-16;1
14721944001;2021-08-01;1
14721944001;2021-08-02;1
14721944001;2021-08-10;1
14721944001;2021-08-12;1
14730041001;2021-08-01;2
14730041001;2021-08-03;1
14730041001;2021-08-05;1
14730041001;2021-08-11;1
14730898001;2021-08-01;1
14730898001;2021-08-03;1
14730898001;2021-08-04;1
14730900001;2021-08-01;1
14730900001;2021-08-05;1
14730900001;2021-08-09;1
14730900001;2021-08-11;1
14730900001;2021-08-14;1
14731905001;2021-08-02;1
14731905001;2021-08-04;2
14731905001;2021-08-08;1
14731905001;2021-08-09;2
14731905001;2021-08-11;1
14731905001;2021-08-16;1
14740003001;2021-08-14;1
14740006001;2021-08-02;1
14740006001;2021-08-03;1
14740006001;2021-08-04;2
14740006001;2021-08-05;1
14740006001;2021-08-08;1
14740006001;2021-08-09;1
14740006001;2021-08-14;1
14740006001;2021-08-17;2
14740013001;2021-08-02;1
14740013001;2021-08-07;1
14740016001;2021-08-15;1
14740016001;2021-08-17;1
14740017001;2021-08-11;1
14740017001;2021-08-12;1
14740017001;2021-08-13;1
14740017001;2021-08-14;2
14740018001;2021-08-15;1
14740018001;2021-08-17;1
14740024001;2021-08-08;1
14740024001;2021-08-09;1
14740024001;2021-08-10;2
14740024001;2021-08-12;1
14740024001;2021-08-13;1
14740024001;2021-08-14;3
14740024001;2021-08-16;1
14740024001;2021-08-17;1
14740035001;2021-08-08;1
14740036001;2021-08-02;1
14740036001;2021-08-05;1
14740036001;2021-08-07;1
14740036001;2021-08-09;1
14740036001;2021-08-10;1
14740036001;2021-08-11;1
14740036001;2021-08-17;2
14740037001;2021-08-01;1
14740037001;2021-08-02;1
14740037001;2021-08-04;2
14740037001;2021-08-10;3
14740037001;2021-08-12;1
14740038001;2021-08-04;2
14740038001;2021-08-06;1
14740038001;2021-08-07;2
14740038001;2021-08-08;1
14740038001;2021-08-09;1
14740038001;2021-08-15;1
14740038001;2021-08-16;1
14740038001;2021-08-17;1
14740050001;2021-08-01;1
14740050001;2021-08-03;1
14740050001;2021-08-08;1
14740050001;2021-08-11;1
14740061001;2021-08-03;1
14740061001;2021-08-05;1
14740061001;2021-08-10;1
14740061001;2021-08-12;1
14740061001;2021-08-15;1
14740061001;2021-08-17;1
14740074001;2021-08-10;1
14740074001;2021-08-11;1
14740074001;2021-08-12;1
14740074001;2021-08-14;1
14741003001;2021-08-01;2
14741003001;2021-08-03;1
14741003001;2021-08-15;1
14741008001;2021-08-12;1
14741008001;2021-08-14;1
14741009001;2021-08-01;1
14741009001;2021-08-09;1
14741009001;2021-08-12;1
14741009001;2021-08-15;1
14741010001;2021-08-02;1
14741010001;2021-08-03;1
14741010001;2021-08-05;1
14741010001;2021-08-09;1
14741010001;2021-08-11;1
14741010001;2021-08-14;1
14741015001;2021-08-01;1
14741015001;2021-08-14;1
14741017001;2021-08-02;1
14741017001;2021-08-05;2
14741017001;2021-08-07;2
14741017001;2021-08-08;1
14741017001;2021-08-13;4
14741017001;2021-08-14;2
14741026001;2021-08-04;1
14741026001;2021-08-07;1
14741026001;2021-08-09;1
14741028001;2021-08-01;1
14741028001;2021-08-12;1
14742018001;2021-08-05;1
14742018001;2021-08-08;2
14742018001;2021-08-09;1
14742048001;2021-08-03;1
14742048001;2021-08-09;1
14801002001;2021-08-01;6
14801002001;2021-08-02;7
14801002001;2021-08-03;7
14801002001;2021-08-04;3
14801002001;2021-08-05;9
14801002001;2021-08-06;10
14801002001;2021-08-07;7
14801002001;2021-08-08;11
14801002001;2021-08-09;9
14801002001;2021-08-10;5
14801002001;2021-08-11;14
14801002001;2021-08-12;15
14801002001;2021-08-13;16
14801002001;2021-08-14;5
14801002001;2021-08-15;4
14801002001;2021-08-16;3
14801002001;2021-08-17;9
14801003001;2021-08-02;1
14801003001;2021-08-03;2
14801003001;2021-08-04;2
14801003001;2021-08-07;1
14801003001;2021-08-08;1
14801003001;2021-08-10;1
14801003001;2021-08-11;1
14801003001;2021-08-12;2
14801003001;2021-08-13;1
14801003001;2021-08-14;1
14801003001;2021-08-15;2
14801003001;2021-08-17;1
14801012001;2021-08-14;1
14801020001;2021-08-08;1
14801020001;2021-08-14;1
14801020001;2021-08-15;1
14802005001;2021-08-01;1
14802005001;2021-08-11;2
14802005001;2021-08-14;1
14802005001;2021-08-15;1
14802010001;2021-08-03;1
14802010001;2021-08-09;1
14804001001;2021-08-02;1
14804001001;2021-08-03;2
14804001001;2021-08-05;4
14804001001;2021-08-06;2
14804001001;2021-08-08;1
14804001001;2021-08-10;3
14804001001;2021-08-11;5
14804001001;2021-08-12;7
14804001001;2021-08-13;1
14804001001;2021-08-14;1
14804001001;2021-08-15;1
14804001001;2021-08-16;3
14804001001;2021-08-17;7
14804002001;2021-08-01;4
14804002001;2021-08-02;8
14804002001;2021-08-03;3
14804002001;2021-08-04;8
14804002001;2021-08-05;3
14804002001;2021-08-06;4
14804002001;2021-08-07;4
14804002001;2021-08-08;6
14804002001;2021-08-09;4
14804002001;2021-08-10;2
14804002001;2021-08-11;10
14804002001;2021-08-12;5
14804002001;2021-08-13;11
14804002001;2021-08-14;3
14804002001;2021-08-15;6
14804002001;2021-08-16;6
14804002001;2021-08-17;9
14804004001;2021-08-01;3
14804004001;2021-08-02;3
14804004001;2021-08-03;2
14804004001;2021-08-04;5
14804004001;2021-08-05;5
14804004001;2021-08-07;3
14804004001;2021-08-08;7
14804004001;2021-08-09;5
14804004001;2021-08-10;7
14804004001;2021-08-11;5
14804004001;2021-08-12;8
14804004001;2021-08-13;4
14804004001;2021-08-14;11
14804004001;2021-08-15;12
14804004001;2021-08-16;9
14804004001;2021-08-17;15
14804005001;2021-08-01;3
14804005001;2021-08-02;3
14804005001;2021-08-03;1
14804005001;2021-08-04;3
14804005001;2021-08-05;4
14804005001;2021-08-06;1
14804005001;2021-08-07;3
14804005001;2021-08-08;3
14804005001;2021-08-09;5
14804005001;2021-08-10;2
14804005001;2021-08-11;6
14804005001;2021-08-12;7
14804005001;2021-08-13;3
14804005001;2021-08-14;1
14804005001;2021-08-15;10
14804005001;2021-08-16;2
14804005001;2021-08-17;2
14804007001;2021-08-01;24
14804007001;2021-08-02;23
14804007001;2021-08-03;27
14804007001;2021-08-04;33
14804007001;2021-08-05;46
14804007001;2021-08-06;37
14804007001;2021-08-07;30
14804007001;2021-08-08;53
14804007001;2021-08-09;65
14804007001;2021-08-10;65
14804007001;2021-08-11;41
14804007001;2021-08-12;40
14804007001;2021-08-13;45
14804007001;2021-08-14;57
14804007001;2021-08-15;65
14804007001;2021-08-16;18
14804007001;2021-08-17;53
14804010001;2021-08-01;2
14804010001;2021-08-02;6
14804010001;2021-08-03;5
14804010001;2021-08-04;7
14804010001;2021-08-05;3
14804010001;2021-08-06;3
14804010001;2021-08-07;9
14804010001;2021-08-08;5
14804010001;2021-08-09;14
14804010001;2021-08-10;8
14804010001;2021-08-11;8
14804010001;2021-08-12;12
14804010001;2021-08-13;2
14804010001;2021-08-14;8
14804010001;2021-08-15;10
14804010001;2021-08-16;2
14804010001;2021-08-17;4
14804012001;2021-08-01;4
14804012001;2021-08-02;4
14804012001;2021-08-03;12
14804012001;2021-08-04;8
14804012001;2021-08-05;17
14804012001;2021-08-06;4
14804012001;2021-08-07;5
14804012001;2021-08-08;7
14804012001;2021-08-09;7
14804012001;2021-08-10;5
14804012001;2021-08-11;12
14804012001;2021-08-12;11
14804012001;2021-08-13;2
14804012001;2021-08-14;5
14804012001;2021-08-15;11
14804012001;2021-08-16;6
14804012001;2021-08-17;9
14804013001;2021-08-01;2
14804013001;2021-08-11;3
14804013001;2021-08-15;1
14804013001;2021-08-17;1
14804014001;2021-08-01;1
14804014001;2021-08-02;1
14804014001;2021-08-03;1
14804014001;2021-08-05;1
14804014001;2021-08-09;1
14804014001;2021-08-10;1
14804014001;2021-08-11;4
14804014001;2021-08-12;2
14804014001;2021-08-13;3
14804014001;2021-08-15;1
14804014001;2021-08-16;2
14804016001;2021-08-05;1
14804016001;2021-08-07;2
14804016001;2021-08-09;1
14804016001;2021-08-10;3
14804016001;2021-08-11;4
14804016001;2021-08-12;1
14804016001;2021-08-13;1
14804016001;2021-08-14;2
14804016001;2021-08-15;3
14804016001;2021-08-17;3
14805001001;2021-08-01;1
14805001001;2021-08-03;2
14805001001;2021-08-04;1
14805001001;2021-08-06;1
14805001001;2021-08-08;1
14805001001;2021-08-10;1
14805001001;2021-08-11;1
14805001001;2021-08-15;2
14805002001;2021-08-02;1
14805002001;2021-08-04;1
14805002001;2021-08-06;1
14805002001;2021-08-10;1
14805002001;2021-08-11;1
14805002001;2021-08-16;2
14805004001;2021-08-01;5
14805004001;2021-08-02;3
14805004001;2021-08-03;5
14805004001;2021-08-04;3
14805004001;2021-08-05;4
14805004001;2021-08-06;2
14805004001;2021-08-07;2
14805004001;2021-08-08;5
14805004001;2021-08-09;7
14805004001;2021-08-10;3
14805004001;2021-08-11;6
14805004001;2021-08-12;5
14805004001;2021-08-13;3
14805004001;2021-08-14;7
14805004001;2021-08-15;6
14805004001;2021-08-16;8
14805004001;2021-08-17;11
14805005001;2021-08-01;1
14805005001;2021-08-02;3
14805005001;2021-08-03;4
14805005001;2021-08-04;3
14805005001;2021-08-05;1
14805005001;2021-08-07;4
14805005001;2021-08-08;2
14805005001;2021-08-09;1
14805005001;2021-08-10;6
14805005001;2021-08-11;1
14805005001;2021-08-12;7
14805005001;2021-08-13;1
14805005001;2021-08-14;3
14805005001;2021-08-15;4
14805005001;2021-08-16;1
14805005001;2021-08-17;5
14805010001;2021-08-01;2
14805010001;2021-08-02;1
14805010001;2021-08-04;1
14805010001;2021-08-05;2
14805010001;2021-08-08;1
14805010001;2021-08-09;1
14805010001;2021-08-10;2
14805010001;2021-08-11;2
14805010001;2021-08-12;3
14805010001;2021-08-13;2
14805010001;2021-08-14;4
14805010001;2021-08-15;2
14805010001;2021-08-17;1
14805012001;2021-08-01;32
14805012001;2021-08-02;25
14805012001;2021-08-03;42
14805012001;2021-08-04;41
14805012001;2021-08-05;32
14805012001;2021-08-06;34
14805012001;2021-08-07;33
14805012001;2021-08-08;66
14805012001;2021-08-09;67
14805012001;2021-08-10;57
14805012001;2021-08-11;77
14805012001;2021-08-12;63
14805012001;2021-08-13;66
14805012001;2021-08-14;69
14805012001;2021-08-15;81
14805012001;2021-08-16;25
14805012001;2021-08-17;58
14805013001;2021-08-01;17
14805013001;2021-08-02;13
14805013001;2021-08-03;24
14805013001;2021-08-04;13
14805013001;2021-08-05;21
14805013001;2021-08-06;14
14805013001;2021-08-07;11
14805013001;2021-08-08;3
14805013001;2021-08-09;12
14805013001;2021-08-10;6
14805013001;2021-08-11;20
14805013001;2021-08-12;21
14805013001;2021-08-13;10
14805013001;2021-08-14;21
14805013001;2021-08-15;30
14805013001;2021-08-16;9
14805013001;2021-08-17;21
14805016001;2021-08-01;7
14805016001;2021-08-02;5
14805016001;2021-08-03;7
14805016001;2021-08-04;4
14805016001;2021-08-05;15
14805016001;2021-08-06;6
14805016001;2021-08-07;6
14805016001;2021-08-08;8
14805016001;2021-08-09;11
14805016001;2021-08-10;13
14805016001;2021-08-11;9
14805016001;2021-08-12;13
14805016001;2021-08-13;15
14805016001;2021-08-14;10
14805016001;2021-08-15;15
14805016001;2021-08-16;10
14805016001;2021-08-17;13
14805017001;2021-08-01;3
14805017001;2021-08-02;1
14805017001;2021-08-03;2
14805017001;2021-08-04;2
14805017001;2021-08-05;2
14805017001;2021-08-07;1
14805017001;2021-08-08;2
14805017001;2021-08-09;2
14805017001;2021-08-11;3
14805017001;2021-08-12;8
14805017001;2021-08-13;1
14805017001;2021-08-14;4
14805017001;2021-08-15;6
14805017001;2021-08-16;4
14805017001;2021-08-17;3
14805023001;2021-08-02;1
14805023001;2021-08-03;1
14805023001;2021-08-05;1
14805023001;2021-08-09;1
14805023001;2021-08-10;2
14805023001;2021-08-12;2
14805023001;2021-08-14;2
14805023001;2021-08-15;2
14805023001;2021-08-17;1
14805028001;2021-08-01;1
14805028001;2021-08-02;2
14805028001;2021-08-03;3
14805028001;2021-08-04;3
14805028001;2021-08-05;1
14805028001;2021-08-06;1
14805028001;2021-08-07;4
14805028001;2021-08-08;3
14805028001;2021-08-09;2
14805028001;2021-08-10;4
14805028001;2021-08-11;6
14805028001;2021-08-12;3
14805028001;2021-08-14;1
14805028001;2021-08-15;3
14805028001;2021-08-16;2
14805028001;2021-08-17;4
14805056001;2021-08-01;1
14805056001;2021-08-04;1
14805056001;2021-08-05;2
14805056001;2021-08-07;2
14805056001;2021-08-09;1
14805056001;2021-08-12;3
14805056001;2021-08-14;1
14805056001;2021-08-15;2
14805056001;2021-08-16;2
14805056001;2021-08-17;4
14805059001;2021-08-01;2
14805059001;2021-08-02;1
14805059001;2021-08-03;2
14805059001;2021-08-04;1
14805059001;2021-08-05;1
14805059001;2021-08-07;1
14805059001;2021-08-09;1
14805059001;2021-08-12;3
14805059001;2021-08-15;1
14805059001;2021-08-17;1
14805063001;2021-08-03;1
14805063001;2021-08-05;1
14805063001;2021-08-07;2
14805066001;2021-08-03;1
14805066001;2021-08-12;2
14805066001;2021-08-17;1
14805899001;2021-08-02;1
14805899001;2021-08-03;1
14805899001;2021-08-04;1
14805899001;2021-08-05;2
14805899001;2021-08-06;1
14805899001;2021-08-08;2
14805899001;2021-08-09;1
14805899001;2021-08-10;1
14805899001;2021-08-11;2
14805899001;2021-08-12;4
14805899001;2021-08-13;3
14805899001;2021-08-14;2
14805899001;2021-08-15;3
14805899001;2021-08-16;1
14805899001;2021-08-17;5
14810001001;2021-08-01;5
14810001001;2021-08-02;4
14810001001;2021-08-03;7
14810001001;2021-08-04;4
14810001001;2021-08-05;10
14810001001;2021-08-06;5
14810001001;2021-08-07;8
14810001001;2021-08-08;8
14810001001;2021-08-09;4
14810001001;2021-08-10;8
14810001001;2021-08-11;9
14810001001;2021-08-12;13
14810001001;2021-08-13;17
14810001001;2021-08-14;11
14810001001;2021-08-15;6
14810001001;2021-08-16;5
14810001001;2021-08-17;17
14810002001;2021-08-01;4
14810002001;2021-08-02;1
14810002001;2021-08-03;3
14810002001;2021-08-04;1
14810002001;2021-08-07;2
14810002001;2021-08-08;2
14810002001;2021-08-09;1
14810002001;2021-08-10;2
14810002001;2021-08-11;1
14810002001;2021-08-12;1
14810002001;2021-08-13;2
14810002001;2021-08-14;1
14810004001;2021-08-01;16
14810004001;2021-08-02;5
14810004001;2021-08-03;6
14810004001;2021-08-04;5
14810004001;2021-08-05;11
14810004001;2021-08-06;6
14810004001;2021-08-07;7
14810004001;2021-08-08;9
14810004001;2021-08-09;5
14810004001;2021-08-10;3
14810004001;2021-08-11;10
14810004001;2021-08-12;6
14810004001;2021-08-13;14
14810004001;2021-08-14;8
14810004001;2021-08-15;8
14810004001;2021-08-17;1
14810005001;2021-08-01;1
14810005001;2021-08-02;1
14810005001;2021-08-04;2
14810005001;2021-08-06;2
14810005001;2021-08-08;2
14810005001;2021-08-09;1
14810005001;2021-08-10;1
14810005001;2021-08-11;2
14810005001;2021-08-12;3
14810005001;2021-08-13;3
14810005001;2021-08-14;5
14810005001;2021-08-15;4
14810005001;2021-08-16;1
14810005001;2021-08-17;3
14810006001;2021-08-01;20
14810006001;2021-08-02;14
14810006001;2021-08-03;14
14810006001;2021-08-04;27
14810006001;2021-08-05;11
14810006001;2021-08-06;3
14810006001;2021-08-07;11
14810006001;2021-08-08;14
14810006001;2021-08-09;13
14810006001;2021-08-10;17
14810006001;2021-08-11;23
14810006001;2021-08-12;31
14810006001;2021-08-13;18
14810006001;2021-08-14;21
14810006001;2021-08-15;29
14810006001;2021-08-16;10
14810006001;2021-08-17;27
14810012001;2021-08-01;1
14810012001;2021-08-02;2
14810012001;2021-08-03;7
14810012001;2021-08-04;4
14810012001;2021-08-05;2
14810012001;2021-08-06;2
14810012001;2021-08-07;6
14810012001;2021-08-08;9
14810012001;2021-08-09;7
14810012001;2021-08-10;5
14810012001;2021-08-11;7
14810012001;2021-08-12;4
14810012001;2021-08-13;6
14810012001;2021-08-17;5
14810013001;2021-08-01;4
14810013001;2021-08-02;2
14810013001;2021-08-03;3
14810013001;2021-08-04;3
14810013001;2021-08-06;1
14810013001;2021-08-07;2
14810013001;2021-08-08;1
14810013001;2021-08-09;2
14810013001;2021-08-10;2
14810013001;2021-08-11;3
14810013001;2021-08-12;2
14810013001;2021-08-13;5
14810013001;2021-08-14;5
14810013001;2021-08-15;6
14810013001;2021-08-16;4
14810013001;2021-08-17;4
14810016001;2021-08-01;21
14810016001;2021-08-02;15
14810016001;2021-08-03;19
14810016001;2021-08-04;9
14810016001;2021-08-05;13
14810016001;2021-08-06;10
14810016001;2021-08-07;18
14810016001;2021-08-08;14
14810016001;2021-08-09;17
14810016001;2021-08-10;14
14810016001;2021-08-11;22
14810016001;2021-08-12;17
14810016001;2021-08-13;23
14810016001;2021-08-14;17
14810016001;2021-08-15;47
14810016001;2021-08-16;9
14810016001;2021-08-17;9
14810017001;2021-08-01;1
14810017001;2021-08-02;2
14810017001;2021-08-03;1
14810017001;2021-08-04;2
14810017001;2021-08-05;3
14810017001;2021-08-06;3
14810017001;2021-08-08;2
14810017001;2021-08-09;2
14810017001;2021-08-10;3
14810017001;2021-08-11;1
14810017001;2021-08-12;4
14810017001;2021-08-13;3
14810017001;2021-08-15;6
14810017001;2021-08-16;3
14810017001;2021-08-17;1
14810018001;2021-08-01;1
14810018001;2021-08-04;1
14810018001;2021-08-05;1
14810018001;2021-08-06;1
14810018001;2021-08-09;1
14810018001;2021-08-13;1
14810018001;2021-08-15;1
14810023001;2021-08-01;1
14810023001;2021-08-04;1
14810023001;2021-08-08;1
14810023001;2021-08-11;1
14810023001;2021-08-12;1
14810023001;2021-08-13;1
14810023001;2021-08-16;1
14810023001;2021-08-17;1
14810025001;2021-08-11;1
14810025001;2021-08-12;1
14810025001;2021-08-13;1
14810025001;2021-08-15;3
14810030001;2021-08-02;1
14810030001;2021-08-04;2
14810030001;2021-08-05;1
14810030001;2021-08-06;1
14810030001;2021-08-09;1
14810030001;2021-08-10;2
14810030001;2021-08-11;1
14810030001;2021-08-13;1
14810030001;2021-08-15;3
14810030001;2021-08-17;1
14810031001;2021-08-13;1
14810031001;2021-08-17;4
14811004001;2021-08-01;2
14811004001;2021-08-02;2
14811004001;2021-08-03;2
14811004001;2021-08-04;2
14811004001;2021-08-05;4
14811004001;2021-08-06;1
14811004001;2021-08-08;3
14811004001;2021-08-09;2
14811004001;2021-08-11;2
14811004001;2021-08-12;3
14811004001;2021-08-13;2
14811004001;2021-08-17;2
14811006001;2021-08-01;2
14811006001;2021-08-02;1
14811006001;2021-08-03;2
14811006001;2021-08-04;1
14811006001;2021-08-07;1
14811006001;2021-08-08;1
14811006001;2021-08-10;1
14811006001;2021-08-15;2
14811006001;2021-08-16;1
14811006001;2021-08-17;1
14811007001;2021-08-01;1
14811007001;2021-08-02;1
14811007001;2021-08-03;1
14811007001;2021-08-05;1
14811007001;2021-08-06;2
14811007001;2021-08-07;4
14811007001;2021-08-09;1
14811007001;2021-08-10;2
14811007001;2021-08-11;5
14811007001;2021-08-12;5
14811007001;2021-08-13;10
14811007001;2021-08-14;12
14811007001;2021-08-15;7
14811007001;2021-08-16;1
14811007001;2021-08-17;6
14820001001;2021-08-01;2
14820001001;2021-08-03;1
14820001001;2021-08-04;1
14820001001;2021-08-07;2
14820001001;2021-08-09;1
14820001001;2021-08-10;2
14820001001;2021-08-11;2
14820001001;2021-08-12;1
14820001001;2021-08-13;1
14820001001;2021-08-14;2
14820001001;2021-08-15;1
14820004001;2021-08-11;1
14820004001;2021-08-12;1
14820004001;2021-08-15;2
14820008001;2021-08-01;1
14820008001;2021-08-02;3
14820008001;2021-08-03;5
14820008001;2021-08-04;2
14820008001;2021-08-05;9
14820008001;2021-08-06;5
14820008001;2021-08-07;6
14820008001;2021-08-08;6
14820008001;2021-08-09;2
14820008001;2021-08-10;8
14820008001;2021-08-11;11
14820008001;2021-08-12;23
14820008001;2021-08-13;19
14820008001;2021-08-14;9
14820008001;2021-08-15;13
14820008001;2021-08-16;10
14820008001;2021-08-17;24
14820009001;2021-08-06;1
14820009001;2021-08-16;1
14820009001;2021-08-17;1
14820012001;2021-08-01;17
14820012001;2021-08-02;15
14820012001;2021-08-03;14
14820012001;2021-08-04;11
14820012001;2021-08-05;15
14820012001;2021-08-06;11
14820012001;2021-08-07;5
14820012001;2021-08-08;14
14820012001;2021-08-09;20
14820012001;2021-08-10;15
14820012001;2021-08-11;20
14820012001;2021-08-12;19
14820012001;2021-08-13;26
14820012001;2021-08-14;18
14820012001;2021-08-15;31
14820012001;2021-08-16;11
14820012001;2021-08-17;21
14820013001;2021-08-01;10
14820013001;2021-08-02;7
14820013001;2021-08-03;7
14820013001;2021-08-04;9
14820013001;2021-08-05;9
14820013001;2021-08-06;13
14820013001;2021-08-07;5
14820013001;2021-08-08;10
14820013001;2021-08-09;17
14820013001;2021-08-10;15
14820013001;2021-08-11;13
14820013001;2021-08-12;15
14820013001;2021-08-13;17
14820013001;2021-08-14;12
14820013001;2021-08-15;16
14820013001;2021-08-16;12
14820013001;2021-08-17;15
14820014001;2021-08-01;10
14820014001;2021-08-02;7
14820014001;2021-08-03;9
14820014001;2021-08-04;11
14820014001;2021-08-05;12
14820014001;2021-08-06;6
14820014001;2021-08-07;3
14820014001;2021-08-08;7
14820014001;2021-08-09;12
14820014001;2021-08-10;7
14820014001;2021-08-11;16
14820014001;2021-08-12;12
14820014001;2021-08-13;20
14820014001;2021-08-14;16
14820014001;2021-08-15;14
14820014001;2021-08-16;7
14820014001;2021-08-17;21
14820015001;2021-08-01;2
14820015001;2021-08-03;1
14820015001;2021-08-12;3
14820015001;2021-08-13;1
14820015001;2021-08-14;1
14820015001;2021-08-16;1
14820017001;2021-08-01;3
14820017001;2021-08-02;2
14820017001;2021-08-03;8
14820017001;2021-08-04;3
14820017001;2021-08-05;1
14820017001;2021-08-06;3
14820017001;2021-08-07;2
14820017001;2021-08-08;3
14820017001;2021-08-09;4
14820017001;2021-08-10;3
14820017001;2021-08-11;7
14820017001;2021-08-12;5
14820017001;2021-08-13;4
14820017001;2021-08-14;2
14820017001;2021-08-15;5
14820017001;2021-08-16;4
14820017001;2021-08-17;5
14820023001;2021-08-02;1
14820023001;2021-08-10;1
14820023001;2021-08-12;2
14820023001;2021-08-13;3
14820023001;2021-08-14;4
14820023001;2021-08-15;1
14820023001;2021-08-16;1
14820023001;2021-08-17;1
14820028001;2021-08-01;3
14820028001;2021-08-02;10
14820028001;2021-08-03;18
14820028001;2021-08-04;10
14820028001;2021-08-05;6
14820028001;2021-08-06;16
14820028001;2021-08-07;3
14820028001;2021-08-08;8
14820028001;2021-08-09;14
14820028001;2021-08-10;7
14820028001;2021-08-11;18
14820028001;2021-08-12;11
14820028001;2021-08-13;5
14820028001;2021-08-14;5
14820028001;2021-08-15;17
14820028001;2021-08-16;11
14820028001;2021-08-17;20
14820029001;2021-08-01;1
14820029001;2021-08-02;1
14820029001;2021-08-03;1
14820029001;2021-08-04;1
14820029001;2021-08-07;2
14820029001;2021-08-09;1
14820029001;2021-08-10;1
14820029001;2021-08-11;2
14820029001;2021-08-12;2
14820029001;2021-08-13;3
14820029001;2021-08-14;2
14820029001;2021-08-15;1
14820029001;2021-08-16;3
14820029001;2021-08-17;2
14820035001;2021-08-01;1
14820035001;2021-08-02;1
14820035001;2021-08-12;3
14820035001;2021-08-14;1
14820035001;2021-08-16;1
14820045001;2021-08-01;9
14820045001;2021-08-02;4
14820045001;2021-08-03;11
14820045001;2021-08-04;11
14820045001;2021-08-05;6
14820045001;2021-08-06;9
14820045001;2021-08-07;8
14820045001;2021-08-08;3
14820045001;2021-08-09;8
14820045001;2021-08-10;6
14820045001;2021-08-11;9
14820045001;2021-08-12;11
14820045001;2021-08-13;17
14820045001;2021-08-14;8
14820045001;2021-08-15;13
14820045001;2021-08-16;5
14820045001;2021-08-17;28
14821001001;2021-08-03;1
14821001001;2021-08-04;1
14821001001;2021-08-05;1
14821001001;2021-08-08;1
14821001001;2021-08-09;1
14821001001;2021-08-10;1
14821001001;2021-08-12;1
14821001001;2021-08-14;1
14821001001;2021-08-15;1
14821001001;2021-08-17;1
14821003001;2021-08-01;23
14821003001;2021-08-02;20
14821003001;2021-08-03;27
14821003001;2021-08-04;26
14821003001;2021-08-05;22
14821003001;2021-08-06;22
14821003001;2021-08-07;14
14821003001;2021-08-08;25
14821003001;2021-08-09;29
14821003001;2021-08-10;18
14821003001;2021-08-11;32
14821003001;2021-08-12;24
14821003001;2021-08-13;33
14821003001;2021-08-14;26
14821003001;2021-08-15;37
14821003001;2021-08-16;18
14821003001;2021-08-17;45
14821006001;2021-08-01;1
14821006001;2021-08-04;1
14821006001;2021-08-05;1
14821006001;2021-08-06;1
14821006001;2021-08-07;1
14821006001;2021-08-08;1
14821006001;2021-08-10;2
14821006001;2021-08-11;3
14821006001;2021-08-12;1
14821006001;2021-08-14;3
14821006001;2021-08-17;1
14821011001;2021-08-01;1
14821011001;2021-08-03;1
14821011001;2021-08-04;1
14821011001;2021-08-05;1
14821011001;2021-08-13;1
14822008001;2021-08-01;2
14822008001;2021-08-03;1
14822008001;2021-08-04;1
14822008001;2021-08-05;3
14822008001;2021-08-06;4
14822008001;2021-08-09;1
14822008001;2021-08-10;1
14822008001;2021-08-11;2
14822008001;2021-08-12;2
14822008001;2021-08-13;1
14822008001;2021-08-15;1
14822008001;2021-08-17;2
14822009001;2021-08-01;2
14822009001;2021-08-06;1
14822009001;2021-08-08;1
14822009001;2021-08-09;1
14822009001;2021-08-10;1
14822009001;2021-08-11;2
14822009001;2021-08-17;2
14822010001;2021-08-03;1
14822010001;2021-08-06;1
14822010001;2021-08-08;1
14822010001;2021-08-10;1
14822010001;2021-08-11;2
14822010001;2021-08-12;1
14822010001;2021-08-15;1
14822010001;2021-08-17;1
14822014001;2021-08-01;8
14822014001;2021-08-02;4
14822014001;2021-08-03;10
14822014001;2021-08-04;7
14822014001;2021-08-05;5
14822014001;2021-08-06;8
14822014001;2021-08-07;3
14822014001;2021-08-08;7
14822014001;2021-08-09;6
14822014001;2021-08-10;2
14822014001;2021-08-11;9
14822014001;2021-08-12;12
14822014001;2021-08-13;6
14822014001;2021-08-14;12
14822014001;2021-08-15;12
14822014001;2021-08-16;3
14822014001;2021-08-17;6
14822017001;2021-08-02;2
14822017001;2021-08-04;1
14822017001;2021-08-07;1
14822017001;2021-08-08;1
14822017001;2021-08-09;1
14822017001;2021-08-11;1
14822017001;2021-08-15;1
14822017001;2021-08-17;1
14822018001;2021-08-01;1
14822018001;2021-08-03;2
14822018001;2021-08-04;1
14822018001;2021-08-06;1
14822018001;2021-08-10;1
14822018001;2021-08-12;2
14822021001;2021-08-01;1
14822021001;2021-08-02;2
14822021001;2021-08-15;1
14822021001;2021-08-17;1
14822024001;2021-08-03;1
14822024001;2021-08-06;1
14822024001;2021-08-11;1
14822025001;2021-08-06;1
14822025001;2021-08-08;1
14822025001;2021-08-10;2
14822025001;2021-08-11;1
14822025001;2021-08-15;1
14822025001;2021-08-16;1
14822026001;2021-08-06;1
14822026001;2021-08-08;1
14822026001;2021-08-11;1
14822026001;2021-08-12;3
14822026001;2021-08-13;2
14822026001;2021-08-15;1
14822037001;2021-08-03;1
14822037001;2021-08-12;1
14822037001;2021-08-16;1
14822044001;2021-08-01;1
14822044001;2021-08-08;1
14822044001;2021-08-14;1
14822046001;2021-08-01;3
14822046001;2021-08-02;2
14822046001;2021-08-03;2
14822046001;2021-08-05;2
14822046001;2021-08-06;1
14822046001;2021-08-07;2
14822046001;2021-08-08;2
14822046001;2021-08-09;2
14822046001;2021-08-11;1
14822046001;2021-08-12;8
14822046001;2021-08-13;1
14822046001;2021-08-14;2
14822046001;2021-08-15;4
14822046001;2021-08-17;3
14822049001;2021-08-01;1
14822049001;2021-08-02;1
14822049001;2021-08-03;2
14822049001;2021-08-04;2
14822049001;2021-08-08;1
14822049001;2021-08-09;3
14822049001;2021-08-12;3
14822049001;2021-08-13;2
14822049001;2021-08-14;1
14822049001;2021-08-15;5
14822049001;2021-08-16;2
14822049001;2021-08-17;3
14822050001;2021-08-01;2
14822050001;2021-08-02;1
14822050001;2021-08-03;1
14822050001;2021-08-05;1
14822050001;2021-08-09;2
14822050001;2021-08-11;1
14822050001;2021-08-12;1
14822050001;2021-08-13;2
14822053001;2021-08-01;3
14822062001;2021-08-01;1
14822062001;2021-08-03;2
14822062001;2021-08-06;1
14822062001;2021-08-08;1
14822062001;2021-08-10;1
14822062001;2021-08-12;1
14822062001;2021-08-15;1
14822062001;2021-08-16;1
14822063001;2021-08-03;2
14822063001;2021-08-04;1
14822063001;2021-08-05;2
14822063001;2021-08-06;1
14822063001;2021-08-07;2
14822063001;2021-08-08;2
14822063001;2021-08-11;4
14822063001;2021-08-12;1
14822063001;2021-08-13;1
14822063001;2021-08-14;1
14822063001;2021-08-15;2
14822063001;2021-08-16;1
14822063001;2021-08-17;1
14822095001;2021-08-17;1
14822112001;2021-08-05;1
14822112001;2021-08-06;2
14822112001;2021-08-08;1
14822112001;2021-08-09;3
14822112001;2021-08-10;2
14822112001;2021-08-11;1
14822112001;2021-08-12;3
14822112001;2021-08-13;1
14822112001;2021-08-14;1
14822112001;2021-08-15;2
14822112001;2021-08-16;1
14822112001;2021-08-17;3
14822115001;2021-08-05;2
14822115001;2021-08-07;1
14822115001;2021-08-12;1
14822115001;2021-08-14;1
14822899001;2021-08-01;2
14822899001;2021-08-02;1
14822899001;2021-08-17;1
14822925001;2021-08-06;1
14822925001;2021-08-10;1
14822925001;2021-08-12;1
14822925001;2021-08-13;1
14822925001;2021-08-14;2
14822926001;2021-08-01;1
14822926001;2021-08-05;1
14822926001;2021-08-12;1
14822926001;2021-08-16;2
14822965001;2021-08-01;3
14822965001;2021-08-05;2
14822965001;2021-08-11;1
14822965001;2021-08-12;1
14822965001;2021-08-13;1
14822965001;2021-08-14;1
14822965001;2021-08-16;1
14830001001;2021-08-01;4
14830001001;2021-08-03;3
14830001001;2021-08-04;1
14830001001;2021-08-05;2
14830001001;2021-08-06;1
14830001001;2021-08-08;5
14830001001;2021-08-09;1
14830001001;2021-08-10;3
14830001001;2021-08-11;2
14830001001;2021-08-12;5
14830001001;2021-08-13;2
14830001001;2021-08-14;5
14830001001;2021-08-15;4
14830001001;2021-08-16;3
14830001001;2021-08-17;2
14830002001;2021-08-01;2
14830002001;2021-08-02;5
14830002001;2021-08-03;7
14830002001;2021-08-04;3
14830002001;2021-08-05;4
14830002001;2021-08-06;2
14830002001;2021-08-07;1
14830002001;2021-08-08;2
14830002001;2021-08-09;1
14830002001;2021-08-11;2
14830002001;2021-08-12;3
14830002001;2021-08-13;5
14830002001;2021-08-14;3
14830002001;2021-08-15;5
14830002001;2021-08-16;4
14830002001;2021-08-17;2
14830005001;2021-08-01;1
14830005001;2021-08-02;1
14830005001;2021-08-03;2
14830005001;2021-08-04;1
14830005001;2021-08-05;4
14830005001;2021-08-06;1
14830005001;2021-08-07;1
14830005001;2021-08-08;5
14830005001;2021-08-09;3
14830005001;2021-08-11;2
14830005001;2021-08-12;4
14830005001;2021-08-13;5
14830005001;2021-08-14;5
14830005001;2021-08-15;4
14830005001;2021-08-16;3
14830005001;2021-08-17;2
14830009001;2021-08-01;7
14830009001;2021-08-02;13
14830009001;2021-08-03;13
14830009001;2021-08-04;10
14830009001;2021-08-05;10
14830009001;2021-08-06;6
14830009001;2021-08-07;8
14830009001;2021-08-08;3
14830009001;2021-08-09;6
14830009001;2021-08-10;2
14830009001;2021-08-11;7
14830009001;2021-08-12;15
14830009001;2021-08-13;5
14830009001;2021-08-14;7
14830009001;2021-08-15;6
14830009001;2021-08-16;5
14830009001;2021-08-17;12
14830010001;2021-08-01;1
14830010001;2021-08-05;9
14830010001;2021-08-06;2
14830010001;2021-08-07;3
14830010001;2021-08-09;13
14830010001;2021-08-10;27
14830010001;2021-08-11;42
14830010001;2021-08-12;49
14830010001;2021-08-13;38
14830010001;2021-08-14;28
14830010001;2021-08-15;44
14830010001;2021-08-16;7
14830010001;2021-08-17;16
14830011001;2021-08-01;1
14830011001;2021-08-02;1
14830011001;2021-08-03;2
14830011001;2021-08-04;1
14830011001;2021-08-05;4
14830011001;2021-08-06;1
14830011001;2021-08-07;1
14830011001;2021-08-08;2
14830011001;2021-08-09;3
14830011001;2021-08-11;3
14830011001;2021-08-12;2
14830011001;2021-08-13;1
14830011001;2021-08-14;4
14830011001;2021-08-15;3
14830011001;2021-08-16;1
14830011001;2021-08-17;2
14830012001;2021-08-14;1
14830012001;2021-08-15;3
14830012001;2021-08-16;1
14830012001;2021-08-17;1
14830013001;2021-08-05;1
14830013001;2021-08-11;1
14830013001;2021-08-12;1
14830013001;2021-08-14;1
14830017001;2021-08-01;1
14830017001;2021-08-02;1
14830017001;2021-08-03;3
14830017001;2021-08-04;1
14830017001;2021-08-05;1
14830017001;2021-08-09;1
14830018001;2021-08-01;1
14830018001;2021-08-13;1
14830026001;2021-08-01;3
14830026001;2021-08-02;1
14830026001;2021-08-03;2
14830026001;2021-08-04;4
14830026001;2021-08-05;1
14830026001;2021-08-07;1
14830026001;2021-08-08;1
14830026001;2021-08-11;2
14830026001;2021-08-12;1
14830026001;2021-08-13;3
14830026001;2021-08-14;2
14830026001;2021-08-15;3
14830026001;2021-08-16;1
14830026001;2021-08-17;2
14830029001;2021-08-01;1
14830029001;2021-08-05;1
14830029001;2021-08-07;1
14830029001;2021-08-08;1
14830029001;2021-08-09;4
14830029001;2021-08-10;1
14830029001;2021-08-11;1
14830029001;2021-08-12;3
14830029001;2021-08-13;5
14830029001;2021-08-14;5
14830029001;2021-08-15;6
14830029001;2021-08-17;5
14830039001;2021-08-01;1
14830039001;2021-08-03;3
14830045001;2021-08-02;1
14830045001;2021-08-03;3
14830045001;2021-08-04;1
14830045001;2021-08-05;1
14830045001;2021-08-06;4
14830045001;2021-08-07;2
14830045001;2021-08-08;2
14830045001;2021-08-09;5
14830045001;2021-08-10;3
14830045001;2021-08-11;1
14830045001;2021-08-12;1
14830045001;2021-08-13;3
14830045001;2021-08-15;4
14830045001;2021-08-16;3
14830045001;2021-08-17;2
14830048001;2021-08-04;1
14830048001;2021-08-06;2
14830048001;2021-08-07;1
14830048001;2021-08-08;1
14830048001;2021-08-09;1
14830048001;2021-08-13;2
14830048001;2021-08-15;1
14830063001;2021-08-03;1
14830063001;2021-08-05;1
14830063001;2021-08-06;2
14830063001;2021-08-08;1
14830063001;2021-08-12;1
14830063001;2021-08-13;1
14830069001;2021-08-01;10
14830069001;2021-08-02;5
14830069001;2021-08-03;8
14830069001;2021-08-04;12
14830069001;2021-08-05;10
14830069001;2021-08-06;9
14830069001;2021-08-07;5
14830069001;2021-08-08;5
14830069001;2021-08-09;6
14830069001;2021-08-10;6
14830069001;2021-08-11;17
14830069001;2021-08-12;9
14830069001;2021-08-13;8
14830069001;2021-08-14;8
14830069001;2021-08-15;7
14830069001;2021-08-16;4
14830069001;2021-08-17;11
14830072001;2021-08-01;1
14830072001;2021-08-02;2
14830072001;2021-08-03;2
14830072001;2021-08-04;1
14830072001;2021-08-05;5
14830072001;2021-08-06;1
14830072001;2021-08-07;1
14830072001;2021-08-08;2
14830072001;2021-08-09;5
14830072001;2021-08-11;2
14830072001;2021-08-12;3
14830072001;2021-08-13;1
14830072001;2021-08-14;1
14830072001;2021-08-15;2
14830072001;2021-08-17;1
14830073001;2021-08-02;2
14830073001;2021-08-03;2
14830073001;2021-08-04;2
14830073001;2021-08-05;2
14830073001;2021-08-06;3
14830073001;2021-08-08;1
14830073001;2021-08-09;3
14830073001;2021-08-11;3
14830073001;2021-08-12;4
14830073001;2021-08-13;1
14830073001;2021-08-14;2
14830073001;2021-08-15;2
14830073001;2021-08-16;1
14830073001;2021-08-17;3
14831002001;2021-08-01;3
14831002001;2021-08-02;4
14831002001;2021-08-03;6
14831002001;2021-08-04;7
14831002001;2021-08-05;5
14831002001;2021-08-06;8
14831002001;2021-08-07;4
14831002001;2021-08-08;3
14831002001;2021-08-09;9
14831002001;2021-08-10;10
14831002001;2021-08-11;12
14831002001;2021-08-12;14
14831002001;2021-08-13;15
14831002001;2021-08-14;11
14831002001;2021-08-15;9
14831002001;2021-08-16;5
14831002001;2021-08-17;10
14831005001;2021-08-01;1
14831005001;2021-08-03;2
14831005001;2021-08-06;1
14831007001;2021-08-01;34
14831007001;2021-08-02;24
14831007001;2021-08-03;40
14831007001;2021-08-04;30
14831007001;2021-08-05;21
14831007001;2021-08-06;28
14831007001;2021-08-07;18
14831007001;2021-08-08;28
14831007001;2021-08-09;32
14831007001;2021-08-10;32
14831007001;2021-08-11;28
14831007001;2021-08-12;42
14831007001;2021-08-13;30
14831007001;2021-08-14;17
14831007001;2021-08-15;32
14831007001;2021-08-16;12
14831007001;2021-08-17;33
14831008001;2021-08-01;4
14831008001;2021-08-03;5
14831008001;2021-08-04;1
14831008001;2021-08-05;3
14831008001;2021-08-06;2
14831008001;2021-08-07;1
14831008001;2021-08-09;5
14831008001;2021-08-12;2
14831008001;2021-08-15;2
14831008001;2021-08-16;1
14831009001;2021-08-01;8
14831009001;2021-08-02;1
14831009001;2021-08-03;3
14831009001;2021-08-04;2
14831009001;2021-08-07;1
14831009001;2021-08-08;2
14831009001;2021-08-09;3
14831009001;2021-08-11;4
14831009001;2021-08-12;9
14831009001;2021-08-13;6
14831009001;2021-08-14;4
14831009001;2021-08-15;3
14831009001;2021-08-17;1
14831011001;2021-08-03;4
14831011001;2021-08-04;2
14831011001;2021-08-05;5
14831011001;2021-08-06;3
14831011001;2021-08-07;4
14831011001;2021-08-08;4
14831011001;2021-08-09;8
14831011001;2021-08-10;9
14831011001;2021-08-11;3
14831011001;2021-08-12;9
14831011001;2021-08-13;8
14831011001;2021-08-14;2
14831011001;2021-08-15;12
14831011001;2021-08-16;7
14831011001;2021-08-17;6
14831013001;2021-08-01;1
14831013001;2021-08-03;1
14831013001;2021-08-04;1
14831013001;2021-08-05;1
14831013001;2021-08-06;2
14831013001;2021-08-08;1
14831013001;2021-08-09;6
14831013001;2021-08-10;7
14831013001;2021-08-11;9
14831013001;2021-08-12;6
14831013001;2021-08-13;7
14831013001;2021-08-14;6
14831013001;2021-08-15;5
14831013001;2021-08-16;2
14831013001;2021-08-17;4
14831020001;2021-08-01;10
14831020001;2021-08-02;5
14831020001;2021-08-03;7
14831020001;2021-08-04;4
14831020001;2021-08-05;12
14831020001;2021-08-06;8
14831020001;2021-08-07;4
14831020001;2021-08-08;5
14831020001;2021-08-09;12
14831020001;2021-08-10;10
14831020001;2021-08-11;10
14831020001;2021-08-12;13
14831020001;2021-08-13;6
14831020001;2021-08-14;16
14831020001;2021-08-15;10
14831020001;2021-08-16;10
14831020001;2021-08-17;12
14831021001;2021-08-01;4
14831021001;2021-08-02;3
14831021001;2021-08-03;4
14831021001;2021-08-04;5
14831021001;2021-08-05;6
14831021001;2021-08-06;7
14831021001;2021-08-07;2
14831021001;2021-08-08;6
14831021001;2021-08-09;4
14831021001;2021-08-10;6
14831021001;2021-08-11;8
14831021001;2021-08-12;16
14831021001;2021-08-13;6
14831021001;2021-08-14;10
14831021001;2021-08-15;15
14831021001;2021-08-16;6
14831021001;2021-08-17;10
14831022001;2021-08-01;5
14831022001;2021-08-02;6
14831022001;2021-08-03;5
14831022001;2021-08-04;7
14831022001;2021-08-05;6
14831022001;2021-08-06;5
14831022001;2021-08-07;2
14831022001;2021-08-08;3
14831022001;2021-08-09;2
14831022001;2021-08-10;2
14831022001;2021-08-11;7
14831022001;2021-08-12;7
14831022001;2021-08-13;6
14831022001;2021-08-14;3
14831022001;2021-08-15;7
14831022001;2021-08-16;1
14831022001;2021-08-17;6
14831027001;2021-08-05;1
14831027001;2021-08-06;1
14831027001;2021-08-09;1
14831027001;2021-08-15;2
14831027001;2021-08-17;1
14832003001;2021-08-01;1
14832003001;2021-08-03;3
14832003001;2021-08-04;1
14832003001;2021-08-05;1
14832003001;2021-08-07;1
14832003001;2021-08-09;1
14832003001;2021-08-10;1
14832005001;2021-08-01;1
14832005001;2021-08-05;1
14832005001;2021-08-08;1
14832005001;2021-08-12;2
14832005001;2021-08-13;1
14832005001;2021-08-14;1
14832005001;2021-08-16;3
14832005001;2021-08-17;1
14832009001;2021-08-12;1
14832012001;2021-08-01;1
14832012001;2021-08-03;2
14832012001;2021-08-04;6
14832012001;2021-08-05;4
14832012001;2021-08-06;1
14832012001;2021-08-08;1
14832012001;2021-08-09;11
14832012001;2021-08-10;3
14832012001;2021-08-11;8
14832012001;2021-08-12;6
14832012001;2021-08-13;6
14832012001;2021-08-14;6
14832012001;2021-08-15;9
14832012001;2021-08-16;1
14832012001;2021-08-17;9
14832018001;2021-08-01;9
14832018001;2021-08-02;6
14832018001;2021-08-03;12
14832018001;2021-08-04;11
14832018001;2021-08-05;10
14832018001;2021-08-06;10
14832018001;2021-08-07;4
14832018001;2021-08-08;8
14832018001;2021-08-09;14
14832018001;2021-08-10;9
14832018001;2021-08-11;17
14832018001;2021-08-12;24
14832018001;2021-08-13;10
14832018001;2021-08-14;13
14832018001;2021-08-15;17
14832018001;2021-08-16;5
14832018001;2021-08-17;15
14832021001;2021-08-01;20
14832021001;2021-08-02;13
14832021001;2021-08-03;18
14832021001;2021-08-04;19
14832021001;2021-08-05;27
14832021001;2021-08-06;25
14832021001;2021-08-07;14
14832021001;2021-08-08;21
14832021001;2021-08-09;33
14832021001;2021-08-10;30
14832021001;2021-08-11;23
14832021001;2021-08-12;33
14832021001;2021-08-13;35
14832021001;2021-08-14;22
14832021001;2021-08-15;34
14832021001;2021-08-16;14
14832021001;2021-08-17;37
14832024001;2021-08-13;1
14832024001;2021-08-17;1
14832037001;2021-08-06;1
14832037001;2021-08-08;1
14832037001;2021-08-10;1
14832037001;2021-08-12;1
14832037001;2021-08-13;2
14832037001;2021-08-15;1
14832037001;2021-08-17;3
14832043001;2021-08-08;1
14832043001;2021-08-09;1
14832043001;2021-08-10;1
14832043001;2021-08-12;2
14832043001;2021-08-14;1
14832052001;2021-08-01;2
14832052001;2021-08-02;1
14832052001;2021-08-03;1
14832052001;2021-08-04;1
14832052001;2021-08-06;1
14832052001;2021-08-07;2
14832052001;2021-08-09;3
14832052001;2021-08-10;1
14832052001;2021-08-11;4
14832052001;2021-08-12;4
14832052001;2021-08-13;3
14832052001;2021-08-14;4
14832052001;2021-08-15;3
14832052001;2021-08-16;1
14832052001;2021-08-17;2
14832054001;2021-08-02;2
14832054001;2021-08-03;1
14832054001;2021-08-04;2
14832054001;2021-08-07;2
14832054001;2021-08-09;4
14832054001;2021-08-10;1
14832054001;2021-08-11;2
14832054001;2021-08-12;4
14832054001;2021-08-13;4
14832054001;2021-08-14;1
14832054001;2021-08-15;2
14832057001;2021-08-08;2
14832057001;2021-08-09;1
14832057001;2021-08-10;1
14832057001;2021-08-11;1
14832057001;2021-08-12;2
14832057001;2021-08-13;2
14832057001;2021-08-14;1
14832057001;2021-08-15;2
14832057001;2021-08-16;1
14832057001;2021-08-17;2
14832909001;2021-08-08;1
14832909001;2021-08-10;1
14832909001;2021-08-11;1
14832909001;2021-08-13;1
14832909001;2021-08-17;1
14833003001;2021-08-01;1
14833003001;2021-08-02;2
14833003001;2021-08-03;1
14833003001;2021-08-05;4
14833003001;2021-08-06;3
14833003001;2021-08-08;2
14833003001;2021-08-09;2
14833003001;2021-08-10;2
14833003001;2021-08-11;1
14833003001;2021-08-12;8
14833003001;2021-08-13;4
14833003001;2021-08-14;4
14833003001;2021-08-15;3
14833003001;2021-08-17;3
14833005001;2021-08-01;2
14833005001;2021-08-11;1
14833005001;2021-08-15;1
14833005001;2021-08-16;1
14833011001;2021-08-03;1
14833011001;2021-08-06;1
14833011001;2021-08-08;1
14833011001;2021-08-09;1
14833011001;2021-08-10;2
14833011001;2021-08-11;4
14833011001;2021-08-12;1
14833011001;2021-08-13;1
14833011001;2021-08-15;3
14833011001;2021-08-17;1
14833017001;2021-08-02;1
14833017001;2021-08-13;1
14833017001;2021-08-15;3
14833024001;2021-08-01;2
14833024001;2021-08-02;3
14833024001;2021-08-03;7
14833024001;2021-08-04;3
14833024001;2021-08-05;9
14833024001;2021-08-06;5
14833024001;2021-08-07;4
14833024001;2021-08-08;6
14833024001;2021-08-09;2
14833024001;2021-08-10;3
14833024001;2021-08-11;9
14833024001;2021-08-12;10
14833024001;2021-08-13;3
14833024001;2021-08-14;5
14833024001;2021-08-15;17
14833024001;2021-08-16;5
14833024001;2021-08-17;9
14833033001;2021-08-01;1
14833033001;2021-08-08;1
14833033001;2021-08-12;2
14833033001;2021-08-13;1
14833035001;2021-08-10;2
14833035001;2021-08-12;2
14833035001;2021-08-13;3
14833035001;2021-08-14;3
14833035001;2021-08-15;4
14833035001;2021-08-16;4
14833035001;2021-08-17;2
14833036001;2021-08-02;1
14833036001;2021-08-04;1
14833036001;2021-08-05;5
14833036001;2021-08-11;1
14833036001;2021-08-12;1
14833036001;2021-08-14;1
14833036001;2021-08-16;2
14833037001;2021-08-01;1
14833037001;2021-08-13;1
14833037001;2021-08-14;1
14833037001;2021-08-17;1
14833040001;2021-08-14;1
14833040001;2021-08-15;2
14833040001;2021-08-17;1
14833049001;2021-08-01;1
14833049001;2021-08-02;1
14833049001;2021-08-03;1
14833049001;2021-08-04;1
14833049001;2021-08-05;1
14833049001;2021-08-06;2
14833049001;2021-08-09;1
14833049001;2021-08-10;1
14833049001;2021-08-11;1
14833049001;2021-08-15;2
14833049001;2021-08-17;1
14833052001;2021-08-01;1
14833052001;2021-08-02;2
14833052001;2021-08-03;1
14833052001;2021-08-04;1
14833052001;2021-08-05;1
14833052001;2021-08-06;2
14833052001;2021-08-07;2
14833052001;2021-08-09;2
14833052001;2021-08-10;2
14833052001;2021-08-11;2
14833052001;2021-08-12;2
14833052001;2021-08-13;1
14833052001;2021-08-14;1
14833052001;2021-08-15;2
14833052001;2021-08-17;1
14833056001;2021-08-02;1
14833056001;2021-08-03;1
14833056001;2021-08-05;4
14833056001;2021-08-06;1
14833056001;2021-08-09;1
14833056001;2021-08-10;1
14833056001;2021-08-11;3
14833056001;2021-08-12;2
14833056001;2021-08-13;1
14833056001;2021-08-15;1
14833056001;2021-08-16;1
14833056001;2021-08-17;1
14833058001;2021-08-05;2
14833058001;2021-08-07;1
14833058001;2021-08-08;1
14833058001;2021-08-11;3
14833058001;2021-08-12;4
14833058001;2021-08-13;1
14833058001;2021-08-14;2
14833058001;2021-08-17;1
14833059001;2021-08-05;1
14833059001;2021-08-06;1
14833059001;2021-08-09;1
14833059001;2021-08-12;3
14833059001;2021-08-13;2
14833059001;2021-08-15;1
14833059001;2021-08-16;3
14833059001;2021-08-17;1
14833060001;2021-08-02;1
14833060001;2021-08-12;2
14833060001;2021-08-13;1
14833060001;2021-08-14;3
14833060001;2021-08-15;3
14833060001;2021-08-16;2
14833060001;2021-08-17;4
14833063001;2021-08-06;1
14833063001;2021-08-13;1
14833066001;2021-08-02;1
14833066001;2021-08-03;3
14833066001;2021-08-04;1
14833066001;2021-08-05;2
14833066001;2021-08-09;1
14833066001;2021-08-11;2
14833066001;2021-08-12;4
14833066001;2021-08-13;2
14833066001;2021-08-14;2
14833066001;2021-08-15;4
14833066001;2021-08-17;3
14833069001;2021-08-06;1
14833069001;2021-08-11;1
14833072001;2021-08-01;1
14833072001;2021-08-02;1
14833072001;2021-08-03;4
14833072001;2021-08-04;5
14833072001;2021-08-05;1
14833072001;2021-08-07;1
14833072001;2021-08-09;1
14833072001;2021-08-11;1
14833072001;2021-08-12;4
14833072001;2021-08-13;1
14833072001;2021-08-14;1
14833072001;2021-08-15;1
14833072001;2021-08-17;2
14833075001;2021-08-03;2
14833075001;2021-08-04;1
14833075001;2021-08-07;2
14833075001;2021-08-08;1
14833075001;2021-08-10;1
14833075001;2021-08-11;1
14833075001;2021-08-12;2
14833075001;2021-08-13;1
14833075001;2021-08-14;1
14833075001;2021-08-15;4
14833077001;2021-08-03;1
14833077001;2021-08-04;1
14833077001;2021-08-10;2
14833077001;2021-08-12;1
14833077001;2021-08-14;2
14833077001;2021-08-15;1
14833077001;2021-08-17;1
14833078001;2021-08-14;1
14833078001;2021-08-16;1
14833078001;2021-08-17;2
14833079001;2021-08-05;1
14833079001;2021-08-06;1
14833079001;2021-08-12;1
14833079001;2021-08-13;1
14833079001;2021-08-16;1
14833079001;2021-08-17;1
14833086001;2021-08-03;1
14833086001;2021-08-04;1
14833086001;2021-08-05;1
14833086001;2021-08-06;1
14833086001;2021-08-08;2
14833086001;2021-08-09;2
14833086001;2021-08-11;1
14833086001;2021-08-12;2
14833086001;2021-08-13;2
14833086001;2021-08-14;3
14833086001;2021-08-15;1
14833086001;2021-08-17;2
14840003001;2021-08-01;19
14840003001;2021-08-02;21
14840003001;2021-08-03;30
14840003001;2021-08-04;20
14840003001;2021-08-05;27
14840003001;2021-08-06;24
14840003001;2021-08-07;18
14840003001;2021-08-08;24
14840003001;2021-08-09;21
14840003001;2021-08-10;22
14840003001;2021-08-11;29
14840003001;2021-08-12;34
14840003001;2021-08-13;20
14840003001;2021-08-14;18
14840003001;2021-08-15;34
14840003001;2021-08-16;11
14840003001;2021-08-17;22
14840005001;2021-08-10;1
14840006001;2021-08-01;24
14840006001;2021-08-02;17
14840006001;2021-08-03;17
14840006001;2021-08-04;26
14840006001;2021-08-05;21
14840006001;2021-08-06;14
14840006001;2021-08-07;21
14840006001;2021-08-08;24
14840006001;2021-08-09;21
14840006001;2021-08-10;17
14840006001;2021-08-11;30
14840006001;2021-08-12;25
14840006001;2021-08-13;34
14840006001;2021-08-14;22
14840006001;2021-08-15;39
14840006001;2021-08-16;13
14840006001;2021-08-17;41
14840017001;2021-08-01;7
14840017001;2021-08-02;3
14840017001;2021-08-03;11
14840017001;2021-08-04;7
14840017001;2021-08-05;12
14840017001;2021-08-06;11
14840017001;2021-08-07;6
14840017001;2021-08-08;3
14840017001;2021-08-09;9
14840017001;2021-08-10;9
14840017001;2021-08-11;21
14840017001;2021-08-12;19
14840017001;2021-08-13;10
14840017001;2021-08-14;10
14840017001;2021-08-15;6
14840017001;2021-08-16;4
14840017001;2021-08-17;11
14840018001;2021-08-01;5
14840018001;2021-08-02;4
14840018001;2021-08-03;4
14840018001;2021-08-04;3
14840018001;2021-08-05;3
14840018001;2021-08-06;1
14840018001;2021-08-07;2
14840018001;2021-08-08;7
14840018001;2021-08-09;4
14840018001;2021-08-10;3
14840018001;2021-08-11;7
14840018001;2021-08-12;8
14840018001;2021-08-13;3
14840018001;2021-08-15;24
14840018001;2021-08-17;1
14841001001;2021-08-03;4
14841001001;2021-08-05;1
14841001001;2021-08-06;1
14841001001;2021-08-08;2
14841001001;2021-08-12;2
14841001001;2021-08-14;4
14841001001;2021-08-15;4
14841001001;2021-08-17;4
14841002001;2021-08-01;1
14841002001;2021-08-05;1
14841002001;2021-08-08;2
14841002001;2021-08-09;1
14841002001;2021-08-10;1
14841002001;2021-08-11;3
14841002001;2021-08-12;3
14841002001;2021-08-13;1
14841002001;2021-08-15;4
14841002001;2021-08-16;1
14841003001;2021-08-01;2
14841003001;2021-08-02;1
14841003001;2021-08-03;3
14841003001;2021-08-04;1
14841003001;2021-08-07;1
14841003001;2021-08-08;1
14841003001;2021-08-09;3
14841003001;2021-08-10;2
14841003001;2021-08-11;2
14841003001;2021-08-12;2
14841003001;2021-08-13;2
14841003001;2021-08-14;1
14841003001;2021-08-15;3
14841003001;2021-08-16;4
14841003001;2021-08-17;4
14850001001;2021-08-01;4
14850001001;2021-08-02;9
14850001001;2021-08-03;6
14850001001;2021-08-04;12
14850001001;2021-08-05;12
14850001001;2021-08-06;5
14850001001;2021-08-08;6
14850001001;2021-08-09;9
14850001001;2021-08-10;7
14850001001;2021-08-11;11
14850001001;2021-08-12;14
14850001001;2021-08-13;11
14850001001;2021-08-14;17
14850001001;2021-08-15;17
14850001001;2021-08-16;13
14850001001;2021-08-17;23
14850001001;2021-08-18;1
14850010001;2021-08-01;5
14850010001;2021-08-02;21
14850010001;2021-08-03;20
14850010001;2021-08-04;16
14850010001;2021-08-05;25
14850010001;2021-08-06;10
14850010001;2021-08-07;5
14850010001;2021-08-08;10
14850010001;2021-08-09;15
14850010001;2021-08-10;5
14850010001;2021-08-11;11
14850010001;2021-08-12;9
14850010001;2021-08-13;21
14850010001;2021-08-14;17
14850010001;2021-08-15;25
14850010001;2021-08-16;31
14850010001;2021-08-17;26
14850011001;2021-08-01;4
14850011001;2021-08-02;15
14850011001;2021-08-03;17
14850011001;2021-08-04;14
14850011001;2021-08-05;18
14850011001;2021-08-06;9
14850011001;2021-08-07;7
14850011001;2021-08-08;15
14850011001;2021-08-09;13
14850011001;2021-08-10;16
14850011001;2021-08-11;10
14850011001;2021-08-12;9
14850011001;2021-08-13;10
14850011001;2021-08-14;5
14850011001;2021-08-15;2
14850011001;2021-08-16;5
14850011001;2021-08-17;4
14850019001;2021-08-02;1
14850019001;2021-08-09;1
14850019001;2021-08-13;1
14850020001;2021-08-09;1
14850020001;2021-08-10;1
14850034001;2021-08-01;7
14850034001;2021-08-02;3
14850034001;2021-08-03;5
14850034001;2021-08-04;3
14850034001;2021-08-05;2
14850034001;2021-08-06;1
14850034001;2021-08-07;2
14850034001;2021-08-08;3
14850034001;2021-08-09;2
14850034001;2021-08-10;2
14850034001;2021-08-12;2
14850034001;2021-08-13;1
14850034001;2021-08-14;1
14850034001;2021-08-15;2
14850034001;2021-08-16;3
14850034001;2021-08-17;4
14850042001;2021-08-01;2
14850042001;2021-08-02;1
14850042001;2021-08-05;2
14850042001;2021-08-11;1
14850042001;2021-08-12;1
14850042001;2021-08-13;1
14850060001;2021-08-04;1
14850060001;2021-08-16;1
14850060001;2021-08-17;1
14850093001;2021-08-01;3
14850093001;2021-08-02;2
14850093001;2021-08-03;2
14850093001;2021-08-05;3
14850093001;2021-08-07;1
14850093001;2021-08-08;3
14850093001;2021-08-09;2
14850093001;2021-08-10;2
14850093001;2021-08-11;3
14850093001;2021-08-12;3
14850093001;2021-08-13;2
14850093001;2021-08-14;1
14850093001;2021-08-15;5
14850093001;2021-08-17;1
14850102001;2021-08-01;1
14850102001;2021-08-03;1
14850102001;2021-08-04;1
14850102001;2021-08-07;1
14850102001;2021-08-11;2
14850102001;2021-08-12;1
14850102001;2021-08-13;1
14850102001;2021-08-15;1
14850102001;2021-08-17;2
14850126001;2021-08-08;2
14850126001;2021-08-10;1
14850126001;2021-08-11;2
14850126001;2021-08-12;3
14850126001;2021-08-13;1
14850126001;2021-08-17;3
14850133001;2021-08-14;1
14850194001;2021-08-01;1
14850194001;2021-08-02;1
14850194001;2021-08-04;2
14850194001;2021-08-06;3
14850194001;2021-08-08;3
14850194001;2021-08-10;3
14850194001;2021-08-12;1
14850194001;2021-08-15;1
14850194001;2021-08-16;1
14850194001;2021-08-17;2
14850195001;2021-08-01;1
14850195001;2021-08-02;1
14850195001;2021-08-03;1
14850195001;2021-08-04;1
14850195001;2021-08-07;1
14850195001;2021-08-08;1
14850195001;2021-08-09;3
14850195001;2021-08-10;3
14850195001;2021-08-13;1
14850195001;2021-08-14;1
14850195001;2021-08-15;1
14850195001;2021-08-16;1
14850195001;2021-08-17;1
14851001001;2021-08-03;1
14851001001;2021-08-04;1
14851006001;2021-08-05;1
14851009001;2021-08-03;1
14851009001;2021-08-12;1
14851009001;2021-08-14;1
14851009001;2021-08-17;2
14851010001;2021-08-04;1
14851014001;2021-08-02;2
14851014001;2021-08-03;1
14851023001;2021-08-01;1
14851023001;2021-08-03;1
14851023001;2021-08-06;1
14851025001;2021-08-01;4
14851025001;2021-08-02;3
14851025001;2021-08-03;11
14851025001;2021-08-04;7
14851025001;2021-08-05;6
14851025001;2021-08-06;1
14851025001;2021-08-07;3
14851025001;2021-08-08;1
14851025001;2021-08-09;5
14851025001;2021-08-10;1
14851025001;2021-08-11;6
14851025001;2021-08-12;9
14851025001;2021-08-13;8
14851025001;2021-08-14;5
14851025001;2021-08-15;3
14851025001;2021-08-16;17
14851025001;2021-08-17;12
14851032001;2021-08-12;2
14851034001;2021-08-01;4
14851034001;2021-08-02;2
14851034001;2021-08-03;3
14851034001;2021-08-04;1
14851034001;2021-08-05;2
14851034001;2021-08-08;1
14851034001;2021-08-12;1
14851034001;2021-08-16;1
14851063001;2021-08-01;3
14851063001;2021-08-02;2
14851063001;2021-08-03;2
14851063001;2021-08-04;3
14851063001;2021-08-05;1
14851063001;2021-08-06;1
14851063001;2021-08-07;1
14851063001;2021-08-08;2
14851063001;2021-08-09;8
14851063001;2021-08-11;3
14851063001;2021-08-12;7
14851063001;2021-08-13;4
14851063001;2021-08-15;4
14851063001;2021-08-16;1
14851063001;2021-08-17;2
14851071001;2021-08-02;1
14851071001;2021-08-03;5
14851071001;2021-08-04;3
14851071001;2021-08-06;1
14851071001;2021-08-08;3
14851071001;2021-08-09;3
14851071001;2021-08-11;1
14851071001;2021-08-12;2
14851071001;2021-08-13;2
14851071001;2021-08-15;2
14851071001;2021-08-16;2
14851071001;2021-08-17;2
14851072001;2021-08-01;1
14851072001;2021-08-02;3
14851072001;2021-08-03;3
14851072001;2021-08-04;2
14851072001;2021-08-05;1
14851072001;2021-08-06;1
14851072001;2021-08-07;1
14851072001;2021-08-08;4
14851072001;2021-08-09;4
14851072001;2021-08-11;2
14851072001;2021-08-12;4
14851072001;2021-08-13;3
14851072001;2021-08-15;1
14851121001;2021-08-01;1
14851121001;2021-08-08;1
14851121001;2021-08-11;1
14851121001;2021-08-12;2
14851121001;2021-08-15;1
14852005001;2021-08-01;1
14852005001;2021-08-03;1
14852005001;2021-08-06;1
14852005001;2021-08-09;2
14852006001;2021-08-08;1
14852008001;2021-08-01;1
14852008001;2021-08-08;1
14852009001;2021-08-08;1
14852009001;2021-08-09;1
14852009001;2021-08-15;1
14852011001;2021-08-16;1
14852012001;2021-08-06;1
14852012001;2021-08-08;1
14852012001;2021-08-10;1
14852012001;2021-08-16;1
14852016001;2021-08-13;1
14852019001;2021-08-01;1
14852019001;2021-08-06;1
14852019001;2021-08-13;1
14852020001;2021-08-01;1
14852020001;2021-08-08;1
14852020001;2021-08-10;1
14852020001;2021-08-16;1
14852031001;2021-08-08;2
14852044001;2021-08-10;37
14852044001;2021-08-11;11
14852044001;2021-08-12;1
14852062001;2021-08-12;1
14852062001;2021-08-13;1
14852064001;2021-08-04;1
14852064001;2021-08-08;1
14852064001;2021-08-15;1
14852898001;2021-08-01;1
14852898001;2021-08-08;1
14852898001;2021-08-16;1
14852899001;2021-08-08;1
14852899001;2021-08-14;1
14852899001;2021-08-16;1
14853003001;2021-08-03;1
14853003001;2021-08-04;1
14853003001;2021-08-08;2
14853003001;2021-08-10;2
14853003001;2021-08-11;1
14853003001;2021-08-12;1
14853003001;2021-08-14;1
14853013001;2021-08-06;2
14853013001;2021-08-07;1
14853013001;2021-08-08;1
14853031001;2021-08-01;1
14853031001;2021-08-02;1
14853031001;2021-08-04;1
14853048001;2021-08-04;1
15020001001;2021-08-01;2
15020001001;2021-08-03;2
15020001001;2021-08-04;3
15020001001;2021-08-05;1
15020001001;2021-08-06;2
15020001001;2021-08-07;1
15020001001;2021-08-08;3
15020001001;2021-08-11;4
15020001001;2021-08-12;2
15020001001;2021-08-13;1
15020001001;2021-08-14;1
15020001001;2021-08-15;1
15020001001;2021-08-16;4
15020001001;2021-08-17;2
15020007001;2021-08-15;1
15020010001;2021-08-01;3
15020010001;2021-08-02;6
15020010001;2021-08-03;6
15020010001;2021-08-04;7
15020010001;2021-08-05;10
15020010001;2021-08-06;9
15020010001;2021-08-07;3
15020010001;2021-08-08;8
15020010001;2021-08-09;8
15020010001;2021-08-10;3
15020010001;2021-08-11;11
15020010001;2021-08-12;5
15020010001;2021-08-13;7
15020010001;2021-08-14;7
15020010001;2021-08-15;8
15020010001;2021-08-16;12
15020010001;2021-08-17;2
15020046001;2021-08-01;4
15020046001;2021-08-02;5
15020046001;2021-08-03;1
15020046001;2021-08-05;3
15020046001;2021-08-06;2
15020046001;2021-08-07;1
15020046001;2021-08-08;4
15020046001;2021-08-09;4
15020046001;2021-08-10;1
15020046001;2021-08-11;2
15020046001;2021-08-12;9
15020046001;2021-08-13;1
15020046001;2021-08-14;13
15020046001;2021-08-15;4
15020046001;2021-08-16;10
15020046001;2021-08-17;3
15020047001;2021-08-01;22
15020047001;2021-08-02;22
15020047001;2021-08-03;29
15020047001;2021-08-04;21
15020047001;2021-08-05;17
15020047001;2021-08-06;16
15020047001;2021-08-07;10
15020047001;2021-08-08;21
15020047001;2021-08-09;15
15020047001;2021-08-10;20
15020047001;2021-08-11;17
15020047001;2021-08-12;22
15020047001;2021-08-13;19
15020047001;2021-08-14;35
15020047001;2021-08-15;22
15020047001;2021-08-16;32
15020047001;2021-08-17;31
15020050001;2021-08-01;10
15020050001;2021-08-02;10
15020050001;2021-08-03;7
15020050001;2021-08-04;7
15020050001;2021-08-05;4
15020050001;2021-08-06;3
15020050001;2021-08-07;3
15020050001;2021-08-08;6
15020050001;2021-08-09;2
15020050001;2021-08-10;1
15020050001;2021-08-11;10
15020050001;2021-08-12;9
15020050001;2021-08-13;5
15020050001;2021-08-14;13
15020050001;2021-08-15;12
15020050001;2021-08-16;19
15020050001;2021-08-17;9
15020920001;2021-08-10;4
15020920001;2021-08-11;3
15020920001;2021-08-13;4
15020920001;2021-08-14;20
15020920001;2021-08-15;4
15020920001;2021-08-16;18
15020920001;2021-08-17;1
15020922001;2021-08-01;2
15020922001;2021-08-02;1
15020922001;2021-08-03;2
15020922001;2021-08-04;2
15020922001;2021-08-05;1
15020922001;2021-08-06;2
15020922001;2021-08-07;2
15020922001;2021-08-08;4
15020922001;2021-08-09;3
15020922001;2021-08-10;2
15020922001;2021-08-12;4
15020922001;2021-08-14;1
15020922001;2021-08-15;5
15020922001;2021-08-16;4
15020922001;2021-08-17;3
15020925001;2021-08-03;1
15020925001;2021-08-07;1
15020925001;2021-08-12;1
15020925001;2021-08-15;3
15020925001;2021-08-16;1
15020925001;2021-08-17;1
15021001001;2021-08-01;7
15021001001;2021-08-02;5
15021001001;2021-08-03;9
15021001001;2021-08-04;16
15021001001;2021-08-05;9
15021001001;2021-08-06;6
15021001001;2021-08-07;4
15021001001;2021-08-08;9
15021001001;2021-08-09;1
15021001001;2021-08-10;3
15021001001;2021-08-11;7
15021001001;2021-08-12;9
15021001001;2021-08-13;7
15021001001;2021-08-14;24
15021001001;2021-08-15;5
15021001001;2021-08-16;26
15021001001;2021-08-17;6
15021003001;2021-08-02;3
15021003001;2021-08-03;1
15021003001;2021-08-04;1
15021003001;2021-08-05;1
15021003001;2021-08-06;1
15021003001;2021-08-08;1
15021003001;2021-08-09;2
15021003001;2021-08-10;1
15021003001;2021-08-11;4
15021003001;2021-08-12;2
15021003001;2021-08-14;2
15021003001;2021-08-15;1
15021003001;2021-08-16;1
15021003001;2021-08-17;9
15021035001;2021-08-01;5
15021035001;2021-08-02;5
15021035001;2021-08-03;1
15021035001;2021-08-05;1
15021035001;2021-08-07;2
15021035001;2021-08-08;2
15021035001;2021-08-09;3
15021035001;2021-08-10;4
15021035001;2021-08-11;2
15021035001;2021-08-12;6
15021035001;2021-08-13;4
15021035001;2021-08-14;7
15021035001;2021-08-15;5
15021035001;2021-08-16;2
15021035001;2021-08-17;2
15021042001;2021-08-10;17
15021042001;2021-08-11;1
15021042001;2021-08-12;1
15021042001;2021-08-14;1
15021042001;2021-08-15;6
15021042001;2021-08-16;4
15021042001;2021-08-17;5
15021047001;2021-08-10;2
15021047001;2021-08-11;3
15021047001;2021-08-12;1
15021047001;2021-08-13;1
15021047001;2021-08-14;3
15021047001;2021-08-15;3
15021047001;2021-08-16;1
15021047001;2021-08-17;4
15021057001;2021-08-05;2
15021057001;2021-08-06;3
15021057001;2021-08-10;2
15021057001;2021-08-11;2
15021057001;2021-08-12;2
15021057001;2021-08-14;2
15021057001;2021-08-16;1
15021057001;2021-08-17;2
15021060001;2021-08-02;3
15021060001;2021-08-03;1
15021060001;2021-08-04;2
15021060001;2021-08-06;1
15021060001;2021-08-07;1
15021060001;2021-08-08;1
15021060001;2021-08-09;1
15021060001;2021-08-11;1
15021060001;2021-08-13;1
15021060001;2021-08-14;2
15021060001;2021-08-15;2
15021060001;2021-08-16;1
15021060001;2021-08-17;4
15022004001;2021-08-01;10
15022004001;2021-08-02;8
15022004001;2021-08-03;9
15022004001;2021-08-04;7
15022004001;2021-08-05;1
15022004001;2021-08-06;1
15022004001;2021-08-07;7
15022004001;2021-08-08;2
15022004001;2021-08-09;4
15022004001;2021-08-10;2
15022004001;2021-08-11;8
15022004001;2021-08-12;3
15022004001;2021-08-13;5
15022004001;2021-08-14;3
15022004001;2021-08-15;2
15022004001;2021-08-16;8
15022004001;2021-08-17;4
15022005001;2021-08-09;1
15022005001;2021-08-10;4
15022005001;2021-08-11;4
15022005001;2021-08-12;3
15022005001;2021-08-13;4
15022005001;2021-08-14;9
15022005001;2021-08-15;8
15022005001;2021-08-16;3
15022005001;2021-08-17;4
15022009001;2021-08-02;2
15022009001;2021-08-03;3
15022009001;2021-08-04;2
15022009001;2021-08-05;1
15022009001;2021-08-06;1
15022009001;2021-08-08;1
15022009001;2021-08-10;1
15022009001;2021-08-11;4
15022009001;2021-08-12;1
15022009001;2021-08-13;3
15022009001;2021-08-14;4
15022009001;2021-08-15;2
15022009001;2021-08-16;1
15022009001;2021-08-17;3
15022013001;2021-08-01;1
15022013001;2021-08-02;1
15022013001;2021-08-03;4
15022013001;2021-08-04;2
15022013001;2021-08-05;3
15022013001;2021-08-06;5
15022013001;2021-08-07;1
15022013001;2021-08-08;2
15022013001;2021-08-09;1
15022013001;2021-08-10;5
15022013001;2021-08-11;1
15022013001;2021-08-12;1
15022013001;2021-08-14;2
15022013001;2021-08-16;2
15022013001;2021-08-17;2
15022017001;2021-08-03;4
15022017001;2021-08-04;4
15022017001;2021-08-05;5
15022017001;2021-08-06;1
15022017001;2021-08-07;2
15022017001;2021-08-08;3
15022017001;2021-08-09;5
15022017001;2021-08-10;4
15022017001;2021-08-11;1
15022017001;2021-08-12;1
15022017001;2021-08-15;2
15022017001;2021-08-16;2
15022017001;2021-08-17;4
15022019001;2021-08-05;1
15022019001;2021-08-06;1
15022019001;2021-08-11;1
15022019001;2021-08-12;1
15022019001;2021-08-16;1
15022021001;2021-08-03;1
15022021001;2021-08-04;1
15022021001;2021-08-06;2
15022021001;2021-08-07;1
15022021001;2021-08-08;1
15022021001;2021-08-10;2
15022021001;2021-08-12;1
15022021001;2021-08-13;2
15022021001;2021-08-14;2
15022026001;2021-08-01;10
15022026001;2021-08-02;8
15022026001;2021-08-03;2
15022026001;2021-08-04;3
15022026001;2021-08-05;1
15022026001;2021-08-06;2
15022026001;2021-08-07;3
15022026001;2021-08-08;3
15022026001;2021-08-09;2
15022026001;2021-08-10;2
15022026001;2021-08-11;4
15022026001;2021-08-12;11
15022026001;2021-08-13;5
15022026001;2021-08-14;17
15022026001;2021-08-15;4
15022026001;2021-08-16;8
15022026001;2021-08-17;16
15023001001;2021-08-01;3
15023003001;2021-08-01;3
15023003001;2021-08-02;5
15023003001;2021-08-06;2
15023003001;2021-08-08;1
15023003001;2021-08-10;1
15023003001;2021-08-11;4
15023003001;2021-08-12;5
15023003001;2021-08-13;2
15023003001;2021-08-14;5
15023003001;2021-08-15;8
15023003001;2021-08-16;3
15023004001;2021-08-01;2
15023004001;2021-08-02;1
15023004001;2021-08-04;1
15023004001;2021-08-05;2
15023004001;2021-08-06;2
15023004001;2021-08-08;4
15023004001;2021-08-09;6
15023004001;2021-08-11;4
15023004001;2021-08-15;5
15023004001;2021-08-16;3
15023005001;2021-08-01;1
15023005001;2021-08-02;2
15023005001;2021-08-03;2
15023005001;2021-08-04;2
15023005001;2021-08-05;5
15023005001;2021-08-06;2
15023005001;2021-08-07;2
15023005001;2021-08-08;1
15023005001;2021-08-09;1
15023005001;2021-08-11;1
15023005001;2021-08-12;2
15023005001;2021-08-13;3
15023005001;2021-08-14;5
15023005001;2021-08-15;5
15023005001;2021-08-16;2
15023008001;2021-08-15;3
15023008001;2021-08-16;1
15023011001;2021-08-01;2
15023011001;2021-08-03;2
15023011001;2021-08-04;2
15023011001;2021-08-05;3
15023011001;2021-08-06;1
15023011001;2021-08-07;2
15023011001;2021-08-08;4
15023011001;2021-08-09;1
15023011001;2021-08-10;3
15023011001;2021-08-11;7
15023011001;2021-08-12;1
15023011001;2021-08-13;2
15023011001;2021-08-14;2
15023011001;2021-08-15;5
15023011001;2021-08-16;6
15023011001;2021-08-17;1
15023012001;2021-08-01;2
15023012001;2021-08-02;2
15023012001;2021-08-03;4
15023012001;2021-08-04;8
15023012001;2021-08-05;8
15023012001;2021-08-06;5
15023012001;2021-08-07;1
15023012001;2021-08-08;4
15023012001;2021-08-09;11
15023012001;2021-08-10;3
15023012001;2021-08-11;19
15023012001;2021-08-12;10
15023012001;2021-08-13;8
15023012001;2021-08-14;11
15023012001;2021-08-15;15
15023012001;2021-08-16;12
15023012001;2021-08-17;17
15023013001;2021-08-01;1
15023013001;2021-08-03;1
15023013001;2021-08-05;1
15023013001;2021-08-08;1
15023013001;2021-08-09;4
15023013001;2021-08-10;2
15023013001;2021-08-11;3
15023013001;2021-08-12;3
15023013001;2021-08-13;6
15023013001;2021-08-14;3
15023013001;2021-08-15;8
15023013001;2021-08-16;2
15023013001;2021-08-17;7
15023017001;2021-08-01;3
15023017001;2021-08-02;3
15023017001;2021-08-03;3
15023017001;2021-08-05;2
15023017001;2021-08-06;3
15023017001;2021-08-07;2
15023017001;2021-08-08;5
15023017001;2021-08-09;1
15023017001;2021-08-10;2
15023017001;2021-08-11;4
15023017001;2021-08-13;3
15023017001;2021-08-14;1
15023017001;2021-08-15;1
15023017001;2021-08-17;5
15023020001;2021-08-01;4
15023020001;2021-08-02;3
15023020001;2021-08-03;4
15023020001;2021-08-05;4
15023020001;2021-08-06;4
15023020001;2021-08-07;3
15023020001;2021-08-08;4
15023020001;2021-08-10;2
15023020001;2021-08-11;8
15023020001;2021-08-12;4
15023020001;2021-08-13;4
15023020001;2021-08-14;6
15023020001;2021-08-15;6
15023020001;2021-08-16;3
15023020001;2021-08-17;2
15023035001;2021-08-01;4
15023035001;2021-08-02;4
15023035001;2021-08-03;2
15023035001;2021-08-04;2
15023035001;2021-08-05;1
15023035001;2021-08-14;6
15023035001;2021-08-15;6
15023035001;2021-08-16;5
15023035001;2021-08-17;3
15023036001;2021-08-11;1
15024004001;2021-08-01;1
15024004001;2021-08-02;2
15024004001;2021-08-03;1
15024004001;2021-08-04;7
15024004001;2021-08-05;2
15024004001;2021-08-06;6
15024004001;2021-08-07;1
15024004001;2021-08-08;1
15024004001;2021-08-09;7
15024004001;2021-08-10;3
15024004001;2021-08-11;7
15024004001;2021-08-12;3
15024004001;2021-08-13;3
15024004001;2021-08-14;6
15024004001;2021-08-15;4
15024004001;2021-08-16;7
15024011001;2021-08-01;5
15024011001;2021-08-07;1
15024011001;2021-08-15;1
15024014001;2021-08-01;2
15024014001;2021-08-02;1
15024014001;2021-08-03;5
15024014001;2021-08-04;2
15024014001;2021-08-05;1
15024014001;2021-08-07;2
15024014001;2021-08-08;2
15024014001;2021-08-09;1
15024014001;2021-08-11;1
15024014001;2021-08-12;2
15024014001;2021-08-13;2
15024014001;2021-08-14;4
15024014001;2021-08-15;6
15024014001;2021-08-17;3
15081020001;2021-08-07;1
15081020001;2021-08-09;1
15081020001;2021-08-16;1
30000004001;2021-08-09;1
30000004001;2021-08-12;1
30000056001;2021-08-05;1
30000056001;2021-08-07;2
30000056001;2021-08-08;2
30000056001;2021-08-09;3
30000056001;2021-08-10;1
30000056001;2021-08-11;1
30000056001;2021-08-12;3
30000056001;2021-08-13;2
30000056001;2021-08-14;2
30000056001;2021-08-15;2
30001041001;2021-08-16;1
30001907001;2021-08-05;1
30001907001;2021-08-07;1
30001907001;2021-08-08;1
30001907001;2021-08-09;3
30001907001;2021-08-10;1
30001907001;2021-08-11;2
30001907001;2021-08-12;1
30001907001;2021-08-13;2
30001907001;2021-08-14;5
30001907001;2021-08-15;3
30001907001;2021-08-16;1
30001907001;2021-08-17;2
30002001001;2021-08-10;1
30002001001;2021-08-12;1
30002001001;2021-08-14;1
30003001001;2021-08-08;1
30003001001;2021-08-10;1
30003001001;2021-08-13;1
30003001001;2021-08-17;1
30005001001;2021-08-11;2
30005001001;2021-08-12;1
30010002001;2021-08-05;1
30010002001;2021-08-07;1
30010002001;2021-08-08;2
30010002001;2021-08-09;2
30010002001;2021-08-10;5
30010002001;2021-08-12;1
30010002001;2021-08-13;3
30010002001;2021-08-14;1
30010002001;2021-08-15;10
30010002001;2021-08-16;4
30010002001;2021-08-17;3
30011002001;2021-08-07;2
30011002001;2021-08-08;2
30011002001;2021-08-09;3
30011002001;2021-08-10;3
30011002001;2021-08-11;1
30011002001;2021-08-13;1
30011002001;2021-08-14;2
30011002001;2021-08-15;8
30011002001;2021-08-16;1
30011002001;2021-08-17;5
30013002001;2021-08-08;1
30013002001;2021-08-12;1
30013002001;2021-08-14;1
30013002001;2021-08-15;1
30045078002;2021-08-01;1
30071041001;2021-08-11;1
30071043001;2021-08-05;1
30071043001;2021-08-10;1
30071043001;2021-08-12;1
30071043001;2021-08-14;2
30071051001;2021-08-12;1
30071051001;2021-08-15;1
30073007001;2021-08-09;1
30073017001;2021-08-08;1
30073017001;2021-08-12;1
30073022001;2021-08-14;1
30435004001;2021-08-15;1
30450006001;2021-08-08;3
30450006001;2021-08-09;1
30450006001;2021-08-11;1
30450006001;2021-08-15;1
30450011001;2021-08-11;2
30450011001;2021-08-12;2
30450013001;2021-08-09;1
30450013001;2021-08-11;1
30450034001;2021-08-12;1
30450034001;2021-08-14;1
30450039001;2021-08-17;2
31042914001;2021-08-08;1
31118023001;2021-08-03;1
31118023001;2021-08-04;1
31118023001;2021-08-12;1
31118023001;2021-08-15;1
31214010001;2021-08-04;1
31225014001;2021-08-05;1
31225014001;2021-08-06;1
31225014001;2021-08-15;1
31226017001;2021-08-09;1
31227009001;2021-08-02;1
31235015001;2021-08-01;1
31235015001;2021-08-04;1
31235015001;2021-08-11;2
31235015001;2021-08-12;1
31235015001;2021-08-16;1
31235016001;2021-08-02;1
31235016001;2021-08-03;3
31235016001;2021-08-05;1
31235016001;2021-08-08;1
31235016001;2021-08-09;3
31235016001;2021-08-10;1
31235016001;2021-08-11;2
31235016001;2021-08-13;1
31235016001;2021-08-15;3
31235016001;2021-08-17;1
31236026001;2021-08-01;1
31236026001;2021-08-06;2
31236026001;2021-08-10;1
31236026001;2021-08-15;2
31236026001;2021-08-17;2
31236027001;2021-08-01;1
31236027001;2021-08-03;1
31236027001;2021-08-04;2
31236027001;2021-08-05;3
31236027001;2021-08-08;1
31236027001;2021-08-09;1
31236027001;2021-08-10;1
31236027001;2021-08-11;4
31236027001;2021-08-12;2
31236027001;2021-08-15;1
31240002001;2021-08-12;1
31240002001;2021-08-15;1
31244001001;2021-08-02;1
31244001001;2021-08-04;1
31244001001;2021-08-08;1
31244001001;2021-08-13;1
31244001001;2021-08-14;2
31244001001;2021-08-15;2
31244002001;2021-08-02;1
31244002001;2021-08-04;3
31244002001;2021-08-06;1
31244002001;2021-08-07;1
31244002001;2021-08-13;2
31244002001;2021-08-16;1
31251002001;2021-08-14;1
31253001001;2021-08-01;2
31253001001;2021-08-06;2
31253001001;2021-08-10;1
31253001001;2021-08-14;1
31253002001;2021-08-06;1
31253002001;2021-08-07;1
31253002001;2021-08-12;1
31253004001;2021-08-03;1
31253004001;2021-08-04;1
31253004001;2021-08-06;1
31254009001;2021-08-02;1
31254009001;2021-08-03;1
31254009001;2021-08-05;1
31254009001;2021-08-07;1
31254009001;2021-08-09;1
31254009001;2021-08-12;1
31254899001;2021-08-11;1
31254899001;2021-08-13;1
31255010001;2021-08-02;1
31255010001;2021-08-07;1
31255010001;2021-08-08;1
31258003001;2021-08-01;1
31258003001;2021-08-10;1
31258006001;2021-08-09;1
31258006001;2021-08-15;1
31260001001;2021-08-02;1
31268003001;2021-08-03;1
31268003001;2021-08-04;1
31270006001;2021-08-12;1
31271003001;2021-08-10;1
31273002001;2021-08-01;1
31403064001;2021-08-01;2
31420003001;2021-08-14;1
31420003001;2021-08-15;2
31421003001;2021-08-03;1
31421003001;2021-08-06;1
31421003001;2021-08-11;1
31421003001;2021-08-14;1
31421011001;2021-08-03;1
31421011001;2021-08-06;3
31421011001;2021-08-09;1
31421011001;2021-08-11;1
31421011001;2021-08-14;1
31421011001;2021-08-15;2
31421034001;2021-08-09;1
31421034001;2021-08-14;1
31421034001;2021-08-15;2
31421035001;2021-08-01;1
31421035001;2021-08-09;1
31421035001;2021-08-10;1
31421035001;2021-08-14;1
31421035001;2021-08-15;2
31421038001;2021-08-01;1
31421038001;2021-08-02;1
31421038001;2021-08-04;1
31421038001;2021-08-08;1
31421038001;2021-08-12;1
31421038001;2021-08-14;1
31421039001;2021-08-04;2
31421039001;2021-08-09;1
31421040001;2021-08-06;1
31421040001;2021-08-09;1
31421041001;2021-08-04;1
31421041001;2021-08-05;1
31421049001;2021-08-04;1
31421049001;2021-08-09;1
31422002001;2021-08-04;2
31422002001;2021-08-09;1
31422011001;2021-08-01;1
31422011001;2021-08-04;3
31422011001;2021-08-07;1
31422011001;2021-08-09;2
31422011001;2021-08-11;1
31422011001;2021-08-14;3
31422013001;2021-08-02;1
31422013001;2021-08-09;1
31422013001;2021-08-14;1
31422013001;2021-08-17;1
31422014001;2021-08-06;1
31422014001;2021-08-07;1
31422014001;2021-08-13;1
31422014001;2021-08-14;1
31422014001;2021-08-15;1
31422014001;2021-08-17;1
31422019001;2021-08-09;1
31422898001;2021-08-01;1
31422898001;2021-08-02;1
31422898001;2021-08-04;1
31422898001;2021-08-05;1
31422898001;2021-08-07;1
31422898001;2021-08-09;1
31422898001;2021-08-17;1
31423001001;2021-08-01;1
31423001001;2021-08-02;1
31423001001;2021-08-04;1
31423001001;2021-08-06;1
31423001001;2021-08-08;1
31423001001;2021-08-13;3
31423001001;2021-08-15;2
31423013001;2021-08-02;1
31423013001;2021-08-04;1
31423013001;2021-08-05;1
31423019001;2021-08-02;1
31423019001;2021-08-03;1
31423019001;2021-08-06;1
31423019001;2021-08-09;4
31423019001;2021-08-14;1
31423019001;2021-08-15;1
31423019001;2021-08-16;1
31423896001;2021-08-03;1
31423896001;2021-08-06;1
31423896001;2021-08-07;1
31423896001;2021-08-08;1
31423896001;2021-08-13;1
31423897001;2021-08-01;2
31423897001;2021-08-10;1
31423902001;2021-08-07;1
31423902001;2021-08-08;1
31424001001;2021-08-01;1
31424001001;2021-08-02;1
31424001001;2021-08-03;3
31424001001;2021-08-04;2
31424001001;2021-08-05;1
31424001001;2021-08-08;1
31424001001;2021-08-09;1
31424001001;2021-08-11;1
31424001001;2021-08-14;1
31424001001;2021-08-16;1
31424001001;2021-08-17;1
31424002001;2021-08-02;1
31424002001;2021-08-04;4
31424002001;2021-08-05;2
31424002001;2021-08-07;1
31424002001;2021-08-08;5
31424002001;2021-08-09;5
31424002001;2021-08-10;1
31424002001;2021-08-13;1
31424002001;2021-08-14;1
31424002001;2021-08-15;5
31424002001;2021-08-17;1
31455002001;2021-08-07;1
31455002001;2021-08-09;1
31455002001;2021-08-11;1
31455002001;2021-08-13;1
31455002001;2021-08-14;1
31455003001;2021-08-01;1
31455003001;2021-08-02;2
31455003001;2021-08-03;1
31455003001;2021-08-04;1
31455003001;2021-08-05;1
31455003001;2021-08-06;1
31455003001;2021-08-08;2
31455003001;2021-08-09;1
31455003001;2021-08-10;1
31455003001;2021-08-11;1
31455003001;2021-08-13;1
31455003001;2021-08-14;2
31455003001;2021-08-16;1
31455016001;2021-08-06;2
31455016001;2021-08-08;1
31466156001;2021-08-01;3
31466156001;2021-08-02;3
31466156001;2021-08-03;2
31466156001;2021-08-04;1
31466156001;2021-08-08;2
31466156001;2021-08-09;1
31466156001;2021-08-11;2
31466156001;2021-08-12;6
31466156001;2021-08-13;3
31466156001;2021-08-14;3
31466156001;2021-08-15;1
31466156001;2021-08-16;2
31473013001;2021-08-01;1
31473013001;2021-08-02;9
31473013001;2021-08-03;4
31473013001;2021-08-04;3
31473013001;2021-08-05;6
31473013001;2021-08-06;2
31473013001;2021-08-07;1
31473013001;2021-08-08;2
31473013001;2021-08-09;1
31473013001;2021-08-12;5
31473013001;2021-08-13;2
31473013001;2021-08-14;9
31473013001;2021-08-15;6
31473013001;2021-08-17;1
31500006001;2021-08-01;1
31500006001;2021-08-02;1
31500006001;2021-08-03;3
31500006001;2021-08-04;1
31500006001;2021-08-05;2
31500006001;2021-08-08;1
31500006001;2021-08-09;5
31500006001;2021-08-10;6
31500006001;2021-08-11;11
31500006001;2021-08-12;4
31500006001;2021-08-13;1
31500006001;2021-08-14;7
31500006001;2021-08-15;9
31500006001;2021-08-16;1
31500006001;2021-08-17;2
31500008001;2021-08-10;1
31500014001;2021-08-03;1
31500014001;2021-08-09;2
31500014001;2021-08-11;1
31500014001;2021-08-12;3
31500014001;2021-08-13;2
31500014001;2021-08-14;6
31500014001;2021-08-15;2
31500014001;2021-08-17;1
31500015001;2021-08-06;1
31500015001;2021-08-09;2
31500015001;2021-08-10;3
31500015001;2021-08-11;2
31500015001;2021-08-12;4
31500015001;2021-08-13;2
31500015001;2021-08-14;5
31500015001;2021-08-15;4
31500015001;2021-08-16;1
31500015001;2021-08-17;2
31500022004;2021-08-02;1
31500022004;2021-08-03;1
31500022004;2021-08-04;2
31500022004;2021-08-05;1
31500022004;2021-08-08;2
31500022004;2021-08-09;1
31500022004;2021-08-11;2
31500022004;2021-08-12;2
31500022004;2021-08-15;3
31500025002;2021-08-01;1
31500025002;2021-08-02;1
31500025002;2021-08-03;1
31500025002;2021-08-04;2
31500025002;2021-08-05;3
31500025002;2021-08-06;2
31500025002;2021-08-07;1
31500025002;2021-08-09;2
31500025002;2021-08-10;1
31500025002;2021-08-11;2
31500025002;2021-08-12;1
31500025002;2021-08-13;1
31500025002;2021-08-14;2
31500025002;2021-08-15;2
31500030001;2021-08-01;2
31500030001;2021-08-03;1
31500030001;2021-08-04;2
31500030001;2021-08-05;2
31500030001;2021-08-06;1
31500030001;2021-08-09;2
31500030001;2021-08-10;1
31500030001;2021-08-11;2
31500030001;2021-08-13;1
31500032001;2021-08-01;1
31500032001;2021-08-09;1
31501003001;2021-08-01;2
31501003001;2021-08-03;2
31501003001;2021-08-06;2
31501003001;2021-08-08;2
31501003001;2021-08-09;3
31501003001;2021-08-10;4
31501003001;2021-08-11;4
31501003001;2021-08-12;5
31501003001;2021-08-13;2
31501003001;2021-08-15;2
31501007001;2021-08-01;2
31501007001;2021-08-02;1
31501007001;2021-08-08;1
31501007001;2021-08-09;2
31501007001;2021-08-14;1
31501007001;2021-08-15;1
31501010001;2021-08-01;1
31501010001;2021-08-02;1
31501010001;2021-08-03;2
31501010001;2021-08-05;2
31501010001;2021-08-06;2
31501010001;2021-08-08;4
31501010001;2021-08-09;10
31501010001;2021-08-10;2
31501010001;2021-08-11;4
31501010001;2021-08-12;3
31501010001;2021-08-13;8
31501010001;2021-08-14;7
31501010001;2021-08-15;7
31501010001;2021-08-16;1
31501010001;2021-08-17;4
31501013001;2021-08-01;1
31501013001;2021-08-14;1
31501021001;2021-08-01;9
31501021001;2021-08-02;3
31501021001;2021-08-03;6
31501021001;2021-08-04;7
31501021001;2021-08-05;3
31501021001;2021-08-06;2
31501021001;2021-08-07;1
31501021001;2021-08-08;7
31501021001;2021-08-09;3
31501021001;2021-08-10;9
31501021001;2021-08-11;5
31501021001;2021-08-12;5
31501021001;2021-08-13;5
31501021001;2021-08-14;3
31501021001;2021-08-15;8
31501021001;2021-08-16;1
31501021001;2021-08-17;3
31501901003;2021-08-11;2
31501901003;2021-08-13;3
31501901003;2021-08-14;4
31501901003;2021-08-15;4
31501901003;2021-08-17;1
31501903003;2021-08-01;3
31501903003;2021-08-03;1
31501903003;2021-08-04;2
31501903003;2021-08-06;1
31501903003;2021-08-07;2
31501903003;2021-08-09;2
31501903003;2021-08-11;2
31501903003;2021-08-15;1
31501904001;2021-08-03;1
31501904001;2021-08-04;1
31501904001;2021-08-05;2
31501904001;2021-08-06;1
31501904001;2021-08-11;1
31501904001;2021-08-12;1
31501907002;2021-08-06;1
31501907002;2021-08-15;1
31502003001;2021-08-01;4
31502003001;2021-08-02;2
31502003001;2021-08-04;1
31502003001;2021-08-05;1
31502003001;2021-08-12;1
31502003001;2021-08-13;1
31502003001;2021-08-17;1
31502006001;2021-08-02;1
31502006001;2021-08-03;1
31502006001;2021-08-04;1
31502006001;2021-08-05;4
31502006001;2021-08-07;1
31502006001;2021-08-08;3
31502006001;2021-08-09;6
31502006001;2021-08-10;2
31502006001;2021-08-11;5
31502006001;2021-08-12;3
31502006001;2021-08-13;1
31502006001;2021-08-14;4
31502006001;2021-08-15;8
31502006001;2021-08-16;2
31502006001;2021-08-17;2
31502010001;2021-08-03;1
31502010001;2021-08-04;1
31502010001;2021-08-06;3
31502012001;2021-08-01;1
31502012001;2021-08-04;1
31502012001;2021-08-09;1
31502012001;2021-08-12;1
31502012001;2021-08-17;1
31502025001;2021-08-01;4
31502025001;2021-08-02;3
31502025001;2021-08-03;2
31502025001;2021-08-04;1
31502025001;2021-08-05;2
31502025001;2021-08-06;2
31502025001;2021-08-07;2
31502025001;2021-08-08;3
31502025001;2021-08-09;7
31502025001;2021-08-10;10
31502025001;2021-08-11;4
31502025001;2021-08-12;2
31502025001;2021-08-13;3
31502025001;2021-08-14;3
31502025001;2021-08-15;9
31502025001;2021-08-16;1
31502025001;2021-08-17;3
31502032004;2021-08-01;1
31502032004;2021-08-02;1
31502032004;2021-08-08;1
31502032004;2021-08-14;1
31502032004;2021-08-15;1
31502032004;2021-08-16;1
31502032004;2021-08-17;1
31502034001;2021-08-01;2
31502034001;2021-08-02;2
31502034001;2021-08-03;2
31502034001;2021-08-07;2
31502034001;2021-08-09;2
31502034001;2021-08-11;1
31502034001;2021-08-15;3
31502034001;2021-08-16;1
31502034001;2021-08-17;1
31502037001;2021-08-01;1
31502037001;2021-08-05;1
31502037001;2021-08-09;3
31502037001;2021-08-10;1
31502037001;2021-08-12;2
31502041001;2021-08-11;1
31502041001;2021-08-14;1
31503003001;2021-08-02;1
31503003001;2021-08-04;2
31503003001;2021-08-05;1
31503003001;2021-08-06;1
31503003001;2021-08-09;1
31503003001;2021-08-14;1
31503003001;2021-08-15;1
31504009001;2021-08-01;1
31504009001;2021-08-05;2
31504009001;2021-08-08;2
31504009001;2021-08-09;1
31504009001;2021-08-10;1
31504009001;2021-08-17;1
31504015001;2021-08-05;1
31504015001;2021-08-09;1
31504015001;2021-08-11;1
31504015001;2021-08-15;1
31530005001;2021-08-17;1
31530008001;2021-08-07;1
31530008001;2021-08-12;1
31530011001;2021-08-02;1
31530011001;2021-08-08;1
31530011001;2021-08-11;2
31530011001;2021-08-12;2
31530011001;2021-08-13;1
31530027001;2021-08-03;1
31530027001;2021-08-06;1
31530027001;2021-08-12;1
31530027001;2021-08-13;2
31530027001;2021-08-14;1
31530043001;2021-08-04;1
31530043001;2021-08-09;1
31530107001;2021-08-01;1
31530107001;2021-08-03;1
31530107001;2021-08-04;1
31530107001;2021-08-05;1
31530107001;2021-08-09;1
31530107001;2021-08-11;2
31530107001;2021-08-15;2
31530107001;2021-08-16;1
31530108001;2021-08-10;2
31531002001;2021-08-04;1
31531002001;2021-08-07;1
31531002001;2021-08-08;3
31531002001;2021-08-09;3
31531002001;2021-08-10;3
31531002001;2021-08-11;4
31531002001;2021-08-12;3
31531002001;2021-08-13;1
31531002001;2021-08-14;10
31531002001;2021-08-15;5
31531002001;2021-08-16;1
31531002001;2021-08-17;1
31531021001;2021-08-01;1
31531021001;2021-08-04;1
31531021001;2021-08-06;1
31531021001;2021-08-11;1
31531021001;2021-08-14;1
31531022001;2021-08-08;1
31531022001;2021-08-09;1
31531022001;2021-08-10;1
31531022001;2021-08-12;2
31531022001;2021-08-13;1
31531022001;2021-08-17;1
31531042001;2021-08-02;1
31531042001;2021-08-03;2
31531042001;2021-08-04;1
31531042001;2021-08-07;1
31531042001;2021-08-08;2
31531042001;2021-08-13;1
31531042001;2021-08-15;1
31531047001;2021-08-09;1
31531047001;2021-08-10;1
31531047001;2021-08-11;1
31531047001;2021-08-12;1
31531047001;2021-08-15;1
31531056001;2021-08-01;1
31531056001;2021-08-03;1
31531056001;2021-08-04;2
31531056001;2021-08-08;1
31531056001;2021-08-11;1
31531056001;2021-08-15;2
31532003001;2021-08-01;1
31532003001;2021-08-04;3
31532060001;2021-08-01;1
31532060001;2021-08-05;1
31532060001;2021-08-08;1
31532060001;2021-08-12;2
31532098001;2021-08-02;1
31532098001;2021-08-09;2
31532098001;2021-08-10;1
31532098001;2021-08-11;1
31532098001;2021-08-12;1
31532098001;2021-08-13;2
31532098001;2021-08-14;3
31532099001;2021-08-01;1
31532099001;2021-08-07;1
31532099001;2021-08-09;2
31532099001;2021-08-10;1
31532099001;2021-08-12;2
31532099001;2021-08-13;1
31532099001;2021-08-14;1
31532099001;2021-08-15;3
31532099001;2021-08-17;1
31532100001;2021-08-01;1
31532100001;2021-08-08;1
31532100001;2021-08-10;1
31532100001;2021-08-12;3
31532100001;2021-08-13;3
31532100001;2021-08-14;1
31532100001;2021-08-17;2
31533003001;2021-08-01;1
31533003001;2021-08-04;1
31533003001;2021-08-05;1
31533003001;2021-08-09;1
31533005001;2021-08-01;2
31533005001;2021-08-02;2
31533005001;2021-08-03;1
31533005001;2021-08-04;2
31533005001;2021-08-06;2
31533005001;2021-08-07;3
31533005001;2021-08-08;2
31533005001;2021-08-09;1
31533005001;2021-08-10;1
31533005001;2021-08-11;1
31533005001;2021-08-12;2
31533005001;2021-08-14;5
31533005001;2021-08-15;2
31533005001;2021-08-16;2
31533005001;2021-08-17;1
31533008001;2021-08-01;2
31533008001;2021-08-02;2
31533008001;2021-08-03;7
31533008001;2021-08-04;4
31533008001;2021-08-05;2
31533008001;2021-08-06;4
31533008001;2021-08-08;2
31533008001;2021-08-09;5
31533008001;2021-08-10;5
31533008001;2021-08-11;4
31533008001;2021-08-12;8
31533008001;2021-08-13;5
31533008001;2021-08-14;8
31533008001;2021-08-15;5
31533008001;2021-08-16;2
31533008001;2021-08-17;2
31533084001;2021-08-14;1
31533085001;2021-08-06;1
31533085001;2021-08-12;1
31533085001;2021-08-15;1
31533096001;2021-08-01;1
31533096001;2021-08-03;1
31533096001;2021-08-09;1
31533097001;2021-08-06;1
31533097001;2021-08-09;2
31533097001;2021-08-13;2
31533309001;2021-08-01;1
31533309001;2021-08-03;2
31533309001;2021-08-06;1
31533309001;2021-08-08;1
31533309001;2021-08-12;1
31533309001;2021-08-15;2
31543032001;2021-08-02;1
31545011001;2021-08-02;1
31545011001;2021-08-10;1
31545011001;2021-08-11;1
31545011001;2021-08-12;1
31545011001;2021-08-13;1
31546020001;2021-08-02;2
31546020001;2021-08-03;1
31546020001;2021-08-05;1
31546020001;2021-08-08;1
31546020001;2021-08-09;1
31546020001;2021-08-11;1
31546020001;2021-08-12;1
31552006001;2021-08-01;1
31552006001;2021-08-02;1
31553006001;2021-08-01;1
31553006001;2021-08-02;1
31553006001;2021-08-03;1
31553006001;2021-08-05;1
31553006001;2021-08-08;1
31553006001;2021-08-09;1
31553006001;2021-08-10;1
31553006001;2021-08-14;1
31556012001;2021-08-03;1
31563039001;2021-08-08;1
31564005001;2021-08-05;1
31564005001;2021-08-08;1
31564005001;2021-08-11;1
31564005001;2021-08-14;1
31564005001;2021-08-15;1
31564007001;2021-08-11;1
31564007001;2021-08-14;1
31564007001;2021-08-16;1
31564007001;2021-08-17;2
31567004001;2021-08-11;1
31567004001;2021-08-12;1
31567004001;2021-08-13;1
31567004001;2021-08-15;1
31567010001;2021-08-09;1
31567010001;2021-08-13;2
31567010001;2021-08-15;1
31567018001;2021-08-01;1
31567018001;2021-08-02;1
31567018001;2021-08-05;1
31567018001;2021-08-08;2
31567018001;2021-08-09;5
31567018001;2021-08-10;7
31567018001;2021-08-11;4
31567018001;2021-08-12;6
31567018001;2021-08-13;2
31567018001;2021-08-16;1
31567025001;2021-08-02;1
31567025001;2021-08-09;4
31567025001;2021-08-10;4
31567025001;2021-08-11;1
31567025001;2021-08-12;5
31567025001;2021-08-13;2
31567025001;2021-08-14;3
31567030001;2021-08-02;1
31567030001;2021-08-13;3
31567031001;2021-08-01;1
31567031001;2021-08-02;1
31567031001;2021-08-05;1
31567031001;2021-08-08;1
31567031001;2021-08-09;2
31567031001;2021-08-10;3
31567031001;2021-08-11;2
31567031001;2021-08-12;10
31567031001;2021-08-13;3
31567031001;2021-08-14;6
31567031001;2021-08-17;3
31567037001;2021-08-03;1
31567037001;2021-08-06;1
31567037001;2021-08-09;1
31567037001;2021-08-13;1
31567051001;2021-08-08;1
31567052001;2021-08-01;2
31567052001;2021-08-02;3
31567052001;2021-08-04;1
31567052001;2021-08-05;3
31567052001;2021-08-07;1
31567052001;2021-08-08;4
31567052001;2021-08-09;3
31567052001;2021-08-10;2
31567052001;2021-08-11;2
31567052001;2021-08-12;1
31567052001;2021-08-13;1
31567052001;2021-08-14;2
31567052001;2021-08-16;1
31567052001;2021-08-17;1
31567056001;2021-08-02;1
31567056001;2021-08-08;1
31568007001;2021-08-03;1
31568007001;2021-08-06;1
31568007001;2021-08-11;1
31568011001;2021-08-05;1
31568011001;2021-08-10;2
31568011001;2021-08-11;1
31568011001;2021-08-14;2
31568011001;2021-08-15;1
31568012001;2021-08-02;1
31568012001;2021-08-03;1
31568012001;2021-08-08;1
31568012001;2021-08-12;3
31568012001;2021-08-14;1
31568012001;2021-08-17;1
31568016001;2021-08-01;2
31568016001;2021-08-02;3
31568016001;2021-08-03;1
31568016001;2021-08-04;1
31568016001;2021-08-06;2
31568016001;2021-08-07;1
31568016001;2021-08-08;1
31568016001;2021-08-09;1
31568016001;2021-08-13;1
31568016001;2021-08-17;1
31568019001;2021-08-01;2
31568019001;2021-08-02;3
31568019001;2021-08-04;2
31568019001;2021-08-06;1
31568019001;2021-08-07;1
31568019001;2021-08-08;4
31568019001;2021-08-09;2
31568019001;2021-08-11;2
31568019001;2021-08-13;1
31568019001;2021-08-14;3
31568019001;2021-08-17;1
31568028001;2021-08-01;1
31568028001;2021-08-02;2
31568028001;2021-08-03;3
31568028001;2021-08-07;1
31568028001;2021-08-09;2
31568028001;2021-08-10;1
31568028001;2021-08-11;2
31568028001;2021-08-13;1
31568028001;2021-08-14;1
31568028001;2021-08-17;1
31568043001;2021-08-13;1
31568043001;2021-08-14;1
31568043001;2021-08-17;1
31580049002;2021-08-09;1
31602059001;2021-08-01;1
31607015001;2021-08-02;1
31607015001;2021-08-08;1
31607015001;2021-08-09;1
31607015001;2021-08-12;1
31611044001;2021-08-03;1
31611044001;2021-08-04;1
31611044001;2021-08-14;1
31611047001;2021-08-01;1
31611047001;2021-08-08;1
31611047001;2021-08-09;2
31611047001;2021-08-13;2
31623006001;2021-08-03;1
31623006001;2021-08-04;2
31623006001;2021-08-05;1
31623006001;2021-08-06;1
31623006001;2021-08-10;1
31623006001;2021-08-13;1
31623026001;2021-08-02;1
31623026001;2021-08-04;1
31623026001;2021-08-05;1
31623026001;2021-08-08;2
31623026001;2021-08-09;1
31623026001;2021-08-10;1
31623898001;2021-08-01;1
31623898001;2021-08-02;1
31623898001;2021-08-03;2
31623898001;2021-08-06;1
31623898001;2021-08-07;1
31623898001;2021-08-08;1
31623898001;2021-08-10;1
31623904001;2021-08-04;1
31623904001;2021-08-11;1
31623904001;2021-08-14;2
31623904001;2021-08-15;1
31628003001;2021-08-08;1
31628003001;2021-08-10;1
31644022001;2021-08-05;1
31644022001;2021-08-09;2
31707014001;2021-08-09;1
31707014001;2021-08-11;1
31707014001;2021-08-14;1
31707014001;2021-08-15;1
31707014001;2021-08-16;1
31707014001;2021-08-17;1
31707041001;2021-08-03;1
31707055001;2021-08-02;1
31707055001;2021-08-12;1
31707055001;2021-08-15;1
31707075001;2021-08-09;1
31707075001;2021-08-12;2
31707075001;2021-08-13;1
31707076001;2021-08-02;1
31707076001;2021-08-09;1
31707076001;2021-08-10;1
31707076001;2021-08-12;1
31707086001;2021-08-13;1
31707086001;2021-08-14;1
31709944001;2021-08-05;1
31709944001;2021-08-13;1
31709974001;2021-08-03;1
31709974001;2021-08-08;1
31709974001;2021-08-09;3
31709974001;2021-08-10;2
31709974001;2021-08-11;3
31709974001;2021-08-12;2
31709974001;2021-08-13;1
31709974001;2021-08-14;1
31709974001;2021-08-15;2
31762003001;2021-08-04;2
31762007001;2021-08-02;1
31762007001;2021-08-03;1
31762007001;2021-08-08;2
31762007001;2021-08-16;1
31762009001;2021-08-01;1
31762009001;2021-08-05;1
31762009001;2021-08-09;1
31762009001;2021-08-14;1
31762009001;2021-08-15;2
31762901001;2021-08-05;1
31762901001;2021-08-15;1
31821064001;2021-08-14;1
31821064001;2021-08-15;1
31821065001;2021-08-02;1
31821065001;2021-08-03;1
31821065001;2021-08-08;1
31821065001;2021-08-15;1
31821065001;2021-08-17;1
31822063001;2021-08-06;1
31822063001;2021-08-09;1
31822063001;2021-08-10;1
31822063001;2021-08-15;1
31822064001;2021-08-02;1
31822064001;2021-08-04;1
31822064001;2021-08-09;3
31822064001;2021-08-10;1
31822064001;2021-08-11;1
31822064001;2021-08-13;1
31822064001;2021-08-14;1
31822064001;2021-08-15;2
31822064001;2021-08-17;1
31827020001;2021-08-12;1
31827020001;2021-08-17;2
31827023001;2021-08-01;2
31827023001;2021-08-03;1
31827023001;2021-08-06;2
31827023001;2021-08-08;1
31827023001;2021-08-09;3
31827023001;2021-08-11;2
31827023001;2021-08-12;1
31827023001;2021-08-13;2
31827023001;2021-08-14;1
31827023001;2021-08-15;3
31827023001;2021-08-16;2
31827023001;2021-08-17;1
31912024001;2021-08-01;1
31912024001;2021-08-02;1
31912024001;2021-08-03;2
31912024001;2021-08-04;1
31912024001;2021-08-05;1
31912036001;2021-08-01;1
31912036001;2021-08-02;1
31912036001;2021-08-03;1
31912036001;2021-08-08;1
31912036001;2021-08-11;1
31912036001;2021-08-12;1
31914003001;2021-08-01;1
31914003001;2021-08-07;1
31914003001;2021-08-10;1
31914003001;2021-08-11;3
31914003001;2021-08-12;1
31914003001;2021-08-15;1
31914003001;2021-08-17;2
32400180001;2021-08-01;2
32400180001;2021-08-02;1
32400180001;2021-08-03;1
32400180001;2021-08-06;1
32400180001;2021-08-08;1
32400180001;2021-08-15;1
32410009001;2021-08-01;1
32410009001;2021-08-02;1
32410009001;2021-08-08;1
32410009001;2021-08-09;1
32410009001;2021-08-10;1
32410009001;2021-08-16;1
32410009001;2021-08-17;1
32410016001;2021-08-02;1
32410016001;2021-08-08;1
32410016001;2021-08-15;1
32410019001;2021-08-14;1
32410022001;2021-08-08;1
32410035001;2021-08-02;1
32410035001;2021-08-03;1
32410035001;2021-08-04;1
32410035001;2021-08-07;1
32410035001;2021-08-14;1
32410102001;2021-08-02;1
32410102001;2021-08-11;1
32410102001;2021-08-17;1
32420004001;2021-08-12;1
32420014001;2021-08-01;1
32420014001;2021-08-12;1
32420015001;2021-08-01;1
32421010001;2021-08-11;1
32421016001;2021-08-08;1
32424001001;2021-08-08;1
32424001001;2021-08-11;1
32431010001;2021-08-12;1
32431010001;2021-08-15;1
32431010001;2021-08-17;1
32431020001;2021-08-01;1
32431035001;2021-08-04;2
32431035001;2021-08-05;1
32431035001;2021-08-08;2
32431035001;2021-08-13;1
32431035001;2021-08-17;1
32470079001;2021-08-06;1
32470093001;2021-08-01;1
32470093001;2021-08-06;1
32470093001;2021-08-15;1
32470093001;2021-08-17;1
32500008001;2021-08-10;2
32500008001;2021-08-12;1
32500008001;2021-08-16;1
32501007001;2021-08-02;1
32501007001;2021-08-09;2
32501008001;2021-08-09;1
32501008001;2021-08-10;1
32501100001;2021-08-02;1
32501100001;2021-08-09;2
32501100001;2021-08-11;4
32501100001;2021-08-12;1
32501100001;2021-08-15;1
32501100001;2021-08-16;3
32501100001;2021-08-17;1
32502011001;2021-08-08;1
32503007003;2021-08-02;1
32503008003;2021-08-05;1
32503035001;2021-08-17;1
32504024001;2021-08-01;1
32504025002;2021-08-03;1
32504025002;2021-08-04;1
32504025002;2021-08-09;1
32504043005;2021-08-02;1
32504043005;2021-08-03;2
32504043005;2021-08-09;1
32510002001;2021-08-03;1
32511012001;2021-08-01;1
32511012001;2021-08-04;1
32511012001;2021-08-11;3
32511021001;2021-08-08;1
32514005001;2021-08-11;1
32517006001;2021-08-06;1
32517006001;2021-08-09;2
32517009001;2021-08-09;1
32523001001;2021-08-13;1
32524032001;2021-08-01;1
32600042001;2021-08-10;2
33550920001;2021-08-01;1
33550920001;2021-08-09;1
33550920001;2021-08-16;1
33550938001;2021-08-07;1
33550938001;2021-08-08;3
33550938001;2021-08-09;5
33550938001;2021-08-10;3
33550938001;2021-08-11;1
33550938001;2021-08-12;1
33550938001;2021-08-13;1
33550938001;2021-08-15;1
33550938001;2021-08-16;2
33550938001;2021-08-17;5
33551004001;2021-08-01;1
33551004001;2021-08-02;1
33551004001;2021-08-03;1
33551004001;2021-08-05;1
33551004001;2021-08-08;1
33551004001;2021-08-13;1
33551004001;2021-08-15;3
33551902001;2021-08-03;1
33551902001;2021-08-04;3
33551902001;2021-08-05;1
33551902001;2021-08-07;1
33551902001;2021-08-08;1
33551902001;2021-08-15;2
33551902001;2021-08-16;2
33551902001;2021-08-17;3
33551908001;2021-08-01;3
33551908001;2021-08-02;1
33551908001;2021-08-04;1
33551908001;2021-08-06;1
33551908001;2021-08-07;2
33551908001;2021-08-08;1
33551908001;2021-08-10;2
33551908001;2021-08-12;2
33551908001;2021-08-13;1
33551908001;2021-08-14;1
33551908001;2021-08-15;2
33551908001;2021-08-16;1
35131010001;2021-08-13;1
35131010001;2021-08-14;1
35301005001;2021-08-02;2
35301005001;2021-08-03;2
35301005001;2021-08-08;2
35301005001;2021-08-11;1
35301005001;2021-08-13;2
35301005001;2021-08-14;1
35301005001;2021-08-17;1
35301020001;2021-08-12;1
35302003001;2021-08-11;1
35302003001;2021-08-17;1
35302015001;2021-08-05;1
35302015001;2021-08-11;1
35302040001;2021-08-03;2
35302040001;2021-08-10;1
35307005001;2021-08-10;1
35307925001;2021-08-12;1
35307925001;2021-08-14;1
35311004001;2021-08-03;1
35311004001;2021-08-15;1
35750013001;2021-08-03;1
35750013001;2021-08-10;1
35750013001;2021-08-12;2
35751018001;2021-08-09;1
35751018001;2021-08-13;1
35751018001;2021-08-16;1
35751019001;2021-08-03;1
35751019001;2021-08-06;1
35751019001;2021-08-07;2
35751019001;2021-08-08;1
35751019001;2021-08-09;2
35751019001;2021-08-10;2
35751019001;2021-08-11;2
35751019001;2021-08-13;1
35751019001;2021-08-14;1
35751019001;2021-08-15;1
35751019001;2021-08-16;1
35751021001;2021-08-09;2
35751021001;2021-08-12;1
35752005001;2021-08-01;1
41100017001;2021-08-01;1
41100017001;2021-08-03;1
41100017001;2021-08-04;1
41212906001;2021-08-09;1
41223020001;2021-08-07;2
41223020001;2021-08-11;1
41232047001;2021-08-01;1
41232047001;2021-08-09;1
41232052001;2021-08-17;1
41234002001;2021-08-10;1
41234002001;2021-08-15;1
41234002001;2021-08-17;2
41234006001;2021-08-13;1
41234006001;2021-08-17;1
41244001001;2021-08-17;1
41300016001;2021-08-10;6
41300016001;2021-08-11;1
41300016001;2021-08-12;1
41300016001;2021-08-13;1
41300016001;2021-08-14;1
41300016001;2021-08-15;4
41300016001;2021-08-16;2
41301002001;2021-08-12;1
41302008001;2021-08-09;1
41302008001;2021-08-14;1
41302901001;2021-08-10;1
41303049001;2021-08-04;1
41303049001;2021-08-07;1
41310001001;2021-08-01;1
41310001001;2021-08-11;1
41313936001;2021-08-01;1
41313936001;2021-08-06;1
41313936001;2021-08-13;1
41332022001;2021-08-01;1
41332022001;2021-08-02;1
41332022001;2021-08-03;2
41333047001;2021-08-05;1
41401011001;2021-08-12;1
41401022001;2021-08-17;1
41401031001;2021-08-07;1
41401031001;2021-08-08;1
41401031001;2021-08-16;1
41401040001;2021-08-08;1
41401071001;2021-08-07;1
41401071001;2021-08-12;1
41401071001;2021-08-14;1
41401071001;2021-08-16;1
41401071001;2021-08-17;1
41414006001;2021-08-05;1
41414006001;2021-08-09;1
41414006001;2021-08-14;1
41414006001;2021-08-17;1
41417013001;2021-08-16;1
41420006001;2021-08-02;1
41521020001;2021-08-01;1
41521020001;2021-08-02;1
41521020001;2021-08-08;2
41521020001;2021-08-09;1
41521020001;2021-08-10;1
41521020001;2021-08-11;2
41522089001;2021-08-08;1
41522089001;2021-08-09;2
41601014001;2021-08-08;1
42014003001;2021-08-02;1
42014003001;2021-08-13;1
42015012001;2021-08-04;1
42613064002;2021-08-13;1
42613064002;2021-08-15;2
60011899001;2021-08-04;2
60011899001;2021-08-05;1
60011899001;2021-08-06;1
60011899001;2021-08-11;1
60011899001;2021-08-13;2
60011899001;2021-08-15;1
60014001010;2021-08-01;1
60014001010;2021-08-16;1
60014001010;2021-08-17;2
61062008001;2021-08-13;1
61063005002;2021-08-08;1
61064012003;2021-08-02;1
61064012003;2021-08-07;1
61064012003;2021-08-11;1
61064105002;2021-08-13;1
61064105002;2021-08-17;1
61064195002;2021-08-14;1
61080007004;2021-08-02;1
61080010003;2021-08-08;1
61080010003;2021-08-16;1
65011150001;2021-08-15;1
65090016001;2021-08-04;1
65106030001;2021-08-03;1
65106030001;2021-08-05;1
65106030001;2021-08-08;2
65106030001;2021-08-09;4
65106030001;2021-08-10;3
65106030001;2021-08-11;2
65106030001;2021-08-12;2
65106030001;2021-08-13;2
65106030001;2021-08-14;2
65106030001;2021-08-15;7
65106030001;2021-08-16;2
65106036001;2021-08-14;1
65106036001;2021-08-15;1
65106036001;2021-08-17;1
65106084001;2021-08-02;1
65106084001;2021-08-11;1
65106084001;2021-08-14;1
65106084001;2021-08-15;1
65106084001;2021-08-17;1
