item_code;2021-08-01;2021-08-02;2021-08-03;2021-08-04;2021-08-05;2021-08-06;2021-08-07;2021-08-08;2021-08-09;2021-08-10;2021-08-11;2021-08-12;2021-08-13;2021-08-14;2021-08-15;2021-08-16;2021-08-17;2021-08-18
10000001001;1.0;1.0;1.0;1.0;2.0;0.0;2.0;0.0;1.0;3.0;0.0;1.0;3.0;0.0;0.0;0.0;2.0;0.0
10000002001;5.0;1.0;5.0;18.0;18.0;10.0;3.0;18.0;20.0;18.0;17.0;22.0;22.0;53.0;27.0;20.0;13.0;0.0
10000003001;2.0;3.0;8.0;12.0;5.0;4.0;5.0;4.0;8.0;7.0;6.0;6.0;4.0;3.0;5.0;6.0;8.0;0.0
10000004001;8.0;3.0;5.0;5.0;3.0;3.0;0.0;3.0;2.0;5.0;2.0;5.0;5.0;21.0;1.0;2.0;10.0;0.0
10000005001;46.0;5.0;11.0;4.0;10.0;2.0;6.0;0.0;2.0;1.0;22.0;23.0;20.0;21.0;26.0;35.0;24.0;0.0
10000007001;7.0;10.0;11.0;14.0;13.0;8.0;6.0;11.0;11.0;7.0;12.0;18.0;11.0;13.0;18.0;14.0;8.0;0.0
10000008001;0.0;0.0;0.0;0.0;0.0;0.0;0.0;0.0;1.0;0.0;0.0;1.0;0.0;0.0;0.0;0.0;0.0;0.0
10000010001;12.0;5.0;5.0;3.0;7.0;6.0;7.0;4.0;8.0;5.0;10.0;11.0;7.0;16.0;7.0;6.0;2.0;0.0
10000011001;35.0;37.0;35.0;22.0;18.0;6.0;17.0;24.0;39.0;30.0;45.0;27.0;32.0;33.0;55.0;88.0;60.0;0.0
10000012001;3.0;3.0;3.0;5.0;5.0;0.0;10.0;1.0;5.0;9.0;4.0;10.0;6.0;7.0;3.0;2.0;2.0;0.0
10000022001;3.0;2.0;2.0;1.0;1.0;2.0;2.0;3.0;3.0;1.0;3.0;3.0;1.0;3.0;4.0;0.0;4.0;0.0
10000023001;1.0;0.0;2.0;0.0;1.0;0.0;1.0;1.0;1.0;0.0;1.0;2.0;0.0;0.0;1.0;1.0;0.0;0.0
10000027001;4.0;3.0;5.0;1.0;4.0;4.0;0.0;4.0;1.0;1.0;3.0;5.0;3.0;3.0;2.0;1.0;3.0;0.0
10000998001;13.0;8.0;15.0;19.0;26.0;7.0;8.0;23.0;20.0;11.0;24.0;26.0;22.0;8.0;57.0;14.0;33.0;0.0
10001001001;9.0;3.0;7.0;8.0;3.0;3.0;3.0;2.0;7.0;6.0;6.0;9.0;8.0;10.0;7.0;1.0;10.0;0.0
10001004001;7.0;2.0;5.0;14.0;11.0;10.0;1.0;8.0;14.0;17.0;15.0;22.0;16.0;21.0;48.0;13.0;19.0;0.0
10001005001;2.0;1.0;3.0;3.0;3.0;2.0;1.0;0.0;2.0;3.0;0.0;2.0;3.0;2.0;8.0;10.0;8.0;0.0
10001006001;14.0;9.0;16.0;15.0;18.0;6.0;12.0;21.0;17.0;26.0;24.0;29.0;23.0;13.0;41.0;29.0;28.0;0.0
10001007001;0.0;1.0;0.0;1.0;0.0;1.0;0.0;0.0;0.0;0.0;0.0;0.0;0.0;2.0;1.0;1.0;3.0;0.0
10001008001;1.0;1.0;5.0;2.0;1.0;4.0;0.0;1.0;1.0;2.0;3.0;3.0;1.0;3.0;1.0;1.0;2.0;0.0
10001009001;28.0;16.0;12.0;10.0;13.0;9.0;16.0;12.0;11.0;2.0;26.0;23.0;13.0;11.0;14.0;10.0;30.0;0.0
10001010001;0.0;0.0;0.0;0.0;0.0;0.0;0.0;1.0;0.0;0.0;1.0;0.0;0.0;0.0;0.0;0.0;0.0;0.0
10001012001;10.0;8.0;16.0;25.0;20.0;7.0;10.0;16.0;11.0;12.0;18.0;16.0;10.0;18.0;21.0;10.0;41.0;0.0
10001015001;0.0;2.0;4.0;1.0;5.0;4.0;0.0;1.0;3.0;2.0;3.0;1.0;3.0;0.0;1.0;1.0;2.0;0.0
10001020001;4.0;1.0;3.0;5.0;3.0;3.0;1.0;2.0;2.0;5.0;4.0;6.0;6.0;2.0;10.0;7.0;10.0;0.0
10001022001;6.0;1.0;1.0;1.0;6.0;5.0;2.0;1.0;3.0;4.0;5.0;10.0;2.0;4.0;4.0;2.0;5.0;0.0
10001025001;7.0;1.0;14.0;12.0;9.0;6.0;6.0;10.0;8.0;7.0;12.0;15.0;10.0;5.0;19.0;14.0;11.0;0.0
10001035001;3.0;1.0;0.0;5.0;3.0;5.0;1.0;1.0;3.0;1.0;7.0;5.0;4.0;3.0;4.0;2.0;6.0;0.0
10002001001;16.0;13.0;21.0;11.0;8.0;5.0;11.0;5.0;11.0;12.0;14.0;11.0;7.0;2.0;12.0;5.0;20.0;0.0
10002003001;6.0;4.0;7.0;13.0;6.0;5.0;4.0;4.0;1.0;3.0;12.0;4.0;10.0;7.0;10.0;4.0;10.0;0.0
10002005001;7.0;5.0;17.0;13.0;19.0;4.0;11.0;14.0;8.0;15.0;15.0;17.0;14.0;5.0;16.0;17.0;15.0;0.0
10002007001;6.0;5.0;5.0;5.0;9.0;5.0;0.0;8.0;5.0;7.0;10.0;7.0;4.0;5.0;8.0;6.0;14.0;0.0
10002008001;9.0;7.0;6.0;4.0;7.0;2.0;1.0;8.0;18.0;21.0;13.0;6.0;15.0;12.0;22.0;44.0;37.0;1.0
10002009001;5.0;3.0;14.0;11.0;10.0;15.0;3.0;7.0;11.0;8.0;12.0;6.0;14.0;9.0;4.0;4.0;4.0;0.0
10002011001;1.0;0.0;0.0;0.0;0.0;0.0;0.0;0.0;0.0;0.0;1.0;0.0;0.0;0.0;0.0;0.0;0.0;0.0
10002012001;2.0;0.0;0.0;0.0;0.0;0.0;0.0;0.0;1.0;1.0;1.0;2.0;3.0;2.0;2.0;7.0;4.0;0.0
10002013001;1.0;0.0;1.0;0.0;0.0;0.0;0.0;0.0;1.0;0.0;0.0;1.0;0.0;0.0;0.0;0.0;0.0;0.0
10002014001;3.0;7.0;7.0;4.0;6.0;4.0;1.0;2.0;3.0;6.0;3.0;9.0;8.0;5.0;9.0;9.0;1.0;0.0
10002017001;5.0;7.0;4.0;3.0;6.0;4.0;3.0;6.0;4.0;3.0;0.0;3.0;10.0;12.0;23.0;7.0;6.0;0.0
10002018001;21.0;9.0;14.0;18.0;34.0;15.0;7.0;31.0;42.0;42.0;45.0;45.0;38.0;33.0;36.0;39.0;31.0;0.0
10002019001;16.0;28.0;30.0;18.0;11.0;8.0;7.0;10.0;10.0;11.0;13.0;17.0;12.0;12.0;17.0;8.0;8.0;0.0
10002021001;11.0;10.0;7.0;10.0;24.0;4.0;3.0;19.0;25.0;15.0;23.0;28.0;22.0;8.0;19.0;17.0;18.0;0.0
10002025001;4.0;0.0;4.0;2.0;3.0;2.0;3.0;3.0;2.0;4.0;8.0;5.0;4.0;0.0;1.0;2.0;6.0;0.0
10002026001;0.0;0.0;0.0;0.0;0.0;0.0;0.0;0.0;0.0;1.0;0.0;0.0;0.0;0.0;0.0;0.0;0.0;0.0
10002035001;3.0;0.0;11.0;8.0;6.0;5.0;5.0;2.0;9.0;5.0;6.0;4.0;7.0;10.0;30.0;3.0;6.0;0.0
10002037001;0.0;1.0;0.0;0.0;0.0;0.0;0.0;0.0;0.0;0.0;0.0;1.0;2.0;0.0;0.0;0.0;0.0;0.0
10002038001;0.0;1.0;0.0;0.0;1.0;0.0;0.0;0.0;0.0;0.0;0.0;1.0;1.0;0.0;0.0;0.0;0.0;0.0
10002040001;5.0;7.0;5.0;3.0;2.0;1.0;7.0;2.0;1.0;4.0;3.0;3.0;3.0;2.0;2.0;6.0;1.0;0.0
10002045001;4.0;4.0;7.0;12.0;7.0;15.0;4.0;4.0;14.0;19.0;8.0;10.0;14.0;14.0;14.0;4.0;8.0;0.0
10002046001;7.0;6.0;0.0;1.0;0.0;0.0;3.0;14.0;5.0;0.0;0.0;3.0;2.0;5.0;3.0;7.0;6.0;0.0
10002069001;3.0;3.0;4.0;1.0;2.0;3.0;2.0;1.0;0.0;3.0;2.0;3.0;4.0;2.0;0.0;3.0;2.0;0.0
10002071001;3.0;4.0;6.0;5.0;10.0;4.0;1.0;3.0;3.0;2.0;5.0;10.0;8.0;9.0;6.0;5.0;9.0;0.0
10002072001;3.0;0.0;1.0;2.0;1.0;0.0;0.0;0.0;1.0;2.0;2.0;2.0;4.0;1.0;1.0;1.0;6.0;0.0
10002073001;0.0;0.0;0.0;0.0;0.0;0.0;0.0;0.0;0.0;2.0;2.0;6.0;5.0;4.0;4.0;3.0;8.0;0.0
10002074001;5.0;5.0;3.0;4.0;1.0;8.0;2.0;3.0;7.0;2.0;4.0;5.0;5.0;1.0;5.0;5.0;0.0;0.0
10002078001;0.0;0.0;0.0;0.0;0.0;0.0;0.0;0.0;0.0;0.0;0.0;0.0;1.0;2.0;0.0;0.0;1.0;0.0
10002102001;24.0;18.0;21.0;15.0;12.0;16.0;7.0;9.0;15.0;8.0;12.0;9.0;11.0;16.0;12.0;13.0;13.0;0.0
10002899001;0.0;0.0;1.0;0.0;0.0;1.0;0.0;0.0;0.0;0.0;0.0;1.0;0.0;0.0;0.0;0.0;0.0;0.0
10002906001;0.0;3.0;4.0;3.0;8.0;1.0;0.0;2.0;3.0;3.0;3.0;6.0;3.0;1.0;7.0;5.0;4.0;0.0
10002916001;1.0;1.0;0.0;1.0;2.0;1.0;1.0;0.0;0.0;0.0;0.0;2.0;1.0;0.0;0.0;0.0;0.0;0.0
10002918001;0.0;0.0;0.0;0.0;0.0;0.0;0.0;0.0;0.0;0.0;0.0;0.0;2.0;1.0;0.0;0.0;0.0;0.0
10002919001;0.0;0.0;0.0;0.0;0.0;0.0;0.0;0.0;0.0;0.0;0.0;1.0;2.0;2.0;1.0;0.0;0.0;0.0
10002942001;2.0;0.0;1.0;1.0;2.0;0.0;1.0;2.0;2.0;1.0;1.0;0.0;2.0;0.0;1.0;0.0;5.0;0.0
10002943001;3.0;5.0;5.0;4.0;0.0;3.0;0.0;1.0;1.0;0.0;7.0;11.0;6.0;8.0;6.0;5.0;9.0;0.0
10002944001;2.0;2.0;2.0;4.0;0.0;4.0;1.0;1.0;0.0;5.0;4.0;7.0;7.0;6.0;9.0;4.0;5.0;0.0
10010002001;19.0;17.0;13.0;35.0;37.0;9.0;11.0;25.0;26.0;16.0;23.0;28.0;30.0;11.0;22.0;17.0;38.0;0.0
10010004001;8.0;12.0;8.0;12.0;21.0;7.0;4.0;13.0;11.0;7.0;10.0;8.0;15.0;15.0;17.0;20.0;12.0;0.0
10010009001;0.0;1.0;0.0;0.0;1.0;0.0;0.0;0.0;0.0;0.0;0.0;1.0;2.0;0.0;1.0;1.0;3.0;0.0
10010012001;0.0;1.0;2.0;0.0;0.0;0.0;1.0;0.0;0.0;2.0;3.0;1.0;0.0;0.0;2.0;1.0;1.0;0.0
10010018001;0.0;0.0;0.0;0.0;0.0;0.0;0.0;0.0;0.0;0.0;0.0;0.0;0.0;2.0;1.0;5.0;1.0;0.0
10010019001;0.0;0.0;0.0;0.0;0.0;0.0;0.0;0.0;0.0;1.0;2.0;3.0;2.0;1.0;2.0;0.0;2.0;0.0
10010026001;2.0;2.0;7.0;4.0;3.0;1.0;3.0;2.0;2.0;0.0;1.0;3.0;1.0;3.0;5.0;5.0;4.0;0.0
10010035001;8.0;20.0;19.0;20.0;12.0;11.0;6.0;16.0;19.0;29.0;18.0;25.0;15.0;15.0;15.0;14.0;18.0;0.0
10010042001;0.0;3.0;0.0;0.0;1.0;1.0;1.0;2.0;2.0;2.0;2.0;0.0;1.0;0.0;1.0;0.0;1.0;0.0
10010043001;1.0;1.0;3.0;2.0;0.0;0.0;3.0;4.0;1.0;3.0;1.0;1.0;1.0;0.0;0.0;0.0;2.0;0.0
10011001001;2.0;4.0;4.0;7.0;8.0;6.0;1.0;4.0;7.0;9.0;15.0;12.0;6.0;13.0;8.0;9.0;17.0;0.0
10011003001;10.0;7.0;14.0;13.0;10.0;7.0;6.0;9.0;12.0;6.0;17.0;14.0;8.0;7.0;10.0;2.0;4.0;0.0
10011004001;0.0;0.0;1.0;1.0;0.0;0.0;0.0;0.0;0.0;0.0;1.0;0.0;0.0;0.0;1.0;0.0;1.0;0.0
10011007001;0.0;2.0;1.0;0.0;2.0;0.0;0.0;0.0;1.0;0.0;1.0;0.0;0.0;2.0;0.0;0.0;0.0;0.0
10011016001;4.0;3.0;3.0;9.0;9.0;10.0;6.0;5.0;3.0;5.0;6.0;6.0;5.0;10.0;12.0;11.0;6.0;0.0
10011021001;2.0;1.0;0.0;1.0;1.0;2.0;0.0;0.0;3.0;0.0;3.0;3.0;1.0;1.0;0.0;5.0;1.0;0.0
10011023001;3.0;11.0;5.0;7.0;9.0;0.0;2.0;3.0;6.0;6.0;5.0;2.0;2.0;1.0;7.0;4.0;6.0;0.0
10011028001;0.0;0.0;4.0;0.0;0.0;0.0;0.0;1.0;1.0;0.0;0.0;1.0;0.0;0.0;2.0;0.0;0.0;0.0
10012002001;0.0;0.0;0.0;0.0;0.0;0.0;0.0;0.0;0.0;1.0;0.0;0.0;0.0;0.0;0.0;0.0;0.0;0.0
10012004001;20.0;5.0;8.0;5.0;12.0;4.0;2.0;5.0;2.0;5.0;0.0;1.0;1.0;12.0;3.0;2.0;2.0;0.0
10012006001;1.0;9.0;0.0;1.0;3.0;0.0;2.0;3.0;5.0;2.0;4.0;3.0;4.0;3.0;4.0;4.0;5.0;0.0
10012009001;0.0;2.0;0.0;1.0;0.0;0.0;0.0;0.0;0.0;0.0;0.0;0.0;0.0;0.0;0.0;0.0;1.0;0.0
10012899001;4.0;4.0;4.0;5.0;4.0;4.0;0.0;3.0;3.0;4.0;2.0;4.0;3.0;4.0;2.0;1.0;2.0;0.0
10013003001;5.0;3.0;7.0;11.0;8.0;4.0;8.0;6.0;2.0;3.0;6.0;6.0;12.0;9.0;39.0;17.0;6.0;0.0
10013004001;0.0;0.0;0.0;0.0;0.0;0.0;0.0;0.0;0.0;0.0;0.0;1.0;0.0;1.0;0.0;0.0;0.0;0.0
10013005001;0.0;2.0;5.0;1.0;4.0;2.0;2.0;5.0;3.0;9.0;9.0;8.0;5.0;7.0;12.0;13.0;10.0;0.0
10013007001;0.0;0.0;0.0;0.0;0.0;0.0;0.0;0.0;0.0;0.0;0.0;0.0;0.0;2.0;0.0;2.0;1.0;0.0
10013012001;2.0;9.0;4.0;7.0;3.0;0.0;4.0;4.0;10.0;8.0;4.0;9.0;2.0;1.0;4.0;3.0;5.0;0.0
10014009001;0.0;1.0;6.0;6.0;3.0;8.0;4.0;4.0;1.0;10.0;10.0;6.0;3.0;4.0;8.0;5.0;7.0;0.0
10014018001;0.0;0.0;0.0;0.0;0.0;0.0;0.0;0.0;0.0;0.0;0.0;0.0;0.0;0.0;0.0;1.0;0.0;0.0
10014020001;3.0;3.0;1.0;7.0;4.0;1.0;2.0;3.0;0.0;0.0;3.0;3.0;2.0;4.0;7.0;3.0;10.0;0.0
10014023001;8.0;14.0;21.0;10.0;13.0;1.0;4.0;5.0;4.0;2.0;10.0;10.0;7.0;1.0;6.0;3.0;5.0;0.0
10014024001;0.0;2.0;3.0;5.0;1.0;1.0;0.0;0.0;0.0;0.0;2.0;0.0;0.0;0.0;1.0;0.0;0.0;0.0
10014028001;3.0;6.0;8.0;7.0;11.0;5.0;2.0;5.0;9.0;14.0;2.0;13.0;4.0;12.0;6.0;17.0;15.0;0.0
10014029001;1.0;1.0;0.0;0.0;1.0;1.0;0.0;0.0;0.0;1.0;3.0;3.0;1.0;4.0;4.0;0.0;1.0;0.0
10014030001;1.0;1.0;0.0;3.0;3.0;1.0;0.0;0.0;1.0;0.0;1.0;0.0;0.0;0.0;0.0;0.0;0.0;0.0
10014032001;1.0;3.0;1.0;3.0;4.0;0.0;3.0;1.0;1.0;1.0;2.0;1.0;3.0;8.0;10.0;2.0;1.0;0.0
10014033001;3.0;5.0;3.0;5.0;11.0;5.0;5.0;3.0;3.0;3.0;5.0;5.0;7.0;8.0;9.0;14.0;4.0;0.0
10014037001;1.0;1.0;1.0;2.0;1.0;0.0;0.0;0.0;1.0;0.0;1.0;0.0;2.0;3.0;0.0;0.0;1.0;0.0
10014043001;0.0;0.0;0.0;1.0;0.0;0.0;0.0;0.0;0.0;0.0;0.0;0.0;0.0;0.0;0.0;0.0;0.0;0.0
10014051001;1.0;2.0;2.0;1.0;2.0;0.0;3.0;2.0;2.0;2.0;3.0;3.0;1.0;6.0;3.0;4.0;8.0;0.0
10014055001;0.0;0.0;0.0;0.0;1.0;0.0;0.0;0.0;0.0;0.0;0.0;0.0;0.0;0.0;0.0;0.0;0.0;0.0
10014062001;1.0;0.0;1.0;0.0;1.0;0.0;0.0;0.0;0.0;0.0;0.0;0.0;0.0;0.0;0.0;0.0;0.0;0.0
10014067001;1.0;0.0;0.0;0.0;0.0;0.0;0.0;0.0;0.0;0.0;0.0;0.0;0.0;1.0;1.0;1.0;0.0;0.0
10014069001;0.0;0.0;1.0;0.0;0.0;0.0;0.0;0.0;0.0;0.0;0.0;0.0;0.0;0.0;0.0;0.0;0.0;0.0
10014073001;0.0;0.0;0.0;0.0;0.0;0.0;0.0;0.0;0.0;0.0;0.0;0.0;0.0;0.0;0.0;0.0;1.0;0.0
10014080001;2.0;0.0;2.0;2.0;2.0;0.0;1.0;0.0;1.0;0.0;1.0;1.0;1.0;0.0;0.0;1.0;0.0;0.0
10014090001;8.0;7.0;12.0;9.0;12.0;7.0;4.0;8.0;10.0;12.0;12.0;19.0;5.0;13.0;16.0;28.0;23.0;0.0
10014092001;2.0;2.0;3.0;0.0;6.0;4.0;4.0;3.0;1.0;2.0;0.0;3.0;4.0;5.0;4.0;2.0;0.0;0.0
10014097001;1.0;0.0;0.0;0.0;0.0;0.0;0.0;0.0;0.0;0.0;0.0;0.0;0.0;1.0;0.0;0.0;1.0;0.0
10014106001;0.0;0.0;0.0;0.0;1.0;0.0;0.0;0.0;1.0;0.0;0.0;1.0;0.0;1.0;0.0;0.0;0.0;0.0
10014110001;0.0;0.0;0.0;0.0;0.0;0.0;0.0;0.0;0.0;0.0;0.0;0.0;0.0;1.0;2.0;0.0;0.0;0.0
10014111001;0.0;0.0;0.0;0.0;0.0;0.0;0.0;1.0;2.0;0.0;1.0;1.0;0.0;2.0;1.0;2.0;1.0;0.0
10014113001;2.0;3.0;3.0;1.0;1.0;0.0;3.0;2.0;1.0;6.0;5.0;4.0;3.0;4.0;7.0;6.0;5.0;0.0
10014126001;0.0;0.0;0.0;0.0;0.0;0.0;0.0;1.0;1.0;1.0;1.0;1.0;1.0;4.0;1.0;2.0;5.0;0.0
10014130001;2.0;0.0;0.0;0.0;0.0;0.0;0.0;2.0;1.0;2.0;0.0;0.0;0.0;0.0;1.0;0.0;4.0;0.0
10014898001;0.0;0.0;0.0;0.0;0.0;0.0;0.0;0.0;0.0;1.0;1.0;3.0;1.0;0.0;4.0;3.0;1.0;0.0
10015007001;7.0;3.0;13.0;5.0;5.0;3.0;4.0;6.0;6.0;11.0;12.0;5.0;13.0;11.0;8.0;13.0;7.0;0.0
10015011001;1.0;2.0;4.0;3.0;1.0;1.0;1.0;0.0;1.0;8.0;3.0;3.0;1.0;5.0;9.0;10.0;8.0;0.0
10016002001;0.0;0.0;1.0;0.0;0.0;0.0;0.0;0.0;0.0;0.0;1.0;0.0;1.0;1.0;2.0;0.0;1.0;0.0
10016011001;0.0;1.0;0.0;1.0;1.0;1.0;0.0;0.0;1.0;0.0;0.0;1.0;1.0;2.0;1.0;1.0;1.0;0.0
10016014001;4.0;0.0;2.0;1.0;2.0;0.0;0.0;1.0;1.0;0.0;0.0;0.0;1.0;0.0;0.0;0.0;3.0;0.0
10016015001;2.0;4.0;5.0;3.0;2.0;2.0;1.0;4.0;3.0;4.0;3.0;5.0;6.0;3.0;3.0;6.0;4.0;0.0
10016020001;2.0;1.0;4.0;3.0;5.0;1.0;0.0;0.0;3.0;1.0;2.0;2.0;3.0;6.0;1.0;0.0;4.0;0.0
10020002001;3.0;1.0;2.0;2.0;2.0;1.0;0.0;5.0;4.0;3.0;4.0;1.0;2.0;0.0;3.0;1.0;2.0;0.0
10020003001;1.0;1.0;1.0;1.0;1.0;1.0;1.0;1.0;0.0;0.0;0.0;0.0;0.0;0.0;0.0;0.0;0.0;0.0
10020004001;3.0;1.0;2.0;6.0;0.0;2.0;0.0;1.0;2.0;2.0;0.0;2.0;2.0;2.0;3.0;3.0;2.0;0.0
10020006001;0.0;0.0;1.0;0.0;0.0;0.0;0.0;0.0;0.0;0.0;0.0;0.0;0.0;0.0;0.0;0.0;0.0;0.0
10020007001;7.0;10.0;15.0;8.0;15.0;4.0;7.0;13.0;8.0;23.0;19.0;19.0;12.0;11.0;20.0;25.0;15.0;0.0
10020011001;4.0;1.0;3.0;0.0;4.0;0.0;2.0;2.0;7.0;4.0;3.0;6.0;2.0;2.0;2.0;7.0;5.0;0.0
10020012001;1.0;1.0;1.0;1.0;1.0;2.0;0.0;0.0;1.0;3.0;0.0;1.0;0.0;0.0;0.0;0.0;0.0;0.0
10020015001;1.0;1.0;4.0;3.0;2.0;0.0;0.0;2.0;2.0;2.0;2.0;3.0;1.0;2.0;3.0;2.0;2.0;0.0
10020016001;0.0;0.0;0.0;0.0;1.0;0.0;0.0;0.0;3.0;1.0;3.0;1.0;0.0;2.0;1.0;3.0;0.0;0.0
10020017001;0.0;0.0;0.0;0.0;0.0;1.0;0.0;0.0;1.0;0.0;0.0;0.0;0.0;0.0;0.0;0.0;0.0;0.0
10020018001;6.0;10.0;8.0;12.0;5.0;2.0;4.0;5.0;4.0;12.0;9.0;10.0;5.0;6.0;16.0;15.0;8.0;0.0
10020019001;1.0;2.0;1.0;3.0;1.0;0.0;0.0;0.0;0.0;0.0;0.0;0.0;1.0;0.0;0.0;3.0;0.0;0.0
10020024001;0.0;1.0;1.0;1.0;2.0;2.0;0.0;0.0;3.0;1.0;1.0;1.0;2.0;1.0;3.0;1.0;5.0;0.0
10020025001;0.0;2.0;2.0;1.0;0.0;0.0;0.0;0.0;1.0;2.0;1.0;2.0;0.0;0.0;0.0;1.0;4.0;0.0
10020027001;4.0;5.0;4.0;7.0;7.0;3.0;6.0;3.0;3.0;5.0;2.0;3.0;7.0;2.0;7.0;6.0;4.0;0.0
10020028001;0.0;0.0;0.0;1.0;0.0;1.0;0.0;0.0;1.0;0.0;0.0;0.0;0.0;0.0;0.0;0.0;0.0;0.0
10020033001;2.0;3.0;6.0;3.0;4.0;1.0;4.0;0.0;2.0;0.0;2.0;3.0;1.0;1.0;3.0;2.0;1.0;0.0
10020034001;0.0;1.0;0.0;0.0;2.0;1.0;0.0;1.0;0.0;1.0;2.0;0.0;0.0;0.0;2.0;4.0;1.0;0.0
10020036001;2.0;3.0;2.0;2.0;2.0;0.0;1.0;0.0;0.0;1.0;4.0;0.0;0.0;4.0;1.0;2.0;1.0;0.0
10020037001;1.0;0.0;0.0;0.0;0.0;0.0;0.0;0.0;0.0;0.0;0.0;0.0;0.0;0.0;0.0;0.0;0.0;0.0
10020041001;2.0;2.0;5.0;9.0;3.0;2.0;0.0;6.0;6.0;6.0;5.0;2.0;5.0;4.0;10.0;13.0;6.0;0.0
10020042001;2.0;0.0;0.0;0.0;0.0;0.0;0.0;0.0;0.0;4.0;3.0;2.0;3.0;1.0;3.0;1.0;2.0;0.0
10020046001;0.0;0.0;2.0;0.0;0.0;0.0;0.0;2.0;0.0;1.0;0.0;2.0;0.0;0.0;1.0;1.0;0.0;0.0
10021001001;17.0;15.0;12.0;24.0;12.0;10.0;9.0;17.0;18.0;8.0;16.0;11.0;8.0;4.0;11.0;3.0;6.0;1.0
10021005001;0.0;0.0;0.0;0.0;0.0;0.0;0.0;0.0;0.0;0.0;0.0;0.0;0.0;0.0;2.0;2.0;3.0;0.0
10021006001;12.0;10.0;26.0;19.0;17.0;10.0;7.0;9.0;4.0;8.0;14.0;17.0;18.0;29.0;21.0;21.0;34.0;0.0
10021007001;6.0;6.0;5.0;3.0;3.0;4.0;4.0;2.0;3.0;1.0;4.0;5.0;7.0;5.0;6.0;4.0;1.0;0.0
10021008001;41.0;25.0;23.0;33.0;42.0;27.0;5.0;30.0;55.0;40.0;16.0;13.0;8.0;9.0;24.0;18.0;24.0;0.0
10021009001;0.0;0.0;3.0;3.0;10.0;3.0;1.0;8.0;8.0;1.0;4.0;1.0;22.0;9.0;7.0;12.0;10.0;0.0
10021010001;1.0;1.0;2.0;2.0;3.0;2.0;1.0;3.0;1.0;1.0;3.0;2.0;1.0;0.0;2.0;3.0;4.0;0.0
10021015001;3.0;1.0;4.0;3.0;3.0;1.0;0.0;2.0;0.0;7.0;1.0;3.0;4.0;3.0;3.0;4.0;1.0;0.0
10021016001;14.0;13.0;15.0;5.0;14.0;8.0;3.0;12.0;10.0;14.0;10.0;10.0;12.0;9.0;6.0;10.0;12.0;0.0
10021017001;7.0;6.0;5.0;2.0;5.0;3.0;0.0;4.0;2.0;5.0;8.0;2.0;5.0;0.0;1.0;3.0;3.0;0.0
10021018001;2.0;2.0;1.0;1.0;0.0;1.0;0.0;1.0;1.0;1.0;0.0;0.0;0.0;0.0;0.0;0.0;0.0;0.0
10021021001;4.0;1.0;8.0;4.0;3.0;4.0;3.0;0.0;2.0;3.0;1.0;2.0;0.0;2.0;1.0;5.0;3.0;0.0
10021022001;1.0;1.0;5.0;1.0;0.0;1.0;1.0;0.0;0.0;1.0;0.0;1.0;0.0;3.0;1.0;0.0;0.0;0.0
10021023001;0.0;0.0;0.0;0.0;0.0;1.0;0.0;1.0;0.0;0.0;1.0;0.0;1.0;0.0;0.0;0.0;0.0;0.0
10021025001;51.0;32.0;78.0;65.0;59.0;45.0;36.0;52.0;55.0;40.0;44.0;73.0;47.0;75.0;75.0;92.0;88.0;1.0
10021026001;96.0;82.0;155.0;111.0;99.0;85.0;71.0;87.0;80.0;43.0;98.0;110.0;95.0;51.0;86.0;40.0;106.0;0.0
10021027001;5.0;2.0;11.0;4.0;5.0;2.0;2.0;2.0;5.0;14.0;12.0;14.0;8.0;0.0;21.0;24.0;20.0;0.0
10021034001;4.0;0.0;2.0;0.0;2.0;2.0;0.0;0.0;2.0;1.0;3.0;2.0;2.0;8.0;1.0;2.0;0.0;0.0
10021035001;9.0;23.0;43.0;27.0;19.0;12.0;15.0;15.0;11.0;21.0;37.0;37.0;33.0;19.0;42.0;16.0;30.0;0.0
10021040001;0.0;1.0;0.0;0.0;1.0;0.0;0.0;1.0;0.0;1.0;0.0;0.0;0.0;3.0;0.0;0.0;0.0;0.0
10022003001;0.0;1.0;1.0;0.0;0.0;0.0;0.0;0.0;0.0;0.0;1.0;0.0;0.0;0.0;0.0;0.0;0.0;0.0
10022006001;0.0;0.0;0.0;0.0;0.0;0.0;0.0;0.0;0.0;1.0;0.0;0.0;0.0;0.0;1.0;1.0;0.0;0.0
10022008001;0.0;0.0;0.0;1.0;0.0;0.0;0.0;2.0;0.0;1.0;0.0;2.0;1.0;0.0;2.0;1.0;6.0;0.0
10022011001;1.0;2.0;6.0;1.0;1.0;2.0;2.0;1.0;3.0;1.0;2.0;5.0;1.0;3.0;1.0;0.0;3.0;0.0
10022012001;0.0;0.0;0.0;0.0;0.0;0.0;0.0;1.0;0.0;0.0;1.0;0.0;1.0;0.0;0.0;0.0;0.0;0.0
10022014001;0.0;1.0;2.0;2.0;2.0;0.0;1.0;1.0;1.0;0.0;0.0;0.0;0.0;0.0;3.0;0.0;0.0;0.0
10022015001;0.0;1.0;1.0;0.0;0.0;0.0;0.0;0.0;1.0;0.0;0.0;0.0;0.0;1.0;0.0;1.0;0.0;0.0
10022016001;0.0;0.0;0.0;0.0;0.0;0.0;0.0;0.0;0.0;0.0;2.0;0.0;2.0;2.0;1.0;0.0;1.0;0.0
10022020001;0.0;1.0;0.0;0.0;0.0;0.0;0.0;1.0;0.0;0.0;1.0;0.0;0.0;1.0;2.0;1.0;3.0;0.0
10022024001;0.0;0.0;0.0;0.0;2.0;0.0;0.0;0.0;0.0;0.0;1.0;0.0;1.0;0.0;0.0;0.0;0.0;0.0
10022030001;1.0;3.0;4.0;6.0;5.0;4.0;1.0;3.0;3.0;3.0;8.0;2.0;4.0;7.0;8.0;10.0;11.0;0.0
10022908001;0.0;0.0;1.0;0.0;0.0;1.0;0.0;0.0;0.0;0.0;0.0;0.0;0.0;2.0;0.0;0.0;1.0;0.0
10022910001;0.0;0.0;0.0;0.0;0.0;0.0;0.0;0.0;0.0;0.0;0.0;0.0;0.0;1.0;0.0;0.0;1.0;0.0
10022915001;0.0;0.0;0.0;0.0;0.0;1.0;0.0;0.0;0.0;0.0;0.0;0.0;0.0;1.0;0.0;0.0;1.0;0.0
10022916001;0.0;1.0;1.0;0.0;0.0;0.0;0.0;0.0;1.0;0.0;0.0;0.0;0.0;1.0;1.0;0.0;0.0;0.0
10023002001;0.0;2.0;0.0;2.0;3.0;3.0;0.0;4.0;0.0;3.0;0.0;0.0;0.0;0.0;1.0;0.0;1.0;0.0
10023005001;2.0;0.0;3.0;2.0;1.0;0.0;0.0;1.0;1.0;0.0;0.0;0.0;0.0;2.0;0.0;0.0;0.0;0.0
10023008001;1.0;0.0;0.0;3.0;0.0;0.0;1.0;0.0;1.0;0.0;0.0;0.0;1.0;1.0;0.0;0.0;0.0;0.0
10023011001;0.0;1.0;0.0;3.0;0.0;1.0;1.0;0.0;0.0;0.0;1.0;0.0;0.0;0.0;0.0;0.0;0.0;0.0
10023017001;0.0;0.0;0.0;1.0;0.0;0.0;0.0;1.0;1.0;0.0;1.0;0.0;1.0;0.0;0.0;0.0;1.0;0.0
10023020001;4.0;3.0;8.0;4.0;5.0;6.0;5.0;6.0;5.0;2.0;2.0;7.0;4.0;6.0;13.0;2.0;8.0;0.0
10023027001;1.0;2.0;2.0;2.0;0.0;2.0;1.0;5.0;3.0;0.0;3.0;0.0;2.0;3.0;0.0;2.0;3.0;0.0
10023031001;0.0;0.0;0.0;0.0;0.0;0.0;0.0;0.0;2.0;0.0;1.0;1.0;0.0;0.0;0.0;0.0;0.0;0.0
10023032001;1.0;0.0;0.0;0.0;0.0;1.0;0.0;0.0;0.0;0.0;0.0;0.0;0.0;0.0;0.0;0.0;0.0;0.0
10023035001;1.0;0.0;1.0;1.0;1.0;0.0;0.0;0.0;0.0;0.0;0.0;0.0;0.0;1.0;0.0;2.0;2.0;0.0
10023044001;1.0;1.0;0.0;0.0;0.0;1.0;1.0;4.0;0.0;0.0;1.0;1.0;0.0;0.0;0.0;0.0;1.0;0.0
10023049001;0.0;2.0;1.0;0.0;1.0;0.0;0.0;0.0;0.0;2.0;2.0;0.0;2.0;2.0;0.0;0.0;0.0;0.0
10023051001;0.0;1.0;1.0;0.0;0.0;0.0;0.0;1.0;0.0;1.0;0.0;2.0;0.0;2.0;0.0;1.0;1.0;0.0
10023054001;1.0;0.0;0.0;1.0;0.0;1.0;0.0;1.0;0.0;0.0;0.0;0.0;0.0;0.0;0.0;0.0;0.0;0.0
10023055001;0.0;0.0;0.0;0.0;0.0;1.0;1.0;0.0;0.0;0.0;0.0;0.0;0.0;0.0;0.0;0.0;0.0;0.0
10023058001;0.0;0.0;0.0;1.0;1.0;0.0;1.0;0.0;0.0;0.0;0.0;0.0;0.0;0.0;0.0;0.0;0.0;0.0
10023063001;0.0;1.0;0.0;0.0;0.0;0.0;0.0;0.0;2.0;0.0;0.0;0.0;0.0;0.0;1.0;0.0;0.0;0.0
10023066001;1.0;0.0;0.0;1.0;0.0;0.0;0.0;0.0;0.0;0.0;1.0;1.0;0.0;2.0;0.0;0.0;1.0;0.0
10023068001;0.0;0.0;0.0;0.0;1.0;0.0;0.0;0.0;0.0;0.0;0.0;0.0;0.0;2.0;0.0;0.0;0.0;0.0
10023073001;2.0;0.0;0.0;0.0;0.0;0.0;0.0;0.0;0.0;0.0;0.0;0.0;0.0;0.0;0.0;0.0;0.0;0.0
10023075001;0.0;1.0;0.0;0.0;0.0;0.0;0.0;0.0;0.0;0.0;0.0;0.0;0.0;0.0;0.0;0.0;0.0;0.0
10023078001;0.0;0.0;0.0;1.0;1.0;0.0;0.0;0.0;1.0;0.0;0.0;0.0;1.0;0.0;1.0;0.0;0.0;0.0
10023083001;0.0;0.0;0.0;0.0;0.0;1.0;0.0;0.0;0.0;2.0;0.0;0.0;0.0;1.0;0.0;1.0;1.0;0.0
10023093001;0.0;0.0;0.0;0.0;1.0;0.0;0.0;0.0;2.0;0.0;0.0;0.0;2.0;1.0;0.0;0.0;0.0;0.0
10023103001;1.0;0.0;2.0;1.0;2.0;0.0;0.0;0.0;0.0;0.0;0.0;0.0;0.0;0.0;0.0;0.0;2.0;0.0
10023104001;0.0;0.0;0.0;0.0;0.0;0.0;0.0;0.0;1.0;0.0;0.0;1.0;0.0;0.0;0.0;0.0;0.0;0.0
10023106001;3.0;3.0;1.0;0.0;1.0;1.0;2.0;1.0;0.0;1.0;0.0;3.0;1.0;2.0;1.0;0.0;4.0;0.0
10023110001;0.0;0.0;0.0;0.0;0.0;0.0;1.0;1.0;0.0;0.0;0.0;0.0;1.0;1.0;0.0;0.0;0.0;0.0
10023114001;0.0;1.0;0.0;0.0;0.0;1.0;0.0;0.0;0.0;0.0;1.0;0.0;0.0;3.0;0.0;0.0;0.0;0.0
10023124001;1.0;0.0;1.0;0.0;2.0;0.0;0.0;0.0;0.0;0.0;0.0;0.0;0.0;0.0;0.0;0.0;0.0;0.0
10023892001;0.0;1.0;1.0;0.0;1.0;2.0;1.0;0.0;0.0;0.0;1.0;0.0;0.0;1.0;1.0;0.0;2.0;0.0
10023998001;0.0;1.0;0.0;0.0;0.0;0.0;0.0;0.0;0.0;0.0;0.0;0.0;0.0;0.0;1.0;0.0;1.0;0.0
10024001001;2.0;2.0;2.0;3.0;2.0;0.0;0.0;0.0;0.0;0.0;0.0;0.0;0.0;0.0;0.0;0.0;0.0;0.0
10024003001;1.0;1.0;0.0;0.0;1.0;0.0;1.0;0.0;0.0;0.0;0.0;3.0;1.0;0.0;2.0;0.0;1.0;0.0
10024004001;2.0;4.0;1.0;3.0;7.0;3.0;0.0;3.0;2.0;4.0;2.0;2.0;0.0;3.0;3.0;3.0;2.0;0.0
10024005001;0.0;0.0;0.0;0.0;0.0;0.0;0.0;0.0;2.0;0.0;0.0;1.0;0.0;1.0;2.0;0.0;2.0;0.0
10024006001;0.0;0.0;0.0;0.0;1.0;0.0;0.0;0.0;0.0;0.0;0.0;0.0;0.0;0.0;0.0;0.0;0.0;0.0
10024007001;2.0;6.0;11.0;7.0;11.0;3.0;5.0;6.0;4.0;10.0;8.0;10.0;2.0;5.0;7.0;5.0;11.0;0.0
10024011001;8.0;6.0;4.0;10.0;1.0;3.0;2.0;6.0;2.0;1.0;6.0;1.0;3.0;1.0;3.0;1.0;1.0;0.0
10024014001;0.0;2.0;0.0;0.0;1.0;0.0;0.0;1.0;0.0;0.0;1.0;3.0;3.0;1.0;1.0;0.0;3.0;0.0
10030001001;0.0;1.0;1.0;0.0;0.0;0.0;0.0;0.0;0.0;0.0;1.0;0.0;1.0;1.0;0.0;0.0;1.0;0.0
10030005001;1.0;2.0;1.0;2.0;2.0;5.0;0.0;2.0;3.0;3.0;2.0;3.0;2.0;3.0;2.0;2.0;2.0;0.0
10030007001;16.0;13.0;21.0;25.0;24.0;8.0;11.0;15.0;11.0;21.0;21.0;20.0;18.0;14.0;28.0;21.0;26.0;0.0
10030008001;0.0;0.0;6.0;0.0;1.0;1.0;1.0;6.0;0.0;3.0;6.0;2.0;1.0;2.0;2.0;2.0;2.0;0.0
10030013001;15.0;15.0;25.0;16.0;13.0;5.0;7.0;5.0;6.0;2.0;16.0;13.0;6.0;10.0;15.0;15.0;12.0;0.0
10030014001;7.0;1.0;6.0;2.0;11.0;3.0;2.0;3.0;9.0;8.0;7.0;6.0;3.0;4.0;6.0;4.0;10.0;0.0
10030015001;7.0;2.0;4.0;3.0;2.0;0.0;0.0;2.0;0.0;1.0;1.0;5.0;2.0;1.0;5.0;7.0;3.0;0.0
10030017001;0.0;0.0;0.0;0.0;0.0;0.0;0.0;0.0;2.0;2.0;2.0;1.0;1.0;4.0;1.0;3.0;1.0;0.0
10030018001;2.0;5.0;4.0;7.0;1.0;1.0;3.0;3.0;2.0;0.0;2.0;1.0;3.0;3.0;10.0;3.0;3.0;0.0
10030019001;2.0;1.0;1.0;0.0;1.0;1.0;0.0;2.0;1.0;0.0;6.0;1.0;0.0;3.0;1.0;1.0;5.0;0.0
10030020001;1.0;0.0;0.0;0.0;0.0;0.0;0.0;0.0;0.0;1.0;0.0;0.0;1.0;1.0;0.0;1.0;0.0;0.0
10030021001;1.0;2.0;1.0;0.0;1.0;1.0;0.0;0.0;0.0;0.0;1.0;2.0;1.0;1.0;2.0;1.0;0.0;0.0
10030022001;2.0;4.0;3.0;1.0;0.0;3.0;0.0;0.0;2.0;4.0;1.0;2.0;7.0;2.0;5.0;5.0;3.0;0.0
10030046001;5.0;4.0;9.0;7.0;5.0;3.0;0.0;4.0;3.0;1.0;2.0;8.0;6.0;4.0;2.0;4.0;7.0;0.0
10030048001;18.0;13.0;24.0;29.0;28.0;17.0;15.0;12.0;16.0;25.0;21.0;13.0;10.0;4.0;25.0;15.0;22.0;0.0
10030049001;1.0;2.0;2.0;2.0;1.0;3.0;1.0;3.0;5.0;1.0;2.0;3.0;1.0;9.0;2.0;3.0;1.0;0.0
10031001001;20.0;16.0;25.0;26.0;32.0;17.0;11.0;27.0;32.0;20.0;14.0;33.0;12.0;14.0;39.0;28.0;38.0;0.0
10031003001;0.0;0.0;0.0;0.0;0.0;0.0;0.0;0.0;1.0;0.0;0.0;0.0;0.0;1.0;0.0;0.0;1.0;0.0
10031004001;3.0;4.0;4.0;2.0;0.0;2.0;3.0;3.0;0.0;0.0;4.0;7.0;0.0;9.0;9.0;9.0;11.0;0.0
10031007001;1.0;3.0;3.0;5.0;4.0;1.0;2.0;6.0;1.0;0.0;3.0;2.0;2.0;3.0;7.0;5.0;2.0;0.0
10031011001;5.0;2.0;3.0;2.0;3.0;1.0;2.0;3.0;6.0;6.0;2.0;2.0;2.0;3.0;4.0;2.0;2.0;0.0
10031012001;6.0;3.0;2.0;0.0;1.0;0.0;1.0;1.0;1.0;1.0;1.0;1.0;0.0;2.0;5.0;1.0;2.0;0.0
10031013001;34.0;13.0;30.0;22.0;12.0;8.0;12.0;15.0;17.0;28.0;26.0;33.0;18.0;5.0;43.0;37.0;40.0;0.0
10031015001;0.0;1.0;0.0;0.0;0.0;0.0;0.0;0.0;0.0;0.0;0.0;0.0;1.0;0.0;0.0;0.0;0.0;0.0
10031017001;5.0;1.0;2.0;7.0;7.0;2.0;2.0;5.0;5.0;5.0;8.0;3.0;4.0;8.0;5.0;12.0;15.0;0.0
10031019001;3.0;0.0;5.0;2.0;6.0;2.0;1.0;2.0;7.0;1.0;3.0;3.0;3.0;0.0;4.0;1.0;1.0;0.0
10031023001;0.0;1.0;0.0;1.0;1.0;0.0;0.0;0.0;2.0;1.0;0.0;0.0;0.0;1.0;1.0;0.0;0.0;0.0
10031026001;1.0;1.0;1.0;1.0;0.0;0.0;0.0;0.0;1.0;0.0;0.0;1.0;0.0;2.0;0.0;1.0;1.0;0.0
10031031001;7.0;1.0;16.0;12.0;10.0;2.0;5.0;10.0;13.0;11.0;17.0;9.0;4.0;11.0;33.0;9.0;22.0;0.0
10031033001;4.0;4.0;10.0;17.0;11.0;3.0;4.0;10.0;4.0;7.0;13.0;11.0;11.0;8.0;19.0;14.0;17.0;0.0
10031899001;0.0;0.0;0.0;2.0;1.0;0.0;0.0;4.0;0.0;0.0;0.0;0.0;0.0;0.0;0.0;0.0;0.0;0.0
10031901001;4.0;3.0;6.0;1.0;4.0;2.0;3.0;4.0;6.0;6.0;2.0;2.0;2.0;0.0;1.0;6.0;10.0;0.0
10031909001;0.0;0.0;1.0;0.0;0.0;0.0;0.0;0.0;0.0;0.0;0.0;0.0;0.0;0.0;0.0;0.0;0.0;0.0
10031910001;5.0;5.0;3.0;17.0;12.0;5.0;1.0;8.0;15.0;12.0;15.0;23.0;7.0;4.0;25.0;23.0;28.0;0.0
10031911001;0.0;5.0;2.0;1.0;3.0;4.0;0.0;11.0;5.0;1.0;4.0;6.0;3.0;4.0;11.0;23.0;19.0;0.0
10032001001;3.0;2.0;1.0;1.0;1.0;2.0;0.0;2.0;2.0;0.0;1.0;1.0;0.0;1.0;0.0;4.0;12.0;0.0
10032004001;0.0;0.0;0.0;0.0;0.0;0.0;0.0;0.0;0.0;0.0;1.0;0.0;1.0;0.0;0.0;0.0;1.0;0.0
10032006001;33.0;30.0;42.0;30.0;19.0;16.0;11.0;17.0;11.0;7.0;27.0;26.0;19.0;11.0;22.0;20.0;30.0;1.0
10032007001;1.0;0.0;1.0;1.0;0.0;0.0;0.0;0.0;0.0;2.0;0.0;0.0;0.0;0.0;0.0;0.0;0.0;0.0
10032008001;6.0;9.0;16.0;12.0;18.0;11.0;9.0;9.0;13.0;18.0;16.0;10.0;7.0;12.0;20.0;12.0;19.0;0.0
10032011001;3.0;3.0;2.0;3.0;3.0;4.0;2.0;2.0;1.0;5.0;4.0;4.0;2.0;10.0;31.0;6.0;4.0;0.0
10032013001;16.0;16.0;16.0;16.0;25.0;4.0;12.0;11.0;19.0;27.0;27.0;27.0;18.0;29.0;28.0;37.0;41.0;0.0
10032014001;1.0;0.0;0.0;1.0;3.0;1.0;2.0;0.0;4.0;4.0;2.0;2.0;3.0;3.0;6.0;9.0;3.0;0.0
10032015001;1.0;0.0;5.0;1.0;3.0;1.0;1.0;0.0;5.0;1.0;1.0;1.0;1.0;3.0;0.0;4.0;4.0;0.0
10032019001;6.0;6.0;4.0;4.0;5.0;4.0;2.0;6.0;4.0;5.0;2.0;12.0;6.0;4.0;10.0;14.0;8.0;0.0
10032020001;2.0;6.0;0.0;5.0;5.0;3.0;1.0;2.0;4.0;4.0;3.0;2.0;3.0;0.0;8.0;5.0;6.0;0.0
10032023001;0.0;0.0;0.0;0.0;0.0;0.0;0.0;0.0;0.0;0.0;0.0;0.0;0.0;2.0;0.0;3.0;1.0;0.0
10032046001;1.0;1.0;4.0;8.0;5.0;3.0;1.0;1.0;2.0;6.0;0.0;3.0;2.0;6.0;8.0;3.0;4.0;0.0
10032047001;14.0;14.0;14.0;22.0;28.0;8.0;6.0;20.0;12.0;19.0;21.0;27.0;10.0;26.0;54.0;32.0;22.0;0.0
10032048001;1.0;0.0;0.0;0.0;1.0;0.0;0.0;0.0;0.0;0.0;0.0;0.0;1.0;3.0;2.0;2.0;2.0;0.0
10032055001;6.0;3.0;3.0;2.0;8.0;1.0;0.0;10.0;6.0;1.0;8.0;6.0;4.0;7.0;14.0;4.0;3.0;0.0
10032059001;0.0;1.0;0.0;0.0;1.0;0.0;0.0;0.0;1.0;0.0;0.0;1.0;0.0;1.0;2.0;0.0;1.0;0.0
10032064001;0.0;2.0;5.0;4.0;0.0;2.0;0.0;8.0;4.0;2.0;4.0;9.0;5.0;6.0;8.0;8.0;8.0;0.0
10033001001;5.0;0.0;2.0;3.0;1.0;0.0;0.0;0.0;2.0;0.0;2.0;2.0;0.0;6.0;0.0;1.0;2.0;0.0
10033004001;31.0;22.0;13.0;22.0;36.0;21.0;12.0;20.0;32.0;20.0;19.0;22.0;23.0;25.0;38.0;25.0;26.0;0.0
10033010001;6.0;5.0;7.0;8.0;4.0;4.0;6.0;3.0;1.0;0.0;1.0;5.0;4.0;11.0;6.0;6.0;2.0;0.0
10033012001;0.0;0.0;1.0;0.0;0.0;0.0;0.0;1.0;1.0;2.0;1.0;3.0;2.0;0.0;0.0;0.0;2.0;0.0
10033013001;9.0;6.0;12.0;14.0;14.0;8.0;11.0;9.0;14.0;5.0;13.0;17.0;16.0;15.0;23.0;14.0;9.0;0.0
10033014001;3.0;4.0;2.0;6.0;5.0;6.0;1.0;4.0;9.0;1.0;2.0;4.0;5.0;0.0;8.0;4.0;5.0;0.0
10033015001;13.0;9.0;12.0;5.0;12.0;8.0;5.0;16.0;9.0;11.0;7.0;15.0;16.0;12.0;26.0;18.0;16.0;0.0
10033018001;31.0;17.0;19.0;28.0;30.0;9.0;11.0;16.0;18.0;20.0;17.0;31.0;24.0;12.0;32.0;29.0;39.0;0.0
10033020001;0.0;4.0;2.0;4.0;2.0;1.0;1.0;1.0;2.0;0.0;1.0;1.0;2.0;4.0;4.0;1.0;1.0;0.0
10033022001;3.0;0.0;1.0;2.0;0.0;0.0;0.0;1.0;1.0;0.0;0.0;0.0;0.0;0.0;0.0;0.0;0.0;0.0
10033023001;1.0;0.0;0.0;0.0;0.0;0.0;0.0;0.0;0.0;0.0;0.0;0.0;0.0;0.0;2.0;0.0;3.0;0.0
10033026001;6.0;2.0;0.0;0.0;2.0;3.0;3.0;0.0;4.0;1.0;0.0;0.0;1.0;1.0;4.0;3.0;4.0;0.0
10033028001;0.0;3.0;4.0;2.0;2.0;2.0;1.0;4.0;11.0;7.0;6.0;1.0;3.0;4.0;12.0;9.0;6.0;0.0
10033029001;0.0;0.0;0.0;0.0;0.0;0.0;0.0;0.0;1.0;0.0;0.0;1.0;0.0;0.0;0.0;1.0;0.0;0.0
10033031001;0.0;0.0;0.0;0.0;0.0;0.0;0.0;0.0;0.0;0.0;0.0;2.0;0.0;0.0;5.0;1.0;0.0;0.0
10033033001;0.0;0.0;0.0;0.0;0.0;0.0;0.0;0.0;1.0;2.0;0.0;1.0;0.0;0.0;0.0;0.0;2.0;0.0
10033034001;3.0;5.0;4.0;4.0;3.0;4.0;2.0;0.0;1.0;1.0;5.0;6.0;3.0;11.0;5.0;0.0;5.0;0.0
10033038001;5.0;5.0;3.0;4.0;4.0;1.0;1.0;4.0;3.0;1.0;3.0;2.0;2.0;3.0;1.0;4.0;3.0;0.0
10033041001;12.0;6.0;12.0;20.0;17.0;10.0;7.0;10.0;24.0;13.0;18.0;14.0;7.0;14.0;16.0;18.0;17.0;0.0
10033044001;3.0;4.0;2.0;4.0;6.0;6.0;3.0;7.0;3.0;2.0;0.0;4.0;8.0;3.0;7.0;2.0;6.0;0.0
10033053001;2.0;3.0;1.0;3.0;3.0;3.0;1.0;5.0;3.0;2.0;5.0;3.0;5.0;4.0;2.0;3.0;6.0;0.0
10033056001;3.0;4.0;3.0;2.0;5.0;0.0;3.0;1.0;1.0;1.0;2.0;7.0;4.0;4.0;7.0;8.0;7.0;0.0
10033057001;19.0;9.0;22.0;8.0;12.0;11.0;7.0;9.0;9.0;4.0;17.0;20.0;15.0;25.0;20.0;18.0;15.0;0.0
10033064001;8.0;3.0;14.0;8.0;11.0;9.0;3.0;15.0;12.0;20.0;17.0;23.0;10.0;20.0;33.0;27.0;33.0;0.0
10033065001;4.0;4.0;6.0;4.0;2.0;4.0;1.0;3.0;13.0;2.0;4.0;1.0;6.0;8.0;3.0;4.0;4.0;0.0
10033068001;5.0;1.0;3.0;12.0;9.0;5.0;2.0;7.0;3.0;5.0;12.0;19.0;7.0;16.0;20.0;16.0;18.0;0.0
10033070001;11.0;10.0;20.0;17.0;5.0;3.0;6.0;7.0;8.0;2.0;8.0;11.0;6.0;3.0;8.0;2.0;3.0;0.0
10033075001;2.0;6.0;5.0;1.0;7.0;9.0;4.0;5.0;7.0;3.0;5.0;5.0;10.0;3.0;18.0;2.0;3.0;0.0
10034002001;2.0;0.0;0.0;0.0;1.0;0.0;1.0;0.0;0.0;1.0;1.0;0.0;2.0;4.0;0.0;3.0;3.0;0.0
10034003001;9.0;8.0;12.0;7.0;11.0;6.0;6.0;10.0;4.0;12.0;20.0;14.0;10.0;8.0;19.0;9.0;22.0;0.0
10034007001;6.0;3.0;2.0;1.0;4.0;0.0;0.0;1.0;0.0;1.0;2.0;2.0;1.0;3.0;1.0;1.0;0.0;0.0
10034011001;8.0;9.0;9.0;14.0;5.0;4.0;3.0;13.0;10.0;7.0;14.0;9.0;6.0;4.0;11.0;12.0;9.0;0.0
10034013001;0.0;0.0;0.0;0.0;0.0;0.0;0.0;0.0;0.0;0.0;1.0;2.0;1.0;2.0;1.0;2.0;4.0;0.0
10034015001;0.0;0.0;2.0;2.0;3.0;0.0;1.0;0.0;0.0;1.0;0.0;0.0;0.0;0.0;0.0;0.0;1.0;0.0
10034016001;1.0;1.0;0.0;3.0;0.0;2.0;0.0;0.0;1.0;0.0;6.0;0.0;1.0;0.0;2.0;0.0;1.0;0.0
10034020001;3.0;1.0;4.0;4.0;7.0;1.0;0.0;2.0;2.0;5.0;3.0;1.0;1.0;1.0;9.0;11.0;1.0;0.0
10034022001;0.0;0.0;0.0;0.0;0.0;1.0;0.0;0.0;0.0;0.0;0.0;0.0;1.0;0.0;0.0;2.0;0.0;0.0
10034023001;0.0;0.0;0.0;1.0;3.0;0.0;1.0;0.0;0.0;0.0;2.0;1.0;1.0;1.0;0.0;3.0;0.0;0.0
10034025001;9.0;8.0;19.0;18.0;20.0;10.0;7.0;13.0;9.0;26.0;16.0;6.0;9.0;8.0;28.0;25.0;29.0;0.0
10034026001;1.0;0.0;1.0;1.0;1.0;1.0;0.0;0.0;0.0;1.0;0.0;0.0;1.0;1.0;1.0;0.0;0.0;0.0
10034031001;1.0;0.0;0.0;0.0;0.0;0.0;0.0;0.0;0.0;0.0;0.0;0.0;1.0;0.0;0.0;0.0;1.0;0.0
10034033001;1.0;0.0;4.0;1.0;2.0;2.0;0.0;0.0;0.0;2.0;1.0;2.0;1.0;2.0;2.0;0.0;3.0;0.0
10034041001;1.0;0.0;0.0;0.0;0.0;0.0;0.0;0.0;0.0;0.0;1.0;1.0;0.0;0.0;0.0;0.0;0.0;0.0
10034042001;23.0;23.0;33.0;22.0;36.0;19.0;16.0;22.0;24.0;32.0;26.0;31.0;22.0;16.0;29.0;32.0;44.0;0.0
10034046001;3.0;5.0;2.0;2.0;1.0;3.0;1.0;1.0;1.0;0.0;0.0;1.0;0.0;0.0;0.0;0.0;0.0;0.0
10034049001;0.0;0.0;1.0;2.0;0.0;1.0;1.0;0.0;0.0;0.0;1.0;0.0;0.0;0.0;1.0;0.0;0.0;0.0
10034050001;3.0;0.0;1.0;0.0;1.0;1.0;2.0;1.0;3.0;3.0;8.0;2.0;3.0;1.0;6.0;0.0;6.0;0.0
10034057001;0.0;0.0;0.0;0.0;0.0;0.0;0.0;0.0;0.0;0.0;0.0;0.0;0.0;0.0;1.0;3.0;1.0;0.0
10034999001;5.0;10.0;15.0;13.0;8.0;7.0;2.0;2.0;7.0;7.0;12.0;10.0;4.0;18.0;13.0;14.0;10.0;0.0
10035001001;5.0;5.0;1.0;3.0;0.0;4.0;1.0;3.0;1.0;5.0;5.0;10.0;6.0;5.0;4.0;1.0;2.0;0.0
10035002001;4.0;7.0;3.0;3.0;1.0;0.0;2.0;2.0;7.0;2.0;4.0;3.0;6.0;3.0;10.0;3.0;6.0;0.0
10035003001;0.0;4.0;4.0;2.0;2.0;0.0;0.0;2.0;1.0;2.0;1.0;0.0;2.0;0.0;2.0;1.0;0.0;0.0
10035006001;2.0;0.0;5.0;3.0;2.0;1.0;1.0;3.0;0.0;4.0;3.0;3.0;1.0;4.0;9.0;5.0;3.0;0.0
10035011001;1.0;0.0;0.0;0.0;0.0;0.0;0.0;0.0;1.0;0.0;0.0;3.0;1.0;0.0;0.0;0.0;0.0;0.0
10035012001;3.0;4.0;5.0;1.0;4.0;3.0;1.0;3.0;3.0;1.0;5.0;5.0;9.0;2.0;3.0;3.0;7.0;0.0
10035013001;3.0;2.0;3.0;1.0;7.0;1.0;0.0;0.0;3.0;4.0;2.0;0.0;2.0;2.0;3.0;1.0;3.0;0.0
10035015001;8.0;9.0;16.0;9.0;11.0;4.0;5.0;9.0;13.0;7.0;7.0;11.0;12.0;6.0;15.0;11.0;13.0;0.0
10035021001;11.0;5.0;16.0;4.0;2.0;1.0;10.0;5.0;1.0;2.0;17.0;13.0;8.0;13.0;37.0;18.0;21.0;0.0
10035027001;1.0;1.0;0.0;0.0;0.0;0.0;0.0;0.0;0.0;0.0;0.0;0.0;0.0;0.0;0.0;0.0;0.0;0.0
10035028001;3.0;4.0;10.0;6.0;4.0;2.0;0.0;2.0;2.0;5.0;6.0;4.0;1.0;8.0;16.0;8.0;9.0;0.0
10035034001;6.0;4.0;7.0;12.0;16.0;8.0;1.0;8.0;14.0;17.0;20.0;13.0;9.0;11.0;20.0;27.0;19.0;0.0
10035035001;27.0;20.0;28.0;42.0;26.0;15.0;13.0;21.0;18.0;17.0;21.0;25.0;26.0;20.0;38.0;35.0;33.0;0.0
10035036001;1.0;0.0;2.0;1.0;2.0;0.0;0.0;1.0;0.0;0.0;2.0;2.0;1.0;2.0;2.0;0.0;0.0;0.0
10035046001;0.0;0.0;0.0;0.0;1.0;0.0;0.0;0.0;0.0;0.0;0.0;0.0;0.0;0.0;0.0;0.0;0.0;0.0
10040001001;0.0;0.0;0.0;0.0;0.0;0.0;0.0;0.0;0.0;0.0;1.0;2.0;0.0;0.0;0.0;0.0;0.0;0.0
10040002001;6.0;2.0;2.0;0.0;4.0;0.0;2.0;1.0;1.0;3.0;2.0;2.0;3.0;6.0;3.0;1.0;0.0;0.0
10040003001;19.0;13.0;3.0;8.0;5.0;6.0;5.0;5.0;6.0;1.0;6.0;11.0;8.0;8.0;20.0;9.0;9.0;0.0
10040004001;24.0;11.0;14.0;11.0;12.0;21.0;9.0;13.0;13.0;13.0;10.0;9.0;17.0;11.0;22.0;1.0;10.0;0.0
10040005001;16.0;8.0;8.0;4.0;8.0;13.0;8.0;11.0;10.0;8.0;8.0;11.0;4.0;16.0;16.0;13.0;8.0;0.0
10040008001;6.0;4.0;1.0;4.0;7.0;7.0;1.0;6.0;9.0;3.0;5.0;3.0;5.0;5.0;2.0;5.0;9.0;0.0
10040009001;4.0;0.0;5.0;4.0;3.0;5.0;6.0;8.0;7.0;6.0;4.0;6.0;3.0;1.0;3.0;0.0;3.0;0.0
10040010001;5.0;1.0;6.0;9.0;4.0;3.0;2.0;1.0;4.0;2.0;3.0;1.0;1.0;6.0;6.0;7.0;4.0;0.0
10040011001;0.0;1.0;1.0;0.0;1.0;1.0;0.0;1.0;2.0;2.0;2.0;1.0;1.0;1.0;4.0;0.0;1.0;0.0
10040014001;0.0;0.0;0.0;2.0;0.0;0.0;0.0;0.0;0.0;1.0;0.0;1.0;0.0;1.0;0.0;0.0;1.0;0.0
10040016001;0.0;0.0;1.0;1.0;2.0;1.0;0.0;2.0;2.0;1.0;2.0;0.0;0.0;4.0;2.0;3.0;5.0;0.0
10040017001;1.0;0.0;0.0;0.0;0.0;0.0;1.0;0.0;0.0;0.0;0.0;0.0;0.0;0.0;0.0;0.0;0.0;0.0
10040018001;1.0;0.0;4.0;1.0;5.0;2.0;1.0;3.0;5.0;1.0;3.0;3.0;1.0;2.0;5.0;0.0;0.0;0.0
10040019001;8.0;13.0;6.0;10.0;3.0;8.0;5.0;2.0;3.0;3.0;5.0;3.0;3.0;5.0;7.0;1.0;5.0;0.0
10040020001;3.0;3.0;4.0;6.0;2.0;4.0;2.0;2.0;6.0;4.0;6.0;5.0;1.0;2.0;6.0;6.0;8.0;0.0
10040021001;1.0;1.0;2.0;0.0;0.0;0.0;1.0;0.0;1.0;2.0;0.0;0.0;0.0;0.0;1.0;0.0;0.0;0.0
10040022001;1.0;2.0;7.0;1.0;2.0;3.0;0.0;2.0;4.0;0.0;3.0;0.0;3.0;2.0;5.0;0.0;7.0;0.0
10040023001;9.0;7.0;11.0;3.0;10.0;12.0;1.0;5.0;5.0;4.0;7.0;2.0;7.0;9.0;5.0;15.0;11.0;0.0
10040024001;0.0;0.0;0.0;0.0;0.0;0.0;0.0;0.0;0.0;0.0;0.0;0.0;0.0;0.0;0.0;1.0;1.0;0.0
10040025001;27.0;18.0;21.0;13.0;12.0;19.0;8.0;14.0;9.0;10.0;11.0;9.0;14.0;11.0;13.0;2.0;7.0;0.0
10040026001;11.0;1.0;0.0;5.0;10.0;13.0;3.0;14.0;11.0;8.0;8.0;2.0;12.0;9.0;16.0;4.0;8.0;0.0
10040027001;4.0;0.0;0.0;3.0;4.0;1.0;0.0;3.0;4.0;2.0;2.0;1.0;4.0;0.0;2.0;0.0;3.0;0.0
10040028001;2.0;2.0;3.0;0.0;0.0;0.0;0.0;0.0;0.0;0.0;0.0;0.0;0.0;0.0;1.0;0.0;0.0;0.0
10040031001;0.0;0.0;0.0;0.0;0.0;2.0;0.0;0.0;0.0;0.0;0.0;0.0;0.0;0.0;0.0;1.0;1.0;0.0
10040032001;14.0;2.0;3.0;2.0;0.0;1.0;0.0;1.0;4.0;4.0;5.0;5.0;5.0;3.0;15.0;6.0;12.0;0.0
10040033001;10.0;4.0;0.0;0.0;7.0;4.0;8.0;3.0;5.0;2.0;2.0;1.0;2.0;3.0;4.0;1.0;3.0;0.0
10040034001;2.0;0.0;1.0;1.0;1.0;2.0;2.0;0.0;0.0;0.0;0.0;0.0;0.0;0.0;0.0;0.0;0.0;0.0
10040035001;0.0;2.0;2.0;0.0;0.0;1.0;1.0;0.0;0.0;2.0;2.0;0.0;0.0;0.0;2.0;0.0;4.0;0.0
10040037001;2.0;6.0;2.0;2.0;3.0;5.0;2.0;6.0;6.0;0.0;4.0;1.0;2.0;4.0;4.0;2.0;3.0;0.0
10040038001;2.0;2.0;1.0;2.0;0.0;2.0;0.0;0.0;0.0;0.0;1.0;0.0;1.0;1.0;1.0;1.0;4.0;0.0
10040039001;29.0;25.0;18.0;17.0;17.0;16.0;8.0;20.0;20.0;9.0;14.0;11.0;19.0;16.0;16.0;8.0;8.0;0.0
10040040001;10.0;6.0;8.0;2.0;1.0;7.0;4.0;2.0;2.0;1.0;1.0;1.0;2.0;1.0;3.0;1.0;6.0;0.0
10040041001;5.0;5.0;2.0;1.0;1.0;1.0;2.0;2.0;3.0;5.0;10.0;8.0;0.0;3.0;5.0;5.0;2.0;0.0
10040042001;4.0;3.0;3.0;1.0;0.0;5.0;3.0;3.0;4.0;5.0;2.0;4.0;4.0;2.0;6.0;1.0;5.0;0.0
10040044001;4.0;1.0;1.0;0.0;0.0;0.0;1.0;0.0;0.0;0.0;0.0;0.0;0.0;0.0;0.0;0.0;0.0;0.0
10040048001;0.0;0.0;0.0;0.0;0.0;0.0;0.0;0.0;2.0;0.0;2.0;1.0;3.0;1.0;3.0;1.0;0.0;0.0
10040049001;8.0;8.0;5.0;6.0;7.0;11.0;5.0;5.0;4.0;1.0;4.0;6.0;3.0;8.0;16.0;2.0;4.0;0.0
10040050001;2.0;1.0;4.0;0.0;1.0;1.0;1.0;3.0;3.0;0.0;1.0;1.0;0.0;0.0;0.0;2.0;0.0;0.0
10040056001;0.0;1.0;1.0;0.0;1.0;0.0;0.0;0.0;0.0;0.0;2.0;1.0;0.0;0.0;0.0;0.0;2.0;0.0
10040062001;18.0;12.0;15.0;15.0;9.0;15.0;13.0;16.0;23.0;11.0;10.0;8.0;14.0;26.0;15.0;15.0;12.0;0.0
10040063001;15.0;13.0;17.0;11.0;10.0;14.0;11.0;11.0;25.0;11.0;5.0;5.0;7.0;14.0;15.0;20.0;16.0;0.0
10040066001;7.0;8.0;2.0;2.0;0.0;0.0;1.0;1.0;4.0;2.0;2.0;2.0;0.0;3.0;16.0;5.0;2.0;0.0
10040071001;0.0;0.0;1.0;0.0;1.0;0.0;0.0;1.0;0.0;0.0;1.0;2.0;0.0;2.0;2.0;5.0;2.0;0.0
10040078001;0.0;0.0;0.0;0.0;1.0;0.0;0.0;0.0;0.0;0.0;0.0;0.0;0.0;0.0;0.0;0.0;0.0;0.0
10040079001;3.0;4.0;4.0;2.0;2.0;4.0;3.0;4.0;6.0;2.0;2.0;2.0;6.0;4.0;6.0;1.0;3.0;0.0
10040081001;8.0;8.0;3.0;3.0;6.0;2.0;7.0;3.0;8.0;1.0;2.0;3.0;2.0;9.0;2.0;2.0;1.0;0.0
10040082001;0.0;0.0;0.0;0.0;0.0;0.0;0.0;0.0;0.0;0.0;0.0;0.0;2.0;3.0;3.0;5.0;0.0;0.0
10040094001;5.0;8.0;7.0;4.0;1.0;2.0;1.0;4.0;5.0;3.0;7.0;2.0;9.0;7.0;7.0;3.0;2.0;0.0
10040111001;6.0;3.0;0.0;2.0;0.0;3.0;2.0;0.0;3.0;1.0;2.0;3.0;1.0;0.0;1.0;2.0;1.0;0.0
10041001001;0.0;1.0;0.0;1.0;0.0;0.0;0.0;0.0;0.0;0.0;1.0;0.0;0.0;0.0;0.0;0.0;0.0;0.0
10041003001;2.0;5.0;4.0;3.0;3.0;1.0;0.0;2.0;4.0;0.0;2.0;1.0;1.0;3.0;1.0;0.0;0.0;0.0
10041004001;11.0;7.0;5.0;2.0;2.0;1.0;0.0;2.0;3.0;1.0;0.0;3.0;1.0;1.0;1.0;0.0;0.0;0.0
10041007001;0.0;0.0;0.0;0.0;0.0;0.0;0.0;0.0;0.0;0.0;0.0;0.0;0.0;0.0;2.0;2.0;4.0;0.0
10041008001;0.0;0.0;0.0;0.0;0.0;0.0;0.0;0.0;0.0;1.0;0.0;3.0;2.0;1.0;1.0;1.0;2.0;0.0
10041009001;1.0;2.0;1.0;0.0;0.0;0.0;0.0;0.0;0.0;0.0;0.0;0.0;0.0;0.0;1.0;0.0;0.0;0.0
10041032001;1.0;2.0;2.0;1.0;0.0;0.0;2.0;4.0;2.0;2.0;1.0;4.0;3.0;4.0;4.0;5.0;2.0;0.0
10041033001;0.0;3.0;1.0;4.0;2.0;1.0;1.0;2.0;0.0;0.0;4.0;1.0;5.0;2.0;1.0;2.0;2.0;0.0
10041034001;1.0;1.0;0.0;2.0;0.0;0.0;2.0;1.0;2.0;3.0;3.0;6.0;1.0;0.0;2.0;1.0;2.0;0.0
10041038001;0.0;0.0;0.0;0.0;0.0;0.0;0.0;1.0;0.0;0.0;2.0;0.0;0.0;0.0;0.0;0.0;0.0;0.0
10041039001;1.0;2.0;1.0;1.0;1.0;2.0;1.0;5.0;2.0;1.0;3.0;3.0;1.0;1.0;4.0;1.0;1.0;0.0
10041040001;1.0;3.0;0.0;3.0;5.0;3.0;1.0;4.0;2.0;2.0;1.0;6.0;2.0;3.0;3.0;3.0;6.0;0.0
10041067001;45.0;17.0;18.0;31.0;18.0;7.0;17.0;16.0;8.0;4.0;31.0;11.0;4.0;3.0;1.0;1.0;3.0;0.0
10041085001;0.0;0.0;0.0;2.0;2.0;1.0;0.0;2.0;5.0;5.0;2.0;4.0;6.0;3.0;5.0;1.0;6.0;0.0
10041087001;1.0;0.0;0.0;0.0;0.0;0.0;0.0;0.0;0.0;0.0;0.0;0.0;0.0;0.0;0.0;0.0;0.0;0.0
10041899001;0.0;0.0;0.0;0.0;0.0;0.0;1.0;0.0;0.0;0.0;0.0;0.0;5.0;11.0;7.0;0.0;2.0;0.0
10051001001;1.0;0.0;1.0;0.0;0.0;0.0;0.0;0.0;0.0;0.0;0.0;1.0;0.0;0.0;0.0;0.0;0.0;0.0
10051034001;1.0;0.0;1.0;1.0;0.0;0.0;0.0;0.0;1.0;1.0;1.0;0.0;0.0;0.0;0.0;0.0;1.0;0.0
10052004001;0.0;0.0;2.0;0.0;0.0;0.0;0.0;0.0;0.0;0.0;0.0;0.0;0.0;0.0;2.0;0.0;0.0;0.0
10052014001;2.0;0.0;0.0;0.0;0.0;0.0;0.0;1.0;0.0;0.0;0.0;0.0;0.0;0.0;0.0;0.0;0.0;0.0
10052015001;0.0;0.0;0.0;0.0;0.0;0.0;0.0;0.0;1.0;0.0;0.0;0.0;0.0;1.0;2.0;0.0;0.0;0.0
10052017001;2.0;0.0;2.0;1.0;0.0;2.0;1.0;1.0;3.0;0.0;0.0;0.0;1.0;3.0;0.0;2.0;1.0;0.0
10052019001;0.0;0.0;0.0;0.0;0.0;0.0;0.0;0.0;2.0;0.0;1.0;1.0;0.0;0.0;5.0;0.0;3.0;0.0
10052020001;3.0;2.0;7.0;4.0;4.0;2.0;1.0;4.0;5.0;1.0;1.0;2.0;3.0;3.0;1.0;1.0;2.0;0.0
10052024001;0.0;0.0;1.0;1.0;0.0;0.0;0.0;1.0;1.0;0.0;0.0;1.0;1.0;0.0;0.0;0.0;0.0;0.0
10052025001;4.0;3.0;5.0;0.0;3.0;3.0;2.0;5.0;5.0;0.0;1.0;6.0;3.0;5.0;2.0;2.0;3.0;0.0
10052035001;0.0;2.0;2.0;2.0;3.0;1.0;0.0;1.0;3.0;1.0;2.0;2.0;2.0;0.0;2.0;2.0;0.0;0.0
10052046001;0.0;0.0;0.0;0.0;0.0;0.0;0.0;0.0;0.0;0.0;0.0;0.0;1.0;0.0;0.0;0.0;0.0;0.0
10053901001;0.0;0.0;2.0;0.0;0.0;0.0;1.0;0.0;1.0;0.0;1.0;1.0;0.0;0.0;1.0;1.0;3.0;0.0
10053903001;0.0;2.0;0.0;0.0;0.0;1.0;0.0;0.0;0.0;0.0;0.0;0.0;0.0;0.0;0.0;0.0;0.0;0.0
10053904001;0.0;0.0;0.0;1.0;0.0;0.0;0.0;0.0;0.0;0.0;0.0;0.0;0.0;0.0;0.0;0.0;0.0;0.0
10100132001;0.0;1.0;1.0;0.0;0.0;0.0;0.0;2.0;0.0;1.0;2.0;2.0;3.0;1.0;4.0;0.0;3.0;0.0
10904021001;0.0;0.0;0.0;0.0;0.0;0.0;0.0;0.0;0.0;0.0;0.0;0.0;0.0;1.0;0.0;0.0;0.0;0.0
10904899001;0.0;0.0;1.0;0.0;0.0;0.0;0.0;0.0;0.0;0.0;0.0;0.0;0.0;0.0;0.0;0.0;0.0;0.0
11010001001;0.0;0.0;0.0;1.0;1.0;0.0;0.0;0.0;0.0;0.0;0.0;0.0;0.0;0.0;0.0;0.0;0.0;0.0
11010007001;0.0;0.0;0.0;0.0;0.0;0.0;0.0;2.0;0.0;1.0;4.0;1.0;0.0;5.0;1.0;0.0;1.0;0.0
11010012001;0.0;0.0;1.0;1.0;0.0;0.0;0.0;0.0;0.0;0.0;0.0;0.0;0.0;0.0;0.0;0.0;0.0;0.0
11010013001;0.0;0.0;0.0;3.0;0.0;0.0;0.0;1.0;0.0;1.0;0.0;0.0;0.0;0.0;3.0;0.0;0.0;0.0
11010016001;1.0;0.0;0.0;1.0;0.0;0.0;0.0;0.0;0.0;1.0;0.0;0.0;0.0;1.0;0.0;0.0;0.0;0.0
11010018001;0.0;1.0;2.0;0.0;0.0;0.0;0.0;0.0;0.0;0.0;0.0;0.0;0.0;0.0;0.0;0.0;0.0;0.0
11010019001;0.0;0.0;0.0;2.0;0.0;0.0;0.0;0.0;1.0;0.0;1.0;0.0;0.0;2.0;1.0;0.0;0.0;0.0
11010020001;0.0;0.0;1.0;1.0;0.0;0.0;0.0;2.0;2.0;0.0;0.0;0.0;0.0;0.0;1.0;1.0;0.0;0.0
11010021001;2.0;0.0;0.0;1.0;0.0;0.0;0.0;0.0;0.0;0.0;0.0;0.0;0.0;0.0;1.0;1.0;0.0;0.0
11010022001;0.0;0.0;1.0;1.0;0.0;0.0;0.0;1.0;1.0;0.0;0.0;0.0;0.0;0.0;1.0;0.0;0.0;0.0
11010023001;0.0;0.0;1.0;0.0;1.0;0.0;0.0;2.0;0.0;0.0;0.0;2.0;0.0;0.0;0.0;0.0;1.0;0.0
11010025001;1.0;0.0;0.0;1.0;0.0;0.0;0.0;0.0;1.0;0.0;0.0;1.0;1.0;2.0;0.0;0.0;1.0;0.0
11010027001;0.0;2.0;0.0;1.0;1.0;0.0;0.0;1.0;1.0;0.0;0.0;0.0;0.0;1.0;1.0;0.0;0.0;0.0
11010035001;1.0;0.0;0.0;0.0;1.0;0.0;0.0;1.0;0.0;0.0;0.0;0.0;0.0;0.0;0.0;0.0;0.0;0.0
11010038001;0.0;0.0;0.0;0.0;0.0;1.0;0.0;0.0;0.0;0.0;0.0;0.0;0.0;0.0;0.0;0.0;0.0;0.0
11010040001;1.0;0.0;0.0;0.0;2.0;1.0;0.0;0.0;0.0;0.0;1.0;0.0;0.0;1.0;0.0;0.0;0.0;0.0
11010042001;1.0;2.0;1.0;1.0;2.0;1.0;0.0;1.0;2.0;2.0;1.0;1.0;0.0;2.0;0.0;0.0;4.0;0.0
11010043001;2.0;1.0;1.0;0.0;0.0;0.0;1.0;1.0;1.0;0.0;0.0;1.0;0.0;0.0;0.0;0.0;1.0;0.0
11010045001;3.0;0.0;0.0;0.0;0.0;0.0;0.0;0.0;0.0;0.0;0.0;0.0;0.0;0.0;0.0;0.0;0.0;0.0
11010051001;0.0;0.0;0.0;0.0;1.0;0.0;0.0;0.0;0.0;0.0;0.0;0.0;0.0;0.0;0.0;0.0;1.0;0.0
11010059001;0.0;1.0;0.0;2.0;0.0;0.0;0.0;0.0;0.0;0.0;0.0;0.0;0.0;0.0;0.0;0.0;0.0;0.0
11010112001;2.0;1.0;0.0;0.0;0.0;0.0;0.0;0.0;1.0;0.0;1.0;0.0;1.0;0.0;1.0;0.0;0.0;0.0
11010115001;1.0;1.0;0.0;0.0;1.0;0.0;0.0;1.0;2.0;1.0;0.0;1.0;0.0;0.0;0.0;0.0;2.0;0.0
11010116001;0.0;0.0;0.0;0.0;0.0;0.0;0.0;0.0;1.0;1.0;1.0;0.0;1.0;0.0;0.0;0.0;1.0;0.0
11020002001;5.0;1.0;2.0;1.0;1.0;0.0;0.0;0.0;0.0;0.0;0.0;1.0;0.0;0.0;1.0;0.0;1.0;0.0
11020003001;1.0;0.0;0.0;1.0;0.0;0.0;0.0;1.0;0.0;0.0;0.0;0.0;0.0;0.0;0.0;0.0;0.0;0.0
11020008001;0.0;0.0;3.0;0.0;1.0;0.0;0.0;1.0;0.0;0.0;0.0;0.0;0.0;0.0;0.0;0.0;0.0;0.0
11020010001;0.0;0.0;1.0;0.0;0.0;0.0;0.0;1.0;0.0;0.0;0.0;0.0;0.0;0.0;0.0;0.0;0.0;0.0
11020012001;0.0;0.0;0.0;0.0;0.0;0.0;0.0;1.0;0.0;2.0;1.0;0.0;1.0;0.0;0.0;0.0;0.0;0.0
11020013001;1.0;0.0;0.0;0.0;0.0;0.0;0.0;0.0;1.0;0.0;0.0;0.0;0.0;1.0;1.0;1.0;0.0;0.0
11021002001;0.0;0.0;0.0;0.0;0.0;0.0;0.0;0.0;0.0;0.0;1.0;0.0;0.0;0.0;0.0;0.0;0.0;0.0
11021006001;0.0;0.0;0.0;0.0;0.0;0.0;0.0;0.0;0.0;0.0;0.0;0.0;0.0;0.0;3.0;0.0;0.0;0.0
11021013001;0.0;0.0;2.0;2.0;0.0;1.0;0.0;0.0;1.0;1.0;0.0;1.0;2.0;1.0;1.0;0.0;0.0;0.0
11021018001;0.0;0.0;1.0;0.0;0.0;0.0;0.0;0.0;0.0;0.0;0.0;0.0;0.0;0.0;0.0;0.0;0.0;0.0
11021023001;0.0;0.0;0.0;0.0;1.0;0.0;1.0;0.0;0.0;0.0;0.0;1.0;0.0;0.0;0.0;0.0;0.0;0.0
11021025001;1.0;1.0;0.0;0.0;0.0;0.0;0.0;0.0;0.0;0.0;1.0;0.0;0.0;1.0;0.0;0.0;0.0;0.0
11021026001;0.0;0.0;0.0;0.0;0.0;0.0;0.0;0.0;1.0;1.0;1.0;1.0;0.0;0.0;0.0;1.0;1.0;0.0
11021028001;0.0;0.0;0.0;0.0;0.0;0.0;0.0;0.0;0.0;0.0;0.0;1.0;0.0;0.0;1.0;0.0;0.0;0.0
11021029001;1.0;0.0;1.0;0.0;0.0;1.0;2.0;1.0;2.0;1.0;2.0;1.0;0.0;1.0;0.0;0.0;0.0;0.0
11021030001;0.0;2.0;1.0;0.0;0.0;0.0;2.0;0.0;0.0;0.0;0.0;1.0;0.0;0.0;0.0;0.0;1.0;0.0
11021047001;1.0;0.0;1.0;1.0;0.0;0.0;1.0;0.0;1.0;0.0;0.0;0.0;1.0;1.0;0.0;0.0;1.0;0.0
11021051002;0.0;1.0;0.0;0.0;0.0;0.0;0.0;0.0;0.0;0.0;0.0;0.0;0.0;0.0;0.0;0.0;0.0;0.0
11021052001;0.0;0.0;0.0;0.0;1.0;0.0;1.0;0.0;1.0;1.0;0.0;0.0;1.0;1.0;0.0;0.0;0.0;0.0
11021059002;0.0;0.0;0.0;0.0;0.0;0.0;1.0;0.0;0.0;0.0;0.0;0.0;0.0;0.0;0.0;0.0;0.0;0.0
11021060001;0.0;0.0;0.0;0.0;0.0;0.0;0.0;0.0;1.0;2.0;0.0;0.0;0.0;0.0;0.0;0.0;0.0;0.0
11021061001;0.0;0.0;0.0;0.0;0.0;0.0;0.0;0.0;0.0;1.0;3.0;1.0;1.0;2.0;0.0;0.0;0.0;0.0
11021064001;0.0;1.0;0.0;0.0;1.0;0.0;0.0;0.0;0.0;0.0;0.0;0.0;0.0;0.0;0.0;0.0;0.0;0.0
11021071001;2.0;3.0;1.0;3.0;3.0;2.0;0.0;1.0;3.0;2.0;1.0;3.0;4.0;2.0;2.0;0.0;2.0;0.0
11021095001;0.0;0.0;0.0;0.0;1.0;0.0;0.0;0.0;0.0;0.0;0.0;0.0;0.0;0.0;0.0;0.0;0.0;0.0
11022001001;1.0;0.0;0.0;1.0;0.0;0.0;0.0;1.0;0.0;1.0;0.0;0.0;0.0;0.0;0.0;0.0;1.0;0.0
11022003002;1.0;1.0;0.0;0.0;0.0;0.0;0.0;0.0;0.0;0.0;0.0;0.0;1.0;1.0;1.0;0.0;2.0;0.0
11022007001;4.0;2.0;1.0;2.0;1.0;1.0;0.0;0.0;1.0;4.0;1.0;2.0;3.0;3.0;1.0;0.0;0.0;0.0
11022012001;1.0;0.0;1.0;1.0;0.0;0.0;0.0;0.0;0.0;0.0;0.0;0.0;0.0;0.0;1.0;0.0;1.0;0.0
11022017001;0.0;0.0;2.0;0.0;1.0;0.0;1.0;0.0;0.0;0.0;1.0;1.0;0.0;1.0;1.0;0.0;0.0;0.0
11022024002;0.0;1.0;1.0;0.0;0.0;0.0;0.0;0.0;1.0;0.0;0.0;1.0;0.0;0.0;0.0;0.0;1.0;0.0
11022025001;1.0;2.0;0.0;1.0;2.0;2.0;0.0;2.0;1.0;1.0;1.0;1.0;1.0;1.0;1.0;0.0;1.0;0.0
11022031001;0.0;2.0;1.0;0.0;1.0;0.0;0.0;0.0;0.0;0.0;0.0;0.0;1.0;0.0;0.0;0.0;0.0;0.0
11022035001;0.0;0.0;1.0;0.0;0.0;0.0;0.0;1.0;0.0;1.0;0.0;0.0;0.0;0.0;0.0;0.0;0.0;0.0
11022036001;0.0;1.0;1.0;0.0;0.0;0.0;0.0;0.0;1.0;1.0;0.0;0.0;1.0;0.0;0.0;0.0;0.0;0.0
11022044001;0.0;0.0;0.0;0.0;0.0;0.0;1.0;0.0;0.0;0.0;0.0;0.0;0.0;0.0;0.0;0.0;0.0;0.0
11022051001;2.0;1.0;5.0;2.0;0.0;4.0;0.0;2.0;2.0;1.0;0.0;1.0;1.0;2.0;3.0;1.0;1.0;0.0
11022058001;0.0;1.0;0.0;0.0;0.0;0.0;0.0;0.0;0.0;0.0;0.0;0.0;0.0;0.0;0.0;0.0;0.0;0.0
11022059001;0.0;2.0;1.0;0.0;0.0;0.0;0.0;0.0;0.0;0.0;0.0;0.0;0.0;0.0;1.0;0.0;0.0;0.0
11022063001;1.0;0.0;0.0;1.0;1.0;0.0;0.0;0.0;0.0;1.0;0.0;0.0;0.0;0.0;1.0;0.0;1.0;0.0
11022067001;0.0;0.0;0.0;0.0;0.0;0.0;0.0;0.0;1.0;0.0;0.0;0.0;1.0;0.0;1.0;0.0;0.0;0.0
11022077001;0.0;0.0;0.0;0.0;0.0;0.0;0.0;0.0;0.0;1.0;0.0;0.0;0.0;0.0;0.0;0.0;0.0;0.0
11022082001;0.0;0.0;0.0;0.0;0.0;0.0;0.0;0.0;1.0;0.0;0.0;0.0;3.0;1.0;0.0;0.0;0.0;0.0
11022085001;1.0;0.0;0.0;0.0;0.0;0.0;0.0;1.0;1.0;0.0;0.0;0.0;0.0;0.0;1.0;0.0;0.0;0.0
11022087001;1.0;0.0;0.0;0.0;0.0;0.0;0.0;1.0;0.0;0.0;0.0;0.0;0.0;0.0;1.0;0.0;0.0;0.0
11023010001;1.0;0.0;3.0;0.0;1.0;2.0;0.0;0.0;1.0;2.0;1.0;0.0;0.0;0.0;0.0;0.0;0.0;0.0
11023012001;0.0;0.0;0.0;0.0;0.0;1.0;0.0;0.0;0.0;0.0;0.0;0.0;0.0;1.0;0.0;0.0;0.0;0.0
11030010001;0.0;0.0;0.0;0.0;0.0;0.0;0.0;1.0;0.0;0.0;3.0;0.0;0.0;0.0;0.0;0.0;0.0;0.0
11030016002;0.0;0.0;0.0;0.0;1.0;0.0;0.0;0.0;0.0;0.0;0.0;0.0;0.0;0.0;0.0;0.0;0.0;0.0
11030018001;0.0;0.0;0.0;0.0;1.0;1.0;0.0;0.0;0.0;0.0;0.0;0.0;0.0;0.0;0.0;0.0;1.0;0.0
11030024001;1.0;0.0;0.0;0.0;1.0;0.0;0.0;0.0;0.0;0.0;2.0;0.0;0.0;0.0;0.0;0.0;0.0;0.0
11030062001;0.0;0.0;0.0;0.0;0.0;0.0;0.0;1.0;0.0;0.0;0.0;0.0;0.0;1.0;0.0;0.0;0.0;0.0
11030066001;0.0;2.0;2.0;0.0;0.0;0.0;1.0;0.0;0.0;1.0;0.0;1.0;1.0;0.0;1.0;0.0;0.0;0.0
11030094001;0.0;0.0;1.0;0.0;0.0;0.0;0.0;0.0;0.0;0.0;0.0;0.0;0.0;0.0;0.0;0.0;0.0;0.0
11030095001;2.0;0.0;0.0;0.0;0.0;1.0;0.0;0.0;0.0;0.0;1.0;1.0;0.0;0.0;0.0;0.0;0.0;0.0
11030096001;0.0;1.0;0.0;0.0;0.0;0.0;0.0;0.0;0.0;0.0;0.0;0.0;0.0;0.0;0.0;0.0;0.0;0.0
11030097001;0.0;0.0;0.0;0.0;0.0;0.0;0.0;0.0;1.0;0.0;0.0;0.0;1.0;0.0;0.0;0.0;0.0;0.0
11030108001;0.0;1.0;0.0;0.0;0.0;0.0;0.0;1.0;0.0;0.0;0.0;0.0;0.0;0.0;0.0;0.0;0.0;0.0
11030128001;0.0;0.0;0.0;0.0;0.0;0.0;0.0;0.0;0.0;0.0;0.0;0.0;0.0;1.0;0.0;0.0;0.0;0.0
11030183002;0.0;1.0;0.0;0.0;0.0;0.0;0.0;0.0;0.0;0.0;0.0;1.0;0.0;1.0;0.0;0.0;1.0;0.0
11031011002;0.0;0.0;0.0;0.0;0.0;0.0;0.0;0.0;0.0;0.0;0.0;0.0;0.0;1.0;0.0;0.0;0.0;0.0
11031022001;0.0;1.0;0.0;1.0;0.0;0.0;0.0;0.0;1.0;0.0;0.0;1.0;0.0;0.0;0.0;0.0;0.0;0.0
11031901001;0.0;0.0;0.0;0.0;0.0;1.0;0.0;0.0;0.0;0.0;0.0;0.0;0.0;0.0;0.0;0.0;0.0;0.0
11031907001;2.0;0.0;1.0;0.0;1.0;0.0;0.0;0.0;2.0;0.0;0.0;0.0;0.0;1.0;0.0;0.0;1.0;0.0
11031917001;0.0;0.0;1.0;0.0;0.0;0.0;0.0;0.0;0.0;1.0;0.0;2.0;0.0;0.0;0.0;0.0;0.0;0.0
11031918001;0.0;0.0;0.0;0.0;1.0;0.0;0.0;0.0;0.0;0.0;0.0;0.0;0.0;0.0;0.0;0.0;0.0;0.0
11032002001;1.0;2.0;1.0;0.0;1.0;1.0;2.0;2.0;1.0;0.0;1.0;1.0;0.0;0.0;0.0;0.0;0.0;0.0
11032003002;0.0;0.0;1.0;0.0;0.0;1.0;0.0;1.0;1.0;0.0;0.0;0.0;0.0;1.0;1.0;0.0;1.0;0.0
11032006001;0.0;0.0;0.0;0.0;0.0;0.0;0.0;0.0;0.0;0.0;0.0;0.0;0.0;0.0;1.0;0.0;0.0;0.0
11032008001;1.0;0.0;0.0;0.0;0.0;0.0;0.0;1.0;0.0;0.0;1.0;2.0;0.0;0.0;1.0;0.0;0.0;0.0
11032011001;0.0;0.0;0.0;0.0;0.0;0.0;0.0;1.0;0.0;0.0;0.0;0.0;0.0;0.0;0.0;0.0;0.0;0.0
11032014002;0.0;3.0;0.0;1.0;0.0;1.0;0.0;0.0;1.0;0.0;1.0;0.0;1.0;0.0;1.0;0.0;0.0;0.0
11032015001;0.0;0.0;0.0;0.0;0.0;0.0;0.0;1.0;0.0;0.0;0.0;1.0;0.0;0.0;1.0;0.0;1.0;0.0
11032017001;0.0;0.0;0.0;0.0;0.0;0.0;0.0;1.0;1.0;1.0;1.0;0.0;0.0;0.0;0.0;0.0;0.0;0.0
11032021001;0.0;1.0;1.0;0.0;0.0;1.0;0.0;2.0;3.0;1.0;0.0;1.0;0.0;1.0;3.0;0.0;1.0;0.0
11032024001;0.0;0.0;2.0;0.0;0.0;0.0;0.0;2.0;1.0;1.0;2.0;2.0;1.0;0.0;2.0;0.0;1.0;0.0
11032026001;0.0;0.0;0.0;0.0;0.0;0.0;0.0;0.0;0.0;0.0;0.0;2.0;0.0;1.0;1.0;0.0;0.0;0.0
11032027001;2.0;1.0;1.0;0.0;2.0;1.0;0.0;0.0;0.0;0.0;0.0;1.0;1.0;1.0;1.0;2.0;1.0;0.0
11032028001;0.0;0.0;0.0;0.0;0.0;0.0;1.0;0.0;0.0;1.0;0.0;0.0;0.0;1.0;1.0;0.0;1.0;0.0
11032031001;0.0;0.0;0.0;0.0;0.0;1.0;0.0;0.0;0.0;0.0;0.0;0.0;0.0;0.0;0.0;0.0;0.0;0.0
11032035001;0.0;0.0;1.0;0.0;1.0;1.0;0.0;0.0;0.0;1.0;1.0;1.0;1.0;0.0;0.0;1.0;0.0;0.0
11032036001;1.0;0.0;1.0;1.0;0.0;0.0;0.0;0.0;1.0;0.0;0.0;2.0;0.0;0.0;0.0;0.0;0.0;0.0
11032037001;2.0;1.0;0.0;0.0;0.0;1.0;2.0;2.0;2.0;3.0;1.0;2.0;2.0;2.0;1.0;2.0;0.0;0.0
11032043001;0.0;1.0;0.0;0.0;0.0;1.0;0.0;0.0;0.0;0.0;0.0;0.0;0.0;0.0;0.0;0.0;0.0;0.0
11032218001;2.0;2.0;2.0;0.0;0.0;2.0;0.0;3.0;3.0;3.0;0.0;2.0;1.0;2.0;1.0;0.0;1.0;0.0
11032220001;1.0;1.0;4.0;1.0;1.0;0.0;3.0;1.0;0.0;1.0;0.0;1.0;0.0;0.0;2.0;3.0;3.0;0.0
11032221001;0.0;0.0;0.0;0.0;0.0;0.0;0.0;1.0;0.0;1.0;0.0;0.0;0.0;0.0;0.0;0.0;1.0;0.0
11032222002;0.0;0.0;1.0;0.0;1.0;1.0;0.0;0.0;0.0;1.0;1.0;0.0;0.0;0.0;0.0;0.0;0.0;0.0
11040001001;1.0;0.0;5.0;1.0;2.0;0.0;0.0;0.0;1.0;0.0;0.0;0.0;0.0;0.0;1.0;0.0;0.0;0.0
11040003001;0.0;0.0;0.0;0.0;0.0;0.0;0.0;0.0;0.0;0.0;0.0;0.0;1.0;0.0;0.0;0.0;1.0;0.0
11040006001;7.0;1.0;6.0;5.0;7.0;0.0;2.0;3.0;2.0;1.0;2.0;3.0;8.0;6.0;6.0;1.0;5.0;0.0
11040007001;1.0;0.0;0.0;0.0;0.0;0.0;0.0;0.0;0.0;0.0;0.0;0.0;0.0;0.0;0.0;0.0;0.0;0.0
11040008001;1.0;0.0;0.0;0.0;0.0;0.0;0.0;0.0;1.0;1.0;0.0;0.0;0.0;0.0;0.0;0.0;2.0;0.0
11040009001;5.0;8.0;9.0;3.0;4.0;2.0;3.0;3.0;5.0;2.0;4.0;3.0;7.0;3.0;5.0;1.0;6.0;0.0
11040010001;5.0;2.0;1.0;6.0;9.0;5.0;3.0;5.0;5.0;3.0;6.0;4.0;3.0;2.0;5.0;1.0;2.0;0.0
11040011001;0.0;1.0;1.0;0.0;0.0;0.0;0.0;0.0;0.0;0.0;0.0;0.0;0.0;0.0;0.0;0.0;0.0;0.0
11040018001;0.0;0.0;0.0;0.0;1.0;0.0;0.0;0.0;1.0;0.0;0.0;0.0;0.0;0.0;0.0;0.0;2.0;0.0
11040020001;0.0;1.0;0.0;1.0;0.0;0.0;0.0;1.0;0.0;0.0;0.0;0.0;0.0;2.0;0.0;0.0;0.0;0.0
11040023001;0.0;0.0;0.0;0.0;0.0;0.0;0.0;1.0;0.0;0.0;0.0;0.0;0.0;0.0;1.0;0.0;0.0;0.0
11040025001;0.0;0.0;0.0;0.0;0.0;0.0;0.0;0.0;1.0;0.0;0.0;0.0;0.0;0.0;0.0;0.0;0.0;0.0
11040026001;0.0;1.0;2.0;1.0;2.0;0.0;0.0;0.0;0.0;0.0;1.0;1.0;0.0;3.0;1.0;0.0;2.0;0.0
11040027001;1.0;0.0;1.0;0.0;0.0;0.0;0.0;0.0;0.0;0.0;0.0;0.0;0.0;0.0;0.0;0.0;0.0;0.0
11040029001;0.0;0.0;0.0;0.0;0.0;0.0;0.0;0.0;0.0;0.0;0.0;1.0;0.0;0.0;0.0;0.0;0.0;0.0
11040029002;0.0;0.0;0.0;0.0;0.0;1.0;0.0;0.0;0.0;0.0;0.0;1.0;0.0;0.0;0.0;0.0;0.0;0.0
11040030001;1.0;2.0;2.0;2.0;1.0;1.0;0.0;1.0;0.0;2.0;2.0;0.0;1.0;1.0;3.0;0.0;0.0;0.0
11040035001;5.0;6.0;5.0;3.0;4.0;5.0;3.0;4.0;8.0;8.0;9.0;9.0;1.0;3.0;8.0;2.0;5.0;0.0
11040039001;1.0;2.0;1.0;3.0;3.0;0.0;0.0;1.0;0.0;2.0;2.0;0.0;1.0;2.0;1.0;0.0;1.0;0.0
11040040001;0.0;0.0;0.0;2.0;0.0;0.0;1.0;2.0;0.0;0.0;2.0;1.0;0.0;2.0;2.0;0.0;0.0;0.0
11040044001;0.0;0.0;0.0;0.0;0.0;0.0;1.0;1.0;1.0;0.0;1.0;0.0;1.0;4.0;0.0;0.0;0.0;0.0
11040046001;1.0;1.0;1.0;1.0;1.0;0.0;0.0;1.0;1.0;2.0;2.0;1.0;0.0;2.0;1.0;0.0;0.0;0.0
11040047001;1.0;0.0;2.0;0.0;0.0;0.0;0.0;0.0;0.0;0.0;0.0;0.0;0.0;0.0;0.0;1.0;2.0;0.0
11040057001;0.0;0.0;0.0;0.0;0.0;0.0;0.0;0.0;0.0;0.0;1.0;0.0;0.0;0.0;0.0;0.0;0.0;0.0
11040060001;0.0;0.0;0.0;0.0;0.0;0.0;0.0;0.0;0.0;0.0;0.0;0.0;0.0;1.0;0.0;0.0;0.0;0.0
11040062001;0.0;0.0;0.0;0.0;0.0;0.0;0.0;0.0;1.0;0.0;0.0;0.0;2.0;0.0;0.0;0.0;0.0;0.0
11041002001;1.0;2.0;1.0;1.0;1.0;0.0;0.0;1.0;2.0;0.0;0.0;0.0;0.0;0.0;0.0;0.0;0.0;0.0
11041005001;1.0;0.0;1.0;0.0;0.0;0.0;0.0;0.0;0.0;0.0;0.0;0.0;0.0;0.0;1.0;1.0;0.0;0.0
11041007001;0.0;1.0;1.0;0.0;2.0;0.0;0.0;0.0;1.0;1.0;0.0;0.0;0.0;0.0;0.0;0.0;0.0;0.0
11041009001;2.0;0.0;0.0;0.0;0.0;0.0;0.0;0.0;0.0;0.0;0.0;0.0;0.0;0.0;0.0;0.0;0.0;0.0
11041013001;0.0;0.0;0.0;0.0;0.0;1.0;0.0;0.0;1.0;0.0;0.0;0.0;0.0;0.0;0.0;0.0;0.0;0.0
11041014001;0.0;0.0;0.0;0.0;0.0;1.0;0.0;0.0;0.0;0.0;0.0;0.0;0.0;0.0;0.0;0.0;1.0;0.0
11041017001;2.0;0.0;2.0;1.0;1.0;0.0;0.0;1.0;1.0;1.0;0.0;0.0;0.0;2.0;1.0;0.0;1.0;0.0
11041019001;1.0;1.0;2.0;1.0;0.0;1.0;0.0;0.0;0.0;0.0;0.0;2.0;0.0;1.0;0.0;0.0;0.0;0.0
11041024001;1.0;1.0;0.0;0.0;0.0;0.0;0.0;0.0;0.0;0.0;2.0;0.0;0.0;0.0;0.0;0.0;0.0;0.0
11041027001;3.0;1.0;1.0;1.0;0.0;1.0;1.0;1.0;0.0;0.0;0.0;0.0;1.0;2.0;2.0;1.0;1.0;0.0
11041031001;0.0;0.0;0.0;0.0;0.0;0.0;0.0;0.0;2.0;0.0;0.0;0.0;0.0;1.0;0.0;0.0;0.0;0.0
11041999004;0.0;0.0;0.0;0.0;0.0;0.0;0.0;0.0;0.0;1.0;0.0;0.0;0.0;0.0;0.0;0.0;0.0;0.0
11042001001;2.0;0.0;0.0;0.0;0.0;0.0;0.0;0.0;1.0;0.0;0.0;0.0;0.0;0.0;1.0;1.0;0.0;0.0
11042002001;0.0;0.0;0.0;0.0;0.0;0.0;0.0;1.0;0.0;2.0;1.0;0.0;0.0;0.0;0.0;0.0;1.0;0.0
11042005001;1.0;1.0;0.0;1.0;1.0;0.0;0.0;2.0;0.0;0.0;1.0;1.0;0.0;2.0;1.0;0.0;1.0;0.0
11042006001;0.0;1.0;0.0;0.0;1.0;0.0;1.0;0.0;0.0;0.0;1.0;0.0;1.0;1.0;0.0;0.0;0.0;0.0
11042007001;0.0;1.0;0.0;1.0;0.0;0.0;0.0;1.0;0.0;1.0;0.0;0.0;0.0;1.0;0.0;0.0;1.0;0.0
11042008001;0.0;0.0;1.0;0.0;5.0;1.0;1.0;1.0;0.0;1.0;2.0;1.0;1.0;1.0;1.0;1.0;0.0;0.0
11042009001;0.0;0.0;1.0;0.0;0.0;1.0;0.0;1.0;1.0;0.0;2.0;0.0;0.0;0.0;2.0;0.0;0.0;0.0
11042010001;0.0;0.0;0.0;1.0;0.0;0.0;0.0;0.0;0.0;0.0;0.0;0.0;0.0;0.0;0.0;1.0;1.0;0.0
11042011001;0.0;2.0;0.0;1.0;1.0;1.0;0.0;0.0;0.0;5.0;3.0;0.0;0.0;1.0;0.0;1.0;0.0;0.0
11042015001;2.0;1.0;0.0;0.0;0.0;0.0;0.0;0.0;1.0;0.0;0.0;0.0;1.0;0.0;0.0;0.0;0.0;0.0
11042017001;0.0;0.0;1.0;0.0;0.0;1.0;0.0;1.0;0.0;2.0;1.0;1.0;0.0;1.0;0.0;1.0;0.0;0.0
11042020001;0.0;0.0;0.0;0.0;0.0;0.0;0.0;0.0;0.0;1.0;0.0;1.0;0.0;2.0;1.0;0.0;1.0;0.0
11042022001;1.0;0.0;0.0;1.0;0.0;0.0;0.0;0.0;0.0;1.0;0.0;0.0;0.0;0.0;0.0;0.0;0.0;0.0
11042023001;2.0;0.0;0.0;0.0;1.0;1.0;0.0;1.0;0.0;0.0;0.0;1.0;0.0;0.0;0.0;0.0;3.0;0.0
11042027001;0.0;0.0;0.0;0.0;0.0;0.0;0.0;0.0;0.0;1.0;0.0;1.0;1.0;0.0;0.0;0.0;0.0;0.0
11042028001;0.0;0.0;0.0;1.0;0.0;0.0;0.0;0.0;0.0;0.0;0.0;0.0;1.0;0.0;0.0;0.0;0.0;0.0
11042030001;0.0;0.0;0.0;0.0;0.0;0.0;0.0;0.0;0.0;0.0;0.0;0.0;0.0;1.0;0.0;0.0;0.0;0.0
11050002001;1.0;0.0;2.0;0.0;0.0;0.0;0.0;0.0;1.0;1.0;0.0;0.0;1.0;0.0;1.0;0.0;0.0;0.0
11050003001;0.0;0.0;0.0;0.0;1.0;0.0;0.0;0.0;1.0;0.0;0.0;1.0;0.0;1.0;0.0;0.0;1.0;0.0
11050004001;6.0;3.0;6.0;4.0;3.0;10.0;6.0;3.0;3.0;3.0;1.0;2.0;6.0;4.0;6.0;0.0;2.0;0.0
11050005001;1.0;0.0;2.0;1.0;2.0;0.0;1.0;0.0;0.0;1.0;1.0;0.0;0.0;1.0;0.0;0.0;0.0;0.0
11050006001;0.0;1.0;0.0;0.0;0.0;0.0;0.0;0.0;0.0;0.0;0.0;0.0;0.0;0.0;0.0;0.0;0.0;0.0
11050008001;0.0;1.0;0.0;0.0;0.0;0.0;0.0;0.0;0.0;0.0;0.0;0.0;0.0;0.0;0.0;0.0;0.0;0.0
11050009001;1.0;0.0;1.0;0.0;0.0;0.0;0.0;0.0;0.0;0.0;0.0;0.0;0.0;0.0;0.0;0.0;0.0;0.0
11050010001;0.0;0.0;1.0;0.0;0.0;0.0;0.0;0.0;0.0;0.0;0.0;1.0;0.0;0.0;1.0;0.0;1.0;0.0
11050011001;0.0;0.0;0.0;0.0;1.0;2.0;1.0;0.0;3.0;3.0;1.0;4.0;3.0;0.0;2.0;1.0;1.0;0.0
11050017001;2.0;7.0;7.0;5.0;6.0;2.0;2.0;5.0;5.0;0.0;2.0;2.0;2.0;5.0;1.0;0.0;2.0;0.0
11050019002;3.0;1.0;2.0;0.0;2.0;1.0;0.0;0.0;3.0;0.0;1.0;0.0;0.0;1.0;0.0;0.0;1.0;0.0
11050020001;5.0;1.0;0.0;4.0;3.0;3.0;2.0;2.0;6.0;7.0;3.0;1.0;3.0;2.0;4.0;0.0;0.0;0.0
11050022001;0.0;2.0;0.0;0.0;0.0;0.0;0.0;0.0;1.0;1.0;0.0;3.0;0.0;0.0;0.0;0.0;0.0;0.0
11050025001;5.0;2.0;2.0;3.0;3.0;4.0;1.0;2.0;4.0;0.0;2.0;1.0;4.0;0.0;2.0;2.0;0.0;0.0
11050029001;3.0;2.0;1.0;1.0;0.0;2.0;1.0;0.0;3.0;0.0;0.0;0.0;1.0;1.0;1.0;0.0;2.0;0.0
11050031001;0.0;0.0;2.0;0.0;1.0;1.0;1.0;0.0;3.0;3.0;1.0;3.0;1.0;0.0;0.0;0.0;1.0;0.0
11050032001;0.0;0.0;1.0;0.0;0.0;1.0;0.0;0.0;0.0;0.0;3.0;2.0;0.0;0.0;2.0;1.0;0.0;0.0
11050033001;3.0;1.0;0.0;0.0;0.0;1.0;0.0;1.0;0.0;0.0;0.0;2.0;2.0;1.0;2.0;2.0;2.0;0.0
11050035001;3.0;6.0;4.0;11.0;4.0;7.0;4.0;4.0;5.0;4.0;4.0;3.0;3.0;1.0;2.0;2.0;6.0;0.0
11050038001;2.0;1.0;0.0;0.0;1.0;2.0;1.0;2.0;1.0;2.0;1.0;0.0;1.0;0.0;1.0;1.0;1.0;0.0
11050039001;0.0;0.0;1.0;2.0;0.0;0.0;1.0;0.0;1.0;0.0;0.0;2.0;1.0;1.0;0.0;0.0;0.0;0.0
11050046001;0.0;2.0;1.0;1.0;2.0;0.0;0.0;0.0;0.0;0.0;0.0;0.0;1.0;0.0;2.0;0.0;2.0;0.0
11050047001;0.0;0.0;0.0;0.0;0.0;0.0;0.0;0.0;1.0;0.0;1.0;1.0;1.0;1.0;4.0;0.0;2.0;0.0
11050049001;0.0;1.0;0.0;1.0;0.0;0.0;1.0;0.0;1.0;1.0;0.0;0.0;0.0;0.0;0.0;0.0;0.0;0.0
11050052001;0.0;0.0;0.0;1.0;0.0;0.0;0.0;1.0;0.0;0.0;0.0;0.0;0.0;0.0;0.0;0.0;0.0;0.0
11050053001;1.0;0.0;0.0;1.0;0.0;0.0;0.0;0.0;0.0;1.0;0.0;0.0;2.0;0.0;1.0;0.0;0.0;0.0
11050059001;2.0;0.0;1.0;3.0;1.0;0.0;0.0;0.0;1.0;1.0;0.0;0.0;0.0;0.0;1.0;0.0;2.0;0.0
11050061001;0.0;0.0;0.0;0.0;1.0;0.0;0.0;0.0;0.0;0.0;0.0;0.0;0.0;0.0;0.0;0.0;0.0;0.0
11050062001;0.0;0.0;0.0;0.0;0.0;0.0;0.0;0.0;0.0;0.0;0.0;0.0;0.0;0.0;0.0;1.0;0.0;0.0
11050064001;0.0;1.0;0.0;0.0;0.0;0.0;0.0;2.0;0.0;2.0;0.0;0.0;1.0;1.0;0.0;0.0;1.0;0.0
11050068001;1.0;0.0;0.0;2.0;1.0;0.0;0.0;0.0;0.0;0.0;0.0;0.0;0.0;0.0;0.0;0.0;0.0;0.0
11050074001;0.0;0.0;1.0;0.0;1.0;1.0;0.0;0.0;0.0;1.0;0.0;0.0;0.0;0.0;0.0;0.0;0.0;0.0
11050076001;1.0;3.0;3.0;0.0;3.0;0.0;1.0;4.0;0.0;3.0;0.0;0.0;2.0;6.0;1.0;0.0;2.0;0.0
11050077001;0.0;0.0;0.0;0.0;0.0;0.0;0.0;0.0;5.0;3.0;7.0;6.0;5.0;9.0;12.0;2.0;6.0;0.0
11050078001;0.0;0.0;0.0;0.0;1.0;0.0;0.0;0.0;1.0;0.0;0.0;1.0;1.0;2.0;0.0;0.0;0.0;0.0
11050087001;2.0;0.0;0.0;0.0;0.0;0.0;1.0;1.0;1.0;0.0;1.0;0.0;0.0;0.0;1.0;0.0;0.0;0.0
11050097001;1.0;0.0;0.0;0.0;0.0;1.0;0.0;0.0;0.0;0.0;0.0;0.0;0.0;0.0;0.0;0.0;0.0;0.0
11050098001;0.0;2.0;1.0;1.0;3.0;0.0;0.0;0.0;4.0;0.0;1.0;1.0;0.0;0.0;0.0;0.0;0.0;0.0
11050101001;0.0;0.0;0.0;0.0;1.0;1.0;0.0;1.0;0.0;0.0;0.0;0.0;0.0;1.0;2.0;1.0;1.0;0.0
11050102001;1.0;0.0;1.0;1.0;0.0;0.0;0.0;0.0;1.0;0.0;1.0;0.0;0.0;0.0;0.0;0.0;0.0;0.0
11050103001;1.0;0.0;0.0;0.0;2.0;0.0;0.0;0.0;1.0;1.0;0.0;0.0;0.0;0.0;0.0;0.0;1.0;0.0
11050104001;0.0;0.0;0.0;0.0;0.0;0.0;0.0;0.0;0.0;0.0;0.0;0.0;1.0;0.0;0.0;0.0;0.0;0.0
11050111001;1.0;0.0;0.0;0.0;0.0;0.0;0.0;0.0;0.0;0.0;0.0;0.0;0.0;0.0;0.0;0.0;0.0;0.0
11050123001;1.0;1.0;0.0;1.0;0.0;0.0;0.0;0.0;1.0;0.0;1.0;0.0;0.0;4.0;0.0;0.0;0.0;0.0
11050129001;0.0;0.0;0.0;0.0;0.0;1.0;0.0;0.0;1.0;0.0;1.0;2.0;0.0;0.0;0.0;0.0;0.0;0.0
11050129002;0.0;0.0;0.0;1.0;0.0;0.0;0.0;0.0;0.0;1.0;0.0;1.0;0.0;0.0;0.0;0.0;0.0;0.0
11050131001;0.0;0.0;0.0;0.0;0.0;0.0;0.0;1.0;3.0;1.0;2.0;1.0;1.0;0.0;2.0;0.0;1.0;0.0
11050140002;1.0;0.0;0.0;0.0;0.0;0.0;0.0;0.0;1.0;0.0;0.0;0.0;0.0;0.0;0.0;0.0;0.0;0.0
11051002001;2.0;2.0;8.0;0.0;4.0;3.0;2.0;6.0;8.0;4.0;2.0;3.0;1.0;1.0;2.0;0.0;1.0;0.0
11051003001;0.0;0.0;0.0;0.0;1.0;0.0;0.0;0.0;0.0;1.0;1.0;0.0;0.0;0.0;1.0;0.0;1.0;0.0
11051004001;0.0;0.0;1.0;0.0;1.0;0.0;0.0;1.0;2.0;0.0;0.0;0.0;0.0;0.0;0.0;0.0;1.0;0.0
11051006001;5.0;1.0;1.0;0.0;2.0;2.0;4.0;4.0;3.0;3.0;0.0;3.0;2.0;3.0;1.0;1.0;5.0;0.0
11051007001;0.0;0.0;0.0;0.0;0.0;0.0;0.0;2.0;1.0;0.0;2.0;0.0;2.0;0.0;1.0;0.0;1.0;0.0
11051009001;2.0;0.0;0.0;0.0;0.0;0.0;0.0;0.0;2.0;1.0;0.0;1.0;0.0;0.0;0.0;0.0;0.0;0.0
11051013001;2.0;2.0;2.0;0.0;2.0;2.0;2.0;2.0;1.0;1.0;1.0;2.0;1.0;2.0;2.0;0.0;4.0;0.0
11051016001;0.0;0.0;0.0;0.0;0.0;0.0;1.0;0.0;0.0;0.0;0.0;0.0;0.0;0.0;0.0;0.0;0.0;0.0
11051019001;0.0;1.0;0.0;0.0;0.0;0.0;0.0;0.0;0.0;0.0;0.0;1.0;1.0;1.0;0.0;0.0;0.0;0.0
11051032001;0.0;0.0;0.0;0.0;0.0;0.0;0.0;0.0;0.0;0.0;1.0;0.0;0.0;1.0;0.0;0.0;0.0;0.0
11051037001;0.0;0.0;0.0;0.0;0.0;0.0;0.0;0.0;0.0;1.0;0.0;0.0;0.0;0.0;0.0;0.0;1.0;0.0
11051039001;1.0;0.0;1.0;0.0;0.0;0.0;0.0;0.0;0.0;0.0;0.0;0.0;0.0;0.0;0.0;0.0;0.0;0.0
11051044001;0.0;0.0;0.0;0.0;0.0;0.0;0.0;1.0;3.0;0.0;0.0;2.0;2.0;4.0;2.0;0.0;2.0;0.0
11051056001;0.0;0.0;0.0;0.0;0.0;0.0;2.0;0.0;0.0;0.0;0.0;0.0;0.0;0.0;0.0;0.0;0.0;0.0
11061005001;0.0;0.0;0.0;1.0;0.0;0.0;0.0;0.0;0.0;0.0;0.0;0.0;1.0;0.0;0.0;0.0;0.0;0.0
11061008001;0.0;0.0;2.0;0.0;0.0;0.0;0.0;0.0;1.0;0.0;0.0;0.0;1.0;0.0;0.0;0.0;0.0;0.0
11061011001;1.0;1.0;0.0;0.0;1.0;0.0;0.0;1.0;2.0;0.0;3.0;1.0;0.0;1.0;1.0;0.0;0.0;0.0
11061015001;0.0;1.0;0.0;2.0;0.0;0.0;0.0;0.0;0.0;0.0;0.0;0.0;0.0;0.0;0.0;0.0;0.0;0.0
11061016001;0.0;0.0;0.0;0.0;0.0;0.0;0.0;1.0;0.0;1.0;0.0;0.0;0.0;1.0;0.0;0.0;0.0;0.0
11061023001;1.0;1.0;0.0;1.0;1.0;3.0;0.0;2.0;1.0;0.0;1.0;1.0;1.0;5.0;0.0;0.0;0.0;0.0
11061024001;0.0;0.0;0.0;0.0;0.0;0.0;0.0;0.0;0.0;0.0;1.0;0.0;0.0;0.0;0.0;0.0;0.0;0.0
11061027001;0.0;0.0;1.0;0.0;0.0;0.0;0.0;0.0;0.0;0.0;0.0;0.0;0.0;0.0;0.0;0.0;0.0;0.0
11061028001;0.0;0.0;0.0;0.0;0.0;0.0;0.0;0.0;1.0;0.0;0.0;0.0;1.0;2.0;0.0;0.0;0.0;0.0
11061030001;0.0;0.0;0.0;0.0;0.0;0.0;0.0;0.0;0.0;0.0;2.0;0.0;0.0;1.0;0.0;1.0;0.0;0.0
11061031001;0.0;1.0;0.0;0.0;0.0;0.0;0.0;0.0;0.0;0.0;0.0;2.0;0.0;0.0;0.0;0.0;0.0;0.0
11061049001;1.0;0.0;0.0;0.0;0.0;0.0;0.0;0.0;0.0;0.0;0.0;1.0;0.0;0.0;0.0;0.0;0.0;0.0
11061050001;0.0;0.0;0.0;0.0;0.0;0.0;0.0;0.0;0.0;0.0;0.0;0.0;0.0;1.0;0.0;0.0;0.0;0.0
11061051001;0.0;0.0;0.0;0.0;0.0;2.0;0.0;0.0;0.0;0.0;0.0;0.0;0.0;0.0;0.0;0.0;0.0;0.0
11061052001;1.0;0.0;0.0;0.0;0.0;0.0;0.0;0.0;1.0;0.0;1.0;0.0;0.0;0.0;0.0;0.0;0.0;0.0
11061053001;0.0;0.0;1.0;0.0;0.0;0.0;1.0;0.0;2.0;0.0;1.0;0.0;0.0;2.0;0.0;0.0;0.0;0.0
11061054001;0.0;0.0;2.0;0.0;0.0;0.0;1.0;0.0;0.0;0.0;0.0;1.0;0.0;0.0;1.0;0.0;0.0;0.0
11061055002;0.0;0.0;0.0;0.0;0.0;0.0;0.0;0.0;0.0;0.0;0.0;0.0;0.0;0.0;0.0;0.0;1.0;0.0
11061070001;0.0;0.0;1.0;2.0;2.0;0.0;0.0;2.0;1.0;0.0;2.0;1.0;0.0;4.0;1.0;0.0;0.0;0.0
11061071001;5.0;4.0;5.0;9.0;5.0;5.0;2.0;3.0;3.0;0.0;2.0;6.0;7.0;3.0;7.0;0.0;5.0;0.0
11062015001;0.0;0.0;1.0;1.0;0.0;0.0;0.0;0.0;1.0;3.0;1.0;1.0;0.0;0.0;0.0;0.0;2.0;0.0
11062019001;2.0;2.0;1.0;1.0;1.0;0.0;0.0;1.0;0.0;0.0;0.0;0.0;0.0;0.0;0.0;0.0;1.0;0.0
11062023001;1.0;0.0;0.0;1.0;0.0;0.0;1.0;1.0;0.0;1.0;0.0;0.0;0.0;2.0;0.0;0.0;2.0;0.0
11062025001;0.0;0.0;0.0;2.0;1.0;0.0;1.0;3.0;2.0;0.0;4.0;2.0;1.0;0.0;2.0;1.0;0.0;0.0
11070001001;4.0;1.0;5.0;5.0;2.0;2.0;0.0;3.0;2.0;2.0;4.0;5.0;0.0;2.0;4.0;2.0;0.0;0.0
11070003001;2.0;2.0;1.0;1.0;3.0;0.0;0.0;0.0;1.0;1.0;0.0;0.0;2.0;0.0;1.0;0.0;0.0;0.0
11070004001;2.0;1.0;2.0;1.0;9.0;1.0;1.0;2.0;2.0;0.0;2.0;6.0;1.0;4.0;1.0;2.0;1.0;0.0
11070006001;0.0;0.0;0.0;0.0;0.0;0.0;0.0;0.0;0.0;0.0;0.0;0.0;1.0;0.0;0.0;0.0;0.0;0.0
11070007001;1.0;0.0;1.0;5.0;2.0;3.0;0.0;2.0;2.0;3.0;2.0;1.0;0.0;3.0;1.0;2.0;0.0;0.0
11070011001;1.0;1.0;1.0;0.0;3.0;0.0;0.0;0.0;1.0;1.0;0.0;0.0;1.0;1.0;2.0;1.0;1.0;0.0
11070013001;0.0;0.0;0.0;0.0;0.0;0.0;0.0;0.0;1.0;0.0;0.0;1.0;0.0;0.0;0.0;0.0;0.0;0.0
11070014001;1.0;1.0;0.0;0.0;0.0;0.0;1.0;0.0;0.0;0.0;1.0;2.0;1.0;1.0;1.0;0.0;0.0;0.0
11070015001;0.0;0.0;1.0;1.0;1.0;0.0;0.0;0.0;0.0;0.0;1.0;1.0;0.0;0.0;0.0;0.0;0.0;0.0
11070016001;0.0;0.0;0.0;0.0;1.0;0.0;0.0;1.0;1.0;1.0;1.0;0.0;0.0;0.0;3.0;1.0;0.0;0.0
11070018001;0.0;2.0;1.0;0.0;0.0;0.0;0.0;0.0;0.0;0.0;0.0;1.0;0.0;0.0;0.0;0.0;0.0;0.0
11070027001;0.0;1.0;0.0;0.0;0.0;0.0;0.0;0.0;0.0;0.0;0.0;0.0;0.0;0.0;0.0;0.0;0.0;0.0
11070029001;5.0;1.0;1.0;0.0;0.0;0.0;1.0;1.0;0.0;0.0;0.0;1.0;0.0;1.0;3.0;1.0;0.0;0.0
11070030001;0.0;0.0;1.0;0.0;0.0;0.0;0.0;0.0;0.0;0.0;0.0;1.0;0.0;0.0;0.0;0.0;0.0;0.0
11070045001;1.0;1.0;0.0;1.0;2.0;0.0;1.0;0.0;2.0;1.0;0.0;4.0;1.0;0.0;1.0;2.0;2.0;0.0
11070046001;0.0;0.0;1.0;0.0;0.0;0.0;0.0;0.0;0.0;0.0;0.0;0.0;0.0;0.0;0.0;0.0;0.0;0.0
11070050001;0.0;2.0;0.0;0.0;2.0;0.0;0.0;2.0;0.0;0.0;0.0;0.0;0.0;0.0;0.0;0.0;0.0;0.0
11070051001;0.0;0.0;0.0;0.0;0.0;0.0;0.0;0.0;0.0;0.0;0.0;0.0;1.0;0.0;0.0;0.0;0.0;0.0
11070054001;0.0;0.0;0.0;0.0;0.0;0.0;0.0;0.0;0.0;0.0;0.0;0.0;0.0;0.0;0.0;0.0;1.0;0.0
11070062001;0.0;0.0;0.0;0.0;0.0;0.0;0.0;0.0;0.0;0.0;0.0;0.0;0.0;0.0;1.0;0.0;0.0;0.0
11071001001;0.0;2.0;1.0;2.0;1.0;1.0;1.0;2.0;1.0;1.0;0.0;3.0;1.0;0.0;1.0;0.0;2.0;0.0
11071002001;0.0;0.0;0.0;0.0;0.0;0.0;0.0;1.0;0.0;0.0;1.0;1.0;0.0;0.0;1.0;0.0;0.0;0.0
11071004001;0.0;0.0;1.0;1.0;0.0;0.0;0.0;0.0;0.0;1.0;0.0;2.0;0.0;1.0;3.0;0.0;1.0;0.0
11071005001;1.0;0.0;0.0;1.0;0.0;0.0;0.0;0.0;0.0;0.0;0.0;0.0;0.0;0.0;0.0;1.0;0.0;0.0
11071008001;0.0;0.0;1.0;0.0;0.0;1.0;0.0;0.0;0.0;0.0;0.0;1.0;0.0;0.0;1.0;0.0;0.0;0.0
11071009001;0.0;0.0;1.0;2.0;1.0;1.0;0.0;0.0;0.0;0.0;0.0;0.0;2.0;1.0;0.0;0.0;0.0;0.0
11071011001;0.0;0.0;0.0;0.0;0.0;0.0;0.0;0.0;0.0;0.0;0.0;0.0;0.0;0.0;1.0;0.0;0.0;0.0
11071012001;0.0;1.0;1.0;0.0;0.0;0.0;0.0;0.0;0.0;0.0;0.0;0.0;0.0;0.0;0.0;0.0;0.0;0.0
11071013001;0.0;0.0;0.0;0.0;1.0;0.0;0.0;0.0;0.0;0.0;0.0;0.0;0.0;0.0;1.0;0.0;0.0;0.0
11071014001;2.0;0.0;0.0;0.0;1.0;1.0;0.0;0.0;0.0;0.0;0.0;0.0;0.0;0.0;0.0;0.0;0.0;0.0
11071018001;0.0;0.0;1.0;0.0;0.0;0.0;0.0;0.0;0.0;0.0;0.0;0.0;1.0;2.0;1.0;0.0;0.0;0.0
11071032001;0.0;0.0;0.0;0.0;0.0;0.0;0.0;2.0;1.0;0.0;0.0;0.0;0.0;0.0;0.0;0.0;0.0;0.0
11071033001;2.0;1.0;2.0;2.0;0.0;0.0;0.0;1.0;1.0;0.0;1.0;0.0;0.0;2.0;1.0;0.0;0.0;0.0
11071034001;1.0;0.0;0.0;1.0;0.0;0.0;0.0;2.0;1.0;1.0;1.0;1.0;2.0;2.0;0.0;0.0;1.0;0.0
11071035001;0.0;0.0;0.0;0.0;0.0;0.0;0.0;0.0;1.0;0.0;0.0;0.0;0.0;0.0;1.0;0.0;1.0;0.0
11071898001;0.0;3.0;1.0;2.0;3.0;0.0;0.0;2.0;3.0;2.0;2.0;1.0;2.0;2.0;1.0;1.0;2.0;0.0
11071902001;0.0;2.0;1.0;1.0;0.0;0.0;0.0;0.0;0.0;0.0;1.0;0.0;1.0;1.0;2.0;0.0;2.0;0.0
11071909001;0.0;0.0;0.0;0.0;0.0;0.0;0.0;0.0;0.0;0.0;0.0;0.0;0.0;1.0;0.0;0.0;0.0;0.0
11071911001;0.0;0.0;0.0;1.0;0.0;0.0;0.0;0.0;0.0;0.0;0.0;0.0;0.0;0.0;1.0;0.0;0.0;0.0
11071916001;4.0;0.0;1.0;1.0;0.0;0.0;0.0;1.0;3.0;0.0;0.0;1.0;2.0;3.0;2.0;0.0;0.0;0.0
11072001001;0.0;0.0;0.0;1.0;0.0;1.0;0.0;1.0;3.0;3.0;1.0;3.0;1.0;2.0;0.0;2.0;1.0;0.0
11072005001;0.0;0.0;0.0;1.0;0.0;0.0;0.0;0.0;0.0;0.0;0.0;0.0;0.0;1.0;0.0;0.0;0.0;0.0
11072008001;1.0;0.0;0.0;0.0;1.0;0.0;0.0;0.0;1.0;0.0;0.0;0.0;1.0;1.0;0.0;1.0;0.0;0.0
11072012002;0.0;0.0;0.0;0.0;1.0;0.0;0.0;0.0;1.0;0.0;0.0;1.0;2.0;1.0;1.0;0.0;0.0;0.0
11072013001;0.0;0.0;0.0;0.0;0.0;0.0;0.0;0.0;0.0;1.0;0.0;0.0;0.0;0.0;0.0;0.0;0.0;0.0
11072017001;0.0;0.0;0.0;0.0;0.0;1.0;0.0;0.0;1.0;0.0;0.0;0.0;0.0;0.0;0.0;0.0;0.0;0.0
11072036001;0.0;0.0;0.0;0.0;0.0;0.0;1.0;0.0;0.0;1.0;0.0;0.0;1.0;0.0;0.0;0.0;0.0;0.0
11072897001;0.0;0.0;2.0;1.0;0.0;0.0;0.0;0.0;0.0;0.0;1.0;0.0;1.0;0.0;0.0;0.0;0.0;0.0
11072902001;0.0;0.0;0.0;0.0;0.0;0.0;0.0;0.0;0.0;0.0;1.0;0.0;0.0;0.0;1.0;1.0;0.0;0.0
11072903001;1.0;0.0;1.0;1.0;0.0;0.0;0.0;0.0;1.0;0.0;0.0;0.0;0.0;1.0;0.0;0.0;0.0;0.0
11072905001;0.0;0.0;0.0;0.0;0.0;0.0;0.0;1.0;0.0;0.0;0.0;0.0;0.0;0.0;0.0;0.0;0.0;0.0
11072906001;0.0;0.0;0.0;0.0;0.0;0.0;0.0;0.0;0.0;1.0;0.0;0.0;0.0;0.0;0.0;0.0;0.0;0.0
11073001001;0.0;0.0;0.0;0.0;0.0;0.0;0.0;0.0;0.0;0.0;0.0;0.0;0.0;1.0;0.0;0.0;0.0;0.0
11073002001;0.0;0.0;0.0;0.0;0.0;0.0;0.0;0.0;0.0;0.0;0.0;0.0;0.0;0.0;1.0;0.0;0.0;0.0
11073006001;1.0;2.0;0.0;1.0;1.0;0.0;0.0;2.0;0.0;0.0;0.0;0.0;0.0;0.0;0.0;0.0;0.0;0.0
11073012001;0.0;0.0;0.0;0.0;0.0;0.0;0.0;2.0;1.0;0.0;0.0;0.0;0.0;0.0;0.0;0.0;0.0;0.0
11073025001;2.0;0.0;1.0;1.0;0.0;0.0;0.0;0.0;0.0;2.0;0.0;0.0;1.0;0.0;1.0;0.0;1.0;0.0
11073032001;0.0;0.0;0.0;0.0;0.0;0.0;0.0;0.0;0.0;0.0;1.0;0.0;0.0;0.0;0.0;0.0;0.0;0.0
11073899001;0.0;0.0;0.0;0.0;0.0;0.0;0.0;1.0;0.0;0.0;0.0;0.0;0.0;0.0;0.0;0.0;0.0;0.0
11073900001;1.0;0.0;0.0;0.0;0.0;1.0;0.0;0.0;0.0;0.0;0.0;0.0;0.0;0.0;0.0;0.0;0.0;0.0
11073901001;0.0;0.0;0.0;0.0;0.0;1.0;0.0;0.0;0.0;0.0;0.0;0.0;0.0;0.0;0.0;0.0;0.0;0.0
11073902001;1.0;0.0;0.0;1.0;3.0;0.0;0.0;1.0;3.0;1.0;5.0;2.0;0.0;2.0;3.0;0.0;0.0;0.0
11073905001;0.0;0.0;0.0;0.0;0.0;0.0;0.0;0.0;0.0;1.0;0.0;0.0;0.0;0.0;0.0;0.0;0.0;0.0
11073907001;0.0;1.0;1.0;2.0;1.0;0.0;0.0;0.0;4.0;0.0;3.0;0.0;0.0;0.0;0.0;0.0;0.0;0.0
11074001001;0.0;0.0;0.0;1.0;0.0;0.0;0.0;0.0;0.0;0.0;0.0;0.0;0.0;0.0;1.0;0.0;0.0;0.0
11074003001;1.0;1.0;1.0;0.0;2.0;1.0;2.0;2.0;1.0;2.0;1.0;1.0;2.0;2.0;0.0;2.0;0.0;0.0
11074005001;1.0;2.0;1.0;1.0;0.0;0.0;0.0;0.0;1.0;0.0;0.0;0.0;0.0;1.0;1.0;0.0;0.0;0.0
11074007001;1.0;1.0;1.0;0.0;0.0;0.0;0.0;0.0;1.0;1.0;0.0;0.0;0.0;0.0;1.0;0.0;0.0;0.0
11074012001;0.0;0.0;0.0;0.0;0.0;0.0;0.0;0.0;0.0;0.0;0.0;0.0;1.0;0.0;0.0;0.0;0.0;0.0
11074015002;7.0;0.0;1.0;0.0;7.0;2.0;0.0;0.0;2.0;4.0;2.0;4.0;3.0;3.0;0.0;1.0;2.0;0.0
11074018001;1.0;0.0;1.0;0.0;1.0;0.0;0.0;0.0;0.0;0.0;0.0;0.0;0.0;0.0;1.0;0.0;0.0;0.0
11074019001;0.0;0.0;1.0;0.0;0.0;0.0;0.0;0.0;0.0;0.0;0.0;0.0;0.0;0.0;0.0;0.0;0.0;0.0
11074020001;1.0;1.0;0.0;1.0;1.0;0.0;0.0;0.0;1.0;1.0;0.0;0.0;0.0;0.0;1.0;0.0;0.0;0.0
11074022001;0.0;1.0;0.0;0.0;0.0;0.0;0.0;0.0;0.0;0.0;0.0;0.0;0.0;0.0;0.0;0.0;0.0;0.0
11074027001;0.0;0.0;0.0;1.0;0.0;0.0;1.0;0.0;0.0;0.0;0.0;0.0;0.0;1.0;0.0;0.0;1.0;0.0
11074031001;1.0;0.0;0.0;0.0;0.0;1.0;1.0;0.0;0.0;0.0;0.0;0.0;0.0;0.0;1.0;0.0;0.0;0.0
11074045002;0.0;1.0;0.0;0.0;0.0;0.0;0.0;0.0;0.0;0.0;0.0;0.0;0.0;0.0;0.0;0.0;0.0;0.0
11074046001;1.0;0.0;1.0;1.0;0.0;0.0;0.0;0.0;1.0;0.0;0.0;1.0;0.0;0.0;0.0;0.0;0.0;0.0
11074047001;0.0;0.0;1.0;0.0;0.0;0.0;0.0;0.0;1.0;0.0;0.0;0.0;0.0;0.0;0.0;0.0;0.0;0.0
11074048001;2.0;0.0;0.0;2.0;0.0;2.0;0.0;0.0;1.0;0.0;1.0;1.0;2.0;0.0;0.0;1.0;1.0;0.0
11074059001;0.0;1.0;0.0;0.0;1.0;0.0;0.0;1.0;0.0;0.0;0.0;1.0;1.0;0.0;0.0;0.0;0.0;0.0
11074060005;0.0;0.0;0.0;0.0;0.0;0.0;0.0;0.0;0.0;1.0;1.0;0.0;0.0;0.0;0.0;0.0;0.0;0.0
11075001001;0.0;0.0;1.0;0.0;0.0;0.0;0.0;0.0;0.0;0.0;1.0;0.0;0.0;0.0;2.0;0.0;0.0;0.0
11075002001;0.0;0.0;0.0;0.0;0.0;0.0;0.0;0.0;0.0;0.0;0.0;0.0;0.0;1.0;0.0;0.0;0.0;0.0
11075003001;1.0;0.0;1.0;0.0;0.0;0.0;0.0;0.0;1.0;1.0;0.0;2.0;0.0;0.0;0.0;0.0;0.0;0.0
11075004001;0.0;0.0;0.0;0.0;0.0;0.0;0.0;0.0;0.0;1.0;0.0;1.0;0.0;0.0;0.0;0.0;0.0;0.0
11075013001;1.0;0.0;0.0;0.0;1.0;0.0;0.0;1.0;0.0;0.0;2.0;1.0;0.0;0.0;0.0;1.0;0.0;0.0
11076883001;2.0;0.0;0.0;0.0;0.0;0.0;0.0;0.0;0.0;0.0;0.0;0.0;0.0;0.0;0.0;0.0;0.0;0.0
11076886001;1.0;0.0;0.0;0.0;0.0;0.0;0.0;1.0;0.0;0.0;0.0;0.0;0.0;0.0;0.0;0.0;0.0;0.0
11076890001;1.0;0.0;0.0;0.0;0.0;0.0;0.0;0.0;0.0;0.0;0.0;0.0;0.0;0.0;1.0;0.0;0.0;0.0
11076896001;1.0;0.0;0.0;0.0;0.0;0.0;0.0;0.0;1.0;0.0;0.0;0.0;1.0;0.0;0.0;0.0;0.0;0.0
11076928001;0.0;0.0;0.0;0.0;1.0;0.0;0.0;0.0;0.0;0.0;0.0;0.0;1.0;0.0;0.0;0.0;1.0;0.0
11100001001;1.0;1.0;2.0;5.0;1.0;2.0;1.0;1.0;0.0;7.0;5.0;4.0;0.0;2.0;0.0;0.0;3.0;0.0
11100003001;0.0;0.0;1.0;1.0;0.0;1.0;1.0;0.0;0.0;0.0;0.0;0.0;0.0;2.0;0.0;0.0;1.0;0.0
11100005001;0.0;2.0;0.0;1.0;3.0;0.0;0.0;1.0;1.0;0.0;0.0;1.0;2.0;3.0;1.0;0.0;1.0;0.0
11100007001;0.0;0.0;0.0;1.0;0.0;1.0;0.0;0.0;0.0;0.0;0.0;0.0;0.0;0.0;0.0;0.0;0.0;0.0
11100008001;3.0;5.0;0.0;1.0;4.0;1.0;1.0;2.0;2.0;3.0;1.0;5.0;3.0;5.0;3.0;1.0;1.0;0.0
11100010001;1.0;1.0;0.0;0.0;0.0;0.0;0.0;1.0;1.0;0.0;0.0;1.0;1.0;1.0;0.0;0.0;1.0;0.0
11100011001;3.0;2.0;1.0;1.0;1.0;2.0;0.0;0.0;1.0;3.0;1.0;0.0;3.0;1.0;0.0;0.0;0.0;0.0
11100015001;0.0;2.0;0.0;0.0;0.0;1.0;0.0;0.0;0.0;1.0;1.0;0.0;1.0;4.0;0.0;0.0;1.0;0.0
11100017001;0.0;0.0;2.0;1.0;1.0;1.0;0.0;2.0;2.0;2.0;0.0;0.0;0.0;0.0;2.0;0.0;0.0;0.0
11100018001;3.0;3.0;1.0;3.0;1.0;1.0;0.0;0.0;0.0;1.0;0.0;0.0;1.0;2.0;0.0;0.0;0.0;0.0
11100019001;0.0;2.0;0.0;0.0;0.0;0.0;0.0;1.0;0.0;0.0;0.0;0.0;0.0;1.0;1.0;0.0;0.0;0.0
11100021001;0.0;0.0;1.0;0.0;0.0;0.0;1.0;0.0;0.0;0.0;0.0;1.0;0.0;1.0;0.0;0.0;0.0;0.0
11100107001;0.0;0.0;0.0;2.0;0.0;0.0;0.0;0.0;0.0;0.0;0.0;0.0;0.0;1.0;0.0;0.0;0.0;0.0
11100108001;1.0;0.0;0.0;0.0;0.0;0.0;0.0;0.0;0.0;0.0;0.0;0.0;1.0;2.0;1.0;0.0;0.0;0.0
11100112001;0.0;2.0;2.0;0.0;2.0;0.0;0.0;0.0;0.0;0.0;0.0;2.0;0.0;1.0;2.0;0.0;1.0;0.0
11101014001;5.0;0.0;5.0;0.0;5.0;2.0;1.0;2.0;0.0;0.0;4.0;8.0;0.0;5.0;1.0;4.0;1.0;0.0
11101021001;0.0;0.0;0.0;0.0;0.0;0.0;0.0;0.0;1.0;0.0;0.0;0.0;0.0;1.0;0.0;0.0;1.0;0.0
11101023001;0.0;0.0;0.0;0.0;0.0;1.0;0.0;0.0;1.0;0.0;0.0;1.0;1.0;0.0;0.0;0.0;0.0;0.0
11101028001;1.0;1.0;1.0;0.0;2.0;0.0;1.0;6.0;5.0;0.0;5.0;4.0;2.0;5.0;2.0;0.0;4.0;0.0
11101029001;1.0;0.0;1.0;2.0;0.0;0.0;1.0;2.0;5.0;0.0;1.0;3.0;3.0;1.0;1.0;0.0;0.0;0.0
11101034001;0.0;0.0;0.0;0.0;0.0;0.0;0.0;0.0;0.0;0.0;0.0;0.0;0.0;0.0;0.0;0.0;1.0;0.0
11101036001;0.0;1.0;2.0;1.0;4.0;1.0;2.0;1.0;2.0;0.0;0.0;1.0;0.0;1.0;1.0;1.0;2.0;0.0
11101038001;0.0;0.0;1.0;0.0;1.0;0.0;0.0;0.0;0.0;0.0;0.0;0.0;1.0;0.0;2.0;0.0;1.0;0.0
11101039001;0.0;2.0;3.0;0.0;0.0;1.0;0.0;0.0;1.0;0.0;0.0;1.0;0.0;0.0;0.0;1.0;0.0;0.0
11101055001;0.0;1.0;0.0;1.0;2.0;0.0;2.0;0.0;0.0;1.0;1.0;2.0;2.0;3.0;1.0;0.0;3.0;0.0
11102002001;7.0;6.0;4.0;5.0;6.0;4.0;4.0;1.0;2.0;6.0;3.0;3.0;0.0;6.0;7.0;2.0;0.0;0.0
11102003001;1.0;1.0;2.0;0.0;0.0;0.0;0.0;1.0;1.0;1.0;1.0;1.0;0.0;0.0;0.0;0.0;0.0;0.0
11102004001;0.0;1.0;0.0;0.0;0.0;0.0;0.0;0.0;0.0;1.0;1.0;2.0;0.0;0.0;0.0;0.0;0.0;0.0
11102007001;0.0;1.0;1.0;1.0;2.0;0.0;1.0;0.0;0.0;1.0;0.0;0.0;1.0;1.0;0.0;0.0;0.0;0.0
11102012001;0.0;0.0;1.0;0.0;0.0;0.0;0.0;0.0;0.0;1.0;1.0;0.0;0.0;0.0;0.0;0.0;1.0;0.0
11102013001;0.0;0.0;0.0;0.0;0.0;0.0;0.0;0.0;0.0;0.0;1.0;0.0;0.0;0.0;0.0;1.0;1.0;0.0
11102017001;1.0;1.0;0.0;0.0;0.0;0.0;0.0;1.0;0.0;0.0;0.0;0.0;0.0;2.0;0.0;0.0;0.0;0.0
11102043001;0.0;0.0;0.0;1.0;0.0;0.0;0.0;0.0;1.0;0.0;0.0;0.0;0.0;0.0;0.0;0.0;1.0;0.0
11103001001;0.0;0.0;0.0;0.0;2.0;0.0;0.0;1.0;0.0;0.0;1.0;0.0;1.0;0.0;0.0;0.0;0.0;0.0
11103002001;0.0;0.0;0.0;0.0;0.0;0.0;0.0;1.0;0.0;0.0;0.0;0.0;0.0;0.0;0.0;0.0;0.0;0.0
11103005001;0.0;0.0;0.0;0.0;1.0;0.0;0.0;2.0;0.0;2.0;0.0;0.0;2.0;1.0;0.0;1.0;0.0;0.0
11103007001;2.0;1.0;0.0;0.0;3.0;2.0;1.0;0.0;6.0;4.0;1.0;0.0;2.0;4.0;2.0;4.0;2.0;0.0
11103008001;0.0;0.0;0.0;0.0;0.0;0.0;0.0;0.0;0.0;0.0;0.0;0.0;0.0;2.0;1.0;0.0;0.0;0.0
11103011003;0.0;1.0;0.0;0.0;0.0;0.0;0.0;0.0;0.0;0.0;0.0;0.0;0.0;0.0;0.0;0.0;0.0;0.0
11103011004;0.0;0.0;0.0;0.0;0.0;0.0;1.0;0.0;0.0;0.0;0.0;0.0;0.0;0.0;0.0;0.0;0.0;0.0
11103015001;5.0;6.0;1.0;2.0;6.0;1.0;2.0;6.0;2.0;8.0;1.0;2.0;5.0;3.0;1.0;1.0;3.0;0.0
11103018001;1.0;0.0;0.0;2.0;0.0;1.0;0.0;0.0;0.0;2.0;0.0;1.0;1.0;1.0;2.0;0.0;1.0;0.0
11103019001;0.0;0.0;0.0;0.0;0.0;3.0;1.0;9.0;18.0;4.0;2.0;2.0;3.0;6.0;8.0;7.0;5.0;0.0
11103021001;11.0;15.0;8.0;16.0;8.0;5.0;2.0;8.0;4.0;1.0;5.0;12.0;4.0;17.0;14.0;7.0;11.0;0.0
11103022001;10.0;7.0;13.0;7.0;3.0;2.0;7.0;1.0;5.0;2.0;5.0;7.0;10.0;13.0;9.0;2.0;6.0;0.0
11103023001;0.0;0.0;1.0;1.0;0.0;0.0;0.0;1.0;1.0;2.0;2.0;0.0;0.0;0.0;2.0;0.0;0.0;0.0
11103027001;0.0;0.0;0.0;1.0;0.0;0.0;1.0;0.0;0.0;1.0;2.0;0.0;0.0;1.0;1.0;1.0;0.0;0.0
11103035001;2.0;1.0;0.0;1.0;0.0;3.0;0.0;1.0;2.0;3.0;0.0;3.0;4.0;0.0;1.0;2.0;1.0;0.0
11103039001;0.0;0.0;1.0;0.0;0.0;1.0;0.0;0.0;0.0;0.0;0.0;0.0;0.0;0.0;0.0;0.0;0.0;0.0
11103040001;0.0;0.0;0.0;0.0;0.0;0.0;0.0;0.0;0.0;0.0;1.0;0.0;0.0;0.0;0.0;0.0;0.0;0.0
11103046001;0.0;0.0;0.0;0.0;3.0;0.0;1.0;0.0;1.0;1.0;0.0;1.0;1.0;1.0;2.0;0.0;0.0;0.0
11103047001;1.0;0.0;0.0;0.0;2.0;0.0;0.0;0.0;1.0;0.0;0.0;1.0;0.0;0.0;0.0;0.0;0.0;0.0
11103051001;1.0;1.0;3.0;6.0;0.0;1.0;1.0;1.0;0.0;0.0;1.0;0.0;3.0;5.0;3.0;2.0;0.0;0.0
11103052001;0.0;0.0;0.0;0.0;0.0;0.0;0.0;0.0;0.0;1.0;2.0;1.0;0.0;1.0;0.0;0.0;0.0;0.0
11103054001;3.0;1.0;0.0;0.0;1.0;0.0;1.0;4.0;1.0;0.0;1.0;0.0;0.0;0.0;0.0;0.0;1.0;0.0
11103058001;1.0;1.0;1.0;1.0;0.0;0.0;0.0;0.0;0.0;2.0;1.0;1.0;2.0;1.0;0.0;2.0;1.0;0.0
11103062001;2.0;0.0;1.0;0.0;1.0;0.0;0.0;0.0;0.0;0.0;0.0;0.0;0.0;0.0;1.0;0.0;2.0;0.0
11103067001;1.0;0.0;0.0;0.0;1.0;1.0;0.0;0.0;0.0;0.0;0.0;0.0;0.0;1.0;0.0;1.0;0.0;0.0
11103068001;0.0;0.0;0.0;0.0;0.0;0.0;0.0;0.0;1.0;0.0;2.0;0.0;0.0;0.0;2.0;0.0;0.0;0.0
11103069001;2.0;1.0;0.0;0.0;0.0;1.0;0.0;1.0;0.0;2.0;1.0;1.0;0.0;1.0;0.0;1.0;0.0;0.0
11103070001;7.0;2.0;5.0;4.0;5.0;4.0;5.0;11.0;4.0;1.0;2.0;3.0;5.0;9.0;6.0;3.0;5.0;0.0
11103074001;0.0;0.0;1.0;0.0;0.0;0.0;0.0;0.0;0.0;1.0;1.0;1.0;0.0;1.0;0.0;0.0;0.0;0.0
11103076001;0.0;1.0;0.0;0.0;2.0;1.0;1.0;0.0;1.0;1.0;0.0;2.0;0.0;0.0;3.0;0.0;2.0;0.0
11103078001;0.0;0.0;1.0;0.0;1.0;0.0;0.0;0.0;0.0;0.0;0.0;0.0;0.0;1.0;0.0;1.0;0.0;0.0
11103084001;3.0;1.0;1.0;1.0;0.0;0.0;0.0;0.0;1.0;0.0;0.0;0.0;0.0;0.0;0.0;0.0;0.0;0.0
11103085001;0.0;0.0;0.0;0.0;0.0;0.0;0.0;0.0;0.0;0.0;0.0;1.0;0.0;0.0;1.0;0.0;0.0;0.0
11103086002;0.0;0.0;0.0;0.0;0.0;0.0;0.0;0.0;0.0;0.0;0.0;1.0;0.0;0.0;0.0;0.0;0.0;0.0
11103088001;0.0;0.0;0.0;0.0;0.0;0.0;0.0;0.0;0.0;1.0;0.0;0.0;3.0;1.0;2.0;0.0;1.0;0.0
11103090001;1.0;5.0;7.0;10.0;5.0;9.0;4.0;12.0;8.0;14.0;7.0;5.0;6.0;9.0;11.0;2.0;5.0;0.0
11103092001;0.0;0.0;0.0;0.0;0.0;0.0;0.0;1.0;0.0;0.0;1.0;0.0;0.0;0.0;0.0;0.0;0.0;0.0
11103094001;0.0;0.0;0.0;5.0;0.0;0.0;0.0;2.0;0.0;0.0;3.0;3.0;5.0;8.0;3.0;2.0;5.0;0.0
11103096001;2.0;0.0;1.0;2.0;3.0;0.0;2.0;0.0;1.0;4.0;3.0;0.0;1.0;1.0;7.0;0.0;1.0;0.0
11103098001;0.0;3.0;3.0;2.0;3.0;0.0;0.0;0.0;1.0;2.0;1.0;1.0;4.0;2.0;4.0;0.0;1.0;0.0
11103099001;1.0;0.0;0.0;0.0;0.0;0.0;0.0;0.0;0.0;0.0;0.0;0.0;0.0;0.0;0.0;0.0;0.0;0.0
11103100001;0.0;0.0;1.0;0.0;1.0;0.0;3.0;0.0;0.0;0.0;0.0;0.0;0.0;0.0;0.0;0.0;0.0;0.0
11103102002;3.0;0.0;0.0;0.0;0.0;0.0;1.0;0.0;0.0;0.0;0.0;0.0;0.0;0.0;0.0;0.0;0.0;0.0
11103106001;1.0;2.0;0.0;0.0;1.0;0.0;0.0;0.0;0.0;0.0;2.0;1.0;0.0;1.0;1.0;1.0;0.0;0.0
11103108001;0.0;0.0;0.0;0.0;0.0;0.0;0.0;0.0;0.0;0.0;0.0;0.0;0.0;1.0;1.0;0.0;0.0;0.0
11103110001;0.0;0.0;0.0;1.0;0.0;0.0;0.0;0.0;0.0;0.0;0.0;0.0;0.0;0.0;0.0;0.0;0.0;0.0
11103111001;1.0;1.0;0.0;0.0;1.0;0.0;0.0;0.0;1.0;1.0;2.0;2.0;0.0;0.0;0.0;1.0;0.0;0.0
11103112001;0.0;0.0;0.0;1.0;0.0;1.0;0.0;0.0;0.0;0.0;0.0;1.0;1.0;0.0;0.0;0.0;1.0;0.0
11103113001;0.0;1.0;0.0;0.0;0.0;0.0;0.0;1.0;0.0;0.0;0.0;0.0;1.0;0.0;0.0;0.0;0.0;0.0
11103114001;3.0;0.0;1.0;0.0;1.0;1.0;2.0;3.0;1.0;1.0;0.0;1.0;5.0;0.0;2.0;0.0;1.0;0.0
11103115001;2.0;0.0;0.0;0.0;0.0;1.0;0.0;0.0;0.0;0.0;0.0;0.0;1.0;0.0;0.0;0.0;0.0;0.0
11103118001;1.0;0.0;0.0;0.0;0.0;0.0;0.0;1.0;0.0;0.0;0.0;0.0;0.0;0.0;0.0;1.0;0.0;0.0
11103123001;0.0;0.0;0.0;0.0;1.0;0.0;0.0;0.0;0.0;0.0;0.0;0.0;0.0;0.0;0.0;0.0;0.0;0.0
11103132001;0.0;0.0;1.0;0.0;1.0;0.0;0.0;3.0;0.0;1.0;0.0;0.0;0.0;0.0;0.0;0.0;0.0;0.0
11103134001;3.0;0.0;3.0;4.0;4.0;1.0;1.0;3.0;4.0;1.0;2.0;1.0;2.0;1.0;10.0;0.0;2.0;0.0
11103135001;0.0;1.0;0.0;1.0;0.0;1.0;0.0;1.0;0.0;1.0;1.0;1.0;0.0;1.0;4.0;0.0;0.0;0.0
11103136001;9.0;12.0;17.0;14.0;11.0;12.0;8.0;11.0;18.0;11.0;4.0;9.0;7.0;9.0;21.0;4.0;7.0;0.0
11103137001;7.0;3.0;3.0;1.0;0.0;1.0;1.0;0.0;0.0;0.0;3.0;1.0;1.0;6.0;19.0;0.0;4.0;0.0
11103156001;1.0;0.0;1.0;1.0;1.0;0.0;0.0;0.0;2.0;0.0;0.0;0.0;1.0;1.0;1.0;0.0;1.0;0.0
11103157001;1.0;0.0;0.0;0.0;0.0;0.0;0.0;0.0;0.0;0.0;0.0;0.0;1.0;0.0;0.0;0.0;1.0;0.0
11103176001;2.0;0.0;0.0;0.0;1.0;0.0;0.0;1.0;3.0;0.0;3.0;1.0;4.0;3.0;5.0;1.0;6.0;0.0
11103188001;1.0;0.0;0.0;0.0;0.0;0.0;0.0;0.0;0.0;0.0;0.0;0.0;0.0;0.0;0.0;0.0;0.0;0.0
11103188002;1.0;1.0;0.0;0.0;1.0;0.0;0.0;0.0;0.0;0.0;0.0;0.0;0.0;0.0;0.0;0.0;0.0;0.0
11103191001;0.0;0.0;0.0;1.0;0.0;0.0;1.0;1.0;0.0;0.0;0.0;0.0;0.0;0.0;0.0;0.0;0.0;0.0
11103196001;1.0;0.0;0.0;0.0;0.0;1.0;0.0;0.0;0.0;1.0;0.0;0.0;0.0;0.0;2.0;0.0;0.0;0.0
11103206001;0.0;0.0;0.0;0.0;1.0;0.0;0.0;0.0;0.0;0.0;0.0;0.0;0.0;0.0;0.0;0.0;0.0;0.0
11103211001;0.0;0.0;0.0;0.0;0.0;0.0;0.0;1.0;0.0;0.0;0.0;0.0;0.0;0.0;0.0;0.0;1.0;0.0
11103224001;1.0;0.0;0.0;0.0;0.0;1.0;0.0;0.0;0.0;1.0;0.0;1.0;0.0;0.0;0.0;0.0;1.0;0.0
11103233001;0.0;0.0;1.0;0.0;0.0;0.0;0.0;0.0;1.0;0.0;0.0;0.0;1.0;0.0;0.0;0.0;0.0;0.0
11103244002;0.0;0.0;0.0;0.0;1.0;2.0;0.0;0.0;1.0;0.0;1.0;0.0;1.0;0.0;0.0;0.0;0.0;0.0
11103262001;0.0;1.0;0.0;0.0;1.0;1.0;0.0;2.0;1.0;1.0;0.0;0.0;0.0;1.0;0.0;0.0;0.0;0.0
11103270002;0.0;0.0;1.0;1.0;1.0;2.0;0.0;0.0;0.0;0.0;0.0;2.0;1.0;0.0;1.0;0.0;0.0;0.0
11103280001;1.0;3.0;1.0;0.0;0.0;1.0;0.0;0.0;1.0;0.0;0.0;0.0;1.0;0.0;0.0;1.0;0.0;0.0
11103283001;0.0;1.0;0.0;0.0;0.0;0.0;0.0;1.0;0.0;1.0;0.0;0.0;0.0;0.0;0.0;0.0;0.0;0.0
11103289001;1.0;1.0;3.0;0.0;0.0;2.0;0.0;1.0;0.0;0.0;1.0;2.0;0.0;1.0;0.0;0.0;0.0;0.0
11103296001;0.0;0.0;0.0;0.0;0.0;0.0;0.0;0.0;0.0;0.0;0.0;0.0;0.0;1.0;0.0;0.0;0.0;0.0
11103313001;0.0;0.0;0.0;0.0;0.0;1.0;0.0;0.0;0.0;0.0;0.0;0.0;0.0;0.0;0.0;0.0;0.0;0.0
11103314001;0.0;0.0;0.0;0.0;1.0;1.0;0.0;0.0;1.0;0.0;0.0;0.0;0.0;0.0;2.0;0.0;0.0;0.0
11103321001;1.0;0.0;0.0;0.0;0.0;0.0;0.0;0.0;0.0;0.0;0.0;0.0;0.0;0.0;0.0;0.0;0.0;0.0
11103321002;0.0;0.0;0.0;0.0;0.0;0.0;0.0;0.0;0.0;0.0;0.0;0.0;0.0;0.0;1.0;1.0;0.0;0.0
11103322001;0.0;2.0;2.0;0.0;0.0;0.0;0.0;0.0;1.0;0.0;0.0;0.0;0.0;0.0;0.0;0.0;0.0;0.0
11103323001;0.0;0.0;0.0;1.0;0.0;0.0;0.0;0.0;0.0;0.0;0.0;0.0;0.0;0.0;0.0;0.0;0.0;0.0
11103346001;2.0;1.0;3.0;3.0;0.0;0.0;0.0;2.0;1.0;2.0;0.0;1.0;0.0;0.0;1.0;0.0;1.0;0.0
11103350001;0.0;0.0;1.0;0.0;1.0;0.0;0.0;0.0;0.0;0.0;0.0;0.0;0.0;0.0;0.0;0.0;0.0;0.0
11103354001;0.0;0.0;0.0;0.0;0.0;0.0;1.0;1.0;0.0;0.0;0.0;0.0;0.0;0.0;0.0;0.0;0.0;0.0
11103361001;0.0;0.0;1.0;0.0;0.0;0.0;0.0;0.0;0.0;0.0;0.0;0.0;0.0;0.0;0.0;0.0;0.0;0.0
11103365001;1.0;0.0;0.0;0.0;0.0;0.0;0.0;0.0;0.0;0.0;0.0;0.0;0.0;1.0;1.0;0.0;0.0;0.0
11103370001;1.0;0.0;0.0;1.0;2.0;0.0;0.0;0.0;0.0;0.0;0.0;0.0;0.0;0.0;1.0;0.0;0.0;0.0
11103375001;4.0;5.0;2.0;1.0;3.0;3.0;2.0;2.0;0.0;2.0;2.0;3.0;4.0;3.0;0.0;1.0;3.0;0.0
11103377001;0.0;0.0;0.0;0.0;0.0;0.0;0.0;1.0;0.0;1.0;0.0;0.0;0.0;1.0;0.0;0.0;0.0;0.0
11103380001;0.0;0.0;0.0;0.0;0.0;0.0;0.0;0.0;0.0;0.0;0.0;0.0;1.0;0.0;0.0;0.0;0.0;0.0
11103884002;1.0;0.0;0.0;0.0;1.0;0.0;0.0;0.0;1.0;0.0;0.0;0.0;0.0;0.0;0.0;0.0;0.0;0.0
11103884003;0.0;0.0;1.0;0.0;0.0;0.0;0.0;0.0;1.0;0.0;0.0;0.0;0.0;1.0;0.0;0.0;0.0;0.0
11104001001;0.0;0.0;0.0;1.0;1.0;0.0;0.0;0.0;0.0;0.0;0.0;0.0;1.0;1.0;1.0;0.0;0.0;0.0
11104005001;0.0;2.0;1.0;0.0;1.0;2.0;0.0;0.0;2.0;1.0;0.0;0.0;0.0;0.0;1.0;0.0;0.0;0.0
11104006001;1.0;0.0;2.0;1.0;2.0;0.0;0.0;0.0;0.0;1.0;0.0;1.0;3.0;0.0;1.0;0.0;0.0;0.0
11110006001;1.0;2.0;3.0;2.0;2.0;0.0;0.0;0.0;0.0;1.0;1.0;2.0;2.0;2.0;2.0;0.0;3.0;0.0
11110007001;2.0;1.0;3.0;1.0;1.0;1.0;1.0;0.0;2.0;4.0;5.0;3.0;2.0;1.0;6.0;1.0;2.0;0.0
11110013001;1.0;0.0;0.0;1.0;1.0;0.0;2.0;0.0;1.0;0.0;0.0;1.0;1.0;0.0;0.0;0.0;0.0;0.0
11110014001;0.0;0.0;0.0;0.0;0.0;1.0;0.0;0.0;0.0;0.0;0.0;1.0;0.0;0.0;0.0;1.0;0.0;0.0
11110016001;0.0;0.0;0.0;0.0;0.0;0.0;0.0;0.0;0.0;2.0;0.0;0.0;0.0;1.0;0.0;0.0;0.0;0.0
11110018001;0.0;0.0;0.0;1.0;1.0;0.0;1.0;1.0;0.0;0.0;0.0;0.0;0.0;1.0;0.0;0.0;1.0;0.0
11110026001;0.0;0.0;0.0;0.0;0.0;0.0;0.0;0.0;0.0;2.0;0.0;0.0;0.0;0.0;0.0;0.0;0.0;0.0
11110028001;0.0;0.0;0.0;0.0;0.0;0.0;1.0;0.0;0.0;0.0;0.0;0.0;0.0;1.0;0.0;0.0;1.0;0.0
11110029001;0.0;0.0;0.0;1.0;0.0;0.0;0.0;1.0;0.0;0.0;0.0;1.0;0.0;2.0;0.0;0.0;1.0;0.0
11110065001;0.0;0.0;0.0;0.0;1.0;0.0;0.0;0.0;0.0;0.0;0.0;0.0;0.0;0.0;0.0;0.0;0.0;0.0
11110066001;1.0;1.0;0.0;1.0;0.0;0.0;0.0;2.0;1.0;0.0;0.0;1.0;0.0;0.0;0.0;0.0;0.0;0.0
11110077003;1.0;0.0;1.0;0.0;0.0;0.0;0.0;1.0;0.0;0.0;1.0;1.0;1.0;1.0;0.0;0.0;1.0;0.0
11110078003;0.0;1.0;0.0;0.0;0.0;0.0;0.0;1.0;1.0;1.0;0.0;1.0;0.0;0.0;1.0;0.0;1.0;0.0
11110082001;0.0;1.0;2.0;1.0;1.0;0.0;0.0;0.0;0.0;0.0;0.0;0.0;0.0;2.0;0.0;0.0;0.0;0.0
11110083001;0.0;2.0;0.0;1.0;1.0;0.0;1.0;0.0;2.0;0.0;0.0;0.0;0.0;0.0;0.0;0.0;1.0;0.0
11110085001;2.0;1.0;2.0;4.0;0.0;0.0;0.0;1.0;3.0;1.0;2.0;1.0;1.0;2.0;1.0;1.0;1.0;0.0
11110086001;0.0;1.0;1.0;1.0;0.0;0.0;0.0;1.0;0.0;1.0;0.0;1.0;1.0;0.0;0.0;0.0;0.0;0.0
11110088002;0.0;1.0;2.0;0.0;1.0;0.0;0.0;0.0;0.0;1.0;0.0;1.0;0.0;0.0;1.0;0.0;0.0;0.0
11110089001;3.0;1.0;0.0;2.0;1.0;0.0;1.0;0.0;1.0;3.0;2.0;0.0;2.0;2.0;0.0;1.0;0.0;0.0
11110090001;1.0;0.0;2.0;0.0;1.0;0.0;0.0;0.0;0.0;0.0;0.0;1.0;0.0;2.0;1.0;0.0;0.0;0.0
11110091001;0.0;2.0;0.0;0.0;0.0;0.0;0.0;0.0;1.0;0.0;0.0;1.0;0.0;0.0;1.0;0.0;1.0;0.0
11110093001;1.0;1.0;0.0;0.0;1.0;0.0;0.0;0.0;1.0;0.0;1.0;2.0;1.0;2.0;2.0;0.0;1.0;0.0
11110094001;0.0;1.0;0.0;1.0;0.0;2.0;0.0;0.0;3.0;1.0;0.0;1.0;0.0;1.0;0.0;0.0;0.0;0.0
11110095001;0.0;0.0;1.0;1.0;0.0;0.0;1.0;0.0;0.0;0.0;1.0;0.0;1.0;2.0;0.0;0.0;1.0;0.0
11111004001;3.0;0.0;1.0;1.0;1.0;1.0;0.0;0.0;2.0;1.0;0.0;0.0;1.0;2.0;1.0;0.0;0.0;0.0
11111007001;0.0;0.0;0.0;1.0;1.0;2.0;0.0;1.0;1.0;2.0;0.0;3.0;1.0;0.0;1.0;0.0;0.0;0.0
11111008001;0.0;0.0;0.0;0.0;0.0;0.0;0.0;0.0;0.0;0.0;0.0;0.0;0.0;1.0;0.0;1.0;0.0;0.0
11111011001;2.0;0.0;1.0;2.0;2.0;6.0;1.0;1.0;2.0;5.0;4.0;6.0;4.0;6.0;10.0;2.0;4.0;0.0
11111012001;0.0;0.0;0.0;0.0;0.0;0.0;0.0;0.0;0.0;0.0;0.0;1.0;0.0;1.0;0.0;0.0;0.0;0.0
11111013001;1.0;0.0;1.0;2.0;1.0;4.0;0.0;1.0;0.0;1.0;0.0;2.0;2.0;6.0;2.0;0.0;1.0;0.0
11111015001;1.0;0.0;1.0;1.0;0.0;0.0;1.0;1.0;1.0;0.0;1.0;1.0;0.0;4.0;0.0;0.0;0.0;0.0
11111017001;3.0;9.0;8.0;6.0;10.0;3.0;4.0;10.0;12.0;5.0;2.0;0.0;0.0;7.0;14.0;5.0;10.0;0.0
11111019001;2.0;2.0;1.0;2.0;3.0;0.0;0.0;4.0;2.0;0.0;1.0;1.0;0.0;5.0;4.0;0.0;1.0;0.0
11111021001;4.0;2.0;3.0;4.0;2.0;3.0;1.0;1.0;3.0;2.0;2.0;3.0;0.0;3.0;4.0;0.0;3.0;0.0
11111022001;1.0;0.0;2.0;2.0;0.0;1.0;1.0;1.0;0.0;0.0;0.0;0.0;4.0;2.0;2.0;0.0;0.0;0.0
11111025001;3.0;2.0;2.0;2.0;1.0;1.0;0.0;2.0;1.0;1.0;1.0;1.0;2.0;2.0;2.0;1.0;1.0;0.0
11111030001;0.0;0.0;0.0;0.0;0.0;0.0;0.0;0.0;1.0;0.0;0.0;0.0;1.0;2.0;0.0;0.0;1.0;0.0
11111033001;0.0;0.0;0.0;0.0;0.0;0.0;0.0;0.0;2.0;2.0;8.0;9.0;1.0;6.0;15.0;1.0;4.0;0.0
11111037001;3.0;1.0;0.0;0.0;0.0;0.0;1.0;0.0;0.0;0.0;0.0;0.0;0.0;0.0;0.0;0.0;0.0;0.0
11111050001;1.0;0.0;0.0;0.0;0.0;0.0;0.0;0.0;1.0;0.0;3.0;8.0;1.0;5.0;2.0;1.0;1.0;0.0
11112001001;0.0;0.0;0.0;0.0;0.0;0.0;0.0;0.0;0.0;0.0;0.0;1.0;0.0;0.0;0.0;0.0;0.0;0.0
11112004001;1.0;0.0;0.0;1.0;1.0;1.0;0.0;2.0;0.0;0.0;0.0;0.0;0.0;0.0;0.0;0.0;0.0;0.0
11112005001;0.0;0.0;0.0;0.0;0.0;0.0;0.0;0.0;0.0;0.0;0.0;1.0;0.0;0.0;0.0;0.0;0.0;0.0
11112007001;0.0;0.0;0.0;0.0;0.0;1.0;0.0;1.0;0.0;2.0;0.0;0.0;0.0;0.0;1.0;0.0;0.0;0.0
11112008001;0.0;0.0;0.0;0.0;0.0;0.0;0.0;0.0;0.0;0.0;0.0;0.0;0.0;0.0;0.0;0.0;1.0;0.0
11112017001;0.0;0.0;1.0;0.0;0.0;0.0;0.0;0.0;0.0;0.0;0.0;0.0;0.0;0.0;0.0;0.0;0.0;0.0
12000011001;1.0;0.0;1.0;1.0;1.0;1.0;1.0;1.0;1.0;2.0;0.0;1.0;1.0;5.0;1.0;0.0;0.0;0.0
12000016001;2.0;1.0;1.0;0.0;0.0;1.0;1.0;0.0;0.0;0.0;1.0;3.0;2.0;0.0;0.0;0.0;0.0;0.0
12000020001;0.0;0.0;0.0;0.0;0.0;0.0;0.0;0.0;0.0;0.0;0.0;0.0;0.0;0.0;0.0;0.0;1.0;0.0
12000042001;1.0;0.0;0.0;0.0;0.0;1.0;0.0;0.0;0.0;0.0;0.0;0.0;0.0;0.0;0.0;0.0;0.0;0.0
12000045001;1.0;0.0;1.0;1.0;0.0;1.0;0.0;2.0;0.0;3.0;0.0;1.0;0.0;0.0;1.0;0.0;3.0;0.0
12000057001;0.0;0.0;0.0;0.0;0.0;0.0;0.0;0.0;0.0;0.0;0.0;0.0;0.0;0.0;3.0;0.0;0.0;0.0
12000059001;0.0;1.0;4.0;1.0;1.0;1.0;1.0;1.0;0.0;0.0;1.0;2.0;2.0;1.0;2.0;1.0;0.0;0.0
12000067001;1.0;0.0;1.0;0.0;0.0;0.0;1.0;2.0;0.0;0.0;0.0;0.0;0.0;0.0;3.0;0.0;0.0;0.0
12000075001;0.0;0.0;0.0;0.0;0.0;0.0;0.0;0.0;0.0;0.0;0.0;0.0;0.0;0.0;1.0;0.0;0.0;0.0
12000076001;0.0;0.0;0.0;0.0;1.0;0.0;0.0;0.0;1.0;0.0;0.0;0.0;0.0;0.0;1.0;0.0;0.0;0.0
12000080001;0.0;0.0;0.0;0.0;0.0;0.0;0.0;0.0;0.0;0.0;0.0;0.0;0.0;0.0;1.0;0.0;0.0;0.0
12000081001;0.0;0.0;0.0;0.0;0.0;0.0;0.0;0.0;2.0;0.0;1.0;0.0;2.0;1.0;3.0;2.0;1.0;0.0
12000089001;1.0;0.0;0.0;0.0;1.0;2.0;0.0;0.0;0.0;1.0;0.0;1.0;0.0;0.0;2.0;0.0;0.0;0.0
12000097001;2.0;0.0;0.0;1.0;0.0;0.0;0.0;1.0;0.0;1.0;0.0;0.0;0.0;0.0;0.0;0.0;0.0;0.0
12000101001;1.0;1.0;0.0;0.0;1.0;0.0;0.0;0.0;0.0;0.0;0.0;0.0;0.0;0.0;0.0;0.0;1.0;0.0
12000108001;1.0;0.0;0.0;0.0;0.0;0.0;0.0;4.0;0.0;1.0;0.0;1.0;0.0;1.0;0.0;0.0;0.0;0.0
12000126001;0.0;1.0;0.0;0.0;0.0;0.0;0.0;0.0;0.0;0.0;1.0;0.0;0.0;0.0;0.0;0.0;0.0;0.0
12000128001;1.0;0.0;0.0;0.0;0.0;0.0;0.0;0.0;0.0;0.0;0.0;0.0;0.0;0.0;1.0;0.0;0.0;0.0
12000129001;1.0;0.0;0.0;1.0;1.0;1.0;0.0;1.0;0.0;0.0;0.0;0.0;0.0;0.0;1.0;1.0;2.0;0.0
12000135001;0.0;0.0;0.0;0.0;2.0;0.0;0.0;1.0;0.0;0.0;0.0;0.0;0.0;0.0;0.0;0.0;0.0;0.0
12000149001;0.0;0.0;0.0;0.0;0.0;0.0;0.0;0.0;0.0;1.0;0.0;0.0;0.0;0.0;0.0;0.0;0.0;0.0
12000150001;1.0;0.0;1.0;0.0;0.0;0.0;0.0;0.0;0.0;0.0;0.0;0.0;0.0;0.0;0.0;0.0;0.0;0.0
12000152001;1.0;1.0;0.0;0.0;0.0;2.0;0.0;1.0;1.0;3.0;0.0;0.0;2.0;1.0;1.0;1.0;0.0;0.0
12000163001;0.0;0.0;1.0;1.0;1.0;0.0;0.0;0.0;0.0;0.0;0.0;0.0;0.0;0.0;0.0;0.0;0.0;0.0
12000165001;1.0;0.0;0.0;0.0;0.0;0.0;0.0;1.0;0.0;0.0;0.0;0.0;0.0;0.0;1.0;0.0;0.0;0.0
12000169001;0.0;1.0;0.0;1.0;1.0;0.0;0.0;1.0;0.0;0.0;0.0;0.0;0.0;0.0;1.0;1.0;0.0;0.0
12000170001;1.0;0.0;0.0;0.0;0.0;0.0;3.0;1.0;0.0;1.0;0.0;0.0;2.0;0.0;0.0;0.0;0.0;0.0
12000178001;2.0;9.0;2.0;4.0;4.0;6.0;3.0;5.0;3.0;2.0;2.0;0.0;7.0;5.0;5.0;0.0;3.0;0.0
12000179001;3.0;2.0;1.0;1.0;0.0;1.0;0.0;4.0;2.0;2.0;2.0;6.0;3.0;4.0;2.0;0.0;4.0;0.0
12000182001;0.0;0.0;1.0;0.0;1.0;1.0;1.0;0.0;1.0;0.0;1.0;0.0;0.0;0.0;1.0;0.0;1.0;0.0
12000193001;0.0;1.0;0.0;0.0;0.0;0.0;0.0;0.0;0.0;0.0;0.0;0.0;0.0;0.0;0.0;0.0;0.0;0.0
12000205001;0.0;0.0;0.0;0.0;0.0;0.0;0.0;0.0;0.0;0.0;0.0;0.0;0.0;1.0;0.0;0.0;1.0;0.0
12000206001;0.0;0.0;0.0;0.0;0.0;0.0;0.0;0.0;0.0;0.0;0.0;0.0;0.0;1.0;0.0;0.0;0.0;0.0
12000207001;0.0;0.0;0.0;0.0;0.0;0.0;0.0;0.0;0.0;0.0;0.0;0.0;1.0;0.0;0.0;0.0;2.0;0.0
12000208001;0.0;0.0;0.0;0.0;0.0;0.0;0.0;2.0;0.0;1.0;0.0;0.0;1.0;0.0;0.0;0.0;0.0;0.0
12000214001;1.0;1.0;0.0;1.0;0.0;1.0;0.0;0.0;0.0;2.0;0.0;0.0;1.0;0.0;1.0;0.0;0.0;0.0
12000217001;0.0;1.0;0.0;1.0;0.0;1.0;0.0;0.0;0.0;0.0;0.0;0.0;0.0;0.0;0.0;0.0;0.0;0.0
12000220001;0.0;0.0;0.0;0.0;0.0;0.0;0.0;0.0;1.0;0.0;2.0;0.0;1.0;1.0;0.0;2.0;0.0;0.0
12000221001;0.0;1.0;0.0;1.0;0.0;0.0;0.0;2.0;0.0;0.0;0.0;0.0;0.0;0.0;0.0;0.0;0.0;0.0
12000223001;2.0;0.0;1.0;1.0;0.0;3.0;0.0;3.0;1.0;0.0;0.0;1.0;0.0;0.0;0.0;0.0;1.0;0.0
12000225001;1.0;0.0;0.0;0.0;0.0;0.0;0.0;0.0;0.0;0.0;0.0;0.0;0.0;0.0;0.0;0.0;0.0;0.0
12000226001;0.0;0.0;0.0;0.0;0.0;0.0;0.0;0.0;0.0;0.0;0.0;1.0;0.0;2.0;1.0;0.0;0.0;0.0
12000232001;0.0;0.0;1.0;0.0;0.0;1.0;0.0;0.0;0.0;0.0;0.0;0.0;0.0;0.0;1.0;0.0;0.0;0.0
12000241001;0.0;0.0;0.0;0.0;0.0;0.0;0.0;0.0;1.0;0.0;0.0;0.0;1.0;0.0;1.0;0.0;1.0;0.0
12000246001;1.0;1.0;0.0;1.0;0.0;1.0;0.0;0.0;1.0;1.0;0.0;1.0;0.0;1.0;0.0;0.0;0.0;0.0
12000261001;0.0;0.0;0.0;1.0;0.0;0.0;0.0;0.0;0.0;0.0;1.0;0.0;0.0;1.0;0.0;0.0;0.0;0.0
12000270001;0.0;1.0;0.0;0.0;0.0;0.0;0.0;0.0;0.0;0.0;0.0;0.0;0.0;0.0;0.0;0.0;0.0;0.0
12000276001;0.0;0.0;0.0;0.0;0.0;0.0;0.0;0.0;0.0;0.0;1.0;0.0;0.0;0.0;0.0;0.0;0.0;0.0
12000288001;1.0;0.0;0.0;0.0;0.0;0.0;0.0;0.0;0.0;0.0;1.0;0.0;0.0;0.0;0.0;0.0;0.0;0.0
12000309001;0.0;1.0;0.0;0.0;0.0;0.0;0.0;0.0;0.0;0.0;0.0;0.0;0.0;0.0;0.0;0.0;0.0;0.0
12000314001;0.0;0.0;0.0;0.0;2.0;0.0;0.0;0.0;0.0;0.0;0.0;0.0;0.0;0.0;0.0;0.0;0.0;0.0
12000317001;1.0;1.0;3.0;0.0;0.0;0.0;1.0;1.0;1.0;5.0;0.0;3.0;1.0;1.0;2.0;0.0;0.0;0.0
12000319001;0.0;0.0;0.0;0.0;0.0;0.0;0.0;0.0;0.0;0.0;0.0;1.0;0.0;2.0;0.0;0.0;0.0;0.0
12000320001;1.0;0.0;0.0;0.0;1.0;0.0;0.0;0.0;1.0;0.0;0.0;0.0;0.0;0.0;0.0;1.0;1.0;0.0
12000350001;2.0;0.0;1.0;0.0;0.0;0.0;0.0;0.0;0.0;2.0;0.0;0.0;2.0;0.0;0.0;0.0;0.0;0.0
12000359001;2.0;1.0;0.0;1.0;0.0;0.0;0.0;1.0;0.0;0.0;1.0;0.0;2.0;0.0;0.0;0.0;0.0;0.0
12000366001;0.0;0.0;0.0;0.0;1.0;0.0;0.0;0.0;1.0;0.0;0.0;1.0;1.0;0.0;0.0;0.0;0.0;0.0
12000372001;0.0;0.0;0.0;0.0;0.0;0.0;0.0;2.0;0.0;0.0;0.0;0.0;0.0;1.0;0.0;0.0;0.0;0.0
12000374001;0.0;0.0;0.0;0.0;0.0;0.0;0.0;1.0;0.0;1.0;0.0;0.0;1.0;0.0;0.0;1.0;0.0;0.0
12000375001;0.0;0.0;0.0;0.0;0.0;0.0;0.0;0.0;0.0;1.0;1.0;0.0;0.0;1.0;1.0;0.0;1.0;0.0
12000377001;1.0;1.0;0.0;0.0;0.0;1.0;1.0;1.0;1.0;1.0;1.0;1.0;0.0;0.0;3.0;0.0;2.0;0.0
12000381001;0.0;0.0;0.0;0.0;1.0;1.0;0.0;0.0;0.0;0.0;0.0;0.0;1.0;0.0;0.0;0.0;0.0;0.0
12000425001;0.0;1.0;0.0;0.0;1.0;0.0;0.0;0.0;0.0;0.0;0.0;0.0;0.0;0.0;0.0;0.0;0.0;0.0
12000485001;0.0;0.0;0.0;0.0;0.0;1.0;0.0;0.0;0.0;0.0;0.0;0.0;0.0;0.0;0.0;0.0;0.0;0.0
12000504001;0.0;0.0;0.0;0.0;0.0;0.0;0.0;0.0;0.0;0.0;0.0;0.0;0.0;1.0;0.0;0.0;0.0;0.0
12000505001;0.0;0.0;0.0;0.0;0.0;0.0;0.0;0.0;0.0;0.0;0.0;0.0;0.0;0.0;0.0;0.0;1.0;0.0
12001004001;0.0;0.0;0.0;0.0;0.0;0.0;1.0;1.0;0.0;0.0;0.0;2.0;1.0;1.0;1.0;0.0;0.0;0.0
12001019001;0.0;1.0;0.0;0.0;0.0;0.0;1.0;0.0;0.0;1.0;0.0;0.0;2.0;0.0;0.0;0.0;0.0;0.0
12001026001;0.0;0.0;1.0;2.0;0.0;0.0;0.0;1.0;1.0;0.0;0.0;1.0;2.0;2.0;0.0;0.0;0.0;0.0
12001027001;1.0;0.0;0.0;1.0;0.0;0.0;0.0;0.0;0.0;0.0;0.0;0.0;0.0;0.0;0.0;0.0;0.0;0.0
12001029001;0.0;0.0;0.0;0.0;0.0;0.0;0.0;0.0;0.0;0.0;0.0;0.0;0.0;1.0;1.0;0.0;2.0;0.0
12001038001;1.0;0.0;0.0;1.0;0.0;1.0;0.0;0.0;0.0;0.0;0.0;0.0;0.0;0.0;0.0;0.0;0.0;0.0
12001041001;0.0;1.0;0.0;1.0;0.0;0.0;0.0;1.0;0.0;1.0;0.0;0.0;0.0;0.0;0.0;0.0;0.0;0.0
12001047001;0.0;0.0;0.0;0.0;0.0;0.0;0.0;0.0;0.0;0.0;0.0;0.0;0.0;0.0;1.0;0.0;0.0;0.0
12001049001;2.0;0.0;0.0;1.0;2.0;2.0;0.0;2.0;1.0;2.0;1.0;3.0;2.0;1.0;2.0;3.0;3.0;0.0
12001051001;0.0;0.0;3.0;0.0;0.0;0.0;0.0;0.0;0.0;0.0;0.0;1.0;0.0;0.0;0.0;0.0;0.0;0.0
12001055001;0.0;0.0;0.0;0.0;0.0;1.0;0.0;0.0;0.0;0.0;0.0;0.0;0.0;0.0;0.0;0.0;0.0;0.0
12001058001;0.0;0.0;0.0;0.0;0.0;0.0;0.0;0.0;1.0;0.0;0.0;0.0;1.0;1.0;0.0;1.0;0.0;0.0
12001063001;0.0;1.0;0.0;0.0;0.0;0.0;0.0;0.0;0.0;0.0;0.0;0.0;0.0;0.0;0.0;1.0;0.0;0.0
12001064001;0.0;0.0;0.0;0.0;1.0;0.0;0.0;0.0;0.0;0.0;0.0;0.0;0.0;0.0;0.0;0.0;0.0;0.0
12001067001;0.0;0.0;0.0;0.0;0.0;1.0;0.0;0.0;0.0;0.0;0.0;0.0;0.0;0.0;0.0;0.0;0.0;0.0
12001070001;0.0;0.0;0.0;0.0;1.0;1.0;1.0;0.0;0.0;0.0;0.0;0.0;0.0;0.0;0.0;0.0;0.0;0.0
12001071001;0.0;0.0;0.0;0.0;0.0;0.0;0.0;0.0;0.0;1.0;0.0;0.0;0.0;0.0;0.0;0.0;0.0;0.0
12001077001;0.0;0.0;1.0;0.0;1.0;0.0;1.0;0.0;0.0;0.0;0.0;0.0;1.0;0.0;1.0;0.0;0.0;0.0
12001087001;0.0;0.0;0.0;0.0;0.0;0.0;0.0;0.0;0.0;0.0;0.0;0.0;1.0;0.0;0.0;0.0;1.0;0.0
12001092001;0.0;0.0;0.0;0.0;0.0;0.0;0.0;0.0;0.0;0.0;0.0;0.0;1.0;0.0;0.0;0.0;0.0;0.0
12001112001;0.0;1.0;0.0;0.0;0.0;0.0;0.0;2.0;1.0;0.0;0.0;0.0;0.0;1.0;2.0;0.0;0.0;0.0
12001999001;0.0;0.0;0.0;1.0;0.0;0.0;0.0;1.0;0.0;0.0;0.0;1.0;0.0;0.0;0.0;0.0;0.0;0.0
12002009001;0.0;0.0;0.0;0.0;0.0;0.0;0.0;0.0;0.0;0.0;0.0;1.0;0.0;0.0;0.0;0.0;0.0;0.0
12002018001;1.0;1.0;0.0;0.0;0.0;0.0;0.0;0.0;0.0;0.0;0.0;0.0;0.0;0.0;0.0;1.0;0.0;0.0
12002023001;0.0;0.0;1.0;0.0;1.0;0.0;1.0;1.0;0.0;1.0;0.0;0.0;2.0;1.0;3.0;1.0;0.0;0.0
12002026001;0.0;0.0;0.0;0.0;0.0;0.0;0.0;0.0;0.0;1.0;0.0;0.0;0.0;0.0;0.0;0.0;0.0;0.0
12002036001;0.0;0.0;0.0;0.0;0.0;0.0;0.0;0.0;0.0;1.0;0.0;0.0;0.0;0.0;0.0;0.0;0.0;0.0
12002042001;0.0;0.0;0.0;0.0;0.0;0.0;0.0;0.0;0.0;0.0;0.0;1.0;0.0;0.0;0.0;0.0;0.0;0.0
12002044001;3.0;0.0;1.0;0.0;0.0;1.0;0.0;0.0;1.0;0.0;0.0;0.0;1.0;1.0;0.0;0.0;0.0;0.0
12002052001;1.0;1.0;0.0;0.0;1.0;1.0;0.0;1.0;0.0;0.0;0.0;0.0;0.0;0.0;0.0;0.0;1.0;0.0
12002062001;0.0;0.0;0.0;0.0;1.0;0.0;0.0;0.0;0.0;0.0;0.0;0.0;0.0;0.0;0.0;0.0;0.0;0.0
12002090001;0.0;0.0;0.0;0.0;0.0;0.0;0.0;0.0;0.0;0.0;0.0;1.0;0.0;0.0;0.0;0.0;0.0;0.0
12002104001;0.0;0.0;1.0;1.0;0.0;0.0;0.0;0.0;0.0;0.0;0.0;0.0;0.0;0.0;0.0;0.0;0.0;0.0
12002105001;0.0;0.0;0.0;1.0;0.0;0.0;0.0;0.0;0.0;0.0;0.0;0.0;0.0;0.0;0.0;1.0;1.0;0.0
12002106001;1.0;0.0;0.0;0.0;0.0;1.0;0.0;0.0;0.0;0.0;0.0;0.0;0.0;0.0;0.0;0.0;0.0;0.0
12002107001;0.0;0.0;0.0;1.0;0.0;0.0;0.0;0.0;0.0;1.0;0.0;0.0;0.0;0.0;1.0;0.0;0.0;0.0
12002118001;0.0;0.0;0.0;0.0;0.0;0.0;0.0;0.0;0.0;0.0;0.0;0.0;1.0;0.0;0.0;0.0;0.0;0.0
12002119001;0.0;0.0;1.0;0.0;0.0;0.0;0.0;0.0;0.0;0.0;0.0;0.0;0.0;0.0;0.0;0.0;0.0;0.0
12002124001;0.0;0.0;0.0;0.0;0.0;0.0;0.0;0.0;0.0;0.0;0.0;0.0;0.0;1.0;0.0;0.0;1.0;0.0
12002948001;0.0;0.0;0.0;0.0;0.0;0.0;0.0;0.0;0.0;0.0;0.0;0.0;0.0;0.0;1.0;0.0;0.0;0.0
12002949001;0.0;0.0;0.0;0.0;0.0;0.0;0.0;0.0;0.0;0.0;0.0;0.0;0.0;0.0;0.0;0.0;3.0;0.0
12003006001;1.0;0.0;0.0;0.0;0.0;0.0;0.0;0.0;0.0;0.0;0.0;0.0;0.0;0.0;1.0;0.0;0.0;0.0
12003046001;0.0;0.0;0.0;0.0;0.0;0.0;0.0;0.0;0.0;0.0;0.0;0.0;0.0;1.0;0.0;0.0;0.0;0.0
12003069001;0.0;1.0;0.0;0.0;0.0;1.0;0.0;0.0;0.0;0.0;0.0;0.0;0.0;0.0;0.0;0.0;0.0;0.0
12003084001;0.0;0.0;0.0;0.0;0.0;0.0;0.0;0.0;0.0;1.0;1.0;0.0;0.0;0.0;0.0;0.0;0.0;0.0
12003086001;0.0;0.0;0.0;0.0;0.0;0.0;0.0;0.0;0.0;0.0;0.0;0.0;0.0;1.0;0.0;0.0;0.0;0.0
12003104001;0.0;0.0;0.0;0.0;0.0;0.0;0.0;0.0;0.0;0.0;0.0;0.0;1.0;0.0;0.0;0.0;1.0;0.0
12003111001;1.0;0.0;0.0;0.0;0.0;0.0;0.0;0.0;0.0;0.0;0.0;1.0;0.0;0.0;0.0;0.0;0.0;0.0
12003113001;0.0;0.0;0.0;0.0;0.0;0.0;0.0;0.0;0.0;0.0;0.0;0.0;0.0;1.0;0.0;0.0;0.0;0.0
12003115001;0.0;0.0;0.0;0.0;0.0;1.0;0.0;0.0;0.0;0.0;0.0;0.0;0.0;0.0;0.0;0.0;0.0;0.0
12003130001;1.0;0.0;0.0;0.0;1.0;2.0;1.0;1.0;1.0;1.0;1.0;1.0;0.0;1.0;1.0;0.0;0.0;0.0
12003134001;0.0;1.0;0.0;1.0;0.0;0.0;1.0;0.0;0.0;0.0;0.0;0.0;0.0;0.0;0.0;0.0;0.0;0.0
12003135001;0.0;0.0;0.0;1.0;0.0;0.0;0.0;1.0;0.0;0.0;0.0;0.0;0.0;0.0;0.0;1.0;0.0;0.0
12003911001;1.0;0.0;0.0;0.0;0.0;0.0;0.0;0.0;0.0;1.0;0.0;0.0;0.0;0.0;0.0;0.0;0.0;0.0
12004016001;0.0;0.0;0.0;0.0;0.0;0.0;0.0;0.0;0.0;0.0;0.0;0.0;2.0;0.0;0.0;0.0;0.0;0.0
12004020001;0.0;0.0;0.0;0.0;0.0;0.0;0.0;0.0;0.0;0.0;1.0;0.0;0.0;1.0;0.0;0.0;0.0;0.0
12005003001;0.0;0.0;0.0;1.0;0.0;0.0;0.0;0.0;0.0;0.0;1.0;0.0;1.0;0.0;0.0;0.0;0.0;0.0
12005003002;0.0;0.0;0.0;0.0;0.0;1.0;0.0;1.0;0.0;1.0;0.0;1.0;0.0;0.0;0.0;0.0;1.0;0.0
12005003003;0.0;1.0;0.0;0.0;0.0;0.0;1.0;0.0;0.0;1.0;0.0;0.0;0.0;0.0;0.0;0.0;1.0;0.0
12005003004;0.0;0.0;0.0;0.0;0.0;0.0;1.0;0.0;1.0;0.0;0.0;0.0;0.0;1.0;0.0;0.0;0.0;0.0
12005009007;0.0;0.0;0.0;0.0;0.0;0.0;0.0;1.0;0.0;0.0;0.0;0.0;1.0;0.0;0.0;0.0;0.0;0.0
12005015001;1.0;0.0;0.0;0.0;0.0;0.0;0.0;0.0;0.0;0.0;0.0;0.0;0.0;0.0;0.0;0.0;0.0;0.0
12005015003;0.0;0.0;0.0;0.0;0.0;0.0;0.0;0.0;0.0;0.0;0.0;0.0;0.0;0.0;0.0;0.0;1.0;0.0
12005015004;0.0;0.0;1.0;0.0;0.0;0.0;0.0;0.0;0.0;0.0;0.0;0.0;0.0;0.0;0.0;0.0;0.0;0.0
12005015006;0.0;0.0;0.0;0.0;0.0;0.0;0.0;0.0;0.0;0.0;1.0;0.0;0.0;0.0;0.0;0.0;0.0;0.0
12005015007;0.0;0.0;0.0;0.0;0.0;0.0;0.0;0.0;1.0;0.0;0.0;0.0;0.0;0.0;0.0;0.0;1.0;0.0
12005015008;0.0;0.0;1.0;0.0;0.0;0.0;0.0;0.0;0.0;0.0;0.0;0.0;0.0;0.0;0.0;0.0;0.0;0.0
12005015010;0.0;0.0;0.0;0.0;0.0;1.0;0.0;0.0;1.0;0.0;0.0;0.0;0.0;0.0;0.0;0.0;0.0;0.0
12005019001;0.0;0.0;0.0;0.0;0.0;0.0;0.0;0.0;0.0;0.0;0.0;0.0;0.0;0.0;0.0;1.0;1.0;0.0
12005019003;1.0;1.0;0.0;0.0;0.0;0.0;0.0;0.0;0.0;0.0;0.0;0.0;0.0;0.0;0.0;0.0;0.0;0.0
12005019005;0.0;0.0;0.0;0.0;0.0;0.0;0.0;0.0;0.0;0.0;0.0;0.0;0.0;1.0;0.0;0.0;0.0;0.0
12005019006;0.0;0.0;0.0;0.0;0.0;0.0;0.0;0.0;0.0;0.0;0.0;1.0;0.0;0.0;0.0;1.0;0.0;0.0
12005019008;0.0;0.0;1.0;0.0;0.0;0.0;0.0;0.0;0.0;0.0;0.0;0.0;1.0;0.0;0.0;0.0;0.0;0.0
12005056001;0.0;0.0;0.0;0.0;0.0;0.0;0.0;1.0;0.0;0.0;0.0;1.0;0.0;0.0;0.0;0.0;0.0;0.0
12005056002;0.0;0.0;0.0;0.0;0.0;0.0;0.0;1.0;0.0;0.0;0.0;0.0;0.0;0.0;0.0;0.0;1.0;0.0
12005056003;0.0;0.0;0.0;0.0;0.0;0.0;0.0;0.0;0.0;1.0;0.0;0.0;0.0;1.0;0.0;0.0;0.0;0.0
12005056004;0.0;1.0;0.0;1.0;0.0;0.0;0.0;1.0;0.0;0.0;0.0;1.0;0.0;0.0;0.0;0.0;0.0;0.0
12005072003;0.0;0.0;0.0;0.0;0.0;0.0;0.0;1.0;0.0;0.0;0.0;0.0;0.0;0.0;0.0;0.0;0.0;0.0
12005082002;0.0;0.0;0.0;0.0;0.0;0.0;0.0;0.0;0.0;0.0;0.0;0.0;0.0;1.0;0.0;0.0;0.0;0.0
12005082003;0.0;1.0;0.0;0.0;0.0;0.0;0.0;0.0;0.0;0.0;0.0;0.0;0.0;0.0;0.0;0.0;1.0;0.0
12005082006;0.0;0.0;0.0;0.0;0.0;0.0;0.0;0.0;0.0;0.0;0.0;0.0;0.0;0.0;0.0;0.0;1.0;0.0
12005082007;0.0;0.0;0.0;0.0;2.0;0.0;0.0;0.0;0.0;0.0;0.0;1.0;1.0;0.0;0.0;0.0;0.0;0.0
12005082008;0.0;0.0;0.0;0.0;0.0;0.0;0.0;0.0;0.0;0.0;0.0;1.0;0.0;0.0;0.0;0.0;0.0;0.0
12005082010;0.0;1.0;0.0;0.0;0.0;0.0;0.0;0.0;0.0;0.0;0.0;0.0;1.0;0.0;0.0;0.0;0.0;0.0
12005082011;0.0;0.0;0.0;0.0;0.0;0.0;0.0;0.0;0.0;0.0;0.0;0.0;0.0;1.0;0.0;0.0;1.0;0.0
12005083002;0.0;0.0;0.0;0.0;0.0;0.0;0.0;0.0;0.0;0.0;0.0;0.0;0.0;1.0;0.0;0.0;0.0;0.0
12005084001;0.0;0.0;0.0;0.0;0.0;0.0;0.0;0.0;0.0;0.0;1.0;0.0;0.0;0.0;0.0;0.0;0.0;0.0
12005084002;0.0;0.0;0.0;0.0;0.0;0.0;0.0;0.0;0.0;1.0;0.0;0.0;0.0;0.0;0.0;0.0;0.0;0.0
12005084004;0.0;1.0;0.0;0.0;0.0;0.0;0.0;1.0;0.0;0.0;1.0;1.0;0.0;0.0;0.0;0.0;0.0;0.0
12005084005;0.0;0.0;0.0;0.0;0.0;0.0;0.0;0.0;0.0;0.0;0.0;1.0;0.0;0.0;0.0;0.0;0.0;0.0
12005084006;0.0;0.0;0.0;0.0;0.0;0.0;0.0;0.0;0.0;0.0;0.0;1.0;0.0;0.0;0.0;0.0;0.0;0.0
12005084007;0.0;0.0;0.0;0.0;0.0;0.0;0.0;0.0;1.0;1.0;1.0;0.0;0.0;0.0;0.0;0.0;1.0;0.0
12005084008;0.0;0.0;0.0;0.0;0.0;0.0;0.0;0.0;0.0;0.0;0.0;0.0;0.0;0.0;0.0;0.0;2.0;0.0
12005084009;0.0;0.0;0.0;0.0;0.0;1.0;0.0;0.0;0.0;0.0;0.0;0.0;0.0;0.0;0.0;0.0;0.0;0.0
12005089004;0.0;0.0;0.0;0.0;0.0;0.0;0.0;0.0;0.0;0.0;0.0;0.0;0.0;0.0;1.0;0.0;0.0;0.0
12005093001;0.0;1.0;0.0;0.0;0.0;0.0;0.0;4.0;3.0;0.0;0.0;1.0;0.0;0.0;1.0;0.0;0.0;0.0
12005093002;0.0;0.0;0.0;0.0;0.0;0.0;0.0;0.0;0.0;0.0;0.0;0.0;0.0;1.0;0.0;0.0;0.0;0.0
12005093004;0.0;0.0;1.0;1.0;0.0;0.0;0.0;3.0;3.0;0.0;0.0;2.0;0.0;0.0;0.0;0.0;0.0;0.0
12005093005;0.0;0.0;0.0;0.0;0.0;0.0;0.0;1.0;2.0;0.0;1.0;1.0;0.0;0.0;1.0;0.0;0.0;0.0
12005093007;0.0;0.0;0.0;0.0;0.0;0.0;2.0;1.0;1.0;0.0;2.0;3.0;0.0;2.0;0.0;0.0;0.0;0.0
12005093008;0.0;0.0;0.0;1.0;1.0;0.0;0.0;1.0;0.0;1.0;0.0;1.0;0.0;3.0;0.0;1.0;0.0;0.0
12005107006;0.0;0.0;0.0;0.0;0.0;0.0;0.0;0.0;1.0;0.0;0.0;0.0;0.0;0.0;0.0;0.0;0.0;0.0
12005107007;0.0;0.0;0.0;0.0;0.0;0.0;0.0;0.0;0.0;1.0;0.0;0.0;0.0;0.0;0.0;0.0;0.0;0.0
12005108002;1.0;0.0;0.0;0.0;1.0;0.0;0.0;0.0;0.0;0.0;0.0;0.0;0.0;0.0;0.0;0.0;0.0;0.0
12005108003;0.0;0.0;0.0;0.0;0.0;0.0;0.0;0.0;0.0;0.0;0.0;1.0;0.0;0.0;0.0;0.0;0.0;0.0
12005109003;0.0;0.0;0.0;0.0;0.0;0.0;0.0;1.0;0.0;0.0;0.0;0.0;0.0;0.0;0.0;0.0;0.0;0.0
12006048001;0.0;0.0;0.0;0.0;0.0;0.0;0.0;0.0;0.0;0.0;0.0;0.0;0.0;0.0;1.0;0.0;0.0;0.0
12006067001;0.0;0.0;0.0;0.0;0.0;0.0;0.0;0.0;0.0;1.0;0.0;0.0;0.0;0.0;0.0;0.0;0.0;0.0
12006135001;0.0;0.0;0.0;0.0;0.0;0.0;0.0;1.0;0.0;0.0;0.0;0.0;0.0;0.0;0.0;0.0;0.0;0.0
12010001001;0.0;0.0;0.0;0.0;0.0;0.0;0.0;0.0;0.0;2.0;1.0;1.0;0.0;1.0;2.0;0.0;0.0;0.0
12010010001;5.0;3.0;1.0;0.0;0.0;0.0;0.0;0.0;0.0;0.0;0.0;0.0;0.0;0.0;0.0;0.0;0.0;0.0
12010013001;2.0;0.0;1.0;3.0;2.0;0.0;0.0;1.0;0.0;0.0;1.0;1.0;0.0;1.0;0.0;0.0;1.0;0.0
12010020001;0.0;2.0;3.0;1.0;0.0;1.0;0.0;1.0;3.0;0.0;3.0;0.0;2.0;2.0;0.0;2.0;3.0;0.0
12010022001;0.0;1.0;2.0;2.0;1.0;3.0;0.0;1.0;0.0;0.0;0.0;0.0;0.0;0.0;0.0;0.0;0.0;0.0
12010023002;0.0;1.0;2.0;2.0;3.0;0.0;2.0;0.0;1.0;1.0;1.0;4.0;2.0;2.0;3.0;1.0;1.0;0.0
12010034001;0.0;0.0;0.0;0.0;0.0;0.0;0.0;0.0;0.0;0.0;0.0;0.0;0.0;0.0;2.0;0.0;0.0;0.0
12010036001;0.0;0.0;1.0;0.0;0.0;0.0;2.0;1.0;1.0;2.0;0.0;0.0;1.0;0.0;2.0;0.0;1.0;0.0
12010037001;1.0;1.0;1.0;0.0;5.0;1.0;1.0;1.0;1.0;2.0;0.0;1.0;0.0;0.0;1.0;0.0;2.0;0.0
12010040001;0.0;1.0;0.0;1.0;0.0;0.0;0.0;1.0;0.0;1.0;0.0;0.0;1.0;0.0;0.0;0.0;0.0;0.0
12010041001;3.0;4.0;0.0;0.0;1.0;1.0;2.0;4.0;3.0;2.0;2.0;3.0;1.0;1.0;1.0;0.0;0.0;0.0
12010042001;2.0;1.0;4.0;0.0;0.0;1.0;1.0;1.0;0.0;0.0;1.0;2.0;1.0;1.0;1.0;0.0;1.0;0.0
12010049001;2.0;1.0;3.0;0.0;1.0;1.0;0.0;0.0;0.0;0.0;0.0;0.0;0.0;0.0;0.0;0.0;0.0;0.0
12010051001;1.0;0.0;0.0;0.0;0.0;0.0;0.0;0.0;0.0;0.0;0.0;0.0;0.0;0.0;0.0;0.0;0.0;0.0
12010052001;0.0;0.0;0.0;0.0;0.0;0.0;0.0;0.0;0.0;0.0;0.0;1.0;0.0;2.0;0.0;0.0;0.0;0.0
12010053001;0.0;0.0;0.0;0.0;0.0;0.0;1.0;0.0;2.0;0.0;1.0;0.0;0.0;0.0;1.0;0.0;3.0;0.0
12010054001;1.0;2.0;0.0;0.0;0.0;0.0;0.0;0.0;0.0;0.0;0.0;0.0;0.0;1.0;0.0;0.0;0.0;0.0
12010055001;0.0;0.0;0.0;0.0;1.0;1.0;0.0;0.0;0.0;1.0;1.0;0.0;0.0;1.0;1.0;0.0;0.0;0.0
12010059001;0.0;0.0;0.0;0.0;0.0;0.0;0.0;2.0;2.0;3.0;1.0;2.0;0.0;2.0;2.0;0.0;0.0;0.0
12010060001;0.0;0.0;0.0;0.0;0.0;0.0;0.0;0.0;0.0;0.0;0.0;0.0;0.0;0.0;0.0;0.0;2.0;0.0
12010065001;0.0;0.0;0.0;0.0;1.0;1.0;0.0;0.0;1.0;1.0;1.0;0.0;0.0;0.0;1.0;0.0;0.0;0.0
12010067001;0.0;0.0;1.0;0.0;1.0;0.0;0.0;0.0;1.0;1.0;1.0;0.0;0.0;0.0;1.0;0.0;0.0;0.0
12010068001;0.0;2.0;0.0;0.0;1.0;2.0;1.0;0.0;1.0;2.0;1.0;0.0;1.0;1.0;1.0;0.0;0.0;0.0
12010071001;0.0;0.0;0.0;0.0;0.0;0.0;0.0;0.0;0.0;0.0;0.0;0.0;0.0;1.0;3.0;0.0;3.0;0.0
12010074001;0.0;1.0;0.0;1.0;0.0;1.0;0.0;0.0;2.0;0.0;0.0;0.0;2.0;0.0;0.0;0.0;1.0;0.0
12010077001;0.0;2.0;1.0;0.0;1.0;1.0;0.0;0.0;0.0;0.0;1.0;0.0;1.0;0.0;1.0;0.0;0.0;0.0
12010079001;0.0;1.0;0.0;0.0;1.0;0.0;0.0;0.0;1.0;0.0;1.0;0.0;0.0;0.0;1.0;0.0;0.0;0.0
12010080001;2.0;0.0;1.0;0.0;2.0;0.0;1.0;2.0;1.0;1.0;1.0;2.0;1.0;1.0;4.0;0.0;3.0;0.0
12010084001;0.0;1.0;1.0;0.0;1.0;3.0;0.0;0.0;0.0;0.0;1.0;0.0;2.0;0.0;2.0;0.0;0.0;0.0
12010106001;0.0;0.0;1.0;0.0;0.0;1.0;0.0;0.0;1.0;0.0;0.0;0.0;1.0;1.0;1.0;0.0;0.0;0.0
12010107001;0.0;0.0;0.0;0.0;0.0;0.0;0.0;1.0;0.0;0.0;0.0;0.0;0.0;0.0;0.0;0.0;0.0;0.0
12010110001;4.0;3.0;3.0;2.0;3.0;4.0;3.0;3.0;2.0;3.0;3.0;2.0;0.0;4.0;4.0;3.0;4.0;0.0
12010113001;1.0;1.0;0.0;0.0;0.0;1.0;0.0;0.0;2.0;0.0;0.0;0.0;0.0;0.0;1.0;1.0;0.0;0.0
12010118001;0.0;0.0;0.0;0.0;0.0;0.0;1.0;0.0;0.0;0.0;0.0;0.0;1.0;1.0;1.0;0.0;0.0;0.0
12010119001;0.0;0.0;0.0;0.0;0.0;0.0;0.0;0.0;0.0;0.0;0.0;1.0;0.0;0.0;0.0;0.0;0.0;0.0
12010123001;2.0;0.0;0.0;0.0;0.0;0.0;0.0;0.0;0.0;1.0;0.0;0.0;0.0;0.0;0.0;0.0;0.0;0.0
12010124001;2.0;0.0;0.0;0.0;0.0;1.0;0.0;0.0;0.0;0.0;0.0;0.0;0.0;0.0;0.0;0.0;1.0;0.0
12010137001;4.0;1.0;3.0;12.0;7.0;1.0;1.0;1.0;2.0;1.0;1.0;0.0;1.0;1.0;4.0;0.0;2.0;0.0
12010144001;1.0;1.0;0.0;1.0;2.0;1.0;1.0;0.0;0.0;1.0;1.0;1.0;2.0;0.0;1.0;0.0;1.0;0.0
12010145001;0.0;1.0;2.0;0.0;0.0;2.0;0.0;0.0;0.0;0.0;1.0;0.0;0.0;0.0;0.0;0.0;0.0;0.0
12010149001;0.0;0.0;0.0;0.0;0.0;0.0;0.0;0.0;0.0;0.0;0.0;0.0;1.0;0.0;0.0;0.0;0.0;0.0
12010153001;0.0;0.0;0.0;0.0;1.0;1.0;0.0;0.0;0.0;0.0;0.0;0.0;1.0;0.0;0.0;0.0;0.0;0.0
12010156001;0.0;0.0;0.0;0.0;0.0;0.0;0.0;0.0;0.0;0.0;0.0;0.0;1.0;0.0;0.0;0.0;0.0;0.0
12010161001;0.0;0.0;0.0;0.0;0.0;0.0;0.0;0.0;1.0;1.0;0.0;0.0;0.0;0.0;0.0;0.0;0.0;0.0
12010163001;0.0;1.0;0.0;0.0;0.0;1.0;0.0;0.0;0.0;1.0;1.0;2.0;0.0;1.0;0.0;0.0;0.0;0.0
12010171001;0.0;0.0;0.0;0.0;1.0;0.0;0.0;0.0;0.0;0.0;0.0;1.0;0.0;1.0;1.0;0.0;0.0;0.0
12010172001;0.0;0.0;0.0;0.0;0.0;0.0;0.0;1.0;0.0;1.0;0.0;0.0;1.0;0.0;0.0;1.0;0.0;0.0
12010173001;0.0;0.0;0.0;0.0;1.0;1.0;0.0;0.0;1.0;1.0;0.0;1.0;0.0;0.0;0.0;0.0;0.0;0.0
12010175001;0.0;0.0;0.0;0.0;0.0;0.0;0.0;0.0;0.0;0.0;0.0;0.0;1.0;0.0;0.0;0.0;0.0;0.0
12010176001;0.0;0.0;0.0;0.0;0.0;0.0;0.0;0.0;0.0;0.0;0.0;0.0;0.0;1.0;0.0;0.0;0.0;0.0
12010180001;0.0;0.0;0.0;0.0;0.0;1.0;0.0;0.0;0.0;0.0;0.0;0.0;0.0;0.0;0.0;0.0;0.0;0.0
12010192001;0.0;0.0;1.0;1.0;0.0;2.0;0.0;1.0;1.0;1.0;1.0;1.0;1.0;2.0;3.0;0.0;0.0;0.0
12010193001;0.0;0.0;0.0;0.0;0.0;0.0;0.0;0.0;0.0;0.0;0.0;0.0;1.0;0.0;0.0;0.0;0.0;0.0
12010198001;2.0;2.0;0.0;1.0;1.0;2.0;0.0;0.0;1.0;0.0;2.0;1.0;1.0;0.0;1.0;0.0;0.0;0.0
12010200001;0.0;0.0;0.0;0.0;0.0;1.0;0.0;0.0;0.0;0.0;0.0;0.0;0.0;0.0;0.0;0.0;0.0;0.0
12010206001;0.0;0.0;0.0;0.0;0.0;0.0;0.0;0.0;0.0;0.0;0.0;0.0;1.0;0.0;0.0;0.0;0.0;0.0
12010214001;0.0;0.0;0.0;0.0;0.0;0.0;0.0;0.0;0.0;0.0;0.0;1.0;0.0;0.0;0.0;0.0;0.0;0.0
12010234001;3.0;1.0;1.0;2.0;3.0;0.0;1.0;2.0;5.0;2.0;4.0;0.0;1.0;0.0;7.0;0.0;2.0;0.0
12010263001;1.0;0.0;0.0;0.0;0.0;0.0;0.0;0.0;0.0;1.0;0.0;0.0;0.0;0.0;0.0;0.0;0.0;0.0
12011003001;0.0;0.0;0.0;1.0;3.0;1.0;0.0;0.0;0.0;2.0;0.0;0.0;0.0;0.0;0.0;0.0;1.0;0.0
12011005001;0.0;0.0;0.0;0.0;1.0;0.0;0.0;0.0;0.0;0.0;0.0;2.0;0.0;3.0;0.0;1.0;0.0;0.0
12011018001;1.0;1.0;0.0;1.0;1.0;0.0;1.0;2.0;0.0;0.0;0.0;0.0;1.0;0.0;0.0;0.0;0.0;0.0
12011022001;1.0;0.0;0.0;0.0;3.0;1.0;0.0;1.0;1.0;1.0;0.0;1.0;0.0;0.0;2.0;0.0;1.0;0.0
12011033001;0.0;0.0;0.0;0.0;1.0;2.0;1.0;4.0;2.0;9.0;4.0;4.0;5.0;7.0;3.0;1.0;1.0;0.0
12011034001;0.0;0.0;0.0;0.0;0.0;0.0;1.0;0.0;0.0;1.0;0.0;0.0;0.0;0.0;0.0;0.0;0.0;0.0
12011038001;1.0;0.0;0.0;0.0;0.0;0.0;0.0;0.0;0.0;0.0;0.0;0.0;0.0;0.0;0.0;0.0;0.0;0.0
12011042001;0.0;1.0;0.0;1.0;0.0;1.0;1.0;1.0;0.0;0.0;0.0;0.0;0.0;1.0;2.0;1.0;0.0;0.0
12011047001;0.0;1.0;0.0;0.0;0.0;0.0;0.0;0.0;0.0;0.0;0.0;0.0;0.0;0.0;0.0;0.0;0.0;0.0
12011050001;0.0;1.0;0.0;0.0;0.0;0.0;0.0;0.0;0.0;0.0;0.0;0.0;0.0;0.0;0.0;0.0;1.0;0.0
12011051001;0.0;0.0;1.0;0.0;0.0;1.0;0.0;0.0;0.0;2.0;0.0;0.0;0.0;1.0;0.0;0.0;0.0;0.0
12011056001;2.0;0.0;3.0;1.0;0.0;0.0;0.0;1.0;0.0;0.0;0.0;3.0;0.0;0.0;0.0;0.0;0.0;0.0
12011060001;1.0;0.0;1.0;0.0;0.0;0.0;0.0;0.0;0.0;0.0;0.0;0.0;0.0;2.0;0.0;0.0;0.0;0.0
12011061001;0.0;0.0;0.0;0.0;0.0;1.0;0.0;0.0;0.0;0.0;0.0;0.0;0.0;0.0;0.0;0.0;0.0;0.0
12011062001;0.0;0.0;1.0;1.0;0.0;1.0;0.0;0.0;0.0;1.0;0.0;0.0;0.0;1.0;1.0;1.0;0.0;0.0
12011065001;1.0;0.0;1.0;3.0;2.0;1.0;0.0;0.0;0.0;0.0;0.0;2.0;3.0;1.0;0.0;2.0;1.0;0.0
12011068001;1.0;0.0;0.0;0.0;0.0;0.0;0.0;0.0;2.0;1.0;1.0;0.0;2.0;1.0;0.0;0.0;0.0;0.0
12011069001;0.0;0.0;0.0;1.0;2.0;1.0;1.0;0.0;1.0;1.0;1.0;0.0;0.0;1.0;0.0;0.0;0.0;0.0
12011074001;0.0;0.0;0.0;0.0;0.0;0.0;0.0;1.0;0.0;1.0;0.0;0.0;0.0;0.0;0.0;0.0;1.0;0.0
12011075001;2.0;4.0;3.0;3.0;1.0;3.0;0.0;0.0;1.0;5.0;3.0;2.0;2.0;1.0;1.0;0.0;1.0;0.0
12011084001;3.0;0.0;0.0;0.0;0.0;0.0;0.0;0.0;1.0;0.0;1.0;0.0;1.0;1.0;1.0;0.0;0.0;0.0
12011085001;5.0;1.0;1.0;1.0;1.0;2.0;0.0;1.0;1.0;1.0;1.0;1.0;1.0;3.0;1.0;0.0;0.0;0.0
12011088001;0.0;0.0;0.0;0.0;0.0;1.0;0.0;0.0;0.0;0.0;0.0;1.0;0.0;0.0;0.0;0.0;0.0;0.0
12011096001;1.0;0.0;0.0;0.0;1.0;0.0;0.0;0.0;0.0;0.0;0.0;0.0;0.0;0.0;0.0;0.0;0.0;0.0
12011100001;1.0;0.0;1.0;0.0;0.0;0.0;0.0;0.0;0.0;0.0;0.0;0.0;0.0;0.0;0.0;0.0;0.0;0.0
12011102001;0.0;0.0;0.0;0.0;2.0;2.0;0.0;1.0;0.0;0.0;0.0;0.0;1.0;1.0;1.0;0.0;0.0;0.0
12011103001;0.0;0.0;0.0;0.0;0.0;0.0;0.0;0.0;0.0;0.0;0.0;0.0;1.0;0.0;0.0;0.0;0.0;0.0
12011109001;4.0;0.0;2.0;0.0;3.0;1.0;0.0;1.0;0.0;0.0;1.0;1.0;0.0;1.0;0.0;1.0;0.0;0.0
12011111001;0.0;0.0;1.0;0.0;0.0;0.0;0.0;0.0;0.0;0.0;0.0;0.0;1.0;0.0;0.0;0.0;1.0;0.0
12011117001;0.0;0.0;0.0;0.0;0.0;0.0;0.0;2.0;0.0;0.0;0.0;0.0;0.0;2.0;0.0;0.0;0.0;0.0
12011118001;0.0;0.0;0.0;0.0;0.0;0.0;0.0;0.0;0.0;0.0;0.0;0.0;1.0;0.0;0.0;0.0;1.0;0.0
12011120001;0.0;0.0;0.0;0.0;1.0;0.0;0.0;0.0;0.0;0.0;1.0;0.0;0.0;0.0;0.0;0.0;0.0;0.0
12011131001;0.0;0.0;0.0;0.0;0.0;0.0;0.0;0.0;0.0;0.0;0.0;0.0;0.0;1.0;0.0;0.0;0.0;0.0
12011133001;0.0;0.0;0.0;0.0;0.0;0.0;0.0;0.0;0.0;0.0;0.0;0.0;1.0;0.0;0.0;0.0;0.0;0.0
12011134001;0.0;0.0;0.0;0.0;0.0;0.0;0.0;0.0;0.0;0.0;0.0;0.0;0.0;0.0;0.0;0.0;1.0;0.0
12011136001;0.0;1.0;0.0;0.0;0.0;2.0;0.0;0.0;2.0;1.0;0.0;0.0;1.0;2.0;1.0;0.0;0.0;0.0
12011139001;0.0;0.0;0.0;0.0;0.0;0.0;1.0;0.0;0.0;0.0;0.0;0.0;0.0;1.0;0.0;0.0;0.0;0.0
12011142001;0.0;0.0;0.0;0.0;0.0;0.0;0.0;0.0;0.0;0.0;0.0;1.0;0.0;0.0;0.0;0.0;0.0;0.0
12011144001;0.0;0.0;0.0;0.0;0.0;0.0;0.0;0.0;0.0;0.0;1.0;1.0;0.0;0.0;3.0;1.0;1.0;0.0
12011150001;1.0;0.0;0.0;0.0;1.0;0.0;0.0;0.0;0.0;0.0;0.0;1.0;0.0;1.0;1.0;0.0;0.0;0.0
12011152001;0.0;0.0;0.0;1.0;0.0;0.0;0.0;0.0;0.0;0.0;0.0;0.0;0.0;1.0;0.0;0.0;0.0;0.0
12011153001;0.0;0.0;1.0;0.0;0.0;0.0;0.0;0.0;0.0;0.0;0.0;0.0;0.0;0.0;1.0;0.0;0.0;0.0
12011158002;0.0;0.0;0.0;0.0;1.0;0.0;0.0;0.0;0.0;0.0;0.0;1.0;1.0;2.0;0.0;1.0;0.0;0.0
12011163001;4.0;1.0;0.0;0.0;1.0;0.0;0.0;0.0;0.0;0.0;0.0;0.0;0.0;1.0;0.0;0.0;0.0;0.0
12011168001;0.0;0.0;0.0;0.0;1.0;2.0;1.0;0.0;3.0;1.0;5.0;5.0;3.0;5.0;4.0;1.0;1.0;0.0
12011169001;0.0;0.0;0.0;0.0;0.0;0.0;0.0;0.0;0.0;1.0;0.0;4.0;0.0;1.0;1.0;0.0;2.0;0.0
12011171001;2.0;0.0;0.0;0.0;0.0;0.0;0.0;0.0;0.0;0.0;0.0;1.0;0.0;0.0;0.0;0.0;0.0;0.0
12011172001;0.0;0.0;2.0;0.0;0.0;0.0;0.0;2.0;0.0;1.0;1.0;0.0;0.0;0.0;0.0;0.0;0.0;0.0
12011173001;0.0;1.0;0.0;0.0;0.0;0.0;0.0;0.0;0.0;0.0;0.0;0.0;0.0;0.0;0.0;0.0;0.0;0.0
12011174001;1.0;0.0;0.0;0.0;0.0;0.0;0.0;0.0;0.0;0.0;0.0;0.0;0.0;0.0;0.0;0.0;0.0;0.0
12011178001;0.0;0.0;0.0;0.0;0.0;0.0;0.0;1.0;0.0;0.0;0.0;0.0;0.0;0.0;1.0;0.0;0.0;0.0
12011179001;0.0;0.0;1.0;0.0;0.0;0.0;0.0;0.0;0.0;0.0;0.0;1.0;1.0;0.0;0.0;0.0;0.0;0.0
12011182001;0.0;0.0;0.0;1.0;0.0;0.0;0.0;0.0;0.0;0.0;0.0;0.0;0.0;0.0;1.0;0.0;0.0;0.0
12011184001;0.0;0.0;0.0;0.0;0.0;1.0;0.0;0.0;2.0;0.0;0.0;0.0;0.0;1.0;1.0;0.0;1.0;0.0
12011186001;0.0;0.0;0.0;0.0;0.0;1.0;0.0;0.0;0.0;1.0;0.0;0.0;0.0;0.0;0.0;0.0;0.0;0.0
12011189001;2.0;1.0;1.0;0.0;0.0;1.0;0.0;1.0;0.0;0.0;1.0;1.0;1.0;0.0;0.0;1.0;1.0;0.0
12011196001;0.0;0.0;0.0;0.0;0.0;1.0;0.0;0.0;0.0;2.0;0.0;0.0;0.0;1.0;0.0;0.0;0.0;0.0
12011199001;2.0;1.0;0.0;1.0;2.0;2.0;3.0;1.0;0.0;0.0;0.0;0.0;0.0;2.0;0.0;2.0;1.0;0.0
12011204001;0.0;0.0;0.0;0.0;0.0;0.0;0.0;0.0;0.0;0.0;0.0;0.0;0.0;0.0;0.0;0.0;1.0;0.0
12011210001;3.0;1.0;1.0;1.0;0.0;1.0;0.0;0.0;0.0;0.0;1.0;0.0;0.0;0.0;0.0;0.0;0.0;0.0
12011213001;0.0;0.0;0.0;0.0;0.0;0.0;0.0;2.0;0.0;0.0;0.0;0.0;0.0;0.0;1.0;0.0;1.0;0.0
12011215001;1.0;0.0;2.0;0.0;0.0;0.0;1.0;1.0;2.0;0.0;1.0;0.0;0.0;0.0;0.0;0.0;0.0;0.0
12011216001;0.0;0.0;0.0;0.0;0.0;0.0;0.0;0.0;0.0;0.0;0.0;0.0;0.0;0.0;0.0;0.0;1.0;0.0
12011220001;0.0;0.0;0.0;0.0;0.0;0.0;0.0;0.0;0.0;0.0;1.0;0.0;1.0;0.0;0.0;0.0;0.0;0.0
12011221001;0.0;0.0;0.0;0.0;0.0;0.0;0.0;0.0;0.0;1.0;0.0;1.0;0.0;2.0;0.0;0.0;1.0;0.0
12011226001;0.0;0.0;0.0;0.0;1.0;0.0;0.0;0.0;0.0;0.0;1.0;0.0;0.0;0.0;0.0;0.0;0.0;0.0
12011230001;0.0;0.0;0.0;1.0;0.0;0.0;2.0;0.0;1.0;0.0;0.0;1.0;1.0;0.0;1.0;1.0;0.0;0.0
12011231001;0.0;0.0;0.0;0.0;0.0;0.0;0.0;0.0;0.0;1.0;0.0;0.0;0.0;0.0;0.0;0.0;1.0;0.0
12011235001;1.0;1.0;0.0;0.0;0.0;0.0;0.0;1.0;0.0;0.0;0.0;0.0;1.0;0.0;0.0;0.0;0.0;0.0
12011237001;1.0;1.0;0.0;2.0;2.0;4.0;1.0;0.0;0.0;1.0;0.0;0.0;2.0;0.0;0.0;1.0;1.0;0.0
12011243001;0.0;0.0;0.0;0.0;0.0;1.0;1.0;0.0;0.0;1.0;0.0;1.0;0.0;0.0;0.0;0.0;0.0;0.0
12011244001;2.0;2.0;0.0;1.0;0.0;0.0;0.0;0.0;1.0;0.0;0.0;1.0;0.0;0.0;1.0;1.0;0.0;0.0
12011247001;1.0;0.0;0.0;0.0;0.0;0.0;0.0;0.0;0.0;0.0;1.0;0.0;0.0;0.0;0.0;0.0;0.0;0.0
12011251001;0.0;1.0;0.0;0.0;1.0;0.0;0.0;0.0;0.0;0.0;0.0;0.0;1.0;0.0;0.0;0.0;1.0;0.0
12011252001;1.0;0.0;1.0;0.0;2.0;0.0;0.0;0.0;2.0;1.0;1.0;2.0;0.0;1.0;0.0;1.0;0.0;0.0
12011254001;3.0;0.0;1.0;0.0;1.0;2.0;0.0;1.0;1.0;0.0;1.0;1.0;2.0;1.0;3.0;0.0;0.0;0.0
12011255001;1.0;0.0;1.0;1.0;1.0;1.0;0.0;0.0;1.0;1.0;1.0;0.0;1.0;1.0;1.0;0.0;0.0;0.0
12011257001;0.0;0.0;0.0;0.0;2.0;0.0;0.0;0.0;1.0;0.0;0.0;1.0;1.0;0.0;0.0;1.0;0.0;0.0
12011262001;0.0;1.0;1.0;0.0;0.0;1.0;1.0;0.0;1.0;0.0;0.0;0.0;0.0;0.0;0.0;0.0;0.0;0.0
12011263001;0.0;0.0;0.0;0.0;0.0;0.0;0.0;0.0;0.0;0.0;1.0;1.0;0.0;2.0;0.0;0.0;0.0;0.0
12011264001;0.0;0.0;0.0;0.0;0.0;0.0;0.0;0.0;0.0;0.0;0.0;0.0;1.0;1.0;1.0;1.0;0.0;0.0
12011265001;0.0;0.0;0.0;0.0;0.0;0.0;0.0;0.0;0.0;0.0;0.0;0.0;0.0;0.0;0.0;0.0;1.0;0.0
12011267001;0.0;0.0;1.0;0.0;0.0;0.0;0.0;1.0;0.0;1.0;0.0;0.0;0.0;0.0;0.0;0.0;0.0;0.0
12011268001;1.0;0.0;0.0;1.0;3.0;0.0;1.0;1.0;0.0;1.0;0.0;2.0;1.0;0.0;2.0;0.0;0.0;0.0
12011275001;0.0;0.0;0.0;0.0;0.0;3.0;0.0;0.0;0.0;1.0;0.0;0.0;0.0;0.0;0.0;0.0;0.0;0.0
12011276001;0.0;0.0;0.0;1.0;0.0;0.0;0.0;0.0;0.0;0.0;1.0;0.0;1.0;0.0;0.0;0.0;0.0;0.0
12011277001;5.0;2.0;2.0;3.0;4.0;3.0;1.0;2.0;2.0;0.0;2.0;1.0;0.0;1.0;2.0;0.0;0.0;0.0
12011291001;0.0;0.0;0.0;0.0;0.0;0.0;1.0;1.0;0.0;0.0;0.0;0.0;1.0;0.0;1.0;1.0;0.0;0.0
12011299001;2.0;0.0;0.0;0.0;0.0;0.0;0.0;0.0;0.0;1.0;0.0;1.0;1.0;2.0;2.0;0.0;3.0;0.0
12011304001;1.0;0.0;0.0;0.0;1.0;0.0;0.0;0.0;0.0;0.0;0.0;0.0;0.0;2.0;0.0;0.0;1.0;0.0
12011308001;0.0;0.0;0.0;1.0;0.0;1.0;0.0;0.0;0.0;0.0;0.0;1.0;0.0;1.0;0.0;0.0;0.0;0.0
12011310001;0.0;0.0;0.0;0.0;0.0;1.0;0.0;0.0;1.0;0.0;0.0;0.0;0.0;1.0;1.0;0.0;0.0;0.0
12011329001;0.0;0.0;0.0;0.0;0.0;0.0;1.0;0.0;1.0;1.0;0.0;0.0;0.0;0.0;0.0;0.0;0.0;0.0
12011333001;0.0;0.0;1.0;1.0;0.0;0.0;1.0;0.0;0.0;1.0;0.0;0.0;1.0;2.0;1.0;1.0;1.0;0.0
12011334001;2.0;1.0;0.0;2.0;0.0;0.0;0.0;0.0;1.0;0.0;0.0;2.0;0.0;2.0;0.0;0.0;0.0;0.0
12011337001;0.0;0.0;0.0;0.0;0.0;0.0;0.0;0.0;0.0;0.0;0.0;0.0;0.0;0.0;0.0;1.0;0.0;0.0
12011339001;0.0;0.0;0.0;0.0;0.0;0.0;0.0;0.0;0.0;0.0;0.0;0.0;0.0;0.0;0.0;0.0;1.0;0.0
12011342001;0.0;0.0;1.0;0.0;0.0;0.0;0.0;0.0;0.0;0.0;0.0;0.0;0.0;0.0;0.0;0.0;0.0;0.0
12011345001;0.0;0.0;0.0;0.0;1.0;0.0;0.0;0.0;0.0;0.0;0.0;0.0;0.0;0.0;0.0;0.0;1.0;0.0
12011347001;0.0;1.0;0.0;0.0;0.0;0.0;0.0;0.0;1.0;0.0;0.0;0.0;1.0;1.0;0.0;0.0;1.0;0.0
12011349001;0.0;0.0;1.0;1.0;0.0;1.0;0.0;0.0;1.0;0.0;0.0;2.0;0.0;0.0;1.0;0.0;1.0;0.0
12011351001;0.0;0.0;0.0;0.0;1.0;0.0;0.0;0.0;0.0;1.0;0.0;0.0;0.0;0.0;0.0;0.0;0.0;0.0
12011354001;2.0;0.0;0.0;2.0;0.0;0.0;1.0;0.0;0.0;1.0;0.0;0.0;0.0;1.0;1.0;0.0;1.0;0.0
12011355001;1.0;0.0;0.0;0.0;0.0;0.0;0.0;0.0;0.0;0.0;0.0;0.0;0.0;1.0;0.0;0.0;0.0;0.0
12011357001;0.0;0.0;0.0;0.0;0.0;0.0;0.0;1.0;0.0;0.0;0.0;0.0;0.0;0.0;0.0;0.0;0.0;0.0
12011358001;0.0;0.0;0.0;0.0;0.0;0.0;0.0;0.0;0.0;1.0;0.0;0.0;0.0;0.0;0.0;0.0;0.0;0.0
12011360001;0.0;0.0;0.0;0.0;0.0;0.0;0.0;0.0;0.0;0.0;0.0;1.0;0.0;0.0;0.0;0.0;0.0;0.0
12011362001;0.0;0.0;0.0;0.0;0.0;0.0;0.0;1.0;0.0;0.0;0.0;0.0;0.0;0.0;0.0;0.0;1.0;0.0
12011367001;0.0;0.0;0.0;0.0;1.0;0.0;0.0;0.0;0.0;0.0;0.0;1.0;0.0;0.0;1.0;0.0;0.0;0.0
12011373001;0.0;0.0;1.0;0.0;0.0;0.0;0.0;0.0;0.0;1.0;0.0;1.0;0.0;0.0;0.0;0.0;0.0;0.0
12011374001;0.0;0.0;0.0;0.0;0.0;0.0;0.0;0.0;1.0;1.0;0.0;2.0;1.0;0.0;1.0;0.0;1.0;0.0
12011376001;0.0;0.0;0.0;0.0;1.0;1.0;0.0;0.0;0.0;0.0;0.0;0.0;1.0;0.0;0.0;0.0;0.0;0.0
12011386001;0.0;0.0;0.0;0.0;0.0;1.0;0.0;0.0;0.0;0.0;0.0;0.0;0.0;0.0;0.0;0.0;0.0;0.0
12011398001;0.0;0.0;1.0;0.0;0.0;1.0;0.0;0.0;0.0;0.0;0.0;1.0;0.0;1.0;1.0;0.0;0.0;0.0
12011400001;2.0;0.0;1.0;0.0;2.0;0.0;1.0;1.0;1.0;2.0;2.0;0.0;0.0;2.0;2.0;1.0;1.0;0.0
12011402001;1.0;0.0;0.0;0.0;0.0;0.0;0.0;0.0;1.0;0.0;0.0;0.0;0.0;0.0;1.0;0.0;0.0;0.0
12011403001;0.0;0.0;0.0;0.0;2.0;0.0;0.0;0.0;0.0;1.0;1.0;0.0;0.0;0.0;0.0;0.0;0.0;0.0
12011409001;1.0;0.0;1.0;0.0;0.0;0.0;0.0;2.0;0.0;2.0;1.0;0.0;1.0;1.0;1.0;0.0;0.0;0.0
12011417001;0.0;0.0;0.0;0.0;0.0;0.0;0.0;0.0;1.0;0.0;0.0;0.0;0.0;0.0;0.0;0.0;0.0;0.0
12011433001;0.0;0.0;0.0;0.0;0.0;0.0;0.0;0.0;0.0;0.0;0.0;0.0;0.0;0.0;0.0;0.0;1.0;0.0
12011439001;0.0;0.0;0.0;0.0;0.0;0.0;1.0;0.0;0.0;1.0;0.0;0.0;0.0;1.0;0.0;0.0;0.0;0.0
12011451001;0.0;0.0;1.0;1.0;0.0;0.0;0.0;0.0;0.0;0.0;0.0;0.0;0.0;0.0;0.0;0.0;0.0;0.0
12011466001;1.0;0.0;0.0;0.0;0.0;0.0;0.0;0.0;1.0;0.0;0.0;0.0;0.0;0.0;0.0;0.0;0.0;0.0
12011473001;3.0;0.0;0.0;0.0;0.0;0.0;0.0;0.0;1.0;1.0;1.0;2.0;2.0;0.0;1.0;1.0;0.0;0.0
12011477001;0.0;0.0;0.0;1.0;0.0;0.0;0.0;0.0;1.0;0.0;1.0;0.0;0.0;0.0;0.0;0.0;0.0;0.0
12011479001;0.0;0.0;0.0;0.0;0.0;0.0;0.0;0.0;0.0;0.0;0.0;0.0;0.0;0.0;0.0;1.0;0.0;0.0
12011489001;0.0;0.0;0.0;1.0;1.0;0.0;0.0;0.0;0.0;0.0;0.0;0.0;0.0;0.0;0.0;0.0;0.0;0.0
12011999001;0.0;0.0;0.0;0.0;0.0;0.0;0.0;0.0;1.0;0.0;0.0;0.0;0.0;0.0;1.0;0.0;0.0;0.0
12012012001;0.0;0.0;0.0;0.0;0.0;0.0;1.0;0.0;0.0;0.0;0.0;0.0;0.0;0.0;0.0;0.0;0.0;0.0
12012022001;0.0;0.0;0.0;0.0;0.0;0.0;1.0;1.0;0.0;1.0;0.0;0.0;1.0;0.0;0.0;0.0;1.0;0.0
12012045001;0.0;0.0;0.0;0.0;0.0;0.0;0.0;0.0;0.0;2.0;1.0;0.0;0.0;0.0;0.0;0.0;0.0;0.0
12012072001;1.0;1.0;0.0;0.0;0.0;0.0;0.0;0.0;0.0;0.0;0.0;0.0;0.0;0.0;0.0;0.0;0.0;0.0
12012098001;0.0;1.0;0.0;1.0;0.0;0.0;0.0;0.0;0.0;0.0;0.0;0.0;0.0;1.0;0.0;0.0;0.0;0.0
12012118001;0.0;0.0;0.0;0.0;0.0;0.0;0.0;0.0;0.0;1.0;0.0;0.0;0.0;0.0;0.0;0.0;0.0;0.0
12012120001;0.0;0.0;1.0;0.0;0.0;0.0;0.0;0.0;0.0;2.0;0.0;0.0;0.0;0.0;0.0;0.0;0.0;0.0
12012164001;0.0;0.0;0.0;0.0;0.0;1.0;0.0;1.0;0.0;0.0;0.0;0.0;0.0;1.0;3.0;0.0;0.0;0.0
12012165001;0.0;0.0;0.0;0.0;0.0;0.0;0.0;0.0;1.0;0.0;0.0;0.0;0.0;0.0;0.0;0.0;0.0;0.0
12012169001;0.0;0.0;0.0;0.0;0.0;0.0;0.0;0.0;0.0;0.0;0.0;0.0;0.0;0.0;1.0;1.0;0.0;0.0
12012170001;0.0;0.0;0.0;0.0;0.0;0.0;0.0;0.0;0.0;0.0;0.0;0.0;0.0;0.0;0.0;1.0;0.0;0.0
12012171001;0.0;0.0;0.0;0.0;0.0;0.0;0.0;0.0;0.0;0.0;0.0;0.0;0.0;1.0;0.0;0.0;0.0;0.0
12012196001;1.0;2.0;0.0;0.0;0.0;0.0;0.0;0.0;0.0;0.0;0.0;0.0;1.0;0.0;0.0;0.0;0.0;0.0
12012928001;0.0;0.0;0.0;0.0;0.0;0.0;0.0;1.0;0.0;0.0;0.0;0.0;0.0;1.0;0.0;0.0;0.0;0.0
12012969001;0.0;0.0;0.0;0.0;0.0;0.0;0.0;0.0;0.0;0.0;1.0;0.0;0.0;1.0;0.0;0.0;0.0;0.0
12012984001;0.0;0.0;0.0;0.0;0.0;0.0;0.0;0.0;0.0;0.0;0.0;1.0;0.0;0.0;1.0;0.0;0.0;0.0
12014004001;0.0;1.0;0.0;1.0;0.0;0.0;0.0;0.0;0.0;0.0;0.0;0.0;0.0;1.0;0.0;1.0;0.0;0.0
12014022001;0.0;0.0;0.0;0.0;0.0;0.0;0.0;0.0;0.0;0.0;0.0;0.0;0.0;1.0;0.0;0.0;0.0;0.0
12014035001;0.0;0.0;1.0;0.0;0.0;0.0;0.0;1.0;0.0;1.0;1.0;0.0;0.0;0.0;0.0;0.0;0.0;0.0
12016005001;1.0;0.0;0.0;0.0;0.0;0.0;0.0;1.0;0.0;0.0;0.0;0.0;0.0;0.0;0.0;0.0;0.0;0.0
12016077001;0.0;0.0;0.0;0.0;0.0;0.0;1.0;0.0;1.0;0.0;1.0;0.0;0.0;0.0;0.0;1.0;0.0;0.0
12016078001;0.0;1.0;0.0;0.0;0.0;0.0;0.0;0.0;0.0;0.0;0.0;1.0;0.0;0.0;0.0;0.0;0.0;0.0
12016079001;0.0;0.0;1.0;0.0;1.0;1.0;0.0;0.0;0.0;0.0;0.0;0.0;0.0;0.0;0.0;0.0;0.0;0.0
12016099001;0.0;0.0;0.0;0.0;0.0;0.0;0.0;1.0;1.0;0.0;0.0;0.0;0.0;0.0;0.0;1.0;0.0;0.0
12016106001;0.0;0.0;0.0;0.0;0.0;0.0;0.0;0.0;0.0;0.0;0.0;1.0;0.0;0.0;0.0;0.0;0.0;0.0
12016111001;0.0;1.0;1.0;0.0;0.0;0.0;0.0;0.0;0.0;0.0;0.0;1.0;0.0;2.0;0.0;0.0;0.0;0.0
12016114001;0.0;0.0;0.0;0.0;0.0;0.0;0.0;0.0;0.0;0.0;0.0;1.0;0.0;0.0;0.0;0.0;0.0;0.0
12016139001;0.0;0.0;0.0;0.0;0.0;0.0;0.0;0.0;0.0;0.0;0.0;0.0;0.0;0.0;0.0;1.0;0.0;0.0
12017009001;0.0;0.0;1.0;0.0;0.0;0.0;1.0;0.0;0.0;0.0;0.0;0.0;0.0;1.0;0.0;0.0;1.0;0.0
12017016001;1.0;0.0;1.0;0.0;0.0;0.0;0.0;0.0;0.0;1.0;0.0;0.0;0.0;0.0;0.0;0.0;0.0;0.0
12017017001;0.0;0.0;0.0;0.0;0.0;0.0;0.0;0.0;0.0;0.0;0.0;0.0;0.0;1.0;0.0;0.0;0.0;0.0
12017018001;0.0;0.0;0.0;0.0;0.0;0.0;0.0;0.0;0.0;0.0;0.0;0.0;0.0;1.0;0.0;0.0;0.0;0.0
12017019001;1.0;0.0;1.0;0.0;0.0;1.0;0.0;0.0;0.0;0.0;0.0;0.0;0.0;0.0;0.0;0.0;0.0;0.0
12017040001;1.0;0.0;0.0;0.0;0.0;0.0;0.0;1.0;0.0;0.0;1.0;0.0;0.0;0.0;0.0;0.0;0.0;0.0
12020003001;0.0;0.0;0.0;0.0;0.0;2.0;0.0;0.0;1.0;0.0;0.0;0.0;0.0;0.0;1.0;0.0;1.0;0.0
12020005003;0.0;0.0;0.0;0.0;0.0;0.0;0.0;0.0;0.0;0.0;0.0;0.0;0.0;1.0;0.0;0.0;0.0;0.0
12020008001;0.0;0.0;0.0;0.0;0.0;0.0;0.0;0.0;0.0;1.0;0.0;0.0;0.0;0.0;0.0;0.0;0.0;0.0
12020020001;1.0;0.0;0.0;0.0;0.0;0.0;0.0;2.0;0.0;0.0;0.0;0.0;0.0;0.0;0.0;0.0;0.0;0.0
12020021001;1.0;0.0;0.0;0.0;0.0;0.0;0.0;0.0;0.0;0.0;0.0;0.0;0.0;0.0;0.0;0.0;0.0;0.0
12020026001;0.0;1.0;0.0;0.0;0.0;0.0;0.0;1.0;0.0;0.0;0.0;0.0;0.0;0.0;0.0;0.0;0.0;0.0
12020028001;0.0;1.0;2.0;1.0;0.0;0.0;0.0;1.0;1.0;1.0;0.0;1.0;1.0;0.0;1.0;1.0;0.0;0.0
12020035001;1.0;0.0;0.0;0.0;0.0;0.0;1.0;0.0;1.0;0.0;1.0;1.0;1.0;0.0;0.0;0.0;1.0;0.0
12020036001;0.0;1.0;1.0;0.0;0.0;0.0;0.0;2.0;1.0;0.0;1.0;0.0;0.0;0.0;1.0;0.0;0.0;0.0
12020045001;0.0;0.0;0.0;0.0;0.0;0.0;0.0;0.0;0.0;0.0;0.0;0.0;0.0;0.0;1.0;1.0;0.0;0.0
12020046001;0.0;0.0;0.0;0.0;0.0;1.0;0.0;0.0;1.0;0.0;0.0;0.0;0.0;0.0;0.0;0.0;0.0;0.0
12020050001;0.0;0.0;0.0;0.0;0.0;0.0;0.0;0.0;0.0;0.0;0.0;0.0;1.0;0.0;0.0;0.0;0.0;0.0
12020051001;0.0;0.0;0.0;0.0;0.0;1.0;0.0;0.0;0.0;0.0;0.0;0.0;0.0;0.0;0.0;0.0;0.0;0.0
12020057001;0.0;0.0;0.0;0.0;0.0;0.0;1.0;0.0;0.0;2.0;0.0;0.0;0.0;0.0;0.0;0.0;0.0;0.0
12020068001;0.0;0.0;0.0;0.0;0.0;0.0;0.0;1.0;0.0;0.0;0.0;3.0;2.0;0.0;1.0;0.0;1.0;0.0
12020070001;0.0;0.0;0.0;0.0;0.0;0.0;0.0;1.0;0.0;0.0;0.0;0.0;0.0;0.0;0.0;0.0;0.0;0.0
12020078001;0.0;0.0;0.0;0.0;0.0;0.0;0.0;1.0;0.0;0.0;0.0;0.0;0.0;1.0;0.0;0.0;0.0;0.0
12020089001;0.0;1.0;0.0;0.0;0.0;0.0;0.0;0.0;1.0;0.0;0.0;0.0;0.0;0.0;0.0;0.0;0.0;0.0
12020093001;1.0;1.0;0.0;0.0;1.0;0.0;0.0;2.0;1.0;0.0;1.0;1.0;1.0;0.0;0.0;0.0;0.0;0.0
12020101001;1.0;0.0;0.0;0.0;0.0;0.0;0.0;0.0;0.0;0.0;0.0;0.0;0.0;0.0;0.0;0.0;0.0;0.0
12020133001;0.0;0.0;0.0;1.0;2.0;0.0;0.0;1.0;1.0;0.0;0.0;0.0;0.0;0.0;0.0;0.0;0.0;0.0
12020138001;0.0;0.0;0.0;0.0;0.0;0.0;0.0;0.0;0.0;0.0;0.0;0.0;0.0;0.0;1.0;0.0;0.0;0.0
12020141001;0.0;1.0;0.0;0.0;1.0;1.0;1.0;0.0;0.0;0.0;1.0;0.0;0.0;0.0;0.0;1.0;0.0;0.0
12020164001;0.0;0.0;1.0;0.0;0.0;0.0;0.0;0.0;0.0;0.0;1.0;0.0;0.0;0.0;0.0;0.0;0.0;0.0
12020165001;1.0;0.0;0.0;0.0;0.0;2.0;2.0;1.0;0.0;0.0;3.0;0.0;0.0;2.0;0.0;0.0;1.0;0.0
12020166001;0.0;0.0;0.0;0.0;0.0;1.0;0.0;0.0;0.0;0.0;0.0;0.0;0.0;0.0;0.0;0.0;0.0;0.0
12020175001;0.0;0.0;0.0;0.0;0.0;0.0;1.0;0.0;0.0;0.0;0.0;0.0;0.0;0.0;0.0;0.0;0.0;0.0
12020189001;0.0;0.0;0.0;0.0;1.0;0.0;0.0;0.0;0.0;0.0;0.0;0.0;0.0;0.0;0.0;0.0;0.0;0.0
12020196001;0.0;0.0;0.0;0.0;0.0;0.0;0.0;0.0;1.0;1.0;0.0;0.0;0.0;0.0;1.0;0.0;0.0;0.0
12020203001;0.0;0.0;0.0;0.0;0.0;0.0;0.0;2.0;0.0;0.0;0.0;0.0;0.0;0.0;0.0;0.0;0.0;0.0
12020217001;0.0;0.0;0.0;0.0;1.0;0.0;0.0;0.0;0.0;0.0;0.0;0.0;0.0;0.0;0.0;0.0;0.0;0.0
12020221001;0.0;0.0;0.0;0.0;0.0;0.0;1.0;0.0;0.0;0.0;0.0;0.0;0.0;0.0;0.0;0.0;0.0;0.0
12020222001;0.0;0.0;0.0;0.0;2.0;0.0;0.0;0.0;0.0;0.0;0.0;0.0;0.0;0.0;0.0;0.0;0.0;0.0
12020225001;0.0;0.0;0.0;0.0;0.0;0.0;0.0;1.0;1.0;0.0;2.0;2.0;0.0;0.0;1.0;0.0;3.0;0.0
12020232001;0.0;1.0;3.0;2.0;0.0;3.0;0.0;4.0;2.0;2.0;0.0;1.0;2.0;2.0;2.0;0.0;0.0;0.0
12020237001;0.0;0.0;0.0;0.0;1.0;0.0;0.0;0.0;0.0;0.0;0.0;0.0;1.0;0.0;0.0;0.0;0.0;0.0
12020240001;0.0;0.0;0.0;0.0;0.0;0.0;0.0;1.0;0.0;0.0;0.0;0.0;1.0;2.0;2.0;0.0;0.0;0.0
12020242001;0.0;0.0;0.0;1.0;0.0;0.0;0.0;0.0;0.0;0.0;0.0;0.0;0.0;0.0;0.0;1.0;0.0;0.0
12020253001;0.0;0.0;0.0;0.0;0.0;1.0;0.0;0.0;0.0;0.0;0.0;0.0;0.0;1.0;0.0;0.0;0.0;0.0
12020260001;0.0;0.0;0.0;0.0;0.0;0.0;0.0;0.0;0.0;0.0;0.0;0.0;0.0;0.0;1.0;0.0;0.0;0.0
12020266001;0.0;1.0;0.0;0.0;0.0;0.0;0.0;0.0;0.0;0.0;0.0;0.0;0.0;0.0;0.0;0.0;0.0;0.0
12020271001;0.0;0.0;0.0;0.0;0.0;0.0;0.0;0.0;0.0;0.0;0.0;0.0;0.0;0.0;0.0;1.0;0.0;0.0
12020282001;0.0;0.0;0.0;0.0;0.0;0.0;0.0;1.0;0.0;0.0;0.0;0.0;1.0;0.0;0.0;0.0;0.0;0.0
12020283001;0.0;0.0;0.0;0.0;0.0;0.0;0.0;1.0;0.0;0.0;0.0;0.0;0.0;0.0;0.0;0.0;0.0;0.0
12020312001;0.0;0.0;0.0;0.0;0.0;0.0;0.0;0.0;0.0;0.0;1.0;0.0;0.0;0.0;0.0;0.0;0.0;0.0
12020325001;0.0;0.0;1.0;1.0;1.0;0.0;0.0;0.0;0.0;0.0;0.0;0.0;0.0;0.0;0.0;0.0;0.0;0.0
12020326001;1.0;1.0;0.0;0.0;1.0;0.0;0.0;1.0;0.0;0.0;0.0;0.0;0.0;1.0;0.0;0.0;0.0;0.0
12020344001;0.0;0.0;2.0;0.0;1.0;0.0;0.0;1.0;0.0;2.0;0.0;2.0;5.0;0.0;4.0;0.0;0.0;0.0
12020362001;0.0;0.0;1.0;0.0;0.0;0.0;0.0;0.0;0.0;0.0;0.0;0.0;0.0;0.0;0.0;0.0;1.0;0.0
12020372001;1.0;0.0;0.0;0.0;1.0;0.0;0.0;0.0;0.0;0.0;0.0;0.0;0.0;0.0;0.0;1.0;0.0;0.0
12020383001;0.0;0.0;1.0;0.0;0.0;0.0;1.0;1.0;0.0;1.0;0.0;0.0;0.0;0.0;0.0;1.0;0.0;0.0
12020416001;0.0;0.0;0.0;0.0;1.0;0.0;1.0;0.0;0.0;0.0;0.0;0.0;0.0;0.0;0.0;0.0;0.0;0.0
12020423001;0.0;0.0;1.0;1.0;0.0;0.0;0.0;0.0;1.0;0.0;0.0;0.0;0.0;0.0;0.0;0.0;0.0;0.0
12020437001;0.0;0.0;0.0;1.0;0.0;0.0;0.0;0.0;0.0;0.0;0.0;0.0;0.0;0.0;0.0;0.0;0.0;0.0
12020471001;0.0;0.0;0.0;0.0;1.0;0.0;0.0;0.0;0.0;0.0;0.0;0.0;0.0;0.0;0.0;0.0;0.0;0.0
12020473001;1.0;1.0;1.0;2.0;1.0;1.0;2.0;3.0;0.0;0.0;0.0;3.0;1.0;2.0;1.0;1.0;1.0;0.0
12020485001;1.0;0.0;1.0;1.0;1.0;1.0;0.0;0.0;1.0;2.0;1.0;1.0;0.0;0.0;3.0;0.0;0.0;0.0
12020498001;0.0;0.0;0.0;0.0;0.0;2.0;0.0;0.0;0.0;1.0;0.0;0.0;0.0;0.0;1.0;0.0;0.0;0.0
12020901001;1.0;0.0;2.0;0.0;1.0;0.0;0.0;0.0;0.0;0.0;0.0;0.0;0.0;0.0;0.0;0.0;0.0;0.0
12020920001;0.0;0.0;1.0;0.0;0.0;1.0;0.0;0.0;0.0;0.0;0.0;0.0;0.0;1.0;0.0;0.0;0.0;0.0
12020923001;2.0;0.0;0.0;0.0;0.0;0.0;0.0;0.0;0.0;0.0;0.0;0.0;0.0;1.0;0.0;0.0;0.0;0.0
12020926001;0.0;0.0;0.0;0.0;0.0;0.0;0.0;0.0;0.0;0.0;0.0;1.0;0.0;0.0;0.0;0.0;0.0;0.0
12020927001;0.0;0.0;0.0;0.0;0.0;0.0;0.0;0.0;0.0;0.0;1.0;0.0;0.0;0.0;0.0;0.0;0.0;0.0
12020956001;0.0;0.0;0.0;0.0;0.0;0.0;0.0;0.0;0.0;0.0;0.0;1.0;0.0;0.0;0.0;0.0;0.0;0.0
12020961001;0.0;0.0;0.0;0.0;0.0;0.0;0.0;0.0;0.0;1.0;0.0;0.0;1.0;0.0;0.0;0.0;0.0;0.0
12020965001;0.0;0.0;0.0;0.0;0.0;0.0;0.0;0.0;0.0;0.0;0.0;0.0;0.0;0.0;1.0;0.0;1.0;0.0
12021028001;0.0;0.0;0.0;0.0;0.0;0.0;0.0;0.0;0.0;0.0;0.0;0.0;0.0;0.0;2.0;0.0;0.0;0.0
12021042001;0.0;0.0;0.0;0.0;0.0;0.0;0.0;0.0;0.0;0.0;0.0;0.0;0.0;0.0;0.0;0.0;1.0;0.0
12021052001;0.0;0.0;0.0;0.0;0.0;0.0;0.0;0.0;0.0;0.0;1.0;0.0;0.0;0.0;0.0;0.0;0.0;0.0
12021923001;0.0;0.0;0.0;0.0;2.0;0.0;0.0;0.0;0.0;0.0;0.0;0.0;0.0;0.0;0.0;0.0;0.0;0.0
12021969001;0.0;1.0;0.0;0.0;0.0;0.0;0.0;0.0;0.0;0.0;0.0;0.0;0.0;0.0;0.0;0.0;1.0;0.0
12022005001;0.0;1.0;0.0;0.0;0.0;0.0;0.0;0.0;0.0;0.0;0.0;0.0;0.0;0.0;0.0;0.0;0.0;0.0
12022008001;0.0;0.0;0.0;0.0;0.0;0.0;0.0;1.0;0.0;0.0;0.0;0.0;0.0;0.0;0.0;0.0;0.0;0.0
12022027001;0.0;0.0;0.0;0.0;0.0;0.0;0.0;0.0;0.0;1.0;0.0;0.0;0.0;0.0;0.0;0.0;0.0;0.0
12022043001;2.0;1.0;1.0;0.0;0.0;0.0;0.0;0.0;0.0;0.0;0.0;0.0;0.0;0.0;0.0;0.0;1.0;0.0
12022047001;0.0;0.0;0.0;0.0;0.0;2.0;0.0;0.0;0.0;0.0;0.0;0.0;0.0;0.0;0.0;0.0;0.0;0.0
12022096001;1.0;1.0;2.0;0.0;0.0;1.0;0.0;0.0;0.0;0.0;0.0;0.0;0.0;0.0;0.0;0.0;0.0;0.0
12022109001;0.0;1.0;0.0;0.0;0.0;0.0;0.0;0.0;0.0;0.0;0.0;0.0;0.0;1.0;1.0;0.0;0.0;0.0
12022153001;0.0;0.0;0.0;0.0;0.0;0.0;0.0;0.0;0.0;0.0;0.0;0.0;0.0;0.0;2.0;0.0;0.0;0.0
12022184001;0.0;1.0;0.0;1.0;0.0;0.0;0.0;0.0;0.0;0.0;0.0;0.0;0.0;0.0;0.0;0.0;0.0;0.0
12022224001;0.0;0.0;0.0;0.0;0.0;1.0;0.0;0.0;0.0;0.0;0.0;0.0;0.0;0.0;0.0;0.0;0.0;0.0
12022275001;0.0;0.0;0.0;0.0;1.0;0.0;0.0;0.0;0.0;0.0;0.0;0.0;0.0;0.0;0.0;0.0;0.0;0.0
12023079001;0.0;0.0;0.0;0.0;0.0;0.0;0.0;0.0;0.0;0.0;0.0;0.0;0.0;1.0;0.0;0.0;0.0;0.0
12023093001;0.0;0.0;0.0;0.0;0.0;1.0;0.0;0.0;0.0;0.0;0.0;0.0;0.0;0.0;0.0;0.0;0.0;0.0
12023125001;0.0;0.0;0.0;0.0;1.0;0.0;0.0;0.0;0.0;0.0;0.0;0.0;0.0;0.0;0.0;0.0;0.0;0.0
12023195001;0.0;0.0;0.0;0.0;0.0;0.0;0.0;1.0;0.0;0.0;0.0;0.0;0.0;0.0;0.0;0.0;0.0;0.0
12023202001;0.0;0.0;0.0;0.0;0.0;0.0;0.0;0.0;1.0;0.0;0.0;0.0;0.0;0.0;0.0;0.0;0.0;0.0
12023227001;0.0;0.0;0.0;0.0;0.0;0.0;0.0;0.0;0.0;0.0;1.0;0.0;0.0;0.0;0.0;0.0;0.0;0.0
12023263001;0.0;0.0;0.0;0.0;0.0;0.0;0.0;0.0;0.0;0.0;0.0;1.0;0.0;0.0;0.0;0.0;0.0;0.0
12023278001;1.0;0.0;0.0;0.0;0.0;0.0;0.0;0.0;0.0;0.0;0.0;0.0;0.0;0.0;0.0;0.0;0.0;0.0
12023463001;0.0;0.0;0.0;0.0;0.0;0.0;1.0;1.0;0.0;0.0;0.0;0.0;0.0;0.0;0.0;0.0;0.0;0.0
12031016001;0.0;1.0;0.0;0.0;0.0;0.0;0.0;0.0;0.0;0.0;0.0;0.0;0.0;0.0;0.0;0.0;0.0;0.0
12032035001;0.0;0.0;0.0;0.0;0.0;0.0;0.0;0.0;0.0;1.0;0.0;0.0;0.0;0.0;0.0;0.0;0.0;0.0
12032072001;0.0;1.0;0.0;0.0;0.0;0.0;0.0;0.0;0.0;0.0;0.0;0.0;0.0;0.0;0.0;0.0;0.0;0.0
12032121001;0.0;0.0;0.0;0.0;0.0;1.0;0.0;0.0;0.0;0.0;0.0;0.0;0.0;0.0;0.0;0.0;0.0;0.0
12032227001;0.0;0.0;0.0;0.0;0.0;0.0;1.0;0.0;0.0;1.0;0.0;0.0;0.0;0.0;0.0;0.0;0.0;0.0
12032540001;0.0;0.0;0.0;0.0;0.0;0.0;0.0;0.0;0.0;0.0;0.0;0.0;0.0;0.0;0.0;0.0;1.0;0.0
12032541001;0.0;0.0;0.0;0.0;0.0;0.0;0.0;0.0;0.0;0.0;0.0;2.0;0.0;0.0;0.0;0.0;0.0;0.0
12034025001;0.0;0.0;0.0;0.0;0.0;0.0;0.0;0.0;0.0;0.0;0.0;0.0;0.0;1.0;0.0;0.0;0.0;0.0
12034051001;0.0;0.0;0.0;0.0;0.0;1.0;0.0;2.0;0.0;0.0;0.0;0.0;0.0;0.0;0.0;0.0;0.0;0.0
12034053001;0.0;0.0;1.0;0.0;0.0;1.0;0.0;0.0;1.0;0.0;0.0;0.0;0.0;0.0;0.0;0.0;0.0;0.0
12034063001;0.0;0.0;0.0;0.0;1.0;0.0;0.0;0.0;0.0;0.0;0.0;0.0;0.0;0.0;0.0;0.0;0.0;0.0
12034071001;0.0;0.0;0.0;0.0;0.0;0.0;0.0;1.0;0.0;0.0;0.0;0.0;0.0;0.0;0.0;0.0;0.0;0.0
12034075001;2.0;3.0;2.0;0.0;1.0;1.0;1.0;1.0;3.0;2.0;0.0;1.0;2.0;1.0;2.0;0.0;3.0;0.0
12034085001;0.0;0.0;0.0;0.0;0.0;0.0;0.0;1.0;1.0;0.0;0.0;0.0;0.0;0.0;0.0;0.0;0.0;0.0
12034100001;0.0;0.0;0.0;0.0;0.0;0.0;0.0;0.0;0.0;0.0;0.0;0.0;0.0;0.0;0.0;0.0;1.0;0.0
12034104001;0.0;1.0;0.0;1.0;0.0;1.0;0.0;0.0;0.0;0.0;0.0;0.0;0.0;0.0;0.0;0.0;1.0;0.0
12034154001;1.0;0.0;0.0;0.0;0.0;0.0;0.0;0.0;0.0;0.0;0.0;0.0;0.0;0.0;0.0;0.0;0.0;0.0
12034167001;0.0;0.0;0.0;0.0;0.0;0.0;0.0;0.0;0.0;0.0;0.0;0.0;0.0;0.0;1.0;0.0;0.0;0.0
12034171001;0.0;0.0;0.0;1.0;0.0;0.0;0.0;0.0;0.0;0.0;0.0;0.0;0.0;0.0;0.0;0.0;0.0;0.0
12034201001;0.0;0.0;1.0;0.0;0.0;0.0;0.0;0.0;0.0;0.0;1.0;1.0;0.0;0.0;0.0;0.0;0.0;0.0
12034211001;0.0;0.0;0.0;1.0;0.0;0.0;0.0;0.0;0.0;0.0;0.0;0.0;0.0;0.0;1.0;0.0;0.0;0.0
12100002001;0.0;0.0;0.0;0.0;0.0;0.0;0.0;0.0;0.0;1.0;0.0;0.0;3.0;2.0;0.0;0.0;0.0;0.0
12100003001;2.0;6.0;2.0;1.0;3.0;2.0;2.0;0.0;0.0;0.0;0.0;0.0;0.0;0.0;0.0;0.0;0.0;0.0
12100008001;0.0;0.0;0.0;0.0;0.0;0.0;0.0;0.0;0.0;1.0;0.0;0.0;0.0;0.0;0.0;0.0;1.0;0.0
12100009001;0.0;0.0;0.0;0.0;0.0;0.0;0.0;0.0;1.0;0.0;0.0;1.0;0.0;0.0;0.0;0.0;0.0;0.0
12100011001;2.0;2.0;0.0;0.0;1.0;0.0;1.0;1.0;3.0;1.0;1.0;2.0;4.0;2.0;1.0;0.0;1.0;0.0
12100012001;5.0;1.0;4.0;0.0;0.0;1.0;0.0;0.0;0.0;0.0;0.0;0.0;0.0;0.0;0.0;0.0;0.0;0.0
12100013001;1.0;2.0;0.0;1.0;1.0;0.0;2.0;1.0;3.0;2.0;1.0;1.0;1.0;2.0;0.0;1.0;1.0;0.0
12100017001;1.0;0.0;0.0;0.0;0.0;0.0;0.0;0.0;0.0;0.0;0.0;0.0;0.0;0.0;0.0;0.0;0.0;0.0
12100018001;0.0;0.0;0.0;0.0;0.0;0.0;0.0;1.0;0.0;1.0;0.0;1.0;1.0;1.0;2.0;0.0;2.0;0.0
12100019001;0.0;0.0;0.0;0.0;0.0;0.0;0.0;0.0;1.0;0.0;0.0;0.0;0.0;0.0;0.0;0.0;0.0;0.0
12100023001;3.0;1.0;1.0;0.0;0.0;0.0;0.0;0.0;0.0;1.0;1.0;2.0;1.0;2.0;0.0;0.0;1.0;0.0
12100026001;6.0;1.0;2.0;0.0;1.0;4.0;0.0;2.0;3.0;0.0;3.0;2.0;1.0;4.0;3.0;1.0;2.0;0.0
12100027001;0.0;0.0;0.0;0.0;0.0;0.0;0.0;0.0;1.0;0.0;1.0;1.0;1.0;3.0;3.0;1.0;1.0;0.0
12100028001;0.0;0.0;0.0;0.0;0.0;0.0;3.0;1.0;2.0;0.0;2.0;0.0;1.0;1.0;0.0;0.0;0.0;0.0
12100039001;0.0;0.0;0.0;0.0;9.0;6.0;3.0;8.0;8.0;11.0;4.0;3.0;5.0;10.0;7.0;2.0;1.0;0.0
12100040001;0.0;0.0;0.0;0.0;0.0;0.0;0.0;0.0;0.0;1.0;1.0;1.0;0.0;2.0;0.0;0.0;0.0;0.0
12100046001;0.0;0.0;0.0;0.0;0.0;0.0;0.0;0.0;3.0;1.0;2.0;1.0;1.0;0.0;0.0;0.0;0.0;0.0
12100051001;1.0;1.0;0.0;0.0;0.0;0.0;0.0;0.0;0.0;0.0;2.0;0.0;1.0;0.0;0.0;0.0;0.0;0.0
12100056001;1.0;0.0;0.0;0.0;0.0;0.0;0.0;0.0;0.0;0.0;0.0;0.0;0.0;1.0;0.0;0.0;0.0;0.0
12100059001;0.0;2.0;0.0;0.0;0.0;0.0;1.0;0.0;0.0;0.0;0.0;0.0;0.0;0.0;0.0;0.0;0.0;0.0
12100061001;0.0;0.0;0.0;0.0;0.0;0.0;0.0;1.0;0.0;0.0;0.0;1.0;0.0;0.0;0.0;0.0;0.0;0.0
12100069001;0.0;1.0;0.0;1.0;0.0;0.0;0.0;0.0;1.0;0.0;0.0;0.0;0.0;0.0;1.0;0.0;0.0;0.0
12100078001;0.0;0.0;0.0;0.0;0.0;0.0;0.0;0.0;0.0;0.0;0.0;0.0;0.0;0.0;0.0;0.0;1.0;0.0
12100091001;0.0;0.0;0.0;0.0;0.0;0.0;0.0;0.0;0.0;0.0;0.0;0.0;0.0;1.0;1.0;0.0;1.0;0.0
12100092001;0.0;0.0;1.0;0.0;0.0;1.0;0.0;0.0;0.0;0.0;0.0;0.0;1.0;0.0;0.0;0.0;0.0;0.0
12100093001;0.0;1.0;0.0;0.0;0.0;1.0;0.0;0.0;0.0;0.0;0.0;0.0;0.0;1.0;0.0;0.0;0.0;0.0
12100101001;0.0;0.0;0.0;0.0;0.0;0.0;0.0;0.0;0.0;0.0;0.0;0.0;1.0;0.0;2.0;1.0;0.0;0.0
12100103001;1.0;0.0;1.0;2.0;1.0;0.0;0.0;0.0;0.0;0.0;0.0;0.0;0.0;0.0;0.0;0.0;0.0;0.0
12101001002;1.0;0.0;0.0;0.0;0.0;0.0;0.0;0.0;0.0;0.0;0.0;0.0;0.0;0.0;0.0;0.0;0.0;0.0
12101003001;0.0;3.0;2.0;0.0;0.0;2.0;0.0;1.0;0.0;0.0;0.0;0.0;1.0;1.0;0.0;0.0;0.0;0.0
12101004001;0.0;1.0;2.0;0.0;0.0;1.0;0.0;3.0;1.0;1.0;1.0;2.0;0.0;2.0;1.0;0.0;0.0;0.0
12101005001;0.0;0.0;0.0;0.0;0.0;1.0;0.0;0.0;0.0;1.0;1.0;0.0;0.0;0.0;0.0;1.0;0.0;0.0
12101010001;0.0;0.0;0.0;0.0;0.0;0.0;0.0;0.0;0.0;0.0;1.0;0.0;1.0;0.0;2.0;1.0;0.0;0.0
12101016001;0.0;0.0;0.0;0.0;0.0;0.0;1.0;0.0;0.0;0.0;0.0;0.0;0.0;1.0;0.0;0.0;0.0;0.0
12101020001;1.0;0.0;0.0;0.0;0.0;0.0;0.0;0.0;0.0;0.0;0.0;0.0;0.0;0.0;0.0;0.0;0.0;0.0
12101033001;1.0;0.0;0.0;0.0;0.0;1.0;0.0;0.0;1.0;0.0;0.0;0.0;0.0;0.0;1.0;0.0;0.0;0.0
12101040002;1.0;0.0;0.0;0.0;0.0;0.0;0.0;0.0;0.0;0.0;0.0;0.0;0.0;0.0;0.0;0.0;0.0;0.0
12102010001;2.0;0.0;0.0;0.0;0.0;0.0;1.0;1.0;0.0;1.0;0.0;0.0;0.0;0.0;0.0;0.0;0.0;0.0
12102013001;0.0;0.0;2.0;2.0;0.0;0.0;1.0;0.0;3.0;0.0;1.0;0.0;0.0;0.0;0.0;0.0;1.0;0.0
12102016001;1.0;0.0;0.0;1.0;0.0;1.0;0.0;0.0;0.0;1.0;1.0;1.0;0.0;0.0;0.0;0.0;0.0;0.0
12102020001;0.0;1.0;1.0;1.0;0.0;0.0;1.0;1.0;0.0;1.0;0.0;0.0;0.0;0.0;0.0;0.0;0.0;0.0
12102021001;0.0;0.0;0.0;0.0;0.0;0.0;0.0;0.0;0.0;0.0;2.0;0.0;0.0;0.0;0.0;0.0;0.0;0.0
12102022001;0.0;1.0;0.0;0.0;0.0;1.0;0.0;0.0;0.0;0.0;0.0;0.0;0.0;0.0;0.0;0.0;0.0;0.0
12102024001;0.0;0.0;0.0;0.0;0.0;0.0;0.0;0.0;0.0;0.0;0.0;0.0;0.0;1.0;1.0;0.0;0.0;0.0
12102026001;0.0;0.0;0.0;0.0;1.0;0.0;0.0;0.0;0.0;1.0;1.0;1.0;1.0;0.0;2.0;0.0;0.0;0.0
12102033001;0.0;0.0;0.0;0.0;0.0;1.0;0.0;0.0;0.0;1.0;0.0;0.0;0.0;0.0;0.0;0.0;1.0;0.0
12102035001;2.0;0.0;0.0;0.0;0.0;0.0;1.0;0.0;3.0;0.0;0.0;0.0;1.0;1.0;0.0;0.0;1.0;0.0
12102041001;0.0;0.0;0.0;0.0;0.0;0.0;0.0;1.0;0.0;0.0;0.0;0.0;1.0;0.0;0.0;0.0;0.0;0.0
12102042001;0.0;0.0;0.0;2.0;0.0;0.0;0.0;0.0;1.0;0.0;0.0;0.0;0.0;0.0;0.0;0.0;0.0;0.0
12102046001;0.0;0.0;0.0;1.0;0.0;0.0;0.0;0.0;0.0;0.0;0.0;0.0;0.0;0.0;0.0;1.0;0.0;0.0
12102057001;0.0;0.0;0.0;0.0;1.0;1.0;0.0;1.0;2.0;0.0;0.0;0.0;0.0;1.0;1.0;0.0;1.0;0.0
12102058001;0.0;0.0;0.0;0.0;1.0;0.0;0.0;1.0;0.0;0.0;0.0;1.0;3.0;1.0;0.0;0.0;0.0;0.0
12102059001;0.0;0.0;0.0;1.0;2.0;0.0;0.0;0.0;0.0;1.0;0.0;1.0;0.0;1.0;0.0;0.0;0.0;0.0
12102060001;0.0;0.0;0.0;0.0;0.0;0.0;0.0;0.0;0.0;0.0;0.0;1.0;0.0;0.0;0.0;0.0;0.0;0.0
12102067001;0.0;0.0;0.0;0.0;0.0;0.0;0.0;0.0;0.0;0.0;0.0;1.0;0.0;0.0;1.0;0.0;0.0;0.0
12102080001;7.0;2.0;0.0;0.0;0.0;1.0;0.0;0.0;0.0;0.0;0.0;0.0;2.0;2.0;0.0;2.0;2.0;0.0
12102087001;1.0;0.0;1.0;0.0;0.0;1.0;0.0;1.0;1.0;1.0;0.0;0.0;0.0;0.0;1.0;0.0;0.0;0.0
12102091001;1.0;0.0;0.0;0.0;0.0;1.0;0.0;0.0;0.0;0.0;1.0;0.0;0.0;0.0;1.0;0.0;0.0;0.0
12102095001;6.0;3.0;2.0;1.0;3.0;4.0;0.0;4.0;2.0;0.0;3.0;4.0;2.0;3.0;2.0;0.0;1.0;0.0
12102100001;0.0;0.0;0.0;0.0;0.0;0.0;0.0;0.0;0.0;0.0;0.0;0.0;0.0;0.0;1.0;0.0;0.0;0.0
12102112002;1.0;0.0;0.0;0.0;1.0;1.0;0.0;0.0;0.0;0.0;0.0;0.0;1.0;0.0;1.0;0.0;0.0;0.0
12102116001;2.0;0.0;0.0;0.0;0.0;0.0;0.0;0.0;1.0;1.0;0.0;2.0;0.0;0.0;0.0;0.0;0.0;0.0
12102118001;0.0;0.0;0.0;0.0;0.0;0.0;0.0;0.0;0.0;0.0;0.0;0.0;0.0;1.0;0.0;0.0;0.0;0.0
12102122001;0.0;0.0;0.0;0.0;1.0;0.0;0.0;0.0;0.0;0.0;0.0;0.0;1.0;0.0;0.0;0.0;0.0;0.0
12102132001;0.0;0.0;0.0;1.0;1.0;1.0;0.0;0.0;0.0;1.0;0.0;0.0;0.0;0.0;0.0;1.0;0.0;0.0
12102140001;4.0;3.0;3.0;5.0;3.0;3.0;2.0;4.0;3.0;5.0;4.0;3.0;5.0;3.0;4.0;1.0;4.0;0.0
12102142001;1.0;0.0;0.0;0.0;0.0;0.0;0.0;0.0;2.0;1.0;1.0;4.0;0.0;0.0;2.0;1.0;3.0;0.0
12102144001;0.0;0.0;1.0;1.0;0.0;0.0;0.0;0.0;0.0;0.0;0.0;0.0;0.0;0.0;0.0;0.0;0.0;0.0
12102997001;0.0;0.0;0.0;0.0;0.0;0.0;0.0;2.0;1.0;0.0;0.0;0.0;0.0;0.0;0.0;0.0;0.0;0.0
12103004001;0.0;1.0;1.0;1.0;0.0;2.0;0.0;0.0;1.0;2.0;0.0;0.0;0.0;0.0;0.0;0.0;0.0;0.0
12103005001;0.0;0.0;0.0;0.0;0.0;0.0;0.0;0.0;1.0;0.0;0.0;0.0;0.0;0.0;0.0;0.0;0.0;0.0
12103008001;3.0;6.0;3.0;1.0;2.0;1.0;2.0;1.0;3.0;2.0;2.0;1.0;2.0;2.0;1.0;0.0;1.0;0.0
12103011001;0.0;0.0;0.0;1.0;2.0;0.0;0.0;0.0;0.0;0.0;0.0;0.0;1.0;2.0;0.0;0.0;0.0;0.0
12103016001;0.0;0.0;0.0;1.0;0.0;1.0;0.0;0.0;0.0;0.0;0.0;1.0;1.0;0.0;1.0;0.0;0.0;0.0
12103024001;1.0;2.0;0.0;0.0;0.0;0.0;0.0;0.0;0.0;1.0;0.0;0.0;0.0;2.0;0.0;0.0;0.0;0.0
12103026001;2.0;0.0;0.0;2.0;0.0;2.0;0.0;0.0;0.0;0.0;0.0;0.0;0.0;0.0;1.0;0.0;0.0;0.0
12103027001;3.0;2.0;0.0;6.0;4.0;5.0;0.0;2.0;0.0;5.0;0.0;0.0;2.0;4.0;5.0;0.0;0.0;0.0
12103029001;1.0;1.0;1.0;1.0;0.0;0.0;0.0;0.0;0.0;0.0;0.0;0.0;0.0;0.0;0.0;0.0;0.0;0.0
12103030001;0.0;1.0;1.0;2.0;0.0;3.0;0.0;1.0;0.0;0.0;0.0;0.0;1.0;1.0;2.0;0.0;1.0;0.0
12103031001;0.0;0.0;0.0;0.0;0.0;0.0;1.0;0.0;1.0;0.0;0.0;0.0;1.0;0.0;0.0;0.0;0.0;0.0
12103039001;0.0;0.0;0.0;0.0;0.0;0.0;0.0;0.0;0.0;0.0;0.0;1.0;0.0;0.0;0.0;1.0;0.0;0.0
12103040001;0.0;1.0;0.0;1.0;0.0;0.0;0.0;0.0;0.0;0.0;0.0;0.0;0.0;1.0;1.0;0.0;0.0;0.0
12103041001;0.0;0.0;0.0;0.0;0.0;0.0;0.0;1.0;0.0;0.0;0.0;0.0;1.0;1.0;0.0;0.0;0.0;0.0
12103047001;0.0;0.0;0.0;0.0;0.0;0.0;0.0;0.0;0.0;0.0;1.0;0.0;0.0;0.0;1.0;0.0;0.0;0.0
12103060001;0.0;0.0;0.0;1.0;0.0;0.0;0.0;2.0;0.0;1.0;0.0;1.0;0.0;1.0;0.0;0.0;0.0;0.0
12103066001;0.0;0.0;1.0;0.0;0.0;0.0;0.0;0.0;0.0;0.0;0.0;0.0;0.0;0.0;0.0;0.0;0.0;0.0
12103072001;0.0;0.0;0.0;0.0;0.0;0.0;0.0;0.0;1.0;1.0;0.0;0.0;0.0;0.0;0.0;0.0;0.0;0.0
12103080001;0.0;0.0;0.0;0.0;0.0;0.0;0.0;0.0;0.0;0.0;0.0;0.0;1.0;1.0;1.0;0.0;0.0;0.0
12103083001;0.0;0.0;0.0;0.0;0.0;0.0;0.0;1.0;0.0;0.0;0.0;0.0;0.0;0.0;0.0;0.0;0.0;0.0
12103089001;0.0;1.0;1.0;1.0;1.0;0.0;0.0;0.0;0.0;0.0;0.0;0.0;0.0;0.0;0.0;0.0;0.0;0.0
12103098001;0.0;0.0;0.0;0.0;0.0;0.0;0.0;0.0;0.0;0.0;0.0;0.0;0.0;0.0;1.0;0.0;0.0;0.0
12103099001;0.0;0.0;0.0;0.0;0.0;1.0;0.0;0.0;0.0;0.0;0.0;0.0;0.0;0.0;0.0;0.0;0.0;0.0
12103101001;0.0;0.0;1.0;0.0;1.0;0.0;0.0;1.0;0.0;2.0;0.0;1.0;1.0;0.0;0.0;0.0;0.0;0.0
12103105001;1.0;1.0;0.0;0.0;1.0;1.0;0.0;0.0;0.0;0.0;0.0;1.0;1.0;0.0;0.0;0.0;1.0;0.0
12103125001;0.0;0.0;1.0;2.0;0.0;0.0;0.0;2.0;0.0;1.0;0.0;0.0;0.0;1.0;0.0;0.0;0.0;0.0
12103144001;0.0;0.0;0.0;2.0;0.0;0.0;0.0;1.0;0.0;1.0;0.0;0.0;0.0;0.0;0.0;1.0;0.0;0.0
12103154001;0.0;0.0;0.0;0.0;0.0;0.0;0.0;0.0;0.0;0.0;0.0;0.0;1.0;0.0;0.0;0.0;0.0;0.0
12103160001;1.0;0.0;0.0;0.0;0.0;0.0;0.0;0.0;0.0;0.0;1.0;0.0;0.0;0.0;0.0;0.0;0.0;0.0
12103183001;0.0;1.0;0.0;0.0;0.0;0.0;0.0;0.0;0.0;0.0;0.0;0.0;0.0;0.0;0.0;0.0;0.0;0.0
12104001001;0.0;0.0;0.0;0.0;0.0;0.0;0.0;0.0;0.0;1.0;3.0;0.0;0.0;0.0;0.0;0.0;0.0;0.0
12104003001;1.0;0.0;0.0;0.0;2.0;1.0;2.0;1.0;3.0;0.0;0.0;0.0;2.0;2.0;1.0;3.0;1.0;0.0
12104011001;1.0;1.0;0.0;1.0;1.0;1.0;0.0;0.0;0.0;0.0;0.0;1.0;0.0;1.0;0.0;0.0;0.0;0.0
12104015001;0.0;1.0;0.0;0.0;0.0;0.0;0.0;0.0;0.0;0.0;0.0;0.0;0.0;0.0;0.0;0.0;0.0;0.0
12104021001;1.0;4.0;0.0;1.0;0.0;0.0;0.0;1.0;0.0;0.0;0.0;1.0;0.0;1.0;1.0;0.0;0.0;0.0
12104027001;0.0;0.0;0.0;0.0;0.0;0.0;0.0;0.0;0.0;0.0;0.0;1.0;0.0;0.0;0.0;0.0;0.0;0.0
12105001001;1.0;1.0;0.0;2.0;0.0;0.0;0.0;2.0;2.0;2.0;1.0;0.0;0.0;0.0;0.0;0.0;1.0;0.0
12105002001;0.0;0.0;0.0;0.0;1.0;0.0;0.0;0.0;0.0;0.0;0.0;0.0;0.0;0.0;0.0;0.0;0.0;0.0
12105005001;0.0;0.0;0.0;0.0;0.0;0.0;0.0;0.0;0.0;0.0;1.0;0.0;1.0;0.0;1.0;0.0;0.0;0.0
12105006001;1.0;0.0;1.0;0.0;0.0;0.0;1.0;0.0;1.0;0.0;0.0;1.0;0.0;1.0;0.0;0.0;0.0;0.0
12105009001;2.0;1.0;3.0;1.0;0.0;1.0;1.0;1.0;0.0;0.0;1.0;2.0;1.0;2.0;2.0;1.0;0.0;0.0
12105012001;0.0;0.0;0.0;0.0;0.0;0.0;0.0;0.0;0.0;1.0;0.0;0.0;0.0;1.0;0.0;0.0;0.0;0.0
12105013001;0.0;1.0;0.0;1.0;0.0;0.0;0.0;0.0;0.0;0.0;0.0;0.0;0.0;0.0;0.0;0.0;0.0;0.0
12105021001;1.0;1.0;1.0;0.0;1.0;1.0;0.0;0.0;0.0;0.0;0.0;0.0;0.0;0.0;0.0;0.0;0.0;0.0
12105025001;0.0;0.0;0.0;0.0;2.0;0.0;0.0;0.0;0.0;0.0;0.0;0.0;0.0;0.0;0.0;0.0;0.0;0.0
12105034001;0.0;0.0;0.0;0.0;1.0;1.0;1.0;0.0;0.0;0.0;0.0;2.0;1.0;3.0;2.0;0.0;2.0;0.0
12105036001;0.0;0.0;0.0;0.0;0.0;0.0;0.0;0.0;0.0;0.0;0.0;0.0;0.0;0.0;1.0;0.0;0.0;0.0
12105043002;1.0;1.0;0.0;0.0;1.0;3.0;0.0;0.0;0.0;0.0;1.0;0.0;0.0;0.0;1.0;0.0;0.0;0.0
12105044001;0.0;0.0;0.0;0.0;0.0;1.0;0.0;0.0;0.0;0.0;1.0;0.0;0.0;1.0;0.0;0.0;0.0;0.0
12105045001;0.0;4.0;2.0;0.0;0.0;2.0;1.0;1.0;2.0;0.0;0.0;0.0;1.0;2.0;0.0;0.0;0.0;0.0
12105047001;0.0;0.0;0.0;0.0;0.0;0.0;1.0;1.0;0.0;1.0;0.0;0.0;0.0;0.0;0.0;0.0;0.0;0.0
12105051001;1.0;0.0;0.0;0.0;0.0;1.0;0.0;0.0;0.0;0.0;1.0;0.0;0.0;1.0;0.0;0.0;0.0;0.0
12105051002;0.0;0.0;0.0;0.0;0.0;0.0;0.0;0.0;1.0;0.0;0.0;0.0;0.0;1.0;0.0;0.0;0.0;0.0
12105058001;2.0;1.0;0.0;1.0;0.0;0.0;0.0;0.0;0.0;0.0;1.0;0.0;0.0;0.0;0.0;0.0;0.0;0.0
12105059001;1.0;0.0;1.0;0.0;0.0;1.0;0.0;0.0;0.0;0.0;0.0;0.0;0.0;0.0;0.0;0.0;0.0;0.0
12105066001;0.0;0.0;2.0;1.0;1.0;2.0;0.0;0.0;0.0;0.0;1.0;0.0;0.0;0.0;0.0;2.0;0.0;0.0
12105067001;0.0;1.0;0.0;0.0;0.0;1.0;0.0;0.0;0.0;1.0;1.0;3.0;1.0;0.0;1.0;0.0;0.0;0.0
12105068001;0.0;1.0;0.0;0.0;0.0;0.0;0.0;1.0;1.0;0.0;0.0;0.0;0.0;0.0;0.0;0.0;0.0;0.0
12105070001;1.0;0.0;0.0;1.0;1.0;0.0;0.0;0.0;0.0;0.0;0.0;0.0;0.0;1.0;0.0;0.0;0.0;0.0
12105071001;0.0;0.0;0.0;0.0;1.0;0.0;0.0;0.0;0.0;0.0;0.0;0.0;0.0;0.0;0.0;0.0;1.0;0.0
12105072001;1.0;0.0;0.0;0.0;0.0;0.0;0.0;1.0;0.0;0.0;1.0;0.0;0.0;0.0;2.0;0.0;1.0;0.0
12106001001;2.0;0.0;1.0;0.0;2.0;1.0;1.0;1.0;0.0;2.0;2.0;3.0;5.0;0.0;4.0;0.0;1.0;0.0
12106002001;0.0;0.0;0.0;0.0;0.0;0.0;0.0;0.0;0.0;0.0;0.0;0.0;0.0;1.0;0.0;0.0;0.0;0.0
12106004001;0.0;0.0;0.0;0.0;0.0;0.0;0.0;0.0;0.0;0.0;0.0;0.0;1.0;0.0;1.0;0.0;0.0;0.0
12106005001;0.0;0.0;0.0;0.0;0.0;0.0;0.0;1.0;0.0;0.0;0.0;0.0;0.0;0.0;0.0;0.0;0.0;0.0
12106006001;0.0;2.0;0.0;0.0;0.0;1.0;1.0;3.0;0.0;0.0;1.0;2.0;1.0;3.0;0.0;0.0;0.0;0.0
12106007001;1.0;0.0;0.0;0.0;0.0;0.0;1.0;0.0;1.0;0.0;0.0;0.0;0.0;0.0;0.0;0.0;0.0;0.0
12106012001;0.0;0.0;0.0;0.0;0.0;1.0;0.0;0.0;0.0;0.0;0.0;0.0;0.0;0.0;0.0;0.0;1.0;0.0
12106014001;0.0;1.0;0.0;0.0;0.0;0.0;0.0;0.0;0.0;1.0;0.0;0.0;0.0;0.0;0.0;0.0;1.0;0.0
12106016002;1.0;1.0;0.0;1.0;0.0;4.0;0.0;0.0;0.0;0.0;0.0;0.0;0.0;0.0;0.0;1.0;1.0;0.0
12106019001;0.0;1.0;1.0;0.0;1.0;1.0;0.0;0.0;0.0;1.0;0.0;1.0;0.0;0.0;1.0;0.0;0.0;0.0
12106027001;0.0;0.0;0.0;0.0;0.0;1.0;0.0;0.0;0.0;0.0;0.0;0.0;0.0;1.0;0.0;0.0;0.0;0.0
12106029001;0.0;0.0;1.0;0.0;0.0;0.0;0.0;0.0;0.0;0.0;1.0;0.0;0.0;0.0;0.0;0.0;0.0;0.0
12106030001;0.0;0.0;0.0;1.0;1.0;0.0;1.0;4.0;2.0;0.0;0.0;0.0;0.0;0.0;1.0;0.0;2.0;0.0
12106031001;0.0;0.0;1.0;0.0;0.0;1.0;0.0;1.0;0.0;0.0;0.0;0.0;0.0;0.0;0.0;0.0;0.0;0.0
12106034001;1.0;0.0;0.0;0.0;0.0;0.0;0.0;0.0;0.0;0.0;0.0;0.0;0.0;0.0;0.0;0.0;0.0;0.0
12106035001;0.0;0.0;1.0;0.0;0.0;0.0;0.0;0.0;0.0;0.0;0.0;0.0;0.0;0.0;0.0;0.0;1.0;0.0
12106038001;0.0;0.0;0.0;0.0;0.0;0.0;0.0;1.0;0.0;0.0;0.0;0.0;0.0;1.0;1.0;1.0;0.0;0.0
12106039001;1.0;0.0;0.0;0.0;0.0;0.0;0.0;0.0;0.0;0.0;0.0;1.0;0.0;1.0;1.0;0.0;0.0;0.0
12106040001;0.0;0.0;0.0;0.0;0.0;0.0;0.0;0.0;0.0;0.0;0.0;0.0;0.0;0.0;1.0;0.0;0.0;0.0
12106044001;0.0;1.0;0.0;1.0;2.0;0.0;0.0;1.0;1.0;3.0;0.0;3.0;1.0;0.0;0.0;0.0;0.0;0.0
12106055001;1.0;0.0;0.0;0.0;0.0;0.0;0.0;0.0;0.0;0.0;0.0;0.0;0.0;1.0;0.0;0.0;0.0;0.0
12106056001;0.0;1.0;0.0;0.0;0.0;0.0;0.0;0.0;0.0;0.0;0.0;0.0;0.0;0.0;1.0;0.0;0.0;0.0
12106063001;0.0;0.0;0.0;0.0;0.0;0.0;1.0;0.0;0.0;0.0;0.0;0.0;0.0;0.0;0.0;0.0;1.0;0.0
12106064001;0.0;0.0;0.0;0.0;0.0;0.0;0.0;1.0;0.0;0.0;1.0;2.0;0.0;1.0;0.0;0.0;0.0;0.0
12106066001;0.0;0.0;0.0;1.0;0.0;0.0;0.0;0.0;0.0;0.0;0.0;0.0;0.0;0.0;0.0;0.0;0.0;0.0
12106067001;0.0;0.0;0.0;0.0;0.0;0.0;0.0;1.0;0.0;0.0;0.0;1.0;0.0;1.0;0.0;0.0;1.0;0.0
12106070001;0.0;1.0;0.0;0.0;0.0;1.0;0.0;0.0;0.0;0.0;0.0;0.0;0.0;0.0;0.0;0.0;0.0;0.0
12106073001;1.0;0.0;0.0;0.0;0.0;0.0;0.0;0.0;0.0;0.0;0.0;0.0;1.0;1.0;0.0;0.0;0.0;0.0
12106086001;0.0;0.0;0.0;0.0;1.0;0.0;0.0;0.0;0.0;0.0;0.0;0.0;0.0;0.0;1.0;0.0;0.0;0.0
12106087001;0.0;0.0;0.0;0.0;0.0;0.0;0.0;0.0;0.0;1.0;1.0;0.0;0.0;0.0;0.0;1.0;0.0;0.0
12106088001;1.0;0.0;0.0;0.0;0.0;0.0;0.0;0.0;0.0;0.0;0.0;0.0;0.0;0.0;0.0;0.0;1.0;0.0
12106097001;4.0;2.0;2.0;0.0;1.0;1.0;1.0;1.0;0.0;0.0;0.0;1.0;2.0;2.0;0.0;0.0;2.0;0.0
12106098001;0.0;0.0;0.0;0.0;0.0;0.0;0.0;0.0;1.0;0.0;0.0;0.0;0.0;1.0;1.0;0.0;0.0;0.0
12106101001;0.0;0.0;0.0;1.0;0.0;0.0;0.0;0.0;0.0;0.0;1.0;0.0;0.0;0.0;0.0;0.0;0.0;0.0
12106105001;5.0;6.0;11.0;6.0;5.0;5.0;3.0;9.0;3.0;2.0;3.0;6.0;5.0;6.0;7.0;0.0;4.0;0.0
12106107001;0.0;0.0;1.0;0.0;1.0;1.0;0.0;0.0;0.0;0.0;0.0;0.0;0.0;1.0;1.0;0.0;1.0;0.0
12106113001;0.0;0.0;0.0;0.0;0.0;0.0;0.0;0.0;0.0;1.0;0.0;1.0;0.0;0.0;0.0;0.0;0.0;0.0
12106999001;0.0;0.0;0.0;0.0;0.0;0.0;0.0;1.0;0.0;1.0;0.0;0.0;0.0;0.0;0.0;0.0;0.0;0.0
12110015001;0.0;0.0;0.0;0.0;0.0;0.0;0.0;0.0;0.0;1.0;0.0;0.0;0.0;0.0;0.0;0.0;0.0;0.0
12110016001;1.0;0.0;0.0;0.0;0.0;0.0;0.0;0.0;1.0;0.0;0.0;0.0;0.0;0.0;0.0;0.0;0.0;0.0
12110022001;0.0;2.0;1.0;0.0;0.0;2.0;1.0;1.0;0.0;0.0;0.0;0.0;0.0;1.0;0.0;1.0;0.0;0.0
12110028001;0.0;0.0;0.0;0.0;0.0;1.0;0.0;0.0;0.0;0.0;0.0;2.0;1.0;0.0;0.0;1.0;0.0;0.0
12110037001;1.0;0.0;1.0;0.0;0.0;0.0;0.0;0.0;0.0;0.0;0.0;0.0;0.0;0.0;0.0;0.0;0.0;0.0
12110059001;0.0;0.0;0.0;0.0;0.0;0.0;0.0;0.0;0.0;0.0;0.0;0.0;0.0;0.0;1.0;0.0;1.0;0.0
12110068001;0.0;0.0;0.0;0.0;0.0;0.0;0.0;0.0;1.0;0.0;0.0;0.0;1.0;0.0;0.0;0.0;0.0;0.0
12110074001;0.0;1.0;0.0;0.0;0.0;0.0;0.0;0.0;0.0;0.0;0.0;0.0;0.0;0.0;0.0;0.0;0.0;0.0
12111014001;0.0;0.0;0.0;0.0;0.0;0.0;0.0;0.0;1.0;0.0;0.0;0.0;0.0;0.0;1.0;0.0;0.0;0.0
12111030001;0.0;0.0;0.0;0.0;0.0;0.0;1.0;0.0;1.0;0.0;1.0;1.0;0.0;0.0;1.0;0.0;1.0;0.0
12112002001;0.0;0.0;0.0;0.0;0.0;0.0;0.0;0.0;0.0;1.0;1.0;1.0;0.0;0.0;2.0;0.0;0.0;0.0
12112025001;0.0;1.0;0.0;1.0;0.0;0.0;0.0;1.0;1.0;0.0;0.0;0.0;1.0;0.0;1.0;0.0;0.0;0.0
12112026001;1.0;0.0;0.0;0.0;0.0;0.0;0.0;0.0;0.0;0.0;0.0;0.0;1.0;0.0;0.0;0.0;0.0;0.0
12120001001;5.0;2.0;3.0;1.0;1.0;0.0;0.0;3.0;2.0;1.0;2.0;3.0;4.0;3.0;2.0;0.0;2.0;0.0
12120004001;2.0;0.0;0.0;0.0;1.0;0.0;0.0;0.0;0.0;0.0;0.0;0.0;0.0;0.0;0.0;0.0;0.0;0.0
12120006001;1.0;0.0;1.0;3.0;0.0;1.0;2.0;1.0;2.0;3.0;0.0;0.0;1.0;1.0;0.0;1.0;0.0;0.0
12120007001;1.0;0.0;1.0;2.0;0.0;2.0;1.0;1.0;3.0;1.0;0.0;0.0;1.0;0.0;0.0;1.0;0.0;0.0
12120015001;0.0;0.0;0.0;0.0;1.0;2.0;0.0;0.0;0.0;0.0;1.0;0.0;0.0;0.0;1.0;1.0;0.0;0.0
12120018001;0.0;1.0;0.0;0.0;1.0;0.0;0.0;0.0;1.0;0.0;0.0;0.0;1.0;0.0;0.0;1.0;0.0;0.0
12120024001;0.0;0.0;0.0;2.0;2.0;0.0;1.0;1.0;0.0;0.0;0.0;0.0;1.0;0.0;0.0;0.0;0.0;0.0
12120034001;0.0;0.0;0.0;0.0;0.0;1.0;0.0;0.0;0.0;0.0;4.0;1.0;1.0;0.0;0.0;0.0;1.0;0.0
12120038001;0.0;0.0;0.0;1.0;1.0;1.0;0.0;3.0;2.0;2.0;0.0;5.0;2.0;1.0;0.0;0.0;0.0;0.0
12120039001;1.0;0.0;0.0;1.0;0.0;1.0;1.0;1.0;1.0;1.0;0.0;0.0;0.0;0.0;0.0;1.0;0.0;0.0
12120040001;1.0;0.0;0.0;0.0;0.0;0.0;0.0;0.0;0.0;0.0;0.0;0.0;0.0;0.0;0.0;0.0;0.0;0.0
12120052001;4.0;1.0;3.0;2.0;4.0;2.0;1.0;2.0;4.0;2.0;1.0;3.0;3.0;7.0;3.0;1.0;2.0;0.0
12120053001;0.0;0.0;0.0;0.0;0.0;1.0;1.0;1.0;1.0;2.0;1.0;2.0;2.0;4.0;1.0;2.0;1.0;0.0
12120064001;0.0;0.0;0.0;0.0;0.0;0.0;0.0;0.0;1.0;1.0;0.0;2.0;0.0;0.0;0.0;0.0;0.0;0.0
12120065001;0.0;0.0;0.0;0.0;0.0;0.0;0.0;0.0;0.0;0.0;0.0;0.0;0.0;0.0;1.0;0.0;0.0;0.0
12120072001;1.0;0.0;0.0;0.0;0.0;0.0;0.0;0.0;0.0;0.0;0.0;0.0;0.0;0.0;0.0;0.0;0.0;0.0
12120085001;1.0;0.0;0.0;0.0;1.0;0.0;0.0;0.0;0.0;0.0;0.0;0.0;0.0;0.0;0.0;0.0;0.0;0.0
12120086001;0.0;0.0;0.0;0.0;0.0;2.0;0.0;0.0;0.0;0.0;0.0;0.0;0.0;0.0;0.0;0.0;0.0;0.0
12120087001;0.0;0.0;0.0;0.0;0.0;0.0;0.0;0.0;0.0;0.0;0.0;0.0;0.0;0.0;1.0;0.0;0.0;0.0
12120088001;1.0;0.0;2.0;0.0;2.0;0.0;0.0;0.0;1.0;0.0;1.0;0.0;0.0;0.0;0.0;0.0;2.0;0.0
12120091001;0.0;1.0;0.0;0.0;1.0;0.0;0.0;0.0;0.0;0.0;0.0;0.0;0.0;0.0;0.0;0.0;0.0;0.0
12120898001;1.0;0.0;1.0;1.0;1.0;1.0;1.0;1.0;0.0;0.0;2.0;1.0;0.0;0.0;1.0;0.0;0.0;0.0
12121004001;1.0;3.0;2.0;1.0;2.0;3.0;2.0;1.0;5.0;4.0;4.0;2.0;3.0;3.0;4.0;0.0;3.0;0.0
12121006002;2.0;0.0;0.0;0.0;0.0;0.0;0.0;0.0;0.0;0.0;0.0;0.0;0.0;0.0;0.0;0.0;0.0;0.0
12121007001;1.0;0.0;0.0;1.0;0.0;0.0;0.0;0.0;0.0;0.0;0.0;0.0;0.0;0.0;0.0;0.0;0.0;0.0
12121023001;1.0;4.0;1.0;2.0;2.0;0.0;0.0;3.0;2.0;1.0;1.0;0.0;1.0;1.0;1.0;1.0;0.0;0.0
12121024001;0.0;0.0;0.0;0.0;0.0;0.0;0.0;0.0;0.0;0.0;1.0;0.0;0.0;0.0;0.0;0.0;0.0;0.0
12121027001;0.0;0.0;0.0;0.0;0.0;1.0;0.0;0.0;2.0;0.0;0.0;0.0;0.0;0.0;0.0;0.0;0.0;0.0
12121032001;1.0;0.0;0.0;0.0;0.0;0.0;0.0;0.0;0.0;0.0;0.0;0.0;0.0;0.0;0.0;0.0;0.0;0.0
12121034001;0.0;0.0;0.0;0.0;3.0;1.0;0.0;0.0;4.0;2.0;0.0;2.0;0.0;2.0;2.0;3.0;1.0;0.0
12121037001;1.0;1.0;0.0;1.0;0.0;1.0;1.0;0.0;0.0;0.0;0.0;1.0;0.0;0.0;0.0;0.0;0.0;0.0
12121038001;0.0;0.0;0.0;1.0;2.0;1.0;0.0;2.0;1.0;0.0;1.0;1.0;0.0;0.0;0.0;0.0;0.0;0.0
12121048001;0.0;0.0;0.0;0.0;0.0;0.0;0.0;0.0;1.0;2.0;0.0;0.0;0.0;0.0;0.0;0.0;1.0;0.0
12121050001;0.0;4.0;0.0;1.0;2.0;1.0;2.0;1.0;0.0;1.0;1.0;2.0;1.0;1.0;2.0;0.0;1.0;0.0
12121051001;0.0;0.0;0.0;0.0;0.0;0.0;0.0;0.0;0.0;0.0;0.0;0.0;0.0;1.0;0.0;0.0;2.0;0.0
12121056001;1.0;1.0;1.0;1.0;0.0;1.0;0.0;2.0;2.0;1.0;2.0;0.0;1.0;0.0;0.0;0.0;1.0;0.0
12121059001;0.0;0.0;1.0;1.0;1.0;2.0;1.0;2.0;2.0;0.0;1.0;0.0;0.0;0.0;0.0;0.0;0.0;0.0
12121066001;0.0;0.0;1.0;0.0;0.0;0.0;1.0;0.0;0.0;0.0;0.0;0.0;0.0;0.0;0.0;0.0;0.0;0.0
12121078001;0.0;0.0;0.0;0.0;0.0;0.0;2.0;0.0;0.0;0.0;1.0;0.0;0.0;0.0;0.0;0.0;0.0;0.0
12121087001;2.0;0.0;0.0;0.0;0.0;0.0;0.0;0.0;0.0;0.0;0.0;0.0;0.0;0.0;0.0;0.0;0.0;0.0
12121091001;2.0;0.0;1.0;1.0;1.0;0.0;1.0;2.0;2.0;0.0;0.0;0.0;0.0;0.0;3.0;0.0;0.0;0.0
12121103001;0.0;0.0;1.0;0.0;0.0;0.0;0.0;0.0;0.0;0.0;0.0;0.0;0.0;1.0;0.0;0.0;1.0;0.0
12122002002;0.0;0.0;0.0;0.0;0.0;2.0;0.0;1.0;1.0;1.0;1.0;0.0;3.0;0.0;0.0;0.0;0.0;0.0
12122005001;0.0;1.0;0.0;0.0;0.0;0.0;0.0;0.0;0.0;0.0;0.0;0.0;1.0;1.0;0.0;0.0;1.0;0.0
12122007001;1.0;1.0;2.0;0.0;1.0;0.0;0.0;1.0;0.0;0.0;0.0;1.0;0.0;1.0;1.0;0.0;1.0;0.0
12122008001;0.0;0.0;0.0;0.0;0.0;0.0;0.0;0.0;0.0;1.0;1.0;1.0;0.0;1.0;0.0;0.0;0.0;0.0
12122009001;0.0;1.0;1.0;0.0;0.0;0.0;0.0;0.0;0.0;2.0;2.0;0.0;0.0;1.0;0.0;0.0;0.0;0.0
12122012001;0.0;0.0;0.0;0.0;0.0;0.0;0.0;0.0;2.0;0.0;0.0;0.0;0.0;1.0;0.0;0.0;0.0;0.0
12122014001;0.0;0.0;0.0;2.0;0.0;0.0;0.0;0.0;1.0;1.0;2.0;0.0;0.0;1.0;0.0;0.0;0.0;0.0
12122015001;0.0;0.0;0.0;0.0;0.0;1.0;0.0;0.0;1.0;0.0;0.0;0.0;0.0;0.0;0.0;0.0;0.0;0.0
12122016001;1.0;0.0;0.0;1.0;2.0;0.0;0.0;0.0;0.0;0.0;2.0;1.0;1.0;0.0;1.0;2.0;1.0;0.0
12122021001;1.0;0.0;2.0;0.0;0.0;0.0;2.0;1.0;0.0;0.0;1.0;0.0;1.0;0.0;0.0;0.0;1.0;0.0
12122023002;1.0;0.0;1.0;0.0;0.0;0.0;0.0;0.0;0.0;0.0;1.0;0.0;0.0;0.0;0.0;0.0;0.0;0.0
12122030001;2.0;0.0;0.0;1.0;0.0;0.0;0.0;1.0;0.0;1.0;0.0;0.0;0.0;2.0;0.0;0.0;1.0;0.0
12122034001;2.0;0.0;0.0;2.0;1.0;0.0;0.0;0.0;1.0;0.0;2.0;0.0;1.0;0.0;1.0;0.0;2.0;0.0
12122045001;0.0;0.0;0.0;0.0;1.0;0.0;0.0;0.0;1.0;0.0;0.0;0.0;0.0;2.0;1.0;0.0;0.0;0.0
12122052001;0.0;1.0;0.0;2.0;0.0;1.0;0.0;2.0;1.0;1.0;1.0;1.0;2.0;3.0;3.0;1.0;3.0;0.0
12123001001;0.0;0.0;0.0;0.0;0.0;1.0;0.0;0.0;0.0;0.0;0.0;0.0;0.0;1.0;0.0;0.0;0.0;0.0
12123005001;0.0;0.0;0.0;0.0;0.0;0.0;0.0;0.0;0.0;1.0;0.0;1.0;1.0;2.0;0.0;0.0;1.0;0.0
12123013001;0.0;1.0;1.0;0.0;1.0;2.0;0.0;0.0;0.0;1.0;0.0;1.0;1.0;0.0;0.0;0.0;0.0;0.0
12123014001;1.0;0.0;3.0;0.0;1.0;0.0;0.0;0.0;1.0;0.0;1.0;0.0;1.0;0.0;1.0;0.0;0.0;0.0
12123015001;3.0;2.0;0.0;1.0;0.0;0.0;0.0;0.0;0.0;1.0;1.0;1.0;1.0;1.0;0.0;1.0;0.0;0.0
12123016002;0.0;0.0;0.0;0.0;0.0;0.0;1.0;0.0;1.0;0.0;0.0;0.0;0.0;0.0;0.0;1.0;0.0;0.0
12123024001;0.0;0.0;0.0;0.0;1.0;1.0;3.0;1.0;1.0;1.0;0.0;0.0;1.0;1.0;0.0;0.0;1.0;0.0
12123025001;0.0;0.0;0.0;0.0;0.0;0.0;0.0;0.0;0.0;0.0;0.0;0.0;0.0;0.0;0.0;0.0;1.0;0.0
12123029001;0.0;0.0;1.0;2.0;1.0;1.0;0.0;0.0;0.0;1.0;0.0;1.0;1.0;3.0;1.0;1.0;0.0;0.0
12123031001;0.0;0.0;0.0;0.0;0.0;0.0;0.0;0.0;0.0;0.0;0.0;0.0;1.0;1.0;0.0;0.0;1.0;0.0
12123034001;0.0;1.0;0.0;1.0;0.0;0.0;0.0;0.0;1.0;1.0;2.0;0.0;1.0;1.0;2.0;1.0;1.0;0.0
12123038001;0.0;0.0;0.0;0.0;1.0;0.0;0.0;1.0;2.0;0.0;1.0;0.0;1.0;0.0;0.0;0.0;0.0;0.0
12123042001;0.0;0.0;1.0;0.0;2.0;1.0;0.0;2.0;0.0;1.0;3.0;2.0;0.0;0.0;0.0;0.0;0.0;0.0
12123055001;0.0;0.0;0.0;0.0;0.0;0.0;0.0;0.0;0.0;0.0;0.0;0.0;1.0;0.0;2.0;1.0;1.0;0.0
12123056001;2.0;1.0;0.0;1.0;0.0;0.0;1.0;0.0;0.0;0.0;0.0;0.0;0.0;0.0;0.0;0.0;1.0;0.0
12123057001;3.0;2.0;5.0;5.0;4.0;1.0;2.0;3.0;3.0;1.0;0.0;4.0;2.0;0.0;3.0;1.0;3.0;0.0
12123063001;7.0;0.0;7.0;4.0;2.0;1.0;2.0;5.0;4.0;0.0;3.0;1.0;1.0;1.0;0.0;0.0;0.0;0.0
12123064001;6.0;4.0;2.0;3.0;1.0;4.0;1.0;2.0;4.0;2.0;2.0;2.0;2.0;3.0;2.0;2.0;2.0;0.0
12123066001;0.0;2.0;0.0;0.0;2.0;1.0;0.0;0.0;2.0;1.0;2.0;1.0;0.0;0.0;1.0;1.0;1.0;0.0
12123068001;0.0;0.0;0.0;1.0;0.0;0.0;0.0;1.0;0.0;1.0;0.0;0.0;0.0;0.0;0.0;0.0;1.0;0.0
12123069001;1.0;0.0;2.0;0.0;2.0;1.0;0.0;0.0;2.0;1.0;0.0;1.0;0.0;0.0;0.0;0.0;2.0;0.0
12123075001;1.0;0.0;0.0;0.0;3.0;1.0;0.0;1.0;0.0;0.0;2.0;1.0;3.0;2.0;2.0;0.0;0.0;0.0
12123077001;3.0;1.0;1.0;2.0;1.0;1.0;1.0;4.0;3.0;2.0;2.0;1.0;0.0;0.0;1.0;0.0;1.0;0.0
12123079001;0.0;1.0;0.0;1.0;0.0;1.0;0.0;1.0;4.0;1.0;1.0;2.0;0.0;0.0;1.0;0.0;1.0;0.0
12123080001;0.0;3.0;0.0;0.0;0.0;0.0;0.0;1.0;0.0;0.0;0.0;1.0;0.0;0.0;0.0;0.0;0.0;0.0
12123085001;0.0;1.0;0.0;1.0;0.0;2.0;2.0;1.0;0.0;0.0;0.0;1.0;3.0;0.0;2.0;0.0;1.0;0.0
12123086001;1.0;2.0;2.0;1.0;3.0;2.0;1.0;0.0;1.0;0.0;2.0;4.0;1.0;2.0;1.0;1.0;4.0;0.0
12123090001;0.0;0.0;0.0;0.0;0.0;0.0;0.0;1.0;0.0;0.0;1.0;0.0;0.0;1.0;0.0;0.0;0.0;0.0
12123096001;1.0;0.0;0.0;0.0;0.0;0.0;0.0;0.0;0.0;0.0;0.0;0.0;0.0;1.0;0.0;1.0;1.0;0.0
12123109001;1.0;0.0;0.0;0.0;0.0;0.0;0.0;0.0;1.0;0.0;0.0;0.0;0.0;0.0;0.0;0.0;0.0;0.0
12123127001;1.0;0.0;0.0;0.0;0.0;0.0;0.0;0.0;0.0;1.0;0.0;1.0;0.0;0.0;2.0;0.0;0.0;0.0
12123128001;2.0;0.0;0.0;0.0;0.0;0.0;0.0;2.0;0.0;1.0;0.0;0.0;0.0;0.0;1.0;0.0;0.0;0.0
12123131001;0.0;0.0;0.0;0.0;0.0;1.0;0.0;0.0;0.0;0.0;0.0;2.0;0.0;2.0;0.0;0.0;0.0;0.0
12123132001;0.0;0.0;0.0;0.0;0.0;0.0;0.0;0.0;1.0;0.0;0.0;0.0;0.0;1.0;0.0;0.0;0.0;0.0
12123133001;1.0;0.0;0.0;0.0;0.0;0.0;0.0;1.0;0.0;0.0;1.0;0.0;0.0;0.0;0.0;0.0;0.0;0.0
12123147001;2.0;1.0;1.0;0.0;1.0;0.0;2.0;0.0;0.0;0.0;0.0;0.0;0.0;0.0;0.0;0.0;0.0;0.0
12123151001;0.0;0.0;0.0;0.0;0.0;0.0;0.0;0.0;0.0;0.0;0.0;0.0;0.0;0.0;1.0;0.0;0.0;0.0
12123897001;1.0;1.0;0.0;0.0;0.0;0.0;0.0;4.0;2.0;0.0;1.0;0.0;2.0;5.0;2.0;0.0;2.0;0.0
12123898001;0.0;0.0;1.0;0.0;1.0;0.0;0.0;3.0;0.0;0.0;0.0;1.0;1.0;0.0;0.0;0.0;0.0;0.0
12125001001;1.0;2.0;1.0;0.0;1.0;1.0;0.0;1.0;1.0;0.0;0.0;2.0;0.0;0.0;0.0;0.0;1.0;0.0
12125004001;2.0;2.0;0.0;0.0;2.0;0.0;0.0;1.0;1.0;0.0;0.0;0.0;1.0;1.0;0.0;0.0;0.0;0.0
12125005001;0.0;0.0;0.0;0.0;0.0;1.0;0.0;0.0;0.0;0.0;0.0;0.0;0.0;0.0;0.0;0.0;0.0;0.0
12125006001;2.0;1.0;0.0;1.0;0.0;0.0;0.0;0.0;1.0;0.0;0.0;1.0;2.0;1.0;0.0;0.0;1.0;0.0
12130001001;0.0;1.0;0.0;0.0;1.0;0.0;1.0;1.0;0.0;0.0;0.0;0.0;0.0;1.0;0.0;0.0;0.0;0.0
12130004001;0.0;0.0;0.0;0.0;0.0;0.0;0.0;0.0;1.0;1.0;2.0;2.0;2.0;6.0;1.0;0.0;2.0;0.0
12130008001;5.0;1.0;4.0;6.0;0.0;2.0;3.0;1.0;1.0;8.0;5.0;8.0;1.0;0.0;3.0;2.0;2.0;0.0
12130010001;2.0;1.0;2.0;1.0;2.0;0.0;1.0;1.0;2.0;2.0;2.0;0.0;1.0;0.0;0.0;0.0;1.0;0.0
12130011001;0.0;0.0;0.0;0.0;1.0;0.0;0.0;1.0;0.0;0.0;0.0;0.0;0.0;0.0;0.0;0.0;0.0;0.0
12130012001;0.0;0.0;0.0;0.0;0.0;0.0;0.0;0.0;0.0;0.0;0.0;1.0;0.0;0.0;1.0;0.0;2.0;0.0
12130016001;0.0;0.0;1.0;0.0;2.0;1.0;0.0;0.0;0.0;0.0;0.0;0.0;1.0;0.0;1.0;0.0;1.0;0.0
12130026001;2.0;0.0;1.0;3.0;1.0;4.0;1.0;2.0;2.0;3.0;3.0;2.0;0.0;2.0;9.0;0.0;1.0;0.0
12130031001;1.0;1.0;1.0;0.0;1.0;0.0;0.0;0.0;0.0;1.0;1.0;0.0;1.0;0.0;1.0;1.0;1.0;0.0
12130035001;0.0;0.0;0.0;1.0;1.0;0.0;0.0;0.0;0.0;0.0;0.0;0.0;1.0;1.0;0.0;0.0;0.0;0.0
12130041001;1.0;0.0;0.0;0.0;0.0;0.0;0.0;0.0;0.0;0.0;0.0;0.0;0.0;0.0;0.0;0.0;0.0;0.0
12130045001;0.0;0.0;1.0;1.0;1.0;0.0;2.0;3.0;1.0;3.0;2.0;4.0;1.0;3.0;2.0;0.0;3.0;0.0
12130047001;0.0;0.0;0.0;0.0;0.0;0.0;0.0;0.0;0.0;0.0;0.0;0.0;3.0;1.0;2.0;0.0;0.0;0.0
12130048001;0.0;0.0;0.0;0.0;0.0;0.0;0.0;0.0;1.0;1.0;0.0;0.0;0.0;0.0;0.0;0.0;0.0;0.0
12130049001;0.0;0.0;2.0;0.0;2.0;0.0;1.0;0.0;0.0;0.0;0.0;0.0;1.0;0.0;0.0;1.0;0.0;0.0
12130052001;0.0;0.0;0.0;0.0;0.0;0.0;0.0;0.0;0.0;0.0;0.0;0.0;0.0;0.0;1.0;0.0;2.0;0.0
12130071001;0.0;0.0;0.0;0.0;1.0;1.0;0.0;0.0;0.0;0.0;0.0;0.0;0.0;0.0;0.0;0.0;0.0;0.0
12130075001;0.0;2.0;0.0;1.0;2.0;1.0;0.0;0.0;0.0;2.0;1.0;2.0;2.0;2.0;1.0;0.0;2.0;0.0
12130084001;0.0;0.0;0.0;0.0;0.0;0.0;0.0;0.0;0.0;0.0;1.0;0.0;0.0;0.0;0.0;0.0;0.0;0.0
12130085001;0.0;0.0;0.0;1.0;1.0;0.0;0.0;0.0;0.0;0.0;0.0;0.0;0.0;0.0;1.0;0.0;0.0;0.0
12130086001;2.0;0.0;1.0;0.0;2.0;1.0;1.0;0.0;0.0;0.0;0.0;0.0;1.0;3.0;1.0;0.0;1.0;0.0
12130088001;0.0;0.0;0.0;0.0;0.0;0.0;1.0;0.0;0.0;0.0;0.0;1.0;0.0;0.0;0.0;0.0;0.0;0.0
12130089001;0.0;0.0;0.0;0.0;0.0;1.0;0.0;0.0;0.0;0.0;1.0;0.0;0.0;0.0;0.0;0.0;0.0;0.0
12130111001;0.0;0.0;0.0;0.0;0.0;1.0;0.0;1.0;0.0;0.0;0.0;0.0;0.0;0.0;0.0;0.0;0.0;0.0
12130112001;0.0;0.0;0.0;0.0;0.0;0.0;0.0;1.0;0.0;0.0;1.0;0.0;0.0;0.0;0.0;0.0;0.0;0.0
12150005001;0.0;1.0;2.0;0.0;0.0;0.0;1.0;0.0;0.0;0.0;0.0;0.0;0.0;0.0;0.0;0.0;0.0;0.0
12150007001;0.0;1.0;0.0;0.0;1.0;0.0;0.0;0.0;0.0;0.0;0.0;0.0;0.0;0.0;0.0;0.0;0.0;0.0
12150009001;1.0;4.0;0.0;1.0;1.0;1.0;0.0;2.0;1.0;0.0;1.0;1.0;1.0;0.0;1.0;0.0;0.0;0.0
12150016001;0.0;1.0;0.0;2.0;1.0;1.0;0.0;2.0;1.0;0.0;2.0;0.0;1.0;0.0;1.0;0.0;0.0;0.0
12150039001;0.0;1.0;1.0;0.0;0.0;0.0;0.0;0.0;0.0;0.0;0.0;0.0;0.0;0.0;0.0;0.0;0.0;0.0
12151006001;0.0;0.0;0.0;1.0;0.0;0.0;0.0;0.0;0.0;0.0;0.0;0.0;0.0;0.0;0.0;0.0;0.0;0.0
12151015001;2.0;1.0;1.0;1.0;1.0;0.0;0.0;0.0;0.0;0.0;1.0;1.0;1.0;0.0;1.0;0.0;3.0;0.0
12151088001;0.0;0.0;0.0;0.0;0.0;0.0;0.0;0.0;1.0;0.0;0.0;0.0;0.0;0.0;0.0;0.0;0.0;0.0
12151089001;0.0;0.0;0.0;0.0;1.0;0.0;0.0;1.0;0.0;0.0;0.0;0.0;0.0;0.0;0.0;0.0;0.0;0.0
12151092001;0.0;0.0;0.0;0.0;1.0;0.0;1.0;1.0;0.0;0.0;0.0;0.0;0.0;0.0;1.0;0.0;0.0;0.0
12151094001;0.0;0.0;0.0;1.0;1.0;0.0;1.0;0.0;1.0;0.0;0.0;0.0;0.0;0.0;0.0;0.0;0.0;0.0
12151096001;0.0;0.0;1.0;0.0;1.0;0.0;1.0;0.0;0.0;0.0;2.0;0.0;0.0;0.0;0.0;0.0;0.0;0.0
12151110001;1.0;0.0;0.0;0.0;0.0;0.0;1.0;0.0;0.0;0.0;0.0;0.0;0.0;0.0;0.0;0.0;0.0;0.0
12152004001;0.0;0.0;0.0;0.0;1.0;1.0;0.0;0.0;0.0;0.0;0.0;0.0;0.0;0.0;0.0;0.0;0.0;0.0
12152062001;0.0;0.0;0.0;0.0;0.0;0.0;1.0;0.0;0.0;0.0;1.0;0.0;0.0;1.0;0.0;0.0;0.0;0.0
12201064001;1.0;0.0;0.0;0.0;0.0;1.0;0.0;0.0;0.0;0.0;2.0;1.0;0.0;1.0;0.0;3.0;0.0;0.0
12201067001;2.0;3.0;1.0;1.0;0.0;0.0;0.0;0.0;0.0;1.0;2.0;1.0;2.0;3.0;1.0;3.0;0.0;0.0
12201080001;2.0;1.0;3.0;3.0;1.0;2.0;0.0;1.0;2.0;0.0;0.0;0.0;1.0;7.0;2.0;0.0;0.0;0.0
12201084001;7.0;4.0;8.0;1.0;9.0;9.0;3.0;16.0;4.0;0.0;5.0;11.0;13.0;17.0;12.0;2.0;5.0;0.0
12201099001;0.0;1.0;0.0;0.0;0.0;0.0;0.0;0.0;0.0;0.0;0.0;0.0;0.0;0.0;0.0;0.0;0.0;0.0
12201103001;19.0;10.0;9.0;5.0;13.0;7.0;3.0;5.0;11.0;10.0;5.0;7.0;5.0;12.0;6.0;0.0;10.0;0.0
12201104001;3.0;0.0;0.0;5.0;9.0;5.0;4.0;8.0;17.0;12.0;6.0;4.0;14.0;6.0;2.0;6.0;0.0;0.0
12201110001;0.0;1.0;0.0;0.0;0.0;0.0;0.0;1.0;1.0;1.0;0.0;0.0;0.0;2.0;0.0;6.0;0.0;0.0
12201111001;0.0;0.0;0.0;0.0;1.0;0.0;0.0;1.0;0.0;1.0;0.0;0.0;0.0;0.0;0.0;0.0;0.0;0.0
12201112001;0.0;0.0;0.0;0.0;0.0;1.0;0.0;1.0;1.0;0.0;0.0;0.0;2.0;3.0;0.0;0.0;0.0;0.0
12201129001;0.0;0.0;0.0;0.0;0.0;0.0;0.0;0.0;0.0;0.0;0.0;0.0;0.0;0.0;0.0;1.0;0.0;0.0
12211017001;0.0;0.0;0.0;0.0;0.0;0.0;0.0;0.0;0.0;0.0;2.0;2.0;2.0;0.0;0.0;0.0;0.0;0.0
12212003001;0.0;0.0;0.0;0.0;2.0;1.0;0.0;0.0;0.0;0.0;0.0;0.0;0.0;0.0;0.0;0.0;0.0;0.0
12212005001;5.0;5.0;3.0;3.0;2.0;4.0;0.0;5.0;1.0;1.0;0.0;3.0;1.0;1.0;6.0;2.0;1.0;0.0
12212006001;0.0;1.0;1.0;1.0;0.0;1.0;0.0;1.0;0.0;0.0;2.0;0.0;0.0;0.0;4.0;0.0;0.0;0.0
12212010001;1.0;0.0;0.0;0.0;0.0;0.0;0.0;0.0;0.0;0.0;0.0;0.0;0.0;0.0;0.0;0.0;0.0;0.0
12212011001;1.0;1.0;1.0;0.0;1.0;0.0;0.0;0.0;2.0;1.0;0.0;1.0;1.0;3.0;0.0;0.0;1.0;0.0
12212017001;0.0;1.0;1.0;0.0;0.0;0.0;1.0;0.0;1.0;0.0;0.0;0.0;0.0;0.0;0.0;0.0;0.0;0.0
12212020001;1.0;0.0;0.0;0.0;1.0;0.0;1.0;0.0;0.0;0.0;0.0;0.0;0.0;0.0;0.0;0.0;2.0;0.0
12212030001;0.0;1.0;0.0;0.0;1.0;0.0;0.0;0.0;0.0;0.0;0.0;0.0;0.0;1.0;0.0;0.0;0.0;0.0
12212033001;10.0;5.0;10.0;6.0;8.0;5.0;3.0;10.0;5.0;10.0;3.0;5.0;3.0;1.0;2.0;1.0;1.0;0.0
12212035001;2.0;2.0;4.0;3.0;1.0;0.0;0.0;1.0;1.0;1.0;1.0;3.0;0.0;2.0;3.0;1.0;3.0;0.0
12212036001;0.0;0.0;0.0;0.0;1.0;0.0;0.0;0.0;0.0;0.0;0.0;1.0;0.0;1.0;0.0;0.0;1.0;0.0
12212037001;0.0;0.0;1.0;0.0;1.0;0.0;0.0;0.0;0.0;0.0;0.0;0.0;1.0;0.0;0.0;0.0;1.0;0.0
12212040001;0.0;0.0;1.0;0.0;0.0;1.0;1.0;0.0;1.0;0.0;0.0;1.0;0.0;1.0;0.0;0.0;2.0;0.0
12212056001;0.0;0.0;1.0;0.0;0.0;2.0;0.0;2.0;0.0;0.0;0.0;0.0;1.0;1.0;1.0;0.0;0.0;0.0
12212057001;0.0;0.0;0.0;0.0;1.0;0.0;0.0;0.0;0.0;0.0;0.0;0.0;1.0;0.0;1.0;0.0;0.0;0.0
12212058001;0.0;0.0;2.0;0.0;0.0;0.0;0.0;0.0;0.0;0.0;0.0;0.0;2.0;0.0;0.0;0.0;0.0;0.0
12212059001;1.0;0.0;0.0;1.0;0.0;0.0;0.0;1.0;1.0;0.0;0.0;0.0;0.0;1.0;2.0;0.0;2.0;0.0
12212061001;2.0;3.0;1.0;4.0;2.0;2.0;1.0;2.0;3.0;0.0;5.0;2.0;4.0;8.0;4.0;1.0;4.0;0.0
12212062001;0.0;0.0;0.0;2.0;0.0;1.0;0.0;0.0;0.0;1.0;0.0;0.0;0.0;0.0;2.0;0.0;2.0;0.0
12212069001;1.0;1.0;2.0;0.0;3.0;1.0;0.0;2.0;3.0;0.0;0.0;3.0;1.0;2.0;1.0;2.0;0.0;0.0
12230008001;1.0;0.0;0.0;0.0;0.0;0.0;0.0;0.0;0.0;0.0;0.0;0.0;0.0;0.0;0.0;0.0;0.0;0.0
12231005001;0.0;0.0;0.0;0.0;0.0;0.0;0.0;0.0;0.0;0.0;0.0;0.0;1.0;0.0;0.0;0.0;0.0;0.0
12232999001;2.0;0.0;0.0;0.0;1.0;0.0;1.0;0.0;1.0;0.0;1.0;0.0;2.0;1.0;0.0;0.0;0.0;0.0
12233011001;0.0;0.0;0.0;0.0;0.0;0.0;0.0;0.0;0.0;0.0;0.0;0.0;0.0;0.0;0.0;1.0;0.0;0.0
12233023001;0.0;2.0;1.0;0.0;1.0;0.0;1.0;1.0;2.0;1.0;2.0;2.0;5.0;2.0;1.0;0.0;0.0;0.0
12233034001;1.0;0.0;1.0;1.0;0.0;0.0;0.0;0.0;0.0;0.0;0.0;0.0;0.0;0.0;0.0;0.0;0.0;0.0
12233035001;0.0;0.0;0.0;0.0;0.0;0.0;0.0;1.0;0.0;0.0;1.0;0.0;0.0;0.0;0.0;0.0;0.0;0.0
12234005001;0.0;0.0;0.0;0.0;0.0;0.0;0.0;0.0;0.0;1.0;0.0;0.0;0.0;0.0;0.0;0.0;0.0;0.0
12234029001;1.0;3.0;3.0;1.0;2.0;4.0;0.0;2.0;2.0;0.0;3.0;2.0;1.0;1.0;0.0;0.0;0.0;0.0
12234038001;0.0;0.0;0.0;0.0;0.0;0.0;0.0;0.0;0.0;1.0;0.0;0.0;1.0;0.0;0.0;0.0;0.0;0.0
12234901001;0.0;0.0;0.0;0.0;0.0;0.0;0.0;0.0;0.0;2.0;0.0;0.0;0.0;0.0;0.0;0.0;0.0;0.0
12234915001;0.0;0.0;0.0;0.0;0.0;0.0;0.0;0.0;0.0;1.0;0.0;0.0;0.0;1.0;0.0;0.0;0.0;0.0
12234920001;0.0;0.0;0.0;0.0;0.0;0.0;0.0;0.0;0.0;0.0;0.0;0.0;0.0;1.0;0.0;0.0;0.0;0.0
12234921001;0.0;0.0;0.0;0.0;0.0;0.0;0.0;0.0;0.0;0.0;0.0;0.0;0.0;1.0;0.0;0.0;0.0;0.0
12301001001;2.0;4.0;1.0;1.0;0.0;4.0;0.0;3.0;1.0;0.0;1.0;0.0;0.0;2.0;1.0;0.0;0.0;0.0
12301004001;0.0;0.0;1.0;0.0;0.0;0.0;0.0;0.0;0.0;1.0;0.0;1.0;1.0;0.0;0.0;0.0;0.0;0.0
12301010001;1.0;0.0;2.0;0.0;1.0;0.0;0.0;0.0;1.0;2.0;0.0;0.0;0.0;1.0;0.0;0.0;0.0;0.0
12301011001;3.0;3.0;2.0;2.0;2.0;4.0;2.0;0.0;1.0;1.0;3.0;1.0;2.0;7.0;2.0;3.0;3.0;0.0
12301023001;1.0;1.0;0.0;1.0;0.0;0.0;0.0;0.0;0.0;1.0;0.0;0.0;0.0;0.0;0.0;0.0;0.0;0.0
12301027001;0.0;0.0;0.0;0.0;0.0;0.0;0.0;0.0;1.0;0.0;1.0;1.0;1.0;1.0;0.0;0.0;0.0;0.0
12302044001;0.0;0.0;0.0;0.0;0.0;0.0;0.0;0.0;0.0;0.0;0.0;0.0;1.0;0.0;1.0;0.0;0.0;0.0
12302047001;0.0;0.0;0.0;1.0;0.0;0.0;0.0;0.0;0.0;0.0;0.0;0.0;0.0;0.0;0.0;0.0;0.0;0.0
12320030001;0.0;0.0;0.0;0.0;0.0;0.0;0.0;0.0;0.0;1.0;0.0;0.0;0.0;0.0;0.0;0.0;1.0;0.0
12321040001;0.0;0.0;0.0;0.0;0.0;1.0;0.0;0.0;1.0;0.0;0.0;0.0;0.0;0.0;0.0;0.0;0.0;0.0
12323010001;0.0;0.0;0.0;0.0;0.0;0.0;0.0;0.0;0.0;0.0;0.0;1.0;0.0;0.0;1.0;0.0;0.0;0.0
12324139001;0.0;0.0;0.0;0.0;0.0;0.0;0.0;0.0;0.0;1.0;0.0;0.0;0.0;1.0;0.0;0.0;0.0;0.0
12325047001;1.0;0.0;0.0;0.0;0.0;0.0;0.0;0.0;0.0;0.0;0.0;0.0;0.0;1.0;0.0;0.0;0.0;0.0
12326002001;0.0;0.0;0.0;0.0;0.0;1.0;0.0;0.0;0.0;0.0;0.0;0.0;0.0;0.0;0.0;0.0;0.0;0.0
12326005001;0.0;0.0;0.0;0.0;0.0;0.0;0.0;0.0;1.0;0.0;0.0;0.0;0.0;0.0;0.0;0.0;0.0;0.0
12326090001;0.0;0.0;0.0;0.0;0.0;0.0;0.0;0.0;0.0;0.0;0.0;0.0;0.0;1.0;0.0;0.0;0.0;0.0
12326152001;0.0;3.0;1.0;3.0;0.0;0.0;1.0;0.0;1.0;0.0;0.0;0.0;0.0;0.0;0.0;0.0;0.0;0.0
12326167001;0.0;0.0;0.0;0.0;0.0;0.0;0.0;0.0;0.0;0.0;1.0;0.0;0.0;0.0;0.0;0.0;0.0;0.0
12327002001;0.0;0.0;0.0;0.0;0.0;1.0;0.0;0.0;1.0;0.0;0.0;0.0;0.0;0.0;0.0;0.0;0.0;0.0
12327007001;1.0;0.0;0.0;0.0;0.0;1.0;0.0;0.0;1.0;0.0;0.0;0.0;0.0;0.0;0.0;0.0;0.0;0.0
12327009001;0.0;1.0;0.0;0.0;0.0;0.0;0.0;0.0;2.0;1.0;1.0;0.0;0.0;0.0;1.0;0.0;0.0;0.0
12327014001;0.0;0.0;0.0;0.0;0.0;1.0;0.0;0.0;0.0;0.0;0.0;0.0;0.0;0.0;0.0;0.0;0.0;0.0
12327015001;0.0;0.0;0.0;0.0;0.0;0.0;0.0;0.0;1.0;0.0;0.0;0.0;0.0;0.0;0.0;0.0;0.0;0.0
12327022001;0.0;0.0;0.0;0.0;0.0;0.0;0.0;0.0;1.0;0.0;0.0;0.0;0.0;0.0;0.0;0.0;0.0;0.0
12327023001;0.0;0.0;1.0;0.0;0.0;0.0;0.0;2.0;0.0;0.0;0.0;0.0;0.0;0.0;0.0;0.0;0.0;0.0
12327025001;0.0;0.0;0.0;0.0;2.0;0.0;2.0;2.0;0.0;1.0;0.0;0.0;0.0;1.0;0.0;0.0;0.0;0.0
12327027001;0.0;0.0;0.0;0.0;0.0;0.0;0.0;0.0;0.0;1.0;0.0;0.0;0.0;0.0;0.0;0.0;3.0;0.0
12327028001;0.0;0.0;0.0;0.0;0.0;0.0;0.0;0.0;0.0;0.0;0.0;0.0;0.0;1.0;0.0;0.0;0.0;0.0
12327040001;0.0;0.0;0.0;0.0;0.0;0.0;0.0;0.0;0.0;0.0;1.0;0.0;0.0;0.0;1.0;0.0;2.0;0.0
12327048001;0.0;0.0;0.0;1.0;1.0;0.0;0.0;1.0;0.0;1.0;0.0;1.0;0.0;1.0;0.0;0.0;0.0;0.0
12327050001;0.0;1.0;2.0;0.0;0.0;0.0;0.0;0.0;0.0;2.0;0.0;2.0;0.0;1.0;1.0;0.0;0.0;0.0
12327052001;0.0;0.0;0.0;1.0;0.0;0.0;0.0;1.0;1.0;0.0;0.0;0.0;0.0;0.0;0.0;0.0;0.0;0.0
12327056001;0.0;1.0;0.0;0.0;0.0;0.0;0.0;0.0;0.0;0.0;0.0;0.0;0.0;0.0;0.0;1.0;0.0;0.0
12327057001;0.0;0.0;0.0;0.0;0.0;0.0;1.0;5.0;12.0;6.0;1.0;0.0;2.0;1.0;0.0;0.0;0.0;0.0
12327058001;0.0;0.0;0.0;0.0;0.0;0.0;0.0;0.0;0.0;0.0;0.0;0.0;0.0;0.0;0.0;0.0;1.0;0.0
12327059001;0.0;1.0;0.0;0.0;0.0;1.0;0.0;0.0;0.0;0.0;0.0;0.0;0.0;1.0;0.0;0.0;0.0;0.0
12327062001;0.0;0.0;0.0;0.0;1.0;1.0;1.0;0.0;0.0;0.0;0.0;0.0;0.0;1.0;0.0;0.0;1.0;0.0
12327063001;0.0;0.0;0.0;0.0;0.0;0.0;0.0;0.0;0.0;0.0;0.0;0.0;0.0;0.0;0.0;0.0;2.0;0.0
12327064001;0.0;0.0;0.0;0.0;0.0;0.0;0.0;0.0;1.0;0.0;1.0;0.0;1.0;0.0;0.0;0.0;0.0;0.0
12327077001;0.0;0.0;0.0;0.0;0.0;0.0;0.0;0.0;0.0;0.0;0.0;0.0;0.0;0.0;0.0;0.0;2.0;0.0
12327088001;1.0;0.0;0.0;0.0;1.0;0.0;0.0;0.0;0.0;0.0;1.0;0.0;0.0;0.0;1.0;0.0;0.0;0.0
12343304001;0.0;0.0;0.0;0.0;0.0;0.0;0.0;0.0;0.0;0.0;0.0;0.0;0.0;1.0;0.0;0.0;0.0;0.0
12344036001;0.0;0.0;0.0;0.0;0.0;0.0;0.0;0.0;0.0;0.0;0.0;0.0;0.0;1.0;0.0;0.0;0.0;0.0
12344037001;0.0;0.0;0.0;0.0;0.0;0.0;0.0;0.0;0.0;0.0;0.0;0.0;0.0;1.0;0.0;1.0;0.0;0.0
14000002001;5.0;6.0;7.0;5.0;2.0;0.0;2.0;1.0;4.0;2.0;3.0;9.0;6.0;4.0;16.0;4.0;8.0;0.0
14000003001;0.0;1.0;0.0;0.0;1.0;0.0;0.0;0.0;0.0;0.0;0.0;0.0;1.0;3.0;13.0;8.0;18.0;0.0
14000006001;2.0;4.0;4.0;6.0;4.0;5.0;0.0;8.0;8.0;23.0;21.0;20.0;19.0;15.0;50.0;26.0;41.0;0.0
14000008001;0.0;1.0;0.0;0.0;0.0;0.0;0.0;2.0;0.0;2.0;0.0;0.0;1.0;0.0;0.0;2.0;0.0;0.0
14000010001;1.0;0.0;3.0;1.0;0.0;1.0;2.0;3.0;2.0;4.0;4.0;11.0;3.0;2.0;14.0;6.0;3.0;0.0
14000011001;4.0;8.0;24.0;13.0;21.0;7.0;5.0;8.0;6.0;13.0;8.0;13.0;10.0;7.0;11.0;5.0;9.0;0.0
14000014001;3.0;5.0;10.0;9.0;4.0;0.0;2.0;2.0;5.0;2.0;2.0;7.0;8.0;3.0;16.0;9.0;8.0;0.0
14000015001;1.0;3.0;0.0;0.0;0.0;0.0;1.0;1.0;0.0;2.0;1.0;2.0;0.0;1.0;6.0;3.0;1.0;0.0
14000018001;1.0;3.0;4.0;3.0;5.0;1.0;1.0;1.0;2.0;1.0;2.0;3.0;0.0;0.0;6.0;0.0;1.0;0.0
14000020001;0.0;0.0;0.0;0.0;0.0;0.0;0.0;0.0;0.0;0.0;0.0;0.0;0.0;0.0;0.0;0.0;1.0;0.0
14000021001;3.0;2.0;5.0;4.0;2.0;1.0;3.0;1.0;2.0;1.0;0.0;0.0;3.0;3.0;5.0;1.0;5.0;0.0
14000022001;5.0;4.0;6.0;6.0;13.0;5.0;2.0;13.0;8.0;10.0;12.0;10.0;15.0;3.0;9.0;2.0;11.0;0.0
14000023001;1.0;0.0;0.0;0.0;0.0;0.0;0.0;0.0;0.0;0.0;0.0;0.0;0.0;0.0;0.0;0.0;1.0;0.0
14000027001;2.0;2.0;1.0;2.0;2.0;1.0;0.0;5.0;4.0;6.0;4.0;14.0;5.0;3.0;10.0;5.0;8.0;0.0
14000032001;5.0;10.0;19.0;17.0;19.0;4.0;7.0;12.0;11.0;17.0;17.0;25.0;11.0;8.0;40.0;25.0;33.0;0.0
14000033001;6.0;3.0;1.0;2.0;8.0;1.0;1.0;4.0;5.0;4.0;7.0;6.0;4.0;4.0;7.0;6.0;10.0;0.0
14000036001;1.0;1.0;0.0;1.0;1.0;1.0;0.0;1.0;1.0;2.0;0.0;0.0;0.0;0.0;1.0;0.0;0.0;0.0
14000039001;12.0;16.0;15.0;16.0;21.0;7.0;7.0;12.0;22.0;23.0;18.0;26.0;21.0;13.0;37.0;16.0;18.0;0.0
14000040001;2.0;1.0;2.0;6.0;4.0;2.0;0.0;4.0;3.0;11.0;12.0;9.0;7.0;2.0;9.0;5.0;13.0;0.0
14000041001;2.0;2.0;2.0;1.0;1.0;1.0;0.0;5.0;2.0;6.0;4.0;12.0;4.0;2.0;9.0;8.0;7.0;0.0
14000042001;6.0;2.0;7.0;9.0;6.0;4.0;3.0;4.0;13.0;10.0;4.0;11.0;4.0;4.0;12.0;4.0;6.0;0.0
14000043001;4.0;5.0;4.0;5.0;9.0;1.0;4.0;2.0;3.0;7.0;5.0;4.0;6.0;4.0;16.0;2.0;5.0;0.0
14000050001;4.0;2.0;3.0;1.0;0.0;1.0;1.0;0.0;3.0;4.0;4.0;1.0;2.0;1.0;5.0;0.0;4.0;0.0
14000055001;0.0;1.0;3.0;0.0;2.0;0.0;0.0;0.0;0.0;2.0;0.0;1.0;2.0;0.0;4.0;3.0;4.0;0.0
14000057001;21.0;31.0;27.0;42.0;37.0;13.0;13.0;17.0;20.0;20.0;25.0;37.0;25.0;13.0;65.0;31.0;51.0;0.0
14000060001;11.0;2.0;4.0;2.0;8.0;3.0;0.0;6.0;8.0;1.0;5.0;5.0;9.0;6.0;11.0;8.0;10.0;0.0
14000061001;2.0;1.0;3.0;3.0;1.0;1.0;1.0;0.0;3.0;3.0;2.0;0.0;3.0;1.0;2.0;3.0;1.0;0.0
14000066001;2.0;1.0;0.0;5.0;4.0;0.0;1.0;1.0;0.0;1.0;0.0;0.0;0.0;0.0;0.0;1.0;1.0;0.0
14000067001;0.0;0.0;0.0;0.0;0.0;0.0;0.0;0.0;1.0;2.0;1.0;2.0;2.0;0.0;2.0;0.0;2.0;0.0
14000071001;2.0;4.0;4.0;3.0;6.0;6.0;0.0;7.0;1.0;4.0;11.0;15.0;10.0;5.0;13.0;7.0;7.0;0.0
14000073001;5.0;5.0;5.0;10.0;11.0;2.0;2.0;8.0;7.0;10.0;16.0;24.0;11.0;20.0;20.0;17.0;23.0;0.0
14000075001;6.0;4.0;8.0;15.0;9.0;4.0;5.0;6.0;4.0;4.0;4.0;12.0;5.0;3.0;12.0;7.0;6.0;0.0
14000098001;2.0;0.0;0.0;1.0;2.0;0.0;0.0;0.0;0.0;3.0;0.0;1.0;0.0;0.0;2.0;0.0;0.0;0.0
14000099001;0.0;1.0;1.0;0.0;0.0;0.0;0.0;0.0;1.0;0.0;0.0;1.0;0.0;0.0;2.0;0.0;1.0;0.0
14000102001;2.0;2.0;0.0;0.0;2.0;0.0;0.0;0.0;0.0;0.0;0.0;1.0;0.0;0.0;1.0;1.0;1.0;0.0
14000106001;0.0;0.0;0.0;0.0;0.0;0.0;0.0;0.0;0.0;0.0;2.0;2.0;0.0;1.0;4.0;3.0;1.0;0.0
14000123001;3.0;0.0;5.0;2.0;3.0;0.0;1.0;4.0;6.0;2.0;2.0;2.0;3.0;0.0;9.0;3.0;3.0;0.0
14000131001;0.0;0.0;0.0;0.0;0.0;0.0;0.0;1.0;1.0;2.0;1.0;3.0;2.0;0.0;3.0;1.0;1.0;0.0
14000196001;15.0;8.0;13.0;12.0;7.0;0.0;2.0;23.0;12.0;3.0;11.0;12.0;2.0;17.0;26.0;14.0;16.0;0.0
14000197001;13.0;13.0;20.0;28.0;21.0;10.0;13.0;7.0;12.0;3.0;18.0;23.0;10.0;13.0;37.0;12.0;19.0;0.0
14000219001;0.0;0.0;0.0;0.0;0.0;0.0;0.0;0.0;0.0;0.0;1.0;0.0;0.0;1.0;0.0;0.0;0.0;0.0
14000220001;2.0;2.0;4.0;3.0;2.0;2.0;1.0;1.0;0.0;0.0;0.0;0.0;0.0;0.0;0.0;0.0;0.0;0.0
14001001001;0.0;0.0;0.0;0.0;0.0;0.0;0.0;0.0;0.0;0.0;0.0;0.0;0.0;3.0;2.0;1.0;5.0;0.0
14001002001;6.0;3.0;1.0;4.0;2.0;1.0;0.0;4.0;4.0;2.0;4.0;8.0;2.0;1.0;5.0;2.0;6.0;0.0
14001003001;0.0;1.0;2.0;4.0;4.0;1.0;1.0;4.0;5.0;2.0;1.0;3.0;1.0;1.0;3.0;0.0;1.0;0.0
14001007001;4.0;1.0;0.0;1.0;3.0;1.0;4.0;4.0;2.0;5.0;0.0;1.0;2.0;3.0;1.0;0.0;2.0;0.0
14001008001;0.0;2.0;1.0;2.0;4.0;1.0;1.0;1.0;2.0;1.0;2.0;4.0;2.0;2.0;1.0;4.0;0.0;0.0
14001009001;1.0;2.0;2.0;4.0;0.0;1.0;1.0;6.0;4.0;3.0;1.0;3.0;4.0;5.0;5.0;1.0;6.0;0.0
14001010001;0.0;0.0;0.0;1.0;0.0;1.0;2.0;1.0;2.0;2.0;0.0;1.0;3.0;1.0;1.0;4.0;1.0;0.0
14001012001;11.0;9.0;3.0;6.0;12.0;1.0;6.0;9.0;8.0;6.0;9.0;8.0;6.0;4.0;8.0;4.0;4.0;0.0
14001014001;0.0;0.0;0.0;0.0;0.0;0.0;0.0;0.0;0.0;0.0;0.0;0.0;0.0;0.0;0.0;2.0;1.0;0.0
14001017001;10.0;7.0;8.0;6.0;11.0;1.0;9.0;6.0;5.0;8.0;8.0;15.0;13.0;7.0;22.0;7.0;15.0;0.0
14001018001;3.0;0.0;0.0;2.0;1.0;0.0;2.0;1.0;1.0;5.0;2.0;5.0;1.0;2.0;5.0;3.0;2.0;0.0
14001019001;0.0;0.0;4.0;1.0;4.0;2.0;1.0;0.0;1.0;1.0;0.0;1.0;0.0;0.0;2.0;1.0;1.0;0.0
14001029001;0.0;2.0;1.0;0.0;1.0;1.0;1.0;0.0;0.0;0.0;0.0;0.0;0.0;1.0;3.0;1.0;1.0;0.0
14001030001;0.0;1.0;1.0;1.0;2.0;1.0;0.0;3.0;4.0;1.0;1.0;6.0;4.0;0.0;6.0;1.0;2.0;0.0
14001031001;5.0;6.0;4.0;4.0;1.0;2.0;1.0;0.0;1.0;3.0;6.0;3.0;0.0;1.0;6.0;3.0;5.0;0.0
14001033001;2.0;2.0;0.0;0.0;2.0;0.0;0.0;2.0;4.0;1.0;4.0;3.0;1.0;2.0;3.0;1.0;3.0;0.0
14001034001;4.0;5.0;2.0;0.0;5.0;4.0;2.0;4.0;2.0;5.0;6.0;9.0;3.0;2.0;6.0;4.0;7.0;0.0
14001036001;5.0;5.0;1.0;1.0;3.0;1.0;2.0;1.0;3.0;2.0;4.0;0.0;2.0;1.0;3.0;2.0;8.0;0.0
14001045001;9.0;6.0;8.0;7.0;15.0;7.0;6.0;13.0;9.0;14.0;13.0;17.0;16.0;7.0;21.0;10.0;29.0;0.0
14001047001;21.0;27.0;10.0;5.0;9.0;3.0;2.0;7.0;8.0;2.0;11.0;15.0;22.0;14.0;28.0;18.0;27.0;0.0
14001050001;0.0;1.0;0.0;2.0;2.0;0.0;0.0;0.0;0.0;0.0;0.0;0.0;1.0;0.0;0.0;0.0;0.0;0.0
14001052001;8.0;6.0;4.0;8.0;13.0;2.0;8.0;9.0;9.0;8.0;12.0;21.0;7.0;4.0;20.0;4.0;13.0;0.0
14001053001;9.0;3.0;7.0;9.0;3.0;2.0;2.0;2.0;3.0;0.0;3.0;19.0;20.0;10.0;26.0;7.0;33.0;0.0
14001058001;1.0;1.0;0.0;2.0;2.0;1.0;0.0;1.0;0.0;1.0;2.0;0.0;1.0;1.0;3.0;1.0;1.0;0.0
14001060001;1.0;1.0;1.0;3.0;1.0;1.0;3.0;4.0;4.0;5.0;5.0;4.0;2.0;5.0;1.0;0.0;0.0;0.0
14001066001;4.0;5.0;6.0;1.0;5.0;0.0;1.0;7.0;3.0;5.0;3.0;1.0;0.0;3.0;3.0;2.0;2.0;0.0
14001070001;0.0;0.0;0.0;0.0;0.0;0.0;0.0;0.0;0.0;0.0;0.0;0.0;0.0;0.0;0.0;0.0;2.0;0.0
14001074001;3.0;5.0;1.0;3.0;1.0;1.0;0.0;2.0;4.0;4.0;17.0;15.0;8.0;6.0;35.0;11.0;8.0;0.0
14001075001;0.0;5.0;3.0;4.0;1.0;0.0;1.0;3.0;1.0;3.0;0.0;2.0;4.0;1.0;1.0;2.0;4.0;0.0
14001080001;1.0;3.0;0.0;0.0;1.0;0.0;0.0;1.0;0.0;0.0;0.0;0.0;0.0;0.0;0.0;0.0;0.0;0.0
14001084001;1.0;1.0;2.0;1.0;1.0;1.0;2.0;2.0;1.0;1.0;3.0;0.0;0.0;1.0;1.0;0.0;0.0;0.0
14001085001;0.0;1.0;2.0;0.0;4.0;1.0;1.0;1.0;1.0;1.0;2.0;3.0;0.0;0.0;0.0;1.0;0.0;0.0
14001086001;5.0;0.0;1.0;0.0;1.0;0.0;1.0;0.0;0.0;1.0;0.0;2.0;1.0;2.0;2.0;3.0;5.0;0.0
14001089001;1.0;1.0;0.0;2.0;2.0;0.0;0.0;1.0;0.0;0.0;1.0;2.0;0.0;0.0;0.0;1.0;1.0;0.0
14001090001;9.0;11.0;11.0;7.0;9.0;2.0;3.0;15.0;12.0;4.0;12.0;16.0;8.0;6.0;15.0;5.0;8.0;0.0
14001092001;0.0;1.0;0.0;0.0;2.0;2.0;0.0;6.0;4.0;2.0;1.0;3.0;0.0;2.0;4.0;2.0;5.0;0.0
14001093001;6.0;9.0;7.0;5.0;5.0;2.0;0.0;0.0;2.0;2.0;7.0;17.0;13.0;10.0;40.0;15.0;16.0;0.0
14001096001;1.0;1.0;0.0;0.0;0.0;1.0;0.0;2.0;2.0;1.0;0.0;1.0;0.0;0.0;1.0;0.0;2.0;0.0
14001097001;1.0;0.0;0.0;0.0;0.0;0.0;0.0;1.0;0.0;1.0;1.0;1.0;1.0;0.0;2.0;2.0;0.0;0.0
14001104001;2.0;1.0;4.0;1.0;4.0;1.0;0.0;3.0;3.0;3.0;2.0;1.0;1.0;0.0;2.0;0.0;2.0;0.0
14001136001;1.0;1.0;0.0;1.0;1.0;0.0;1.0;1.0;2.0;0.0;0.0;0.0;0.0;0.0;0.0;0.0;0.0;0.0
14001138001;2.0;3.0;5.0;3.0;3.0;2.0;2.0;3.0;3.0;1.0;1.0;4.0;1.0;2.0;6.0;5.0;5.0;0.0
14001149001;0.0;0.0;1.0;0.0;0.0;0.0;0.0;0.0;1.0;1.0;1.0;2.0;0.0;1.0;0.0;0.0;2.0;0.0
14001150001;0.0;0.0;0.0;2.0;0.0;0.0;2.0;1.0;0.0;0.0;0.0;0.0;0.0;0.0;0.0;0.0;0.0;0.0
14001635001;1.0;5.0;1.0;1.0;3.0;2.0;3.0;3.0;4.0;5.0;2.0;4.0;2.0;0.0;4.0;0.0;4.0;0.0
14002002001;14.0;15.0;20.0;17.0;22.0;7.0;7.0;8.0;19.0;7.0;8.0;15.0;11.0;2.0;19.0;5.0;9.0;0.0
14002003001;0.0;0.0;0.0;1.0;4.0;0.0;0.0;1.0;0.0;0.0;0.0;4.0;2.0;0.0;1.0;1.0;4.0;0.0
14002008001;0.0;0.0;0.0;0.0;0.0;1.0;0.0;1.0;0.0;0.0;0.0;0.0;0.0;0.0;1.0;0.0;0.0;0.0
14002013001;2.0;0.0;2.0;2.0;2.0;1.0;1.0;0.0;7.0;3.0;2.0;2.0;1.0;0.0;9.0;0.0;1.0;0.0
14002021001;0.0;0.0;0.0;2.0;3.0;0.0;1.0;4.0;2.0;0.0;2.0;1.0;1.0;0.0;3.0;1.0;1.0;0.0
14002022001;0.0;0.0;0.0;0.0;0.0;0.0;0.0;0.0;0.0;0.0;0.0;0.0;0.0;0.0;4.0;0.0;0.0;0.0
14002024001;0.0;0.0;0.0;0.0;1.0;0.0;0.0;1.0;0.0;0.0;0.0;0.0;0.0;0.0;1.0;0.0;0.0;0.0
14002026001;0.0;1.0;0.0;0.0;0.0;0.0;0.0;0.0;0.0;2.0;0.0;0.0;0.0;0.0;2.0;4.0;0.0;0.0
14002027001;3.0;1.0;0.0;0.0;3.0;1.0;0.0;0.0;1.0;1.0;0.0;2.0;2.0;2.0;1.0;1.0;3.0;0.0
14002040001;4.0;1.0;0.0;0.0;2.0;0.0;0.0;0.0;0.0;0.0;0.0;0.0;0.0;0.0;4.0;1.0;1.0;0.0
14002046001;3.0;1.0;0.0;0.0;1.0;1.0;3.0;1.0;0.0;0.0;0.0;0.0;0.0;0.0;0.0;0.0;1.0;0.0
14003005001;0.0;0.0;0.0;0.0;0.0;0.0;0.0;0.0;1.0;0.0;0.0;0.0;0.0;1.0;0.0;0.0;1.0;0.0
14003009001;3.0;8.0;5.0;4.0;7.0;2.0;1.0;11.0;14.0;6.0;10.0;12.0;6.0;1.0;11.0;6.0;4.0;0.0
14003011001;1.0;2.0;4.0;2.0;1.0;0.0;0.0;0.0;0.0;1.0;2.0;3.0;3.0;0.0;4.0;2.0;8.0;0.0
14003013001;3.0;6.0;0.0;4.0;6.0;1.0;1.0;0.0;4.0;1.0;6.0;9.0;4.0;4.0;5.0;4.0;3.0;0.0
14003019001;0.0;7.0;3.0;11.0;12.0;3.0;2.0;9.0;9.0;8.0;3.0;4.0;4.0;3.0;16.0;5.0;16.0;0.0
14003029001;20.0;11.0;14.0;11.0;14.0;3.0;6.0;2.0;0.0;7.0;8.0;13.0;11.0;13.0;29.0;9.0;20.0;0.0
14003037001;7.0;6.0;7.0;10.0;11.0;4.0;7.0;6.0;8.0;4.0;12.0;12.0;11.0;7.0;9.0;2.0;9.0;0.0
14003041001;8.0;3.0;10.0;7.0;16.0;3.0;6.0;11.0;13.0;13.0;11.0;26.0;13.0;9.0;21.0;13.0;15.0;0.0
14010002001;5.0;0.0;6.0;1.0;1.0;0.0;2.0;3.0;0.0;0.0;8.0;14.0;6.0;10.0;27.0;8.0;15.0;0.0
14010006001;0.0;0.0;1.0;0.0;0.0;0.0;0.0;0.0;0.0;1.0;1.0;2.0;0.0;1.0;1.0;0.0;1.0;0.0
14010011001;14.0;18.0;21.0;34.0;37.0;15.0;6.0;19.0;16.0;22.0;17.0;17.0;12.0;6.0;44.0;11.0;15.0;0.0
14010012001;2.0;1.0;1.0;2.0;3.0;0.0;1.0;3.0;5.0;2.0;4.0;2.0;0.0;4.0;2.0;0.0;5.0;0.0
14010019001;4.0;4.0;2.0;5.0;8.0;1.0;2.0;5.0;5.0;3.0;4.0;5.0;1.0;1.0;7.0;5.0;3.0;0.0
14010023001;0.0;1.0;0.0;1.0;1.0;0.0;0.0;0.0;1.0;0.0;0.0;0.0;0.0;0.0;0.0;0.0;0.0;0.0
14010025001;10.0;1.0;6.0;3.0;2.0;2.0;0.0;0.0;0.0;1.0;0.0;0.0;3.0;1.0;8.0;2.0;4.0;0.0
14010027001;5.0;8.0;11.0;10.0;8.0;6.0;5.0;4.0;1.0;1.0;3.0;5.0;2.0;1.0;10.0;4.0;8.0;0.0
14010029001;0.0;4.0;1.0;2.0;3.0;0.0;0.0;0.0;1.0;1.0;3.0;4.0;0.0;3.0;3.0;1.0;4.0;0.0
14010030001;1.0;0.0;2.0;1.0;3.0;1.0;2.0;4.0;2.0;3.0;4.0;3.0;1.0;3.0;4.0;2.0;7.0;0.0
14010031001;13.0;6.0;13.0;19.0;9.0;7.0;5.0;6.0;4.0;12.0;8.0;7.0;10.0;3.0;27.0;12.0;16.0;0.0
14010034001;9.0;10.0;17.0;18.0;19.0;9.0;5.0;8.0;10.0;12.0;11.0;15.0;3.0;10.0;20.0;12.0;17.0;0.0
14010036001;4.0;4.0;8.0;3.0;9.0;6.0;5.0;4.0;7.0;8.0;11.0;16.0;7.0;4.0;11.0;9.0;17.0;0.0
14010038001;2.0;0.0;2.0;0.0;0.0;1.0;0.0;2.0;1.0;0.0;0.0;1.0;0.0;0.0;0.0;1.0;0.0;0.0
14010040001;32.0;37.0;26.0;11.0;20.0;3.0;10.0;17.0;29.0;42.0;51.0;65.0;45.0;29.0;130.0;66.0;90.0;0.0
14010041001;4.0;3.0;1.0;1.0;3.0;1.0;2.0;1.0;2.0;6.0;2.0;0.0;6.0;4.0;3.0;0.0;2.0;0.0
14010047001;1.0;1.0;0.0;0.0;0.0;0.0;0.0;0.0;1.0;2.0;1.0;1.0;3.0;2.0;2.0;0.0;0.0;0.0
14010048001;1.0;0.0;0.0;0.0;1.0;0.0;0.0;1.0;1.0;3.0;1.0;2.0;0.0;1.0;1.0;0.0;0.0;0.0
14010049001;5.0;1.0;3.0;5.0;1.0;4.0;2.0;2.0;5.0;0.0;6.0;5.0;4.0;4.0;5.0;4.0;3.0;0.0
14010050001;1.0;0.0;1.0;1.0;1.0;1.0;0.0;1.0;0.0;0.0;1.0;1.0;0.0;2.0;0.0;1.0;3.0;0.0
14010060001;4.0;5.0;8.0;4.0;14.0;5.0;8.0;3.0;3.0;6.0;7.0;9.0;7.0;5.0;7.0;4.0;13.0;0.0
14010062001;1.0;0.0;6.0;0.0;4.0;4.0;1.0;2.0;3.0;4.0;4.0;1.0;2.0;1.0;1.0;0.0;3.0;0.0
14010064001;5.0;2.0;2.0;7.0;2.0;3.0;1.0;2.0;5.0;2.0;0.0;4.0;0.0;3.0;4.0;2.0;1.0;0.0
14010071001;6.0;8.0;16.0;13.0;19.0;2.0;5.0;8.0;5.0;20.0;12.0;18.0;10.0;5.0;28.0;27.0;21.0;0.0
14010072001;2.0;1.0;5.0;7.0;3.0;2.0;6.0;0.0;2.0;2.0;4.0;1.0;5.0;3.0;6.0;0.0;4.0;0.0
14010078001;4.0;6.0;5.0;5.0;10.0;4.0;1.0;1.0;5.0;4.0;2.0;7.0;1.0;2.0;0.0;0.0;5.0;0.0
14010079001;0.0;2.0;7.0;3.0;6.0;1.0;3.0;2.0;4.0;7.0;2.0;1.0;6.0;3.0;2.0;1.0;4.0;0.0
14010084001;2.0;7.0;10.0;7.0;11.0;2.0;5.0;5.0;5.0;8.0;10.0;8.0;1.0;4.0;10.0;6.0;9.0;0.0
14010088001;0.0;0.0;0.0;0.0;0.0;0.0;0.0;2.0;0.0;0.0;0.0;8.0;1.0;1.0;0.0;1.0;3.0;0.0
14010094001;5.0;2.0;4.0;8.0;7.0;1.0;1.0;3.0;5.0;2.0;11.0;6.0;1.0;2.0;13.0;0.0;3.0;0.0
14010097001;0.0;0.0;0.0;0.0;0.0;0.0;0.0;0.0;3.0;4.0;7.0;5.0;1.0;0.0;1.0;2.0;6.0;0.0
14010140001;0.0;2.0;2.0;1.0;2.0;0.0;0.0;1.0;1.0;0.0;1.0;0.0;1.0;0.0;0.0;1.0;0.0;0.0
14010142001;12.0;21.0;27.0;35.0;29.0;16.0;28.0;34.0;25.0;48.0;33.0;45.0;43.0;14.0;84.0;40.0;79.0;0.0
14010145001;1.0;0.0;0.0;0.0;4.0;0.0;1.0;1.0;1.0;0.0;1.0;2.0;2.0;0.0;1.0;1.0;2.0;0.0
14010149001;3.0;1.0;1.0;2.0;7.0;2.0;2.0;3.0;2.0;1.0;3.0;4.0;3.0;4.0;3.0;1.0;5.0;0.0
14010151001;1.0;1.0;2.0;0.0;1.0;0.0;1.0;1.0;0.0;0.0;0.0;1.0;2.0;2.0;2.0;0.0;2.0;0.0
14010170001;8.0;2.0;6.0;6.0;9.0;2.0;2.0;1.0;1.0;4.0;10.0;16.0;8.0;11.0;29.0;16.0;27.0;0.0
14010173001;11.0;6.0;3.0;5.0;6.0;6.0;2.0;5.0;8.0;2.0;5.0;10.0;8.0;11.0;7.0;1.0;7.0;0.0
14010178001;3.0;6.0;4.0;6.0;4.0;3.0;7.0;1.0;1.0;0.0;3.0;4.0;6.0;5.0;5.0;2.0;8.0;0.0
14010187001;0.0;3.0;4.0;1.0;6.0;2.0;1.0;2.0;4.0;2.0;5.0;2.0;2.0;3.0;2.0;3.0;5.0;0.0
14010194001;4.0;2.0;2.0;1.0;0.0;1.0;1.0;0.0;1.0;1.0;0.0;1.0;0.0;2.0;3.0;0.0;4.0;0.0
14010210001;10.0;6.0;10.0;6.0;4.0;0.0;0.0;9.0;14.0;15.0;5.0;7.0;4.0;3.0;9.0;4.0;12.0;0.0
14010219001;0.0;0.0;0.0;1.0;0.0;0.0;0.0;0.0;1.0;0.0;2.0;2.0;3.0;1.0;4.0;3.0;2.0;0.0
14010247001;17.0;12.0;16.0;12.0;21.0;7.0;6.0;8.0;13.0;16.0;12.0;16.0;8.0;7.0;19.0;13.0;8.0;0.0
14010283001;0.0;0.0;1.0;0.0;0.0;0.0;0.0;0.0;0.0;0.0;1.0;0.0;0.0;0.0;0.0;0.0;1.0;0.0
14010284001;0.0;0.0;2.0;0.0;0.0;1.0;0.0;0.0;0.0;0.0;2.0;0.0;0.0;0.0;1.0;0.0;0.0;0.0
14010285001;1.0;0.0;0.0;0.0;4.0;0.0;0.0;0.0;0.0;0.0;1.0;0.0;0.0;0.0;2.0;0.0;1.0;0.0
14010897001;0.0;0.0;0.0;0.0;0.0;0.0;0.0;0.0;0.0;0.0;0.0;0.0;1.0;0.0;0.0;0.0;1.0;0.0
14010898001;0.0;0.0;0.0;0.0;0.0;0.0;0.0;0.0;0.0;0.0;1.0;0.0;0.0;0.0;0.0;0.0;1.0;0.0
14011003001;21.0;21.0;20.0;15.0;17.0;6.0;8.0;20.0;22.0;19.0;25.0;26.0;32.0;17.0;80.0;30.0;43.0;0.0
14011004001;1.0;4.0;4.0;0.0;4.0;0.0;1.0;1.0;1.0;1.0;1.0;2.0;2.0;1.0;3.0;0.0;1.0;0.0
14011005001;2.0;1.0;2.0;3.0;3.0;2.0;1.0;4.0;3.0;3.0;2.0;5.0;3.0;4.0;4.0;1.0;3.0;0.0
14011006001;4.0;2.0;3.0;4.0;12.0;8.0;5.0;6.0;8.0;6.0;3.0;9.0;4.0;4.0;3.0;3.0;4.0;0.0
14011009001;1.0;3.0;2.0;1.0;6.0;4.0;1.0;6.0;2.0;1.0;0.0;6.0;3.0;3.0;3.0;1.0;3.0;0.0
14011010001;6.0;5.0;6.0;3.0;8.0;2.0;3.0;4.0;3.0;2.0;2.0;6.0;4.0;7.0;5.0;1.0;6.0;0.0
14011014001;0.0;0.0;4.0;2.0;0.0;0.0;2.0;1.0;0.0;1.0;1.0;5.0;3.0;3.0;5.0;2.0;2.0;0.0
14011015001;3.0;1.0;4.0;2.0;2.0;1.0;0.0;0.0;0.0;0.0;2.0;3.0;0.0;0.0;0.0;0.0;1.0;0.0
14011018001;0.0;0.0;0.0;0.0;0.0;0.0;2.0;0.0;0.0;0.0;1.0;0.0;0.0;0.0;1.0;0.0;0.0;0.0
14011022001;0.0;0.0;0.0;0.0;0.0;0.0;0.0;0.0;0.0;0.0;0.0;0.0;0.0;0.0;0.0;0.0;1.0;0.0
14011024001;5.0;8.0;7.0;4.0;4.0;1.0;0.0;1.0;5.0;9.0;11.0;18.0;12.0;5.0;28.0;10.0;19.0;0.0
14011027001;1.0;2.0;7.0;7.0;1.0;1.0;0.0;1.0;0.0;2.0;1.0;0.0;1.0;1.0;2.0;0.0;2.0;0.0
14011028001;13.0;6.0;10.0;12.0;15.0;4.0;4.0;6.0;9.0;3.0;17.0;26.0;12.0;6.0;39.0;20.0;27.0;0.0
14011029001;18.0;11.0;20.0;9.0;10.0;3.0;6.0;6.0;17.0;38.0;44.0;46.0;39.0;19.0;106.0;46.0;74.0;0.0
14011030001;20.0;14.0;24.0;15.0;10.0;4.0;6.0;8.0;0.0;3.0;0.0;0.0;0.0;0.0;0.0;0.0;0.0;0.0
14011031001;4.0;2.0;10.0;4.0;6.0;2.0;0.0;1.0;6.0;7.0;10.0;21.0;10.0;9.0;32.0;14.0;22.0;0.0
14011032001;13.0;14.0;21.0;39.0;26.0;5.0;12.0;14.0;10.0;14.0;16.0;14.0;11.0;9.0;39.0;15.0;23.0;0.0
14011034001;9.0;7.0;11.0;20.0;24.0;8.0;9.0;9.0;9.0;8.0;10.0;6.0;6.0;11.0;27.0;12.0;19.0;0.0
14011042001;2.0;4.0;6.0;1.0;6.0;1.0;0.0;4.0;3.0;1.0;3.0;4.0;2.0;0.0;5.0;1.0;2.0;0.0
14011044001;3.0;1.0;1.0;5.0;3.0;0.0;1.0;3.0;2.0;4.0;2.0;4.0;1.0;1.0;7.0;1.0;4.0;0.0
14011045001;0.0;0.0;0.0;0.0;0.0;0.0;0.0;1.0;0.0;0.0;0.0;0.0;0.0;0.0;0.0;0.0;0.0;0.0
14011051001;1.0;1.0;0.0;1.0;1.0;1.0;1.0;0.0;0.0;0.0;3.0;7.0;3.0;3.0;8.0;4.0;5.0;0.0
14011052001;11.0;13.0;11.0;7.0;1.0;1.0;1.0;0.0;4.0;4.0;25.0;29.0;23.0;4.0;40.0;19.0;27.0;0.0
14011053001;13.0;12.0;22.0;20.0;15.0;3.0;9.0;16.0;11.0;25.0;31.0;23.0;18.0;7.0;44.0;9.0;31.0;0.0
14011059001;13.0;10.0;14.0;13.0;6.0;4.0;4.0;1.0;8.0;6.0;17.0;10.0;7.0;7.0;23.0;20.0;23.0;0.0
14011063001;0.0;0.0;0.0;0.0;0.0;0.0;0.0;0.0;1.0;1.0;1.0;1.0;0.0;0.0;0.0;1.0;0.0;0.0
14011065001;0.0;0.0;0.0;0.0;0.0;0.0;0.0;0.0;0.0;0.0;0.0;0.0;0.0;4.0;0.0;0.0;2.0;0.0
14011095001;11.0;4.0;5.0;7.0;8.0;5.0;0.0;5.0;4.0;9.0;6.0;13.0;8.0;4.0;21.0;5.0;10.0;0.0
14011929001;3.0;4.0;0.0;2.0;3.0;3.0;0.0;2.0;5.0;4.0;0.0;7.0;3.0;0.0;5.0;0.0;1.0;0.0
14012019001;1.0;3.0;6.0;3.0;8.0;5.0;6.0;4.0;6.0;3.0;3.0;10.0;3.0;6.0;13.0;4.0;13.0;0.0
14013001001;3.0;1.0;0.0;2.0;1.0;2.0;0.0;0.0;0.0;3.0;1.0;1.0;0.0;2.0;1.0;2.0;2.0;0.0
14013002001;2.0;2.0;2.0;1.0;1.0;1.0;2.0;3.0;2.0;5.0;1.0;0.0;0.0;1.0;1.0;1.0;2.0;0.0
14013004001;1.0;4.0;5.0;5.0;4.0;0.0;3.0;2.0;0.0;1.0;2.0;3.0;4.0;5.0;6.0;6.0;4.0;0.0
14013006001;1.0;0.0;0.0;0.0;0.0;0.0;0.0;0.0;0.0;0.0;0.0;0.0;0.0;0.0;0.0;0.0;0.0;0.0
14013007001;0.0;1.0;0.0;0.0;4.0;0.0;1.0;0.0;0.0;3.0;0.0;1.0;0.0;0.0;0.0;0.0;1.0;0.0
14013014001;0.0;0.0;1.0;1.0;2.0;0.0;0.0;0.0;0.0;2.0;0.0;0.0;0.0;0.0;1.0;0.0;1.0;0.0
14013964001;0.0;0.0;0.0;0.0;0.0;0.0;0.0;0.0;0.0;0.0;0.0;1.0;0.0;0.0;0.0;0.0;2.0;0.0
14014005001;15.0;12.0;9.0;13.0;9.0;5.0;4.0;7.0;12.0;30.0;30.0;27.0;21.0;17.0;72.0;43.0;62.0;0.0
14014006001;30.0;29.0;54.0;59.0;62.0;30.0;22.0;35.0;28.0;55.0;46.0;66.0;52.0;25.0;102.0;56.0;89.0;0.0
14014011001;2.0;12.0;10.0;1.0;6.0;0.0;3.0;0.0;2.0;0.0;0.0;3.0;3.0;3.0;12.0;5.0;7.0;0.0
14014013001;1.0;7.0;9.0;5.0;3.0;2.0;3.0;1.0;1.0;0.0;0.0;0.0;0.0;0.0;0.0;0.0;0.0;0.0
14014014001;33.0;43.0;51.0;66.0;58.0;16.0;29.0;21.0;18.0;45.0;24.0;46.0;41.0;15.0;87.0;26.0;87.0;0.0
14014015001;26.0;25.0;40.0;49.0;69.0;17.0;10.0;50.0;31.0;31.0;32.0;42.0;33.0;16.0;55.0;15.0;47.0;0.0
14014018001;9.0;13.0;9.0;5.0;2.0;3.0;9.0;6.0;6.0;1.0;7.0;7.0;3.0;1.0;5.0;1.0;7.0;0.0
14014026001;0.0;2.0;3.0;1.0;2.0;1.0;1.0;0.0;0.0;3.0;0.0;0.0;0.0;0.0;2.0;3.0;2.0;0.0
14014031001;0.0;0.0;0.0;0.0;0.0;0.0;0.0;0.0;1.0;6.0;15.0;16.0;17.0;7.0;47.0;16.0;38.0;0.0
14020006001;4.0;1.0;4.0;1.0;5.0;4.0;5.0;6.0;4.0;5.0;4.0;10.0;11.0;8.0;4.0;3.0;9.0;0.0
14020008001;1.0;2.0;0.0;4.0;5.0;3.0;4.0;1.0;5.0;4.0;3.0;5.0;7.0;4.0;0.0;2.0;4.0;0.0
14020013001;0.0;0.0;1.0;2.0;2.0;1.0;2.0;0.0;1.0;5.0;6.0;1.0;7.0;1.0;5.0;0.0;5.0;0.0
14020015001;4.0;8.0;3.0;3.0;5.0;5.0;2.0;8.0;8.0;4.0;9.0;10.0;7.0;7.0;9.0;4.0;6.0;0.0
14020030001;1.0;1.0;3.0;1.0;3.0;2.0;0.0;0.0;2.0;0.0;2.0;1.0;1.0;1.0;3.0;1.0;1.0;0.0
14020053001;9.0;10.0;22.0;18.0;15.0;17.0;11.0;13.0;20.0;15.0;15.0;29.0;14.0;10.0;26.0;15.0;20.0;0.0
14020926001;14.0;14.0;17.0;20.0;18.0;7.0;11.0;9.0;5.0;12.0;16.0;30.0;13.0;12.0;16.0;15.0;25.0;0.0
14020949001;1.0;0.0;0.0;2.0;0.0;1.0;0.0;0.0;1.0;0.0;0.0;2.0;0.0;1.0;2.0;0.0;2.0;0.0
14020951001;4.0;3.0;2.0;5.0;3.0;1.0;2.0;4.0;9.0;6.0;5.0;8.0;3.0;1.0;3.0;1.0;4.0;0.0
14020956001;2.0;0.0;0.0;0.0;0.0;2.0;0.0;0.0;2.0;0.0;0.0;0.0;2.0;0.0;1.0;0.0;1.0;0.0
14020976001;0.0;1.0;3.0;2.0;2.0;0.0;0.0;5.0;1.0;2.0;0.0;2.0;1.0;2.0;0.0;2.0;4.0;0.0
14020977001;1.0;2.0;3.0;1.0;0.0;0.0;1.0;1.0;1.0;0.0;1.0;1.0;0.0;0.0;0.0;0.0;1.0;0.0
14021005001;4.0;2.0;10.0;9.0;8.0;8.0;6.0;14.0;8.0;13.0;9.0;17.0;5.0;4.0;7.0;3.0;3.0;0.0
14021006001;3.0;0.0;2.0;3.0;3.0;2.0;1.0;2.0;4.0;3.0;5.0;3.0;3.0;3.0;2.0;2.0;3.0;0.0
14021010001;11.0;13.0;14.0;14.0;19.0;8.0;7.0;15.0;14.0;14.0;25.0;27.0;17.0;6.0;26.0;7.0;29.0;0.0
14021015001;0.0;0.0;0.0;0.0;0.0;0.0;0.0;0.0;0.0;0.0;0.0;0.0;1.0;1.0;3.0;0.0;1.0;0.0
14021017001;12.0;13.0;20.0;20.0;29.0;11.0;12.0;14.0;7.0;15.0;11.0;19.0;11.0;8.0;29.0;14.0;27.0;0.0
14021036001;3.0;1.0;2.0;1.0;5.0;1.0;0.0;3.0;0.0;2.0;0.0;1.0;1.0;1.0;2.0;0.0;1.0;0.0
14021055001;2.0;1.0;3.0;1.0;3.0;5.0;1.0;2.0;1.0;1.0;5.0;1.0;0.0;0.0;5.0;0.0;5.0;0.0
14021109001;1.0;1.0;2.0;1.0;0.0;1.0;2.0;2.0;1.0;1.0;2.0;1.0;2.0;0.0;0.0;0.0;0.0;0.0
14022001001;1.0;1.0;3.0;2.0;1.0;1.0;0.0;1.0;0.0;2.0;1.0;2.0;0.0;0.0;0.0;0.0;0.0;0.0
14022002001;2.0;2.0;0.0;2.0;1.0;1.0;1.0;1.0;1.0;2.0;3.0;7.0;2.0;2.0;5.0;2.0;6.0;0.0
14022003001;1.0;1.0;4.0;2.0;2.0;2.0;4.0;4.0;3.0;3.0;0.0;3.0;2.0;6.0;10.0;1.0;6.0;0.0
14022012001;1.0;2.0;0.0;5.0;0.0;1.0;0.0;0.0;5.0;1.0;1.0;2.0;4.0;3.0;0.0;1.0;5.0;0.0
14022019001;8.0;8.0;11.0;12.0;14.0;10.0;6.0;7.0;15.0;8.0;10.0;12.0;7.0;12.0;14.0;8.0;9.0;0.0
14022020001;1.0;1.0;1.0;0.0;0.0;1.0;0.0;1.0;0.0;1.0;2.0;3.0;3.0;2.0;0.0;1.0;0.0;0.0
14022027001;2.0;1.0;0.0;0.0;0.0;1.0;1.0;0.0;0.0;0.0;0.0;1.0;0.0;2.0;0.0;2.0;3.0;0.0
14022029001;3.0;2.0;6.0;4.0;2.0;0.0;3.0;2.0;4.0;0.0;3.0;7.0;2.0;3.0;6.0;3.0;5.0;0.0
14022032001;8.0;6.0;5.0;7.0;6.0;6.0;3.0;12.0;5.0;10.0;9.0;17.0;11.0;12.0;14.0;12.0;15.0;0.0
14022033001;1.0;0.0;0.0;2.0;1.0;0.0;0.0;3.0;0.0;2.0;1.0;2.0;3.0;2.0;4.0;1.0;1.0;0.0
14022041001;1.0;0.0;1.0;1.0;2.0;1.0;0.0;0.0;0.0;2.0;2.0;2.0;3.0;1.0;2.0;0.0;2.0;0.0
14022059001;3.0;0.0;1.0;0.0;0.0;0.0;1.0;0.0;0.0;0.0;0.0;0.0;0.0;0.0;0.0;0.0;1.0;0.0
14022086001;1.0;2.0;2.0;2.0;1.0;1.0;2.0;3.0;3.0;1.0;0.0;1.0;3.0;1.0;4.0;0.0;4.0;0.0
14022118001;3.0;0.0;1.0;2.0;2.0;1.0;1.0;1.0;3.0;1.0;3.0;2.0;0.0;3.0;0.0;0.0;6.0;0.0
14023003001;0.0;2.0;1.0;4.0;3.0;1.0;0.0;1.0;5.0;1.0;2.0;2.0;3.0;4.0;5.0;2.0;6.0;0.0
14023012001;0.0;3.0;1.0;2.0;1.0;1.0;1.0;1.0;0.0;0.0;1.0;1.0;1.0;0.0;1.0;1.0;1.0;0.0
14023017001;0.0;1.0;2.0;0.0;3.0;3.0;0.0;1.0;2.0;1.0;2.0;5.0;3.0;2.0;1.0;1.0;1.0;0.0
14023019001;1.0;1.0;1.0;0.0;0.0;0.0;1.0;1.0;0.0;0.0;0.0;0.0;0.0;0.0;0.0;1.0;1.0;0.0
14023027001;7.0;1.0;5.0;8.0;7.0;2.0;5.0;7.0;3.0;5.0;9.0;8.0;8.0;2.0;11.0;6.0;13.0;0.0
14023028001;20.0;16.0;23.0;27.0;31.0;17.0;12.0;22.0;22.0;31.0;32.0;46.0;29.0;16.0;45.0;38.0;64.0;0.0
14023029001;15.0;11.0;28.0;20.0;23.0;3.0;10.0;17.0;14.0;25.0;13.0;22.0;9.0;4.0;13.0;11.0;18.0;0.0
14023034001;2.0;2.0;1.0;3.0;4.0;0.0;3.0;2.0;0.0;1.0;4.0;2.0;1.0;3.0;1.0;1.0;0.0;0.0
14023044001;4.0;0.0;0.0;1.0;0.0;0.0;1.0;1.0;3.0;0.0;3.0;3.0;0.0;1.0;1.0;0.0;1.0;0.0
14023050001;6.0;0.0;7.0;9.0;6.0;2.0;2.0;6.0;2.0;8.0;7.0;8.0;15.0;2.0;17.0;6.0;16.0;0.0
14023056001;44.0;32.0;70.0;68.0;81.0;36.0;31.0;61.0;55.0;74.0;74.0;55.0;93.0;44.0;143.0;38.0;103.0;0.0
14023083001;3.0;1.0;8.0;5.0;4.0;5.0;3.0;4.0;1.0;6.0;7.0;12.0;12.0;1.0;16.0;2.0;8.0;0.0
14023115001;0.0;0.0;2.0;2.0;3.0;1.0;1.0;1.0;4.0;1.0;3.0;3.0;1.0;1.0;0.0;3.0;2.0;0.0
14023126001;4.0;5.0;2.0;7.0;3.0;1.0;2.0;4.0;3.0;2.0;0.0;1.0;2.0;1.0;2.0;0.0;0.0;0.0
14023127001;3.0;8.0;7.0;3.0;5.0;4.0;4.0;6.0;13.0;4.0;6.0;14.0;6.0;10.0;13.0;6.0;16.0;0.0
14023129001;3.0;0.0;2.0;3.0;6.0;3.0;2.0;1.0;4.0;1.0;4.0;6.0;2.0;0.0;7.0;0.0;2.0;0.0
14023132001;1.0;1.0;3.0;2.0;4.0;2.0;2.0;6.0;4.0;2.0;6.0;2.0;1.0;0.0;4.0;0.0;0.0;0.0
14023140001;2.0;0.0;0.0;0.0;0.0;0.0;0.0;2.0;0.0;0.0;0.0;0.0;1.0;0.0;0.0;0.0;0.0;0.0
14023194001;0.0;0.0;0.0;0.0;1.0;1.0;0.0;0.0;0.0;1.0;0.0;0.0;0.0;0.0;0.0;0.0;0.0;0.0
14023210001;0.0;0.0;0.0;0.0;0.0;0.0;0.0;0.0;0.0;0.0;0.0;0.0;1.0;2.0;7.0;0.0;2.0;0.0
14023212001;1.0;1.0;2.0;0.0;0.0;1.0;1.0;2.0;1.0;2.0;2.0;2.0;2.0;0.0;1.0;0.0;1.0;0.0
14023257001;1.0;2.0;1.0;2.0;1.0;1.0;0.0;3.0;1.0;2.0;2.0;0.0;0.0;0.0;0.0;0.0;1.0;0.0
14023310001;0.0;2.0;1.0;0.0;0.0;0.0;0.0;0.0;0.0;0.0;4.0;5.0;2.0;2.0;4.0;2.0;1.0;0.0
14100001001;2.0;2.0;1.0;3.0;3.0;4.0;1.0;5.0;7.0;3.0;3.0;3.0;6.0;2.0;8.0;4.0;6.0;0.0
14100003001;17.0;15.0;19.0;23.0;20.0;6.0;13.0;10.0;15.0;17.0;16.0;31.0;18.0;15.0;27.0;15.0;27.0;0.0
14100005001;1.0;0.0;0.0;0.0;1.0;1.0;1.0;0.0;1.0;0.0;0.0;1.0;0.0;0.0;1.0;0.0;0.0;0.0
14100007001;0.0;0.0;0.0;0.0;0.0;0.0;0.0;0.0;0.0;0.0;1.0;2.0;0.0;0.0;1.0;0.0;4.0;0.0
14100009001;2.0;3.0;2.0;3.0;0.0;0.0;0.0;0.0;4.0;1.0;0.0;2.0;3.0;2.0;9.0;2.0;3.0;0.0
14100012001;8.0;6.0;4.0;6.0;2.0;3.0;1.0;2.0;2.0;2.0;2.0;3.0;2.0;1.0;17.0;3.0;9.0;0.0
14100020001;1.0;0.0;1.0;2.0;0.0;2.0;0.0;1.0;0.0;1.0;1.0;0.0;0.0;0.0;0.0;0.0;1.0;0.0
14100027001;0.0;2.0;4.0;2.0;2.0;2.0;0.0;2.0;0.0;0.0;1.0;0.0;2.0;1.0;1.0;0.0;2.0;0.0
14100031001;0.0;0.0;0.0;0.0;0.0;0.0;0.0;0.0;0.0;0.0;1.0;0.0;0.0;0.0;0.0;0.0;0.0;0.0
14101002001;0.0;0.0;0.0;0.0;0.0;0.0;0.0;0.0;0.0;1.0;0.0;1.0;0.0;2.0;2.0;0.0;0.0;0.0
14101004001;5.0;3.0;1.0;7.0;6.0;2.0;0.0;2.0;4.0;1.0;3.0;5.0;1.0;4.0;3.0;2.0;8.0;0.0
14101007001;1.0;2.0;4.0;1.0;1.0;3.0;2.0;5.0;3.0;7.0;2.0;2.0;4.0;1.0;4.0;1.0;4.0;0.0
14101016001;0.0;0.0;0.0;1.0;1.0;0.0;0.0;1.0;2.0;1.0;0.0;1.0;0.0;0.0;1.0;0.0;1.0;0.0
14101017001;0.0;0.0;0.0;0.0;2.0;0.0;0.0;0.0;0.0;1.0;0.0;1.0;0.0;0.0;1.0;0.0;0.0;0.0
14101021001;0.0;1.0;1.0;1.0;2.0;1.0;1.0;1.0;0.0;1.0;0.0;1.0;0.0;0.0;1.0;0.0;1.0;0.0
14101024001;8.0;4.0;2.0;5.0;7.0;0.0;3.0;3.0;6.0;3.0;3.0;6.0;4.0;13.0;6.0;1.0;8.0;0.0
14101074001;4.0;3.0;5.0;5.0;2.0;1.0;0.0;1.0;1.0;1.0;1.0;3.0;1.0;1.0;2.0;1.0;4.0;0.0
14102007001;0.0;0.0;0.0;0.0;0.0;0.0;0.0;0.0;0.0;1.0;0.0;0.0;0.0;2.0;3.0;0.0;5.0;0.0
14102008001;1.0;1.0;0.0;1.0;0.0;2.0;0.0;3.0;2.0;1.0;2.0;1.0;0.0;0.0;2.0;0.0;2.0;0.0
14102025001;2.0;2.0;0.0;2.0;2.0;0.0;1.0;0.0;1.0;0.0;0.0;1.0;0.0;2.0;0.0;0.0;2.0;0.0
14102026001;2.0;0.0;3.0;2.0;1.0;2.0;3.0;5.0;0.0;2.0;1.0;0.0;0.0;0.0;3.0;3.0;3.0;0.0
14102040001;4.0;5.0;8.0;8.0;9.0;1.0;1.0;7.0;3.0;7.0;5.0;13.0;0.0;5.0;8.0;5.0;10.0;0.0
14102067001;0.0;0.0;1.0;0.0;0.0;0.0;1.0;2.0;0.0;0.0;2.0;1.0;1.0;2.0;2.0;0.0;2.0;0.0
14102087001;1.0;4.0;3.0;0.0;2.0;0.0;1.0;0.0;3.0;2.0;1.0;2.0;1.0;1.0;5.0;1.0;1.0;0.0
14102115001;3.0;2.0;3.0;1.0;3.0;1.0;1.0;0.0;4.0;0.0;3.0;3.0;3.0;0.0;3.0;2.0;1.0;0.0
14102223001;0.0;0.0;0.0;0.0;2.0;0.0;0.0;1.0;0.0;1.0;0.0;0.0;0.0;0.0;0.0;0.0;0.0;0.0
14102238001;5.0;4.0;8.0;13.0;14.0;9.0;9.0;11.0;5.0;17.0;10.0;10.0;6.0;5.0;12.0;6.0;7.0;0.0
14102246001;3.0;3.0;8.0;10.0;10.0;4.0;3.0;7.0;12.0;6.0;15.0;24.0;16.0;9.0;30.0;6.0;26.0;0.0
14102249001;30.0;40.0;40.0;46.0;41.0;18.0;24.0;25.0;11.0;12.0;19.0;22.0;13.0;15.0;62.0;24.0;48.0;0.0
14102250001;14.0;17.0;19.0;31.0;30.0;7.0;18.0;13.0;24.0;35.0;34.0;42.0;15.0;7.0;39.0;18.0;38.0;0.0
14102258001;4.0;6.0;10.0;9.0;17.0;8.0;11.0;19.0;17.0;16.0;14.0;15.0;9.0;6.0;22.0;7.0;20.0;0.0
14103009001;11.0;11.0;13.0;18.0;12.0;8.0;10.0;9.0;8.0;6.0;8.0;22.0;18.0;12.0;17.0;9.0;18.0;0.0
14103018001;5.0;9.0;9.0;1.0;3.0;1.0;1.0;1.0;2.0;2.0;8.0;8.0;6.0;3.0;14.0;3.0;9.0;0.0
14103030001;3.0;3.0;6.0;3.0;4.0;7.0;5.0;2.0;3.0;5.0;8.0;3.0;3.0;1.0;8.0;1.0;3.0;0.0
14103057001;0.0;0.0;1.0;0.0;2.0;2.0;1.0;1.0;2.0;3.0;3.0;5.0;3.0;1.0;2.0;0.0;3.0;0.0
14103058001;0.0;0.0;0.0;0.0;0.0;0.0;0.0;0.0;0.0;0.0;0.0;1.0;0.0;0.0;0.0;0.0;1.0;0.0
14103084001;0.0;0.0;1.0;0.0;0.0;0.0;1.0;0.0;0.0;0.0;1.0;0.0;1.0;0.0;0.0;0.0;1.0;0.0
14103106001;0.0;0.0;0.0;1.0;2.0;1.0;0.0;1.0;0.0;0.0;4.0;0.0;1.0;0.0;4.0;1.0;0.0;0.0
14104002001;9.0;6.0;8.0;6.0;15.0;7.0;7.0;16.0;14.0;13.0;10.0;21.0;13.0;13.0;23.0;6.0;13.0;0.0
14104012001;8.0;16.0;14.0;17.0;14.0;8.0;11.0;6.0;12.0;18.0;13.0;31.0;20.0;7.0;29.0;19.0;26.0;0.0
14104016001;0.0;2.0;1.0;2.0;3.0;1.0;1.0;1.0;4.0;0.0;3.0;0.0;3.0;0.0;3.0;0.0;2.0;0.0
14104017001;9.0;8.0;15.0;10.0;8.0;6.0;6.0;7.0;8.0;10.0;14.0;21.0;13.0;4.0;16.0;6.0;9.0;0.0
14104028001;0.0;0.0;0.0;0.0;1.0;0.0;0.0;0.0;0.0;0.0;0.0;0.0;0.0;0.0;0.0;0.0;0.0;0.0
14104030001;0.0;0.0;0.0;0.0;0.0;0.0;0.0;1.0;0.0;0.0;1.0;0.0;0.0;2.0;2.0;0.0;3.0;0.0
14104042001;4.0;7.0;9.0;9.0;5.0;4.0;3.0;5.0;6.0;5.0;12.0;8.0;6.0;4.0;13.0;5.0;12.0;0.0
14104067001;18.0;11.0;11.0;19.0;14.0;4.0;11.0;8.0;6.0;5.0;9.0;10.0;10.0;6.0;18.0;12.0;15.0;0.0
14104088002;0.0;0.0;0.0;0.0;0.0;1.0;0.0;0.0;0.0;0.0;0.0;2.0;0.0;0.0;0.0;0.0;0.0;0.0
14104090001;5.0;0.0;0.0;2.0;2.0;4.0;2.0;3.0;2.0;1.0;2.0;2.0;1.0;1.0;3.0;2.0;1.0;0.0
14104098001;0.0;0.0;2.0;1.0;0.0;1.0;0.0;0.0;0.0;2.0;0.0;0.0;1.0;1.0;0.0;4.0;3.0;0.0
14104101001;8.0;6.0;3.0;4.0;10.0;5.0;1.0;5.0;5.0;0.0;7.0;7.0;2.0;3.0;10.0;6.0;6.0;0.0
14104108001;3.0;2.0;4.0;6.0;2.0;0.0;1.0;1.0;1.0;4.0;2.0;6.0;4.0;1.0;1.0;0.0;2.0;0.0
14104113001;5.0;3.0;4.0;1.0;3.0;0.0;5.0;2.0;1.0;4.0;4.0;4.0;2.0;0.0;3.0;4.0;6.0;0.0
14104114001;0.0;1.0;0.0;1.0;0.0;2.0;1.0;0.0;0.0;2.0;2.0;2.0;1.0;0.0;2.0;2.0;4.0;0.0
14104117001;1.0;1.0;0.0;0.0;0.0;0.0;0.0;1.0;0.0;0.0;0.0;0.0;0.0;0.0;0.0;0.0;0.0;0.0
14104118001;28.0;19.0;15.0;25.0;24.0;4.0;9.0;12.0;9.0;17.0;18.0;27.0;15.0;7.0;17.0;15.0;16.0;0.0
14104129001;17.0;18.0;14.0;12.0;20.0;15.0;10.0;22.0;15.0;15.0;15.0;20.0;10.0;6.0;33.0;10.0;24.0;0.0
14104139001;1.0;0.0;0.0;0.0;0.0;1.0;0.0;0.0;0.0;0.0;0.0;1.0;1.0;0.0;1.0;0.0;2.0;0.0
14104146001;1.0;0.0;2.0;2.0;4.0;4.0;2.0;0.0;0.0;0.0;0.0;0.0;0.0;0.0;0.0;0.0;0.0;0.0
14104148001;0.0;1.0;2.0;1.0;1.0;3.0;3.0;0.0;0.0;1.0;1.0;1.0;1.0;1.0;5.0;2.0;0.0;0.0
14104150001;3.0;1.0;1.0;1.0;1.0;0.0;1.0;0.0;0.0;2.0;2.0;3.0;7.0;1.0;5.0;3.0;10.0;0.0
14104151001;3.0;1.0;1.0;2.0;3.0;0.0;1.0;1.0;1.0;0.0;1.0;2.0;1.0;2.0;8.0;4.0;4.0;0.0
14104162001;2.0;0.0;2.0;0.0;0.0;0.0;0.0;1.0;1.0;0.0;1.0;2.0;1.0;0.0;3.0;0.0;4.0;0.0
14104169001;4.0;7.0;6.0;19.0;4.0;8.0;4.0;6.0;4.0;12.0;8.0;9.0;5.0;6.0;13.0;6.0;7.0;0.0
14104193001;0.0;0.0;0.0;0.0;0.0;0.0;0.0;2.0;1.0;0.0;0.0;2.0;1.0;1.0;4.0;1.0;1.0;0.0
14104200001;0.0;1.0;2.0;4.0;3.0;2.0;2.0;3.0;2.0;3.0;0.0;1.0;0.0;0.0;0.0;0.0;0.0;0.0
14105008001;0.0;0.0;0.0;3.0;0.0;0.0;2.0;0.0;0.0;1.0;0.0;2.0;2.0;0.0;3.0;0.0;0.0;0.0
14105026001;0.0;0.0;0.0;2.0;0.0;0.0;0.0;0.0;1.0;0.0;0.0;0.0;2.0;1.0;10.0;4.0;4.0;0.0
14105129001;0.0;1.0;2.0;4.0;2.0;2.0;4.0;0.0;1.0;5.0;8.0;2.0;0.0;3.0;1.0;3.0;5.0;0.0
14105130001;0.0;1.0;0.0;1.0;6.0;2.0;2.0;3.0;1.0;2.0;7.0;8.0;2.0;3.0;7.0;5.0;10.0;0.0
14110002001;1.0;1.0;0.0;2.0;2.0;0.0;1.0;2.0;0.0;2.0;1.0;1.0;1.0;0.0;1.0;0.0;0.0;0.0
14110003001;0.0;0.0;0.0;2.0;3.0;1.0;0.0;0.0;2.0;2.0;1.0;1.0;4.0;1.0;4.0;2.0;0.0;0.0
14110006001;6.0;2.0;5.0;7.0;7.0;3.0;5.0;5.0;9.0;6.0;1.0;6.0;4.0;2.0;7.0;5.0;8.0;0.0
14110010001;0.0;1.0;1.0;1.0;0.0;1.0;0.0;1.0;1.0;0.0;4.0;0.0;0.0;0.0;2.0;2.0;3.0;0.0
14110011001;0.0;2.0;1.0;0.0;1.0;2.0;0.0;1.0;2.0;1.0;0.0;0.0;1.0;0.0;1.0;2.0;2.0;0.0
14110015001;14.0;21.0;22.0;18.0;17.0;4.0;14.0;8.0;11.0;10.0;17.0;28.0;21.0;13.0;59.0;27.0;28.0;0.0
14110019001;1.0;0.0;0.0;0.0;1.0;1.0;1.0;1.0;0.0;2.0;2.0;1.0;0.0;0.0;3.0;0.0;4.0;0.0
14110028001;3.0;0.0;2.0;1.0;0.0;1.0;0.0;0.0;0.0;0.0;0.0;2.0;0.0;0.0;0.0;0.0;0.0;0.0
14110029001;3.0;4.0;4.0;8.0;10.0;4.0;4.0;6.0;5.0;9.0;2.0;9.0;6.0;0.0;10.0;6.0;10.0;0.0
14110054001;8.0;6.0;11.0;12.0;18.0;7.0;6.0;9.0;10.0;6.0;9.0;8.0;8.0;5.0;21.0;5.0;11.0;0.0
14110056001;7.0;0.0;3.0;2.0;0.0;0.0;1.0;1.0;1.0;0.0;0.0;2.0;4.0;1.0;3.0;3.0;8.0;0.0
14110078001;1.0;1.0;0.0;2.0;0.0;0.0;0.0;0.0;1.0;0.0;2.0;0.0;0.0;0.0;1.0;1.0;0.0;0.0
14110081001;3.0;6.0;1.0;7.0;7.0;0.0;1.0;2.0;1.0;0.0;4.0;7.0;3.0;2.0;6.0;7.0;12.0;0.0
14110084001;8.0;7.0;17.0;8.0;11.0;3.0;8.0;6.0;4.0;10.0;10.0;11.0;4.0;4.0;18.0;6.0;9.0;0.0
14110086001;2.0;2.0;6.0;3.0;8.0;3.0;1.0;7.0;6.0;6.0;2.0;2.0;1.0;2.0;6.0;4.0;3.0;0.0
14110106001;0.0;0.0;0.0;0.0;0.0;0.0;0.0;0.0;7.0;8.0;11.0;6.0;5.0;13.0;32.0;8.0;25.0;0.0
14110145001;0.0;1.0;0.0;1.0;0.0;1.0;1.0;1.0;0.0;0.0;0.0;1.0;0.0;1.0;0.0;0.0;0.0;0.0
14110154001;0.0;0.0;0.0;0.0;0.0;0.0;0.0;0.0;0.0;0.0;0.0;0.0;1.0;7.0;9.0;2.0;8.0;0.0
14110163001;1.0;0.0;2.0;0.0;2.0;1.0;1.0;2.0;0.0;2.0;2.0;3.0;3.0;0.0;1.0;1.0;1.0;0.0
14111001001;6.0;2.0;13.0;6.0;2.0;1.0;4.0;3.0;1.0;1.0;8.0;16.0;7.0;2.0;21.0;9.0;9.0;0.0
14111002001;5.0;3.0;3.0;8.0;4.0;2.0;0.0;3.0;3.0;3.0;1.0;3.0;2.0;3.0;3.0;2.0;2.0;0.0
14111004001;2.0;1.0;2.0;1.0;1.0;3.0;0.0;2.0;1.0;0.0;1.0;6.0;1.0;2.0;5.0;0.0;3.0;0.0
14111005001;1.0;0.0;0.0;1.0;0.0;2.0;0.0;3.0;1.0;1.0;1.0;4.0;3.0;0.0;1.0;0.0;2.0;0.0
14111006001;0.0;1.0;2.0;2.0;2.0;1.0;2.0;6.0;3.0;3.0;0.0;2.0;2.0;1.0;0.0;1.0;1.0;0.0
14111008001;0.0;1.0;1.0;1.0;3.0;2.0;1.0;1.0;0.0;4.0;5.0;6.0;1.0;1.0;3.0;4.0;10.0;0.0
14111010001;0.0;1.0;2.0;3.0;1.0;0.0;0.0;4.0;8.0;0.0;2.0;4.0;1.0;0.0;7.0;3.0;5.0;0.0
14111011001;5.0;2.0;1.0;0.0;0.0;3.0;0.0;1.0;2.0;0.0;0.0;5.0;4.0;2.0;4.0;3.0;11.0;0.0
14111012001;0.0;0.0;1.0;1.0;0.0;1.0;0.0;0.0;0.0;0.0;0.0;0.0;0.0;0.0;0.0;1.0;0.0;0.0
14111015001;0.0;2.0;1.0;1.0;3.0;0.0;0.0;3.0;3.0;0.0;1.0;0.0;0.0;0.0;4.0;3.0;1.0;0.0
14111017001;0.0;3.0;1.0;2.0;2.0;0.0;2.0;2.0;1.0;0.0;0.0;1.0;0.0;0.0;0.0;2.0;1.0;0.0
14111018001;1.0;0.0;0.0;1.0;0.0;1.0;0.0;0.0;1.0;0.0;0.0;1.0;1.0;1.0;0.0;0.0;0.0;0.0
14111020001;1.0;4.0;1.0;3.0;6.0;3.0;3.0;3.0;2.0;2.0;3.0;7.0;3.0;1.0;3.0;6.0;7.0;0.0
14111023001;0.0;0.0;1.0;1.0;1.0;0.0;1.0;1.0;1.0;0.0;0.0;1.0;2.0;0.0;1.0;0.0;0.0;0.0
14111024001;0.0;0.0;2.0;1.0;4.0;0.0;1.0;1.0;9.0;6.0;5.0;5.0;8.0;2.0;2.0;11.0;3.0;0.0
14111029001;0.0;2.0;1.0;1.0;2.0;0.0;1.0;3.0;2.0;2.0;0.0;3.0;2.0;0.0;9.0;1.0;0.0;0.0
14111034001;0.0;3.0;0.0;0.0;1.0;0.0;2.0;2.0;1.0;2.0;1.0;0.0;4.0;1.0;1.0;2.0;1.0;0.0
14111036001;5.0;3.0;4.0;2.0;2.0;0.0;2.0;0.0;0.0;0.0;5.0;12.0;5.0;2.0;14.0;8.0;7.0;0.0
14111037001;2.0;2.0;2.0;1.0;4.0;3.0;2.0;2.0;1.0;1.0;3.0;4.0;2.0;0.0;22.0;1.0;1.0;0.0
14111038001;2.0;5.0;2.0;2.0;5.0;2.0;4.0;5.0;1.0;0.0;2.0;1.0;3.0;2.0;2.0;2.0;1.0;0.0
14111040001;0.0;0.0;0.0;0.0;0.0;1.0;0.0;0.0;0.0;0.0;0.0;1.0;1.0;0.0;0.0;0.0;0.0;0.0
14111041001;0.0;0.0;0.0;1.0;0.0;0.0;0.0;0.0;1.0;0.0;0.0;5.0;2.0;1.0;1.0;5.0;0.0;0.0
14111050001;0.0;1.0;2.0;2.0;1.0;0.0;1.0;1.0;0.0;0.0;0.0;0.0;0.0;2.0;0.0;2.0;1.0;0.0
14111055001;0.0;0.0;0.0;1.0;0.0;1.0;1.0;3.0;3.0;1.0;2.0;1.0;2.0;1.0;0.0;2.0;1.0;0.0
14111090001;0.0;2.0;0.0;0.0;1.0;0.0;0.0;0.0;0.0;0.0;0.0;0.0;1.0;0.0;0.0;0.0;0.0;0.0
14111098001;0.0;0.0;0.0;2.0;0.0;1.0;0.0;0.0;0.0;0.0;1.0;1.0;0.0;0.0;0.0;1.0;1.0;0.0
14111102001;1.0;0.0;0.0;1.0;2.0;1.0;0.0;1.0;0.0;0.0;0.0;1.0;0.0;0.0;0.0;0.0;0.0;0.0
14111107001;0.0;0.0;1.0;0.0;0.0;0.0;0.0;0.0;1.0;0.0;0.0;0.0;0.0;0.0;1.0;0.0;0.0;0.0
14111118001;7.0;5.0;13.0;11.0;9.0;2.0;2.0;3.0;5.0;1.0;2.0;10.0;10.0;3.0;6.0;4.0;9.0;0.0
14111119001;0.0;0.0;0.0;0.0;0.0;0.0;0.0;0.0;0.0;0.0;0.0;0.0;0.0;0.0;0.0;0.0;1.0;0.0
14111120001;0.0;0.0;0.0;0.0;0.0;0.0;1.0;0.0;0.0;2.0;0.0;3.0;1.0;0.0;3.0;1.0;3.0;0.0
14111132001;10.0;3.0;4.0;3.0;2.0;0.0;1.0;0.0;2.0;1.0;2.0;3.0;4.0;2.0;4.0;0.0;4.0;0.0
14111134001;0.0;0.0;0.0;3.0;7.0;1.0;0.0;6.0;7.0;2.0;5.0;5.0;3.0;2.0;5.0;0.0;4.0;0.0
14112007001;51.0;47.0;66.0;65.0;82.0;27.0;44.0;42.0;14.0;22.0;5.0;12.0;5.0;1.0;0.0;1.0;0.0;0.0
14112009001;3.0;1.0;1.0;0.0;1.0;2.0;2.0;0.0;1.0;1.0;2.0;4.0;5.0;4.0;5.0;2.0;4.0;0.0
14112013001;49.0;40.0;57.0;59.0;84.0;18.0;39.0;45.0;39.0;27.0;20.0;33.0;14.0;12.0;19.0;8.0;7.0;0.0
14112014001;21.0;22.0;38.0;19.0;20.0;5.0;16.0;10.0;10.0;2.0;21.0;28.0;23.0;14.0;36.0;19.0;21.0;0.0
14112016001;10.0;7.0;9.0;13.0;13.0;5.0;5.0;9.0;12.0;11.0;16.0;17.0;9.0;7.0;19.0;9.0;10.0;0.0
14112021001;4.0;3.0;2.0;7.0;3.0;2.0;3.0;2.0;2.0;1.0;4.0;4.0;4.0;2.0;11.0;2.0;5.0;0.0
14112038001;0.0;0.0;1.0;1.0;3.0;1.0;1.0;4.0;0.0;2.0;2.0;5.0;3.0;1.0;3.0;2.0;1.0;0.0
14112040001;5.0;3.0;1.0;7.0;8.0;6.0;5.0;9.0;20.0;11.0;5.0;1.0;1.0;0.0;3.0;0.0;0.0;0.0
14112054001;3.0;6.0;6.0;7.0;6.0;2.0;2.0;3.0;5.0;3.0;10.0;12.0;1.0;4.0;6.0;3.0;7.0;0.0
14113013001;0.0;0.0;0.0;0.0;2.0;0.0;0.0;0.0;1.0;0.0;2.0;2.0;0.0;1.0;0.0;2.0;1.0;0.0
14113066001;15.0;13.0;16.0;16.0;21.0;12.0;9.0;12.0;14.0;6.0;10.0;24.0;19.0;6.0;39.0;14.0;33.0;0.0
14120002001;1.0;0.0;1.0;1.0;2.0;2.0;1.0;1.0;3.0;1.0;1.0;3.0;2.0;1.0;4.0;1.0;2.0;0.0
14120017001;6.0;6.0;5.0;0.0;2.0;1.0;2.0;3.0;0.0;0.0;1.0;1.0;1.0;1.0;3.0;2.0;10.0;0.0
14120019001;5.0;6.0;14.0;12.0;12.0;3.0;5.0;2.0;6.0;5.0;5.0;8.0;5.0;7.0;14.0;8.0;13.0;0.0
14120020001;3.0;3.0;3.0;8.0;7.0;1.0;4.0;8.0;5.0;3.0;2.0;6.0;1.0;2.0;2.0;2.0;3.0;0.0
14120024001;1.0;0.0;1.0;1.0;0.0;0.0;0.0;0.0;0.0;0.0;1.0;1.0;0.0;0.0;4.0;2.0;2.0;0.0
14121006001;0.0;1.0;0.0;0.0;0.0;0.0;0.0;0.0;4.0;1.0;2.0;2.0;5.0;0.0;6.0;1.0;5.0;0.0
14121014001;16.0;14.0;18.0;9.0;10.0;3.0;11.0;4.0;12.0;12.0;21.0;20.0;19.0;8.0;40.0;18.0;24.0;0.0
14121017001;14.0;7.0;10.0;5.0;5.0;0.0;2.0;2.0;6.0;0.0;5.0;9.0;9.0;6.0;14.0;12.0;18.0;0.0
14121019001;18.0;17.0;15.0;8.0;9.0;1.0;4.0;3.0;8.0;14.0;12.0;32.0;23.0;7.0;37.0;9.0;19.0;0.0
14121057001;14.0;5.0;3.0;10.0;4.0;3.0;0.0;2.0;9.0;12.0;10.0;5.0;3.0;5.0;25.0;7.0;11.0;0.0
14121059001;3.0;6.0;2.0;4.0;2.0;1.0;0.0;0.0;5.0;3.0;3.0;2.0;2.0;2.0;3.0;3.0;3.0;0.0
14121061001;2.0;1.0;0.0;0.0;1.0;0.0;2.0;0.0;0.0;2.0;1.0;0.0;0.0;1.0;4.0;1.0;1.0;0.0
14121062001;3.0;4.0;8.0;14.0;4.0;1.0;6.0;4.0;7.0;10.0;8.0;10.0;4.0;4.0;13.0;2.0;3.0;0.0
14121063001;3.0;5.0;12.0;10.0;7.0;7.0;5.0;9.0;6.0;7.0;8.0;19.0;11.0;6.0;24.0;8.0;18.0;0.0
14121064001;1.0;1.0;4.0;2.0;0.0;1.0;0.0;0.0;3.0;1.0;0.0;0.0;0.0;1.0;3.0;0.0;1.0;0.0
14121074001;4.0;14.0;14.0;11.0;16.0;3.0;2.0;6.0;12.0;9.0;7.0;9.0;5.0;3.0;17.0;8.0;14.0;0.0
14121075001;1.0;1.0;2.0;1.0;2.0;0.0;0.0;1.0;2.0;2.0;2.0;2.0;1.0;0.0;2.0;1.0;3.0;0.0
14121104001;5.0;1.0;4.0;0.0;1.0;3.0;3.0;2.0;4.0;6.0;5.0;4.0;3.0;7.0;7.0;1.0;5.0;0.0
14121112001;0.0;0.0;2.0;0.0;4.0;1.0;1.0;1.0;5.0;4.0;2.0;0.0;1.0;0.0;0.0;1.0;0.0;0.0
14121131001;0.0;0.0;0.0;0.0;0.0;1.0;0.0;1.0;1.0;0.0;0.0;1.0;0.0;0.0;0.0;0.0;0.0;0.0
14121136001;6.0;9.0;8.0;2.0;1.0;1.0;0.0;2.0;2.0;0.0;1.0;4.0;2.0;9.0;16.0;8.0;16.0;0.0
14121143001;7.0;4.0;3.0;5.0;15.0;1.0;3.0;3.0;3.0;5.0;4.0;11.0;6.0;2.0;8.0;2.0;4.0;0.0
14121164001;3.0;3.0;3.0;0.0;3.0;1.0;1.0;0.0;4.0;3.0;7.0;6.0;8.0;7.0;19.0;3.0;10.0;0.0
14130001001;3.0;1.0;8.0;10.0;6.0;4.0;5.0;6.0;4.0;3.0;4.0;9.0;3.0;3.0;15.0;4.0;14.0;0.0
14130007001;13.0;19.0;19.0;17.0;11.0;5.0;10.0;5.0;9.0;7.0;7.0;18.0;14.0;9.0;21.0;17.0;25.0;0.0
14130009001;1.0;3.0;1.0;2.0;7.0;7.0;0.0;6.0;7.0;11.0;8.0;11.0;4.0;4.0;21.0;2.0;3.0;0.0
14130013001;0.0;0.0;2.0;1.0;3.0;0.0;0.0;3.0;2.0;3.0;0.0;1.0;4.0;1.0;0.0;2.0;3.0;0.0
14130015001;1.0;3.0;0.0;1.0;3.0;0.0;0.0;3.0;3.0;1.0;5.0;8.0;1.0;1.0;8.0;3.0;6.0;0.0
14130016001;4.0;12.0;6.0;6.0;10.0;1.0;3.0;4.0;6.0;5.0;10.0;8.0;4.0;4.0;19.0;2.0;10.0;0.0
14130017001;2.0;2.0;8.0;7.0;8.0;2.0;4.0;5.0;4.0;7.0;9.0;12.0;7.0;3.0;26.0;4.0;13.0;0.0
14130042001;3.0;2.0;3.0;3.0;3.0;1.0;0.0;0.0;5.0;4.0;2.0;6.0;10.0;2.0;17.0;6.0;11.0;0.0
14131008001;2.0;3.0;1.0;1.0;4.0;0.0;0.0;3.0;3.0;8.0;4.0;8.0;4.0;5.0;7.0;6.0;10.0;0.0
14131011001;2.0;2.0;2.0;2.0;3.0;1.0;3.0;2.0;2.0;5.0;2.0;1.0;1.0;1.0;4.0;0.0;0.0;0.0
14131020001;2.0;4.0;2.0;3.0;4.0;3.0;2.0;4.0;8.0;7.0;6.0;11.0;7.0;4.0;10.0;4.0;14.0;0.0
14131022001;6.0;4.0;11.0;11.0;2.0;1.0;3.0;2.0;1.0;10.0;8.0;11.0;4.0;8.0;18.0;3.0;10.0;0.0
14131026001;1.0;0.0;3.0;2.0;1.0;2.0;0.0;1.0;0.0;2.0;3.0;1.0;1.0;3.0;4.0;0.0;1.0;0.0
14131027001;12.0;14.0;9.0;11.0;6.0;1.0;6.0;1.0;10.0;12.0;7.0;8.0;8.0;7.0;44.0;3.0;12.0;0.0
14131033001;20.0;13.0;17.0;31.0;27.0;8.0;7.0;22.0;20.0;31.0;18.0;41.0;21.0;9.0;51.0;30.0;39.0;0.0
14131040001;1.0;0.0;0.0;1.0;2.0;0.0;0.0;2.0;4.0;4.0;1.0;1.0;1.0;1.0;7.0;1.0;4.0;0.0
14131041001;17.0;25.0;17.0;24.0;22.0;1.0;7.0;14.0;17.0;17.0;18.0;19.0;12.0;8.0;51.0;8.0;28.0;0.0
14131043001;1.0;0.0;1.0;2.0;4.0;3.0;0.0;5.0;6.0;3.0;2.0;7.0;4.0;1.0;9.0;1.0;4.0;0.0
14131044001;2.0;0.0;0.0;2.0;1.0;3.0;1.0;0.0;2.0;1.0;1.0;0.0;2.0;0.0;1.0;0.0;1.0;0.0
14131047001;23.0;13.0;25.0;9.0;14.0;10.0;8.0;20.0;25.0;9.0;19.0;37.0;28.0;10.0;37.0;15.0;29.0;0.0
14131056001;4.0;1.0;0.0;1.0;6.0;2.0;0.0;1.0;4.0;3.0;5.0;10.0;2.0;5.0;6.0;3.0;8.0;0.0
14131074001;2.0;0.0;1.0;1.0;0.0;0.0;0.0;0.0;0.0;0.0;1.0;1.0;2.0;1.0;3.0;2.0;2.0;0.0
14131075001;9.0;10.0;19.0;15.0;20.0;4.0;7.0;7.0;6.0;8.0;3.0;13.0;10.0;4.0;24.0;8.0;20.0;0.0
14131092001;9.0;8.0;15.0;5.0;6.0;2.0;6.0;4.0;1.0;0.0;3.0;5.0;4.0;5.0;17.0;3.0;16.0;0.0
14131105001;6.0;6.0;10.0;5.0;6.0;3.0;1.0;5.0;9.0;10.0;8.0;14.0;8.0;1.0;14.0;8.0;7.0;0.0
14132003001;0.0;5.0;4.0;4.0;2.0;0.0;2.0;3.0;6.0;6.0;3.0;1.0;2.0;2.0;11.0;5.0;6.0;0.0
14132015001;11.0;10.0;16.0;18.0;19.0;5.0;9.0;7.0;8.0;13.0;9.0;27.0;15.0;9.0;25.0;13.0;14.0;0.0
14132031001;10.0;14.0;11.0;17.0;9.0;4.0;7.0;4.0;5.0;3.0;8.0;10.0;13.0;11.0;14.0;10.0;18.0;0.0
14132038001;1.0;2.0;3.0;2.0;2.0;0.0;2.0;1.0;2.0;5.0;3.0;6.0;2.0;3.0;9.0;4.0;11.0;0.0
14132071001;0.0;4.0;1.0;2.0;2.0;1.0;2.0;2.0;3.0;2.0;1.0;3.0;0.0;0.0;4.0;2.0;1.0;0.0
14132074001;1.0;3.0;2.0;1.0;4.0;0.0;1.0;2.0;0.0;3.0;5.0;3.0;1.0;1.0;2.0;6.0;3.0;0.0
14132075001;2.0;3.0;2.0;1.0;1.0;0.0;0.0;2.0;0.0;0.0;2.0;2.0;0.0;1.0;2.0;1.0;1.0;0.0
14132116001;2.0;3.0;1.0;4.0;4.0;2.0;1.0;2.0;1.0;0.0;0.0;0.0;1.0;1.0;2.0;3.0;2.0;0.0
14132130001;3.0;4.0;5.0;0.0;1.0;0.0;0.0;0.0;0.0;0.0;0.0;0.0;0.0;0.0;0.0;0.0;0.0;0.0
14132131001;1.0;1.0;1.0;0.0;0.0;0.0;0.0;0.0;0.0;0.0;0.0;0.0;0.0;0.0;0.0;0.0;0.0;0.0
14132149001;2.0;1.0;1.0;2.0;1.0;0.0;0.0;2.0;0.0;2.0;3.0;1.0;1.0;0.0;0.0;0.0;0.0;0.0
14132153001;1.0;0.0;2.0;2.0;1.0;0.0;1.0;0.0;0.0;0.0;2.0;0.0;1.0;0.0;2.0;0.0;0.0;0.0
14133003001;25.0;18.0;30.0;24.0;21.0;9.0;17.0;3.0;3.0;2.0;16.0;18.0;12.0;18.0;31.0;18.0;30.0;0.0
14133007001;0.0;0.0;0.0;1.0;1.0;1.0;2.0;1.0;1.0;0.0;2.0;1.0;0.0;1.0;4.0;0.0;3.0;0.0
14133027001;1.0;1.0;0.0;3.0;2.0;0.0;1.0;1.0;0.0;0.0;1.0;1.0;0.0;1.0;1.0;0.0;2.0;0.0
14133028001;1.0;1.0;0.0;3.0;2.0;0.0;1.0;0.0;3.0;1.0;1.0;2.0;1.0;3.0;3.0;0.0;1.0;0.0
14133029001;2.0;3.0;3.0;8.0;7.0;6.0;2.0;2.0;3.0;7.0;5.0;8.0;6.0;3.0;6.0;4.0;8.0;0.0
14133030001;0.0;3.0;2.0;3.0;8.0;3.0;3.0;2.0;4.0;3.0;3.0;5.0;4.0;3.0;8.0;3.0;2.0;0.0
14133914001;1.0;1.0;0.0;1.0;0.0;1.0;1.0;1.0;0.0;1.0;0.0;0.0;0.0;1.0;0.0;1.0;2.0;0.0
14133918001;1.0;0.0;0.0;0.0;0.0;0.0;0.0;0.0;0.0;0.0;0.0;0.0;0.0;0.0;2.0;0.0;1.0;0.0
14200006001;3.0;2.0;6.0;1.0;3.0;4.0;1.0;3.0;8.0;4.0;3.0;2.0;2.0;2.0;3.0;2.0;4.0;0.0
14200011001;0.0;0.0;0.0;0.0;0.0;0.0;0.0;1.0;2.0;1.0;3.0;3.0;0.0;2.0;1.0;1.0;3.0;0.0
14200012001;2.0;1.0;1.0;0.0;1.0;0.0;2.0;1.0;0.0;0.0;0.0;1.0;1.0;1.0;1.0;2.0;0.0;0.0
14200015001;1.0;0.0;0.0;1.0;2.0;3.0;0.0;3.0;4.0;2.0;2.0;1.0;2.0;7.0;2.0;1.0;4.0;0.0
14200018001;2.0;1.0;0.0;0.0;2.0;0.0;1.0;0.0;0.0;2.0;0.0;4.0;0.0;4.0;1.0;1.0;2.0;0.0
14200019001;0.0;0.0;0.0;0.0;0.0;1.0;1.0;0.0;2.0;2.0;0.0;1.0;0.0;2.0;0.0;0.0;1.0;0.0
14200033001;0.0;0.0;0.0;0.0;0.0;0.0;0.0;0.0;0.0;1.0;3.0;2.0;1.0;1.0;1.0;3.0;1.0;0.0
14200046001;1.0;0.0;1.0;3.0;3.0;0.0;1.0;2.0;1.0;0.0;0.0;2.0;2.0;3.0;1.0;0.0;1.0;0.0
14200047001;0.0;0.0;0.0;4.0;2.0;1.0;0.0;0.0;2.0;1.0;2.0;1.0;2.0;0.0;0.0;1.0;3.0;0.0
14200049001;3.0;0.0;3.0;2.0;1.0;0.0;1.0;1.0;0.0;1.0;0.0;1.0;0.0;1.0;0.0;0.0;0.0;0.0
14200059001;1.0;0.0;1.0;1.0;0.0;0.0;0.0;0.0;1.0;0.0;0.0;0.0;0.0;0.0;0.0;0.0;0.0;0.0
14200060001;0.0;0.0;0.0;0.0;0.0;0.0;0.0;0.0;0.0;0.0;2.0;0.0;1.0;1.0;0.0;0.0;2.0;0.0
14200061001;1.0;0.0;0.0;0.0;0.0;0.0;0.0;0.0;0.0;0.0;0.0;0.0;0.0;1.0;1.0;0.0;0.0;0.0
14200069001;8.0;11.0;20.0;10.0;15.0;4.0;2.0;3.0;13.0;8.0;7.0;18.0;6.0;3.0;19.0;14.0;10.0;0.0
14200070001;0.0;0.0;0.0;1.0;0.0;0.0;0.0;0.0;1.0;1.0;0.0;0.0;1.0;2.0;1.0;0.0;1.0;0.0
14200086001;0.0;0.0;3.0;1.0;0.0;0.0;1.0;2.0;0.0;1.0;2.0;1.0;3.0;2.0;1.0;0.0;0.0;0.0
14200087001;3.0;0.0;1.0;4.0;2.0;2.0;2.0;0.0;3.0;3.0;0.0;1.0;3.0;3.0;1.0;1.0;0.0;0.0
14200088001;0.0;0.0;0.0;1.0;2.0;3.0;0.0;1.0;1.0;0.0;0.0;0.0;2.0;1.0;1.0;0.0;0.0;0.0
14200089001;0.0;0.0;0.0;0.0;0.0;0.0;1.0;0.0;1.0;0.0;0.0;1.0;0.0;0.0;1.0;0.0;1.0;0.0
14200090001;0.0;1.0;1.0;0.0;1.0;1.0;0.0;0.0;1.0;0.0;0.0;1.0;0.0;0.0;0.0;0.0;0.0;0.0
14200091001;1.0;1.0;0.0;1.0;0.0;1.0;0.0;3.0;1.0;1.0;1.0;1.0;1.0;0.0;4.0;2.0;0.0;0.0
14200092001;1.0;3.0;1.0;0.0;1.0;0.0;0.0;0.0;0.0;0.0;0.0;0.0;2.0;1.0;1.0;0.0;0.0;0.0
14200093001;0.0;1.0;1.0;0.0;1.0;1.0;1.0;2.0;1.0;0.0;2.0;1.0;1.0;1.0;1.0;0.0;0.0;0.0
14200096001;0.0;1.0;0.0;0.0;0.0;1.0;1.0;0.0;0.0;1.0;0.0;2.0;2.0;1.0;0.0;0.0;0.0;0.0
14200119001;3.0;5.0;9.0;8.0;5.0;2.0;7.0;0.0;4.0;4.0;2.0;5.0;1.0;2.0;6.0;4.0;5.0;0.0
14201002001;0.0;0.0;0.0;0.0;0.0;0.0;0.0;0.0;0.0;0.0;0.0;0.0;1.0;0.0;0.0;0.0;0.0;0.0
14201003001;0.0;3.0;0.0;0.0;0.0;1.0;2.0;0.0;0.0;0.0;0.0;0.0;0.0;0.0;0.0;0.0;0.0;0.0
14201013001;0.0;1.0;1.0;0.0;0.0;2.0;0.0;1.0;2.0;1.0;1.0;3.0;1.0;0.0;1.0;0.0;1.0;0.0
14201019001;1.0;0.0;0.0;0.0;0.0;0.0;1.0;0.0;0.0;0.0;0.0;0.0;0.0;0.0;0.0;0.0;0.0;0.0
14201020001;2.0;1.0;1.0;1.0;1.0;0.0;0.0;0.0;0.0;0.0;0.0;0.0;0.0;0.0;2.0;0.0;0.0;0.0
14201021001;0.0;0.0;1.0;0.0;2.0;2.0;0.0;1.0;1.0;2.0;3.0;3.0;1.0;1.0;5.0;2.0;1.0;0.0
14201022001;0.0;1.0;1.0;2.0;0.0;1.0;0.0;0.0;0.0;0.0;2.0;1.0;2.0;0.0;0.0;0.0;0.0;0.0
14201049001;0.0;0.0;0.0;0.0;0.0;0.0;0.0;0.0;0.0;0.0;0.0;0.0;1.0;0.0;0.0;0.0;1.0;0.0
14202001001;0.0;0.0;0.0;0.0;0.0;0.0;0.0;0.0;1.0;0.0;5.0;6.0;3.0;3.0;7.0;1.0;4.0;0.0
14202009001;0.0;0.0;1.0;1.0;1.0;0.0;1.0;1.0;1.0;1.0;2.0;3.0;0.0;1.0;3.0;0.0;1.0;0.0
14202011001;0.0;0.0;0.0;0.0;1.0;0.0;0.0;0.0;0.0;0.0;0.0;1.0;1.0;1.0;3.0;0.0;0.0;0.0
14202013001;1.0;1.0;3.0;0.0;1.0;0.0;1.0;0.0;3.0;0.0;0.0;1.0;1.0;1.0;0.0;0.0;4.0;0.0
14202017001;0.0;1.0;1.0;1.0;0.0;3.0;3.0;0.0;2.0;1.0;1.0;1.0;2.0;1.0;4.0;0.0;2.0;0.0
14202018001;2.0;1.0;0.0;0.0;0.0;0.0;1.0;1.0;1.0;0.0;1.0;0.0;1.0;0.0;0.0;0.0;0.0;0.0
14202023001;2.0;0.0;3.0;0.0;1.0;2.0;0.0;0.0;1.0;2.0;0.0;2.0;1.0;2.0;2.0;0.0;0.0;0.0
14203001001;1.0;2.0;3.0;3.0;1.0;3.0;1.0;4.0;3.0;10.0;3.0;8.0;3.0;4.0;8.0;6.0;2.0;0.0
14203002001;0.0;1.0;0.0;0.0;1.0;0.0;0.0;0.0;0.0;1.0;1.0;0.0;0.0;1.0;1.0;0.0;1.0;0.0
14203003001;1.0;1.0;1.0;0.0;2.0;0.0;0.0;0.0;1.0;0.0;0.0;2.0;0.0;1.0;0.0;1.0;0.0;0.0
14203004001;0.0;0.0;1.0;0.0;0.0;0.0;0.0;4.0;1.0;3.0;2.0;1.0;1.0;2.0;2.0;2.0;2.0;0.0
14203016001;0.0;0.0;0.0;1.0;0.0;0.0;0.0;0.0;1.0;1.0;0.0;2.0;0.0;2.0;0.0;1.0;1.0;0.0
14203017001;26.0;15.0;25.0;28.0;28.0;18.0;11.0;21.0;21.0;24.0;25.0;43.0;22.0;24.0;50.0;20.0;26.0;0.0
14203027001;0.0;2.0;2.0;4.0;4.0;0.0;0.0;5.0;1.0;1.0;3.0;9.0;2.0;5.0;3.0;1.0;2.0;0.0
14203032001;0.0;0.0;1.0;0.0;1.0;0.0;1.0;0.0;0.0;2.0;3.0;6.0;1.0;1.0;4.0;0.0;4.0;0.0
14203048001;0.0;0.0;1.0;3.0;0.0;0.0;0.0;1.0;0.0;2.0;1.0;0.0;0.0;3.0;1.0;1.0;0.0;0.0
14203055001;0.0;0.0;0.0;0.0;0.0;0.0;0.0;0.0;0.0;0.0;2.0;0.0;0.0;0.0;0.0;0.0;0.0;0.0
14203058001;1.0;0.0;0.0;0.0;2.0;0.0;1.0;0.0;0.0;2.0;0.0;0.0;0.0;0.0;0.0;0.0;0.0;0.0
14203061001;0.0;0.0;0.0;0.0;2.0;0.0;0.0;0.0;0.0;1.0;1.0;0.0;0.0;0.0;0.0;0.0;0.0;0.0
14203062001;2.0;1.0;1.0;1.0;6.0;2.0;1.0;0.0;1.0;2.0;1.0;1.0;2.0;1.0;1.0;0.0;1.0;0.0
14203064001;0.0;1.0;1.0;1.0;3.0;0.0;1.0;2.0;0.0;0.0;1.0;1.0;1.0;2.0;0.0;0.0;3.0;0.0
14203065001;0.0;0.0;1.0;1.0;1.0;0.0;0.0;0.0;0.0;0.0;0.0;0.0;0.0;0.0;0.0;0.0;0.0;0.0
14203078001;2.0;5.0;8.0;7.0;4.0;5.0;6.0;4.0;4.0;7.0;6.0;10.0;6.0;4.0;6.0;8.0;7.0;0.0
14203080001;1.0;0.0;0.0;0.0;3.0;0.0;1.0;2.0;1.0;4.0;1.0;0.0;1.0;0.0;0.0;0.0;0.0;0.0
14203083001;0.0;1.0;2.0;2.0;3.0;1.0;0.0;1.0;0.0;1.0;1.0;5.0;3.0;1.0;2.0;1.0;3.0;0.0
14203089001;0.0;0.0;0.0;0.0;3.0;0.0;2.0;1.0;0.0;1.0;0.0;0.0;0.0;1.0;0.0;1.0;0.0;0.0
14204010001;0.0;2.0;4.0;1.0;0.0;0.0;0.0;1.0;0.0;0.0;1.0;4.0;1.0;1.0;1.0;1.0;1.0;0.0
14204022001;0.0;0.0;0.0;0.0;0.0;0.0;0.0;0.0;1.0;0.0;0.0;0.0;0.0;0.0;0.0;0.0;0.0;0.0
14204025001;0.0;0.0;0.0;0.0;0.0;0.0;0.0;0.0;2.0;0.0;1.0;1.0;2.0;2.0;2.0;1.0;1.0;0.0
14204041001;7.0;8.0;9.0;16.0;7.0;2.0;4.0;1.0;7.0;6.0;11.0;9.0;2.0;9.0;11.0;6.0;6.0;0.0
14204044001;1.0;2.0;0.0;1.0;0.0;1.0;0.0;1.0;1.0;3.0;0.0;0.0;2.0;1.0;2.0;1.0;2.0;0.0
14204051001;2.0;0.0;0.0;1.0;0.0;0.0;1.0;1.0;0.0;0.0;0.0;3.0;0.0;1.0;0.0;0.0;0.0;0.0
14204052001;0.0;0.0;3.0;1.0;0.0;0.0;2.0;0.0;1.0;0.0;0.0;0.0;0.0;0.0;0.0;0.0;1.0;0.0
14204053001;2.0;0.0;0.0;0.0;2.0;0.0;0.0;0.0;0.0;1.0;0.0;0.0;1.0;0.0;3.0;1.0;1.0;0.0
14204054001;4.0;1.0;8.0;3.0;3.0;2.0;6.0;1.0;3.0;4.0;4.0;4.0;0.0;7.0;7.0;3.0;5.0;0.0
14204055001;1.0;3.0;0.0;1.0;3.0;0.0;1.0;0.0;3.0;2.0;1.0;2.0;1.0;3.0;2.0;4.0;1.0;0.0
14204061001;6.0;5.0;7.0;3.0;7.0;5.0;3.0;7.0;8.0;8.0;4.0;10.0;7.0;4.0;7.0;3.0;5.0;0.0
14204062001;1.0;2.0;4.0;4.0;3.0;0.0;2.0;4.0;2.0;5.0;0.0;0.0;0.0;2.0;2.0;1.0;7.0;0.0
14204065001;1.0;1.0;1.0;0.0;0.0;3.0;0.0;0.0;2.0;0.0;1.0;0.0;1.0;3.0;1.0;0.0;3.0;0.0
14204070001;1.0;3.0;1.0;2.0;0.0;2.0;1.0;2.0;4.0;3.0;1.0;4.0;0.0;1.0;8.0;1.0;7.0;0.0
14204071001;3.0;4.0;3.0;4.0;3.0;4.0;1.0;3.0;3.0;6.0;5.0;7.0;2.0;5.0;2.0;0.0;7.0;0.0
14204073001;0.0;0.0;0.0;0.0;0.0;0.0;0.0;0.0;0.0;0.0;0.0;0.0;0.0;0.0;0.0;0.0;1.0;0.0
14204077001;0.0;1.0;1.0;0.0;2.0;1.0;0.0;0.0;0.0;0.0;0.0;1.0;2.0;1.0;1.0;0.0;2.0;0.0
14204078001;0.0;0.0;0.0;1.0;2.0;0.0;0.0;0.0;0.0;0.0;0.0;2.0;0.0;2.0;3.0;0.0;2.0;0.0
14204083001;3.0;0.0;1.0;2.0;0.0;0.0;2.0;1.0;1.0;0.0;1.0;2.0;2.0;4.0;4.0;1.0;8.0;0.0
14204086001;1.0;1.0;0.0;1.0;1.0;1.0;1.0;2.0;1.0;1.0;2.0;4.0;1.0;2.0;1.0;1.0;3.0;0.0
14204107001;0.0;0.0;0.0;0.0;0.0;0.0;0.0;0.0;0.0;0.0;0.0;0.0;0.0;2.0;1.0;0.0;1.0;0.0
14204118001;0.0;0.0;1.0;0.0;0.0;2.0;0.0;0.0;0.0;2.0;0.0;0.0;1.0;1.0;2.0;1.0;0.0;0.0
14204125001;4.0;3.0;4.0;5.0;0.0;0.0;1.0;1.0;3.0;0.0;2.0;3.0;2.0;4.0;2.0;1.0;2.0;0.0
14204126001;2.0;0.0;0.0;2.0;3.0;1.0;2.0;0.0;2.0;3.0;1.0;4.0;2.0;0.0;4.0;0.0;2.0;0.0
14204127001;1.0;1.0;0.0;0.0;0.0;0.0;0.0;0.0;0.0;0.0;0.0;0.0;0.0;1.0;1.0;0.0;0.0;0.0
14204129001;0.0;0.0;0.0;0.0;4.0;0.0;1.0;3.0;3.0;2.0;4.0;4.0;1.0;5.0;7.0;5.0;7.0;0.0
14204131001;4.0;2.0;4.0;4.0;1.0;7.0;3.0;6.0;3.0;0.0;0.0;0.0;1.0;0.0;0.0;0.0;0.0;0.0
14204132001;0.0;2.0;1.0;0.0;1.0;3.0;0.0;2.0;1.0;1.0;3.0;5.0;2.0;4.0;2.0;1.0;2.0;0.0
14204135001;0.0;1.0;0.0;4.0;1.0;1.0;0.0;1.0;0.0;0.0;0.0;0.0;0.0;0.0;0.0;1.0;0.0;0.0
14204136001;0.0;2.0;1.0;2.0;2.0;0.0;1.0;1.0;0.0;0.0;0.0;0.0;0.0;0.0;0.0;0.0;0.0;0.0
14204148001;0.0;1.0;2.0;1.0;0.0;2.0;0.0;0.0;0.0;0.0;1.0;0.0;1.0;0.0;0.0;0.0;1.0;0.0
14204150001;0.0;0.0;0.0;1.0;0.0;1.0;1.0;1.0;0.0;1.0;2.0;0.0;0.0;0.0;1.0;0.0;1.0;0.0
14204892001;0.0;2.0;4.0;6.0;5.0;1.0;1.0;6.0;5.0;12.0;4.0;10.0;0.0;2.0;14.0;1.0;10.0;0.0
14210009001;0.0;1.0;1.0;0.0;1.0;0.0;0.0;2.0;0.0;0.0;1.0;1.0;0.0;1.0;0.0;0.0;0.0;0.0
14210010001;1.0;1.0;1.0;0.0;0.0;0.0;0.0;0.0;0.0;2.0;0.0;2.0;0.0;0.0;2.0;0.0;2.0;0.0
14210015001;0.0;0.0;1.0;0.0;1.0;1.0;1.0;1.0;0.0;1.0;0.0;0.0;0.0;0.0;1.0;0.0;0.0;0.0
14210019001;0.0;0.0;0.0;0.0;0.0;0.0;0.0;1.0;0.0;0.0;0.0;1.0;0.0;0.0;0.0;0.0;0.0;0.0
14210021001;1.0;0.0;0.0;1.0;0.0;0.0;0.0;0.0;1.0;1.0;0.0;0.0;0.0;2.0;0.0;0.0;0.0;0.0
14210025001;1.0;0.0;0.0;0.0;0.0;1.0;0.0;1.0;0.0;0.0;1.0;0.0;0.0;0.0;0.0;0.0;0.0;0.0
14210026001;0.0;0.0;0.0;0.0;0.0;1.0;0.0;0.0;0.0;1.0;1.0;0.0;0.0;0.0;0.0;0.0;0.0;0.0
14210029001;0.0;1.0;0.0;0.0;0.0;0.0;0.0;0.0;0.0;0.0;1.0;1.0;0.0;0.0;0.0;0.0;0.0;0.0
14210031001;0.0;0.0;0.0;0.0;0.0;1.0;1.0;0.0;1.0;0.0;1.0;0.0;0.0;0.0;0.0;0.0;1.0;0.0
14210034001;0.0;0.0;0.0;1.0;0.0;1.0;1.0;0.0;2.0;1.0;0.0;2.0;0.0;0.0;0.0;1.0;0.0;0.0
14210035001;0.0;0.0;0.0;0.0;2.0;1.0;0.0;1.0;0.0;0.0;0.0;1.0;0.0;0.0;1.0;1.0;2.0;0.0
14210045001;0.0;0.0;0.0;0.0;0.0;0.0;0.0;0.0;0.0;1.0;1.0;0.0;0.0;0.0;1.0;0.0;0.0;0.0
14210046001;1.0;1.0;1.0;2.0;0.0;0.0;0.0;1.0;0.0;1.0;1.0;1.0;0.0;3.0;0.0;0.0;1.0;0.0
14210048001;0.0;2.0;0.0;0.0;0.0;0.0;0.0;0.0;0.0;0.0;1.0;0.0;2.0;1.0;0.0;0.0;0.0;0.0
14210051001;0.0;0.0;0.0;1.0;3.0;2.0;0.0;5.0;1.0;1.0;1.0;2.0;0.0;2.0;1.0;0.0;0.0;0.0
14210056001;0.0;0.0;0.0;0.0;0.0;0.0;1.0;1.0;0.0;1.0;1.0;1.0;0.0;0.0;1.0;0.0;0.0;0.0
14210068001;1.0;0.0;2.0;0.0;0.0;0.0;0.0;0.0;0.0;0.0;1.0;0.0;0.0;1.0;0.0;0.0;0.0;0.0
14210084001;0.0;0.0;0.0;0.0;0.0;0.0;0.0;0.0;0.0;0.0;0.0;0.0;1.0;0.0;0.0;1.0;0.0;0.0
14210108001;0.0;0.0;0.0;0.0;0.0;0.0;0.0;0.0;1.0;3.0;1.0;0.0;1.0;0.0;1.0;2.0;0.0;0.0
14210110001;0.0;0.0;1.0;2.0;0.0;0.0;1.0;1.0;1.0;0.0;0.0;2.0;1.0;0.0;0.0;0.0;1.0;0.0
14210114001;0.0;0.0;0.0;0.0;1.0;0.0;0.0;0.0;1.0;0.0;1.0;0.0;0.0;0.0;0.0;0.0;0.0;0.0
14210127001;1.0;0.0;0.0;2.0;0.0;0.0;0.0;0.0;0.0;0.0;0.0;0.0;0.0;1.0;0.0;0.0;0.0;0.0
14211055001;0.0;0.0;0.0;0.0;0.0;0.0;0.0;1.0;1.0;3.0;2.0;2.0;1.0;0.0;2.0;1.0;1.0;0.0
14213004001;1.0;3.0;4.0;5.0;3.0;2.0;0.0;2.0;1.0;0.0;1.0;0.0;1.0;0.0;2.0;1.0;1.0;0.0
14213008001;0.0;0.0;0.0;1.0;0.0;0.0;0.0;0.0;0.0;0.0;0.0;0.0;0.0;0.0;0.0;0.0;1.0;0.0
14213010001;0.0;0.0;0.0;0.0;0.0;0.0;0.0;0.0;0.0;0.0;0.0;0.0;1.0;0.0;0.0;0.0;1.0;0.0
14213055001;2.0;1.0;0.0;1.0;0.0;0.0;0.0;0.0;0.0;0.0;0.0;0.0;0.0;0.0;1.0;0.0;0.0;0.0
14213092001;0.0;0.0;0.0;1.0;1.0;0.0;0.0;1.0;0.0;0.0;1.0;2.0;0.0;0.0;0.0;0.0;0.0;0.0
14220002001;0.0;1.0;1.0;1.0;1.0;0.0;1.0;0.0;1.0;3.0;1.0;4.0;0.0;2.0;1.0;3.0;3.0;0.0
14220005001;0.0;1.0;3.0;0.0;0.0;2.0;0.0;0.0;1.0;0.0;0.0;2.0;2.0;1.0;0.0;1.0;2.0;0.0
14220085001;0.0;0.0;0.0;0.0;1.0;0.0;0.0;0.0;0.0;1.0;1.0;0.0;0.0;0.0;1.0;0.0;0.0;0.0
14220086001;1.0;1.0;0.0;1.0;2.0;1.0;0.0;0.0;0.0;0.0;0.0;0.0;1.0;0.0;4.0;0.0;0.0;0.0
14220140001;4.0;4.0;1.0;3.0;3.0;1.0;1.0;1.0;0.0;0.0;0.0;0.0;0.0;0.0;0.0;0.0;3.0;0.0
14220141001;1.0;4.0;1.0;1.0;1.0;3.0;1.0;3.0;4.0;3.0;5.0;3.0;2.0;0.0;0.0;1.0;0.0;0.0
14220155001;0.0;0.0;0.0;0.0;1.0;0.0;0.0;0.0;1.0;1.0;0.0;0.0;0.0;0.0;0.0;0.0;0.0;0.0
14221113001;0.0;1.0;0.0;0.0;0.0;0.0;0.0;0.0;0.0;0.0;2.0;1.0;1.0;0.0;1.0;0.0;4.0;0.0
14222001001;0.0;0.0;0.0;0.0;0.0;0.0;1.0;0.0;0.0;0.0;0.0;1.0;0.0;0.0;0.0;0.0;1.0;0.0
14222005001;0.0;0.0;1.0;0.0;0.0;0.0;1.0;2.0;0.0;0.0;1.0;0.0;0.0;1.0;0.0;1.0;4.0;0.0
14222019001;1.0;0.0;2.0;1.0;1.0;2.0;0.0;0.0;1.0;2.0;0.0;0.0;2.0;2.0;0.0;1.0;1.0;0.0
14222025001;0.0;0.0;1.0;1.0;0.0;1.0;1.0;1.0;0.0;0.0;1.0;0.0;0.0;1.0;1.0;1.0;1.0;0.0
14222027001;0.0;0.0;0.0;1.0;0.0;1.0;0.0;1.0;1.0;0.0;1.0;0.0;0.0;0.0;0.0;0.0;2.0;0.0
14222042001;1.0;1.0;3.0;3.0;0.0;1.0;1.0;0.0;3.0;1.0;1.0;1.0;2.0;1.0;3.0;1.0;2.0;0.0
14222043001;1.0;0.0;4.0;3.0;2.0;0.0;2.0;0.0;3.0;6.0;2.0;6.0;5.0;3.0;4.0;1.0;3.0;0.0
14222045001;0.0;0.0;1.0;0.0;1.0;0.0;0.0;0.0;0.0;0.0;0.0;0.0;0.0;0.0;0.0;0.0;0.0;0.0
14222046001;2.0;4.0;3.0;3.0;4.0;2.0;1.0;1.0;2.0;2.0;4.0;4.0;4.0;0.0;6.0;5.0;6.0;0.0
14222048001;0.0;0.0;1.0;0.0;0.0;1.0;0.0;0.0;2.0;1.0;0.0;1.0;0.0;0.0;0.0;0.0;0.0;0.0
14222049001;0.0;1.0;1.0;0.0;1.0;0.0;0.0;1.0;0.0;1.0;1.0;0.0;1.0;0.0;0.0;0.0;0.0;0.0
14222053001;0.0;0.0;3.0;2.0;2.0;0.0;1.0;0.0;0.0;1.0;0.0;1.0;0.0;0.0;2.0;1.0;1.0;0.0
14222068001;6.0;6.0;8.0;4.0;5.0;2.0;1.0;2.0;2.0;5.0;8.0;5.0;2.0;4.0;6.0;5.0;9.0;0.0
14222072001;3.0;0.0;7.0;5.0;1.0;3.0;0.0;1.0;0.0;6.0;8.0;8.0;4.0;4.0;9.0;4.0;8.0;0.0
14222087001;0.0;1.0;0.0;0.0;1.0;0.0;1.0;2.0;0.0;1.0;2.0;3.0;0.0;1.0;2.0;1.0;0.0;0.0
14222095001;1.0;4.0;5.0;0.0;1.0;1.0;0.0;1.0;1.0;6.0;5.0;6.0;1.0;2.0;4.0;1.0;2.0;0.0
14222114001;1.0;3.0;3.0;1.0;3.0;2.0;1.0;3.0;2.0;5.0;8.0;9.0;2.0;3.0;5.0;1.0;3.0;0.0
14222119001;0.0;0.0;0.0;0.0;0.0;0.0;1.0;0.0;0.0;0.0;0.0;0.0;0.0;0.0;0.0;0.0;0.0;0.0
14222122001;0.0;0.0;0.0;0.0;0.0;0.0;0.0;0.0;1.0;0.0;0.0;0.0;0.0;0.0;0.0;0.0;0.0;0.0
14222137001;0.0;0.0;0.0;0.0;0.0;0.0;0.0;0.0;0.0;0.0;0.0;0.0;0.0;0.0;0.0;0.0;1.0;0.0
14222141001;1.0;0.0;0.0;1.0;0.0;0.0;1.0;0.0;1.0;0.0;0.0;1.0;3.0;0.0;0.0;0.0;0.0;0.0
14222142001;3.0;3.0;3.0;2.0;5.0;1.0;0.0;3.0;2.0;3.0;4.0;6.0;3.0;1.0;5.0;0.0;7.0;0.0
14222896001;0.0;1.0;0.0;0.0;0.0;2.0;1.0;0.0;0.0;0.0;1.0;0.0;1.0;0.0;2.0;0.0;0.0;0.0
14222897001;0.0;2.0;0.0;1.0;0.0;2.0;0.0;0.0;0.0;1.0;1.0;1.0;2.0;2.0;2.0;2.0;0.0;0.0
14222898001;0.0;1.0;0.0;0.0;0.0;1.0;0.0;0.0;0.0;1.0;1.0;0.0;2.0;1.0;0.0;1.0;0.0;0.0
14222999001;0.0;0.0;1.0;0.0;1.0;0.0;0.0;1.0;0.0;3.0;2.0;0.0;0.0;1.0;1.0;0.0;0.0;0.0
14223005001;0.0;0.0;1.0;0.0;1.0;0.0;0.0;1.0;2.0;1.0;1.0;2.0;0.0;0.0;0.0;0.0;2.0;0.0
14223008001;0.0;2.0;0.0;2.0;2.0;0.0;0.0;0.0;0.0;0.0;0.0;0.0;0.0;0.0;0.0;0.0;0.0;0.0
14223018001;3.0;0.0;1.0;0.0;2.0;0.0;1.0;0.0;0.0;2.0;3.0;1.0;3.0;0.0;5.0;3.0;4.0;0.0
14223037001;1.0;5.0;3.0;4.0;3.0;3.0;5.0;5.0;3.0;2.0;1.0;4.0;0.0;1.0;6.0;1.0;3.0;0.0
14223045001;6.0;1.0;2.0;1.0;2.0;1.0;1.0;2.0;2.0;4.0;5.0;6.0;5.0;7.0;6.0;0.0;7.0;0.0
14223048001;1.0;0.0;0.0;1.0;0.0;0.0;0.0;0.0;0.0;1.0;0.0;0.0;0.0;0.0;0.0;0.0;0.0;0.0
14223065001;0.0;0.0;0.0;0.0;0.0;0.0;0.0;0.0;0.0;1.0;1.0;0.0;1.0;1.0;1.0;0.0;0.0;0.0
14223080001;0.0;0.0;1.0;1.0;1.0;1.0;0.0;0.0;2.0;2.0;2.0;3.0;2.0;2.0;2.0;1.0;3.0;0.0
14223094001;1.0;3.0;1.0;4.0;1.0;0.0;2.0;1.0;0.0;0.0;0.0;4.0;5.0;4.0;11.0;5.0;7.0;0.0
14223171001;0.0;0.0;0.0;1.0;0.0;2.0;0.0;0.0;0.0;0.0;0.0;0.0;0.0;0.0;0.0;0.0;0.0;0.0
14223176001;0.0;0.0;2.0;0.0;2.0;0.0;0.0;1.0;3.0;3.0;2.0;0.0;3.0;0.0;3.0;1.0;3.0;0.0
14223178001;1.0;1.0;1.0;2.0;1.0;0.0;0.0;1.0;0.0;2.0;2.0;0.0;0.0;0.0;2.0;3.0;1.0;0.0
14223179001;4.0;4.0;3.0;4.0;14.0;2.0;4.0;4.0;5.0;9.0;7.0;11.0;7.0;0.0;7.0;2.0;4.0;0.0
14223215001;2.0;4.0;6.0;2.0;3.0;2.0;3.0;1.0;1.0;6.0;5.0;4.0;3.0;1.0;11.0;1.0;14.0;0.0
14223247001;0.0;0.0;0.0;0.0;1.0;0.0;0.0;0.0;1.0;0.0;0.0;2.0;0.0;0.0;1.0;1.0;4.0;0.0
14224002001;0.0;3.0;0.0;0.0;2.0;1.0;0.0;0.0;1.0;1.0;1.0;0.0;0.0;0.0;0.0;1.0;1.0;0.0
14224003001;0.0;3.0;1.0;5.0;0.0;0.0;0.0;0.0;1.0;2.0;2.0;3.0;0.0;0.0;6.0;2.0;2.0;0.0
14225008001;0.0;0.0;0.0;0.0;0.0;0.0;0.0;0.0;0.0;0.0;0.0;0.0;0.0;0.0;1.0;0.0;0.0;0.0
14225014001;0.0;0.0;0.0;1.0;0.0;0.0;0.0;0.0;0.0;0.0;1.0;0.0;0.0;1.0;0.0;0.0;0.0;0.0
14225016001;1.0;0.0;0.0;0.0;0.0;0.0;0.0;0.0;0.0;1.0;0.0;0.0;0.0;0.0;0.0;1.0;0.0;0.0
14225018001;1.0;0.0;0.0;2.0;1.0;0.0;0.0;0.0;1.0;0.0;1.0;0.0;0.0;1.0;0.0;1.0;0.0;0.0
14225023001;0.0;1.0;0.0;1.0;0.0;1.0;0.0;1.0;0.0;1.0;0.0;0.0;0.0;0.0;0.0;0.0;0.0;0.0
14225029001;0.0;0.0;0.0;0.0;0.0;0.0;0.0;1.0;1.0;1.0;0.0;0.0;0.0;1.0;1.0;0.0;0.0;0.0
14225030001;0.0;0.0;0.0;1.0;0.0;0.0;0.0;0.0;1.0;0.0;0.0;0.0;0.0;0.0;1.0;0.0;0.0;0.0
14225035001;0.0;0.0;0.0;1.0;0.0;0.0;0.0;0.0;0.0;0.0;0.0;0.0;0.0;0.0;0.0;0.0;0.0;0.0
14225041001;1.0;0.0;2.0;0.0;0.0;0.0;0.0;0.0;0.0;0.0;0.0;1.0;0.0;0.0;0.0;0.0;0.0;0.0
14225045001;0.0;0.0;0.0;0.0;0.0;0.0;0.0;0.0;0.0;0.0;0.0;1.0;0.0;0.0;0.0;0.0;0.0;0.0
14225052001;0.0;0.0;2.0;0.0;0.0;1.0;0.0;0.0;1.0;0.0;0.0;0.0;0.0;0.0;0.0;0.0;0.0;0.0
14225056001;0.0;0.0;0.0;0.0;1.0;0.0;0.0;0.0;0.0;1.0;0.0;0.0;0.0;3.0;0.0;0.0;0.0;0.0
14225057001;0.0;0.0;0.0;0.0;1.0;1.0;0.0;0.0;0.0;0.0;0.0;1.0;0.0;0.0;0.0;0.0;1.0;0.0
14226003001;0.0;0.0;0.0;0.0;1.0;0.0;0.0;1.0;0.0;0.0;0.0;0.0;1.0;0.0;1.0;0.0;1.0;0.0
14226005001;0.0;0.0;1.0;0.0;0.0;0.0;0.0;0.0;1.0;0.0;0.0;1.0;2.0;0.0;3.0;0.0;0.0;0.0
14226007001;1.0;1.0;0.0;1.0;2.0;0.0;0.0;0.0;2.0;0.0;2.0;1.0;0.0;1.0;5.0;1.0;2.0;0.0
14226009001;2.0;2.0;2.0;4.0;3.0;0.0;0.0;1.0;1.0;1.0;0.0;4.0;2.0;0.0;0.0;0.0;0.0;0.0
14226012001;0.0;0.0;1.0;0.0;1.0;0.0;0.0;0.0;1.0;0.0;1.0;2.0;1.0;0.0;0.0;0.0;0.0;0.0
14226016001;0.0;0.0;0.0;2.0;0.0;0.0;1.0;0.0;0.0;0.0;1.0;0.0;0.0;0.0;0.0;0.0;1.0;0.0
14226019001;0.0;0.0;0.0;0.0;0.0;0.0;1.0;0.0;0.0;0.0;0.0;0.0;1.0;0.0;0.0;0.0;0.0;0.0
14226020001;0.0;0.0;0.0;1.0;0.0;0.0;0.0;0.0;0.0;0.0;2.0;0.0;1.0;0.0;0.0;0.0;0.0;0.0
14226032001;0.0;1.0;0.0;0.0;0.0;0.0;0.0;0.0;0.0;0.0;0.0;0.0;1.0;0.0;0.0;0.0;0.0;0.0
14226035001;0.0;0.0;0.0;0.0;0.0;0.0;0.0;0.0;0.0;0.0;0.0;0.0;1.0;0.0;0.0;0.0;0.0;0.0
14226042001;1.0;1.0;0.0;1.0;0.0;0.0;0.0;0.0;1.0;0.0;0.0;1.0;2.0;1.0;0.0;1.0;0.0;0.0
14226046001;0.0;0.0;1.0;0.0;0.0;0.0;0.0;2.0;0.0;0.0;1.0;0.0;0.0;0.0;0.0;0.0;0.0;0.0
14226051001;0.0;1.0;0.0;0.0;1.0;1.0;0.0;1.0;1.0;0.0;0.0;0.0;0.0;0.0;0.0;0.0;0.0;0.0
14226059001;0.0;1.0;0.0;1.0;1.0;0.0;1.0;2.0;0.0;0.0;1.0;0.0;0.0;0.0;2.0;0.0;1.0;0.0
14226063001;0.0;0.0;0.0;0.0;0.0;0.0;0.0;1.0;2.0;0.0;1.0;0.0;0.0;1.0;0.0;0.0;1.0;0.0
14226067001;1.0;0.0;1.0;1.0;1.0;0.0;0.0;0.0;1.0;0.0;0.0;0.0;1.0;0.0;0.0;0.0;0.0;0.0
14226100001;0.0;0.0;0.0;0.0;0.0;0.0;0.0;0.0;0.0;0.0;1.0;0.0;0.0;0.0;1.0;0.0;0.0;0.0
14227002001;0.0;0.0;1.0;0.0;2.0;0.0;1.0;0.0;0.0;1.0;0.0;0.0;1.0;0.0;3.0;2.0;1.0;0.0
14227005001;0.0;0.0;2.0;0.0;1.0;0.0;0.0;0.0;0.0;0.0;1.0;1.0;0.0;1.0;3.0;3.0;0.0;0.0
14231003001;7.0;3.0;7.0;1.0;3.0;1.0;0.0;4.0;4.0;9.0;3.0;17.0;5.0;3.0;23.0;8.0;19.0;0.0
14240001001;0.0;1.0;0.0;2.0;0.0;0.0;0.0;1.0;1.0;0.0;1.0;1.0;1.0;1.0;1.0;1.0;2.0;0.0
14240008001;0.0;1.0;1.0;1.0;0.0;0.0;0.0;0.0;0.0;0.0;1.0;0.0;0.0;0.0;0.0;0.0;1.0;0.0
14240014001;0.0;0.0;0.0;2.0;0.0;1.0;0.0;0.0;0.0;0.0;2.0;1.0;0.0;0.0;0.0;0.0;0.0;0.0
14240015001;0.0;0.0;0.0;0.0;1.0;1.0;0.0;0.0;1.0;1.0;0.0;2.0;0.0;0.0;0.0;0.0;0.0;0.0
14241002001;1.0;0.0;0.0;0.0;0.0;0.0;0.0;0.0;0.0;0.0;0.0;0.0;0.0;0.0;0.0;0.0;0.0;0.0
14241004001;0.0;0.0;0.0;0.0;0.0;0.0;0.0;0.0;1.0;2.0;0.0;2.0;3.0;0.0;0.0;1.0;2.0;0.0
14241030001;0.0;1.0;4.0;0.0;0.0;0.0;1.0;1.0;1.0;2.0;3.0;2.0;0.0;0.0;2.0;1.0;2.0;0.0
14241032001;0.0;0.0;1.0;1.0;0.0;0.0;2.0;0.0;1.0;0.0;0.0;0.0;0.0;1.0;1.0;0.0;1.0;0.0
14241033001;3.0;1.0;3.0;1.0;1.0;0.0;0.0;0.0;0.0;0.0;0.0;0.0;0.0;0.0;2.0;1.0;2.0;0.0
14241035001;1.0;0.0;0.0;1.0;0.0;0.0;1.0;0.0;0.0;0.0;0.0;0.0;0.0;0.0;0.0;0.0;0.0;0.0
14241042001;0.0;2.0;3.0;5.0;2.0;1.0;1.0;0.0;1.0;1.0;1.0;4.0;1.0;2.0;4.0;6.0;5.0;0.0
14241043001;1.0;0.0;0.0;0.0;0.0;0.0;0.0;0.0;0.0;0.0;0.0;1.0;0.0;0.0;0.0;0.0;0.0;0.0
14241044001;0.0;0.0;0.0;1.0;0.0;0.0;1.0;0.0;0.0;0.0;0.0;0.0;0.0;0.0;0.0;0.0;0.0;0.0
14242003001;2.0;1.0;0.0;1.0;0.0;0.0;0.0;2.0;0.0;1.0;0.0;0.0;2.0;1.0;1.0;2.0;1.0;0.0
14242007001;1.0;0.0;0.0;0.0;0.0;0.0;0.0;0.0;0.0;1.0;1.0;0.0;0.0;1.0;0.0;0.0;2.0;0.0
14242036001;0.0;1.0;1.0;0.0;0.0;0.0;0.0;1.0;1.0;1.0;1.0;2.0;4.0;0.0;3.0;2.0;1.0;0.0
14242037001;2.0;2.0;2.0;3.0;2.0;5.0;1.0;1.0;2.0;2.0;1.0;3.0;2.0;2.0;0.0;1.0;1.0;0.0
14242039001;1.0;1.0;1.0;0.0;0.0;0.0;1.0;0.0;0.0;2.0;2.0;0.0;2.0;1.0;1.0;1.0;3.0;0.0
14242042001;0.0;1.0;2.0;1.0;0.0;0.0;0.0;1.0;0.0;1.0;1.0;2.0;0.0;0.0;2.0;1.0;1.0;0.0
14242056001;1.0;1.0;3.0;2.0;1.0;2.0;0.0;1.0;3.0;2.0;0.0;0.0;0.0;0.0;4.0;1.0;0.0;0.0
14242072001;0.0;2.0;0.0;0.0;0.0;0.0;0.0;1.0;1.0;0.0;0.0;0.0;0.0;0.0;0.0;2.0;1.0;0.0
14242081001;0.0;0.0;0.0;0.0;0.0;0.0;0.0;1.0;0.0;0.0;0.0;0.0;0.0;0.0;2.0;1.0;2.0;0.0
14242105001;0.0;0.0;0.0;0.0;0.0;0.0;1.0;1.0;0.0;0.0;0.0;2.0;0.0;0.0;2.0;0.0;0.0;0.0
14242126001;1.0;0.0;0.0;0.0;0.0;0.0;0.0;0.0;0.0;0.0;0.0;1.0;0.0;0.0;0.0;0.0;0.0;0.0
14242131001;1.0;0.0;3.0;3.0;2.0;1.0;2.0;4.0;1.0;2.0;2.0;3.0;1.0;0.0;3.0;3.0;0.0;0.0
14242144001;1.0;1.0;0.0;0.0;1.0;1.0;1.0;0.0;0.0;0.0;0.0;3.0;0.0;0.0;1.0;0.0;2.0;0.0
14242145001;0.0;0.0;1.0;1.0;0.0;0.0;0.0;1.0;0.0;0.0;2.0;1.0;0.0;0.0;2.0;0.0;2.0;0.0
14242149001;1.0;0.0;0.0;1.0;0.0;0.0;2.0;1.0;1.0;3.0;2.0;3.0;0.0;0.0;1.0;2.0;3.0;0.0
14242150001;0.0;1.0;2.0;0.0;3.0;0.0;0.0;0.0;0.0;0.0;3.0;0.0;0.0;0.0;1.0;0.0;0.0;0.0
14242151001;1.0;1.0;1.0;1.0;4.0;2.0;0.0;0.0;3.0;1.0;6.0;1.0;0.0;0.0;5.0;1.0;5.0;0.0
14242154001;0.0;0.0;1.0;0.0;0.0;1.0;0.0;0.0;0.0;2.0;1.0;1.0;2.0;0.0;2.0;1.0;0.0;0.0
14242155001;1.0;0.0;2.0;0.0;1.0;1.0;0.0;1.0;0.0;0.0;1.0;0.0;3.0;1.0;4.0;1.0;2.0;0.0
14242164001;0.0;0.0;0.0;0.0;0.0;0.0;0.0;1.0;0.0;1.0;1.0;0.0;2.0;0.0;2.0;0.0;1.0;0.0
14242210001;1.0;0.0;0.0;0.0;0.0;0.0;0.0;0.0;0.0;0.0;0.0;0.0;0.0;0.0;0.0;0.0;0.0;0.0
14243006001;1.0;0.0;2.0;0.0;0.0;0.0;3.0;0.0;0.0;0.0;0.0;1.0;0.0;0.0;1.0;2.0;1.0;0.0
14243007001;0.0;0.0;0.0;0.0;0.0;0.0;1.0;1.0;1.0;0.0;1.0;1.0;1.0;0.0;1.0;0.0;0.0;0.0
14243009001;1.0;0.0;0.0;0.0;0.0;1.0;0.0;0.0;0.0;1.0;0.0;0.0;0.0;1.0;0.0;0.0;0.0;0.0
14243012001;0.0;0.0;2.0;0.0;0.0;1.0;0.0;0.0;0.0;0.0;0.0;0.0;0.0;0.0;0.0;0.0;0.0;0.0
14243013001;0.0;0.0;4.0;0.0;1.0;0.0;0.0;0.0;0.0;2.0;0.0;0.0;1.0;0.0;4.0;0.0;0.0;0.0
14243016001;0.0;0.0;0.0;0.0;0.0;0.0;1.0;0.0;0.0;1.0;0.0;0.0;1.0;0.0;0.0;0.0;2.0;0.0
14243017001;0.0;0.0;0.0;0.0;0.0;0.0;0.0;0.0;1.0;1.0;0.0;0.0;0.0;0.0;0.0;0.0;0.0;0.0
14243020001;2.0;1.0;0.0;0.0;0.0;0.0;0.0;0.0;1.0;1.0;0.0;1.0;1.0;0.0;3.0;2.0;2.0;0.0
14243021001;0.0;0.0;2.0;0.0;0.0;0.0;0.0;0.0;0.0;0.0;0.0;0.0;0.0;0.0;0.0;0.0;0.0;0.0
14243026001;0.0;0.0;1.0;0.0;0.0;0.0;0.0;0.0;2.0;0.0;0.0;1.0;1.0;0.0;1.0;1.0;1.0;0.0
14243028001;1.0;0.0;1.0;0.0;1.0;0.0;0.0;0.0;0.0;0.0;0.0;0.0;0.0;0.0;0.0;0.0;2.0;0.0
14243031001;0.0;1.0;0.0;0.0;0.0;0.0;0.0;1.0;0.0;0.0;0.0;0.0;0.0;0.0;0.0;0.0;1.0;0.0
14243036001;0.0;2.0;0.0;1.0;1.0;0.0;0.0;0.0;1.0;0.0;0.0;1.0;0.0;0.0;1.0;0.0;0.0;0.0
14243040001;0.0;2.0;1.0;2.0;0.0;1.0;1.0;0.0;0.0;6.0;0.0;6.0;1.0;3.0;1.0;0.0;1.0;0.0
14243042001;0.0;0.0;0.0;1.0;2.0;0.0;2.0;3.0;2.0;2.0;1.0;7.0;1.0;1.0;1.0;0.0;2.0;0.0
14243044001;0.0;2.0;4.0;4.0;2.0;0.0;0.0;1.0;3.0;2.0;1.0;4.0;0.0;0.0;2.0;0.0;3.0;0.0
14243045001;2.0;0.0;1.0;1.0;4.0;1.0;2.0;2.0;4.0;2.0;0.0;6.0;3.0;1.0;5.0;1.0;3.0;0.0
14243046001;2.0;2.0;3.0;2.0;5.0;1.0;0.0;0.0;3.0;2.0;1.0;4.0;1.0;1.0;2.0;0.0;1.0;0.0
14243053001;0.0;0.0;0.0;0.0;0.0;0.0;0.0;0.0;0.0;1.0;0.0;0.0;0.0;0.0;1.0;0.0;0.0;0.0
14243054001;0.0;0.0;0.0;1.0;0.0;0.0;0.0;0.0;0.0;2.0;0.0;0.0;0.0;0.0;1.0;1.0;1.0;0.0
14243055001;0.0;0.0;0.0;0.0;1.0;0.0;0.0;0.0;1.0;0.0;0.0;0.0;1.0;0.0;0.0;1.0;0.0;0.0
14243058001;2.0;0.0;2.0;3.0;2.0;2.0;1.0;0.0;1.0;1.0;3.0;6.0;3.0;1.0;7.0;5.0;5.0;0.0
14243061001;0.0;1.0;2.0;0.0;0.0;1.0;2.0;2.0;1.0;1.0;1.0;1.0;3.0;1.0;3.0;0.0;1.0;0.0
14243081001;0.0;0.0;0.0;0.0;0.0;0.0;0.0;0.0;1.0;0.0;0.0;1.0;0.0;0.0;1.0;0.0;1.0;0.0
14243088001;1.0;0.0;0.0;0.0;0.0;0.0;0.0;1.0;0.0;0.0;1.0;1.0;0.0;0.0;1.0;0.0;0.0;0.0
14243094001;0.0;0.0;0.0;0.0;0.0;0.0;0.0;0.0;1.0;0.0;1.0;0.0;0.0;0.0;1.0;1.0;0.0;0.0
14243106001;0.0;0.0;0.0;0.0;0.0;0.0;0.0;0.0;0.0;0.0;0.0;0.0;1.0;0.0;0.0;0.0;0.0;0.0
14243107001;1.0;2.0;0.0;1.0;0.0;1.0;0.0;0.0;1.0;0.0;1.0;3.0;1.0;1.0;1.0;1.0;1.0;0.0
14243108001;0.0;0.0;0.0;0.0;0.0;1.0;0.0;1.0;0.0;1.0;0.0;0.0;0.0;0.0;1.0;1.0;1.0;0.0
14243110001;0.0;0.0;0.0;0.0;0.0;0.0;0.0;0.0;0.0;0.0;0.0;0.0;0.0;1.0;0.0;0.0;1.0;0.0
14243111001;0.0;0.0;0.0;0.0;0.0;0.0;0.0;0.0;1.0;0.0;0.0;0.0;0.0;0.0;0.0;0.0;0.0;0.0
14243120001;0.0;0.0;0.0;0.0;2.0;0.0;0.0;0.0;0.0;0.0;0.0;3.0;1.0;1.0;0.0;2.0;0.0;0.0
14243129001;5.0;4.0;4.0;0.0;4.0;0.0;0.0;0.0;1.0;0.0;0.0;0.0;0.0;0.0;1.0;0.0;2.0;0.0
14243166001;1.0;0.0;0.0;0.0;0.0;1.0;0.0;0.0;2.0;2.0;1.0;1.0;1.0;0.0;3.0;0.0;3.0;0.0
14244003001;10.0;9.0;14.0;9.0;14.0;6.0;5.0;9.0;18.0;6.0;13.0;25.0;10.0;5.0;18.0;10.0;17.0;0.0
14244005001;0.0;0.0;0.0;0.0;0.0;1.0;0.0;0.0;1.0;0.0;1.0;1.0;0.0;1.0;0.0;0.0;0.0;0.0
14244009001;1.0;0.0;1.0;0.0;0.0;0.0;0.0;1.0;0.0;0.0;0.0;0.0;0.0;1.0;0.0;2.0;2.0;0.0
14244011001;0.0;2.0;1.0;0.0;1.0;1.0;0.0;1.0;0.0;0.0;0.0;0.0;0.0;3.0;3.0;2.0;1.0;0.0
14244012001;0.0;0.0;0.0;2.0;0.0;0.0;0.0;0.0;0.0;1.0;0.0;0.0;1.0;0.0;0.0;1.0;0.0;0.0
14244014001;3.0;4.0;5.0;3.0;4.0;2.0;3.0;1.0;1.0;0.0;5.0;4.0;1.0;6.0;16.0;5.0;9.0;0.0
14244016001;3.0;7.0;10.0;6.0;5.0;2.0;5.0;5.0;6.0;3.0;5.0;3.0;5.0;3.0;18.0;5.0;11.0;0.0
14244017001;4.0;3.0;8.0;5.0;11.0;4.0;2.0;11.0;7.0;9.0;9.0;10.0;2.0;1.0;12.0;3.0;3.0;0.0
14244020001;6.0;2.0;7.0;8.0;9.0;5.0;3.0;11.0;7.0;7.0;10.0;12.0;6.0;1.0;13.0;1.0;5.0;0.0
14244021001;5.0;5.0;10.0;5.0;2.0;2.0;0.0;1.0;3.0;5.0;9.0;9.0;4.0;3.0;16.0;4.0;12.0;0.0
14244022001;0.0;0.0;0.0;0.0;0.0;0.0;0.0;0.0;0.0;0.0;0.0;0.0;0.0;0.0;0.0;0.0;1.0;0.0
14244025001;0.0;0.0;0.0;3.0;0.0;0.0;1.0;0.0;0.0;0.0;0.0;2.0;0.0;1.0;1.0;0.0;0.0;0.0
14244026001;1.0;1.0;0.0;2.0;0.0;2.0;0.0;2.0;3.0;1.0;1.0;0.0;0.0;2.0;2.0;0.0;1.0;0.0
14244027001;3.0;0.0;0.0;1.0;2.0;1.0;0.0;0.0;1.0;1.0;3.0;3.0;4.0;0.0;0.0;2.0;0.0;0.0
14244028001;1.0;3.0;3.0;1.0;2.0;1.0;1.0;2.0;2.0;2.0;2.0;4.0;1.0;2.0;4.0;0.0;0.0;0.0
14244031001;0.0;2.0;0.0;1.0;0.0;1.0;0.0;0.0;1.0;0.0;0.0;1.0;0.0;2.0;0.0;1.0;0.0;0.0
14244034001;0.0;0.0;1.0;0.0;0.0;0.0;0.0;0.0;1.0;0.0;0.0;0.0;0.0;0.0;2.0;0.0;1.0;0.0
14244039001;1.0;0.0;0.0;1.0;1.0;0.0;0.0;1.0;2.0;1.0;2.0;0.0;0.0;1.0;1.0;0.0;0.0;0.0
14244046001;0.0;1.0;0.0;1.0;0.0;0.0;0.0;1.0;0.0;0.0;0.0;1.0;0.0;0.0;1.0;0.0;0.0;0.0
14244049001;1.0;1.0;0.0;1.0;1.0;0.0;1.0;1.0;0.0;2.0;1.0;2.0;1.0;2.0;3.0;2.0;4.0;0.0
14244050001;4.0;2.0;2.0;0.0;1.0;2.0;2.0;2.0;2.0;2.0;1.0;0.0;0.0;2.0;2.0;1.0;1.0;0.0
14244051001;0.0;0.0;2.0;0.0;1.0;0.0;0.0;0.0;1.0;0.0;0.0;0.0;0.0;0.0;0.0;0.0;0.0;0.0
14244052001;5.0;5.0;9.0;5.0;5.0;2.0;1.0;0.0;4.0;0.0;4.0;3.0;3.0;5.0;12.0;6.0;3.0;0.0
14244053001;2.0;0.0;2.0;1.0;1.0;0.0;2.0;0.0;4.0;2.0;1.0;4.0;1.0;2.0;0.0;2.0;1.0;0.0
14244056001;0.0;0.0;0.0;1.0;1.0;1.0;0.0;0.0;1.0;1.0;1.0;1.0;0.0;3.0;1.0;1.0;2.0;0.0
14244059001;1.0;5.0;4.0;3.0;2.0;4.0;0.0;3.0;3.0;0.0;0.0;3.0;4.0;3.0;5.0;3.0;3.0;0.0
14244062001;0.0;0.0;1.0;0.0;0.0;0.0;0.0;0.0;0.0;0.0;0.0;0.0;0.0;0.0;0.0;0.0;0.0;0.0
14244896001;1.0;3.0;5.0;4.0;5.0;0.0;5.0;3.0;2.0;0.0;1.0;5.0;3.0;2.0;8.0;8.0;6.0;0.0
14244898001;1.0;0.0;3.0;0.0;1.0;0.0;0.0;0.0;1.0;0.0;3.0;3.0;4.0;0.0;3.0;0.0;2.0;0.0
14244906001;2.0;1.0;1.0;0.0;0.0;0.0;0.0;0.0;0.0;0.0;1.0;1.0;1.0;0.0;2.0;0.0;0.0;0.0
14244918001;2.0;2.0;5.0;2.0;1.0;3.0;2.0;1.0;6.0;2.0;0.0;2.0;2.0;3.0;4.0;3.0;2.0;0.0
14244919001;3.0;0.0;1.0;1.0;0.0;0.0;0.0;0.0;1.0;0.0;0.0;2.0;1.0;4.0;0.0;3.0;2.0;0.0
14244930001;0.0;0.0;0.0;0.0;0.0;0.0;1.0;0.0;0.0;0.0;0.0;0.0;0.0;0.0;1.0;0.0;0.0;0.0
14244999001;0.0;0.0;0.0;0.0;0.0;0.0;0.0;0.0;0.0;3.0;5.0;5.0;0.0;10.0;8.0;1.0;6.0;0.0
14300003001;0.0;1.0;0.0;0.0;1.0;0.0;0.0;0.0;0.0;0.0;0.0;0.0;0.0;0.0;1.0;0.0;1.0;0.0
14300008001;0.0;0.0;0.0;1.0;1.0;0.0;1.0;1.0;0.0;1.0;3.0;4.0;0.0;2.0;3.0;0.0;2.0;0.0
14300016001;0.0;0.0;0.0;1.0;0.0;0.0;0.0;0.0;0.0;0.0;0.0;0.0;0.0;1.0;0.0;0.0;0.0;0.0
14300019001;1.0;0.0;1.0;1.0;0.0;1.0;0.0;0.0;1.0;0.0;0.0;0.0;1.0;0.0;1.0;0.0;0.0;0.0
14300025001;1.0;1.0;0.0;2.0;4.0;1.0;1.0;0.0;1.0;3.0;1.0;2.0;1.0;0.0;0.0;1.0;0.0;0.0
14300029001;0.0;0.0;0.0;0.0;0.0;0.0;0.0;1.0;0.0;0.0;1.0;0.0;0.0;1.0;1.0;0.0;0.0;0.0
14300046001;1.0;1.0;0.0;0.0;0.0;0.0;1.0;2.0;1.0;1.0;0.0;1.0;0.0;0.0;1.0;0.0;3.0;0.0
14300057001;1.0;2.0;0.0;0.0;0.0;0.0;0.0;0.0;1.0;0.0;0.0;1.0;0.0;0.0;0.0;0.0;0.0;0.0
14300070001;1.0;0.0;0.0;0.0;0.0;0.0;0.0;1.0;0.0;0.0;2.0;0.0;0.0;1.0;0.0;0.0;0.0;0.0
14300096001;0.0;0.0;0.0;0.0;0.0;0.0;0.0;0.0;0.0;0.0;0.0;1.0;1.0;0.0;0.0;0.0;0.0;0.0
14301013001;0.0;1.0;0.0;2.0;1.0;0.0;0.0;1.0;1.0;3.0;2.0;0.0;0.0;1.0;3.0;1.0;4.0;0.0
14301018001;2.0;0.0;0.0;0.0;0.0;0.0;0.0;2.0;1.0;0.0;0.0;0.0;0.0;0.0;1.0;1.0;0.0;0.0
14301023001;0.0;0.0;1.0;3.0;0.0;0.0;0.0;0.0;1.0;0.0;1.0;0.0;1.0;0.0;3.0;0.0;0.0;0.0
14301030001;0.0;0.0;0.0;0.0;0.0;0.0;0.0;0.0;0.0;1.0;0.0;1.0;1.0;0.0;1.0;0.0;1.0;0.0
14301031001;4.0;0.0;0.0;0.0;0.0;0.0;0.0;0.0;0.0;0.0;0.0;0.0;0.0;0.0;0.0;0.0;0.0;0.0
14301108001;0.0;0.0;0.0;1.0;0.0;1.0;2.0;0.0;1.0;2.0;0.0;1.0;3.0;0.0;1.0;0.0;0.0;0.0
14301109001;0.0;0.0;0.0;0.0;0.0;0.0;0.0;0.0;0.0;2.0;0.0;0.0;1.0;0.0;0.0;0.0;1.0;0.0
14301110001;0.0;0.0;0.0;0.0;0.0;0.0;0.0;0.0;0.0;0.0;0.0;1.0;1.0;0.0;0.0;0.0;0.0;0.0
14302005001;0.0;3.0;5.0;1.0;3.0;0.0;3.0;1.0;0.0;2.0;0.0;0.0;0.0;2.0;1.0;0.0;3.0;0.0
14302006001;0.0;0.0;1.0;1.0;2.0;0.0;0.0;0.0;2.0;2.0;0.0;0.0;1.0;0.0;0.0;0.0;0.0;0.0
14302017001;0.0;0.0;0.0;0.0;0.0;0.0;0.0;0.0;0.0;0.0;0.0;1.0;2.0;1.0;3.0;3.0;1.0;0.0
14302018001;0.0;0.0;3.0;0.0;1.0;0.0;0.0;0.0;0.0;0.0;0.0;0.0;0.0;1.0;1.0;0.0;0.0;0.0
14302060001;0.0;0.0;0.0;0.0;0.0;0.0;0.0;0.0;1.0;1.0;0.0;0.0;0.0;0.0;1.0;0.0;0.0;0.0
14302072001;0.0;0.0;0.0;0.0;0.0;0.0;0.0;0.0;0.0;0.0;1.0;1.0;1.0;0.0;2.0;0.0;1.0;0.0
14302079001;0.0;0.0;0.0;1.0;1.0;1.0;1.0;0.0;1.0;1.0;1.0;1.0;2.0;4.0;1.0;0.0;1.0;0.0
14302080001;1.0;0.0;0.0;0.0;0.0;1.0;0.0;0.0;1.0;2.0;0.0;2.0;1.0;0.0;2.0;0.0;2.0;0.0
14303015001;2.0;2.0;1.0;1.0;0.0;0.0;0.0;0.0;1.0;0.0;0.0;2.0;3.0;1.0;2.0;2.0;1.0;0.0
14303021001;1.0;0.0;0.0;0.0;1.0;0.0;0.0;0.0;0.0;1.0;0.0;0.0;0.0;0.0;0.0;0.0;1.0;0.0
14303022001;0.0;0.0;0.0;0.0;0.0;1.0;0.0;0.0;0.0;1.0;0.0;0.0;0.0;1.0;1.0;0.0;0.0;0.0
14303024001;0.0;1.0;0.0;0.0;2.0;0.0;2.0;1.0;0.0;0.0;0.0;0.0;1.0;0.0;1.0;0.0;2.0;0.0
14303026001;0.0;1.0;0.0;0.0;0.0;0.0;0.0;0.0;0.0;0.0;0.0;0.0;0.0;0.0;0.0;0.0;1.0;0.0
14303033001;2.0;2.0;0.0;0.0;1.0;0.0;0.0;0.0;0.0;0.0;0.0;0.0;1.0;0.0;2.0;1.0;0.0;0.0
14303034001;0.0;1.0;0.0;1.0;1.0;0.0;0.0;0.0;0.0;0.0;0.0;0.0;0.0;0.0;1.0;0.0;2.0;0.0
14303036001;0.0;0.0;1.0;0.0;0.0;0.0;0.0;0.0;1.0;1.0;4.0;0.0;1.0;0.0;1.0;0.0;0.0;0.0
14303037001;0.0;0.0;0.0;0.0;0.0;0.0;0.0;0.0;1.0;0.0;1.0;1.0;1.0;0.0;0.0;0.0;0.0;0.0
14303038001;0.0;0.0;0.0;0.0;0.0;0.0;0.0;0.0;0.0;0.0;2.0;0.0;0.0;0.0;1.0;0.0;0.0;0.0
14303039001;0.0;0.0;0.0;0.0;1.0;0.0;0.0;0.0;0.0;0.0;0.0;0.0;0.0;0.0;1.0;0.0;1.0;0.0
14303040001;0.0;0.0;0.0;2.0;0.0;0.0;1.0;0.0;0.0;0.0;1.0;0.0;1.0;0.0;0.0;0.0;1.0;0.0
14303048001;0.0;1.0;1.0;2.0;1.0;1.0;3.0;0.0;3.0;0.0;2.0;4.0;1.0;0.0;2.0;1.0;4.0;0.0
14303058001;1.0;0.0;0.0;0.0;0.0;0.0;0.0;0.0;0.0;1.0;0.0;0.0;0.0;0.0;1.0;0.0;2.0;0.0
14303897001;1.0;0.0;1.0;0.0;1.0;1.0;0.0;0.0;0.0;0.0;1.0;0.0;0.0;0.0;0.0;0.0;0.0;0.0
14303898001;1.0;1.0;1.0;1.0;0.0;1.0;0.0;1.0;0.0;1.0;0.0;1.0;0.0;0.0;0.0;1.0;0.0;0.0
14303899001;0.0;0.0;0.0;0.0;0.0;0.0;1.0;0.0;1.0;0.0;0.0;0.0;0.0;1.0;1.0;0.0;0.0;0.0
14303933001;3.0;2.0;2.0;2.0;2.0;2.0;1.0;1.0;3.0;2.0;3.0;2.0;0.0;2.0;1.0;0.0;2.0;0.0
14303934001;1.0;1.0;3.0;2.0;2.0;1.0;1.0;3.0;4.0;1.0;2.0;1.0;0.0;2.0;4.0;3.0;4.0;0.0
14304001001;1.0;0.0;0.0;2.0;0.0;1.0;0.0;0.0;0.0;0.0;0.0;0.0;0.0;1.0;0.0;0.0;0.0;0.0
14304003001;0.0;0.0;0.0;0.0;0.0;0.0;0.0;0.0;0.0;0.0;0.0;0.0;0.0;1.0;1.0;0.0;2.0;0.0
14304008001;0.0;0.0;0.0;0.0;0.0;0.0;0.0;0.0;1.0;0.0;0.0;0.0;0.0;0.0;0.0;0.0;0.0;0.0
14304009001;0.0;0.0;0.0;1.0;0.0;0.0;0.0;1.0;0.0;0.0;0.0;0.0;1.0;0.0;0.0;1.0;0.0;0.0
14304013001;0.0;0.0;0.0;1.0;0.0;0.0;0.0;0.0;0.0;0.0;1.0;1.0;0.0;0.0;1.0;0.0;0.0;0.0
14304028001;0.0;0.0;3.0;2.0;1.0;1.0;0.0;0.0;1.0;1.0;1.0;0.0;1.0;0.0;0.0;0.0;0.0;0.0
14304047001;0.0;0.0;0.0;0.0;0.0;0.0;0.0;0.0;0.0;0.0;0.0;0.0;0.0;2.0;1.0;0.0;0.0;0.0
14304062001;0.0;0.0;1.0;1.0;0.0;0.0;0.0;0.0;0.0;0.0;1.0;0.0;0.0;0.0;0.0;0.0;0.0;0.0
14304064001;0.0;0.0;0.0;0.0;0.0;0.0;0.0;0.0;0.0;0.0;0.0;0.0;0.0;1.0;0.0;1.0;1.0;0.0
14304128001;0.0;0.0;0.0;0.0;0.0;0.0;0.0;0.0;0.0;0.0;0.0;1.0;0.0;0.0;0.0;0.0;0.0;0.0
14304135001;0.0;0.0;1.0;0.0;1.0;1.0;1.0;0.0;0.0;0.0;0.0;0.0;0.0;0.0;0.0;1.0;0.0;0.0
14304194001;0.0;0.0;0.0;2.0;1.0;0.0;0.0;0.0;2.0;1.0;0.0;0.0;0.0;0.0;0.0;0.0;1.0;0.0
14304230001;0.0;0.0;0.0;0.0;1.0;0.0;0.0;0.0;1.0;1.0;0.0;1.0;0.0;1.0;0.0;1.0;0.0;0.0
14310015001;0.0;0.0;0.0;0.0;0.0;0.0;0.0;0.0;1.0;0.0;2.0;0.0;0.0;1.0;0.0;1.0;0.0;0.0
14310016001;1.0;1.0;0.0;0.0;0.0;0.0;1.0;2.0;2.0;1.0;1.0;0.0;0.0;0.0;2.0;0.0;0.0;0.0
14310020001;1.0;0.0;1.0;0.0;1.0;0.0;0.0;1.0;0.0;1.0;0.0;0.0;0.0;0.0;1.0;0.0;0.0;0.0
14310028001;0.0;0.0;1.0;1.0;0.0;0.0;0.0;0.0;1.0;0.0;0.0;2.0;0.0;0.0;0.0;0.0;0.0;0.0
14310071001;0.0;0.0;0.0;0.0;0.0;1.0;1.0;0.0;0.0;1.0;0.0;0.0;0.0;0.0;0.0;0.0;0.0;0.0
14310096001;1.0;0.0;0.0;0.0;0.0;0.0;0.0;0.0;0.0;0.0;0.0;0.0;0.0;0.0;0.0;0.0;0.0;0.0
14310111001;0.0;0.0;0.0;0.0;0.0;0.0;0.0;0.0;0.0;0.0;2.0;0.0;0.0;0.0;1.0;0.0;0.0;0.0
14310127001;0.0;0.0;0.0;0.0;0.0;0.0;0.0;0.0;0.0;0.0;1.0;1.0;0.0;0.0;0.0;0.0;0.0;0.0
14310128001;0.0;0.0;0.0;1.0;0.0;1.0;0.0;0.0;0.0;0.0;0.0;0.0;0.0;0.0;0.0;0.0;0.0;0.0
14310134001;0.0;0.0;0.0;0.0;2.0;0.0;0.0;0.0;0.0;0.0;0.0;0.0;0.0;0.0;0.0;0.0;0.0;0.0
14310139001;0.0;0.0;0.0;0.0;0.0;0.0;0.0;0.0;0.0;0.0;0.0;0.0;0.0;0.0;1.0;1.0;1.0;0.0
14310209001;0.0;0.0;0.0;0.0;0.0;0.0;0.0;0.0;0.0;0.0;0.0;0.0;0.0;0.0;0.0;0.0;1.0;0.0
14311002001;0.0;0.0;0.0;0.0;0.0;0.0;0.0;0.0;0.0;0.0;0.0;0.0;0.0;0.0;0.0;0.0;1.0;0.0
14311004001;7.0;7.0;9.0;5.0;10.0;7.0;3.0;8.0;4.0;16.0;8.0;6.0;4.0;9.0;15.0;3.0;7.0;0.0
14311005001;3.0;3.0;1.0;2.0;3.0;9.0;2.0;5.0;3.0;10.0;8.0;8.0;2.0;4.0;12.0;3.0;4.0;0.0
14311020001;0.0;0.0;0.0;1.0;0.0;1.0;1.0;2.0;1.0;0.0;0.0;1.0;0.0;2.0;3.0;0.0;3.0;0.0
14311022001;0.0;1.0;0.0;0.0;0.0;0.0;1.0;1.0;2.0;3.0;4.0;2.0;3.0;1.0;3.0;0.0;3.0;0.0
14311027001;0.0;0.0;0.0;0.0;0.0;2.0;0.0;4.0;4.0;2.0;4.0;2.0;2.0;3.0;3.0;1.0;1.0;0.0
14311031001;0.0;0.0;0.0;0.0;0.0;0.0;0.0;0.0;0.0;0.0;0.0;0.0;0.0;0.0;0.0;1.0;0.0;0.0
14311036001;0.0;0.0;0.0;0.0;0.0;0.0;1.0;0.0;0.0;0.0;0.0;0.0;0.0;0.0;1.0;0.0;0.0;0.0
14311040001;1.0;0.0;2.0;1.0;0.0;1.0;2.0;0.0;1.0;0.0;0.0;0.0;0.0;0.0;0.0;0.0;0.0;0.0
14311041001;0.0;0.0;2.0;1.0;0.0;0.0;0.0;0.0;0.0;0.0;0.0;0.0;0.0;0.0;0.0;0.0;0.0;0.0
14311043001;3.0;1.0;0.0;0.0;1.0;0.0;0.0;2.0;0.0;2.0;3.0;1.0;2.0;0.0;4.0;1.0;3.0;0.0
14311044001;1.0;0.0;1.0;0.0;0.0;1.0;0.0;0.0;0.0;0.0;0.0;2.0;2.0;0.0;1.0;0.0;2.0;0.0
14311046001;0.0;0.0;1.0;0.0;1.0;0.0;1.0;0.0;0.0;0.0;1.0;2.0;0.0;1.0;0.0;1.0;0.0;0.0
14311054001;0.0;1.0;1.0;1.0;0.0;1.0;0.0;1.0;0.0;1.0;0.0;0.0;0.0;0.0;1.0;0.0;0.0;0.0
14311058001;0.0;1.0;1.0;2.0;3.0;1.0;0.0;1.0;3.0;3.0;0.0;0.0;0.0;5.0;3.0;2.0;3.0;0.0
14311059001;0.0;0.0;0.0;0.0;0.0;0.0;0.0;1.0;0.0;0.0;0.0;0.0;0.0;1.0;0.0;0.0;1.0;0.0
14311065001;1.0;2.0;2.0;1.0;0.0;0.0;0.0;1.0;0.0;0.0;0.0;0.0;2.0;0.0;1.0;0.0;0.0;0.0
14311071001;0.0;2.0;0.0;0.0;0.0;1.0;0.0;0.0;0.0;0.0;0.0;0.0;0.0;1.0;0.0;0.0;0.0;0.0
14311081001;0.0;2.0;0.0;0.0;0.0;0.0;0.0;1.0;0.0;1.0;0.0;2.0;1.0;1.0;0.0;0.0;2.0;0.0
14311086001;0.0;0.0;1.0;0.0;0.0;0.0;0.0;0.0;0.0;0.0;0.0;1.0;0.0;2.0;1.0;0.0;1.0;0.0
14311095001;0.0;1.0;0.0;1.0;2.0;0.0;0.0;0.0;0.0;0.0;0.0;0.0;0.0;0.0;0.0;0.0;1.0;0.0
14311112001;5.0;0.0;0.0;3.0;4.0;0.0;0.0;0.0;3.0;1.0;3.0;4.0;3.0;5.0;4.0;2.0;5.0;0.0
14311117001;0.0;0.0;0.0;0.0;0.0;0.0;0.0;0.0;0.0;0.0;0.0;1.0;0.0;0.0;0.0;0.0;0.0;0.0
14311118001;1.0;0.0;0.0;1.0;2.0;1.0;0.0;1.0;3.0;1.0;1.0;1.0;1.0;1.0;1.0;0.0;0.0;0.0
14311119001;1.0;1.0;0.0;1.0;0.0;0.0;0.0;0.0;0.0;1.0;2.0;2.0;0.0;0.0;1.0;0.0;0.0;0.0
14311134001;0.0;0.0;0.0;0.0;2.0;0.0;0.0;0.0;0.0;1.0;0.0;1.0;1.0;0.0;1.0;0.0;0.0;0.0
14311135001;2.0;6.0;4.0;2.0;0.0;3.0;1.0;2.0;5.0;1.0;1.0;0.0;1.0;3.0;1.0;1.0;1.0;0.0
14311158001;0.0;0.0;0.0;1.0;3.0;0.0;0.0;3.0;2.0;1.0;2.0;7.0;4.0;4.0;5.0;1.0;5.0;0.0
14311220001;0.0;0.0;0.0;0.0;0.0;0.0;0.0;0.0;0.0;0.0;0.0;1.0;0.0;1.0;0.0;0.0;0.0;0.0
14311234001;0.0;0.0;0.0;0.0;0.0;0.0;0.0;1.0;0.0;0.0;0.0;1.0;0.0;0.0;0.0;0.0;0.0;0.0
14311235001;0.0;0.0;0.0;0.0;0.0;1.0;1.0;0.0;0.0;1.0;0.0;0.0;1.0;0.0;0.0;0.0;0.0;0.0
14311256001;0.0;0.0;0.0;0.0;0.0;0.0;0.0;0.0;0.0;1.0;0.0;0.0;0.0;1.0;0.0;0.0;0.0;0.0
14311258001;0.0;0.0;0.0;1.0;1.0;0.0;0.0;0.0;0.0;0.0;0.0;0.0;0.0;0.0;0.0;0.0;0.0;0.0
14311270001;0.0;0.0;0.0;1.0;1.0;0.0;0.0;0.0;0.0;0.0;0.0;0.0;1.0;0.0;1.0;0.0;1.0;0.0
14311898001;0.0;0.0;0.0;0.0;1.0;0.0;1.0;0.0;0.0;0.0;0.0;0.0;0.0;0.0;0.0;0.0;0.0;0.0
14312001001;0.0;0.0;1.0;0.0;0.0;0.0;0.0;0.0;0.0;0.0;0.0;0.0;1.0;0.0;0.0;0.0;1.0;0.0
14312003001;0.0;0.0;0.0;0.0;0.0;0.0;0.0;0.0;0.0;0.0;0.0;0.0;0.0;1.0;0.0;0.0;2.0;0.0
14312008001;0.0;0.0;0.0;0.0;0.0;0.0;0.0;1.0;0.0;0.0;0.0;0.0;0.0;0.0;0.0;1.0;0.0;0.0
14312011001;0.0;1.0;1.0;1.0;0.0;0.0;0.0;0.0;0.0;0.0;0.0;2.0;0.0;0.0;0.0;0.0;0.0;0.0
14312012001;0.0;1.0;0.0;0.0;0.0;0.0;0.0;0.0;0.0;0.0;0.0;0.0;0.0;0.0;0.0;0.0;0.0;0.0
14312016001;0.0;1.0;1.0;1.0;1.0;0.0;0.0;0.0;0.0;0.0;0.0;0.0;0.0;0.0;0.0;0.0;0.0;0.0
14312018001;0.0;0.0;0.0;0.0;0.0;0.0;0.0;0.0;0.0;1.0;0.0;2.0;0.0;0.0;0.0;1.0;1.0;0.0
14312032001;3.0;1.0;0.0;1.0;1.0;1.0;0.0;0.0;1.0;0.0;0.0;0.0;1.0;0.0;0.0;1.0;1.0;0.0
14312042001;0.0;0.0;0.0;0.0;0.0;0.0;0.0;0.0;1.0;1.0;0.0;0.0;1.0;0.0;0.0;0.0;1.0;0.0
14312045001;1.0;0.0;0.0;1.0;1.0;0.0;0.0;2.0;0.0;1.0;1.0;0.0;1.0;1.0;1.0;0.0;1.0;0.0
14312055001;2.0;0.0;0.0;0.0;1.0;0.0;0.0;0.0;0.0;0.0;1.0;1.0;0.0;1.0;0.0;0.0;5.0;0.0
14312068001;1.0;0.0;0.0;0.0;0.0;0.0;0.0;0.0;0.0;0.0;1.0;0.0;0.0;0.0;0.0;1.0;0.0;0.0
14312070001;1.0;2.0;0.0;1.0;1.0;0.0;0.0;2.0;1.0;0.0;0.0;0.0;1.0;0.0;1.0;0.0;0.0;0.0
14312999001;1.0;0.0;0.0;3.0;0.0;3.0;2.0;2.0;4.0;1.0;3.0;5.0;4.0;7.0;1.0;1.0;2.0;0.0
14315008001;1.0;0.0;0.0;1.0;0.0;0.0;0.0;0.0;2.0;1.0;1.0;0.0;0.0;2.0;1.0;0.0;1.0;0.0
14315016001;2.0;5.0;3.0;0.0;0.0;0.0;4.0;3.0;2.0;1.0;0.0;3.0;2.0;3.0;1.0;0.0;2.0;0.0
14315017001;1.0;5.0;0.0;0.0;2.0;0.0;1.0;5.0;3.0;3.0;1.0;1.0;2.0;3.0;1.0;0.0;2.0;0.0
14320008001;2.0;0.0;0.0;1.0;0.0;2.0;1.0;0.0;0.0;0.0;0.0;0.0;0.0;0.0;0.0;0.0;0.0;0.0
14320899001;0.0;0.0;0.0;0.0;0.0;1.0;1.0;0.0;0.0;0.0;0.0;0.0;0.0;1.0;0.0;0.0;0.0;0.0
14321008001;0.0;0.0;2.0;0.0;0.0;0.0;0.0;0.0;0.0;1.0;0.0;0.0;0.0;0.0;0.0;0.0;0.0;0.0
14321009001;1.0;1.0;0.0;0.0;0.0;0.0;0.0;1.0;0.0;0.0;0.0;0.0;0.0;0.0;0.0;0.0;0.0;0.0
14321011001;0.0;1.0;0.0;0.0;0.0;0.0;0.0;0.0;1.0;1.0;0.0;1.0;0.0;2.0;0.0;0.0;0.0;0.0
14330003001;0.0;0.0;1.0;0.0;0.0;0.0;1.0;0.0;0.0;3.0;0.0;0.0;1.0;0.0;0.0;0.0;0.0;0.0
14330004001;0.0;1.0;0.0;1.0;0.0;0.0;0.0;2.0;2.0;0.0;1.0;1.0;0.0;0.0;0.0;1.0;2.0;0.0
14330006001;0.0;0.0;0.0;0.0;0.0;0.0;1.0;0.0;0.0;0.0;0.0;0.0;0.0;1.0;0.0;0.0;0.0;0.0
14330011001;3.0;1.0;3.0;2.0;5.0;1.0;0.0;4.0;1.0;0.0;1.0;1.0;2.0;1.0;3.0;2.0;1.0;0.0
14330015001;0.0;0.0;0.0;0.0;0.0;0.0;0.0;0.0;0.0;0.0;0.0;1.0;1.0;2.0;0.0;0.0;0.0;0.0
14330897001;0.0;0.0;0.0;0.0;0.0;0.0;1.0;1.0;0.0;0.0;0.0;1.0;0.0;0.0;0.0;0.0;1.0;0.0
14331004001;0.0;0.0;0.0;0.0;0.0;1.0;0.0;1.0;0.0;1.0;1.0;0.0;2.0;0.0;1.0;0.0;0.0;0.0
14331005001;0.0;1.0;0.0;0.0;2.0;0.0;1.0;0.0;0.0;0.0;2.0;0.0;0.0;0.0;0.0;0.0;1.0;0.0
14331007001;0.0;1.0;0.0;2.0;1.0;0.0;1.0;0.0;0.0;0.0;0.0;0.0;0.0;0.0;1.0;0.0;1.0;0.0
14331020001;0.0;0.0;0.0;0.0;0.0;1.0;1.0;0.0;0.0;2.0;1.0;0.0;0.0;0.0;0.0;0.0;0.0;0.0
14331022001;1.0;0.0;1.0;0.0;1.0;2.0;1.0;0.0;1.0;1.0;1.0;2.0;1.0;1.0;3.0;1.0;0.0;0.0
14331025001;1.0;0.0;0.0;0.0;0.0;0.0;0.0;0.0;0.0;0.0;0.0;1.0;0.0;0.0;0.0;0.0;0.0;0.0
14331026001;0.0;0.0;3.0;1.0;0.0;0.0;0.0;0.0;0.0;2.0;0.0;1.0;2.0;0.0;2.0;0.0;0.0;0.0
14331028001;0.0;2.0;0.0;3.0;1.0;0.0;0.0;2.0;2.0;3.0;2.0;2.0;1.0;3.0;1.0;1.0;2.0;0.0
14331029001;0.0;0.0;0.0;0.0;1.0;0.0;0.0;0.0;0.0;0.0;0.0;0.0;0.0;0.0;0.0;0.0;1.0;0.0
14331037001;0.0;0.0;1.0;1.0;1.0;0.0;1.0;1.0;0.0;0.0;2.0;1.0;0.0;0.0;0.0;1.0;0.0;0.0
14331039001;1.0;0.0;0.0;0.0;0.0;0.0;1.0;1.0;0.0;0.0;0.0;1.0;2.0;1.0;0.0;0.0;1.0;0.0
14331044001;0.0;1.0;1.0;1.0;0.0;2.0;3.0;0.0;1.0;1.0;0.0;0.0;3.0;2.0;1.0;0.0;2.0;0.0
14331898001;0.0;0.0;0.0;0.0;0.0;0.0;0.0;1.0;0.0;0.0;0.0;0.0;1.0;0.0;1.0;0.0;0.0;0.0
14331997001;0.0;1.0;0.0;0.0;1.0;1.0;0.0;0.0;0.0;0.0;1.0;1.0;0.0;0.0;0.0;0.0;0.0;0.0
14332005001;0.0;0.0;0.0;0.0;0.0;0.0;0.0;0.0;0.0;0.0;0.0;0.0;1.0;0.0;0.0;0.0;0.0;0.0
14332007001;0.0;1.0;0.0;1.0;1.0;0.0;0.0;0.0;1.0;0.0;1.0;0.0;0.0;0.0;0.0;0.0;0.0;0.0
14332008001;0.0;0.0;1.0;1.0;5.0;2.0;0.0;0.0;0.0;0.0;1.0;2.0;0.0;4.0;2.0;0.0;2.0;0.0
14332010001;0.0;0.0;0.0;0.0;0.0;0.0;0.0;0.0;0.0;0.0;1.0;1.0;0.0;0.0;1.0;0.0;1.0;0.0
14332013001;0.0;0.0;0.0;0.0;1.0;0.0;0.0;2.0;1.0;2.0;1.0;0.0;1.0;0.0;0.0;0.0;0.0;0.0
14332014001;2.0;0.0;2.0;0.0;1.0;1.0;0.0;2.0;1.0;2.0;0.0;2.0;1.0;0.0;0.0;0.0;1.0;0.0
14332016001;1.0;1.0;2.0;3.0;2.0;0.0;0.0;1.0;1.0;1.0;2.0;1.0;2.0;1.0;0.0;0.0;0.0;0.0
14332017001;0.0;0.0;0.0;0.0;0.0;0.0;0.0;0.0;0.0;1.0;0.0;1.0;0.0;0.0;0.0;0.0;0.0;0.0
14332018001;0.0;1.0;1.0;0.0;1.0;0.0;0.0;0.0;0.0;0.0;0.0;0.0;1.0;0.0;0.0;0.0;0.0;0.0
14333004001;0.0;0.0;0.0;0.0;0.0;1.0;0.0;0.0;0.0;0.0;0.0;0.0;0.0;0.0;0.0;0.0;0.0;0.0
14333006001;0.0;0.0;0.0;0.0;0.0;0.0;1.0;0.0;1.0;1.0;0.0;0.0;1.0;0.0;2.0;0.0;0.0;0.0
14340002001;1.0;0.0;0.0;0.0;0.0;0.0;1.0;2.0;0.0;2.0;0.0;0.0;1.0;0.0;0.0;0.0;0.0;0.0
14340006001;0.0;0.0;1.0;0.0;3.0;1.0;0.0;2.0;1.0;2.0;1.0;2.0;1.0;1.0;1.0;1.0;0.0;0.0
14340008001;0.0;0.0;0.0;0.0;0.0;0.0;0.0;0.0;2.0;1.0;0.0;0.0;0.0;1.0;0.0;0.0;1.0;0.0
14340026001;0.0;1.0;0.0;0.0;0.0;0.0;0.0;0.0;0.0;0.0;0.0;0.0;0.0;0.0;0.0;0.0;0.0;0.0
14341019001;0.0;0.0;0.0;0.0;0.0;0.0;0.0;0.0;0.0;2.0;0.0;0.0;0.0;0.0;0.0;0.0;0.0;0.0
14341068001;1.0;1.0;1.0;0.0;1.0;0.0;1.0;0.0;0.0;0.0;0.0;0.0;0.0;0.0;1.0;0.0;0.0;0.0
14342007001;0.0;1.0;1.0;0.0;0.0;1.0;0.0;0.0;0.0;0.0;0.0;0.0;0.0;0.0;0.0;0.0;0.0;0.0
14342010001;0.0;0.0;0.0;0.0;0.0;0.0;2.0;0.0;1.0;0.0;0.0;0.0;1.0;2.0;0.0;0.0;0.0;0.0
14342020001;0.0;0.0;0.0;0.0;0.0;0.0;0.0;0.0;0.0;1.0;0.0;1.0;0.0;0.0;0.0;0.0;0.0;0.0
14343012001;0.0;0.0;0.0;0.0;0.0;0.0;0.0;0.0;0.0;0.0;0.0;0.0;0.0;1.0;0.0;0.0;0.0;0.0
14343026001;0.0;1.0;0.0;1.0;1.0;0.0;0.0;0.0;0.0;1.0;1.0;0.0;1.0;1.0;0.0;1.0;0.0;0.0
14343027001;0.0;0.0;1.0;0.0;1.0;0.0;0.0;0.0;0.0;0.0;0.0;0.0;1.0;0.0;0.0;0.0;0.0;0.0
14343028001;0.0;1.0;0.0;0.0;0.0;0.0;1.0;0.0;0.0;0.0;0.0;0.0;2.0;0.0;1.0;0.0;2.0;0.0
14343036001;0.0;1.0;0.0;0.0;0.0;0.0;0.0;0.0;0.0;1.0;0.0;0.0;0.0;0.0;1.0;0.0;0.0;0.0
14344005001;0.0;0.0;0.0;0.0;0.0;0.0;0.0;0.0;0.0;0.0;1.0;1.0;1.0;0.0;0.0;0.0;0.0;0.0
14344010001;1.0;0.0;0.0;0.0;0.0;0.0;0.0;0.0;1.0;0.0;0.0;0.0;0.0;0.0;0.0;0.0;0.0;0.0
14350005001;4.0;1.0;6.0;1.0;3.0;5.0;3.0;3.0;0.0;3.0;5.0;6.0;1.0;2.0;1.0;0.0;3.0;0.0
14350006001;0.0;0.0;0.0;0.0;0.0;2.0;1.0;1.0;0.0;0.0;1.0;1.0;0.0;2.0;2.0;2.0;0.0;0.0
14350007001;0.0;0.0;0.0;0.0;3.0;0.0;0.0;0.0;1.0;1.0;1.0;2.0;0.0;1.0;2.0;0.0;1.0;0.0
14350011001;0.0;0.0;1.0;0.0;0.0;0.0;0.0;2.0;1.0;0.0;0.0;0.0;0.0;0.0;0.0;0.0;1.0;0.0
14351007001;0.0;1.0;2.0;0.0;1.0;1.0;0.0;0.0;0.0;0.0;0.0;1.0;0.0;0.0;0.0;0.0;0.0;0.0
14351017001;0.0;0.0;1.0;0.0;0.0;1.0;0.0;1.0;0.0;0.0;0.0;1.0;0.0;1.0;1.0;0.0;0.0;0.0
14351024001;0.0;0.0;0.0;1.0;0.0;0.0;0.0;1.0;1.0;0.0;0.0;2.0;1.0;0.0;2.0;1.0;0.0;0.0
14351034001;0.0;3.0;1.0;1.0;1.0;0.0;0.0;0.0;1.0;0.0;1.0;1.0;0.0;0.0;0.0;0.0;0.0;0.0
14351038001;0.0;1.0;0.0;2.0;0.0;0.0;1.0;0.0;1.0;1.0;2.0;1.0;0.0;0.0;0.0;0.0;0.0;0.0
14351041001;1.0;0.0;1.0;0.0;0.0;0.0;0.0;0.0;1.0;0.0;1.0;3.0;0.0;1.0;0.0;0.0;0.0;0.0
14351042001;2.0;1.0;0.0;1.0;3.0;2.0;0.0;0.0;2.0;0.0;0.0;2.0;1.0;1.0;0.0;0.0;1.0;0.0
14351059001;0.0;0.0;0.0;1.0;0.0;0.0;0.0;0.0;0.0;0.0;0.0;0.0;1.0;0.0;0.0;0.0;0.0;0.0
14351068001;0.0;0.0;0.0;0.0;0.0;0.0;0.0;0.0;0.0;0.0;0.0;0.0;0.0;1.0;0.0;0.0;0.0;0.0
14351069001;1.0;0.0;1.0;0.0;0.0;0.0;1.0;0.0;0.0;1.0;0.0;0.0;0.0;0.0;0.0;0.0;0.0;0.0
14352027001;0.0;1.0;0.0;0.0;0.0;0.0;0.0;0.0;0.0;0.0;0.0;1.0;0.0;1.0;0.0;0.0;0.0;0.0
14352028001;1.0;2.0;0.0;1.0;0.0;1.0;0.0;1.0;0.0;0.0;0.0;0.0;0.0;0.0;0.0;0.0;0.0;0.0
14352031001;0.0;0.0;0.0;0.0;0.0;0.0;0.0;0.0;1.0;0.0;0.0;0.0;0.0;1.0;1.0;0.0;1.0;0.0
14352058001;2.0;1.0;0.0;2.0;0.0;1.0;0.0;0.0;0.0;0.0;0.0;0.0;0.0;0.0;0.0;0.0;0.0;0.0
14352060001;2.0;4.0;3.0;1.0;2.0;0.0;2.0;3.0;4.0;0.0;2.0;4.0;4.0;5.0;3.0;1.0;4.0;0.0
14352069001;1.0;2.0;0.0;1.0;1.0;0.0;0.0;1.0;4.0;0.0;0.0;0.0;1.0;2.0;0.0;0.0;1.0;0.0
14352076001;0.0;0.0;1.0;0.0;0.0;0.0;0.0;0.0;0.0;0.0;0.0;2.0;0.0;0.0;2.0;0.0;0.0;0.0
14352079001;1.0;0.0;0.0;0.0;1.0;0.0;0.0;0.0;0.0;0.0;0.0;0.0;0.0;0.0;0.0;0.0;0.0;0.0
14353001001;0.0;0.0;0.0;0.0;0.0;0.0;0.0;0.0;0.0;0.0;2.0;0.0;0.0;0.0;0.0;0.0;0.0;0.0
14353002001;0.0;0.0;0.0;1.0;0.0;2.0;0.0;0.0;0.0;0.0;0.0;0.0;0.0;0.0;0.0;0.0;0.0;0.0
14353003001;1.0;0.0;0.0;1.0;0.0;0.0;0.0;0.0;0.0;0.0;0.0;0.0;0.0;0.0;0.0;0.0;0.0;0.0
14353010001;0.0;0.0;0.0;0.0;0.0;0.0;0.0;0.0;0.0;2.0;1.0;2.0;0.0;3.0;1.0;1.0;3.0;0.0
14353011001;3.0;2.0;2.0;0.0;2.0;0.0;0.0;0.0;0.0;1.0;1.0;3.0;2.0;1.0;12.0;1.0;0.0;0.0
14353013001;0.0;0.0;0.0;0.0;0.0;0.0;0.0;0.0;1.0;2.0;1.0;3.0;0.0;2.0;0.0;0.0;3.0;0.0
14353016001;0.0;0.0;0.0;0.0;0.0;0.0;0.0;1.0;0.0;0.0;0.0;0.0;0.0;1.0;0.0;0.0;1.0;0.0
14353017001;1.0;1.0;0.0;0.0;1.0;0.0;0.0;1.0;0.0;1.0;1.0;0.0;0.0;0.0;1.0;1.0;1.0;0.0
14353019001;4.0;12.0;8.0;9.0;5.0;4.0;5.0;4.0;2.0;1.0;5.0;3.0;6.0;6.0;6.0;2.0;13.0;0.0
14353023001;0.0;0.0;0.0;0.0;0.0;0.0;0.0;1.0;1.0;1.0;0.0;0.0;0.0;0.0;2.0;0.0;0.0;0.0
14353024001;9.0;15.0;14.0;15.0;2.0;3.0;5.0;6.0;1.0;0.0;2.0;9.0;4.0;5.0;5.0;2.0;5.0;0.0
14353025001;1.0;0.0;0.0;1.0;2.0;0.0;1.0;0.0;0.0;0.0;0.0;0.0;0.0;1.0;2.0;0.0;2.0;0.0
14353029001;0.0;0.0;0.0;0.0;0.0;0.0;0.0;0.0;1.0;1.0;1.0;0.0;0.0;0.0;0.0;0.0;0.0;0.0
14353035001;0.0;0.0;0.0;0.0;0.0;0.0;0.0;0.0;1.0;0.0;0.0;0.0;0.0;0.0;0.0;0.0;0.0;0.0
14353036001;1.0;0.0;0.0;0.0;3.0;2.0;1.0;1.0;0.0;1.0;0.0;0.0;2.0;1.0;2.0;0.0;1.0;0.0
14353039001;0.0;0.0;0.0;0.0;0.0;0.0;3.0;18.0;15.0;10.0;10.0;16.0;21.0;18.0;9.0;4.0;11.0;0.0
14353040001;1.0;1.0;0.0;2.0;1.0;1.0;2.0;1.0;2.0;2.0;1.0;0.0;0.0;1.0;0.0;0.0;1.0;0.0
14353045001;0.0;0.0;1.0;0.0;2.0;0.0;0.0;2.0;0.0;1.0;2.0;1.0;1.0;0.0;0.0;0.0;1.0;0.0
14353047001;0.0;0.0;0.0;1.0;1.0;0.0;1.0;0.0;0.0;0.0;0.0;1.0;0.0;0.0;0.0;0.0;0.0;0.0
14353052001;1.0;1.0;0.0;0.0;3.0;1.0;1.0;1.0;0.0;0.0;0.0;0.0;0.0;2.0;3.0;0.0;2.0;0.0
14353073001;0.0;0.0;0.0;0.0;0.0;0.0;0.0;0.0;0.0;1.0;0.0;0.0;0.0;2.0;11.0;1.0;0.0;0.0
14353899001;2.0;1.0;2.0;0.0;1.0;2.0;1.0;0.0;0.0;0.0;0.0;3.0;3.0;3.0;2.0;0.0;4.0;0.0
14353900001;0.0;0.0;0.0;0.0;0.0;0.0;0.0;0.0;0.0;0.0;0.0;0.0;0.0;2.0;0.0;0.0;0.0;0.0
14360001001;0.0;0.0;0.0;0.0;1.0;0.0;0.0;0.0;1.0;0.0;0.0;1.0;0.0;1.0;0.0;0.0;0.0;0.0
14360007001;1.0;0.0;0.0;0.0;0.0;0.0;0.0;0.0;3.0;0.0;1.0;0.0;0.0;2.0;1.0;0.0;0.0;0.0
14360008001;2.0;0.0;1.0;1.0;2.0;0.0;0.0;1.0;2.0;4.0;2.0;3.0;0.0;1.0;1.0;1.0;1.0;0.0
14360019001;1.0;0.0;1.0;0.0;0.0;0.0;1.0;0.0;1.0;0.0;0.0;0.0;0.0;0.0;0.0;0.0;0.0;0.0
14360022001;3.0;1.0;2.0;0.0;3.0;2.0;1.0;3.0;3.0;2.0;1.0;3.0;0.0;1.0;2.0;0.0;3.0;0.0
14360044001;0.0;0.0;0.0;0.0;0.0;2.0;0.0;0.0;0.0;0.0;0.0;0.0;0.0;0.0;0.0;0.0;0.0;0.0
14360045001;7.0;1.0;3.0;2.0;5.0;0.0;2.0;4.0;0.0;4.0;3.0;0.0;2.0;3.0;4.0;1.0;3.0;0.0
14361002001;3.0;0.0;0.0;1.0;0.0;0.0;0.0;0.0;0.0;1.0;1.0;0.0;0.0;0.0;1.0;1.0;1.0;0.0
14361004001;0.0;0.0;1.0;0.0;1.0;0.0;0.0;1.0;0.0;0.0;0.0;2.0;0.0;3.0;0.0;0.0;0.0;0.0
14361007001;4.0;0.0;0.0;0.0;1.0;0.0;0.0;0.0;1.0;2.0;0.0;0.0;2.0;1.0;2.0;1.0;1.0;0.0
14361008001;0.0;0.0;0.0;1.0;0.0;0.0;0.0;1.0;0.0;2.0;1.0;3.0;0.0;0.0;0.0;0.0;0.0;0.0
14361009001;3.0;1.0;1.0;0.0;1.0;0.0;2.0;1.0;1.0;1.0;2.0;1.0;0.0;0.0;0.0;0.0;0.0;0.0
14361010001;4.0;1.0;0.0;0.0;3.0;1.0;1.0;3.0;2.0;2.0;2.0;1.0;4.0;2.0;1.0;0.0;3.0;0.0
14361011001;0.0;0.0;0.0;0.0;0.0;0.0;0.0;1.0;0.0;0.0;0.0;0.0;0.0;0.0;0.0;0.0;0.0;0.0
14361014001;0.0;0.0;1.0;0.0;0.0;0.0;1.0;0.0;0.0;0.0;0.0;1.0;0.0;3.0;0.0;0.0;1.0;0.0
14361015001;0.0;0.0;0.0;2.0;0.0;0.0;0.0;1.0;0.0;0.0;1.0;0.0;0.0;0.0;1.0;1.0;0.0;0.0
14361022001;0.0;1.0;1.0;1.0;2.0;0.0;0.0;2.0;0.0;0.0;0.0;0.0;0.0;2.0;0.0;0.0;0.0;0.0
14361034001;0.0;0.0;2.0;2.0;1.0;0.0;0.0;2.0;0.0;1.0;0.0;0.0;1.0;0.0;0.0;0.0;0.0;0.0
14361041001;1.0;0.0;0.0;0.0;0.0;1.0;1.0;0.0;0.0;1.0;2.0;2.0;1.0;1.0;1.0;0.0;1.0;0.0
14361044001;0.0;0.0;0.0;0.0;2.0;0.0;3.0;0.0;1.0;3.0;2.0;1.0;1.0;0.0;1.0;1.0;0.0;0.0
14361051001;0.0;0.0;0.0;0.0;1.0;0.0;0.0;0.0;0.0;0.0;0.0;0.0;0.0;0.0;1.0;0.0;0.0;0.0
14361054001;0.0;0.0;1.0;0.0;0.0;0.0;0.0;0.0;0.0;0.0;1.0;0.0;0.0;0.0;0.0;0.0;0.0;0.0
14361055001;0.0;0.0;0.0;1.0;1.0;0.0;0.0;1.0;0.0;0.0;1.0;0.0;2.0;3.0;0.0;0.0;1.0;0.0
14361061001;0.0;1.0;0.0;0.0;0.0;0.0;0.0;0.0;0.0;3.0;1.0;0.0;0.0;0.0;0.0;2.0;0.0;0.0
14361065001;2.0;0.0;1.0;0.0;1.0;1.0;0.0;1.0;1.0;0.0;4.0;1.0;2.0;1.0;3.0;0.0;2.0;0.0
14361070001;0.0;0.0;0.0;0.0;0.0;0.0;0.0;1.0;0.0;0.0;0.0;0.0;0.0;0.0;2.0;0.0;0.0;0.0
14361074001;0.0;0.0;0.0;0.0;0.0;0.0;0.0;0.0;0.0;0.0;1.0;0.0;0.0;0.0;2.0;0.0;1.0;0.0
14361081001;0.0;1.0;0.0;0.0;0.0;0.0;0.0;1.0;0.0;0.0;0.0;0.0;1.0;1.0;0.0;0.0;0.0;0.0
14361082001;2.0;2.0;1.0;0.0;0.0;0.0;1.0;1.0;1.0;2.0;1.0;2.0;2.0;1.0;1.0;1.0;1.0;0.0
14361083001;1.0;0.0;0.0;1.0;0.0;0.0;0.0;0.0;0.0;0.0;2.0;0.0;1.0;1.0;1.0;1.0;0.0;0.0
14361086001;0.0;1.0;0.0;0.0;1.0;0.0;0.0;0.0;1.0;1.0;2.0;1.0;1.0;0.0;0.0;0.0;1.0;0.0
14361093001;2.0;0.0;1.0;0.0;0.0;0.0;1.0;0.0;0.0;0.0;0.0;0.0;1.0;1.0;0.0;1.0;1.0;0.0
14361102001;0.0;1.0;0.0;0.0;0.0;0.0;0.0;1.0;0.0;0.0;1.0;0.0;1.0;0.0;0.0;0.0;0.0;0.0
14361104001;1.0;0.0;0.0;1.0;2.0;1.0;0.0;1.0;0.0;2.0;1.0;1.0;2.0;0.0;3.0;1.0;3.0;0.0
14361109001;1.0;0.0;1.0;0.0;2.0;1.0;1.0;0.0;0.0;0.0;1.0;0.0;1.0;0.0;0.0;0.0;2.0;0.0
14361112001;2.0;1.0;0.0;1.0;1.0;2.0;3.0;0.0;1.0;1.0;1.0;0.0;1.0;0.0;0.0;0.0;1.0;0.0
14361114001;2.0;0.0;0.0;2.0;2.0;0.0;0.0;1.0;0.0;0.0;1.0;3.0;0.0;0.0;2.0;2.0;2.0;0.0
14361115001;1.0;1.0;0.0;0.0;0.0;1.0;0.0;1.0;0.0;0.0;1.0;0.0;0.0;0.0;0.0;0.0;0.0;0.0
14361118001;2.0;0.0;0.0;0.0;1.0;0.0;0.0;0.0;0.0;0.0;0.0;0.0;0.0;1.0;1.0;1.0;1.0;0.0
14361120001;0.0;0.0;1.0;0.0;0.0;0.0;0.0;2.0;0.0;2.0;2.0;2.0;0.0;2.0;2.0;1.0;0.0;0.0
14361124001;0.0;0.0;0.0;0.0;0.0;0.0;0.0;0.0;0.0;0.0;1.0;0.0;0.0;0.0;0.0;0.0;0.0;0.0
14361128001;0.0;0.0;0.0;1.0;0.0;2.0;1.0;1.0;0.0;3.0;0.0;1.0;3.0;2.0;1.0;0.0;1.0;0.0
14361129001;1.0;2.0;2.0;0.0;3.0;0.0;2.0;1.0;2.0;2.0;2.0;2.0;5.0;4.0;2.0;0.0;2.0;0.0
14361146001;0.0;0.0;0.0;0.0;0.0;0.0;0.0;0.0;0.0;1.0;1.0;1.0;1.0;0.0;1.0;0.0;2.0;0.0
14361149001;0.0;0.0;1.0;0.0;0.0;0.0;1.0;0.0;0.0;0.0;0.0;0.0;0.0;1.0;2.0;0.0;1.0;0.0
14361157001;0.0;0.0;0.0;0.0;0.0;0.0;0.0;1.0;0.0;2.0;0.0;0.0;0.0;1.0;0.0;0.0;0.0;0.0
14361158001;0.0;1.0;1.0;0.0;1.0;2.0;0.0;0.0;0.0;0.0;1.0;1.0;0.0;1.0;0.0;0.0;0.0;0.0
14361159001;1.0;0.0;0.0;0.0;0.0;1.0;1.0;1.0;3.0;0.0;0.0;0.0;1.0;0.0;0.0;1.0;2.0;0.0
14361160001;2.0;2.0;2.0;1.0;1.0;0.0;0.0;1.0;0.0;1.0;3.0;0.0;0.0;1.0;1.0;0.0;1.0;0.0
14361161001;0.0;3.0;0.0;0.0;0.0;2.0;0.0;1.0;0.0;0.0;0.0;3.0;1.0;1.0;1.0;1.0;0.0;0.0
14361162001;2.0;1.0;2.0;0.0;3.0;1.0;0.0;0.0;0.0;1.0;3.0;0.0;1.0;1.0;0.0;0.0;0.0;0.0
14361170001;0.0;0.0;0.0;0.0;0.0;0.0;1.0;0.0;0.0;0.0;0.0;0.0;0.0;0.0;1.0;0.0;1.0;0.0
14361177001;0.0;0.0;0.0;1.0;0.0;0.0;0.0;2.0;1.0;0.0;0.0;0.0;0.0;0.0;0.0;0.0;0.0;0.0
14361899001;0.0;1.0;0.0;0.0;1.0;0.0;0.0;0.0;1.0;0.0;1.0;0.0;0.0;1.0;1.0;1.0;1.0;0.0
14361902001;0.0;1.0;0.0;0.0;1.0;0.0;0.0;0.0;0.0;0.0;1.0;0.0;2.0;0.0;0.0;0.0;2.0;0.0
14362033001;0.0;0.0;0.0;0.0;0.0;0.0;0.0;0.0;0.0;0.0;1.0;0.0;0.0;0.0;0.0;0.0;0.0;0.0
14362902001;0.0;0.0;0.0;0.0;3.0;0.0;1.0;0.0;1.0;0.0;0.0;0.0;0.0;0.0;1.0;0.0;0.0;0.0
14364198001;0.0;0.0;0.0;0.0;0.0;1.0;0.0;0.0;0.0;0.0;0.0;0.0;0.0;0.0;0.0;0.0;0.0;0.0
14370002001;2.0;2.0;1.0;5.0;1.0;0.0;0.0;1.0;2.0;1.0;1.0;5.0;1.0;2.0;3.0;1.0;2.0;0.0
14370003001;3.0;0.0;2.0;0.0;0.0;1.0;1.0;2.0;2.0;4.0;0.0;3.0;4.0;1.0;1.0;2.0;3.0;0.0
14370004001;12.0;9.0;11.0;7.0;13.0;5.0;4.0;12.0;9.0;10.0;9.0;15.0;8.0;10.0;29.0;4.0;9.0;0.0
14370007001;0.0;1.0;0.0;1.0;0.0;0.0;1.0;0.0;1.0;0.0;0.0;1.0;0.0;3.0;1.0;2.0;2.0;0.0
14370017001;0.0;0.0;0.0;0.0;0.0;0.0;1.0;1.0;0.0;0.0;1.0;1.0;0.0;0.0;0.0;1.0;1.0;0.0
14370020001;8.0;3.0;10.0;11.0;8.0;9.0;4.0;6.0;9.0;9.0;11.0;20.0;13.0;7.0;10.0;4.0;20.0;0.0
14370025001;1.0;0.0;2.0;2.0;0.0;2.0;1.0;1.0;1.0;0.0;1.0;2.0;1.0;2.0;2.0;1.0;2.0;0.0
14370029001;0.0;0.0;0.0;0.0;0.0;1.0;0.0;0.0;1.0;1.0;1.0;1.0;0.0;3.0;1.0;1.0;3.0;0.0
14370044001;0.0;0.0;0.0;0.0;0.0;0.0;0.0;0.0;0.0;0.0;0.0;1.0;0.0;0.0;0.0;0.0;0.0;0.0
14370045001;1.0;1.0;0.0;1.0;1.0;0.0;1.0;0.0;0.0;0.0;0.0;3.0;0.0;0.0;1.0;0.0;0.0;0.0
14370048001;0.0;0.0;0.0;0.0;0.0;0.0;0.0;1.0;0.0;1.0;0.0;1.0;0.0;1.0;0.0;1.0;0.0;0.0
14370069001;0.0;0.0;0.0;0.0;0.0;0.0;1.0;0.0;0.0;0.0;0.0;0.0;1.0;0.0;4.0;1.0;1.0;0.0
14370072001;3.0;0.0;2.0;1.0;0.0;2.0;1.0;0.0;1.0;0.0;0.0;0.0;0.0;2.0;1.0;0.0;2.0;0.0
14370076001;3.0;0.0;0.0;2.0;0.0;1.0;1.0;0.0;0.0;0.0;0.0;1.0;1.0;1.0;0.0;1.0;1.0;0.0
14370077001;0.0;0.0;0.0;0.0;0.0;0.0;0.0;0.0;0.0;0.0;0.0;0.0;0.0;1.0;1.0;0.0;1.0;0.0
14411001001;0.0;0.0;0.0;2.0;0.0;0.0;0.0;0.0;2.0;0.0;0.0;0.0;0.0;0.0;0.0;0.0;1.0;0.0
14411015001;0.0;0.0;0.0;1.0;0.0;0.0;0.0;0.0;1.0;0.0;0.0;0.0;0.0;0.0;0.0;0.0;1.0;0.0
14411016001;0.0;0.0;0.0;0.0;0.0;0.0;0.0;1.0;0.0;0.0;0.0;0.0;0.0;0.0;0.0;0.0;1.0;0.0
14411023001;0.0;0.0;0.0;0.0;0.0;0.0;0.0;2.0;0.0;0.0;0.0;0.0;0.0;0.0;0.0;0.0;0.0;0.0
14412023001;1.0;0.0;0.0;1.0;1.0;0.0;0.0;1.0;0.0;0.0;0.0;0.0;1.0;0.0;0.0;0.0;2.0;0.0
14412037001;0.0;0.0;0.0;1.0;0.0;0.0;0.0;0.0;0.0;0.0;0.0;0.0;1.0;0.0;0.0;0.0;0.0;0.0
14412060001;2.0;0.0;0.0;0.0;0.0;0.0;0.0;1.0;0.0;0.0;0.0;0.0;0.0;0.0;0.0;0.0;0.0;0.0
14413010001;0.0;1.0;0.0;0.0;0.0;0.0;0.0;0.0;0.0;0.0;0.0;0.0;0.0;0.0;0.0;0.0;0.0;0.0
14500000001;25.0;16.0;42.0;29.0;37.0;23.0;24.0;31.0;35.0;39.0;44.0;56.0;48.0;25.0;59.0;23.0;49.0;0.0
14500003001;0.0;0.0;0.0;0.0;0.0;0.0;0.0;0.0;1.0;2.0;3.0;4.0;2.0;2.0;8.0;5.0;9.0;0.0
14500005001;0.0;0.0;0.0;0.0;0.0;0.0;0.0;0.0;0.0;0.0;3.0;0.0;0.0;0.0;0.0;0.0;1.0;0.0
14500007001;6.0;2.0;2.0;5.0;2.0;5.0;2.0;1.0;4.0;4.0;6.0;7.0;6.0;5.0;9.0;5.0;4.0;0.0
14500008001;1.0;1.0;1.0;2.0;1.0;1.0;0.0;2.0;4.0;7.0;5.0;4.0;2.0;0.0;11.0;8.0;6.0;0.0
14500010001;6.0;3.0;9.0;4.0;1.0;1.0;0.0;1.0;4.0;5.0;9.0;5.0;8.0;9.0;37.0;31.0;31.0;0.0
14500012001;0.0;0.0;0.0;0.0;0.0;0.0;0.0;0.0;0.0;0.0;0.0;0.0;0.0;0.0;6.0;4.0;7.0;0.0
14500013001;6.0;10.0;25.0;23.0;25.0;12.0;10.0;10.0;11.0;15.0;15.0;31.0;18.0;3.0;44.0;18.0;28.0;0.0
14500017001;0.0;0.0;0.0;0.0;0.0;0.0;2.0;2.0;4.0;3.0;1.0;2.0;1.0;2.0;1.0;0.0;1.0;0.0
14500018001;0.0;0.0;0.0;0.0;0.0;0.0;1.0;0.0;0.0;0.0;1.0;0.0;0.0;0.0;1.0;0.0;0.0;0.0
14500023001;7.0;11.0;9.0;6.0;3.0;3.0;5.0;2.0;7.0;9.0;3.0;3.0;7.0;7.0;17.0;11.0;17.0;0.0
14500024001;0.0;0.0;1.0;2.0;2.0;0.0;0.0;2.0;6.0;1.0;2.0;3.0;1.0;3.0;5.0;12.0;6.0;0.0
14500026001;3.0;2.0;2.0;3.0;1.0;0.0;2.0;1.0;4.0;11.0;10.0;15.0;10.0;11.0;19.0;15.0;11.0;0.0
14500037001;12.0;7.0;15.0;19.0;12.0;10.0;9.0;15.0;12.0;11.0;15.0;18.0;10.0;9.0;28.0;16.0;23.0;0.0
14500042001;6.0;8.0;6.0;13.0;3.0;0.0;3.0;9.0;13.0;6.0;12.0;19.0;8.0;6.0;18.0;8.0;16.0;0.0
14500048001;1.0;3.0;2.0;8.0;5.0;2.0;0.0;0.0;2.0;1.0;0.0;0.0;2.0;2.0;3.0;0.0;4.0;0.0
14500051001;0.0;0.0;0.0;0.0;0.0;0.0;0.0;0.0;0.0;0.0;0.0;0.0;0.0;0.0;3.0;0.0;3.0;0.0
14500058001;1.0;3.0;0.0;1.0;2.0;0.0;0.0;0.0;0.0;1.0;1.0;0.0;1.0;1.0;4.0;2.0;1.0;0.0
14500059001;1.0;0.0;0.0;1.0;1.0;0.0;0.0;1.0;0.0;1.0;2.0;0.0;1.0;0.0;4.0;0.0;1.0;0.0
14500064001;0.0;0.0;0.0;0.0;0.0;0.0;1.0;3.0;2.0;3.0;7.0;8.0;3.0;4.0;12.0;6.0;8.0;0.0
14500066001;0.0;0.0;0.0;0.0;0.0;0.0;0.0;1.0;0.0;2.0;2.0;0.0;1.0;1.0;0.0;1.0;2.0;0.0
14501002001;4.0;3.0;1.0;1.0;1.0;1.0;1.0;1.0;1.0;1.0;1.0;1.0;1.0;4.0;1.0;1.0;1.0;0.0
14501004001;5.0;5.0;9.0;5.0;5.0;2.0;2.0;5.0;3.0;0.0;6.0;9.0;4.0;7.0;9.0;3.0;9.0;0.0
14501005001;4.0;6.0;9.0;10.0;8.0;13.0;3.0;6.0;11.0;7.0;12.0;9.0;7.0;10.0;17.0;10.0;9.0;0.0
14501007001;1.0;0.0;0.0;0.0;1.0;2.0;1.0;0.0;1.0;1.0;1.0;1.0;0.0;2.0;2.0;0.0;0.0;0.0
14501010001;17.0;7.0;12.0;4.0;8.0;6.0;4.0;10.0;19.0;21.0;9.0;14.0;34.0;15.0;75.0;30.0;48.0;0.0
14501011001;8.0;7.0;12.0;13.0;14.0;2.0;7.0;6.0;6.0;5.0;15.0;17.0;16.0;5.0;32.0;19.0;24.0;0.0
14501012001;9.0;11.0;21.0;21.0;25.0;8.0;13.0;14.0;18.0;17.0;31.0;33.0;23.0;8.0;46.0;30.0;33.0;0.0
14501013001;6.0;11.0;18.0;9.0;5.0;3.0;9.0;7.0;4.0;3.0;10.0;20.0;9.0;13.0;37.0;23.0;22.0;0.0
14501014001;12.0;8.0;13.0;12.0;14.0;12.0;6.0;21.0;28.0;18.0;16.0;18.0;18.0;7.0;24.0;14.0;15.0;0.0
14501016001;2.0;5.0;7.0;3.0;5.0;3.0;4.0;6.0;9.0;8.0;3.0;7.0;7.0;11.0;10.0;8.0;16.0;0.0
14501017001;0.0;0.0;0.0;0.0;0.0;0.0;0.0;0.0;0.0;0.0;0.0;0.0;0.0;0.0;0.0;0.0;5.0;0.0
14501022001;12.0;9.0;28.0;20.0;21.0;20.0;9.0;16.0;22.0;12.0;20.0;16.0;13.0;20.0;25.0;16.0;26.0;0.0
14501026001;5.0;4.0;10.0;8.0;4.0;7.0;7.0;7.0;11.0;4.0;8.0;12.0;7.0;2.0;17.0;12.0;18.0;0.0
14501029001;0.0;0.0;1.0;0.0;0.0;0.0;0.0;0.0;0.0;2.0;0.0;0.0;0.0;0.0;0.0;1.0;0.0;0.0
14501031001;0.0;0.0;0.0;0.0;0.0;0.0;0.0;1.0;4.0;1.0;2.0;3.0;1.0;0.0;9.0;12.0;4.0;0.0
14501037001;4.0;0.0;7.0;7.0;1.0;1.0;2.0;0.0;0.0;0.0;2.0;3.0;1.0;3.0;2.0;3.0;4.0;0.0
14501038001;7.0;3.0;14.0;6.0;6.0;6.0;5.0;7.0;5.0;4.0;3.0;11.0;10.0;11.0;10.0;5.0;7.0;0.0
14501045001;7.0;4.0;7.0;4.0;3.0;1.0;1.0;7.0;18.0;17.0;19.0;19.0;25.0;13.0;52.0;25.0;37.0;0.0
14501047001;5.0;2.0;4.0;1.0;8.0;2.0;3.0;4.0;4.0;3.0;7.0;3.0;2.0;9.0;9.0;2.0;7.0;0.0
14501053001;4.0;1.0;2.0;5.0;3.0;2.0;3.0;3.0;4.0;7.0;10.0;13.0;10.0;0.0;8.0;8.0;20.0;0.0
14501058001;3.0;2.0;3.0;4.0;3.0;0.0;2.0;0.0;3.0;0.0;2.0;3.0;3.0;0.0;1.0;2.0;3.0;0.0
14501063001;5.0;6.0;13.0;23.0;21.0;10.0;10.0;12.0;16.0;18.0;18.0;30.0;17.0;10.0;52.0;28.0;38.0;0.0
14501065001;0.0;0.0;0.0;0.0;0.0;0.0;0.0;0.0;0.0;0.0;0.0;0.0;0.0;0.0;11.0;3.0;13.0;0.0
14501084001;2.0;1.0;0.0;0.0;0.0;4.0;0.0;3.0;1.0;3.0;6.0;1.0;1.0;2.0;3.0;1.0;4.0;0.0
14501086001;9.0;2.0;8.0;8.0;8.0;10.0;4.0;6.0;8.0;9.0;9.0;13.0;13.0;12.0;14.0;7.0;12.0;0.0
14501899001;1.0;0.0;1.0;1.0;0.0;0.0;0.0;1.0;0.0;1.0;2.0;6.0;2.0;2.0;4.0;2.0;1.0;0.0
14501902001;6.0;2.0;5.0;5.0;2.0;3.0;1.0;10.0;3.0;1.0;7.0;20.0;6.0;10.0;13.0;2.0;13.0;0.0
14501905001;0.0;0.0;0.0;0.0;0.0;0.0;0.0;0.0;0.0;0.0;0.0;0.0;0.0;0.0;0.0;1.0;0.0;0.0
14501926001;0.0;0.0;0.0;0.0;0.0;0.0;0.0;0.0;0.0;0.0;0.0;0.0;0.0;0.0;1.0;1.0;1.0;0.0
14501928001;4.0;1.0;2.0;1.0;1.0;1.0;0.0;1.0;2.0;1.0;3.0;2.0;1.0;3.0;6.0;0.0;2.0;0.0
14501929001;3.0;1.0;5.0;2.0;2.0;2.0;1.0;4.0;2.0;4.0;4.0;6.0;0.0;4.0;3.0;0.0;1.0;0.0
14502002001;0.0;1.0;2.0;3.0;2.0;1.0;1.0;6.0;1.0;3.0;4.0;5.0;2.0;1.0;3.0;2.0;1.0;0.0
14502003001;0.0;4.0;0.0;1.0;0.0;0.0;2.0;1.0;1.0;1.0;0.0;3.0;0.0;4.0;3.0;0.0;1.0;0.0
14502004001;26.0;3.0;3.0;4.0;3.0;1.0;1.0;6.0;5.0;6.0;15.0;24.0;8.0;5.0;13.0;12.0;27.0;0.0
14502005001;0.0;0.0;0.0;0.0;0.0;0.0;0.0;0.0;0.0;0.0;1.0;1.0;0.0;1.0;2.0;0.0;0.0;0.0
14502006001;12.0;10.0;15.0;6.0;9.0;7.0;11.0;19.0;15.0;14.0;16.0;18.0;15.0;10.0;25.0;4.0;17.0;0.0
14502007001;4.0;8.0;5.0;5.0;5.0;1.0;2.0;5.0;5.0;2.0;5.0;7.0;2.0;3.0;7.0;5.0;5.0;0.0
14502008001;0.0;0.0;0.0;0.0;0.0;0.0;0.0;0.0;1.0;0.0;3.0;1.0;0.0;3.0;0.0;1.0;0.0;0.0
14502009001;36.0;30.0;48.0;45.0;48.0;37.0;21.0;42.0;39.0;31.0;38.0;52.0;52.0;22.0;42.0;16.0;31.0;0.0
14502011001;13.0;14.0;29.0;25.0;18.0;5.0;19.0;19.0;17.0;10.0;22.0;29.0;33.0;8.0;28.0;22.0;38.0;0.0
14502012001;4.0;6.0;5.0;11.0;11.0;9.0;6.0;8.0;10.0;12.0;6.0;11.0;9.0;4.0;11.0;2.0;10.0;0.0
14502014001;12.0;11.0;22.0;19.0;33.0;16.0;16.0;23.0;20.0;30.0;31.0;39.0;33.0;25.0;55.0;43.0;52.0;0.0
14502015001;5.0;7.0;11.0;11.0;19.0;7.0;8.0;9.0;1.0;8.0;9.0;13.0;9.0;3.0;12.0;13.0;8.0;0.0
14502018001;0.0;0.0;0.0;0.0;0.0;0.0;0.0;0.0;0.0;2.0;3.0;0.0;0.0;0.0;3.0;1.0;2.0;0.0
14502019001;4.0;4.0;3.0;4.0;4.0;3.0;0.0;3.0;2.0;4.0;2.0;4.0;1.0;3.0;2.0;1.0;4.0;0.0
14502020001;0.0;0.0;0.0;0.0;0.0;0.0;1.0;2.0;2.0;1.0;3.0;3.0;2.0;2.0;2.0;0.0;4.0;0.0
14502021001;0.0;0.0;2.0;1.0;2.0;0.0;1.0;2.0;2.0;1.0;1.0;4.0;5.0;3.0;7.0;4.0;6.0;0.0
14502022001;3.0;1.0;4.0;3.0;1.0;1.0;1.0;0.0;6.0;2.0;3.0;9.0;8.0;4.0;11.0;8.0;10.0;0.0
14502023001;0.0;0.0;0.0;0.0;0.0;0.0;0.0;2.0;6.0;2.0;5.0;3.0;6.0;3.0;11.0;2.0;6.0;0.0
14502026001;7.0;3.0;13.0;9.0;10.0;5.0;7.0;8.0;7.0;9.0;9.0;17.0;11.0;4.0;29.0;15.0;25.0;0.0
14502029001;0.0;0.0;2.0;3.0;2.0;2.0;3.0;5.0;4.0;5.0;7.0;5.0;6.0;7.0;2.0;7.0;4.0;0.0
14502044001;0.0;0.0;1.0;0.0;0.0;0.0;0.0;0.0;0.0;0.0;0.0;0.0;0.0;0.0;0.0;0.0;0.0;0.0
14502054001;3.0;1.0;1.0;5.0;2.0;1.0;0.0;1.0;0.0;0.0;1.0;7.0;6.0;3.0;13.0;7.0;11.0;0.0
14502077001;2.0;6.0;4.0;8.0;3.0;2.0;1.0;1.0;12.0;25.0;10.0;12.0;13.0;7.0;62.0;52.0;50.0;0.0
14502078001;5.0;10.0;6.0;4.0;3.0;1.0;2.0;1.0;6.0;9.0;4.0;4.0;2.0;7.0;35.0;20.0;24.0;0.0
14502080001;0.0;0.0;0.0;0.0;0.0;0.0;0.0;0.0;1.0;1.0;3.0;5.0;4.0;3.0;0.0;2.0;1.0;0.0
14502081001;9.0;6.0;9.0;8.0;16.0;12.0;12.0;11.0;14.0;15.0;19.0;20.0;12.0;9.0;16.0;10.0;13.0;0.0
14502111001;7.0;6.0;14.0;7.0;14.0;12.0;5.0;11.0;7.0;10.0;9.0;10.0;8.0;6.0;13.0;5.0;10.0;0.0
14503000001;6.0;7.0;12.0;15.0;12.0;10.0;7.0;12.0;13.0;10.0;9.0;15.0;9.0;12.0;8.0;10.0;15.0;0.0
14503002001;4.0;4.0;0.0;3.0;6.0;3.0;1.0;2.0;5.0;2.0;4.0;7.0;5.0;4.0;11.0;1.0;2.0;0.0
14503003001;39.0;36.0;66.0;70.0;93.0;46.0;59.0;76.0;94.0;86.0;87.0;119.0;128.0;55.0;156.0;56.0;131.0;0.0
14503005001;14.0;14.0;16.0;5.0;5.0;2.0;3.0;11.0;0.0;1.0;11.0;19.0;5.0;6.0;6.0;0.0;9.0;0.0
14503010001;0.0;1.0;0.0;1.0;0.0;0.0;1.0;0.0;0.0;0.0;1.0;0.0;1.0;2.0;2.0;1.0;1.0;0.0
14503013001;1.0;3.0;4.0;4.0;0.0;1.0;0.0;1.0;4.0;10.0;8.0;13.0;5.0;9.0;27.0;25.0;29.0;0.0
14503019001;8.0;11.0;15.0;9.0;4.0;2.0;10.0;7.0;9.0;11.0;16.0;23.0;13.0;14.0;40.0;29.0;39.0;0.0
14503024001;1.0;1.0;0.0;2.0;1.0;0.0;2.0;0.0;0.0;0.0;1.0;1.0;1.0;1.0;1.0;2.0;3.0;0.0
14503034001;4.0;0.0;1.0;3.0;3.0;1.0;2.0;3.0;5.0;2.0;2.0;5.0;2.0;5.0;6.0;3.0;5.0;0.0
14503047001;0.0;0.0;0.0;0.0;0.0;0.0;0.0;0.0;0.0;0.0;0.0;0.0;0.0;1.0;1.0;1.0;1.0;0.0
14503048001;1.0;1.0;0.0;1.0;1.0;0.0;2.0;0.0;1.0;1.0;0.0;2.0;0.0;2.0;2.0;1.0;3.0;0.0
14504001001;6.0;4.0;11.0;3.0;4.0;0.0;5.0;5.0;4.0;0.0;1.0;13.0;4.0;11.0;15.0;7.0;11.0;0.0
14504002001;1.0;1.0;0.0;2.0;5.0;3.0;0.0;3.0;4.0;5.0;5.0;11.0;4.0;6.0;7.0;0.0;10.0;0.0
14504006001;5.0;4.0;12.0;11.0;9.0;12.0;5.0;6.0;5.0;13.0;14.0;11.0;11.0;5.0;10.0;6.0;15.0;0.0
14504008001;3.0;4.0;0.0;2.0;1.0;3.0;0.0;8.0;4.0;3.0;10.0;3.0;6.0;4.0;18.0;2.0;3.0;0.0
14504009001;1.0;1.0;0.0;1.0;4.0;1.0;1.0;0.0;3.0;1.0;4.0;0.0;2.0;2.0;25.0;1.0;4.0;0.0
14504012001;0.0;0.0;0.0;0.0;0.0;0.0;0.0;0.0;0.0;3.0;5.0;1.0;10.0;2.0;5.0;3.0;2.0;0.0
14504015001;1.0;3.0;1.0;4.0;2.0;6.0;2.0;6.0;5.0;7.0;10.0;7.0;6.0;4.0;14.0;3.0;20.0;0.0
14504027001;5.0;3.0;6.0;3.0;4.0;2.0;1.0;5.0;4.0;3.0;5.0;10.0;2.0;2.0;29.0;5.0;10.0;0.0
14504028001;1.0;3.0;0.0;1.0;0.0;0.0;1.0;2.0;1.0;3.0;6.0;2.0;4.0;4.0;24.0;3.0;7.0;0.0
14504055001;16.0;9.0;21.0;14.0;12.0;11.0;7.0;10.0;4.0;2.0;16.0;13.0;9.0;3.0;5.0;4.0;10.0;0.0
14504056001;0.0;0.0;3.0;0.0;0.0;0.0;0.0;0.0;0.0;0.0;0.0;0.0;0.0;0.0;0.0;0.0;0.0;0.0
14505003001;0.0;0.0;0.0;0.0;0.0;0.0;0.0;0.0;0.0;3.0;1.0;2.0;2.0;1.0;4.0;1.0;3.0;0.0
14505005001;11.0;7.0;10.0;12.0;6.0;7.0;5.0;5.0;16.0;9.0;10.0;12.0;10.0;9.0;18.0;3.0;9.0;0.0
14505008001;0.0;0.0;0.0;0.0;0.0;0.0;0.0;0.0;0.0;0.0;0.0;0.0;0.0;4.0;5.0;0.0;6.0;0.0
14505011001;8.0;2.0;9.0;1.0;7.0;2.0;1.0;9.0;7.0;8.0;7.0;11.0;4.0;5.0;15.0;2.0;8.0;0.0
14505013001;32.0;14.0;23.0;21.0;16.0;25.0;19.0;18.0;26.0;27.0;18.0;38.0;29.0;24.0;32.0;11.0;27.0;0.0
14505014001;16.0;10.0;8.0;5.0;5.0;0.0;8.0;3.0;16.0;17.0;20.0;27.0;13.0;10.0;30.0;44.0;31.0;0.0
14505016001;23.0;16.0;22.0;17.0;10.0;5.0;9.0;8.0;5.0;1.0;17.0;24.0;19.0;19.0;59.0;31.0;44.0;0.0
14505020001;6.0;3.0;8.0;6.0;5.0;3.0;5.0;4.0;5.0;6.0;5.0;8.0;2.0;4.0;6.0;2.0;2.0;0.0
14505021001;7.0;1.0;5.0;5.0;11.0;5.0;2.0;3.0;3.0;3.0;4.0;11.0;6.0;5.0;6.0;3.0;1.0;0.0
14505031001;4.0;7.0;8.0;5.0;3.0;2.0;2.0;2.0;2.0;11.0;10.0;6.0;9.0;3.0;18.0;7.0;12.0;0.0
14505035001;0.0;0.0;0.0;0.0;0.0;0.0;0.0;0.0;0.0;1.0;0.0;0.0;0.0;0.0;0.0;0.0;0.0;0.0
14505039001;0.0;1.0;0.0;1.0;0.0;1.0;0.0;0.0;0.0;0.0;0.0;2.0;0.0;0.0;1.0;0.0;1.0;0.0
14505041001;21.0;28.0;27.0;10.0;12.0;2.0;13.0;12.0;26.0;10.0;7.0;18.0;13.0;16.0;22.0;16.0;21.0;0.0
14505043001;0.0;1.0;0.0;0.0;0.0;0.0;0.0;0.0;0.0;0.0;0.0;0.0;0.0;0.0;0.0;0.0;0.0;0.0
14505046001;2.0;0.0;1.0;4.0;1.0;1.0;1.0;1.0;0.0;1.0;2.0;5.0;5.0;1.0;6.0;1.0;5.0;0.0
14505048001;2.0;1.0;1.0;1.0;0.0;1.0;1.0;2.0;0.0;0.0;0.0;5.0;1.0;2.0;2.0;2.0;2.0;0.0
14505053001;0.0;0.0;0.0;1.0;0.0;0.0;0.0;0.0;0.0;0.0;1.0;0.0;1.0;0.0;0.0;0.0;1.0;0.0
14505059001;0.0;0.0;0.0;0.0;0.0;0.0;0.0;0.0;0.0;0.0;0.0;0.0;0.0;1.0;4.0;2.0;2.0;0.0
14505099001;3.0;3.0;4.0;7.0;3.0;2.0;3.0;4.0;5.0;6.0;8.0;10.0;4.0;1.0;9.0;8.0;11.0;0.0
14505105001;5.0;4.0;1.0;4.0;0.0;1.0;5.0;3.0;1.0;1.0;2.0;3.0;0.0;9.0;7.0;2.0;7.0;0.0
14505106001;3.0;3.0;2.0;4.0;3.0;1.0;2.0;1.0;1.0;2.0;0.0;0.0;1.0;8.0;6.0;3.0;5.0;0.0
14505115001;0.0;0.0;0.0;0.0;0.0;0.0;0.0;7.0;8.0;4.0;7.0;16.0;10.0;6.0;8.0;14.0;19.0;0.0
14505125001;0.0;0.0;0.0;0.0;0.0;0.0;0.0;2.0;0.0;1.0;1.0;4.0;2.0;1.0;6.0;4.0;7.0;0.0
14505138001;7.0;4.0;13.0;11.0;3.0;2.0;7.0;3.0;4.0;5.0;7.0;13.0;11.0;5.0;18.0;18.0;19.0;0.0
14505139001;0.0;1.0;1.0;0.0;1.0;2.0;0.0;0.0;1.0;0.0;0.0;3.0;0.0;0.0;1.0;1.0;3.0;0.0
14505148001;0.0;0.0;0.0;2.0;3.0;0.0;2.0;1.0;5.0;4.0;2.0;1.0;2.0;0.0;2.0;2.0;1.0;0.0
14505899001;8.0;7.0;19.0;16.0;18.0;8.0;10.0;13.0;11.0;11.0;16.0;29.0;14.0;5.0;20.0;15.0;23.0;0.0
14505911001;0.0;1.0;0.0;0.0;1.0;1.0;0.0;0.0;1.0;5.0;3.0;2.0;2.0;0.0;4.0;1.0;2.0;0.0
14505917001;3.0;5.0;13.0;11.0;14.0;7.0;8.0;10.0;8.0;5.0;10.0;13.0;5.0;11.0;13.0;6.0;8.0;0.0
14506001001;5.0;3.0;5.0;3.0;6.0;3.0;3.0;4.0;6.0;4.0;6.0;7.0;6.0;8.0;10.0;4.0;8.0;0.0
14506002001;8.0;4.0;5.0;4.0;5.0;1.0;2.0;1.0;2.0;0.0;6.0;9.0;1.0;6.0;4.0;2.0;3.0;0.0
14506004001;2.0;1.0;1.0;0.0;1.0;0.0;2.0;0.0;2.0;1.0;1.0;2.0;0.0;2.0;1.0;0.0;0.0;0.0
14506005001;5.0;0.0;0.0;1.0;3.0;0.0;1.0;1.0;0.0;0.0;0.0;3.0;0.0;3.0;6.0;2.0;3.0;0.0
14506006001;0.0;0.0;0.0;0.0;0.0;0.0;0.0;0.0;0.0;0.0;0.0;1.0;0.0;0.0;0.0;0.0;0.0;0.0
14506011001;1.0;0.0;1.0;1.0;0.0;1.0;0.0;0.0;0.0;0.0;0.0;0.0;0.0;0.0;0.0;0.0;0.0;0.0
14506013001;2.0;1.0;1.0;0.0;2.0;0.0;1.0;1.0;0.0;0.0;1.0;0.0;0.0;0.0;0.0;1.0;0.0;0.0
14506014001;1.0;0.0;0.0;0.0;0.0;0.0;0.0;0.0;0.0;0.0;1.0;2.0;0.0;1.0;3.0;1.0;0.0;0.0
14506015001;5.0;5.0;4.0;1.0;1.0;1.0;3.0;1.0;1.0;0.0;4.0;3.0;6.0;4.0;11.0;3.0;2.0;0.0
14506021001;0.0;0.0;0.0;0.0;0.0;0.0;0.0;0.0;0.0;0.0;0.0;0.0;0.0;0.0;0.0;0.0;1.0;0.0
14506033001;1.0;0.0;1.0;0.0;0.0;0.0;0.0;0.0;0.0;0.0;0.0;0.0;0.0;2.0;2.0;1.0;1.0;0.0
14506036001;2.0;0.0;1.0;0.0;0.0;0.0;0.0;0.0;1.0;1.0;1.0;2.0;0.0;0.0;2.0;0.0;0.0;0.0
14506038001;0.0;0.0;1.0;0.0;0.0;0.0;0.0;0.0;0.0;1.0;1.0;0.0;2.0;1.0;0.0;0.0;1.0;0.0
14506041001;1.0;0.0;0.0;0.0;0.0;0.0;0.0;0.0;0.0;0.0;0.0;2.0;0.0;0.0;2.0;1.0;0.0;0.0
14506042001;0.0;0.0;0.0;0.0;0.0;0.0;0.0;1.0;0.0;1.0;1.0;0.0;0.0;2.0;1.0;1.0;1.0;0.0
14506044001;0.0;0.0;1.0;0.0;0.0;0.0;2.0;2.0;0.0;1.0;1.0;1.0;0.0;1.0;0.0;0.0;1.0;0.0
14506049001;2.0;1.0;1.0;2.0;2.0;2.0;2.0;2.0;2.0;0.0;4.0;2.0;4.0;2.0;1.0;1.0;3.0;0.0
14506057001;0.0;0.0;0.0;0.0;0.0;0.0;0.0;0.0;0.0;1.0;1.0;0.0;0.0;0.0;0.0;0.0;0.0;0.0
14506060001;2.0;0.0;5.0;1.0;4.0;4.0;2.0;3.0;1.0;2.0;3.0;4.0;1.0;0.0;0.0;0.0;1.0;0.0
14506062001;0.0;0.0;0.0;1.0;0.0;1.0;0.0;0.0;2.0;1.0;0.0;0.0;0.0;1.0;2.0;0.0;0.0;0.0
14506065001;7.0;3.0;5.0;6.0;8.0;3.0;3.0;2.0;2.0;7.0;7.0;10.0;3.0;2.0;4.0;1.0;4.0;0.0
14506066001;2.0;3.0;3.0;2.0;1.0;3.0;2.0;0.0;3.0;2.0;2.0;3.0;0.0;1.0;3.0;0.0;1.0;0.0
14506067001;7.0;4.0;6.0;0.0;5.0;0.0;2.0;0.0;3.0;1.0;6.0;1.0;3.0;1.0;2.0;2.0;2.0;0.0
14506069001;2.0;0.0;0.0;0.0;0.0;0.0;1.0;1.0;1.0;0.0;0.0;1.0;1.0;1.0;0.0;0.0;2.0;0.0
14506070001;2.0;2.0;1.0;2.0;1.0;5.0;1.0;2.0;6.0;1.0;1.0;5.0;2.0;2.0;1.0;1.0;3.0;0.0
14506072001;6.0;2.0;6.0;7.0;7.0;4.0;7.0;6.0;2.0;5.0;8.0;9.0;10.0;4.0;4.0;4.0;9.0;0.0
14506074001;1.0;1.0;0.0;1.0;0.0;0.0;0.0;0.0;1.0;1.0;0.0;1.0;0.0;0.0;1.0;0.0;0.0;0.0
14506076001;0.0;0.0;0.0;0.0;0.0;0.0;1.0;0.0;0.0;0.0;0.0;0.0;0.0;0.0;0.0;1.0;0.0;0.0
14506081001;0.0;0.0;0.0;0.0;0.0;0.0;0.0;0.0;0.0;0.0;0.0;0.0;0.0;0.0;0.0;1.0;0.0;0.0
14506082001;0.0;0.0;0.0;0.0;0.0;0.0;0.0;0.0;0.0;0.0;1.0;0.0;0.0;1.0;0.0;0.0;0.0;0.0
14506085001;0.0;1.0;3.0;0.0;1.0;0.0;2.0;2.0;0.0;0.0;0.0;0.0;0.0;0.0;0.0;0.0;0.0;0.0
14506087001;17.0;7.0;5.0;3.0;6.0;3.0;0.0;0.0;3.0;2.0;10.0;18.0;15.0;17.0;26.0;7.0;19.0;0.0
14506089001;0.0;0.0;0.0;0.0;0.0;0.0;0.0;0.0;0.0;0.0;0.0;0.0;0.0;0.0;0.0;1.0;3.0;0.0
14506090001;2.0;8.0;2.0;6.0;5.0;2.0;3.0;3.0;4.0;2.0;3.0;8.0;3.0;4.0;2.0;2.0;3.0;0.0
14506099001;2.0;2.0;0.0;1.0;0.0;0.0;2.0;0.0;0.0;1.0;1.0;2.0;2.0;3.0;4.0;0.0;1.0;0.0
14506103001;2.0;0.0;2.0;0.0;3.0;1.0;2.0;0.0;1.0;1.0;0.0;0.0;1.0;1.0;4.0;0.0;1.0;0.0
14506109001;2.0;1.0;0.0;0.0;1.0;1.0;0.0;0.0;0.0;2.0;1.0;1.0;3.0;2.0;3.0;0.0;2.0;0.0
14506111001;0.0;0.0;1.0;2.0;0.0;0.0;0.0;0.0;0.0;0.0;0.0;0.0;0.0;0.0;1.0;0.0;0.0;0.0
14506112001;0.0;0.0;1.0;1.0;0.0;0.0;1.0;1.0;0.0;0.0;0.0;0.0;0.0;0.0;0.0;1.0;0.0;0.0
14506124001;1.0;0.0;0.0;0.0;1.0;0.0;0.0;0.0;1.0;1.0;0.0;0.0;0.0;2.0;0.0;1.0;2.0;0.0
14506129001;1.0;0.0;0.0;1.0;0.0;0.0;0.0;0.0;0.0;0.0;0.0;0.0;1.0;0.0;1.0;0.0;1.0;0.0
14506130001;0.0;0.0;0.0;0.0;2.0;0.0;0.0;0.0;0.0;0.0;1.0;0.0;0.0;1.0;0.0;1.0;2.0;0.0
14506131001;0.0;0.0;0.0;0.0;0.0;0.0;0.0;0.0;0.0;0.0;0.0;1.0;0.0;1.0;0.0;0.0;2.0;0.0
14506135001;0.0;1.0;1.0;0.0;1.0;0.0;2.0;0.0;0.0;0.0;0.0;1.0;0.0;0.0;0.0;1.0;0.0;0.0
14506139001;2.0;1.0;4.0;2.0;0.0;3.0;2.0;1.0;2.0;1.0;0.0;1.0;2.0;0.0;2.0;0.0;0.0;0.0
14506140001;0.0;0.0;0.0;1.0;0.0;1.0;2.0;2.0;0.0;1.0;1.0;1.0;0.0;0.0;0.0;0.0;0.0;0.0
14506141001;2.0;0.0;2.0;2.0;2.0;0.0;1.0;2.0;1.0;2.0;0.0;0.0;0.0;0.0;0.0;0.0;1.0;0.0
14506143001;0.0;0.0;0.0;1.0;3.0;1.0;0.0;7.0;3.0;2.0;3.0;5.0;1.0;0.0;7.0;0.0;0.0;0.0
14506145001;0.0;2.0;0.0;1.0;0.0;1.0;3.0;3.0;1.0;0.0;0.0;0.0;0.0;0.0;0.0;0.0;0.0;0.0
14506150001;0.0;0.0;0.0;0.0;1.0;1.0;0.0;0.0;0.0;3.0;2.0;0.0;3.0;0.0;1.0;1.0;1.0;0.0
14506159001;2.0;1.0;0.0;1.0;1.0;2.0;1.0;1.0;2.0;3.0;3.0;2.0;2.0;0.0;2.0;1.0;1.0;0.0
14506164001;1.0;0.0;3.0;2.0;0.0;1.0;2.0;3.0;4.0;1.0;1.0;1.0;1.0;0.0;1.0;0.0;1.0;0.0
14506165001;0.0;1.0;0.0;0.0;0.0;0.0;0.0;0.0;0.0;0.0;2.0;0.0;0.0;0.0;0.0;0.0;0.0;0.0
14506171001;0.0;0.0;0.0;0.0;0.0;0.0;0.0;0.0;0.0;0.0;0.0;0.0;0.0;0.0;2.0;0.0;2.0;0.0
14506174001;0.0;0.0;0.0;0.0;1.0;0.0;0.0;0.0;1.0;2.0;0.0;3.0;1.0;5.0;3.0;1.0;5.0;0.0
14506190001;2.0;1.0;1.0;1.0;2.0;3.0;1.0;2.0;2.0;3.0;0.0;0.0;1.0;0.0;0.0;0.0;1.0;0.0
14506199001;0.0;0.0;0.0;0.0;0.0;0.0;0.0;0.0;0.0;0.0;0.0;0.0;0.0;1.0;1.0;1.0;0.0;0.0
14506204001;0.0;0.0;1.0;1.0;0.0;3.0;1.0;0.0;2.0;0.0;0.0;0.0;0.0;3.0;0.0;0.0;1.0;0.0
14506222001;0.0;0.0;0.0;1.0;0.0;0.0;0.0;0.0;0.0;0.0;0.0;0.0;1.0;0.0;0.0;0.0;0.0;0.0
14506225001;4.0;0.0;0.0;0.0;1.0;0.0;1.0;0.0;0.0;1.0;1.0;0.0;0.0;1.0;2.0;1.0;4.0;0.0
14506248001;0.0;0.0;0.0;1.0;0.0;0.0;0.0;0.0;0.0;0.0;0.0;0.0;0.0;0.0;0.0;0.0;1.0;0.0
14506262001;0.0;0.0;0.0;0.0;0.0;0.0;1.0;0.0;0.0;0.0;0.0;0.0;0.0;0.0;1.0;0.0;0.0;0.0
14506264001;0.0;0.0;0.0;0.0;0.0;0.0;0.0;0.0;0.0;0.0;0.0;0.0;0.0;0.0;1.0;1.0;2.0;0.0
14506286001;1.0;0.0;2.0;1.0;0.0;0.0;0.0;2.0;1.0;3.0;3.0;4.0;1.0;1.0;2.0;1.0;1.0;0.0
14506313001;0.0;0.0;1.0;0.0;1.0;0.0;0.0;0.0;0.0;1.0;0.0;0.0;1.0;0.0;0.0;0.0;3.0;0.0
14506314001;1.0;1.0;0.0;1.0;0.0;1.0;0.0;2.0;2.0;1.0;1.0;1.0;1.0;0.0;2.0;2.0;3.0;0.0
14506315001;1.0;1.0;0.0;0.0;0.0;0.0;0.0;0.0;1.0;0.0;0.0;0.0;2.0;0.0;0.0;0.0;4.0;0.0
14506328001;0.0;0.0;0.0;0.0;0.0;0.0;0.0;0.0;0.0;0.0;1.0;0.0;1.0;0.0;0.0;0.0;0.0;0.0
14506329001;0.0;0.0;0.0;0.0;1.0;1.0;0.0;0.0;0.0;0.0;1.0;0.0;0.0;0.0;0.0;0.0;0.0;0.0
14506334001;0.0;0.0;0.0;0.0;2.0;1.0;0.0;0.0;0.0;0.0;0.0;1.0;0.0;1.0;1.0;0.0;0.0;0.0
14506352001;0.0;2.0;0.0;0.0;3.0;1.0;0.0;0.0;1.0;0.0;2.0;0.0;4.0;2.0;4.0;2.0;2.0;0.0
14506358001;0.0;1.0;0.0;0.0;0.0;0.0;0.0;0.0;0.0;0.0;2.0;0.0;0.0;0.0;0.0;0.0;0.0;0.0
14506366001;1.0;0.0;0.0;0.0;0.0;0.0;0.0;0.0;0.0;0.0;0.0;0.0;0.0;0.0;0.0;0.0;0.0;0.0
14506400001;0.0;0.0;0.0;0.0;0.0;0.0;0.0;2.0;2.0;0.0;0.0;1.0;0.0;2.0;3.0;0.0;2.0;0.0
14506488001;0.0;1.0;0.0;0.0;0.0;0.0;0.0;0.0;0.0;0.0;0.0;0.0;0.0;0.0;0.0;0.0;0.0;0.0
14506490001;3.0;2.0;4.0;1.0;6.0;1.0;1.0;2.0;1.0;0.0;3.0;6.0;1.0;4.0;7.0;0.0;3.0;0.0
14506887001;2.0;1.0;1.0;1.0;1.0;0.0;1.0;1.0;2.0;2.0;1.0;3.0;2.0;3.0;3.0;0.0;4.0;0.0
14507042001;0.0;0.0;2.0;0.0;1.0;0.0;0.0;0.0;1.0;0.0;0.0;1.0;1.0;0.0;1.0;0.0;1.0;0.0
14507044001;0.0;0.0;0.0;0.0;0.0;0.0;0.0;0.0;0.0;1.0;0.0;0.0;0.0;1.0;0.0;0.0;0.0;0.0
14507045001;1.0;1.0;1.0;0.0;0.0;0.0;0.0;0.0;0.0;0.0;1.0;0.0;0.0;0.0;0.0;0.0;2.0;0.0
14507047001;0.0;2.0;0.0;1.0;0.0;0.0;1.0;0.0;0.0;0.0;0.0;0.0;0.0;0.0;0.0;1.0;0.0;0.0
14507061001;0.0;0.0;0.0;0.0;0.0;0.0;0.0;0.0;0.0;0.0;0.0;0.0;0.0;0.0;0.0;0.0;2.0;0.0
14507076001;0.0;2.0;0.0;0.0;1.0;0.0;0.0;2.0;1.0;1.0;2.0;0.0;0.0;2.0;1.0;0.0;1.0;0.0
14507083001;0.0;1.0;0.0;1.0;1.0;1.0;1.0;0.0;0.0;0.0;2.0;0.0;0.0;1.0;2.0;1.0;0.0;0.0
14507085001;0.0;1.0;0.0;0.0;1.0;0.0;1.0;0.0;3.0;1.0;0.0;0.0;0.0;0.0;0.0;0.0;0.0;0.0
14507087001;0.0;0.0;1.0;0.0;1.0;1.0;0.0;1.0;1.0;0.0;0.0;1.0;0.0;0.0;0.0;0.0;0.0;0.0
14507202001;1.0;0.0;1.0;0.0;0.0;0.0;0.0;0.0;0.0;0.0;0.0;0.0;0.0;0.0;0.0;0.0;0.0;0.0
14508004001;3.0;3.0;3.0;0.0;2.0;3.0;6.0;1.0;4.0;4.0;6.0;4.0;5.0;6.0;13.0;1.0;6.0;0.0
14508013001;2.0;1.0;1.0;1.0;4.0;1.0;0.0;1.0;0.0;1.0;1.0;1.0;0.0;1.0;2.0;0.0;1.0;0.0
14508016001;0.0;0.0;2.0;0.0;0.0;1.0;0.0;1.0;0.0;0.0;0.0;0.0;0.0;0.0;1.0;0.0;0.0;0.0
14508022001;0.0;0.0;0.0;0.0;0.0;0.0;0.0;0.0;0.0;0.0;0.0;0.0;0.0;0.0;1.0;0.0;0.0;0.0
14508918001;0.0;0.0;0.0;0.0;0.0;0.0;0.0;1.0;0.0;0.0;0.0;1.0;0.0;0.0;0.0;0.0;0.0;0.0
14509001001;5.0;6.0;6.0;9.0;7.0;6.0;4.0;9.0;8.0;7.0;9.0;14.0;9.0;10.0;11.0;6.0;7.0;0.0
14509005001;0.0;0.0;0.0;0.0;0.0;0.0;0.0;0.0;1.0;0.0;0.0;4.0;0.0;1.0;3.0;0.0;1.0;0.0
14509007001;2.0;1.0;0.0;0.0;0.0;0.0;0.0;0.0;0.0;0.0;0.0;0.0;2.0;1.0;3.0;0.0;0.0;0.0
14509008001;9.0;6.0;7.0;1.0;5.0;4.0;7.0;8.0;6.0;8.0;7.0;10.0;2.0;5.0;28.0;4.0;6.0;0.0
14509013001;1.0;1.0;0.0;0.0;0.0;1.0;0.0;0.0;1.0;1.0;1.0;2.0;0.0;0.0;0.0;0.0;1.0;0.0
14509015001;0.0;0.0;0.0;0.0;0.0;1.0;0.0;0.0;0.0;1.0;3.0;3.0;0.0;0.0;0.0;0.0;0.0;0.0
14509016001;0.0;0.0;0.0;1.0;1.0;0.0;2.0;0.0;2.0;0.0;3.0;0.0;1.0;2.0;4.0;0.0;3.0;0.0
14509021001;0.0;0.0;0.0;0.0;0.0;0.0;0.0;0.0;0.0;1.0;0.0;0.0;0.0;0.0;0.0;0.0;0.0;0.0
14509024001;0.0;1.0;0.0;0.0;0.0;0.0;0.0;0.0;0.0;0.0;0.0;0.0;0.0;0.0;0.0;1.0;0.0;0.0
14509025001;0.0;0.0;0.0;0.0;0.0;0.0;0.0;0.0;0.0;0.0;0.0;0.0;1.0;0.0;0.0;0.0;0.0;0.0
14509035001;0.0;0.0;0.0;0.0;0.0;0.0;0.0;0.0;0.0;1.0;0.0;0.0;0.0;0.0;0.0;0.0;0.0;0.0
14509036001;1.0;0.0;0.0;0.0;1.0;2.0;0.0;0.0;1.0;2.0;3.0;1.0;2.0;1.0;3.0;0.0;0.0;0.0
14509037001;0.0;0.0;0.0;0.0;0.0;0.0;0.0;0.0;0.0;0.0;0.0;1.0;0.0;0.0;0.0;0.0;0.0;0.0
14510014001;0.0;0.0;0.0;0.0;0.0;0.0;0.0;1.0;1.0;1.0;0.0;0.0;0.0;0.0;1.0;0.0;0.0;0.0
14511005001;0.0;0.0;0.0;0.0;0.0;0.0;1.0;0.0;1.0;1.0;0.0;2.0;1.0;1.0;2.0;0.0;0.0;0.0
14512015001;1.0;0.0;1.0;0.0;1.0;0.0;0.0;0.0;0.0;0.0;1.0;0.0;0.0;0.0;2.0;0.0;0.0;0.0
14512916001;0.0;1.0;0.0;0.0;2.0;1.0;0.0;0.0;0.0;1.0;0.0;2.0;0.0;0.0;3.0;0.0;1.0;0.0
14520044001;1.0;0.0;0.0;0.0;0.0;0.0;0.0;0.0;1.0;2.0;0.0;0.0;0.0;0.0;0.0;1.0;0.0;0.0
14520065001;12.0;5.0;8.0;6.0;8.0;7.0;14.0;13.0;12.0;11.0;8.0;9.0;9.0;7.0;6.0;6.0;15.0;0.0
14520067001;1.0;0.0;1.0;0.0;4.0;0.0;0.0;2.0;3.0;3.0;4.0;1.0;1.0;2.0;2.0;1.0;2.0;0.0
14520068001;7.0;2.0;4.0;9.0;3.0;2.0;0.0;4.0;1.0;7.0;8.0;5.0;2.0;7.0;5.0;0.0;8.0;0.0
14521156001;1.0;0.0;2.0;0.0;3.0;2.0;2.0;4.0;0.0;6.0;3.0;3.0;2.0;5.0;5.0;4.0;4.0;0.0
14521157001;10.0;11.0;6.0;6.0;17.0;4.0;15.0;11.0;9.0;8.0;10.0;6.0;10.0;10.0;12.0;5.0;12.0;0.0
14521158001;5.0;1.0;8.0;4.0;5.0;8.0;5.0;5.0;4.0;8.0;6.0;7.0;5.0;10.0;6.0;4.0;13.0;0.0
14521178001;2.0;0.0;1.0;2.0;2.0;1.0;0.0;1.0;1.0;1.0;1.0;2.0;1.0;2.0;5.0;1.0;1.0;0.0
14521179001;2.0;1.0;1.0;0.0;1.0;0.0;1.0;0.0;0.0;0.0;0.0;2.0;0.0;1.0;3.0;1.0;3.0;0.0
14521180001;1.0;0.0;1.0;0.0;1.0;1.0;0.0;1.0;0.0;1.0;1.0;1.0;0.0;4.0;3.0;1.0;1.0;0.0
14521181001;4.0;1.0;1.0;0.0;2.0;1.0;0.0;0.0;0.0;1.0;1.0;3.0;0.0;3.0;3.0;1.0;3.0;0.0
14522048001;3.0;0.0;3.0;1.0;5.0;2.0;0.0;0.0;0.0;0.0;0.0;0.0;0.0;0.0;0.0;0.0;0.0;0.0
14522049001;1.0;0.0;2.0;0.0;1.0;1.0;2.0;1.0;1.0;5.0;2.0;1.0;2.0;2.0;0.0;1.0;3.0;0.0
14522050001;2.0;1.0;2.0;1.0;3.0;0.0;0.0;4.0;3.0;4.0;1.0;3.0;0.0;1.0;2.0;0.0;1.0;0.0
14522051001;1.0;1.0;1.0;0.0;2.0;1.0;1.0;3.0;2.0;1.0;3.0;1.0;0.0;4.0;4.0;0.0;1.0;0.0
14522065001;1.0;1.0;1.0;0.0;2.0;0.0;0.0;0.0;1.0;1.0;0.0;1.0;1.0;1.0;1.0;1.0;1.0;0.0
14524015001;1.0;0.0;0.0;0.0;1.0;0.0;0.0;1.0;0.0;0.0;0.0;0.0;0.0;0.0;0.0;0.0;0.0;0.0
14600005001;16.0;19.0;30.0;28.0;15.0;9.0;8.0;6.0;6.0;7.0;2.0;8.0;3.0;2.0;1.0;0.0;0.0;0.0
14600007001;0.0;0.0;0.0;0.0;0.0;0.0;0.0;0.0;2.0;2.0;3.0;0.0;1.0;0.0;1.0;0.0;1.0;0.0
14600011001;0.0;1.0;1.0;2.0;1.0;1.0;0.0;1.0;5.0;4.0;2.0;1.0;3.0;1.0;5.0;2.0;3.0;0.0
14600013001;7.0;6.0;1.0;1.0;0.0;1.0;4.0;0.0;0.0;0.0;0.0;3.0;3.0;1.0;6.0;10.0;8.0;0.0
14600017001;0.0;0.0;0.0;0.0;2.0;0.0;0.0;2.0;1.0;1.0;1.0;1.0;1.0;0.0;1.0;0.0;1.0;0.0
14600020001;3.0;1.0;2.0;0.0;0.0;0.0;0.0;1.0;0.0;0.0;0.0;0.0;1.0;1.0;0.0;0.0;3.0;0.0
14600022001;1.0;0.0;1.0;0.0;1.0;0.0;0.0;0.0;0.0;0.0;1.0;0.0;1.0;0.0;1.0;0.0;0.0;0.0
14600023001;0.0;1.0;0.0;0.0;4.0;2.0;0.0;4.0;5.0;3.0;11.0;21.0;10.0;16.0;11.0;12.0;19.0;0.0
14600032001;1.0;1.0;0.0;1.0;1.0;0.0;1.0;0.0;1.0;2.0;1.0;2.0;0.0;0.0;0.0;0.0;0.0;0.0
14600898001;1.0;2.0;2.0;2.0;1.0;1.0;1.0;2.0;2.0;2.0;1.0;0.0;0.0;4.0;2.0;0.0;1.0;0.0
14600899001;1.0;0.0;1.0;3.0;0.0;3.0;0.0;0.0;1.0;0.0;0.0;0.0;2.0;1.0;0.0;0.0;1.0;0.0
14600907001;0.0;0.0;0.0;0.0;0.0;0.0;1.0;1.0;0.0;0.0;0.0;0.0;0.0;0.0;1.0;0.0;0.0;0.0
14600912001;0.0;0.0;0.0;1.0;0.0;0.0;1.0;0.0;2.0;0.0;0.0;0.0;2.0;1.0;1.0;0.0;0.0;0.0
14600999001;0.0;0.0;0.0;0.0;0.0;0.0;0.0;0.0;0.0;0.0;0.0;0.0;1.0;0.0;0.0;0.0;0.0;0.0
14601001001;0.0;1.0;1.0;0.0;2.0;1.0;0.0;0.0;3.0;2.0;0.0;1.0;2.0;0.0;0.0;0.0;1.0;0.0
14601003001;0.0;0.0;1.0;1.0;0.0;1.0;0.0;0.0;0.0;0.0;0.0;3.0;2.0;0.0;3.0;2.0;4.0;0.0
14601004001;2.0;2.0;1.0;3.0;2.0;3.0;2.0;3.0;3.0;4.0;2.0;5.0;3.0;2.0;5.0;1.0;4.0;0.0
14601009001;0.0;0.0;0.0;0.0;0.0;0.0;0.0;0.0;0.0;1.0;0.0;0.0;0.0;0.0;1.0;0.0;0.0;0.0
14601015001;1.0;0.0;3.0;0.0;2.0;1.0;0.0;0.0;0.0;0.0;0.0;0.0;0.0;0.0;0.0;0.0;0.0;0.0
14601016001;0.0;0.0;1.0;0.0;0.0;0.0;0.0;1.0;0.0;0.0;0.0;0.0;0.0;0.0;0.0;0.0;0.0;0.0
14601027001;0.0;1.0;1.0;0.0;1.0;1.0;0.0;2.0;0.0;0.0;1.0;1.0;0.0;1.0;0.0;0.0;0.0;0.0
14601028001;0.0;0.0;0.0;0.0;0.0;0.0;0.0;0.0;0.0;0.0;0.0;2.0;0.0;1.0;1.0;0.0;0.0;0.0
14601047001;0.0;0.0;0.0;0.0;1.0;0.0;1.0;1.0;3.0;1.0;3.0;1.0;2.0;1.0;3.0;0.0;1.0;0.0
14601051001;0.0;1.0;0.0;1.0;1.0;1.0;0.0;0.0;1.0;0.0;0.0;0.0;1.0;1.0;1.0;1.0;0.0;0.0
14601063001;0.0;1.0;0.0;1.0;0.0;0.0;0.0;0.0;1.0;0.0;0.0;1.0;2.0;1.0;1.0;0.0;1.0;0.0
14601065001;1.0;0.0;2.0;1.0;3.0;0.0;0.0;1.0;1.0;0.0;1.0;2.0;0.0;0.0;0.0;0.0;0.0;0.0
14601067001;0.0;1.0;0.0;0.0;1.0;0.0;0.0;0.0;0.0;2.0;1.0;0.0;1.0;0.0;1.0;0.0;0.0;0.0
14601073001;0.0;0.0;0.0;0.0;0.0;0.0;0.0;0.0;0.0;1.0;0.0;1.0;0.0;0.0;1.0;0.0;0.0;0.0
14601999001;0.0;3.0;1.0;1.0;0.0;0.0;1.0;2.0;1.0;1.0;1.0;1.0;0.0;1.0;5.0;0.0;0.0;0.0
14602013001;0.0;0.0;0.0;0.0;0.0;1.0;0.0;0.0;0.0;0.0;0.0;0.0;0.0;0.0;0.0;0.0;0.0;0.0
14602022001;0.0;0.0;0.0;1.0;1.0;1.0;0.0;0.0;2.0;0.0;0.0;0.0;0.0;0.0;0.0;1.0;2.0;0.0
14602033001;0.0;0.0;0.0;0.0;0.0;0.0;0.0;0.0;0.0;0.0;0.0;0.0;1.0;0.0;0.0;0.0;0.0;0.0
14602034001;0.0;0.0;2.0;0.0;0.0;0.0;1.0;0.0;0.0;0.0;0.0;1.0;0.0;1.0;0.0;1.0;0.0;0.0
14602035001;0.0;0.0;0.0;0.0;0.0;0.0;0.0;0.0;0.0;1.0;0.0;1.0;0.0;2.0;0.0;0.0;0.0;0.0
14602036001;1.0;0.0;0.0;0.0;0.0;0.0;0.0;0.0;0.0;0.0;1.0;1.0;0.0;1.0;0.0;0.0;0.0;0.0
14602037001;0.0;0.0;0.0;0.0;1.0;0.0;0.0;1.0;0.0;0.0;1.0;0.0;0.0;0.0;0.0;0.0;0.0;0.0
14602049001;0.0;0.0;0.0;0.0;0.0;0.0;0.0;0.0;1.0;1.0;0.0;2.0;0.0;0.0;1.0;1.0;0.0;0.0
14602050001;1.0;0.0;0.0;1.0;0.0;0.0;0.0;0.0;0.0;0.0;0.0;3.0;0.0;0.0;1.0;1.0;0.0;0.0
14602052001;1.0;0.0;0.0;0.0;0.0;1.0;0.0;0.0;0.0;0.0;0.0;0.0;0.0;0.0;0.0;0.0;0.0;0.0
14602058001;0.0;0.0;0.0;0.0;1.0;0.0;0.0;0.0;1.0;0.0;0.0;0.0;2.0;0.0;0.0;0.0;1.0;0.0
14602060001;0.0;1.0;0.0;1.0;2.0;1.0;0.0;0.0;1.0;0.0;0.0;0.0;0.0;0.0;0.0;0.0;0.0;0.0
14602061001;1.0;0.0;0.0;1.0;1.0;0.0;0.0;0.0;0.0;0.0;0.0;0.0;0.0;0.0;0.0;0.0;0.0;0.0
14602063001;2.0;1.0;0.0;0.0;2.0;0.0;1.0;0.0;0.0;0.0;0.0;0.0;0.0;0.0;0.0;0.0;0.0;0.0
14602074001;0.0;0.0;0.0;0.0;0.0;1.0;1.0;0.0;0.0;0.0;0.0;0.0;0.0;0.0;0.0;0.0;0.0;0.0
14602116001;2.0;0.0;0.0;1.0;0.0;0.0;0.0;0.0;0.0;0.0;0.0;0.0;0.0;0.0;0.0;0.0;0.0;0.0
14602120001;0.0;1.0;0.0;0.0;0.0;0.0;0.0;0.0;0.0;0.0;0.0;0.0;0.0;0.0;1.0;0.0;0.0;0.0
14603003001;2.0;4.0;1.0;0.0;4.0;2.0;3.0;3.0;6.0;1.0;2.0;2.0;4.0;3.0;8.0;0.0;8.0;0.0
14603004001;2.0;3.0;3.0;1.0;0.0;0.0;1.0;1.0;0.0;1.0;5.0;0.0;0.0;1.0;3.0;1.0;5.0;0.0
14603005001;2.0;2.0;0.0;1.0;0.0;0.0;0.0;2.0;2.0;1.0;2.0;0.0;0.0;3.0;5.0;2.0;1.0;0.0
14603010001;1.0;1.0;1.0;1.0;1.0;2.0;0.0;0.0;0.0;0.0;0.0;2.0;0.0;1.0;1.0;0.0;0.0;0.0
14603012001;0.0;1.0;0.0;1.0;1.0;1.0;0.0;0.0;1.0;0.0;0.0;0.0;2.0;0.0;0.0;0.0;1.0;0.0
14603014001;0.0;0.0;0.0;0.0;0.0;0.0;0.0;1.0;0.0;0.0;0.0;0.0;0.0;0.0;0.0;0.0;0.0;0.0
14603019001;1.0;0.0;2.0;0.0;1.0;0.0;0.0;0.0;0.0;0.0;0.0;0.0;0.0;3.0;1.0;1.0;1.0;0.0
14603026001;1.0;0.0;1.0;0.0;0.0;0.0;0.0;0.0;0.0;0.0;0.0;0.0;0.0;0.0;0.0;0.0;0.0;0.0
14603030001;0.0;0.0;0.0;0.0;0.0;0.0;0.0;0.0;0.0;0.0;0.0;0.0;0.0;1.0;1.0;0.0;1.0;0.0
14603038001;0.0;1.0;0.0;0.0;1.0;0.0;0.0;0.0;0.0;1.0;0.0;3.0;0.0;0.0;0.0;0.0;0.0;0.0
14604001001;0.0;0.0;0.0;0.0;0.0;0.0;0.0;1.0;0.0;0.0;0.0;0.0;0.0;1.0;0.0;0.0;0.0;0.0
14604042001;0.0;1.0;0.0;0.0;0.0;0.0;0.0;0.0;0.0;0.0;0.0;1.0;0.0;0.0;0.0;0.0;0.0;0.0
14610001001;0.0;0.0;0.0;1.0;0.0;0.0;0.0;2.0;0.0;0.0;3.0;4.0;1.0;0.0;1.0;2.0;3.0;0.0
14610002001;8.0;9.0;8.0;8.0;5.0;12.0;5.0;6.0;6.0;10.0;11.0;10.0;11.0;11.0;4.0;7.0;7.0;0.0
14610008001;0.0;0.0;0.0;0.0;0.0;0.0;0.0;0.0;0.0;0.0;1.0;1.0;0.0;1.0;18.0;0.0;1.0;0.0
14610009001;0.0;1.0;0.0;1.0;0.0;0.0;0.0;0.0;0.0;1.0;0.0;3.0;3.0;0.0;1.0;0.0;0.0;0.0
14610010001;2.0;0.0;1.0;0.0;1.0;0.0;0.0;0.0;0.0;0.0;0.0;1.0;2.0;0.0;1.0;0.0;2.0;0.0
14610011001;1.0;0.0;1.0;1.0;3.0;1.0;1.0;1.0;3.0;0.0;1.0;2.0;0.0;1.0;2.0;0.0;2.0;0.0
14611002001;6.0;5.0;7.0;8.0;6.0;2.0;6.0;10.0;6.0;6.0;7.0;8.0;9.0;9.0;11.0;6.0;14.0;0.0
14611007001;0.0;0.0;0.0;0.0;0.0;0.0;0.0;2.0;0.0;0.0;1.0;1.0;0.0;0.0;1.0;0.0;0.0;0.0
14611009001;0.0;1.0;1.0;0.0;1.0;0.0;1.0;0.0;0.0;0.0;0.0;0.0;0.0;0.0;0.0;0.0;1.0;0.0
14611010001;17.0;29.0;22.0;26.0;21.0;16.0;21.0;29.0;28.0;31.0;31.0;32.0;34.0;25.0;32.0;8.0;24.0;0.0
14611013001;0.0;1.0;1.0;2.0;0.0;1.0;0.0;2.0;2.0;1.0;2.0;1.0;0.0;2.0;0.0;0.0;1.0;0.0
14611020001;2.0;0.0;1.0;1.0;0.0;2.0;2.0;2.0;1.0;1.0;0.0;1.0;0.0;0.0;0.0;1.0;0.0;0.0
14611022001;7.0;5.0;10.0;7.0;5.0;7.0;10.0;3.0;7.0;7.0;15.0;6.0;8.0;10.0;13.0;4.0;13.0;0.0
14611899001;0.0;0.0;4.0;0.0;0.0;1.0;0.0;1.0;1.0;0.0;0.0;0.0;0.0;1.0;7.0;1.0;2.0;0.0
14611901001;0.0;1.0;2.0;0.0;0.0;0.0;1.0;0.0;2.0;0.0;1.0;0.0;0.0;0.0;2.0;1.0;0.0;0.0
14612005001;0.0;0.0;0.0;0.0;0.0;0.0;1.0;1.0;2.0;2.0;0.0;2.0;0.0;1.0;1.0;2.0;2.0;0.0
14612012001;0.0;0.0;0.0;0.0;0.0;0.0;0.0;0.0;0.0;2.0;1.0;3.0;0.0;0.0;0.0;1.0;2.0;0.0
14612018002;4.0;11.0;13.0;10.0;7.0;8.0;6.0;12.0;13.0;14.0;9.0;6.0;3.0;7.0;9.0;5.0;4.0;0.0
14612031001;1.0;0.0;0.0;0.0;0.0;0.0;0.0;0.0;0.0;0.0;0.0;0.0;0.0;0.0;0.0;1.0;0.0;0.0
14612034001;0.0;0.0;0.0;1.0;4.0;4.0;0.0;7.0;4.0;3.0;2.0;1.0;1.0;4.0;7.0;1.0;0.0;0.0
14612035001;0.0;1.0;0.0;2.0;2.0;0.0;1.0;1.0;2.0;0.0;0.0;0.0;0.0;0.0;1.0;0.0;0.0;0.0
14612059001;1.0;0.0;0.0;1.0;1.0;1.0;0.0;0.0;1.0;0.0;0.0;0.0;0.0;0.0;2.0;0.0;0.0;0.0
14612075001;0.0;0.0;0.0;0.0;0.0;0.0;2.0;2.0;0.0;0.0;2.0;5.0;4.0;9.0;6.0;0.0;3.0;0.0
14612088001;0.0;2.0;2.0;2.0;3.0;3.0;1.0;2.0;2.0;3.0;1.0;3.0;2.0;2.0;0.0;4.0;3.0;0.0
14612900001;5.0;4.0;6.0;2.0;1.0;3.0;2.0;4.0;2.0;2.0;4.0;3.0;4.0;5.0;3.0;0.0;3.0;0.0
14612922001;0.0;0.0;0.0;0.0;0.0;0.0;0.0;0.0;0.0;0.0;1.0;0.0;0.0;0.0;0.0;0.0;0.0;0.0
14612946001;0.0;1.0;0.0;0.0;1.0;0.0;0.0;0.0;0.0;1.0;0.0;0.0;0.0;0.0;0.0;0.0;0.0;0.0
14613007001;0.0;1.0;2.0;1.0;0.0;0.0;0.0;0.0;0.0;2.0;4.0;0.0;0.0;2.0;0.0;1.0;1.0;0.0
14613013001;0.0;0.0;0.0;0.0;0.0;0.0;0.0;0.0;0.0;0.0;0.0;0.0;0.0;0.0;0.0;0.0;1.0;0.0
14613017001;0.0;0.0;1.0;0.0;0.0;0.0;0.0;0.0;0.0;0.0;0.0;0.0;0.0;0.0;0.0;0.0;0.0;0.0
14613018001;2.0;0.0;0.0;0.0;2.0;3.0;0.0;0.0;0.0;1.0;1.0;1.0;1.0;0.0;0.0;0.0;1.0;0.0
14613019001;0.0;0.0;0.0;2.0;5.0;1.0;3.0;6.0;4.0;1.0;7.0;3.0;6.0;3.0;4.0;5.0;6.0;0.0
14613024001;0.0;1.0;1.0;1.0;0.0;1.0;0.0;1.0;1.0;3.0;1.0;2.0;0.0;0.0;2.0;1.0;2.0;0.0
14613026001;3.0;4.0;4.0;3.0;1.0;3.0;0.0;4.0;12.0;9.0;8.0;6.0;7.0;8.0;5.0;2.0;4.0;0.0
14613899001;0.0;0.0;1.0;0.0;2.0;0.0;1.0;1.0;0.0;1.0;0.0;0.0;0.0;0.0;2.0;0.0;1.0;0.0
14613900001;0.0;1.0;6.0;2.0;1.0;0.0;0.0;0.0;0.0;3.0;5.0;3.0;1.0;3.0;1.0;1.0;4.0;0.0
14613902001;2.0;9.0;3.0;3.0;3.0;4.0;0.0;2.0;6.0;5.0;2.0;5.0;2.0;4.0;4.0;3.0;6.0;0.0
14613904001;9.0;5.0;8.0;1.0;1.0;3.0;0.0;4.0;0.0;0.0;2.0;4.0;6.0;4.0;4.0;1.0;4.0;0.0
14613907001;2.0;4.0;7.0;2.0;3.0;1.0;0.0;2.0;3.0;0.0;1.0;2.0;2.0;5.0;4.0;0.0;1.0;0.0
14613908001;2.0;1.0;3.0;4.0;2.0;0.0;2.0;0.0;2.0;2.0;2.0;2.0;2.0;2.0;1.0;0.0;0.0;0.0
14613918001;0.0;0.0;0.0;0.0;0.0;0.0;0.0;0.0;0.0;0.0;0.0;0.0;1.0;1.0;0.0;0.0;1.0;0.0
14614001001;0.0;1.0;0.0;0.0;0.0;0.0;0.0;0.0;0.0;0.0;1.0;0.0;1.0;0.0;0.0;0.0;1.0;0.0
14615002001;1.0;1.0;0.0;0.0;0.0;0.0;0.0;0.0;1.0;3.0;1.0;1.0;0.0;6.0;2.0;1.0;2.0;0.0
14615009001;1.0;0.0;0.0;0.0;0.0;0.0;2.0;3.0;0.0;4.0;5.0;7.0;4.0;0.0;8.0;3.0;2.0;0.0
14615011001;0.0;0.0;0.0;0.0;0.0;0.0;0.0;0.0;0.0;0.0;0.0;0.0;0.0;2.0;1.0;0.0;1.0;0.0
14615012001;0.0;0.0;0.0;0.0;0.0;0.0;0.0;0.0;0.0;0.0;0.0;0.0;0.0;0.0;2.0;0.0;0.0;0.0
14615013001;0.0;0.0;0.0;0.0;0.0;0.0;0.0;0.0;2.0;1.0;0.0;1.0;3.0;0.0;2.0;0.0;2.0;0.0
14615021001;0.0;1.0;0.0;0.0;0.0;0.0;0.0;1.0;0.0;1.0;0.0;0.0;0.0;0.0;0.0;1.0;0.0;0.0
14615030001;1.0;0.0;0.0;1.0;2.0;0.0;0.0;0.0;0.0;0.0;0.0;0.0;0.0;0.0;0.0;0.0;1.0;0.0
14615031001;0.0;0.0;0.0;0.0;0.0;0.0;0.0;0.0;0.0;0.0;0.0;0.0;0.0;0.0;1.0;0.0;2.0;0.0
14615035001;0.0;0.0;2.0;0.0;0.0;0.0;0.0;0.0;0.0;0.0;0.0;0.0;0.0;0.0;0.0;0.0;0.0;0.0
14615038001;0.0;0.0;0.0;0.0;0.0;0.0;0.0;1.0;2.0;3.0;3.0;2.0;4.0;3.0;3.0;0.0;2.0;0.0
14615041001;1.0;0.0;0.0;0.0;3.0;3.0;1.0;0.0;0.0;2.0;0.0;3.0;1.0;1.0;3.0;1.0;1.0;0.0
14615048001;0.0;0.0;0.0;0.0;0.0;1.0;0.0;0.0;0.0;0.0;0.0;1.0;0.0;0.0;0.0;1.0;2.0;0.0
14615052001;2.0;1.0;2.0;0.0;0.0;0.0;0.0;0.0;0.0;0.0;0.0;0.0;1.0;0.0;0.0;0.0;0.0;0.0
14615057001;0.0;0.0;0.0;0.0;0.0;0.0;0.0;0.0;0.0;0.0;0.0;0.0;0.0;0.0;0.0;1.0;0.0;0.0
14615061001;0.0;1.0;0.0;0.0;1.0;0.0;1.0;1.0;0.0;0.0;0.0;0.0;0.0;0.0;0.0;0.0;0.0;0.0
14615063001;0.0;1.0;0.0;2.0;0.0;0.0;0.0;0.0;0.0;0.0;1.0;0.0;0.0;0.0;0.0;0.0;0.0;0.0
14615067001;0.0;0.0;0.0;0.0;0.0;0.0;0.0;0.0;0.0;1.0;1.0;0.0;0.0;1.0;0.0;0.0;0.0;0.0
14615070001;0.0;0.0;0.0;0.0;0.0;0.0;0.0;0.0;0.0;0.0;14.0;12.0;5.0;6.0;5.0;1.0;11.0;0.0
14615072001;0.0;3.0;0.0;0.0;0.0;1.0;0.0;0.0;0.0;0.0;0.0;1.0;0.0;0.0;0.0;0.0;0.0;0.0
14615076001;1.0;0.0;0.0;0.0;0.0;0.0;0.0;0.0;0.0;0.0;0.0;0.0;0.0;0.0;0.0;0.0;0.0;0.0
14615079001;0.0;0.0;0.0;0.0;0.0;0.0;0.0;1.0;3.0;1.0;3.0;4.0;0.0;1.0;1.0;0.0;1.0;0.0
14615082001;3.0;1.0;0.0;1.0;3.0;1.0;1.0;2.0;7.0;0.0;2.0;0.0;2.0;1.0;5.0;1.0;0.0;0.0
14615084001;9.0;6.0;11.0;3.0;9.0;4.0;6.0;6.0;3.0;2.0;3.0;4.0;2.0;6.0;6.0;6.0;5.0;0.0
14615107001;2.0;1.0;0.0;0.0;2.0;1.0;1.0;0.0;2.0;0.0;0.0;0.0;0.0;2.0;2.0;0.0;1.0;0.0
14615108001;0.0;0.0;3.0;0.0;3.0;2.0;2.0;2.0;3.0;3.0;2.0;0.0;0.0;3.0;1.0;0.0;1.0;0.0
14615114001;0.0;0.0;1.0;0.0;0.0;0.0;1.0;1.0;0.0;0.0;0.0;0.0;1.0;0.0;2.0;0.0;0.0;0.0
14615133001;2.0;1.0;1.0;0.0;0.0;3.0;0.0;2.0;3.0;5.0;0.0;5.0;3.0;6.0;5.0;1.0;5.0;0.0
14615897001;0.0;0.0;1.0;0.0;0.0;0.0;0.0;1.0;0.0;0.0;1.0;0.0;0.0;0.0;0.0;0.0;0.0;0.0
14615898001;0.0;0.0;0.0;1.0;0.0;0.0;0.0;0.0;1.0;1.0;0.0;0.0;0.0;0.0;0.0;1.0;0.0;0.0
14616001001;0.0;0.0;3.0;1.0;2.0;0.0;0.0;0.0;0.0;1.0;0.0;0.0;4.0;1.0;20.0;1.0;4.0;0.0
14616002001;0.0;0.0;0.0;2.0;4.0;5.0;0.0;5.0;6.0;4.0;3.0;3.0;5.0;6.0;6.0;0.0;4.0;0.0
14616006001;6.0;7.0;10.0;2.0;11.0;10.0;5.0;9.0;10.0;11.0;5.0;6.0;10.0;9.0;7.0;5.0;8.0;0.0
14616009001;1.0;1.0;0.0;0.0;1.0;1.0;0.0;0.0;0.0;0.0;0.0;2.0;0.0;0.0;0.0;1.0;2.0;0.0
14616013001;0.0;0.0;1.0;0.0;3.0;0.0;0.0;1.0;0.0;1.0;0.0;0.0;0.0;0.0;20.0;0.0;1.0;0.0
14616017001;3.0;2.0;4.0;0.0;0.0;1.0;0.0;0.0;1.0;1.0;0.0;1.0;1.0;1.0;0.0;0.0;2.0;0.0
14616018001;0.0;0.0;0.0;0.0;2.0;0.0;1.0;2.0;1.0;0.0;1.0;0.0;0.0;0.0;1.0;0.0;2.0;0.0
14616019001;2.0;0.0;0.0;0.0;0.0;0.0;0.0;0.0;1.0;3.0;2.0;1.0;2.0;3.0;1.0;0.0;0.0;0.0
14616020001;0.0;1.0;0.0;0.0;0.0;0.0;0.0;0.0;0.0;1.0;0.0;0.0;0.0;0.0;0.0;0.0;1.0;0.0
14616021001;1.0;2.0;0.0;2.0;0.0;0.0;0.0;1.0;1.0;0.0;0.0;0.0;1.0;1.0;0.0;0.0;2.0;0.0
14616022001;0.0;0.0;0.0;0.0;0.0;0.0;0.0;0.0;1.0;1.0;0.0;1.0;1.0;1.0;2.0;1.0;1.0;0.0
14616033001;0.0;0.0;0.0;0.0;1.0;0.0;1.0;0.0;0.0;0.0;0.0;0.0;1.0;0.0;1.0;0.0;0.0;0.0
14616038001;0.0;0.0;0.0;0.0;0.0;0.0;0.0;0.0;0.0;0.0;0.0;0.0;1.0;0.0;0.0;0.0;1.0;0.0
14616044001;0.0;0.0;1.0;0.0;0.0;0.0;0.0;0.0;0.0;0.0;0.0;0.0;0.0;0.0;0.0;0.0;0.0;0.0
14616053001;1.0;0.0;0.0;0.0;0.0;0.0;0.0;0.0;0.0;0.0;0.0;0.0;0.0;0.0;0.0;0.0;0.0;0.0
14616054001;0.0;4.0;4.0;0.0;0.0;2.0;0.0;3.0;3.0;1.0;2.0;0.0;2.0;3.0;3.0;0.0;0.0;0.0
14616060001;0.0;0.0;0.0;0.0;0.0;0.0;0.0;0.0;0.0;1.0;0.0;0.0;0.0;0.0;0.0;0.0;0.0;0.0
14616194001;0.0;0.0;0.0;0.0;0.0;0.0;0.0;0.0;1.0;0.0;0.0;0.0;0.0;0.0;0.0;0.0;0.0;0.0
14616195001;0.0;0.0;0.0;1.0;0.0;0.0;0.0;0.0;0.0;0.0;0.0;0.0;0.0;0.0;0.0;0.0;0.0;0.0
14620001001;0.0;0.0;0.0;1.0;0.0;0.0;0.0;1.0;1.0;0.0;0.0;1.0;0.0;1.0;0.0;0.0;0.0;0.0
14620006001;3.0;5.0;5.0;5.0;14.0;5.0;3.0;6.0;6.0;7.0;7.0;10.0;2.0;12.0;8.0;1.0;8.0;0.0
14620007001;0.0;0.0;0.0;0.0;1.0;0.0;0.0;0.0;0.0;0.0;0.0;0.0;0.0;1.0;1.0;0.0;0.0;0.0
14620012001;1.0;0.0;0.0;0.0;0.0;0.0;1.0;0.0;1.0;0.0;1.0;0.0;0.0;1.0;2.0;0.0;0.0;0.0
14620014001;12.0;3.0;8.0;8.0;6.0;13.0;9.0;7.0;5.0;4.0;7.0;10.0;6.0;13.0;13.0;2.0;8.0;0.0
14620019001;1.0;0.0;0.0;0.0;0.0;0.0;0.0;0.0;0.0;0.0;0.0;0.0;3.0;0.0;0.0;0.0;1.0;0.0
14620021001;1.0;0.0;3.0;1.0;2.0;3.0;2.0;1.0;2.0;1.0;1.0;1.0;1.0;1.0;4.0;0.0;4.0;0.0
14620028001;0.0;0.0;0.0;0.0;1.0;0.0;0.0;1.0;0.0;1.0;0.0;0.0;0.0;0.0;0.0;0.0;0.0;0.0
14620030001;1.0;3.0;10.0;2.0;4.0;2.0;2.0;1.0;4.0;4.0;3.0;1.0;6.0;3.0;2.0;2.0;4.0;0.0
14620035001;0.0;0.0;0.0;0.0;0.0;0.0;0.0;0.0;0.0;0.0;0.0;1.0;0.0;0.0;0.0;0.0;0.0;0.0
14620036001;1.0;0.0;0.0;0.0;0.0;0.0;0.0;0.0;0.0;0.0;0.0;1.0;1.0;1.0;0.0;0.0;0.0;0.0
14620039001;0.0;0.0;0.0;0.0;0.0;0.0;0.0;0.0;0.0;0.0;0.0;0.0;0.0;0.0;1.0;0.0;2.0;0.0
14620042001;2.0;0.0;1.0;0.0;1.0;0.0;0.0;0.0;1.0;2.0;3.0;2.0;11.0;3.0;6.0;0.0;3.0;0.0
14620046001;0.0;0.0;0.0;0.0;0.0;0.0;0.0;0.0;0.0;1.0;0.0;0.0;0.0;0.0;0.0;0.0;1.0;0.0
14620051001;2.0;0.0;3.0;2.0;1.0;1.0;3.0;1.0;2.0;0.0;0.0;0.0;0.0;0.0;1.0;1.0;0.0;0.0
14620057001;0.0;0.0;0.0;2.0;2.0;0.0;1.0;1.0;2.0;3.0;8.0;3.0;1.0;1.0;4.0;1.0;2.0;0.0
14620060001;0.0;0.0;0.0;0.0;0.0;0.0;0.0;0.0;0.0;1.0;2.0;0.0;0.0;0.0;0.0;0.0;0.0;0.0
14620062001;1.0;3.0;2.0;1.0;5.0;1.0;2.0;0.0;6.0;7.0;2.0;4.0;5.0;3.0;8.0;0.0;6.0;0.0
14620070001;2.0;0.0;0.0;0.0;2.0;0.0;1.0;1.0;1.0;0.0;0.0;0.0;0.0;0.0;0.0;1.0;0.0;0.0
14620072001;0.0;0.0;1.0;0.0;0.0;1.0;0.0;1.0;0.0;0.0;0.0;0.0;0.0;0.0;0.0;0.0;0.0;0.0
14620081001;0.0;0.0;0.0;0.0;0.0;0.0;1.0;0.0;0.0;0.0;1.0;0.0;0.0;0.0;0.0;0.0;0.0;0.0
14620083001;0.0;0.0;0.0;0.0;0.0;1.0;1.0;0.0;1.0;0.0;0.0;0.0;0.0;1.0;0.0;0.0;0.0;0.0
14620084001;0.0;1.0;0.0;0.0;0.0;1.0;0.0;1.0;0.0;0.0;0.0;0.0;0.0;0.0;15.0;0.0;2.0;0.0
14620092001;0.0;0.0;0.0;1.0;1.0;0.0;0.0;2.0;0.0;0.0;1.0;1.0;1.0;0.0;2.0;0.0;1.0;0.0
14620103001;0.0;0.0;0.0;0.0;0.0;0.0;0.0;0.0;0.0;0.0;0.0;0.0;0.0;0.0;1.0;0.0;1.0;0.0
14620107001;0.0;0.0;0.0;0.0;0.0;1.0;0.0;0.0;4.0;0.0;1.0;0.0;0.0;0.0;1.0;0.0;0.0;0.0
14620110001;0.0;1.0;1.0;0.0;1.0;1.0;1.0;2.0;0.0;0.0;1.0;2.0;2.0;2.0;1.0;0.0;5.0;0.0
14620111001;0.0;0.0;3.0;0.0;0.0;1.0;0.0;1.0;0.0;0.0;1.0;0.0;1.0;1.0;1.0;0.0;3.0;0.0
14620112001;0.0;0.0;0.0;2.0;1.0;0.0;0.0;0.0;0.0;2.0;1.0;0.0;0.0;1.0;0.0;0.0;0.0;0.0
14620113001;0.0;2.0;1.0;0.0;0.0;0.0;0.0;0.0;0.0;0.0;0.0;0.0;0.0;0.0;0.0;0.0;0.0;0.0
14620114001;1.0;0.0;2.0;2.0;1.0;1.0;2.0;2.0;1.0;1.0;4.0;2.0;3.0;1.0;6.0;0.0;4.0;0.0
14620115001;1.0;0.0;0.0;0.0;0.0;0.0;0.0;0.0;1.0;0.0;0.0;0.0;0.0;0.0;0.0;0.0;0.0;0.0
14620119001;0.0;2.0;2.0;0.0;0.0;0.0;0.0;0.0;0.0;0.0;1.0;0.0;2.0;0.0;0.0;0.0;3.0;0.0
14620133001;0.0;0.0;3.0;0.0;1.0;1.0;1.0;1.0;0.0;3.0;0.0;0.0;0.0;0.0;0.0;0.0;1.0;0.0
14620138001;0.0;0.0;0.0;0.0;2.0;0.0;0.0;0.0;1.0;0.0;0.0;0.0;0.0;1.0;0.0;0.0;0.0;0.0
14620149001;0.0;2.0;1.0;0.0;1.0;0.0;0.0;0.0;0.0;1.0;0.0;0.0;0.0;0.0;0.0;1.0;0.0;0.0
14620158001;0.0;0.0;0.0;0.0;1.0;1.0;1.0;0.0;1.0;1.0;2.0;1.0;0.0;0.0;1.0;1.0;1.0;0.0
14620171001;0.0;0.0;0.0;1.0;0.0;0.0;0.0;1.0;0.0;0.0;1.0;0.0;0.0;0.0;0.0;0.0;0.0;0.0
14620178001;0.0;1.0;0.0;0.0;0.0;0.0;0.0;0.0;0.0;0.0;0.0;0.0;0.0;0.0;1.0;0.0;0.0;0.0
14620894001;0.0;3.0;4.0;0.0;1.0;2.0;2.0;3.0;2.0;1.0;4.0;5.0;0.0;0.0;2.0;1.0;2.0;0.0
14620907001;9.0;5.0;13.0;5.0;11.0;9.0;3.0;10.0;6.0;4.0;14.0;12.0;11.0;8.0;10.0;4.0;6.0;0.0
14620908001;0.0;3.0;1.0;7.0;3.0;3.0;0.0;1.0;1.0;2.0;2.0;5.0;0.0;0.0;1.0;0.0;5.0;0.0
14620909001;0.0;0.0;0.0;0.0;0.0;0.0;0.0;0.0;0.0;0.0;0.0;0.0;2.0;2.0;2.0;0.0;1.0;0.0
14620920001;1.0;0.0;1.0;0.0;0.0;1.0;0.0;0.0;1.0;0.0;1.0;0.0;0.0;0.0;1.0;0.0;0.0;0.0
14620922001;0.0;0.0;0.0;0.0;1.0;1.0;1.0;0.0;2.0;0.0;1.0;1.0;0.0;1.0;1.0;0.0;0.0;0.0
14620999001;2.0;0.0;3.0;1.0;0.0;1.0;2.0;2.0;5.0;1.0;4.0;1.0;0.0;1.0;0.0;2.0;1.0;0.0
14621005001;0.0;0.0;0.0;0.0;0.0;0.0;0.0;0.0;1.0;1.0;4.0;4.0;3.0;2.0;2.0;1.0;1.0;0.0
14621009001;1.0;0.0;2.0;0.0;1.0;3.0;0.0;1.0;0.0;0.0;1.0;0.0;1.0;1.0;2.0;0.0;0.0;0.0
14621012001;0.0;1.0;0.0;0.0;1.0;1.0;0.0;0.0;2.0;0.0;2.0;1.0;0.0;0.0;0.0;0.0;1.0;0.0
14621013001;2.0;1.0;1.0;0.0;0.0;0.0;0.0;1.0;0.0;1.0;0.0;0.0;1.0;3.0;1.0;0.0;2.0;0.0
14621021001;0.0;0.0;0.0;0.0;1.0;1.0;1.0;1.0;0.0;0.0;1.0;0.0;1.0;0.0;1.0;1.0;0.0;0.0
14621029001;3.0;0.0;4.0;2.0;5.0;0.0;1.0;5.0;2.0;1.0;3.0;1.0;0.0;4.0;2.0;0.0;3.0;0.0
14621034001;0.0;0.0;0.0;1.0;1.0;0.0;0.0;0.0;0.0;2.0;0.0;1.0;2.0;0.0;0.0;0.0;0.0;0.0
14621035001;0.0;1.0;1.0;0.0;0.0;0.0;0.0;0.0;0.0;0.0;0.0;0.0;0.0;0.0;0.0;0.0;0.0;0.0
14621041001;11.0;11.0;11.0;6.0;7.0;4.0;6.0;7.0;5.0;3.0;9.0;12.0;7.0;9.0;7.0;3.0;5.0;0.0
14621044001;1.0;0.0;0.0;0.0;0.0;0.0;0.0;0.0;0.0;0.0;0.0;0.0;0.0;0.0;0.0;0.0;0.0;0.0
14621045001;2.0;1.0;0.0;0.0;0.0;1.0;0.0;1.0;2.0;0.0;1.0;1.0;2.0;3.0;0.0;1.0;0.0;0.0
14621048001;0.0;1.0;3.0;5.0;1.0;0.0;0.0;0.0;1.0;0.0;0.0;0.0;1.0;1.0;1.0;0.0;0.0;0.0
14621058001;0.0;1.0;0.0;0.0;0.0;0.0;0.0;0.0;2.0;0.0;1.0;1.0;1.0;0.0;4.0;0.0;0.0;0.0
14621069001;3.0;1.0;2.0;3.0;9.0;6.0;0.0;5.0;8.0;6.0;7.0;7.0;6.0;3.0;29.0;3.0;10.0;0.0
14621070001;1.0;0.0;0.0;0.0;2.0;1.0;0.0;0.0;0.0;0.0;0.0;1.0;1.0;0.0;0.0;0.0;0.0;0.0
14621095001;1.0;0.0;1.0;0.0;1.0;0.0;1.0;0.0;1.0;0.0;2.0;1.0;0.0;0.0;0.0;0.0;1.0;0.0
14630050001;0.0;0.0;0.0;0.0;0.0;1.0;0.0;0.0;0.0;0.0;0.0;0.0;0.0;0.0;0.0;0.0;0.0;0.0
14630056001;0.0;1.0;1.0;0.0;0.0;0.0;0.0;1.0;0.0;0.0;0.0;0.0;1.0;3.0;0.0;0.0;1.0;0.0
14631013001;0.0;0.0;0.0;0.0;0.0;0.0;0.0;0.0;0.0;0.0;0.0;0.0;0.0;0.0;1.0;0.0;0.0;0.0
14631014001;1.0;0.0;0.0;0.0;0.0;0.0;0.0;0.0;1.0;0.0;0.0;0.0;0.0;0.0;0.0;0.0;0.0;0.0
14631018001;4.0;1.0;0.0;3.0;2.0;0.0;0.0;0.0;4.0;3.0;2.0;2.0;0.0;3.0;1.0;0.0;3.0;0.0
14631022001;0.0;0.0;0.0;0.0;0.0;1.0;0.0;0.0;1.0;0.0;0.0;0.0;0.0;0.0;0.0;0.0;0.0;0.0
14631028001;2.0;0.0;0.0;1.0;1.0;0.0;0.0;0.0;0.0;0.0;0.0;0.0;0.0;1.0;0.0;0.0;1.0;0.0
14631042001;0.0;0.0;0.0;0.0;0.0;0.0;0.0;1.0;0.0;0.0;0.0;0.0;0.0;0.0;0.0;0.0;0.0;0.0
14631043001;1.0;0.0;0.0;0.0;0.0;1.0;0.0;0.0;0.0;0.0;0.0;0.0;0.0;0.0;0.0;0.0;1.0;0.0
14631047001;0.0;1.0;1.0;0.0;0.0;0.0;2.0;0.0;1.0;2.0;0.0;0.0;1.0;0.0;1.0;0.0;0.0;0.0
14631064001;1.0;2.0;1.0;1.0;0.0;1.0;1.0;0.0;0.0;3.0;1.0;0.0;0.0;1.0;0.0;0.0;0.0;0.0
14631082001;0.0;0.0;0.0;0.0;1.0;0.0;0.0;0.0;0.0;0.0;0.0;0.0;0.0;0.0;0.0;0.0;0.0;0.0
14631100001;0.0;0.0;0.0;0.0;0.0;0.0;0.0;0.0;0.0;1.0;0.0;0.0;0.0;0.0;1.0;0.0;0.0;0.0
14631925001;0.0;0.0;0.0;1.0;1.0;1.0;0.0;0.0;0.0;0.0;0.0;0.0;1.0;0.0;0.0;0.0;0.0;0.0
14631948001;1.0;0.0;0.0;0.0;0.0;0.0;0.0;0.0;1.0;1.0;1.0;2.0;0.0;0.0;0.0;0.0;1.0;0.0
14632005001;0.0;2.0;2.0;0.0;0.0;3.0;0.0;1.0;2.0;1.0;1.0;0.0;1.0;2.0;1.0;0.0;0.0;0.0
14632009001;1.0;1.0;0.0;1.0;1.0;0.0;0.0;2.0;1.0;1.0;0.0;0.0;0.0;1.0;2.0;1.0;1.0;0.0
14632022001;3.0;0.0;0.0;0.0;0.0;0.0;0.0;0.0;0.0;1.0;1.0;1.0;0.0;1.0;1.0;0.0;1.0;0.0
14632030001;0.0;0.0;0.0;0.0;1.0;0.0;0.0;1.0;1.0;2.0;1.0;0.0;0.0;0.0;0.0;1.0;0.0;0.0
14632044001;1.0;0.0;0.0;2.0;1.0;1.0;0.0;0.0;0.0;0.0;0.0;0.0;1.0;0.0;0.0;0.0;0.0;0.0
14632058001;1.0;3.0;0.0;0.0;0.0;1.0;0.0;2.0;1.0;0.0;0.0;0.0;0.0;0.0;1.0;0.0;2.0;0.0
14632059001;0.0;0.0;2.0;0.0;0.0;0.0;0.0;0.0;1.0;0.0;1.0;0.0;1.0;0.0;0.0;0.0;0.0;0.0
14632067001;0.0;0.0;1.0;0.0;0.0;1.0;0.0;1.0;1.0;0.0;0.0;0.0;1.0;3.0;0.0;0.0;0.0;0.0
14632071001;0.0;0.0;0.0;0.0;0.0;0.0;0.0;0.0;0.0;1.0;0.0;0.0;0.0;1.0;0.0;0.0;0.0;0.0
14632103001;1.0;0.0;1.0;0.0;0.0;0.0;0.0;0.0;0.0;0.0;0.0;0.0;0.0;0.0;1.0;0.0;2.0;0.0
14632186001;0.0;0.0;0.0;0.0;0.0;0.0;0.0;0.0;1.0;0.0;0.0;0.0;1.0;0.0;0.0;0.0;0.0;0.0
14632194001;1.0;0.0;1.0;0.0;0.0;0.0;0.0;0.0;0.0;0.0;0.0;0.0;0.0;0.0;0.0;0.0;0.0;0.0
14632215001;1.0;1.0;0.0;0.0;0.0;0.0;0.0;0.0;0.0;0.0;0.0;0.0;0.0;0.0;0.0;0.0;0.0;0.0
14632223001;1.0;1.0;4.0;4.0;0.0;0.0;1.0;2.0;1.0;1.0;2.0;0.0;1.0;0.0;0.0;1.0;1.0;0.0
14632352001;0.0;1.0;1.0;0.0;0.0;1.0;1.0;1.0;2.0;0.0;1.0;2.0;0.0;0.0;0.0;0.0;0.0;0.0
14632449001;0.0;1.0;0.0;0.0;0.0;0.0;0.0;0.0;0.0;0.0;0.0;0.0;1.0;1.0;1.0;0.0;0.0;0.0
14632450001;0.0;0.0;0.0;0.0;1.0;0.0;0.0;0.0;0.0;0.0;0.0;0.0;0.0;0.0;1.0;0.0;0.0;0.0
14632482001;0.0;1.0;0.0;0.0;0.0;0.0;0.0;0.0;0.0;0.0;1.0;0.0;0.0;0.0;1.0;0.0;1.0;0.0
14633001001;1.0;0.0;1.0;0.0;1.0;1.0;1.0;0.0;1.0;1.0;3.0;0.0;1.0;2.0;2.0;0.0;0.0;0.0
14633039001;0.0;0.0;0.0;0.0;0.0;0.0;0.0;2.0;6.0;1.0;2.0;4.0;3.0;4.0;1.0;0.0;3.0;0.0
14633046001;0.0;1.0;0.0;0.0;1.0;0.0;0.0;0.0;1.0;1.0;0.0;0.0;0.0;0.0;0.0;0.0;0.0;0.0
14633896001;0.0;0.0;0.0;0.0;0.0;0.0;0.0;1.0;1.0;1.0;2.0;1.0;0.0;0.0;2.0;0.0;1.0;0.0
14633897001;1.0;0.0;1.0;0.0;1.0;1.0;1.0;1.0;1.0;0.0;0.0;1.0;0.0;0.0;0.0;0.0;1.0;0.0
14633900001;7.0;1.0;6.0;6.0;4.0;5.0;0.0;2.0;0.0;2.0;2.0;2.0;0.0;0.0;0.0;0.0;0.0;0.0
14633934001;2.0;0.0;0.0;0.0;0.0;1.0;1.0;0.0;2.0;1.0;0.0;1.0;1.0;1.0;1.0;0.0;2.0;0.0
14633935001;4.0;2.0;3.0;1.0;1.0;1.0;2.0;2.0;1.0;0.0;0.0;2.0;2.0;2.0;2.0;0.0;2.0;0.0
14633936001;1.0;0.0;0.0;1.0;0.0;0.0;0.0;1.0;0.0;1.0;0.0;1.0;1.0;0.0;1.0;1.0;1.0;0.0
14633937001;0.0;1.0;0.0;1.0;0.0;0.0;0.0;1.0;0.0;0.0;1.0;0.0;0.0;1.0;1.0;1.0;0.0;0.0
14633938001;0.0;0.0;0.0;0.0;0.0;0.0;0.0;0.0;0.0;0.0;0.0;0.0;0.0;0.0;0.0;1.0;0.0;0.0
14634023001;1.0;0.0;0.0;0.0;0.0;0.0;0.0;0.0;0.0;0.0;0.0;0.0;0.0;0.0;0.0;0.0;0.0;0.0
14634027001;0.0;1.0;0.0;1.0;1.0;0.0;0.0;0.0;2.0;2.0;0.0;1.0;0.0;0.0;0.0;0.0;0.0;0.0
14634047001;0.0;1.0;0.0;0.0;0.0;0.0;0.0;0.0;0.0;0.0;0.0;0.0;0.0;0.0;0.0;0.0;0.0;0.0
14700007001;0.0;0.0;0.0;0.0;1.0;1.0;0.0;0.0;1.0;0.0;2.0;0.0;0.0;1.0;0.0;0.0;0.0;0.0
14700008001;0.0;1.0;1.0;0.0;0.0;1.0;0.0;0.0;0.0;0.0;0.0;2.0;0.0;0.0;0.0;0.0;0.0;0.0
14700026001;2.0;2.0;1.0;3.0;2.0;1.0;2.0;1.0;0.0;3.0;2.0;4.0;0.0;0.0;2.0;2.0;1.0;0.0
14700035001;0.0;0.0;0.0;0.0;0.0;0.0;0.0;0.0;0.0;0.0;0.0;1.0;0.0;0.0;0.0;0.0;0.0;0.0
14700036001;0.0;0.0;0.0;0.0;0.0;0.0;0.0;0.0;1.0;0.0;0.0;0.0;1.0;0.0;0.0;0.0;0.0;0.0
14700037001;0.0;0.0;0.0;1.0;0.0;0.0;0.0;0.0;0.0;0.0;0.0;0.0;0.0;0.0;1.0;0.0;1.0;0.0
14700077001;0.0;0.0;0.0;0.0;0.0;0.0;2.0;1.0;0.0;0.0;0.0;0.0;0.0;0.0;0.0;0.0;1.0;0.0
14700078001;1.0;3.0;1.0;1.0;0.0;1.0;0.0;1.0;2.0;4.0;0.0;1.0;0.0;0.0;1.0;1.0;2.0;0.0
14701008002;2.0;0.0;0.0;0.0;0.0;1.0;1.0;0.0;0.0;0.0;1.0;1.0;1.0;1.0;0.0;0.0;1.0;0.0
14701012001;0.0;0.0;0.0;0.0;0.0;0.0;0.0;0.0;0.0;1.0;0.0;0.0;0.0;1.0;0.0;0.0;1.0;0.0
14701022001;0.0;0.0;0.0;0.0;0.0;0.0;0.0;0.0;0.0;0.0;0.0;1.0;1.0;0.0;0.0;0.0;0.0;0.0
14710006001;0.0;0.0;0.0;0.0;0.0;0.0;0.0;0.0;0.0;0.0;0.0;0.0;0.0;1.0;0.0;0.0;0.0;0.0
14710007001;2.0;0.0;0.0;0.0;2.0;0.0;0.0;0.0;0.0;0.0;0.0;1.0;1.0;1.0;0.0;0.0;0.0;0.0
14711001001;0.0;0.0;1.0;0.0;0.0;0.0;0.0;0.0;0.0;0.0;0.0;0.0;0.0;0.0;0.0;0.0;0.0;0.0
14711008001;1.0;1.0;0.0;0.0;0.0;0.0;0.0;0.0;0.0;0.0;1.0;0.0;0.0;1.0;0.0;0.0;0.0;0.0
14711014001;2.0;0.0;0.0;1.0;0.0;0.0;0.0;0.0;1.0;0.0;1.0;1.0;1.0;0.0;0.0;0.0;0.0;0.0
14720022001;3.0;0.0;0.0;0.0;0.0;0.0;0.0;0.0;0.0;0.0;0.0;0.0;1.0;0.0;0.0;0.0;0.0;0.0
14720029001;1.0;0.0;1.0;0.0;0.0;0.0;0.0;0.0;0.0;0.0;0.0;0.0;1.0;1.0;0.0;1.0;0.0;0.0
14721003001;0.0;1.0;0.0;0.0;1.0;0.0;0.0;0.0;0.0;0.0;1.0;1.0;1.0;1.0;0.0;0.0;0.0;0.0
14721943001;1.0;1.0;0.0;0.0;0.0;0.0;0.0;0.0;0.0;0.0;0.0;0.0;0.0;0.0;1.0;1.0;0.0;0.0
14721944001;1.0;1.0;0.0;0.0;0.0;0.0;0.0;0.0;0.0;1.0;0.0;1.0;0.0;0.0;0.0;0.0;0.0;0.0
14730041001;2.0;0.0;1.0;0.0;1.0;0.0;0.0;0.0;0.0;0.0;1.0;0.0;0.0;0.0;0.0;0.0;0.0;0.0
14730898001;1.0;0.0;1.0;1.0;0.0;0.0;0.0;0.0;0.0;0.0;0.0;0.0;0.0;0.0;0.0;0.0;0.0;0.0
14730900001;1.0;0.0;0.0;0.0;1.0;0.0;0.0;0.0;1.0;0.0;1.0;0.0;0.0;1.0;0.0;0.0;0.0;0.0
14731905001;0.0;1.0;0.0;2.0;0.0;0.0;0.0;1.0;2.0;0.0;1.0;0.0;0.0;0.0;0.0;1.0;0.0;0.0
14740003001;0.0;0.0;0.0;0.0;0.0;0.0;0.0;0.0;0.0;0.0;0.0;0.0;0.0;1.0;0.0;0.0;0.0;0.0
14740006001;0.0;1.0;1.0;2.0;1.0;0.0;0.0;1.0;1.0;0.0;0.0;0.0;0.0;1.0;0.0;0.0;2.0;0.0
14740013001;0.0;1.0;0.0;0.0;0.0;0.0;1.0;0.0;0.0;0.0;0.0;0.0;0.0;0.0;0.0;0.0;0.0;0.0
14740016001;0.0;0.0;0.0;0.0;0.0;0.0;0.0;0.0;0.0;0.0;0.0;0.0;0.0;0.0;1.0;0.0;1.0;0.0
14740017001;0.0;0.0;0.0;0.0;0.0;0.0;0.0;0.0;0.0;0.0;1.0;1.0;1.0;2.0;0.0;0.0;0.0;0.0
14740018001;0.0;0.0;0.0;0.0;0.0;0.0;0.0;0.0;0.0;0.0;0.0;0.0;0.0;0.0;1.0;0.0;1.0;0.0
14740024001;0.0;0.0;0.0;0.0;0.0;0.0;0.0;1.0;1.0;2.0;0.0;1.0;1.0;3.0;0.0;1.0;1.0;0.0
14740035001;0.0;0.0;0.0;0.0;0.0;0.0;0.0;1.0;0.0;0.0;0.0;0.0;0.0;0.0;0.0;0.0;0.0;0.0
14740036001;0.0;1.0;0.0;0.0;1.0;0.0;1.0;0.0;1.0;1.0;1.0;0.0;0.0;0.0;0.0;0.0;2.0;0.0
14740037001;1.0;1.0;0.0;2.0;0.0;0.0;0.0;0.0;0.0;3.0;0.0;1.0;0.0;0.0;0.0;0.0;0.0;0.0
14740038001;0.0;0.0;0.0;2.0;0.0;1.0;2.0;1.0;1.0;0.0;0.0;0.0;0.0;0.0;1.0;1.0;1.0;0.0
14740050001;1.0;0.0;1.0;0.0;0.0;0.0;0.0;1.0;0.0;0.0;1.0;0.0;0.0;0.0;0.0;0.0;0.0;0.0
14740061001;0.0;0.0;1.0;0.0;1.0;0.0;0.0;0.0;0.0;1.0;0.0;1.0;0.0;0.0;1.0;0.0;1.0;0.0
14740074001;0.0;0.0;0.0;0.0;0.0;0.0;0.0;0.0;0.0;1.0;1.0;1.0;0.0;1.0;0.0;0.0;0.0;0.0
14741003001;2.0;0.0;1.0;0.0;0.0;0.0;0.0;0.0;0.0;0.0;0.0;0.0;0.0;0.0;1.0;0.0;0.0;0.0
14741008001;0.0;0.0;0.0;0.0;0.0;0.0;0.0;0.0;0.0;0.0;0.0;1.0;0.0;1.0;0.0;0.0;0.0;0.0
14741009001;1.0;0.0;0.0;0.0;0.0;0.0;0.0;0.0;1.0;0.0;0.0;1.0;0.0;0.0;1.0;0.0;0.0;0.0
14741010001;0.0;1.0;1.0;0.0;1.0;0.0;0.0;0.0;1.0;0.0;1.0;0.0;0.0;1.0;0.0;0.0;0.0;0.0
14741015001;1.0;0.0;0.0;0.0;0.0;0.0;0.0;0.0;0.0;0.0;0.0;0.0;0.0;1.0;0.0;0.0;0.0;0.0
14741017001;0.0;1.0;0.0;0.0;2.0;0.0;2.0;1.0;0.0;0.0;0.0;0.0;4.0;2.0;0.0;0.0;0.0;0.0
14741026001;0.0;0.0;0.0;1.0;0.0;0.0;1.0;0.0;1.0;0.0;0.0;0.0;0.0;0.0;0.0;0.0;0.0;0.0
14741028001;1.0;0.0;0.0;0.0;0.0;0.0;0.0;0.0;0.0;0.0;0.0;1.0;0.0;0.0;0.0;0.0;0.0;0.0
14742018001;0.0;0.0;0.0;0.0;1.0;0.0;0.0;2.0;1.0;0.0;0.0;0.0;0.0;0.0;0.0;0.0;0.0;0.0
14742048001;0.0;0.0;1.0;0.0;0.0;0.0;0.0;0.0;1.0;0.0;0.0;0.0;0.0;0.0;0.0;0.0;0.0;0.0
14801002001;6.0;7.0;7.0;3.0;9.0;10.0;7.0;11.0;9.0;5.0;14.0;15.0;16.0;5.0;4.0;3.0;9.0;0.0
14801003001;0.0;1.0;2.0;2.0;0.0;0.0;1.0;1.0;0.0;1.0;1.0;2.0;1.0;1.0;2.0;0.0;1.0;0.0
14801012001;0.0;0.0;0.0;0.0;0.0;0.0;0.0;0.0;0.0;0.0;0.0;0.0;0.0;1.0;0.0;0.0;0.0;0.0
14801020001;0.0;0.0;0.0;0.0;0.0;0.0;0.0;1.0;0.0;0.0;0.0;0.0;0.0;1.0;1.0;0.0;0.0;0.0
14802005001;1.0;0.0;0.0;0.0;0.0;0.0;0.0;0.0;0.0;0.0;2.0;0.0;0.0;1.0;1.0;0.0;0.0;0.0
14802010001;0.0;0.0;1.0;0.0;0.0;0.0;0.0;0.0;1.0;0.0;0.0;0.0;0.0;0.0;0.0;0.0;0.0;0.0
14804001001;0.0;1.0;2.0;0.0;4.0;2.0;0.0;1.0;0.0;3.0;5.0;7.0;1.0;1.0;1.0;3.0;7.0;0.0
14804002001;4.0;8.0;3.0;8.0;3.0;4.0;4.0;6.0;4.0;2.0;10.0;5.0;11.0;3.0;6.0;6.0;9.0;0.0
14804004001;3.0;3.0;2.0;5.0;5.0;0.0;3.0;7.0;5.0;7.0;5.0;8.0;4.0;11.0;12.0;9.0;15.0;0.0
14804005001;3.0;3.0;1.0;3.0;4.0;1.0;3.0;3.0;5.0;2.0;6.0;7.0;3.0;1.0;10.0;2.0;2.0;0.0
14804007001;24.0;23.0;27.0;33.0;46.0;37.0;30.0;53.0;65.0;65.0;41.0;40.0;45.0;57.0;65.0;18.0;53.0;0.0
14804010001;2.0;6.0;5.0;7.0;3.0;3.0;9.0;5.0;14.0;8.0;8.0;12.0;2.0;8.0;10.0;2.0;4.0;0.0
14804012001;4.0;4.0;12.0;8.0;17.0;4.0;5.0;7.0;7.0;5.0;12.0;11.0;2.0;5.0;11.0;6.0;9.0;0.0
14804013001;2.0;0.0;0.0;0.0;0.0;0.0;0.0;0.0;0.0;0.0;3.0;0.0;0.0;0.0;1.0;0.0;1.0;0.0
14804014001;1.0;1.0;1.0;0.0;1.0;0.0;0.0;0.0;1.0;1.0;4.0;2.0;3.0;0.0;1.0;2.0;0.0;0.0
14804016001;0.0;0.0;0.0;0.0;1.0;0.0;2.0;0.0;1.0;3.0;4.0;1.0;1.0;2.0;3.0;0.0;3.0;0.0
14805001001;1.0;0.0;2.0;1.0;0.0;1.0;0.0;1.0;0.0;1.0;1.0;0.0;0.0;0.0;2.0;0.0;0.0;0.0
14805002001;0.0;1.0;0.0;1.0;0.0;1.0;0.0;0.0;0.0;1.0;1.0;0.0;0.0;0.0;0.0;2.0;0.0;0.0
14805004001;5.0;3.0;5.0;3.0;4.0;2.0;2.0;5.0;7.0;3.0;6.0;5.0;3.0;7.0;6.0;8.0;11.0;0.0
14805005001;1.0;3.0;4.0;3.0;1.0;0.0;4.0;2.0;1.0;6.0;1.0;7.0;1.0;3.0;4.0;1.0;5.0;0.0
14805010001;2.0;1.0;0.0;1.0;2.0;0.0;0.0;1.0;1.0;2.0;2.0;3.0;2.0;4.0;2.0;0.0;1.0;0.0
14805012001;32.0;25.0;42.0;41.0;32.0;34.0;33.0;66.0;67.0;57.0;77.0;63.0;66.0;69.0;81.0;25.0;58.0;0.0
14805013001;17.0;13.0;24.0;13.0;21.0;14.0;11.0;3.0;12.0;6.0;20.0;21.0;10.0;21.0;30.0;9.0;21.0;0.0
14805016001;7.0;5.0;7.0;4.0;15.0;6.0;6.0;8.0;11.0;13.0;9.0;13.0;15.0;10.0;15.0;10.0;13.0;0.0
14805017001;3.0;1.0;2.0;2.0;2.0;0.0;1.0;2.0;2.0;0.0;3.0;8.0;1.0;4.0;6.0;4.0;3.0;0.0
14805023001;0.0;1.0;1.0;0.0;1.0;0.0;0.0;0.0;1.0;2.0;0.0;2.0;0.0;2.0;2.0;0.0;1.0;0.0
14805028001;1.0;2.0;3.0;3.0;1.0;1.0;4.0;3.0;2.0;4.0;6.0;3.0;0.0;1.0;3.0;2.0;4.0;0.0
14805056001;1.0;0.0;0.0;1.0;2.0;0.0;2.0;0.0;1.0;0.0;0.0;3.0;0.0;1.0;2.0;2.0;4.0;0.0
14805059001;2.0;1.0;2.0;1.0;1.0;0.0;1.0;0.0;1.0;0.0;0.0;3.0;0.0;0.0;1.0;0.0;1.0;0.0
14805063001;0.0;0.0;1.0;0.0;1.0;0.0;2.0;0.0;0.0;0.0;0.0;0.0;0.0;0.0;0.0;0.0;0.0;0.0
14805066001;0.0;0.0;1.0;0.0;0.0;0.0;0.0;0.0;0.0;0.0;0.0;2.0;0.0;0.0;0.0;0.0;1.0;0.0
14805899001;0.0;1.0;1.0;1.0;2.0;1.0;0.0;2.0;1.0;1.0;2.0;4.0;3.0;2.0;3.0;1.0;5.0;0.0
14810001001;5.0;4.0;7.0;4.0;10.0;5.0;8.0;8.0;4.0;8.0;9.0;13.0;17.0;11.0;6.0;5.0;17.0;0.0
14810002001;4.0;1.0;3.0;1.0;0.0;0.0;2.0;2.0;1.0;2.0;1.0;1.0;2.0;1.0;0.0;0.0;0.0;0.0
14810004001;16.0;5.0;6.0;5.0;11.0;6.0;7.0;9.0;5.0;3.0;10.0;6.0;14.0;8.0;8.0;0.0;1.0;0.0
14810005001;1.0;1.0;0.0;2.0;0.0;2.0;0.0;2.0;1.0;1.0;2.0;3.0;3.0;5.0;4.0;1.0;3.0;0.0
14810006001;20.0;14.0;14.0;27.0;11.0;3.0;11.0;14.0;13.0;17.0;23.0;31.0;18.0;21.0;29.0;10.0;27.0;0.0
14810012001;1.0;2.0;7.0;4.0;2.0;2.0;6.0;9.0;7.0;5.0;7.0;4.0;6.0;0.0;0.0;0.0;5.0;0.0
14810013001;4.0;2.0;3.0;3.0;0.0;1.0;2.0;1.0;2.0;2.0;3.0;2.0;5.0;5.0;6.0;4.0;4.0;0.0
14810016001;21.0;15.0;19.0;9.0;13.0;10.0;18.0;14.0;17.0;14.0;22.0;17.0;23.0;17.0;47.0;9.0;9.0;0.0
14810017001;1.0;2.0;1.0;2.0;3.0;3.0;0.0;2.0;2.0;3.0;1.0;4.0;3.0;0.0;6.0;3.0;1.0;0.0
14810018001;1.0;0.0;0.0;1.0;1.0;1.0;0.0;0.0;1.0;0.0;0.0;0.0;1.0;0.0;1.0;0.0;0.0;0.0
14810023001;1.0;0.0;0.0;1.0;0.0;0.0;0.0;1.0;0.0;0.0;1.0;1.0;1.0;0.0;0.0;1.0;1.0;0.0
14810025001;0.0;0.0;0.0;0.0;0.0;0.0;0.0;0.0;0.0;0.0;1.0;1.0;1.0;0.0;3.0;0.0;0.0;0.0
14810030001;0.0;1.0;0.0;2.0;1.0;1.0;0.0;0.0;1.0;2.0;1.0;0.0;1.0;0.0;3.0;0.0;1.0;0.0
14810031001;0.0;0.0;0.0;0.0;0.0;0.0;0.0;0.0;0.0;0.0;0.0;0.0;1.0;0.0;0.0;0.0;4.0;0.0
14811004001;2.0;2.0;2.0;2.0;4.0;1.0;0.0;3.0;2.0;0.0;2.0;3.0;2.0;0.0;0.0;0.0;2.0;0.0
14811006001;2.0;1.0;2.0;1.0;0.0;0.0;1.0;1.0;0.0;1.0;0.0;0.0;0.0;0.0;2.0;1.0;1.0;0.0
14811007001;1.0;1.0;1.0;0.0;1.0;2.0;4.0;0.0;1.0;2.0;5.0;5.0;10.0;12.0;7.0;1.0;6.0;0.0
14820001001;2.0;0.0;1.0;1.0;0.0;0.0;2.0;0.0;1.0;2.0;2.0;1.0;1.0;2.0;1.0;0.0;0.0;0.0
14820004001;0.0;0.0;0.0;0.0;0.0;0.0;0.0;0.0;0.0;0.0;1.0;1.0;0.0;0.0;2.0;0.0;0.0;0.0
14820008001;1.0;3.0;5.0;2.0;9.0;5.0;6.0;6.0;2.0;8.0;11.0;23.0;19.0;9.0;13.0;10.0;24.0;0.0
14820009001;0.0;0.0;0.0;0.0;0.0;1.0;0.0;0.0;0.0;0.0;0.0;0.0;0.0;0.0;0.0;1.0;1.0;0.0
14820012001;17.0;15.0;14.0;11.0;15.0;11.0;5.0;14.0;20.0;15.0;20.0;19.0;26.0;18.0;31.0;11.0;21.0;0.0
14820013001;10.0;7.0;7.0;9.0;9.0;13.0;5.0;10.0;17.0;15.0;13.0;15.0;17.0;12.0;16.0;12.0;15.0;0.0
14820014001;10.0;7.0;9.0;11.0;12.0;6.0;3.0;7.0;12.0;7.0;16.0;12.0;20.0;16.0;14.0;7.0;21.0;0.0
14820015001;2.0;0.0;1.0;0.0;0.0;0.0;0.0;0.0;0.0;0.0;0.0;3.0;1.0;1.0;0.0;1.0;0.0;0.0
14820017001;3.0;2.0;8.0;3.0;1.0;3.0;2.0;3.0;4.0;3.0;7.0;5.0;4.0;2.0;5.0;4.0;5.0;0.0
14820023001;0.0;1.0;0.0;0.0;0.0;0.0;0.0;0.0;0.0;1.0;0.0;2.0;3.0;4.0;1.0;1.0;1.0;0.0
14820028001;3.0;10.0;18.0;10.0;6.0;16.0;3.0;8.0;14.0;7.0;18.0;11.0;5.0;5.0;17.0;11.0;20.0;0.0
14820029001;1.0;1.0;1.0;1.0;0.0;0.0;2.0;0.0;1.0;1.0;2.0;2.0;3.0;2.0;1.0;3.0;2.0;0.0
14820035001;1.0;1.0;0.0;0.0;0.0;0.0;0.0;0.0;0.0;0.0;0.0;3.0;0.0;1.0;0.0;1.0;0.0;0.0
14820045001;9.0;4.0;11.0;11.0;6.0;9.0;8.0;3.0;8.0;6.0;9.0;11.0;17.0;8.0;13.0;5.0;28.0;0.0
14821001001;0.0;0.0;1.0;1.0;1.0;0.0;0.0;1.0;1.0;1.0;0.0;1.0;0.0;1.0;1.0;0.0;1.0;0.0
14821003001;23.0;20.0;27.0;26.0;22.0;22.0;14.0;25.0;29.0;18.0;32.0;24.0;33.0;26.0;37.0;18.0;45.0;0.0
14821006001;1.0;0.0;0.0;1.0;1.0;1.0;1.0;1.0;0.0;2.0;3.0;1.0;0.0;3.0;0.0;0.0;1.0;0.0
14821011001;1.0;0.0;1.0;1.0;1.0;0.0;0.0;0.0;0.0;0.0;0.0;0.0;1.0;0.0;0.0;0.0;0.0;0.0
14822008001;2.0;0.0;1.0;1.0;3.0;4.0;0.0;0.0;1.0;1.0;2.0;2.0;1.0;0.0;1.0;0.0;2.0;0.0
14822009001;2.0;0.0;0.0;0.0;0.0;1.0;0.0;1.0;1.0;1.0;2.0;0.0;0.0;0.0;0.0;0.0;2.0;0.0
14822010001;0.0;0.0;1.0;0.0;0.0;1.0;0.0;1.0;0.0;1.0;2.0;1.0;0.0;0.0;1.0;0.0;1.0;0.0
14822014001;8.0;4.0;10.0;7.0;5.0;8.0;3.0;7.0;6.0;2.0;9.0;12.0;6.0;12.0;12.0;3.0;6.0;0.0
14822017001;0.0;2.0;0.0;1.0;0.0;0.0;1.0;1.0;1.0;0.0;1.0;0.0;0.0;0.0;1.0;0.0;1.0;0.0
14822018001;1.0;0.0;2.0;1.0;0.0;1.0;0.0;0.0;0.0;1.0;0.0;2.0;0.0;0.0;0.0;0.0;0.0;0.0
14822021001;1.0;2.0;0.0;0.0;0.0;0.0;0.0;0.0;0.0;0.0;0.0;0.0;0.0;0.0;1.0;0.0;1.0;0.0
14822024001;0.0;0.0;1.0;0.0;0.0;1.0;0.0;0.0;0.0;0.0;1.0;0.0;0.0;0.0;0.0;0.0;0.0;0.0
14822025001;0.0;0.0;0.0;0.0;0.0;1.0;0.0;1.0;0.0;2.0;1.0;0.0;0.0;0.0;1.0;1.0;0.0;0.0
14822026001;0.0;0.0;0.0;0.0;0.0;1.0;0.0;1.0;0.0;0.0;1.0;3.0;2.0;0.0;1.0;0.0;0.0;0.0
14822037001;0.0;0.0;1.0;0.0;0.0;0.0;0.0;0.0;0.0;0.0;0.0;1.0;0.0;0.0;0.0;1.0;0.0;0.0
14822044001;1.0;0.0;0.0;0.0;0.0;0.0;0.0;1.0;0.0;0.0;0.0;0.0;0.0;1.0;0.0;0.0;0.0;0.0
14822046001;3.0;2.0;2.0;0.0;2.0;1.0;2.0;2.0;2.0;0.0;1.0;8.0;1.0;2.0;4.0;0.0;3.0;0.0
14822049001;1.0;1.0;2.0;2.0;0.0;0.0;0.0;1.0;3.0;0.0;0.0;3.0;2.0;1.0;5.0;2.0;3.0;0.0
14822050001;2.0;1.0;1.0;0.0;1.0;0.0;0.0;0.0;2.0;0.0;1.0;1.0;2.0;0.0;0.0;0.0;0.0;0.0
14822053001;3.0;0.0;0.0;0.0;0.0;0.0;0.0;0.0;0.0;0.0;0.0;0.0;0.0;0.0;0.0;0.0;0.0;0.0
14822062001;1.0;0.0;2.0;0.0;0.0;1.0;0.0;1.0;0.0;1.0;0.0;1.0;0.0;0.0;1.0;1.0;0.0;0.0
14822063001;0.0;0.0;2.0;1.0;2.0;1.0;2.0;2.0;0.0;0.0;4.0;1.0;1.0;1.0;2.0;1.0;1.0;0.0
14822095001;0.0;0.0;0.0;0.0;0.0;0.0;0.0;0.0;0.0;0.0;0.0;0.0;0.0;0.0;0.0;0.0;1.0;0.0
14822112001;0.0;0.0;0.0;0.0;1.0;2.0;0.0;1.0;3.0;2.0;1.0;3.0;1.0;1.0;2.0;1.0;3.0;0.0
14822115001;0.0;0.0;0.0;0.0;2.0;0.0;1.0;0.0;0.0;0.0;0.0;1.0;0.0;1.0;0.0;0.0;0.0;0.0
14822899001;2.0;1.0;0.0;0.0;0.0;0.0;0.0;0.0;0.0;0.0;0.0;0.0;0.0;0.0;0.0;0.0;1.0;0.0
14822925001;0.0;0.0;0.0;0.0;0.0;1.0;0.0;0.0;0.0;1.0;0.0;1.0;1.0;2.0;0.0;0.0;0.0;0.0
14822926001;1.0;0.0;0.0;0.0;1.0;0.0;0.0;0.0;0.0;0.0;0.0;1.0;0.0;0.0;0.0;2.0;0.0;0.0
14822965001;3.0;0.0;0.0;0.0;2.0;0.0;0.0;0.0;0.0;0.0;1.0;1.0;1.0;1.0;0.0;1.0;0.0;0.0
14830001001;4.0;0.0;3.0;1.0;2.0;1.0;0.0;5.0;1.0;3.0;2.0;5.0;2.0;5.0;4.0;3.0;2.0;0.0
14830002001;2.0;5.0;7.0;3.0;4.0;2.0;1.0;2.0;1.0;0.0;2.0;3.0;5.0;3.0;5.0;4.0;2.0;0.0
14830005001;1.0;1.0;2.0;1.0;4.0;1.0;1.0;5.0;3.0;0.0;2.0;4.0;5.0;5.0;4.0;3.0;2.0;0.0
14830009001;7.0;13.0;13.0;10.0;10.0;6.0;8.0;3.0;6.0;2.0;7.0;15.0;5.0;7.0;6.0;5.0;12.0;0.0
14830010001;1.0;0.0;0.0;0.0;9.0;2.0;3.0;0.0;13.0;27.0;42.0;49.0;38.0;28.0;44.0;7.0;16.0;0.0
14830011001;1.0;1.0;2.0;1.0;4.0;1.0;1.0;2.0;3.0;0.0;3.0;2.0;1.0;4.0;3.0;1.0;2.0;0.0
14830012001;0.0;0.0;0.0;0.0;0.0;0.0;0.0;0.0;0.0;0.0;0.0;0.0;0.0;1.0;3.0;1.0;1.0;0.0
14830013001;0.0;0.0;0.0;0.0;1.0;0.0;0.0;0.0;0.0;0.0;1.0;1.0;0.0;1.0;0.0;0.0;0.0;0.0
14830017001;1.0;1.0;3.0;1.0;1.0;0.0;0.0;0.0;1.0;0.0;0.0;0.0;0.0;0.0;0.0;0.0;0.0;0.0
14830018001;1.0;0.0;0.0;0.0;0.0;0.0;0.0;0.0;0.0;0.0;0.0;0.0;1.0;0.0;0.0;0.0;0.0;0.0
14830026001;3.0;1.0;2.0;4.0;1.0;0.0;1.0;1.0;0.0;0.0;2.0;1.0;3.0;2.0;3.0;1.0;2.0;0.0
14830029001;1.0;0.0;0.0;0.0;1.0;0.0;1.0;1.0;4.0;1.0;1.0;3.0;5.0;5.0;6.0;0.0;5.0;0.0
14830039001;1.0;0.0;3.0;0.0;0.0;0.0;0.0;0.0;0.0;0.0;0.0;0.0;0.0;0.0;0.0;0.0;0.0;0.0
14830045001;0.0;1.0;3.0;1.0;1.0;4.0;2.0;2.0;5.0;3.0;1.0;1.0;3.0;0.0;4.0;3.0;2.0;0.0
14830048001;0.0;0.0;0.0;1.0;0.0;2.0;1.0;1.0;1.0;0.0;0.0;0.0;2.0;0.0;1.0;0.0;0.0;0.0
14830063001;0.0;0.0;1.0;0.0;1.0;2.0;0.0;1.0;0.0;0.0;0.0;1.0;1.0;0.0;0.0;0.0;0.0;0.0
14830069001;10.0;5.0;8.0;12.0;10.0;9.0;5.0;5.0;6.0;6.0;17.0;9.0;8.0;8.0;7.0;4.0;11.0;0.0
14830072001;1.0;2.0;2.0;1.0;5.0;1.0;1.0;2.0;5.0;0.0;2.0;3.0;1.0;1.0;2.0;0.0;1.0;0.0
14830073001;0.0;2.0;2.0;2.0;2.0;3.0;0.0;1.0;3.0;0.0;3.0;4.0;1.0;2.0;2.0;1.0;3.0;0.0
14831002001;3.0;4.0;6.0;7.0;5.0;8.0;4.0;3.0;9.0;10.0;12.0;14.0;15.0;11.0;9.0;5.0;10.0;0.0
14831005001;1.0;0.0;2.0;0.0;0.0;1.0;0.0;0.0;0.0;0.0;0.0;0.0;0.0;0.0;0.0;0.0;0.0;0.0
14831007001;34.0;24.0;40.0;30.0;21.0;28.0;18.0;28.0;32.0;32.0;28.0;42.0;30.0;17.0;32.0;12.0;33.0;0.0
14831008001;4.0;0.0;5.0;1.0;3.0;2.0;1.0;0.0;5.0;0.0;0.0;2.0;0.0;0.0;2.0;1.0;0.0;0.0
14831009001;8.0;1.0;3.0;2.0;0.0;0.0;1.0;2.0;3.0;0.0;4.0;9.0;6.0;4.0;3.0;0.0;1.0;0.0
14831011001;0.0;0.0;4.0;2.0;5.0;3.0;4.0;4.0;8.0;9.0;3.0;9.0;8.0;2.0;12.0;7.0;6.0;0.0
14831013001;1.0;0.0;1.0;1.0;1.0;2.0;0.0;1.0;6.0;7.0;9.0;6.0;7.0;6.0;5.0;2.0;4.0;0.0
14831020001;10.0;5.0;7.0;4.0;12.0;8.0;4.0;5.0;12.0;10.0;10.0;13.0;6.0;16.0;10.0;10.0;12.0;0.0
14831021001;4.0;3.0;4.0;5.0;6.0;7.0;2.0;6.0;4.0;6.0;8.0;16.0;6.0;10.0;15.0;6.0;10.0;0.0
14831022001;5.0;6.0;5.0;7.0;6.0;5.0;2.0;3.0;2.0;2.0;7.0;7.0;6.0;3.0;7.0;1.0;6.0;0.0
14831027001;0.0;0.0;0.0;0.0;1.0;1.0;0.0;0.0;1.0;0.0;0.0;0.0;0.0;0.0;2.0;0.0;1.0;0.0
14832003001;1.0;0.0;3.0;1.0;1.0;0.0;1.0;0.0;1.0;1.0;0.0;0.0;0.0;0.0;0.0;0.0;0.0;0.0
14832005001;1.0;0.0;0.0;0.0;1.0;0.0;0.0;1.0;0.0;0.0;0.0;2.0;1.0;1.0;0.0;3.0;1.0;0.0
14832009001;0.0;0.0;0.0;0.0;0.0;0.0;0.0;0.0;0.0;0.0;0.0;1.0;0.0;0.0;0.0;0.0;0.0;0.0
14832012001;1.0;0.0;2.0;6.0;4.0;1.0;0.0;1.0;11.0;3.0;8.0;6.0;6.0;6.0;9.0;1.0;9.0;0.0
14832018001;9.0;6.0;12.0;11.0;10.0;10.0;4.0;8.0;14.0;9.0;17.0;24.0;10.0;13.0;17.0;5.0;15.0;0.0
14832021001;20.0;13.0;18.0;19.0;27.0;25.0;14.0;21.0;33.0;30.0;23.0;33.0;35.0;22.0;34.0;14.0;37.0;0.0
14832024001;0.0;0.0;0.0;0.0;0.0;0.0;0.0;0.0;0.0;0.0;0.0;0.0;1.0;0.0;0.0;0.0;1.0;0.0
14832037001;0.0;0.0;0.0;0.0;0.0;1.0;0.0;1.0;0.0;1.0;0.0;1.0;2.0;0.0;1.0;0.0;3.0;0.0
14832043001;0.0;0.0;0.0;0.0;0.0;0.0;0.0;1.0;1.0;1.0;0.0;2.0;0.0;1.0;0.0;0.0;0.0;0.0
14832052001;2.0;1.0;1.0;1.0;0.0;1.0;2.0;0.0;3.0;1.0;4.0;4.0;3.0;4.0;3.0;1.0;2.0;0.0
14832054001;0.0;2.0;1.0;2.0;0.0;0.0;2.0;0.0;4.0;1.0;2.0;4.0;4.0;1.0;2.0;0.0;0.0;0.0
14832057001;0.0;0.0;0.0;0.0;0.0;0.0;0.0;2.0;1.0;1.0;1.0;2.0;2.0;1.0;2.0;1.0;2.0;0.0
14832909001;0.0;0.0;0.0;0.0;0.0;0.0;0.0;1.0;0.0;1.0;1.0;0.0;1.0;0.0;0.0;0.0;1.0;0.0
14833003001;1.0;2.0;1.0;0.0;4.0;3.0;0.0;2.0;2.0;2.0;1.0;8.0;4.0;4.0;3.0;0.0;3.0;0.0
14833005001;2.0;0.0;0.0;0.0;0.0;0.0;0.0;0.0;0.0;0.0;1.0;0.0;0.0;0.0;1.0;1.0;0.0;0.0
14833011001;0.0;0.0;1.0;0.0;0.0;1.0;0.0;1.0;1.0;2.0;4.0;1.0;1.0;0.0;3.0;0.0;1.0;0.0
14833017001;0.0;1.0;0.0;0.0;0.0;0.0;0.0;0.0;0.0;0.0;0.0;0.0;1.0;0.0;3.0;0.0;0.0;0.0
14833024001;2.0;3.0;7.0;3.0;9.0;5.0;4.0;6.0;2.0;3.0;9.0;10.0;3.0;5.0;17.0;5.0;9.0;0.0
14833033001;1.0;0.0;0.0;0.0;0.0;0.0;0.0;1.0;0.0;0.0;0.0;2.0;1.0;0.0;0.0;0.0;0.0;0.0
14833035001;0.0;0.0;0.0;0.0;0.0;0.0;0.0;0.0;0.0;2.0;0.0;2.0;3.0;3.0;4.0;4.0;2.0;0.0
14833036001;0.0;1.0;0.0;1.0;5.0;0.0;0.0;0.0;0.0;0.0;1.0;1.0;0.0;1.0;0.0;2.0;0.0;0.0
14833037001;1.0;0.0;0.0;0.0;0.0;0.0;0.0;0.0;0.0;0.0;0.0;0.0;1.0;1.0;0.0;0.0;1.0;0.0
14833040001;0.0;0.0;0.0;0.0;0.0;0.0;0.0;0.0;0.0;0.0;0.0;0.0;0.0;1.0;2.0;0.0;1.0;0.0
14833049001;1.0;1.0;1.0;1.0;1.0;2.0;0.0;0.0;1.0;1.0;1.0;0.0;0.0;0.0;2.0;0.0;1.0;0.0
14833052001;1.0;2.0;1.0;1.0;1.0;2.0;2.0;0.0;2.0;2.0;2.0;2.0;1.0;1.0;2.0;0.0;1.0;0.0
14833056001;0.0;1.0;1.0;0.0;4.0;1.0;0.0;0.0;1.0;1.0;3.0;2.0;1.0;0.0;1.0;1.0;1.0;0.0
14833058001;0.0;0.0;0.0;0.0;2.0;0.0;1.0;1.0;0.0;0.0;3.0;4.0;1.0;2.0;0.0;0.0;1.0;0.0
14833059001;0.0;0.0;0.0;0.0;1.0;1.0;0.0;0.0;1.0;0.0;0.0;3.0;2.0;0.0;1.0;3.0;1.0;0.0
14833060001;0.0;1.0;0.0;0.0;0.0;0.0;0.0;0.0;0.0;0.0;0.0;2.0;1.0;3.0;3.0;2.0;4.0;0.0
14833063001;0.0;0.0;0.0;0.0;0.0;1.0;0.0;0.0;0.0;0.0;0.0;0.0;1.0;0.0;0.0;0.0;0.0;0.0
14833066001;0.0;1.0;3.0;1.0;2.0;0.0;0.0;0.0;1.0;0.0;2.0;4.0;2.0;2.0;4.0;0.0;3.0;0.0
14833069001;0.0;0.0;0.0;0.0;0.0;1.0;0.0;0.0;0.0;0.0;1.0;0.0;0.0;0.0;0.0;0.0;0.0;0.0
14833072001;1.0;1.0;4.0;5.0;1.0;0.0;1.0;0.0;1.0;0.0;1.0;4.0;1.0;1.0;1.0;0.0;2.0;0.0
14833075001;0.0;0.0;2.0;1.0;0.0;0.0;2.0;1.0;0.0;1.0;1.0;2.0;1.0;1.0;4.0;0.0;0.0;0.0
14833077001;0.0;0.0;1.0;1.0;0.0;0.0;0.0;0.0;0.0;2.0;0.0;1.0;0.0;2.0;1.0;0.0;1.0;0.0
14833078001;0.0;0.0;0.0;0.0;0.0;0.0;0.0;0.0;0.0;0.0;0.0;0.0;0.0;1.0;0.0;1.0;2.0;0.0
14833079001;0.0;0.0;0.0;0.0;1.0;1.0;0.0;0.0;0.0;0.0;0.0;1.0;1.0;0.0;0.0;1.0;1.0;0.0
14833086001;0.0;0.0;1.0;1.0;1.0;1.0;0.0;2.0;2.0;0.0;1.0;2.0;2.0;3.0;1.0;0.0;2.0;0.0
14840003001;19.0;21.0;30.0;20.0;27.0;24.0;18.0;24.0;21.0;22.0;29.0;34.0;20.0;18.0;34.0;11.0;22.0;0.0
14840005001;0.0;0.0;0.0;0.0;0.0;0.0;0.0;0.0;0.0;1.0;0.0;0.0;0.0;0.0;0.0;0.0;0.0;0.0
14840006001;24.0;17.0;17.0;26.0;21.0;14.0;21.0;24.0;21.0;17.0;30.0;25.0;34.0;22.0;39.0;13.0;41.0;0.0
14840017001;7.0;3.0;11.0;7.0;12.0;11.0;6.0;3.0;9.0;9.0;21.0;19.0;10.0;10.0;6.0;4.0;11.0;0.0
14840018001;5.0;4.0;4.0;3.0;3.0;1.0;2.0;7.0;4.0;3.0;7.0;8.0;3.0;0.0;24.0;0.0;1.0;0.0
14841001001;0.0;0.0;4.0;0.0;1.0;1.0;0.0;2.0;0.0;0.0;0.0;2.0;0.0;4.0;4.0;0.0;4.0;0.0
14841002001;1.0;0.0;0.0;0.0;1.0;0.0;0.0;2.0;1.0;1.0;3.0;3.0;1.0;0.0;4.0;1.0;0.0;0.0
14841003001;2.0;1.0;3.0;1.0;0.0;0.0;1.0;1.0;3.0;2.0;2.0;2.0;2.0;1.0;3.0;4.0;4.0;0.0
14850001001;4.0;9.0;6.0;12.0;12.0;5.0;0.0;6.0;9.0;7.0;11.0;14.0;11.0;17.0;17.0;13.0;23.0;1.0
14850010001;5.0;21.0;20.0;16.0;25.0;10.0;5.0;10.0;15.0;5.0;11.0;9.0;21.0;17.0;25.0;31.0;26.0;0.0
14850011001;4.0;15.0;17.0;14.0;18.0;9.0;7.0;15.0;13.0;16.0;10.0;9.0;10.0;5.0;2.0;5.0;4.0;0.0
14850019001;0.0;1.0;0.0;0.0;0.0;0.0;0.0;0.0;1.0;0.0;0.0;0.0;1.0;0.0;0.0;0.0;0.0;0.0
14850020001;0.0;0.0;0.0;0.0;0.0;0.0;0.0;0.0;1.0;1.0;0.0;0.0;0.0;0.0;0.0;0.0;0.0;0.0
14850034001;7.0;3.0;5.0;3.0;2.0;1.0;2.0;3.0;2.0;2.0;0.0;2.0;1.0;1.0;2.0;3.0;4.0;0.0
14850042001;2.0;1.0;0.0;0.0;2.0;0.0;0.0;0.0;0.0;0.0;1.0;1.0;1.0;0.0;0.0;0.0;0.0;0.0
14850060001;0.0;0.0;0.0;1.0;0.0;0.0;0.0;0.0;0.0;0.0;0.0;0.0;0.0;0.0;0.0;1.0;1.0;0.0
14850093001;3.0;2.0;2.0;0.0;3.0;0.0;1.0;3.0;2.0;2.0;3.0;3.0;2.0;1.0;5.0;0.0;1.0;0.0
14850102001;1.0;0.0;1.0;1.0;0.0;0.0;1.0;0.0;0.0;0.0;2.0;1.0;1.0;0.0;1.0;0.0;2.0;0.0
14850126001;0.0;0.0;0.0;0.0;0.0;0.0;0.0;2.0;0.0;1.0;2.0;3.0;1.0;0.0;0.0;0.0;3.0;0.0
14850133001;0.0;0.0;0.0;0.0;0.0;0.0;0.0;0.0;0.0;0.0;0.0;0.0;0.0;1.0;0.0;0.0;0.0;0.0
14850194001;1.0;1.0;0.0;2.0;0.0;3.0;0.0;3.0;0.0;3.0;0.0;1.0;0.0;0.0;1.0;1.0;2.0;0.0
14850195001;1.0;1.0;1.0;1.0;0.0;0.0;1.0;1.0;3.0;3.0;0.0;0.0;1.0;1.0;1.0;1.0;1.0;0.0
14851001001;0.0;0.0;1.0;1.0;0.0;0.0;0.0;0.0;0.0;0.0;0.0;0.0;0.0;0.0;0.0;0.0;0.0;0.0
14851006001;0.0;0.0;0.0;0.0;1.0;0.0;0.0;0.0;0.0;0.0;0.0;0.0;0.0;0.0;0.0;0.0;0.0;0.0
14851009001;0.0;0.0;1.0;0.0;0.0;0.0;0.0;0.0;0.0;0.0;0.0;1.0;0.0;1.0;0.0;0.0;2.0;0.0
14851010001;0.0;0.0;0.0;1.0;0.0;0.0;0.0;0.0;0.0;0.0;0.0;0.0;0.0;0.0;0.0;0.0;0.0;0.0
14851014001;0.0;2.0;1.0;0.0;0.0;0.0;0.0;0.0;0.0;0.0;0.0;0.0;0.0;0.0;0.0;0.0;0.0;0.0
14851023001;1.0;0.0;1.0;0.0;0.0;1.0;0.0;0.0;0.0;0.0;0.0;0.0;0.0;0.0;0.0;0.0;0.0;0.0
14851025001;4.0;3.0;11.0;7.0;6.0;1.0;3.0;1.0;5.0;1.0;6.0;9.0;8.0;5.0;3.0;17.0;12.0;0.0
14851032001;0.0;0.0;0.0;0.0;0.0;0.0;0.0;0.0;0.0;0.0;0.0;2.0;0.0;0.0;0.0;0.0;0.0;0.0
14851034001;4.0;2.0;3.0;1.0;2.0;0.0;0.0;1.0;0.0;0.0;0.0;1.0;0.0;0.0;0.0;1.0;0.0;0.0
14851063001;3.0;2.0;2.0;3.0;1.0;1.0;1.0;2.0;8.0;0.0;3.0;7.0;4.0;0.0;4.0;1.0;2.0;0.0
14851071001;0.0;1.0;5.0;3.0;0.0;1.0;0.0;3.0;3.0;0.0;1.0;2.0;2.0;0.0;2.0;2.0;2.0;0.0
14851072001;1.0;3.0;3.0;2.0;1.0;1.0;1.0;4.0;4.0;0.0;2.0;4.0;3.0;0.0;1.0;0.0;0.0;0.0
14851121001;1.0;0.0;0.0;0.0;0.0;0.0;0.0;1.0;0.0;0.0;1.0;2.0;0.0;0.0;1.0;0.0;0.0;0.0
14852005001;1.0;0.0;1.0;0.0;0.0;1.0;0.0;0.0;2.0;0.0;0.0;0.0;0.0;0.0;0.0;0.0;0.0;0.0
14852006001;0.0;0.0;0.0;0.0;0.0;0.0;0.0;1.0;0.0;0.0;0.0;0.0;0.0;0.0;0.0;0.0;0.0;0.0
14852008001;1.0;0.0;0.0;0.0;0.0;0.0;0.0;1.0;0.0;0.0;0.0;0.0;0.0;0.0;0.0;0.0;0.0;0.0
14852009001;0.0;0.0;0.0;0.0;0.0;0.0;0.0;1.0;1.0;0.0;0.0;0.0;0.0;0.0;1.0;0.0;0.0;0.0
14852011001;0.0;0.0;0.0;0.0;0.0;0.0;0.0;0.0;0.0;0.0;0.0;0.0;0.0;0.0;0.0;1.0;0.0;0.0
14852012001;0.0;0.0;0.0;0.0;0.0;1.0;0.0;1.0;0.0;1.0;0.0;0.0;0.0;0.0;0.0;1.0;0.0;0.0
14852016001;0.0;0.0;0.0;0.0;0.0;0.0;0.0;0.0;0.0;0.0;0.0;0.0;1.0;0.0;0.0;0.0;0.0;0.0
14852019001;1.0;0.0;0.0;0.0;0.0;1.0;0.0;0.0;0.0;0.0;0.0;0.0;1.0;0.0;0.0;0.0;0.0;0.0
14852020001;1.0;0.0;0.0;0.0;0.0;0.0;0.0;1.0;0.0;1.0;0.0;0.0;0.0;0.0;0.0;1.0;0.0;0.0
14852031001;0.0;0.0;0.0;0.0;0.0;0.0;0.0;2.0;0.0;0.0;0.0;0.0;0.0;0.0;0.0;0.0;0.0;0.0
14852044001;0.0;0.0;0.0;0.0;0.0;0.0;0.0;0.0;0.0;37.0;11.0;1.0;0.0;0.0;0.0;0.0;0.0;0.0
14852062001;0.0;0.0;0.0;0.0;0.0;0.0;0.0;0.0;0.0;0.0;0.0;1.0;1.0;0.0;0.0;0.0;0.0;0.0
14852064001;0.0;0.0;0.0;1.0;0.0;0.0;0.0;1.0;0.0;0.0;0.0;0.0;0.0;0.0;1.0;0.0;0.0;0.0
14852898001;1.0;0.0;0.0;0.0;0.0;0.0;0.0;1.0;0.0;0.0;0.0;0.0;0.0;0.0;0.0;1.0;0.0;0.0
14852899001;0.0;0.0;0.0;0.0;0.0;0.0;0.0;1.0;0.0;0.0;0.0;0.0;0.0;1.0;0.0;1.0;0.0;0.0
14853003001;0.0;0.0;1.0;1.0;0.0;0.0;0.0;2.0;0.0;2.0;1.0;1.0;0.0;1.0;0.0;0.0;0.0;0.0
14853013001;0.0;0.0;0.0;0.0;0.0;2.0;1.0;1.0;0.0;0.0;0.0;0.0;0.0;0.0;0.0;0.0;0.0;0.0
14853031001;1.0;1.0;0.0;1.0;0.0;0.0;0.0;0.0;0.0;0.0;0.0;0.0;0.0;0.0;0.0;0.0;0.0;0.0
14853048001;0.0;0.0;0.0;1.0;0.0;0.0;0.0;0.0;0.0;0.0;0.0;0.0;0.0;0.0;0.0;0.0;0.0;0.0
15020001001;2.0;0.0;2.0;3.0;1.0;2.0;1.0;3.0;0.0;0.0;4.0;2.0;1.0;1.0;1.0;4.0;2.0;0.0
15020007001;0.0;0.0;0.0;0.0;0.0;0.0;0.0;0.0;0.0;0.0;0.0;0.0;0.0;0.0;1.0;0.0;0.0;0.0
15020010001;3.0;6.0;6.0;7.0;10.0;9.0;3.0;8.0;8.0;3.0;11.0;5.0;7.0;7.0;8.0;12.0;2.0;0.0
15020046001;4.0;5.0;1.0;0.0;3.0;2.0;1.0;4.0;4.0;1.0;2.0;9.0;1.0;13.0;4.0;10.0;3.0;0.0
15020047001;22.0;22.0;29.0;21.0;17.0;16.0;10.0;21.0;15.0;20.0;17.0;22.0;19.0;35.0;22.0;32.0;31.0;0.0
15020050001;10.0;10.0;7.0;7.0;4.0;3.0;3.0;6.0;2.0;1.0;10.0;9.0;5.0;13.0;12.0;19.0;9.0;0.0
15020920001;0.0;0.0;0.0;0.0;0.0;0.0;0.0;0.0;0.0;4.0;3.0;0.0;4.0;20.0;4.0;18.0;1.0;0.0
15020922001;2.0;1.0;2.0;2.0;1.0;2.0;2.0;4.0;3.0;2.0;0.0;4.0;0.0;1.0;5.0;4.0;3.0;0.0
15020925001;0.0;0.0;1.0;0.0;0.0;0.0;1.0;0.0;0.0;0.0;0.0;1.0;0.0;0.0;3.0;1.0;1.0;0.0
15021001001;7.0;5.0;9.0;16.0;9.0;6.0;4.0;9.0;1.0;3.0;7.0;9.0;7.0;24.0;5.0;26.0;6.0;0.0
15021003001;0.0;3.0;1.0;1.0;1.0;1.0;0.0;1.0;2.0;1.0;4.0;2.0;0.0;2.0;1.0;1.0;9.0;0.0
15021035001;5.0;5.0;1.0;0.0;1.0;0.0;2.0;2.0;3.0;4.0;2.0;6.0;4.0;7.0;5.0;2.0;2.0;0.0
15021042001;0.0;0.0;0.0;0.0;0.0;0.0;0.0;0.0;0.0;17.0;1.0;1.0;0.0;1.0;6.0;4.0;5.0;0.0
15021047001;0.0;0.0;0.0;0.0;0.0;0.0;0.0;0.0;0.0;2.0;3.0;1.0;1.0;3.0;3.0;1.0;4.0;0.0
15021057001;0.0;0.0;0.0;0.0;2.0;3.0;0.0;0.0;0.0;2.0;2.0;2.0;0.0;2.0;0.0;1.0;2.0;0.0
15021060001;0.0;3.0;1.0;2.0;0.0;1.0;1.0;1.0;1.0;0.0;1.0;0.0;1.0;2.0;2.0;1.0;4.0;0.0
15022004001;10.0;8.0;9.0;7.0;1.0;1.0;7.0;2.0;4.0;2.0;8.0;3.0;5.0;3.0;2.0;8.0;4.0;0.0
15022005001;0.0;0.0;0.0;0.0;0.0;0.0;0.0;0.0;1.0;4.0;4.0;3.0;4.0;9.0;8.0;3.0;4.0;0.0
15022009001;0.0;2.0;3.0;2.0;1.0;1.0;0.0;1.0;0.0;1.0;4.0;1.0;3.0;4.0;2.0;1.0;3.0;0.0
15022013001;1.0;1.0;4.0;2.0;3.0;5.0;1.0;2.0;1.0;5.0;1.0;1.0;0.0;2.0;0.0;2.0;2.0;0.0
15022017001;0.0;0.0;4.0;4.0;5.0;1.0;2.0;3.0;5.0;4.0;1.0;1.0;0.0;0.0;2.0;2.0;4.0;0.0
15022019001;0.0;0.0;0.0;0.0;1.0;1.0;0.0;0.0;0.0;0.0;1.0;1.0;0.0;0.0;0.0;1.0;0.0;0.0
15022021001;0.0;0.0;1.0;1.0;0.0;2.0;1.0;1.0;0.0;2.0;0.0;1.0;2.0;2.0;0.0;0.0;0.0;0.0
15022026001;10.0;8.0;2.0;3.0;1.0;2.0;3.0;3.0;2.0;2.0;4.0;11.0;5.0;17.0;4.0;8.0;16.0;0.0
15023001001;3.0;0.0;0.0;0.0;0.0;0.0;0.0;0.0;0.0;0.0;0.0;0.0;0.0;0.0;0.0;0.0;0.0;0.0
15023003001;3.0;5.0;0.0;0.0;0.0;2.0;0.0;1.0;0.0;1.0;4.0;5.0;2.0;5.0;8.0;3.0;0.0;0.0
15023004001;2.0;1.0;0.0;1.0;2.0;2.0;0.0;4.0;6.0;0.0;4.0;0.0;0.0;0.0;5.0;3.0;0.0;0.0
15023005001;1.0;2.0;2.0;2.0;5.0;2.0;2.0;1.0;1.0;0.0;1.0;2.0;3.0;5.0;5.0;2.0;0.0;0.0
15023008001;0.0;0.0;0.0;0.0;0.0;0.0;0.0;0.0;0.0;0.0;0.0;0.0;0.0;0.0;3.0;1.0;0.0;0.0
15023011001;2.0;0.0;2.0;2.0;3.0;1.0;2.0;4.0;1.0;3.0;7.0;1.0;2.0;2.0;5.0;6.0;1.0;0.0
15023012001;2.0;2.0;4.0;8.0;8.0;5.0;1.0;4.0;11.0;3.0;19.0;10.0;8.0;11.0;15.0;12.0;17.0;0.0
15023013001;1.0;0.0;1.0;0.0;1.0;0.0;0.0;1.0;4.0;2.0;3.0;3.0;6.0;3.0;8.0;2.0;7.0;0.0
15023017001;3.0;3.0;3.0;0.0;2.0;3.0;2.0;5.0;1.0;2.0;4.0;0.0;3.0;1.0;1.0;0.0;5.0;0.0
15023020001;4.0;3.0;4.0;0.0;4.0;4.0;3.0;4.0;0.0;2.0;8.0;4.0;4.0;6.0;6.0;3.0;2.0;0.0
15023035001;4.0;4.0;2.0;2.0;1.0;0.0;0.0;0.0;0.0;0.0;0.0;0.0;0.0;6.0;6.0;5.0;3.0;0.0
15023036001;0.0;0.0;0.0;0.0;0.0;0.0;0.0;0.0;0.0;0.0;1.0;0.0;0.0;0.0;0.0;0.0;0.0;0.0
15024004001;1.0;2.0;1.0;7.0;2.0;6.0;1.0;1.0;7.0;3.0;7.0;3.0;3.0;6.0;4.0;7.0;0.0;0.0
15024011001;5.0;0.0;0.0;0.0;0.0;0.0;1.0;0.0;0.0;0.0;0.0;0.0;0.0;0.0;1.0;0.0;0.0;0.0
15024014001;2.0;1.0;5.0;2.0;1.0;0.0;2.0;2.0;1.0;0.0;1.0;2.0;2.0;4.0;6.0;0.0;3.0;0.0
15081020001;0.0;0.0;0.0;0.0;0.0;0.0;1.0;0.0;1.0;0.0;0.0;0.0;0.0;0.0;0.0;1.0;0.0;0.0
30000004001;0.0;0.0;0.0;0.0;0.0;0.0;0.0;0.0;1.0;0.0;0.0;1.0;0.0;0.0;0.0;0.0;0.0;0.0
30000056001;0.0;0.0;0.0;0.0;1.0;0.0;2.0;2.0;3.0;1.0;1.0;3.0;2.0;2.0;2.0;0.0;0.0;0.0
30001041001;0.0;0.0;0.0;0.0;0.0;0.0;0.0;0.0;0.0;0.0;0.0;0.0;0.0;0.0;0.0;1.0;0.0;0.0
30001907001;0.0;0.0;0.0;0.0;1.0;0.0;1.0;1.0;3.0;1.0;2.0;1.0;2.0;5.0;3.0;1.0;2.0;0.0
30002001001;0.0;0.0;0.0;0.0;0.0;0.0;0.0;0.0;0.0;1.0;0.0;1.0;0.0;1.0;0.0;0.0;0.0;0.0
30003001001;0.0;0.0;0.0;0.0;0.0;0.0;0.0;1.0;0.0;1.0;0.0;0.0;1.0;0.0;0.0;0.0;1.0;0.0
30005001001;0.0;0.0;0.0;0.0;0.0;0.0;0.0;0.0;0.0;0.0;2.0;1.0;0.0;0.0;0.0;0.0;0.0;0.0
30010002001;0.0;0.0;0.0;0.0;1.0;0.0;1.0;2.0;2.0;5.0;0.0;1.0;3.0;1.0;10.0;4.0;3.0;0.0
30011002001;0.0;0.0;0.0;0.0;0.0;0.0;2.0;2.0;3.0;3.0;1.0;0.0;1.0;2.0;8.0;1.0;5.0;0.0
30013002001;0.0;0.0;0.0;0.0;0.0;0.0;0.0;1.0;0.0;0.0;0.0;1.0;0.0;1.0;1.0;0.0;0.0;0.0
30045078002;1.0;0.0;0.0;0.0;0.0;0.0;0.0;0.0;0.0;0.0;0.0;0.0;0.0;0.0;0.0;0.0;0.0;0.0
30071041001;0.0;0.0;0.0;0.0;0.0;0.0;0.0;0.0;0.0;0.0;1.0;0.0;0.0;0.0;0.0;0.0;0.0;0.0
30071043001;0.0;0.0;0.0;0.0;1.0;0.0;0.0;0.0;0.0;1.0;0.0;1.0;0.0;2.0;0.0;0.0;0.0;0.0
30071051001;0.0;0.0;0.0;0.0;0.0;0.0;0.0;0.0;0.0;0.0;0.0;1.0;0.0;0.0;1.0;0.0;0.0;0.0
30073007001;0.0;0.0;0.0;0.0;0.0;0.0;0.0;0.0;1.0;0.0;0.0;0.0;0.0;0.0;0.0;0.0;0.0;0.0
30073017001;0.0;0.0;0.0;0.0;0.0;0.0;0.0;1.0;0.0;0.0;0.0;1.0;0.0;0.0;0.0;0.0;0.0;0.0
30073022001;0.0;0.0;0.0;0.0;0.0;0.0;0.0;0.0;0.0;0.0;0.0;0.0;0.0;1.0;0.0;0.0;0.0;0.0
30435004001;0.0;0.0;0.0;0.0;0.0;0.0;0.0;0.0;0.0;0.0;0.0;0.0;0.0;0.0;1.0;0.0;0.0;0.0
30450006001;0.0;0.0;0.0;0.0;0.0;0.0;0.0;3.0;1.0;0.0;1.0;0.0;0.0;0.0;1.0;0.0;0.0;0.0
30450011001;0.0;0.0;0.0;0.0;0.0;0.0;0.0;0.0;0.0;0.0;2.0;2.0;0.0;0.0;0.0;0.0;0.0;0.0
30450013001;0.0;0.0;0.0;0.0;0.0;0.0;0.0;0.0;1.0;0.0;1.0;0.0;0.0;0.0;0.0;0.0;0.0;0.0
30450034001;0.0;0.0;0.0;0.0;0.0;0.0;0.0;0.0;0.0;0.0;0.0;1.0;0.0;1.0;0.0;0.0;0.0;0.0
30450039001;0.0;0.0;0.0;0.0;0.0;0.0;0.0;0.0;0.0;0.0;0.0;0.0;0.0;0.0;0.0;0.0;2.0;0.0
31042914001;0.0;0.0;0.0;0.0;0.0;0.0;0.0;1.0;0.0;0.0;0.0;0.0;0.0;0.0;0.0;0.0;0.0;0.0
31118023001;0.0;0.0;1.0;1.0;0.0;0.0;0.0;0.0;0.0;0.0;0.0;1.0;0.0;0.0;1.0;0.0;0.0;0.0
31214010001;0.0;0.0;0.0;1.0;0.0;0.0;0.0;0.0;0.0;0.0;0.0;0.0;0.0;0.0;0.0;0.0;0.0;0.0
31225014001;0.0;0.0;0.0;0.0;1.0;1.0;0.0;0.0;0.0;0.0;0.0;0.0;0.0;0.0;1.0;0.0;0.0;0.0
31226017001;0.0;0.0;0.0;0.0;0.0;0.0;0.0;0.0;1.0;0.0;0.0;0.0;0.0;0.0;0.0;0.0;0.0;0.0
31227009001;0.0;1.0;0.0;0.0;0.0;0.0;0.0;0.0;0.0;0.0;0.0;0.0;0.0;0.0;0.0;0.0;0.0;0.0
31235015001;1.0;0.0;0.0;1.0;0.0;0.0;0.0;0.0;0.0;0.0;2.0;1.0;0.0;0.0;0.0;1.0;0.0;0.0
31235016001;0.0;1.0;3.0;0.0;1.0;0.0;0.0;1.0;3.0;1.0;2.0;0.0;1.0;0.0;3.0;0.0;1.0;0.0
31236026001;1.0;0.0;0.0;0.0;0.0;2.0;0.0;0.0;0.0;1.0;0.0;0.0;0.0;0.0;2.0;0.0;2.0;0.0
31236027001;1.0;0.0;1.0;2.0;3.0;0.0;0.0;1.0;1.0;1.0;4.0;2.0;0.0;0.0;1.0;0.0;0.0;0.0
31240002001;0.0;0.0;0.0;0.0;0.0;0.0;0.0;0.0;0.0;0.0;0.0;1.0;0.0;0.0;1.0;0.0;0.0;0.0
31244001001;0.0;1.0;0.0;1.0;0.0;0.0;0.0;1.0;0.0;0.0;0.0;0.0;1.0;2.0;2.0;0.0;0.0;0.0
31244002001;0.0;1.0;0.0;3.0;0.0;1.0;1.0;0.0;0.0;0.0;0.0;0.0;2.0;0.0;0.0;1.0;0.0;0.0
31251002001;0.0;0.0;0.0;0.0;0.0;0.0;0.0;0.0;0.0;0.0;0.0;0.0;0.0;1.0;0.0;0.0;0.0;0.0
31253001001;2.0;0.0;0.0;0.0;0.0;2.0;0.0;0.0;0.0;1.0;0.0;0.0;0.0;1.0;0.0;0.0;0.0;0.0
31253002001;0.0;0.0;0.0;0.0;0.0;1.0;1.0;0.0;0.0;0.0;0.0;1.0;0.0;0.0;0.0;0.0;0.0;0.0
31253004001;0.0;0.0;1.0;1.0;0.0;1.0;0.0;0.0;0.0;0.0;0.0;0.0;0.0;0.0;0.0;0.0;0.0;0.0
31254009001;0.0;1.0;1.0;0.0;1.0;0.0;1.0;0.0;1.0;0.0;0.0;1.0;0.0;0.0;0.0;0.0;0.0;0.0
31254899001;0.0;0.0;0.0;0.0;0.0;0.0;0.0;0.0;0.0;0.0;1.0;0.0;1.0;0.0;0.0;0.0;0.0;0.0
31255010001;0.0;1.0;0.0;0.0;0.0;0.0;1.0;1.0;0.0;0.0;0.0;0.0;0.0;0.0;0.0;0.0;0.0;0.0
31258003001;1.0;0.0;0.0;0.0;0.0;0.0;0.0;0.0;0.0;1.0;0.0;0.0;0.0;0.0;0.0;0.0;0.0;0.0
31258006001;0.0;0.0;0.0;0.0;0.0;0.0;0.0;0.0;1.0;0.0;0.0;0.0;0.0;0.0;1.0;0.0;0.0;0.0
31260001001;0.0;1.0;0.0;0.0;0.0;0.0;0.0;0.0;0.0;0.0;0.0;0.0;0.0;0.0;0.0;0.0;0.0;0.0
31268003001;0.0;0.0;1.0;1.0;0.0;0.0;0.0;0.0;0.0;0.0;0.0;0.0;0.0;0.0;0.0;0.0;0.0;0.0
31270006001;0.0;0.0;0.0;0.0;0.0;0.0;0.0;0.0;0.0;0.0;0.0;1.0;0.0;0.0;0.0;0.0;0.0;0.0
31271003001;0.0;0.0;0.0;0.0;0.0;0.0;0.0;0.0;0.0;1.0;0.0;0.0;0.0;0.0;0.0;0.0;0.0;0.0
31273002001;1.0;0.0;0.0;0.0;0.0;0.0;0.0;0.0;0.0;0.0;0.0;0.0;0.0;0.0;0.0;0.0;0.0;0.0
31403064001;2.0;0.0;0.0;0.0;0.0;0.0;0.0;0.0;0.0;0.0;0.0;0.0;0.0;0.0;0.0;0.0;0.0;0.0
31420003001;0.0;0.0;0.0;0.0;0.0;0.0;0.0;0.0;0.0;0.0;0.0;0.0;0.0;1.0;2.0;0.0;0.0;0.0
31421003001;0.0;0.0;1.0;0.0;0.0;1.0;0.0;0.0;0.0;0.0;1.0;0.0;0.0;1.0;0.0;0.0;0.0;0.0
31421011001;0.0;0.0;1.0;0.0;0.0;3.0;0.0;0.0;1.0;0.0;1.0;0.0;0.0;1.0;2.0;0.0;0.0;0.0
31421034001;0.0;0.0;0.0;0.0;0.0;0.0;0.0;0.0;1.0;0.0;0.0;0.0;0.0;1.0;2.0;0.0;0.0;0.0
31421035001;1.0;0.0;0.0;0.0;0.0;0.0;0.0;0.0;1.0;1.0;0.0;0.0;0.0;1.0;2.0;0.0;0.0;0.0
31421038001;1.0;1.0;0.0;1.0;0.0;0.0;0.0;1.0;0.0;0.0;0.0;1.0;0.0;1.0;0.0;0.0;0.0;0.0
31421039001;0.0;0.0;0.0;2.0;0.0;0.0;0.0;0.0;1.0;0.0;0.0;0.0;0.0;0.0;0.0;0.0;0.0;0.0
31421040001;0.0;0.0;0.0;0.0;0.0;1.0;0.0;0.0;1.0;0.0;0.0;0.0;0.0;0.0;0.0;0.0;0.0;0.0
31421041001;0.0;0.0;0.0;1.0;1.0;0.0;0.0;0.0;0.0;0.0;0.0;0.0;0.0;0.0;0.0;0.0;0.0;0.0
31421049001;0.0;0.0;0.0;1.0;0.0;0.0;0.0;0.0;1.0;0.0;0.0;0.0;0.0;0.0;0.0;0.0;0.0;0.0
31422002001;0.0;0.0;0.0;2.0;0.0;0.0;0.0;0.0;1.0;0.0;0.0;0.0;0.0;0.0;0.0;0.0;0.0;0.0
31422011001;1.0;0.0;0.0;3.0;0.0;0.0;1.0;0.0;2.0;0.0;1.0;0.0;0.0;3.0;0.0;0.0;0.0;0.0
31422013001;0.0;1.0;0.0;0.0;0.0;0.0;0.0;0.0;1.0;0.0;0.0;0.0;0.0;1.0;0.0;0.0;1.0;0.0
31422014001;0.0;0.0;0.0;0.0;0.0;1.0;1.0;0.0;0.0;0.0;0.0;0.0;1.0;1.0;1.0;0.0;1.0;0.0
31422019001;0.0;0.0;0.0;0.0;0.0;0.0;0.0;0.0;1.0;0.0;0.0;0.0;0.0;0.0;0.0;0.0;0.0;0.0
31422898001;1.0;1.0;0.0;1.0;1.0;0.0;1.0;0.0;1.0;0.0;0.0;0.0;0.0;0.0;0.0;0.0;1.0;0.0
31423001001;1.0;1.0;0.0;1.0;0.0;1.0;0.0;1.0;0.0;0.0;0.0;0.0;3.0;0.0;2.0;0.0;0.0;0.0
31423013001;0.0;1.0;0.0;1.0;1.0;0.0;0.0;0.0;0.0;0.0;0.0;0.0;0.0;0.0;0.0;0.0;0.0;0.0
31423019001;0.0;1.0;1.0;0.0;0.0;1.0;0.0;0.0;4.0;0.0;0.0;0.0;0.0;1.0;1.0;1.0;0.0;0.0
31423896001;0.0;0.0;1.0;0.0;0.0;1.0;1.0;1.0;0.0;0.0;0.0;0.0;1.0;0.0;0.0;0.0;0.0;0.0
31423897001;2.0;0.0;0.0;0.0;0.0;0.0;0.0;0.0;0.0;1.0;0.0;0.0;0.0;0.0;0.0;0.0;0.0;0.0
31423902001;0.0;0.0;0.0;0.0;0.0;0.0;1.0;1.0;0.0;0.0;0.0;0.0;0.0;0.0;0.0;0.0;0.0;0.0
31424001001;1.0;1.0;3.0;2.0;1.0;0.0;0.0;1.0;1.0;0.0;1.0;0.0;0.0;1.0;0.0;1.0;1.0;0.0
31424002001;0.0;1.0;0.0;4.0;2.0;0.0;1.0;5.0;5.0;1.0;0.0;0.0;1.0;1.0;5.0;0.0;1.0;0.0
31455002001;0.0;0.0;0.0;0.0;0.0;0.0;1.0;0.0;1.0;0.0;1.0;0.0;1.0;1.0;0.0;0.0;0.0;0.0
31455003001;1.0;2.0;1.0;1.0;1.0;1.0;0.0;2.0;1.0;1.0;1.0;0.0;1.0;2.0;0.0;1.0;0.0;0.0
31455016001;0.0;0.0;0.0;0.0;0.0;2.0;0.0;1.0;0.0;0.0;0.0;0.0;0.0;0.0;0.0;0.0;0.0;0.0
31466156001;3.0;3.0;2.0;1.0;0.0;0.0;0.0;2.0;1.0;0.0;2.0;6.0;3.0;3.0;1.0;2.0;0.0;0.0
31473013001;1.0;9.0;4.0;3.0;6.0;2.0;1.0;2.0;1.0;0.0;0.0;5.0;2.0;9.0;6.0;0.0;1.0;0.0
31500006001;1.0;1.0;3.0;1.0;2.0;0.0;0.0;1.0;5.0;6.0;11.0;4.0;1.0;7.0;9.0;1.0;2.0;0.0
31500008001;0.0;0.0;0.0;0.0;0.0;0.0;0.0;0.0;0.0;1.0;0.0;0.0;0.0;0.0;0.0;0.0;0.0;0.0
31500014001;0.0;0.0;1.0;0.0;0.0;0.0;0.0;0.0;2.0;0.0;1.0;3.0;2.0;6.0;2.0;0.0;1.0;0.0
31500015001;0.0;0.0;0.0;0.0;0.0;1.0;0.0;0.0;2.0;3.0;2.0;4.0;2.0;5.0;4.0;1.0;2.0;0.0
31500022004;0.0;1.0;1.0;2.0;1.0;0.0;0.0;2.0;1.0;0.0;2.0;2.0;0.0;0.0;3.0;0.0;0.0;0.0
31500025002;1.0;1.0;1.0;2.0;3.0;2.0;1.0;0.0;2.0;1.0;2.0;1.0;1.0;2.0;2.0;0.0;0.0;0.0
31500030001;2.0;0.0;1.0;2.0;2.0;1.0;0.0;0.0;2.0;1.0;2.0;0.0;1.0;0.0;0.0;0.0;0.0;0.0
31500032001;1.0;0.0;0.0;0.0;0.0;0.0;0.0;0.0;1.0;0.0;0.0;0.0;0.0;0.0;0.0;0.0;0.0;0.0
31501003001;2.0;0.0;2.0;0.0;0.0;2.0;0.0;2.0;3.0;4.0;4.0;5.0;2.0;0.0;2.0;0.0;0.0;0.0
31501007001;2.0;1.0;0.0;0.0;0.0;0.0;0.0;1.0;2.0;0.0;0.0;0.0;0.0;1.0;1.0;0.0;0.0;0.0
31501010001;1.0;1.0;2.0;0.0;2.0;2.0;0.0;4.0;10.0;2.0;4.0;3.0;8.0;7.0;7.0;1.0;4.0;0.0
31501013001;1.0;0.0;0.0;0.0;0.0;0.0;0.0;0.0;0.0;0.0;0.0;0.0;0.0;1.0;0.0;0.0;0.0;0.0
31501021001;9.0;3.0;6.0;7.0;3.0;2.0;1.0;7.0;3.0;9.0;5.0;5.0;5.0;3.0;8.0;1.0;3.0;0.0
31501901003;0.0;0.0;0.0;0.0;0.0;0.0;0.0;0.0;0.0;0.0;2.0;0.0;3.0;4.0;4.0;0.0;1.0;0.0
31501903003;3.0;0.0;1.0;2.0;0.0;1.0;2.0;0.0;2.0;0.0;2.0;0.0;0.0;0.0;1.0;0.0;0.0;0.0
31501904001;0.0;0.0;1.0;1.0;2.0;1.0;0.0;0.0;0.0;0.0;1.0;1.0;0.0;0.0;0.0;0.0;0.0;0.0
31501907002;0.0;0.0;0.0;0.0;0.0;1.0;0.0;0.0;0.0;0.0;0.0;0.0;0.0;0.0;1.0;0.0;0.0;0.0
31502003001;4.0;2.0;0.0;1.0;1.0;0.0;0.0;0.0;0.0;0.0;0.0;1.0;1.0;0.0;0.0;0.0;1.0;0.0
31502006001;0.0;1.0;1.0;1.0;4.0;0.0;1.0;3.0;6.0;2.0;5.0;3.0;1.0;4.0;8.0;2.0;2.0;0.0
31502010001;0.0;0.0;1.0;1.0;0.0;3.0;0.0;0.0;0.0;0.0;0.0;0.0;0.0;0.0;0.0;0.0;0.0;0.0
31502012001;1.0;0.0;0.0;1.0;0.0;0.0;0.0;0.0;1.0;0.0;0.0;1.0;0.0;0.0;0.0;0.0;1.0;0.0
31502025001;4.0;3.0;2.0;1.0;2.0;2.0;2.0;3.0;7.0;10.0;4.0;2.0;3.0;3.0;9.0;1.0;3.0;0.0
31502032004;1.0;1.0;0.0;0.0;0.0;0.0;0.0;1.0;0.0;0.0;0.0;0.0;0.0;1.0;1.0;1.0;1.0;0.0
31502034001;2.0;2.0;2.0;0.0;0.0;0.0;2.0;0.0;2.0;0.0;1.0;0.0;0.0;0.0;3.0;1.0;1.0;0.0
31502037001;1.0;0.0;0.0;0.0;1.0;0.0;0.0;0.0;3.0;1.0;0.0;2.0;0.0;0.0;0.0;0.0;0.0;0.0
31502041001;0.0;0.0;0.0;0.0;0.0;0.0;0.0;0.0;0.0;0.0;1.0;0.0;0.0;1.0;0.0;0.0;0.0;0.0
31503003001;0.0;1.0;0.0;2.0;1.0;1.0;0.0;0.0;1.0;0.0;0.0;0.0;0.0;1.0;1.0;0.0;0.0;0.0
31504009001;1.0;0.0;0.0;0.0;2.0;0.0;0.0;2.0;1.0;1.0;0.0;0.0;0.0;0.0;0.0;0.0;1.0;0.0
31504015001;0.0;0.0;0.0;0.0;1.0;0.0;0.0;0.0;1.0;0.0;1.0;0.0;0.0;0.0;1.0;0.0;0.0;0.0
31530005001;0.0;0.0;0.0;0.0;0.0;0.0;0.0;0.0;0.0;0.0;0.0;0.0;0.0;0.0;0.0;0.0;1.0;0.0
31530008001;0.0;0.0;0.0;0.0;0.0;0.0;1.0;0.0;0.0;0.0;0.0;1.0;0.0;0.0;0.0;0.0;0.0;0.0
31530011001;0.0;1.0;0.0;0.0;0.0;0.0;0.0;1.0;0.0;0.0;2.0;2.0;1.0;0.0;0.0;0.0;0.0;0.0
31530027001;0.0;0.0;1.0;0.0;0.0;1.0;0.0;0.0;0.0;0.0;0.0;1.0;2.0;1.0;0.0;0.0;0.0;0.0
31530043001;0.0;0.0;0.0;1.0;0.0;0.0;0.0;0.0;1.0;0.0;0.0;0.0;0.0;0.0;0.0;0.0;0.0;0.0
31530107001;1.0;0.0;1.0;1.0;1.0;0.0;0.0;0.0;1.0;0.0;2.0;0.0;0.0;0.0;2.0;1.0;0.0;0.0
31530108001;0.0;0.0;0.0;0.0;0.0;0.0;0.0;0.0;0.0;2.0;0.0;0.0;0.0;0.0;0.0;0.0;0.0;0.0
31531002001;0.0;0.0;0.0;1.0;0.0;0.0;1.0;3.0;3.0;3.0;4.0;3.0;1.0;10.0;5.0;1.0;1.0;0.0
31531021001;1.0;0.0;0.0;1.0;0.0;1.0;0.0;0.0;0.0;0.0;1.0;0.0;0.0;1.0;0.0;0.0;0.0;0.0
31531022001;0.0;0.0;0.0;0.0;0.0;0.0;0.0;1.0;1.0;1.0;0.0;2.0;1.0;0.0;0.0;0.0;1.0;0.0
31531042001;0.0;1.0;2.0;1.0;0.0;0.0;1.0;2.0;0.0;0.0;0.0;0.0;1.0;0.0;1.0;0.0;0.0;0.0
31531047001;0.0;0.0;0.0;0.0;0.0;0.0;0.0;0.0;1.0;1.0;1.0;1.0;0.0;0.0;1.0;0.0;0.0;0.0
31531056001;1.0;0.0;1.0;2.0;0.0;0.0;0.0;1.0;0.0;0.0;1.0;0.0;0.0;0.0;2.0;0.0;0.0;0.0
31532003001;1.0;0.0;0.0;3.0;0.0;0.0;0.0;0.0;0.0;0.0;0.0;0.0;0.0;0.0;0.0;0.0;0.0;0.0
31532060001;1.0;0.0;0.0;0.0;1.0;0.0;0.0;1.0;0.0;0.0;0.0;2.0;0.0;0.0;0.0;0.0;0.0;0.0
31532098001;0.0;1.0;0.0;0.0;0.0;0.0;0.0;0.0;2.0;1.0;1.0;1.0;2.0;3.0;0.0;0.0;0.0;0.0
31532099001;1.0;0.0;0.0;0.0;0.0;0.0;1.0;0.0;2.0;1.0;0.0;2.0;1.0;1.0;3.0;0.0;1.0;0.0
31532100001;1.0;0.0;0.0;0.0;0.0;0.0;0.0;1.0;0.0;1.0;0.0;3.0;3.0;1.0;0.0;0.0;2.0;0.0
31533003001;1.0;0.0;0.0;1.0;1.0;0.0;0.0;0.0;1.0;0.0;0.0;0.0;0.0;0.0;0.0;0.0;0.0;0.0
31533005001;2.0;2.0;1.0;2.0;0.0;2.0;3.0;2.0;1.0;1.0;1.0;2.0;0.0;5.0;2.0;2.0;1.0;0.0
31533008001;2.0;2.0;7.0;4.0;2.0;4.0;0.0;2.0;5.0;5.0;4.0;8.0;5.0;8.0;5.0;2.0;2.0;0.0
31533084001;0.0;0.0;0.0;0.0;0.0;0.0;0.0;0.0;0.0;0.0;0.0;0.0;0.0;1.0;0.0;0.0;0.0;0.0
31533085001;0.0;0.0;0.0;0.0;0.0;1.0;0.0;0.0;0.0;0.0;0.0;1.0;0.0;0.0;1.0;0.0;0.0;0.0
31533096001;1.0;0.0;1.0;0.0;0.0;0.0;0.0;0.0;1.0;0.0;0.0;0.0;0.0;0.0;0.0;0.0;0.0;0.0
31533097001;0.0;0.0;0.0;0.0;0.0;1.0;0.0;0.0;2.0;0.0;0.0;0.0;2.0;0.0;0.0;0.0;0.0;0.0
31533309001;1.0;0.0;2.0;0.0;0.0;1.0;0.0;1.0;0.0;0.0;0.0;1.0;0.0;0.0;2.0;0.0;0.0;0.0
31543032001;0.0;1.0;0.0;0.0;0.0;0.0;0.0;0.0;0.0;0.0;0.0;0.0;0.0;0.0;0.0;0.0;0.0;0.0
31545011001;0.0;1.0;0.0;0.0;0.0;0.0;0.0;0.0;0.0;1.0;1.0;1.0;1.0;0.0;0.0;0.0;0.0;0.0
31546020001;0.0;2.0;1.0;0.0;1.0;0.0;0.0;1.0;1.0;0.0;1.0;1.0;0.0;0.0;0.0;0.0;0.0;0.0
31552006001;1.0;1.0;0.0;0.0;0.0;0.0;0.0;0.0;0.0;0.0;0.0;0.0;0.0;0.0;0.0;0.0;0.0;0.0
31553006001;1.0;1.0;1.0;0.0;1.0;0.0;0.0;1.0;1.0;1.0;0.0;0.0;0.0;1.0;0.0;0.0;0.0;0.0
31556012001;0.0;0.0;1.0;0.0;0.0;0.0;0.0;0.0;0.0;0.0;0.0;0.0;0.0;0.0;0.0;0.0;0.0;0.0
31563039001;0.0;0.0;0.0;0.0;0.0;0.0;0.0;1.0;0.0;0.0;0.0;0.0;0.0;0.0;0.0;0.0;0.0;0.0
31564005001;0.0;0.0;0.0;0.0;1.0;0.0;0.0;1.0;0.0;0.0;1.0;0.0;0.0;1.0;1.0;0.0;0.0;0.0
31564007001;0.0;0.0;0.0;0.0;0.0;0.0;0.0;0.0;0.0;0.0;1.0;0.0;0.0;1.0;0.0;1.0;2.0;0.0
31567004001;0.0;0.0;0.0;0.0;0.0;0.0;0.0;0.0;0.0;0.0;1.0;1.0;1.0;0.0;1.0;0.0;0.0;0.0
31567010001;0.0;0.0;0.0;0.0;0.0;0.0;0.0;0.0;1.0;0.0;0.0;0.0;2.0;0.0;1.0;0.0;0.0;0.0
31567018001;1.0;1.0;0.0;0.0;1.0;0.0;0.0;2.0;5.0;7.0;4.0;6.0;2.0;0.0;0.0;1.0;0.0;0.0
31567025001;0.0;1.0;0.0;0.0;0.0;0.0;0.0;0.0;4.0;4.0;1.0;5.0;2.0;3.0;0.0;0.0;0.0;0.0
31567030001;0.0;1.0;0.0;0.0;0.0;0.0;0.0;0.0;0.0;0.0;0.0;0.0;3.0;0.0;0.0;0.0;0.0;0.0
31567031001;1.0;1.0;0.0;0.0;1.0;0.0;0.0;1.0;2.0;3.0;2.0;10.0;3.0;6.0;0.0;0.0;3.0;0.0
31567037001;0.0;0.0;1.0;0.0;0.0;1.0;0.0;0.0;1.0;0.0;0.0;0.0;1.0;0.0;0.0;0.0;0.0;0.0
31567051001;0.0;0.0;0.0;0.0;0.0;0.0;0.0;1.0;0.0;0.0;0.0;0.0;0.0;0.0;0.0;0.0;0.0;0.0
31567052001;2.0;3.0;0.0;1.0;3.0;0.0;1.0;4.0;3.0;2.0;2.0;1.0;1.0;2.0;0.0;1.0;1.0;0.0
31567056001;0.0;1.0;0.0;0.0;0.0;0.0;0.0;1.0;0.0;0.0;0.0;0.0;0.0;0.0;0.0;0.0;0.0;0.0
31568007001;0.0;0.0;1.0;0.0;0.0;1.0;0.0;0.0;0.0;0.0;1.0;0.0;0.0;0.0;0.0;0.0;0.0;0.0
31568011001;0.0;0.0;0.0;0.0;1.0;0.0;0.0;0.0;0.0;2.0;1.0;0.0;0.0;2.0;1.0;0.0;0.0;0.0
31568012001;0.0;1.0;1.0;0.0;0.0;0.0;0.0;1.0;0.0;0.0;0.0;3.0;0.0;1.0;0.0;0.0;1.0;0.0
31568016001;2.0;3.0;1.0;1.0;0.0;2.0;1.0;1.0;1.0;0.0;0.0;0.0;1.0;0.0;0.0;0.0;1.0;0.0
31568019001;2.0;3.0;0.0;2.0;0.0;1.0;1.0;4.0;2.0;0.0;2.0;0.0;1.0;3.0;0.0;0.0;1.0;0.0
31568028001;1.0;2.0;3.0;0.0;0.0;0.0;1.0;0.0;2.0;1.0;2.0;0.0;1.0;1.0;0.0;0.0;1.0;0.0
31568043001;0.0;0.0;0.0;0.0;0.0;0.0;0.0;0.0;0.0;0.0;0.0;0.0;1.0;1.0;0.0;0.0;1.0;0.0
31580049002;0.0;0.0;0.0;0.0;0.0;0.0;0.0;0.0;1.0;0.0;0.0;0.0;0.0;0.0;0.0;0.0;0.0;0.0
31602059001;1.0;0.0;0.0;0.0;0.0;0.0;0.0;0.0;0.0;0.0;0.0;0.0;0.0;0.0;0.0;0.0;0.0;0.0
31607015001;0.0;1.0;0.0;0.0;0.0;0.0;0.0;1.0;1.0;0.0;0.0;1.0;0.0;0.0;0.0;0.0;0.0;0.0
31611044001;0.0;0.0;1.0;1.0;0.0;0.0;0.0;0.0;0.0;0.0;0.0;0.0;0.0;1.0;0.0;0.0;0.0;0.0
31611047001;1.0;0.0;0.0;0.0;0.0;0.0;0.0;1.0;2.0;0.0;0.0;0.0;2.0;0.0;0.0;0.0;0.0;0.0
31623006001;0.0;0.0;1.0;2.0;1.0;1.0;0.0;0.0;0.0;1.0;0.0;0.0;1.0;0.0;0.0;0.0;0.0;0.0
31623026001;0.0;1.0;0.0;1.0;1.0;0.0;0.0;2.0;1.0;1.0;0.0;0.0;0.0;0.0;0.0;0.0;0.0;0.0
31623898001;1.0;1.0;2.0;0.0;0.0;1.0;1.0;1.0;0.0;1.0;0.0;0.0;0.0;0.0;0.0;0.0;0.0;0.0
31623904001;0.0;0.0;0.0;1.0;0.0;0.0;0.0;0.0;0.0;0.0;1.0;0.0;0.0;2.0;1.0;0.0;0.0;0.0
31628003001;0.0;0.0;0.0;0.0;0.0;0.0;0.0;1.0;0.0;1.0;0.0;0.0;0.0;0.0;0.0;0.0;0.0;0.0
31644022001;0.0;0.0;0.0;0.0;1.0;0.0;0.0;0.0;2.0;0.0;0.0;0.0;0.0;0.0;0.0;0.0;0.0;0.0
31707014001;0.0;0.0;0.0;0.0;0.0;0.0;0.0;0.0;1.0;0.0;1.0;0.0;0.0;1.0;1.0;1.0;1.0;0.0
31707041001;0.0;0.0;1.0;0.0;0.0;0.0;0.0;0.0;0.0;0.0;0.0;0.0;0.0;0.0;0.0;0.0;0.0;0.0
31707055001;0.0;1.0;0.0;0.0;0.0;0.0;0.0;0.0;0.0;0.0;0.0;1.0;0.0;0.0;1.0;0.0;0.0;0.0
31707075001;0.0;0.0;0.0;0.0;0.0;0.0;0.0;0.0;1.0;0.0;0.0;2.0;1.0;0.0;0.0;0.0;0.0;0.0
31707076001;0.0;1.0;0.0;0.0;0.0;0.0;0.0;0.0;1.0;1.0;0.0;1.0;0.0;0.0;0.0;0.0;0.0;0.0
31707086001;0.0;0.0;0.0;0.0;0.0;0.0;0.0;0.0;0.0;0.0;0.0;0.0;1.0;1.0;0.0;0.0;0.0;0.0
31709944001;0.0;0.0;0.0;0.0;1.0;0.0;0.0;0.0;0.0;0.0;0.0;0.0;1.0;0.0;0.0;0.0;0.0;0.0
31709974001;0.0;0.0;1.0;0.0;0.0;0.0;0.0;1.0;3.0;2.0;3.0;2.0;1.0;1.0;2.0;0.0;0.0;0.0
31762003001;0.0;0.0;0.0;2.0;0.0;0.0;0.0;0.0;0.0;0.0;0.0;0.0;0.0;0.0;0.0;0.0;0.0;0.0
31762007001;0.0;1.0;1.0;0.0;0.0;0.0;0.0;2.0;0.0;0.0;0.0;0.0;0.0;0.0;0.0;1.0;0.0;0.0
31762009001;1.0;0.0;0.0;0.0;1.0;0.0;0.0;0.0;1.0;0.0;0.0;0.0;0.0;1.0;2.0;0.0;0.0;0.0
31762901001;0.0;0.0;0.0;0.0;1.0;0.0;0.0;0.0;0.0;0.0;0.0;0.0;0.0;0.0;1.0;0.0;0.0;0.0
31821064001;0.0;0.0;0.0;0.0;0.0;0.0;0.0;0.0;0.0;0.0;0.0;0.0;0.0;1.0;1.0;0.0;0.0;0.0
31821065001;0.0;1.0;1.0;0.0;0.0;0.0;0.0;1.0;0.0;0.0;0.0;0.0;0.0;0.0;1.0;0.0;1.0;0.0
31822063001;0.0;0.0;0.0;0.0;0.0;1.0;0.0;0.0;1.0;1.0;0.0;0.0;0.0;0.0;1.0;0.0;0.0;0.0
31822064001;0.0;1.0;0.0;1.0;0.0;0.0;0.0;0.0;3.0;1.0;1.0;0.0;1.0;1.0;2.0;0.0;1.0;0.0
31827020001;0.0;0.0;0.0;0.0;0.0;0.0;0.0;0.0;0.0;0.0;0.0;1.0;0.0;0.0;0.0;0.0;2.0;0.0
31827023001;2.0;0.0;1.0;0.0;0.0;2.0;0.0;1.0;3.0;0.0;2.0;1.0;2.0;1.0;3.0;2.0;1.0;0.0
31912024001;1.0;1.0;2.0;1.0;1.0;0.0;0.0;0.0;0.0;0.0;0.0;0.0;0.0;0.0;0.0;0.0;0.0;0.0
31912036001;1.0;1.0;1.0;0.0;0.0;0.0;0.0;1.0;0.0;0.0;1.0;1.0;0.0;0.0;0.0;0.0;0.0;0.0
31914003001;1.0;0.0;0.0;0.0;0.0;0.0;1.0;0.0;0.0;1.0;3.0;1.0;0.0;0.0;1.0;0.0;2.0;0.0
32400180001;2.0;1.0;1.0;0.0;0.0;1.0;0.0;1.0;0.0;0.0;0.0;0.0;0.0;0.0;1.0;0.0;0.0;0.0
32410009001;1.0;1.0;0.0;0.0;0.0;0.0;0.0;1.0;1.0;1.0;0.0;0.0;0.0;0.0;0.0;1.0;1.0;0.0
32410016001;0.0;1.0;0.0;0.0;0.0;0.0;0.0;1.0;0.0;0.0;0.0;0.0;0.0;0.0;1.0;0.0;0.0;0.0
32410019001;0.0;0.0;0.0;0.0;0.0;0.0;0.0;0.0;0.0;0.0;0.0;0.0;0.0;1.0;0.0;0.0;0.0;0.0
32410022001;0.0;0.0;0.0;0.0;0.0;0.0;0.0;1.0;0.0;0.0;0.0;0.0;0.0;0.0;0.0;0.0;0.0;0.0
32410035001;0.0;1.0;1.0;1.0;0.0;0.0;1.0;0.0;0.0;0.0;0.0;0.0;0.0;1.0;0.0;0.0;0.0;0.0
32410102001;0.0;1.0;0.0;0.0;0.0;0.0;0.0;0.0;0.0;0.0;1.0;0.0;0.0;0.0;0.0;0.0;1.0;0.0
32420004001;0.0;0.0;0.0;0.0;0.0;0.0;0.0;0.0;0.0;0.0;0.0;1.0;0.0;0.0;0.0;0.0;0.0;0.0
32420014001;1.0;0.0;0.0;0.0;0.0;0.0;0.0;0.0;0.0;0.0;0.0;1.0;0.0;0.0;0.0;0.0;0.0;0.0
32420015001;1.0;0.0;0.0;0.0;0.0;0.0;0.0;0.0;0.0;0.0;0.0;0.0;0.0;0.0;0.0;0.0;0.0;0.0
32421010001;0.0;0.0;0.0;0.0;0.0;0.0;0.0;0.0;0.0;0.0;1.0;0.0;0.0;0.0;0.0;0.0;0.0;0.0
32421016001;0.0;0.0;0.0;0.0;0.0;0.0;0.0;1.0;0.0;0.0;0.0;0.0;0.0;0.0;0.0;0.0;0.0;0.0
32424001001;0.0;0.0;0.0;0.0;0.0;0.0;0.0;1.0;0.0;0.0;1.0;0.0;0.0;0.0;0.0;0.0;0.0;0.0
32431010001;0.0;0.0;0.0;0.0;0.0;0.0;0.0;0.0;0.0;0.0;0.0;1.0;0.0;0.0;1.0;0.0;1.0;0.0
32431020001;1.0;0.0;0.0;0.0;0.0;0.0;0.0;0.0;0.0;0.0;0.0;0.0;0.0;0.0;0.0;0.0;0.0;0.0
32431035001;0.0;0.0;0.0;2.0;1.0;0.0;0.0;2.0;0.0;0.0;0.0;0.0;1.0;0.0;0.0;0.0;1.0;0.0
32470079001;0.0;0.0;0.0;0.0;0.0;1.0;0.0;0.0;0.0;0.0;0.0;0.0;0.0;0.0;0.0;0.0;0.0;0.0
32470093001;1.0;0.0;0.0;0.0;0.0;1.0;0.0;0.0;0.0;0.0;0.0;0.0;0.0;0.0;1.0;0.0;1.0;0.0
32500008001;0.0;0.0;0.0;0.0;0.0;0.0;0.0;0.0;0.0;2.0;0.0;1.0;0.0;0.0;0.0;1.0;0.0;0.0
32501007001;0.0;1.0;0.0;0.0;0.0;0.0;0.0;0.0;2.0;0.0;0.0;0.0;0.0;0.0;0.0;0.0;0.0;0.0
32501008001;0.0;0.0;0.0;0.0;0.0;0.0;0.0;0.0;1.0;1.0;0.0;0.0;0.0;0.0;0.0;0.0;0.0;0.0
32501100001;0.0;1.0;0.0;0.0;0.0;0.0;0.0;0.0;2.0;0.0;4.0;1.0;0.0;0.0;1.0;3.0;1.0;0.0
32502011001;0.0;0.0;0.0;0.0;0.0;0.0;0.0;1.0;0.0;0.0;0.0;0.0;0.0;0.0;0.0;0.0;0.0;0.0
32503007003;0.0;1.0;0.0;0.0;0.0;0.0;0.0;0.0;0.0;0.0;0.0;0.0;0.0;0.0;0.0;0.0;0.0;0.0
32503008003;0.0;0.0;0.0;0.0;1.0;0.0;0.0;0.0;0.0;0.0;0.0;0.0;0.0;0.0;0.0;0.0;0.0;0.0
32503035001;0.0;0.0;0.0;0.0;0.0;0.0;0.0;0.0;0.0;0.0;0.0;0.0;0.0;0.0;0.0;0.0;1.0;0.0
32504024001;1.0;0.0;0.0;0.0;0.0;0.0;0.0;0.0;0.0;0.0;0.0;0.0;0.0;0.0;0.0;0.0;0.0;0.0
32504025002;0.0;0.0;1.0;1.0;0.0;0.0;0.0;0.0;1.0;0.0;0.0;0.0;0.0;0.0;0.0;0.0;0.0;0.0
32504043005;0.0;1.0;2.0;0.0;0.0;0.0;0.0;0.0;1.0;0.0;0.0;0.0;0.0;0.0;0.0;0.0;0.0;0.0
32510002001;0.0;0.0;1.0;0.0;0.0;0.0;0.0;0.0;0.0;0.0;0.0;0.0;0.0;0.0;0.0;0.0;0.0;0.0
32511012001;1.0;0.0;0.0;1.0;0.0;0.0;0.0;0.0;0.0;0.0;3.0;0.0;0.0;0.0;0.0;0.0;0.0;0.0
32511021001;0.0;0.0;0.0;0.0;0.0;0.0;0.0;1.0;0.0;0.0;0.0;0.0;0.0;0.0;0.0;0.0;0.0;0.0
32514005001;0.0;0.0;0.0;0.0;0.0;0.0;0.0;0.0;0.0;0.0;1.0;0.0;0.0;0.0;0.0;0.0;0.0;0.0
32517006001;0.0;0.0;0.0;0.0;0.0;1.0;0.0;0.0;2.0;0.0;0.0;0.0;0.0;0.0;0.0;0.0;0.0;0.0
32517009001;0.0;0.0;0.0;0.0;0.0;0.0;0.0;0.0;1.0;0.0;0.0;0.0;0.0;0.0;0.0;0.0;0.0;0.0
32523001001;0.0;0.0;0.0;0.0;0.0;0.0;0.0;0.0;0.0;0.0;0.0;0.0;1.0;0.0;0.0;0.0;0.0;0.0
32524032001;1.0;0.0;0.0;0.0;0.0;0.0;0.0;0.0;0.0;0.0;0.0;0.0;0.0;0.0;0.0;0.0;0.0;0.0
32600042001;0.0;0.0;0.0;0.0;0.0;0.0;0.0;0.0;0.0;2.0;0.0;0.0;0.0;0.0;0.0;0.0;0.0;0.0
33550920001;1.0;0.0;0.0;0.0;0.0;0.0;0.0;0.0;1.0;0.0;0.0;0.0;0.0;0.0;0.0;1.0;0.0;0.0
33550938001;0.0;0.0;0.0;0.0;0.0;0.0;1.0;3.0;5.0;3.0;1.0;1.0;1.0;0.0;1.0;2.0;5.0;0.0
33551004001;1.0;1.0;1.0;0.0;1.0;0.0;0.0;1.0;0.0;0.0;0.0;0.0;1.0;0.0;3.0;0.0;0.0;0.0
33551902001;0.0;0.0;1.0;3.0;1.0;0.0;1.0;1.0;0.0;0.0;0.0;0.0;0.0;0.0;2.0;2.0;3.0;0.0
33551908001;3.0;1.0;0.0;1.0;0.0;1.0;2.0;1.0;0.0;2.0;0.0;2.0;1.0;1.0;2.0;1.0;0.0;0.0
35131010001;0.0;0.0;0.0;0.0;0.0;0.0;0.0;0.0;0.0;0.0;0.0;0.0;1.0;1.0;0.0;0.0;0.0;0.0
35301005001;0.0;2.0;2.0;0.0;0.0;0.0;0.0;2.0;0.0;0.0;1.0;0.0;2.0;1.0;0.0;0.0;1.0;0.0
35301020001;0.0;0.0;0.0;0.0;0.0;0.0;0.0;0.0;0.0;0.0;0.0;1.0;0.0;0.0;0.0;0.0;0.0;0.0
35302003001;0.0;0.0;0.0;0.0;0.0;0.0;0.0;0.0;0.0;0.0;1.0;0.0;0.0;0.0;0.0;0.0;1.0;0.0
35302015001;0.0;0.0;0.0;0.0;1.0;0.0;0.0;0.0;0.0;0.0;1.0;0.0;0.0;0.0;0.0;0.0;0.0;0.0
35302040001;0.0;0.0;2.0;0.0;0.0;0.0;0.0;0.0;0.0;1.0;0.0;0.0;0.0;0.0;0.0;0.0;0.0;0.0
35307005001;0.0;0.0;0.0;0.0;0.0;0.0;0.0;0.0;0.0;1.0;0.0;0.0;0.0;0.0;0.0;0.0;0.0;0.0
35307925001;0.0;0.0;0.0;0.0;0.0;0.0;0.0;0.0;0.0;0.0;0.0;1.0;0.0;1.0;0.0;0.0;0.0;0.0
35311004001;0.0;0.0;1.0;0.0;0.0;0.0;0.0;0.0;0.0;0.0;0.0;0.0;0.0;0.0;1.0;0.0;0.0;0.0
35750013001;0.0;0.0;1.0;0.0;0.0;0.0;0.0;0.0;0.0;1.0;0.0;2.0;0.0;0.0;0.0;0.0;0.0;0.0
35751018001;0.0;0.0;0.0;0.0;0.0;0.0;0.0;0.0;1.0;0.0;0.0;0.0;1.0;0.0;0.0;1.0;0.0;0.0
35751019001;0.0;0.0;1.0;0.0;0.0;1.0;2.0;1.0;2.0;2.0;2.0;0.0;1.0;1.0;1.0;1.0;0.0;0.0
35751021001;0.0;0.0;0.0;0.0;0.0;0.0;0.0;0.0;2.0;0.0;0.0;1.0;0.0;0.0;0.0;0.0;0.0;0.0
35752005001;1.0;0.0;0.0;0.0;0.0;0.0;0.0;0.0;0.0;0.0;0.0;0.0;0.0;0.0;0.0;0.0;0.0;0.0
41100017001;1.0;0.0;1.0;1.0;0.0;0.0;0.0;0.0;0.0;0.0;0.0;0.0;0.0;0.0;0.0;0.0;0.0;0.0
41212906001;0.0;0.0;0.0;0.0;0.0;0.0;0.0;0.0;1.0;0.0;0.0;0.0;0.0;0.0;0.0;0.0;0.0;0.0
41223020001;0.0;0.0;0.0;0.0;0.0;0.0;2.0;0.0;0.0;0.0;1.0;0.0;0.0;0.0;0.0;0.0;0.0;0.0
41232047001;1.0;0.0;0.0;0.0;0.0;0.0;0.0;0.0;1.0;0.0;0.0;0.0;0.0;0.0;0.0;0.0;0.0;0.0
41232052001;0.0;0.0;0.0;0.0;0.0;0.0;0.0;0.0;0.0;0.0;0.0;0.0;0.0;0.0;0.0;0.0;1.0;0.0
41234002001;0.0;0.0;0.0;0.0;0.0;0.0;0.0;0.0;0.0;1.0;0.0;0.0;0.0;0.0;1.0;0.0;2.0;0.0
41234006001;0.0;0.0;0.0;0.0;0.0;0.0;0.0;0.0;0.0;0.0;0.0;0.0;1.0;0.0;0.0;0.0;1.0;0.0
41244001001;0.0;0.0;0.0;0.0;0.0;0.0;0.0;0.0;0.0;0.0;0.0;0.0;0.0;0.0;0.0;0.0;1.0;0.0
41300016001;0.0;0.0;0.0;0.0;0.0;0.0;0.0;0.0;0.0;6.0;1.0;1.0;1.0;1.0;4.0;2.0;0.0;0.0
41301002001;0.0;0.0;0.0;0.0;0.0;0.0;0.0;0.0;0.0;0.0;0.0;1.0;0.0;0.0;0.0;0.0;0.0;0.0
41302008001;0.0;0.0;0.0;0.0;0.0;0.0;0.0;0.0;1.0;0.0;0.0;0.0;0.0;1.0;0.0;0.0;0.0;0.0
41302901001;0.0;0.0;0.0;0.0;0.0;0.0;0.0;0.0;0.0;1.0;0.0;0.0;0.0;0.0;0.0;0.0;0.0;0.0
41303049001;0.0;0.0;0.0;1.0;0.0;0.0;1.0;0.0;0.0;0.0;0.0;0.0;0.0;0.0;0.0;0.0;0.0;0.0
41310001001;1.0;0.0;0.0;0.0;0.0;0.0;0.0;0.0;0.0;0.0;1.0;0.0;0.0;0.0;0.0;0.0;0.0;0.0
41313936001;1.0;0.0;0.0;0.0;0.0;1.0;0.0;0.0;0.0;0.0;0.0;0.0;1.0;0.0;0.0;0.0;0.0;0.0
41332022001;1.0;1.0;2.0;0.0;0.0;0.0;0.0;0.0;0.0;0.0;0.0;0.0;0.0;0.0;0.0;0.0;0.0;0.0
41333047001;0.0;0.0;0.0;0.0;1.0;0.0;0.0;0.0;0.0;0.0;0.0;0.0;0.0;0.0;0.0;0.0;0.0;0.0
41401011001;0.0;0.0;0.0;0.0;0.0;0.0;0.0;0.0;0.0;0.0;0.0;1.0;0.0;0.0;0.0;0.0;0.0;0.0
41401022001;0.0;0.0;0.0;0.0;0.0;0.0;0.0;0.0;0.0;0.0;0.0;0.0;0.0;0.0;0.0;0.0;1.0;0.0
41401031001;0.0;0.0;0.0;0.0;0.0;0.0;1.0;1.0;0.0;0.0;0.0;0.0;0.0;0.0;0.0;1.0;0.0;0.0
41401040001;0.0;0.0;0.0;0.0;0.0;0.0;0.0;1.0;0.0;0.0;0.0;0.0;0.0;0.0;0.0;0.0;0.0;0.0
41401071001;0.0;0.0;0.0;0.0;0.0;0.0;1.0;0.0;0.0;0.0;0.0;1.0;0.0;1.0;0.0;1.0;1.0;0.0
41414006001;0.0;0.0;0.0;0.0;1.0;0.0;0.0;0.0;1.0;0.0;0.0;0.0;0.0;1.0;0.0;0.0;1.0;0.0
41417013001;0.0;0.0;0.0;0.0;0.0;0.0;0.0;0.0;0.0;0.0;0.0;0.0;0.0;0.0;0.0;1.0;0.0;0.0
41420006001;0.0;1.0;0.0;0.0;0.0;0.0;0.0;0.0;0.0;0.0;0.0;0.0;0.0;0.0;0.0;0.0;0.0;0.0
41521020001;1.0;1.0;0.0;0.0;0.0;0.0;0.0;2.0;1.0;1.0;2.0;0.0;0.0;0.0;0.0;0.0;0.0;0.0
41522089001;0.0;0.0;0.0;0.0;0.0;0.0;0.0;1.0;2.0;0.0;0.0;0.0;0.0;0.0;0.0;0.0;0.0;0.0
41601014001;0.0;0.0;0.0;0.0;0.0;0.0;0.0;1.0;0.0;0.0;0.0;0.0;0.0;0.0;0.0;0.0;0.0;0.0
42014003001;0.0;1.0;0.0;0.0;0.0;0.0;0.0;0.0;0.0;0.0;0.0;0.0;1.0;0.0;0.0;0.0;0.0;0.0
42015012001;0.0;0.0;0.0;1.0;0.0;0.0;0.0;0.0;0.0;0.0;0.0;0.0;0.0;0.0;0.0;0.0;0.0;0.0
42613064002;0.0;0.0;0.0;0.0;0.0;0.0;0.0;0.0;0.0;0.0;0.0;0.0;1.0;0.0;2.0;0.0;0.0;0.0
60011899001;0.0;0.0;0.0;2.0;1.0;1.0;0.0;0.0;0.0;0.0;1.0;0.0;2.0;0.0;1.0;0.0;0.0;0.0
60014001010;1.0;0.0;0.0;0.0;0.0;0.0;0.0;0.0;0.0;0.0;0.0;0.0;0.0;0.0;0.0;1.0;2.0;0.0
61062008001;0.0;0.0;0.0;0.0;0.0;0.0;0.0;0.0;0.0;0.0;0.0;0.0;1.0;0.0;0.0;0.0;0.0;0.0
61063005002;0.0;0.0;0.0;0.0;0.0;0.0;0.0;1.0;0.0;0.0;0.0;0.0;0.0;0.0;0.0;0.0;0.0;0.0
61064012003;0.0;1.0;0.0;0.0;0.0;0.0;1.0;0.0;0.0;0.0;1.0;0.0;0.0;0.0;0.0;0.0;0.0;0.0
61064105002;0.0;0.0;0.0;0.0;0.0;0.0;0.0;0.0;0.0;0.0;0.0;0.0;1.0;0.0;0.0;0.0;1.0;0.0
61064195002;0.0;0.0;0.0;0.0;0.0;0.0;0.0;0.0;0.0;0.0;0.0;0.0;0.0;1.0;0.0;0.0;0.0;0.0
61080007004;0.0;1.0;0.0;0.0;0.0;0.0;0.0;0.0;0.0;0.0;0.0;0.0;0.0;0.0;0.0;0.0;0.0;0.0
61080010003;0.0;0.0;0.0;0.0;0.0;0.0;0.0;1.0;0.0;0.0;0.0;0.0;0.0;0.0;0.0;1.0;0.0;0.0
65011150001;0.0;0.0;0.0;0.0;0.0;0.0;0.0;0.0;0.0;0.0;0.0;0.0;0.0;0.0;1.0;0.0;0.0;0.0
65090016001;0.0;0.0;0.0;1.0;0.0;0.0;0.0;0.0;0.0;0.0;0.0;0.0;0.0;0.0;0.0;0.0;0.0;0.0
65106030001;0.0;0.0;1.0;0.0;1.0;0.0;0.0;2.0;4.0;3.0;2.0;2.0;2.0;2.0;7.0;2.0;0.0;0.0
65106036001;0.0;0.0;0.0;0.0;0.0;0.0;0.0;0.0;0.0;0.0;0.0;0.0;0.0;1.0;1.0;0.0;1.0;0.0
65106084001;0.0;1.0;0.0;0.0;0.0;0.0;0.0;0.0;0.0;0.0;1.0;0.0;0.0;1.0;1.0;0.0;1.0;0.0
