pod_id,pod_type,slot_id,slot_type,item,unusedColumn1,unusedColumn2,unusedColumn3,qty,max_qty,due_date,facing,pick_ind,item_weight,total_item_weight,item_pod_inventory_level,item_warehouse_inventory_level
0,4,0,3,2332,0,0,0,13,13,99999,0,0,0.7075,9.1975,0.4,0.4
0,4,1,3,1103,0,0,0,4,4,99999,0,0,0.354167,1.416668,0.4,0.4
0,4,2,3,2967,0,0,0,26,26,99999,0,0,0.535,13.91,0.4,0.4
0,4,3,3,2963,0,0,0,2,2,99999,0,0,0.582083,1.164166,0.4,0.4
0,4,4,3,2768,0,0,0,48,48,99999,0,0,0.408583,19.611984,0.4,0.4
0,4,5,3,2336,0,0,0,5,5,99999,0,0,0.665,3.325,0.4,0.4
0,4,6,3,2208,0,0,0,84,84,99999,0,0,0.27,22.68,0.4,0.4
0,4,7,3,1755,0,0,0,2,2,99999,0,0,0.2,0.4,0.4,0.4
0,4,8,3,432,0,0,0,2,2,99999,0,0,0.875,1.75,0.4,0.4
0,4,9,3,671,0,0,0,6,6,99999,0,0,2.0,12.0,0.4,0.4
0,4,10,3,316,0,0,0,20,20,99999,0,0,6.195,123.9,0.4,0.4
0,4,11,3,345,0,0,0,16,16,99999,0,0,2.125,34.0,0.4,0.4
0,4,12,3,441,0,0,0,1,1,99999,0,0,0.376167,0.376167,0.4,0.4
0,4,13,3,854,0,0,0,3,3,99999,0,0,0.339583,1.018749,0.4,0.4
0,4,14,3,451,0,0,0,9,9,99999,0,0,0.5725,5.1525,0.4,0.4
0,4,15,3,1211,0,0,0,4,4,99999,0,0,0.955,3.82,0.4,0.4
0,4,16,3,3037,0,0,0,3,3,99999,0,0,0.582083,1.746249,0.4,0.4
0,4,17,3,2670,0,0,0,8,8,99999,0,0,0.535,4.28,0.4,0.4
0,4,18,3,847,0,0,0,30,30,99999,0,0,0.084306,2.52918,0.4,0.4
0,4,19,3,2157,0,0,0,1,1,99999,0,0,0.453333,0.453333,0.4,0.4
0,4,20,3,15,0,0,0,45,45,99999,0,0,2.086667,93.900015,0.4,0.4
0,4,21,3,1315,0,0,0,39,39,99999,0,0,0.178333,6.954987,0.4,0.4
0,4,22,3,1549,0,0,0,60,60,99999,0,0,0.454,27.24,0.4,0.4
0,4,23,3,81,0,0,0,96,96,99999,0,0,1.35,129.6,0.4,0.4
0,4,24,3,1870,0,0,0,2,2,99999,0,0,0.13875,0.2775,0.4,0.4
0,4,25,3,136,0,0,0,54,54,99999,0,0,0.36375,19.6425,0.4,0.4
0,4,26,3,1671,0,0,0,28,28,99999,0,0,0.3725,10.43,0.4,0.4
0,4,27,3,484,0,0,0,2,2,99999,0,0,0.175,0.35,0.4,0.4
0,4,28,3,2533,0,0,0,13,13,99999,0,0,0.930833,12.100829,0.4,0.4
0,4,29,3,1391,0,0,0,5,5,99999,0,0,0.185,0.925,0.4,0.4
0,4,30,3,37,0,0,0,60,60,99999,0,0,2.171667,130.30002,0.4,0.4
0,4,31,3,183,0,0,0,8,8,99999,0,0,2.6025,20.82,0.4,0.4
0,4,32,3,974,0,0,0,6,6,99999,0,0,0.134167,0.805002,0.4,0.4
0,4,33,3,1414,0,0,0,7,7,99999,0,0,0.88,6.16,0.4,0.4
0,4,34,3,862,0,0,0,5,5,99999,0,0,0.305556,1.52778,0.4,0.4
0,4,35,3,689,0,0,0,6,6,99999,0,0,2.123333,12.739998,0.4,0.4
0,4,36,3,1763,0,0,0,4,4,99999,0,0,0.125833,0.503332,0.4,0.4
0,4,37,3,412,0,0,0,5,5,99999,0,0,0.6175,3.0875,0.4,0.4
0,4,38,3,861,0,0,0,4,4,99999,0,0,0.825,3.3,0.4,0.4
0,4,39,3,2847,0,0,0,84,84,99999,0,0,0.535,44.94,0.4,0.4
1,4,0,3,2571,0,0,0,8,8,99999,0,0,1.248333,9.986664,0.4,0.4
1,4,1,3,1482,0,0,0,4,4,99999,0,0,0.3275,1.31,0.4,0.4
1,4,2,3,1390,0,0,0,5,5,99999,0,0,0.184167,0.920835,0.4,0.4
1,4,3,3,822,0,0,0,2,2,99999,0,0,0.555556,1.111112,0.4,0.4
1,4,4,3,826,0,0,0,2,2,99999,0,0,0.595,1.19,0.4,0.4
1,4,5,3,30,0,0,0,336,336,99999,0,0,0.398333,133.839888,0.4,0.4
1,4,6,3,1256,0,0,0,6,6,99999,0,0,0.116833,0.700998,0.4,0.4
1,4,7,3,2806,0,0,0,6,6,99999,0,0,0.408583,2.451498,0.4,0.4
1,4,8,3,2592,0,0,0,6,6,99999,0,0,0.833333,4.999998,0.4,0.4
1,4,9,3,2449,0,0,0,3,3,99999,0,0,0.733333,2.199999,0.4,0.4
1,4,10,3,270,0,0,0,64,64,99999,0,0,2.13375,136.56,0.4,0.4
1,4,11,3,1067,0,0,0,6,6,99999,0,0,0.013889,0.083334,0.4,0.4
1,4,12,3,2907,0,0,0,2,2,99999,0,0,0.582083,1.164166,0.4,0.4
1,4,13,3,2134,0,0,0,4,4,99999,0,0,0.930833,3.723332,0.4,0.4
1,4,14,3,2870,0,0,0,1,1,99999,0,0,0.582083,0.582083,0.4,0.4
1,4,15,3,1423,0,0,0,11,11,99999,0,0,0.196667,2.163337,0.4,0.4
1,4,16,3,2129,0,0,0,18,18,99999,0,0,2.165,38.97,0.4,0.4
1,4,17,3,2185,0,0,0,14,14,99999,0,0,1.036,14.504,0.4,0.4
1,4,18,3,1141,0,0,0,5,5,99999,0,0,0.135667,0.678335,0.4,0.4
1,4,19,3,2883,0,0,0,4,4,99999,0,0,0.582083,2.328332,0.4,0.4
1,4,20,3,628,0,0,0,5,5,99999,0,0,4.7875,23.9375,0.4,0.4
1,4,21,3,1932,0,0,0,9,9,99999,0,0,0.2125,1.9125,0.4,0.4
1,4,22,3,1414,0,0,0,13,13,99999,0,0,0.88,11.44,0.4,0.4
1,4,23,3,763,0,0,0,5,5,99999,0,0,2.223667,11.118335,0.4,0.4
1,4,24,3,1428,0,0,0,6,6,99999,0,0,0.241667,1.450002,0.4,0.4
1,4,25,3,2777,0,0,0,42,42,99999,0,0,0.408583,17.160486,0.4,0.4
1,4,26,3,1181,0,0,0,11,11,99999,0,0,0.1375,1.5125,0.4,0.4
1,4,27,3,1717,0,0,0,5,5,99999,0,0,0.326,1.63,0.4,0.4
1,4,28,3,144,0,0,0,116,116,99999,0,0,0.668333,77.526628,0.4,0.4
1,4,29,3,1285,0,0,0,11,11,99999,0,0,0.224167,2.465837,0.4,0.4
1,4,30,3,1442,0,0,0,96,96,99999,0,0,0.102083,9.799968,0.4,0.4
1,4,31,3,1669,0,0,0,7,7,99999,0,0,0.181667,1.271669,0.4,0.4
1,4,32,3,1240,0,0,0,2,2,99999,0,0,0.6975,1.395,0.4,0.4
1,4,33,3,1769,0,0,0,6,6,99999,0,0,0.0825,0.495,0.4,0.4
1,4,34,3,1944,0,0,0,19,19,99999,0,0,0.365,6.935,0.4,0.4
1,4,35,3,2357,0,0,0,1,1,99999,0,0,0.3915,0.3915,0.4,0.4
1,4,36,3,1768,0,0,0,4,4,99999,0,0,0.112,0.448,0.4,0.4
1,4,37,3,370,0,0,0,192,192,99999,0,0,0.645,123.84,0.4,0.4
1,4,38,3,1228,0,0,0,4,4,99999,0,0,2.9425,11.77,0.4,0.4
1,4,39,3,1049,0,0,0,10,10,99999,0,0,0.472333,4.72333,0.4,0.4
2,4,0,3,175,0,0,0,6,6,99999,0,0,2.67,16.02,0.4,0.4
2,4,1,3,95,0,0,0,474,474,99999,0,0,0.27625,130.9425,0.4,0.4
2,4,2,3,217,0,0,0,88,88,99999,0,0,0.662083,58.263304,0.4,0.4
2,4,3,3,226,0,0,0,540,540,99999,0,0,0.2775,149.85,0.4,0.4
2,4,4,3,801,0,0,0,2,2,99999,0,0,1.167833,2.335666,0.4,0.4
2,4,5,3,1827,0,0,0,40,40,99999,0,0,0.041979,1.67916,0.4,0.4
2,4,6,3,754,0,0,0,3,3,99999,0,0,0.839,2.517,0.4,0.4
2,4,7,3,2682,0,0,0,36,36,99999,0,0,0.535,19.26,0.4,0.4
2,4,8,3,1309,0,0,0,16,16,99999,0,0,0.288333,4.613328,0.4,0.4
2,4,9,3,880,0,0,0,3,3,99999,0,0,1.183333,3.549999,0.4,0.4
2,4,10,3,1397,0,0,0,19,19,99999,0,0,0.291667,5.541673,0.4,0.4
2,4,11,3,1632,0,0,0,28,28,99999,0,0,0.26,7.28,0.4,0.4
2,4,12,3,357,0,0,0,24,24,99999,0,0,1.225,29.4,0.4,0.4
2,4,13,3,1051,0,0,0,16,16,99999,0,0,0.2125,3.4,0.4,0.4
2,4,14,3,1213,0,0,0,8,8,99999,0,0,1.22,9.76,0.4,0.4
2,4,15,3,1,0,0,0,60,60,99999,0,0,2.218333,133.09998,0.4,0.4
2,4,16,3,2226,0,0,0,210,210,99999,0,0,0.108,22.68,0.4,0.4
2,4,17,3,1928,0,0,0,2,2,99999,0,0,0.73,1.46,0.4,0.4
2,4,18,3,8,0,0,0,96,96,99999,0,0,0.281667,27.040032,0.4,0.4
2,4,19,3,2440,0,0,0,6,6,99999,0,0,0.4775,2.865,0.4,0.4
2,4,20,3,1094,0,0,0,34,34,99999,0,0,0.041667,1.416678,0.4,0.4
2,4,21,3,788,0,0,0,1,1,99999,0,0,0.725833,0.725833,0.4,0.4
2,4,22,3,1407,0,0,0,18,18,99999,0,0,0.1325,2.385,0.4,0.4
2,4,23,3,2284,0,0,0,93,93,99999,0,0,0.175833,16.352469,0.4,0.4
2,4,24,3,1946,0,0,0,49,49,99999,0,0,0.13,6.37,0.4,0.4
2,4,25,3,2773,0,0,0,30,30,99999,0,0,0.535,16.05,0.4,0.4
2,4,26,3,2631,0,0,0,7,7,99999,0,0,0.535,3.745,0.4,0.4
2,4,27,3,2257,0,0,0,12,12,99999,0,0,0.238333,2.859996,0.4,0.4
2,4,28,3,1566,0,0,0,21,21,99999,0,0,0.373333,7.839993,0.4,0.4
2,4,29,3,655,0,0,0,36,36,99999,0,0,2.168333,78.059988,0.4,0.4
2,4,30,3,147,0,0,0,84,84,99999,0,0,1.648333,138.459972,0.4,0.4
2,4,31,3,2417,0,0,0,16,16,99999,0,0,0.050417,0.806672,0.4,0.4
2,4,32,3,2279,0,0,0,65,65,99999,0,0,0.104333,6.781645,0.4,0.4
2,4,33,3,402,0,0,0,4,4,99999,0,0,1.116667,4.466668,0.4,0.4
2,4,34,3,2987,0,0,0,3,3,99999,0,0,0.582083,1.746249,0.4,0.4
2,4,35,3,778,0,0,0,2,2,99999,0,0,1.188333,2.376666,0.4,0.4
2,4,36,3,949,0,0,0,4,4,99999,0,0,0.8125,3.25,0.4,0.4
2,4,37,3,15,0,0,0,60,60,99999,0,0,2.086667,125.20002,0.4,0.4
2,4,38,3,399,0,0,0,2,2,99999,0,0,2.333333,4.666666,0.4,0.4
2,4,39,3,2405,0,0,0,6,6,99999,0,0,0.158333,0.949998,0.4,0.4
3,4,0,3,208,0,0,0,168,168,99999,0,0,0.65,109.2,0.4,0.4
3,4,1,3,2128,0,0,0,20,20,99999,0,0,1.492667,29.85334,0.4,0.4
3,4,2,3,1228,0,0,0,4,4,99999,0,0,2.9425,11.77,0.4,0.4
3,4,3,3,2614,0,0,0,12,12,99999,0,0,0.535,6.42,0.4,0.4
3,4,4,3,717,0,0,0,4,4,99999,0,0,1.97,7.88,0.4,0.4
3,4,5,3,528,0,0,0,1,1,99999,0,0,1.1375,1.1375,0.4,0.4
3,4,6,3,2005,0,0,0,2,2,99999,0,0,0.4325,0.865,0.4,0.4
3,4,7,3,2807,0,0,0,3,3,99999,0,0,0.408583,1.225749,0.4,0.4
3,4,8,3,1857,0,0,0,3,3,99999,0,0,0.071667,0.215001,0.4,0.4
3,4,9,3,1298,0,0,0,43,43,99999,0,0,0.441,18.963,0.4,0.4
3,4,10,3,1598,0,0,0,2,2,99999,0,0,0.291667,0.583334,0.4,0.4
3,4,11,3,1010,0,0,0,15,15,99999,0,0,0.118333,1.774995,0.4,0.4
3,4,12,3,1286,0,0,0,27,27,99999,0,0,0.099,2.673,0.4,0.4
3,4,13,3,2562,0,0,0,6,6,99999,0,0,0.918333,5.509998,0.4,0.4
3,4,14,3,1766,0,0,0,42,42,99999,0,0,0.213,8.946,0.4,0.4
3,4,15,3,2216,0,0,0,95,95,99999,0,0,0.132667,12.603365,0.4,0.4
3,4,16,3,171,0,0,0,24,24,99999,0,0,0.388333,9.319992,0.4,0.4
3,4,17,3,1625,0,0,0,4,4,99999,0,0,0.592222,2.368888,0.4,0.4
3,4,18,3,2249,0,0,0,4,4,99999,0,0,0.561667,2.246668,0.4,0.4
3,4,19,3,2060,0,0,0,6,6,99999,0,0,0.547167,3.283002,0.4,0.4
3,4,20,3,978,0,0,0,4,4,99999,0,0,0.129,0.516,0.4,0.4
3,4,21,3,2707,0,0,0,15,15,99999,0,0,0.582083,8.731245,0.4,0.4
3,4,22,3,1230,0,0,0,96,96,99999,0,0,0.115625,11.1,0.4,0.4
3,4,23,3,2685,0,0,0,78,78,99999,0,0,0.408583,31.869474,0.4,0.4
3,4,24,3,39,0,0,0,408,408,99999,0,0,0.389167,158.780136,0.4,0.4
3,4,25,3,356,0,0,0,48,48,99999,0,0,1.55,74.4,0.4,0.4
3,4,26,3,157,0,0,0,432,432,99999,0,0,0.264583,114.299856,0.4,0.4
3,4,27,3,1864,0,0,0,8,8,99999,0,0,0.274,2.192,0.4,0.4
3,4,28,3,1295,0,0,0,22,22,99999,0,0,0.233333,5.133326,0.4,0.4
3,4,29,3,835,0,0,0,18,18,99999,0,0,0.264167,4.755006,0.4,0.4
3,4,30,3,570,0,0,0,12,12,99999,0,0,0.475833,5.709996,0.4,0.4
3,4,31,3,2023,0,0,0,6,6,99999,0,0,0.56,3.36,0.4,0.4
3,4,32,3,275,0,0,0,636,636,99999,0,0,0.208333,132.499788,0.4,0.4
3,4,33,3,2312,0,0,0,3,3,99999,0,0,0.116667,0.350001,0.4,0.4
3,4,34,3,2529,0,0,0,2,2,99999,0,0,0.618667,1.237334,0.4,0.4
3,4,35,3,1156,0,0,0,12,12,99999,0,0,0.09875,1.185,0.4,0.4
3,4,36,3,609,0,0,0,5,5,99999,0,0,0.079167,0.395835,0.4,0.4
3,4,37,3,2949,0,0,0,4,4,99999,0,0,0.582083,2.328332,0.4,0.4
3,4,38,3,495,0,0,0,3,3,99999,0,0,0.5275,1.5825,0.4,0.4
3,4,39,3,216,0,0,0,216,216,99999,0,0,0.61875,133.65,0.4,0.4
4,4,0,3,703,0,0,0,28,28,99999,0,0,1.62,45.36,0.4,0.4
4,4,1,3,1257,0,0,0,3,3,99999,0,0,0.166667,0.500001,0.4,0.4
4,4,2,3,1810,0,0,0,3,3,99999,0,0,0.415,1.245,0.4,0.4
4,4,3,3,1852,0,0,0,2,2,99999,0,0,0.353333,0.706666,0.4,0.4
4,4,4,3,1035,0,0,0,12,12,99999,0,0,0.068056,0.816672,0.4,0.4
4,4,5,3,1764,0,0,0,25,25,99999,0,0,0.054,1.35,0.4,0.4
4,4,6,3,2798,0,0,0,198,198,99999,0,0,0.408583,80.899434,0.4,0.4
4,4,7,3,1363,0,0,0,5,5,99999,0,0,0.458333,2.291665,0.4,0.4
4,4,8,3,163,0,0,0,15,15,99999,0,0,1.125,16.875,0.4,0.4
4,4,9,3,230,0,0,0,792,792,99999,0,0,0.275,217.8,0.4,0.4
4,4,10,3,1345,0,0,0,5,5,99999,0,0,0.266667,1.333335,0.4,0.4
4,4,11,3,2025,0,0,0,1,1,99999,0,0,0.508333,0.508333,0.4,0.4
4,4,12,3,1387,0,0,0,30,30,99999,0,0,0.129333,3.87999,0.4,0.4
4,4,13,3,1645,0,0,0,14,14,99999,0,0,0.241667,3.383338,0.4,0.4
4,4,14,3,227,0,0,0,136,136,99999,0,0,0.622917,84.716712,0.4,0.4
4,4,15,3,289,0,0,0,24,24,99999,0,0,1.3,31.2,0.4,0.4
4,4,16,3,348,0,0,0,36,36,99999,0,0,1.25,45.0,0.4,0.4
4,4,17,3,196,0,0,0,84,84,99999,0,0,0.36875,30.975,0.4,0.4
4,4,18,3,194,0,0,0,12,12,99999,0,0,1.655833,19.869996,0.4,0.4
4,4,19,3,1194,0,0,0,36,36,99999,0,0,0.1205,4.338,0.4,0.4
4,4,20,3,2174,0,0,0,8,8,99999,0,0,0.458333,3.666664,0.4,0.4
4,4,21,3,1608,0,0,0,12,12,99999,0,0,0.99375,11.925,0.4,0.4
4,4,22,3,2919,0,0,0,33,33,99999,0,0,0.408583,13.483239,0.4,0.4
4,4,23,3,1062,0,0,0,54,54,99999,0,0,0.023125,1.24875,0.4,0.4
4,4,24,3,2733,0,0,0,3,3,99999,0,0,0.582083,1.746249,0.4,0.4
4,4,25,3,1003,0,0,0,2,2,99999,0,0,0.201,0.402,0.4,0.4
4,4,26,3,2379,0,0,0,20,20,99999,0,0,0.23125,4.625,0.4,0.4
4,4,27,3,2429,0,0,0,4,4,99999,0,0,0.04875,0.195,0.4,0.4
4,4,28,3,38,0,0,0,456,456,99999,0,0,0.38625,176.13,0.4,0.4
4,4,29,3,2585,0,0,0,26,26,99999,0,0,1.333333,34.666658,0.4,0.4
4,4,30,3,2846,0,0,0,72,72,99999,0,0,0.535,38.52,0.4,0.4
4,4,31,3,1510,0,0,0,24,24,99999,0,0,0.35125,8.43,0.4,0.4
4,4,32,3,1322,0,0,0,5,5,99999,0,0,0.47,2.35,0.4,0.4
4,4,33,3,2530,0,0,0,17,17,99999,0,0,1.533333,26.066661,0.4,0.4
4,4,34,3,2821,0,0,0,16,16,99999,0,0,0.535,8.56,0.4,0.4
4,4,35,3,990,0,0,0,1,1,99999,0,0,0.213333,0.213333,0.4,0.4
4,4,36,3,2791,0,0,0,4,4,99999,0,0,0.535,2.14,0.4,0.4
4,4,37,3,1311,0,0,0,6,6,99999,0,0,0.50125,3.0075,0.4,0.4
4,4,38,3,611,0,0,0,3,3,99999,0,0,0.075,0.225,0.4,0.4
4,4,39,3,68,0,0,0,120,120,99999,0,0,0.182917,21.95004,0.4,0.4
5,4,0,3,41,0,0,0,14,14,99999,0,0,1.35,18.9,0.4,0.4
5,4,1,3,125,0,0,0,552,552,99999,0,0,0.300417,165.830184,0.4,0.4
5,4,2,3,209,0,0,0,12,12,99999,0,0,1.04,12.48,0.4,0.4
5,4,3,3,2616,0,0,0,8,8,99999,0,0,0.582083,4.656664,0.4,0.4
5,4,4,3,372,0,0,0,108,108,99999,0,0,1.076667,116.280036,0.4,0.4
5,4,5,3,2841,0,0,0,912,912,99999,0,0,0.408583,372.627696,0.4,0.4
5,4,6,3,2643,0,0,0,4,4,99999,0,0,0.582083,2.328332,0.4,0.4
5,4,7,3,1555,0,0,0,2,2,99999,0,0,0.311667,0.623334,0.4,0.4
5,4,8,3,1731,0,0,0,3,3,99999,0,0,0.124333,0.372999,0.4,0.4
5,4,9,3,1640,0,0,0,17,17,99999,0,0,0.303,5.151,0.4,0.4
5,4,10,3,811,0,0,0,5,5,99999,0,0,0.885,4.425,0.4,0.4
5,4,11,3,851,0,0,0,8,8,99999,0,0,0.29125,2.33,0.4,0.4
5,4,12,3,1539,0,0,0,4,4,99999,0,0,0.270833,1.083332,0.4,0.4
5,4,13,3,86,0,0,0,12,12,99999,0,0,1.106667,13.280004,0.4,0.4
5,4,14,3,532,0,0,0,28,28,99999,0,0,5.35,149.8,0.4,0.4
5,4,15,3,313,0,0,0,48,48,99999,0,0,1.6675,80.04,0.4,0.4
5,4,16,3,1364,0,0,0,5,5,99999,0,0,0.525,2.625,0.4,0.4
5,4,17,3,2308,0,0,0,65,65,99999,0,0,0.129667,8.428355,0.4,0.4
5,4,18,3,91,0,0,0,3,3,99999,0,0,1.916667,5.750001,0.4,0.4
5,4,19,3,2481,0,0,0,36,36,99999,0,0,3.463333,124.679988,0.4,0.4
5,4,20,3,338,0,0,0,4,4,99999,0,0,6.275,25.1,0.4,0.4
5,4,21,3,1633,0,0,0,34,34,99999,0,0,0.26,8.84,0.4,0.4
5,4,22,3,2576,0,0,0,3,3,99999,0,0,0.891667,2.675001,0.4,0.4
5,4,23,3,1412,0,0,0,13,13,99999,0,0,0.138125,1.795625,0.4,0.4
5,4,24,3,1976,0,0,0,12,12,99999,0,0,1.343333,16.119996,0.4,0.4
5,4,25,3,1905,0,0,0,6,6,99999,0,0,0.166667,1.000002,0.4,0.4
5,4,26,3,984,0,0,0,2,2,99999,0,0,0.148,0.296,0.4,0.4
5,4,27,3,2199,0,0,0,80,80,99999,0,0,0.114667,9.17336,0.4,0.4
5,4,28,3,757,0,0,0,27,27,99999,0,0,2.227,60.129,0.4,0.4
5,4,29,3,1248,0,0,0,48,48,99999,0,0,0.521667,25.040016,0.4,0.4
5,4,30,3,1697,0,0,0,8,8,99999,0,0,0.746667,5.973336,0.4,0.4
5,4,31,3,1339,0,0,0,72,72,99999,0,0,0.3675,26.46,0.4,0.4
5,4,32,3,1511,0,0,0,60,60,99999,0,0,0.405,24.3,0.4,0.4
5,4,33,3,1370,0,0,0,23,23,99999,0,0,0.272556,6.268788,0.4,0.4
5,4,34,3,1614,0,0,0,14,14,99999,0,0,0.236667,3.313338,0.4,0.4
5,4,35,3,2401,0,0,0,6,6,99999,0,0,0.5615,3.369,0.4,0.4
5,4,36,3,1535,0,0,0,4,4,99999,0,0,0.041667,0.166668,0.4,0.4
5,4,37,3,1421,0,0,0,48,48,99999,0,0,0.386667,18.560016,0.4,0.4
5,4,38,3,774,0,0,0,2,2,99999,0,0,0.666667,1.333334,0.4,0.4
5,4,39,3,1070,0,0,0,6,6,99999,0,0,0.030625,0.18375,0.4,0.4
6,4,0,3,2723,0,0,0,6,6,99999,0,0,0.582083,3.492498,0.4,0.4
6,4,1,3,480,0,0,0,6,6,99999,0,0,1.2975,7.785,0.4,0.4
6,4,2,3,637,0,0,0,30,30,99999,0,0,1.75,52.5,0.4,0.4
6,4,3,3,2992,0,0,0,3,3,99999,0,0,0.582083,1.746249,0.4,0.4
6,4,4,3,1458,0,0,0,1,1,99999,0,0,0.386667,0.386667,0.4,0.4
6,4,5,3,2026,0,0,0,5,5,99999,0,0,1.083333,5.416665,0.4,0.4
6,4,6,3,1234,0,0,0,4,4,99999,0,0,0.683333,2.733332,0.4,0.4
6,4,7,3,403,0,0,0,6,6,99999,0,0,0.605833,3.634998,0.4,0.4
6,4,8,3,2717,0,0,0,12,12,99999,0,0,0.535,6.42,0.4,0.4
6,4,9,3,291,0,0,0,24,24,99999,0,0,0.599167,14.380008,0.4,0.4
6,4,10,3,700,0,0,0,2,2,99999,0,0,1.583333,3.166666,0.4,0.4
6,4,11,3,957,0,0,0,2,2,99999,0,0,1.05,2.1,0.4,0.4
6,4,12,3,25,0,0,0,52,52,99999,0,0,0.575417,29.921684,0.4,0.4
6,4,13,3,375,0,0,0,7,7,99999,0,0,1.028333,7.198331,0.4,0.4
6,4,14,3,2372,0,0,0,36,36,99999,0,0,0.147083,5.294988,0.4,0.4
6,4,15,3,1737,0,0,0,6,6,99999,0,0,0.198,1.188,0.4,0.4
6,4,16,3,1774,0,0,0,13,13,99999,0,0,0.1325,1.7225,0.4,0.4
6,4,17,3,1616,0,0,0,15,15,99999,0,0,0.596,8.94,0.4,0.4
6,4,18,3,1992,0,0,0,4,4,99999,0,0,0.277778,1.111112,0.4,0.4
6,4,19,3,1622,0,0,0,3,3,99999,0,0,0.471667,1.415001,0.4,0.4
6,4,20,3,99,0,0,0,342,342,99999,0,0,0.330417,113.002614,0.4,0.4
6,4,21,3,1012,0,0,0,1,1,99999,0,0,0.016667,0.016667,0.4,0.4
6,4,22,3,2150,0,0,0,16,16,99999,0,0,0.4775,7.64,0.4,0.4
6,4,23,3,1044,0,0,0,3,3,99999,0,0,0.154167,0.462501,0.4,0.4
6,4,24,3,569,0,0,0,30,30,99999,0,0,0.479167,14.37501,0.4,0.4
6,4,25,3,1847,0,0,0,3,3,99999,0,0,0.2861,0.8583,0.4,0.4
6,4,26,3,1179,0,0,0,8,8,99999,0,0,0.145833,1.166664,0.4,0.4
6,4,27,3,1204,0,0,0,14,14,99999,0,0,0.85,11.9,0.4,0.4
6,4,28,3,158,0,0,0,104,104,99999,0,0,1.070833,111.366632,0.4,0.4
6,4,29,3,818,0,0,0,1,1,99999,0,0,0.75,0.75,0.4,0.4
6,4,30,3,469,0,0,0,26,26,99999,0,0,0.716667,18.633342,0.4,0.4
6,4,31,3,2445,0,0,0,5,5,99999,0,0,0.256467,1.282335,0.4,0.4
6,4,32,3,2653,0,0,0,6,6,99999,0,0,0.582083,3.492498,0.4,0.4
6,4,33,3,2366,0,0,0,2,2,99999,0,0,1.168333,2.336666,0.4,0.4
6,4,34,3,738,0,0,0,3,3,99999,0,0,3.475,10.425,0.4,0.4
6,4,35,3,330,0,0,0,32,32,99999,0,0,6.195,198.24,0.4,0.4
6,4,36,3,2309,0,0,0,70,70,99999,0,0,0.126333,8.84331,0.4,0.4
6,4,37,3,995,0,0,0,4,4,99999,0,0,0.133333,0.533332,0.4,0.4
6,4,38,3,2530,0,0,0,66,66,99999,0,0,1.533333,101.199978,0.4,0.4
6,4,39,3,2317,0,0,0,45,45,99999,0,0,0.0565,2.5425,0.4,0.4
7,4,0,3,273,0,0,0,174,174,99999,0,0,0.409167,71.195058,0.4,0.4
7,4,1,3,2892,0,0,0,1,1,99999,0,0,0.582083,0.582083,0.4,0.4
7,4,2,3,1510,0,0,0,5,5,99999,0,0,0.35125,1.75625,0.4,0.4
7,4,3,3,277,0,0,0,64,64,99999,0,0,2.20625,141.2,0.4,0.4
7,4,4,3,1602,0,0,0,29,29,99999,0,0,1.268333,36.781657,0.4,0.4
7,4,5,3,471,0,0,0,3,3,99999,0,0,0.870833,2.612499,0.4,0.4
7,4,6,3,2391,0,0,0,4,4,99999,0,0,0.60375,2.415,0.4,0.4
7,4,7,3,1679,0,0,0,8,8,99999,0,0,0.49125,3.93,0.4,0.4
7,4,8,3,2943,0,0,0,7,7,99999,0,0,0.582083,4.074581,0.4,0.4
7,4,9,3,1278,0,0,0,36,36,99999,0,0,0.53,19.08,0.4,0.4
7,4,10,3,2435,0,0,0,4,4,99999,0,0,0.855833,3.423332,0.4,0.4
7,4,11,3,852,0,0,0,4,4,99999,0,0,1.21875,4.875,0.4,0.4
7,4,12,3,2782,0,0,0,3,3,99999,0,0,0.582083,1.746249,0.4,0.4
7,4,13,3,1869,0,0,0,1,1,99999,0,0,0.059375,0.059375,0.4,0.4
7,4,14,3,2301,0,0,0,25,25,99999,0,0,0.13925,3.48125,0.4,0.4
7,4,15,3,2518,0,0,0,3,3,99999,0,0,2.966667,8.900001,0.4,0.4
7,4,16,3,2472,0,0,0,3,3,99999,0,0,0.244833,0.734499,0.4,0.4
7,4,17,3,2582,0,0,0,3,3,99999,0,0,1.96,5.88,0.4,0.4
7,4,18,3,120,0,0,0,174,174,99999,0,0,0.274167,47.705058,0.4,0.4
7,4,19,3,280,0,0,0,44,44,99999,0,0,0.604167,26.583348,0.4,0.4
7,4,20,3,1557,0,0,0,31,31,99999,0,0,0.560833,17.385823,0.4,0.4
7,4,21,3,1180,0,0,0,4,4,99999,0,0,0.160333,0.641332,0.4,0.4
7,4,22,3,571,0,0,0,2,2,99999,0,0,0.610417,1.220834,0.4,0.4
7,4,23,3,32,0,0,0,552,552,99999,0,0,0.283333,156.399816,0.4,0.4
7,4,24,3,59,0,0,0,90,90,99999,0,0,0.37125,33.4125,0.4,0.4
7,4,25,3,1961,0,0,0,2,2,99999,0,0,0.96575,1.9315,0.4,0.4
7,4,26,3,1652,0,0,0,66,66,99999,0,0,0.304167,20.075022,0.4,0.4
7,4,27,3,2718,0,0,0,5,5,99999,0,0,0.582083,2.910415,0.4,0.4
7,4,28,3,2202,0,0,0,108,108,99999,0,0,0.27,29.16,0.4,0.4
7,4,29,3,1575,0,0,0,13,13,99999,0,0,0.755,9.815,0.4,0.4
7,4,30,3,463,0,0,0,3,3,99999,0,0,0.905833,2.717499,0.4,0.4
7,4,31,3,2925,0,0,0,14,14,99999,0,0,0.535,7.49,0.4,0.4
7,4,32,3,981,0,0,0,7,7,99999,0,0,0.333333,2.333331,0.4,0.4
7,4,33,3,1229,0,0,0,96,96,99999,0,0,0.109375,10.5,0.4,0.4
7,4,34,3,769,0,0,0,4,4,99999,0,0,0.9,3.6,0.4,0.4
7,4,35,3,2073,0,0,0,2,2,99999,0,0,0.19,0.38,0.4,0.4
7,4,36,3,404,0,0,0,5,5,99999,0,0,1.216667,6.083335,0.4,0.4
7,4,37,3,181,0,0,0,3,3,99999,0,0,3.443333,10.329999,0.4,0.4
7,4,38,3,151,0,0,0,40,40,99999,0,0,0.67,26.8,0.4,0.4
7,4,39,3,422,0,0,0,1,1,99999,0,0,1.125,1.125,0.4,0.4
8,4,0,3,625,0,0,0,6,6,99999,0,0,4.56,27.36,0.4,0.4
8,4,1,3,211,0,0,0,108,108,99999,0,0,0.6525,70.47,0.4,0.4
8,4,2,3,2950,0,0,0,6,6,99999,0,0,0.535,3.21,0.4,0.4
8,4,3,3,1643,0,0,0,61,61,99999,0,0,0.4675,28.5175,0.4,0.4
8,4,4,3,468,0,0,0,24,24,99999,0,0,0.858333,20.599992,0.4,0.4
8,4,5,3,3021,0,0,0,21,21,99999,0,0,0.535,11.235,0.4,0.4
8,4,6,3,622,0,0,0,2,2,99999,0,0,0.143333,0.286666,0.4,0.4
8,4,7,3,302,0,0,0,32,32,99999,0,0,2.1925,70.16,0.4,0.4
8,4,8,3,2359,0,0,0,41,41,99999,0,0,0.6975,28.5975,0.4,0.4
8,4,9,3,380,0,0,0,18,18,99999,0,0,0.172222,3.099996,0.4,0.4
8,4,10,3,1117,0,0,0,1,1,99999,0,0,0.08,0.08,0.4,0.4
8,4,11,3,199,0,0,0,40,40,99999,0,0,0.67,26.8,0.4,0.4
8,4,12,3,2500,0,0,0,4,4,99999,0,0,1.998333,7.993332,0.4,0.4
8,4,13,3,130,0,0,0,498,498,99999,0,0,0.300417,149.607666,0.4,0.4
8,4,14,3,1137,0,0,0,36,36,99999,0,0,0.074583,2.684988,0.4,0.4
8,4,15,3,2024,0,0,0,7,7,99999,0,0,1.016667,7.116669,0.4,0.4
8,4,16,3,836,0,0,0,4,4,99999,0,0,0.2625,1.05,0.4,0.4
8,4,17,3,8,0,0,0,552,552,99999,0,0,0.281667,155.480184,0.4,0.4
8,4,18,3,1418,0,0,0,3,3,99999,0,0,0.104375,0.313125,0.4,0.4
8,4,19,3,779,0,0,0,5,5,99999,0,0,0.933333,4.666665,0.4,0.4
8,4,20,3,2889,0,0,0,5,5,99999,0,0,0.535,2.675,0.4,0.4
8,4,21,3,437,0,0,0,5,5,99999,0,0,0.184167,0.920835,0.4,0.4
8,4,22,3,1283,0,0,0,8,8,99999,0,0,0.692,5.536,0.4,0.4
8,4,23,3,2337,0,0,0,13,13,99999,0,0,0.73,9.49,0.4,0.4
8,4,24,3,1178,0,0,0,27,27,99999,0,0,0.136875,3.695625,0.4,0.4
8,4,25,3,2569,0,0,0,5,5,99999,0,0,0.749167,3.745835,0.4,0.4
8,4,26,3,2260,0,0,0,95,95,99999,0,0,0.106333,10.101635,0.4,0.4
8,4,27,3,1820,0,0,0,5,5,99999,0,0,0.175,0.875,0.4,0.4
8,4,28,3,1716,0,0,0,3,3,99999,0,0,0.242,0.726,0.4,0.4
8,4,29,3,201,0,0,0,264,264,99999,0,0,0.62,163.68,0.4,0.4
8,4,30,3,549,0,0,0,1,1,99999,0,0,0.057,0.057,0.4,0.4
8,4,31,3,1191,0,0,0,6,6,99999,0,0,0.120833,0.724998,0.4,0.4
8,4,32,3,257,0,0,0,264,264,99999,0,0,0.620417,163.790088,0.4,0.4
8,4,33,3,3031,0,0,0,1,1,99999,0,0,0.582083,0.582083,0.4,0.4
8,4,34,3,2424,0,0,0,6,6,99999,0,0,0.080833,0.484998,0.4,0.4
8,4,35,3,1693,0,0,0,34,34,99999,0,0,0.345,11.73,0.4,0.4
8,4,36,3,2780,0,0,0,3,3,99999,0,0,0.582083,1.746249,0.4,0.4
8,4,37,3,1584,0,0,0,8,8,99999,0,0,0.249375,1.995,0.4,0.4
8,4,38,3,1205,0,0,0,8,8,99999,0,0,1.3975,11.18,0.4,0.4
8,4,39,3,1358,0,0,0,13,13,99999,0,0,0.524167,6.814171,0.4,0.4
9,4,0,3,364,0,0,0,68,68,99999,0,0,0.534167,36.323356,0.4,0.4
9,4,1,3,1448,0,0,0,10,10,99999,0,0,0.175,1.75,0.4,0.4
9,4,2,3,1189,0,0,0,1,1,99999,0,0,0.091667,0.091667,0.4,0.4
9,4,3,3,2419,0,0,0,20,20,99999,0,0,0.066042,1.32084,0.4,0.4
9,4,4,3,1183,0,0,0,11,11,99999,0,0,0.124167,1.365837,0.4,0.4
9,4,5,3,1953,0,0,0,21,21,99999,0,0,0.435,9.135,0.4,0.4
9,4,6,3,4,0,0,0,432,432,99999,0,0,0.370417,160.020144,0.4,0.4
9,4,7,3,2256,0,0,0,57,57,99999,0,0,0.16,9.12,0.4,0.4
9,4,8,3,2587,0,0,0,34,34,99999,0,0,0.7475,25.415,0.4,0.4
9,4,9,3,653,0,0,0,24,24,99999,0,0,3.9,93.6,0.4,0.4
9,4,10,3,668,0,0,0,4,4,99999,0,0,2.781667,11.126668,0.4,0.4
9,4,11,3,2990,0,0,0,3,3,99999,0,0,0.582083,1.746249,0.4,0.4
9,4,12,3,1221,0,0,0,3,3,99999,0,0,1.0,3.0,0.4,0.4
9,4,13,3,2423,0,0,0,6,6,99999,0,0,0.0745,0.447,0.4,0.4
9,4,14,3,2494,0,0,0,20,20,99999,0,0,1.163333,23.26666,0.4,0.4
9,4,15,3,2502,0,0,0,3,3,99999,0,0,1.966667,5.900001,0.4,0.4
9,4,16,3,2232,0,0,0,108,108,99999,0,0,0.27,29.16,0.4,0.4
9,4,17,3,1939,0,0,0,7,7,99999,0,0,0.171667,1.201669,0.4,0.4
9,4,18,3,1904,0,0,0,6,6,99999,0,0,0.248,1.488,0.4,0.4
9,4,19,3,1037,0,0,0,2,2,99999,0,0,0.156667,0.313334,0.4,0.4
9,4,20,3,1379,0,0,0,2,2,99999,0,0,0.308333,0.616666,0.4,0.4
9,4,21,3,2650,0,0,0,2,2,99999,0,0,0.582083,1.164166,0.4,0.4
9,4,22,3,2699,0,0,0,12,12,99999,0,0,0.535,6.42,0.4,0.4
9,4,23,3,687,0,0,0,35,35,99999,0,0,2.066667,72.333345,0.4,0.4
9,4,24,3,1746,0,0,0,14,14,99999,0,0,0.2,2.8,0.4,0.4
9,4,25,3,1712,0,0,0,8,8,99999,0,0,0.377,3.016,0.4,0.4
9,4,26,3,828,0,0,0,2,2,99999,0,0,0.4375,0.875,0.4,0.4
9,4,27,3,1163,0,0,0,3,3,99999,0,0,0.51125,1.53375,0.4,0.4
9,4,28,3,2328,0,0,0,3,3,99999,0,0,0.83375,2.50125,0.4,0.4
9,4,29,3,1900,0,0,0,11,11,99999,0,0,0.154,1.694,0.4,0.4
9,4,30,3,2315,0,0,0,80,80,99999,0,0,0.057333,4.58664,0.4,0.4
9,4,31,3,1930,0,0,0,15,15,99999,0,0,0.1,1.5,0.4,0.4
9,4,32,3,1885,0,0,0,3,3,99999,0,0,0.0845,0.2535,0.4,0.4
9,4,33,3,315,0,0,0,96,96,99999,0,0,1.608333,154.399968,0.4,0.4
9,4,34,3,1486,0,0,0,4,4,99999,0,0,0.1125,0.45,0.4,0.4
9,4,35,3,233,0,0,0,108,108,99999,0,0,1.36,146.88,0.4,0.4
9,4,36,3,2806,0,0,0,6,6,99999,0,0,0.408583,2.451498,0.4,0.4
9,4,37,3,2537,0,0,0,6,6,99999,0,0,0.9375,5.625,0.4,0.4
9,4,38,3,1931,0,0,0,13,13,99999,0,0,0.215,2.795,0.4,0.4
9,4,39,3,2504,0,0,0,24,24,99999,0,0,1.435,34.44,0.4,0.4
10,4,0,3,1405,0,0,0,24,24,99999,0,0,0.30625,7.35,0.4,0.4
10,4,1,3,400,0,0,0,3,3,99999,0,0,2.232,6.696,0.4,0.4
10,4,2,3,1938,0,0,0,12,12,99999,0,0,0.186667,2.240004,0.4,0.4
10,4,3,3,1646,0,0,0,24,24,99999,0,0,0.225,5.4,0.4,0.4
10,4,4,3,1883,0,0,0,2,2,99999,0,0,0.083,0.166,0.4,0.4
10,4,5,3,2040,0,0,0,5,5,99999,0,0,0.628,3.14,0.4,0.4
10,4,6,3,573,0,0,0,4,4,99999,0,0,0.6125,2.45,0.4,0.4
10,4,7,3,1494,0,0,0,14,14,99999,0,0,0.285,3.99,0.4,0.4
10,4,8,3,932,0,0,0,4,4,99999,0,0,0.8125,3.25,0.4,0.4
10,4,9,3,2286,0,0,0,45,45,99999,0,0,0.13925,6.26625,0.4,0.4
10,4,10,3,1500,0,0,0,12,12,99999,0,0,0.291667,3.500004,0.4,0.4
10,4,11,3,1651,0,0,0,26,26,99999,0,0,0.225,5.85,0.4,0.4
10,4,12,3,2691,0,0,0,258,258,99999,0,0,0.408583,105.414414,0.4,0.4
10,4,13,3,2527,0,0,0,3,3,99999,0,0,0.958333,2.874999,0.4,0.4
10,4,14,3,2205,0,0,0,144,144,99999,0,0,0.134167,19.320048,0.4,0.4
10,4,15,3,1812,0,0,0,4,4,99999,0,0,0.210667,0.842668,0.4,0.4
10,4,16,3,2252,0,0,0,30,30,99999,0,0,0.087333,2.61999,0.4,0.4
10,4,17,3,1140,0,0,0,7,7,99999,0,0,0.133333,0.933331,0.4,0.4
10,4,18,3,1025,0,0,0,3,3,99999,0,0,0.168,0.504,0.4,0.4
10,4,19,3,296,0,0,0,5,5,99999,0,0,2.25,11.25,0.4,0.4
10,4,20,3,938,0,0,0,4,4,99999,0,0,0.803333,3.213332,0.4,0.4
10,4,21,3,2523,0,0,0,18,18,99999,0,0,2.188333,39.389994,0.4,0.4
10,4,22,3,693,0,0,0,2,2,99999,0,0,0.5,1.0,0.4,0.4
10,4,23,3,971,0,0,0,9,9,99999,0,0,0.161667,1.455003,0.4,0.4
10,4,24,3,1771,0,0,0,14,14,99999,0,0,0.1,1.4,0.4,0.4
10,4,25,3,1626,0,0,0,2,2,99999,0,0,0.494167,0.988334,0.4,0.4
10,4,26,3,1372,0,0,0,19,19,99999,0,0,0.469167,8.914173,0.4,0.4
10,4,27,3,306,0,0,0,216,216,99999,0,0,0.579583,125.189928,0.4,0.4
10,4,28,3,1707,0,0,0,15,15,99999,0,0,0.2175,3.2625,0.4,0.4
10,4,29,3,2453,0,0,0,5,5,99999,0,0,0.482917,2.414585,0.4,0.4
10,4,30,3,2259,0,0,0,186,186,99999,0,0,0.125,23.25,0.4,0.4
10,4,31,3,832,0,0,0,1,1,99999,0,0,0.1,0.1,0.4,0.4
10,4,32,3,2790,0,0,0,12,12,99999,0,0,0.535,6.42,0.4,0.4
10,4,33,3,170,0,0,0,216,216,99999,0,0,0.272083,58.769928,0.4,0.4
10,4,34,3,2698,0,0,0,15,15,99999,0,0,0.535,8.025,0.4,0.4
10,4,35,3,2862,0,0,0,258,258,99999,0,0,0.408583,105.414414,0.4,0.4
10,4,36,3,964,0,0,0,1,1,99999,0,0,0.069444,0.069444,0.4,0.4
10,4,37,3,1095,0,0,0,5,5,99999,0,0,0.065417,0.327085,0.4,0.4
10,4,38,3,50,0,0,0,10,10,99999,0,0,2.216667,22.16667,0.4,0.4
10,4,39,3,2152,0,0,0,13,13,99999,0,0,0.333333,4.333329,0.4,0.4
11,4,0,3,1059,0,0,0,12,12,99999,0,0,0.027778,0.333336,0.4,0.4
11,4,1,3,2273,0,0,0,132,132,99999,0,0,0.15,19.8,0.4,0.4
11,4,2,3,1698,0,0,0,3,3,99999,0,0,0.765,2.295,0.4,0.4
11,4,3,3,1202,0,0,0,8,8,99999,0,0,0.89,7.12,0.4,0.4
11,4,4,3,1380,0,0,0,20,20,99999,0,0,0.408333,8.16666,0.4,0.4
11,4,5,3,813,0,0,0,2,2,99999,0,0,0.816667,1.633334,0.4,0.4
11,4,6,3,537,0,0,0,2,2,99999,0,0,0.875333,1.750666,0.4,0.4
11,4,7,3,2072,0,0,0,1,1,99999,0,0,0.48,0.48,0.4,0.4
11,4,8,3,1266,0,0,0,4,4,99999,0,0,0.093333,0.373332,0.4,0.4
11,4,9,3,808,0,0,0,2,2,99999,0,0,0.26,0.52,0.4,0.4
11,4,10,3,1038,0,0,0,8,8,99999,0,0,0.206,1.648,0.4,0.4
11,4,11,3,988,0,0,0,1,1,99999,0,0,0.14,0.14,0.4,0.4
11,4,12,3,1228,0,0,0,4,4,99999,0,0,2.9425,11.77,0.4,0.4
11,4,13,3,993,0,0,0,11,11,99999,0,0,0.138333,1.521663,0.4,0.4
11,4,14,3,1099,0,0,0,1,1,99999,0,0,0.342917,0.342917,0.4,0.4
11,4,15,3,2471,0,0,0,1,1,99999,0,0,0.1,0.1,0.4,0.4
11,4,16,3,253,0,0,0,92,92,99999,0,0,0.579167,53.283364,0.4,0.4
11,4,17,3,155,0,0,0,672,672,99999,0,0,0.32375,217.56,0.4,0.4
11,4,18,3,709,0,0,0,1,1,99999,0,0,2.266667,2.266667,0.4,0.4
11,4,19,3,1974,0,0,0,14,14,99999,0,0,0.325,4.55,0.4,0.4
11,4,20,3,292,0,0,0,816,816,99999,0,0,0.276667,225.760272,0.4,0.4
11,4,21,3,2273,0,0,0,144,144,99999,0,0,0.15,21.6,0.4,0.4
11,4,22,3,1119,0,0,0,2,2,99999,0,0,0.066667,0.133334,0.4,0.4
11,4,23,3,2151,0,0,0,8,8,99999,0,0,0.555,4.44,0.4,0.4
11,4,24,3,690,0,0,0,2,2,99999,0,0,2.138333,4.276666,0.4,0.4
11,4,25,3,349,0,0,0,144,144,99999,0,0,0.633333,91.199952,0.4,0.4
11,4,26,3,2127,0,0,0,7,7,99999,0,0,0.929167,6.504169,0.4,0.4
11,4,27,3,1790,0,0,0,4,4,99999,0,0,0.1,0.4,0.4,0.4
11,4,28,3,1875,0,0,0,8,8,99999,0,0,0.084333,0.674664,0.4,0.4
11,4,29,3,210,0,0,0,28,28,99999,0,0,0.65675,18.389,0.4,0.4
11,4,30,3,1444,0,0,0,45,45,99999,0,0,0.386667,17.400015,0.4,0.4
11,4,31,3,2338,0,0,0,15,15,99999,0,0,0.121667,1.825005,0.4,0.4
11,4,32,3,973,0,0,0,4,4,99999,0,0,0.1325,0.53,0.4,0.4
11,4,33,3,1334,0,0,0,48,48,99999,0,0,0.463333,22.239984,0.4,0.4
11,4,34,3,54,0,0,0,96,96,99999,0,0,0.375,36.0,0.4,0.4
11,4,35,3,560,0,0,0,8,8,99999,0,0,0.091,0.728,0.4,0.4
11,4,36,3,2903,0,0,0,8,8,99999,0,0,0.582083,4.656664,0.4,0.4
11,4,37,3,1793,0,0,0,2,2,99999,0,0,0.0915,0.183,0.4,0.4
11,4,38,3,2509,0,0,0,7,7,99999,0,0,0.833333,5.833331,0.4,0.4
11,4,39,3,1272,0,0,0,15,15,99999,0,0,7.16,107.4,0.4,0.4
12,4,0,3,1767,0,0,0,5,5,99999,0,0,0.096,0.48,0.4,0.4
12,4,1,3,368,0,0,0,80,80,99999,0,0,0.608333,48.66664,0.4,0.4
12,4,2,3,395,0,0,0,5,5,99999,0,0,1.973333,9.866665,0.4,0.4
12,4,3,3,2755,0,0,0,30,30,99999,0,0,0.535,16.05,0.4,0.4
12,4,4,3,827,0,0,0,1,1,99999,0,0,0.558333,0.558333,0.4,0.4
12,4,5,3,546,0,0,0,12,12,99999,0,0,0.891833,10.701996,0.4,0.4
12,4,6,3,1053,0,0,0,5,5,99999,0,0,0.341667,1.708335,0.4,0.4
12,4,7,3,2057,0,0,0,2,2,99999,0,0,0.6125,1.225,0.4,0.4
12,4,8,3,1635,0,0,0,70,70,99999,0,0,0.365,25.55,0.4,0.4
12,4,9,3,3022,0,0,0,7,7,99999,0,0,0.535,3.745,0.4,0.4
12,4,10,3,2061,0,0,0,1,1,99999,0,0,0.4,0.4,0.4,0.4
12,4,11,3,1130,0,0,0,42,42,99999,0,0,0.085333,3.583986,0.4,0.4
12,4,12,3,2123,0,0,0,2,2,99999,0,0,0.558333,1.116666,0.4,0.4
12,4,13,3,2600,0,0,0,1,1,99999,0,0,0.425,0.425,0.4,0.4
12,4,14,3,1438,0,0,0,8,8,99999,0,0,0.12,0.96,0.4,0.4
12,4,15,3,266,0,0,0,96,96,99999,0,0,1.333333,127.999968,0.4,0.4
12,4,16,3,1384,0,0,0,30,30,99999,0,0,0.336667,10.10001,0.4,0.4
12,4,17,3,2096,0,0,0,5,5,99999,0,0,0.681667,3.408335,0.4,0.4
12,4,18,3,1988,0,0,0,8,8,99999,0,0,0.15,1.2,0.4,0.4
12,4,19,3,2985,0,0,0,1,1,99999,0,0,0.582083,0.582083,0.4,0.4
12,4,20,3,678,0,0,0,23,23,99999,0,0,1.97,45.31,0.4,0.4
12,4,21,3,2784,0,0,0,6,6,99999,0,0,0.535,3.21,0.4,0.4
12,4,22,3,316,0,0,0,20,20,99999,0,0,6.195,123.9,0.4,0.4
12,4,23,3,2772,0,0,0,12,12,99999,0,0,0.582083,6.984996,0.4,0.4
12,4,24,3,921,0,0,0,7,7,99999,0,0,2.091667,14.641669,0.4,0.4
12,4,25,3,1009,0,0,0,3,3,99999,0,0,0.09,0.27,0.4,0.4
12,4,26,3,1877,0,0,0,7,7,99999,0,0,0.196,1.372,0.4,0.4
12,4,27,3,1653,0,0,0,42,42,99999,0,0,0.238,9.996,0.4,0.4
12,4,28,3,442,0,0,0,1,1,99999,0,0,0.683333,0.683333,0.4,0.4
12,4,29,3,3033,0,0,0,1,1,99999,0,0,0.582083,0.582083,0.4,0.4
12,4,30,3,845,0,0,0,42,42,99999,0,0,0.14125,5.9325,0.4,0.4
12,4,31,3,1421,0,0,0,48,48,99999,0,0,0.386667,18.560016,0.4,0.4
12,4,32,3,425,0,0,0,3,3,99999,0,0,0.666667,2.000001,0.4,0.4
12,4,33,3,1398,0,0,0,13,13,99999,0,0,0.3175,4.1275,0.4,0.4
12,4,34,3,1999,0,0,0,3,3,99999,0,0,0.5315,1.5945,0.4,0.4
12,4,35,3,3032,0,0,0,1,1,99999,0,0,0.582083,0.582083,0.4,0.4
12,4,36,3,1644,0,0,0,6,6,99999,0,0,0.30625,1.8375,0.4,0.4
12,4,37,3,2261,0,0,0,192,192,99999,0,0,0.125,24.0,0.4,0.4
12,4,38,3,1269,0,0,0,3,3,99999,0,0,7.212,21.636,0.4,0.4
12,4,39,3,472,0,0,0,3,3,99999,0,0,1.014167,3.042501,0.4,0.4
13,4,0,3,2406,0,0,0,4,4,99999,0,0,0.6725,2.69,0.4,0.4
13,4,1,3,2201,0,0,0,80,80,99999,0,0,0.092333,7.38664,0.4,0.4
13,4,2,3,144,0,0,0,216,216,99999,0,0,0.668333,144.359928,0.4,0.4
13,4,3,3,888,0,0,0,10,10,99999,0,0,1.356667,13.56667,0.4,0.4
13,4,4,3,2498,0,0,0,3,3,99999,0,0,1.1615,3.4845,0.4,0.4
13,4,5,3,2182,0,0,0,3,3,99999,0,0,0.4005,1.2015,0.4,0.4
13,4,6,3,2548,0,0,0,2,2,99999,0,0,1.047333,2.094666,0.4,0.4
13,4,7,3,1066,0,0,0,15,15,99999,0,0,0.023833,0.357495,0.4,0.4
13,4,8,3,1184,0,0,0,24,24,99999,0,0,0.095,2.28,0.4,0.4
13,4,9,3,2148,0,0,0,4,4,99999,0,0,0.444167,1.776668,0.4,0.4
13,4,10,3,785,0,0,0,2,2,99999,0,0,0.891667,1.783334,0.4,0.4
13,4,11,3,2161,0,0,0,3,3,99999,0,0,0.615833,1.847499,0.4,0.4
13,4,12,3,1337,0,0,0,13,13,99999,0,0,0.3925,5.1025,0.4,0.4
13,4,13,3,2660,0,0,0,3,3,99999,0,0,0.582083,1.746249,0.4,0.4
13,4,14,3,1585,0,0,0,12,12,99999,0,0,0.218333,2.619996,0.4,0.4
13,4,15,3,189,0,0,0,4,4,99999,0,0,0.5906,2.3624,0.4,0.4
13,4,16,3,2322,0,0,0,60,60,99999,0,0,0.094333,5.65998,0.4,0.4
13,4,17,3,294,0,0,0,3,3,99999,0,0,1.61125,4.83375,0.4,0.4
13,4,18,3,2648,0,0,0,2,2,99999,0,0,0.582083,1.164166,0.4,0.4
13,4,19,3,115,0,0,0,600,600,99999,0,0,0.3025,181.5,0.4,0.4
13,4,20,3,725,0,0,0,10,10,99999,0,0,2.005,20.05,0.4,0.4
13,4,21,3,3043,0,0,0,3,3,99999,0,0,0.582083,1.746249,0.4,0.4
13,4,22,3,551,0,0,0,5,5,99999,0,0,0.046667,0.233335,0.4,0.4
13,4,23,3,654,0,0,0,66,66,99999,0,0,1.816667,119.900022,0.4,0.4
13,4,24,3,2310,0,0,0,75,75,99999,0,0,0.208333,15.624975,0.4,0.4
13,4,25,3,580,0,0,0,5,5,99999,0,0,0.166667,0.833335,0.4,0.4
13,4,26,3,306,0,0,0,216,216,99999,0,0,0.579583,125.189928,0.4,0.4
13,4,27,3,1599,0,0,0,32,32,99999,0,0,0.2276,7.2832,0.4,0.4
13,4,28,3,2552,0,0,0,12,12,99999,0,0,0.908333,10.899996,0.4,0.4
13,4,29,3,207,0,0,0,4,4,99999,0,0,2.215,8.86,0.4,0.4
13,4,30,3,1573,0,0,0,8,8,99999,0,0,0.0931,0.7448,0.4,0.4
13,4,31,3,564,0,0,0,3,3,99999,0,0,0.034444,0.103332,0.4,0.4
13,4,32,3,2880,0,0,0,1,1,99999,0,0,0.582083,0.582083,0.4,0.4
13,4,33,3,915,0,0,0,2,2,99999,0,0,1.05,2.1,0.4,0.4
13,4,34,3,1476,0,0,0,7,7,99999,0,0,0.703333,4.923331,0.4,0.4
13,4,35,3,1267,0,0,0,4,4,99999,0,0,1.108333,4.433332,0.4,0.4
13,4,36,3,2258,0,0,0,390,390,99999,0,0,0.099667,38.87013,0.4,0.4
13,4,37,3,139,0,0,0,88,88,99999,0,0,0.670917,59.040696,0.4,0.4
13,4,38,3,846,0,0,0,11,11,99999,0,0,0.205,2.255,0.4,0.4
13,4,39,3,1568,0,0,0,9,9,99999,0,0,0.38,3.42,0.4,0.4
14,4,0,3,49,0,0,0,68,68,99999,0,0,0.664583,45.191644,0.4,0.4
14,4,1,3,1401,0,0,0,24,24,99999,0,0,0.355833,8.539992,0.4,0.4
14,4,2,3,1635,0,0,0,42,42,99999,0,0,0.365,15.33,0.4,0.4
14,4,3,3,2662,0,0,0,66,66,99999,0,0,0.408583,26.966478,0.4,0.4
14,4,4,3,1819,0,0,0,3,3,99999,0,0,0.321,0.963,0.4,0.4
14,4,5,3,2594,0,0,0,4,4,99999,0,0,0.908333,3.633332,0.4,0.4
14,4,6,3,1897,0,0,0,5,5,99999,0,0,0.14,0.7,0.4,0.4
14,4,7,3,159,0,0,0,136,136,99999,0,0,1.64,223.04,0.4,0.4
14,4,8,3,265,0,0,0,12,12,99999,0,0,0.74,8.88,0.4,0.4
14,4,9,3,310,0,0,0,792,792,99999,0,0,0.27375,216.81,0.4,0.4
14,4,10,3,2615,0,0,0,15,15,99999,0,0,0.535,8.025,0.4,0.4
14,4,11,3,1072,0,0,0,3,3,99999,0,0,0.029722,0.089166,0.4,0.4
14,4,12,3,514,0,0,0,3,3,99999,0,0,0.825,2.475,0.4,0.4
14,4,13,3,520,0,0,0,17,17,99999,0,0,4.225,71.825,0.4,0.4
14,4,14,3,74,0,0,0,18,18,99999,0,0,0.111111,1.999998,0.4,0.4
14,4,15,3,1171,0,0,0,4,4,99999,0,0,0.108333,0.433332,0.4,0.4
14,4,16,3,2224,0,0,0,44,44,99999,0,0,0.25,11.0,0.4,0.4
14,4,17,3,2983,0,0,0,2,2,99999,0,0,0.582083,1.164166,0.4,0.4
14,4,18,3,343,0,0,0,22,22,99999,0,0,5.325,117.15,0.4,0.4
14,4,19,3,983,0,0,0,6,6,99999,0,0,0.148333,0.889998,0.4,0.4
14,4,20,3,2501,0,0,0,18,18,99999,0,0,2.3,41.4,0.4,0.4
14,4,21,3,759,0,0,0,1,1,99999,0,0,0.716667,0.716667,0.4,0.4
14,4,22,3,1101,0,0,0,18,18,99999,0,0,0.023333,0.419994,0.4,0.4
14,4,23,3,2915,0,0,0,2,2,99999,0,0,0.582083,1.164166,0.4,0.4
14,4,24,3,2326,0,0,0,230,230,99999,0,0,0.075,17.25,0.4,0.4
14,4,25,3,831,0,0,0,2,2,99999,0,0,0.2,0.4,0.4,0.4
14,4,26,3,742,0,0,0,9,9,99999,0,0,3.28,29.52,0.4,0.4
14,4,27,3,48,0,0,0,15,15,99999,0,0,2.213333,33.199995,0.4,0.4
14,4,28,3,645,0,0,0,2,2,99999,0,0,0.7865,1.573,0.4,0.4
14,4,29,3,739,0,0,0,7,7,99999,0,0,1.135833,7.950831,0.4,0.4
14,4,30,3,2154,0,0,0,3,3,99999,0,0,0.315,0.945,0.4,0.4
14,4,31,3,144,0,0,0,216,216,99999,0,0,0.668333,144.359928,0.4,0.4
14,4,32,3,1609,0,0,0,21,21,99999,0,0,0.941667,19.775007,0.4,0.4
14,4,33,3,942,0,0,0,6,6,99999,0,0,1.224167,7.345002,0.4,0.4
14,4,34,3,691,0,0,0,2,2,99999,0,0,4.475,8.95,0.4,0.4
14,4,35,3,274,0,0,0,4,4,99999,0,0,1.330833,5.323332,0.4,0.4
14,4,36,3,1229,0,0,0,96,96,99999,0,0,0.109375,10.5,0.4,0.4
14,4,37,3,2536,0,0,0,20,20,99999,0,0,0.965833,19.31666,0.4,0.4
14,4,38,3,1462,0,0,0,36,36,99999,0,0,0.41,14.76,0.4,0.4
14,4,39,3,2861,0,0,0,360,360,99999,0,0,0.408583,147.08988,0.4,0.4
15,4,0,3,987,0,0,0,3,3,99999,0,0,0.141667,0.425001,0.4,0.4
15,4,1,3,2488,0,0,0,10,10,99999,0,0,0.833333,8.33333,0.4,0.4
15,4,2,3,1800,0,0,0,2,2,99999,0,0,0.375,0.75,0.4,0.4
15,4,3,3,2620,0,0,0,4,4,99999,0,0,0.535,2.14,0.4,0.4
15,4,4,3,1734,0,0,0,10,10,99999,0,0,0.173333,1.73333,0.4,0.4
15,4,5,3,732,0,0,0,3,3,99999,0,0,3.5325,10.5975,0.4,0.4
15,4,6,3,2829,0,0,0,9,9,99999,0,0,0.582083,5.238747,0.4,0.4
15,4,7,3,2752,0,0,0,15,15,99999,0,0,0.582083,8.731245,0.4,0.4
15,4,8,3,307,0,0,0,4,4,99999,0,0,0.648417,2.593668,0.4,0.4
15,4,9,3,2240,0,0,0,96,96,99999,0,0,0.279167,26.800032,0.4,0.4
15,4,10,3,1461,0,0,0,20,20,99999,0,0,0.34,6.8,0.4,0.4
15,4,11,3,1673,0,0,0,22,22,99999,0,0,0.383333,8.433326,0.4,0.4
15,4,12,3,1472,0,0,0,24,24,99999,0,0,0.290833,6.979992,0.4,0.4
15,4,13,3,2389,0,0,0,5,5,99999,0,0,0.94,4.7,0.4,0.4
15,4,14,3,348,0,0,0,96,96,99999,0,0,1.25,120.0,0.4,0.4
15,4,15,3,394,0,0,0,6,6,99999,0,0,4.3025,25.815,0.4,0.4
15,4,16,3,2980,0,0,0,4,4,99999,0,0,0.582083,2.328332,0.4,0.4
15,4,17,3,2756,0,0,0,30,30,99999,0,0,0.535,16.05,0.4,0.4
15,4,18,3,2248,0,0,0,112,112,99999,0,0,0.125,14.0,0.4,0.4
15,4,19,3,582,0,0,0,9,9,99999,0,0,0.0895,0.8055,0.4,0.4
15,4,20,3,1416,0,0,0,34,34,99999,0,0,0.43,14.62,0.4,0.4
15,4,21,3,1813,0,0,0,5,5,99999,0,0,0.282083,1.410415,0.4,0.4
15,4,22,3,1711,0,0,0,15,15,99999,0,0,0.252083,3.781245,0.4,0.4
15,4,23,3,1113,0,0,0,2,2,99999,0,0,0.34,0.68,0.4,0.4
15,4,24,3,2382,0,0,0,5,5,99999,0,0,0.725,3.625,0.4,0.4
15,4,25,3,266,0,0,0,18,18,99999,0,0,1.333333,23.999994,0.4,0.4
15,4,26,3,2371,0,0,0,16,16,99999,0,0,0.173125,2.77,0.4,0.4
15,4,27,3,1280,0,0,0,19,19,99999,0,0,0.582,11.058,0.4,0.4
15,4,28,3,1502,0,0,0,3,3,99999,0,0,0.401667,1.205001,0.4,0.4
15,4,29,3,57,0,0,0,6,6,99999,0,0,2.241667,13.450002,0.4,0.4
15,4,30,3,148,0,0,0,80,80,99999,0,0,0.65,52.0,0.4,0.4
15,4,31,3,710,0,0,0,3,3,99999,0,0,1.14,3.42,0.4,0.4
15,4,32,3,345,0,0,0,72,72,99999,0,0,2.125,153.0,0.4,0.4
15,4,33,3,540,0,0,0,8,8,99999,0,0,1.166667,9.333336,0.4,0.4
15,4,34,3,82,0,0,0,84,84,99999,0,0,0.141667,11.900028,0.4,0.4
15,4,35,3,1250,0,0,0,32,32,99999,0,0,2.68,85.76,0.4,0.4
15,4,36,3,155,0,0,0,672,672,99999,0,0,0.32375,217.56,0.4,0.4
15,4,37,3,548,0,0,0,2,2,99999,0,0,0.291333,0.582666,0.4,0.4
15,4,38,3,450,0,0,0,5,5,99999,0,0,0.195,0.975,0.4,0.4
15,4,39,3,297,0,0,0,492,492,99999,0,0,0.274167,134.890164,0.4,0.4
16,4,0,3,2093,0,0,0,7,7,99999,0,0,2.06,14.42,0.4,0.4
16,4,1,3,600,0,0,0,4,4,99999,0,0,0.084583,0.338332,0.4,0.4
16,4,2,3,2929,0,0,0,21,21,99999,0,0,0.408583,8.580243,0.4,0.4
16,4,3,3,1665,0,0,0,30,30,99999,0,0,0.31,9.3,0.4,0.4
16,4,4,3,2952,0,0,0,8,8,99999,0,0,0.535,4.28,0.4,0.4
16,4,5,3,504,0,0,0,3,3,99999,0,0,0.325,0.975,0.4,0.4
16,4,6,3,372,0,0,0,24,24,99999,0,0,1.076667,25.840008,0.4,0.4
16,4,7,3,768,0,0,0,1,1,99999,0,0,0.903333,0.903333,0.4,0.4
16,4,8,3,2318,0,0,0,69,69,99999,0,0,0.144167,9.947523,0.4,0.4
16,4,9,3,350,0,0,0,180,180,99999,0,0,0.8,144.0,0.4,0.4
16,4,10,3,1548,0,0,0,60,60,99999,0,0,0.454,27.24,0.4,0.4
16,4,11,3,2593,0,0,0,34,34,99999,0,0,0.66,22.44,0.4,0.4
16,4,12,3,1473,0,0,0,10,10,99999,0,0,0.403333,4.03333,0.4,0.4
16,4,13,3,1458,0,0,0,36,36,99999,0,0,0.386667,13.920012,0.4,0.4
16,4,14,3,1601,0,0,0,2,2,99999,0,0,1.2,2.4,0.4,0.4
16,4,15,3,1467,0,0,0,14,14,99999,0,0,0.080833,1.131662,0.4,0.4
16,4,16,3,142,0,0,0,528,528,99999,0,0,0.27,142.56,0.4,0.4
16,4,17,3,1230,0,0,0,96,96,99999,0,0,0.115625,11.1,0.4,0.4
16,4,18,3,2129,0,0,0,1,1,99999,0,0,2.165,2.165,0.4,0.4
16,4,19,3,2838,0,0,0,912,912,99999,0,0,0.408583,372.627696,0.4,0.4
16,4,20,3,2118,0,0,0,4,4,99999,0,0,0.383333,1.533332,0.4,0.4
16,4,21,3,2959,0,0,0,5,5,99999,0,0,0.582083,2.910415,0.4,0.4
16,4,22,3,2807,0,0,0,6,6,99999,0,0,0.408583,2.451498,0.4,0.4
16,4,23,3,1788,0,0,0,10,10,99999,0,0,0.1205,1.205,0.4,0.4
16,4,24,3,39,0,0,0,258,258,99999,0,0,0.389167,100.405086,0.4,0.4
16,4,25,3,1511,0,0,0,60,60,99999,0,0,0.405,24.3,0.4,0.4
16,4,26,3,1521,0,0,0,37,37,99999,0,0,0.180833,6.690821,0.4,0.4
16,4,27,3,1679,0,0,0,56,56,99999,0,0,0.49125,27.51,0.4,0.4
16,4,28,3,251,0,0,0,264,264,99999,0,0,0.6225,164.34,0.4,0.4
16,4,29,3,2253,0,0,0,96,96,99999,0,0,0.2675,25.68,0.4,0.4
16,4,30,3,1230,0,0,0,96,96,99999,0,0,0.115625,11.1,0.4,0.4
16,4,31,3,1169,0,0,0,3,3,99999,0,0,0.069833,0.209499,0.4,0.4
16,4,32,3,145,0,0,0,50,50,99999,0,0,1.630833,81.54165,0.4,0.4
16,4,33,3,1949,0,0,0,7,7,99999,0,0,0.16,1.12,0.4,0.4
16,4,34,3,427,0,0,0,6,6,99999,0,0,1.25,7.5,0.4,0.4
16,4,35,3,330,0,0,0,8,8,99999,0,0,6.195,49.56,0.4,0.4
16,4,36,3,20,0,0,0,552,552,99999,0,0,0.282083,155.709816,0.4,0.4
16,4,37,3,565,0,0,0,7,7,99999,0,0,0.0775,0.5425,0.4,0.4
16,4,38,3,946,0,0,0,2,2,99999,0,0,0.77,1.54,0.4,0.4
16,4,39,3,1088,0,0,0,2,2,99999,0,0,0.906667,1.813334,0.4,0.4
17,4,0,3,2896,0,0,0,2,2,99999,0,0,0.582083,1.164166,0.4,0.4
17,4,1,3,1386,0,0,0,28,28,99999,0,0,0.4,11.2,0.4,0.4
17,4,2,3,1118,0,0,0,1,1,99999,0,0,0.098333,0.098333,0.4,0.4
17,4,3,3,2487,0,0,0,5,5,99999,0,0,1.471833,7.359165,0.4,0.4
17,4,4,3,3006,0,0,0,6,6,99999,0,0,0.582083,3.492498,0.4,0.4
17,4,5,3,2416,0,0,0,62,62,99999,0,0,0.064583,4.004146,0.4,0.4
17,4,6,3,45,0,0,0,36,36,99999,0,0,2.183333,78.599988,0.4,0.4
17,4,7,3,1482,0,0,0,24,24,99999,0,0,0.3275,7.86,0.4,0.4
17,4,8,3,793,0,0,0,1,1,99999,0,0,0.664167,0.664167,0.4,0.4
17,4,9,3,1129,0,0,0,15,15,99999,0,0,0.061111,0.916665,0.4,0.4
17,4,10,3,2713,0,0,0,47,47,99999,0,0,0.408583,19.203401,0.4,0.4
17,4,11,3,1791,0,0,0,4,4,99999,0,0,0.079333,0.317332,0.4,0.4
17,4,12,3,680,0,0,0,8,8,99999,0,0,3.8625,30.9,0.4,0.4
17,4,13,3,2941,0,0,0,3,3,99999,0,0,0.582083,1.746249,0.4,0.4
17,4,14,3,481,0,0,0,1,1,99999,0,0,0.855833,0.855833,0.4,0.4
17,4,15,3,355,0,0,0,14,14,99999,0,0,6.0,84.0,0.4,0.4
17,4,16,3,2181,0,0,0,2,2,99999,0,0,0.6115,1.223,0.4,0.4
17,4,17,3,2658,0,0,0,93,93,99999,0,0,0.408583,37.998219,0.4,0.4
17,4,18,3,167,0,0,0,48,48,99999,0,0,0.260417,12.500016,0.4,0.4
17,4,19,3,1720,0,0,0,4,4,99999,0,0,0.334,1.336,0.4,0.4
17,4,20,3,110,0,0,0,120,120,99999,0,0,0.3625,43.5,0.4,0.4
17,4,21,3,767,0,0,0,7,7,99999,0,0,1.004167,7.029169,0.4,0.4
17,4,22,3,736,0,0,0,3,3,99999,0,0,2.278667,6.836001,0.4,0.4
17,4,23,3,1861,0,0,0,36,36,99999,0,0,0.369,13.284,0.4,0.4
17,4,24,3,2646,0,0,0,4,4,99999,0,0,0.582083,2.328332,0.4,0.4
17,4,25,3,1347,0,0,0,12,12,99999,0,0,0.431667,5.180004,0.4,0.4
17,4,27,3,2491,0,0,0,3,3,99999,0,0,1.366667,4.100001,0.4,0.4
17,4,28,3,2583,0,0,0,10,10,99999,0,0,0.903333,9.03333,0.4,0.4
17,4,29,3,2351,0,0,0,13,13,99999,0,0,0.323333,4.203329,0.4,0.4
17,4,30,3,508,0,0,0,30,30,99999,0,0,0.679167,20.37501,0.4,0.4
17,4,31,3,2833,0,0,0,102,102,99999,0,0,0.535,54.57,0.4,0.4
17,4,32,3,2899,0,0,0,8,8,99999,0,0,0.582083,4.656664,0.4,0.4
17,4,33,3,1395,0,0,0,11,11,99999,0,0,0.096667,1.063337,0.4,0.4
17,4,34,3,143,0,0,0,48,48,99999,0,0,0.377917,18.140016,0.4,0.4
17,4,35,3,2957,0,0,0,4,4,99999,0,0,0.582083,2.328332,0.4,0.4
17,4,36,3,2766,0,0,0,18,18,99999,0,0,0.582083,10.477494,0.4,0.4
17,4,37,3,1461,0,0,0,20,20,99999,0,0,0.34,6.8,0.4,0.4
17,4,38,3,791,0,0,0,2,2,99999,0,0,0.669167,1.338334,0.4,0.4
17,4,39,3,2937,0,0,0,16,16,99999,0,0,0.408583,6.537328,0.4,0.4
18,4,0,3,705,0,0,0,1,1,99999,0,0,3.16,3.16,0.4,0.4
18,4,1,3,397,0,0,0,1,1,99999,0,0,4.1655,4.1655,0.4,0.4
18,4,2,3,377,0,0,0,2,2,99999,0,0,1.06,2.12,0.4,0.4
18,4,3,3,682,0,0,0,4,4,99999,0,0,1.725,6.9,0.4,0.4
18,4,4,3,239,0,0,0,4,4,99999,0,0,0.608333,2.433332,0.4,0.4
18,4,5,3,933,0,0,0,16,16,99999,0,0,1.1525,18.44,0.4,0.4
18,4,6,3,2942,0,0,0,2,2,99999,0,0,0.582083,1.164166,0.4,0.4
18,4,7,3,816,0,0,0,2,2,99999,0,0,0.866667,1.733334,0.4,0.4
18,4,8,3,1109,0,0,0,4,4,99999,0,0,0.033333,0.133332,0.4,0.4
18,4,9,3,1972,0,0,0,30,30,99999,0,0,0.054833,1.64499,0.4,0.4
18,4,10,3,2540,0,0,0,3,3,99999,0,0,3.5,10.5,0.4,0.4
18,4,11,3,525,0,0,0,2,2,99999,0,0,0.706667,1.413334,0.4,0.4
18,4,12,3,1796,0,0,0,4,4,99999,0,0,0.2225,0.89,0.4,0.4
18,4,13,3,1714,0,0,0,12,12,99999,0,0,0.367,4.404,0.4,0.4
18,4,14,3,1650,0,0,0,62,62,99999,0,0,0.225,13.95,0.4,0.4
18,4,15,3,34,0,0,0,12,12,99999,0,0,0.655,7.86,0.4,0.4
18,4,16,3,235,0,0,0,8,8,99999,0,0,0.5875,4.7,0.4,0.4
18,4,17,3,2757,0,0,0,72,72,99999,0,0,0.408583,29.417976,0.4,0.4
18,4,18,3,1231,0,0,0,144,144,99999,0,0,0.123889,17.840016,0.4,0.4
18,4,19,3,144,0,0,0,216,216,99999,0,0,0.668333,144.359928,0.4,0.4
18,4,20,3,2231,0,0,0,12,12,99999,0,0,0.229167,2.750004,0.4,0.4
18,4,21,3,905,0,0,0,19,19,99999,0,0,2.208333,41.958327,0.4,0.4
18,4,22,3,1868,0,0,0,9,9,99999,0,0,0.043019,0.387171,0.4,0.4
18,4,23,3,2684,0,0,0,150,150,99999,0,0,0.535,80.25,0.4,0.4
18,4,24,3,2542,0,0,0,2,2,99999,0,0,1.038333,2.076666,0.4,0.4
18,4,25,3,454,0,0,0,10,10,99999,0,0,0.6825,6.825,0.4,0.4
18,4,26,3,1906,0,0,0,4,4,99999,0,0,0.297,1.188,0.4,0.4
18,4,27,3,1620,0,0,0,39,39,99999,0,0,0.234167,9.132513,0.4,0.4
18,4,28,3,2806,0,0,0,6,6,99999,0,0,0.408583,2.451498,0.4,0.4
18,4,29,3,1638,0,0,0,60,60,99999,0,0,0.351,21.06,0.4,0.4
18,4,30,3,155,0,0,0,672,672,99999,0,0,0.32375,217.56,0.4,0.4
18,4,31,3,839,0,0,0,6,6,99999,0,0,0.275,1.65,0.4,0.4
18,4,32,3,955,0,0,0,3,3,99999,0,0,1.147667,3.443001,0.4,0.4
18,4,33,3,688,0,0,0,48,48,99999,0,0,2.06,98.88,0.4,0.4
18,4,34,3,1628,0,0,0,1,1,99999,0,0,0.495,0.495,0.4,0.4
18,4,35,3,1907,0,0,0,4,4,99999,0,0,0.236,0.944,0.4,0.4
18,4,36,3,2155,0,0,0,7,7,99999,0,0,0.4775,3.3425,0.4,0.4
18,4,37,3,55,0,0,0,40,40,99999,0,0,0.55,22.0,0.4,0.4
18,4,38,3,2430,0,0,0,54,54,99999,0,0,1.015833,54.854982,0.4,0.4
18,4,39,3,2720,0,0,0,2,2,99999,0,0,0.582083,1.164166,0.4,0.4
19,4,0,3,698,0,0,0,11,11,99999,0,0,1.56,17.16,0.4,0.4
19,4,1,3,2210,0,0,0,18,18,99999,0,0,1.138333,20.489994,0.4,0.4
19,4,2,3,2245,0,0,0,15,15,99999,0,0,0.124,1.86,0.4,0.4
19,4,3,3,485,0,0,0,6,6,99999,0,0,0.455,2.73,0.4,0.4
19,4,4,3,116,0,0,0,270,270,99999,0,0,0.277083,74.81241,0.4,0.4
19,4,5,3,1246,0,0,0,2,2,99999,0,0,0.77,1.54,0.4,0.4
19,4,6,3,2807,0,0,0,6,6,99999,0,0,0.408583,2.451498,0.4,0.4
19,4,7,3,2877,0,0,0,3,3,99999,0,0,0.582083,1.746249,0.4,0.4
19,4,8,3,2725,0,0,0,33,33,99999,0,0,0.408583,13.483239,0.4,0.4
19,4,9,3,1023,0,0,0,10,10,99999,0,0,0.322292,3.22292,0.4,0.4
19,4,10,3,371,0,0,0,192,192,99999,0,0,0.587083,112.719936,0.4,0.4
19,4,11,3,340,0,0,0,22,22,99999,0,0,5.575,122.65,0.4,0.4
19,4,12,3,602,0,0,0,2,2,99999,0,0,0.151667,0.303334,0.4,0.4
19,4,13,3,1747,0,0,0,2,2,99999,0,0,0.132,0.264,0.4,0.4
19,4,14,3,1228,0,0,0,4,4,99999,0,0,2.9425,11.77,0.4,0.4
19,4,15,3,112,0,0,0,102,102,99999,0,0,0.375,38.25,0.4,0.4
19,4,16,3,707,0,0,0,16,16,99999,0,0,2.145,34.32,0.4,0.4
19,4,17,3,1541,0,0,0,15,15,99999,0,0,0.065417,0.981255,0.4,0.4
19,4,18,3,1696,0,0,0,5,5,99999,0,0,0.33,1.65,0.4,0.4
19,4,19,3,2835,0,0,0,600,600,99999,0,0,0.408583,245.1498,0.4,0.4
19,4,20,3,1228,0,0,0,4,4,99999,0,0,2.9425,11.77,0.4,0.4
19,4,21,3,2972,0,0,0,4,4,99999,0,0,0.535,2.14,0.4,0.4
19,4,22,3,2464,0,0,0,1,1,99999,0,0,0.172167,0.172167,0.4,0.4
19,4,23,3,7,0,0,0,60,60,99999,0,0,2.086667,125.20002,0.4,0.4
19,4,24,3,1956,0,0,0,1,1,99999,0,0,0.1675,0.1675,0.4,0.4
19,4,25,3,1188,0,0,0,6,6,99999,0,0,0.188542,1.131252,0.4,0.4
19,4,26,3,1817,0,0,0,8,8,99999,0,0,0.378125,3.025,0.4,0.4
19,4,27,3,356,0,0,0,96,96,99999,0,0,1.55,148.8,0.4,0.4
19,4,28,3,1173,0,0,0,5,5,99999,0,0,0.118167,0.590835,0.4,0.4
19,4,29,3,1146,0,0,0,8,8,99999,0,0,0.100833,0.806664,0.4,0.4
19,4,30,3,1501,0,0,0,14,14,99999,0,0,0.145833,2.041662,0.4,0.4
19,4,31,3,737,0,0,0,15,15,99999,0,0,1.841667,27.625005,0.4,0.4
19,4,32,3,2742,0,0,0,543,543,99999,0,0,0.408583,221.860569,0.4,0.4
19,4,33,3,976,0,0,0,3,3,99999,0,0,0.163889,0.491667,0.4,0.4
19,4,34,3,953,0,0,0,2,2,99999,0,0,0.776167,1.552334,0.4,0.4
19,4,35,3,1459,0,0,0,18,18,99999,0,0,0.425,7.65,0.4,0.4
19,4,36,3,2137,0,0,0,11,11,99999,0,0,2.113333,23.246663,0.4,0.4
19,4,37,3,370,0,0,0,192,192,99999,0,0,0.645,123.84,0.4,0.4
19,4,38,3,328,0,0,0,6,6,99999,0,0,1.566667,9.400002,0.4,0.4
19,4,39,3,2387,0,0,0,3,3,99999,0,0,0.773,2.319,0.4,0.4
20,4,0,3,69,0,0,0,750,750,99999,0,0,0.275417,206.56275,0.4,0.4
20,4,1,3,1217,0,0,0,2,2,99999,0,0,0.603333,1.206666,0.4,0.4
20,4,2,3,2306,0,0,0,24,24,99999,0,0,0.141667,3.400008,0.4,0.4
20,4,3,3,2374,0,0,0,4,4,99999,0,0,0.533333,2.133332,0.4,0.4
20,4,4,3,1344,0,0,0,7,7,99999,0,0,0.265,1.855,0.4,0.4
20,4,5,3,1166,0,0,0,12,12,99999,0,0,0.1205,1.446,0.4,0.4
20,4,6,3,1454,0,0,0,4,4,99999,0,0,0.183333,0.733332,0.4,0.4
20,4,7,3,559,0,0,0,1,1,99999,0,0,0.077083,0.077083,0.4,0.4
20,4,8,3,935,0,0,0,5,5,99999,0,0,0.9,4.5,0.4,0.4
20,4,9,3,1986,0,0,0,2,2,99999,0,0,0.845833,1.691666,0.4,0.4
20,4,10,3,751,0,0,0,10,10,99999,0,0,0.305,3.05,0.4,0.4
20,4,11,3,81,0,0,0,96,96,99999,0,0,1.35,129.6,0.4,0.4
20,4,12,3,15,0,0,0,60,60,99999,0,0,2.086667,125.20002,0.4,0.4
20,4,13,3,1343,0,0,0,5,5,99999,0,0,0.195833,0.979165,0.4,0.4
20,4,14,3,673,0,0,0,7,7,99999,0,0,1.633333,11.433331,0.4,0.4
20,4,15,3,1111,0,0,0,5,5,99999,0,0,0.525417,2.627085,0.4,0.4
20,4,16,3,146,0,0,0,792,792,99999,0,0,0.274167,217.140264,0.4,0.4
20,4,17,3,3015,0,0,0,6,6,99999,0,0,0.582083,3.492498,0.4,0.4
20,4,18,3,1349,0,0,0,3,3,99999,0,0,0.266667,0.800001,0.4,0.4
20,4,19,3,348,0,0,0,96,96,99999,0,0,1.25,120.0,0.4,0.4
20,4,20,3,563,0,0,0,10,10,99999,0,0,0.057667,0.57667,0.4,0.4
20,4,21,3,961,0,0,0,1,1,99999,0,0,0.483333,0.483333,0.4,0.4
20,4,22,3,517,0,0,0,5,5,99999,0,0,1.13,5.65,0.4,0.4
20,4,23,3,1461,0,0,0,20,20,99999,0,0,0.34,6.8,0.4,0.4
20,4,24,3,713,0,0,0,26,26,99999,0,0,2.216667,57.633342,0.4,0.4
20,4,25,3,1543,0,0,0,4,4,99999,0,0,0.345,1.38,0.4,0.4
20,4,26,3,2808,0,0,0,6,6,99999,0,0,0.408583,2.451498,0.4,0.4
20,4,27,3,2383,0,0,0,4,4,99999,0,0,0.32,1.28,0.4,0.4
20,4,28,3,1082,0,0,0,6,6,99999,0,0,1.786667,10.720002,0.4,0.4
20,4,29,3,1013,0,0,0,6,6,99999,0,0,0.194792,1.168752,0.4,0.4
20,4,30,3,627,0,0,0,14,14,99999,0,0,4.54,63.56,0.4,0.4
20,4,31,3,2807,0,0,0,6,6,99999,0,0,0.408583,2.451498,0.4,0.4
20,4,32,3,2109,0,0,0,5,5,99999,0,0,0.535,2.675,0.4,0.4
20,4,33,3,2149,0,0,0,3,3,99999,0,0,0.444167,1.332501,0.4,0.4
20,4,34,3,2982,0,0,0,2,2,99999,0,0,0.582083,1.164166,0.4,0.4
20,4,35,3,203,0,0,0,654,654,99999,0,0,0.274167,179.305218,0.4,0.4
20,4,36,3,954,0,0,0,6,6,99999,0,0,1.173333,7.039998,0.4,0.4
20,4,37,3,2807,0,0,0,6,6,99999,0,0,0.408583,2.451498,0.4,0.4
20,4,38,3,293,0,0,0,36,36,99999,0,0,2.20625,79.425,0.4,0.4
20,4,39,3,1888,0,0,0,13,13,99999,0,0,0.1775,2.3075,0.4,0.4
21,4,0,3,2604,0,0,0,3,3,99999,0,0,0.582083,1.746249,0.4,0.4
21,4,1,3,29,0,0,0,8,8,99999,0,0,0.667917,5.343336,0.4,0.4
21,4,2,3,2055,0,0,0,7,7,99999,0,0,0.650833,4.555831,0.4,0.4
21,4,3,3,572,0,0,0,2,2,99999,0,0,0.567917,1.135834,0.4,0.4
21,4,4,3,2160,0,0,0,6,6,99999,0,0,0.309167,1.855002,0.4,0.4
21,4,5,3,157,0,0,0,552,552,99999,0,0,0.264583,146.049816,0.4,0.4
21,4,6,3,786,0,0,0,8,8,99999,0,0,1.05,8.4,0.4,0.4
21,4,7,3,2510,0,0,0,10,10,99999,0,0,0.6375,6.375,0.4,0.4
21,4,8,3,2837,0,0,0,948,948,99999,0,0,0.408583,387.336684,0.4,0.4
21,4,9,3,1556,0,0,0,6,6,99999,0,0,0.6,3.6,0.4,0.4
21,4,10,3,2652,0,0,0,2,2,99999,0,0,0.582083,1.164166,0.4,0.4
21,4,11,3,64,0,0,0,36,36,99999,0,0,0.6625,23.85,0.4,0.4
21,4,12,3,593,0,0,0,1,1,99999,0,0,0.141667,0.141667,0.4,0.4
21,4,13,3,1641,0,0,0,22,22,99999,0,0,0.301,6.622,0.4,0.4
21,4,14,3,2820,0,0,0,11,11,99999,0,0,0.408583,4.494413,0.4,0.4
21,4,15,3,1232,0,0,0,6,6,99999,0,0,0.125,0.75,0.4,0.4
21,4,16,3,2411,0,0,0,5,5,99999,0,0,0.440833,2.204165,0.4,0.4
21,4,17,3,2229,0,0,0,171,171,99999,0,0,0.229167,39.187557,0.4,0.4
21,4,18,3,2104,0,0,0,5,5,99999,0,0,1.351,6.755,0.4,0.4
21,4,19,3,1979,0,0,0,4,4,99999,0,0,0.414375,1.6575,0.4,0.4
21,4,20,3,358,0,0,0,96,96,99999,0,0,1.275833,122.479968,0.4,0.4
21,4,21,3,2640,0,0,0,1,1,99999,0,0,0.582083,0.582083,0.4,0.4
21,4,22,3,795,0,0,0,1,1,99999,0,0,0.816667,0.816667,0.4,0.4
21,4,23,3,32,0,0,0,552,552,99999,0,0,0.283333,156.399816,0.4,0.4
21,4,24,3,614,0,0,0,6,6,99999,0,0,0.6,3.6,0.4,0.4
21,4,25,3,215,0,0,0,366,366,99999,0,0,0.275,100.65,0.4,0.4
21,4,26,3,1073,0,0,0,3,3,99999,0,0,0.021806,0.065418,0.4,0.4
21,4,27,3,2977,0,0,0,1,1,99999,0,0,0.582083,0.582083,0.4,0.4
21,4,28,3,1086,0,0,0,1,1,99999,0,0,1.2,1.2,0.4,0.4
21,4,29,3,1512,0,0,0,28,28,99999,0,0,0.173333,4.853324,0.4,0.4
21,4,30,3,2961,0,0,0,1,1,99999,0,0,0.582083,0.582083,0.4,0.4
21,4,31,3,339,0,0,0,64,64,99999,0,0,2.3125,148.0,0.4,0.4
21,4,32,3,2663,0,0,0,126,126,99999,0,0,0.408583,51.481458,0.4,0.4
21,4,33,3,2499,0,0,0,18,18,99999,0,0,1.3525,24.345,0.4,0.4
21,4,34,3,2528,0,0,0,6,6,99999,0,0,0.5675,3.405,0.4,0.4
21,4,35,3,1508,0,0,0,10,10,99999,0,0,0.221667,2.21667,0.4,0.4
21,4,36,3,1910,0,0,0,2,2,99999,0,0,0.325,0.65,0.4,0.4
21,4,37,3,1228,0,0,0,4,4,99999,0,0,2.9425,11.77,0.4,0.4
21,4,38,3,2976,0,0,0,1,1,99999,0,0,0.582083,0.582083,0.4,0.4
21,4,39,3,1260,0,0,0,18,18,99999,0,0,0.0235,0.423,0.4,0.4
22,4,0,3,239,0,0,0,216,216,99999,0,0,0.608333,131.399928,0.4,0.4
22,4,1,3,1046,0,0,0,5,5,99999,0,0,0.117083,0.585415,0.4,0.4
22,4,2,3,585,0,0,0,8,8,99999,0,0,0.103333,0.826664,0.4,0.4
22,4,3,3,1772,0,0,0,8,8,99999,0,0,0.1,0.8,0.4,0.4
22,4,4,3,2665,0,0,0,108,108,99999,0,0,0.408583,44.126964,0.4,0.4
22,4,5,3,2855,0,0,0,120,120,99999,0,0,0.582083,69.84996,0.4,0.4
22,4,6,3,1799,0,0,0,1,1,99999,0,0,0.2425,0.2425,0.4,0.4
22,4,7,3,728,0,0,0,7,7,99999,0,0,1.923333,13.463331,0.4,0.4
22,4,8,3,216,0,0,0,48,48,99999,0,0,0.61875,29.7,0.4,0.4
22,4,9,3,449,0,0,0,24,24,99999,0,0,0.310833,7.459992,0.4,0.4
22,4,10,3,2269,0,0,0,94,94,99999,0,0,0.25,23.5,0.4,0.4
22,4,11,3,3,0,0,0,60,60,99999,0,0,2.333333,139.99998,0.4,0.4
22,4,12,3,257,0,0,0,264,264,99999,0,0,0.620417,163.790088,0.4,0.4
22,4,13,3,1434,0,0,0,24,24,99999,0,0,0.366667,8.800008,0.4,0.4
22,4,14,3,306,0,0,0,216,216,99999,0,0,0.579583,125.189928,0.4,0.4
22,4,15,3,1254,0,0,0,9,9,99999,0,0,2.8,25.2,0.4,0.4
22,4,16,3,276,0,0,0,180,180,99999,0,0,0.644167,115.95006,0.4,0.4
22,4,17,3,538,0,0,0,10,10,99999,0,0,5.533333,55.33333,0.4,0.4
22,4,18,3,1567,0,0,0,9,9,99999,0,0,0.355,3.195,0.4,0.4
22,4,19,3,2926,0,0,0,9,9,99999,0,0,0.582083,5.238747,0.4,0.4
22,4,20,3,338,0,0,0,22,22,99999,0,0,6.275,138.05,0.4,0.4
22,4,21,3,2217,0,0,0,6,6,99999,0,0,0.169167,1.015002,0.4,0.4
22,4,22,3,2298,0,0,0,175,175,99999,0,0,0.110667,19.366725,0.4,0.4
22,4,23,3,1365,0,0,0,3,3,99999,0,0,0.218667,0.656001,0.4,0.4
22,4,24,3,2549,0,0,0,21,21,99999,0,0,1.991667,41.825007,0.4,0.4
22,4,25,3,2618,0,0,0,3,3,99999,0,0,0.582083,1.746249,0.4,0.4
22,4,26,3,473,0,0,0,8,8,99999,0,0,4.325,34.6,0.4,0.4
22,4,27,3,1552,0,0,0,24,24,99999,0,0,0.344,8.256,0.4,0.4
22,4,28,3,1638,0,0,0,4,4,99999,0,0,0.351,1.404,0.4,0.4
22,4,29,3,2505,0,0,0,24,24,99999,0,0,4.9375,118.5,0.4,0.4
22,4,30,3,1355,0,0,0,8,8,99999,0,0,0.42,3.36,0.4,0.4
22,4,31,3,2831,0,0,0,24,24,99999,0,0,0.582083,13.969992,0.4,0.4
22,4,32,3,2981,0,0,0,8,8,99999,0,0,0.582083,4.656664,0.4,0.4
22,4,33,3,462,0,0,0,4,4,99999,0,0,0.5015,2.006,0.4,0.4
22,4,34,3,666,0,0,0,4,4,99999,0,0,2.033333,8.133332,0.4,0.4
22,4,35,3,16,0,0,0,306,306,99999,0,0,0.379583,116.152398,0.4,0.4
22,4,36,3,843,0,0,0,13,13,99999,0,0,1.2165,15.8145,0.4,0.4
22,4,37,3,900,0,0,0,5,5,99999,0,0,0.795833,3.979165,0.4,0.4
22,4,38,3,227,0,0,0,264,264,99999,0,0,0.622917,164.450088,0.4,0.4
22,4,39,3,2046,0,0,0,8,8,99999,0,0,0.63,5.04,0.4,0.4
23,4,0,3,1299,0,0,0,20,20,99999,0,0,0.225,4.5,0.4,0.4
23,4,1,3,1290,0,0,0,22,22,99999,0,0,0.216667,4.766674,0.4,0.4
23,4,2,3,2353,0,0,0,10,10,99999,0,0,0.606667,6.06667,0.4,0.4
23,4,3,3,147,0,0,0,84,84,99999,0,0,1.648333,138.459972,0.4,0.4
23,4,4,3,1701,0,0,0,4,4,99999,0,0,0.233333,0.933332,0.4,0.4
23,4,5,3,1546,0,0,0,24,24,99999,0,0,0.346,8.304,0.4,0.4
23,4,6,3,3020,0,0,0,4,4,99999,0,0,0.582083,2.328332,0.4,0.4
23,4,7,3,1583,0,0,0,5,5,99999,0,0,0.303,1.515,0.4,0.4
23,4,8,3,434,0,0,0,18,18,99999,0,0,0.396667,7.140006,0.4,0.4
23,4,9,3,2758,0,0,0,255,255,99999,0,0,0.408583,104.188665,0.4,0.4
23,4,10,3,1139,0,0,0,30,30,99999,0,0,0.107708,3.23124,0.4,0.4
23,4,11,3,107,0,0,0,2,2,99999,0,0,1.015,2.03,0.4,0.4
23,4,12,3,255,0,0,0,144,144,99999,0,0,0.649167,93.480048,0.4,0.4
23,4,13,3,1253,0,0,0,3,3,99999,0,0,2.8,8.4,0.4,0.4
23,4,14,3,1382,0,0,0,9,9,99999,0,0,0.158333,1.424997,0.4,0.4
23,4,15,3,906,0,0,0,8,8,99999,0,0,1.1875,9.5,0.4,0.4
23,4,16,3,2103,0,0,0,1,1,99999,0,0,1.213,1.213,0.4,0.4
23,4,17,3,1658,0,0,0,6,6,99999,0,0,0.233833,1.402998,0.4,0.4
23,4,18,3,2331,0,0,0,17,17,99999,0,0,0.3975,6.7575,0.4,0.4
23,4,19,3,346,0,0,0,20,20,99999,0,0,6.4,128.0,0.4,0.4
23,4,20,3,925,0,0,0,6,6,99999,0,0,0.800833,4.804998,0.4,0.4
23,4,21,3,144,0,0,0,216,216,99999,0,0,0.668333,144.359928,0.4,0.4
23,4,22,3,2179,0,0,0,4,4,99999,0,0,0.356667,1.426668,0.4,0.4
23,4,23,3,1332,0,0,0,3,3,99999,0,0,0.471,1.413,0.4,0.4
23,4,24,3,1200,0,0,0,12,12,99999,0,0,1.213333,14.559996,0.4,0.4
23,4,25,3,118,0,0,0,48,48,99999,0,0,0.415417,19.940016,0.4,0.4
23,4,26,3,2924,0,0,0,1,1,99999,0,0,0.582083,0.582083,0.4,0.4
23,4,27,3,2681,0,0,0,48,48,99999,0,0,0.408583,19.611984,0.4,0.4
23,4,28,3,2799,0,0,0,207,207,99999,0,0,0.408583,84.576681,0.4,0.4
23,4,29,3,1759,0,0,0,4,4,99999,0,0,0.14,0.56,0.4,0.4
23,4,30,3,2354,0,0,0,17,17,99999,0,0,0.333333,5.666661,0.4,0.4
23,4,31,3,1247,0,0,0,15,15,99999,0,0,0.4875,7.3125,0.4,0.4
23,4,32,3,1160,0,0,0,4,4,99999,0,0,0.18625,0.745,0.4,0.4
23,4,33,3,1807,0,0,0,2,2,99999,0,0,0.063,0.126,0.4,0.4
23,4,34,3,1239,0,0,0,11,11,99999,0,0,0.675,7.425,0.4,0.4
23,4,35,3,1487,0,0,0,5,5,99999,0,0,0.196667,0.983335,0.4,0.4
23,4,36,3,2095,0,0,0,5,5,99999,0,0,0.963,4.815,0.4,0.4
23,4,37,3,1326,0,0,0,8,8,99999,0,0,0.475,3.8,0.4,0.4
23,4,38,3,899,0,0,0,1,1,99999,0,0,0.566667,0.566667,0.4,0.4
23,4,39,3,1202,0,0,0,6,6,99999,0,0,0.89,5.34,0.4,0.4
24,4,0,3,2716,0,0,0,1,1,99999,0,0,0.582083,0.582083,0.4,0.4
24,4,1,3,1863,0,0,0,6,6,99999,0,0,0.274667,1.648002,0.4,0.4
24,4,2,3,1686,0,0,0,19,19,99999,0,0,0.5225,9.9275,0.4,0.4
24,4,3,3,802,0,0,0,5,5,99999,0,0,0.8875,4.4375,0.4,0.4
24,4,4,3,660,0,0,0,9,9,99999,0,0,1.793333,16.139997,0.4,0.4
24,4,5,3,1459,0,0,0,18,18,99999,0,0,0.425,7.65,0.4,0.4
24,4,6,3,2141,0,0,0,5,5,99999,0,0,0.550417,2.752085,0.4,0.4
24,4,7,3,1293,0,0,0,17,17,99999,0,0,0.288333,4.901661,0.4,0.4
24,4,8,3,1433,0,0,0,48,48,99999,0,0,0.376,18.048,0.4,0.4
24,4,9,3,1490,0,0,0,6,6,99999,0,0,0.4,2.4,0.4,0.4
24,4,10,3,2649,0,0,0,5,5,99999,0,0,0.582083,2.910415,0.4,0.4
24,4,11,3,604,0,0,0,10,10,99999,0,0,0.260833,2.60833,0.4,0.4
24,4,12,3,240,0,0,0,132,132,99999,0,0,0.670833,88.549956,0.4,0.4
24,4,13,3,2075,0,0,0,4,4,99999,0,0,1.591667,6.366668,0.4,0.4
24,4,14,3,2396,0,0,0,5,5,99999,0,0,0.525,2.625,0.4,0.4
24,4,15,3,2531,0,0,0,1,1,99999,0,0,1.985,1.985,0.4,0.4
24,4,16,3,191,0,0,0,5,5,99999,0,0,1.208333,6.041665,0.4,0.4
24,4,17,3,782,0,0,0,3,3,99999,0,0,0.733333,2.199999,0.4,0.4
24,4,18,3,1751,0,0,0,82,82,99999,0,0,0.1515,12.423,0.4,0.4
24,4,19,3,1623,0,0,0,10,10,99999,0,0,0.5,5.0,0.4,0.4
24,4,20,3,1947,0,0,0,2,2,99999,0,0,1.251667,2.503334,0.4,0.4
24,4,21,3,886,0,0,0,5,5,99999,0,0,1.366667,6.833335,0.4,0.4
24,4,22,3,1660,0,0,0,7,7,99999,0,0,0.320833,2.245831,0.4,0.4
24,4,23,3,1190,0,0,0,4,4,99999,0,0,0.1875,0.75,0.4,0.4
24,4,24,3,1773,0,0,0,21,21,99999,0,0,0.125833,2.642493,0.4,0.4
24,4,25,3,803,0,0,0,2,2,99999,0,0,0.875,1.75,0.4,0.4
24,4,26,3,1998,0,0,0,2,2,99999,0,0,0.433333,0.866666,0.4,0.4
24,4,27,3,2860,0,0,0,240,240,99999,0,0,0.408583,98.05992,0.4,0.4
24,4,28,3,1989,0,0,0,2,2,99999,0,0,0.1,0.2,0.4,0.4
24,4,29,3,2514,0,0,0,2,2,99999,0,0,0.245,0.49,0.4,0.4
24,4,30,3,2611,0,0,0,4,4,99999,0,0,0.582083,2.328332,0.4,0.4
24,4,31,3,2390,0,0,0,10,10,99999,0,0,0.15,1.5,0.4,0.4
24,4,32,3,1845,0,0,0,24,24,99999,0,0,0.216667,5.200008,0.4,0.4
24,4,33,3,1442,0,0,0,32,32,99999,0,0,0.102083,3.266656,0.4,0.4
24,4,34,3,2250,0,0,0,4,4,99999,0,0,0.561667,2.246668,0.4,0.4
24,4,35,3,2433,0,0,0,6,6,99999,0,0,0.357917,2.147502,0.4,0.4
24,4,36,3,2872,0,0,0,9,9,99999,0,0,0.535,4.815,0.4,0.4
24,4,37,3,692,0,0,0,1,1,99999,0,0,0.5,0.5,0.4,0.4
24,4,38,3,337,0,0,0,57,57,99999,0,0,1.56,88.92,0.4,0.4
24,4,39,3,155,0,0,0,672,672,99999,0,0,0.32375,217.56,0.4,0.4
25,4,0,3,2910,0,0,0,6,6,99999,0,0,0.582083,3.492498,0.4,0.4
25,4,1,3,2806,0,0,0,6,6,99999,0,0,0.408583,2.451498,0.4,0.4
25,4,2,3,40,0,0,0,432,432,99999,0,0,0.29125,125.82,0.4,0.4
25,4,3,3,1202,0,0,0,8,8,99999,0,0,0.89,7.12,0.4,0.4
25,4,4,3,2204,0,0,0,22,22,99999,0,0,0.25,5.5,0.4,0.4
25,4,5,3,476,0,0,0,32,32,99999,0,0,0.85,27.2,0.4,0.4
25,4,6,3,2262,0,0,0,81,81,99999,0,0,0.208333,16.874973,0.4,0.4
25,4,7,3,1,0,0,0,60,60,99999,0,0,2.218333,133.09998,0.4,0.4
25,4,8,3,1388,0,0,0,56,56,99999,0,0,0.381,21.336,0.4,0.4
25,4,9,3,2409,0,0,0,4,4,99999,0,0,0.25,1.0,0.4,0.4
25,4,10,3,2482,0,0,0,9,9,99999,0,0,1.721667,15.495003,0.4,0.4
25,4,11,3,805,0,0,0,6,6,99999,0,0,1.193333,7.159998,0.4,0.4
25,4,12,3,1744,0,0,0,7,7,99999,0,0,0.319583,2.237081,0.4,0.4
25,4,13,3,459,0,0,0,2,2,99999,0,0,0.48,0.96,0.4,0.4
25,4,14,3,315,0,0,0,96,96,99999,0,0,1.608333,154.399968,0.4,0.4
25,4,15,3,2082,0,0,0,4,4,99999,0,0,1.966667,7.866668,0.4,0.4
25,4,16,3,2378,0,0,0,16,16,99999,0,0,0.134583,2.153328,0.4,0.4
25,4,17,3,730,0,0,0,5,5,99999,0,0,3.5325,17.6625,0.4,0.4
25,4,18,3,2130,0,0,0,9,9,99999,0,0,0.587833,5.290497,0.4,0.4
25,4,19,3,762,0,0,0,3,3,99999,0,0,0.916667,2.750001,0.4,0.4
25,4,20,3,3009,0,0,0,1,1,99999,0,0,0.582083,0.582083,0.4,0.4
25,4,21,3,32,0,0,0,192,192,99999,0,0,0.283333,54.399936,0.4,0.4
25,4,22,3,1597,0,0,0,70,70,99999,0,0,0.589,41.23,0.4,0.4
25,4,23,3,2973,0,0,0,5,5,99999,0,0,0.535,2.675,0.4,0.4
25,4,24,3,1829,0,0,0,10,10,99999,0,0,1.105,11.05,0.4,0.4
25,4,25,3,1985,0,0,0,7,7,99999,0,0,0.288889,2.022223,0.4,0.4
25,4,26,3,2347,0,0,0,6,6,99999,0,0,0.623333,3.739998,0.4,0.4
25,4,27,3,408,0,0,0,2,2,99999,0,0,4.226667,8.453334,0.4,0.4
25,4,28,3,1529,0,0,0,1,1,99999,0,0,0.316667,0.316667,0.4,0.4
25,4,29,3,349,0,0,0,240,240,99999,0,0,0.633333,151.99992,0.4,0.4
25,4,30,3,2225,0,0,0,108,108,99999,0,0,0.208333,22.499964,0.4,0.4
25,4,31,3,2927,0,0,0,31,31,99999,0,0,0.408583,12.666073,0.4,0.4
25,4,32,3,1856,0,0,0,2,2,99999,0,0,0.071667,0.143334,0.4,0.4
25,4,33,3,535,0,0,0,23,23,99999,0,0,1.1045,25.4035,0.4,0.4
25,4,34,3,511,0,0,0,12,12,99999,0,0,3.1125,37.35,0.4,0.4
25,4,35,3,1132,0,0,0,42,42,99999,0,0,0.111111,4.666662,0.4,0.4
25,4,36,3,1544,0,0,0,5,5,99999,0,0,0.373167,1.865835,0.4,0.4
25,4,37,3,536,0,0,0,4,4,99999,0,0,0.550833,2.203332,0.4,0.4
25,4,38,3,2891,0,0,0,7,7,99999,0,0,0.582083,4.074581,0.4,0.4
25,4,39,3,2747,0,0,0,3,3,99999,0,0,0.582083,1.746249,0.4,0.4
26,4,0,3,2219,0,0,0,75,75,99999,0,0,0.100467,7.535025,0.4,0.4
26,4,1,3,2485,0,0,0,8,8,99999,0,0,1.996667,15.973336,0.4,0.4
26,4,2,3,1434,0,0,0,24,24,99999,0,0,0.366667,8.800008,0.4,0.4
26,4,3,3,1230,0,0,0,96,96,99999,0,0,0.115625,11.1,0.4,0.4
26,4,4,3,1402,0,0,0,75,75,99999,0,0,0.162,12.15,0.4,0.4
26,4,5,3,1229,0,0,0,96,96,99999,0,0,0.109375,10.5,0.4,0.4
26,4,6,3,1327,0,0,0,15,15,99999,0,0,0.308,4.62,0.4,0.4
26,4,7,3,721,0,0,0,7,7,99999,0,0,1.97,13.79,0.4,0.4
26,4,8,3,168,0,0,0,48,48,99999,0,0,0.394583,18.939984,0.4,0.4
26,4,9,3,1925,0,0,0,4,4,99999,0,0,0.1808,0.7232,0.4,0.4
26,4,10,3,1122,0,0,0,44,44,99999,0,0,0.081667,3.593348,0.4,0.4
26,4,11,3,1443,0,0,0,84,84,99999,0,0,0.117083,9.834972,0.4,0.4
26,4,12,3,2566,0,0,0,4,4,99999,0,0,0.795833,3.183332,0.4,0.4
26,4,13,3,178,0,0,0,6,6,99999,0,0,3.395,20.37,0.4,0.4
26,4,14,3,316,0,0,0,20,20,99999,0,0,6.195,123.9,0.4,0.4
26,4,15,3,1385,0,0,0,32,32,99999,0,0,0.226667,7.253344,0.4,0.4
26,4,16,3,1,0,0,0,60,60,99999,0,0,2.218333,133.09998,0.4,0.4
26,4,17,3,108,0,0,0,36,36,99999,0,0,0.578833,20.837988,0.4,0.4
26,4,18,3,1899,0,0,0,6,6,99999,0,0,0.135,0.81,0.4,0.4
26,4,19,3,290,0,0,0,60,60,99999,0,0,0.604167,36.25002,0.4,0.4
26,4,20,3,1392,0,0,0,13,13,99999,0,0,0.091667,1.191671,0.4,0.4
26,4,21,3,1287,0,0,0,1,1,99999,0,0,0.122,0.122,0.4,0.4
26,4,22,3,2607,0,0,0,2,2,99999,0,0,0.582083,1.164166,0.4,0.4
26,4,23,3,2673,0,0,0,102,102,99999,0,0,0.408583,41.675466,0.4,0.4
26,4,24,3,2806,0,0,0,6,6,99999,0,0,0.408583,2.451498,0.4,0.4
26,4,25,3,1115,0,0,0,2,2,99999,0,0,0.049167,0.098334,0.4,0.4
26,4,26,3,1120,0,0,0,3,3,99999,0,0,0.266667,0.800001,0.4,0.4
26,4,27,3,7,0,0,0,16,16,99999,0,0,2.086667,33.386672,0.4,0.4
26,4,28,3,814,0,0,0,5,5,99999,0,0,0.891667,4.458335,0.4,0.4
26,4,29,3,1776,0,0,0,1,1,99999,0,0,0.43,0.43,0.4,0.4
26,4,30,3,2120,0,0,0,8,8,99999,0,0,0.375,3.0,0.4,0.4
26,4,31,3,744,0,0,0,12,12,99999,0,0,1.633333,19.599996,0.4,0.4
26,4,32,3,765,0,0,0,3,3,99999,0,0,0.816667,2.450001,0.4,0.4
26,4,33,3,2034,0,0,0,8,8,99999,0,0,1.845,14.76,0.4,0.4
26,4,34,3,28,0,0,0,240,240,99999,0,0,0.284167,68.20008,0.4,0.4
26,4,35,3,2458,0,0,0,1,1,99999,0,0,0.3363,0.3363,0.4,0.4
26,4,36,3,159,0,0,0,11,11,99999,0,0,1.64,18.04,0.4,0.4
26,4,37,3,1849,0,0,0,11,11,99999,0,0,0.415833,4.574163,0.4,0.4
26,4,38,3,1080,0,0,0,2,2,99999,0,0,1.2,2.4,0.4,0.4
26,4,39,3,1926,0,0,0,4,4,99999,0,0,0.468333,1.873332,0.4,0.4
27,4,0,3,1481,0,0,0,7,7,99999,0,0,0.175,1.225,0.4,0.4
27,4,1,3,2734,0,0,0,2,2,99999,0,0,0.582083,1.164166,0.4,0.4
27,4,2,3,2563,0,0,0,3,3,99999,0,0,0.736667,2.210001,0.4,0.4
27,4,3,3,299,0,0,0,69,69,99999,0,0,2.1625,149.2125,0.4,0.4
27,4,4,3,867,0,0,0,3,3,99999,0,0,0.491667,1.475001,0.4,0.4
27,4,5,3,2355,0,0,0,2,2,99999,0,0,0.5875,1.175,0.4,0.4
27,4,6,3,1228,0,0,0,4,4,99999,0,0,2.9425,11.77,0.4,0.4
27,4,7,3,542,0,0,0,11,11,99999,0,0,1.075,11.825,0.4,0.4
27,4,8,3,2997,0,0,0,4,4,99999,0,0,0.582083,2.328332,0.4,0.4
27,4,9,3,2753,0,0,0,6,6,99999,0,0,0.582083,3.492498,0.4,0.4
27,4,10,3,3034,0,0,0,2,2,99999,0,0,0.582083,1.164166,0.4,0.4
27,4,11,3,2086,0,0,0,2,2,99999,0,0,1.906667,3.813334,0.4,0.4
27,4,12,3,2719,0,0,0,66,66,99999,0,0,0.408583,26.966478,0.4,0.4
27,4,13,3,697,0,0,0,4,4,99999,0,0,2.825,11.3,0.4,0.4
27,4,14,3,2645,0,0,0,4,4,99999,0,0,0.535,2.14,0.4,0.4
27,4,15,3,1224,0,0,0,4,4,99999,0,0,0.875,3.5,0.4,0.4
27,4,16,3,256,0,0,0,100,100,99999,0,0,0.666667,66.6667,0.4,0.4
27,4,17,3,807,0,0,0,1,1,99999,0,0,0.295,0.295,0.4,0.4
27,4,18,3,1594,0,0,0,22,22,99999,0,0,0.273333,6.013326,0.4,0.4
27,4,19,3,1300,0,0,0,6,6,99999,0,0,0.21,1.26,0.4,0.4
27,4,20,3,2964,0,0,0,5,5,99999,0,0,0.582083,2.910415,0.4,0.4
27,4,21,3,231,0,0,0,672,672,99999,0,0,0.275,184.8,0.4,0.4
27,4,22,3,319,0,0,0,84,84,99999,0,0,1.605833,134.889972,0.4,0.4
27,4,23,3,2902,0,0,0,3,3,99999,0,0,0.582083,1.746249,0.4,0.4
27,4,24,3,1011,0,0,0,7,7,99999,0,0,0.233333,1.633331,0.4,0.4
27,4,25,3,2672,0,0,0,36,36,99999,0,0,0.535,19.26,0.4,0.4
27,4,26,3,885,0,0,0,7,7,99999,0,0,1.36,9.52,0.4,0.4
27,4,27,3,464,0,0,0,21,21,99999,0,0,0.850833,17.867493,0.4,0.4
27,4,28,3,712,0,0,0,18,18,99999,0,0,2.095,37.71,0.4,0.4
27,4,29,3,1230,0,0,0,96,96,99999,0,0,0.115625,11.1,0.4,0.4
27,4,30,3,340,0,0,0,4,4,99999,0,0,5.575,22.3,0.4,0.4
27,4,31,3,1461,0,0,0,20,20,99999,0,0,0.34,6.8,0.4,0.4
27,4,32,3,2811,0,0,0,5,5,99999,0,0,0.535,2.675,0.4,0.4
27,4,33,3,1871,0,0,0,2,2,99999,0,0,0.145833,0.291666,0.4,0.4
27,4,34,3,550,0,0,0,3,3,99999,0,0,0.046667,0.140001,0.4,0.4
27,4,35,3,909,0,0,0,1,1,99999,0,0,0.821333,0.821333,0.4,0.4
27,4,36,3,387,0,0,0,2,2,99999,0,0,2.246667,4.493334,0.4,0.4
27,4,37,3,1,0,0,0,60,60,99999,0,0,2.218333,133.09998,0.4,0.4
27,4,38,3,2478,0,0,0,7,7,99999,0,0,0.620833,4.345831,0.4,0.4
27,4,39,3,1348,0,0,0,48,48,99999,0,0,0.475,22.8,0.4,0.4
28,4,0,3,231,0,0,0,42,42,99999,0,0,0.275,11.55,0.4,0.4
28,4,1,3,1833,0,0,0,14,14,99999,0,0,0.28,3.92,0.4,0.4
28,4,2,3,2370,0,0,0,4,4,99999,0,0,1.3275,5.31,0.4,0.4
28,4,3,3,784,0,0,0,1,1,99999,0,0,0.88,0.88,0.4,0.4
28,4,4,3,3030,0,0,0,1,1,99999,0,0,0.582083,0.582083,0.4,0.4
28,4,5,3,2192,0,0,0,3,3,99999,0,0,0.360833,1.082499,0.4,0.4
28,4,6,3,733,0,0,0,2,2,99999,0,0,2.005,4.01,0.4,0.4
28,4,7,3,2205,0,0,0,144,144,99999,0,0,0.134167,19.320048,0.4,0.4
28,4,8,3,1410,0,0,0,21,21,99999,0,0,0.16,3.36,0.4,0.4
28,4,9,3,67,0,0,0,54,54,99999,0,0,0.283333,15.299982,0.4,0.4
28,4,10,3,1867,0,0,0,8,8,99999,0,0,0.106458,0.851664,0.4,0.4
28,4,11,3,2000,0,0,0,4,4,99999,0,0,0.439167,1.756668,0.4,0.4
28,4,12,3,318,0,0,0,84,84,99999,0,0,1.666667,140.000028,0.4,0.4
28,4,13,3,2403,0,0,0,3,3,99999,0,0,0.364222,1.092666,0.4,0.4
28,4,14,3,1461,0,0,0,20,20,99999,0,0,0.34,6.8,0.4,0.4
28,4,15,3,2349,0,0,0,19,19,99999,0,0,0.333333,6.333327,0.4,0.4
28,4,16,3,2122,0,0,0,3,3,99999,0,0,0.471,1.413,0.4,0.4
28,4,17,3,2169,0,0,0,36,36,99999,0,0,0.915833,32.969988,0.4,0.4
28,4,18,3,281,0,0,0,342,342,99999,0,0,0.277708,94.976136,0.4,0.4
28,4,19,3,936,0,0,0,2,2,99999,0,0,1.155,2.31,0.4,0.4
28,4,20,3,858,0,0,0,24,24,99999,0,0,0.151944,3.646656,0.4,0.4
28,4,21,3,2159,0,0,0,12,12,99999,0,0,0.313333,3.759996,0.4,0.4
28,4,22,3,760,0,0,0,6,6,99999,0,0,0.885,5.31,0.4,0.4
28,4,23,3,1811,0,0,0,5,5,99999,0,0,0.71,3.55,0.4,0.4
28,4,24,3,2806,0,0,0,6,6,99999,0,0,0.408583,2.451498,0.4,0.4
28,4,25,3,340,0,0,0,22,22,99999,0,0,5.575,122.65,0.4,0.4
28,4,26,3,2923,0,0,0,6,6,99999,0,0,0.535,3.21,0.4,0.4
28,4,27,3,341,0,0,0,14,14,99999,0,0,6.3,88.2,0.4,0.4
28,4,28,3,205,0,0,0,108,108,99999,0,0,0.648333,70.019964,0.4,0.4
28,4,29,3,2873,0,0,0,2,2,99999,0,0,0.582083,1.164166,0.4,0.4
28,4,30,3,1997,0,0,0,1,1,99999,0,0,0.480833,0.480833,0.4,0.4
28,4,31,3,1249,0,0,0,12,12,99999,0,0,0.158125,1.8975,0.4,0.4
28,4,32,3,2634,0,0,0,8,8,99999,0,0,0.582083,4.656664,0.4,0.4
28,4,33,3,2282,0,0,0,15,15,99999,0,0,0.088333,1.324995,0.4,0.4
28,4,34,3,1142,0,0,0,7,7,99999,0,0,0.494,3.458,0.4,0.4
28,4,35,3,2960,0,0,0,2,2,99999,0,0,0.582083,1.164166,0.4,0.4
28,4,36,3,1851,0,0,0,20,20,99999,0,0,0.425,8.5,0.4,0.4
28,4,37,3,149,0,0,0,132,132,99999,0,0,0.677917,89.485044,0.4,0.4
28,4,38,3,1787,0,0,0,12,12,99999,0,0,1.1,13.2,0.4,0.4
28,4,39,3,1403,0,0,0,19,19,99999,0,0,0.428333,8.138327,0.4,0.4
29,4,0,3,411,0,0,0,2,2,99999,0,0,4.12,8.24,0.4,0.4
29,4,1,3,2904,0,0,0,2,2,99999,0,0,0.582083,1.164166,0.4,0.4
29,4,2,3,1301,0,0,0,5,5,99999,0,0,0.41375,2.06875,0.4,0.4
29,4,3,3,2280,0,0,0,192,192,99999,0,0,0.125,24.0,0.4,0.4
29,4,4,3,2304,0,0,0,112,112,99999,0,0,0.125,14.0,0.4,0.4
29,4,5,3,1436,0,0,0,25,25,99999,0,0,0.248333,6.208325,0.4,0.4
29,4,6,3,2895,0,0,0,5,5,99999,0,0,0.582083,2.910415,0.4,0.4
29,4,7,3,2921,0,0,0,18,18,99999,0,0,0.535,9.63,0.4,0.4
29,4,8,3,1034,0,0,0,1,1,99999,0,0,0.080833,0.080833,0.4,0.4
29,4,9,3,2669,0,0,0,6,6,99999,0,0,0.582083,3.492498,0.4,0.4
29,4,10,3,2864,0,0,0,222,222,99999,0,0,0.408583,90.705426,0.4,0.4
29,4,11,3,424,0,0,0,1,1,99999,0,0,1.133333,1.133333,0.4,0.4
29,4,12,3,219,0,0,0,56,56,99999,0,0,0.708333,39.666648,0.4,0.4
29,4,13,3,1443,0,0,0,96,96,99999,0,0,0.117083,11.239968,0.4,0.4
29,4,14,3,2813,0,0,0,5,5,99999,0,0,0.535,2.675,0.4,0.4
29,4,15,3,1624,0,0,0,4,4,99999,0,0,0.308333,1.233332,0.4,0.4
29,4,16,3,2882,0,0,0,2,2,99999,0,0,0.582083,1.164166,0.4,0.4
29,4,17,3,1455,0,0,0,7,7,99999,0,0,0.410833,2.875831,0.4,0.4
29,4,18,3,401,0,0,0,2,2,99999,0,0,2.233333,4.466666,0.4,0.4
29,4,19,3,2841,0,0,0,24,24,99999,0,0,0.408583,9.805992,0.4,0.4
29,4,20,3,2538,0,0,0,4,4,99999,0,0,0.945,3.78,0.4,0.4
29,4,21,3,1434,0,0,0,24,24,99999,0,0,0.366667,8.800008,0.4,0.4
29,4,22,3,641,0,0,0,10,10,99999,0,0,2.111667,21.11667,0.4,0.4
29,4,23,3,224,0,0,0,28,28,99999,0,0,0.625,17.5,0.4,0.4
29,4,24,3,2574,0,0,0,3,3,99999,0,0,0.891667,2.675001,0.4,0.4
29,4,25,3,1872,0,0,0,2,2,99999,0,0,0.14,0.28,0.4,0.4
29,4,26,3,1158,0,0,0,12,12,99999,0,0,0.160417,1.925004,0.4,0.4
29,4,27,3,182,0,0,0,5,5,99999,0,0,3.635,18.175,0.4,0.4
29,4,28,3,1748,0,0,0,7,7,99999,0,0,0.16,1.12,0.4,0.4
29,4,29,3,2460,0,0,0,10,10,99999,0,0,0.2,2.0,0.4,0.4
29,4,30,3,1320,0,0,0,1,1,99999,0,0,0.48,0.48,0.4,0.4
29,4,31,3,2284,0,0,0,96,96,99999,0,0,0.175833,16.879968,0.4,0.4
29,4,32,3,1143,0,0,0,12,12,99999,0,0,0.125,1.5,0.4,0.4
29,4,33,3,2900,0,0,0,3,3,99999,0,0,0.582083,1.746249,0.4,0.4
29,4,34,3,2568,0,0,0,6,6,99999,0,0,0.756667,4.540002,0.4,0.4
29,4,35,3,2203,0,0,0,108,108,99999,0,0,0.208333,22.499964,0.4,0.4
29,4,36,3,979,0,0,0,6,6,99999,0,0,0.210833,1.264998,0.4,0.4
29,4,37,3,1858,0,0,0,6,6,99999,0,0,0.26,1.56,0.4,0.4
29,4,38,3,1440,0,0,0,1,1,99999,0,0,0.072,0.072,0.4,0.4
29,4,39,3,1,0,0,0,60,60,99999,0,0,2.218333,133.09998,0.4,0.4
30,4,0,3,1205,0,0,0,8,8,99999,0,0,1.3975,11.18,0.4,0.4
30,4,1,3,3019,0,0,0,6,6,99999,0,0,0.535,3.21,0.4,0.4
30,4,2,3,1917,0,0,0,6,6,99999,0,0,0.203,1.218,0.4,0.4
30,4,3,3,1302,0,0,0,5,5,99999,0,0,0.172,0.86,0.4,0.4
30,4,4,3,184,0,0,0,6,6,99999,0,0,3.483333,20.899998,0.4,0.4
30,4,5,3,1229,0,0,0,96,96,99999,0,0,0.109375,10.5,0.4,0.4
30,4,6,3,1656,0,0,0,20,20,99999,0,0,0.307917,6.15834,0.4,0.4
30,4,7,3,1752,0,0,0,12,12,99999,0,0,0.2036,2.4432,0.4,0.4
30,4,8,3,2801,0,0,0,72,72,99999,0,0,0.408583,29.417976,0.4,0.4
30,4,9,3,2270,0,0,0,48,48,99999,0,0,0.250833,12.039984,0.4,0.4
30,4,10,3,1,0,0,0,60,60,99999,0,0,2.218333,133.09998,0.4,0.4
30,4,11,3,1579,0,0,0,6,6,99999,0,0,0.06,0.36,0.4,0.4
30,4,12,3,1041,0,0,0,2,2,99999,0,0,0.129167,0.258334,0.4,0.4
30,4,13,3,2110,0,0,0,1,1,99999,0,0,0.444444,0.444444,0.4,0.4
30,4,14,3,920,0,0,0,2,2,99999,0,0,0.765833,1.531666,0.4,0.4
30,4,15,3,1182,0,0,0,9,9,99999,0,0,0.169417,1.524753,0.4,0.4
30,4,16,3,2776,0,0,0,6,6,99999,0,0,0.582083,3.492498,0.4,0.4
30,4,17,3,944,0,0,0,1,1,99999,0,0,1.165,1.165,0.4,0.4
30,4,18,3,324,0,0,0,22,22,99999,0,0,6.35,139.7,0.4,0.4
30,4,19,3,2853,0,0,0,30,30,99999,0,0,0.535,16.05,0.4,0.4
30,4,20,3,2875,0,0,0,11,11,99999,0,0,0.535,5.885,0.4,0.4
30,4,21,3,2167,0,0,0,3,3,99999,0,0,0.521667,1.565001,0.4,0.4
30,4,22,3,2933,0,0,0,5,5,99999,0,0,0.535,2.675,0.4,0.4
30,4,23,3,2115,0,0,0,6,6,99999,0,0,0.463889,2.783334,0.4,0.4
30,4,24,3,2807,0,0,0,6,6,99999,0,0,0.408583,2.451498,0.4,0.4
30,4,25,3,792,0,0,0,3,3,99999,0,0,0.663333,1.989999,0.4,0.4
30,4,26,3,1226,0,0,0,120,120,99999,0,0,0.091667,11.00004,0.4,0.4
30,4,27,3,1732,0,0,0,12,12,99999,0,0,0.315833,3.789996,0.4,0.4
30,4,28,3,90,0,0,0,258,258,99999,0,0,0.503333,129.859914,0.4,0.4
30,4,29,3,2606,0,0,0,2,2,99999,0,0,0.535,1.07,0.4,0.4
30,4,30,3,1739,0,0,0,11,11,99999,0,0,0.2275,2.5025,0.4,0.4
30,4,31,3,28,0,0,0,528,528,99999,0,0,0.284167,150.040176,0.4,0.4
30,4,32,3,2193,0,0,0,3,3,99999,0,0,0.467917,1.403751,0.4,0.4
30,4,33,3,2224,0,0,0,108,108,99999,0,0,0.25,27.0,0.4,0.4
30,4,34,3,615,0,0,0,2,2,99999,0,0,0.5975,1.195,0.4,0.4
30,4,35,3,1022,0,0,0,25,25,99999,0,0,0.65,16.25,0.4,0.4
30,4,36,3,1268,0,0,0,11,11,99999,0,0,0.916667,10.083337,0.4,0.4
30,4,37,3,2953,0,0,0,3,3,99999,0,0,0.582083,1.746249,0.4,0.4
30,4,38,3,1890,0,0,0,36,36,99999,0,0,0.432,15.552,0.4,0.4
30,4,39,3,2164,0,0,0,5,5,99999,0,0,0.616667,3.083335,0.4,0.4
31,4,0,3,317,0,0,0,216,216,99999,0,0,0.653333,141.119928,0.4,0.4
31,4,1,3,1808,0,0,0,3,3,99999,0,0,0.369167,1.107501,0.4,0.4
31,4,2,3,2039,0,0,0,6,6,99999,0,0,0.275833,1.654998,0.4,0.4
31,4,3,3,1730,0,0,0,6,6,99999,0,0,0.139583,0.837498,0.4,0.4
31,4,4,3,37,0,0,0,60,60,99999,0,0,2.171667,130.30002,0.4,0.4
31,4,5,3,878,0,0,0,3,3,99999,0,0,1.205833,3.617499,0.4,0.4
31,4,6,3,2097,0,0,0,2,2,99999,0,0,0.5525,1.105,0.4,0.4
31,4,7,3,2577,0,0,0,24,24,99999,0,0,1.298333,31.159992,0.4,0.4
31,4,8,3,276,0,0,0,216,216,99999,0,0,0.644167,139.140072,0.4,0.4
31,4,9,3,1958,0,0,0,9,9,99999,0,0,0.163333,1.469997,0.4,0.4
31,4,10,3,2274,0,0,0,144,144,99999,0,0,0.15,21.6,0.4,0.4
31,4,11,3,555,0,0,0,6,6,99999,0,0,0.0625,0.375,0.4,0.4
31,4,12,3,1682,0,0,0,56,56,99999,0,0,0.49,27.44,0.4,0.4
31,4,13,3,4,0,0,0,318,318,99999,0,0,0.370417,117.792606,0.4,0.4
31,4,14,3,2051,0,0,0,9,9,99999,0,0,0.032,0.288,0.4,0.4
31,4,15,3,2984,0,0,0,2,2,99999,0,0,0.582083,1.164166,0.4,0.4
31,4,16,3,1449,0,0,0,22,22,99999,0,0,0.194444,4.277768,0.4,0.4
31,4,17,3,2517,0,0,0,7,7,99999,0,0,0.6628,4.6396,0.4,0.4
31,4,18,3,1030,0,0,0,6,6,99999,0,0,0.128125,0.76875,0.4,0.4
31,4,19,3,2918,0,0,0,20,20,99999,0,0,0.408583,8.17166,0.4,0.4
31,4,20,3,1124,0,0,0,10,10,99999,0,0,0.150833,1.50833,0.4,0.4
31,4,21,3,513,0,0,0,18,18,99999,0,0,0.868333,15.629994,0.4,0.4
31,4,22,3,1835,0,0,0,3,3,99999,0,0,0.346667,1.040001,0.4,0.4
31,4,23,3,47,0,0,0,306,306,99999,0,0,0.3675,112.455,0.4,0.4
31,4,24,3,731,0,0,0,5,5,99999,0,0,1.923333,9.616665,0.4,0.4
31,4,25,3,1230,0,0,0,96,96,99999,0,0,0.115625,11.1,0.4,0.4
31,4,26,3,2280,0,0,0,192,192,99999,0,0,0.125,24.0,0.4,0.4
31,4,27,3,2480,0,0,0,33,33,99999,0,0,1.05,34.65,0.4,0.4
31,4,28,3,0,0,0,0,40,40,99999,0,0,0.654167,26.16668,0.4,0.4
31,4,29,3,2342,0,0,0,3,3,99999,0,0,0.663333,1.989999,0.4,0.4
31,4,30,3,187,0,0,0,3,3,99999,0,0,2.85,8.55,0.4,0.4
31,4,31,3,2526,0,0,0,15,15,99999,0,0,2.37,35.55,0.4,0.4
31,4,32,3,247,0,0,0,192,192,99999,0,0,0.3625,69.6,0.4,0.4
31,4,33,3,1995,0,0,0,2,2,99999,0,0,0.1,0.2,0.4,0.4
31,4,34,3,1274,0,0,0,2,2,99999,0,0,2.871667,5.743334,0.4,0.4
31,4,35,3,1823,0,0,0,10,10,99999,0,0,0.3396,3.396,0.4,0.4
31,4,36,3,2340,0,0,0,12,12,99999,0,0,0.137188,1.646256,0.4,0.4
31,4,37,3,2564,0,0,0,15,15,99999,0,0,1.2775,19.1625,0.4,0.4
31,4,38,3,2074,0,0,0,12,12,99999,0,0,0.458333,5.499996,0.4,0.4
31,4,39,3,1695,0,0,0,20,20,99999,0,0,0.343,6.86,0.4,0.4
32,4,0,3,1627,0,0,0,2,2,99999,0,0,0.4875,0.975,0.4,0.4
32,4,1,3,1,0,0,0,60,60,99999,0,0,2.218333,133.09998,0.4,0.4
32,4,2,3,88,0,0,0,102,102,99999,0,0,0.224167,22.865034,0.4,0.4
32,4,3,3,789,0,0,0,2,2,99999,0,0,0.558333,1.116666,0.4,0.4
32,4,4,3,192,0,0,0,4,4,99999,0,0,1.04,4.16,0.4,0.4
32,4,5,3,305,0,0,0,366,366,99999,0,0,0.395833,144.874878,0.4,0.4
32,4,6,3,992,0,0,0,5,5,99999,0,0,0.133333,0.666665,0.4,0.4
32,4,7,3,1,0,0,0,60,60,99999,0,0,2.218333,133.09998,0.4,0.4
32,4,8,3,1700,0,0,0,1,1,99999,0,0,0.408333,0.408333,0.4,0.4
32,4,9,3,2708,0,0,0,75,75,99999,0,0,0.408583,30.643725,0.4,0.4
32,4,10,3,1330,0,0,0,52,52,99999,0,0,0.40875,21.255,0.4,0.4
32,4,11,3,558,0,0,0,2,2,99999,0,0,0.054167,0.108334,0.4,0.4
32,4,12,3,1471,0,0,0,53,53,99999,0,0,0.179375,9.506875,0.4,0.4
32,4,13,3,605,0,0,0,1,1,99999,0,0,0.118417,0.118417,0.4,0.4
32,4,14,3,1841,0,0,0,6,6,99999,0,0,0.84,5.04,0.4,0.4
32,4,15,3,2890,0,0,0,5,5,99999,0,0,0.582083,2.910415,0.4,0.4
32,4,16,3,975,0,0,0,2,2,99999,0,0,0.1925,0.385,0.4,0.4
32,4,17,3,2469,0,0,0,4,4,99999,0,0,0.216667,0.866668,0.4,0.4
32,4,18,3,1581,0,0,0,10,10,99999,0,0,0.253333,2.53333,0.4,0.4
32,4,19,3,1155,0,0,0,10,10,99999,0,0,0.114583,1.14583,0.4,0.4
32,4,20,3,1331,0,0,0,52,52,99999,0,0,0.42,21.84,0.4,0.4
32,4,21,3,53,0,0,0,12,12,99999,0,0,2.218333,26.619996,0.4,0.4
32,4,22,3,2221,0,0,0,12,12,99999,0,0,0.104167,1.250004,0.4,0.4
32,4,23,3,771,0,0,0,37,37,99999,0,0,0.883333,32.683321,0.4,0.4
32,4,24,3,2619,0,0,0,3,3,99999,0,0,0.582083,1.746249,0.4,0.4
32,4,25,3,2003,0,0,0,2,2,99999,0,0,0.433333,0.866666,0.4,0.4
32,4,26,3,2195,0,0,0,12,12,99999,0,0,0.5335,6.402,0.4,0.4
32,4,27,3,877,0,0,0,6,6,99999,0,0,0.782833,4.696998,0.4,0.4
32,4,28,3,1705,0,0,0,4,4,99999,0,0,0.278333,1.113332,0.4,0.4
32,4,29,3,2639,0,0,0,6,6,99999,0,0,0.582083,3.492498,0.4,0.4
32,4,30,3,1836,0,0,0,9,9,99999,0,0,0.291,2.619,0.4,0.4
32,4,31,3,2457,0,0,0,1,1,99999,0,0,0.2375,0.2375,0.4,0.4
32,4,32,3,2795,0,0,0,18,18,99999,0,0,0.535,9.63,0.4,0.4
32,4,33,3,1459,0,0,0,18,18,99999,0,0,0.425,7.65,0.4,0.4
32,4,34,3,1973,0,0,0,4,4,99999,0,0,0.174167,0.696668,0.4,0.4
32,4,35,3,659,0,0,0,1,1,99999,0,0,3.5125,3.5125,0.4,0.4
32,4,36,3,2101,0,0,0,2,2,99999,0,0,0.778333,1.556666,0.4,0.4
32,4,37,3,268,0,0,0,12,12,99999,0,0,0.65675,7.881,0.4,0.4
32,4,38,3,2404,0,0,0,24,24,99999,0,0,0.516111,12.386664,0.4,0.4
32,4,39,3,327,0,0,0,160,160,99999,0,0,0.924,147.84,0.4,0.4
33,4,0,3,556,0,0,0,2,2,99999,0,0,0.075333,0.150666,0.4,0.4
33,4,1,3,298,0,0,0,95,95,99999,0,0,1.6,152.0,0.4,0.4
33,4,2,3,2386,0,0,0,2,2,99999,0,0,0.94,1.88,0.4,0.4
33,4,3,3,2459,0,0,0,2,2,99999,0,0,0.083333,0.166666,0.4,0.4
33,4,4,3,2027,0,0,0,6,6,99999,0,0,0.4225,2.535,0.4,0.4
33,4,5,3,1229,0,0,0,96,96,99999,0,0,0.109375,10.5,0.4,0.4
33,4,6,3,271,0,0,0,200,200,99999,0,0,0.60625,121.25,0.4,0.4
33,4,7,3,2687,0,0,0,72,72,99999,0,0,0.408583,29.417976,0.4,0.4
33,4,8,3,2971,0,0,0,6,6,99999,0,0,0.582083,3.492498,0.4,0.4
33,4,9,3,453,0,0,0,9,9,99999,0,0,0.604167,5.437503,0.4,0.4
33,4,10,3,780,0,0,0,1,1,99999,0,0,0.575333,0.575333,0.4,0.4
33,4,11,3,346,0,0,0,20,20,99999,0,0,6.4,128.0,0.4,0.4
33,4,12,3,654,0,0,0,16,16,99999,0,0,1.816667,29.066672,0.4,0.4
33,4,13,3,1421,0,0,0,47,47,99999,0,0,0.386667,18.173349,0.4,0.4
33,4,14,3,390,0,0,0,6,6,99999,0,0,2.083333,12.499998,0.4,0.4
33,4,15,3,426,0,0,0,1,1,99999,0,0,1.25,1.25,0.4,0.4
33,4,16,3,1667,0,0,0,37,37,99999,0,0,0.49,18.13,0.4,0.4
33,4,17,3,745,0,0,0,9,9,99999,0,0,2.183333,19.649997,0.4,0.4
33,4,18,3,897,0,0,0,3,3,99999,0,0,0.778333,2.334999,0.4,0.4
33,4,19,3,2778,0,0,0,3,3,99999,0,0,0.582083,1.746249,0.4,0.4
33,4,20,3,2762,0,0,0,39,39,99999,0,0,0.408583,15.934737,0.4,0.4
33,4,21,3,7,0,0,0,60,60,99999,0,0,2.086667,125.20002,0.4,0.4
33,4,22,3,1719,0,0,0,6,6,99999,0,0,0.377,2.262,0.4,0.4
33,4,23,3,1848,0,0,0,8,8,99999,0,0,0.206667,1.653336,0.4,0.4
33,4,24,3,150,0,0,0,192,192,99999,0,0,0.677917,130.160064,0.4,0.4
33,4,25,3,664,0,0,0,10,10,99999,0,0,2.19,21.9,0.4,0.4
33,4,26,3,2508,0,0,0,5,5,99999,0,0,2.013,10.065,0.4,0.4
33,4,27,3,894,0,0,0,1,1,99999,0,0,1.166667,1.166667,0.4,0.4
33,4,28,3,258,0,0,0,48,48,99999,0,0,2.18875,105.06,0.4,0.4
33,4,29,3,2622,0,0,0,2,2,99999,0,0,0.582083,1.164166,0.4,0.4
33,4,30,3,2911,0,0,0,12,12,99999,0,0,0.582083,6.984996,0.4,0.4
33,4,31,3,2205,0,0,0,105,105,99999,0,0,0.134167,14.087535,0.4,0.4
33,4,32,3,370,0,0,0,192,192,99999,0,0,0.645,123.84,0.4,0.4
33,4,33,3,391,0,0,0,3,3,99999,0,0,2.37,7.11,0.4,0.4
33,4,34,3,348,0,0,0,96,96,99999,0,0,1.25,120.0,0.4,0.4
33,4,35,3,1511,0,0,0,60,60,99999,0,0,0.405,24.3,0.4,0.4
33,4,36,3,1162,0,0,0,5,5,99999,0,0,0.275,1.375,0.4,0.4
33,4,37,3,2806,0,0,0,6,6,99999,0,0,0.408583,2.451498,0.4,0.4
33,4,38,3,1741,0,0,0,5,5,99999,0,0,0.252067,1.260335,0.4,0.4
33,4,39,3,2071,0,0,0,16,16,99999,0,0,0.45725,7.316,0.4,0.4
34,4,0,3,2211,0,0,0,8,8,99999,0,0,1.146667,9.173336,0.4,0.4
34,4,1,3,102,0,0,0,24,24,99999,0,0,0.28125,6.75,0.4,0.4
34,4,2,3,1227,0,0,0,3,3,99999,0,0,3.8575,11.5725,0.4,0.4
34,4,3,3,1597,0,0,0,15,15,99999,0,0,0.589,8.835,0.4,0.4
34,4,4,3,2306,0,0,0,132,132,99999,0,0,0.141667,18.700044,0.4,0.4
34,4,5,3,1,0,0,0,60,60,99999,0,0,2.218333,133.09998,0.4,0.4
34,4,6,3,541,0,0,0,21,21,99999,0,0,1.066667,22.400007,0.4,0.4
34,4,7,3,2467,0,0,0,9,9,99999,0,0,0.251667,2.265003,0.4,0.4
34,4,8,3,92,0,0,0,180,180,99999,0,0,0.371667,66.90006,0.4,0.4
34,4,9,3,1610,0,0,0,2,2,99999,0,0,0.286667,0.573334,0.4,0.4
34,4,10,3,1948,0,0,0,3,3,99999,0,0,0.2,0.6,0.4,0.4
34,4,11,3,2731,0,0,0,1,1,99999,0,0,0.582083,0.582083,0.4,0.4
34,4,12,3,1207,0,0,0,2,2,99999,0,0,1.1,2.2,0.4,0.4
34,4,13,3,212,0,0,0,192,192,99999,0,0,0.635,121.92,0.4,0.4
34,4,14,3,2290,0,0,0,120,120,99999,0,0,0.103333,12.39996,0.4,0.4
34,4,15,3,2266,0,0,0,30,30,99999,0,0,0.243333,7.29999,0.4,0.4
34,4,16,3,381,0,0,0,48,48,99999,0,0,0.35625,17.1,0.4,0.4
34,4,17,3,1595,0,0,0,30,30,99999,0,0,0.533333,15.99999,0.4,0.4
34,4,18,3,849,0,0,0,6,6,99999,0,0,0.625,3.75,0.4,0.4
34,4,19,3,2623,0,0,0,6,6,99999,0,0,0.582083,3.492498,0.4,0.4
34,4,20,3,329,0,0,0,24,24,99999,0,0,5.345,128.28,0.4,0.4
34,4,21,3,1015,0,0,0,16,16,99999,0,0,0.195208,3.123328,0.4,0.4
34,4,22,3,2940,0,0,0,3,3,99999,0,0,0.582083,1.746249,0.4,0.4
34,4,23,3,1495,0,0,0,24,24,99999,0,0,0.415,9.96,0.4,0.4
34,4,24,3,428,0,0,0,3,3,99999,0,0,0.704167,2.112501,0.4,0.4
34,4,25,3,2126,0,0,0,11,11,99999,0,0,0.34,3.74,0.4,0.4
34,4,26,3,2610,0,0,0,3,3,99999,0,0,0.582083,1.746249,0.4,0.4
34,4,27,3,164,0,0,0,12,12,99999,0,0,0.326667,3.920004,0.4,0.4
34,4,28,3,1770,0,0,0,5,5,99999,0,0,0.083333,0.416665,0.4,0.4
34,4,29,3,2626,0,0,0,6,6,99999,0,0,0.582083,3.492498,0.4,0.4
34,4,30,3,1151,0,0,0,27,27,99999,0,0,0.187917,5.073759,0.4,0.4
34,4,31,3,509,0,0,0,1,1,99999,0,0,0.9,0.9,0.4,0.4
34,4,32,3,500,0,0,0,4,4,99999,0,0,0.119583,0.478332,0.4,0.4
34,4,33,3,2796,0,0,0,18,18,99999,0,0,0.582083,10.477494,0.4,0.4
34,4,34,3,863,0,0,0,5,5,99999,0,0,0.205,1.025,0.4,0.4
34,4,35,3,1710,0,0,0,4,4,99999,0,0,1.7,6.8,0.4,0.4
34,4,36,3,160,0,0,0,24,24,99999,0,0,1.333333,31.999992,0.4,0.4
34,4,37,3,1488,0,0,0,16,16,99999,0,0,0.145833,2.333328,0.4,0.4
34,4,38,3,1308,0,0,0,5,5,99999,0,0,0.149167,0.745835,0.4,0.4
34,4,39,3,2916,0,0,0,6,6,99999,0,0,0.535,3.21,0.4,0.4
35,4,0,3,1074,0,0,0,24,24,99999,0,0,0.01625,0.39,0.4,0.4
35,4,1,3,70,0,0,0,48,48,99999,0,0,0.1425,6.84,0.4,0.4
35,4,2,3,1045,0,0,0,6,6,99999,0,0,0.194583,1.167498,0.4,0.4
35,4,3,3,3035,0,0,0,3,3,99999,0,0,0.582083,1.746249,0.4,0.4
35,4,4,3,2513,0,0,0,3,3,99999,0,0,0.416667,1.250001,0.4,0.4
35,4,5,3,304,0,0,0,136,136,99999,0,0,0.620833,84.433288,0.4,0.4
35,4,6,3,2659,0,0,0,7,7,99999,0,0,0.535,3.745,0.4,0.4
35,4,7,3,2188,0,0,0,2,2,99999,0,0,0.643333,1.286666,0.4,0.4
35,4,8,3,1570,0,0,0,50,50,99999,0,0,0.348,17.4,0.4,0.4
35,4,9,3,1522,0,0,0,12,12,99999,0,0,0.541667,6.500004,0.4,0.4
35,4,10,3,1617,0,0,0,9,9,99999,0,0,0.542,4.878,0.4,0.4
35,4,11,3,65,0,0,0,76,76,99999,0,0,0.658333,50.033308,0.4,0.4
35,4,12,3,1229,0,0,0,96,96,99999,0,0,0.109375,10.5,0.4,0.4
35,4,13,3,2625,0,0,0,2,2,99999,0,0,0.582083,1.164166,0.4,0.4
35,4,14,3,1329,0,0,0,3,3,99999,0,0,0.197667,0.593001,0.4,0.4
35,4,15,3,1826,0,0,0,3,3,99999,0,0,0.275167,0.825501,0.4,0.4
35,4,16,3,2763,0,0,0,69,69,99999,0,0,0.408583,28.192227,0.4,0.4
35,4,17,3,874,0,0,0,9,9,99999,0,0,4.18,37.62,0.4,0.4
35,4,18,3,2002,0,0,0,6,6,99999,0,0,0.4325,2.595,0.4,0.4
35,4,19,3,44,0,0,0,5,5,99999,0,0,1.425,7.125,0.4,0.4
35,4,20,3,2690,0,0,0,33,33,99999,0,0,0.408583,13.483239,0.4,0.4
35,4,21,3,365,0,0,0,24,24,99999,0,0,0.531667,12.760008,0.4,0.4
35,4,22,3,2437,0,0,0,2,2,99999,0,0,0.452917,0.905834,0.4,0.4
35,4,23,3,1724,0,0,0,32,32,99999,0,0,0.336667,10.773344,0.4,0.4
35,4,24,3,327,0,0,0,160,160,99999,0,0,0.924,147.84,0.4,0.4
35,4,25,3,743,0,0,0,13,13,99999,0,0,1.833333,23.833329,0.4,0.4
35,4,26,3,1615,0,0,0,3,3,99999,0,0,0.305167,0.915501,0.4,0.4
35,4,27,3,131,0,0,0,54,54,99999,0,0,0.2675,14.445,0.4,0.4
35,4,28,3,1459,0,0,0,3,3,99999,0,0,0.425,1.275,0.4,0.4
35,4,29,3,1413,0,0,0,10,10,99999,0,0,0.188333,1.88333,0.4,0.4
35,4,30,3,2754,0,0,0,117,117,99999,0,0,0.408583,47.804211,0.4,0.4
35,4,31,3,1235,0,0,0,4,4,99999,0,0,0.396429,1.585716,0.4,0.4
35,4,32,3,17,0,0,0,432,432,99999,0,0,0.372917,161.100144,0.4,0.4
35,4,33,3,945,0,0,0,8,8,99999,0,0,0.810833,6.486664,0.4,0.4
35,4,34,3,1519,0,0,0,18,18,99999,0,0,0.115,2.07,0.4,0.4
35,4,35,3,1005,0,0,0,1,1,99999,0,0,0.0325,0.0325,0.4,0.4
35,4,36,3,916,0,0,0,2,2,99999,0,0,0.904167,1.808334,0.4,0.4
35,4,37,3,2474,0,0,0,5,5,99999,0,0,0.771667,3.858335,0.4,0.4
35,4,38,3,370,0,0,0,192,192,99999,0,0,0.645,123.84,0.4,0.4
35,4,39,3,1128,0,0,0,6,6,99999,0,0,0.061111,0.366666,0.4,0.4
36,4,0,3,1255,0,0,0,1,1,99999,0,0,2.56,2.56,0.4,0.4
36,4,1,3,1798,0,0,0,2,2,99999,0,0,0.088,0.176,0.4,0.4
36,4,2,3,1520,0,0,0,11,11,99999,0,0,0.184667,2.031337,0.4,0.4
36,4,3,3,2247,0,0,0,45,45,99999,0,0,0.104,4.68,0.4,0.4
36,4,4,3,2630,0,0,0,2,2,99999,0,0,0.582083,1.164166,0.4,0.4
36,4,5,3,229,0,0,0,108,108,99999,0,0,1.330833,143.729964,0.4,0.4
36,4,6,3,319,0,0,0,84,84,99999,0,0,1.605833,134.889972,0.4,0.4
36,4,7,3,2017,0,0,0,7,7,99999,0,0,0.249833,1.748831,0.4,0.4
36,4,8,3,884,0,0,0,14,14,99999,0,0,1.1,15.4,0.4,0.4
36,4,9,3,334,0,0,0,198,198,99999,0,0,0.383333,75.899934,0.4,0.4
36,4,10,3,1878,0,0,0,13,13,99999,0,0,0.083333,1.083329,0.4,0.4
36,4,11,3,1058,0,0,0,7,7,99999,0,0,0.195,1.365,0.4,0.4
36,4,12,3,2323,0,0,0,120,120,99999,0,0,0.136667,16.40004,0.4,0.4
36,4,13,3,1304,0,0,0,44,44,99999,0,0,0.167857,7.385708,0.4,0.4
36,4,14,3,1708,0,0,0,17,17,99999,0,0,0.220833,3.754161,0.4,0.4
36,4,15,3,261,0,0,0,89,89,99999,0,0,1.333333,118.666637,0.4,0.4
36,4,16,3,2468,0,0,0,9,9,99999,0,0,0.216667,1.950003,0.4,0.4
36,4,17,3,1879,0,0,0,5,5,99999,0,0,0.083333,0.416665,0.4,0.4
36,4,18,3,695,0,0,0,2,2,99999,0,0,2.825,5.65,0.4,0.4
36,4,19,3,1477,0,0,0,5,5,99999,0,0,0.1125,0.5625,0.4,0.4
36,4,20,3,2676,0,0,0,408,408,99999,0,0,0.408583,166.701864,0.4,0.4
36,4,21,3,443,0,0,0,4,4,99999,0,0,0.453333,1.813332,0.4,0.4
36,4,22,3,193,0,0,0,4,4,99999,0,0,2.345,9.38,0.4,0.4
36,4,23,3,3027,0,0,0,2,2,99999,0,0,0.582083,1.164166,0.4,0.4
36,4,24,3,1405,0,0,0,24,24,99999,0,0,0.30625,7.35,0.4,0.4
36,4,25,3,2479,0,0,0,18,18,99999,0,0,3.014333,54.257994,0.4,0.4
36,4,26,3,1779,0,0,0,4,4,99999,0,0,0.075,0.3,0.4,0.4
36,4,27,3,351,0,0,0,100,100,99999,0,0,0.92,92.0,0.4,0.4
36,4,28,3,503,0,0,0,4,4,99999,0,0,0.580833,2.323332,0.4,0.4
36,4,29,3,306,0,0,0,216,216,99999,0,0,0.579583,125.189928,0.4,0.4
36,4,30,3,1611,0,0,0,7,7,99999,0,0,0.98125,6.86875,0.4,0.4
36,4,31,3,881,0,0,0,3,3,99999,0,0,1.171667,3.515001,0.4,0.4
36,4,32,3,597,0,0,0,4,4,99999,0,0,0.449167,1.796668,0.4,0.4
36,4,33,3,618,0,0,0,4,4,99999,0,0,0.595833,2.383332,0.4,0.4
36,4,34,3,2346,0,0,0,2,2,99999,0,0,0.315,0.63,0.4,0.4
36,4,35,3,1604,0,0,0,12,12,99999,0,0,0.299167,3.590004,0.4,0.4
36,4,36,3,1691,0,0,0,17,17,99999,0,0,0.4025,6.8425,0.4,0.4
36,4,37,3,113,0,0,0,126,126,99999,0,0,0.498333,62.789958,0.4,0.4
36,4,38,3,1145,0,0,0,20,20,99999,0,0,0.0675,1.35,0.4,0.4
36,4,39,3,2677,0,0,0,28,28,99999,0,0,0.408583,11.440324,0.4,0.4
37,4,0,3,2656,0,0,0,2,2,99999,0,0,0.582083,1.164166,0.4,0.4
37,4,1,3,257,0,0,0,148,148,99999,0,0,0.620417,91.821716,0.4,0.4
37,4,2,3,1043,0,0,0,1,1,99999,0,0,0.104583,0.104583,0.4,0.4
37,4,3,3,2867,0,0,0,192,192,99999,0,0,0.582083,111.759936,0.4,0.4
37,4,4,3,372,0,0,0,108,108,99999,0,0,1.076667,116.280036,0.4,0.4
37,4,5,3,2456,0,0,0,3,3,99999,0,0,0.2355,0.7065,0.4,0.4
37,4,6,3,249,0,0,0,180,180,99999,0,0,0.254167,45.75006,0.4,0.4
37,4,7,3,2852,0,0,0,144,144,99999,0,0,0.535,77.04,0.4,0.4
37,4,8,3,966,0,0,0,1,1,99999,0,0,0.165,0.165,0.4,0.4
37,4,9,3,1278,0,0,0,36,36,99999,0,0,0.53,19.08,0.4,0.4
37,4,10,3,676,0,0,0,36,36,99999,0,0,2.133333,76.799988,0.4,0.4
37,4,11,3,303,0,0,0,116,116,99999,0,0,0.687083,79.701628,0.4,0.4
37,4,12,3,2176,0,0,0,3,3,99999,0,0,0.356667,1.070001,0.4,0.4
37,4,13,3,1208,0,0,0,7,7,99999,0,0,1.616667,11.316669,0.4,0.4
37,4,14,3,43,0,0,0,2,2,99999,0,0,1.425,2.85,0.4,0.4
37,4,15,3,2241,0,0,0,40,40,99999,0,0,0.104,4.16,0.4,0.4
37,4,16,3,2785,0,0,0,3,3,99999,0,0,0.582083,1.746249,0.4,0.4
37,4,17,3,1524,0,0,0,2,2,99999,0,0,0.2812,0.5624,0.4,0.4
37,4,18,3,1087,0,0,0,2,2,99999,0,0,0.629167,1.258334,0.4,0.4
37,4,19,3,1275,0,0,0,3,3,99999,0,0,4.55,13.65,0.4,0.4
37,4,20,3,2090,0,0,0,4,4,99999,0,0,1.916667,7.666668,0.4,0.4
37,4,21,3,720,0,0,0,5,5,99999,0,0,3.58,17.9,0.4,0.4
37,4,22,3,213,0,0,0,264,264,99999,0,0,0.62375,164.67,0.4,0.4
37,4,23,3,367,0,0,0,48,48,99999,0,0,0.579167,27.800016,0.4,0.4
37,4,24,3,63,0,0,0,414,414,99999,0,0,0.280417,116.092638,0.4,0.4
37,4,25,3,2965,0,0,0,6,6,99999,0,0,0.582083,3.492498,0.4,0.4
37,4,26,3,1202,0,0,0,8,8,99999,0,0,0.89,7.12,0.4,0.4
37,4,27,3,378,0,0,0,20,20,99999,0,0,1.033333,20.66666,0.4,0.4
37,4,28,3,455,0,0,0,6,6,99999,0,0,1.183333,7.099998,0.4,0.4
37,4,29,3,1593,0,0,0,12,12,99999,0,0,0.45,5.4,0.4,0.4
37,4,30,3,2215,0,0,0,6,6,99999,0,0,0.3515,2.109,0.4,0.4
37,4,31,3,1465,0,0,0,16,16,99999,0,0,0.565,9.04,0.4,0.4
37,4,32,3,758,0,0,0,6,6,99999,0,0,0.703333,4.219998,0.4,0.4
37,4,33,3,1534,0,0,0,4,4,99999,0,0,0.041667,0.166668,0.4,0.4
37,4,34,3,1159,0,0,0,7,7,99999,0,0,0.1075,0.7525,0.4,0.4
37,4,35,3,2905,0,0,0,4,4,99999,0,0,0.582083,2.328332,0.4,0.4
37,4,36,3,1404,0,0,0,10,10,99999,0,0,0.333333,3.33333,0.4,0.4
37,4,37,3,1506,0,0,0,24,24,99999,0,0,0.300833,7.219992,0.4,0.4
37,4,38,3,2441,0,0,0,5,5,99999,0,0,0.416667,2.083335,0.4,0.4
37,4,39,3,554,0,0,0,3,3,99999,0,0,0.071429,0.214287,0.4,0.4
38,4,0,3,1245,0,0,0,3,3,99999,0,0,0.239167,0.717501,0.4,0.4
38,4,1,3,2741,0,0,0,66,66,99999,0,0,0.408583,26.966478,0.4,0.4
38,4,2,3,723,0,0,0,7,7,99999,0,0,1.923333,13.463331,0.4,0.4
38,4,3,3,155,0,0,0,672,672,99999,0,0,0.32375,217.56,0.4,0.4
38,4,4,3,2556,0,0,0,4,4,99999,0,0,0.905833,3.623332,0.4,0.4
38,4,5,3,584,0,0,0,14,14,99999,0,0,0.1475,2.065,0.4,0.4
38,4,6,3,241,0,0,0,342,342,99999,0,0,0.270833,92.624886,0.4,0.4
38,4,7,3,2558,0,0,0,6,6,99999,0,0,0.945833,5.674998,0.4,0.4
38,4,8,3,2695,0,0,0,30,30,99999,0,0,0.582083,17.46249,0.4,0.4
38,4,9,3,986,0,0,0,8,8,99999,0,0,0.1355,1.084,0.4,0.4
38,4,10,3,1,0,0,0,60,60,99999,0,0,2.218333,133.09998,0.4,0.4
38,4,11,3,2427,0,0,0,10,10,99999,0,0,0.053958,0.53958,0.4,0.4
38,4,12,3,2264,0,0,0,30,30,99999,0,0,0.104,3.12,0.4,0.4
38,4,13,3,2800,0,0,0,90,90,99999,0,0,0.408583,36.77247,0.4,0.4
38,4,14,3,1400,0,0,0,14,14,99999,0,0,0.096667,1.353338,0.4,0.4
38,4,15,3,260,0,0,0,72,72,99999,0,0,0.561667,40.440024,0.4,0.4
38,4,16,3,2863,0,0,0,264,264,99999,0,0,0.535,141.24,0.4,0.4
38,4,17,3,2575,0,0,0,3,3,99999,0,0,0.908333,2.724999,0.4,0.4
38,4,18,3,1091,0,0,0,3,3,99999,0,0,1.793333,5.379999,0.4,0.4
38,4,19,3,711,0,0,0,7,7,99999,0,0,1.146667,8.026669,0.4,0.4
38,4,20,3,1219,0,0,0,10,10,99999,0,0,0.875833,8.75833,0.4,0.4
38,4,21,3,735,0,0,0,4,4,99999,0,0,3.46,13.84,0.4,0.4
38,4,22,3,2147,0,0,0,5,5,99999,0,0,0.393333,1.966665,0.4,0.4
38,4,23,3,2854,0,0,0,414,414,99999,0,0,0.408583,169.153362,0.4,0.4
38,4,24,3,190,0,0,0,12,12,99999,0,0,0.9325,11.19,0.4,0.4
38,4,25,3,2675,0,0,0,42,42,99999,0,0,0.535,22.47,0.4,0.4
38,4,26,3,1427,0,0,0,7,7,99999,0,0,0.235833,1.650831,0.4,0.4
38,4,27,3,577,0,0,0,7,7,99999,0,0,0.565,3.955,0.4,0.4
38,4,28,3,823,0,0,0,5,5,99999,0,0,0.555556,2.77778,0.4,0.4
38,4,29,3,1821,0,0,0,7,7,99999,0,0,0.186417,1.304919,0.4,0.4
38,4,30,3,1294,0,0,0,28,28,99999,0,0,0.233333,6.533324,0.4,0.4
38,4,31,3,999,0,0,0,2,2,99999,0,0,0.231,0.462,0.4,0.4
38,4,32,3,1603,0,0,0,16,16,99999,0,0,0.395,6.32,0.4,0.4
38,4,33,3,35,0,0,0,156,156,99999,0,0,0.365833,57.069948,0.4,0.4
38,4,34,3,2186,0,0,0,37,37,99999,0,0,1.046,38.702,0.4,0.4
38,4,35,3,2029,0,0,0,2,2,99999,0,0,0.39575,0.7915,0.4,0.4
38,4,36,3,3036,0,0,0,1,1,99999,0,0,0.535,0.535,0.4,0.4
38,4,37,3,1537,0,0,0,9,9,99999,0,0,0.354,3.186,0.4,0.4
38,4,38,3,1361,0,0,0,1,1,99999,0,0,0.240833,0.240833,0.4,0.4
38,4,39,3,1461,0,0,0,20,20,99999,0,0,0.34,6.8,0.4,0.4
39,4,0,3,320,0,0,0,216,216,99999,0,0,0.655,141.48,0.4,0.4
39,4,1,3,1843,0,0,0,24,24,99999,0,0,0.216667,5.200008,0.4,0.4
39,4,2,3,228,0,0,0,5,5,99999,0,0,1.60375,8.01875,0.4,0.4
39,4,3,3,1619,0,0,0,20,20,99999,0,0,1.048333,20.96666,0.4,0.4
39,4,4,3,2842,0,0,0,204,204,99999,0,0,0.535,109.14,0.4,0.4
39,4,5,3,2165,0,0,0,3,3,99999,0,0,0.4775,1.4325,0.4,0.4
39,4,6,3,311,0,0,0,54,54,99999,0,0,0.652917,35.257518,0.4,0.4
39,4,7,3,1335,0,0,0,3,3,99999,0,0,0.471,1.413,0.4,0.4
39,4,8,3,2958,0,0,0,1,1,99999,0,0,0.582083,0.582083,0.4,0.4
39,4,9,3,1571,0,0,0,42,42,99999,0,0,0.479167,20.125014,0.4,0.4
39,4,10,3,2232,0,0,0,60,60,99999,0,0,0.27,16.2,0.4,0.4
39,4,11,3,1424,0,0,0,19,19,99999,0,0,0.169167,3.214173,0.4,0.4
39,4,13,3,2489,0,0,0,27,27,99999,0,0,1.465,39.555,0.4,0.4
39,4,14,3,715,0,0,0,1,1,99999,0,0,3.6,3.6,0.4,0.4
39,4,15,3,756,0,0,0,4,4,99999,0,0,1.008333,4.033332,0.4,0.4
39,4,16,3,1903,0,0,0,10,10,99999,0,0,0.48,4.8,0.4,0.4
39,4,17,3,1333,0,0,0,32,32,99999,0,0,0.329167,10.533344,0.4,0.4
39,4,18,3,75,0,0,0,25,25,99999,0,0,1.106667,27.666675,0.4,0.4
39,4,19,3,1664,0,0,0,23,23,99999,0,0,0.236,5.428,0.4,0.4
39,4,20,3,2692,0,0,0,7,7,99999,0,0,0.535,3.745,0.4,0.4
39,4,21,3,3002,0,0,0,5,5,99999,0,0,0.582083,2.910415,0.4,0.4
39,4,22,3,2079,0,0,0,3,3,99999,0,0,2.066667,6.200001,0.4,0.4
39,4,23,3,887,0,0,0,3,3,99999,0,0,1.1675,3.5025,0.4,0.4
39,4,24,3,1205,0,0,0,8,8,99999,0,0,1.3975,11.18,0.4,0.4
39,4,25,3,2688,0,0,0,42,42,99999,0,0,0.535,22.47,0.4,0.4
39,4,26,3,288,0,0,0,792,792,99999,0,0,0.279167,221.100264,0.4,0.4
39,4,27,3,2726,0,0,0,9,9,99999,0,0,0.535,4.815,0.4,0.4
39,4,28,3,96,0,0,0,96,96,99999,0,0,0.538333,51.679968,0.4,0.4
39,4,29,3,1417,0,0,0,2,2,99999,0,0,0.105,0.21,0.4,0.4
39,4,30,3,2523,0,0,0,60,60,99999,0,0,2.188333,131.29998,0.4,0.4
39,4,31,3,3,0,0,0,60,60,99999,0,0,2.333333,139.99998,0.4,0.4
39,4,32,3,2845,0,0,0,90,90,99999,0,0,0.535,48.15,0.4,0.4
39,4,33,3,352,0,0,0,22,22,99999,0,0,5.2,114.4,0.4,0.4
39,4,34,3,2750,0,0,0,12,12,99999,0,0,0.582083,6.984996,0.4,0.4
39,4,35,3,1408,0,0,0,8,8,99999,0,0,0.139375,1.115,0.4,0.4
39,4,36,3,2076,0,0,0,5,5,99999,0,0,2.84,14.2,0.4,0.4
39,4,37,3,1459,0,0,0,18,18,99999,0,0,0.425,7.65,0.4,0.4
39,4,38,3,2285,0,0,0,6,6,99999,0,0,0.125833,0.754998,0.4,0.4
39,4,39,3,859,0,0,0,2,2,99999,0,0,0.205,0.41,0.4,0.4
40,4,0,3,327,0,0,0,88,88,99999,0,0,0.924,81.312,0.4,0.4
40,4,1,3,2144,0,0,0,10,10,99999,0,0,0.486667,4.86667,0.4,0.4
40,4,2,3,972,0,0,0,1,1,99999,0,0,0.114,0.114,0.4,0.4
40,4,3,3,2809,0,0,0,2,2,99999,0,0,0.582083,1.164166,0.4,0.4
40,4,4,3,2820,0,0,0,9,9,99999,0,0,0.408583,3.677247,0.4,0.4
40,4,5,3,1381,0,0,0,63,63,99999,0,0,0.0725,4.5675,0.4,0.4
40,4,6,3,1952,0,0,0,45,45,99999,0,0,0.264167,11.887515,0.4,0.4
40,4,7,3,1647,0,0,0,13,13,99999,0,0,0.451667,5.871671,0.4,0.4
40,4,8,3,1000,0,0,0,4,4,99999,0,0,0.416667,1.666668,0.4,0.4
40,4,9,3,353,0,0,0,96,96,99999,0,0,1.590833,152.719968,0.4,0.4
40,4,10,3,392,0,0,0,3,3,99999,0,0,2.295,6.885,0.4,0.4
40,4,11,3,37,0,0,0,60,60,99999,0,0,2.171667,130.30002,0.4,0.4
40,4,12,3,1940,0,0,0,2,2,99999,0,0,0.775,1.55,0.4,0.4
40,4,13,3,1425,0,0,0,12,12,99999,0,0,0.184167,2.210004,0.4,0.4
40,4,14,3,2599,0,0,0,8,8,99999,0,0,0.480833,3.846664,0.4,0.4
40,4,15,3,1561,0,0,0,3,3,99999,0,0,0.425,1.275,0.4,0.4
40,4,16,3,515,0,0,0,17,17,99999,0,0,1.123333,19.096661,0.4,0.4
40,4,17,3,151,0,0,0,216,216,99999,0,0,0.67,144.72,0.4,0.4
40,4,18,3,2367,0,0,0,4,4,99999,0,0,1.0,4.0,0.4,0.4
40,4,19,3,1199,0,0,0,3,3,99999,0,0,0.099167,0.297501,0.4,0.4
40,4,20,3,439,0,0,0,2,2,99999,0,0,0.452278,0.904556,0.4,0.4
40,4,21,3,418,0,0,0,4,4,99999,0,0,0.644167,2.576668,0.4,0.4
40,4,22,3,1325,0,0,0,13,13,99999,0,0,0.322,4.186,0.4,0.4
40,4,23,3,1076,0,0,0,6,6,99999,0,0,0.026111,0.156666,0.4,0.4
40,4,24,3,2603,0,0,0,1,1,99999,0,0,0.582083,0.582083,0.4,0.4
40,4,25,3,326,0,0,0,180,180,99999,0,0,0.916,164.88,0.4,0.4
40,4,26,3,492,0,0,0,2,2,99999,0,0,1.365833,2.731666,0.4,0.4
40,4,27,3,1462,0,0,0,36,36,99999,0,0,0.41,14.76,0.4,0.4
40,4,28,3,2759,0,0,0,27,27,99999,0,0,0.535,14.445,0.4,0.4
40,4,29,3,1605,0,0,0,7,7,99999,0,0,0.326667,2.286669,0.4,0.4
40,4,30,3,317,0,0,0,144,144,99999,0,0,0.653333,94.079952,0.4,0.4
40,4,31,3,2133,0,0,0,16,16,99999,0,0,3.225,51.6,0.4,0.4
40,4,32,3,135,0,0,0,184,184,99999,0,0,0.414167,76.206728,0.4,0.4
40,4,34,3,242,0,0,0,60,60,99999,0,0,0.519583,31.17498,0.4,0.4
40,4,35,3,1405,0,0,0,24,24,99999,0,0,0.30625,7.35,0.4,0.4
40,4,36,3,2788,0,0,0,12,12,99999,0,0,0.535,6.42,0.4,0.4
40,4,37,3,1456,0,0,0,6,6,99999,0,0,0.153333,0.919998,0.4,0.4
40,4,38,3,2133,0,0,0,3,3,99999,0,0,3.225,9.675,0.4,0.4
40,4,39,3,2222,0,0,0,45,45,99999,0,0,0.125,5.625,0.4,0.4
41,4,0,3,345,0,0,0,72,72,99999,0,0,2.125,153.0,0.4,0.4
41,4,1,3,125,0,0,0,480,480,99999,0,0,0.300417,144.20016,0.4,0.4
41,4,2,3,3017,0,0,0,15,15,99999,0,0,0.582083,8.731245,0.4,0.4
41,4,3,3,2666,0,0,0,408,408,99999,0,0,0.408583,166.701864,0.4,0.4
41,4,4,3,81,0,0,0,38,38,99999,0,0,1.35,51.3,0.4,0.4
41,4,5,3,1096,0,0,0,8,8,99999,0,0,0.645833,5.166664,0.4,0.4
41,4,6,3,2263,0,0,0,12,12,99999,0,0,0.133333,1.599996,0.4,0.4
41,4,7,3,1298,0,0,0,50,50,99999,0,0,0.441,22.05,0.4,0.4
41,4,8,3,2525,0,0,0,21,21,99999,0,0,1.575,33.075,0.4,0.4
41,4,9,3,1959,0,0,0,9,9,99999,0,0,0.468333,4.214997,0.4,0.4
41,4,10,3,2694,0,0,0,6,6,99999,0,0,0.582083,3.492498,0.4,0.4
41,4,11,3,1577,0,0,0,27,27,99999,0,0,0.23,6.21,0.4,0.4
41,4,12,3,2551,0,0,0,31,31,99999,0,0,2.035,63.085,0.4,0.4
41,4,13,3,5,0,0,0,378,378,99999,0,0,0.3575,135.135,0.4,0.4
41,4,14,3,1223,0,0,0,1,1,99999,0,0,1.166667,1.166667,0.4,0.4
41,4,15,3,617,0,0,0,6,6,99999,0,0,0.475,2.85,0.4,0.4
41,4,16,3,248,0,0,0,24,24,99999,0,0,0.658333,15.799992,0.4,0.4
41,4,17,3,1865,0,0,0,1,1,99999,0,0,0.225,0.225,0.4,0.4
41,4,18,3,2139,0,0,0,1,1,99999,0,0,0.8795,0.8795,0.4,0.4
41,4,19,3,3025,0,0,0,1,1,99999,0,0,0.582083,0.582083,0.4,0.4
41,4,20,3,2194,0,0,0,4,4,99999,0,0,0.34,1.36,0.4,0.4
41,4,21,3,2613,0,0,0,2,2,99999,0,0,0.582083,1.164166,0.4,0.4
41,4,22,3,2989,0,0,0,6,6,99999,0,0,0.535,3.21,0.4,0.4
41,4,23,3,612,0,0,0,2,2,99999,0,0,0.061,0.122,0.4,0.4
41,4,24,3,1313,0,0,0,7,7,99999,0,0,0.237778,1.664446,0.4,0.4
41,4,25,3,2452,0,0,0,4,4,99999,0,0,0.179667,0.718668,0.4,0.4
41,4,26,3,407,0,0,0,4,4,99999,0,0,1.191667,4.766668,0.4,0.4
41,4,27,3,734,0,0,0,25,25,99999,0,0,1.1275,28.1875,0.4,0.4
41,4,28,3,1270,0,0,0,2,2,99999,0,0,0.775,1.55,0.4,0.4
41,4,29,3,180,0,0,0,28,28,99999,0,0,0.586667,16.426676,0.4,0.4
41,4,30,3,1047,0,0,0,2,2,99999,0,0,0.28,0.56,0.4,0.4
41,4,31,3,2637,0,0,0,3,3,99999,0,0,0.582083,1.746249,0.4,0.4
41,4,33,3,982,0,0,0,5,5,99999,0,0,0.163889,0.819445,0.4,0.4
41,4,34,3,1262,0,0,0,6,6,99999,0,0,1.159167,6.955002,0.4,0.4
41,4,35,3,1174,0,0,0,21,21,99999,0,0,0.1775,3.7275,0.4,0.4
41,4,36,3,1797,0,0,0,4,4,99999,0,0,0.407667,1.630668,0.4,0.4
41,4,37,3,2375,0,0,0,4,4,99999,0,0,1.3625,5.45,0.4,0.4
41,4,38,3,2944,0,0,0,5,5,99999,0,0,0.582083,2.910415,0.4,0.4
41,4,39,3,2056,0,0,0,1,1,99999,0,0,1.85,1.85,0.4,0.4
42,4,0,3,2664,0,0,0,180,180,99999,0,0,0.408583,73.54494,0.4,0.4
42,4,1,3,806,0,0,0,9,9,99999,0,0,0.933333,8.399997,0.4,0.4
42,4,2,3,1019,0,0,0,33,33,99999,0,0,0.219167,7.232511,0.4,0.4
42,4,3,3,3001,0,0,0,2,2,99999,0,0,0.582083,1.164166,0.4,0.4
42,4,4,3,2802,0,0,0,24,24,99999,0,0,0.535,12.84,0.4,0.4
42,4,5,3,1230,0,0,0,48,48,99999,0,0,0.115625,5.55,0.4,0.4
42,4,6,3,1321,0,0,0,14,14,99999,0,0,0.1875,2.625,0.4,0.4
42,4,7,3,2225,0,0,0,15,15,99999,0,0,0.208333,3.124995,0.4,0.4
42,4,8,3,239,0,0,0,216,216,99999,0,0,0.608333,131.399928,0.4,0.4
42,4,9,3,1259,0,0,0,8,8,99999,0,0,0.1475,1.18,0.4,0.4
42,4,10,3,1359,0,0,0,5,5,99999,0,0,0.178333,0.891665,0.4,0.4
42,4,11,3,498,0,0,0,5,5,99999,0,0,0.192667,0.963335,0.4,0.4
42,4,12,3,2272,0,0,0,2,2,99999,0,0,0.578333,1.156666,0.4,0.4
42,4,13,3,156,0,0,0,84,84,99999,0,0,1.6025,134.61,0.4,0.4
42,4,14,3,2013,0,0,0,1,1,99999,0,0,0.134167,0.134167,0.4,0.4
42,4,15,3,790,0,0,0,3,3,99999,0,0,0.669167,2.007501,0.4,0.4
42,4,16,3,2271,0,0,0,58,58,99999,0,0,0.29875,17.3275,0.4,0.4
42,4,17,3,98,0,0,0,312,312,99999,0,0,0.328333,102.439896,0.4,0.4
42,4,18,3,1157,0,0,0,15,15,99999,0,0,0.206111,3.091665,0.4,0.4
42,4,19,3,2392,0,0,0,1,1,99999,0,0,0.6975,0.6975,0.4,0.4
42,4,20,3,1834,0,0,0,14,14,99999,0,0,0.28,3.92,0.4,0.4
42,4,21,3,1497,0,0,0,8,8,99999,0,0,0.375,3.0,0.4,0.4
42,4,22,3,1518,0,0,0,6,6,99999,0,0,0.192857,1.157142,0.4,0.4
42,4,23,3,2671,0,0,0,48,48,99999,0,0,0.535,25.68,0.4,0.4
42,4,24,3,1161,0,0,0,16,16,99999,0,0,0.14375,2.3,0.4,0.4
42,4,25,3,1743,0,0,0,5,5,99999,0,0,0.319583,1.597915,0.4,0.4
42,4,26,3,1590,0,0,0,4,4,99999,0,0,0.4975,1.99,0.4,0.4
42,4,27,3,1127,0,0,0,4,4,99999,0,0,0.151667,0.606668,0.4,0.4
42,4,28,3,2083,0,0,0,3,3,99999,0,0,1.931667,5.795001,0.4,0.4
42,4,29,3,1205,0,0,0,4,4,99999,0,0,1.3975,5.59,0.4,0.4
42,4,30,3,1281,0,0,0,3,3,99999,0,0,0.692,2.076,0.4,0.4
42,4,31,3,354,0,0,0,84,84,99999,0,0,1.594167,133.910028,0.4,0.4
42,4,32,3,1465,0,0,0,16,16,99999,0,0,0.565,9.04,0.4,0.4
42,4,33,3,1048,0,0,0,1,1,99999,0,0,0.104167,0.104167,0.4,0.4
42,4,34,3,1927,0,0,0,4,4,99999,0,0,0.183333,0.733332,0.4,0.4
42,4,35,3,1089,0,0,0,1,1,99999,0,0,0.593333,0.593333,0.4,0.4
42,4,36,3,2609,0,0,0,4,4,99999,0,0,0.582083,2.328332,0.4,0.4
42,4,37,3,977,0,0,0,1,1,99999,0,0,0.166667,0.166667,0.4,0.4
42,4,38,3,1229,0,0,0,96,96,99999,0,0,0.109375,10.5,0.4,0.4
42,4,39,3,173,0,0,0,6,6,99999,0,0,0.278417,1.670502,0.4,0.4
43,4,0,3,2143,0,0,0,2,2,99999,0,0,0.3875,0.775,0.4,0.4
43,4,1,3,576,0,0,0,1,1,99999,0,0,0.2525,0.2525,0.4,0.4
43,4,2,3,37,0,0,0,60,60,99999,0,0,2.171667,130.30002,0.4,0.4
43,4,3,3,1352,0,0,0,6,6,99999,0,0,0.255,1.53,0.4,0.4
43,4,4,3,1975,0,0,0,6,6,99999,0,0,0.333333,1.999998,0.4,0.4
43,4,5,3,1405,0,0,0,24,24,99999,0,0,0.30625,7.35,0.4,0.4
43,4,6,3,747,0,0,0,32,32,99999,0,0,4.2975,137.52,0.4,0.4
43,4,7,3,1228,0,0,0,4,4,99999,0,0,2.9425,11.77,0.4,0.4
43,4,8,3,335,0,0,0,72,72,99999,0,0,2.375,171.0,0.4,0.4
43,4,9,3,1203,0,0,0,8,8,99999,0,0,0.945,7.56,0.4,0.4
43,4,10,3,2407,0,0,0,32,32,99999,0,0,0.516667,16.533344,0.4,0.4
43,4,11,3,332,0,0,0,12,12,99999,0,0,6.28,75.36,0.4,0.4
43,4,12,3,2311,0,0,0,2,2,99999,0,0,0.775,1.55,0.4,0.4
43,4,13,3,996,0,0,0,4,4,99999,0,0,0.1275,0.51,0.4,0.4
43,4,14,3,2761,0,0,0,57,57,99999,0,0,0.408583,23.289231,0.4,0.4
43,4,15,3,379,0,0,0,10,10,99999,0,0,1.045833,10.45833,0.4,0.4
43,4,16,3,2444,0,0,0,7,7,99999,0,0,0.559167,3.914169,0.4,0.4
43,4,17,3,2520,0,0,0,2,2,99999,0,0,4.95,9.9,0.4,0.4
43,4,18,3,869,0,0,0,4,4,99999,0,0,0.450833,1.803332,0.4,0.4
43,4,19,3,1039,0,0,0,6,6,99999,0,0,0.114583,0.687498,0.4,0.4
43,4,20,3,2561,0,0,0,14,14,99999,0,0,1.295833,18.141662,0.4,0.4
43,4,21,3,3012,0,0,0,5,5,99999,0,0,0.582083,2.910415,0.4,0.4
43,4,22,3,2954,0,0,0,18,18,99999,0,0,0.535,9.63,0.4,0.4
43,4,23,3,1778,0,0,0,16,16,99999,0,0,0.076667,1.226672,0.4,0.4
43,4,24,3,252,0,0,0,108,108,99999,0,0,1.355833,146.429964,0.4,0.4
43,4,25,3,89,0,0,0,126,126,99999,0,0,0.142083,17.902458,0.4,0.4
43,4,26,3,3024,0,0,0,10,10,99999,0,0,0.582083,5.82083,0.4,0.4
43,4,27,3,445,0,0,0,72,72,99999,0,0,0.339167,24.420024,0.4,0.4
43,4,28,3,215,0,0,0,792,792,99999,0,0,0.275,217.8,0.4,0.4
43,4,29,3,2991,0,0,0,2,2,99999,0,0,0.582083,1.164166,0.4,0.4
43,4,30,3,583,0,0,0,10,10,99999,0,0,0.09375,0.9375,0.4,0.4
43,4,31,3,2781,0,0,0,102,102,99999,0,0,0.408583,41.675466,0.4,0.4
43,4,32,3,1882,0,0,0,2,2,99999,0,0,0.046333,0.092666,0.4,0.4
43,4,33,3,2996,0,0,0,2,2,99999,0,0,0.582083,1.164166,0.4,0.4
43,4,34,3,2490,0,0,0,10,10,99999,0,0,1.416667,14.16667,0.4,0.4
43,4,35,3,133,0,0,0,42,42,99999,0,0,0.2675,11.235,0.4,0.4
43,4,36,3,825,0,0,0,2,2,99999,0,0,0.191125,0.38225,0.4,0.4
43,4,37,3,2425,0,0,0,5,5,99999,0,0,0.081833,0.409165,0.4,0.4
43,4,38,3,2280,0,0,0,192,192,99999,0,0,0.125,24.0,0.4,0.4
43,4,39,3,669,0,0,0,7,7,99999,0,0,2.186667,15.306669,0.4,0.4
44,4,0,3,363,0,0,0,2,2,99999,0,0,0.556,1.112,0.4,0.4
44,4,1,3,1839,0,0,0,1,1,99999,0,0,0.18,0.18,0.4,0.4
44,4,2,3,2084,0,0,0,8,8,99999,0,0,1.966667,15.733336,0.4,0.4
44,4,3,3,1902,0,0,0,6,6,99999,0,0,0.333333,1.999998,0.4,0.4
44,4,4,3,1168,0,0,0,6,6,99999,0,0,0.160333,0.961998,0.4,0.4
44,4,5,3,237,0,0,0,474,474,99999,0,0,0.25875,122.6475,0.4,0.4
44,4,6,3,2932,0,0,0,4,4,99999,0,0,0.582083,2.328332,0.4,0.4
44,4,7,3,1957,0,0,0,5,5,99999,0,0,1.245,6.225,0.4,0.4
44,4,8,3,545,0,0,0,6,6,99999,0,0,0.730833,4.384998,0.4,0.4
44,4,9,3,1052,0,0,0,2,2,99999,0,0,0.16,0.32,0.4,0.4
44,4,10,3,1480,0,0,0,61,61,99999,0,0,0.175,10.675,0.4,0.4
44,4,11,3,2410,0,0,0,8,8,99999,0,0,0.11525,0.922,0.4,0.4
44,4,12,3,2535,0,0,0,12,12,99999,0,0,1.161667,13.940004,0.4,0.4
44,4,13,3,2,0,0,0,204,204,99999,0,0,0.379583,77.434932,0.4,0.4
44,4,14,3,1017,0,0,0,10,10,99999,0,0,0.2375,2.375,0.4,0.4
44,4,15,3,1060,0,0,0,9,9,99999,0,0,0.052778,0.475002,0.4,0.4
44,4,16,3,2876,0,0,0,2,2,99999,0,0,0.582083,1.164166,0.4,0.4
44,4,17,3,529,0,0,0,2,2,99999,0,0,1.154167,2.308334,0.4,0.4
44,4,18,3,366,0,0,0,88,88,99999,0,0,0.666667,58.666696,0.4,0.4
44,4,19,3,1014,0,0,0,10,10,99999,0,0,0.157083,1.57083,0.4,0.4
44,4,20,3,871,0,0,0,4,4,99999,0,0,0.25,1.0,0.4,0.4
44,4,21,3,1618,0,0,0,6,6,99999,0,0,0.185833,1.114998,0.4,0.4
44,4,22,3,1536,0,0,0,20,20,99999,0,0,0.460833,9.21666,0.4,0.4
44,4,23,3,2422,0,0,0,9,9,99999,0,0,0.0855,0.7695,0.4,0.4
44,4,24,3,1911,0,0,0,11,11,99999,0,0,0.192,2.112,0.4,0.4
44,4,25,3,207,0,0,0,80,80,99999,0,0,2.215,177.2,0.4,0.4
44,4,26,3,608,0,0,0,6,6,99999,0,0,0.075333,0.451998,0.4,0.4
44,4,27,3,2475,0,0,0,20,20,99999,0,0,2.027778,40.55556,0.4,0.4
44,4,28,3,2936,0,0,0,6,6,99999,0,0,0.582083,3.492498,0.4,0.4
44,4,29,3,1334,0,0,0,3,3,99999,0,0,0.463333,1.389999,0.4,0.4
44,4,30,3,2534,0,0,0,22,22,99999,0,0,0.97,21.34,0.4,0.4
44,4,31,3,1328,0,0,0,14,14,99999,0,0,0.295,4.13,0.4,0.4
44,4,32,3,1216,0,0,0,12,12,99999,0,0,1.05,12.6,0.4,0.4
44,4,33,3,2521,0,0,0,2,2,99999,0,0,0.856667,1.713334,0.4,0.4
44,4,34,3,2553,0,0,0,6,6,99999,0,0,0.9275,5.565,0.4,0.4
44,4,35,3,1353,0,0,0,15,15,99999,0,0,0.341667,5.125005,0.4,0.4
44,4,36,3,1886,0,0,0,4,4,99999,0,0,1.333333,5.333332,0.4,0.4
44,4,37,3,326,0,0,0,20,20,99999,0,0,0.916,18.32,0.4,0.4
44,4,38,3,892,0,0,0,2,2,99999,0,0,0.715,1.43,0.4,0.4
44,4,39,3,1831,0,0,0,12,12,99999,0,0,0.114667,1.376004,0.4,0.4
45,4,0,3,1002,0,0,0,2,2,99999,0,0,0.5748,1.1496,0.4,0.4
45,4,1,3,1506,0,0,0,24,24,99999,0,0,0.300833,7.219992,0.4,0.4
45,4,2,3,633,0,0,0,2,2,99999,0,0,4.6,9.2,0.4,0.4
45,4,3,3,2678,0,0,0,246,246,99999,0,0,0.408583,100.511418,0.4,0.4
45,4,4,3,643,0,0,0,12,12,99999,0,0,1.65,19.8,0.4,0.4
45,4,5,3,1469,0,0,0,16,16,99999,0,0,0.144167,2.306672,0.4,0.4
45,4,6,3,1553,0,0,0,17,17,99999,0,0,0.297333,5.054661,0.4,0.4
45,4,7,3,2817,0,0,0,8,8,99999,0,0,0.535,4.28,0.4,0.4
45,4,8,3,233,0,0,0,108,108,99999,0,0,1.36,146.88,0.4,0.4
45,4,9,3,1126,0,0,0,10,10,99999,0,0,0.066667,0.66667,0.4,0.4
45,4,10,3,2235,0,0,0,168,168,99999,0,0,0.125,21.0,0.4,0.4
45,4,11,3,2170,0,0,0,3,3,99999,0,0,0.909167,2.727501,0.4,0.4
45,4,12,3,1018,0,0,0,8,8,99999,0,0,0.180556,1.444448,0.4,0.4
45,4,13,3,2246,0,0,0,35,35,99999,0,0,0.102,3.57,0.4,0.4
45,4,14,3,37,0,0,0,60,60,99999,0,0,2.171667,130.30002,0.4,0.4
45,4,15,3,3005,0,0,0,6,6,99999,0,0,0.582083,3.492498,0.4,0.4
45,4,16,3,1083,0,0,0,3,3,99999,0,0,1.833333,5.499999,0.4,0.4
45,4,17,3,1447,0,0,0,35,35,99999,0,0,0.465,16.275,0.4,0.4
45,4,18,3,1110,0,0,0,2,2,99999,0,0,0.143333,0.286666,0.4,0.4
45,4,19,3,891,0,0,0,6,6,99999,0,0,1.1725,7.035,0.4,0.4
45,4,20,3,54,0,0,0,456,456,99999,0,0,0.375,171.0,0.4,0.4
45,4,21,3,1368,0,0,0,9,9,99999,0,0,0.333333,2.999997,0.4,0.4
45,4,22,3,592,0,0,0,6,6,99999,0,0,0.118333,0.709998,0.4,0.4
45,4,23,3,1463,0,0,0,19,19,99999,0,0,0.179167,3.404173,0.4,0.4
45,4,24,3,452,0,0,0,22,22,99999,0,0,0.459583,10.110826,0.4,0.4
45,4,25,3,1742,0,0,0,8,8,99999,0,0,0.49,3.92,0.4,0.4
45,4,26,3,2503,0,0,0,8,8,99999,0,0,0.404167,3.233336,0.4,0.4
45,4,27,3,1649,0,0,0,9,9,99999,0,0,0.321,2.889,0.4,0.4
45,4,28,3,777,0,0,0,1,1,99999,0,0,0.841667,0.841667,0.4,0.4
45,4,29,3,232,0,0,0,10,10,99999,0,0,5.9,59.0,0.4,0.4
45,4,30,3,864,0,0,0,10,10,99999,0,0,0.7225,7.225,0.4,0.4
45,4,31,3,1893,0,0,0,10,10,99999,0,0,0.456667,4.56667,0.4,0.4
45,4,32,3,2261,0,0,0,81,81,99999,0,0,0.125,10.125,0.4,0.4
45,4,33,3,2275,0,0,0,35,35,99999,0,0,0.106333,3.721655,0.4,0.4
45,4,34,3,323,0,0,0,72,72,99999,0,0,2.11625,152.37,0.4,0.4
45,4,35,3,27,0,0,0,36,36,99999,0,0,0.570083,20.522988,0.4,0.4
45,4,36,3,1077,0,0,0,24,24,99999,0,0,0.021375,0.513,0.4,0.4
45,4,37,3,2808,0,0,0,6,6,99999,0,0,0.408583,2.451498,0.4,0.4
45,4,38,3,1990,0,0,0,7,7,99999,0,0,0.463125,3.241875,0.4,0.4
45,4,39,3,306,0,0,0,216,216,99999,0,0,0.579583,125.189928,0.4,0.4
46,4,0,3,1242,0,0,0,25,25,99999,0,0,1.0375,25.9375,0.4,0.4
46,4,1,3,2395,0,0,0,4,4,99999,0,0,0.52875,2.115,0.4,0.4
46,4,2,3,2368,0,0,0,2,2,99999,0,0,0.5925,1.185,0.4,0.4
46,4,3,3,620,0,0,0,6,6,99999,0,0,0.334167,2.005002,0.4,0.4
46,4,4,3,2463,0,0,0,1,1,99999,0,0,0.478333,0.478333,0.4,0.4
46,4,5,3,1230,0,0,0,96,96,99999,0,0,0.115625,11.1,0.4,0.4
46,4,6,3,1674,0,0,0,21,21,99999,0,0,0.49125,10.31625,0.4,0.4
46,4,7,3,1832,0,0,0,8,8,99999,0,0,0.65,5.2,0.4,0.4
46,4,8,3,1138,0,0,0,9,9,99999,0,0,0.14,1.26,0.4,0.4
46,4,9,3,1740,0,0,0,4,4,99999,0,0,0.227,0.908,0.4,0.4
46,4,10,3,348,0,0,0,96,96,99999,0,0,1.25,120.0,0.4,0.4
46,4,11,3,2092,0,0,0,3,3,99999,0,0,1.049167,3.147501,0.4,0.4
46,4,12,3,2601,0,0,0,4,4,99999,0,0,0.582083,2.328332,0.4,0.4
46,4,13,3,1228,0,0,0,4,4,99999,0,0,2.9425,11.77,0.4,0.4
46,4,14,3,213,0,0,0,172,172,99999,0,0,0.62375,107.285,0.4,0.4
46,4,15,3,1064,0,0,0,2,2,99999,0,0,0.175,0.35,0.4,0.4
46,4,16,3,1238,0,0,0,15,15,99999,0,0,0.576667,8.650005,0.4,0.4
46,4,17,3,796,0,0,0,2,2,99999,0,0,0.816667,1.633334,0.4,0.4
46,4,18,3,359,0,0,0,132,132,99999,0,0,0.552917,72.985044,0.4,0.4
46,4,19,3,2806,0,0,0,6,6,99999,0,0,0.408583,2.451498,0.4,0.4
46,4,20,3,2273,0,0,0,144,144,99999,0,0,0.15,21.6,0.4,0.4
46,4,21,3,4,0,0,0,432,432,99999,0,0,0.370417,160.020144,0.4,0.4
46,4,22,3,2999,0,0,0,4,4,99999,0,0,0.535,2.14,0.4,0.4
46,4,23,3,638,0,0,0,19,19,99999,0,0,1.866667,35.466673,0.4,0.4
46,4,24,3,2818,0,0,0,8,8,99999,0,0,0.535,4.28,0.4,0.4
46,4,25,3,106,0,0,0,14,14,99999,0,0,1.359167,19.028338,0.4,0.4
46,4,26,3,2683,0,0,0,42,42,99999,0,0,0.535,22.47,0.4,0.4
46,4,27,3,254,0,0,0,216,216,99999,0,0,0.7325,158.22,0.4,0.4
46,4,28,3,821,0,0,0,1,1,99999,0,0,1.25,1.25,0.4,0.4
46,4,29,3,2827,0,0,0,12,12,99999,0,0,0.582083,6.984996,0.4,0.4
46,4,30,3,952,0,0,0,2,2,99999,0,0,1.179333,2.358666,0.4,0.4
46,4,31,3,72,0,0,0,444,444,99999,0,0,0.274583,121.914852,0.4,0.4
46,4,32,3,315,0,0,0,24,24,99999,0,0,1.608333,38.599992,0.4,0.4
46,4,33,3,2701,0,0,0,4,4,99999,0,0,0.535,2.14,0.4,0.4
46,4,34,3,2064,0,0,0,3,3,99999,0,0,0.975,2.925,0.4,0.4
46,4,35,3,115,0,0,0,48,48,99999,0,0,0.3025,14.52,0.4,0.4
46,4,36,3,531,0,0,0,12,12,99999,0,0,2.975,35.7,0.4,0.4
46,4,37,3,1197,0,0,0,6,6,99999,0,0,0.204167,1.225002,0.4,0.4
46,4,38,3,1205,0,0,0,8,8,99999,0,0,1.3975,11.18,0.4,0.4
46,4,39,3,1675,0,0,0,22,22,99999,0,0,0.383333,8.433326,0.4,0.4
47,4,0,3,1369,0,0,0,10,10,99999,0,0,0.405833,4.05833,0.4,0.4
47,4,1,3,1709,0,0,0,5,5,99999,0,0,1.054,5.27,0.4,0.4
47,4,2,3,841,0,0,0,4,4,99999,0,0,0.338542,1.354168,0.4,0.4
47,4,3,3,2397,0,0,0,4,4,99999,0,0,0.54,2.16,0.4,0.4
47,4,4,3,748,0,0,0,18,18,99999,0,0,6.023333,108.419994,0.4,0.4
47,4,5,3,1589,0,0,0,10,10,99999,0,0,0.307,3.07,0.4,0.4
47,4,6,3,526,0,0,0,2,2,99999,0,0,1.125,2.25,0.4,0.4
47,4,7,3,1854,0,0,0,6,6,99999,0,0,0.387,2.322,0.4,0.4
47,4,8,3,2657,0,0,0,12,12,99999,0,0,0.582083,6.984996,0.4,0.4
47,4,9,3,61,0,0,0,204,204,99999,0,0,0.3675,74.97,0.4,0.4
47,4,10,3,1786,0,0,0,20,20,99999,0,0,0.1275,2.55,0.4,0.4
47,4,11,3,1378,0,0,0,13,13,99999,0,0,0.41,5.33,0.4,0.4
47,4,12,3,1866,0,0,0,2,2,99999,0,0,0.105208,0.210416,0.4,0.4
47,4,13,3,121,0,0,0,36,36,99999,0,0,0.604167,21.750012,0.4,0.4
47,4,14,3,1228,0,0,0,4,4,99999,0,0,2.9425,11.77,0.4,0.4
47,4,15,3,2043,0,0,0,2,2,99999,0,0,0.5449,1.0898,0.4,0.4
47,4,16,3,186,0,0,0,18,18,99999,0,0,1.116667,20.100006,0.4,0.4
47,4,17,3,1540,0,0,0,4,4,99999,0,0,0.31,1.24,0.4,0.4
47,4,18,3,2280,0,0,0,75,75,99999,0,0,0.125,9.375,0.4,0.4
47,4,19,3,8,0,0,0,552,552,99999,0,0,0.281667,155.480184,0.4,0.4
47,4,20,3,2532,0,0,0,21,21,99999,0,0,1.006667,21.140007,0.4,0.4
47,4,21,3,202,0,0,0,168,168,99999,0,0,0.502083,84.349944,0.4,0.4
47,4,22,3,1214,0,0,0,15,15,99999,0,0,1.269667,19.045005,0.4,0.4
47,4,23,3,2330,0,0,0,4,4,99999,0,0,0.145417,0.581668,0.4,0.4
47,4,24,3,435,0,0,0,5,5,99999,0,0,0.201,1.005,0.4,0.4
47,4,25,3,2350,0,0,0,8,8,99999,0,0,0.333333,2.666664,0.4,0.4
47,4,26,3,2162,0,0,0,7,7,99999,0,0,0.609167,4.264169,0.4,0.4
47,4,27,3,2869,0,0,0,3,3,99999,0,0,0.582083,1.746249,0.4,0.4
47,4,28,3,2225,0,0,0,108,108,99999,0,0,0.208333,22.499964,0.4,0.4
47,4,29,3,696,0,0,0,2,2,99999,0,0,3.915,7.83,0.4,0.4
47,4,30,3,2770,0,0,0,192,192,99999,0,0,0.408583,78.447936,0.4,0.4
47,4,31,3,623,0,0,0,2,2,99999,0,0,0.133333,0.266666,0.4,0.4
47,4,32,3,2589,0,0,0,1,1,99999,0,0,0.850833,0.850833,0.4,0.4
47,4,33,3,532,0,0,0,3,3,99999,0,0,5.35,16.05,0.4,0.4
47,4,34,3,1253,0,0,0,9,9,99999,0,0,2.8,25.2,0.4,0.4
47,4,35,3,586,0,0,0,2,2,99999,0,0,0.135,0.27,0.4,0.4
47,4,36,3,314,0,0,0,174,174,99999,0,0,0.569583,99.107442,0.4,0.4
47,4,37,3,2697,0,0,0,4,4,99999,0,0,0.582083,2.328332,0.4,0.4
47,4,38,3,22,0,0,0,480,480,99999,0,0,0.282917,135.80016,0.4,0.4
47,4,39,3,8,0,0,0,552,552,99999,0,0,0.281667,155.480184,0.4,0.4
48,4,0,3,1578,0,0,0,4,4,99999,0,0,0.425,1.7,0.4,0.4
48,4,1,3,1024,0,0,0,14,14,99999,0,0,0.179167,2.508338,0.4,0.4
48,4,2,3,177,0,0,0,21,21,99999,0,0,1.043333,21.909993,0.4,0.4
48,4,3,3,2418,0,0,0,30,30,99999,0,0,0.069583,2.08749,0.4,0.4
48,4,4,3,2881,0,0,0,7,7,99999,0,0,0.582083,4.074581,0.4,0.4
48,4,5,3,1460,0,0,0,19,19,99999,0,0,0.191667,3.641673,0.4,0.4
48,4,6,3,2848,0,0,0,396,396,99999,0,0,0.408583,161.798868,0.4,0.4
48,4,7,3,2153,0,0,0,4,4,99999,0,0,0.336,1.344,0.4,0.4
48,4,8,3,2203,0,0,0,108,108,99999,0,0,0.208333,22.499964,0.4,0.4
48,4,9,3,1001,0,0,0,1,1,99999,0,0,0.2,0.2,0.4,0.4
48,4,10,3,1587,0,0,0,7,7,99999,0,0,0.3375,2.3625,0.4,0.4
48,4,11,3,295,0,0,0,180,180,99999,0,0,0.354167,63.75006,0.4,0.4
48,4,12,3,2808,0,0,0,6,6,99999,0,0,0.408583,2.451498,0.4,0.4
48,4,13,3,444,0,0,0,2,2,99999,0,0,0.291667,0.583334,0.4,0.4
48,4,14,3,922,0,0,0,2,2,99999,0,0,1.166667,2.333334,0.4,0.4
48,4,15,3,2515,0,0,0,3,3,99999,0,0,0.785667,2.357001,0.4,0.4
48,4,16,3,1462,0,0,0,25,25,99999,0,0,0.41,10.25,0.4,0.4
48,4,17,3,1276,0,0,0,22,22,99999,0,0,0.229167,5.041674,0.4,0.4
48,4,18,3,2045,0,0,0,3,3,99999,0,0,0.828889,2.486667,0.4,0.4
48,4,19,3,918,0,0,0,4,4,99999,0,0,1.173333,4.693332,0.4,0.4
48,4,20,3,1324,0,0,0,10,10,99999,0,0,0.475,4.75,0.4,0.4
48,4,21,3,2006,0,0,0,5,5,99999,0,0,0.270833,1.354165,0.4,0.4
48,4,22,3,335,0,0,0,72,72,99999,0,0,2.375,171.0,0.4,0.4
48,4,23,3,519,0,0,0,5,5,99999,0,0,3.055,15.275,0.4,0.4
48,4,24,3,220,0,0,0,528,528,99999,0,0,0.409167,216.040176,0.4,0.4
48,4,25,3,890,0,0,0,9,9,99999,0,0,1.366667,12.300003,0.4,0.4
48,4,26,3,76,0,0,0,402,402,99999,0,0,0.329167,132.325134,0.4,0.4
48,4,27,3,1792,0,0,0,4,4,99999,0,0,0.0815,0.326,0.4,0.4
48,4,28,3,2428,0,0,0,10,10,99999,0,0,0.053125,0.53125,0.4,0.4
48,4,29,3,2085,0,0,0,2,2,99999,0,0,1.025833,2.051666,0.4,0.4
48,4,30,3,1785,0,0,0,22,22,99999,0,0,0.08125,1.7875,0.4,0.4
48,4,31,3,683,0,0,0,15,15,99999,0,0,2.153333,32.299995,0.4,0.4
48,4,32,3,2207,0,0,0,54,54,99999,0,0,0.25,13.5,0.4,0.4
48,4,33,3,2067,0,0,0,8,8,99999,0,0,0.229167,1.833336,0.4,0.4
48,4,34,3,1853,0,0,0,1,1,99999,0,0,0.183333,0.183333,0.4,0.4
48,4,35,3,1202,0,0,0,8,8,99999,0,0,0.89,7.12,0.4,0.4
48,4,36,3,1806,0,0,0,2,2,99999,0,0,0.0585,0.117,0.4,0.4
48,4,37,3,274,0,0,0,108,108,99999,0,0,1.330833,143.729964,0.4,0.4
48,4,38,3,610,0,0,0,24,24,99999,0,0,0.065417,1.570008,0.4,0.4
48,4,39,3,272,0,0,0,192,192,99999,0,0,0.715833,137.439936,0.4,0.4
49,4,0,3,316,0,0,0,14,14,99999,0,0,6.195,86.73,0.4,0.4
49,4,1,3,1442,0,0,0,96,96,99999,0,0,0.102083,9.799968,0.4,0.4
49,4,2,3,2806,0,0,0,6,6,99999,0,0,0.408583,2.451498,0.4,0.4
49,4,3,3,1637,0,0,0,62,62,99999,0,0,0.333,20.646,0.4,0.4
49,4,4,3,348,0,0,0,96,96,99999,0,0,1.25,120.0,0.4,0.4
49,4,5,3,2743,0,0,0,24,24,99999,0,0,0.535,12.84,0.4,0.4
49,4,6,3,13,0,0,0,23,23,99999,0,0,4.8,110.4,0.4,0.4
49,4,7,3,1884,0,0,0,2,2,99999,0,0,0.1073,0.2146,0.4,0.4
49,4,8,3,318,0,0,0,81,81,99999,0,0,1.666667,135.000027,0.4,0.4
49,4,9,3,1787,0,0,0,3,3,99999,0,0,1.1,3.3,0.4,0.4
49,4,10,3,1227,0,0,0,4,4,99999,0,0,3.8575,15.43,0.4,0.4
49,4,11,3,665,0,0,0,12,12,99999,0,0,1.643333,19.719996,0.4,0.4
49,4,12,3,927,0,0,0,4,4,99999,0,0,4.2045,16.818,0.4,0.4
49,4,13,3,1491,0,0,0,27,27,99999,0,0,0.166,4.482,0.4,0.4
49,4,14,3,2461,0,0,0,3,3,99999,0,0,0.170833,0.512499,0.4,0.4
49,4,15,3,930,0,0,0,1,1,99999,0,0,1.18,1.18,0.4,0.4
49,4,16,3,436,0,0,0,5,5,99999,0,0,0.191667,0.958335,0.4,0.4
49,4,17,3,150,0,0,0,192,192,99999,0,0,0.677917,130.160064,0.4,0.4
49,4,18,3,824,0,0,0,1,1,99999,0,0,0.474333,0.474333,0.4,0.4
49,4,19,3,251,0,0,0,264,264,99999,0,0,0.6225,164.34,0.4,0.4
49,4,20,3,340,0,0,0,22,22,99999,0,0,5.575,122.65,0.4,0.4
49,4,21,3,1921,0,0,0,12,12,99999,0,0,0.460833,5.529996,0.4,0.4
49,4,22,3,1230,0,0,0,96,96,99999,0,0,0.115625,11.1,0.4,0.4
49,4,23,3,174,0,0,0,4,4,99999,0,0,3.395,13.58,0.4,0.4
49,4,24,3,286,0,0,0,48,48,99999,0,0,0.599167,28.760016,0.4,0.4
49,4,25,3,2820,0,0,0,11,11,99999,0,0,0.408583,4.494413,0.4,0.4
49,4,26,3,420,0,0,0,8,8,99999,0,0,1.141667,9.133336,0.4,0.4
49,4,27,3,2888,0,0,0,5,5,99999,0,0,0.582083,2.910415,0.4,0.4
49,4,28,3,2913,0,0,0,4,4,99999,0,0,0.535,2.14,0.4,0.4
49,4,29,3,1214,0,0,0,18,18,99999,0,0,1.269667,22.854006,0.4,0.4
49,4,30,3,1920,0,0,0,36,36,99999,0,0,0.460833,16.589988,0.4,0.4
49,4,31,3,2377,0,0,0,20,20,99999,0,0,0.07875,1.575,0.4,0.4
49,4,32,3,2767,0,0,0,9,9,99999,0,0,0.582083,5.238747,0.4,0.4
49,4,33,3,1100,0,0,0,4,4,99999,0,0,0.0725,0.29,0.4,0.4
49,4,34,3,1685,0,0,0,53,53,99999,0,0,0.42,22.26,0.4,0.4
49,4,35,3,1692,0,0,0,16,16,99999,0,0,0.343,5.488,0.4,0.4
49,4,36,3,2233,0,0,0,27,27,99999,0,0,0.236667,6.390009,0.4,0.4
49,4,37,3,652,0,0,0,8,8,99999,0,0,2.171667,17.373336,0.4,0.4
49,4,38,3,141,0,0,0,24,24,99999,0,0,0.3945,9.468,0.4,0.4
49,4,39,3,2930,0,0,0,11,11,99999,0,0,0.535,5.885,0.4,0.4
50,4,0,3,3036,0,0,0,4,4,99999,0,0,0.535,2.14,0.4,0.4
50,4,1,3,1636,0,0,0,11,11,99999,0,0,0.308,3.388,0.4,0.4
50,4,2,3,856,0,0,0,3,3,99999,0,0,0.383333,1.149999,0.4,0.4
50,4,3,3,2028,0,0,0,2,2,99999,0,0,0.333333,0.666666,0.4,0.4
50,4,4,3,1374,0,0,0,24,24,99999,0,0,0.408333,9.799992,0.4,0.4
50,4,5,3,2689,0,0,0,159,159,99999,0,0,0.408583,64.964697,0.4,0.4
50,4,6,3,1913,0,0,0,8,8,99999,0,0,0.233333,1.866664,0.4,0.4
50,4,7,3,1935,0,0,0,3,3,99999,0,0,0.186,0.558,0.4,0.4
50,4,8,3,2078,0,0,0,2,2,99999,0,0,1.885,3.77,0.4,0.4
50,4,9,3,1371,0,0,0,46,46,99999,0,0,0.287222,13.212212,0.4,0.4
50,4,10,3,1430,0,0,0,1,1,99999,0,0,0.195833,0.195833,0.4,0.4
50,4,11,3,154,0,0,0,96,96,99999,0,0,1.093333,104.959968,0.4,0.4
50,4,12,3,129,0,0,0,48,48,99999,0,0,0.546833,26.247984,0.4,0.4
50,4,13,3,1600,0,0,0,6,6,99999,0,0,0.309167,1.855002,0.4,0.4
50,4,14,3,156,0,0,0,61,61,99999,0,0,1.6025,97.7525,0.4,0.4
50,4,15,3,201,0,0,0,248,248,99999,0,0,0.62,153.76,0.4,0.4
50,4,16,3,688,0,0,0,16,16,99999,0,0,2.06,32.96,0.4,0.4
50,4,17,3,2948,0,0,0,4,4,99999,0,0,0.582083,2.328332,0.4,0.4
50,4,18,3,2384,0,0,0,6,6,99999,0,0,0.315,1.89,0.4,0.4
50,4,19,3,2934,0,0,0,28,28,99999,0,0,0.408583,11.440324,0.4,0.4
50,4,20,3,716,0,0,0,3,3,99999,0,0,3.535,10.605,0.4,0.4
50,4,21,3,2666,0,0,0,408,408,99999,0,0,0.408583,166.701864,0.4,0.4
50,4,22,3,726,0,0,0,2,2,99999,0,0,3.5325,7.065,0.4,0.4
50,4,23,3,2702,0,0,0,132,132,99999,0,0,0.408583,53.932956,0.4,0.4
50,4,24,3,457,0,0,0,5,5,99999,0,0,0.625,3.125,0.4,0.4
50,4,25,3,251,0,0,0,84,84,99999,0,0,0.6225,52.29,0.4,0.4
50,4,26,3,547,0,0,0,7,7,99999,0,0,6.225,43.575,0.4,0.4
50,4,27,3,316,0,0,0,20,20,99999,0,0,6.195,123.9,0.4,0.4
50,4,28,3,159,0,0,0,136,136,99999,0,0,1.64,223.04,0.4,0.4
50,4,29,3,1688,0,0,0,41,41,99999,0,0,0.39,15.99,0.4,0.4
50,4,30,3,1517,0,0,0,4,4,99999,0,0,0.1125,0.45,0.4,0.4
50,4,31,3,489,0,0,0,4,4,99999,0,0,0.333333,1.333332,0.4,0.4
50,4,32,3,2595,0,0,0,6,6,99999,0,0,0.905167,5.431002,0.4,0.4
50,4,33,3,989,0,0,0,5,5,99999,0,0,0.55,2.75,0.4,0.4
50,4,34,3,1736,0,0,0,6,6,99999,0,0,0.196,1.176,0.4,0.4
50,4,35,3,2235,0,0,0,102,102,99999,0,0,0.125,12.75,0.4,0.4
50,4,36,3,179,0,0,0,5,5,99999,0,0,2.166667,10.833335,0.4,0.4
50,4,37,3,3000,0,0,0,2,2,99999,0,0,0.582083,1.164166,0.4,0.4
50,4,38,3,2054,0,0,0,18,18,99999,0,0,0.45125,8.1225,0.4,0.4
50,4,39,3,2477,0,0,0,9,9,99999,0,0,0.616667,5.550003,0.4,0.4
51,4,0,3,575,0,0,0,6,6,99999,0,0,0.469167,2.815002,0.4,0.4
51,4,1,3,2273,0,0,0,144,144,99999,0,0,0.15,21.6,0.4,0.4
51,4,2,3,2205,0,0,0,144,144,99999,0,0,0.134167,19.320048,0.4,0.4
51,4,3,3,1680,0,0,0,76,76,99999,0,0,0.373333,28.373308,0.4,0.4
51,4,4,3,122,0,0,0,99,99,99999,0,0,0.4,39.6,0.4,0.4
51,4,5,3,2099,0,0,0,3,3,99999,0,0,0.5525,1.6575,0.4,0.4
51,4,6,3,2492,0,0,0,20,20,99999,0,0,1.95,39.0,0.4,0.4
51,4,7,3,2724,0,0,0,12,12,99999,0,0,0.582083,6.984996,0.4,0.4
51,4,8,3,2225,0,0,0,108,108,99999,0,0,0.208333,22.499964,0.4,0.4
51,4,9,3,561,0,0,0,12,12,99999,0,0,0.091,1.092,0.4,0.4
51,4,10,3,2497,0,0,0,2,2,99999,0,0,1.245556,2.491112,0.4,0.4
51,4,11,3,496,0,0,0,4,4,99999,0,0,1.241667,4.966668,0.4,0.4
51,4,12,3,3023,0,0,0,8,8,99999,0,0,0.582083,4.656664,0.4,0.4
51,4,13,3,1366,0,0,0,2,2,99999,0,0,0.12075,0.2415,0.4,0.4
51,4,14,3,968,0,0,0,2,2,99999,0,0,0.170833,0.341666,0.4,0.4
51,4,15,3,329,0,0,0,24,24,99999,0,0,5.345,128.28,0.4,0.4
51,4,16,3,2774,0,0,0,27,27,99999,0,0,0.535,14.445,0.4,0.4
51,4,17,3,1229,0,0,0,96,96,99999,0,0,0.109375,10.5,0.4,0.4
51,4,18,3,2022,0,0,0,7,7,99999,0,0,0.492143,3.445001,0.4,0.4
51,4,19,3,2303,0,0,0,65,65,99999,0,0,0.066,4.29,0.4,0.4
51,4,20,3,1745,0,0,0,7,7,99999,0,0,0.136667,0.956669,0.4,0.4
51,4,21,3,2455,0,0,0,3,3,99999,0,0,0.141667,0.425001,0.4,0.4
51,4,22,3,679,0,0,0,13,13,99999,0,0,1.978333,25.718329,0.4,0.4
51,4,23,3,2296,0,0,0,150,150,99999,0,0,0.114667,17.20005,0.4,0.4
51,4,24,3,1415,0,0,0,7,7,99999,0,0,0.15,1.05,0.4,0.4
51,4,25,3,2106,0,0,0,2,2,99999,0,0,0.7675,1.535,0.4,0.4
51,4,26,3,924,0,0,0,5,5,99999,0,0,1.258333,6.291665,0.4,0.4
51,4,27,3,1218,0,0,0,2,2,99999,0,0,0.65,1.3,0.4,0.4
51,4,28,3,1461,0,0,0,20,20,99999,0,0,0.34,6.8,0.4,0.4
51,4,29,3,912,0,0,0,2,2,99999,0,0,1.15,2.3,0.4,0.4
51,4,30,3,1063,0,0,0,20,20,99999,0,0,0.03125,0.625,0.4,0.4
51,4,31,3,310,0,0,0,528,528,99999,0,0,0.27375,144.54,0.4,0.4
51,4,32,3,2922,0,0,0,5,5,99999,0,0,0.535,2.675,0.4,0.4
51,4,33,3,2364,0,0,0,5,5,99999,0,0,1.346667,6.733335,0.4,0.4
51,4,34,3,97,0,0,0,48,48,99999,0,0,0.574167,27.560016,0.4,0.4
51,4,35,3,799,0,0,0,3,3,99999,0,0,0.675,2.025,0.4,0.4
51,4,36,3,1657,0,0,0,37,37,99999,0,0,0.256667,9.496679,0.4,0.4
51,4,37,3,2745,0,0,0,6,6,99999,0,0,0.582083,3.492498,0.4,0.4
51,4,38,3,348,0,0,0,96,96,99999,0,0,1.25,120.0,0.4,0.4
51,4,39,3,1762,0,0,0,9,9,99999,0,0,0.19,1.71,0.4,0.4
52,4,0,3,1722,0,0,0,13,13,99999,0,0,0.348,4.524,0.4,0.4
52,4,1,3,1377,0,0,0,9,9,99999,0,0,0.181667,1.635003,0.4,0.4
52,4,2,3,1515,0,0,0,11,11,99999,0,0,0.1825,2.0075,0.4,0.4
52,4,3,3,2641,0,0,0,5,5,99999,0,0,0.582083,2.910415,0.4,0.4
52,4,4,3,1226,0,0,0,30,30,99999,0,0,0.091667,2.75001,0.4,0.4
52,4,5,3,2969,0,0,0,52,52,99999,0,0,0.535,27.82,0.4,0.4
52,4,6,3,2254,0,0,0,13,13,99999,0,0,0.120417,1.565421,0.4,0.4
52,4,7,3,502,0,0,0,1,1,99999,0,0,1.190833,1.190833,0.4,0.4
52,4,8,3,706,0,0,0,4,4,99999,0,0,1.763333,7.053332,0.4,0.4
52,4,9,3,2832,0,0,0,24,24,99999,0,0,0.582083,13.969992,0.4,0.4
52,4,10,3,2251,0,0,0,45,45,99999,0,0,0.104,4.68,0.4,0.4
52,4,11,3,1351,0,0,0,6,6,99999,0,0,0.215667,1.294002,0.4,0.4
52,4,12,3,347,0,0,0,72,72,99999,0,0,1.600833,115.259976,0.4,0.4
52,4,13,3,866,0,0,0,2,2,99999,0,0,0.570833,1.141666,0.4,0.4
52,4,14,3,36,0,0,0,180,180,99999,0,0,0.397083,71.47494,0.4,0.4
52,4,15,3,2398,0,0,0,3,3,99999,0,0,0.5195,1.5585,0.4,0.4
52,4,16,3,383,0,0,0,14,14,99999,0,0,2.288333,32.036662,0.4,0.4
52,4,17,3,2135,0,0,0,8,8,99999,0,0,0.583333,4.666664,0.4,0.4
52,4,18,3,1075,0,0,0,12,12,99999,0,0,0.022778,0.273336,0.4,0.4
52,4,19,3,2291,0,0,0,70,70,99999,0,0,0.135,9.45,0.4,0.4
52,4,20,3,948,0,0,0,5,5,99999,0,0,0.831667,4.158335,0.4,0.4
52,4,21,3,997,0,0,0,2,2,99999,0,0,0.24,0.48,0.4,0.4
52,4,22,3,264,0,0,0,12,12,99999,0,0,1.65,19.8,0.4,0.4
52,4,23,3,24,0,0,0,270,270,99999,0,0,0.3575,96.525,0.4,0.4
52,4,24,3,1531,0,0,0,11,11,99999,0,0,0.675,7.425,0.4,0.4
52,4,25,3,2906,0,0,0,8,8,99999,0,0,0.535,4.28,0.4,0.4
52,4,26,3,1008,0,0,0,2,2,99999,0,0,0.102917,0.205834,0.4,0.4
52,4,27,3,1201,0,0,0,14,14,99999,0,0,1.26,17.64,0.4,0.4
52,4,28,3,222,0,0,0,432,432,99999,0,0,0.325833,140.759856,0.4,0.4
52,4,29,3,2203,0,0,0,108,108,99999,0,0,0.208333,22.499964,0.4,0.4
52,4,30,3,1896,0,0,0,3,3,99999,0,0,0.231,0.693,0.4,0.4
52,4,31,3,2253,0,0,0,14,14,99999,0,0,0.2675,3.745,0.4,0.4
52,4,32,3,370,0,0,0,192,192,99999,0,0,0.645,123.84,0.4,0.4
52,4,33,3,2836,0,0,0,462,462,99999,0,0,0.408583,188.765346,0.4,0.4
52,4,34,3,410,0,0,0,2,2,99999,0,0,0.726667,1.453334,0.4,0.4
52,4,35,3,1916,0,0,0,11,11,99999,0,0,0.235,2.585,0.4,0.4
52,4,36,3,2805,0,0,0,10,10,99999,0,0,0.535,5.35,0.4,0.4
52,4,37,3,81,0,0,0,96,96,99999,0,0,1.35,129.6,0.4,0.4
52,4,38,3,3003,0,0,0,6,6,99999,0,0,0.582083,3.492498,0.4,0.4
52,4,39,3,1964,0,0,0,6,6,99999,0,0,0.468333,2.809998,0.4,0.4
53,4,0,3,1503,0,0,0,5,5,99999,0,0,0.445,2.225,0.4,0.4
53,4,1,3,2962,0,0,0,2,2,99999,0,0,0.582083,1.164166,0.4,0.4
53,4,2,3,58,0,0,0,54,54,99999,0,0,2.243333,121.139982,0.4,0.4
53,4,3,3,506,0,0,0,12,12,99999,0,0,3.0925,37.11,0.4,0.4
53,4,4,3,2807,0,0,0,6,6,99999,0,0,0.408583,2.451498,0.4,0.4
53,4,5,3,1228,0,0,0,2,2,99999,0,0,2.9425,5.885,0.4,0.4
53,4,6,3,93,0,0,0,438,438,99999,0,0,0.276667,121.180146,0.4,0.4
53,4,7,3,251,0,0,0,264,264,99999,0,0,0.6225,164.34,0.4,0.4
53,4,8,3,306,0,0,0,216,216,99999,0,0,0.579583,125.189928,0.4,0.4
53,4,9,3,2173,0,0,0,6,6,99999,0,0,0.540833,3.244998,0.4,0.4
53,4,10,3,657,0,0,0,4,4,99999,0,0,1.793333,7.173332,0.4,0.4
53,4,11,3,1170,0,0,0,12,12,99999,0,0,0.15,1.8,0.4,0.4
53,4,12,3,837,0,0,0,12,12,99999,0,0,0.263333,3.159996,0.4,0.4
53,4,13,3,2727,0,0,0,4,4,99999,0,0,0.582083,2.328332,0.4,0.4
53,4,14,3,2031,0,0,0,33,33,99999,0,0,0.390833,12.897489,0.4,0.4
53,4,15,3,1936,0,0,0,2,2,99999,0,0,0.183333,0.366666,0.4,0.4
53,4,16,3,2737,0,0,0,5,5,99999,0,0,0.582083,2.910415,0.4,0.4
53,4,17,3,1542,0,0,0,17,17,99999,0,0,0.332,5.644,0.4,0.4
53,4,18,3,2042,0,0,0,2,2,99999,0,0,0.906667,1.813334,0.4,0.4
53,4,19,3,2955,0,0,0,22,22,99999,0,0,0.408583,8.988826,0.4,0.4
53,4,20,3,2321,0,0,0,184,184,99999,0,0,0.15625,28.75,0.4,0.4
53,4,21,3,2081,0,0,0,4,4,99999,0,0,1.896667,7.586668,0.4,0.4
53,4,22,3,320,0,0,0,102,102,99999,0,0,0.655,66.81,0.4,0.4
53,4,23,3,1007,0,0,0,2,2,99999,0,0,0.018333,0.036666,0.4,0.4
53,4,24,3,2236,0,0,0,75,75,99999,0,0,0.109333,8.199975,0.4,0.4
53,4,25,3,2851,0,0,0,102,102,99999,0,0,0.535,54.57,0.4,0.4
53,4,26,3,324,0,0,0,22,22,99999,0,0,6.35,139.7,0.4,0.4
53,4,27,3,268,0,0,0,240,240,99999,0,0,0.65675,157.62,0.4,0.4
53,4,28,3,2394,0,0,0,30,30,99999,0,0,0.105,3.15,0.4,0.4
53,4,29,3,2299,0,0,0,155,155,99999,0,0,0.104333,16.171615,0.4,0.4
53,4,30,3,1482,0,0,0,24,24,99999,0,0,0.3275,7.86,0.4,0.4
53,4,31,3,1780,0,0,0,3,3,99999,0,0,0.131389,0.394167,0.4,0.4
53,4,32,3,2709,0,0,0,11,11,99999,0,0,0.535,5.885,0.4,0.4
53,4,33,3,1243,0,0,0,6,6,99999,0,0,2.68,16.08,0.4,0.4
53,4,34,3,2814,0,0,0,3,3,99999,0,0,0.582083,1.746249,0.4,0.4
53,4,35,3,2765,0,0,0,45,45,99999,0,0,0.408583,18.386235,0.4,0.4
53,4,36,3,1227,0,0,0,4,4,99999,0,0,3.8575,15.43,0.4,0.4
53,4,37,3,262,0,0,0,40,40,99999,0,0,0.603333,24.13332,0.4,0.4
53,4,38,3,2706,0,0,0,111,111,99999,0,0,0.408583,45.352713,0.4,0.4
53,4,39,3,1230,0,0,0,96,96,99999,0,0,0.115625,11.1,0.4,0.4
54,4,0,3,1726,0,0,0,3,3,99999,0,0,0.12475,0.37425,0.4,0.4
54,4,1,3,1933,0,0,0,10,10,99999,0,0,0.2125,2.125,0.4,0.4
54,4,2,3,266,0,0,0,96,96,99999,0,0,1.333333,127.999968,0.4,0.4
54,4,3,3,770,0,0,0,14,14,99999,0,0,0.870833,12.191662,0.4,0.4
54,4,4,3,1983,0,0,0,2,2,99999,0,0,0.305833,0.611666,0.4,0.4
54,4,5,3,1955,0,0,0,35,35,99999,0,0,0.269167,9.420845,0.4,0.4
54,4,6,3,567,0,0,0,9,9,99999,0,0,0.449167,4.042503,0.4,0.4
54,4,7,3,2465,0,0,0,16,16,99999,0,0,0.295333,4.725328,0.4,0.4
54,4,8,3,267,0,0,0,64,64,99999,0,0,1.380833,88.373312,0.4,0.4
54,4,9,3,9,0,0,0,168,168,99999,0,0,0.661667,111.160056,0.4,0.4
54,4,10,3,2191,0,0,0,8,8,99999,0,0,1.0425,8.34,0.4,0.4
54,4,11,3,1230,0,0,0,96,96,99999,0,0,0.115625,11.1,0.4,0.4
54,4,12,3,1805,0,0,0,12,12,99999,0,0,0.155,1.86,0.4,0.4
54,4,13,3,361,0,0,0,56,56,99999,0,0,0.539167,30.193352,0.4,0.4
54,4,14,3,1376,0,0,0,24,24,99999,0,0,0.335,8.04,0.4,0.4
54,4,15,3,2213,0,0,0,28,28,99999,0,0,0.104167,2.916676,0.4,0.4
54,4,16,3,423,0,0,0,2,2,99999,0,0,4.1445,8.289,0.4,0.4
54,4,17,3,1420,0,0,0,1,1,99999,0,0,0.411167,0.411167,0.4,0.4
54,4,18,3,1422,0,0,0,9,9,99999,0,0,0.249167,2.242503,0.4,0.4
54,4,19,3,1437,0,0,0,39,39,99999,0,0,0.28,10.92,0.4,0.4
54,4,20,3,1572,0,0,0,2,2,99999,0,0,0.293333,0.586666,0.4,0.4
54,4,21,3,346,0,0,0,2,2,99999,0,0,6.4,12.8,0.4,0.4
54,4,22,3,2591,0,0,0,7,7,99999,0,0,1.653333,11.573331,0.4,0.4
54,4,23,3,2032,0,0,0,8,8,99999,0,0,0.855833,6.846664,0.4,0.4
54,4,24,3,32,0,0,0,552,552,99999,0,0,0.283333,156.399816,0.4,0.4
54,4,25,3,1284,0,0,0,10,10,99999,0,0,0.105667,1.05667,0.4,0.4
54,4,26,3,518,0,0,0,14,14,99999,0,0,1.104167,15.458338,0.4,0.4
54,4,27,3,1409,0,0,0,24,24,99999,0,0,0.408333,9.799992,0.4,0.4
54,4,28,3,2998,0,0,0,4,4,99999,0,0,0.582083,2.328332,0.4,0.4
54,4,29,3,860,0,0,0,4,4,99999,0,0,0.205,0.82,0.4,0.4
54,4,30,3,587,0,0,0,2,2,99999,0,0,0.1275,0.255,0.4,0.4
54,4,31,3,694,0,0,0,14,14,99999,0,0,2.825,39.55,0.4,0.4
54,4,32,3,342,0,0,0,72,72,99999,0,0,0.366667,26.400024,0.4,0.4
54,4,33,3,1547,0,0,0,50,50,99999,0,0,0.454,22.7,0.4,0.4
54,4,34,3,1393,0,0,0,135,135,99999,0,0,0.14,18.9,0.4,0.4
54,4,35,3,1114,0,0,0,3,3,99999,0,0,0.35,1.05,0.4,0.4
54,4,36,3,2624,0,0,0,5,5,99999,0,0,0.582083,2.910415,0.4,0.4
54,4,37,3,1281,0,0,0,25,25,99999,0,0,0.692,17.3,0.4,0.4
54,4,38,3,188,0,0,0,2,2,99999,0,0,2.305,4.61,0.4,0.4
54,4,39,3,2283,0,0,0,156,156,99999,0,0,0.141667,22.100052,0.4,0.4
55,4,0,3,2751,0,0,0,27,27,99999,0,0,0.535,14.445,0.4,0.4
55,4,1,3,2105,0,0,0,3,3,99999,0,0,1.330833,3.992499,0.4,0.4
55,4,2,3,2779,0,0,0,33,33,99999,0,0,0.535,17.655,0.4,0.4
55,4,3,3,218,0,0,0,93,93,99999,0,0,1.360833,126.557469,0.4,0.4
55,4,4,3,2035,0,0,0,1,1,99999,0,0,0.57,0.57,0.4,0.4
55,4,5,3,2826,0,0,0,6,6,99999,0,0,0.582083,3.492498,0.4,0.4
55,4,6,3,123,0,0,0,48,48,99999,0,0,0.2925,14.04,0.4,0.4
55,4,7,3,1996,0,0,0,4,4,99999,0,0,0.800083,3.200332,0.4,0.4
55,4,8,3,650,0,0,0,18,18,99999,0,0,2.833333,50.999994,0.4,0.4
55,4,9,3,2239,0,0,0,144,144,99999,0,0,0.15,21.6,0.4,0.4
55,4,10,3,315,0,0,0,96,96,99999,0,0,1.608333,154.399968,0.4,0.4
55,4,11,3,1574,0,0,0,15,15,99999,0,0,0.767,11.505,0.4,0.4
55,4,12,3,348,0,0,0,96,96,99999,0,0,1.25,120.0,0.4,0.4
55,4,13,3,197,0,0,0,210,210,99999,0,0,0.183333,38.49993,0.4,0.4
55,4,14,3,613,0,0,0,5,5,99999,0,0,0.079167,0.395835,0.4,0.4
55,4,15,3,1470,0,0,0,4,4,99999,0,0,0.220833,0.883332,0.4,0.4
55,4,16,3,1670,0,0,0,18,18,99999,0,0,0.52125,9.3825,0.4,0.4
55,4,17,3,1192,0,0,0,10,10,99999,0,0,0.120833,1.20833,0.4,0.4
55,4,18,3,2885,0,0,0,1,1,99999,0,0,0.582083,0.582083,0.4,0.4
55,4,19,3,1071,0,0,0,4,4,99999,0,0,0.0235,0.094,0.4,0.4
55,4,20,3,1506,0,0,0,24,24,99999,0,0,0.300833,7.219992,0.4,0.4
55,4,21,3,198,0,0,0,136,136,99999,0,0,0.554167,75.366712,0.4,0.4
55,4,22,3,2446,0,0,0,11,11,99999,0,0,0.610833,6.719163,0.4,0.4
55,4,23,3,2813,0,0,0,5,5,99999,0,0,0.535,2.675,0.4,0.4
55,4,24,3,2909,0,0,0,6,6,99999,0,0,0.582083,3.492498,0.4,0.4
55,4,25,3,1021,0,0,0,12,12,99999,0,0,0.2425,2.91,0.4,0.4
55,4,26,3,773,0,0,0,1,1,99999,0,0,0.815,0.815,0.4,0.4
55,4,27,3,2878,0,0,0,2,2,99999,0,0,0.582083,1.164166,0.4,0.4
55,4,28,3,2307,0,0,0,111,111,99999,0,0,0.125,13.875,0.4,0.4
55,4,29,3,1794,0,0,0,26,26,99999,0,0,0.283333,7.366658,0.4,0.4
55,4,30,3,963,0,0,0,12,12,99999,0,0,0.2325,2.79,0.4,0.4
55,4,31,3,2493,0,0,0,16,16,99999,0,0,1.185,18.96,0.4,0.4
55,4,32,3,1429,0,0,0,2,2,99999,0,0,0.441667,0.883334,0.4,0.4
55,4,33,3,272,0,0,0,240,240,99999,0,0,0.715833,171.79992,0.4,0.4
55,4,34,3,382,0,0,0,1,1,99999,0,0,2.016667,2.016667,0.4,0.4
55,4,35,3,1850,0,0,0,26,26,99999,0,0,0.396667,10.313342,0.4,0.4
55,4,36,3,417,0,0,0,10,10,99999,0,0,0.291389,2.91389,0.4,0.4
55,4,37,3,2088,0,0,0,2,2,99999,0,0,1.913333,3.826666,0.4,0.4
55,4,38,3,2281,0,0,0,200,200,99999,0,0,0.132083,26.4166,0.4,0.4
55,4,39,3,1346,0,0,0,4,4,99999,0,0,0.431667,1.726668,0.4,0.4
56,4,0,3,2189,0,0,0,47,47,99999,0,0,0.532,25.004,0.4,0.4
56,4,1,3,523,0,0,0,8,8,99999,0,0,5.625,45.0,0.4,0.4
56,4,2,3,1506,0,0,0,1,1,99999,0,0,0.300833,0.300833,0.4,0.4
56,4,3,3,8,0,0,0,552,552,99999,0,0,0.281667,155.480184,0.4,0.4
56,4,4,3,2793,0,0,0,1,1,99999,0,0,0.582083,0.582083,0.4,0.4
56,4,5,3,722,0,0,0,12,12,99999,0,0,0.0346,0.4152,0.4,0.4
56,4,6,3,1135,0,0,0,10,10,99999,0,0,0.066667,0.66667,0.4,0.4
56,4,7,3,1461,0,0,0,20,20,99999,0,0,0.34,6.8,0.4,0.4
56,4,8,3,1982,0,0,0,10,10,99999,0,0,0.3175,3.175,0.4,0.4
56,4,9,3,2794,0,0,0,8,8,99999,0,0,0.535,4.28,0.4,0.4
56,4,10,3,2978,0,0,0,4,4,99999,0,0,0.582083,2.328332,0.4,0.4
56,4,11,3,1244,0,0,0,3,3,99999,0,0,0.6975,2.0925,0.4,0.4
56,4,12,3,581,0,0,0,2,2,99999,0,0,0.13,0.26,0.4,0.4
56,4,13,3,1434,0,0,0,16,16,99999,0,0,0.366667,5.866672,0.4,0.4
56,4,14,3,1909,0,0,0,3,3,99999,0,0,0.202667,0.608001,0.4,0.4
56,4,15,3,317,0,0,0,216,216,99999,0,0,0.653333,141.119928,0.4,0.4
56,4,16,3,33,0,0,0,92,92,99999,0,0,0.6675,61.41,0.4,0.4
56,4,17,3,2335,0,0,0,2,2,99999,0,0,0.392,0.784,0.4,0.4
56,4,18,3,2775,0,0,0,24,24,99999,0,0,0.535,12.84,0.4,0.4
56,4,19,3,1727,0,0,0,2,2,99999,0,0,0.145833,0.291666,0.4,0.4
56,4,20,3,1528,0,0,0,6,6,99999,0,0,0.167083,1.002498,0.4,0.4
56,4,21,3,781,0,0,0,6,6,99999,0,0,0.555556,3.333336,0.4,0.4
56,4,22,3,2898,0,0,0,3,3,99999,0,0,0.582083,1.746249,0.4,0.4
56,4,23,3,19,0,0,0,54,54,99999,0,0,2.17,117.18,0.4,0.4
56,4,24,3,1924,0,0,0,3,3,99999,0,0,0.460833,1.382499,0.4,0.4
56,4,25,3,2091,0,0,0,10,10,99999,0,0,1.822,18.22,0.4,0.4
56,4,26,3,2414,0,0,0,2,2,99999,0,0,1.555,3.11,0.4,0.4
56,4,27,3,1341,0,0,0,3,3,99999,0,0,0.195833,0.587499,0.4,0.4
56,4,28,3,431,0,0,0,3,3,99999,0,0,0.841667,2.525001,0.4,0.4
56,4,29,3,132,0,0,0,48,48,99999,0,0,0.270833,12.999984,0.4,0.4
56,4,30,3,2292,0,0,0,117,117,99999,0,0,0.111667,13.065039,0.4,0.4
56,4,31,3,51,0,0,0,180,180,99999,0,0,0.36,64.8,0.4,0.4
56,4,32,3,749,0,0,0,2,2,99999,0,0,0.6675,1.335,0.4,0.4
56,4,33,3,1809,0,0,0,8,8,99999,0,0,0.12,0.96,0.4,0.4
56,4,34,3,2546,0,0,0,1,1,99999,0,0,0.525,0.525,0.4,0.4
56,4,35,3,797,0,0,0,2,2,99999,0,0,0.673333,1.346666,0.4,0.4
56,4,36,3,2627,0,0,0,9,9,99999,0,0,0.535,4.815,0.4,0.4
56,4,37,3,18,0,0,0,52,52,99999,0,0,0.665417,34.601684,0.4,0.4
56,4,38,3,1237,0,0,0,36,36,99999,0,0,0.65,23.4,0.4,0.4
56,4,39,3,1533,0,0,0,5,5,99999,0,0,0.041667,0.208335,0.4,0.4
57,4,0,3,2223,0,0,0,108,108,99999,0,0,0.25,27.0,0.4,0.4
57,4,1,3,2908,0,0,0,4,4,99999,0,0,0.582083,2.328332,0.4,0.4
57,4,2,3,727,0,0,0,2,2,99999,0,0,3.265,6.53,0.4,0.4
57,4,3,3,544,0,0,0,4,4,99999,0,0,0.339167,1.356668,0.4,0.4
57,4,4,3,315,0,0,0,96,96,99999,0,0,1.608333,154.399968,0.4,0.4
57,4,5,3,1551,0,0,0,36,36,99999,0,0,0.615,22.14,0.4,0.4
57,4,6,3,2420,0,0,0,74,74,99999,0,0,0.069792,5.164608,0.4,0.4
57,4,7,3,2369,0,0,0,3,3,99999,0,0,1.125,3.375,0.4,0.4
57,4,8,3,147,0,0,0,84,84,99999,0,0,1.648333,138.459972,0.4,0.4
57,4,9,3,315,0,0,0,96,96,99999,0,0,1.608333,154.399968,0.4,0.4
57,4,10,3,606,0,0,0,5,5,99999,0,0,0.25,1.25,0.4,0.4
57,4,11,3,2968,0,0,0,5,5,99999,0,0,0.582083,2.910415,0.4,0.4
57,4,12,3,2586,0,0,0,12,12,99999,0,0,0.7475,8.97,0.4,0.4
57,4,13,3,2676,0,0,0,72,72,99999,0,0,0.408583,29.417976,0.4,0.4
57,4,14,3,2917,0,0,0,10,10,99999,0,0,0.535,5.35,0.4,0.4
57,4,15,3,1121,0,0,0,1,1,99999,0,0,0.25,0.25,0.4,0.4
57,4,16,3,8,0,0,0,552,552,99999,0,0,0.281667,155.480184,0.4,0.4
57,4,17,3,1648,0,0,0,6,6,99999,0,0,0.291,1.746,0.4,0.4
57,4,18,3,2679,0,0,0,90,90,99999,0,0,0.408583,36.77247,0.4,0.4
57,4,19,3,1,0,0,0,60,60,99999,0,0,2.218333,133.09998,0.4,0.4
57,4,20,3,1210,0,0,0,9,9,99999,0,0,2.866667,25.800003,0.4,0.4
57,4,21,3,1706,0,0,0,7,7,99999,0,0,0.275833,1.930831,0.4,0.4
57,4,22,3,494,0,0,0,6,6,99999,0,0,1.358333,8.149998,0.4,0.4
57,4,23,3,1252,0,0,0,2,2,99999,0,0,2.087,4.174,0.4,0.4
57,4,24,3,2696,0,0,0,12,12,99999,0,0,0.535,6.42,0.4,0.4
57,4,25,3,833,0,0,0,10,10,99999,0,0,0.265667,2.65667,0.4,0.4
57,4,26,3,2828,0,0,0,229,229,99999,0,0,0.408583,93.565507,0.4,0.4
57,4,27,3,370,0,0,0,192,192,99999,0,0,0.645,123.84,0.4,0.4
57,4,28,3,56,0,0,0,24,24,99999,0,0,1.35,32.4,0.4,0.4
57,4,29,3,254,0,0,0,216,216,99999,0,0,0.7325,158.22,0.4,0.4
57,4,30,3,810,0,0,0,1,1,99999,0,0,1.411333,1.411333,0.4,0.4
57,4,31,3,276,0,0,0,216,216,99999,0,0,0.644167,139.140072,0.4,0.4
57,4,32,3,1908,0,0,0,2,2,99999,0,0,0.248833,0.497666,0.4,0.4
57,4,33,3,11,0,0,0,16,16,99999,0,0,0.677917,10.846672,0.4,0.4
57,4,34,3,1895,0,0,0,2,2,99999,0,0,0.231,0.462,0.4,0.4
57,4,35,3,2505,0,0,0,4,4,99999,0,0,4.9375,19.75,0.4,0.4
57,4,36,3,819,0,0,0,2,2,99999,0,0,0.75,1.5,0.4,0.4
57,4,37,3,165,0,0,0,9,9,99999,0,0,1.125,10.125,0.4,0.4
57,4,38,3,2939,0,0,0,8,8,99999,0,0,0.535,4.28,0.4,0.4
57,4,39,3,1942,0,0,0,4,4,99999,0,0,0.19,0.76,0.4,0.4
58,4,0,3,2496,0,0,0,1,1,99999,0,0,2.026667,2.026667,0.4,0.4
58,4,1,3,1112,0,0,0,25,25,99999,0,0,0.4805,12.0125,0.4,0.4
58,4,2,3,2268,0,0,0,78,78,99999,0,0,0.261667,20.410026,0.4,0.4
58,4,3,3,2554,0,0,0,15,15,99999,0,0,1.666667,25.000005,0.4,0.4
58,4,4,3,1702,0,0,0,51,51,99999,0,0,0.334167,17.042517,0.4,0.4
58,4,5,3,1493,0,0,0,3,3,99999,0,0,0.133333,0.399999,0.4,0.4
58,4,6,3,917,0,0,0,4,4,99999,0,0,1.008333,4.033332,0.4,0.4
58,4,7,3,2806,0,0,0,6,6,99999,0,0,0.408583,2.451498,0.4,0.4
58,4,8,3,635,0,0,0,4,4,99999,0,0,4.7925,19.17,0.4,0.4
58,4,9,3,2052,0,0,0,4,4,99999,0,0,0.906667,3.626668,0.4,0.4
58,4,10,3,1795,0,0,0,3,3,99999,0,0,0.224167,0.672501,0.4,0.4
58,4,11,3,349,0,0,0,240,240,99999,0,0,0.633333,151.99992,0.4,0.4
58,4,12,3,1123,0,0,0,6,6,99999,0,0,0.08375,0.5025,0.4,0.4
58,4,13,3,527,0,0,0,5,5,99999,0,0,0.825,4.125,0.4,0.4
58,4,14,3,104,0,0,0,24,24,99999,0,0,0.517083,12.409992,0.4,0.4
58,4,15,3,2300,0,0,0,2,2,99999,0,0,0.6,1.2,0.4,0.4
58,4,16,3,9,0,0,0,20,20,99999,0,0,0.661667,13.23334,0.4,0.4
58,4,17,3,1098,0,0,0,6,6,99999,0,0,0.096667,0.580002,0.4,0.4
58,4,18,3,868,0,0,0,16,16,99999,0,0,0.825,13.2,0.4,0.4
58,4,19,3,718,0,0,0,2,2,99999,0,0,1.97,3.94,0.4,0.4
58,4,20,3,370,0,0,0,192,192,99999,0,0,0.645,123.84,0.4,0.4
58,4,21,3,1374,0,0,0,13,13,99999,0,0,0.408333,5.308329,0.4,0.4
58,4,22,3,2539,0,0,0,6,6,99999,0,0,3.463333,20.779998,0.4,0.4
58,4,23,3,2928,0,0,0,6,6,99999,0,0,0.582083,3.492498,0.4,0.4
58,4,24,3,2041,0,0,0,9,9,99999,0,0,1.31,11.79,0.4,0.4
58,4,25,3,2436,0,0,0,4,4,99999,0,0,0.358333,1.433332,0.4,0.4
58,4,26,3,1320,0,0,0,40,40,99999,0,0,0.48,19.2,0.4,0.4
58,4,27,3,1229,0,0,0,96,96,99999,0,0,0.109375,10.5,0.4,0.4
58,4,28,3,2324,0,0,0,25,25,99999,0,0,0.095667,2.391675,0.4,0.4
58,4,29,3,2415,0,0,0,2,2,99999,0,0,1.180833,2.361666,0.4,0.4
58,4,30,3,1193,0,0,0,9,9,99999,0,0,0.111708,1.005372,0.4,0.4
58,4,31,3,2156,0,0,0,4,4,99999,0,0,0.4775,1.91,0.4,0.4
58,4,32,3,465,0,0,0,4,4,99999,0,0,0.65,2.6,0.4,0.4
58,4,33,3,568,0,0,0,39,39,99999,0,0,0.517083,20.166237,0.4,0.4
58,4,34,3,13,0,0,0,15,15,99999,0,0,4.8,72.0,0.4,0.4
58,4,35,3,1362,0,0,0,5,5,99999,0,0,0.446667,2.233335,0.4,0.4
58,4,36,3,1527,0,0,0,23,23,99999,0,0,0.408333,9.391659,0.4,0.4
58,4,37,3,2138,0,0,0,6,6,99999,0,0,1.043667,6.262002,0.4,0.4
58,4,38,3,674,0,0,0,3,3,99999,0,0,1.795,5.385,0.4,0.4
58,4,39,3,1484,0,0,0,11,11,99999,0,0,0.175,1.925,0.4,0.4
59,4,0,3,1735,0,0,0,5,5,99999,0,0,0.216767,1.083835,0.4,0.4
59,4,1,3,2824,0,0,0,20,20,99999,0,0,0.535,10.7,0.4,0.4
59,4,2,3,1963,0,0,0,10,10,99999,0,0,0.255,2.55,0.4,0.4
59,4,3,3,2797,0,0,0,13,13,99999,0,0,0.535,6.955,0.4,0.4
59,4,4,3,1,0,0,0,60,60,99999,0,0,2.218333,133.09998,0.4,0.4
59,4,5,3,3007,0,0,0,6,6,99999,0,0,0.582083,3.492498,0.4,0.4
59,4,6,3,204,0,0,0,180,180,99999,0,0,0.648333,116.69994,0.4,0.4
59,4,7,3,1703,0,0,0,7,7,99999,0,0,0.28,1.96,0.4,0.4
59,4,8,3,1586,0,0,0,4,4,99999,0,0,0.261,1.044,0.4,0.4
59,4,9,3,1749,0,0,0,6,6,99999,0,0,0.2625,1.575,0.4,0.4
59,4,10,3,1233,0,0,0,12,12,99999,0,0,0.236111,2.833332,0.4,0.4
59,4,11,3,2608,0,0,0,5,5,99999,0,0,0.582083,2.910415,0.4,0.4
59,4,12,3,2348,0,0,0,4,4,99999,0,0,0.3825,1.53,0.4,0.4
59,4,13,3,1991,0,0,0,12,12,99999,0,0,0.254444,3.053328,0.4,0.4
59,4,14,3,2764,0,0,0,87,87,99999,0,0,0.408583,35.546721,0.4,0.4
59,4,15,3,1451,0,0,0,10,10,99999,0,0,0.166667,1.66667,0.4,0.4
59,4,16,3,370,0,0,0,192,192,99999,0,0,0.645,123.84,0.4,0.4
59,4,17,3,815,0,0,0,2,2,99999,0,0,0.800833,1.601666,0.4,0.4
59,4,18,3,62,0,0,0,792,792,99999,0,0,0.27625,218.79,0.4,0.4
59,4,19,3,1310,0,0,0,72,72,99999,0,0,0.288333,20.759976,0.4,0.4
59,4,20,3,125,0,0,0,552,552,99999,0,0,0.300417,165.830184,0.4,0.4
59,4,21,3,914,0,0,0,5,5,99999,0,0,1.198333,5.991665,0.4,0.4
59,4,22,3,911,0,0,0,6,6,99999,0,0,1.375,8.25,0.4,0.4
59,4,23,3,1479,0,0,0,8,8,99999,0,0,0.1425,1.14,0.4,0.4
59,4,24,3,117,0,0,0,48,48,99999,0,0,0.330417,15.860016,0.4,0.4
59,4,25,3,1033,0,0,0,15,15,99999,0,0,0.056458,0.84687,0.4,0.4
59,4,26,3,1591,0,0,0,22,22,99999,0,0,0.4675,10.285,0.4,0.4
59,4,27,3,1545,0,0,0,9,9,99999,0,0,0.373167,3.358503,0.4,0.4
59,4,28,3,2810,0,0,0,1,1,99999,0,0,0.582083,0.582083,0.4,0.4
59,4,29,3,2677,0,0,0,28,28,99999,0,0,0.408583,11.440324,0.4,0.4
59,4,30,3,2732,0,0,0,8,8,99999,0,0,0.535,4.28,0.4,0.4
59,4,31,3,2063,0,0,0,8,8,99999,0,0,0.653333,5.226664,0.4,0.4
59,4,32,3,2209,0,0,0,30,30,99999,0,0,0.108333,3.24999,0.4,0.4
59,4,33,3,1004,0,0,0,4,4,99999,0,0,0.082667,0.330668,0.4,0.4
59,4,34,3,2210,0,0,0,24,24,99999,0,0,1.138333,27.319992,0.4,0.4
59,4,35,3,1977,0,0,0,5,5,99999,0,0,0.299444,1.49722,0.4,0.4
59,4,36,3,1,0,0,0,60,60,99999,0,0,2.218333,133.09998,0.4,0.4
59,4,37,3,2018,0,0,0,1,1,99999,0,0,1.541667,1.541667,0.4,0.4
59,4,38,3,256,0,0,0,216,216,99999,0,0,0.666667,144.000072,0.4,0.4
59,4,39,3,1342,0,0,0,6,6,99999,0,0,0.2775,1.665,0.4,0.4
60,4,0,3,1453,0,0,0,1,1,99999,0,0,0.183333,0.183333,0.4,0.4
60,4,1,3,126,0,0,0,216,216,99999,0,0,0.332083,71.729928,0.4,0.4
60,4,2,3,1104,0,0,0,4,4,99999,0,0,0.123778,0.495112,0.4,0.4
60,4,3,3,2579,0,0,0,15,15,99999,0,0,1.111667,16.675005,0.4,0.4
60,4,4,3,644,0,0,0,13,13,99999,0,0,0.82,10.66,0.4,0.4
60,4,5,3,1452,0,0,0,12,12,99999,0,0,0.1125,1.35,0.4,0.4
60,4,6,3,146,0,0,0,792,792,99999,0,0,0.274167,217.140264,0.4,0.4
60,4,7,3,2197,0,0,0,6,6,99999,0,0,1.035,6.21,0.4,0.4
60,4,8,3,2066,0,0,0,13,13,99999,0,0,0.25,3.25,0.4,0.4
60,4,9,3,1459,0,0,0,18,18,99999,0,0,0.425,7.65,0.4,0.4
60,4,10,3,2680,0,0,0,18,18,99999,0,0,0.535,9.63,0.4,0.4
60,4,11,3,607,0,0,0,12,12,99999,0,0,0.084167,1.010004,0.4,0.4
60,4,12,3,232,0,0,0,20,20,99999,0,0,5.9,118.0,0.4,0.4
60,4,13,3,1040,0,0,0,3,3,99999,0,0,0.163,0.489,0.4,0.4
60,4,14,3,1828,0,0,0,7,7,99999,0,0,1.105,7.735,0.4,0.4
60,4,15,3,2108,0,0,0,13,13,99999,0,0,0.543125,7.060625,0.4,0.4
60,4,16,3,2728,0,0,0,4,4,99999,0,0,0.582083,2.328332,0.4,0.4
60,4,17,3,2121,0,0,0,2,2,99999,0,0,0.565833,1.131666,0.4,0.4
60,4,18,3,405,0,0,0,5,5,99999,0,0,0.600833,3.004165,0.4,0.4
60,4,19,3,478,0,0,0,4,4,99999,0,0,0.609167,2.436668,0.4,0.4
60,4,20,3,2253,0,0,0,96,96,99999,0,0,0.2675,25.68,0.4,0.4
60,4,21,3,510,0,0,0,12,12,99999,0,0,0.935,11.22,0.4,0.4
60,4,22,3,1690,0,0,0,18,18,99999,0,0,0.445833,8.024994,0.4,0.4
60,4,23,3,245,0,0,0,132,132,99999,0,0,0.255417,33.715044,0.4,0.4
60,4,24,3,1291,0,0,0,60,60,99999,0,0,0.233333,13.99998,0.4,0.4
60,4,25,3,388,0,0,0,3,3,99999,0,0,2.313333,6.939999,0.4,0.4
60,4,26,3,415,0,0,0,5,5,99999,0,0,0.875,4.375,0.4,0.4
60,4,27,3,1323,0,0,0,5,5,99999,0,0,0.5,2.5,0.4,0.4
60,4,28,3,2887,0,0,0,8,8,99999,0,0,0.535,4.28,0.4,0.4
60,4,29,3,346,0,0,0,20,20,99999,0,0,6.4,128.0,0.4,0.4
60,4,30,3,603,0,0,0,1,1,99999,0,0,0.369167,0.369167,0.4,0.4
60,4,31,3,225,0,0,0,24,24,99999,0,0,1.374167,32.980008,0.4,0.4
60,4,32,3,1388,0,0,0,90,90,99999,0,0,0.381,34.29,0.4,0.4
60,4,33,3,2100,0,0,0,2,2,99999,0,0,0.398167,0.796334,0.4,0.4
60,4,34,3,1666,0,0,0,22,22,99999,0,0,0.51375,11.3025,0.4,0.4
60,4,35,3,10,0,0,0,20,20,99999,0,0,1.26,25.2,0.4,0.4
60,4,36,3,413,0,0,0,6,6,99999,0,0,1.141667,6.850002,0.4,0.4
60,4,37,3,1405,0,0,0,24,24,99999,0,0,0.30625,7.35,0.4,0.4
60,4,38,3,1375,0,0,0,45,45,99999,0,0,0.092,4.14,0.4,0.4
60,4,39,3,2486,0,0,0,3,3,99999,0,0,1.583333,4.749999,0.4,0.4
61,4,0,3,317,0,0,0,216,216,99999,0,0,0.653333,141.119928,0.4,0.4
61,4,1,3,590,0,0,0,1,1,99999,0,0,0.369167,0.369167,0.4,0.4
61,4,2,3,599,0,0,0,7,7,99999,0,0,0.08125,0.56875,0.4,0.4
61,4,3,3,1125,0,0,0,12,12,99999,0,0,0.1525,1.83,0.4,0.4
61,4,4,3,2580,0,0,0,5,5,99999,0,0,1.126667,5.633335,0.4,0.4
61,4,5,3,1376,0,0,0,10,10,99999,0,0,0.335,3.35,0.4,0.4
61,4,6,3,1175,0,0,0,3,3,99999,0,0,0.57875,1.73625,0.4,0.4
61,4,7,3,741,0,0,0,15,15,99999,0,0,5.4425,81.6375,0.4,0.4
61,4,8,3,12,0,0,0,144,144,99999,0,0,0.642083,92.459952,0.4,0.4
61,4,9,3,2495,0,0,0,12,12,99999,0,0,2.006667,24.080004,0.4,0.4
61,4,10,3,2994,0,0,0,2,2,99999,0,0,0.582083,1.164166,0.4,0.4
61,4,11,3,2830,0,0,0,96,96,99999,0,0,0.582083,55.879968,0.4,0.4
61,4,12,3,1227,0,0,0,4,4,99999,0,0,3.8575,15.43,0.4,0.4
61,4,13,3,499,0,0,0,7,7,99999,0,0,1.201667,8.411669,0.4,0.4
61,4,14,3,490,0,0,0,3,3,99999,0,0,0.133333,0.399999,0.4,0.4
61,4,15,3,2237,0,0,0,2,2,99999,0,0,0.29125,0.5825,0.4,0.4
61,4,16,3,1265,0,0,0,4,4,99999,0,0,0.166667,0.666668,0.4,0.4
61,4,17,3,1172,0,0,0,9,9,99999,0,0,0.091667,0.825003,0.4,0.4
61,4,18,3,85,0,0,0,468,468,99999,0,0,0.329167,154.050156,0.4,0.4
61,4,19,3,1,0,0,0,60,60,99999,0,0,2.218333,133.09998,0.4,0.4
61,4,20,3,616,0,0,0,3,3,99999,0,0,0.07125,0.21375,0.4,0.4
61,4,21,3,2466,0,0,0,7,7,99999,0,0,0.293367,2.053569,0.4,0.4
61,4,22,3,2547,0,0,0,2,2,99999,0,0,1.025,2.05,0.4,0.4
61,4,23,3,1684,0,0,0,3,3,99999,0,0,0.2,0.6,0.4,0.4
61,4,24,3,1757,0,0,0,4,4,99999,0,0,0.14,0.56,0.4,0.4
61,4,25,3,3029,0,0,0,7,7,99999,0,0,0.535,3.745,0.4,0.4
61,4,26,3,429,0,0,0,38,38,99999,0,0,1.2275,46.645,0.4,0.4
61,4,27,3,651,0,0,0,26,26,99999,0,0,2.136667,55.553342,0.4,0.4
61,4,28,3,578,0,0,0,10,10,99999,0,0,0.075,0.75,0.4,0.4
61,4,29,3,939,0,0,0,6,6,99999,0,0,0.8,4.8,0.4,0.4
61,4,30,3,1309,0,0,0,72,72,99999,0,0,0.288333,20.759976,0.4,0.4
61,4,31,3,656,0,0,0,8,8,99999,0,0,4.765,38.12,0.4,0.4
61,4,32,3,772,0,0,0,3,3,99999,0,0,0.933333,2.799999,0.4,0.4
61,4,33,3,787,0,0,0,2,2,99999,0,0,0.7275,1.455,0.4,0.4
61,4,34,3,1079,0,0,0,6,6,99999,0,0,1.69,10.14,0.4,0.4
61,4,35,3,2240,0,0,0,76,76,99999,0,0,0.279167,21.216692,0.4,0.4
61,4,36,3,1154,0,0,0,24,24,99999,0,0,0.1675,4.02,0.4,0.4
61,4,37,3,1642,0,0,0,4,4,99999,0,0,0.141667,0.566668,0.4,0.4
61,4,38,3,2037,0,0,0,15,15,99999,0,0,1.25,18.75,0.4,0.4
61,4,39,3,1950,0,0,0,3,3,99999,0,0,0.554,1.662,0.4,0.4
62,4,0,3,2047,0,0,0,2,2,99999,0,0,0.8,1.6,0.4,0.4
62,4,1,3,2112,0,0,0,27,27,99999,0,0,0.477778,12.900006,0.4,0.4
62,4,2,3,2807,0,0,0,6,6,99999,0,0,0.408583,2.451498,0.4,0.4
62,4,3,3,33,0,0,0,192,192,99999,0,0,0.6675,128.16,0.4,0.4
62,4,4,3,2545,0,0,0,3,3,99999,0,0,1.0225,3.0675,0.4,0.4
62,4,5,3,1550,0,0,0,39,39,99999,0,0,0.454,17.706,0.4,0.4
62,4,6,3,2849,0,0,0,252,252,99999,0,0,0.408583,102.962916,0.4,0.4
62,4,7,3,2306,0,0,0,132,132,99999,0,0,0.141667,18.700044,0.4,0.4
62,4,8,3,2808,0,0,0,6,6,99999,0,0,0.408583,2.451498,0.4,0.4
62,4,9,3,2142,0,0,0,7,7,99999,0,0,1.668333,11.678331,0.4,0.4
62,4,10,3,1506,0,0,0,24,24,99999,0,0,0.300833,7.219992,0.4,0.4
62,4,11,3,2744,0,0,0,15,15,99999,0,0,0.582083,8.731245,0.4,0.4
62,4,12,3,1962,0,0,0,7,7,99999,0,0,0.73,5.11,0.4,0.4
62,4,13,3,470,0,0,0,6,6,99999,0,0,1.020833,6.124998,0.4,0.4
62,4,14,3,1723,0,0,0,4,4,99999,0,0,0.354,1.416,0.4,0.4
62,4,15,3,1891,0,0,0,5,5,99999,0,0,0.2,1.0,0.4,0.4
62,4,16,3,1725,0,0,0,7,7,99999,0,0,0.14425,1.00975,0.4,0.4
62,4,17,3,2327,0,0,0,84,84,99999,0,0,0.158333,13.299972,0.4,0.4
62,4,18,3,60,0,0,0,276,276,99999,0,0,0.3675,101.43,0.4,0.4
62,4,19,3,21,0,0,0,12,12,99999,0,0,0.918333,11.019996,0.4,0.4
62,4,20,3,1923,0,0,0,7,7,99999,0,0,0.2,1.4,0.4,0.4
62,4,21,3,229,0,0,0,63,63,99999,0,0,1.330833,83.842479,0.4,0.4
62,4,22,3,2016,0,0,0,1,1,99999,0,0,0.116667,0.116667,0.4,0.4
62,4,23,3,433,0,0,0,12,12,99999,0,0,0.576167,6.914004,0.4,0.4
62,4,24,3,661,0,0,0,5,5,99999,0,0,1.793333,8.966665,0.4,0.4
62,4,25,3,1116,0,0,0,2,2,99999,0,0,0.097292,0.194584,0.4,0.4
62,4,26,3,1804,0,0,0,3,3,99999,0,0,0.316667,0.950001,0.4,0.4
62,4,27,3,350,0,0,0,8,8,99999,0,0,0.8,6.4,0.4,0.4
62,4,28,3,639,0,0,0,22,22,99999,0,0,1.741667,38.316674,0.4,0.4
62,4,29,3,385,0,0,0,4,4,99999,0,0,2.295,9.18,0.4,0.4
62,4,30,3,1607,0,0,0,15,15,99999,0,0,0.4726,7.089,0.4,0.4
62,4,31,3,3038,0,0,0,2,2,99999,0,0,0.582083,1.164166,0.4,0.4
62,4,32,3,1492,0,0,0,4,4,99999,0,0,0.116667,0.466668,0.4,0.4
62,4,33,3,1758,0,0,0,6,6,99999,0,0,0.127,0.762,0.4,0.4
62,4,34,3,1445,0,0,0,2,2,99999,0,0,0.089167,0.178334,0.4,0.4
62,4,35,3,505,0,0,0,2,2,99999,0,0,2.233333,4.466666,0.4,0.4
62,4,36,3,80,0,0,0,7,7,99999,0,0,1.106667,7.746669,0.4,0.4
62,4,37,3,2792,0,0,0,21,21,99999,0,0,0.535,11.235,0.4,0.4
62,4,38,3,17,0,0,0,282,282,99999,0,0,0.372917,105.162594,0.4,0.4
62,4,39,3,1185,0,0,0,15,15,99999,0,0,0.127917,1.918755,0.4,0.4
63,4,0,3,1292,0,0,0,24,24,99999,0,0,0.285833,6.859992,0.4,0.4
63,4,1,3,1336,0,0,0,25,25,99999,0,0,0.175,4.375,0.4,0.4
63,4,2,3,419,0,0,0,3,3,99999,0,0,0.639167,1.917501,0.4,0.4
63,4,3,3,2931,0,0,0,8,8,99999,0,0,0.535,4.28,0.4,0.4
63,4,4,3,2113,0,0,0,2,2,99999,0,0,0.5,1.0,0.4,0.4
63,4,5,3,1929,0,0,0,5,5,99999,0,0,0.2,1.0,0.4,0.4
63,4,6,3,329,0,0,0,24,24,99999,0,0,5.345,128.28,0.4,0.4
63,4,7,3,7,0,0,0,60,60,99999,0,0,2.086667,125.20002,0.4,0.4
63,4,8,3,2133,0,0,0,16,16,99999,0,0,3.225,51.6,0.4,0.4
63,4,9,3,980,0,0,0,4,4,99999,0,0,0.139167,0.556668,0.4,0.4
63,4,10,3,84,0,0,0,92,92,99999,0,0,0.495,45.54,0.4,0.4
63,4,11,3,140,0,0,0,54,54,99999,0,0,0.28375,15.3225,0.4,0.4
63,4,12,3,2402,0,0,0,8,8,99999,0,0,0.571875,4.575,0.4,0.4
63,4,13,3,1862,0,0,0,6,6,99999,0,0,0.31625,1.8975,0.4,0.4
63,4,14,3,38,0,0,0,450,450,99999,0,0,0.38625,173.8125,0.4,0.4
63,4,15,3,1,0,0,0,60,60,99999,0,0,2.218333,133.09998,0.4,0.4
63,4,16,3,37,0,0,0,14,14,99999,0,0,2.171667,30.403338,0.4,0.4
63,4,17,3,1967,0,0,0,9,9,99999,0,0,0.171,1.539,0.4,0.4
63,4,18,3,1677,0,0,0,32,32,99999,0,0,0.5225,16.72,0.4,0.4
63,4,19,3,2605,0,0,0,4,4,99999,0,0,0.535,2.14,0.4,0.4
63,4,20,3,1918,0,0,0,11,11,99999,0,0,0.226,2.486,0.4,0.4
63,4,21,3,2704,0,0,0,159,159,99999,0,0,0.408583,64.964697,0.4,0.4
63,4,22,3,1357,0,0,0,7,7,99999,0,0,0.293333,2.053331,0.4,0.4
63,4,23,3,2206,0,0,0,20,20,99999,0,0,0.066667,1.33334,0.4,0.4
63,4,24,3,1205,0,0,0,8,8,99999,0,0,1.3975,11.18,0.4,0.4
63,4,25,3,1969,0,0,0,12,12,99999,0,0,0.2125,2.55,0.4,0.4
63,4,26,3,624,0,0,0,28,28,99999,0,0,4.6875,131.25,0.4,0.4
63,4,27,3,1220,0,0,0,6,6,99999,0,0,0.8125,4.875,0.4,0.4
63,4,28,3,1,0,0,0,60,60,99999,0,0,2.218333,133.09998,0.4,0.4
63,4,29,3,282,0,0,0,66,66,99999,0,0,0.375,24.75,0.4,0.4
63,4,30,3,2512,0,0,0,4,4,99999,0,0,1.4975,5.99,0.4,0.4
63,4,31,3,2894,0,0,0,4,4,99999,0,0,0.582083,2.328332,0.4,0.4
63,4,32,3,1177,0,0,0,33,33,99999,0,0,0.195625,6.455625,0.4,0.4
63,4,33,3,1261,0,0,0,4,4,99999,0,0,0.448333,1.793332,0.4,0.4
63,4,34,3,2339,0,0,0,3,3,99999,0,0,0.3,0.9,0.4,0.4
63,4,35,3,1434,0,0,0,24,24,99999,0,0,0.366667,8.800008,0.4,0.4
63,4,36,3,598,0,0,0,3,3,99999,0,0,0.616667,1.850001,0.4,0.4
63,4,37,3,2283,0,0,0,156,156,99999,0,0,0.141667,22.100052,0.4,0.4
63,4,38,3,653,0,0,0,2,2,99999,0,0,3.9,7.8,0.4,0.4
63,4,39,3,2360,0,0,0,16,16,99999,0,0,0.134375,2.15,0.4,0.4
64,4,0,3,373,0,0,0,5,5,99999,0,0,1.028333,5.141665,0.4,0.4
64,4,1,3,1228,0,0,0,4,4,99999,0,0,2.9425,11.77,0.4,0.4
64,4,2,3,2850,0,0,0,60,60,99999,0,0,0.535,32.1,0.4,0.4
64,4,3,3,1777,0,0,0,17,17,99999,0,0,0.076667,1.303339,0.4,0.4
64,4,4,3,1229,0,0,0,96,96,99999,0,0,0.109375,10.5,0.4,0.4
64,4,5,3,238,0,0,0,528,528,99999,0,0,0.408333,215.599824,0.4,0.4
64,4,6,3,1876,0,0,0,10,10,99999,0,0,0.198333,1.98333,0.4,0.4
64,4,7,3,2598,0,0,0,18,18,99999,0,0,0.342708,6.168744,0.4,0.4
64,4,8,3,1165,0,0,0,6,6,99999,0,0,0.113,0.678,0.4,0.4
64,4,9,3,2158,0,0,0,6,6,99999,0,0,0.291667,1.750002,0.4,0.4
64,4,10,3,1148,0,0,0,3,3,99999,0,0,0.3,0.9,0.4,0.4
64,4,11,3,1434,0,0,0,24,24,99999,0,0,0.366667,8.800008,0.4,0.4
64,4,12,3,262,0,0,0,216,216,99999,0,0,0.603333,130.319928,0.4,0.4
64,4,13,3,904,0,0,0,10,10,99999,0,0,1.221667,12.21667,0.4,0.4
64,4,14,3,1131,0,0,0,6,6,99999,0,0,0.151667,0.910002,0.4,0.4
64,4,15,3,2166,0,0,0,6,6,99999,0,0,0.729167,4.375002,0.4,0.4
64,4,16,3,1966,0,0,0,30,30,99999,0,0,0.248333,7.44999,0.4,0.4
64,4,17,3,315,0,0,0,96,96,99999,0,0,1.608333,154.399968,0.4,0.4
64,4,18,3,2136,0,0,0,12,12,99999,0,0,2.0,24.0,0.4,0.4
64,4,19,3,306,0,0,0,216,216,99999,0,0,0.579583,125.189928,0.4,0.4
64,4,20,3,309,0,0,0,342,342,99999,0,0,0.274167,93.765114,0.4,0.4
64,4,21,3,350,0,0,0,180,180,99999,0,0,0.8,144.0,0.4,0.4
64,4,22,3,1108,0,0,0,1,1,99999,0,0,0.446417,0.446417,0.4,0.4
64,4,23,3,1310,0,0,0,29,29,99999,0,0,0.288333,8.361657,0.4,0.4
64,4,24,3,998,0,0,0,10,10,99999,0,0,0.2,2.0,0.4,0.4
64,4,25,3,926,0,0,0,4,4,99999,0,0,0.796667,3.186668,0.4,0.4
64,4,26,3,829,0,0,0,1,1,99999,0,0,0.181667,0.181667,0.4,0.4
64,4,27,3,2356,0,0,0,2,2,99999,0,0,0.394,0.788,0.4,0.4
64,4,28,3,2573,0,0,0,2,2,99999,0,0,1.955,3.91,0.4,0.4
64,4,29,3,2058,0,0,0,10,10,99999,0,0,0.641667,6.41667,0.4,0.4
64,4,30,3,73,0,0,0,168,168,99999,0,0,0.226667,38.080056,0.4,0.4
64,4,31,3,2363,0,0,0,5,5,99999,0,0,0.276667,1.383335,0.4,0.4
64,4,32,3,236,0,0,0,564,564,99999,0,0,0.275833,155.569812,0.4,0.4
64,4,33,3,144,0,0,0,216,216,99999,0,0,0.668333,144.359928,0.4,0.4
64,4,34,3,2111,0,0,0,2,2,99999,0,0,0.473333,0.946666,0.4,0.4
64,4,35,3,147,0,0,0,84,84,99999,0,0,1.648333,138.459972,0.4,0.4
64,4,36,3,1093,0,0,0,5,5,99999,0,0,0.591667,2.958335,0.4,0.4
64,4,37,3,3041,0,0,0,12,12,99999,0,0,0.535,6.42,0.4,0.4
64,4,38,3,1760,0,0,0,16,16,99999,0,0,0.2285,3.656,0.4,0.4
64,4,39,3,2177,0,0,0,8,8,99999,0,0,0.356667,2.853336,0.4,0.4
65,4,0,3,1971,0,0,0,90,90,99999,0,0,0.056667,5.10003,0.4,0.4
65,4,1,3,2700,0,0,0,17,17,99999,0,0,0.408583,6.945911,0.4,0.4
65,4,2,3,23,0,0,0,28,28,99999,0,0,0.65,18.2,0.4,0.4
65,4,3,3,2703,0,0,0,9,9,99999,0,0,0.582083,5.238747,0.4,0.4
65,4,4,3,1459,0,0,0,18,18,99999,0,0,0.425,7.65,0.4,0.4
65,4,5,3,2012,0,0,0,7,7,99999,0,0,0.130833,0.915831,0.4,0.4
65,4,6,3,2187,0,0,0,4,4,99999,0,0,1.05,4.2,0.4,0.4
65,4,7,3,2352,0,0,0,3,3,99999,0,0,0.3825,1.1475,0.4,0.4
65,4,8,3,1354,0,0,0,2,2,99999,0,0,0.277,0.554,0.4,0.4
65,4,9,3,740,0,0,0,5,5,99999,0,0,1.783333,8.916665,0.4,0.4
65,4,10,3,263,0,0,0,24,24,99999,0,0,0.650833,15.619992,0.4,0.4
65,4,11,3,2588,0,0,0,20,20,99999,0,0,1.3325,26.65,0.4,0.4
65,4,12,3,243,0,0,0,72,72,99999,0,0,0.331667,23.880024,0.4,0.4
65,4,13,3,552,0,0,0,3,3,99999,0,0,0.075,0.225,0.4,0.4
65,4,14,3,1661,0,0,0,12,12,99999,0,0,0.321667,3.860004,0.4,0.4
65,4,15,3,100,0,0,0,15,15,99999,0,0,0.42,6.3,0.4,0.4
65,4,16,3,2735,0,0,0,4,4,99999,0,0,0.582083,2.328332,0.4,0.4
65,4,17,3,389,0,0,0,4,4,99999,0,0,1.966667,7.866668,0.4,0.4
65,4,18,3,83,0,0,0,2,2,99999,0,0,1.127,2.254,0.4,0.4
65,4,19,3,2276,0,0,0,150,150,99999,0,0,0.108333,16.24995,0.4,0.4
65,4,20,3,923,0,0,0,2,2,99999,0,0,1.193333,2.386666,0.4,0.4
65,4,21,3,150,0,0,0,8,8,99999,0,0,0.677917,5.423336,0.4,0.4
65,4,22,3,2557,0,0,0,43,43,99999,0,0,2.53,108.79,0.4,0.4
65,4,23,3,2803,0,0,0,27,27,99999,0,0,0.535,14.445,0.4,0.4
65,4,24,3,940,0,0,0,1,1,99999,0,0,0.701667,0.701667,0.4,0.4
65,4,25,3,1513,0,0,0,8,8,99999,0,0,0.218333,1.746664,0.4,0.4
65,4,26,3,2946,0,0,0,4,4,99999,0,0,0.582083,2.328332,0.4,0.4
65,4,27,3,1815,0,0,0,1,1,99999,0,0,0.081667,0.081667,0.4,0.4
65,4,28,3,601,0,0,0,1,1,99999,0,0,0.136667,0.136667,0.4,0.4
65,4,29,3,1032,0,0,0,1,1,99999,0,0,0.158333,0.158333,0.4,0.4
65,4,30,3,1562,0,0,0,24,24,99999,0,0,0.468,11.232,0.4,0.4
65,4,31,3,438,0,0,0,5,5,99999,0,0,0.416667,2.083335,0.4,0.4
65,4,32,3,2265,0,0,0,30,30,99999,0,0,0.092667,2.78001,0.4,0.4
65,4,33,3,2866,0,0,0,222,222,99999,0,0,0.408583,90.705426,0.4,0.4
65,4,34,3,2007,0,0,0,7,7,99999,0,0,0.431667,3.021669,0.4,0.4
65,4,35,3,1147,0,0,0,2,2,99999,0,0,0.116667,0.233334,0.4,0.4
65,4,36,3,1606,0,0,0,6,6,99999,0,0,0.326667,1.960002,0.4,0.4
65,4,37,3,77,0,0,0,102,102,99999,0,0,0.224167,22.865034,0.4,0.4
65,4,38,3,2901,0,0,0,5,5,99999,0,0,0.582083,2.910415,0.4,0.4
65,4,39,3,1475,0,0,0,8,8,99999,0,0,0.465,3.72,0.4,0.4
66,4,0,3,1838,0,0,0,3,3,99999,0,0,0.178,0.534,0.4,0.4
66,4,1,3,447,0,0,0,4,4,99999,0,0,0.624167,2.496668,0.4,0.4
66,4,2,3,2565,0,0,0,8,8,99999,0,0,1.375,11.0,0.4,0.4
66,4,3,3,1569,0,0,0,12,12,99999,0,0,0.065417,0.785004,0.4,0.4
66,4,4,3,994,0,0,0,2,2,99999,0,0,0.15,0.3,0.4,0.4
66,4,5,3,2544,0,0,0,6,6,99999,0,0,1.023333,6.139998,0.4,0.4
66,4,6,3,1050,0,0,0,2,2,99999,0,0,0.124167,0.248334,0.4,0.4
66,4,7,3,1894,0,0,0,4,4,99999,0,0,0.229,0.916,0.4,0.4
66,4,8,3,2871,0,0,0,7,7,99999,0,0,0.535,3.745,0.4,0.4
66,4,9,3,1340,0,0,0,10,10,99999,0,0,0.1505,1.505,0.4,0.4
66,4,10,3,1399,0,0,0,22,22,99999,0,0,0.088333,1.943326,0.4,0.4
66,4,11,3,2008,0,0,0,7,7,99999,0,0,0.496667,3.476669,0.4,0.4
66,4,12,3,1042,0,0,0,4,4,99999,0,0,0.183275,0.7331,0.4,0.4
66,4,13,3,1229,0,0,0,96,96,99999,0,0,0.109375,10.5,0.4,0.4
66,4,14,3,2196,0,0,0,3,3,99999,0,0,1.905,5.715,0.4,0.4
66,4,15,3,2484,0,0,0,24,24,99999,0,0,2.385,57.24,0.4,0.4
66,4,16,3,1360,0,0,0,5,5,99999,0,0,0.1775,0.8875,0.4,0.4
66,4,17,3,704,0,0,0,1,1,99999,0,0,2.478333,2.478333,0.4,0.4
66,4,18,3,764,0,0,0,4,4,99999,0,0,1.008333,4.033332,0.4,0.4
66,4,19,3,1212,0,0,0,4,4,99999,0,0,0.833333,3.333332,0.4,0.4
66,4,20,3,943,0,0,0,5,5,99999,0,0,1.05,5.25,0.4,0.4
66,4,21,3,2036,0,0,0,3,3,99999,0,0,0.878333,2.634999,0.4,0.4
66,4,22,3,1842,0,0,0,14,14,99999,0,0,0.853,11.942,0.4,0.4
66,4,23,3,1563,0,0,0,41,41,99999,0,0,0.381667,15.648347,0.4,0.4
66,4,24,3,1765,0,0,0,10,10,99999,0,0,0.103,1.03,0.4,0.4
66,4,25,3,1297,0,0,0,6,6,99999,0,0,0.266667,1.600002,0.4,0.4
66,4,26,3,1106,0,0,0,3,3,99999,0,0,0.213889,0.641667,0.4,0.4
66,4,27,3,176,0,0,0,4,4,99999,0,0,3.385,13.54,0.4,0.4
66,4,28,3,322,0,0,0,160,160,99999,0,0,0.757,121.12,0.4,0.4
66,4,29,3,474,0,0,0,2,2,99999,0,0,0.916,1.832,0.4,0.4
66,4,30,3,1215,0,0,0,2,2,99999,0,0,1.07,2.14,0.4,0.4
66,4,31,3,2220,0,0,0,81,81,99999,0,0,0.248333,20.114973,0.4,0.4
66,4,32,3,1687,0,0,0,8,8,99999,0,0,0.23375,1.87,0.4,0.4
66,4,33,3,533,0,0,0,3,3,99999,0,0,1.16,3.48,0.4,0.4
66,4,34,3,362,0,0,0,48,48,99999,0,0,0.425,20.4,0.4,0.4
66,4,35,3,1229,0,0,0,96,96,99999,0,0,0.109375,10.5,0.4,0.4
66,4,36,3,2253,0,0,0,96,96,99999,0,0,0.2675,25.68,0.4,0.4
66,4,37,3,359,0,0,0,216,216,99999,0,0,0.552917,119.430072,0.4,0.4
66,4,38,3,685,0,0,0,24,24,99999,0,0,3.4,81.6,0.4,0.4
66,4,39,3,3042,0,0,0,1,1,99999,0,0,0.582083,0.582083,0.4,0.4
67,4,0,3,1960,0,0,0,4,4,99999,0,0,0.4865,1.946,0.4,0.4
67,4,1,3,1548,0,0,0,46,46,99999,0,0,0.454,20.884,0.4,0.4
67,4,2,3,1672,0,0,0,39,39,99999,0,0,0.3725,14.5275,0.4,0.4
67,4,3,3,2295,0,0,0,70,70,99999,0,0,0.13925,9.7475,0.4,0.4
67,4,4,3,2722,0,0,0,4,4,99999,0,0,0.582083,2.328332,0.4,0.4
67,4,5,3,119,0,0,0,144,144,99999,0,0,0.420417,60.540048,0.4,0.4
67,4,6,3,1409,0,0,0,21,21,99999,0,0,0.408333,8.574993,0.4,0.4
67,4,7,3,350,0,0,0,180,180,99999,0,0,0.8,144.0,0.4,0.4
67,4,8,3,386,0,0,0,4,4,99999,0,0,1.966333,7.865332,0.4,0.4
67,4,9,3,691,0,0,0,24,24,99999,0,0,4.475,107.4,0.4,0.4
67,4,10,3,1580,0,0,0,15,15,99999,0,0,0.301111,4.516665,0.4,0.4
67,4,11,3,2293,0,0,0,100,100,99999,0,0,0.110333,11.0333,0.4,0.4
67,4,12,3,486,0,0,0,4,4,99999,0,0,0.383333,1.533332,0.4,0.4
67,4,13,3,2070,0,0,0,12,12,99999,0,0,0.45525,5.463,0.4,0.4
67,4,14,3,2808,0,0,0,6,6,99999,0,0,0.408583,2.451498,0.4,0.4
67,4,15,3,1784,0,0,0,3,3,99999,0,0,0.104,0.312,0.4,0.4
67,4,16,3,279,0,0,0,564,564,99999,0,0,0.276667,156.040188,0.4,0.4
67,4,17,3,1901,0,0,0,6,6,99999,0,0,0.195,1.17,0.4,0.4
67,4,18,3,1532,0,0,0,10,10,99999,0,0,0.241667,2.41667,0.4,0.4
67,4,19,3,349,0,0,0,240,240,99999,0,0,0.633333,151.99992,0.4,0.4
67,4,20,3,1167,0,0,0,9,9,99999,0,0,0.165417,1.488753,0.4,0.4
67,4,21,3,2098,0,0,0,5,5,99999,0,0,0.518083,2.590415,0.4,0.4
67,4,22,3,2343,0,0,0,3,3,99999,0,0,0.312083,0.936249,0.4,0.4
67,4,23,3,2114,0,0,0,3,3,99999,0,0,0.455556,1.366668,0.4,0.4
67,4,24,3,1613,0,0,0,5,5,99999,0,0,0.2125,1.0625,0.4,0.4
67,4,25,3,958,0,0,0,3,3,99999,0,0,0.7,2.1,0.4,0.4
67,4,26,3,1443,0,0,0,96,96,99999,0,0,0.117083,11.239968,0.4,0.4
67,4,27,3,1196,0,0,0,12,12,99999,0,0,0.173333,2.079996,0.4,0.4
67,4,28,3,2654,0,0,0,1,1,99999,0,0,0.582083,0.582083,0.4,0.4
67,4,29,3,681,0,0,0,9,9,99999,0,0,1.765,15.885,0.4,0.4
67,4,30,3,2345,0,0,0,10,10,99999,0,0,0.320833,3.20833,0.4,0.4
67,4,31,3,1837,0,0,0,11,11,99999,0,0,0.29,3.19,0.4,0.4
67,4,32,3,238,0,0,0,510,510,99999,0,0,0.408333,208.24983,0.4,0.4
67,4,33,3,1434,0,0,0,24,24,99999,0,0,0.366667,8.800008,0.4,0.4
67,4,34,3,1318,0,0,0,22,22,99999,0,0,0.49,10.78,0.4,0.4
67,4,35,3,2572,0,0,0,3,3,99999,0,0,0.589167,1.767501,0.4,0.4
67,4,36,3,1824,0,0,0,8,8,99999,0,0,0.77,6.16,0.4,0.4
67,4,37,3,2812,0,0,0,5,5,99999,0,0,0.582083,2.910415,0.4,0.4
67,4,38,3,2239,0,0,0,144,144,99999,0,0,0.15,21.6,0.4,0.4
67,4,39,3,2011,0,0,0,1,1,99999,0,0,0.288889,0.288889,0.4,0.4
68,4,0,3,562,0,0,0,3,3,99999,0,0,0.0568,0.1704,0.4,0.4
68,4,1,3,156,0,0,0,84,84,99999,0,0,1.6025,134.61,0.4,0.4
68,4,2,3,2661,0,0,0,18,18,99999,0,0,0.582083,10.477494,0.4,0.4
68,4,3,3,2284,0,0,0,96,96,99999,0,0,0.175833,16.879968,0.4,0.4
68,4,4,3,2638,0,0,0,2,2,99999,0,0,0.582083,1.164166,0.4,0.4
68,4,5,3,1273,0,0,0,2,2,99999,0,0,7.7,15.4,0.4,0.4
68,4,6,3,619,0,0,0,7,7,99999,0,0,0.708333,4.958331,0.4,0.4
68,4,7,3,1873,0,0,0,4,4,99999,0,0,0.139167,0.556668,0.4,0.4
68,4,8,3,1133,0,0,0,14,14,99999,0,0,0.096111,1.345554,0.4,0.4
68,4,9,3,2807,0,0,0,6,6,99999,0,0,0.408583,2.451498,0.4,0.4
68,4,10,3,467,0,0,0,7,7,99999,0,0,0.65,4.55,0.4,0.4
68,4,11,3,1105,0,0,0,2,2,99999,0,0,0.233333,0.466666,0.4,0.4
68,4,12,3,1102,0,0,0,1,1,99999,0,0,0.13125,0.13125,0.4,0.4
68,4,13,3,138,0,0,0,342,342,99999,0,0,0.205667,70.338114,0.4,0.4
68,4,14,3,2069,0,0,0,4,4,99999,0,0,0.164,0.656,0.4,0.4
68,4,15,3,1209,0,0,0,10,10,99999,0,0,2.283333,22.83333,0.4,0.4
68,4,16,3,2202,0,0,0,36,36,99999,0,0,0.27,9.72,0.4,0.4
68,4,17,3,901,0,0,0,6,6,99999,0,0,1.1,6.6,0.4,0.4
68,4,18,3,22,0,0,0,552,552,99999,0,0,0.282917,156.170184,0.4,0.4
68,4,19,3,1090,0,0,0,4,4,99999,0,0,1.833333,7.333332,0.4,0.4
68,4,20,3,624,0,0,0,3,3,99999,0,0,4.6875,14.0625,0.4,0.4
68,4,21,3,776,0,0,0,2,2,99999,0,0,0.9,1.8,0.4,0.4
68,4,22,3,1713,0,0,0,4,4,99999,0,0,0.337,1.348,0.4,0.4
68,4,23,3,127,0,0,0,90,90,99999,0,0,0.30125,27.1125,0.4,0.4
68,4,24,3,817,0,0,0,1,1,99999,0,0,0.816667,0.816667,0.4,0.4
68,4,25,3,2712,0,0,0,4,4,99999,0,0,0.582083,2.328332,0.4,0.4
68,4,26,3,458,0,0,0,24,24,99999,0,0,0.637917,15.310008,0.4,0.4
68,4,27,3,374,0,0,0,12,12,99999,0,0,1.0675,12.81,0.4,0.4
68,4,28,3,865,0,0,0,2,2,99999,0,0,0.63,1.26,0.4,0.4
68,4,29,3,2438,0,0,0,41,41,99999,0,0,1.0175,41.7175,0.4,0.4
68,4,30,3,686,0,0,0,24,24,99999,0,0,3.2,76.8,0.4,0.4
68,4,31,3,340,0,0,0,22,22,99999,0,0,5.575,122.65,0.4,0.4
68,4,32,3,440,0,0,0,4,4,99999,0,0,0.2525,1.01,0.4,0.4
68,4,33,3,1228,0,0,0,4,4,99999,0,0,2.9425,11.77,0.4,0.4
68,4,34,3,1683,0,0,0,12,12,99999,0,0,0.50875,6.105,0.4,0.4
68,4,35,3,1144,0,0,0,12,12,99999,0,0,0.125,1.5,0.4,0.4
68,4,36,3,1943,0,0,0,1,1,99999,0,0,0.366667,0.366667,0.4,0.4
68,4,37,3,2819,0,0,0,2,2,99999,0,0,0.582083,1.164166,0.4,0.4
68,4,38,3,3013,0,0,0,20,20,99999,0,0,0.535,10.7,0.4,0.4
68,4,39,3,632,0,0,0,3,3,99999,0,0,4.7175,14.1525,0.4,0.4
69,4,0,3,1892,0,0,0,5,5,99999,0,0,0.46,2.3,0.4,0.4
69,4,1,3,1319,0,0,0,24,24,99999,0,0,0.178333,4.279992,0.4,0.4
69,4,2,3,172,0,0,0,8,8,99999,0,0,0.396583,3.172664,0.4,0.4
69,4,3,3,124,0,0,0,138,138,99999,0,0,0.267917,36.972546,0.4,0.4
69,4,4,3,1056,0,0,0,4,4,99999,0,0,0.108333,0.433332,0.4,0.4
69,4,5,3,1507,0,0,0,24,24,99999,0,0,0.3075,7.38,0.4,0.4
69,4,6,3,246,0,0,0,52,52,99999,0,0,0.644167,33.496684,0.4,0.4
69,4,7,3,1198,0,0,0,4,4,99999,0,0,0.084167,0.336668,0.4,0.4
69,4,8,3,1637,0,0,0,70,70,99999,0,0,0.333,23.31,0.4,0.4
69,4,9,3,2255,0,0,0,128,128,99999,0,0,0.125,16.0,0.4,0.4
69,4,10,3,287,0,0,0,56,56,99999,0,0,0.640417,35.863352,0.4,0.4
69,4,11,3,889,0,0,0,5,5,99999,0,0,1.167667,5.838335,0.4,0.4
69,4,12,3,2522,0,0,0,1,1,99999,0,0,0.85,0.85,0.4,0.4
69,4,13,3,2421,0,0,0,40,40,99999,0,0,0.063125,2.525,0.4,0.4
69,4,14,3,334,0,0,0,360,360,99999,0,0,0.383333,137.99988,0.4,0.4
69,4,15,3,2267,0,0,0,126,126,99999,0,0,0.238333,30.029958,0.4,0.4
69,4,16,3,2473,0,0,0,5,5,99999,0,0,0.275,1.375,0.4,0.4
69,4,17,3,688,0,0,0,48,48,99999,0,0,2.06,98.88,0.4,0.4
69,4,18,3,960,0,0,0,9,9,99999,0,0,0.233333,2.099997,0.4,0.4
69,4,19,3,1694,0,0,0,34,34,99999,0,0,0.341667,11.616678,0.4,0.4
69,4,20,3,2823,0,0,0,12,12,99999,0,0,0.535,6.42,0.4,0.4
69,4,21,3,2956,0,0,0,4,4,99999,0,0,0.582083,2.328332,0.4,0.4
69,4,22,3,325,0,0,0,120,120,99999,0,0,0.63125,75.75,0.4,0.4
69,4,23,3,1514,0,0,0,25,25,99999,0,0,0.185,4.625,0.4,0.4
69,4,24,3,1241,0,0,0,24,24,99999,0,0,0.21375,5.13,0.4,0.4
69,4,25,3,2333,0,0,0,5,5,99999,0,0,2.086667,10.433335,0.4,0.4
69,4,26,3,152,0,0,0,36,36,99999,0,0,0.995833,35.849988,0.4,0.4
69,4,27,3,2844,0,0,0,192,192,99999,0,0,0.535,102.72,0.4,0.4
69,4,28,3,1396,0,0,0,16,16,99999,0,0,0.315833,5.053328,0.4,0.4
69,4,29,3,1728,0,0,0,7,7,99999,0,0,0.139333,0.975331,0.4,0.4
69,4,30,3,1446,0,0,0,5,5,99999,0,0,0.183333,0.916665,0.4,0.4
69,4,31,3,6,0,0,0,24,24,99999,0,0,1.345,32.28,0.4,0.4
69,4,32,3,2132,0,0,0,11,11,99999,0,0,1.991667,21.908337,0.4,0.4
69,4,33,3,1230,0,0,0,96,96,99999,0,0,0.115625,11.1,0.4,0.4
69,4,34,3,3016,0,0,0,9,9,99999,0,0,0.582083,5.238747,0.4,0.4
69,4,35,3,259,0,0,0,48,48,99999,0,0,1.331667,63.920016,0.4,0.4
69,4,36,3,1889,0,0,0,5,5,99999,0,0,0.306667,1.533335,0.4,0.4
69,4,37,3,937,0,0,0,3,3,99999,0,0,2.280333,6.840999,0.4,0.4
69,4,38,3,2049,0,0,0,2,2,99999,0,0,0.194167,0.388334,0.4,0.4
69,4,39,3,1222,0,0,0,1,1,99999,0,0,1.166667,1.166667,0.4,0.4
70,4,0,3,2021,0,0,0,3,3,99999,0,0,0.297083,0.891249,0.4,0.4
70,4,1,3,3,0,0,0,60,60,99999,0,0,2.333333,139.99998,0.4,0.4
70,4,2,3,3008,0,0,0,1,1,99999,0,0,0.582083,0.582083,0.4,0.4
70,4,3,3,2884,0,0,0,2,2,99999,0,0,0.582083,1.164166,0.4,0.4
70,4,4,3,1934,0,0,0,7,7,99999,0,0,0.215,1.505,0.4,0.4
70,4,5,3,272,0,0,0,240,240,99999,0,0,0.715833,171.79992,0.4,0.4
70,4,6,3,1296,0,0,0,9,9,99999,0,0,0.4375,3.9375,0.4,0.4
70,4,7,3,1474,0,0,0,14,14,99999,0,0,0.12,1.68,0.4,0.4
70,4,8,3,1840,0,0,0,2,2,99999,0,0,0.6725,1.345,0.4,0.4
70,4,9,3,2787,0,0,0,9,9,99999,0,0,0.535,4.815,0.4,0.4
70,4,10,3,2209,0,0,0,144,144,99999,0,0,0.108333,15.599952,0.4,0.4
70,4,11,3,2729,0,0,0,2,2,99999,0,0,0.582083,1.164166,0.4,0.4
70,4,12,3,2590,0,0,0,5,5,99999,0,0,0.888333,4.441665,0.4,0.4
70,4,13,3,2238,0,0,0,36,36,99999,0,0,0.266667,9.600012,0.4,0.4
70,4,14,3,2341,0,0,0,4,4,99999,0,0,0.436,1.744,0.4,0.4
70,4,15,3,2119,0,0,0,18,18,99999,0,0,0.437,7.866,0.4,0.4
70,4,16,3,882,0,0,0,2,2,99999,0,0,0.908833,1.817666,0.4,0.4
70,4,17,3,2432,0,0,0,2,2,99999,0,0,0.166667,0.333334,0.4,0.4
70,4,18,3,574,0,0,0,3,3,99999,0,0,0.6125,1.8375,0.4,0.4
70,4,19,3,1206,0,0,0,5,5,99999,0,0,1.105,5.525,0.4,0.4
70,4,20,3,371,0,0,0,12,12,99999,0,0,0.587083,7.044996,0.4,0.4
70,4,21,3,2642,0,0,0,4,4,99999,0,0,0.582083,2.328332,0.4,0.4
70,4,22,3,1205,0,0,0,8,8,99999,0,0,1.3975,11.18,0.4,0.4
70,4,23,3,701,0,0,0,6,6,99999,0,0,1.763333,10.579998,0.4,0.4
70,4,24,3,1994,0,0,0,6,6,99999,0,0,0.141667,0.850002,0.4,0.4
70,4,25,3,752,0,0,0,5,5,99999,0,0,1.004167,5.020835,0.4,0.4
70,4,26,3,322,0,0,0,20,20,99999,0,0,0.757,15.14,0.4,0.4
70,4,27,3,2068,0,0,0,13,13,99999,0,0,0.429583,5.584579,0.4,0.4
70,4,28,3,2816,0,0,0,2,2,99999,0,0,0.582083,1.164166,0.4,0.4
70,4,29,3,2053,0,0,0,12,12,99999,0,0,1.3,15.6,0.4,0.4
70,4,30,3,928,0,0,0,4,4,99999,0,0,1.1525,4.61,0.4,0.4
70,4,31,3,798,0,0,0,4,4,99999,0,0,0.875,3.5,0.4,0.4
70,4,32,3,355,0,0,0,20,20,99999,0,0,6.0,120.0,0.4,0.4
70,4,33,3,147,0,0,0,84,84,99999,0,0,1.648333,138.459972,0.4,0.4
70,4,34,3,2988,0,0,0,4,4,99999,0,0,0.582083,2.328332,0.4,0.4
70,4,35,3,1822,0,0,0,12,12,99999,0,0,0.185833,2.229996,0.4,0.4
70,4,36,3,663,0,0,0,4,4,99999,0,0,2.876667,11.506668,0.4,0.4
70,4,37,3,1373,0,0,0,49,49,99999,0,0,0.286111,14.019439,0.4,0.4
70,4,38,3,903,0,0,0,6,6,99999,0,0,0.665833,3.994998,0.4,0.4
70,4,39,3,234,0,0,0,168,168,99999,0,0,0.275417,46.270056,0.4,0.4
71,4,0,3,134,0,0,0,126,126,99999,0,0,0.415417,52.342542,0.4,0.4
71,4,1,3,1288,0,0,0,22,22,99999,0,0,0.55,12.1,0.4,0.4
71,4,2,3,2581,0,0,0,4,4,99999,0,0,0.895833,3.583332,0.4,0.4
71,4,3,3,274,0,0,0,108,108,99999,0,0,1.330833,143.729964,0.4,0.4
71,4,4,3,42,0,0,0,42,42,99999,0,0,2.24,94.08,0.4,0.4
71,4,5,3,1236,0,0,0,8,8,99999,0,0,0.6625,5.3,0.4,0.4
71,4,6,3,2385,0,0,0,5,5,99999,0,0,0.3145,1.5725,0.4,0.4
71,4,7,3,1,0,0,0,60,60,99999,0,0,2.218333,133.09998,0.4,0.4
71,4,8,3,2970,0,0,0,4,4,99999,0,0,0.535,2.14,0.4,0.4
71,4,9,3,631,0,0,0,6,6,99999,0,0,4.72,28.32,0.4,0.4
71,4,10,3,2550,0,0,0,1,1,99999,0,0,0.916667,0.916667,0.4,0.4
71,4,11,3,1965,0,0,0,4,4,99999,0,0,0.176667,0.706668,0.4,0.4
71,4,12,3,1278,0,0,0,9,9,99999,0,0,0.53,4.77,0.4,0.4
71,4,13,3,830,0,0,0,2,2,99999,0,0,0.166667,0.333334,0.4,0.4
71,4,14,3,301,0,0,0,174,174,99999,0,0,0.280417,48.792558,0.4,0.4
71,4,15,3,2476,0,0,0,19,19,99999,0,0,2.016667,38.316673,0.4,0.4
71,4,16,3,1254,0,0,0,3,3,99999,0,0,2.8,8.4,0.4,0.4
71,4,17,3,2945,0,0,0,25,25,99999,0,0,0.408583,10.214575,0.4,0.4
71,4,18,3,147,0,0,0,12,12,99999,0,0,1.648333,19.779996,0.4,0.4
71,4,19,3,951,0,0,0,2,2,99999,0,0,1.195833,2.391666,0.4,0.4
71,4,20,3,2633,0,0,0,4,4,99999,0,0,0.582083,2.328332,0.4,0.4
71,4,21,3,1516,0,0,0,13,13,99999,0,0,0.6,7.8,0.4,0.4
71,4,22,3,79,0,0,0,22,22,99999,0,0,0.473333,10.413326,0.4,0.4
71,4,23,3,2868,0,0,0,114,114,99999,0,0,0.535,60.99,0.4,0.4
71,4,24,3,292,0,0,0,480,480,99999,0,0,0.276667,132.80016,0.4,0.4
71,4,25,3,588,0,0,0,4,4,99999,0,0,0.2875,1.15,0.4,0.4
71,4,26,3,244,0,0,0,204,204,99999,0,0,0.259167,52.870068,0.4,0.4
71,4,27,3,2408,0,0,0,3,3,99999,0,0,0.175833,0.527499,0.4,0.4
71,4,28,3,1659,0,0,0,27,27,99999,0,0,0.456667,12.330009,0.4,0.4
71,4,29,3,2253,0,0,0,96,96,99999,0,0,0.2675,25.68,0.4,0.4
71,4,30,3,312,0,0,0,4,4,99999,0,0,0.543333,2.173332,0.4,0.4
71,4,31,3,1689,0,0,0,20,20,99999,0,0,0.443333,8.86666,0.4,0.4
71,4,32,3,596,0,0,0,1,1,99999,0,0,0.783333,0.783333,0.4,0.4
71,4,33,3,1781,0,0,0,4,4,99999,0,0,0.083333,0.333332,0.4,0.4
71,4,34,3,221,0,0,0,24,24,99999,0,0,0.633333,15.199992,0.4,0.4
71,4,35,3,1954,0,0,0,135,135,99999,0,0,0.046667,6.300045,0.4,0.4
71,4,36,3,941,0,0,0,2,2,99999,0,0,1.175,2.35,0.4,0.4
71,4,37,3,341,0,0,0,22,22,99999,0,0,6.3,138.6,0.4,0.4
71,4,38,3,1389,0,0,0,9,9,99999,0,0,0.315833,2.842497,0.4,0.4
71,4,39,3,521,0,0,0,6,6,99999,0,0,1.1925,7.155,0.4,0.4
72,4,0,3,642,0,0,0,5,5,99999,0,0,2.051667,10.258335,0.4,0.4
72,4,1,3,1464,0,0,0,4,4,99999,0,0,0.188333,0.753332,0.4,0.4
72,4,2,3,640,0,0,0,10,10,99999,0,0,2.126667,21.26667,0.4,0.4
72,4,3,3,2886,0,0,0,3,3,99999,0,0,0.582083,1.746249,0.4,0.4
72,4,4,3,934,0,0,0,2,2,99999,0,0,1.381667,2.763334,0.4,0.4
72,4,5,3,719,0,0,0,3,3,99999,0,0,1.97,5.91,0.4,0.4
72,4,6,3,3040,0,0,0,4,4,99999,0,0,0.582083,2.328332,0.4,0.4
72,4,7,3,688,0,0,0,48,48,99999,0,0,2.06,98.88,0.4,0.4
72,4,8,3,1721,0,0,0,2,2,99999,0,0,0.3,0.6,0.4,0.4
72,4,9,3,875,0,0,0,1,1,99999,0,0,0.41125,0.41125,0.4,0.4
72,4,10,3,902,0,0,0,4,4,99999,0,0,1.178333,4.713332,0.4,0.4
72,4,11,3,969,0,0,0,1,1,99999,0,0,0.2,0.2,0.4,0.4
72,4,12,3,1459,0,0,0,18,18,99999,0,0,0.425,7.65,0.4,0.4
72,4,13,3,2168,0,0,0,7,7,99999,0,0,0.5475,3.8325,0.4,0.4
72,4,14,3,1,0,0,0,60,60,99999,0,0,2.218333,133.09998,0.4,0.4
72,4,15,3,834,0,0,0,1,1,99999,0,0,0.263333,0.263333,0.4,0.4
72,4,16,3,14,0,0,0,60,60,99999,0,0,2.223333,133.39998,0.4,0.4
72,4,17,3,714,0,0,0,6,6,99999,0,0,2.081667,12.490002,0.4,0.4
72,4,18,3,761,0,0,0,2,2,99999,0,0,0.925,1.85,0.4,0.4
72,4,19,3,2857,0,0,0,216,216,99999,0,0,0.535,115.56,0.4,0.4
72,4,20,3,2198,0,0,0,420,420,99999,0,0,0.118333,49.69986,0.4,0.4
72,4,21,3,1229,0,0,0,96,96,99999,0,0,0.109375,10.5,0.4,0.4
72,4,22,3,376,0,0,0,18,18,99999,0,0,1.028333,18.509994,0.4,0.4
72,4,23,3,876,0,0,0,12,12,99999,0,0,0.9,10.8,0.4,0.4
72,4,24,3,2448,0,0,0,3,3,99999,0,0,0.574167,1.722501,0.4,0.4
72,4,25,3,967,0,0,0,3,3,99999,0,0,0.1625,0.4875,0.4,0.4
72,4,26,3,1251,0,0,0,2,2,99999,0,0,2.233333,4.466666,0.4,0.4
72,4,27,3,2667,0,0,0,120,120,99999,0,0,0.408583,49.02996,0.4,0.4
72,4,28,3,155,0,0,0,672,672,99999,0,0,0.32375,217.56,0.4,0.4
72,4,29,3,2373,0,0,0,6,6,99999,0,0,1.3625,8.175,0.4,0.4
72,4,30,3,2715,0,0,0,228,228,99999,0,0,0.408583,93.156924,0.4,0.4
72,4,31,3,14,0,0,0,16,16,99999,0,0,2.223333,35.573328,0.4,0.4
72,4,32,3,2843,0,0,0,156,156,99999,0,0,0.408583,63.738948,0.4,0.4
72,4,33,3,2811,0,0,0,5,5,99999,0,0,0.535,2.675,0.4,0.4
72,4,34,3,2739,0,0,0,36,36,99999,0,0,0.408583,14.708988,0.4,0.4
72,4,35,3,13,0,0,0,23,23,99999,0,0,4.8,110.4,0.4,0.4
72,4,36,3,1914,0,0,0,5,5,99999,0,0,0.204167,1.020835,0.4,0.4
72,4,37,3,991,0,0,0,2,2,99999,0,0,0.455,0.91,0.4,0.4
72,4,38,3,2325,0,0,0,7,7,99999,0,0,0.324444,2.271108,0.4,0.4
72,4,39,3,2362,0,0,0,7,7,99999,0,0,0.522,3.654,0.4,0.4
73,4,0,3,1511,0,0,0,52,52,99999,0,0,0.405,21.06,0.4,0.4
73,4,1,3,1881,0,0,0,2,2,99999,0,0,0.100433,0.200866,0.4,0.4
73,4,2,3,1426,0,0,0,15,15,99999,0,0,0.196667,2.950005,0.4,0.4
73,4,3,3,1466,0,0,0,24,24,99999,0,0,0.425,10.2,0.4,0.4
73,4,4,3,1068,0,0,0,3,3,99999,0,0,0.166667,0.500001,0.4,0.4
73,4,5,3,857,0,0,0,30,30,99999,0,0,0.114653,3.43959,0.4,0.4
73,4,6,3,1152,0,0,0,4,4,99999,0,0,0.160833,0.643332,0.4,0.4
73,4,7,3,62,0,0,0,300,300,99999,0,0,0.27625,82.875,0.4,0.4
73,4,8,3,2080,0,0,0,2,2,99999,0,0,2.585,5.17,0.4,0.4
73,4,9,3,1202,0,0,0,8,8,99999,0,0,0.89,7.12,0.4,0.4
73,4,10,3,1459,0,0,0,18,18,99999,0,0,0.425,7.65,0.4,0.4
73,4,11,3,1860,0,0,0,19,19,99999,0,0,0.268,5.092,0.4,0.4
73,4,12,3,1027,0,0,0,3,3,99999,0,0,0.208333,0.624999,0.4,0.4
73,4,13,3,1968,0,0,0,4,4,99999,0,0,1.248333,4.993332,0.4,0.4
73,4,14,3,1919,0,0,0,5,5,99999,0,0,0.265,1.325,0.4,0.4
73,4,15,3,2481,0,0,0,26,26,99999,0,0,3.463333,90.046658,0.4,0.4
73,4,16,3,1028,0,0,0,1,1,99999,0,0,0.816667,0.816667,0.4,0.4
73,4,17,3,2361,0,0,0,13,13,99999,0,0,0.533333,6.933329,0.4,0.4
73,4,18,3,1750,0,0,0,3,3,99999,0,0,0.125417,0.376251,0.4,0.4
73,4,19,3,1258,0,0,0,3,3,99999,0,0,0.12,0.36,0.4,0.4
73,4,20,3,2365,0,0,0,2,2,99999,0,0,0.34375,0.6875,0.4,0.4
73,4,21,3,2555,0,0,0,2,2,99999,0,0,1.375,2.75,0.4,0.4
73,4,22,3,2294,0,0,0,130,130,99999,0,0,0.101333,13.17329,0.4,0.4
73,4,23,3,2399,0,0,0,2,2,99999,0,0,0.518333,1.036666,0.4,0.4
73,4,24,3,626,0,0,0,4,4,99999,0,0,10.0,40.0,0.4,0.4
73,4,25,3,22,0,0,0,552,552,99999,0,0,0.282917,156.170184,0.4,0.4
73,4,26,3,516,0,0,0,7,7,99999,0,0,1.140667,7.984669,0.4,0.4
73,4,27,3,2227,0,0,0,90,90,99999,0,0,0.231667,20.85003,0.4,0.4
73,4,28,3,2711,0,0,0,9,9,99999,0,0,0.535,4.815,0.4,0.4
73,4,29,3,1078,0,0,0,8,8,99999,0,0,1.188333,9.506664,0.4,0.4
73,4,30,3,2050,0,0,0,6,6,99999,0,0,0.827222,4.963332,0.4,0.4
73,4,31,3,649,0,0,0,1,1,99999,0,0,3.17,3.17,0.4,0.4
73,4,32,3,2676,0,0,0,408,408,99999,0,0,0.408583,166.701864,0.4,0.4
73,4,33,3,2314,0,0,0,14,14,99999,0,0,0.118333,1.656662,0.4,0.4
73,4,34,3,342,0,0,0,360,360,99999,0,0,0.366667,132.00012,0.4,0.4
73,4,35,3,2320,0,0,0,44,44,99999,0,0,0.129167,5.683348,0.4,0.4
73,4,36,3,2979,0,0,0,2,2,99999,0,0,0.582083,1.164166,0.4,0.4
73,4,37,3,1195,0,0,0,13,13,99999,0,0,0.106667,1.386671,0.4,0.4
73,4,38,3,646,0,0,0,2,2,99999,0,0,0.858333,1.716666,0.4,0.4
73,4,39,3,812,0,0,0,1,1,99999,0,0,0.811667,0.811667,0.4,0.4
74,4,0,3,29,0,0,0,192,192,99999,0,0,0.667917,128.240064,0.4,0.4
74,4,1,3,677,0,0,0,46,46,99999,0,0,2.0,92.0,0.4,0.4
74,4,2,3,2172,0,0,0,5,5,99999,0,0,0.418333,2.091665,0.4,0.4
74,4,3,3,1803,0,0,0,4,4,99999,0,0,0.398333,1.593332,0.4,0.4
74,4,4,3,1789,0,0,0,6,6,99999,0,0,0.0925,0.555,0.4,0.4
74,4,5,3,2506,0,0,0,14,14,99999,0,0,1.511667,21.163338,0.4,0.4
74,4,6,3,31,0,0,0,246,246,99999,0,0,0.370417,91.122582,0.4,0.4
74,4,7,3,1981,0,0,0,2,2,99999,0,0,0.151667,0.303334,0.4,0.4
74,4,8,3,2329,0,0,0,100,100,99999,0,0,0.0505,5.05,0.4,0.4
74,4,9,3,214,0,0,0,95,95,99999,0,0,1.329167,126.270865,0.4,0.4
74,4,10,3,512,0,0,0,5,5,99999,0,0,0.833333,4.166665,0.4,0.4
74,4,11,3,360,0,0,0,96,96,99999,0,0,0.5825,55.92,0.4,0.4
74,4,12,3,105,0,0,0,768,768,99999,0,0,0.275417,211.520256,0.4,0.4
74,4,13,3,1922,0,0,0,3,3,99999,0,0,0.29,0.87,0.4,0.4
74,4,14,3,913,0,0,0,4,4,99999,0,0,1.176667,4.706668,0.4,0.4
74,4,15,3,2629,0,0,0,3,3,99999,0,0,0.582083,1.746249,0.4,0.4
74,4,16,3,2274,0,0,0,144,144,99999,0,0,0.15,21.6,0.4,0.4
74,4,17,3,2401,0,0,0,40,40,99999,0,0,0.5615,22.46,0.4,0.4
74,4,18,3,2183,0,0,0,5,5,99999,0,0,0.368667,1.843335,0.4,0.4
74,4,19,3,1348,0,0,0,7,7,99999,0,0,0.475,3.325,0.4,0.4
74,4,20,3,662,0,0,0,30,30,99999,0,0,1.76,52.8,0.4,0.4
74,4,21,3,2628,0,0,0,1,1,99999,0,0,0.582083,0.582083,0.4,0.4
74,4,22,3,1203,0,0,0,8,8,99999,0,0,0.945,7.56,0.4,0.4
74,4,23,3,1565,0,0,0,4,4,99999,0,0,0.2005,0.802,0.4,0.4
74,4,24,3,409,0,0,0,1,1,99999,0,0,0.704167,0.704167,0.4,0.4
74,4,25,3,1031,0,0,0,8,8,99999,0,0,0.088667,0.709336,0.4,0.4
74,4,26,3,2859,0,0,0,120,120,99999,0,0,0.582083,69.84996,0.4,0.4
74,4,27,3,2163,0,0,0,8,8,99999,0,0,0.616667,4.933336,0.4,0.4
74,4,28,3,2234,0,0,0,57,57,99999,0,0,0.25,14.25,0.4,0.4
74,4,29,3,155,0,0,0,246,246,99999,0,0,0.32375,79.6425,0.4,0.4
74,4,30,3,1582,0,0,0,19,19,99999,0,0,0.254444,4.834436,0.4,0.4
74,4,31,3,2807,0,0,0,6,6,99999,0,0,0.408583,2.451498,0.4,0.4
74,4,32,3,1564,0,0,0,11,11,99999,0,0,0.266667,2.933337,0.4,0.4
74,4,33,3,414,0,0,0,2,2,99999,0,0,0.630833,1.261666,0.4,0.4
74,4,34,3,1338,0,0,0,3,3,99999,0,0,0.195833,0.587499,0.4,0.4
74,4,35,3,3026,0,0,0,11,11,99999,0,0,0.535,5.885,0.4,0.4
74,4,36,3,1844,0,0,0,24,24,99999,0,0,0.216667,5.200008,0.4,0.4
74,4,37,3,2647,0,0,0,8,8,99999,0,0,0.535,4.28,0.4,0.4
74,4,38,3,908,0,0,0,6,6,99999,0,0,1.1815,7.089,0.4,0.4
74,4,39,3,775,0,0,0,2,2,99999,0,0,0.818333,1.636666,0.4,0.4
75,4,0,3,2674,0,0,0,60,60,99999,0,0,0.408583,24.51498,0.4,0.4
75,4,1,3,3,0,0,0,24,24,99999,0,0,2.333333,55.999992,0.4,0.4
75,4,2,3,2426,0,0,0,18,18,99999,0,0,0.056146,1.010628,0.4,0.4
75,4,3,3,3004,0,0,0,2,2,99999,0,0,0.582083,1.164166,0.4,0.4
75,4,4,3,539,0,0,0,2,2,99999,0,0,1.121667,2.243334,0.4,0.4
75,4,5,3,2258,0,0,0,30,30,99999,0,0,0.099667,2.99001,0.4,0.4
75,4,6,3,1654,0,0,0,8,8,99999,0,0,0.256,2.048,0.4,0.4
75,4,7,3,32,0,0,0,552,552,99999,0,0,0.283333,156.399816,0.4,0.4
75,4,8,3,699,0,0,0,3,3,99999,0,0,1.054444,3.163332,0.4,0.4
75,4,9,3,300,0,0,0,42,42,99999,0,0,1.635,68.67,0.4,0.4
75,4,10,3,284,0,0,0,152,152,99999,0,0,0.643083,97.748616,0.4,0.4
75,4,11,3,2635,0,0,0,4,4,99999,0,0,0.582083,2.328332,0.4,0.4
75,4,12,3,308,0,0,0,408,408,99999,0,0,0.27625,112.71,0.4,0.4
75,4,13,3,2059,0,0,0,2,2,99999,0,0,0.546667,1.093334,0.4,0.4
75,4,14,3,1356,0,0,0,32,32,99999,0,0,0.324167,10.373344,0.4,0.4
75,4,15,3,2730,0,0,0,36,36,99999,0,0,0.535,19.26,0.4,0.4
75,4,16,3,1662,0,0,0,6,6,99999,0,0,0.32,1.92,0.4,0.4
75,4,17,3,1397,0,0,0,24,24,99999,0,0,0.291667,7.000008,0.4,0.4
75,4,18,3,2821,0,0,0,4,4,99999,0,0,0.535,2.14,0.4,0.4
75,4,19,3,985,0,0,0,8,8,99999,0,0,0.183333,1.466664,0.4,0.4
75,4,20,3,2087,0,0,0,4,4,99999,0,0,2.131667,8.526668,0.4,0.4
75,4,22,3,2935,0,0,0,4,4,99999,0,0,0.582083,2.328332,0.4,0.4
75,4,23,3,2289,0,0,0,15,15,99999,0,0,0.12,1.8,0.4,0.4
75,4,24,3,2208,0,0,0,108,108,99999,0,0,0.27,29.16,0.4,0.4
75,4,25,3,2038,0,0,0,8,8,99999,0,0,0.440417,3.523336,0.4,0.4
75,4,26,3,947,0,0,0,4,4,99999,0,0,0.721111,2.884444,0.4,0.4
75,4,27,3,2879,0,0,0,1,1,99999,0,0,0.582083,0.582083,0.4,0.4
75,4,28,3,2597,0,0,0,2,2,99999,0,0,0.275833,0.551666,0.4,0.4
75,4,29,3,479,0,0,0,6,6,99999,0,0,0.788889,4.733334,0.4,0.4
75,4,30,3,1187,0,0,0,4,4,99999,0,0,0.170833,0.683332,0.4,0.4
75,4,31,3,2222,0,0,0,168,168,99999,0,0,0.125,21.0,0.4,0.4
75,4,32,3,2986,0,0,0,1,1,99999,0,0,0.582083,0.582083,0.4,0.4
75,4,33,3,1317,0,0,0,37,37,99999,0,0,0.178333,6.598321,0.4,0.4
75,4,34,3,8,0,0,0,552,552,99999,0,0,0.281667,155.480184,0.4,0.4
75,4,35,3,1699,0,0,0,6,6,99999,0,0,0.34,2.04,0.4,0.4
75,4,36,3,2306,0,0,0,132,132,99999,0,0,0.141667,18.700044,0.4,0.4
75,4,37,3,1459,0,0,0,18,18,99999,0,0,0.425,7.65,0.4,0.4
75,4,38,3,1596,0,0,0,10,10,99999,0,0,0.533333,5.33333,0.4,0.4
75,4,39,3,1229,0,0,0,96,96,99999,0,0,0.109375,10.5,0.4,0.4
76,4,0,3,2413,0,0,0,6,6,99999,0,0,2.721667,16.330002,0.4,0.4
76,4,1,3,1186,0,0,0,18,18,99999,0,0,0.125833,2.264994,0.4,0.4
76,4,2,3,1461,0,0,0,1,1,99999,0,0,0.34,0.34,0.4,0.4
76,4,3,3,2838,0,0,0,384,384,99999,0,0,0.408583,156.895872,0.4,0.4
76,4,4,3,1029,0,0,0,5,5,99999,0,0,0.192542,0.96271,0.4,0.4
76,4,5,3,2806,0,0,0,6,6,99999,0,0,0.408583,2.451498,0.4,0.4
76,4,6,3,2543,0,0,0,8,8,99999,0,0,0.939167,7.513336,0.4,0.4
76,4,7,3,2381,0,0,0,15,15,99999,0,0,0.14,2.1,0.4,0.4
76,4,8,3,2004,0,0,0,3,3,99999,0,0,0.27,0.81,0.4,0.4
76,4,9,3,2102,0,0,0,2,2,99999,0,0,0.784167,1.568334,0.4,0.4
76,4,10,3,349,0,0,0,240,240,99999,0,0,0.633333,151.99992,0.4,0.4
76,4,11,3,1394,0,0,0,21,21,99999,0,0,0.1525,3.2025,0.4,0.4
76,4,12,3,621,0,0,0,4,4,99999,0,0,0.247333,0.989332,0.4,0.4
76,4,13,3,1681,0,0,0,9,9,99999,0,0,0.53125,4.78125,0.4,0.4
76,4,14,3,2516,0,0,0,8,8,99999,0,0,3.425,27.4,0.4,0.4
76,4,15,3,3014,0,0,0,24,24,99999,0,0,0.582083,13.969992,0.4,0.4
76,4,16,3,1,0,0,0,60,60,99999,0,0,2.218333,133.09998,0.4,0.4
76,4,17,3,1704,0,0,0,2,2,99999,0,0,0.266667,0.533334,0.4,0.4
76,4,18,3,2951,0,0,0,8,8,99999,0,0,0.535,4.28,0.4,0.4
76,4,19,3,333,0,0,0,36,36,99999,0,0,1.25,45.0,0.4,0.4
76,4,20,3,1092,0,0,0,3,3,99999,0,0,1.666667,5.000001,0.4,0.4
76,4,21,3,2048,0,0,0,25,25,99999,0,0,1.3,32.5,0.4,0.4
76,4,22,3,370,0,0,0,192,192,99999,0,0,0.645,123.84,0.4,0.4
76,4,23,3,1253,0,0,0,9,9,99999,0,0,2.8,25.2,0.4,0.4
76,4,24,3,688,0,0,0,48,48,99999,0,0,2.06,98.88,0.4,0.4
76,4,25,3,370,0,0,0,24,24,99999,0,0,0.645,15.48,0.4,0.4
76,4,26,3,1153,0,0,0,12,12,99999,0,0,0.139583,1.674996,0.4,0.4
76,4,27,3,1081,0,0,0,3,3,99999,0,0,0.916667,2.750001,0.4,0.4
76,4,28,3,1558,0,0,0,50,50,99999,0,0,0.280667,14.03335,0.4,0.4
76,4,29,3,2655,0,0,0,5,5,99999,0,0,0.535,2.675,0.4,0.4
76,4,30,3,94,0,0,0,60,60,99999,0,0,0.28125,16.875,0.4,0.4
76,4,31,3,1783,0,0,0,9,9,99999,0,0,0.0975,0.8775,0.4,0.4
76,4,32,3,1825,0,0,0,4,4,99999,0,0,0.275167,1.100668,0.4,0.4
76,4,33,3,1478,0,0,0,29,29,99999,0,0,0.179375,5.201875,0.4,0.4
76,4,34,3,2666,0,0,0,120,120,99999,0,0,0.408583,49.02996,0.4,0.4
76,4,35,3,477,0,0,0,4,4,99999,0,0,0.644167,2.576668,0.4,0.4
76,4,36,3,2305,0,0,0,295,295,99999,0,0,0.11,32.45,0.4,0.4
76,4,37,3,2914,0,0,0,11,11,99999,0,0,0.535,5.885,0.4,0.4
76,4,38,3,2462,0,0,0,3,3,99999,0,0,0.17375,0.52125,0.4,0.4
76,4,39,3,1465,0,0,0,11,11,99999,0,0,0.565,6.215,0.4,0.4
77,4,0,3,2993,0,0,0,2,2,99999,0,0,0.582083,1.164166,0.4,0.4
77,4,1,3,1229,0,0,0,72,72,99999,0,0,0.109375,7.875,0.4,0.4
77,4,2,3,2253,0,0,0,96,96,99999,0,0,0.2675,25.68,0.4,0.4
77,4,3,3,2124,0,0,0,5,5,99999,0,0,0.4,2.0,0.4,0.4
77,4,4,3,2483,0,0,0,4,4,99999,0,0,1.071667,4.286668,0.4,0.4
77,4,5,3,1631,0,0,0,4,4,99999,0,0,0.2425,0.97,0.4,0.4
77,4,6,3,2284,0,0,0,96,96,99999,0,0,0.175833,16.879968,0.4,0.4
77,4,7,3,1801,0,0,0,2,2,99999,0,0,0.308333,0.616666,0.4,0.4
77,4,8,3,1458,0,0,0,36,36,99999,0,0,0.386667,13.920012,0.4,0.4
77,4,9,3,145,0,0,0,84,84,99999,0,0,1.630833,136.989972,0.4,0.4
77,4,10,3,2030,0,0,0,43,43,99999,0,0,0.394167,16.949181,0.4,0.4
77,4,11,3,1506,0,0,0,24,24,99999,0,0,0.300833,7.219992,0.4,0.4
77,4,12,3,166,0,0,0,6,6,99999,0,0,0.491667,2.950002,0.4,0.4
77,4,13,3,2244,0,0,0,220,220,99999,0,0,0.120833,26.58326,0.4,0.4
77,4,14,3,2825,0,0,0,7,7,99999,0,0,0.582083,4.074581,0.4,0.4
77,4,15,3,1346,0,0,0,48,48,99999,0,0,0.431667,20.720016,0.4,0.4
77,4,16,3,2277,0,0,0,66,66,99999,0,0,0.248333,16.389978,0.4,0.4
77,4,17,3,2089,0,0,0,3,3,99999,0,0,1.890333,5.670999,0.4,0.4
77,4,18,3,850,0,0,0,10,10,99999,0,0,0.29125,2.9125,0.4,0.4
77,4,19,3,1289,0,0,0,60,60,99999,0,0,0.429167,25.75002,0.4,0.4
77,4,20,3,2447,0,0,0,3,3,99999,0,0,0.608333,1.824999,0.4,0.4
77,4,21,3,2584,0,0,0,10,10,99999,0,0,0.795833,7.95833,0.4,0.4
77,4,22,3,1442,0,0,0,96,96,99999,0,0,0.102083,9.799968,0.4,0.4
77,4,23,3,959,0,0,0,1,1,99999,0,0,0.6675,0.6675,0.4,0.4
77,4,24,3,557,0,0,0,9,9,99999,0,0,0.075,0.675,0.4,0.4
77,4,25,3,101,0,0,0,240,240,99999,0,0,0.291667,70.00008,0.4,0.4
77,4,26,3,348,0,0,0,96,96,99999,0,0,1.25,120.0,0.4,0.4
77,4,27,3,2975,0,0,0,2,2,99999,0,0,0.582083,1.164166,0.4,0.4
77,4,28,3,636,0,0,0,5,5,99999,0,0,10.0,50.0,0.4,0.4
77,4,29,3,2874,0,0,0,15,15,99999,0,0,0.535,8.025,0.4,0.4
77,4,30,3,1339,0,0,0,17,17,99999,0,0,0.3675,6.2475,0.4,0.4
77,4,31,3,2015,0,0,0,3,3,99999,0,0,0.15,0.45,0.4,0.4
77,4,32,3,1433,0,0,0,18,18,99999,0,0,0.376,6.768,0.4,0.4
77,4,33,3,2840,0,0,0,24,24,99999,0,0,0.582083,13.969992,0.4,0.4
77,4,34,3,2865,0,0,0,240,240,99999,0,0,0.535,128.4,0.4,0.4
77,4,35,3,566,0,0,0,31,31,99999,0,0,0.554167,17.179177,0.4,0.4
77,4,36,3,1530,0,0,0,2,2,99999,0,0,0.427,0.854,0.4,0.4
77,4,37,3,2203,0,0,0,108,108,99999,0,0,0.208333,22.499964,0.4,0.4
77,4,38,3,842,0,0,0,7,7,99999,0,0,2.6725,18.7075,0.4,0.4
77,4,39,3,1912,0,0,0,4,4,99999,0,0,0.204167,0.816668,0.4,0.4
78,4,0,3,2559,0,0,0,17,17,99999,0,0,0.95,16.15,0.4,0.4
78,4,1,3,1225,0,0,0,120,120,99999,0,0,0.085,10.2,0.4,0.4
78,4,2,3,456,0,0,0,6,6,99999,0,0,0.277917,1.667502,0.4,0.4
78,4,3,3,2651,0,0,0,3,3,99999,0,0,0.582083,1.746249,0.4,0.4
78,4,4,3,206,0,0,0,73,73,99999,0,0,1.319167,96.299191,0.4,0.4
78,4,5,3,2117,0,0,0,4,4,99999,0,0,1.05,4.2,0.4,0.4
78,4,6,3,2836,0,0,0,960,960,99999,0,0,0.408583,392.23968,0.4,0.4
78,4,7,3,2806,0,0,0,6,6,99999,0,0,0.408583,2.451498,0.4,0.4
78,4,8,3,1468,0,0,0,20,20,99999,0,0,0.115833,2.31666,0.4,0.4
78,4,9,3,675,0,0,0,5,5,99999,0,0,4.3575,21.7875,0.4,0.4
78,4,10,3,1915,0,0,0,5,5,99999,0,0,0.231667,1.158335,0.4,0.4
78,4,11,3,2230,0,0,0,60,60,99999,0,0,0.26625,15.975,0.4,0.4
78,4,12,3,2358,0,0,0,15,15,99999,0,0,0.14425,2.16375,0.4,0.4
78,4,13,3,137,0,0,0,88,88,99999,0,0,0.67375,59.29,0.4,0.4
78,4,14,3,1264,0,0,0,1,1,99999,0,0,0.096667,0.096667,0.4,0.4
78,4,15,3,1136,0,0,0,16,16,99999,0,0,0.072222,1.155552,0.4,0.4
78,4,16,3,2789,0,0,0,15,15,99999,0,0,0.535,8.025,0.4,0.4
78,4,17,3,370,0,0,0,192,192,99999,0,0,0.645,123.84,0.4,0.4
78,4,18,3,1442,0,0,0,96,96,99999,0,0,0.102083,9.799968,0.4,0.4
78,4,19,3,1634,0,0,0,1,1,99999,0,0,0.365833,0.365833,0.4,0.4
78,4,20,3,396,0,0,0,4,4,99999,0,0,1.986667,7.946668,0.4,0.4
78,4,21,3,702,0,0,0,8,8,99999,0,0,0.550167,4.401336,0.4,0.4
78,4,22,3,1733,0,0,0,7,7,99999,0,0,0.1585,1.1095,0.4,0.4
78,4,23,3,26,0,0,0,552,552,99999,0,0,0.283333,156.399816,0.4,0.4
78,4,24,3,353,0,0,0,72,72,99999,0,0,1.590833,114.539976,0.4,0.4
78,4,25,3,220,0,0,0,498,498,99999,0,0,0.409167,203.765166,0.4,0.4
78,4,26,3,629,0,0,0,6,6,99999,0,0,4.53,27.18,0.4,0.4
78,4,27,3,1846,0,0,0,5,5,99999,0,0,0.275167,1.375835,0.4,0.4
78,4,28,3,2612,0,0,0,4,4,99999,0,0,0.535,2.14,0.4,0.4
78,4,29,3,2077,0,0,0,9,9,99999,0,0,2.746667,24.720003,0.4,0.4
78,4,30,3,1,0,0,0,60,60,99999,0,0,2.218333,133.09998,0.4,0.4
78,4,31,3,252,0,0,0,88,88,99999,0,0,1.355833,119.313304,0.4,0.4
78,4,32,3,1880,0,0,0,1,1,99999,0,0,0.042667,0.042667,0.4,0.4
78,4,33,3,2783,0,0,0,15,15,99999,0,0,0.535,8.025,0.4,0.4
78,4,34,3,1210,0,0,0,2,2,99999,0,0,2.866667,5.733334,0.4,0.4
78,4,35,3,111,0,0,0,36,36,99999,0,0,1.111667,40.020012,0.4,0.4
78,4,36,3,853,0,0,0,12,12,99999,0,0,1.21875,14.625,0.4,0.4
78,4,37,3,2065,0,0,0,8,8,99999,0,0,0.585,4.68,0.4,0.4
78,4,38,3,2966,0,0,0,34,34,99999,0,0,0.535,18.19,0.4,0.4
78,4,39,3,2278,0,0,0,125,125,99999,0,0,0.1,12.5,0.4,0.4
79,4,0,3,1951,0,0,0,35,35,99999,0,0,0.271667,9.508345,0.4,0.4
79,4,1,3,2009,0,0,0,3,3,99999,0,0,0.325417,0.976251,0.4,0.4
79,4,2,3,482,0,0,0,1,1,99999,0,0,0.976667,0.976667,0.4,0.4
79,4,3,3,929,0,0,0,1,1,99999,0,0,1.38,1.38,0.4,0.4
79,4,4,3,245,0,0,0,720,720,99999,0,0,0.255417,183.90024,0.4,0.4
79,4,5,3,2400,0,0,0,4,4,99999,0,0,0.525,2.1,0.4,0.4
79,4,6,3,1663,0,0,0,38,38,99999,0,0,0.306667,11.653346,0.4,0.4
79,4,7,3,343,0,0,0,4,4,99999,0,0,5.325,21.3,0.4,0.4
79,4,8,3,1941,0,0,0,1,1,99999,0,0,0.18,0.18,0.4,0.4
79,4,9,3,1061,0,0,0,20,20,99999,0,0,0.015625,0.3125,0.4,0.4
79,4,10,3,2912,0,0,0,2,2,99999,0,0,0.582083,1.164166,0.4,0.4
79,4,11,3,872,0,0,0,1,1,99999,0,0,0.4525,0.4525,0.4,0.4
79,4,12,3,2507,0,0,0,5,5,99999,0,0,2.546667,12.733335,0.4,0.4
79,4,13,3,3011,0,0,0,15,15,99999,0,0,0.582083,8.731245,0.4,0.4
79,4,14,3,1505,0,0,0,22,22,99999,0,0,0.238333,5.243326,0.4,0.4
79,4,15,3,1279,0,0,0,15,15,99999,0,0,0.688,10.32,0.4,0.4
79,4,16,3,1718,0,0,0,6,6,99999,0,0,0.367,2.202,0.4,0.4
79,4,17,3,1668,0,0,0,33,33,99999,0,0,0.6,19.8,0.4,0.4
79,4,18,3,2524,0,0,0,4,4,99999,0,0,1.166667,4.666668,0.4,0.4
79,4,19,3,1229,0,0,0,96,96,99999,0,0,0.109375,10.5,0.4,0.4
79,4,20,3,1898,0,0,0,3,3,99999,0,0,0.1715,0.5145,0.4,0.4
79,4,21,3,2450,0,0,0,6,6,99999,0,0,0.5975,3.585,0.4,0.4
79,4,22,3,838,0,0,0,10,10,99999,0,0,0.264167,2.64167,0.4,0.4
79,4,23,3,1016,0,0,0,8,8,99999,0,0,0.194792,1.558336,0.4,0.4
79,4,24,3,648,0,0,0,13,13,99999,0,0,3.4825,45.2725,0.4,0.4
79,4,25,3,1069,0,0,0,3,3,99999,0,0,0.1125,0.3375,0.4,0.4
79,4,26,3,1367,0,0,0,21,21,99999,0,0,0.275,5.775,0.4,0.4
79,4,27,3,2388,0,0,0,25,25,99999,0,0,0.3164,7.91,0.4,0.4
79,4,28,3,2129,0,0,0,18,18,99999,0,0,2.165,38.97,0.4,0.4
79,4,29,3,1729,0,0,0,5,5,99999,0,0,0.139375,0.696875,0.4,0.4
79,4,30,3,283,0,0,0,30,30,99999,0,0,0.375,11.25,0.4,0.4
79,4,31,3,223,0,0,0,112,112,99999,0,0,0.666667,74.666704,0.4,0.4
79,4,32,3,1097,0,0,0,2,2,99999,0,0,0.451111,0.902222,0.4,0.4
79,4,33,3,2145,0,0,0,3,3,99999,0,0,0.2775,0.8325,0.4,0.4
79,4,34,3,919,0,0,0,3,3,99999,0,0,1.381667,4.145001,0.4,0.4
79,4,35,3,2062,0,0,0,4,4,99999,0,0,0.246667,0.986668,0.4,0.4
79,4,36,3,2738,0,0,0,30,30,99999,0,0,0.408583,12.25749,0.4,0.4
79,4,37,3,1263,0,0,0,1,1,99999,0,0,0.325,0.325,0.4,0.4
79,4,38,3,1980,0,0,0,12,12,99999,0,0,0.166667,2.000004,0.4,0.4
79,4,39,3,809,0,0,0,1,1,99999,0,0,0.315,0.315,0.4,0.4
80,4,0,3,1576,0,0,0,8,8,99999,0,0,0.213333,1.706664,0.4,0.4
80,4,1,3,398,0,0,0,3,3,99999,0,0,1.986667,5.960001,0.4,0.4
80,4,2,3,393,0,0,0,6,6,99999,0,0,2.233333,13.399998,0.4,0.4
80,4,3,3,448,0,0,0,30,30,99999,0,0,0.338889,10.16667,0.4,0.4
80,4,4,3,2808,0,0,0,2,2,99999,0,0,0.408583,0.817166,0.4,0.4
80,4,5,3,746,0,0,0,4,4,99999,0,0,4.29,17.16,0.4,0.4
80,4,6,3,2431,0,0,0,4,4,99999,0,0,0.66875,2.675,0.4,0.4
80,4,7,3,2019,0,0,0,6,6,99999,0,0,0.495,2.97,0.4,0.4
80,4,8,3,446,0,0,0,4,4,99999,0,0,0.685,2.74,0.4,0.4
80,4,9,3,488,0,0,0,3,3,99999,0,0,0.166667,0.500001,0.4,0.4
80,4,10,3,962,0,0,0,2,2,99999,0,0,0.4675,0.935,0.4,0.4
80,4,11,3,2632,0,0,0,1,1,99999,0,0,0.582083,0.582083,0.4,0.4
80,4,12,3,1775,0,0,0,10,10,99999,0,0,0.09,0.9,0.4,0.4
80,4,13,3,273,0,0,0,528,528,99999,0,0,0.409167,216.040176,0.4,0.4
80,4,14,3,653,0,0,0,24,24,99999,0,0,3.9,93.6,0.4,0.4
80,4,15,3,1205,0,0,0,8,8,99999,0,0,1.3975,11.18,0.4,0.4
80,4,16,3,1312,0,0,0,13,13,99999,0,0,0.286111,3.719443,0.4,0.4
80,4,17,3,1271,0,0,0,24,24,99999,0,0,0.320833,7.699992,0.4,0.4
80,4,18,3,2178,0,0,0,5,5,99999,0,0,0.356667,1.783335,0.4,0.4
80,4,19,3,1411,0,0,0,16,16,99999,0,0,0.16,2.56,0.4,0.4
80,4,20,3,2393,0,0,0,11,11,99999,0,0,0.6975,7.6725,0.4,0.4
80,4,21,3,26,0,0,0,96,96,99999,0,0,0.283333,27.199968,0.4,0.4
80,4,22,3,2442,0,0,0,1,1,99999,0,0,0.528333,0.528333,0.4,0.4
80,4,23,3,907,0,0,0,6,6,99999,0,0,1.183333,7.099998,0.4,0.4
80,4,24,3,724,0,0,0,4,4,99999,0,0,3.5325,14.13,0.4,0.4
80,4,25,3,2807,0,0,0,6,6,99999,0,0,0.408583,2.451498,0.4,0.4
80,4,26,3,2621,0,0,0,12,12,99999,0,0,0.535,6.42,0.4,0.4
80,4,27,3,2443,0,0,0,1,1,99999,0,0,2.093333,2.093333,0.4,0.4
80,4,28,3,2806,0,0,0,6,6,99999,0,0,0.408583,2.451498,0.4,0.4
80,4,29,3,2771,0,0,0,1,1,99999,0,0,0.582083,0.582083,0.4,0.4
80,4,30,3,331,0,0,0,210,210,99999,0,0,0.467,98.07,0.4,0.4
80,4,31,3,896,0,0,0,2,2,99999,0,0,0.715,1.43,0.4,0.4
80,4,32,3,1676,0,0,0,25,25,99999,0,0,0.51875,12.96875,0.4,0.4
80,4,33,3,144,0,0,0,216,216,99999,0,0,0.668333,144.359928,0.4,0.4
80,4,34,3,2668,0,0,0,22,22,99999,0,0,0.408583,8.988826,0.4,0.4
80,4,35,3,2786,0,0,0,2,2,99999,0,0,0.582083,1.164166,0.4,0.4
80,4,36,3,2434,0,0,0,19,19,99999,0,0,0.354167,6.729173,0.4,0.4
80,4,37,3,1782,0,0,0,17,17,99999,0,0,0.0935,1.5895,0.4,0.4
80,4,38,3,2212,0,0,0,14,14,99999,0,0,0.128333,1.796662,0.4,0.4
80,4,39,3,1006,0,0,0,2,2,99999,0,0,0.0225,0.045,0.4,0.4
81,4,0,3,522,0,0,0,6,6,99999,0,0,3.302,19.812,0.4,0.4
81,4,1,3,820,0,0,0,1,1,99999,0,0,0.816667,0.816667,0.4,0.4
81,4,2,3,634,0,0,0,7,7,99999,0,0,4.784,33.488,0.4,0.4
81,4,3,3,230,0,0,0,390,390,99999,0,0,0.275,107.25,0.4,0.4
81,4,4,3,1753,0,0,0,8,8,99999,0,0,0.216667,1.733336,0.4,0.4
81,4,5,3,2714,0,0,0,12,12,99999,0,0,0.582083,6.984996,0.4,0.4
81,4,6,3,2470,0,0,0,7,7,99999,0,0,0.2175,1.5225,0.4,0.4
81,4,7,3,3,0,0,0,60,60,99999,0,0,2.333333,139.99998,0.4,0.4
81,4,8,3,800,0,0,0,5,5,99999,0,0,0.901667,4.508335,0.4,0.4
81,4,9,3,1802,0,0,0,1,1,99999,0,0,0.560833,0.560833,0.4,0.4
81,4,10,3,2567,0,0,0,5,5,99999,0,0,1.22,6.1,0.4,0.4
81,4,11,3,1307,0,0,0,16,16,99999,0,0,0.41,6.56,0.4,0.4
81,4,12,3,794,0,0,0,1,1,99999,0,0,0.816667,0.816667,0.4,0.4
81,4,13,3,103,0,0,0,6,6,99999,0,0,0.375,2.25,0.4,0.4
81,4,14,3,1818,0,0,0,4,4,99999,0,0,0.286667,1.146668,0.4,0.4
81,4,15,3,1682,0,0,0,11,11,99999,0,0,0.49,5.39,0.4,0.4
81,4,16,3,335,0,0,0,32,32,99999,0,0,2.375,76.0,0.4,0.4
81,4,17,3,2020,0,0,0,1,1,99999,0,0,1.546,1.546,0.4,0.4
81,4,18,3,2313,0,0,0,625,625,99999,0,0,0.052,32.5,0.4,0.4
81,4,19,3,956,0,0,0,6,6,99999,0,0,1.1675,7.005,0.4,0.4
81,4,20,3,200,0,0,0,63,63,99999,0,0,1.614167,101.692521,0.4,0.4
81,4,21,3,1085,0,0,0,6,6,99999,0,0,1.729333,10.375998,0.4,0.4
81,4,22,3,2146,0,0,0,4,4,99999,0,0,0.416667,1.666668,0.4,0.4
81,4,23,3,2319,0,0,0,48,48,99999,0,0,0.129167,6.200016,0.4,0.4
81,4,24,3,128,0,0,0,84,84,99999,0,0,0.300417,25.235028,0.4,0.4
81,4,25,3,2920,0,0,0,12,12,99999,0,0,0.535,6.42,0.4,0.4
81,4,26,3,1887,0,0,0,4,4,99999,0,0,1.381667,5.526668,0.4,0.4
81,4,27,3,1316,0,0,0,15,15,99999,0,0,0.19625,2.94375,0.4,0.4
81,4,28,3,2033,0,0,0,14,14,99999,0,0,0.7875,11.025,0.4,0.4
81,4,29,3,2274,0,0,0,84,84,99999,0,0,0.15,12.6,0.4,0.4
81,4,30,3,40,0,0,0,624,624,99999,0,0,0.29125,181.74,0.4,0.4
81,4,31,3,2222,0,0,0,168,168,99999,0,0,0.125,21.0,0.4,0.4
81,4,32,3,2128,0,0,0,42,42,99999,0,0,1.492667,62.692014,0.4,0.4
81,4,33,3,2307,0,0,0,192,192,99999,0,0,0.125,24.0,0.4,0.4
81,4,34,3,524,0,0,0,9,9,99999,0,0,0.92125,8.29125,0.4,0.4
81,4,35,3,1859,0,0,0,4,4,99999,0,0,0.26,1.04,0.4,0.4
81,4,36,3,2376,0,0,0,35,35,99999,0,0,0.12775,4.47125,0.4,0.4
81,4,37,3,269,0,0,0,53,53,99999,0,0,2.20875,117.06375,0.4,0.4
81,4,38,3,2760,0,0,0,60,60,99999,0,0,0.408583,24.51498,0.4,0.4
81,4,39,3,543,0,0,0,5,5,99999,0,0,1.076667,5.383335,0.4,0.4
82,4,0,3,493,0,0,0,2,2,99999,0,0,0.619167,1.238334,0.4,0.4
82,4,1,3,766,0,0,0,2,2,99999,0,0,0.885,1.77,0.4,0.4
82,4,2,3,1465,0,0,0,16,16,99999,0,0,0.565,9.04,0.4,0.4
82,4,3,3,630,0,0,0,7,7,99999,0,0,4.55,31.85,0.4,0.4
82,4,4,3,1,0,0,0,60,60,99999,0,0,2.218333,133.09998,0.4,0.4
82,4,5,3,340,0,0,0,22,22,99999,0,0,5.575,122.65,0.4,0.4
82,4,6,3,2897,0,0,0,2,2,99999,0,0,0.582083,1.164166,0.4,0.4
82,4,7,3,2190,0,0,0,5,5,99999,0,0,1.05,5.25,0.4,0.4
82,4,8,3,2839,0,0,0,198,198,99999,0,0,0.535,105.93,0.4,0.4
82,4,9,3,2200,0,0,0,20,20,99999,0,0,0.115333,2.30666,0.4,0.4
82,4,10,3,1383,0,0,0,14,14,99999,0,0,0.15,2.1,0.4,0.4
82,4,11,3,1554,0,0,0,9,9,99999,0,0,0.319333,2.873997,0.4,0.4
82,4,12,3,1228,0,0,0,4,4,99999,0,0,2.9425,11.77,0.4,0.4
82,4,13,3,844,0,0,0,36,36,99999,0,0,0.151111,5.439996,0.4,0.4
82,4,14,3,1588,0,0,0,101,101,99999,0,0,0.231667,23.398367,0.4,0.4
82,4,15,3,1282,0,0,0,26,26,99999,0,0,0.584,15.184,0.4,0.4
82,4,16,3,1472,0,0,0,2,2,99999,0,0,0.290833,0.581666,0.4,0.4
82,4,17,3,594,0,0,0,5,5,99999,0,0,0.025,0.125,0.4,0.4
82,4,18,3,687,0,0,0,48,48,99999,0,0,2.066667,99.200016,0.4,0.4
82,4,19,3,1678,0,0,0,4,4,99999,0,0,0.408333,1.633332,0.4,0.4
82,4,20,3,840,0,0,0,24,24,99999,0,0,0.098681,2.368344,0.4,0.4
82,4,21,3,2511,0,0,0,3,3,99999,0,0,2.418333,7.254999,0.4,0.4
82,4,22,3,2287,0,0,0,3,3,99999,0,0,0.121167,0.363501,0.4,0.4
82,4,23,3,873,0,0,0,2,2,99999,0,0,0.350667,0.701334,0.4,0.4
82,4,24,3,155,0,0,0,672,672,99999,0,0,0.32375,217.56,0.4,0.4
82,4,25,3,2677,0,0,0,1,1,99999,0,0,0.408583,0.408583,0.4,0.4
82,4,26,3,672,0,0,0,14,14,99999,0,0,1.793333,25.106662,0.4,0.4
82,4,27,3,1277,0,0,0,28,28,99999,0,0,0.556,15.568,0.4,0.4
82,4,28,3,2451,0,0,0,3,3,99999,0,0,0.18025,0.54075,0.4,0.4
82,4,29,3,1507,0,0,0,17,17,99999,0,0,0.3075,5.2275,0.4,0.4
82,4,30,3,78,0,0,0,144,144,99999,0,0,0.142083,20.459952,0.4,0.4
82,4,31,3,1441,0,0,0,17,17,99999,0,0,0.125833,2.139161,0.4,0.4
82,4,32,3,1,0,0,0,33,33,99999,0,0,2.218333,73.204989,0.4,0.4
82,4,33,3,2243,0,0,0,24,24,99999,0,0,0.243333,5.839992,0.4,0.4
82,4,34,3,3036,0,0,0,4,4,99999,0,0,0.535,2.14,0.4,0.4
82,4,35,3,1376,0,0,0,24,24,99999,0,0,0.335,8.04,0.4,0.4
82,4,36,3,491,0,0,0,1,1,99999,0,0,0.09,0.09,0.4,0.4
82,4,37,3,1629,0,0,0,22,22,99999,0,0,0.516667,11.366674,0.4,0.4
82,4,38,3,1150,0,0,0,8,8,99999,0,0,0.1575,1.26,0.4,0.4
82,4,39,3,685,0,0,0,17,17,99999,0,0,3.4,57.8,0.4,0.4
83,4,0,3,2893,0,0,0,2,2,99999,0,0,0.582083,1.164166,0.4,0.4
83,4,1,3,855,0,0,0,4,4,99999,0,0,0.191667,0.766668,0.4,0.4
83,4,2,3,3010,0,0,0,6,6,99999,0,0,0.582083,3.492498,0.4,0.4
83,4,3,3,1435,0,0,0,43,43,99999,0,0,0.4,17.2,0.4,0.4
83,4,4,3,667,0,0,0,3,3,99999,0,0,2.825,8.475,0.4,0.4
83,4,5,3,753,0,0,0,2,2,99999,0,0,0.808167,1.616334,0.4,0.4
83,4,6,3,2334,0,0,0,12,12,99999,0,0,0.393333,4.719996,0.4,0.4
83,4,7,3,507,0,0,0,6,6,99999,0,0,0.87,5.22,0.4,0.4
83,4,8,3,1405,0,0,0,19,19,99999,0,0,0.30625,5.81875,0.4,0.4
83,4,9,3,2806,0,0,0,1,1,99999,0,0,0.408583,0.408583,0.4,0.4
83,4,10,3,461,0,0,0,13,13,99999,0,0,0.6,7.8,0.4,0.4
83,4,11,3,670,0,0,0,43,43,99999,0,0,2.138333,91.948319,0.4,0.4
83,4,12,3,2856,0,0,0,192,192,99999,0,0,0.535,102.72,0.4,0.4
83,4,13,3,2180,0,0,0,5,5,99999,0,0,0.356667,1.783335,0.4,0.4
83,4,14,3,950,0,0,0,1,1,99999,0,0,0.7205,0.7205,0.4,0.4
83,4,15,3,1523,0,0,0,51,51,99999,0,0,0.363333,18.529983,0.4,0.4
83,4,16,3,416,0,0,0,1,1,99999,0,0,0.610833,0.610833,0.4,0.4
83,4,17,3,2721,0,0,0,2,2,99999,0,0,0.582083,1.164166,0.4,0.4
83,4,18,3,1483,0,0,0,5,5,99999,0,0,0.225833,1.129165,0.4,0.4
83,4,19,3,870,0,0,0,2,2,99999,0,0,0.3555,0.711,0.4,0.4
83,4,20,3,475,0,0,0,10,10,99999,0,0,1.121667,11.21667,0.4,0.4
83,4,21,3,931,0,0,0,5,5,99999,0,0,1.2025,6.0125,0.4,0.4
83,4,22,3,579,0,0,0,1,1,99999,0,0,0.6875,0.6875,0.4,0.4
83,4,23,3,234,0,0,0,816,816,99999,0,0,0.275417,224.740272,0.4,0.4
83,4,24,3,2541,0,0,0,4,4,99999,0,0,3.5,14.0,0.4,0.4
83,4,25,3,2808,0,0,0,6,6,99999,0,0,0.408583,2.451498,0.4,0.4
83,4,26,3,46,0,0,0,52,52,99999,0,0,2.16,112.32,0.4,0.4
83,4,27,3,2302,0,0,0,125,125,99999,0,0,0.066667,8.333375,0.4,0.4
83,4,28,3,1065,0,0,0,3,3,99999,0,0,0.030556,0.091668,0.4,0.4
83,4,29,3,1306,0,0,0,5,5,99999,0,0,0.285833,1.429165,0.4,0.4
83,4,30,3,2834,0,0,0,816,816,99999,0,0,0.408583,333.403728,0.4,0.4
83,4,31,3,2822,0,0,0,32,32,99999,0,0,0.408583,13.074656,0.4,0.4
83,4,32,3,684,0,0,0,2,2,99999,0,0,1.760333,3.520666,0.4,0.4
83,4,33,3,1457,0,0,0,3,3,99999,0,0,0.15,0.45,0.4,0.4
83,4,34,3,1350,0,0,0,4,4,99999,0,0,0.258333,1.033332,0.4,0.4
83,4,35,3,2107,0,0,0,2,2,99999,0,0,0.573333,1.146666,0.4,0.4
83,4,36,3,2947,0,0,0,1,1,99999,0,0,0.582083,0.582083,0.4,0.4
83,4,37,3,2596,0,0,0,4,4,99999,0,0,0.5625,2.25,0.4,0.4
83,4,38,3,501,0,0,0,3,3,99999,0,0,0.666667,2.000001,0.4,0.4
83,4,39,3,1431,0,0,0,33,33,99999,0,0,0.381667,12.595011,0.4,0.4
84,4,0,3,1458,0,0,0,36,36,99999,0,0,0.386667,13.920012,0.4,0.4
84,4,1,3,369,0,0,0,176,176,99999,0,0,0.608333,107.066608,0.4,0.4
84,4,2,3,2214,0,0,0,6,6,99999,0,0,0.3515,2.109,0.4,0.4
84,4,3,3,1549,0,0,0,12,12,99999,0,0,0.454,5.448,0.4,0.4
84,4,4,3,1498,0,0,0,3,3,99999,0,0,0.486667,1.460001,0.4,0.4
84,4,5,3,1305,0,0,0,27,27,99999,0,0,0.238182,6.430914,0.4,0.4
84,4,6,3,970,0,0,0,1,1,99999,0,0,0.3,0.3,0.4,0.4
84,4,7,3,2316,0,0,0,2,2,99999,0,0,0.11475,0.2295,0.4,0.4
84,4,8,3,530,0,0,0,9,9,99999,0,0,3.075,27.675,0.4,0.4
84,4,9,3,2283,0,0,0,6,6,99999,0,0,0.141667,0.850002,0.4,0.4
84,4,10,3,2094,0,0,0,5,5,99999,0,0,1.916667,9.583335,0.4,0.4
84,4,11,3,883,0,0,0,6,6,99999,0,0,2.086667,12.520002,0.4,0.4
84,4,12,3,1874,0,0,0,3,3,99999,0,0,0.100333,0.300999,0.4,0.4
84,4,13,3,1450,0,0,0,6,6,99999,0,0,0.166667,1.000002,0.4,0.4
84,4,14,3,71,0,0,0,36,36,99999,0,0,0.1425,5.13,0.4,0.4
84,4,15,3,466,0,0,0,23,23,99999,0,0,0.894167,20.565841,0.4,0.4
84,4,16,3,8,0,0,0,552,552,99999,0,0,0.281667,155.480184,0.4,0.4
84,4,17,3,1134,0,0,0,4,4,99999,0,0,0.065833,0.263332,0.4,0.4
84,4,18,3,2736,0,0,0,5,5,99999,0,0,0.582083,2.910415,0.4,0.4
84,4,19,3,162,0,0,0,240,240,99999,0,0,0.3225,77.4,0.4,0.4
84,4,20,3,285,0,0,0,264,264,99999,0,0,0.331667,87.560088,0.4,0.4
84,4,21,3,406,0,0,0,3,3,99999,0,0,0.703333,2.109999,0.4,0.4
84,4,22,3,1526,0,0,0,14,14,99999,0,0,0.41,5.74,0.4,0.4
84,4,23,3,1209,0,0,0,12,12,99999,0,0,2.283333,27.399996,0.4,0.4
84,4,24,3,2815,0,0,0,4,4,99999,0,0,0.582083,2.328332,0.4,0.4
84,4,25,3,893,0,0,0,5,5,99999,0,0,1.191667,5.958335,0.4,0.4
84,4,26,3,965,0,0,0,2,2,99999,0,0,0.069444,0.138888,0.4,0.4
84,4,27,3,2044,0,0,0,4,4,99999,0,0,0.6221,2.4884,0.4,0.4
84,4,28,3,1738,0,0,0,3,3,99999,0,0,0.1764,0.5292,0.4,0.4
84,4,29,3,1970,0,0,0,2,2,99999,0,0,0.73,1.46,0.4,0.4
84,4,30,3,153,0,0,0,104,104,99999,0,0,0.402917,41.903368,0.4,0.4
84,4,31,3,254,0,0,0,76,76,99999,0,0,0.7325,55.67,0.4,0.4
84,4,32,3,1612,0,0,0,5,5,99999,0,0,0.676667,3.383335,0.4,0.4
84,4,33,3,2014,0,0,0,3,3,99999,0,0,0.455,1.365,0.4,0.4
84,4,34,3,2974,0,0,0,3,3,99999,0,0,0.535,1.605,0.4,0.4
84,4,35,3,430,0,0,0,1,1,99999,0,0,0.841667,0.841667,0.4,0.4
84,4,36,3,344,0,0,0,51,51,99999,0,0,1.085,55.335,0.4,0.4
84,4,37,3,2644,0,0,0,2,2,99999,0,0,0.582083,1.164166,0.4,0.4
84,4,38,3,1984,0,0,0,5,5,99999,0,0,0.5,2.5,0.4,0.4
84,4,39,3,2938,0,0,0,4,4,99999,0,0,0.582083,2.328332,0.4,0.4
85,4,0,3,647,0,0,0,2,2,99999,0,0,0.625,1.25,0.4,0.4
85,4,1,3,1538,0,0,0,7,7,99999,0,0,0.423,2.961,0.4,0.4
85,4,2,3,109,0,0,0,60,60,99999,0,0,0.362917,21.77502,0.4,0.4
85,4,3,3,2380,0,0,0,2,2,99999,0,0,0.604167,1.208334,0.4,0.4
85,4,4,3,553,0,0,0,6,6,99999,0,0,0.053,0.318,0.4,0.4
85,4,5,3,1,0,0,0,60,60,99999,0,0,2.218333,133.09998,0.4,0.4
85,4,6,3,250,0,0,0,192,192,99999,0,0,0.502083,96.399936,0.4,0.4
85,4,7,3,2223,0,0,0,2,2,99999,0,0,0.25,0.5,0.4,0.4
85,4,8,3,460,0,0,0,9,9,99999,0,0,1.1475,10.3275,0.4,0.4
85,4,9,3,589,0,0,0,3,3,99999,0,0,0.20075,0.60225,0.4,0.4
85,4,10,3,1314,0,0,0,20,20,99999,0,0,0.181667,3.63334,0.4,0.4
85,4,11,3,277,0,0,0,80,80,99999,0,0,2.20625,176.5,0.4,0.4
85,4,12,3,658,0,0,0,6,6,99999,0,0,3.8625,23.175,0.4,0.4
85,4,13,3,898,0,0,0,1,1,99999,0,0,0.914167,0.914167,0.4,0.4
85,4,14,3,2693,0,0,0,12,12,99999,0,0,0.582083,6.984996,0.4,0.4
85,4,15,3,676,0,0,0,18,18,99999,0,0,2.133333,38.399994,0.4,0.4
85,4,16,3,895,0,0,0,8,8,99999,0,0,0.7275,5.82,0.4,0.4
85,4,17,3,146,0,0,0,312,312,99999,0,0,0.274167,85.540104,0.4,0.4
85,4,18,3,2578,0,0,0,27,27,99999,0,0,2.036667,54.990009,0.4,0.4
85,4,19,3,2570,0,0,0,13,13,99999,0,0,0.841667,10.941671,0.4,0.4
85,4,20,3,1228,0,0,0,4,4,99999,0,0,2.9425,11.77,0.4,0.4
85,4,21,3,2131,0,0,0,2,2,99999,0,0,0.930833,1.861666,0.4,0.4
85,4,22,3,2454,0,0,0,9,9,99999,0,0,0.5425,4.8825,0.4,0.4
85,4,23,3,52,0,0,0,17,17,99999,0,0,1.416667,24.083339,0.4,0.4
85,4,24,3,3039,0,0,0,1,1,99999,0,0,0.582083,0.582083,0.4,0.4
85,4,25,3,288,0,0,0,156,156,99999,0,0,0.279167,43.550052,0.4,0.4
85,4,26,3,879,0,0,0,42,42,99999,0,0,2.251667,94.570014,0.4,0.4
85,4,27,3,487,0,0,0,3,3,99999,0,0,0.16,0.48,0.4,0.4
85,4,28,3,114,0,0,0,40,40,99999,0,0,0.494583,19.78332,0.4,0.4
85,4,29,3,2746,0,0,0,12,12,99999,0,0,0.582083,6.984996,0.4,0.4
85,4,30,3,278,0,0,0,28,28,99999,0,0,0.583333,16.333324,0.4,0.4
85,4,31,3,2116,0,0,0,1,1,99999,0,0,0.254556,0.254556,0.4,0.4
85,4,32,3,2198,0,0,0,30,30,99999,0,0,0.118333,3.54999,0.4,0.4
85,4,33,3,804,0,0,0,2,2,99999,0,0,1.193333,2.386666,0.4,0.4
85,4,34,3,2203,0,0,0,18,18,99999,0,0,0.208333,3.749994,0.4,0.4
85,4,35,3,2686,0,0,0,30,30,99999,0,0,0.535,16.05,0.4,0.4
85,4,36,3,2175,0,0,0,5,5,99999,0,0,0.319667,1.598335,0.4,0.4
85,4,37,3,1754,0,0,0,4,4,99999,0,0,0.259,1.036,0.4,0.4
85,4,38,3,330,0,0,0,32,32,99999,0,0,6.195,198.24,0.4,0.4
85,4,39,3,1814,0,0,0,1,1,99999,0,0,0.0775,0.0775,0.4,0.4
86,4,0,3,2242,0,0,0,75,75,99999,0,0,0.239167,17.937525,0.4,0.4
86,4,1,3,336,0,0,0,96,96,99999,0,0,0.753083,72.295968,0.4,0.4
86,4,2,3,910,0,0,0,4,4,99999,0,0,4.2045,16.818,0.4,0.4
86,4,3,3,1057,0,0,0,3,3,99999,0,0,0.09,0.27,0.4,0.4
86,4,4,3,1987,0,0,0,8,8,99999,0,0,0.840833,6.726664,0.4,0.4
86,4,5,3,2228,0,0,0,30,30,99999,0,0,0.26875,8.0625,0.4,0.4
86,4,6,3,1978,0,0,0,2,2,99999,0,0,0.096833,0.193666,0.4,0.4
86,4,7,3,1945,0,0,0,7,7,99999,0,0,0.460833,3.225831,0.4,0.4
86,4,8,3,2171,0,0,0,4,4,99999,0,0,0.314167,1.256668,0.4,0.4
86,4,9,3,1504,0,0,0,3,3,99999,0,0,0.136667,0.410001,0.4,0.4
86,4,10,3,1107,0,0,0,4,4,99999,0,0,0.113889,0.455556,0.4,0.4
86,4,11,3,1054,0,0,0,20,20,99999,0,0,0.2125,4.25,0.4,0.4
86,4,12,3,1639,0,0,0,28,28,99999,0,0,0.332,9.296,0.4,0.4
86,4,13,3,3018,0,0,0,1,1,99999,0,0,0.582083,0.582083,0.4,0.4
86,4,14,3,2297,0,0,0,180,180,99999,0,0,0.098333,17.69994,0.4,0.4
86,4,15,3,66,0,0,0,168,168,99999,0,0,0.302083,50.749944,0.4,0.4
86,4,16,3,1937,0,0,0,1,1,99999,0,0,0.19,0.19,0.4,0.4
86,4,17,3,2239,0,0,0,132,132,99999,0,0,0.15,19.8,0.4,0.4
86,4,18,3,729,0,0,0,4,4,99999,0,0,2.005,8.02,0.4,0.4
86,4,19,3,1761,0,0,0,5,5,99999,0,0,0.125417,0.627085,0.4,0.4
86,4,20,3,1655,0,0,0,6,6,99999,0,0,0.291,1.746,0.4,0.4
86,4,21,3,1559,0,0,0,6,6,99999,0,0,0.416667,2.500002,0.4,0.4
86,4,22,3,3028,0,0,0,1,1,99999,0,0,0.582083,0.582083,0.4,0.4
86,4,23,3,2439,0,0,0,4,4,99999,0,0,0.531667,2.126668,0.4,0.4
86,4,24,3,1816,0,0,0,2,2,99999,0,0,0.583333,1.166666,0.4,0.4
86,4,25,3,497,0,0,0,6,6,99999,0,0,0.92,5.52,0.4,0.4
86,4,26,3,1560,0,0,0,26,26,99999,0,0,0.365833,9.511658,0.4,0.4
86,4,27,3,1993,0,0,0,10,10,99999,0,0,0.666667,6.66667,0.4,0.4
86,4,28,3,2806,0,0,0,6,6,99999,0,0,0.408583,2.451498,0.4,0.4
86,4,29,3,13,0,0,0,23,23,99999,0,0,4.8,110.4,0.4,0.4
86,4,30,3,1419,0,0,0,4,4,99999,0,0,0.375,1.5,0.4,0.4
86,4,31,3,2804,0,0,0,27,27,99999,0,0,0.535,14.445,0.4,0.4
86,4,32,3,653,0,0,0,24,24,99999,0,0,3.9,93.6,0.4,0.4
86,4,33,3,81,0,0,0,96,96,99999,0,0,1.35,129.6,0.4,0.4
86,4,34,3,1026,0,0,0,3,3,99999,0,0,0.161167,0.483501,0.4,0.4
86,4,35,3,2560,0,0,0,6,6,99999,0,0,1.97,11.82,0.4,0.4
86,4,36,3,1855,0,0,0,31,31,99999,0,0,0.264,8.184,0.4,0.4
86,4,37,3,20,0,0,0,504,504,99999,0,0,0.282083,142.169832,0.4,0.4
86,4,38,3,1228,0,0,0,4,4,99999,0,0,2.9425,11.77,0.4,0.4
86,4,39,3,2710,0,0,0,123,123,99999,0,0,0.408583,50.255709,0.4,0.4
87,4,0,3,1499,0,0,0,8,8,99999,0,0,0.143,1.144,0.4,0.4
87,4,1,3,2280,0,0,0,192,192,99999,0,0,0.125,24.0,0.4,0.4
87,4,2,3,2184,0,0,0,7,7,99999,0,0,1.0485,7.3395,0.4,0.4
87,4,3,3,321,0,0,0,120,120,99999,0,0,0.855,102.6,0.4,0.4
87,4,4,3,185,0,0,0,2,2,99999,0,0,2.9,5.8,0.4,0.4
87,4,5,3,2237,0,0,0,104,104,99999,0,0,0.29125,30.29,0.4,0.4
87,4,6,3,1084,0,0,0,1,1,99999,0,0,0.876667,0.876667,0.4,0.4
87,4,7,3,2748,0,0,0,24,24,99999,0,0,0.535,12.84,0.4,0.4
87,4,8,3,2140,0,0,0,4,4,99999,0,0,0.516667,2.066668,0.4,0.4
87,4,9,3,534,0,0,0,2,2,99999,0,0,0.614167,1.228334,0.4,0.4
87,4,10,3,1432,0,0,0,9,9,99999,0,0,0.2725,2.4525,0.4,0.4
87,4,11,3,2811,0,0,0,5,5,99999,0,0,0.535,2.675,0.4,0.4
87,4,12,3,1496,0,0,0,4,4,99999,0,0,0.441667,1.766668,0.4,0.4
87,4,13,3,1036,0,0,0,2,2,99999,0,0,0.06,0.12,0.4,0.4
87,4,14,3,1621,0,0,0,11,11,99999,0,0,0.334583,3.680413,0.4,0.4
87,4,15,3,325,0,0,0,216,216,99999,0,0,0.63125,136.35,0.4,0.4
87,4,16,3,2125,0,0,0,42,42,99999,0,0,0.567917,23.852514,0.4,0.4
87,4,17,3,1465,0,0,0,16,16,99999,0,0,0.565,9.04,0.4,0.4
87,4,18,3,1228,0,0,0,4,4,99999,0,0,2.9425,11.77,0.4,0.4
87,4,19,3,1592,0,0,0,27,27,99999,0,0,0.246875,6.665625,0.4,0.4
87,4,20,3,309,0,0,0,816,816,99999,0,0,0.274167,223.720272,0.4,0.4
87,4,21,3,142,0,0,0,432,432,99999,0,0,0.27,116.64,0.4,0.4
87,4,22,3,2636,0,0,0,2,2,99999,0,0,0.582083,1.164166,0.4,0.4
87,4,23,3,3,0,0,0,60,60,99999,0,0,2.333333,139.99998,0.4,0.4
87,4,24,3,2001,0,0,0,1,1,99999,0,0,0.366667,0.366667,0.4,0.4
87,4,25,3,1176,0,0,0,18,18,99999,0,0,0.321667,5.790006,0.4,0.4
87,4,26,3,2288,0,0,0,8,8,99999,0,0,0.121167,0.969336,0.4,0.4
87,4,27,3,1525,0,0,0,11,11,99999,0,0,0.434,4.774,0.4,0.4
87,4,28,3,195,0,0,0,114,114,99999,0,0,0.182083,20.757462,0.4,0.4
87,4,29,3,2705,0,0,0,96,96,99999,0,0,0.408583,39.223968,0.4,0.4
87,4,30,3,212,0,0,0,20,20,99999,0,0,0.635,12.7,0.4,0.4
87,4,31,3,2412,0,0,0,6,6,99999,0,0,2.716667,16.300002,0.4,0.4
87,4,32,3,483,0,0,0,5,5,99999,0,0,0.449167,2.245835,0.4,0.4
87,4,33,3,2344,0,0,0,4,4,99999,0,0,0.722125,2.8885,0.4,0.4
87,4,34,3,1830,0,0,0,11,11,99999,0,0,0.369,4.059,0.4,0.4
87,4,35,3,1384,0,0,0,8,8,99999,0,0,0.336667,2.693336,0.4,0.4
87,4,36,3,1406,0,0,0,10,10,99999,0,0,0.138125,1.38125,0.4,0.4
87,4,37,3,1436,0,0,0,36,36,99999,0,0,0.248333,8.939988,0.4,0.4
87,4,38,3,1020,0,0,0,27,27,99999,0,0,0.28375,7.66125,0.4,0.4
87,4,39,3,591,0,0,0,12,12,99999,0,0,0.160833,1.929996,0.4,0.4
88,4,0,3,783,0,0,0,4,4,99999,0,0,0.926667,3.706668,0.4,0.4
88,4,1,3,161,0,0,0,48,48,99999,0,0,0.280833,13.479984,0.4,0.4
88,4,2,3,2806,0,0,0,6,6,99999,0,0,0.408583,2.451498,0.4,0.4
88,4,3,3,1388,0,0,0,90,90,99999,0,0,0.381,34.29,0.4,0.4
88,4,4,3,1439,0,0,0,10,10,99999,0,0,0.129167,1.29167,0.4,0.4
88,4,5,3,848,0,0,0,42,42,99999,0,0,0.084306,3.540852,0.4,0.4
88,4,6,3,384,0,0,0,1,1,99999,0,0,2.313333,2.313333,0.4,0.4
88,4,7,3,1715,0,0,0,5,5,99999,0,0,0.242,1.21,0.4,0.4
88,4,8,3,87,0,0,0,450,450,99999,0,0,0.279583,125.81235,0.4,0.4
88,4,9,3,741,0,0,0,28,28,99999,0,0,5.4425,152.39,0.4,0.4
88,4,10,3,1630,0,0,0,2,2,99999,0,0,0.476,0.952,0.4,0.4
88,4,11,3,2602,0,0,0,4,4,99999,0,0,0.535,2.14,0.4,0.4
88,4,12,3,2858,0,0,0,192,192,99999,0,0,0.535,102.72,0.4,0.4
88,4,13,3,708,0,0,0,1,1,99999,0,0,2.7,2.7,0.4,0.4
88,4,14,3,2995,0,0,0,2,2,99999,0,0,0.582083,1.164166,0.4,0.4
88,4,15,3,268,0,0,0,240,240,99999,0,0,0.65675,157.62,0.4,0.4
88,4,16,3,595,0,0,0,16,16,99999,0,0,0.870833,13.933328,0.4,0.4
88,4,17,3,329,0,0,0,24,24,99999,0,0,5.345,128.28,0.4,0.4
88,4,18,3,1164,0,0,0,9,9,99999,0,0,0.187083,1.683747,0.4,0.4
88,4,19,3,2749,0,0,0,27,27,99999,0,0,0.535,14.445,0.4,0.4
88,4,20,3,2769,0,0,0,111,111,99999,0,0,0.408583,45.352713,0.4,0.4
88,4,21,3,1509,0,0,0,6,6,99999,0,0,0.123,0.738,0.4,0.4
88,4,22,3,755,0,0,0,3,3,99999,0,0,1.008333,3.024999,0.4,0.4
88,4,23,3,2740,0,0,0,27,27,99999,0,0,0.408583,11.031741,0.4,0.4
88,4,24,3,1149,0,0,0,4,4,99999,0,0,0.159167,0.636668,0.4,0.4
88,4,25,3,2617,0,0,0,1,1,99999,0,0,0.582083,0.582083,0.4,0.4
88,4,26,3,2519,0,0,0,3,3,99999,0,0,0.491667,1.475001,0.4,0.4
88,4,27,3,1489,0,0,0,22,22,99999,0,0,0.163333,3.593326,0.4,0.4
88,4,28,3,1303,0,0,0,25,25,99999,0,0,0.204,5.1,0.4,0.4
88,4,29,3,750,0,0,0,3,3,99999,0,0,1.848333,5.544999,0.4,0.4
88,4,30,3,2010,0,0,0,2,2,99999,0,0,0.5,1.0,0.4,0.4
88,4,31,3,169,0,0,0,12,12,99999,0,0,0.292083,3.504996,0.4,0.4
88,4,32,3,1055,0,0,0,10,10,99999,0,0,0.2125,2.125,0.4,0.4
88,4,33,3,1485,0,0,0,8,8,99999,0,0,0.10375,0.83,0.4,0.4
88,4,34,3,2218,0,0,0,35,35,99999,0,0,0.093333,3.266655,0.4,0.4
88,4,35,3,655,0,0,0,18,18,99999,0,0,2.168333,39.029994,0.4,0.4
88,4,36,3,2211,0,0,0,24,24,99999,0,0,1.146667,27.520008,0.4,0.4
88,4,37,3,1756,0,0,0,3,3,99999,0,0,0.14,0.42,0.4,0.4
88,4,38,3,1472,0,0,0,24,24,99999,0,0,0.290833,6.979992,0.4,0.4
88,4,39,3,421,0,0,0,6,6,99999,0,0,0.640833,3.844998,0.4,0.4
